0.08344  	-0.3487  	-0.1639  	-0.2184  	0.34288  	-0.3440  	-0.5680  	-0.1439  	0.19438  	-0.4550  	-0.5439  	0.70406  	0.00985  	-0.6156  	-1.0402  	0.31930  	-0.0855  	0.12320  	0.50256  	0.35684  	-0.1998  	0.05345  	-0.2316  	0.37899  	0.19000  	0.03193  	0.04275  	-0.2490  	-0.3894  	-0.1328  	-0.0261  	0.25331  	-0.1175  	-0.1249  	0.21921  	0.20971  	0.18962  	0.10686  	-0.4030  	0.12360  	0.49684  	0.07623  	0.05591  	0.42620  	0.04993  	-0.0617  	-0.0015  	0.04799  	0.01545  	-0.0410  	-0.0151  	-0.0132  	-0.0287  	0.02794  	0.00841  	-0.0340  	0.00867  	-0.0174  	-0.0264  	-0.0023  	-0.0217  	-0.0656  	0.05444  	-0.0117  	0.11951  	-0.3634  	0.04362  	0.02647  	0.01211  	0.40077  	0.51056  	268.426  	212.431  	
0.03551  	-0.3393  	-0.2149  	-0.0538  	0.40112  	-0.2706  	-0.6360  	-0.1552  	0.16604  	-0.5376  	-0.6200  	0.74006  	-0.0366  	-0.4947  	-1.0017  	0.24766  	-0.0386  	0.08175  	0.50380  	0.32328  	-0.1579  	0.07162  	-0.1805  	0.47025  	0.18062  	0.04334  	0.07948  	-0.3131  	-0.3673  	-0.1110  	-0.0607  	0.24606  	-0.1430  	-0.1478  	0.23775  	0.19721  	0.19278  	0.10046  	-0.3955  	0.13043  	0.47472  	0.08593  	0.06777  	0.42390  	0.06860  	-0.0482  	-0.0063  	0.03929  	0.00223  	-0.0450  	-0.0161  	-0.0138  	-0.0304  	0.02500  	0.00598  	-0.0232  	0.01127  	-0.0165  	-0.0215  	0.00096  	-0.0272  	-0.0646  	0.03616  	-0.0089  	0.11951  	-0.3634  	0.04362  	0.02647  	0.01211  	0.40077  	0.51056  	268.426  	212.431  	
0.17252  	-0.2908  	-0.1813  	0.09035  	0.51648  	-0.2323  	-0.5964  	-0.0757  	0.21692  	-0.6030  	-0.7567  	0.76988  	0.10130  	-0.2649  	-0.6858  	0.16244  	-0.0265  	0.07251  	0.47021  	0.29645  	-0.1403  	0.06750  	-0.2118  	0.38876  	0.20987  	0.03609  	0.05315  	-0.3108  	-0.3445  	-0.0740  	-0.0446  	0.19812  	-0.1193  	-0.1024  	0.28363  	0.07965  	0.16890  	0.06486  	-0.3838  	0.14001  	0.44945  	0.08169  	0.05677  	0.40367  	0.05495  	-0.0604  	-0.0035  	0.02690  	0.01132  	-0.0381  	-0.0224  	-0.0179  	-0.0394  	0.02556  	-0.0003  	-0.0227  	0.01063  	-0.0216  	-0.0291  	-0.0047  	-0.0350  	-0.0515  	0.04167  	-0.0065  	0.11951  	-0.3634  	0.04362  	0.02647  	0.01211  	0.40077  	0.51056  	268.426  	212.431  	
0.10963  	-0.3215  	-0.2040  	0.04608  	0.54348  	-0.2701  	-0.5764  	-0.0489  	0.22815  	-0.6155  	-0.7409  	0.81307  	0.11393  	-0.2305  	-0.6282  	0.14124  	-0.0237  	0.07636  	0.47337  	0.28435  	-0.1162  	0.07418  	-0.1722  	0.40147  	0.17674  	0.05274  	0.04925  	-0.3209  	-0.3313  	-0.0960  	-0.0324  	0.18258  	-0.0748  	-0.1148  	0.28133  	0.05335  	0.16843  	0.06901  	-0.3925  	0.13909  	0.41779  	0.09739  	0.03411  	0.40975  	0.05865  	-0.0494  	0.00905  	0.02833  	0.00346  	-0.0434  	-0.0293  	-0.0182  	-0.0388  	0.02545  	0.00543  	-0.0315  	0.01308  	-0.0165  	-0.0307  	0.00066  	-0.0271  	-0.0543  	0.04124  	-0.0064  	0.11951  	-0.3634  	0.04362  	0.02647  	0.01211  	0.40077  	0.51056  	268.426  	212.431  	
-0.0333  	-0.3117  	-0.2187  	-0.2238  	0.40746  	-0.3188  	-0.5978  	-0.1160  	0.23175  	-0.5660  	-0.6564  	0.75573  	0.02925  	-0.4393  	-0.7690  	0.11264  	-0.0360  	0.13881  	0.48416  	0.31470  	-0.1170  	0.06434  	-0.0923  	0.37219  	0.06754  	0.06749  	-0.0428  	-0.3324  	-0.3848  	-0.1536  	-0.0092  	0.17899  	-0.0677  	-0.1083  	0.20137  	0.06008  	0.19130  	0.08443  	-0.4093  	0.13677  	0.49945  	0.06365  	0.04738  	0.42114  	0.05734  	-0.0516  	0.00870  	0.02238  	-0.0010  	-0.0397  	-0.0283  	-0.0104  	-0.0318  	0.02729  	0.00350  	-0.0299  	0.00043  	-0.0168  	-0.0290  	-0.0018  	-0.0231  	-0.0610  	0.03256  	-0.0127  	0.11951  	-0.3634  	0.04362  	0.02647  	0.01211  	0.40077  	0.51056  	268.426  	212.431  	
-0.0125  	-0.3634  	-0.1556  	-0.2165  	0.34589  	-0.3240  	-0.6211  	-0.1282  	0.21631  	-0.5460  	-0.6408  	0.64963  	0.01505  	-0.5449  	-0.9124  	0.20570  	-0.0344  	0.10724  	0.51730  	0.34586  	-0.1728  	0.02524  	-0.1038  	0.37248  	0.11023  	0.06598  	-0.0122  	-0.3401  	-0.3876  	-0.1228  	-0.0100  	0.21467  	-0.0971  	-0.1162  	0.20263  	0.11430  	0.17404  	0.11582  	-0.4240  	0.14941  	0.52031  	0.05726  	0.04925  	0.42954  	0.03894  	-0.0555  	0.00615  	0.03281  	0.00154  	-0.0357  	-0.0233  	-0.0109  	-0.0364  	0.02966  	0.00465  	-0.0238  	0.00546  	-0.0185  	-0.0262  	-0.0037  	-0.0258  	-0.0612  	0.04622  	-0.0173  	0.11951  	-0.3634  	0.04362  	0.02647  	0.01211  	0.40077  	0.51056  	268.426  	212.431  	
-0.0362  	-0.3427  	-0.1777  	-0.1799  	0.36534  	-0.3412  	-0.6124  	-0.1770  	0.19815  	-0.5877  	-0.6091  	0.64017  	0.00376  	-0.5946  	-0.8970  	0.16215  	-0.0171  	0.09029  	0.50616  	0.37175  	-0.1440  	0.01832  	-0.1339  	0.37239  	0.16254  	0.06622  	0.03017  	-0.2814  	-0.3841  	-0.1094  	-0.0291  	0.22449  	-0.1076  	-0.1069  	0.20872  	0.15276  	0.19174  	0.11119  	-0.4152  	0.12780  	0.49671  	0.06582  	0.03933  	0.42672  	0.05002  	-0.0564  	0.00348  	0.04289  	0.00177  	-0.0442  	-0.0219  	-0.0105  	-0.0283  	0.03159  	0.00211  	-0.0246  	0.01237  	-0.0154  	-0.0189  	-0.0018  	-0.0244  	-0.0681  	0.05270  	-0.0169  	0.11951  	-0.3634  	0.04362  	0.02647  	0.01211  	0.40077  	0.51056  	268.426  	212.431  	
0.03443  	-0.3386  	-0.2198  	0.06129  	0.51913  	-0.2420  	-0.6100  	-0.0436  	0.21379  	-0.6383  	-0.7467  	0.76891  	0.06543  	-0.3869  	-0.6517  	0.18667  	-0.0061  	0.11516  	0.50038  	0.35041  	-0.1486  	0.02290  	-0.1828  	0.39835  	0.17209  	0.06299  	0.02017  	-0.2651  	-0.3028  	-0.0707  	-0.0311  	0.18046  	-0.0834  	-0.1040  	0.23013  	0.07781  	0.12651  	0.08057  	-0.4007  	0.13579  	0.45137  	0.08272  	0.02141  	0.38478  	0.06411  	-0.0514  	0.00654  	0.01907  	0.00942  	-0.0576  	-0.0233  	-0.0164  	-0.0400  	0.02065  	0.00039  	-0.0254  	0.01518  	-0.0171  	-0.0247  	0.00249  	-0.0278  	-0.0593  	0.04725  	-0.0132  	0.11951  	-0.3634  	0.04362  	0.02647  	0.01211  	0.40077  	0.51056  	268.426  	212.431  	
0.03425  	-0.3024  	-0.1918  	0.04303  	0.49993  	-0.2116  	-0.6194  	-0.0578  	0.23119  	-0.6230  	-0.7712  	0.80444  	0.08774  	-0.3149  	-0.6152  	0.14784  	-0.0257  	0.11028  	0.47071  	0.35789  	-0.1314  	0.06444  	-0.1767  	0.33907  	0.12201  	0.06448  	-0.0347  	-0.2555  	-0.3168  	-0.0898  	0.00484  	0.16791  	-0.0702  	-0.0988  	0.22133  	0.06759  	0.14585  	0.07110  	-0.3787  	0.13392  	0.46000  	0.07106  	0.03515  	0.39716  	0.05519  	-0.0541  	0.00891  	0.03277  	-0.0030  	-0.0390  	-0.0173  	-0.0188  	-0.0383  	0.02592  	-0.0003  	-0.0254  	0.01541  	-0.0163  	-0.0284  	-0.0008  	-0.0238  	-0.0544  	0.04179  	-0.0123  	0.11951  	-0.3634  	0.04362  	0.02647  	0.01211  	0.40077  	0.51056  	268.426  	212.431  	
0.11834  	-0.3003  	-0.1218  	-0.0923  	0.40830  	-0.1566  	-0.6287  	-0.0326  	0.21028  	-0.6254  	-0.7112  	0.75447  	0.04928  	-0.4253  	-0.6729  	0.16982  	-0.0172  	0.08644  	0.50155  	0.30330  	-0.0895  	0.08108  	-0.0621  	0.41152  	0.13521  	0.06166  	-0.0085  	-0.3453  	-0.3941  	-0.1481  	-0.0147  	0.18776  	-0.0804  	-0.1137  	0.21031  	0.06451  	0.22527  	0.09477  	-0.4173  	0.12879  	0.50755  	0.07139  	0.05893  	0.43209  	0.04742  	-0.0544  	0.01372  	0.04304  	-0.0035  	-0.0309  	-0.0377  	-0.0152  	-0.0337  	0.02692  	-0.0024  	-0.0266  	0.01286  	-0.0140  	-0.0292  	-0.0086  	-0.0259  	-0.0602  	0.03124  	-0.0241  	0.11951  	-0.3634  	0.04362  	0.02647  	0.01211  	0.40077  	0.51056  	268.426  	212.431  	
0.13388  	-0.2522  	-0.0227  	-0.1694  	0.39004  	-0.2549  	-0.6411  	-0.1124  	0.18376  	-0.5096  	-0.5230  	0.73452  	-0.0208  	-0.5435  	-0.9879  	0.34338  	-0.0767  	0.11911  	0.51549  	0.32795  	-0.1022  	0.07147  	-0.1672  	0.46132  	0.06938  	0.03512  	-0.0142  	-0.3883  	-0.3913  	-0.1729  	-0.0255  	0.20240  	-0.1020  	-0.1349  	0.27194  	0.15150  	0.22681  	0.10388  	-0.4220  	0.13051  	0.49918  	0.07670  	0.05465  	0.41871  	0.06456  	-0.0512  	0.00119  	0.04007  	0.00802  	-0.0347  	-0.0184  	-0.0136  	-0.0209  	0.01892  	0.00448  	-0.0268  	0.01147  	-0.0194  	-0.0256  	-0.0027  	-0.0229  	-0.0623  	0.04782  	-0.0139  	0.11951  	-0.3634  	0.04362  	0.02647  	0.01211  	0.40077  	0.51056  	268.426  	212.431  	
-0.0234  	-0.3360  	-0.0911  	-0.4037  	0.19109  	-0.3778  	-0.6088  	-0.1457  	0.15686  	-0.4569  	-0.4864  	0.65205  	-0.0595  	-0.6423  	-1.1847  	0.31228  	-0.0839  	0.20342  	0.48935  	0.33090  	-0.1570  	0.02998  	-0.1689  	0.37423  	0.09230  	0.05750  	-0.0533  	-0.3711  	-0.3863  	-0.1925  	0.00264  	0.21709  	-0.1129  	-0.1203  	0.18804  	0.18777  	0.20385  	0.10891  	-0.4052  	0.13128  	0.55987  	0.06649  	0.05778  	0.42404  	0.05737  	-0.0492  	0.00507  	0.03522  	0.00877  	-0.0359  	-0.0257  	-0.0116  	-0.0268  	0.02978  	0.00954  	-0.0395  	0.00252  	-0.0186  	-0.0356  	-0.0068  	-0.0289  	-0.0597  	0.04857  	-0.0135  	0.11951  	-0.3634  	0.04362  	0.02647  	0.01211  	0.40077  	0.51056  	268.426  	212.431  	
-0.4318  	-0.4407  	-0.4135  	-0.5674  	0.25853  	-0.6567  	-0.5760  	-0.2341  	0.12752  	-0.4281  	-0.3792  	0.64121  	-0.0524  	-0.6239  	-1.2117  	0.13420  	-0.0306  	0.11251  	0.48600  	0.34813  	-0.2115  	0.04442  	-0.1020  	0.39953  	0.12045  	0.07211  	-0.0845  	-0.3421  	-0.3866  	-0.1698  	0.01864  	0.17072  	-0.1042  	-0.1195  	0.18286  	0.19383  	0.18425  	0.07086  	-0.4317  	0.10407  	0.55052  	0.09192  	0.01716  	0.38951  	0.06907  	-0.0542  	0.00770  	0.01735  	-0.0063  	-0.0171  	-0.0290  	-0.0044  	-0.0424  	0.02064  	0.00043  	-0.0264  	-0.0047  	-0.0275  	-0.0284  	0.00187  	-0.0190  	-0.0353  	0.04211  	-0.0191  	0.11951  	-0.3634  	0.04362  	0.02647  	0.01211  	0.40077  	0.51056  	268.426  	212.431  	
-0.5946  	-0.5212  	-0.3807  	-0.8111  	0.09887  	-0.7817  	-0.7169  	-0.1966  	0.17589  	-0.3900  	-0.2349  	0.61681  	-0.0237  	-0.6036  	-1.1041  	-0.0121  	-0.0138  	0.08931  	0.51621  	0.31953  	-0.0455  	-0.0182  	-0.0079  	0.41228  	-0.0421  	0.09560  	-0.0903  	-0.4039  	-0.4772  	-0.2017  	0.08570  	0.18045  	-0.0656  	-0.1269  	0.18183  	0.08326  	0.23949  	0.09869  	-0.4691  	0.05938  	0.51819  	0.06622  	0.02207  	0.39148  	0.06879  	-0.0471  	0.01292  	0.00038  	-0.0043  	-0.0317  	-0.0468  	-0.0160  	-0.0362  	0.02778  	-0.0004  	-0.0402  	-0.0062  	-0.0170  	-0.0292  	0.00247  	-0.0134  	-0.0387  	0.03494  	-0.0206  	0.11951  	-0.3634  	0.04362  	0.02647  	0.01211  	0.40077  	0.51056  	268.426  	212.431  	
-0.4759  	-0.4317  	-0.3032  	-0.7679  	0.05733  	-0.7081  	-0.6500  	-0.1391  	0.16757  	-0.3714  	-0.2518  	0.60500  	-0.0383  	-0.5369  	-1.1046  	-0.0503  	0.00776  	0.09376  	0.47839  	0.30850  	-0.0445  	0.02588  	-0.0187  	0.40654  	-0.0388  	0.09299  	-0.0949  	-0.4668  	-0.4789  	-0.2321  	0.06265  	0.16685  	-0.0659  	-0.1421  	0.12588  	0.08629  	0.24815  	0.08306  	-0.4121  	0.07211  	0.54281  	0.06764  	0.02601  	0.38632  	0.06347  	-0.0377  	0.01416  	0.01553  	-0.0151  	-0.0274  	-0.0444  	-0.0122  	-0.0380  	0.01854  	-0.0017  	-0.0482  	0.00010  	-0.0124  	-0.0278  	-0.0079  	-0.0146  	-0.0384  	0.03704  	-0.0149  	0.11951  	-0.3634  	0.04362  	0.02647  	0.01211  	0.40077  	0.51056  	268.426  	212.431  	
-0.2908  	-0.3938  	-0.1741  	-0.6999  	0.07048  	-0.4983  	-0.6377  	-0.1121  	0.18719  	-0.4952  	-0.3895  	0.59561  	-0.0235  	-0.5268  	-1.1417  	0.09017  	0.00847  	0.09603  	0.53068  	0.23362  	-0.0456  	0.03962  	0.03261  	0.44300  	0.00775  	0.09227  	-0.0041  	-0.4943  	-0.5196  	-0.2052  	0.04902  	0.18353  	-0.0871  	-0.1478  	0.14873  	0.04857  	0.25631  	0.11063  	-0.4242  	0.11017  	0.59197  	0.05310  	0.05636  	0.41439  	0.05781  	-0.0632  	0.01170  	0.01776  	-0.0326  	-0.0123  	-0.0371  	-0.0069  	-0.0413  	0.01805  	-0.0069  	-0.0371  	0.00182  	-0.0209  	-0.0356  	-0.0035  	-0.0182  	-0.0395  	0.04616  	-0.0121  	0.11951  	-0.3634  	0.04362  	0.02647  	0.01211  	0.40077  	0.51056  	268.426  	212.431  	
-0.0892  	-0.3442  	-0.1564  	-0.4103  	0.23397  	-0.3649  	-0.6555  	-0.0660  	0.23056  	-0.5268  	-0.5769  	0.69306  	0.01860  	-0.5407  	-1.0056  	0.16098  	-0.0179  	0.12684  	0.51070  	0.29116  	-0.1507  	0.03298  	-0.0197  	0.35377  	-0.0103  	0.10049  	-0.1035  	-0.3588  	-0.3828  	-0.2016  	0.02891  	0.19572  	-0.0690  	-0.1268  	0.12706  	0.06457  	0.17726  	0.10480  	-0.3920  	0.14734  	0.59341  	0.05636  	0.09734  	0.41862  	0.04876  	-0.0537  	0.01263  	0.04312  	-0.0043  	-0.0348  	-0.0398  	-0.0146  	-0.0431  	0.02522  	0.00041  	-0.0365  	0.00591  	-0.0219  	-0.0336  	-0.0114  	-0.0179  	-0.0528  	0.04579  	-0.0123  	0.11951  	-0.3634  	0.04362  	0.02647  	0.01211  	0.40077  	0.51056  	268.426  	212.431  	
0.01871  	-0.3158  	-0.0938  	-0.3424  	0.28006  	-0.3488  	-0.6453  	-0.1337  	0.22818  	-0.4373  	-0.4778  	0.75338  	-0.0319  	-0.6169  	-1.0734  	0.24396  	-0.0526  	0.13366  	0.48093  	0.34090  	-0.1276  	0.00594  	-0.1000  	0.34033  	-0.0337  	0.06281  	-0.1239  	-0.3158  	-0.3871  	-0.2001  	0.01012  	0.20908  	-0.0875  	-0.1192  	0.19564  	0.12921  	0.21053  	0.09223  	-0.4179  	0.13896  	0.56389  	0.05046  	0.07364  	0.42745  	0.04882  	-0.0496  	0.01132  	0.03397  	0.00184  	-0.0390  	-0.0239  	-0.0159  	-0.0285  	0.02794  	0.00612  	-0.0329  	0.00700  	-0.0189  	-0.0279  	-0.0022  	-0.0228  	-0.0543  	0.04427  	-0.0081  	0.11951  	-0.3634  	0.04362  	0.02647  	0.01211  	0.40077  	0.51056  	268.426  	212.431  	
0.03494  	-0.3438  	-0.0760  	-0.3654  	0.27995  	-0.3090  	-0.6139  	-0.1617  	0.20823  	-0.4574  	-0.4514  	0.67858  	-0.0657  	-0.6636  	-1.1450  	0.36215  	-0.0728  	0.17145  	0.47835  	0.33493  	-0.1653  	0.00623  	-0.1629  	0.36012  	0.03267  	0.04950  	-0.0799  	-0.2956  	-0.3898  	-0.1963  	-0.0120  	0.23028  	-0.0951  	-0.1094  	0.24419  	0.17507  	0.20222  	0.09494  	-0.4192  	0.14357  	0.54424  	0.06774  	0.07232  	0.41465  	0.05626  	-0.0503  	0.00306  	0.02091  	0.00740  	-0.0342  	-0.0189  	-0.0167  	-0.0294  	0.03010  	0.00891  	-0.0290  	0.00812  	-0.0170  	-0.0287  	-0.0065  	-0.0234  	-0.0554  	0.04571  	-0.0054  	0.11951  	-0.3634  	0.04362  	0.02647  	0.01211  	0.40077  	0.51056  	268.426  	212.431  	
-0.0776  	-0.3727  	-0.1736  	-0.4440  	0.19868  	-0.3415  	-0.6178  	-0.1472  	0.16697  	-0.4945  	-0.4588  	0.61394  	-0.0468  	-0.6370  	-1.0745  	0.23028  	-0.0658  	0.13658  	0.49813  	0.28812  	-0.1093  	0.04613  	-0.1013  	0.37741  	0.07072  	0.05833  	-0.0294  	-0.3325  	-0.3970  	-0.1926  	0.00093  	0.21838  	-0.1280  	-0.1225  	0.22036  	0.16808  	0.23529  	0.10378  	-0.4388  	0.13104  	0.54539  	0.07118  	0.06435  	0.42401  	0.04899  	-0.0544  	0.00706  	0.01603  	-0.0014  	-0.0279  	-0.0179  	-0.0149  	-0.0302  	0.03248  	0.00755  	-0.0332  	0.00751  	-0.0136  	-0.0262  	-0.0010  	-0.0238  	-0.0529  	0.04391  	-0.0087  	0.11951  	-0.3634  	0.04362  	0.02647  	0.01211  	0.40077  	0.51056  	268.426  	212.431  	
-0.2514  	-0.4162  	-0.2554  	-0.4988  	0.14855  	-0.4506  	-0.6572  	-0.2337  	0.16103  	-0.5507  	-0.4666  	0.59489  	-0.0969  	-0.7215  	-1.0409  	0.12352  	0.02432  	0.08957  	0.51002  	0.22046  	-0.1019  	0.00702  	-0.0282  	0.39567  	0.06718  	0.07711  	-0.0208  	-0.3710  	-0.4464  	-0.1888  	0.01687  	0.21454  	-0.1437  	-0.1213  	0.18837  	0.13173  	0.27380  	0.10993  	-0.4596  	0.09002  	0.56475  	0.06043  	0.05729  	0.41676  	0.05664  	-0.0544  	0.00918  	-0.0020  	-0.0181  	-0.0136  	-0.0298  	-0.0095  	-0.0316  	0.03671  	0.00148  	-0.0312  	0.00169  	-0.0121  	-0.0191  	-0.0063  	-0.0248  	-0.0531  	0.04614  	-0.0156  	0.11951  	-0.3634  	0.04362  	0.02647  	0.01211  	0.40077  	0.51056  	268.426  	212.431  	
-0.1278  	-0.3879  	-0.2223  	-0.3787  	0.22883  	-0.3689  	-0.6628  	-0.1839  	0.18832  	-0.5470  	-0.5112  	0.64553  	-0.0462  	-0.6313  	-0.9590  	0.14188  	-0.0200  	0.07614  	0.48901  	0.24403  	-0.1034  	0.03808  	-0.0258  	0.38750  	0.02146  	0.07581  	-0.0407  	-0.4053  	-0.4643  	-0.1823  	0.00969  	0.21944  	-0.1148  	-0.1222  	0.22095  	0.10933  	0.27303  	0.10430  	-0.4686  	0.10753  	0.53572  	0.06864  	0.05964  	0.41770  	0.04688  	-0.0552  	0.01189  	0.00976  	-0.0075  	-0.0323  	-0.0333  	-0.0136  	-0.0336  	0.03326  	0.00813  	-0.0319  	0.00504  	-0.0150  	-0.0285  	-0.0098  	-0.0262  	-0.0532  	0.04185  	-0.0089  	0.11951  	-0.3634  	0.04362  	0.02647  	0.01211  	0.40077  	0.51056  	268.426  	212.431  	
-0.0230  	-0.3610  	-0.1085  	-0.1962  	0.38116  	-0.3571  	-0.6011  	-0.1435  	0.18265  	-0.4226  	-0.5245  	0.72939  	-0.0358  	-0.6197  	-1.0803  	0.35272  	-0.0765  	0.14471  	0.50606  	0.34306  	-0.2107  	0.04071  	-0.2029  	0.38493  	0.12476  	0.03811  	-0.0234  	-0.2852  	-0.3884  	-0.1535  	-0.0276  	0.22732  	-0.1245  	-0.1337  	0.21455  	0.19541  	0.19346  	0.09426  	-0.4164  	0.15154  	0.50741  	0.07481  	0.06159  	0.41296  	0.05710  	-0.0526  	0.00475  	0.03076  	0.00854  	-0.0375  	-0.0131  	-0.0182  	-0.0295  	0.02355  	0.01112  	-0.0300  	0.01187  	-0.0167  	-0.0304  	-8.6932  	-0.0272  	-0.0654  	0.04464  	-0.0083  	0.11951  	-0.3634  	0.04362  	0.02647  	0.01211  	0.40077  	0.51056  	268.426  	212.431  	
-0.0503  	-0.4033  	-0.1449  	-0.1989  	0.36003  	-0.3263  	-0.6394  	-0.1802  	0.16668  	-0.4841  	-0.5391  	0.65772  	-0.0382  	-0.6522  	-0.9807  	0.26657  	-0.0463  	0.09632  	0.52069  	0.29559  	-0.1570  	0.03982  	-0.1311  	0.39941  	0.16387  	0.03068  	-0.0023  	-0.2993  	-0.4077  	-0.1367  	-0.0202  	0.23395  	-0.1367  	-0.1376  	0.23253  	0.21038  	0.21367  	0.09980  	-0.4204  	0.12495  	0.49437  	0.07054  	0.06461  	0.41830  	0.04954  	-0.0512  	0.00347  	0.02847  	-0.0007  	-0.0314  	-0.0091  	-0.0144  	-0.0253  	0.02285  	0.00907  	-0.0253  	0.00845  	-0.0122  	-0.0279  	0.00428  	-0.0209  	-0.0696  	0.05195  	-0.0086  	0.11951  	-0.3634  	0.04362  	0.02647  	0.01211  	0.40077  	0.51056  	268.426  	212.431  	
-0.0794  	-0.3867  	-0.2192  	-0.3125  	0.27415  	-0.3303  	-0.6428  	-0.2370  	0.15518  	-0.5617  	-0.5488  	0.58822  	-0.0869  	-0.6535  	-0.9615  	0.15265  	-0.0059  	0.07376  	0.50071  	0.27855  	-0.1048  	0.05670  	-0.0809  	0.42236  	0.12032  	0.04046  	0.02042  	-0.3804  	-0.4596  	-0.1436  	-0.0138  	0.24375  	-0.1365  	-0.1215  	0.25460  	0.17990  	0.27129  	0.10236  	-0.4454  	0.10702  	0.50782  	0.05741  	0.04762  	0.40874  	0.06368  	-0.0503  	0.00280  	0.00324  	-0.0082  	-0.0265  	-0.0173  	-0.0079  	-0.0304  	0.02829  	0.00580  	-0.0230  	0.00442  	-0.0088  	-0.0272  	-0.0051  	-0.0241  	-0.0654  	0.04642  	-0.0147  	0.11951  	-0.3634  	0.04362  	0.02647  	0.01211  	0.40077  	0.51056  	268.426  	212.431  	
0.00225  	-0.3801  	-0.1666  	-0.2727  	0.28489  	-0.3178  	-0.6110  	-0.1718  	0.17520  	-0.5435  	-0.5032  	0.59480  	-0.0408  	-0.5887  	-0.9231  	0.21929  	-0.0440  	0.09572  	0.48862  	0.29463  	-0.0655  	0.05341  	-0.1043  	0.41390  	0.08413  	0.03558  	0.00166  	-0.3967  	-0.4784  	-0.1690  	-0.0023  	0.24071  	-0.1306  	-0.1164  	0.27798  	0.15512  	0.28224  	0.11145  	-0.4686  	0.10608  	0.49965  	0.06396  	0.04638  	0.39634  	0.06049  	-0.0562  	0.00577  	0.00461  	-0.0061  	-0.0358  	-0.0186  	-0.0121  	-0.0255  	0.02700  	0.00727  	-0.0248  	0.00944  	-0.0143  	-0.0287  	-0.0016  	-0.0276  	-0.0623  	0.04540  	-0.0123  	0.11951  	-0.3634  	0.04362  	0.02647  	0.01211  	0.40077  	0.51056  	268.426  	212.431  	
0.07449  	-0.3656  	-0.1063  	-0.2562  	0.35585  	-0.2938  	-0.5888  	-0.1543  	0.21201  	-0.4529  	-0.4750  	0.71669  	-0.0169  	-0.6149  	-1.0127  	0.30532  	-0.0925  	0.15468  	0.48869  	0.35194  	-0.1802  	0.02839  	-0.1929  	0.36936  	0.08052  	0.03945  	-0.0675  	-0.2794  	-0.3830  	-0.1844  	-0.0152  	0.22216  	-0.1084  	-0.1111  	0.24576  	0.18074  	0.19614  	0.10506  	-0.4269  	0.15541  	0.53444  	0.06393  	0.05540  	0.41522  	0.05098  	-0.0546  	0.00436  	0.02416  	-0.0007  	-0.0346  	-0.0177  	-0.0134  	-0.0294  	0.02446  	0.01058  	-0.0276  	0.00942  	-0.0191  	-0.0297  	-0.0007  	-0.0227  	-0.0606  	0.04605  	-0.0093  	0.11951  	-0.3634  	0.04362  	0.02647  	0.01211  	0.40077  	0.51056  	268.426  	212.431  	
0.05394  	-0.3797  	-0.1187  	-0.2759  	0.34906  	-0.3032  	-0.5890  	-0.1666  	0.19545  	-0.4850  	-0.5249  	0.66854  	-0.0081  	-0.6053  	-1.0588  	0.31656  	-0.0815  	0.13019  	0.48258  	0.33946  	-0.1685  	0.01814  	-0.2033  	0.38900  	0.07644  	0.04023  	-0.0192  	-0.3071  	-0.4117  	-0.1798  	-0.0130  	0.23613  	-0.1066  	-0.1101  	0.26225  	0.17854  	0.20678  	0.09569  	-0.4296  	0.15407  	0.52295  	0.07812  	0.05755  	0.41673  	0.05531  	-0.0521  	0.00378  	0.02848  	0.00418  	-0.0317  	-0.0182  	-0.0120  	-0.0295  	0.02755  	0.00778  	-0.0288  	0.00999  	-0.0168  	-0.0286  	-0.0040  	-0.0266  	-0.0600  	0.04725  	-0.0108  	0.11951  	-0.3634  	0.04362  	0.02647  	0.01211  	0.40077  	0.51056  	268.426  	212.431  	
0.05193  	-0.3032  	-0.0325  	-0.1878  	0.33185  	-0.2895  	-0.5917  	-0.0874  	0.19050  	-0.4853  	-0.6355  	0.72983  	-4.0938  	-0.4626  	-0.9195  	0.21963  	-0.0434  	0.13670  	0.48796  	0.32421  	-0.1293  	0.05254  	-0.1241  	0.39495  	-0.0008  	0.06075  	-0.0113  	-0.4034  	-0.4076  	-0.2289  	-0.0135  	0.21133  	-0.0803  	-0.1205  	0.24031  	0.11391  	0.21749  	0.11526  	-0.4456  	0.15126  	0.53046  	0.06265  	0.06027  	0.42258  	0.05884  	-0.0413  	0.01586  	0.03640  	0.00821  	-0.0368  	-0.0301  	-0.0217  	-0.0297  	0.02575  	0.00671  	-0.0312  	-0.0044  	-0.0096  	-0.0398  	0.00171  	-0.0168  	-0.0520  	0.03321  	-0.0102  	0.11951  	-0.3634  	0.04362  	0.02647  	0.01211  	0.40077  	0.51056  	268.426  	212.431  	
0.12629  	-0.2781  	-0.0658  	-0.1712  	0.31107  	-0.2627  	-0.5710  	-0.0398  	0.22116  	-0.4850  	-0.6989  	0.66202  	0.06217  	-0.2922  	-0.7954  	0.10143  	-0.0042  	0.10026  	0.48141  	0.29576  	-0.0668  	0.06691  	-0.0887  	0.38516  	0.13469  	0.02499  	0.07256  	-0.4429  	-0.4157  	-0.1498  	0.01784  	0.18062  	-0.0799  	-0.1145  	0.25796  	0.09358  	0.23977  	0.09759  	-0.4459  	0.10950  	0.48494  	0.06638  	0.06366  	0.41434  	0.05231  	-0.0443  	0.00734  	0.04712  	0.00639  	-0.0237  	-0.0238  	-0.0110  	-0.0355  	0.02565  	0.00841  	-0.0173  	-0.0066  	-0.0188  	-0.0315  	0.00079  	-0.0117  	-0.0421  	0.04429  	-0.0159  	0.11951  	-0.3634  	0.04362  	0.02647  	0.01211  	0.40077  	0.51056  	268.426  	212.431  	
-0.0768  	-0.3138  	-0.2087  	-0.3771  	0.27858  	-0.3996  	-0.6132  	-0.0817  	0.23612  	-0.5438  	-0.5575  	0.63094  	0.04739  	-0.4402  	-0.9009  	0.03686  	-0.0159  	0.09326  	0.48271  	0.29100  	-0.0268  	0.01778  	-0.0661  	0.46015  	0.05423  	0.05739  	0.00488  	-0.4530  	-0.4714  	-0.2124  	0.01407  	0.19439  	-0.0834  	-0.1129  	0.24872  	0.03989  	0.26140  	0.10784  	-0.4281  	0.15181  	0.49709  	0.05150  	0.05091  	0.40085  	0.04821  	-0.0493  	0.00470  	0.03609  	-0.0078  	-0.0327  	-0.0332  	-0.0162  	-0.0430  	0.03178  	0.00258  	-0.0344  	-0.0043  	-0.0223  	-0.0288  	-0.0044  	-0.0202  	-0.0459  	0.04097  	-0.0147  	0.11951  	-0.3634  	0.04362  	0.02647  	0.01211  	0.40077  	0.51056  	268.426  	212.431  	
-0.2973  	-0.4044  	-0.2278  	-0.6425  	0.12624  	-0.4546  	-0.6359  	-0.2053  	0.18462  	-0.5230  	-0.4753  	0.54357  	-0.0561  	-0.7099  	-1.1058  	0.05217  	-0.0164  	0.12858  	0.51809  	0.27731  	-0.0834  	0.00081  	-0.0298  	0.36713  	0.03266  	0.08107  	-0.0504  	-0.3814  	-0.4201  	-0.2192  	0.01791  	0.20835  	-0.0969  	-0.1264  	0.13233  	0.11171  	0.23807  	0.10812  	-0.4383  	0.10374  	0.56263  	0.06326  	0.05173  	0.41436  	0.06461  	-0.0525  	0.00677  	0.00915  	-0.0182  	-0.0327  	-0.0399  	-0.0099  	-0.0334  	0.02882  	-0.0018  	-0.0387  	0.00609  	-0.0147  	-0.0269  	-0.0093  	-0.0171  	-0.0508  	0.03752  	-0.0108  	0.11951  	-0.3634  	0.04362  	0.02647  	0.01211  	0.40077  	0.51056  	268.426  	212.431  	
-0.3006  	-0.4152  	-0.2680  	-0.5611  	0.13823  	-0.4533  	-0.6178  	-0.2086  	0.19379  	-0.5281  	-0.4743  	0.59840  	-0.0803  	-0.7347  	-1.1102  	0.09274  	-0.0196  	0.12261  	0.48419  	0.27467  	-0.1937  	0.03563  	0.02072  	0.32873  	0.02461  	0.10614  	-0.1046  	-0.2868  	-0.3472  	-0.1948  	0.04901  	0.18327  	-0.1160  	-0.1192  	0.08851  	0.12032  	0.18359  	0.09453  	-0.4241  	0.11075  	0.60348  	0.05310  	0.08126  	0.44401  	0.05844  	-0.0528  	0.01130  	0.01847  	-0.0090  	-0.0308  	-0.0312  	-0.0115  	-0.0369  	0.02906  	0.00365  	-0.0351  	0.00213  	-0.0176  	-0.0287  	-0.0058  	-0.0191  	-0.0468  	0.03848  	-0.0063  	0.11951  	-0.3634  	0.04362  	0.02647  	0.01211  	0.40077  	0.51056  	268.426  	212.431  	
-0.0633  	-0.4029  	-0.2155  	-0.2694  	0.29588  	-0.3952  	-0.6165  	-0.1815  	0.17632  	-0.4865  	-0.5590  	0.73518  	-0.0178  	-0.6653  	-1.0611  	0.21251  	-0.0321  	0.13817  	0.46701  	0.33184  	-0.2239  	0.01187  	-0.1192  	0.35865  	0.05108  	0.08047  	-0.0590  	-0.2621  	-0.3985  	-0.1743  	0.01754  	0.20932  	-0.1168  	-0.1239  	0.16836  	0.14814  	0.17146  	0.08056  	-0.4325  	0.13985  	0.53496  	0.04599  	0.05827  	0.42809  	0.04650  	-0.0496  	0.01029  	0.02277  	-0.0039  	-0.0299  	-0.0272  	-0.0109  	-0.0315  	0.02985  	0.00690  	-0.0349  	0.00889  	-0.0163  	-0.0305  	-0.0135  	-0.0249  	-0.0529  	0.04046  	-0.0104  	0.11951  	-0.3634  	0.04362  	0.02647  	0.01211  	0.40077  	0.51056  	268.426  	212.431  	
0.01747  	-0.3409  	-0.1163  	-0.1981  	0.40308  	-0.4032  	-0.5791  	-0.1478  	0.19065  	-0.4041  	-0.5319  	0.74843  	-0.0081  	-0.6284  	-1.0873  	0.33024  	-0.0880  	0.17895  	0.47130  	0.38823  	-0.2733  	0.03193  	-0.2251  	0.34981  	0.10146  	0.06036  	-0.0779  	-0.2212  	-0.3390  	-0.1817  	-0.0147  	0.21591  	-0.1064  	-0.1221  	0.17488  	0.19664  	0.12413  	0.09488  	-0.3848  	0.15269  	0.53693  	0.06420  	0.07784  	0.42662  	0.05164  	-0.0574  	0.01099  	0.04285  	0.00609  	-0.0390  	-0.0226  	-0.0155  	-0.0293  	0.02393  	0.01083  	-0.0390  	0.01279  	-0.0175  	-0.0293  	-0.0053  	-0.0273  	-0.0585  	0.04469  	-0.0067  	0.11951  	-0.3634  	0.04362  	0.02647  	0.01211  	0.40077  	0.51056  	268.426  	212.431  	
0.02899  	-0.3573  	-0.1180  	-0.1849  	0.41885  	-0.3698  	-0.5670  	-0.1835  	0.19371  	-0.4256  	-0.5887  	0.70376  	-0.0077  	-0.6268  	-1.0669  	0.34281  	-0.0906  	0.16571  	0.49050  	0.34260  	-0.2871  	0.05944  	-0.2370  	0.35281  	0.16898  	0.04419  	-0.0181  	-0.2236  	-0.3022  	-0.1277  	-0.0230  	0.23742  	-0.1293  	-0.1084  	0.18410  	0.23111  	0.12777  	0.10150  	-0.3886  	0.16188  	0.53611  	0.07455  	0.07747  	0.42827  	0.05216  	-0.0531  	-0.0011  	0.04479  	0.01108  	-0.0467  	-0.0117  	-0.0116  	-0.0238  	0.02938  	0.01189  	-0.0348  	0.00682  	-0.0202  	-0.0199  	-0.0027  	-0.0261  	-0.0650  	0.04258  	-0.0132  	0.11951  	-0.3634  	0.04362  	0.02647  	0.01211  	0.40077  	0.51056  	268.426  	212.431  	
-0.0713  	-0.3369  	-0.1961  	-0.2454  	0.35421  	-0.3417  	-0.5758  	-0.1877  	0.16709  	-0.5239  	-0.6233  	0.65858  	-0.0371  	-0.5942  	-1.0097  	0.20443  	-0.0259  	0.13183  	0.48008  	0.33415  	-0.2621  	0.03979  	-0.1793  	0.35858  	0.17892  	0.03838  	-0.0446  	-0.2472  	-0.2994  	-0.1230  	-0.0226  	0.21877  	-0.1394  	-0.1073  	0.16862  	0.21562  	0.14127  	0.09882  	-0.3819  	0.13038  	0.54193  	0.05424  	0.06301  	0.42062  	0.05239  	-0.0530  	-0.0010  	0.02797  	0.00462  	-0.0362  	-0.0164  	-0.0105  	-0.0291  	0.03106  	0.01181  	-0.0336  	0.01085  	-0.0137  	-0.0224  	-0.0081  	-0.0250  	-0.0566  	0.05085  	-0.0137  	0.11951  	-0.3634  	0.04362  	0.02647  	0.01211  	0.40077  	0.51056  	268.426  	212.431  	
-0.1219  	-0.3748  	-0.2020  	-0.2934  	0.30309  	-0.3281  	-0.6004  	-0.1939  	0.18214  	-0.6025  	-0.5935  	0.59538  	-0.0428  	-0.6313  	-0.9439  	0.15294  	0.00515  	0.10821  	0.49501  	0.31389  	-0.1629  	-0.0044  	-0.1011  	0.40958  	0.14983  	0.05748  	0.00827  	-0.2847  	-0.3851  	-0.1509  	-0.0214  	0.22875  	-0.1427  	-0.1257  	0.20224  	0.16483  	0.21994  	0.11213  	-0.4290  	0.10821  	0.53588  	0.05212  	0.05193  	0.42634  	0.04927  	-0.0570  	-0.0013  	0.01455  	-0.0083  	-0.0458  	-0.0175  	-0.0067  	-0.0280  	0.02944  	0.00577  	-0.0300  	0.01231  	-0.0167  	-0.0219  	-0.0075  	-0.0271  	-0.0599  	0.05171  	-0.0100  	0.11951  	-0.3634  	0.04362  	0.02647  	0.01211  	0.40077  	0.51056  	268.426  	212.431  	
-0.0399  	-0.3479  	-0.1706  	-0.0922  	0.39000  	-0.2811  	-0.6342  	-0.1763  	0.16567  	-0.6514  	-0.6593  	0.65678  	-0.0008  	-0.5845  	-0.8294  	0.14432  	0.00261  	0.05637  	0.50625  	0.30055  	-0.1235  	0.02060  	-0.0965  	0.42275  	0.16587  	0.05141  	0.09747  	-0.3195  	-0.3868  	-0.1042  	-0.0453  	0.23254  	-0.1286  	-0.1150  	0.22472  	0.14179  	0.21498  	0.11328  	-0.4450  	0.10945  	0.46567  	0.09105  	0.03596  	0.41931  	0.05915  	-0.0547  	-0.0046  	0.04280  	-0.0015  	-0.0507  	-0.0276  	-0.0147  	-0.0279  	0.02026  	-0.0012  	-0.0269  	0.02080  	-0.0165  	-0.0172  	-0.0038  	-0.0258  	-0.0647  	0.04949  	-0.0087  	0.11951  	-0.3634  	0.04362  	0.02647  	0.01211  	0.40077  	0.51056  	268.426  	212.431  	
0.13361  	-0.2803  	-0.1371  	0.08936  	0.49197  	-0.1720  	-0.6207  	-0.0639  	0.19517  	-0.6658  	-0.8767  	0.65364  	0.04808  	-0.3989  	-0.5449  	0.12486  	0.01971  	0.04055  	0.51087  	0.22640  	-0.1047  	0.08812  	-0.0808  	0.42555  	0.21823  	0.04278  	0.12858  	-0.3709  	-0.3402  	-0.0698  	-0.0512  	0.22927  	-0.1204  	-0.1185  	0.25841  	0.07982  	0.16698  	0.10422  	-0.4105  	0.17295  	0.44557  	0.07249  	0.05696  	0.43383  	0.04097  	-0.0523  	0.00930  	0.04191  	0.00949  	-0.0573  	-0.0247  	-0.0075  	-0.0285  	0.03330  	-0.0066  	-0.0252  	0.00059  	-0.0242  	-0.0171  	0.01214  	-0.0230  	-0.0687  	0.04486  	-0.0261  	0.11951  	-0.3634  	0.04362  	0.02647  	0.01211  	0.40077  	0.51056  	268.426  	212.431  	
0.15741  	-0.2811  	-0.1003  	0.02144  	0.45043  	-0.1106  	-0.6173  	-0.0358  	0.22377  	-0.6410  	-0.7701  	0.68032  	0.04146  	-0.3924  	-0.5910  	0.15092  	-0.0204  	0.03259  	0.48342  	0.25644  	-0.0480  	0.10986  	-0.0809  	0.42788  	0.17530  	0.03470  	0.07270  	-0.4015  	-0.3962  	-0.1199  	-0.0144  	0.22125  	-0.0883  	-0.1034  	0.26763  	0.08569  	0.23742  	0.09082  	-0.4076  	0.14514  	0.47551  	0.06658  	0.05700  	0.44502  	0.04305  	-0.0598  	0.00196  	0.03183  	0.00160  	-0.0351  	-0.0327  	-0.0168  	-0.0313  	0.03190  	-0.0038  	-0.0188  	0.00392  	-0.0220  	-0.0209  	-0.0001  	-0.0195  	-0.0598  	0.03652  	-0.0218  	0.11951  	-0.3634  	0.04362  	0.02647  	0.01211  	0.40077  	0.51056  	268.426  	212.431  	
0.18728  	-0.2828  	-0.0260  	-0.1385  	0.38603  	-0.2050  	-0.6141  	-0.0697  	0.18868  	-0.5424  	-0.5058  	0.76250  	0.00596  	-0.4468  	-0.9086  	0.29016  	-0.0823  	0.13414  	0.51811  	0.32671  	-0.1047  	0.07891  	-0.1806  	0.41527  	0.07359  	0.00688  	-0.0442  	-0.3769  	-0.3781  	-0.1792  	-0.0324  	0.20065  	-0.0852  	-0.1395  	0.28876  	0.12886  	0.23281  	0.09572  	-0.4387  	0.14263  	0.55062  	0.06761  	0.05941  	0.41376  	0.05021  	-0.0522  	-0.0038  	0.04036  	0.00092  	-0.0282  	-0.0196  	-0.0148  	-0.0254  	0.02619  	0.00511  	-0.0187  	0.01080  	-0.0209  	-0.0308  	0.00493  	-0.0182  	-0.0590  	0.03532  	-0.0171  	0.11951  	-0.3634  	0.04362  	0.02647  	0.01211  	0.40077  	0.51056  	268.426  	212.431  	
-0.1363  	-0.3819  	-0.2127  	-0.4233  	0.20205  	-0.3974  	-0.6150  	-0.1619  	0.17326  	-0.4489  	-0.5075  	0.63255  	-0.0251  	-0.5950  	-1.1248  	0.20125  	-0.0672  	0.14750  	0.49739  	0.32752  	-0.1877  	0.02844  	-0.1558  	0.37539  	0.11827  	0.05426  	-0.0476  	-0.3011  	-0.3260  	-0.1988  	0.01003  	0.19984  	-0.1049  	-0.1350  	0.18565  	0.19812  	0.15318  	0.08610  	-0.4039  	0.16065  	0.56436  	0.06086  	0.07198  	0.42006  	0.05397  	-0.0543  	0.01344  	0.02492  	-0.0090  	-0.0292  	-0.0125  	-0.0106  	-0.0269  	0.03079  	0.00437  	-0.0366  	0.00714  	-0.0134  	-0.0233  	0.00581  	-0.0230  	-0.0570  	0.04567  	-0.0070  	0.11951  	-0.3634  	0.04362  	0.02647  	0.01211  	0.40077  	0.51056  	268.426  	212.431  	
-0.3450  	-0.3957  	-0.2625  	-0.6050  	0.07363  	-0.4792  	-0.6442  	-0.2193  	0.17841  	-0.4879  	-0.4637  	0.57116  	-0.1071  	-0.6662  	-1.0404  	0.05079  	0.00238  	0.08724  	0.50376  	0.22307  	-0.0935  	-0.0078  	-0.0088  	0.35778  	0.06005  	0.09019  	-0.0038  	-0.4321  	-0.4506  	-0.2036  	0.04095  	0.21675  	-0.1272  	-0.1248  	0.16495  	0.12352  	0.25024  	0.11239  	-0.4449  	0.08194  	0.58281  	0.05640  	0.06469  	0.42300  	0.06401  	-0.0522  	0.00192  	0.00381  	-0.0371  	-0.0205  	-0.0414  	-0.0069  	-0.0259  	0.03457  	0.00360  	-0.0348  	-0.0039  	-0.0176  	-0.0211  	-0.0003  	-0.0199  	-0.0517  	0.04841  	-0.0075  	0.11951  	-0.3634  	0.04362  	0.02647  	0.01211  	0.40077  	0.51056  	268.426  	212.431  	
-0.2094  	-0.3791  	-0.2180  	-0.5520  	0.14479  	-0.4311  	-0.6612  	-0.1654  	0.18998  	-0.5621  	-0.4990  	0.61235  	-0.0890  	-0.6563  	-0.9971  	0.09437  	0.00081  	0.08892  	0.49203  	0.19734  	-0.1197  	0.05588  	0.08436  	0.35743  	-0.0196  	0.11297  	-0.0535  	-0.4060  	-0.4555  	-0.2229  	0.03866  	0.20888  	-0.1163  	-0.1220  	0.15109  	0.08421  	0.24666  	0.13758  	-0.4436  	0.09396  	0.60287  	0.05526  	0.06995  	0.43017  	0.04649  	-0.0524  	0.00639  	0.01836  	-0.0196  	-0.0257  	-0.0406  	-0.0091  	-0.0315  	0.02656  	0.00375  	-0.0384  	-0.0030  	-0.0167  	-0.0232  	-0.0063  	-0.0197  	-0.0421  	0.04322  	-0.0100  	0.11951  	-0.3634  	0.04362  	0.02647  	0.01211  	0.40077  	0.51056  	268.426  	212.431  	
-0.1523  	-0.3555  	-0.1976  	-0.4150  	0.20703  	-0.3902  	-0.6237  	-0.1545  	0.23209  	-0.5349  	-0.5423  	0.69813  	-0.0117  	-0.5262  	-0.9898  	0.08793  	-0.0086  	0.12562  	0.47956  	0.26881  	-0.1818  	0.05496  	0.01791  	0.33263  	-0.0418  	0.11025  	-0.1589  	-0.2975  	-0.3616  	-0.2258  	0.05112  	0.17850  	-0.0601  	-0.1164  	0.10083  	0.07005  	0.17993  	0.11039  	-0.4159  	0.12291  	0.59559  	0.03279  	0.09659  	0.43028  	0.03716  	-0.0595  	0.01071  	0.03270  	-0.0119  	-0.0294  	-0.0433  	-0.0094  	-0.0351  	0.02850  	0.00180  	-0.0402  	-0.0065  	-0.0243  	-0.0300  	-0.0086  	-0.0202  	-0.0420  	0.04491  	-0.0079  	0.11951  	-0.3634  	0.04362  	0.02647  	0.01211  	0.40077  	0.51056  	268.426  	212.431  	
0.00640  	-0.3157  	-0.1564  	-0.2368  	0.32709  	-0.3318  	-0.6138  	-0.1063  	0.26019  	-0.5062  	-0.6251  	0.77340  	0.08771  	-0.4396  	-0.8671  	0.16333  	-0.0518  	0.13852  	0.47454  	0.35503  	-0.2040  	0.05984  	-0.0869  	0.29078  	-0.0121  	0.09796  	-0.2153  	-0.2594  	-0.3534  	-0.2115  	0.06158  	0.17364  	-0.0364  	-0.0954  	0.14638  	0.06277  	0.12738  	0.08864  	-0.3791  	0.13513  	0.60357  	0.03252  	0.09390  	0.42620  	0.04078  	-0.0504  	0.02151  	0.04320  	-0.0017  	-0.0246  	-0.0375  	-0.0121  	-0.0331  	0.02760  	0.00241  	-0.0368  	-0.0083  	-0.0209  	-0.0347  	-0.0124  	-0.0162  	-0.0389  	0.04093  	-0.0075  	0.11951  	-0.3634  	0.04362  	0.02647  	0.01211  	0.40077  	0.51056  	268.426  	212.431  	
-0.1528  	-0.3715  	-0.3152  	-0.2792  	0.35923  	-0.5187  	-0.5812  	-0.0796  	0.24142  	-0.4818  	-0.4512  	0.73713  	0.07833  	-0.3276  	-0.9486  	0.13123  	-0.1062  	0.13626  	0.45387  	0.38672  	-0.1393  	0.07771  	-0.1891  	0.41987  	-0.0273  	0.08996  	-0.1620  	-0.3119  	-0.3679  	-0.1940  	0.01818  	0.16685  	-0.0666  	-0.1030  	0.22987  	0.06890  	0.12933  	0.06726  	-0.4065  	0.12806  	0.51637  	0.06329  	0.05462  	0.39461  	0.05169  	-0.0557  	0.00961  	0.02652  	0.00491  	-0.0176  	-0.0311  	-0.0135  	-0.0355  	0.02604  	0.00428  	-0.0360  	0.00831  	-0.0163  	-0.0250  	0.00293  	-0.0218  	-0.0514  	0.03694  	-0.0084  	0.11951  	-0.3634  	0.04362  	0.02647  	0.01211  	0.40077  	0.51056  	268.426  	212.431  	
-0.4558  	-0.4218  	-0.4082  	-0.4558  	0.31544  	-0.6399  	-0.5930  	-0.1028  	0.20953  	-0.4519  	-0.3791  	0.77240  	0.00901  	-0.4445  	-1.0512  	0.03676  	-0.0680  	0.15945  	0.47205  	0.43497  	-0.1565  	0.03749  	-0.1284  	0.37657  	-0.1156  	0.10482  	-0.2104  	-0.2075  	-0.3606  	-0.2270  	0.05733  	0.13700  	-0.0302  	-0.0957  	0.18315  	0.05597  	0.10412  	0.05308  	-0.3920  	0.12893  	0.50964  	0.08100  	0.02618  	0.39292  	0.05530  	-0.0568  	0.02647  	0.03445  	-0.0023  	-0.0229  	-0.0387  	-0.0142  	-0.0365  	0.02521  	0.00080  	-0.0386  	0.00218  	-0.0180  	-0.0346  	-0.0020  	-0.0206  	-0.0490  	0.02589  	-0.0183  	0.11951  	-0.3634  	0.04362  	0.02647  	0.01211  	0.40077  	0.51056  	268.426  	212.431  	
-0.4501  	-0.4260  	-0.3726  	-0.5079  	0.27997  	-0.7358  	-0.6204  	-0.0611  	0.20906  	-0.4106  	-0.2978  	0.74031  	-0.0022  	-0.4090  	-1.0465  	0.01240  	-0.0547  	0.10229  	0.51646  	0.38211  	-0.0808  	0.02232  	-0.0987  	0.41196  	-0.1213  	0.09938  	-0.1652  	-0.3206  	-0.4225  	-0.2333  	0.04907  	0.15385  	-0.0471  	-0.1045  	0.20550  	0.01652  	0.17087  	0.07447  	-0.4058  	0.11104  	0.53878  	0.08512  	0.01484  	0.38358  	0.05258  	-0.0491  	0.01178  	0.03111  	-0.0140  	-0.0275  	-0.0434  	-0.0118  	-0.0351  	0.02138  	-0.0060  	-0.0376  	-0.0036  	-0.0192  	-0.0237  	0.00124  	-0.0121  	-0.0426  	0.02708  	-0.0216  	0.11951  	-0.3634  	0.04362  	0.02647  	0.01211  	0.40077  	0.51056  	268.426  	212.431  	
-0.2694  	-0.4011  	-0.2578  	-0.6049  	0.14694  	-0.6231  	-0.6668  	-0.0264  	0.21341  	-0.3933  	-0.3857  	0.67069  	0.02492  	-0.4193  	-1.0772  	-0.0161  	-0.0140  	0.12575  	0.51321  	0.28047  	-0.0807  	0.06077  	-0.0259  	0.40509  	-0.0185  	0.09824  	-0.1007  	-0.3988  	-0.4681  	-0.2077  	0.08599  	0.14802  	-0.0804  	-0.1336  	0.14585  	0.04863  	0.18271  	0.09682  	-0.3839  	0.10712  	0.55802  	0.06400  	0.05339  	0.39318  	0.04114  	-0.0532  	0.00493  	0.03134  	-0.0024  	-0.0455  	-0.0449  	-0.0134  	-0.0377  	0.02345  	-0.0045  	-0.0410  	-0.0012  	-0.0230  	-0.0232  	-0.0066  	-0.0170  	-0.0455  	0.03680  	-0.0117  	0.11951  	-0.3634  	0.04362  	0.02647  	0.01211  	0.40077  	0.51056  	268.426  	212.431  	
-0.3048  	-0.3848  	-0.1991  	-0.7621  	0.04912  	-0.5432  	-0.6128  	-0.1236  	0.21218  	-0.3918  	-0.4471  	0.57570  	-0.0249  	-0.5511  	-1.1837  	-0.0104  	-0.0184  	0.12892  	0.52960  	0.30199  	-0.1309  	0.04309  	0.02026  	0.33441  	0.00200  	0.09704  	-0.1201  	-0.3626  	-0.3757  	-0.2027  	0.08141  	0.16789  	-0.0888  	-0.1250  	0.05395  	0.05863  	0.17879  	0.10189  	-0.3815  	0.11353  	0.59996  	0.03743  	0.10171  	0.43802  	0.06121  	-0.0662  	0.00934  	0.02927  	-0.0012  	-0.0326  	-0.0464  	-0.0185  	-0.0397  	0.02790  	-0.0032  	-0.0452  	0.00253  	-0.0197  	-0.0409  	-0.0018  	-0.0128  	-0.0433  	0.05070  	-0.0083  	0.11951  	-0.3634  	0.04362  	0.02647  	0.01211  	0.40077  	0.51056  	268.426  	212.431  	
-0.2776  	-0.3412  	-0.2091  	-0.6624  	0.06534  	-0.4911  	-0.6656  	-0.1525  	0.22644  	-0.4619  	-0.4756  	0.58842  	-0.0567  	-0.6632  	-1.0987  	0.04052  	0.01694  	0.09564  	0.52645  	0.24338  	-0.1219  	0.06882  	0.07048  	0.32673  	-0.0224  	0.11294  	-0.0710  	-0.3975  	-0.3949  	-0.2167  	0.04885  	0.18027  	-0.0993  	-0.1242  	0.04754  	0.05515  	0.22058  	0.11039  	-0.4061  	0.10754  	0.63226  	0.03518  	0.09998  	0.43823  	0.04913  	-0.0604  	0.01095  	0.03929  	-0.0100  	-0.0343  	-0.0436  	-0.0097  	-0.0388  	0.03535  	-6.1198  	-0.0419  	0.00068  	-0.0216  	-0.0295  	0.00034  	-0.0163  	-0.0445  	0.04266  	-0.0043  	0.11951  	-0.3634  	0.04362  	0.02647  	0.01211  	0.40077  	0.51056  	268.426  	212.431  	
-0.2388  	-0.3656  	-0.2196  	-0.5508  	0.13580  	-0.4469  	-0.6542  	-0.1679  	0.21617  	-0.5234  	-0.4867  	0.65985  	-0.0696  	-0.6713  	-1.0914  	0.09306  	-0.0067  	0.10100  	0.49557  	0.25401  	-0.1559  	0.04371  	0.05973  	0.34673  	-0.0198  	0.11173  	-0.1089  	-0.3407  	-0.3978  	-0.2082  	0.05001  	0.18678  	-0.0975  	-0.1172  	0.07734  	0.08646  	0.21771  	0.10867  	-0.4176  	0.09924  	0.61676  	0.03725  	0.09213  	0.44239  	0.04553  	-0.0560  	0.01295  	0.02942  	-0.0104  	-0.0244  	-0.0430  	-0.0151  	-0.0340  	0.02806  	0.00225  	-0.0454  	-0.0004  	-0.0124  	-0.0321  	-0.0071  	-0.0203  	-0.0423  	0.04759  	-0.0063  	0.11951  	-0.3634  	0.04362  	0.02647  	0.01211  	0.40077  	0.51056  	268.426  	212.431  	
-0.2571  	-0.3520  	-0.2021  	-0.5315  	0.16796  	-0.4430  	-0.6301  	-0.1928  	0.21049  	-0.4568  	-0.5174  	0.68188  	-0.0191  	-0.5917  	-1.1363  	0.09658  	-0.0218  	0.11222  	0.48457  	0.29145  	-0.2390  	0.05721  	0.03318  	0.30389  	-0.0723  	0.12539  	-0.1823  	-0.2737  	-0.3399  	-0.2286  	0.06082  	0.17680  	-0.0792  	-0.1117  	0.06122  	0.09643  	0.15459  	0.09486  	-0.3982  	0.12897  	0.63824  	0.01907  	0.11898  	0.44156  	0.04318  	-0.0586  	0.01203  	0.04348  	-0.0037  	-0.0304  	-0.0394  	-0.0183  	-0.0384  	0.02369  	0.00637  	-0.0477  	-0.0030  	-0.0168  	-0.0320  	-0.0136  	-0.0177  	-0.0389  	0.04425  	-0.0087  	0.11951  	-0.3634  	0.04362  	0.02647  	0.01211  	0.40077  	0.51056  	268.426  	212.431  	
-0.3669  	-0.3959  	-0.2621  	-0.6152  	0.15899  	-0.5519  	-0.6161  	-0.2142  	0.19004  	-0.3884  	-0.4746  	0.62605  	0.00762  	-0.5677  	-1.1748  	0.08816  	-0.0481  	0.15651  	0.48747  	0.31683  	-0.2492  	0.00138  	-0.0590  	0.31531  	-0.0200  	0.08866  	-0.1724  	-0.2624  	-0.3607  	-0.2068  	0.07771  	0.19764  	-0.0766  	-0.1033  	0.11409  	0.14052  	0.10576  	0.06248  	-0.3899  	0.11280  	0.62067  	0.03567  	0.09768  	0.42463  	0.05202  	-0.0523  	0.01492  	0.04217  	0.00587  	-0.0274  	-0.0274  	-0.0187  	-0.0355  	0.02534  	0.00800  	-0.0374  	0.00311  	-0.0112  	-0.0243  	-0.0092  	-0.0172  	-0.0419  	0.04535  	-0.0036  	0.11951  	-0.3634  	0.04362  	0.02647  	0.01211  	0.40077  	0.51056  	268.426  	212.431  	
-0.5465  	-0.4612  	-0.3974  	-0.6983  	0.14214  	-0.7338  	-0.6336  	-0.2332  	0.14816  	-0.3636  	-0.3290  	0.63824  	-0.0111  	-0.5591  	-1.1716  	0.01305  	-0.0744  	0.14771  	0.47988  	0.34126  	-0.1968  	0.02756  	-0.0848  	0.35634  	-0.0132  	0.09975  	-0.1790  	-0.3045  	-0.3837  	-0.2097  	0.07128  	0.15313  	-0.0849  	-0.1052  	0.15705  	0.14280  	0.11774  	0.06651  	-0.3963  	0.11116  	0.56282  	0.07056  	0.05441  	0.39043  	0.05827  	-0.0571  	0.00591  	0.02296  	-0.0097  	-0.0249  	-0.0399  	-0.0103  	-0.0345  	0.02367  	0.00038  	-0.0371  	0.00130  	-0.0185  	-0.0284  	-0.0045  	-0.0161  	-0.0437  	0.04643  	-0.0129  	0.11951  	-0.3634  	0.04362  	0.02647  	0.01211  	0.40077  	0.51056  	268.426  	212.431  	
-0.5212  	-0.4328  	-0.3677  	-0.7506  	0.13540  	-0.7762  	-0.5990  	-0.2150  	0.14646  	-0.3526  	-0.2753  	0.60111  	-0.0390  	-0.5711  	-1.1618  	-0.0070  	-0.0578  	0.14371  	0.45403  	0.31780  	-0.1725  	0.07415  	-0.0738  	0.38081  	-0.0316  	0.09459  	-0.1584  	-0.3572  	-0.4058  	-0.2194  	0.05710  	0.16375  	-0.0540  	-0.1210  	0.11559  	0.12579  	0.17089  	0.07405  	-0.4071  	0.11598  	0.56422  	0.07267  	0.03927  	0.39321  	0.05898  	-0.0523  	0.01364  	0.02422  	-0.0121  	-0.0188  	-0.0413  	-0.0136  	-0.0334  	0.02554  	0.00329  	-0.0499  	0.00132  	-0.0161  	-0.0262  	-0.0040  	-0.0155  	-0.0327  	0.03646  	-0.0128  	0.11951  	-0.3634  	0.04362  	0.02647  	0.01211  	0.40077  	0.51056  	268.426  	212.431  	
-0.3838  	-0.4014  	-0.2104  	-0.7551  	0.09314  	-0.7089  	-0.6074  	-0.1423  	0.20055  	-0.3934  	-0.4131  	0.55581  	-0.0279  	-0.5318  	-1.1522  	0.00772  	-0.0159  	0.07567  	0.50578  	0.27084  	-0.0826  	0.06723  	0.00630  	0.43271  	-0.0079  	0.10946  	-0.0068  	-0.4723  	-0.4612  	-0.2130  	0.05220  	0.15501  	-0.0992  	-0.1277  	0.13488  	0.07530  	0.22508  	0.09122  	-0.4352  	0.11517  	0.59878  	0.06262  	0.05082  	0.41780  	0.05994  	-0.0587  	0.01392  	0.02983  	-0.0145  	-0.0304  	-0.0476  	-0.0108  	-0.0396  	0.03608  	-0.0092  	-0.0453  	-0.0032  	-0.0214  	-0.0276  	0.00073  	-0.0217  	-0.0394  	0.03819  	-0.0112  	0.11951  	-0.3634  	0.04362  	0.02647  	0.01211  	0.40077  	0.51056  	268.426  	212.431  	
-0.1256  	-0.3912  	-0.1509  	-0.4252  	0.22420  	-0.3654  	-0.6236  	-0.0831  	0.23229  	-0.5323  	-0.5989  	0.64978  	-6.5320  	-0.5431  	-1.0624  	0.21776  	0.02124  	0.15214  	0.51843  	0.28928  	-0.1867  	0.01749  	-0.0716  	0.37011  	0.01596  	0.09629  	-0.0773  	-0.3394  	-0.4393  	-0.2070  	0.02010  	0.19916  	-0.0659  	-0.1302  	0.16108  	0.10019  	0.17901  	0.07329  	-0.4063  	0.13157  	0.56532  	0.04923  	0.07135  	0.41566  	0.05498  	-0.0439  	0.01222  	0.03341  	-0.0066  	-0.0220  	-0.0290  	-0.0141  	-0.0328  	0.02573  	0.00442  	-0.0341  	0.00011  	-0.0155  	-0.0311  	-0.0027  	-0.0245  	-0.0354  	0.04743  	-0.0105  	0.11951  	-0.3634  	0.04362  	0.02647  	0.01211  	0.40077  	0.51056  	268.426  	212.431  	
0.02551  	-0.3267  	-0.0777  	-0.2598  	0.34889  	-0.3590  	-0.5969  	-0.1352  	0.23695  	-0.4810  	-0.5498  	0.75191  	0.00144  	-0.5988  	-1.0182  	0.30477  	-0.0629  	0.15760  	0.47634  	0.40348  	-0.2180  	0.03628  	-0.1666  	0.32937  	0.00481  	0.08135  	-0.1757  	-0.2522  	-0.3602  	-0.2083  	0.01296  	0.18933  	-0.0800  	-0.1089  	0.16737  	0.13019  	0.14308  	0.08652  	-0.3899  	0.16389  	0.55753  	0.05345  	0.09314  	0.42867  	0.04873  	-0.0480  	0.01669  	0.04652  	0.00084  	-0.0330  	-0.0124  	-0.0156  	-0.0292  	0.01889  	0.00777  	-0.0383  	0.00622  	-0.0202  	-0.0281  	-0.0031  	-0.0257  	-0.0528  	0.04244  	-0.0079  	0.11951  	-0.3634  	0.04362  	0.02647  	0.01211  	0.40077  	0.51056  	268.426  	212.431  	
-0.0602  	-0.3214  	-0.1167  	-0.3020  	0.30929  	-0.3708  	-0.6114  	-0.1551  	0.19649  	-0.4504  	-0.5274  	0.68614  	-0.0486  	-0.6192  	-1.0951  	0.28117  	-0.0507  	0.18444  	0.50501  	0.37497  	-0.1953  	0.01736  	-0.1950  	0.37366  	0.10545  	0.04387  	-0.0569  	-0.2559  	-0.3452  	-0.1650  	-0.0111  	0.23460  	-0.1166  	-0.1234  	0.16258  	0.18900  	0.16443  	0.09011  	-0.3958  	0.15785  	0.53929  	0.04590  	0.07023  	0.42896  	0.04942  	-0.0569  	-0.0046  	0.03463  	0.00896  	-0.0378  	-0.0216  	-0.0176  	-0.0247  	0.02845  	0.01075  	-0.0290  	0.00623  	-0.0190  	-0.0212  	0.00328  	-0.0186  	-0.0546  	0.04758  	-0.0087  	0.11951  	-0.3634  	0.04362  	0.02647  	0.01211  	0.40077  	0.51056  	268.426  	212.431  	
-0.2998  	-0.4113  	-0.3536  	-0.3773  	0.27885  	-0.5011  	-0.6031  	-0.1693  	0.18015  	-0.5006  	-0.4987  	0.68185  	-0.0353  	-0.5461  	-1.0006  	0.05040  	-0.0586  	0.15590  	0.46923  	0.32200  	-0.1979  	0.04440  	-0.1102  	0.34727  	0.07972  	0.07230  	-0.0730  	-0.2699  	-0.3209  	-0.1651  	0.01869  	0.18727  	-0.1079  	-0.1086  	0.16347  	0.15710  	0.15527  	0.08045  	-0.3881  	0.12888  	0.53335  	0.06629  	0.03998  	0.40926  	0.06100  	-0.0549  	0.00711  	0.01109  	-0.0129  	-0.0422  	-0.0241  	-0.0142  	-0.0323  	0.02733  	0.00433  	-0.0373  	0.00941  	-0.0168  	-0.0279  	-0.0055  	-0.0226  	-0.0535  	0.04034  	-0.0070  	0.11951  	-0.3634  	0.04362  	0.02647  	0.01211  	0.40077  	0.51056  	268.426  	212.431  	
-0.3509  	-0.4138  	-0.3073  	-0.5707  	0.18092  	-0.5396  	-0.6094  	-0.1824  	0.17560  	-0.4532  	-0.4190  	0.62766  	-0.0439  	-0.5833  	-1.0855  	0.02409  	-0.0408  	0.13304  	0.47150  	0.34769  	-0.1358  	-0.0023  	-0.0595  	0.33970  	0.02381  	0.08521  	-0.1047  	-0.3033  	-0.3586  	-0.2129  	0.03412  	0.18009  	-0.0952  	-0.1058  	0.14200  	0.10816  	0.18308  	0.08848  	-0.4045  	0.10531  	0.56051  	0.05248  	0.05372  	0.41908  	0.06048  	-0.0528  	0.01083  	0.01019  	-0.0128  	-0.0357  	-0.0340  	-0.0124  	-0.0338  	0.02519  	0.00029  	-0.0369  	0.00268  	-0.0192  	-0.0312  	-0.0079  	-0.0142  	-0.0473  	0.04354  	-0.0100  	0.11951  	-0.3634  	0.04362  	0.02647  	0.01211  	0.40077  	0.51056  	268.426  	212.431  	
-0.4742  	-0.4141  	-0.3363  	-0.6949  	0.12904  	-0.6078  	-0.6033  	-0.2385  	0.16518  	-0.4213  	-0.3854  	0.63474  	-0.0296  	-0.6325  	-1.2026  	0.02035  	-0.0611  	0.15742  	0.49047  	0.35087  	-0.2157  	0.02068  	-0.0335  	0.30138  	-0.0156  	0.10503  	-0.1936  	-0.2851  	-0.3476  	-0.2339  	0.05443  	0.15517  	-0.0862  	-0.1009  	0.08815  	0.11409  	0.12990  	0.07088  	-0.3723  	0.10126  	0.59475  	0.06276  	0.07282  	0.41738  	0.05909  	-0.0544  	0.00598  	0.02543  	-0.0142  	-0.0272  	-0.0394  	-0.0114  	-0.0356  	0.02576  	-0.0033  	-0.0360  	0.00139  	-0.0180  	-0.0305  	-0.0082  	-0.0111  	-0.0489  	0.04499  	-0.0161  	0.11951  	-0.3634  	0.04362  	0.02647  	0.01211  	0.40077  	0.51056  	268.426  	212.431  	
-0.6648  	-0.4715  	-0.3849  	-0.7678  	0.12095  	-0.7795  	-0.6629  	-0.1976  	0.14291  	-0.4031  	-0.2500  	0.67354  	0.00220  	-0.7180  	-1.2153  	-0.0752  	0.04769  	-0.0086  	0.53835  	0.10097  	-0.1155  	-0.1866  	-0.2742  	0.35660  	-0.1402  	0.22491  	-0.2192  	-0.4059  	-0.3294  	-0.2660  	0.20069  	0.10560  	-0.1768  	-0.2708  	0.02854  	0.08707  	0.02445  	0.06150  	-0.5090  	0.02726  	0.66122  	0.20292  	-0.0727  	0.46607  	-0.0062  	-0.0378  	-0.0168  	0.04362  	-0.0251  	-0.0344  	-0.0390  	-0.0088  	-0.0330  	0.04574  	0.01018  	-0.0426  	-0.0012  	-0.0300  	-0.0293  	0.00690  	-0.0090  	-0.0391  	0.02607  	-0.0149  	0.11951  	-0.3634  	0.04362  	0.02647  	0.01211  	0.40077  	0.51056  	268.426  	212.431  	
-0.5769  	-0.4623  	-0.3734  	-0.6578  	0.18845  	-0.7732  	-0.6845  	-0.0757  	0.15394  	-0.4295  	-0.2446  	0.71551  	0.07054  	-0.7059  	-1.0710  	-0.1431  	0.13891  	-0.2013  	0.61723  	-0.1125  	0.03249  	-0.3839  	-0.4888  	0.38053  	-0.2137  	0.28978  	-0.1719  	-0.4809  	-0.2984  	-0.2539  	0.26424  	0.07598  	-0.2513  	-0.4091  	0.03266  	0.01857  	0.00817  	0.06154  	-0.6236  	-0.0512  	0.67842  	0.30441  	-0.1837  	0.52844  	-0.0499  	-0.0161  	-0.0302  	0.06035  	-0.0378  	-0.0441  	-0.0255  	-0.0051  	-0.0334  	0.05960  	0.01130  	-0.0417  	-0.0086  	-0.0401  	-0.0274  	0.01494  	-0.0057  	-0.0482  	0.00850  	-0.0162  	0.11951  	-0.3634  	0.04362  	0.02647  	0.01211  	0.40077  	0.51056  	268.426  	212.431  	
-0.4639  	-0.3635  	-0.2063  	-0.6776  	0.12567  	-0.7715  	-0.7474  	0.02880  	0.12435  	-0.3752  	-0.2613  	0.68266  	0.06100  	-0.6005  	-1.1082  	-0.2019  	0.17423  	-0.2648  	0.65198  	-0.2172  	0.08640  	-0.3932  	-0.5225  	0.42553  	-0.1645  	0.29360  	-0.1187  	-0.6153  	-0.2839  	-0.2667  	0.31061  	0.05473  	-0.2848  	-0.4526  	-0.0091  	0.01422  	0.04579  	0.08283  	-0.6053  	-0.0951  	0.71138  	0.33316  	-0.1980  	0.54069  	-0.0674  	-0.0054  	-0.0416  	0.06935  	-0.0477  	-0.0547  	-0.0383  	-0.0004  	-0.0359  	0.05845  	0.00687  	-0.0483  	-0.0052  	-0.0366  	-0.0230  	0.00997  	-0.0087  	-0.0559  	0.00421  	-0.0177  	0.11951  	-0.3634  	0.04362  	0.02647  	0.01211  	0.40077  	0.51056  	268.426  	212.431  	
-0.2979  	-0.3807  	-0.1580  	-0.7342  	0.06602  	-0.6757  	-0.7284  	0.06029  	0.18789  	-0.3572  	-0.3935  	0.62602  	0.08327  	-0.5591  	-1.0185  	-0.1796  	0.15572  	-0.2034  	0.66941  	-0.2169  	0.07661  	-0.3559  	-0.4528  	0.42352  	-0.0688  	0.25650  	-0.0199  	-0.6477  	-0.3058  	-0.2292  	0.28071  	0.05114  	-0.2907  	-0.4240  	-0.0001  	-0.0096  	0.06843  	0.09615  	-0.6394  	-0.0245  	0.70050  	0.29612  	-0.1547  	0.56169  	-0.0548  	-0.0257  	-0.0293  	0.06149  	-0.0296  	-0.0486  	-0.0339  	-0.0080  	-0.0433  	0.06465  	-0.0001  	-0.0462  	-0.0128  	-0.0439  	-0.0343  	0.01645  	-0.0145  	-0.0471  	0.01130  	-0.0152  	0.11951  	-0.3634  	0.04362  	0.02647  	0.01211  	0.40077  	0.51056  	268.426  	212.431  	
-0.1428  	-0.2981  	-0.1072  	-0.3392  	0.29162  	-0.3916  	-0.6565  	0.09205  	0.24464  	-0.6139  	-0.4374  	0.78072  	0.07969  	-0.3984  	-0.7674  	0.02465  	0.08198  	-0.0749  	0.60680  	0.08136  	0.10567  	-0.2372  	-0.3396  	0.48318  	-0.1685  	0.17973  	0.02580  	-0.5488  	-0.4624  	-0.2706  	0.15079  	0.12312  	-0.1396  	-0.2889  	0.19231  	-0.0509  	0.15961  	0.10990  	-0.5534  	0.07117  	0.60876  	0.16309  	-0.0593  	0.49004  	-0.0006  	-0.0386  	-0.0181  	0.04739  	-0.0361  	-0.0297  	-0.0254  	-0.0062  	-0.0507  	0.04649  	-0.0065  	-0.0227  	-0.0238  	-0.0432  	-0.0379  	0.00587  	-0.0063  	-0.0422  	0.01158  	-0.0249  	0.11951  	-0.3634  	0.04362  	0.02647  	0.01211  	0.40077  	0.51056  	268.426  	212.431  	
0.33303  	-0.2129  	0.08805  	0.00723  	0.42483  	-0.0500  	-0.5973  	0.03063  	0.29533  	-0.6658  	-0.7364  	0.79516  	0.17254  	-0.1005  	-0.4477  	0.17782  	-0.0172  	0.03873  	0.45802  	0.29290  	0.00099  	0.07917  	-0.0542  	0.37175  	-0.1436  	0.07992  	-0.0988  	-0.4263  	-0.4709  	-0.1894  	0.05300  	0.18948  	-0.0104  	-0.1158  	0.26629  	-0.0194  	0.26191  	0.09727  	-0.4474  	0.10980  	0.53000  	0.01652  	0.10709  	0.43506  	0.06002  	-0.0526  	0.02051  	0.06261  	0.01294  	-0.0243  	-0.0484  	-0.0272  	-0.0395  	0.01664  	-0.0088  	-0.0322  	-0.0147  	-0.0297  	-0.0371  	-0.0006  	-0.0239  	-0.0404  	0.03291  	-0.0155  	0.11951  	-0.3634  	0.04362  	0.02647  	0.01211  	0.40077  	0.51056  	268.426  	212.431  	
0.49498  	-0.1709  	0.13509  	-0.0797  	0.36767  	-0.1339  	-0.5200  	0.05848  	0.26605  	-0.6557  	-0.7699  	0.70565  	0.20654  	-0.0907  	-0.4966  	0.14199  	-0.0486  	0.06515  	0.47958  	0.17243  	-0.0296  	0.12809  	-0.0874  	0.38790  	0.01651  	0.04599  	-0.0306  	-0.4914  	-0.4314  	-0.1606  	0.03027  	0.21221  	-0.0359  	-0.1232  	0.25554  	-0.0091  	0.26337  	0.09965  	-0.3881  	0.11884  	0.51822  	0.05711  	0.08841  	0.42038  	0.02192  	-0.0463  	-0.0109  	0.08736  	0.01705  	-0.0437  	-0.0276  	-0.0097  	-0.0290  	0.01907  	-0.0041  	-0.0139  	-0.0056  	-0.0273  	-0.0293  	-0.0066  	-0.0155  	-0.0361  	0.03440  	-0.0225  	0.11951  	-0.3634  	0.04362  	0.02647  	0.01211  	0.40077  	0.51056  	268.426  	212.431  	
0.31599  	-0.1729  	-0.0463  	0.31091  	0.61413  	-0.1677  	-0.6092  	0.00876  	0.24691  	-0.5928  	-0.8906  	0.67901  	0.18429  	-0.0378  	-0.3360  	0.16606  	-0.0135  	-0.0648  	0.48322  	0.21869  	-0.0137  	0.13051  	-0.1667  	0.46001  	0.24365  	0.01685  	0.19667  	-0.4935  	-0.3945  	-0.0409  	-0.0470  	0.19042  	-0.1059  	-0.1018  	0.41689  	0.02256  	0.26247  	0.05809  	-0.4117  	0.14140  	0.36394  	0.11670  	0.04052  	0.39950  	0.03941  	-0.0556  	0.00028  	0.06936  	0.02389  	-0.0536  	-0.0131  	-0.0160  	-0.0421  	0.02197  	-0.0029  	-0.0061  	0.00598  	-0.0181  	-0.0230  	-0.0071  	-0.0245  	-0.0515  	0.03366  	-0.0238  	0.11951  	-0.3634  	0.04362  	0.02647  	0.01211  	0.40077  	0.51056  	268.426  	212.431  	
0.23490  	-0.2598  	-0.2565  	0.78230  	0.90334  	-0.1174  	-0.5525  	-0.0028  	0.25836  	-0.6522  	-1.0068  	0.85751  	0.23238  	0.10425  	-0.2144  	0.07219  	-0.0625  	-0.0215  	0.42795  	0.30730  	-0.2050  	0.15802  	-0.2572  	0.42775  	0.22485  	0.02583  	0.05764  	-0.2505  	-0.2789  	-0.0139  	-0.0873  	0.18901  	-0.0772  	-0.0948  	0.37303  	0.04103  	0.08743  	0.03716  	-0.3461  	0.19605  	0.35447  	0.10836  	0.00377  	0.39441  	0.07556  	-0.0594  	-0.0017  	0.02375  	0.00724  	-0.0285  	-0.0334  	-0.0177  	-0.0397  	0.01943  	-0.0044  	-0.0320  	0.02345  	-0.0172  	-0.0294  	-0.0135  	-0.0283  	-0.0451  	0.04019  	-0.0068  	0.11951  	-0.3634  	0.04362  	0.02647  	0.01211  	0.40077  	0.51056  	268.426  	212.431  	
0.20074  	-0.2550  	-0.2235  	0.48300  	0.79320  	-0.2164  	-0.5691  	-0.0215  	0.23568  	-0.6483  	-1.0399  	0.87278  	0.25308  	0.04175  	-0.3696  	0.11040  	-0.0827  	0.06831  	0.42563  	0.35076  	-0.2544  	0.17483  	-0.2878  	0.36409  	0.21125  	0.03874  	0.00074  	-0.1862  	-0.1974  	-0.0259  	-0.0563  	0.16184  	-0.0627  	-0.0604  	0.29502  	0.04967  	0.05192  	0.03113  	-0.3455  	0.19003  	0.39560  	0.10067  	0.03063  	0.39788  	0.06959  	-0.0573  	0.00657  	0.05075  	0.01582  	-0.0456  	-0.0335  	-0.0196  	-0.0343  	0.01621  	-0.0019  	-0.0236  	0.01043  	-0.0221  	-0.0213  	-0.0039  	-0.0312  	-0.0474  	0.03484  	-0.0161  	0.11951  	-0.3634  	0.04362  	0.02647  	0.01211  	0.40077  	0.51056  	268.426  	212.431  	
0.04280  	-0.3568  	-0.1704  	-0.1769  	0.42751  	-0.2923  	-0.5439  	-0.0789  	0.23883  	-0.6315  	-0.7545  	0.69481  	0.07800  	-0.4352  	-0.7286  	0.16613  	-0.0289  	0.12600  	0.48188  	0.30169  	-0.1140  	0.03711  	-0.1241  	0.42152  	0.03210  	0.06148  	0.00275  	-0.3450  	-0.3947  	-0.1736  	-5.2736  	0.22515  	-0.0523  	-0.1141  	0.25241  	0.02917  	0.21725  	0.09510  	-0.4281  	0.16087  	0.49045  	0.07711  	0.05836  	0.43062  	0.05648  	-0.0566  	0.00850  	0.02953  	0.00651  	-0.0364  	-0.0359  	-0.0121  	-0.0424  	0.02251  	0.00411  	-0.0171  	0.01463  	-0.0190  	-0.0240  	-0.0016  	-0.0212  	-0.0474  	0.03996  	-0.0134  	0.11951  	-0.3634  	0.04362  	0.02647  	0.01211  	0.40077  	0.51056  	268.426  	212.431  	
-0.0339  	-0.3950  	-0.1474  	-0.4040  	0.26722  	-0.3023  	-0.6160  	-0.2002  	0.19216  	-0.6126  	-0.5729  	0.58956  	-0.0390  	-0.6141  	-0.9798  	0.17039  	-0.0267  	0.11417  	0.51052  	0.25637  	-0.1038  	0.03491  	-0.0469  	0.43045  	0.05023  	0.05647  	0.03039  	-0.4189  	-0.4581  	-0.1912  	-0.0195  	0.23589  	-0.0963  	-0.1306  	0.21185  	0.14076  	0.21936  	0.09867  	-0.4308  	0.15688  	0.55760  	0.07110  	0.05470  	0.43143  	0.05066  	-0.0448  	0.00540  	0.01621  	-0.0137  	-0.0290  	-0.0371  	-0.0052  	-0.0267  	0.03057  	0.00047  	-0.0339  	0.00358  	-0.0132  	-0.0266  	-0.0085  	-0.0184  	-0.0574  	0.03659  	-0.0148  	0.11951  	-0.3634  	0.04362  	0.02647  	0.01211  	0.40077  	0.51056  	268.426  	212.431  	
0.08192  	-0.3523  	-0.0690  	-0.2542  	0.33625  	-0.3110  	-0.5828  	-0.1534  	0.21100  	-0.4447  	-0.5004  	0.71622  	-0.0315  	-0.6303  	-1.0258  	0.31725  	-0.0687  	0.15817  	0.49359  	0.36622  	-0.2158  	0.01675  	-0.1778  	0.36682  	0.06817  	0.04350  	-0.0883  	-0.2723  	-0.3698  	-0.1869  	-0.0213  	0.21508  	-0.1079  	-0.1172  	0.22147  	0.18110  	0.17337  	0.09774  	-0.4100  	0.15189  	0.55633  	0.07169  	0.06669  	0.41521  	0.04497  	-0.0532  	0.00569  	0.03855  	0.00322  	-0.0230  	-0.0204  	-0.0107  	-0.0313  	0.02787  	0.01249  	-0.0296  	0.00812  	-0.0228  	-0.0380  	-0.0027  	-0.0199  	-0.0598  	0.04626  	-0.0098  	0.11951  	-0.3634  	0.04362  	0.02647  	0.01211  	0.40077  	0.51056  	268.426  	212.431  	
0.01571  	-0.3607  	-0.0760  	-0.3760  	0.25453  	-0.3132  	-0.6031  	-0.1408  	0.22181  	-0.4783  	-0.5232  	0.65762  	-0.0154  	-0.6297  	-1.0929  	0.28793  	-0.0728  	0.16174  	0.49834  	0.37361  	-0.2020  	0.00862  	-0.1710  	0.33498  	0.06230  	0.05423  	-0.0920  	-0.2757  	-0.3658  	-0.1946  	0.00235  	0.22540  	-0.0988  	-0.1078  	0.20586  	0.17008  	0.18231  	0.09939  	-0.4022  	0.15215  	0.55471  	0.06185  	0.07352  	0.41975  	0.04461  	-0.0540  	0.00501  	0.03069  	0.00188  	-0.0277  	-0.0161  	-0.0136  	-0.0343  	0.02828  	0.00919  	-0.0288  	0.00576  	-0.0164  	-0.0299  	-0.0063  	-0.0202  	-0.0549  	0.04407  	-0.0084  	0.11951  	-0.3634  	0.04362  	0.02647  	0.01211  	0.40077  	0.51056  	268.426  	212.431  	
-0.1440  	-0.4085  	-0.2385  	-0.3587  	0.24493  	-0.3695  	-0.6176  	-0.1936  	0.16836  	-0.5565  	-0.5417  	0.64936  	-0.0589  	-0.6473  	-1.0115  	0.17830  	0.00013  	0.11722  	0.49865  	0.29021  	-0.1595  	0.00728  	-0.1315  	0.39736  	0.08645  	0.06021  	-0.0219  	-0.3138  	-0.3869  	-0.1633  	0.00559  	0.22265  	-0.1435  	-0.1188  	0.20003  	0.17420  	0.21579  	0.09769  	-0.4473  	0.12861  	0.54080  	0.05738  	0.06883  	0.41694  	0.05374  	-0.0558  	0.00402  	0.00745  	-0.0086  	-0.0293  	-0.0298  	-0.0132  	-0.0323  	0.02808  	0.01025  	-0.0343  	0.01066  	-0.0153  	-0.0252  	-0.0079  	-0.0290  	-0.0574  	0.04488  	-0.0073  	0.11951  	-0.3634  	0.04362  	0.02647  	0.01211  	0.40077  	0.51056  	268.426  	212.431  	
-0.1554  	-0.3835  	-0.2165  	-0.4216  	0.21050  	-0.3837  	-0.6747  	-0.1902  	0.17679  	-0.6057  	-0.5125  	0.61378  	-0.0727  	-0.6255  	-0.8847  	0.09596  	0.01679  	0.06545  	0.48291  	0.21494  	-0.0540  	0.05295  	-0.0176  	0.39921  	0.03364  	0.06907  	-0.0219  	-0.4564  	-0.4928  	-0.2013  	0.01493  	0.22812  	-0.1171  	-0.1200  	0.22990  	0.08205  	0.31002  	0.13364  	-0.4796  	0.07094  	0.5635  	0.05977  	0.05470  	0.41250  	0.05501  	-0.0587  	0.01395  	-0.0018  	-0.0086  	-0.0299  	-0.0355  	-0.0105  	-0.0332  	0.03987  	0.00536  	-0.0348  	0.00690  	-0.0194  	-0.0252  	-0.0032  	-0.0230  	-0.0509  	0.04330  	-0.0110  	0.11951  	-0.3634  	0.04362  	0.02647  	0.01211  	0.40077  	0.51056  	268.426  	212.431  	
-0.0592  	-0.3646  	-0.1807  	-0.3069  	0.27850  	-0.3212  	-0.6398  	-0.1249  	0.20551  	-0.5771  	-0.5411  	0.65175  	-0.0342  	-0.5607  	-0.9112  	0.17785  	-0.0404  	0.10465  	0.48793  	0.28100  	-0.0914  	0.03753  	-0.0924  	0.34624  	0.03062  	0.06060  	-0.0490  	-0.3739  	-0.4324  	-0.1836  	0.00530  	0.21852  	-0.1046  	-0.1069  	0.23956  	0.11671  	0.24585  	0.10998  	-0.4415  	0.10229  	0.53315  	0.06311  	0.06397  	0.40800  	0.04935  	-0.0539  	0.01244  	0.01638  	-0.0106  	-0.0398  	-0.0293  	-0.0134  	-0.0385  	0.02409  	0.00839  	-0.0314  	0.00798  	-0.0141  	-0.0315  	-0.0085  	-0.0260  	-0.0558  	0.04509  	-0.0073  	0.11951  	-0.3634  	0.04362  	0.02647  	0.01211  	0.40077  	0.51056  	268.426  	212.431  	
0.08523  	-0.3404  	-0.1019  	-0.2213  	0.36445  	-0.2632  	-0.6037  	-0.1189  	0.21658  	-0.5106  	-0.5599  	0.75278  	0.02158  	-0.5084  	-0.9767  	0.27483  	-0.0904  	0.13779  	0.47973  	0.39830  	-0.1560  	-0.0022  	-0.2040  	0.38179  	-0.0024  	0.06052  	-0.0722  	-0.2730  	-0.3901  	-0.1973  	-0.0038  	0.21539  	-0.0808  	-0.1058  	0.26583  	0.15040  	0.18405  	0.08831  	-0.4268  	0.15579  	0.52115  	0.07114  	0.06049  	0.41004  	0.05815  	-0.0563  	0.01064  	0.03441  	0.00314  	-0.0340  	-0.0158  	-0.0139  	-0.0286  	0.02204  	0.00664  	-0.0299  	0.01200  	-0.0165  	-0.0306  	-0.0031  	-0.0276  	-0.0595  	0.04298  	-0.0095  	0.11951  	-0.3634  	0.04362  	0.02647  	0.01211  	0.40077  	0.51056  	268.426  	212.431  	
0.32375  	-0.3056  	-0.0107  	-0.0540  	0.47399  	-0.2001  	-0.5626  	-0.0763  	0.21733  	-0.5230  	-0.6281  	0.66526  	0.06173  	-0.3773  	-0.7445  	0.27770  	-0.0750  	0.02338  	0.47171  	0.28726  	-0.0267  	0.07051  	-0.2041  	0.45970  	0.03096  	0.02500  	0.05863  	-0.4733  	-0.5535  	-0.1719  	-0.0301  	0.27418  	-0.0700  	-0.1200  	0.37033  	0.05600  	0.29219  	0.09169  	-0.4620  	0.16630  	0.48423  	0.08868  	0.03811  	0.40091  	0.04918  	-0.0513  	0.00784  	0.03255  	0.01651  	-0.0328  	-0.0178  	-0.0119  	-0.0401  	0.02523  	-0.0008  	-0.0384  	-0.0064  	-0.0232  	-0.0324  	-0.0065  	-0.0216  	-0.0512  	0.03924  	-0.0251  	0.11951  	-0.3634  	0.04362  	0.02647  	0.01211  	0.40077  	0.51056  	268.426  	212.431  	
0.39350  	-0.1458  	-0.0130  	0.20848  	0.57556  	-0.1271  	-0.5447  	-0.0034  	0.26294  	-0.5621  	-0.8922  	0.69827  	0.20773  	-0.1167  	-0.3838  	0.10297  	-0.0693  	0.01908  	0.51192  	0.26131  	-0.1221  	0.14853  	-0.1888  	0.37544  	0.16813  	0.01836  	0.08683  	-0.4284  	-0.3039  	-0.0706  	-0.0323  	0.19077  	-0.0845  	-0.0941  	0.33363  	0.04530  	0.16758  	0.06064  	-0.3669  	0.16907  	0.44303  	0.08791  	0.06595  	0.42222  	0.05283  	-0.0555  	-0.0160  	0.06686  	0.02179  	-0.0411  	-0.0130  	-0.0178  	-0.0380  	0.02022  	0.00434  	-0.0186  	0.00891  	-0.0210  	-0.0301  	-0.0026  	-0.0265  	-0.0472  	0.03417  	-0.0162  	0.11951  	-0.3634  	0.04362  	0.02647  	0.01211  	0.40077  	0.51056  	268.426  	212.431  	
0.37274  	-0.2063  	-0.2766  	0.66521  	0.81728  	-0.2361  	-0.5840  	0.02180  	0.24825  	-0.5960  	-1.1713  	0.65732  	0.33000  	0.20041  	-0.1197  	-0.0428  	-0.0811  	-0.0074  	0.46395  	0.16750  	-0.2572  	0.23504  	-0.1896  	0.41658  	0.27133  	0.00755  	0.14465  	-0.4332  	-0.1560  	0.03429  	-0.0481  	0.15714  	-0.0945  	-0.0788  	0.39825  	0.03912  	0.04971  	0.01503  	-0.3255  	0.20962  	0.37955  	0.11201  	0.03011  	0.41604  	0.05749  	-0.0470  	-0.0090  	0.04785  	0.02198  	-0.0500  	-0.0246  	-0.0184  	-0.0258  	0.01408  	0.00083  	-0.0035  	0.00288  	-0.0218  	-0.0242  	0.01037  	-0.0211  	-0.0348  	0.01449  	-0.0201  	0.11951  	-0.3634  	0.04362  	0.02647  	0.01211  	0.40077  	0.51056  	268.426  	212.431  	
0.05803  	-0.3562  	-0.2478  	0.30517  	0.69641  	-0.3867  	-0.5174  	-0.0547  	0.22616  	-0.4619  	-0.8263  	0.72548  	0.18703  	-0.0495  	-0.3310  	0.04757  	-0.0648  	-0.0187  	0.47686  	0.34032  	-0.1513  	0.09097  	-0.2001  	0.49061  	0.12686  	0.03426  	0.06380  	-0.4197  	-0.4132  	-0.1249  	-0.0328  	0.21135  	-0.0683  	-0.1010  	0.36858  	0.02608  	0.16375  	0.04808  	-0.4445  	0.20526  	0.39052  	0.12271  	0.00107  	0.41597  	0.07681  	-0.0518  	-0.0045  	0.02926  	0.01104  	-0.0264  	-0.0509  	-0.0110  	-0.0435  	0.03208  	-0.0012  	-0.0346  	0.00310  	-0.0293  	-0.0180  	0.00494  	-0.0273  	-0.0403  	0.01626  	-0.0171  	0.11951  	-0.3634  	0.04362  	0.02647  	0.01211  	0.40077  	0.51056  	268.426  	212.431  	
0.03463  	-0.3655  	-0.0876  	-0.3437  	0.31905  	-0.2909  	-0.5327  	-0.1154  	0.22996  	-0.5278  	-0.5389  	0.71471  	0.05077  	-0.5168  	-1.0137  	0.20376  	-0.0674  	0.11566  	0.50892  	0.34942  	-0.1645  	0.03348  	-0.1589  	0.40936  	0.05473  	0.07088  	-0.0274  	-0.3552  	-0.4422  	-0.1905  	0.02163  	0.21930  	-0.0951  	-0.0859  	0.22898  	0.09896  	0.23732  	0.12046  	-0.4107  	0.14993  	0.54022  	0.06612  	0.06362  	0.40156  	0.05461  	-0.0580  	0.00020  	0.03964  	-0.0017  	-0.0155  	-0.0354  	-0.0063  	-0.0383  	0.03361  	0.00073  	-0.0312  	-0.0005  	-0.0162  	-0.0193  	-0.0080  	-0.0210  	-0.0465  	0.03536  	-0.0198  	0.11951  	-0.3634  	0.04362  	0.02647  	0.01211  	0.40077  	0.51056  	268.426  	212.431  	
-0.2208  	-0.4016  	-0.1846  	-0.4459  	0.28398  	-0.3924  	-0.5948  	-0.1691  	0.21123  	-0.5326  	-0.4530  	0.63851  	-0.0720  	-0.5807  	-1.0643  	0.14648  	-0.0520  	0.13199  	0.52187  	0.25264  	-0.1312  	0.02688  	-0.1243  	0.42453  	0.11573  	0.03387  	0.02543  	-0.4173  	-0.4173  	-0.1668  	0.01203  	0.20890  	-0.1028  	-0.1263  	0.20306  	0.15775  	0.24685  	0.09788  	-0.4462  	0.13030  	0.55407  	0.04387  	0.05558  	0.41485  	0.06238  	-0.0510  	0.01465  	0.00616  	-0.0066  	-0.0229  	-0.0272  	-0.0174  	-0.0279  	0.03189  	0.00315  	-0.0341  	0.00906  	-0.0105  	-0.0232  	0.01402  	-0.0252  	-0.0560  	0.03479  	-0.0123  	0.11951  	-0.3634  	0.04362  	0.02647  	0.01211  	0.40077  	0.51056  	268.426  	212.431  	
-0.2292  	-0.3998  	-0.2270  	-0.5357  	0.16961  	-0.3756  	-0.6361  	-0.1708  	0.20271  	-0.5077  	-0.4784  	0.61853  	-0.0597  	-0.6127  	-1.1040  	0.09958  	-0.0223  	0.11759  	0.50334  	0.27851  	-0.1171  	0.02231  	-0.0214  	0.36554  	0.04584  	0.08842  	-0.0636  	-0.3806  	-0.3985  	-0.1959  	0.01833  	0.18487  	-0.1148  	-0.1215  	0.14199  	0.12485  	0.21497  	0.10184  	-0.4160  	0.11356  	0.57845  	0.04951  	0.06906  	0.42603  	0.05801  	-0.0546  	0.01723  	0.02443  	-0.0082  	-0.0307  	-0.0289  	-0.0118  	-0.0313  	0.03361  	0.00375  	-0.0388  	0.00829  	-0.0107  	-0.0304  	-0.0038  	-0.0202  	-0.0541  	0.03980  	-0.0125  	0.11951  	-0.3634  	0.04362  	0.02647  	0.01211  	0.40077  	0.51056  	268.426  	212.431  	
-0.3299  	-0.4204  	-0.2602  	-0.5807  	0.18237  	-0.5824  	-0.6315  	-0.1791  	0.17550  	-0.4178  	-0.3989  	0.65491  	-0.0441  	-0.5793  	-1.1475  	0.06460  	-0.0292  	0.12821  	0.50956  	0.32680  	-0.1304  	0.00423  	-0.1019  	0.37816  	0.06188  	0.07392  	-0.0544  	-0.3424  	-0.4009  	-0.1904  	0.03191  	0.18078  	-0.1110  	-0.1288  	0.15938  	0.13008  	0.18740  	0.07048  	-0.4128  	0.10993  	0.55056  	0.06360  	0.05799  	0.40959  	0.05949  	-0.0559  	0.01447  	0.02337  	-0.0036  	-0.0246  	-0.0248  	-0.0169  	-0.0437  	0.03135  	0.00454  	-0.0303  	-0.0001  	-0.0200  	-0.0291  	-0.0009  	-0.0225  	-0.0511  	0.03623  	-0.0145  	0.11951  	-0.3634  	0.04362  	0.02647  	0.01211  	0.40077  	0.51056  	268.426  	212.431  	
-0.1952  	-0.3712  	-0.2526  	-0.2707  	0.37220  	-0.4391  	-0.6829  	-0.0437  	0.18550  	-0.5427  	-0.4525  	0.78690  	0.02950  	-0.3678  	-0.7838  	0.08991  	-0.0442  	0.02391  	0.46920  	0.36012  	-0.0159  	-0.0141  	-0.1485  	0.45191  	-0.0750  	0.06719  	-0.0268  	-0.4103  	-0.5479  	-0.1874  	0.02152  	0.20296  	-0.0802  	-0.1142  	0.34412  	0.04781  	0.22895  	0.09047  	-0.4300  	0.13868  	0.46695  	0.07300  	0.02686  	0.38387  	0.06586  	-0.0536  	0.02107  	0.01202  	-0.0155  	-0.0145  	-0.0276  	-0.0141  	-0.0500  	0.03408  	-0.0101  	-0.0429  	0.00695  	-0.0110  	-0.0365  	-0.0010  	-0.0271  	-0.0518  	0.05052  	-0.0108  	0.11951  	-0.3634  	0.04362  	0.02647  	0.01211  	0.40077  	0.51056  	268.426  	212.431  	
0.43155  	-0.2042  	0.11167  	-0.0799  	0.40734  	-0.0934  	-0.5878  	0.05153  	0.31275  	-0.5522  	-0.9519  	0.67052  	0.24615  	-0.0048  	-0.4669  	0.06304  	-0.0252  	-0.0269  	0.45982  	0.14261  	-0.0278  	0.12624  	-0.0009  	0.47173  	0.04639  	0.07740  	0.10850  	-0.6119  	-0.5537  	-0.1549  	0.06290  	0.19889  	-0.0556  	-0.1275  	0.30720  	-0.0379  	0.27764  	0.11058  	-0.4083  	0.12226  	0.47084  	0.06495  	0.10068  	0.42526  	0.04024  	-0.0530  	0.00197  	0.07261  	0.01370  	-0.0105  	-0.0316  	-0.0122  	-0.0442  	0.02355  	0.00072  	-0.0155  	-0.0158  	-0.0298  	-0.0295  	-0.0050  	-0.0219  	-0.0320  	0.03276  	-0.0084  	0.11951  	-0.3634  	0.04362  	0.02647  	0.01211  	0.40077  	0.51056  	268.426  	212.431  	
0.36989  	-0.2419  	0.04541  	-0.0617  	0.37727  	-0.1369  	-0.5185  	0.05761  	0.28223  	-0.5948  	-0.9377  	0.51279  	0.23373  	-0.0353  	-0.4660  	-0.0233  	-0.0123  	-0.0103  	0.47308  	0.09334  	-0.0202  	0.14542  	0.01819  	0.41244  	0.10621  	0.05658  	0.14316  	-0.5870  	-0.4525  	-0.1298  	0.04986  	0.18533  	-0.0741  	-0.1271  	0.32129  	-0.0183  	0.24713  	0.09710  	-0.4176  	0.13012  	0.48281  	0.05257  	0.08117  	0.44938  	0.04548  	-0.0595  	-0.0005  	0.06746  	0.02228  	-0.0179  	-0.0183  	-0.0169  	-0.0404  	0.01698  	0.00626  	-0.0196  	-0.0149  	-0.0179  	-0.0351  	-0.0006  	-0.0159  	-0.0428  	0.03470  	-0.0171  	0.11951  	-0.3634  	0.04362  	0.02647  	0.01211  	0.40077  	0.51056  	268.426  	212.431  	
-0.1414  	-0.3550  	-0.2336  	-0.5059  	0.29033  	-0.4872  	-0.6155  	-0.1244  	0.20519  	-0.4973  	-0.3929  	0.58584  	0.05858  	-0.4116  	-0.9272  	0.01215  	-0.0138  	0.05332  	0.49613  	0.28365  	0.07164  	-0.0307  	-0.1090  	0.48410  	0.03221  	0.07630  	0.13656  	-0.5917  	-0.6069  	-0.1829  	0.05970  	0.22057  	-0.0850  	-0.1338  	0.37294  	0.01590  	0.33030  	0.11574  	-0.5168  	0.12727  	0.48819  	0.06959  	0.01633  	0.39079  	0.08524  	-0.0537  	0.01543  	0.00345  	-0.0123  	-0.0352  	-0.0378  	-0.0060  	-0.0489  	0.02710  	-0.0094  	-0.0375  	-0.0131  	-0.0228  	-0.0308  	0.00457  	-0.0222  	-0.0443  	0.04797  	-0.0228  	0.11951  	-0.3634  	0.04362  	0.02647  	0.01211  	0.40077  	0.51056  	268.426  	212.431  	
-0.4195  	-0.4803  	-0.3531  	-0.5291  	0.26139  	-0.6125  	-0.6008  	-0.1548  	0.19927  	-0.5066  	-0.3202  	0.69530  	-0.0287  	-0.5237  	-1.0142  	-0.0036  	-0.0354  	0.11949  	0.47909  	0.34675  	-0.0642  	0.00795  	-0.0733  	0.44011  	-0.0328  	0.08045  	-0.0571  	-0.3720  	-0.4708  	-0.2238  	0.02544  	0.16264  	-0.0828  	-0.1112  	0.25364  	0.05947  	0.21440  	0.08520  	-0.4343  	0.11270  	0.50583  	0.07988  	0.01640  	0.39142  	0.05435  	-0.0520  	0.01700  	0.00583  	-0.0022  	-0.0221  	-0.0296  	-0.0156  	-0.0379  	0.02649  	0.00014  	-0.0303  	-0.0026  	-0.0199  	-0.0298  	-0.0040  	-0.0173  	-0.0530  	0.03320  	-0.0164  	0.11951  	-0.3634  	0.04362  	0.02647  	0.01211  	0.40077  	0.51056  	268.426  	212.431  	
-0.2642  	-0.3741  	-0.3305  	-0.3399  	0.31588  	-0.5517  	-0.6195  	-0.0543  	0.21725  	-0.5060  	-0.3829  	0.79325  	0.03658  	-0.3800  	-0.9275  	0.00944  	-0.0751  	0.10430  	0.47163  	0.36814  	-0.0799  	0.03356  	-0.1052  	0.37135  	-0.0126  	0.08473  	-0.1331  	-0.3338  	-0.3622  	-0.1956  	0.00391  	0.13305  	-0.0486  	-0.1107  	0.21397  	0.05795  	0.20763  	0.07526  	-0.3906  	0.11644  	0.52825  	0.07300  	0.02266  	0.40019  	0.06526  	-0.0556  	0.01746  	0.02006  	-0.0089  	-0.0389  	-0.0387  	-0.0186  	-0.0365  	0.03350  	-0.0001  	-0.0265  	0.00217  	-0.0215  	-0.0225  	0.00745  	-0.0174  	-0.0433  	0.02723  	-0.0144  	0.11951  	-0.3634  	0.04362  	0.02647  	0.01211  	0.40077  	0.51056  	268.426  	212.431  	
-0.3153  	-0.3607  	-0.3016  	-0.5335  	0.23213  	-0.5082  	-0.6227  	-0.0630  	0.21088  	-0.4687  	-0.4471  	0.68049  	0.01695  	-0.4701  	-0.9974  	-0.0122  	-0.0341  	0.11459  	0.47380  	0.33727  	-0.0939  	0.01842  	-0.0573  	0.36077  	0.00552  	0.08800  	-0.0920  	-0.3411  	-0.3757  	-0.2157  	0.02731  	0.14834  	-0.0628  	-0.1158  	0.14755  	0.05954  	0.17697  	0.07276  	-0.3749  	0.12908  	0.53732  	0.05602  	0.04708  	0.40965  	0.06383  	-0.0534  	0.01432  	0.01726  	-0.0065  	-0.0282  	-0.0344  	-0.0151  	-0.0410  	0.02801  	0.00091  	-0.0384  	0.00652  	-0.0182  	-0.0306  	-0.0034  	-0.0200  	-0.0514  	0.04043  	-0.0122  	0.11951  	-0.3634  	0.04362  	0.02647  	0.01211  	0.40077  	0.51056  	268.426  	212.431  	
-0.3158  	-0.4043  	-0.2642  	-0.6432  	0.13284  	-0.4380  	-0.6131  	-0.1734  	0.21254  	-0.4765  	-0.4690  	0.60582  	-0.0377  	-0.6576  	-1.1163  	0.01448  	-0.0183  	0.15202  	0.49288  	0.32695  	-0.1754  	0.02030  	0.02059  	0.32946  	0.02855  	0.11021  	-0.1282  	-0.2720  	-0.3233  	-0.2172  	0.05319  	0.16225  	-0.0956  	-0.1207  	0.04014  	0.09923  	0.14923  	0.08169  	-0.3642  	0.12182  	0.59474  	0.04143  	0.09276  	0.43532  	0.06111  	-0.0550  	0.01054  	0.03337  	-0.0078  	-0.0243  	-0.0411  	-0.0107  	-0.0368  	0.02950  	0.00461  	-0.0403  	0.00573  	-0.0169  	-0.0266  	-0.0084  	-0.0180  	-0.0573  	0.04119  	-0.0131  	0.11951  	-0.3634  	0.04362  	0.02647  	0.01211  	0.40077  	0.51056  	268.426  	212.431  	
-0.3701  	-0.4051  	-0.2357  	-0.6976  	0.12342  	-0.4116  	-0.6190  	-0.2220  	0.19753  	-0.4771  	-0.5102  	0.62807  	-0.0607  	-0.7266  	-1.2173  	0.07358  	0.00618  	0.17260  	0.50240  	0.28939  	-0.2712  	0.00975  	0.00452  	0.28618  	-0.0162  	0.13839  	-0.1882  	-0.2238  	-0.2974  	-0.2369  	0.07916  	0.16227  	-0.1001  	-0.1236  	-0.0351  	0.12558  	0.12722  	0.08439  	-0.3625  	0.08981  	0.62424  	0.03668  	0.10456  	0.44670  	0.05846  	-0.0665  	0.01151  	0.03969  	-0.0086  	-0.0302  	-0.0370  	-0.0100  	-0.0387  	0.02449  	0.01026  	-0.0433  	0.00523  	-0.0162  	-0.0205  	-0.0059  	-0.0159  	-0.0461  	0.03877  	-0.0043  	0.11951  	-0.3634  	0.04362  	0.02647  	0.01211  	0.40077  	0.51056  	268.426  	212.431  	
-0.3610  	-0.4292  	-0.3309  	-0.6476  	0.11455  	-0.5147  	-0.6334  	-0.2294  	0.19200  	-0.4627  	-0.4656  	0.59982  	-0.0491  	-0.7970  	-1.1532  	0.08500  	0.00811  	0.14680  	0.49599  	0.28915  	-0.2020  	0.00577  	0.01582  	0.29390  	0.00348  	0.11554  	-0.1224  	-0.3192  	-0.3513  	-0.1895  	0.06377  	0.17212  	-0.1040  	-0.1107  	0.05203  	0.10953  	0.18058  	0.09102  	-0.4026  	0.09580  	0.62598  	0.04893  	0.09882  	0.43450  	0.05894  	-0.0520  	0.00871  	0.02395  	-0.0164  	-0.0269  	-0.0418  	-0.0099  	-0.0360  	0.03095  	0.00215  	-0.0358  	-0.0006  	-0.0155  	-0.0324  	-0.0096  	-0.0153  	-0.0492  	0.03859  	-0.0058  	0.11951  	-0.3634  	0.04362  	0.02647  	0.01211  	0.40077  	0.51056  	268.426  	212.431  	
-0.3545  	-0.3967  	-0.2890  	-0.6596  	0.11571  	-0.5470  	-0.6610  	-0.1936  	0.20558  	-0.4407  	-0.4271  	0.61960  	-0.0737  	-0.6848  	-1.1286  	0.07134  	-0.0094  	0.10342  	0.51674  	0.24959  	-0.1515  	0.04866  	0.04814  	0.34897  	-0.0385  	0.12599  	-0.1062  	-0.3570  	-0.4009  	-0.2001  	0.06139  	0.16374  	-0.1017  	-0.1167  	0.11081  	0.07814  	0.19800  	0.10103  	-0.4297  	0.09394  	0.63018  	0.05504  	0.09384  	0.44044  	0.05654  	-0.0573  	0.01239  	0.02430  	-0.0105  	-0.0259  	-0.0382  	-0.0097  	-0.0357  	0.03412  	-0.0064  	-0.0384  	-0.0023  	-0.0165  	-0.0328  	-0.0065  	-0.0128  	-0.0453  	0.03370  	-0.0115  	0.11951  	-0.3634  	0.04362  	0.02647  	0.01211  	0.40077  	0.51056  	268.426  	212.431  	
-0.2551  	-0.3707  	-0.1880  	-0.5880  	0.13637  	-0.4531  	-0.6460  	-0.1816  	0.21525  	-0.4799  	-0.5337  	0.66609  	-0.0128  	-0.5842  	-1.1209  	0.08785  	0.00395  	0.11839  	0.48278  	0.26865  	-0.1922  	0.04958  	0.03055  	0.30825  	-0.0389  	0.12092  	-0.1724  	-0.2937  	-0.3701  	-0.2213  	0.06039  	0.18156  	-0.0827  	-0.1108  	0.04217  	0.06984  	0.17109  	0.10159  	-0.3840  	0.10641  	0.64445  	0.03330  	0.11278  	0.42768  	0.03811  	-0.0630  	0.01008  	0.03457  	-0.0045  	-0.0249  	-0.0428  	-0.0141  	-0.0343  	0.02262  	0.00468  	-0.0403  	-0.0034  	-0.0171  	-0.0307  	-0.0109  	-0.0128  	-0.0356  	0.05093  	-0.0067  	0.11951  	-0.3634  	0.04362  	0.02647  	0.01211  	0.40077  	0.51056  	268.426  	212.431  	
-0.2489  	-0.3346  	-0.1953  	-0.4596  	0.21345  	-0.4479  	-0.6652  	-0.1481  	0.20423  	-0.4691  	-0.5575  	0.71477  	-0.0090  	-0.5627  	-1.0712  	0.09358  	-0.0058  	0.12651  	0.50023  	0.28349  	-0.1988  	0.03782  	0.00053  	0.30305  	-0.0381  	0.10906  	-0.1622  	-0.2849  	-0.3461  	-0.2143  	0.04478  	0.17904  	-0.0921  	-0.1102  	0.07810  	0.10110  	0.13360  	0.09828  	-0.3877  	0.11915  	0.61618  	0.02792  	0.10859  	0.43597  	0.04186  	-0.0555  	0.01631  	0.04411  	-0.0110  	-0.0317  	-0.0341  	-0.0156  	-0.0336  	0.02660  	0.00366  	-0.0467  	0.00595  	-0.0181  	-0.0318  	-0.0052  	-0.0170  	-0.0442  	0.03862  	-0.0058  	0.11951  	-0.3634  	0.04362  	0.02647  	0.01211  	0.40077  	0.51056  	268.426  	212.431  	
-0.2902  	-0.3651  	-0.2112  	-0.5719  	0.13213  	-0.4853  	-0.6544  	-0.1612  	0.19962  	-0.4615  	-0.5204  	0.61433  	-0.0653  	-0.6460  	-1.1166  	0.08676  	-0.0073  	0.13488  	0.51350  	0.25974  	-0.1926  	0.01381  	0.03897  	0.29695  	-0.0272  	0.10716  	-0.1309  	-0.3273  	-0.3788  	-0.2108  	0.03557  	0.19480  	-0.1084  	-0.1133  	0.06400  	0.10172  	0.17928  	0.11304  	-0.4028  	0.10134  	0.61768  	0.03679  	0.09683  	0.45230  	0.04502  	-0.0577  	0.01356  	0.03451  	-0.0057  	-0.0360  	-0.0374  	-0.0087  	-0.0364  	0.03087  	0.00438  	-0.0445  	0.00978  	-0.0149  	-0.0284  	-0.0091  	-0.0174  	-0.0443  	0.04501  	-0.0057  	0.11951  	-0.3634  	0.04362  	0.02647  	0.01211  	0.40077  	0.51056  	268.426  	212.431  	
-0.2411  	-0.3775  	-0.2325  	-0.4491  	0.19295  	-0.4589  	-0.6429  	-0.1679  	0.18149  	-0.5134  	-0.5242  	0.65236  	-0.0466  	-0.5966  	-0.9889  	0.10379  	-0.0264  	0.11366  	0.49698  	0.24646  	-0.1950  	0.05640  	0.04138  	0.33417  	-0.0026  	0.09042  	-0.1209  	-0.3376  	-0.3620  	-0.1836  	0.03260  	0.18976  	-0.1090  	-0.1045  	0.11448  	0.09137  	0.18221  	0.10904  	-0.4217  	0.11737  	0.59817  	0.05715  	0.08061  	0.43596  	0.04889  	-0.0577  	0.00961  	0.01681  	-0.0067  	-0.0341  	-0.0367  	-0.0071  	-0.0410  	0.03030  	0.00237  	-0.0408  	0.00806  	-0.0161  	-0.0283  	-0.0114  	-0.0188  	-0.0404  	0.04363  	-0.0100  	0.11951  	-0.3634  	0.04362  	0.02647  	0.01211  	0.40077  	0.51056  	268.426  	212.431  	
-0.1319  	-0.3298  	-0.2305  	-0.3422  	0.27408  	-0.4208  	-0.6454  	-0.1504  	0.20277  	-0.5296  	-0.5832  	0.71825  	0.00979  	-0.5155  	-0.9436  	0.09666  	-0.0219  	0.11680  	0.48588  	0.28101  	-0.1917  	0.06816  	-0.0007  	0.35147  	-0.0146  	0.09020  	-0.1449  	-0.2806  	-0.3373  	-0.1902  	0.03168  	0.18086  	-0.0744  	-0.1016  	0.12429  	0.09276  	0.15483  	0.09150  	-0.4067  	0.13934  	0.57336  	0.03851  	0.07507  	0.42732  	0.03790  	-0.0554  	0.00923  	0.03344  	-0.0130  	-0.0272  	-0.0455  	-0.0134  	-0.0345  	0.02861  	-0.0024  	-0.0414  	-0.0034  	-0.0221  	-0.0242  	-0.0095  	-0.0173  	-0.0456  	0.04063  	-0.0146  	0.11951  	-0.3634  	0.04362  	0.02647  	0.01211  	0.40077  	0.51056  	268.426  	212.431  	
0.30179  	-0.2421  	-0.0233  	-0.0721  	0.36535  	-0.2208  	-0.5362  	-0.0047  	0.27921  	-0.5630  	-0.6791  	0.73150  	0.10940  	-0.2767  	-0.7266  	0.20721  	-0.0870  	0.10383  	0.45704  	0.29857  	-0.0568  	0.07998  	-0.1105  	0.33204  	0.05330  	0.03871  	-0.0941  	-0.4012  	-0.3842  	-0.1712  	-0.0073  	0.21844  	-0.0735  	-0.1276  	0.24134  	0.05504  	0.19398  	0.11577  	-0.3869  	0.15021  	0.53579  	0.05665  	0.08713  	0.41695  	0.04121  	-0.0576  	-0.0008  	0.05368  	0.01056  	-0.0216  	-0.0280  	-0.0177  	-0.0348  	0.02871  	0.00178  	-0.0237  	0.00260  	-0.0194  	-0.0294  	-0.0121  	-0.0201  	-0.0433  	0.04975  	-0.0149  	0.11951  	-0.3634  	0.04362  	0.02647  	0.01211  	0.40077  	0.51056  	268.426  	212.431  	
0.18981  	-0.2841  	-0.1661  	0.07497  	0.51051  	-0.2796  	-0.5499  	-0.0637  	0.26006  	-0.5322  	-0.7228  	0.78724  	0.12926  	-0.2540  	-0.7035  	0.18375  	-0.0918  	0.12759  	0.46859  	0.34474  	-0.1733  	0.04419  	-0.2075  	0.34477  	0.10824  	0.05635  	-0.1102  	-0.3094  	-0.3330  	-0.1240  	-0.0315  	0.18198  	-0.0683  	-0.1168  	0.25755  	0.06878  	0.13530  	0.08129  	-0.3618  	0.16394  	0.50386  	0.07804  	0.06691  	0.41070  	0.04968  	-0.0520  	0.00765  	0.04362  	0.00710  	-0.0222  	-0.0243  	-0.0189  	-0.0348  	0.02756  	0.00940  	-0.0288  	0.00333  	-0.0218  	-0.0249  	-0.0099  	-0.0311  	-0.0424  	0.05190  	-0.0184  	0.11951  	-0.3634  	0.04362  	0.02647  	0.01211  	0.40077  	0.51056  	268.426  	212.431  	
0.08759  	-0.3308  	-0.2345  	0.03646  	0.51327  	-0.2911  	-0.5478  	-0.0812  	0.23653  	-0.5871  	-0.7555  	0.77895  	0.11329  	-0.2550  	-0.6481  	0.12991  	-0.0490  	0.12906  	0.46282  	0.28946  	-0.1446  	0.05205  	-0.1751  	0.36942  	0.08685  	0.07321  	-0.0524  	-0.2675  	-0.3215  	-0.1322  	-0.0095  	0.19289  	-0.0626  	-0.1118  	0.24646  	0.05920  	0.15045  	0.06829  	-0.3685  	0.18813  	0.49728  	0.07833  	0.06623  	0.40737  	0.06310  	-0.0526  	0.00755  	0.03795  	-0.0009  	-0.0231  	-0.0298  	-0.0164  	-0.0437  	0.02768  	0.00675  	-0.0286  	0.00390  	-0.0200  	-0.0209  	-0.0092  	-0.0277  	-0.0467  	0.03876  	-0.0138  	0.11951  	-0.3634  	0.04362  	0.02647  	0.01211  	0.40077  	0.51056  	268.426  	212.431  	
-0.1113  	-0.3609  	-0.2236  	-0.2763  	0.35327  	-0.2961  	-0.5958  	-0.1272  	0.19969  	-0.5920  	-0.5990  	0.68008  	0.00470  	-0.5120  	-0.8532  	0.12112  	-0.0414  	0.12997  	0.46202  	0.30846  	-0.0932  	0.06314  	-0.1183  	0.41249  	0.04915  	0.07198  	-0.0583  	-0.3305  	-0.3683  	-0.1829  	0.00402  	0.19198  	-0.0954  	-0.1178  	0.21272  	0.07346  	0.18483  	0.08988  	-0.4268  	0.15554  	0.52092  	0.07615  	0.04926  	0.40900  	0.04924  	-0.0513  	0.00413  	0.01465  	-0.0109  	-0.0331  	-0.0224  	-0.0132  	-0.0333  	0.02502  	0.00108  	-0.0271  	0.01151  	-0.0225  	-0.0303  	-0.0032  	-0.0212  	-0.0512  	0.04031  	-0.0078  	0.11951  	-0.3634  	0.04362  	0.02647  	0.01211  	0.40077  	0.51056  	268.426  	212.431  	
-0.0082  	-0.4066  	-0.1980  	-0.2175  	0.34973  	-0.3375  	-0.6243  	-0.2041  	0.15701  	-0.5379  	-0.5919  	0.71593  	-0.0104  	-0.6069  	-0.9699  	0.21960  	-0.0584  	0.11785  	0.46622  	0.29966  	-0.1934  	0.03614  	-0.1305  	0.39731  	0.06388  	0.06965  	-0.0391  	-0.3063  	-0.4129  	-0.1588  	-0.0125  	0.22332  	-0.1179  	-0.1139  	0.18307  	0.14458  	0.18048  	0.10024  	-0.4126  	0.14418  	0.52629  	0.06221  	0.05310  	0.42354  	0.04043  	-0.0518  	0.00772  	0.02212  	-0.0074  	-0.0347  	-0.0260  	-0.0082  	-0.0345  	0.02517  	0.00850  	-0.0381  	0.01123  	-0.0123  	-0.0264  	-0.0173  	-0.0268  	-0.0588  	0.04840  	-0.0124  	0.11951  	-0.3634  	0.04362  	0.02647  	0.01211  	0.40077  	0.51056  	268.426  	212.431  	
0.03233  	-0.3310  	-0.0745  	-0.2700  	0.36046  	-0.3735  	-0.5704  	-0.1634  	0.19690  	-0.4385  	-0.5583  	0.68662  	-0.0289  	-0.6507  	-1.1245  	0.33825  	-0.0921  	0.18628  	0.48993  	0.32883  	-0.2602  	0.04992  	-0.1798  	0.33815  	0.11545  	0.05698  	-0.0640  	-0.2555  	-0.3402  	-0.1526  	-0.0094  	0.21445  	-0.1207  	-0.1112  	0.18388  	0.20723  	0.15924  	0.09069  	-0.3950  	0.14462  	0.53519  	0.07038  	0.06769  	0.43508  	0.06080  	-0.0527  	0.00090  	0.03880  	0.01253  	-0.0404  	-0.0192  	-0.0117  	-0.0282  	0.02329  	0.01226  	-0.0388  	0.00425  	-0.0172  	-0.0273  	-0.0064  	-0.0268  	-0.0624  	0.04320  	-0.0106  	0.11951  	-0.3634  	0.04362  	0.02647  	0.01211  	0.40077  	0.51056  	268.426  	212.431  	
-0.1346  	-0.3435  	-0.2227  	-0.4228  	0.25474  	-0.4597  	-0.5950  	-0.2249  	0.13888  	-0.4562  	-0.5813  	0.61054  	-0.0317  	-0.6506  	-1.1764  	0.23989  	-0.0737  	0.18163  	0.47980  	0.34768  	-0.2309  	0.06097  	-0.1710  	0.34077  	0.11161  	0.05682  	-0.0811  	-0.2701  	-0.2890  	-0.1650  	-0.0046  	0.21108  	-0.1325  	-0.1173  	0.16418  	0.23700  	0.12272  	0.08720  	-0.3839  	0.17050  	0.55510  	0.05029  	0.05754  	0.42399  	0.06253  	-0.0576  	0.00427  	0.02806  	-0.0045  	-0.0423  	-0.0198  	-0.0094  	-0.0304  	0.02917  	0.00748  	-0.0380  	0.00322  	-0.0188  	-0.0289  	-0.0010  	-0.0214  	-0.0615  	0.04646  	-0.0122  	0.11951  	-0.3634  	0.04362  	0.02647  	0.01211  	0.40077  	0.51056  	268.426  	212.431  	
-0.5013  	-0.4284  	-0.3855  	-0.6538  	0.21135  	-0.6875  	-0.5654  	-0.2255  	0.14667  	-0.4194  	-0.3322  	0.60553  	-0.0696  	-0.6255  	-1.2086  	0.08750  	-0.0356  	0.07121  	0.48172  	0.33031  	-0.1513  	0.03199  	-0.0628  	0.42516  	0.08271  	0.08148  	-0.0676  	-0.3987  	-0.3892  	-0.1942  	0.03622  	0.16876  	-0.0781  	-0.1204  	0.17901  	0.15502  	0.21480  	0.07655  	-0.4309  	0.09166  	0.53309  	0.09273  	0.00218  	0.39581  	0.07831  	-0.0538  	0.01024  	0.01221  	-0.0044  	-0.0230  	-0.0325  	-0.0055  	-0.0315  	0.03421  	0.00303  	-0.0420  	-0.0024  	-0.0202  	-0.0177  	0.00490  	-0.0122  	-0.0329  	0.03670  	-0.0138  	0.11951  	-0.3634  	0.04362  	0.02647  	0.01211  	0.40077  	0.51056  	268.426  	212.431  	
-0.6910  	-0.4954  	-0.4119  	-0.9137  	0.12153  	-0.7595  	-0.6427  	-0.1927  	0.18399  	-0.3914  	-0.1632  	0.60963  	-0.0474  	-0.5994  	-1.1450  	-0.0696  	-0.0202  	0.03809  	0.49083  	0.30567  	-0.0164  	-0.0068  	0.00700  	0.43975  	-0.0824  	0.11290  	-0.0776  	-0.4283  	-0.4979  	-0.2301  	0.06912  	0.17589  	-0.0605  	-0.1101  	0.19249  	0.02866  	0.24336  	0.09013  	-0.4390  	0.06381  	0.52349  	0.07115  	0.01402  	0.39378  	0.06530  	-0.0572  	0.00865  	0.00673  	-0.0173  	-0.0260  	-0.0467  	-0.0125  	-0.0355  	0.03215  	-0.0032  	-0.0377  	-0.0013  	-0.0185  	-0.0355  	-0.0032  	-0.0036  	-0.0328  	0.03936  	-0.0185  	0.11951  	-0.3634  	0.04362  	0.02647  	0.01211  	0.40077  	0.51056  	268.426  	212.431  	
-0.4574  	-0.4405  	-0.2886  	-0.7146  	0.09627  	-0.7191  	-0.6267  	-0.1444  	0.17889  	-0.3756  	-0.2476  	0.61923  	-0.0128  	-0.4900  	-1.0347  	-0.0644  	0.01992  	0.06906  	0.46290  	0.30269  	-0.0415  	0.00837  	-0.0367  	0.45920  	-0.0244  	0.08918  	-0.0663  	-0.5059  	-0.5026  	-0.2455  	0.08972  	0.15411  	-0.0584  	-0.1324  	0.14155  	0.04142  	0.25903  	0.08911  	-0.4157  	0.08157  	0.53593  	0.07445  	0.02943  	0.38316  	0.06884  	-0.0473  	0.00807  	0.01987  	-0.0234  	-0.0288  	-0.0477  	-0.0100  	-0.0455  	0.02647  	-0.0011  	-0.0436  	-0.0039  	-0.0169  	-0.0300  	-0.0101  	-0.0147  	-0.0365  	0.04634  	-0.0160  	0.11951  	-0.3634  	0.04362  	0.02647  	0.01211  	0.40077  	0.51056  	268.426  	212.431  	
-0.1765  	-0.3699  	-0.1948  	-0.5678  	0.14156  	-0.4494  	-0.6533  	-0.0773  	0.22086  	-0.5019  	-0.4598  	0.64262  	-0.0051  	-0.5396  	-1.1244  	0.11672  	-0.0073  	0.13673  	0.53741  	0.27816  	-0.0981  	0.03167  	0.01812  	0.39476  	-0.0238  	0.08892  	-0.1011  	-0.3863  	-0.4303  	-0.2075  	0.02322  	0.20317  	-0.0780  	-0.1315  	0.12302  	0.06937  	0.20639  	0.10310  	-0.4053  	0.09719  	0.61855  	0.04233  	0.07977  	0.42409  	0.05063  	-0.0546  	0.01622  	0.03914  	-0.0073  	-0.0258  	-0.0416  	-0.0143  	-0.0399  	0.02045  	-0.0023  	-0.0448  	0.00780  	-0.0167  	-0.0267  	-0.0158  	-0.0158  	-0.0477  	0.04451  	-0.0078  	0.11951  	-0.3634  	0.04362  	0.02647  	0.01211  	0.40077  	0.51056  	268.426  	212.431  	
-0.0387  	-0.3352  	-0.1515  	-0.3500  	0.23007  	-0.3462  	-0.6402  	-0.0706  	0.24662  	-0.4847  	-0.5592  	0.68796  	0.01740  	-0.5556  	-0.9853  	0.14391  	-0.0360  	0.10988  	0.48685  	0.32858  	-0.1675  	0.03997  	-0.0704  	0.35782  	-0.0094  	0.09242  	-0.1092  	-0.3147  	-0.3575  	-0.2113  	0.03703  	0.19091  	-0.0809  	-0.1218  	0.12876  	0.09011  	0.15392  	0.09852  	-0.3880  	0.14412  	0.59426  	0.04166  	0.08970  	0.42433  	0.04335  	-0.0554  	0.01415  	0.04218  	0.00220  	-0.0371  	-0.0311  	-0.0175  	-0.0402  	0.02182  	0.00121  	-0.0360  	0.00229  	-0.0215  	-0.0318  	-0.0117  	-0.0201  	-0.0545  	0.04882  	-0.0082  	0.11951  	-0.3634  	0.04362  	0.02647  	0.01211  	0.40077  	0.51056  	268.426  	212.431  	
0.06044  	-0.3007  	-0.0754  	-0.2870  	0.31975  	-0.3196  	-0.6126  	-0.1293  	0.22347  	-0.4429  	-0.4958  	0.75979  	-0.0375  	-0.5967  	-1.0058  	0.27655  	-0.0699  	0.15319  	0.47406  	0.37528  	-0.1729  	0.01317  	-0.1451  	0.32886  	-0.0086  	0.05461  	-0.1377  	-0.2563  	-0.3534  	-0.1986  	-0.0055  	0.21017  	-0.0805  	-0.1141  	0.19772  	0.13236  	0.16535  	0.08603  	-0.3974  	0.14541  	0.55992  	0.05559  	0.06977  	0.41969  	0.04608  	-0.0505  	0.00985  	0.03587  	0.00343  	-0.0323  	-0.0209  	-0.0139  	-0.0272  	0.02728  	0.00799  	-0.0341  	0.00888  	-0.0218  	-0.0317  	-0.0037  	-0.0220  	-0.0577  	0.04506  	-0.0091  	0.11951  	-0.3634  	0.04362  	0.02647  	0.01211  	0.40077  	0.51056  	268.426  	212.431  	
-0.0062  	-0.3517  	-0.0609  	-0.3877  	0.23197  	-0.3651  	-0.5958  	-0.1578  	0.18986  	-0.4621  	-0.4854  	0.64009  	-0.0471  	-0.6274  	-1.1210  	0.30102  	-0.0765  	0.18111  	0.47327  	0.34084  	-0.2282  	0.00111  	-0.1406  	0.31100  	0.00565  	0.06055  	-0.1420  	-0.2813  	-0.3582  	-0.1894  	0.01418  	0.22561  	-0.0900  	-0.1080  	0.18877  	0.17642  	0.17818  	0.09138  	-0.4014  	0.14794  	0.56347  	0.05434  	0.06979  	0.41928  	0.04862  	-0.0502  	0.00666  	0.02712  	0.00756  	-0.0275  	-0.0248  	-0.0155  	-0.0303  	0.02660  	0.00793  	-0.0328  	0.00262  	-0.0180  	-0.0349  	-0.0062  	-0.0209  	-0.0491  	0.05074  	-0.0074  	0.11951  	-0.3634  	0.04362  	0.02647  	0.01211  	0.40077  	0.51056  	268.426  	212.431  	
-0.2727  	-0.3940  	-0.2751  	-0.4575  	0.23337  	-0.5230  	-0.6046  	-0.2150  	0.17832  	-0.4247  	-0.4535  	0.66017  	-0.0317  	-0.6210  	-1.1593  	0.18794  	-0.0592  	0.11885  	0.47677  	0.35244  	-0.1998  	0.02650  	-0.1224  	0.37684  	0.06704  	0.08433  	-0.0904  	-0.2816  	-0.3661  	-0.1696  	0.01632  	0.20131  	-0.1050  	-0.1202  	0.20696  	0.21048  	0.17438  	0.07802  	-0.4262  	0.13669  	0.54574  	0.07967  	0.05458  	0.41340  	0.05998  	-0.0568  	0.00773  	0.01523  	-0.0058  	-0.0317  	-0.0256  	-0.0097  	-0.0385  	0.02922  	0.01031  	-0.0372  	0.00019  	-0.0153  	-0.0278  	-0.0026  	-0.0269  	-0.0525  	0.04342  	-0.0115  	0.11951  	-0.3634  	0.04362  	0.02647  	0.01211  	0.40077  	0.51056  	268.426  	212.431  	
-0.3883  	-0.4089  	-0.2832  	-0.6299  	0.11278  	-0.5920  	-0.6581  	-0.1889  	0.17619  	-0.4399  	-0.4391  	0.62775  	-0.0701  	-0.4728  	-0.9557  	-0.0667  	0.01438  	0.06467  	0.48574  	0.21108  	-0.0660  	0.02523  	0.00123  	0.36118  	0.04207  	0.10323  	-0.0271  	-0.4623  	-0.4492  	-0.1856  	0.05789  	0.16870  	-0.1104  	-0.1216  	0.17188  	0.07852  	0.21750  	0.09931  	-0.4444  	0.07902  	0.54609  	0.06962  	0.07559  	0.41501  	0.06064  	-0.0607  	0.01445  	0.01548  	-0.0315  	-0.0295  	-0.0410  	-0.0116  	-0.0411  	0.03497  	-0.0075  	-0.0367  	0.00023  	-0.0179  	-0.0302  	-0.0039  	-0.0189  	-0.0524  	0.04133  	-0.0163  	0.11951  	-0.3634  	0.04362  	0.02647  	0.01211  	0.40077  	0.51056  	268.426  	212.431  	
-0.1629  	-0.3383  	-0.1403  	-0.5481  	0.17715  	-0.4098  	-0.6378  	-0.0889  	0.22596  	-0.5226  	-0.4832  	0.66810  	-0.0264  	-0.4681  	-0.9657  	0.07420  	0.00411  	0.08826  	0.48439  	0.22974  	-0.0384  	0.04905  	0.05006  	0.41419  	-0.0364  	0.08834  	-0.0719  	-0.4662  	-0.4811  	-0.2062  	0.04113  	0.18796  	-0.0905  	-0.1359  	0.16466  	0.04413  	0.25268  	0.10314  	-0.4263  	0.11099  	0.58430  	0.04071  	0.05501  	0.41369  	0.04261  	-0.0495  	0.01682  	0.02386  	-0.0141  	-0.0301  	-0.0365  	-0.0135  	-0.0352  	0.02397  	-0.0025  	-0.0414  	-0.0047  	-0.0166  	-0.0304  	-0.0051  	-0.0218  	-0.0458  	0.04929  	-0.0075  	0.11951  	-0.3634  	0.04362  	0.02647  	0.01211  	0.40077  	0.51056  	268.426  	212.431  	
-0.0138  	-0.3386  	-0.0881  	-0.3628  	0.25807  	-0.3297  	-0.6280  	-0.0817  	0.22466  	-0.5011  	-0.5403  	0.67164  	0.00105  	-0.5242  	-1.0047  	0.15832  	-0.0340  	0.13829  	0.49620  	0.29861  	-0.1439  	0.04031  	-0.0459  	0.34131  	-0.0280  	0.08592  	-0.1134  	-0.3550  	-0.4176  	-0.2099  	0.03245  	0.18733  	-0.0564  	-0.1241  	0.15886  	0.06704  	0.23330  	0.09453  	-0.4337  	0.12682  	0.55746  	0.04747  	0.09396  	0.42657  	0.05753  	-0.0586  	0.01974  	0.02765  	0.00250  	-0.0369  	-0.0362  	-0.0151  	-0.0389  	0.02695  	-0.0005  	-0.0368  	-0.0006  	-0.0201  	-0.0312  	-0.0074  	-0.0253  	-0.0537  	0.03882  	-0.0110  	0.11951  	-0.3634  	0.04362  	0.02647  	0.01211  	0.40077  	0.51056  	268.426  	212.431  	
0.04234  	-0.2991  	-0.0579  	-0.3299  	0.30202  	-0.3399  	-0.6037  	-0.0979  	0.23623  	-0.4303  	-0.4871  	0.71140  	-0.0072  	-0.5227  	-1.0254  	0.25717  	-0.0951  	0.11052  	0.49321  	0.37092  	-0.1583  	0.02988  	-0.1570  	0.34360  	-0.0019  	0.07427  	-0.1235  	-0.3016  	-0.3665  	-0.2013  	0.00619  	0.19882  	-0.0697  	-0.1191  	0.21937  	0.13792  	0.19461  	0.07737  	-0.4066  	0.15030  	0.55176  	0.05063  	0.07671  	0.42844  	0.04868  	-0.0554  	0.01376  	0.04332  	0.00026  	-0.0367  	-0.0211  	-0.0172  	-0.0322  	0.01989  	0.00726  	-0.0359  	0.00642  	-0.0211  	-0.0355  	-0.0090  	-0.0283  	-0.0555  	0.04295  	-0.0089  	0.11951  	-0.3634  	0.04362  	0.02647  	0.01211  	0.40077  	0.51056  	268.426  	212.431  	
0.09976  	-0.3014  	-0.0939  	-0.2019  	0.34434  	-0.2776  	-0.6202  	-0.1056  	0.22583  	-0.5255  	-0.5237  	0.69963  	-0.0017  	-0.4774  	-0.8885  	0.26661  	-0.0805  	0.09772  	0.50375  	0.35908  	-0.0535  	0.04384  	-0.1387  	0.42728  	0.00313  	0.06795  	-0.0316  	-0.3860  	-0.4790  	-0.2291  	0.00531  	0.22030  	-0.0736  	-0.1136  	0.31853  	0.10962  	0.24971  	0.10105  	-0.4645  	0.13494  	0.50631  	0.07190  	0.05635  	0.42436  	0.05800  	-0.0518  	0.01056  	0.03711  	-0.0050  	-0.0276  	-0.0187  	-0.0126  	-0.0330  	0.02355  	0.00287  	-0.0326  	0.00483  	-0.0169  	-0.0276  	-0.0034  	-0.0251  	-0.0535  	0.04219  	-0.0120  	0.11951  	-0.3634  	0.04362  	0.02647  	0.01211  	0.40077  	0.51056  	268.426  	212.431  	
0.12470  	-0.2596  	-0.0437  	-0.1998  	0.27299  	-0.2840  	-0.6145  	-0.0543  	0.27743  	-0.5593  	-0.5811  	0.66189  	0.04757  	-0.3843  	-0.6498  	0.14310  	-0.0027  	0.03918  	0.49481  	0.22562  	0.04753  	0.06721  	-0.0313  	0.47378  	0.01544  	0.06100  	0.05669  	-0.6162  	-0.5699  	-0.1787  	0.02416  	0.23475  	-0.0683  	-0.1152  	0.32609  	0.03439  	0.34436  	0.14607  	-0.4945  	0.10424  	0.53402  	0.08181  	0.05497  	0.40991  	0.05145  	-0.0463  	0.01634  	0.03171  	-0.0110  	-0.0302  	-0.0472  	-0.0047  	-0.0323  	0.03893  	0.00611  	-0.0292  	-0.0067  	-0.0114  	-0.0341  	-0.0027  	-0.0122  	-0.0499  	0.03310  	-0.0162  	0.11951  	-0.3634  	0.04362  	0.02647  	0.01211  	0.40077  	0.51056  	268.426  	212.431  	
0.19191  	-0.2406  	-0.0357  	-0.1771  	0.28278  	-0.2292  	-0.6205  	0.03241  	0.29130  	-0.6300  	-0.5288  	0.68466  	0.07509  	-0.2749  	-0.6130  	0.16221  	0.00890  	0.02501  	0.47930  	0.18919  	0.13994  	0.05256  	-0.0361  	0.47438  	-0.0167  	0.06180  	0.06950  	-0.6192  	-0.6095  	-0.1909  	0.02596  	0.23813  	-0.0483  	-0.1241  	0.35474  	-0.0496  	0.36769  	0.15542  	-0.5106  	0.06734  	0.50835  	0.06589  	0.05376  	0.40548  	0.04765  	-0.0484  	0.01375  	0.00682  	-0.0078  	-0.0290  	-0.0498  	-0.0064  	-0.0319  	0.03578  	0.00310  	-0.0293  	-0.0128  	-0.0171  	-0.0310  	-0.0079  	-0.0110  	-0.0377  	0.03726  	-0.0190  	0.11951  	-0.3634  	0.04362  	0.02647  	0.01211  	0.40077  	0.51056  	268.426  	212.431  	
0.32750  	-0.1699  	0.06673  	-0.1436  	0.24407  	-0.1383  	-0.6035  	0.11685  	0.33883  	-0.6944  	-0.4701  	0.72873  	0.06388  	-0.2139  	-0.6264  	0.22084  	-0.0110  	-0.0057  	0.47698  	0.16127  	0.25099  	0.06097  	0.03605  	0.46984  	-0.0771  	0.04844  	0.08646  	-0.6645  	-0.7041  	-0.2197  	0.01294  	0.24502  	-0.0353  	-0.1361  	0.38289  	-0.1003  	0.44085  	0.17861  	-0.5316  	0.04022  	0.49270  	0.05081  	0.06071  	0.41146  	0.03967  	-0.0481  	0.00948  	0.02452  	-0.0031  	-0.0197  	-0.0486  	-0.0121  	-0.0328  	0.03298  	-0.0013  	-0.0177  	-0.0118  	-0.0199  	-0.0347  	-0.0031  	-0.0131  	-0.0366  	0.03309  	-0.0182  	0.11951  	-0.3634  	0.04362  	0.02647  	0.01211  	0.40077  	0.51056  	268.426  	212.431  	
0.33654  	-0.1659  	0.06148  	-0.1305  	0.25724  	-0.1575  	-0.6049  	0.10358  	0.34577  	-0.6863  	-0.4545  	0.74238  	0.06018  	-0.2098  	-0.6328  	0.23100  	-0.0182  	-0.0062  	0.47113  	0.17988  	0.25390  	0.05583  	0.02094  	0.46063  	-0.0918  	0.05484  	0.06839  	-0.6555  	-0.7139  	-0.2267  	0.01309  	0.24022  	-0.0343  	-0.1329  	0.38765  	-0.1036  	0.43480  	0.18037  	-0.5340  	0.04235  	0.48773  	0.05308  	0.05882  	0.40548  	0.04345  	-0.0474  	0.00983  	0.02474  	-0.0061  	-0.0132  	-0.0472  	-0.0119  	-0.0328  	0.03376  	-0.0029  	-0.0175  	-0.0125  	-0.0193  	-0.0336  	-0.0039  	-0.0148  	-0.0333  	0.03103  	-0.0183  	0.11951  	-0.3634  	0.04362  	0.02647  	0.01211  	0.40077  	0.51056  	268.426  	212.431  	
0.39095  	-0.1763  	0.10379  	-0.1215  	0.25894  	-0.0980  	-0.5979  	0.13810  	0.35124  	-0.7012  	-0.4569  	0.74686  	0.07010  	-0.1873  	-0.5982  	0.27040  	-0.0007  	-0.0249  	0.47696  	0.15969  	0.25512  	0.06757  	0.05279  	0.51132  	-0.0736  	0.04668  	0.10658  	-0.6927  	-0.7362  	-0.2166  	0.00928  	0.25154  	-0.0362  	-0.1271  	0.39798  	-0.1050  	0.46499  	0.19472  	-0.5179  	0.03149  	0.46745  	0.05783  	0.06553  	0.40815  	0.04179  	-0.0494  	0.00577  	0.03528  	0.00164  	-0.0255  	-0.0472  	-0.0072  	-0.0311  	0.03660  	-0.0005  	-0.0169  	-0.0121  	-0.0186  	-0.0361  	0.00075  	-0.0143  	-0.0403  	0.03873  	-0.0119  	0.11951  	-0.3634  	0.04362  	0.02647  	0.01211  	0.40077  	0.51056  	268.426  	212.431  	
0.13097  	-0.2295  	-0.0550  	-0.1992  	0.27560  	-0.2899  	-0.6131  	-0.0152  	0.26834  	-0.6019  	-0.4720  	0.74938  	0.04579  	-0.3425  	-0.8083  	0.18886  	-0.0400  	0.11427  	0.44790  	0.30999  	0.04571  	0.01870  	-0.0662  	0.37957  	-0.0545  	0.07533  	-0.0772  	-0.3939  	-0.5060  	-0.2211  	0.01943  	0.19523  	-0.0221  	-0.1135  	0.27343  	0.00073  	0.26032  	0.12495  	-0.4260  	0.11176  	0.53059  	0.06956  	0.05739  	0.40842  	0.05237  	-0.0519  	0.01691  	0.03437  	-0.0096  	-0.0231  	-0.0289  	-0.0074  	-0.0281  	0.03005  	0.00167  	-0.0253  	-0.0037  	-0.0159  	-0.0266  	-0.0060  	-0.0126  	-0.0489  	0.03506  	-0.0098  	0.11951  	-0.3634  	0.04362  	0.02647  	0.01211  	0.40077  	0.51056  	268.426  	212.431  	
-0.0049  	-0.3677  	-0.2376  	-0.2554  	0.32897  	-0.3902  	-0.5664  	-0.1853  	0.20121  	-0.4938  	-0.5074  	0.73936  	0.01748  	-0.5487  	-0.9490  	0.16894  	-0.0414  	0.15209  	0.42407  	0.39003  	-0.2469  	0.02427  	-0.1718  	0.32752  	0.03841  	0.08688  	-0.1890  	-0.1692  	-0.3349  	-0.1925  	0.01590  	0.19902  	-0.0849  	-0.1138  	0.15752  	0.14286  	0.10141  	0.07014  	-0.3854  	0.16389  	0.54175  	0.05726  	0.06075  	0.40188  	0.05106  	-0.0528  	0.01412  	0.03981  	0.00667  	-0.0315  	-0.0210  	-0.0147  	-0.0331  	0.02668  	0.00425  	-0.0384  	0.01174  	-0.0176  	-0.0247  	-0.0018  	-0.0244  	-0.0496  	0.04281  	-0.0027  	0.11951  	-0.3634  	0.04362  	0.02647  	0.01211  	0.40077  	0.51056  	268.426  	212.431  	
-0.0364  	-0.3905  	-0.2009  	-0.1959  	0.35465  	-0.3928  	-0.6149  	-0.1154  	0.16595  	-0.5532  	-0.4838  	0.71624  	0.04119  	-0.7045  	-0.9316  	0.20051  	0.05034  	-0.0209  	0.52433  	0.10358  	-0.1670  	-0.2015  	-0.4665  	0.41037  	0.02463  	0.16877  	-0.1230  	-0.3175  	-0.2973  	-0.2044  	0.10340  	0.19676  	-0.2007  	-0.2954  	0.11143  	0.12690  	0.03923  	0.09145  	-0.5200  	0.08295  	0.62680  	0.17529  	-0.0610  	0.49808  	-0.0100  	-0.0300  	-0.0127  	0.04923  	-0.0085  	-0.0484  	-0.0128  	-0.0097  	-0.0286  	0.04065  	0.00855  	-0.0401  	0.00807  	-0.0280  	-0.0272  	0.00908  	-0.0189  	-0.0685  	0.02626  	-0.0030  	0.11951  	-0.3634  	0.04362  	0.02647  	0.01211  	0.40077  	0.51056  	268.426  	212.431  	
-0.1086  	-0.3640  	-0.1710  	-0.2004  	0.34925  	-0.4370  	-0.6968  	-0.0657  	0.12800  	-0.6059  	-0.5622  	0.68562  	0.06450  	-0.7939  	-0.8670  	0.09889  	0.14559  	-0.1836  	0.65292  	-0.1510  	-0.0767  	-0.4143  	-0.6169  	0.41578  	0.05203  	0.25039  	0.05675  	-0.4287  	-0.2331  	-0.1586  	0.17930  	0.16073  	-0.3077  	-0.4277  	0.06378  	0.11798  	0.02449  	0.09972  	-0.6441  	-0.0229  	0.64647  	0.30231  	-0.1850  	0.57419  	-0.0562  	-0.0165  	-0.0459  	0.06305  	-0.0287  	-0.0663  	-0.0130  	0.00013  	-0.0248  	0.05518  	0.01224  	-0.0395  	0.01087  	-0.0326  	-0.0224  	0.01054  	-0.0211  	-0.0663  	0.02219  	-0.0172  	0.11951  	-0.3634  	0.04362  	0.02647  	0.01211  	0.40077  	0.51056  	268.426  	212.431  	
-0.0207  	-0.3185  	-0.1544  	0.01639  	0.46929  	-0.3403  	-0.7153  	-0.0145  	0.11624  	-0.6930  	-0.6441  	0.75484  	0.11695  	-0.6347  	-0.7170  	0.04840  	0.16948  	-0.2693  	0.66885  	-0.2324  	-0.0218  	-0.4444  	-0.6728  	0.45102  	0.05836  	0.25400  	0.10432  	-0.4486  	-0.1762  	-0.1175  	0.19171  	0.11531  	-0.3192  	-0.4500  	0.09756  	0.07673  	-0.0212  	0.08714  	-0.6536  	-0.0402  	0.59684  	0.37802  	-0.2066  	0.54976  	-0.0525  	-0.0100  	-0.0594  	0.07517  	-0.0298  	-0.0686  	-0.0169  	-0.0052  	-0.0253  	0.05096  	0.00939  	-0.0315  	0.01700  	-0.0400  	-0.0141  	0.01716  	-0.0216  	-0.0571  	0.00969  	-0.0071  	0.11951  	-0.3634  	0.04362  	0.02647  	0.01211  	0.40077  	0.51056  	268.426  	212.431  	
0.15835  	-0.2497  	-0.0632  	0.09694  	0.49543  	-0.1822  	-0.6810  	0.08446  	0.15662  	-0.6933  	-0.8197  	0.68252  	0.12366  	-0.4497  	-0.4236  	0.00240  	0.17201  	-0.2587  	0.62980  	-0.2722  	0.05778  	-0.2963  	-0.5248  	0.42348  	0.09078  	0.21269  	0.10309  	-0.5865  	-0.2049  	-0.1250  	0.17480  	0.14926  	-0.2831  	-0.4159  	0.15505  	0.02782  	0.03051  	0.10707  	-0.6215  	0.00701  	0.60221  	0.30022  	-0.1545  	0.59116  	-0.0710  	-0.0184  	-0.0350  	0.07315  	-0.0203  	-0.0668  	-0.0137  	-0.0002  	-0.0301  	0.06190  	0.00522  	-0.0245  	-0.0055  	-0.0436  	-0.0212  	0.01944  	-0.0160  	-0.0669  	0.00871  	-0.0269  	0.11951  	-0.3634  	0.04362  	0.02647  	0.01211  	0.40077  	0.51056  	268.426  	212.431  	
0.18587  	-0.2517  	-0.0224  	0.00331  	0.47041  	-0.1736  	-0.6685  	0.02583  	0.20682  	-0.6013  	-0.6253  	0.73404  	0.07671  	-0.4602  	-0.6618  	0.18398  	0.02919  	-0.1241  	0.56424  	-0.0232  	0.03399  	-0.1043  	-0.3830  	0.44887  	0.04247  	0.11767  	0.03665  	-0.5270  	-0.3567  	-0.1643  	0.07941  	0.17441  	-0.1762  	-0.2846  	0.23246  	0.06592  	0.17340  	0.09351  	-0.5588  	0.05723  	0.57413  	0.20615  	-0.0567  	0.50513  	-0.0154  	-0.0363  	-0.0271  	0.05504  	-0.0055  	-0.0437  	-0.0253  	-0.0154  	-0.0294  	0.04771  	0.00610  	-0.0196  	0.00037  	-0.0318  	-0.0234  	0.00952  	-0.0144  	-0.0586  	0.01231  	-0.0180  	0.11951  	-0.3634  	0.04362  	0.02647  	0.01211  	0.40077  	0.51056  	268.426  	212.431  	
0.07447  	-0.3384  	-0.0518  	-0.2864  	0.30793  	-0.2985  	-0.6250  	-0.1116  	0.18882  	-0.4616  	-0.4464  	0.71217  	-0.0278  	-0.5711  	-1.1203  	0.34549  	-0.0919  	0.16952  	0.50578  	0.34537  	-0.1468  	0.01799  	-0.2048  	0.36927  	0.08692  	0.03179  	-0.0602  	-0.3435  	-0.4033  	-0.1926  	-0.0058  	0.21340  	-0.0889  	-0.1341  	0.26414  	0.18057  	0.20671  	0.09375  	-0.4295  	0.13636  	0.53899  	0.07938  	0.06897  	0.40190  	0.04960  	-0.0514  	-0.0002  	0.04334  	0.00393  	-0.0294  	-0.0100  	-0.0143  	-0.0264  	0.02748  	0.00885  	-0.0211  	0.01325  	-0.0187  	-0.0282  	-0.0023  	-0.0216  	-0.0607  	0.04667  	-0.0155  	0.11951  	-0.3634  	0.04362  	0.02647  	0.01211  	0.40077  	0.51056  	268.426  	212.431  	
-0.1054  	-0.3998  	-0.1794  	-0.4128  	0.22157  	-0.3602  	-0.6350  	-0.1500  	0.16723  	-0.4823  	-0.4661  	0.64068  	-0.0429  	-0.6514  	-1.1119  	0.26812  	-0.0529  	0.10487  	0.52824  	0.30381  	-0.1201  	0.03974  	-0.1594  	0.43311  	0.11476  	0.04725  	-0.0012  	-0.3504  	-0.4133  	-0.1952  	0.00010  	0.23176  	-0.1286  	-0.1395  	0.22032  	0.18891  	0.23553  	0.08794  	-0.4324  	0.13753  	0.52110  	0.06639  	0.05084  	0.40952  	0.05154  	-0.0488  	0.00631  	0.01726  	0.00234  	-0.0196  	-0.0146  	-0.0167  	-0.0278  	0.02836  	0.00538  	-0.0321  	0.00956  	-0.0147  	-0.0265  	0.00533  	-0.0224  	-0.0608  	0.04802  	-0.0065  	0.11951  	-0.3634  	0.04362  	0.02647  	0.01211  	0.40077  	0.51056  	268.426  	212.431  	
-0.1574  	-0.3947  	-0.2126  	-0.4110  	0.18520  	-0.3584  	-0.6967  	-0.1160  	0.16051  	-0.6184  	-0.4582  	0.64251  	-0.0598  	-0.6307  	-0.9235  	0.16286  	0.00673  	0.02291  	0.52701  	0.20356  	-0.0216  	0.01045  	-0.0329  	0.46301  	0.02051  	0.06547  	0.05583  	-0.4988  	-0.5482  	-0.2160  	0.02402  	0.25642  	-0.1115  	-0.1269  	0.26549  	0.08666  	0.34553  	0.14770  	-0.5088  	0.08649  	0.52560  	0.05574  	0.04607  	0.40738  	0.04679  	-0.0529  	0.01817  	0.00291  	-0.0090  	-0.0209  	-0.0364  	-0.0150  	-0.0296  	0.03885  	0.00267  	-0.0353  	0.00351  	-0.0214  	-0.0227  	-0.0020  	-0.0223  	-0.0558  	0.03990  	-0.0136  	0.11951  	-0.3634  	0.04362  	0.02647  	0.01211  	0.40077  	0.51056  	268.426  	212.431  	
0.25443  	-0.1979  	0.10780  	-0.2121  	0.33259  	-0.1515  	-0.6241  	0.08865  	0.28099  	-0.5830  	-0.6204  	0.74287  	0.09064  	-0.2665  	-0.6635  	0.24396  	-0.0246  	0.00161  	0.53000  	0.22127  	0.15713  	0.06816  	-0.0275  	0.50921  	-0.0421  	0.05549  	0.10836  	-0.6309  	-0.6761  	-0.2275  	0.01479  	0.25346  	-0.0540  	-0.1287  	0.35607  	-0.0197  	0.39068  	0.15414  	-0.4935  	0.09468  	0.48369  	0.07671  	0.06733  	0.42208  	0.05070  	-0.0480  	0.00878  	0.03350  	0.00369  	-0.0403  	-0.0423  	-0.0054  	-0.0340  	0.02876  	-0.0072  	-0.0221  	-0.0103  	-0.0267  	-0.0354  	-0.0022  	-0.0113  	-0.0465  	0.02981  	-0.0176  	0.11951  	-0.3634  	0.04362  	0.02647  	0.01211  	0.40077  	0.51056  	268.426  	212.431  	
0.42773  	-0.1601  	0.16102  	-0.1810  	0.30726  	-0.1269  	-0.6079  	0.13430  	0.29960  	-0.6316  	-0.4987  	0.77938  	0.05536  	-0.2190  	-0.6461  	0.30953  	-0.0221  	0.00426  	0.51003  	0.23598  	0.22111  	0.05709  	-0.0352  	0.48613  	-0.0140  	0.04491  	0.11882  	-0.6660  	-0.6804  	-0.1981  	-0.0006  	0.25391  	-0.0481  	-0.1321  	0.38127  	-0.0285  	0.42152  	0.16514  	-0.4997  	0.05341  	0.47020  	0.07630  	0.07776  	0.41192  	0.04528  	-0.0473  	0.00553  	0.05186  	0.01195  	-0.0266  	-0.0438  	-0.0117  	-0.0283  	0.02986  	-0.0016  	-0.0144  	-0.0030  	-0.0241  	-0.0371  	0.00207  	-0.0189  	-0.0470  	0.04056  	-0.0175  	0.11951  	-0.3634  	0.04362  	0.02647  	0.01211  	0.40077  	0.51056  	268.426  	212.431  	
0.47853  	-0.1905  	0.21215  	-0.1968  	0.26935  	-0.1373  	-0.5635  	0.14895  	0.32663  	-0.5989  	-0.3758  	0.82156  	0.02847  	-0.2970  	-0.8477  	0.43320  	-0.0490  	0.01008  	0.53354  	0.27306  	0.20758  	0.06404  	-0.0849  	0.45260  	0.06666  	0.02093  	0.08615  	-0.6121  	-0.6593  	-0.2144  	-0.0228  	0.24148  	-0.0449  	-0.1209  	0.34551  	-0.0272  	0.42447  	0.17908  	-0.4573  	0.06212  	0.48584  	0.06056  	0.09522  	0.42443  	0.05140  	-0.0512  	-0.0123  	0.06170  	0.01910  	-0.0287  	-0.0330  	-0.0137  	-0.0291  	0.03194  	0.00051  	-0.0119  	-0.0077  	-0.0207  	-0.0355  	0.00311  	-0.0262  	-0.0539  	0.04445  	-0.0144  	0.11951  	-0.3634  	0.04362  	0.02647  	0.01211  	0.40077  	0.51056  	268.426  	212.431  	
0.33220  	-0.1997  	0.14610  	-0.2646  	0.29090  	-0.1970  	-0.5311  	0.09830  	0.33379  	-0.5094  	-0.4809  	0.75523  	0.05595  	-0.2141  	-0.7054  	0.38647  	-0.0278  	0.02146  	0.51280  	0.31044  	0.20806  	0.06444  	-0.1677  	0.42158  	0.17270  	0.01550  	0.12697  	-0.6120  	-0.5577  	-0.2030  	-0.0313  	0.24599  	-0.0601  	-0.1141  	0.34245  	0.01154  	0.36866  	0.15456  	-0.4066  	0.12804  	0.47666  	0.06587  	0.08000  	0.43192  	0.05296  	-0.0662  	-0.0077  	0.06653  	0.02502  	-0.0366  	-0.0225  	-0.0162  	-0.0348  	0.03858  	0.00782  	-0.0129  	-0.0051  	-0.0192  	-0.0344  	0.00783  	-0.0220  	-0.0540  	0.04189  	-0.0110  	0.11951  	-0.3634  	0.04362  	0.02647  	0.01211  	0.40077  	0.51056  	268.426  	212.431  	
0.22829  	-0.2768  	0.00925  	0.18988  	0.47448  	-0.1678  	-0.5255  	-0.0198  	0.26659  	-0.5182  	-0.6739  	0.79289  	0.08690  	-0.1298  	-0.5314  	0.28066  	-0.0100  	0.01965  	0.49062  	0.36156  	0.02562  	0.13177  	-0.1874  	0.47104  	0.17506  	0.02767  	0.15119  	-0.5296  	-0.4916  	-0.1280  	-0.0814  	0.23487  	-0.0923  	-0.1156  	0.31529  	0.01033  	0.30974  	0.12978  	-0.4380  	0.18757  	0.41804  	0.06933  	0.04040  	0.43907  	0.05525  	-0.0503  	-0.0135  	0.05813  	0.01645  	-0.0361  	-0.0088  	-0.0132  	-0.0430  	0.04025  	0.00120  	-0.0157  	0.00015  	-0.0225  	-0.0225  	0.00560  	-0.0196  	-0.0586  	0.03097  	-0.0180  	0.11951  	-0.3634  	0.04362  	0.02647  	0.01211  	0.40077  	0.51056  	268.426  	212.431  	
0.21552  	-0.2596  	-0.1757  	0.24233  	0.59081  	-0.1552  	-0.5924  	-0.0469  	0.22383  	-0.6882  	-0.8701  	0.76193  	0.12195  	-0.1538  	-0.4219  	0.12359  	-0.0354  	0.04253  	0.44384  	0.29230  	-0.0719  	0.11222  	-0.1657  	0.457  	0.17789  	0.04105  	0.08623  	-0.3395  	-0.3206  	-0.0718  	-0.0621  	0.19177  	-0.0946  	-0.0987  	0.33179  	0.00954  	0.16583  	0.07185  	-0.3955  	0.16460  	0.38814  	0.08172  	0.02811  	0.40997  	0.06590  	-0.0513  	-0.0020  	0.03388  	0.00093  	-0.0365  	-0.0239  	-0.0201  	-0.0312  	0.01998  	0.00491  	-0.0181  	0.00356  	-0.0176  	-0.0226  	0.00211  	-0.0243  	-0.0487  	0.03789  	-0.0152  	0.11951  	-0.3634  	0.04362  	0.02647  	0.01211  	0.40077  	0.51056  	268.426  	212.431  	
0.29383  	-0.2514  	-0.0961  	0.20315  	0.56180  	-0.1032  	-0.5777  	0.00815  	0.24969  	-0.6763  	-0.8810  	0.71191  	0.18884  	-0.0850  	-0.3082  	0.09358  	-0.0526  	0.04528  	0.44743  	0.28293  	-0.0593  	0.11966  	-0.1908  	0.45252  	0.16157  	0.02258  	0.06424  	-0.3963  	-0.3692  	-0.0954  	-0.0549  	0.19704  	-0.0698  	-0.1005  	0.33209  	0.01668  	0.18583  	0.07739  	-0.4000  	0.17448  	0.43094  	0.09420  	0.03563  	0.40431  	0.06355  	-0.0489  	0.00011  	0.03892  	0.01023  	-0.0346  	-0.0218  	-0.0160  	-0.0361  	0.02657  	0.00224  	-0.0198  	-0.0021  	-0.0163  	-0.0265  	-0.0043  	-0.0234  	-0.0441  	0.03035  	-0.0193  	0.11951  	-0.3634  	0.04362  	0.02647  	0.01211  	0.40077  	0.51056  	268.426  	212.431  	
0.38063  	-0.1971  	-0.0227  	0.23929  	0.55478  	-0.0163  	-0.5200  	0.04569  	0.26864  	-0.6554  	-0.9784  	0.62306  	0.22415  	0.01152  	-0.3281  	0.05704  	-0.0333  	0.02158  	0.43755  	0.21029  	-0.0659  	0.16060  	-0.1310  	0.40980  	0.21808  	0.01889  	0.09078  	-0.3915  	-0.2977  	-0.0728  	-0.0502  	0.18341  	-0.0737  	-0.0926  	0.28694  	0.00689  	0.16184  	0.05723  	-0.3592  	0.17581  	0.44371  	0.09725  	0.05681  	0.41109  	0.05486  	-0.0473  	-0.0064  	0.05473  	0.01999  	-0.0350  	-0.0185  	-0.0183  	-0.0320  	0.02226  	-0.0025  	-0.0116  	-0.0027  	-0.0179  	-0.0281  	-0.0007  	-0.0190  	-0.0474  	0.03203  	-0.0221  	0.11951  	-0.3634  	0.04362  	0.02647  	0.01211  	0.40077  	0.51056  	268.426  	212.431  	
0.38386  	-0.2131  	-0.1308  	0.42060  	0.70130  	-0.1229  	-0.5287  	0.02891  	0.26473  	-0.5926  	-1.0665  	0.66231  	0.25575  	0.10753  	-0.2280  	0.03647  	-0.0568  	-0.0124  	0.43186  	0.20946  	-0.1030  	0.19981  	-0.1615  	0.44872  	0.29862  	0.00625  	0.12378  	-0.4172  	-0.2782  	-0.0470  	-0.0631  	0.17238  	-0.0790  	-0.0952  	0.33504  	0.02553  	0.12772  	0.04068  	-0.3433  	0.19983  	0.37530  	0.12129  	0.02104  	0.41324  	0.06004  	-0.0490  	-0.0031  	0.05289  	0.01599  	-0.0390  	-0.0122  	-0.0148  	-0.0337  	0.02250  	-2.4455  	-0.0128  	-0.0036  	-0.0202  	-0.0191  	0.00202  	-0.0254  	-0.0437  	0.02966  	-0.0207  	0.11951  	-0.3634  	0.04362  	0.02647  	0.01211  	0.40077  	0.51056  	268.426  	212.431  	
0.16845  	-0.3230  	-0.2426  	0.36143  	0.70429  	-0.3115  	-0.5236  	-0.0096  	0.24872  	-0.5816  	-0.8016  	0.80104  	0.18838  	0.02059  	-0.3901  	0.08318  	-0.0723  	0.03046  	0.44375  	0.32826  	-0.0817  	0.11298  	-0.2711  	0.49393  	0.18698  	0.01850  	0.08827  	-0.3089  	-0.3658  	-0.0807  	-0.0541  	0.20513  	-0.0670  	-0.0975  	0.39909  	0.00718  	0.17285  	0.03073  	-0.4105  	0.18282  	0.39485  	0.10533  	0.00301  	0.39855  	0.06917  	-0.0514  	0.00610  	0.03405  	0.00515  	-0.0310  	-0.0250  	-0.0180  	-0.0391  	0.02491  	-0.0090  	-0.0231  	0.00056  	-0.0254  	-0.0254  	-0.0004  	-0.0276  	-0.0456  	0.02627  	-0.0231  	0.11951  	-0.3634  	0.04362  	0.02647  	0.01211  	0.40077  	0.51056  	268.426  	212.431  	
-0.0096  	-0.3487  	-0.2901  	0.04517  	0.57773  	-0.4585  	-0.5422  	-0.0828  	0.22060  	-0.5145  	-0.6484  	0.88289  	0.09963  	-0.2466  	-0.6732  	0.08572  	-0.1237  	0.17190  	0.42902  	0.41585  	-0.1519  	0.07930  	-0.2658  	0.45669  	0.02650  	0.03888  	-0.1255  	-0.2419  	-0.3736  	-0.1458  	-0.0188  	0.18118  	-0.0530  	-0.0857  	0.30447  	0.03913  	0.12171  	0.06475  	-0.3976  	0.18653  	0.43678  	0.09023  	0.01605  	0.41088  	0.05847  	-0.0533  	0.00361  	0.04735  	-0.0005  	-0.0487  	-0.0395  	-0.0222  	-0.0456  	0.02918  	-0.0018  	-0.0364  	0.00768  	-0.0204  	-0.0411  	-0.0111  	-0.0256  	-0.0568  	0.03021  	-0.0106  	0.11951  	-0.3634  	0.04362  	0.02647  	0.01211  	0.40077  	0.51056  	268.426  	212.431  	
-0.0652  	-0.3460  	-0.2927  	-0.1127  	0.49193  	-0.3399  	-0.5734  	-0.0619  	0.20272  	-0.5769  	-0.6452  	0.77166  	0.02702  	-0.3879  	-0.7639  	0.08306  	-0.0722  	0.17918  	0.45148  	0.39091  	-0.1471  	0.07135  	-0.1691  	0.39698  	0.04124  	0.05497  	-0.1216  	-0.2264  	-0.2891  	-0.1651  	-0.0037  	0.17950  	-0.0737  	-0.0974  	0.23227  	0.05854  	0.10901  	0.06516  	-0.3846  	0.14666  	0.48818  	0.06608  	0.04580  	0.40727  	0.05864  	-0.0483  	0.01284  	0.02178  	-0.0065  	-0.0415  	-0.0198  	-0.0125  	-0.0358  	0.01567  	-0.0005  	-0.0301  	0.00943  	-0.0197  	-0.0275  	-0.0019  	-0.0156  	-0.0583  	0.03819  	-0.0130  	0.11951  	-0.3634  	0.04362  	0.02647  	0.01211  	0.40077  	0.51056  	268.426  	212.431  	
-0.0878  	-0.3838  	-0.2738  	-0.1418  	0.41507  	-0.3093  	-0.5973  	-0.1222  	0.20631  	-0.5639  	-0.7205  	0.73962  	0.03907  	-0.4671  	-0.8001  	0.06195  	-0.0362  	0.19219  	0.43808  	0.36760  	-0.2065  	0.03876  	-0.1296  	0.32123  	0.03425  	0.07633  	-0.1664  	-0.1604  	-0.2200  	-0.1579  	0.02138  	0.15683  	-0.0789  	-0.0867  	0.13585  	0.08580  	0.06355  	0.06046  	-0.3762  	0.15144  	0.54592  	0.04163  	0.07359  	0.41650  	0.06343  	-0.0542  	0.01261  	0.02138  	-0.0073  	-0.0375  	-0.0208  	-0.0127  	-0.0361  	0.01717  	0.00652  	-0.0350  	0.01288  	-0.0156  	-0.0289  	-0.0060  	-0.0219  	-0.0575  	0.04262  	-0.0071  	0.11951  	-0.3634  	0.04362  	0.02647  	0.01211  	0.40077  	0.51056  	268.426  	212.431  	
-0.0869  	-0.3680  	-0.2060  	-0.2273  	0.36924  	-0.3283  	-0.5815  	-0.1326  	0.21484  	-0.5336  	-0.7372  	0.72720  	0.04859  	-0.5133  	-0.8644  	0.07016  	-0.0527  	0.20731  	0.46032  	0.35898  	-0.2775  	0.04857  	-0.1475  	0.30035  	0.03462  	0.08294  	-0.1541  	-0.1850  	-0.2250  	-0.1559  	0.03952  	0.16243  	-0.0709  	-0.0756  	0.08907  	0.10507  	0.07200  	0.07071  	-0.3776  	0.16591  	0.59023  	0.02605  	0.08716  	0.42927  	0.05737  	-0.0568  	0.01126  	0.02460  	-0.0045  	-0.0369  	-0.0252  	-0.0129  	-0.0324  	0.01889  	0.00508  	-0.0344  	0.00305  	-0.0183  	-0.0350  	-0.0026  	-0.0169  	-0.0481  	0.03658  	-0.0056  	0.11951  	-0.3634  	0.04362  	0.02647  	0.01211  	0.40077  	0.51056  	268.426  	212.431  	
-0.1308  	-0.3819  	-0.2287  	-0.3970  	0.26950  	-0.3225  	-0.6258  	-0.1446  	0.21055  	-0.5653  	-0.6632  	0.65330  	0.02665  	-0.6100  	-0.9353  	0.11424  	-0.0116  	0.19081  	0.47165  	0.32574  	-0.2366  	0.01949  	-0.0897  	0.29041  	0.01662  	0.09063  	-0.1392  	-0.2216  	-0.2843  	-0.1908  	0.03851  	0.17955  	-0.0895  	-0.1008  	0.07247  	0.10799  	0.10970  	0.09471  	-0.3749  	0.14513  	0.61201  	0.03594  	0.08453  	0.43030  	0.04728  	-0.0517  	0.01081  	0.02184  	-0.0124  	-0.0271  	-0.0372  	-0.0127  	-0.0318  	0.02504  	0.00132  	-0.0393  	0.00433  	-0.0139  	-0.0306  	-0.0072  	-0.0173  	-0.0466  	0.04245  	-0.0099  	0.11951  	-0.3634  	0.04362  	0.02647  	0.01211  	0.40077  	0.51056  	268.426  	212.431  	
-0.1020  	-0.3601  	-0.2054  	-0.2857  	0.29138  	-0.3409  	-0.6458  	-0.1001  	0.20694  	-0.6107  	-0.5769  	0.69076  	-0.0353  	-0.5302  	-0.8142  	0.11597  	-0.0250  	0.08699  	0.46550  	0.26387  	-0.0649  	0.05525  	-0.0071  	0.35456  	-0.0165  	0.09668  	-0.0590  	-0.4018  	-0.4272  	-0.1996  	0.01834  	0.19840  	-0.0924  	-0.1178  	0.20038  	0.04699  	0.23898  	0.12305  	-0.4331  	0.10613  	0.55120  	0.06952  	0.06200  	0.42498  	0.05712  	-0.0542  	0.00827  	0.00855  	-0.0195  	-0.0247  	-0.0459  	-0.0123  	-0.0355  	0.02806  	0.00128  	-0.0347  	0.00568  	-0.0171  	-0.0320  	-0.0138  	-0.0210  	-0.0425  	0.04102  	-0.0076  	0.11951  	-0.3634  	0.04362  	0.02647  	0.01211  	0.40077  	0.51056  	268.426  	212.431  	
0.03367  	-0.3000  	-0.1219  	-0.1997  	0.30303  	-0.3020  	-0.6444  	-0.0160  	0.24788  	-0.6366  	-0.5367  	0.73494  	0.01697  	-0.3956  	-0.6919  	0.12120  	-0.0275  	0.05419  	0.44456  	0.26797  	0.02872  	0.04127  	0.00411  	0.39322  	-0.0514  	0.08614  	-0.0573  	-0.4598  	-0.4867  	-0.2045  	0.02912  	0.19619  	-0.0562  	-0.1177  	0.25146  	-0.0188  	0.29417  	0.13073  	-0.4546  	0.08854  	0.55731  	0.06033  	0.05522  	0.41894  	0.04970  	-0.0523  	0.01585  	0.01519  	-0.0152  	-0.0254  	-0.0458  	-0.0121  	-0.0354  	0.02821  	-0.0005  	-0.0312  	-0.0025  	-0.0163  	-0.0312  	-0.0062  	-0.0141  	-0.0470  	0.03977  	-0.0101  	0.11951  	-0.3634  	0.04362  	0.02647  	0.01211  	0.40077  	0.51056  	268.426  	212.431  	
0.21386  	-0.2047  	-0.0202  	-0.1602  	0.28586  	-0.2348  	-0.6143  	0.04568  	0.28855  	-0.6543  	-0.4877  	0.72211  	0.05853  	-0.2481  	-0.6570  	0.18689  	-0.0225  	0.02888  	0.46438  	0.22266  	0.17701  	0.04719  	-0.0306  	0.41389  	-0.0829  	0.06521  	0.01054  	-0.5653  	-0.6100  	-0.2215  	0.01402  	0.22400  	-0.0474  	-0.1199  	0.33892  	-0.0758  	0.36465  	0.16795  	-0.5022  	0.06492  	0.51098  	0.05173  	0.05547  	0.40177  	0.04892  	-0.0464  	0.01677  	0.02028  	-0.0096  	-0.0196  	-0.0446  	-0.0090  	-0.0328  	0.03160  	0.00019  	-0.0254  	-0.0130  	-0.0189  	-0.0333  	-0.0122  	-0.0162  	-0.0371  	0.03303  	-0.0176  	0.11951  	-0.3634  	0.04362  	0.02647  	0.01211  	0.40077  	0.51056  	268.426  	212.431  	
0.34403  	-0.1713  	0.06480  	-0.1183  	0.29728  	-0.1364  	-0.5815  	0.09188  	0.32463  	-0.6670  	-0.5235  	0.73148  	0.08143  	-0.2170  	-0.6468  	0.22978  	-0.0263  	0.03166  	0.46768  	0.23842  	0.17334  	0.06539  	-0.0274  	0.44501  	-0.0355  	0.05575  	0.03244  	-0.5790  	-0.6037  	-0.2145  	0.00237  	0.22268  	-0.0276  	-0.1340  	0.35026  	-0.0567  	0.36630  	0.15053  	-0.4857  	0.05880  	0.49523  	0.05343  	0.06972  	0.40404  	0.04797  	-0.0500  	0.01280  	0.02982  	0.00190  	-0.0187  	-0.0367  	-0.0121  	-0.0323  	0.02959  	-6.9662  	-0.0186  	-0.0094  	-0.0207  	-0.0343  	-0.0065  	-0.0166  	-0.0385  	0.03776  	-0.0158  	0.11951  	-0.3634  	0.04362  	0.02647  	0.01211  	0.40077  	0.51056  	268.426  	212.431  	
0.31656  	-0.2183  	0.04303  	-0.0879  	0.35836  	-0.1524  	-0.5718  	0.09381  	0.34118  	-0.6347  	-0.5690  	0.76134  	0.11488  	-0.2289  	-0.6898  	0.24414  	-0.0360  	0.06858  	0.45540  	0.28717  	0.06510  	0.02490  	-0.0601  	0.40037  	-0.0262  	0.05911  	-0.0479  	-0.4444  	-0.4953  	-0.1954  	-0.0002  	0.20232  	0.00256  	-0.1216  	0.30680  	-0.0325  	0.27597  	0.13026  	-0.4290  	0.09025  	0.51738  	0.05226  	0.07465  	0.40664  	0.04804  	-0.0511  	0.00847  	0.04365  	0.00695  	-0.0354  	-0.0275  	-0.0115  	-0.0349  	0.02139  	0.00124  	-0.0241  	-0.0034  	-0.0226  	-0.0352  	-0.0054  	-0.0175  	-0.0493  	0.04696  	-0.0103  	0.11951  	-0.3634  	0.04362  	0.02647  	0.01211  	0.40077  	0.51056  	268.426  	212.431  	
0.19372  	-0.2584  	-0.0572  	-0.2233  	0.31007  	-0.2860  	-0.5516  	-0.0184  	0.30006  	-0.5480  	-0.5283  	0.74649  	0.08635  	-0.2942  	-0.8866  	0.26657  	-0.0635  	0.15665  	0.48029  	0.33943  	-0.0603  	-0.0330  	-0.1516  	0.35326  	0.04260  	0.05780  	-0.1193  	-0.3475  	-0.3896  	-0.1911  	-0.0041  	0.17146  	-0.0315  	-0.1028  	0.24219  	0.05825  	0.20839  	0.10526  	-0.4052  	0.10032  	0.55592  	0.05518  	0.07599  	0.39321  	0.05119  	-0.0510  	0.00949  	0.05017  	-0.0008  	-0.0226  	-0.0338  	-0.0194  	-0.0302  	0.02501  	0.00400  	-0.0299  	-0.0055  	-0.0166  	-0.0322  	-0.0042  	-0.0219  	-0.0504  	0.04944  	0.00077  	0.11951  	-0.3634  	0.04362  	0.02647  	0.01211  	0.40077  	0.51056  	268.426  	212.431  	
-0.0989  	-0.3365  	-0.1903  	-0.3894  	0.25063  	-0.3650  	-0.6089  	-0.0815  	0.25378  	-0.5462  	-0.4866  	0.67684  	-0.0055  	-0.4534  	-0.9981  	0.12152  	-0.0401  	0.12922  	0.49919  	0.29656  	-0.0854  	0.00059  	-0.0848  	0.37383  	0.02345  	0.05500  	-0.0619  	-0.3945  	-0.4176  	-0.1996  	0.03504  	0.18856  	-0.0710  	-0.1206  	0.23540  	0.06291  	0.23420  	0.10262  	-0.4188  	0.12356  	0.54932  	0.04340  	0.07198  	0.41807  	0.05463  	-0.0520  	0.01515  	0.03095  	-0.0098  	-0.0324  	-0.0277  	-0.0102  	-0.0369  	0.02333  	0.00327  	-0.0334  	0.00236  	-0.0183  	-0.0307  	-0.0100  	-0.0227  	-0.0499  	0.04393  	-0.0066  	0.11951  	-0.3634  	0.04362  	0.02647  	0.01211  	0.40077  	0.51056  	268.426  	212.431  	
-0.2381  	-0.3918  	-0.2427  	-0.5114  	0.18063  	-0.4061  	-0.6335  	-0.1556  	0.20174  	-0.5090  	-0.5113  	0.61704  	-0.0452  	-0.5972  	-1.0666  	0.07198  	-0.0425  	0.13272  	0.49571  	0.28374  	-0.1332  	0.02768  	-0.0814  	0.36326  	0.06682  	0.08168  	-0.0408  	-0.3768  	-0.3725  	-0.1853  	0.03272  	0.17674  	-0.0966  	-0.1210  	0.13498  	0.13030  	0.19970  	0.09868  	-0.4125  	0.12795  	0.54083  	0.05700  	0.06123  	0.42116  	0.05834  	-0.0514  	0.00647  	0.02111  	-0.0167  	-0.0303  	-0.0306  	-0.0125  	-0.0315  	0.02866  	0.00401  	-0.0381  	0.01005  	-0.0133  	-0.0279  	-0.0023  	-0.0208  	-0.0549  	0.03903  	-0.0073  	0.11951  	-0.3634  	0.04362  	0.02647  	0.01211  	0.40077  	0.51056  	268.426  	212.431  	
-0.3248  	-0.4057  	-0.2360  	-0.6357  	0.09689  	-0.4984  	-0.6064  	-0.2112  	0.19268  	-0.4562  	-0.4771  	0.57807  	-0.0325  	-0.6543  	-1.1576  	0.04881  	-0.0161  	0.13966  	0.49460  	0.28515  	-0.1968  	0.01546  	-0.0267  	0.28500  	0.04568  	0.10271  	-0.1185  	-0.3130  	-0.3585  	-0.2120  	0.04652  	0.16943  	-0.1222  	-0.1093  	0.06259  	0.15371  	0.17005  	0.10541  	-0.4007  	0.10049  	0.61020  	0.05048  	0.08675  	0.43094  	0.05510  	-0.0614  	0.01431  	0.02894  	-0.0050  	-0.0274  	-0.0311  	-0.0131  	-0.0360  	0.03433  	0.00888  	-0.0398  	0.00469  	-0.0164  	-0.0267  	-0.0056  	-0.0178  	-0.0465  	0.04630  	-0.0070  	0.11951  	-0.3634  	0.04362  	0.02647  	0.01211  	0.40077  	0.51056  	268.426  	212.431  	
-0.3592  	-0.4042  	-0.2368  	-0.6443  	0.10143  	-0.5085  	-0.6053  	-0.2291  	0.19574  	-0.4444  	-0.4835  	0.56759  	-0.0631  	-0.6980  	-1.1614  	0.06487  	-0.0002  	0.13855  	0.50434  	0.25867  	-0.1945  	0.02195  	0.00045  	0.27298  	0.02166  	0.10713  	-0.1150  	-0.3432  	-0.3679  	-0.2133  	0.05210  	0.17962  	-0.1217  	-0.1153  	0.05714  	0.13885  	0.19000  	0.10862  	-0.4072  	0.08323  	0.63101  	0.04836  	0.09265  	0.44050  	0.05491  	-0.0616  	0.01312  	0.02766  	-0.0107  	-0.0229  	-0.0285  	-0.0120  	-0.0389  	0.03424  	0.00855  	-0.0365  	0.00330  	-0.0155  	-0.0278  	-0.0063  	-0.0176  	-0.0414  	0.04529  	-0.0053  	0.11951  	-0.3634  	0.04362  	0.02647  	0.01211  	0.40077  	0.51056  	268.426  	212.431  	
-0.3590  	-0.3827  	-0.2506  	-0.7065  	0.06609  	-0.5181  	-0.6124  	-0.2213  	0.16692  	-0.4458  	-0.4552  	0.53658  	-0.0869  	-0.7073  	-1.2004  	0.06431  	-0.0195  	0.15118  	0.52625  	0.29496  	-0.1443  	0.00998  	0.01129  	0.30769  	0.03114  	0.10124  	-0.1075  	-0.3702  	-0.4035  	-0.2103  	0.03852  	0.17304  	-0.1207  	-0.1170  	0.08924  	0.13030  	0.21085  	0.08938  	-0.4278  	0.10155  	0.60297  	0.06059  	0.06662  	0.43813  	0.05638  	-0.0552  	0.01572  	0.02311  	-0.0124  	-0.0264  	-0.0313  	-0.0073  	-0.0371  	0.03164  	-0.0025  	-0.0349  	0.00453  	-0.0129  	-0.0316  	-0.0125  	-0.0199  	-0.0533  	0.04468  	-0.0142  	0.11951  	-0.3634  	0.04362  	0.02647  	0.01211  	0.40077  	0.51056  	268.426  	212.431  	
-0.4660  	-0.3862  	-0.3032  	-0.6653  	0.14269  	-0.6172  	-0.5962  	-0.2000  	0.15483  	-0.3952  	-0.4303  	0.59910  	-0.0427  	-0.6584  	-1.1364  	0.06179  	-0.0476  	0.13418  	0.48747  	0.29386  	-0.2022  	0.05864  	-0.0097  	0.34182  	-0.0052  	0.09673  	-0.1126  	-0.3451  	-0.3547  	-0.2039  	0.04986  	0.16277  	-0.0993  	-0.1129  	0.07568  	0.11709  	0.14972  	0.08366  	-0.4002  	0.12090  	0.61112  	0.06152  	0.06488  	0.42644  	0.05694  	-0.0555  	0.01342  	0.01430  	-0.0196  	-0.0249  	-0.0418  	-0.0117  	-0.0331  	0.02967  	-0.0074  	-0.0459  	-0.0016  	-0.0196  	-0.0278  	-0.0038  	-0.0136  	-0.0448  	0.03790  	-0.0150  	0.11951  	-0.3634  	0.04362  	0.02647  	0.01211  	0.40077  	0.51056  	268.426  	212.431  	
-0.3890  	-0.3998  	-0.3308  	-0.4908  	0.25675  	-0.6089  	-0.6087  	-0.1317  	0.19377  	-0.4817  	-0.3985  	0.71302  	0.00344  	-0.5467  	-0.9952  	0.05597  	-0.0462  	0.14010  	0.45088  	0.32194  	-0.1733  	0.04848  	-0.0731  	0.37716  	-0.0401  	0.09286  	-0.1121  	-0.3268  	-0.4031  	-0.1977  	0.03073  	0.15705  	-0.0762  	-0.1138  	0.12295  	0.09015  	0.13089  	0.08040  	-0.3765  	0.12700  	0.55956  	0.06898  	0.04386  	0.39889  	0.05125  	-0.0517  	0.01281  	0.01660  	-0.0076  	-0.0260  	-0.0318  	-0.0147  	-0.0354  	0.03198  	0.00239  	-0.0450  	-0.0019  	-0.0231  	-0.0263  	-0.0022  	-0.0168  	-0.0380  	0.03352  	-0.0068  	0.11951  	-0.3634  	0.04362  	0.02647  	0.01211  	0.40077  	0.51056  	268.426  	212.431  	
-0.0785  	-0.2998  	-0.2257  	-0.2114  	0.35162  	-0.3760  	-0.6236  	-0.0463  	0.23575  	-0.6286  	-0.6179  	0.85197  	0.07247  	-0.3530  	-0.7978  	0.06556  	-0.0291  	0.13958  	0.49200  	0.33610  	-0.1160  	0.03995  	-0.0772  	0.32728  	-0.0213  	0.08582  	-0.1360  	-0.2420  	-0.3465  	-0.1629  	0.03825  	0.12726  	-0.0880  	-0.1003  	0.17905  	0.07130  	0.12738  	0.05235  	-0.3605  	0.11203  	0.54461  	0.04579  	0.07611  	0.40934  	0.05778  	-0.0511  	0.00409  	0.04278  	-0.0117  	-0.0237  	-0.0242  	-0.0169  	-0.0349  	0.02587  	-0.0035  	-0.0184  	0.00750  	-0.0297  	-0.0222  	-0.0017  	-0.0226  	-0.0455  	0.02831  	-0.0155  	0.11951  	-0.3634  	0.04362  	0.02647  	0.01211  	0.40077  	0.51056  	268.426  	212.431  	
0.16189  	-0.2674  	-0.1001  	-0.0324  	0.32670  	-0.1931  	-0.6347  	-0.0001  	0.25247  	-0.6281  	-0.7695  	0.79593  	0.11311  	-0.2888  	-0.5560  	0.12820  	-0.0111  	0.11058  	0.48034  	0.27782  	-0.0184  	0.06973  	-0.0400  	0.37784  	0.03872  	0.05018  	-0.0509  	-0.4152  	-0.4295  	-0.1819  	0.01602  	0.20361  	-0.0506  	-0.1298  	0.24642  	-0.0070  	0.20615  	0.10927  	-0.4015  	0.13654  	0.53528  	0.02362  	0.08960  	0.41648  	0.04776  	-0.0636  	0.01305  	0.03990  	0.01415  	-0.0295  	-0.0234  	-0.0162  	-0.0372  	0.02620  	-0.0001  	-0.0202  	-0.0049  	-0.0244  	-0.0250  	-0.0037  	-0.0235  	-0.0489  	0.03838  	-0.0140  	0.11951  	-0.3634  	0.04362  	0.02647  	0.01211  	0.40077  	0.51056  	268.426  	212.431  	
0.19709  	-0.2402  	-0.0294  	-0.0757  	0.43808  	-0.1657  	-0.6101  	-0.0163  	0.26744  	-0.5847  	-0.6501  	0.74939  	0.04227  	-0.3902  	-0.7203  	0.24642  	-0.0403  	0.07847  	0.50863  	0.28543  	-0.0238  	0.06500  	-0.1514  	0.44665  	0.05190  	0.02616  	0.01289  	-0.4454  	-0.4492  	-0.1748  	-0.0110  	0.22690  	-0.0699  	-0.1022  	0.29366  	0.07305  	0.29088  	0.10511  	-0.4326  	0.14451  	0.51814  	0.05332  	0.07986  	0.41301  	0.04607  	-0.0551  	-0.0055  	0.03998  	0.01776  	-0.0387  	-0.0327  	-0.0194  	-0.0356  	0.02875  	0.00496  	-0.0135  	0.00562  	-0.0196  	-0.0245  	0.00316  	-0.0221  	-0.0462  	0.03389  	-0.0182  	0.11951  	-0.3634  	0.04362  	0.02647  	0.01211  	0.40077  	0.51056  	268.426  	212.431  	
0.16362  	-0.3061  	-0.0921  	-0.1734  	0.38569  	-0.2590  	-0.6092  	-0.0905  	0.20909  	-0.5166  	-0.5461  	0.72404  	-0.0082  	-0.4921  	-0.9104  	0.31144  	-0.0885  	0.14791  	0.48346  	0.35495  	-0.0938  	0.04734  	-0.1816  	0.41181  	0.07825  	0.03849  	-0.0040  	-0.3518  	-0.4216  	-0.1856  	-0.0105  	0.22079  	-0.0804  	-0.1217  	0.29030  	0.12145  	0.22125  	0.10177  	-0.4244  	0.13535  	0.49780  	0.06900  	0.06171  	0.41687  	0.05165  	-0.0552  	0.01160  	0.04269  	0.00908  	-0.0355  	-0.0090  	-0.0119  	-0.0252  	0.02300  	0.00393  	-0.0290  	0.01352  	-0.0208  	-0.0265  	-0.0048  	-0.0247  	-0.0638  	0.04513  	-0.0154  	0.11951  	-0.3634  	0.04362  	0.02647  	0.01211  	0.40077  	0.51056  	268.426  	212.431  	
0.11665  	-0.3531  	-0.0597  	-0.3026  	0.35274  	-0.2809  	-0.5743  	-0.1361  	0.21481  	-0.4739  	-0.5284  	0.65378  	-0.0072  	-0.5653  	-1.0197  	0.32209  	-0.1130  	0.14247  	0.49152  	0.33391  	-0.1372  	0.05241  	-0.1656  	0.38476  	0.10322  	0.02997  	0.01128  	-0.3303  	-0.4062  	-0.1815  	-0.0045  	0.22408  	-0.0992  	-0.1122  	0.27362  	0.17922  	0.22821  	0.10524  	-0.4253  	0.15574  	0.52160  	0.08001  	0.07107  	0.42655  	0.04213  	-0.0487  	0.00610  	0.03304  	-0.0006  	-0.0377  	-0.0169  	-0.0111  	-0.0306  	0.02427  	0.01140  	-0.0277  	0.00606  	-0.0208  	-0.0264  	-0.0019  	-0.0265  	-0.0574  	0.04557  	-0.0110  	0.11951  	-0.3634  	0.04362  	0.02647  	0.01211  	0.40077  	0.51056  	268.426  	212.431  	
0.01119  	-0.3572  	-0.1501  	-0.3602  	0.25614  	-0.3096  	-0.5747  	-0.1505  	0.19241  	-0.5435  	-0.5857  	0.60722  	-0.0015  	-0.5953  	-0.9947  	0.21477  	-0.0705  	0.12799  	0.47664  	0.31981  	-0.1745  	0.05408  	-0.1308  	0.33611  	0.06849  	0.06488  	-0.0499  	-0.2906  	-0.3577  	-0.1840  	0.01744  	0.21528  	-0.1049  	-0.1111  	0.20380  	0.16498  	0.18986  	0.10151  	-0.4088  	0.14221  	0.55325  	0.06836  	0.07206  	0.42518  	0.04230  	-0.0564  	0.00967  	0.02484  	-0.0050  	-0.0323  	-0.0205  	-0.0137  	-0.0294  	0.02692  	0.00839  	-0.0331  	0.00654  	-0.0181  	-0.0296  	-0.0025  	-0.0211  	-0.0548  	0.04441  	-0.0064  	0.11951  	-0.3634  	0.04362  	0.02647  	0.01211  	0.40077  	0.51056  	268.426  	212.431  	
-0.1030  	-0.3938  	-0.2249  	-0.3450  	0.23024  	-0.4000  	-0.6158  	-0.1698  	0.18069  	-0.5879  	-0.5766  	0.61567  	-0.0264  	-0.6137  	-0.9296  	0.14134  	-0.0259  	0.13196  	0.47148  	0.30740  	-0.1734  	0.01082  	-0.0731  	0.35078  	0.04488  	0.08394  	-0.0643  	-0.3081  	-0.3633  	-0.1897  	0.02356  	0.20046  	-0.1173  	-0.1156  	0.21287  	0.13592  	0.18982  	0.09661  	-0.4392  	0.12473  	0.55539  	0.06921  	0.05994  	0.41442  	0.05490  	-0.0540  	0.01409  	0.01768  	-0.0100  	-0.0228  	-0.0279  	-0.0160  	-0.0331  	0.02852  	0.00861  	-0.0331  	0.00887  	-0.0164  	-0.0249  	-0.0092  	-0.0268  	-0.0497  	0.05076  	-0.0089  	0.11951  	-0.3634  	0.04362  	0.02647  	0.01211  	0.40077  	0.51056  	268.426  	212.431  	
0.10367  	-0.3016  	-0.1143  	-0.1920  	0.32175  	-0.2974  	-0.6043  	-0.0378  	0.24508  	-0.6689  	-0.5247  	0.68009  	0.00908  	-0.3787  	-0.6440  	0.11066  	-0.0244  	0.04822  	0.46412  	0.25450  	0.05351  	0.04029  	-0.0646  	0.43525  	0.00376  	0.05873  	-0.0023  	-0.4976  	-0.5298  	-0.1972  	0.01209  	0.22434  	-0.0542  	-0.1216  	0.30666  	-0.0173  	0.32776  	0.13947  	-0.4891  	0.08251  	0.52705  	0.06401  	0.04616  	0.40719  	0.05189  	-0.0444  	0.01819  	0.00906  	-0.0093  	-0.0334  	-0.0408  	-0.0091  	-0.0333  	0.02908  	0.00424  	-0.0345  	-0.0024  	-0.0213  	-0.0325  	-0.0080  	-0.0178  	-0.0457  	0.03945  	-0.0125  	0.11951  	-0.3634  	0.04362  	0.02647  	0.01211  	0.40077  	0.51056  	268.426  	212.431  	
0.23064  	-0.2068  	-0.0355  	-0.1765  	0.28850  	-0.2501  	-0.6021  	0.04038  	0.31216  	-0.6139  	-0.5068  	0.74754  	0.08444  	-0.2870  	-0.7759  	0.23439  	-0.0291  	0.07885  	0.46627  	0.28962  	0.06753  	0.01988  	-0.0891  	0.37123  	-0.0413  	0.05599  	-0.0230  	-0.4762  	-0.5514  	-0.2236  	0.01296  	0.20883  	-0.0201  	-0.1315  	0.31536  	-0.0206  	0.28671  	0.13745  	-0.4491  	0.09168  	0.51873  	0.06353  	0.06934  	0.39775  	0.04751  	-0.0456  	0.01618  	0.02663  	-0.0045  	-0.0194  	-0.0328  	-0.0099  	-0.0360  	0.03096  	0.00241  	-0.0258  	-0.0121  	-0.0174  	-0.0337  	-0.0084  	-0.0180  	-0.0396  	0.03887  	-0.0153  	0.11951  	-0.3634  	0.04362  	0.02647  	0.01211  	0.40077  	0.51056  	268.426  	212.431  	
0.42586  	-0.2055  	0.12793  	-0.0167  	0.37467  	-0.1235  	-0.6034  	0.11858  	0.31257  	-0.6017  	-0.6686  	0.69446  	0.24282  	-0.1757  	-0.6316  	0.13852  	0.07879  	-0.1083  	0.54205  	-0.0300  	0.06360  	-0.1689  	-0.3438  	0.41507  	-0.0419  	0.14870  	0.02900  	-0.6046  	-0.4156  	-0.1658  	0.13259  	0.18129  	-0.1232  	-0.2835  	0.21921  	-0.0518  	0.17044  	0.12136  	-0.5392  	0.01741  	0.58277  	0.18712  	-0.0180  	0.49890  	-0.0216  	-0.0246  	-0.0219  	0.07949  	0.00213  	-0.0445  	-0.0308  	-0.0075  	-0.0319  	0.04474  	0.00897  	-0.0202  	-0.0155  	-0.0368  	-0.0307  	0.01263  	-0.0053  	-0.0496  	0.02726  	-0.0108  	0.11951  	-0.3634  	0.04362  	0.02647  	0.01211  	0.40077  	0.51056  	268.426  	212.431  	
0.19447  	-0.2420  	-0.0097  	-0.2430  	0.29388  	-0.4082  	-0.6280  	0.08180  	0.22031  	-0.5757  	-0.5477  	0.64268  	0.18295  	-0.3162  	-0.7132  	0.02406  	0.13685  	-0.1924  	0.58907  	-0.1729  	0.09664  	-0.3962  	-0.6048  	0.43329  	-0.0205  	0.21800  	0.01567  	-0.6623  	-0.3486  	-0.2356  	0.22103  	0.11123  	-0.2212  	-0.4297  	0.17170  	-0.0260  	0.13136  	0.11174  	-0.6561  	-0.0344  	0.68892  	0.30246  	-0.1431  	0.54030  	-0.0543  	-0.0112  	-0.0373  	0.08170  	-0.0271  	-0.0422  	-0.0240  	-0.0065  	-0.0397  	0.05891  	0.01356  	-0.0198  	-0.0084  	-0.0422  	-0.0300  	0.01294  	-0.0125  	-0.0530  	0.00491  	-0.0068  	0.11951  	-0.3634  	0.04362  	0.02647  	0.01211  	0.40077  	0.51056  	268.426  	212.431  	
-0.1105  	-0.3176  	-0.0653  	-0.4331  	0.21176  	-0.4056  	-0.7025  	0.03581  	0.18309  	-0.6045  	-0.4121  	0.66852  	0.09338  	-0.6312  	-0.7875  	-0.0699  	0.17761  	-0.2865  	0.65908  	-0.2960  	0.21209  	-0.3961  	-0.5396  	0.44564  	-0.1513  	0.23588  	0.05100  	-0.7391  	-0.3828  	-0.2587  	0.26299  	0.10463  	-0.2755  	-0.4707  	0.13666  	-0.0603  	0.15249  	0.11498  	-0.7384  	-0.0526  	0.68130  	0.32645  	-0.2015  	0.55796  	-0.0595  	-0.0071  	-0.0364  	0.05796  	-0.0440  	-0.0478  	-0.0284  	-0.0015  	-0.0380  	0.06464  	0.01209  	-0.0319  	-0.0050  	-0.0438  	-0.0306  	0.01115  	-0.0094  	-0.0658  	0.00266  	-0.0186  	0.11951  	-0.3634  	0.04362  	0.02647  	0.01211  	0.40077  	0.51056  	268.426  	212.431  	
-0.1274  	-0.3690  	-0.1413  	-0.3840  	0.24090  	-0.4096  	-0.6952  	-0.0500  	0.16103  	-0.6278  	-0.4839  	0.67536  	0.05907  	-0.7253  	-0.9023  	0.00494  	0.15001  	-0.1940  	0.61562  	-0.2128  	-0.0036  	-0.4044  	-0.4641  	0.38678  	-0.1131  	0.27829  	-0.0428  	-0.4941  	-0.2386  	-0.2322  	0.22978  	0.11553  	-0.2584  	-0.4127  	0.05904  	0.06259  	0.05592  	0.09048  	-0.6502  	-0.0392  	0.70970  	0.29815  	-0.1396  	0.57451  	-0.0499  	-0.0202  	-0.0278  	0.05259  	-0.0425  	-0.0537  	-0.0285  	-0.0046  	-0.0300  	0.05631  	0.01742  	-0.0429  	-0.0018  	-0.0335  	-0.0266  	0.00553  	-0.0134  	-0.0555  	0.01562  	-0.0064  	0.11951  	-0.3634  	0.04362  	0.02647  	0.01211  	0.40077  	0.51056  	268.426  	212.431  	
-0.0071  	-0.3284  	-0.1136  	-0.2974  	0.29484  	-0.3614  	-0.6400  	-0.0661  	0.19636  	-0.5193  	-0.5252  	0.73614  	0.05392  	-0.6349  	-0.9602  	0.13490  	0.04536  	-0.0072  	0.55589  	0.09892  	-0.1149  	-0.2333  	-0.3803  	0.33870  	-0.0817  	0.17313  	-0.1293  	-0.3558  	-0.2774  	-0.2210  	0.13752  	0.15455  	-0.1783  	-0.2768  	0.11796  	0.10474  	0.08246  	0.08299  	-0.5244  	0.05244  	0.64330  	0.18195  	-0.0547  	0.49827  	-0.0092  	-0.0378  	-0.0122  	0.05071  	-0.0142  	-0.0475  	-0.0198  	-0.0090  	-0.0280  	0.03837  	0.01303  	-0.0369  	0.00461  	-0.0281  	-0.0294  	0.00255  	-0.0162  	-0.0569  	0.02723  	-0.0055  	0.11951  	-0.3634  	0.04362  	0.02647  	0.01211  	0.40077  	0.51056  	268.426  	212.431  	
0.01013  	-0.3515  	-0.0763  	-0.3211  	0.30139  	-0.3398  	-0.5906  	-0.1342  	0.22070  	-0.4552  	-0.5008  	0.70935  	-0.0046  	-0.5686  	-1.0894  	0.27806  	-0.0833  	0.16422  	0.48787  	0.39450  	-0.2147  	-0.0027  	-0.1858  	0.34683  	0.01768  	0.06599  	-0.1212  	-0.2747  	-0.3551  	-0.2051  	0.00069  	0.21249  	-0.0805  	-0.1132  	0.21899  	0.16897  	0.16827  	0.08638  	-0.4136  	0.15020  	0.55260  	0.06436  	0.06699  	0.40947  	0.04457  	-0.0554  	0.00955  	0.03668  	0.00472  	-0.0290  	-0.0173  	-0.0145  	-0.0335  	0.02518  	0.00818  	-0.0296  	0.00816  	-0.0175  	-0.0319  	-0.0084  	-0.0219  	-0.0540  	0.04351  	-0.0108  	0.11951  	-0.3634  	0.04362  	0.02647  	0.01211  	0.40077  	0.51056  	268.426  	212.431  	
-0.0423  	-0.3444  	-0.0927  	-0.4103  	0.22215  	-0.3962  	-0.5956  	-0.1863  	0.18872  	-0.4236  	-0.4813  	0.66142  	-0.0347  	-0.5951  	-1.1691  	0.23997  	-0.0850  	0.17166  	0.46809  	0.33434  	-0.2562  	0.00874  	-0.1545  	0.32120  	0.01464  	0.07831  	-0.1478  	-0.2610  	-0.3265  	-0.1925  	0.01497  	0.22054  	-0.0756  	-0.1146  	0.16492  	0.17453  	0.15926  	0.07613  	-0.3937  	0.15857  	0.58364  	0.05402  	0.07985  	0.42076  	0.04967  	-0.0578  	0.00700  	0.03094  	0.00497  	-0.0284  	-0.0229  	-0.0205  	-0.0315  	0.02633  	0.01079  	-0.0350  	0.00690  	-0.0158  	-0.0337  	-0.0067  	-0.0222  	-0.0517  	0.04852  	-0.0048  	0.11951  	-0.3634  	0.04362  	0.02647  	0.01211  	0.40077  	0.51056  	268.426  	212.431  	
-0.3547  	-0.4133  	-0.2792  	-0.5340  	0.19521  	-0.5571  	-0.5892  	-0.2277  	0.19103  	-0.4339  	-0.4664  	0.61165  	0.00662  	-0.6164  	-1.1206  	0.10457  	-0.0387  	0.12007  	0.47179  	0.34126  	-0.2073  	0.00745  	-0.1062  	0.37213  	0.06621  	0.07514  	-0.1130  	-0.2487  	-0.3721  	-0.1868  	0.03814  	0.18664  	-0.1009  	-0.1111  	0.19967  	0.17434  	0.15828  	0.06121  	-0.4396  	0.12387  	0.55567  	0.05799  	0.04756  	0.40555  	0.06661  	-0.0571  	0.01237  	0.00575  	0.00011  	-0.0180  	-0.0142  	-0.0131  	-0.0328  	0.03050  	-0.0002  	-0.0345  	-0.0007  	-0.0148  	-0.0217  	-0.0049  	-0.0247  	-0.0427  	0.04918  	-0.0122  	0.11951  	-0.3634  	0.04362  	0.02647  	0.01211  	0.40077  	0.51056  	268.426  	212.431  	
-0.4280  	-0.3717  	-0.3117  	-0.6516  	0.12122  	-0.6624  	-0.6543  	-0.1749  	0.17754  	-0.4336  	-0.3891  	0.62106  	-0.0846  	-0.5075  	-0.9643  	-0.0424  	-0.0106  	0.08420  	0.49099  	0.21479  	-0.0714  	0.04603  	-0.0213  	0.35173  	0.00355  	0.10688  	-0.0166  	-0.4395  	-0.4408  	-0.1911  	0.06180  	0.15682  	-0.0991  	-0.1114  	0.17350  	0.08148  	0.20974  	0.09399  	-0.4417  	0.09053  	0.55576  	0.07326  	0.06843  	0.40254  	0.05466  	-0.0596  	0.01329  	0.01157  	-0.0300  	-0.0260  	-0.0423  	-0.0101  	-0.0400  	0.03441  	-0.0066  	-0.0341  	-0.0028  	-0.0201  	-0.0302  	-0.0017  	-0.0182  	-0.0451  	0.04212  	-0.0164  	0.11951  	-0.3634  	0.04362  	0.02647  	0.01211  	0.40077  	0.51056  	268.426  	212.431  	
-0.1946  	-0.3719  	-0.1782  	-0.4945  	0.19572  	-0.4206  	-0.6343  	-0.1354  	0.22378  	-0.5278  	-0.4754  	0.64767  	-0.0372  	-0.5718  	-1.0765  	0.11124  	-0.0073  	0.11182  	0.48589  	0.27555  	-0.1226  	0.00308  	-0.0178  	0.38267  	-0.0148  	0.10395  	-0.0953  	-0.3169  	-0.3771  	-0.1968  	0.02964  	0.19211  	-0.0776  	-0.1105  	0.15370  	0.10158  	0.19906  	0.08380  	-0.4312  	0.10601  	0.58238  	0.05374  	0.06474  	0.41704  	0.05927  	-0.0577  	0.01666  	0.02364  	-0.0104  	-0.0255  	-0.0354  	-0.0159  	-0.0334  	0.02690  	0.00064  	-0.0416  	0.00609  	-0.0169  	-0.0302  	-0.0082  	-0.0215  	-0.0456  	0.05003  	-0.0037  	0.11951  	-0.3634  	0.04362  	0.02647  	0.01211  	0.40077  	0.51056  	268.426  	212.431  	
-0.0342  	-0.3457  	-0.1259  	-0.3621  	0.28682  	-0.3505  	-0.6137  	-0.1159  	0.21665  	-0.4889  	-0.5039  	0.69655  	-0.0162  	-0.5998  	-1.0535  	0.20608  	-0.0546  	0.12493  	0.47842  	0.36801  	-0.1621  	0.00614  	-0.0988  	0.35212  	0.00010  	0.08191  	-0.1138  	-0.2813  	-0.3697  	-0.2167  	0.02969  	0.19478  	-0.0858  	-0.1115  	0.17912  	0.12675  	0.20513  	0.09143  	-0.4180  	0.12671  	0.57450  	0.03826  	0.07343  	0.41812  	0.05870  	-0.0540  	0.01490  	0.03516  	-0.0035  	-0.0336  	-0.0253  	-0.0151  	-0.0343  	0.01865  	0.00352  	-0.0346  	0.00870  	-0.0178  	-0.0331  	-0.0094  	-0.0197  	-0.0555  	0.05069  	-0.0050  	0.11951  	-0.3634  	0.04362  	0.02647  	0.01211  	0.40077  	0.51056  	268.426  	212.431  	
0.01986  	-0.3391  	-0.0581  	-0.2995  	0.32602  	-0.3376  	-0.6063  	-0.1200  	0.22349  	-0.4191  	-0.4533  	0.73108  	-0.0157  	-0.6078  	-1.0725  	0.28364  	-0.0846  	0.15378  	0.48097  	0.42541  	-0.1961  	-0.0045  	-0.2081  	0.33682  	0.04238  	0.05450  	-0.1225  	-0.2639  	-0.3712  	-0.2093  	-0.0014  	0.21474  	-0.0863  	-0.1045  	0.21217  	0.16456  	0.16887  	0.10986  	-0.3979  	0.14112  	0.55880  	0.04874  	0.06781  	0.40213  	0.04331  	-0.0595  	0.00797  	0.03619  	0.00197  	-0.0320  	-0.0220  	-0.0144  	-0.0291  	0.02715  	0.00782  	-0.0287  	0.00842  	-0.0216  	-0.0314  	-0.0063  	-0.0199  	-0.0545  	0.04422  	-0.0112  	0.11951  	-0.3634  	0.04362  	0.02647  	0.01211  	0.40077  	0.51056  	268.426  	212.431  	
0.04032  	-0.3614  	-0.0828  	-0.3460  	0.30314  	-0.2984  	-0.5816  	-0.1730  	0.22491  	-0.4334  	-0.4920  	0.69656  	-0.0067  	-0.6027  	-1.0890  	0.30854  	-0.0908  	0.15942  	0.48617  	0.36430  	-0.2187  	0.01505  	-0.1722  	0.33211  	0.05237  	0.05462  	-0.1043  	-0.2703  	-0.3576  	-0.1892  	0.00148  	0.19906  	-0.0948  	-0.1056  	0.21861  	0.18685  	0.17287  	0.09952  	-0.4068  	0.16009  	0.55185  	0.06366  	0.06974  	0.41466  	0.04674  	-0.0520  	0.00945  	0.03158  	0.00157  	-0.0278  	-0.0181  	-0.0125  	-0.0327  	0.02473  	0.00768  	-0.0307  	0.00461  	-0.0201  	-0.0312  	-0.0074  	-0.0227  	-0.0563  	0.04903  	-0.0101  	0.11951  	-0.3634  	0.04362  	0.02647  	0.01211  	0.40077  	0.51056  	268.426  	212.431  	
-0.0239  	-0.3611  	-0.1482  	-0.3846  	0.23640  	-0.3543  	-0.5867  	-0.1521  	0.19445  	-0.5498  	-0.5259  	0.61372  	-0.0321  	-0.5752  	-0.9758  	0.18917  	-0.0558  	0.08252  	0.47937  	0.28828  	-0.1146  	0.04329  	-0.0771  	0.37601  	0.01709  	0.07062  	-0.0382  	-0.3789  	-0.4414  	-0.1950  	0.01321  	0.22531  	-0.1077  	-0.1190  	0.25105  	0.14057  	0.26378  	0.10744  	-0.4679  	0.11948  	0.52896  	0.07631  	0.05442  	0.41802  	0.04558  	-0.0541  	0.01550  	0.01870  	-0.0052  	-0.0298  	-0.0286  	-0.0132  	-0.0332  	0.02900  	0.00817  	-0.0383  	0.00574  	-0.0137  	-0.0332  	-0.0124  	-0.0265  	-0.0535  	0.04796  	-0.0060  	0.11951  	-0.3634  	0.04362  	0.02647  	0.01211  	0.40077  	0.51056  	268.426  	212.431  	
-0.0311  	-0.3407  	-0.1429  	-0.3820  	0.20818  	-0.3917  	-0.6169  	-0.1066  	0.20670  	-0.5938  	-0.4869  	0.62146  	-0.0259  	-0.5223  	-0.8560  	0.14675  	-0.0383  	0.06225  	0.48907  	0.24839  	-0.0139  	0.04256  	-0.0055  	0.39954  	-0.0320  	0.09279  	-0.0385  	-0.5031  	-0.5489  	-0.2118  	0.02821  	0.22991  	-0.0738  	-0.1262  	0.30091  	0.05222  	0.32721  	0.13541  	-0.4945  	0.07302  	0.52771  	0.08538  	0.04498  	0.41379  	0.06081  	-0.0490  	0.02155  	0.01745  	-0.0144  	-0.0202  	-0.0354  	-0.0135  	-0.0290  	0.03245  	0.00512  	-0.0433  	0.00263  	-0.0135  	-0.0363  	-0.0124  	-0.0231  	-0.0481  	0.04562  	-0.0098  	0.11951  	-0.3634  	0.04362  	0.02647  	0.01211  	0.40077  	0.51056  	268.426  	212.431  	
0.17179  	-0.2595  	-0.0314  	-0.2491  	0.24781  	-0.2741  	-0.6082  	-0.0054  	0.27228  	-0.6195  	-0.4926  	0.65932  	0.03183  	-0.3526  	-0.6921  	0.16741  	-0.0228  	0.05474  	0.48615  	0.18669  	0.10385  	0.04551  	-0.0284  	0.45321  	-0.0274  	0.06688  	0.02478  	-0.6045  	-0.6042  	-0.2154  	0.03060  	0.23156  	-0.0537  	-0.1257  	0.34502  	-0.0246  	0.35637  	0.15553  	-0.5172  	0.08475  	0.51785  	0.06729  	0.05328  	0.40941  	0.04824  	-0.0493  	0.01560  	0.01026  	-0.0100  	-0.0253  	-0.0479  	-0.0043  	-0.0315  	0.03263  	0.00272  	-0.0343  	-0.0132  	-0.0166  	-0.0306  	-0.0063  	-0.0151  	-0.0411  	0.03467  	-0.0197  	0.11951  	-0.3634  	0.04362  	0.02647  	0.01211  	0.40077  	0.51056  	268.426  	212.431  	
0.32251  	-0.1753  	0.05411  	-0.1393  	0.25924  	-0.1536  	-0.6035  	0.09977  	0.33662  	-0.6855  	-0.4723  	0.72378  	0.06170  	-0.2211  	-0.6426  	0.21731  	-0.0161  	-0.0017  	0.47117  	0.16611  	0.23858  	0.05412  	0.02192  	0.46357  	-0.0853  	0.05156  	0.07123  	-0.6634  	-0.7022  	-0.2232  	0.01318  	0.24159  	-0.0369  	-0.1335  	0.38623  	-0.0982  	0.42673  	0.17746  	-0.5340  	0.04440  	0.49822  	0.05211  	0.06183  	0.40997  	0.04149  	-0.0474  	0.00977  	0.02337  	-0.0034  	-0.0168  	-0.0481  	-0.0120  	-0.0339  	0.03325  	-0.0016  	-0.0183  	-0.0117  	-0.0199  	-0.0349  	-0.0050  	-0.0150  	-0.0351  	0.03261  	-0.0197  	0.11951  	-0.3634  	0.04362  	0.02647  	0.01211  	0.40077  	0.51056  	268.426  	212.431  	
0.32547  	-0.2039  	0.07131  	-0.1640  	0.26317  	-0.1960  	-0.5998  	0.07321  	0.32199  	-0.5982  	-0.4590  	0.76804  	0.09887  	-0.1874  	-0.7963  	0.30960  	-0.0146  	0.04730  	0.46474  	0.25057  	0.11614  	0.03430  	-0.0380  	0.45183  	-0.0867  	0.09207  	-0.0008  	-0.5591  	-0.6327  	-0.2122  	0.03899  	0.22380  	-0.0126  	-0.1317  	0.30251  	-0.0520  	0.32082  	0.15166  	-0.4360  	0.03885  	0.51070  	0.06092  	0.08357  	0.40689  	0.03959  	-0.0483  	0.01133  	0.04673  	0.00655  	-0.0191  	-0.0439  	-0.0066  	-0.0299  	0.03793  	0.00395  	-0.0290  	-0.0163  	-0.0186  	-0.0308  	-0.0059  	-0.0091  	-0.0385  	0.04510  	-0.0124  	0.11951  	-0.3634  	0.04362  	0.02647  	0.01211  	0.40077  	0.51056  	268.426  	212.431  	
-0.2094  	-0.4013  	-0.2498  	-0.5197  	0.17047  	-0.5712  	-0.6572  	-0.1043  	0.25791  	-0.3971  	-0.2885  	0.68732  	0.05766  	-0.4265  	-1.2274  	0.13610  	-0.0701  	0.13405  	0.47268  	0.40319  	-0.1801  	-0.0094  	-0.1223  	0.39917  	-0.0713  	0.13986  	-0.1855  	-0.3154  	-0.4907  	-0.2613  	0.05101  	0.16659  	-0.0226  	-0.1356  	0.16693  	0.08315  	0.15155  	0.07831  	-0.3661  	0.10149  	0.57664  	0.05533  	0.08429  	0.39730  	0.05858  	-0.0668  	0.01365  	0.04437  	0.00878  	-0.0105  	-0.0255  	-0.0143  	-0.0398  	0.02381  	0.00123  	-0.0417  	0.00025  	-0.0113  	-0.0367  	-0.0035  	-0.0162  	-0.0487  	0.06756  	0.00271  	0.11951  	-0.3634  	0.04362  	0.02647  	0.01211  	0.40077  	0.51056  	268.426  	212.431  	
-0.5604  	-0.4925  	-0.4424  	-0.6932  	0.18293  	-0.7315  	-0.6170  	-0.1707  	0.20914  	-0.3659  	-0.2348  	0.71366  	-0.0152  	-0.5524  	-1.3649  	0.01370  	-0.0726  	0.13062  	0.48086  	0.37063  	-0.1932  	0.02245  	-0.0941  	0.38168  	-0.0848  	0.13604  	-0.2199  	-0.3071  	-0.4323  	-0.2436  	0.07473  	0.16565  	-0.0326  	-0.1182  	0.11853  	0.10505  	0.12674  	0.06998  	-0.4009  	0.08269  	0.56622  	0.08300  	0.05278  	0.37822  	0.05070  	-0.0554  	0.00789  	0.04832  	-0.0056  	-0.0193  	-0.0462  	-0.0151  	-0.0341  	0.02972  	0.00124  	-0.0396  	8.15338  	-0.0207  	-0.0307  	0.00806  	-0.0100  	-0.0460  	0.03824  	-0.0154  	0.11951  	-0.3634  	0.04362  	0.02647  	0.01211  	0.40077  	0.51056  	268.426  	212.431  	
-0.6223  	-0.4767  	-0.5020  	-0.8379  	0.14811  	-0.8026  	-0.6147  	-0.1656  	0.18805  	-0.3837  	-0.2080  	0.64734  	-0.0693  	-0.6082  	-1.3255  	-0.0646  	-0.0507  	0.08185  	0.49021  	0.33364  	-0.1145  	0.05621  	-0.0398  	0.39011  	-0.1130  	0.13071  	-0.1446  	-0.3495  	-0.4516  	-0.2492  	0.04869  	0.16649  	-0.0532  	-0.1106  	0.13742  	0.08391  	0.15043  	0.07432  	-0.4118  	0.11152  	0.55708  	0.08078  	0.02617  	0.38564  	0.04659  	-0.0662  	0.01849  	0.04139  	-0.0054  	-0.0253  	-0.0423  	-0.0160  	-0.0348  	0.03574  	0.00087  	-0.0443  	0.00446  	-0.0193  	-0.0357  	0.00903  	-0.0117  	-0.0421  	0.03947  	-0.0160  	0.11951  	-0.3634  	0.04362  	0.02647  	0.01211  	0.40077  	0.51056  	268.426  	212.431  	
-0.6696  	-0.4614  	-0.4676  	-0.8589  	0.13362  	-0.8015  	-0.6292  	-0.1372  	0.18085  	-0.3375  	-0.1627  	0.65755  	-0.0670  	-0.6065  	-1.3343  	-0.0740  	-0.0426  	0.05330  	0.50342  	0.33152  	-0.0667  	0.06526  	0.00485  	0.40961  	-0.1159  	0.13256  	-0.1198  	-0.3733  	-0.4598  	-0.2506  	0.05040  	0.16177  	-0.0617  	-0.1076  	0.13770  	0.06182  	0.19069  	0.07907  	-0.4105  	0.10304  	0.55273  	0.08097  	0.02671  	0.38798  	0.04847  	-0.0629  	0.01470  	0.02894  	-0.0121  	-0.0280  	-0.0468  	-0.0155  	-0.0380  	0.03599  	8.69012  	-0.0461  	0.00216  	-0.0156  	-0.0310  	0.00638  	-0.0113  	-0.0386  	0.03915  	-0.0162  	0.11951  	-0.3634  	0.04362  	0.02647  	0.01211  	0.40077  	0.51056  	268.426  	212.431  	
-0.5498  	-0.4296  	-0.3476  	-0.7435  	0.12659  	-0.7820  	-0.6677  	-0.0732  	0.19019  	-0.3320  	-0.2591  	0.61598  	-0.0300  	-0.5213  	-1.2814  	-0.1089  	-0.0281  	0.06210  	0.52445  	0.30331  	-0.0764  	0.07652  	-0.0027  	0.47589  	-0.0490  	0.09604  	-0.1021  	-0.4085  	-0.4636  	-0.2170  	0.07032  	0.15537  	-0.0826  	-0.1132  	0.12942  	0.06499  	0.21784  	0.07252  	-0.4000  	0.08788  	0.53706  	0.07850  	0.02460  	0.37340  	0.05730  	-0.0541  	0.00836  	0.03464  	-0.0192  	-0.0347  	-0.0511  	-0.0123  	-0.0442  	0.02888  	-0.0048  	-0.0464  	0.00815  	-0.0175  	-0.0230  	-0.0062  	-0.0155  	-0.0452  	0.03788  	-0.0186  	0.11951  	-0.3634  	0.04362  	0.02647  	0.01211  	0.40077  	0.51056  	268.426  	212.431  	
-0.1640  	-0.3975  	-0.1833  	-0.6368  	0.11626  	-0.4662  	-0.6698  	-0.0492  	0.22237  	-0.4597  	-0.4434  	0.62423  	0.02816  	-0.4339  	-1.0922  	0.03264  	-0.0288  	0.10121  	0.53621  	0.22442  	-0.0239  	0.05608  	0.04479  	0.41867  	-0.0142  	0.06277  	-0.0258  	-0.4805  	-0.4918  	-0.1951  	0.03716  	0.19870  	-0.0848  	-0.1330  	0.14526  	0.01572  	0.25341  	0.12066  	-0.4502  	0.08153  	0.62120  	0.02931  	0.07442  	0.41795  	0.05714  	-0.0644  	0.01234  	0.02456  	-0.0178  	-0.0190  	-0.0576  	-0.0126  	-0.0430  	0.01922  	-0.0156  	-0.0398  	-0.0018  	-0.0209  	-0.0367  	-0.0184  	-0.0062  	-0.0432  	0.03990  	-0.0164  	0.11951  	-0.3634  	0.04362  	0.02647  	0.01211  	0.40077  	0.51056  	268.426  	212.431  	
0.03943  	-0.3250  	-0.0774  	-0.3369  	0.24368  	-0.2849  	-0.6385  	-0.0323  	0.24285  	-0.5422  	-0.5605  	0.63454  	0.02781  	-0.5075  	-0.9760  	0.21070  	-0.0264  	0.13175  	0.52811  	0.30503  	-0.1076  	0.04798  	-0.0381  	0.36849  	-0.0196  	0.07364  	-0.0810  	-0.3775  	-0.4432  	-0.2146  	-0.0029  	0.18805  	-0.0749  	-0.1390  	0.17636  	0.06759  	0.24783  	0.11045  	-0.4312  	0.12568  	0.56021  	0.03873  	0.10140  	0.42636  	0.05168  	-0.0529  	0.01371  	0.03684  	0.00673  	-0.0331  	-0.0349  	-0.0122  	-0.0383  	0.02802  	0.00248  	-0.0318  	-0.0069  	-0.0237  	-0.0250  	-0.0051  	-0.0221  	-0.0521  	0.03853  	-0.0150  	0.11951  	-0.3634  	0.04362  	0.02647  	0.01211  	0.40077  	0.51056  	268.426  	212.431  	
0.04151  	-0.3034  	-0.0573  	-0.2612  	0.34381  	-0.3445  	-0.6084  	-0.1078  	0.22303  	-0.4453  	-0.4955  	0.71525  	-0.0320  	-0.5324  	-0.9688  	0.24234  	-0.0668  	0.10339  	0.48974  	0.37032  	-0.1128  	0.03664  	-0.1446  	0.37298  	0.03150  	0.06512  	-0.0611  	-0.3112  	-0.3758  	-0.1963  	-0.0139  	0.20526  	-0.0894  	-0.1282  	0.21259  	0.14118  	0.21880  	0.08979  	-0.4237  	0.14974  	0.53159  	0.05767  	0.07072  	0.42443  	0.05052  	-0.0552  	0.01315  	0.04104  	0.00556  	-0.0314  	-0.0182  	-0.0189  	-0.0345  	0.02415  	0.00651  	-0.0321  	0.01098  	-0.0188  	-0.0315  	-0.0028  	-0.0252  	-0.0567  	0.04478  	-0.0099  	0.11951  	-0.3634  	0.04362  	0.02647  	0.01211  	0.40077  	0.51056  	268.426  	212.431  	
0.04721  	-0.3399  	-0.0767  	-0.2793  	0.31956  	-0.3007  	-0.6008  	-0.1430  	0.20998  	-0.4617  	-0.4603  	0.67199  	-0.0394  	-0.5946  	-1.0193  	0.29270  	-0.0913  	0.10757  	0.50284  	0.32171  	-0.1083  	0.02983  	-0.1475  	0.38177  	0.07919  	0.04353  	-0.0284  	-0.3468  	-0.4170  	-0.1830  	-0.0062  	0.22787  	-0.1142  	-0.1144  	0.24987  	0.17633  	0.24740  	0.11150  	-0.4321  	0.13172  	0.53350  	0.06892  	0.06758  	0.41843  	0.05277  	-0.0532  	0.00519  	0.03180  	0.00103  	-0.0378  	-0.0225  	-0.0129  	-0.0295  	0.03050  	0.01062  	-0.0314  	0.00737  	-0.0190  	-0.0293  	-0.0052  	-0.0248  	-0.0625  	0.04817  	-0.0105  	0.11951  	-0.3634  	0.04362  	0.02647  	0.01211  	0.40077  	0.51056  	268.426  	212.431  	
0.01921  	-0.3613  	-0.1079  	-0.3576  	0.26111  	-0.3184  	-0.5871  	-0.1478  	0.21333  	-0.5059  	-0.4736  	0.64201  	-0.0203  	-0.5800  	-1.0510  	0.27348  	-0.0786  	0.10844  	0.48246  	0.31790  	-0.1365  	0.03841  	-0.1231  	0.35340  	0.04933  	0.06003  	-0.0658  	-0.3299  	-0.4165  	-0.1977  	0.00776  	0.21335  	-0.0972  	-0.1154  	0.23396  	0.16170  	0.23470  	0.10001  	-0.4271  	0.13272  	0.53834  	0.07639  	0.06965  	0.41527  	0.05411  	-0.0527  	0.01004  	0.02485  	0.00191  	-0.0261  	-0.0209  	-0.0152  	-0.0313  	0.02809  	0.00947  	-0.0316  	0.00547  	-0.0166  	-0.0326  	-0.0060  	-0.0280  	-0.0553  	0.04806  	-0.0067  	0.11951  	-0.3634  	0.04362  	0.02647  	0.01211  	0.40077  	0.51056  	268.426  	212.431  	
-0.0230  	-0.3335  	-0.1542  	-0.3381  	0.25584  	-0.3580  	-0.5913  	-0.1431  	0.20028  	-0.5605  	-0.5177  	0.63884  	-0.0345  	-0.5330  	-0.9322  	0.16074  	-0.0433  	0.08237  	0.47611  	0.27508  	-0.0689  	0.04331  	-0.0549  	0.38738  	-0.0103  	0.08559  	-0.0361  	-0.4392  	-0.4747  	-0.1949  	0.03034  	0.20981  	-0.0999  	-0.1178  	0.26780  	0.10987  	0.27949  	0.11774  	-0.4818  	0.11124  	0.52215  	0.08330  	0.05195  	0.41708  	0.05502  	-0.0519  	0.01672  	0.01532  	-0.0094  	-0.0298  	-0.0324  	-0.0124  	-0.0312  	0.02898  	0.00933  	-0.0400  	0.00354  	-0.0152  	-0.0357  	-0.0124  	-0.0270  	-0.0521  	0.04762  	-0.0085  	0.11951  	-0.3634  	0.04362  	0.02647  	0.01211  	0.40077  	0.51056  	268.426  	212.431  	
0.03214  	-0.2995  	-0.0971  	-0.3198  	0.21902  	-0.3391  	-0.6175  	-0.0644  	0.24226  	-0.5984  	-0.4810  	0.66427  	-0.0033  	-0.4394  	-0.7680  	0.13099  	-0.0216  	0.04632  	0.47450  	0.24013  	0.05942  	0.03836  	-0.0202  	0.42606  	-0.0255  	0.08570  	-0.0155  	-0.5512  	-0.5553  	-0.2021  	0.03906  	0.22441  	-0.0611  	-0.1214  	0.30083  	0.00726  	0.32949  	0.13240  	-0.4918  	0.07098  	0.53038  	0.07001  	0.05061  	0.41089  	0.05909  	-0.0487  	0.01628  	0.00903  	-0.0198  	-0.0267  	-0.0449  	-0.0105  	-0.0292  	0.02739  	0.00024  	-0.0367  	0.00044  	-0.0185  	-0.0390  	-0.0088  	-0.0161  	-0.0445  	0.03958  	-0.0077  	0.11951  	-0.3634  	0.04362  	0.02647  	0.01211  	0.40077  	0.51056  	268.426  	212.431  	
0.15548  	-0.2531  	-0.0464  	-0.2171  	0.26558  	-0.2581  	-0.6166  	0.01689  	0.27737  	-0.6537  	-0.4937  	0.69526  	0.04651  	-0.2947  	-0.6820  	0.16791  	-0.0119  	0.04195  	0.47492  	0.20694  	0.13074  	0.04053  	-0.0393  	0.43630  	-0.0464  	0.06838  	0.01756  	-0.5687  	-0.6011  	-0.2161  	0.02665  	0.22977  	-0.0467  	-0.1235  	0.33708  	-0.0540  	0.35559  	0.16398  	-0.5163  	0.06048  	0.52333  	0.05739  	0.05140  	0.40713  	0.04926  	-0.0482  	0.01963  	0.00660  	-0.0113  	-0.0208  	-0.0495  	-0.0062  	-0.0316  	0.03210  	0.00107  	-0.0344  	-0.0139  	-0.0195  	-0.0336  	-0.0093  	-0.0129  	-0.0378  	0.03654  	-0.0187  	0.11951  	-0.3634  	0.04362  	0.02647  	0.01211  	0.40077  	0.51056  	268.426  	212.431  	
0.08551  	-0.2893  	-0.0742  	-0.2846  	0.29497  	-0.2948  	-0.6063  	-0.0559  	0.25405  	-0.5170  	-0.4420  	0.72122  	-0.0025  	-0.4126  	-0.9087  	0.23766  	-0.0788  	0.11438  	0.46737  	0.30706  	-0.0112  	0.02056  	-0.1046  	0.38120  	-0.0516  	0.06685  	-0.0771  	-0.3997  	-0.5107  	-0.2207  	0.00882  	0.20842  	-0.0519  	-0.1242  	0.28793  	0.06383  	0.27064  	0.11401  	-0.4792  	0.10029  	0.52205  	0.06203  	0.05589  	0.41178  	0.05259  	-0.0578  	0.02339  	0.02218  	-0.0006  	-0.0298  	-0.0281  	-0.0154  	-0.0373  	0.02809  	0.00449  	-0.0350  	0.00299  	-0.0156  	-0.0363  	-0.0044  	-0.0246  	-0.0512  	0.04450  	-0.0097  	0.11951  	-0.3634  	0.04362  	0.02647  	0.01211  	0.40077  	0.51056  	268.426  	212.431  	
0.12095  	-0.3244  	-0.0667  	-0.2260  	0.30488  	-0.2806  	-0.5995  	-0.0877  	0.23336  	-0.5088  	-0.4751  	0.67622  	-0.0085  	-0.4776  	-0.9244  	0.27775  	-0.0791  	0.14458  	0.46716  	0.32849  	-0.0719  	0.02152  	-0.1216  	0.37674  	0.00832  	0.05132  	-0.0675  	-0.3464  	-0.4552  	-0.1998  	-0.0032  	0.21290  	-0.0741  	-0.1236  	0.29614  	0.09562  	0.23869  	0.10733  	-0.4599  	0.09907  	0.51296  	0.07858  	0.05995  	0.40757  	0.05258  	-0.0539  	0.01578  	0.02928  	0.00073  	-0.0291  	-0.0138  	-0.0123  	-0.0307  	0.02312  	0.00498  	-0.0319  	0.00805  	-0.0161  	-0.0291  	-0.0041  	-0.0262  	-0.0592  	0.04827  	-0.0060  	0.11951  	-0.3634  	0.04362  	0.02647  	0.01211  	0.40077  	0.51056  	268.426  	212.431  	
0.10531  	-0.3503  	-0.0557  	-0.1809  	0.39509  	-0.2989  	-0.6123  	-0.1426  	0.20297  	-0.4482  	-0.5006  	0.71667  	-0.0382  	-0.6312  	-1.0231  	0.40332  	-0.0790  	0.16753  	0.50260  	0.32858  	-0.1713  	0.01900  	-0.2216  	0.39377  	0.10577  	0.02508  	-0.0161  	-0.2880  	-0.4070  	-0.1689  	-0.0328  	0.23867  	-0.1145  	-0.1274  	0.25909  	0.17752  	0.20127  	0.11132  	-0.4259  	0.13564  	0.51896  	0.07628  	0.05412  	0.41378  	0.04755  	-0.0498  	-0.0039  	0.03432  	0.00574  	-0.0362  	-0.0158  	-0.0091  	-0.0267  	0.02438  	0.01154  	-0.0304  	0.01103  	-0.0197  	-0.0297  	-0.0043  	-0.0203  	-0.0619  	0.04862  	-0.0082  	0.11951  	-0.3634  	0.04362  	0.02647  	0.01211  	0.40077  	0.51056  	268.426  	212.431  	
0.09416  	-0.3711  	-0.0570  	-0.2576  	0.37967  	-0.2883  	-0.5927  	-0.1683  	0.18936  	-0.4665  	-0.5166  	0.68070  	-0.0316  	-0.6560  	-1.0665  	0.38265  	-0.0886  	0.12264  	0.50532  	0.31910  	-0.1659  	0.02250  	-0.1949  	0.42066  	0.12569  	0.02840  	0.01448  	-0.3118  	-0.4165  	-0.1605  	-0.0323  	0.25564  	-0.1263  	-0.1225  	0.25686  	0.19557  	0.23407  	0.11300  	-0.4361  	0.16044  	0.52572  	0.09045  	0.06276  	0.42751  	0.05369  	-0.0513  	-0.0032  	0.03572  	0.00965  	-0.0384  	-0.0202  	-0.0120  	-0.0309  	0.02820  	0.01109  	-0.0299  	0.01305  	-0.0219  	-0.0296  	-0.0044  	-0.0226  	-0.0638  	0.04476  	-0.0090  	0.11951  	-0.3634  	0.04362  	0.02647  	0.01211  	0.40077  	0.51056  	268.426  	212.431  	
-0.0625  	-0.3823  	-0.2504  	-0.1189  	0.33885  	-0.3144  	-0.6494  	-0.1842  	0.16046  	-0.5629  	-0.5849  	0.70891  	-0.0734  	-0.5890  	-0.9502  	0.25661  	-0.0325  	0.08738  	0.49710  	0.30104  	-0.1575  	0.03390  	-0.2100  	0.49048  	0.15758  	0.04483  	0.14297  	-0.4018  	-0.4622  	-0.1224  	-0.0297  	0.27170  	-0.1462  	-0.1546  	0.28071  	0.21931  	0.23100  	0.09520  	-0.4300  	0.12365  	0.44719  	0.09539  	0.03363  	0.41700  	0.04371  	-0.0474  	-0.0180  	0.02304  	-0.0162  	-0.0296  	-0.0163  	-0.0056  	-0.0244  	0.03298  	-0.0039  	-0.0243  	0.01335  	-0.0167  	-0.0231  	-0.0015  	-0.0210  	-0.0611  	0.03620  	-0.0110  	0.11951  	-0.3634  	0.04362  	0.02647  	0.01211  	0.40077  	0.51056  	268.426  	212.431  	
0.15193  	-0.3046  	-0.1856  	0.16468  	0.59941  	-0.2440  	-0.5728  	-0.0014  	0.22155  	-0.6629  	-0.9038  	0.78689  	0.12747  	-0.1883  	-0.4668  	0.14589  	-0.0417  	0.02900  	0.47800  	0.26621  	-0.1353  	0.02629  	-0.1529  	0.42775  	0.15182  	0.05385  	0.05073  	-0.3082  	-0.3278  	-0.0957  	-0.0301  	0.21299  	-0.1028  	-0.1030  	0.29106  	0.04728  	0.15296  	0.08248  	-0.3891  	0.15409  	0.43925  	0.09476  	0.06469  	0.42285  	0.04817  	-0.0553  	0.00395  	0.02539  	0.00997  	-0.0322  	-0.0308  	-0.0150  	-0.0377  	0.02059  	2.48895  	-0.0331  	0.00507  	-0.0157  	-0.0231  	-0.0085  	-0.0267  	-0.0440  	0.03826  	-0.0122  	0.11951  	-0.3634  	0.04362  	0.02647  	0.01211  	0.40077  	0.51056  	268.426  	212.431  	
0.23754  	-0.2306  	-0.1390  	0.25914  	0.55115  	-0.0928  	-0.6231  	0.05587  	0.24469  	-0.6276  	-0.8392  	0.75854  	0.15725  	-0.1911  	-0.4402  	0.15146  	-0.0373  	0.01997  	0.49749  	0.23735  	-0.0986  	0.11959  	-0.1137  	0.40752  	0.16727  	0.04893  	0.04560  	-0.4752  	-0.4275  	-0.1039  	-0.0079  	0.21853  	-0.0910  	-0.1164  	0.29148  	0.01252  	0.19406  	0.09959  	-0.4011  	0.13054  	0.43268  	0.04857  	0.07318  	0.43831  	0.05020  	-0.0493  	-0.0001  	0.04508  	0.00519  	-0.0333  	-0.0318  	-0.0093  	-0.0293  	0.03084  	0.00576  	-0.0287  	-0.0093  	-0.0247  	-0.0344  	-0.0039  	-0.0231  	-0.0507  	0.02737  	-0.0162  	0.11951  	-0.3634  	0.04362  	0.02647  	0.01211  	0.40077  	0.51056  	268.426  	212.431  	
0.20426  	-0.3017  	-0.0559  	0.03193  	0.48573  	-0.2523  	-0.6480  	-0.0008  	0.19751  	-0.6013  	-0.6712  	0.73157  	0.09155  	-0.5071  	-0.7231  	0.24595  	0.03829  	-0.1108  	0.57092  	0.01926  	-0.0772  	-0.1273  	-0.4499  	0.45384  	0.04188  	0.13260  	-0.0277  	-0.4899  	-0.3265  	-0.1692  	0.07660  	0.15028  	-0.2081  	-0.2850  	0.21433  	0.06866  	0.13559  	0.06641  	-0.5393  	0.06240  	0.56983  	0.20213  	-0.0452  	0.51713  	-0.0114  	-0.0304  	-0.0103  	0.05453  	-0.0009  	-0.0531  	-0.0138  	-0.0139  	-0.0329  	0.03605  	-0.0015  	-0.0279  	0.01219  	-0.0330  	-0.0371  	3.71640  	-0.0313  	-0.0474  	0.01945  	-0.0186  	0.11951  	-0.3634  	0.04362  	0.02647  	0.01211  	0.40077  	0.51056  	268.426  	212.431  	
0.14529  	-0.3310  	0.04473  	-0.1027  	0.39927  	-0.3378  	-0.6532  	-0.0524  	0.15649  	-0.5541  	-0.5137  	0.74996  	0.05520  	-0.7241  	-0.9585  	0.24104  	0.10303  	-0.1786  	0.63733  	-0.1616  	-0.0452  	-0.3956  	-0.6874  	0.44751  	-0.0009  	0.22468  	0.05641  	-0.5221  	-0.2895  	-0.1928  	0.18377  	0.16066  	-0.2934  	-0.4302  	0.14917  	0.12942  	0.04972  	0.09914  	-0.6256  	-0.0138  	0.63158  	0.32871  	-0.1613  	0.56489  	-0.0497  	-0.0185  	-0.0423  	0.07813  	-0.0103  	-0.0564  	-0.0075  	0.00074  	-0.0244  	0.06091  	0.02260  	-0.0342  	0.00599  	-0.0403  	-0.0263  	0.01791  	-0.0185  	-0.0748  	0.02717  	-0.0131  	0.11951  	-0.3634  	0.04362  	0.02647  	0.01211  	0.40077  	0.51056  	268.426  	212.431  	
0.05929  	-0.3095  	-0.0870  	-0.0745  	0.42475  	-0.3101  	-0.6623  	-0.0445  	0.15027  	-0.5846  	-0.5851  	0.72900  	0.04580  	-0.6793  	-0.8883  	0.13879  	0.16528  	-0.2227  	0.63536  	-0.1835  	-0.0419  	-0.4090  	-0.7678  	0.42922  	0.05133  	0.25196  	0.03677  	-0.4668  	-0.2169  	-0.1547  	0.19541  	0.13924  	-0.3211  	-0.4640  	0.10032  	0.14609  	0.01721  	0.08927  	-0.6281  	-0.0100  	0.64084  	0.33749  	-0.1704  	0.58233  	-0.0581  	-0.0109  	-0.0547  	0.07405  	-0.0249  	-0.0653  	-0.0015  	-0.0028  	-0.0334  	0.05511  	0.01895  	-0.0302  	0.00883  	-0.0388  	-0.0256  	0.01770  	-0.0160  	-0.0769  	0.01909  	-0.0130  	0.11951  	-0.3634  	0.04362  	0.02647  	0.01211  	0.40077  	0.51056  	268.426  	212.431  	
0.17058  	-0.2897  	-0.1471  	0.28389  	0.60869  	-0.2237  	-0.6542  	0.02701  	0.16260  	-0.6818  	-0.7866  	0.76780  	0.13368  	-0.3812  	-0.5516  	0.08023  	0.12759  	-0.2304  	0.62684  	-0.1454  	-0.0410  	-0.3353  	-0.6838  	0.44605  	0.09969  	0.23332  	0.03406  	-0.4407  	-0.1752  	-0.1080  	0.16662  	0.12980  	-0.2871  	-0.4064  	0.18087  	0.05030  	-0.0347  	0.06773  	-0.5910  	0.02408  	0.57394  	0.32684  	-0.1649  	0.56164  	-0.0442  	-0.0084  	-0.0517  	0.06416  	-0.0237  	-0.0541  	0.00071  	-0.0036  	-0.0207  	0.05697  	0.00817  	-0.0216  	0.00464  	-0.0395  	-0.0182  	0.02305  	-0.0218  	-0.0630  	0.00735  	-0.0116  	0.11951  	-0.3634  	0.04362  	0.02647  	0.01211  	0.40077  	0.51056  	268.426  	212.431  	
0.22877  	-0.2133  	-0.2221  	0.37614  	0.67702  	-0.1487  	-0.6418  	0.01254  	0.20445  	-0.7557  	-0.9690  	0.78859  	0.17170  	-0.1291  	-0.3530  	0.04198  	0.06868  	-0.1408  	0.56501  	-0.0137  	-0.1150  	-0.1051  	-0.4316  	0.37895  	0.14748  	0.14845  	0.09872  	-0.3163  	-0.1675  	-0.0457  	0.05354  	0.14735  	-0.1828  	-0.2597  	0.26624  	0.00810  	0.00292  	0.06495  	-0.4950  	0.08084  	0.49215  	0.21620  	-0.0806  	0.49674  	-0.0046  	-0.0353  	-0.0276  	0.05620  	-0.0065  	-0.0448  	-0.0168  	-0.0103  	-0.0296  	0.03821  	-0.0026  	-0.0174  	-0.0014  	-0.0340  	-0.0158  	0.00368  	-0.0277  	-0.0499  	0.01625  	-0.0192  	0.11951  	-0.3634  	0.04362  	0.02647  	0.01211  	0.40077  	0.51056  	268.426  	212.431  	
0.27078  	-0.1942  	-0.1004  	0.31706  	0.59161  	-0.0375  	-0.5889  	0.01342  	0.25947  	-0.6686  	-1.0117  	0.72500  	0.22757  	-0.0276  	-0.2876  	0.09158  	-0.0436  	0.05002  	0.44006  	0.25605  	-0.1775  	0.16301  	-0.1274  	0.39074  	0.06666  	0.03637  	-0.0202  	-0.3652  	-0.2965  	-0.1000  	0.02794  	0.17834  	-0.0398  	-0.1013  	0.29018  	0.02853  	0.12539  	0.05711  	-0.3675  	0.15946  	0.50665  	0.05701  	0.06266  	0.40769  	0.05600  	-0.0522  	0.00211  	0.05949  	0.01291  	-0.0315  	-0.0218  	-0.0096  	-0.0386  	0.01572  	0.00046  	-0.0253  	-0.0004  	-0.0228  	-0.0213  	0.00610  	-0.0193  	-0.0435  	0.04045  	-0.0063  	0.11951  	-0.3634  	0.04362  	0.02647  	0.01211  	0.40077  	0.51056  	268.426  	212.431  	
0.24652  	-0.2193  	-0.0952  	0.15369  	0.50125  	-0.1782  	-0.5992  	-0.0115  	0.26475  	-0.6517  	-0.8382  	0.71118  	0.16957  	-0.1502  	-0.5525  	0.10166  	-0.0621  	0.07273  	0.49268  	0.24253  	-0.0269  	0.11501  	-0.0809  	0.43441  	0.07225  	0.01731  	0.00269  	-0.4062  	-0.3986  	-0.1499  	-0.0005  	0.19484  	-0.0451  	-0.1195  	0.32270  	-0.0097  	0.21012  	0.08454  	-0.4195  	0.16675  	0.49398  	0.05029  	0.05683  	0.41710  	0.04921  	-0.0532  	0.00614  	0.05103  	0.00254  	-0.0438  	-0.0248  	-0.0182  	-0.0360  	0.01767  	0.00222  	-0.0218  	-0.0019  	-0.0208  	-0.0220  	0.00893  	-0.0187  	-0.0414  	0.02913  	-0.0073  	0.11951  	-0.3634  	0.04362  	0.02647  	0.01211  	0.40077  	0.51056  	268.426  	212.431  	
-0.1014  	-0.3596  	-0.2115  	-0.4087  	0.29463  	-0.4257  	-0.6061  	-0.1339  	0.22340  	-0.5828  	-0.5268  	0.63433  	0.01359  	-0.5469  	-0.8600  	0.12105  	-0.0384  	0.11814  	0.49661  	0.30714  	0.02169  	-0.0314  	-0.0674  	0.39002  	-0.0356  	0.06199  	-0.0371  	-0.4134  	-0.5110  	-0.2174  	0.01821  	0.18844  	-0.0828  	-0.1176  	0.26042  	0.01319  	0.28100  	0.09786  	-0.4662  	0.11201  	0.54749  	0.05354  	0.04514  	0.40063  	0.05796  	-0.0459  	0.01062  	0.03444  	-0.0185  	-0.0261  	-0.0419  	-0.0141  	-0.0369  	0.02285  	-0.0025  	-0.0322  	0.00152  	-0.0216  	-0.0345  	-0.0073  	-0.0186  	-0.0456  	0.03057  	-0.0130  	0.11951  	-0.3634  	0.04362  	0.02647  	0.01211  	0.40077  	0.51056  	268.426  	212.431  	
-0.2782  	-0.4077  	-0.2032  	-0.6559  	0.14003  	-0.4427  	-0.6297  	-0.2021  	0.21840  	-0.5001  	-0.4365  	0.58686  	-0.0551  	-0.6976  	-1.0522  	0.06840  	-0.0259  	0.13283  	0.51550  	0.27731  	-0.0666  	0.03647  	-0.0239  	0.38823  	-0.0019  	0.07938  	-0.0623  	-0.3968  	-0.4370  	-0.2050  	0.01974  	0.19673  	-0.0825  	-0.1088  	0.14925  	0.09721  	0.22568  	0.10362  	-0.4570  	0.11901  	0.57219  	0.06595  	0.05437  	0.40572  	0.06373  	-0.0490  	0.00773  	-0.0056  	-0.0128  	-0.0330  	-0.0439  	-0.0174  	-0.0351  	0.03415  	-0.0053  	-0.0403  	0.00523  	-0.0158  	-0.0273  	-0.0075  	-0.0197  	-0.0458  	0.03433  	-0.0081  	0.11951  	-0.3634  	0.04362  	0.02647  	0.01211  	0.40077  	0.51056  	268.426  	212.431  	
-0.3372  	-0.4380  	-0.2632  	-0.6336  	0.08224  	-0.4484  	-0.5924  	-0.2378  	0.18472  	-0.4587  	-0.4968  	0.59828  	-0.0275  	-0.7029  	-1.1495  	0.07756  	-0.0181  	0.15955  	0.48462  	0.29559  	-0.2444  	0.03012  	-0.0167  	0.27431  	0.03183  	0.11029  	-0.1513  	-0.2758  	-0.3195  	-0.1946  	0.07530  	0.17480  	-0.1236  	-0.1057  	0.02136  	0.15460  	0.13071  	0.09515  	-0.3789  	0.11457  	0.63352  	0.04670  	0.09683  	0.43833  	0.05355  	-0.0641  	0.01283  	0.03093  	-0.0013  	-0.0262  	-0.0322  	-0.0117  	-0.0380  	0.02984  	0.01365  	-0.0390  	0.00074  	-0.0199  	-0.0318  	-0.0071  	-0.0152  	-0.0414  	0.04626  	-0.0023  	0.11951  	-0.3634  	0.04362  	0.02647  	0.01211  	0.40077  	0.51056  	268.426  	212.431  	
-0.3365  	-0.3483  	-0.2252  	-0.5852  	0.14558  	-0.5137  	-0.6352  	-0.1668  	0.22037  	-0.4486  	-0.5055  	0.61785  	-0.0404  	-0.6519  	-1.1750  	0.08524  	-0.0102  	0.14306  	0.50686  	0.29866  	-0.2095  	0.00436  	7.69766  	0.27981  	-0.0386  	0.11008  	-0.1436  	-0.2859  	-0.3421  	-0.2216  	0.04476  	0.18311  	-0.0969  	-0.1012  	0.05554  	0.11961  	0.14839  	0.09948  	-0.3876  	0.09282  	0.62605  	0.03415  	0.10322  	0.44183  	0.04665  	-0.0582  	0.01376  	0.03593  	-0.0037  	-0.0365  	-0.0331  	-0.0160  	-0.0377  	0.03249  	0.00567  	-0.0396  	0.00324  	-0.0161  	-0.0272  	-0.0036  	-0.0146  	-0.0388  	0.03747  	-0.0055  	0.11951  	-0.3634  	0.04362  	0.02647  	0.01211  	0.40077  	0.51056  	268.426  	212.431  	
-0.3521  	-0.3786  	-0.2504  	-0.6822  	0.09387  	-0.5347  	-0.6263  	-0.2112  	0.18161  	-0.4436  	-0.4542  	0.56893  	-0.0693  	-0.6961  	-1.2133  	0.06790  	-0.0278  	0.14446  	0.51814  	0.30692  	-0.1817  	0.00957  	3.22358  	0.28515  	-0.0088  	0.10564  	-0.1449  	-0.3129  	-0.3634  	-0.2215  	0.04506  	0.17080  	-0.1080  	-0.1056  	0.07658  	0.13379  	0.18155  	0.09371  	-0.4130  	0.09491  	0.61151  	0.05141  	0.08474  	0.43957  	0.05206  	-0.0562  	0.01557  	0.02631  	-0.0090  	-0.0299  	-0.0328  	-0.0084  	-0.0376  	0.03240  	0.00111  	-0.0362  	0.00261  	-0.0162  	-0.0281  	-0.0098  	-0.0175  	-0.0460  	0.04232  	-0.0107  	0.11951  	-0.3634  	0.04362  	0.02647  	0.01211  	0.40077  	0.51056  	268.426  	212.431  	
-0.4738  	-0.4069  	-0.3127  	-0.7229  	0.09347  	-0.6554  	-0.6042  	-0.2419  	0.15039  	-0.3991  	-0.3826  	0.58683  	-0.0318  	-0.6859  	-1.2164  	0.04918  	-0.0627  	0.15138  	0.49244  	0.32107  	-0.2216  	0.04712  	-0.0064  	0.29541  	-0.0164  	0.10908  	-0.1632  	-0.3102  	-0.3516  	-0.2131  	0.06986  	0.15853  	-0.0957  	-0.1048  	0.08033  	0.13315  	0.14882  	0.08109  	-0.4001  	0.10381  	0.61897  	0.05740  	0.07314  	0.43024  	0.06166  	-0.0579  	0.01120  	0.02248  	-0.0187  	-0.0252  	-0.0425  	-0.0099  	-0.0325  	0.02513  	-0.0065  	-0.0419  	-0.0017  	-0.0200  	-0.0284  	-0.0062  	-0.0121  	-0.0430  	0.04123  	-0.0151  	0.11951  	-0.3634  	0.04362  	0.02647  	0.01211  	0.40077  	0.51056  	268.426  	212.431  	
-0.5409  	-0.4558  	-0.3883  	-0.6502  	0.18557  	-0.7217  	-0.5990  	-0.2425  	0.16457  	-0.3997  	-0.3516  	0.65331  	-0.0262  	-0.6473  	-1.1438  	0.04752  	-0.0590  	0.16114  	0.45247  	0.37034  	-0.2111  	0.06925  	-0.0471  	0.35238  	-0.0421  	0.10835  	-0.1862  	-0.2915  	-0.3684  	-0.2185  	0.06495  	0.15497  	-0.0779  	-0.0984  	0.10553  	0.11961  	0.10885  	0.07456  	-0.3920  	0.12479  	0.58181  	0.06572  	0.05057  	0.39864  	0.05325  	-0.0573  	0.01289  	0.02120  	-0.0133  	-0.0287  	-0.0389  	-0.0113  	-0.0315  	0.02836  	0.00153  	-0.0445  	0.00208  	-0.0206  	-0.0275  	-0.0016  	-0.0146  	-0.0421  	0.04063  	-0.0115  	0.11951  	-0.3634  	0.04362  	0.02647  	0.01211  	0.40077  	0.51056  	268.426  	212.431  	
-0.4621  	-0.4332  	-0.3772  	-0.5907  	0.23346  	-0.6941  	-0.6084  	-0.1857  	0.19093  	-0.4165  	-0.3581  	0.67828  	-0.0133  	-0.5928  	-1.0845  	0.01644  	-0.0387  	0.12566  	0.46000  	0.35380  	-0.1456  	0.03546  	-0.0813  	0.38725  	-0.0535  	0.09205  	-0.1506  	-0.3246  	-0.4177  	-0.2073  	0.04817  	0.16046  	-0.0807  	-0.1059  	0.13963  	0.09074  	0.14481  	0.07019  	-0.3916  	0.11528  	0.56789  	0.06376  	0.03826  	0.38670  	0.05665  	-0.0529  	0.00976  	0.02400  	-0.0118  	-0.0203  	-0.0371  	-0.0092  	-0.0345  	0.02877  	0.00330  	-0.0426  	0.00094  	-0.0198  	-0.0320  	-0.0048  	-0.0172  	-0.0421  	0.03956  	-0.0111  	0.11951  	-0.3634  	0.04362  	0.02647  	0.01211  	0.40077  	0.51056  	268.426  	212.431  	
-0.2939  	-0.3550  	-0.2885  	-0.5567  	0.21578  	-0.5764  	-0.6436  	-0.0953  	0.21665  	-0.4545  	-0.4207  	0.73416  	0.02091  	-0.4759  	-1.0321  	0.00820  	-0.0423  	0.11625  	0.49715  	0.29631  	-0.1154  	0.03666  	0.00150  	0.37835  	-0.0362  	0.07760  	-0.1209  	-0.3677  	-0.3916  	-0.1959  	0.05653  	0.14271  	-0.0771  	-0.1028  	0.13794  	0.06557  	0.16300  	0.07118  	-0.3864  	0.12998  	0.56950  	0.05531  	0.06815  	0.41608  	0.05301  	-0.0499  	0.01033  	0.03414  	-0.0048  	-0.0247  	-0.0324  	-0.0134  	-0.0440  	0.03101  	-0.0060  	-0.0432  	0.00453  	-0.0163  	-0.0326  	-0.0075  	-0.0192  	-0.0499  	0.04473  	-0.0128  	0.11951  	-0.3634  	0.04362  	0.02647  	0.01211  	0.40077  	0.51056  	268.426  	212.431  	
-0.0809  	-0.3127  	-0.1368  	-0.4186  	0.28524  	-0.4357  	-0.6098  	-0.0461  	0.25202  	-0.5485  	-0.4665  	0.74531  	0.00959  	-0.3794  	-0.9323  	0.08187  	-0.0077  	0.10562  	0.46557  	0.32450  	-0.0454  	0.01466  	-0.0178  	0.42473  	-0.0714  	0.08066  	-0.1386  	-0.3807  	-0.4401  	-0.2197  	0.03472  	0.16429  	-0.0647  	-0.1172  	0.17897  	0.01248  	0.21169  	0.08248  	-0.4027  	0.11621  	0.57182  	0.02570  	0.06316  	0.41210  	0.05168  	-0.0464  	0.01812  	0.02928  	-0.0088  	-0.0294  	-0.0444  	-0.0174  	-0.0358  	0.02428  	-0.0036  	-0.0390  	-0.0042  	-0.0211  	-0.0325  	-0.0050  	-0.0207  	-0.0526  	0.03415  	-0.0121  	0.11951  	-0.3634  	0.04362  	0.02647  	0.01211  	0.40077  	0.51056  	268.426  	212.431  	
0.12480  	-0.2322  	-0.0454  	-0.2076  	0.34249  	-0.2932  	-0.6301  	0.01592  	0.27719  	-0.5550  	-0.6318  	0.74086  	0.09234  	-0.3102  	-0.7741  	0.15797  	-0.0178  	0.06724  	0.48676  	0.24795  	-0.0503  	0.05686  	-0.0424  	0.38395  	-0.0888  	0.08695  	-0.0848  	-0.4466  	-0.4753  	-0.2109  	0.06159  	0.18912  	-0.0412  	-0.1116  	0.21751  	-0.0171  	0.24157  	0.10814  	-0.4280  	0.11490  	0.55611  	0.02368  	0.09001  	0.41387  	0.03991  	-0.0531  	0.01625  	0.05154  	-0.0038  	-0.0291  	-0.0316  	-0.0089  	-0.0391  	0.02266  	-0.0013  	-0.0253  	-0.0147  	-0.0291  	-0.0295  	-0.0045  	-0.0143  	-0.0388  	0.02975  	-0.0154  	0.11951  	-0.3634  	0.04362  	0.02647  	0.01211  	0.40077  	0.51056  	268.426  	212.431  	
0.25952  	-0.1841  	0.00490  	-0.2121  	0.29974  	-0.2343  	-0.6267  	0.03975  	0.29818  	-0.5679  	-0.5472  	0.74715  	0.08561  	-0.2768  	-0.7516  	0.19450  	-0.0097  	0.05398  	0.49095  	0.22694  	0.06245  	0.05159  	-0.0432  	0.36562  	-0.0771  	0.06677  	-0.0468  	-0.5171  	-0.5536  	-0.2185  	0.04151  	0.21649  	-0.0419  	-0.1254  	0.26382  	-0.0411  	0.30760  	0.14516  	-0.4645  	0.07781  	0.54667  	0.03139  	0.08804  	0.41155  	0.03665  	-0.0489  	0.01268  	0.03895  	-0.0016  	-0.0240  	-0.0413  	-0.0106  	-0.0369  	0.02808  	0.00033  	-0.0228  	-0.0121  	-0.0219  	-0.0337  	-0.0084  	-0.0181  	-0.0324  	0.03429  	-0.0151  	0.11951  	-0.3634  	0.04362  	0.02647  	0.01211  	0.40077  	0.51056  	268.426  	212.431  	
0.36344  	-0.1666  	0.09452  	-0.1546  	0.23107  	-0.1359  	-0.6054  	0.12533  	0.33382  	-0.6739  	-0.4502  	0.72797  	0.05301  	-0.2064  	-0.6186  	0.24452  	-0.0084  	-0.0051  	0.49339  	0.16801  	0.26397  	0.07890  	0.03616  	0.48155  	-0.0591  	0.04436  	0.09042  	-0.7000  	-0.7087  	-0.2209  	0.01156  	0.25283  	-0.0307  	-0.1319  	0.37083  	-0.0918  	0.45545  	0.19291  	-0.5246  	0.03100  	0.49157  	0.04763  	0.07837  	0.41123  	0.03997  	-0.0484  	0.01061  	0.03482  	0.00046  	-0.0208  	-0.0539  	-0.0125  	-0.0307  	0.03779  	-0.0021  	-0.0175  	-0.0143  	-0.0186  	-0.0350  	0.00093  	-0.0140  	-0.0402  	0.03620  	-0.0172  	0.11951  	-0.3634  	0.04362  	0.02647  	0.01211  	0.40077  	0.51056  	268.426  	212.431  	
0.32355  	-0.1810  	0.07716  	-0.1786  	0.27954  	-0.1905  	-0.5972  	0.06302  	0.32268  	-0.6335  	-0.4520  	0.76719  	0.06718  	-0.2340  	-0.7604  	0.27824  	-0.0308  	0.04135  	0.45397  	0.24359  	0.18070  	0.01849  	-0.0389  	0.46079  	-0.0547  	0.06413  	0.01631  	-0.5888  	-0.6496  	-0.2216  	0.02393  	0.22926  	-0.0199  	-0.1237  	0.35509  	-0.0620  	0.36351  	0.16449  	-0.4850  	0.05293  	0.51083  	0.06147  	0.07217  	0.40245  	0.04000  	-0.0498  	0.01312  	0.03630  	-0.0020  	-0.0186  	-0.0402  	-0.0098  	-0.0303  	0.03301  	0.00066  	-0.0236  	-0.0081  	-0.0182  	-0.0345  	-0.0085  	-0.0145  	-0.0463  	0.04176  	-0.0132  	0.11951  	-0.3634  	0.04362  	0.02647  	0.01211  	0.40077  	0.51056  	268.426  	212.431  	
-0.2532  	-0.3839  	-0.2823  	-0.4975  	0.19036  	-0.5836  	-0.6749  	-0.1272  	0.27182  	-0.3916  	-0.3696  	0.78266  	0.08732  	-0.4350  	-1.1704  	0.22803  	-0.0361  	0.11403  	0.48482  	0.37656  	-0.1660  	-0.0412  	-0.0975  	0.32021  	-0.1947  	0.16950  	-0.2642  	-0.2492  	-0.5152  	-0.2868  	0.12473  	0.17277  	-0.0131  	-0.1172  	0.13023  	0.05046  	0.14465  	0.07433  	-0.3853  	0.07092  	0.62357  	0.05389  	0.08036  	0.40033  	0.03751  	-0.0571  	0.01549  	0.04356  	0.00947  	-0.0083  	-0.0419  	-0.0130  	-0.0311  	0.02573  	0.00731  	-0.0325  	0.00125  	-0.0154  	-0.0271  	-0.0009  	-0.0090  	-0.0373  	0.05564  	0.00175  	0.11951  	-0.3634  	0.04362  	0.02647  	0.01211  	0.40077  	0.51056  	268.426  	212.431  	
-0.5082  	-0.4610  	-0.4387  	-0.7400  	0.20687  	-0.7483  	-0.6228  	-0.2219  	0.18818  	-0.4227  	-0.2775  	0.62993  	-0.0334  	-0.6448  	-1.2646  	0.02942  	-0.0513  	0.15377  	0.46270  	0.34628  	-0.1900  	0.00326  	-0.1474  	0.30766  	-0.0375  	0.11463  	-0.2446  	-0.2525  	-0.3602  	-0.2406  	0.07241  	0.14916  	-0.0559  	-0.1222  	0.10209  	0.13934  	0.11833  	0.06129  	-0.3772  	0.08963  	0.58261  	0.05814  	0.06107  	0.38460  	0.05973  	-0.0640  	0.00793  	0.03539  	-0.0114  	-0.0238  	-0.0364  	-0.0123  	-0.0370  	0.02648  	0.00851  	-0.0382  	0.00664  	-0.0153  	-0.0294  	0.00160  	-0.0178  	-0.0430  	0.03975  	-0.0112  	0.11951  	-0.3634  	0.04362  	0.02647  	0.01211  	0.40077  	0.51056  	268.426  	212.431  	
-0.4251  	-0.4372  	-0.2687  	-0.7757  	0.07814  	-0.7578  	-0.6008  	-0.1870  	0.21627  	-0.3729  	-0.3318  	0.57355  	-0.0277  	-0.5705  	-1.1590  	0.00782  	-0.0076  	0.10658  	0.47845  	0.30459  	-0.1532  	0.05052  	-0.0637  	0.39687  	-0.0131  	0.13378  	-0.0993  	-0.4247  	-0.4196  	-0.2333  	0.08516  	0.14030  	-0.0652  	-0.1121  	0.12129  	0.07865  	0.16244  	0.08158  	-0.4117  	0.11297  	0.60063  	0.06414  	0.07361  	0.40071  	0.05819  	-0.0628  	0.01421  	0.04038  	-0.0134  	-0.0298  	-0.0388  	-0.0103  	-0.0425  	0.03385  	-0.0036  	-0.0453  	-0.0009  	-0.0198  	-0.0344  	0.00324  	-0.0208  	-0.0425  	0.04478  	-0.0106  	0.11951  	-0.3634  	0.04362  	0.02647  	0.01211  	0.40077  	0.51056  	268.426  	212.431  	
-0.0626  	-0.4064  	-0.1411  	-0.4308  	0.19584  	-0.3132  	-0.5977  	-0.0646  	0.25047  	-0.5546  	-0.5692  	0.63344  	0.02071  	-0.5050  	-1.0089  	0.19832  	0.03024  	0.14682  	0.50801  	0.27012  	-0.1680  	0.01759  	-0.0664  	0.38188  	0.01659  	0.09069  	-0.0869  	-0.3815  	-0.4580  	-0.2165  	0.01820  	0.20771  	-0.0579  	-0.1282  	0.16459  	0.07643  	0.18872  	0.10206  	-0.4098  	0.13288  	0.59021  	0.04105  	0.07638  	0.40701  	0.04634  	-0.0473  	0.01255  	0.03703  	-0.0076  	-0.0163  	-0.0288  	-0.0122  	-0.0355  	0.02658  	-0.0026  	-0.0322  	-0.0039  	-0.0255  	-0.0286  	0.00144  	-0.0218  	-0.0371  	0.04314  	-0.0127  	0.11951  	-0.3634  	0.04362  	0.02647  	0.01211  	0.40077  	0.51056  	268.426  	212.431  	
0.16052  	-0.2953  	-0.0627  	-0.1641  	0.35820  	-0.2542  	-0.6308  	-0.0738  	0.23004  	-0.5491  	-0.5195  	0.80841  	0.01939  	-0.5163  	-0.9985  	0.28803  	-0.0282  	0.14078  	0.51501  	0.39199  	-0.0880  	0.00456  	-0.1622  	0.39177  	0.00306  	0.06272  	-0.0665  	-0.2849  	-0.4112  	-0.1895  	-0.0131  	0.22441  	-0.0604  	-0.1250  	0.21503  	0.10969  	0.19920  	0.10967  	-0.4151  	0.15505  	0.54053  	0.04011  	0.07883  	0.42869  	0.05194  	-0.0464  	0.00904  	0.03864  	-0.0051  	-0.0344  	-0.0226  	-0.0138  	-0.0311  	0.02415  	-0.0009  	-0.0241  	-0.0002  	-0.0229  	-0.0293  	0.00045  	-0.0248  	-0.0542  	0.03233  	-0.0166  	0.11951  	-0.3634  	0.04362  	0.02647  	0.01211  	0.40077  	0.51056  	268.426  	212.431  	
0.16190  	-0.3162  	-0.0335  	-0.0006  	0.46895  	-0.1729  	-0.6254  	-0.0404  	0.23867  	-0.5941  	-0.6893  	0.75112  	0.03436  	-0.3945  	-0.8303  	0.27993  	-0.0200  	0.06802  	0.50666  	0.30322  	-0.0880  	-0.0021  	-0.1633  	0.42946  	0.14810  	0.03900  	0.09081  	-0.3591  	-0.4005  	-0.0961  	-0.0398  	0.24411  	-0.0911  	-0.1049  	0.25137  	0.09073  	0.21860  	0.11967  	-0.3949  	0.11362  	0.47095  	0.07352  	0.08161  	0.42062  	0.04861  	-0.0521  	-0.0006  	0.03511  	0.00594  	-0.0490  	-0.0201  	-0.0116  	-0.0313  	0.02849  	-0.0036  	-0.0214  	0.00182  	-0.0159  	-0.0245  	-0.0052  	-0.0192  	-0.0613  	0.03860  	-0.0183  	0.11951  	-0.3634  	0.04362  	0.02647  	0.01211  	0.40077  	0.51056  	268.426  	212.431  	
0.06747  	-0.3430  	-0.1058  	-0.1073  	0.39418  	-0.2494  	-0.6161  	-0.1043  	0.20872  	-0.6260  	-0.6735  	0.69328  	0.00928  	-0.4659  	-0.7988  	0.15355  	-0.0194  	0.07825  	0.50932  	0.25815  	-0.0902  	0.05597  	-0.1005  	0.42682  	0.09996  	0.05748  	0.03291  	-0.3884  	-0.4201  	-0.1380  	-0.0362  	0.23907  	-0.0799  	-0.1165  	0.23492  	0.08341  	0.25784  	0.11769  	-0.4369  	0.11833  	0.50148  	0.05827  	0.06011  	0.43050  	0.04970  	-0.0568  	0.00472  	0.03731  	0.00840  	-0.0388  	-0.0316  	-0.0115  	-0.0286  	0.02910  	0.00317  	-0.0219  	0.00401  	-0.0235  	-0.0201  	-0.0019  	-0.0230  	-0.0627  	0.02739  	-0.0195  	0.11951  	-0.3634  	0.04362  	0.02647  	0.01211  	0.40077  	0.51056  	268.426  	212.431  	
0.08700  	-0.3008  	-0.0622  	-0.1925  	0.34648  	-0.2448  	-0.6551  	-0.1271  	0.17378  	-0.5691  	-0.5347  	0.69816  	-0.0199  	-0.5801  	-1.0144  	0.30047  	-0.0477  	0.10742  	0.52481  	0.31804  	-0.0969  	0.04040  	-0.1327  	0.44849  	0.07508  	0.03527  	-0.0177  	-0.3954  	-0.4204  	-0.1570  	-0.0302  	0.20577  	-0.1066  	-0.1277  	0.26911  	0.14153  	0.24798  	0.11123  	-0.4361  	0.11504  	0.50219  	0.06790  	0.04854  	0.41566  	0.06064  	-0.0449  	-0.0018  	0.03218  	0.00593  	-0.0304  	-0.0177  	-0.0085  	-0.0245  	0.02117  	0.00102  	-0.0267  	0.01004  	-0.0178  	-0.0237  	-0.0059  	-0.0312  	-0.0614  	0.04874  	-0.0165  	0.11951  	-0.3634  	0.04362  	0.02647  	0.01211  	0.40077  	0.51056  	268.426  	212.431  	
-0.0964  	-0.3510  	-0.1881  	-0.4213  	0.21508  	-0.3779  	-0.6178  	-0.1309  	0.18077  	-0.4880  	-0.4914  	0.67080  	-0.0381  	-0.6300  	-1.1610  	0.22359  	-0.0611  	0.18301  	0.49148  	0.38041  	-0.1567  	0.02294  	-0.1316  	0.35968  	0.07662  	0.06375  	-0.0935  	-0.3012  	-0.3763  	-0.1899  	0.00409  	0.19533  	-0.1032  	-0.1233  	0.16665  	0.17890  	0.20403  	0.08907  	-0.3782  	0.14275  	0.54706  	0.06144  	0.05749  	0.42131  	0.06104  	-0.0465  	0.00907  	0.03209  	-0.0025  	-0.0417  	-0.0245  	-0.0102  	-0.0255  	0.03403  	0.00280  	-0.0323  	0.00457  	-0.0152  	-0.0304  	-9.8341  	-0.0233  	-0.0612  	0.04296  	-0.0065  	0.11951  	-0.3634  	0.04362  	0.02647  	0.01211  	0.40077  	0.51056  	268.426  	212.431  	
-0.3370  	-0.4293  	-0.3657  	-0.5522  	0.19478  	-0.5536  	-0.5980  	-0.2205  	0.16353  	-0.4694  	-0.4303  	0.64251  	-0.0750  	-0.6692  	-1.1068  	0.08590  	-0.0360  	0.14572  	0.49520  	0.29203  	-0.1814  	0.02683  	-0.0672  	0.34167  	0.05455  	0.09080  	-0.0897  	-0.3156  	-0.3779  	-0.1849  	0.03161  	0.18575  	-0.1114  	-0.1162  	0.15894  	0.15928  	0.18902  	0.07431  	-0.4309  	0.10445  	0.55110  	0.06441  	0.04851  	0.42655  	0.06959  	-0.0564  	0.00522  	0.00853  	-0.0196  	-0.0295  	-0.0215  	-0.0085  	-0.0383  	0.02550  	0.00827  	-0.0319  	0.00855  	-0.0129  	-0.0278  	-0.0059  	-0.0204  	-0.0490  	0.04290  	-0.0108  	0.11951  	-0.3634  	0.04362  	0.02647  	0.01211  	0.40077  	0.51056  	268.426  	212.431  	
-0.2998  	-0.4072  	-0.2637  	-0.5836  	0.18165  	-0.5167  	-0.6213  	-0.1517  	0.17517  	-0.4977  	-0.4245  	0.62174  	-0.0621  	-0.6028  	-1.0674  	0.08592  	-0.0322  	0.11885  	0.49758  	0.27852  	-0.1265  	0.01116  	0.02875  	0.37365  	-0.0304  	0.09975  	-0.0811  	-0.3708  	-0.3847  	-0.1948  	0.04264  	0.19159  	-0.1047  	-0.1238  	0.14542  	0.09770  	0.21275  	0.10097  	-0.4405  	0.10902  	0.58675  	0.05795  	0.06960  	0.43042  	0.05702  	-0.0573  	0.01481  	0.01735  	-0.0157  	-0.0320  	-0.0333  	-0.0085  	-0.0322  	0.02979  	-0.0028  	-0.0343  	-0.0014  	-0.0210  	-0.0307  	-0.0079  	-0.0133  	-0.0459  	0.03246  	-0.0161  	0.11951  	-0.3634  	0.04362  	0.02647  	0.01211  	0.40077  	0.51056  	268.426  	212.431  	
-0.1668  	-0.3165  	-0.2257  	-0.4537  	0.25405  	-0.4016  	-0.6185  	-0.0878  	0.21668  	-0.5235  	-0.5958  	0.71559  	0.03737  	-0.4761  	-0.9655  	0.09521  	-0.0135  	0.13827  	0.47073  	0.29593  	-0.1608  	0.08673  	-0.0115  	0.35523  	-0.0170  	0.10599  	-0.1219  	-0.3020  	-0.3636  	-0.1999  	0.03861  	0.14419  	-0.0817  	-0.1178  	0.11539  	0.06785  	0.14390  	0.07141  	-0.3721  	0.13686  	0.57812  	0.05279  	0.07340  	0.42647  	0.04018  	-0.0520  	0.01333  	0.04420  	-0.0174  	-0.0246  	-0.0375  	-0.0116  	-0.0383  	0.02369  	-0.0035  	-0.0388  	0.00319  	-0.0250  	-0.0280  	-0.0088  	-0.0196  	-0.0487  	0.04191  	-0.0102  	0.11951  	-0.3634  	0.04362  	0.02647  	0.01211  	0.40077  	0.51056  	268.426  	212.431  	
0.21297  	-0.2351  	-0.0250  	-0.1589  	0.30613  	-0.1251  	-0.6363  	0.05086  	0.27889  	-0.5834  	-0.7988  	0.72230  	0.15766  	-0.2319  	-0.6565  	0.13644  	-0.0002  	0.09980  	0.50670  	0.20686  	-0.0511  	0.10773  	0.02608  	0.37366  	-0.0122  	0.07752  	-0.1145  	-0.4630  	-0.4497  	-0.2072  	0.05625  	0.18576  	-0.0635  	-0.1407  	0.17646  	-0.0215  	0.19429  	0.09922  	-0.3860  	0.11939  	0.54726  	0.02039  	0.13186  	0.42913  	0.02665  	-0.0468  	-0.0068  	0.05189  	0.00323  	-0.0175  	-0.0274  	-0.0191  	-0.0270  	0.02463  	-0.0033  	-0.0197  	-0.0140  	-0.0193  	-0.0285  	-0.0017  	-0.0183  	-0.0342  	0.03648  	-0.0105  	0.11951  	-0.3634  	0.04362  	0.02647  	0.01211  	0.40077  	0.51056  	268.426  	212.431  	
0.21029  	-0.2421  	-0.0688  	-0.1736  	0.39365  	-0.2253  	-0.5935  	0.02169  	0.25440  	-0.5641  	-0.6866  	0.65766  	0.13048  	-0.1694  	-0.6952  	0.11910  	-0.0336  	0.05210  	0.50642  	0.24401  	-0.0139  	0.06014  	-0.0849  	0.40893  	0.08838  	0.02883  	0.03739  	-0.5160  	-0.5069  	-0.1481  	0.01647  	0.20424  	-0.0549  	-0.1163  	0.31324  	-0.0088  	0.28298  	0.10795  	-0.4382  	0.11772  	0.50474  	0.05934  	0.07980  	0.41158  	0.04152  	-0.0504  	0.00055  	0.03931  	0.01045  	-0.0253  	-0.0344  	-0.0201  	-0.0399  	0.02719  	-0.0024  	-0.0213  	-0.0026  	-0.0212  	-0.0325  	-0.0011  	-0.0234  	-0.0436  	0.02890  	-0.0160  	0.11951  	-0.3634  	0.04362  	0.02647  	0.01211  	0.40077  	0.51056  	268.426  	212.431  	
-0.2692  	-0.3735  	-0.2670  	-0.5631  	0.21339  	-0.4565  	-0.6731  	-0.0921  	0.20875  	-0.4930  	-0.4004  	0.64974  	-0.0428  	-0.5804  	-0.9582  	0.06798  	-0.0139  	0.06389  	0.50647  	0.24931  	0.04621  	0.02570  	-0.0468  	0.39692  	-0.0628  	0.07175  	0.03493  	-0.4753  	-0.5151  	-0.1920  	0.03318  	0.20748  	-0.0717  	-0.1242  	0.25072  	0.05657  	0.26250  	0.09440  	-0.4755  	0.12945  	0.49539  	0.06875  	0.04397  	0.40242  	0.07329  	-0.0557  	0.01529  	-0.0105  	-0.0219  	-0.0164  	-0.0381  	-0.0167  	-0.0415  	0.03861  	0.00158  	-0.0389  	0.00022  	-0.0193  	-0.0251  	0.00175  	-0.0230  	-0.0486  	0.04959  	-0.0096  	0.11951  	-0.3634  	0.04362  	0.02647  	0.01211  	0.40077  	0.51056  	268.426  	212.431  	
-0.1202  	-0.3661  	-0.1752  	-0.4565  	0.19201  	-0.3429  	-0.6493  	-0.1519  	0.20737  	-0.5641  	-0.4829  	0.65803  	-0.0547  	-0.6229  	-1.0285  	0.10295  	-0.0143  	0.11605  	0.50055  	0.26551  	-0.0833  	0.03224  	0.02126  	0.38152  	-0.0054  	0.09342  	-0.0560  	-0.3716  	-0.4089  	-0.1991  	0.01557  	0.20175  	-0.0818  	-0.1179  	0.15693  	0.09472  	0.23830  	0.09997  	-0.4371  	0.12133  	0.57996  	0.05612  	0.06820  	0.43014  	0.05393  	-0.0559  	0.01902  	0.01839  	-0.0103  	-0.0302  	-0.0361  	-0.0116  	-0.0348  	0.03029  	0.00191  	-0.0403  	0.00201  	-0.0118  	-0.0277  	-0.0090  	-0.0250  	-0.0469  	0.04100  	-0.0120  	0.11951  	-0.3634  	0.04362  	0.02647  	0.01211  	0.40077  	0.51056  	268.426  	212.431  	
-0.0302  	-0.3233  	-0.1199  	-0.3541  	0.28226  	-0.3176  	-0.6243  	-0.1040  	0.21844  	-0.4730  	-0.5340  	0.71536  	-0.0098  	-0.5598  	-1.0447  	0.20626  	-0.0514  	0.13485  	0.48252  	0.33768  	-0.1293  	0.01860  	-0.0927  	0.34822  	-0.0236  	0.07571  	-0.1095  	-0.3089  	-0.3722  	-0.2074  	0.02139  	0.18963  	-0.0852  	-0.1172  	0.16630  	0.11600  	0.20443  	0.09136  	-0.4148  	0.14291  	0.56947  	0.03664  	0.07582  	0.43212  	0.04950  	-0.0548  	0.01313  	0.03143  	-0.0010  	-0.0391  	-0.0305  	-0.0152  	-0.0337  	0.02183  	0.00335  	-0.0358  	0.00760  	-0.0196  	-0.0287  	-0.0088  	-0.0237  	-0.0533  	0.04546  	-0.0084  	0.11951  	-0.3634  	0.04362  	0.02647  	0.01211  	0.40077  	0.51056  	268.426  	212.431  	
-0.0121  	-0.3384  	-0.0872  	-0.3498  	0.28137  	-0.3599  	-0.6318  	-0.1139  	0.22882  	-0.4538  	-0.5024  	0.71975  	-0.0053  	-0.5592  	-1.0190  	0.24160  	-0.0864  	0.11698  	0.49088  	0.37274  	-0.1545  	0.02083  	-0.1328  	0.33496  	-0.0013  	0.07707  	-0.1455  	-0.2995  	-0.3913  	-0.2146  	0.01838  	0.19717  	-0.0768  	-0.1180  	0.21694  	0.13119  	0.19962  	0.08896  	-0.4174  	0.14824  	0.56098  	0.05989  	0.07937  	0.42526  	0.04446  	-0.0505  	0.01198  	0.03685  	-0.0019  	-0.0348  	-0.0180  	-0.0145  	-0.0307  	0.01845  	0.00554  	-0.0382  	0.00747  	-0.0146  	-0.0292  	-0.0058  	-0.0256  	-0.0568  	0.04832  	-0.0068  	0.11951  	-0.3634  	0.04362  	0.02647  	0.01211  	0.40077  	0.51056  	268.426  	212.431  	
-0.0229  	-0.3427  	-0.1796  	-0.2918  	0.29221  	-0.3386  	-0.6184  	-0.1470  	0.20142  	-0.5510  	-0.5624  	0.67574  	-0.0178  	-0.5562  	-0.9785  	0.17838  	-0.0532  	0.11000  	0.48561  	0.34826  	-0.1320  	0.01558  	-0.1229  	0.33763  	0.02522  	0.07445  	-0.0897  	-0.3055  	-0.4023  	-0.1818  	0.01122  	0.20473  	-0.0986  	-0.1097  	0.22849  	0.14747  	0.20244  	0.09477  	-0.4263  	0.12826  	0.54178  	0.06371  	0.06751  	0.41308  	0.05433  	-0.0509  	0.00967  	0.02748  	-0.0047  	-0.0324  	-0.0226  	-0.0133  	-0.0314  	0.02000  	0.00809  	-0.0330  	0.00957  	-0.0133  	-0.0287  	-0.0100  	-0.0247  	-0.0573  	0.05011  	-0.0063  	0.11951  	-0.3634  	0.04362  	0.02647  	0.01211  	0.40077  	0.51056  	268.426  	212.431  	
-0.0439  	-0.3356  	-0.1632  	-0.2871  	0.27132  	-0.3776  	-0.6265  	-0.0921  	0.21677  	-0.6083  	-0.5260  	0.67090  	-0.0320  	-0.4858  	-0.7961  	0.12686  	-0.0313  	0.07945  	0.45657  	0.29914  	-0.0273  	0.03531  	-0.0473  	0.38522  	-0.0030  	0.09062  	-0.0502  	-0.4374  	-0.4824  	-0.1946  	0.02493  	0.22471  	-0.0721  	-0.1214  	0.25172  	0.03646  	0.26419  	0.11599  	-0.4559  	0.08588  	0.54429  	0.07757  	0.05301  	0.40321  	0.06215  	-0.0475  	0.01555  	0.01493  	-0.0174  	-0.0268  	-0.0386  	-0.0161  	-0.0324  	0.02302  	-0.0034  	-0.0324  	0.00477  	-0.0174  	-0.0313  	-0.0107  	-0.0220  	-0.0431  	0.04262  	-0.0105  	0.11951  	-0.3634  	0.04362  	0.02647  	0.01211  	0.40077  	0.51056  	268.426  	212.431  	
0.09518  	-0.2573  	-0.0824  	-0.2014  	0.25524  	-0.3087  	-0.6375  	0.01704  	0.32662  	-0.5820  	-0.4773  	0.75366  	0.09668  	-0.2960  	-0.8416  	0.22765  	-0.0166  	0.08860  	0.48131  	0.31321  	0.01260  	0.02314  	-0.0890  	0.37728  	-0.0625  	0.07321  	-0.0832  	-0.4274  	-0.5297  	-0.2155  	0.04480  	0.20385  	-0.0117  	-0.1261  	0.28852  	-0.0264  	0.24028  	0.12159  	-0.4462  	0.08134  	0.53998  	0.05661  	0.08107  	0.39246  	0.05519  	-0.0466  	0.02247  	0.02456  	-0.0074  	-0.0146  	-0.0372  	-0.0141  	-0.0314  	0.02654  	0.00089  	-0.0305  	-0.0107  	-0.0242  	-0.0291  	-0.0007  	-0.0160  	-0.0402  	0.03385  	-0.0147  	0.11951  	-0.3634  	0.04362  	0.02647  	0.01211  	0.40077  	0.51056  	268.426  	212.431  	
-0.2256  	-0.3785  	-0.2485  	-0.4434  	0.21877  	-0.5778  	-0.6665  	-0.1015  	0.28968  	-0.4037  	-0.3930  	0.76629  	0.08652  	-0.4145  	-1.1305  	0.18432  	-0.0569  	0.12816  	0.46443  	0.36492  	-0.1880  	-0.0243  	-0.1136  	0.34260  	-0.1602  	0.15345  	-0.2522  	-0.2651  	-0.4949  	-0.2641  	0.09352  	0.15917  	-0.0224  	-0.1187  	0.14940  	0.04943  	0.14077  	0.07923  	-0.3851  	0.09175  	0.59880  	0.04772  	0.07807  	0.39283  	0.04021  	-0.0605  	0.01345  	0.03511  	0.00672  	-0.0101  	-0.0363  	-0.0101  	-0.0358  	0.02364  	0.00607  	-0.0391  	-0.0065  	-0.0156  	-0.0306  	-0.0060  	-0.0137  	-0.0385  	0.05459  	-0.0036  	0.11951  	-0.3634  	0.04362  	0.02647  	0.01211  	0.40077  	0.51056  	268.426  	212.431  	
-0.4258  	-0.4534  	-0.4001  	-0.6240  	0.24085  	-0.7175  	-0.5839  	-0.1947  	0.21216  	-0.4255  	-0.3225  	0.64364  	-0.0011  	-0.5593  	-1.1713  	0.00780  	-0.0374  	0.13939  	0.44536  	0.35320  	-0.1728  	0.00574  	-0.1370  	0.36871  	-0.0200  	0.11687  	-0.2257  	-0.2871  	-0.3836  	-0.2380  	0.05740  	0.14305  	-0.0545  	-0.1139  	0.11866  	0.09199  	0.12909  	0.06333  	-0.3837  	0.09981  	0.57397  	0.06525  	0.06224  	0.38681  	0.05818  	-0.0605  	0.01302  	0.03585  	-0.0085  	-0.0273  	-0.0342  	-0.0099  	-0.0421  	0.02746  	0.00129  	-0.0400  	0.00538  	-0.0203  	-0.0339  	-0.0024  	-0.0168  	-0.0459  	0.04237  	-0.0095  	0.11951  	-0.3634  	0.04362  	0.02647  	0.01211  	0.40077  	0.51056  	268.426  	212.431  	
-0.2575  	-0.4026  	-0.1987  	-0.6392  	0.14165  	-0.5526  	-0.6073  	-0.1173  	0.21330  	-0.4453  	-0.4313  	0.62619  	0.00785  	-0.4361  	-1.0303  	0.02570  	0.00620  	0.09873  	0.49443  	0.28409  	-0.1146  	0.04743  	-0.0124  	0.41509  	-0.0130  	0.11471  	-0.0619  	-0.4099  	-0.4215  	-0.2130  	0.06436  	0.16328  	-0.0748  	-0.1281  	0.14548  	0.04410  	0.19808  	0.08775  	-0.4115  	0.11999  	0.60353  	0.04421  	0.07409  	0.42028  	0.06104  	-0.0558  	0.01278  	0.03241  	-0.0096  	-0.0355  	-0.0459  	-0.0135  	-0.0365  	0.02605  	-0.0070  	-0.0435  	-0.0017  	-0.0229  	-0.0307  	0.00019  	-0.0123  	-0.0427  	0.03680  	-0.0128  	0.11951  	-0.3634  	0.04362  	0.02647  	0.01211  	0.40077  	0.51056  	268.426  	212.431  	
0.01520  	-0.3459  	-0.1079  	-0.2991  	0.30706  	-0.3235  	-0.5884  	-0.1121  	0.21343  	-0.5190  	-0.5842  	0.69286  	-0.0068  	-0.5556  	-0.9518  	0.19991  	-0.0398  	0.16021  	0.49091  	0.34937  	-0.1750  	0.02313  	-0.0763  	0.36127  	-0.0091  	0.07010  	-0.1091  	-0.2821  	-0.3784  	-0.2146  	0.01316  	0.18977  	-0.0732  	-0.1201  	0.16494  	0.10174  	0.19263  	0.08844  	-0.4161  	0.14660  	0.55565  	0.04564  	0.07813  	0.42464  	0.05431  	-0.0546  	0.01206  	0.03701  	0.00184  	-0.0382  	-0.0272  	-0.0161  	-0.0342  	0.02254  	6.50556  	-0.0365  	0.00657  	-0.0177  	-0.0277  	-0.0081  	-0.0211  	-0.0540  	0.04393  	-0.0095  	0.11951  	-0.3634  	0.04362  	0.02647  	0.01211  	0.40077  	0.51056  	268.426  	212.431  	
0.06605  	-0.3422  	-0.0779  	-0.1990  	0.39172  	-0.3356  	-0.5641  	-0.1132  	0.20150  	-0.4505  	-0.4978  	0.70657  	-0.0051  	-0.5148  	-0.9704  	0.27744  	-0.1039  	0.12274  	0.47958  	0.38857  	-0.1719  	0.03401  	-0.1920  	0.39317  	0.06853  	0.04545  	-0.0535  	-0.2876  	-0.3833  	-0.1819  	-0.0210  	0.21790  	-0.0956  	-0.1190  	0.25117  	0.17049  	0.21264  	0.09251  	-0.4244  	0.14089  	0.51921  	0.05594  	0.05702  	0.40954  	0.05293  	-0.0583  	0.00883  	0.03706  	0.00702  	-0.0338  	-0.0184  	-0.0186  	-0.0296  	0.02548  	0.00595  	-0.0356  	0.01320  	-0.0189  	-0.0314  	-0.0061  	-0.0270  	-0.0630  	0.04643  	-0.0116  	0.11951  	-0.3634  	0.04362  	0.02647  	0.01211  	0.40077  	0.51056  	268.426  	212.431  	
0.08913  	-0.3908  	-0.0856  	-0.2261  	0.40604  	-0.2855  	-0.5811  	-0.1700  	0.20963  	-0.4246  	-0.5068  	0.73500  	0.01133  	-0.6066  	-1.0382  	0.36215  	-0.1069  	0.16013  	0.49299  	0.36250  	-0.2161  	0.02024  	-0.2452  	0.37250  	0.11107  	0.03111  	-0.0517  	-0.2547  	-0.3478  	-0.1559  	-0.0183  	0.21506  	-0.1197  	-0.1008  	0.25158  	0.19228  	0.17541  	0.10600  	-0.4179  	0.16778  	0.53673  	0.05985  	0.06723  	0.41753  	0.04330  	-0.0526  	0.00206  	0.03756  	0.00398  	-0.0392  	-0.0107  	-0.0151  	-0.0345  	0.02405  	0.00823  	-0.0258  	0.00883  	-0.0228  	-0.0274  	0.00118  	-0.0235  	-0.0649  	0.05290  	-0.0104  	0.11951  	-0.3634  	0.04362  	0.02647  	0.01211  	0.40077  	0.51056  	268.426  	212.431  	
0.08635  	-0.3611  	-0.0756  	-0.3037  	0.36949  	-0.2819  	-0.5706  	-0.1983  	0.20127  	-0.4550  	-0.5488  	0.68640  	-0.0068  	-0.6247  	-1.0963  	0.34339  	-0.0951  	0.15506  	0.48108  	0.36523  	-0.2286  	0.00656  	-0.2170  	0.35318  	0.08303  	0.04913  	-0.0522  	-0.2611  	-0.3456  	-0.1696  	-0.0046  	0.21044  	-0.1101  	-0.0953  	0.22628  	0.19918  	0.16689  	0.09022  	-0.4054  	0.18470  	0.54491  	0.07490  	0.06833  	0.42649  	0.05179  	-0.0517  	0.00246  	0.03612  	0.00329  	-0.0289  	-0.0137  	-0.0153  	-0.0329  	0.02668  	0.00727  	-0.0283  	0.00856  	-0.0199  	-0.0312  	-0.0045  	-0.0255  	-0.0611  	0.04831  	-0.0076  	0.11951  	-0.3634  	0.04362  	0.02647  	0.01211  	0.40077  	0.51056  	268.426  	212.431  	
-0.0943  	-0.3857  	-0.2067  	-0.2587  	0.31043  	-0.3445  	-0.6166  	-0.1754  	0.16412  	-0.5264  	-0.5508  	0.68569  	-0.0622  	-0.6587  	-1.0715  	0.26017  	-0.0230  	0.11586  	0.49412  	0.32181  	-0.1990  	0.03420  	-0.2001  	0.43858  	0.17250  	0.04262  	0.03838  	-0.2804  	-0.4304  	-0.1412  	-0.0247  	0.25295  	-0.1174  	-0.1394  	0.22975  	0.22217  	0.19966  	0.08566  	-0.4227  	0.15703  	0.49148  	0.06004  	0.04938  	0.41683  	0.04774  	-0.0483  	0.00042  	0.02753  	0.00018  	-0.0265  	-0.0154  	-0.0097  	-0.0336  	0.02327  	0.00090  	-0.0375  	0.00937  	-0.0122  	-0.0293  	-0.0026  	-0.0307  	-0.0646  	0.04922  	-0.0110  	0.11951  	-0.3634  	0.04362  	0.02647  	0.01211  	0.40077  	0.51056  	268.426  	212.431  	
0.03901  	-0.3505  	-0.2278  	0.08292  	0.54997  	-0.2791  	-0.5995  	-0.0617  	0.20898  	-0.6510  	-0.7240  	0.78054  	0.03268  	-0.3209  	-0.6156  	0.17401  	-0.0426  	0.06781  	0.47048  	0.33118  	-0.1076  	0.03554  	-0.1750  	0.45481  	0.07765  	0.06751  	0.02494  	-0.2966  	-0.3872  	-0.0962  	-0.0177  	0.20276  	-0.0944  	-0.1122  	0.31463  	0.06514  	0.16938  	0.08090  	-0.4397  	0.13856  	0.44067  	0.09346  	0.01889  	0.40594  	0.07129  	-0.0494  	0.00374  	0.01340  	0.00260  	-0.0496  	-0.0190  	-0.0126  	-0.0376  	0.02346  	-0.0040  	-0.0262  	0.01006  	-0.0216  	-0.0256  	9.76851  	-0.0230  	-0.0511  	0.03496  	-0.0139  	0.11951  	-0.3634  	0.04362  	0.02647  	0.01211  	0.40077  	0.51056  	268.426  	212.431  	
0.21501  	-0.2762  	-0.1582  	0.11947  	0.56308  	-0.1936  	-0.6301  	-0.0473  	0.23661  	-0.6554  	-0.8638  	0.76309  	0.14908  	-0.1535  	-0.4366  	0.08763  	-0.0232  	-0.0153  	0.46308  	0.23768  	-0.0769  	0.10615  	-0.1418  	0.48459  	0.08281  	0.03880  	0.11606  	-0.4088  	-0.4787  	-0.1206  	-0.0113  	0.21660  	-0.0786  	-0.1029  	0.37763  	0.03134  	0.20573  	0.07012  	-0.4375  	0.15506  	0.42480  	0.08091  	0.04520  	0.41018  	0.05124  	-0.0550  	0.01204  	0.03505  	0.01590  	-0.0375  	-0.0322  	-0.0123  	-0.0398  	0.02748  	-0.0071  	-0.0270  	-0.0017  	-0.0204  	-0.0210  	-0.0030  	-0.0334  	-0.0412  	0.03392  	-0.0184  	0.11951  	-0.3634  	0.04362  	0.02647  	0.01211  	0.40077  	0.51056  	268.426  	212.431  	
0.41576  	-0.1527  	0.00069  	0.23334  	0.58896  	0.00761  	-0.5430  	0.02720  	0.25622  	-0.6400  	-1.1412  	0.57123  	0.29234  	0.04198  	-0.2677  	0.00056  	-0.0370  	0.00626  	0.44173  	0.12019  	-0.1452  	0.19582  	-0.1148  	0.39255  	0.16996  	0.03310  	0.11680  	-0.4950  	-0.2911  	-0.0492  	-0.0074  	0.17451  	-0.0676  	-0.1126  	0.28850  	-0.0010  	0.14026  	0.05184  	-0.3690  	0.18678  	0.45501  	0.07592  	0.07871  	0.42411  	0.03606  	-0.0518  	-0.0013  	0.07062  	0.02678  	-0.0356  	-0.0251  	-0.0164  	-0.0375  	0.02358  	0.00083  	-0.0125  	-0.0046  	-0.0274  	-0.0328  	0.00231  	-0.0208  	-0.0389  	0.02510  	-0.0210  	0.11951  	-0.3634  	0.04362  	0.02647  	0.01211  	0.40077  	0.51056  	268.426  	212.431  	
0.30906  	-0.2222  	-0.1048  	0.14864  	0.54288  	-0.2847  	-0.5380  	0.00056  	0.23921  	-0.5461  	-0.9125  	0.53199  	0.23494  	0.09148  	-0.3749  	-0.0391  	-0.0368  	-0.0119  	0.47907  	0.19289  	-0.1276  	0.19336  	-0.2022  	0.45880  	0.22426  	0.00992  	0.18234  	-0.5626  	-0.3910  	-0.0794  	0.01701  	0.20937  	-0.0688  	-0.0997  	0.36789  	0.02699  	0.20516  	0.05877  	-0.4241  	0.18863  	0.40419  	0.08082  	0.03764  	0.41271  	0.05986  	-0.0580  	0.00930  	0.04787  	0.01564  	-0.0378  	-0.0238  	-0.0139  	-0.0419  	0.01835  	-0.0012  	-0.0184  	-0.0131  	-0.0272  	-0.0297  	0.00882  	-0.0159  	-0.0385  	0.02071  	-0.0157  	0.11951  	-0.3634  	0.04362  	0.02647  	0.01211  	0.40077  	0.51056  	268.426  	212.431  	
-0.1214  	-0.3737  	-0.3477  	-0.1180  	0.48244  	-0.5138  	-0.5844  	-0.1020  	0.21185  	-0.5341  	-0.5639  	0.80813  	0.06734  	-0.2639  	-0.6377  	0.04661  	-0.0520  	0.07668  	0.46646  	0.31155  	-0.0178  	0.03924  	-0.1799  	0.50685  	-0.0360  	0.05030  	-0.0077  	-0.4248  	-0.5004  	-0.1903  	0.03435  	0.21306  	-0.0639  	-0.1141  	0.34584  	-0.0050  	0.23381  	0.07691  	-0.4973  	0.13471  	0.45829  	0.07963  	0.00560  	0.39717  	0.06354  	-0.0533  	0.01057  	0.00306  	0.00512  	-0.0269  	-0.0260  	-0.0162  	-0.0449  	0.02763  	0.00102  	-0.0302  	0.00719  	-0.0210  	-0.0284  	0.00442  	-0.0265  	-0.0497  	0.03320  	-0.0205  	0.11951  	-0.3634  	0.04362  	0.02647  	0.01211  	0.40077  	0.51056  	268.426  	212.431  	
-0.0601  	-0.4293  	-0.1910  	-0.3079  	0.30479  	-0.3280  	-0.6049  	-0.1675  	0.19005  	-0.5614  	-0.5092  	0.65398  	-0.0344  	-0.5935  	-1.0119  	0.18872  	-0.0298  	0.13586  	0.49068  	0.25325  	-0.1726  	0.02759  	-0.0901  	0.40353  	0.04215  	0.07586  	-0.0235  	-0.3431  	-0.4343  	-0.1642  	-0.0029  	0.22196  	-0.1073  	-0.1167  	0.20082  	0.12841  	0.21881  	0.09870  	-0.4210  	0.13429  	0.54253  	0.05236  	0.04151  	0.39978  	0.04983  	-0.0522  	0.00976  	0.01957  	-0.0137  	-0.0233  	-0.0273  	-0.0074  	-0.0336  	0.02752  	0.00455  	-0.0290  	0.00246  	-0.0163  	-0.0247  	-0.0032  	-0.0282  	-0.0529  	0.04203  	-0.0143  	0.11951  	-0.3634  	0.04362  	0.02647  	0.01211  	0.40077  	0.51056  	268.426  	212.431  	
0.08097  	-0.3465  	-0.0569  	-0.1561  	0.41286  	-0.3561  	-0.6375  	-0.0990  	0.17210  	-0.4900  	-0.5739  	0.74688  	0.05361  	-0.6632  	-0.9748  	0.24591  	0.03327  	-0.0191  	0.56797  	0.08980  	-0.1614  	-0.2178  	-0.4522  	0.39948  	0.02346  	0.15974  	-0.0553  	-0.3658  	-0.2994  	-0.1745  	0.11528  	0.16196  	-0.2053  	-0.2906  	0.13525  	0.14758  	0.07193  	0.08372  	-0.5220  	0.08357  	0.60553  	0.20405  	-0.0558  	0.50366  	0.00159  	-0.0307  	-0.0132  	0.05984  	-0.0102  	-0.0464  	-0.0192  	-0.0080  	-0.0272  	0.03848  	0.01319  	-0.0380  	0.00716  	-0.0300  	-0.0281  	0.00719  	-0.0202  	-0.0646  	0.03306  	-0.0122  	0.11951  	-0.3634  	0.04362  	0.02647  	0.01211  	0.40077  	0.51056  	268.426  	212.431  	
0.29602  	-0.3312  	0.01752  	0.04310  	0.41259  	-0.2195  	-0.6940  	-0.0042  	0.17132  	-0.6096  	-0.5195  	0.78838  	0.11343  	-0.6029  	-0.7065  	0.18467  	0.12915  	-0.2468  	0.61794  	-0.1144  	0.15114  	-0.3513  	-0.7303  	0.48212  	-0.1246  	0.23068  	0.00111  	-0.5851  	-0.4314  	-0.2354  	0.17517  	0.17774  	-0.2559  	-0.4302  	0.25139  	0.04603  	0.10581  	0.11265  	-0.6856  	-0.0185  	0.61120  	0.31491  	-0.1762  	0.55502  	-0.0520  	-0.0161  	-0.0307  	0.05738  	-0.0183  	-0.0569  	-0.0019  	-0.0074  	-0.0319  	0.05311  	0.00281  	-0.0359  	0.00358  	-0.0435  	-0.0300  	0.01948  	-0.0163  	-0.0641  	0.00554  	-0.0154  	0.11951  	-0.3634  	0.04362  	0.02647  	0.01211  	0.40077  	0.51056  	268.426  	212.431  	
0.48326  	-0.1747  	0.15437  	0.13689  	0.50653  	-0.1613  	-0.6092  	0.14406  	0.23218  	-0.6429  	-0.7653  	0.73449  	0.27485  	-0.3006  	-0.3137  	-0.0192  	0.13162  	-0.3205  	0.62260  	-0.2693  	0.14064  	-0.3771  	-0.6735  	0.44762  	-0.0587  	0.24456  	0.09711  	-0.7026  	-0.2691  	-0.1957  	0.20444  	0.12645  	-0.2547  	-0.4594  	0.23371  	-0.0123  	0.07148  	0.07502  	-0.6419  	0.01261  	0.59631  	0.34770  	-0.1913  	0.58117  	-0.0590  	-0.0183  	-0.0638  	0.10922  	-0.0155  	-0.0426  	0.00825  	-0.0071  	-0.0284  	0.05207  	0.01641  	-0.0161  	0.00113  	-0.0473  	-0.0357  	0.02049  	-0.0145  	-0.0622  	0.00577  	-0.0082  	0.11951  	-0.3634  	0.04362  	0.02647  	0.01211  	0.40077  	0.51056  	268.426  	212.431  	
0.45968  	-0.1677  	0.15463  	0.14494  	0.51442  	-0.1063  	-0.5710  	0.15184  	0.22302  	-0.6266  	-0.9027  	0.59850  	0.34166  	-0.1283  	-0.2803  	-0.0044  	0.10351  	-0.3003  	0.58766  	-0.2939  	0.06978  	-0.1988  	-0.6228  	0.37757  	0.02649  	0.21394  	0.10200  	-0.7222  	-0.2126  	-0.1095  	0.22098  	0.09950  	-0.2444  	-0.3910  	0.17179  	-0.0094  	0.02353  	0.08086  	-0.5829  	0.01239  	0.60345  	0.33115  	-0.1498  	0.57631  	-0.0673  	-0.0167  	-0.0590  	0.11470  	-0.0008  	-0.0638  	-0.0131  	-0.0042  	-0.0285  	0.05040  	0.02244  	-0.0245  	-0.0077  	-0.0439  	-0.0369  	0.01040  	-0.0121  	-0.0527  	0.00878  	-0.0125  	0.11951  	-0.3634  	0.04362  	0.02647  	0.01211  	0.40077  	0.51056  	268.426  	212.431  	
0.23436  	-0.2129  	-0.1735  	0.47566  	0.75517  	-0.2149  	-0.5951  	0.05250  	0.22575  	-0.6219  	-0.8520  	0.69822  	0.25820  	0.05584  	-0.2003  	-0.0847  	0.07768  	-0.2099  	0.47626  	0.01100  	-0.0129  	-0.0696  	-0.5032  	0.57814  	0.21713  	0.10908  	0.19254  	-0.4890  	-0.2928  	-0.0661  	0.06516  	0.16178  	-0.2061  	-0.2974  	0.35397  	-0.0033  	0.09268  	0.01504  	-0.5299  	0.12242  	0.42844  	0.25250  	-0.1200  	0.45914  	-0.0071  	-0.0318  	-0.0221  	0.07216  	-0.0031  	-0.0356  	-0.0128  	-0.0156  	-0.0467  	0.03306  	0.00518  	-0.0174  	0.02081  	-0.0373  	-0.0272  	0.01325  	-0.0181  	-0.0612  	0.00985  	-0.0192  	0.11951  	-0.3634  	0.04362  	0.02647  	0.01211  	0.40077  	0.51056  	268.426  	212.431  	
0.20329  	-0.2537  	-0.3069  	0.61651  	0.86160  	-0.2671  	-0.5509  	-0.0097  	0.24173  	-0.6493  	-0.9196  	0.84206  	0.22261  	0.06499  	-0.2981  	0.08840  	-0.0689  	0.02677  	0.39461  	0.35104  	-0.2355  	0.13194  	-0.3307  	0.44128  	0.22967  	0.02109  	0.07188  	-0.2306  	-0.2723  	-0.0104  	-0.0770  	0.19999  	-0.0656  	-0.0744  	0.39623  	0.04873  	0.07460  	0.02766  	-0.3609  	0.19873  	0.34113  	0.10833  	0.00676  	0.36929  	0.08071  	-0.0476  	0.00356  	0.03783  	0.00175  	-0.0355  	-0.0225  	-0.0132  	-0.0398  	0.02401  	-0.0040  	-0.0221  	0.00546  	-0.0253  	-0.0218  	-0.0051  	-0.0266  	-0.0482  	0.03711  	-0.0209  	0.11951  	-0.3634  	0.04362  	0.02647  	0.01211  	0.40077  	0.51056  	268.426  	212.431  	
0.17794  	-0.2708  	-0.3030  	0.49823  	0.81199  	-0.2593  	-0.5495  	-0.0164  	0.24325  	-0.6418  	-0.9148  	0.87457  	0.25648  	0.05367  	-0.3604  	0.11768  	-0.1055  	0.07513  	0.39181  	0.40735  	-0.2088  	0.10769  	-0.3576  	0.40341  	0.20799  	0.02479  	-0.0087  	-0.1736  	-0.2103  	-0.0110  	-0.0787  	0.17499  	-0.0479  	-0.0648  	0.34904  	0.02392  	0.05345  	0.02615  	-0.3619  	0.18592  	0.37453  	0.09932  	0.02281  	0.38129  	0.07411  	-0.0474  	0.00930  	0.04018  	0.01259  	-0.0403  	-0.0226  	-0.0201  	-0.0412  	0.02671  	-0.0047  	-0.0161  	-0.0046  	-0.0305  	-0.0264  	-0.0066  	-0.0234  	-0.0523  	0.03174  	-0.0234  	0.11951  	-0.3634  	0.04362  	0.02647  	0.01211  	0.40077  	0.51056  	268.426  	212.431  	
0.06668  	-0.3003  	-0.3376  	0.18456  	0.68444  	-0.3604  	-0.5465  	-0.0597  	0.25962  	-0.5591  	-0.7923  	0.92470  	0.20253  	-0.1556  	-0.6058  	0.13869  	-0.1263  	0.15053  	0.41962  	0.38658  	-0.2173  	0.05113  	-0.3064  	0.38300  	0.09661  	0.06505  	-0.0692  	-0.1628  	-0.2816  	-0.0776  	-0.0494  	0.16609  	-0.0447  	-0.0678  	0.30433  	0.04277  	0.06248  	0.03875  	-0.3563  	0.17700  	0.42327  	0.09767  	0.02458  	0.40999  	0.05925  	-0.0567  	0.00265  	0.03778  	0.01503  	-0.0399  	-0.0314  	-0.0220  	-0.0428  	0.03807  	-0.0061  	-0.0249  	0.00202  	-0.0243  	-0.0277  	-0.0136  	-0.0249  	-0.0542  	0.02725  	-0.0158  	0.11951  	-0.3634  	0.04362  	0.02647  	0.01211  	0.40077  	0.51056  	268.426  	212.431  	
-0.0990  	-0.3233  	-0.3411  	-0.0849  	0.54313  	-0.4180  	-0.5536  	-0.0423  	0.21970  	-0.5059  	-0.6615  	0.85502  	0.07733  	-0.3413  	-0.6762  	0.08981  	-0.1078  	0.18438  	0.45606  	0.42354  	-0.1570  	0.03211  	-0.1809  	0.39443  	0.04800  	0.05505  	-0.1015  	-0.1943  	-0.3275  	-0.1814  	-0.0332  	0.16620  	-0.0605  	-0.0924  	0.26100  	0.05149  	0.08529  	0.06567  	-0.3800  	0.16722  	0.46564  	0.07533  	0.02428  	0.40348  	0.04833  	-0.0468  	0.01045  	0.03053  	0.00124  	-0.0428  	-0.0217  	-0.0210  	-0.0370  	0.02481  	-0.0047  	-0.0282  	0.00221  	-0.0203  	-0.0297  	-0.0088  	-0.0208  	-0.0520  	0.02729  	-0.0223  	0.11951  	-0.3634  	0.04362  	0.02647  	0.01211  	0.40077  	0.51056  	268.426  	212.431  	
-0.1181  	-0.3841  	-0.2582  	-0.2086  	0.38194  	-0.3475  	-0.5865  	-0.0776  	0.20195  	-0.5623  	-0.6357  	0.70437  	0.05638  	-0.4087  	-0.7880  	0.03746  	-0.0375  	0.15119  	0.42991  	0.34346  	-0.1786  	0.06746  	-0.0675  	0.36394  	0.02867  	0.07974  	-0.1245  	-0.2376  	-0.2794  	-0.1727  	0.01099  	0.17228  	-0.0650  	-0.0990  	0.16908  	0.04718  	0.11255  	0.07625  	-0.3898  	0.13881  	0.52898  	0.05184  	0.06251  	0.40454  	0.05683  	-0.0536  	0.01803  	0.02825  	-0.0069  	-0.0351  	-0.0280  	-0.0118  	-0.0395  	0.01713  	0.00159  	-0.0361  	0.00205  	-0.0174  	-0.0248  	-0.0095  	-0.0182  	-0.0558  	0.04330  	-0.0117  	0.11951  	-0.3634  	0.04362  	0.02647  	0.01211  	0.40077  	0.51056  	268.426  	212.431  	
-0.1036  	-0.3783  	-0.1956  	-0.2159  	0.35090  	-0.3477  	-0.5998  	-0.1053  	0.23106  	-0.5525  	-0.7048  	0.72518  	0.07197  	-0.4413  	-0.7775  	0.06249  	-0.0220  	0.15419  	0.43865  	0.33044  	-0.2130  	0.06332  	-0.0596  	0.30285  	-0.0178  	0.10228  	-0.1825  	-0.2069  	-0.2576  	-0.1793  	0.03369  	0.15707  	-0.0580  	-0.0825  	0.10687  	0.05592  	0.07270  	0.07408  	-0.3746  	0.14603  	0.57293  	0.03987  	0.08604  	0.42532  	0.04798  	-0.0572  	0.01694  	0.03443  	-0.0072  	-0.0311  	-0.0371  	-0.0097  	-0.0361  	0.02386  	0.00458  	-0.0410  	-0.0006  	-0.0174  	-0.0312  	-0.0127  	-0.0181  	-0.0514  	0.04346  	-0.0089  	0.11951  	-0.3634  	0.04362  	0.02647  	0.01211  	0.40077  	0.51056  	268.426  	212.431  	
0.01881  	-0.2773  	-0.1168  	-0.1572  	0.32898  	-0.2664  	-0.6289  	-0.0185  	0.26734  	-0.6108  	-0.6839  	0.74164  	0.07840  	-0.3840  	-0.7198  	0.11778  	-0.0213  	0.09890  	0.45074  	0.30752  	-0.0615  	0.04848  	-0.0288  	0.33057  	-0.0743  	0.09980  	-0.1517  	-0.3371  	-0.3810  	-0.2069  	0.03117  	0.18291  	-0.0440  	-0.0957  	0.17501  	-0.0079  	0.16949  	0.09820  	-0.3955  	0.12731  	0.57946  	0.04413  	0.09439  	0.41409  	0.04406  	-0.0551  	0.01639  	0.03568  	-0.0045  	-0.0208  	-0.0381  	-0.0118  	-0.0348  	0.02299  	0.00130  	-0.0326  	-0.0027  	-0.0197  	-0.0337  	-0.0093  	-0.0139  	-0.0450  	0.03253  	-0.0085  	0.11951  	-0.3634  	0.04362  	0.02647  	0.01211  	0.40077  	0.51056  	268.426  	212.431  	
0.17681  	-0.2318  	-0.0575  	-0.0760  	0.37113  	-0.2167  	-0.6075  	-0.0003  	0.26123  	-0.6346  	-0.6470  	0.75431  	0.07073  	-0.3014  	-0.5943  	0.13156  	-0.0165  	0.05986  	0.45074  	0.25790  	0.03169  	0.04950  	-0.0345  	0.39370  	-0.0424  	0.06868  	-0.0458  	-0.4549  	-0.4786  	-0.1955  	0.02225  	0.20075  	-0.0556  	-0.1056  	0.27313  	-0.0357  	0.27550  	0.12400  	-0.4317  	0.11310  	0.53114  	0.04615  	0.07037  	0.41261  	0.03849  	-0.0460  	0.01474  	0.03785  	-0.0095  	-0.0282  	-0.0381  	-0.0103  	-0.0336  	0.02810  	0.00320  	-0.0294  	-0.0084  	-0.0211  	-0.0312  	-0.0097  	-0.0196  	-0.0388  	0.03811  	-0.0137  	0.11951  	-0.3634  	0.04362  	0.02647  	0.01211  	0.40077  	0.51056  	268.426  	212.431  	
0.29222  	-0.1944  	0.02720  	-0.1262  	0.30795  	-0.1918  	-0.6124  	0.06044  	0.29644  	-0.6672  	-0.5300  	0.69493  	0.06466  	-0.2502  	-0.6283  	0.19521  	-0.0342  	0.02833  	0.46229  	0.20576  	0.18066  	0.05236  	-0.0332  	0.43023  	-0.0542  	0.04567  	0.03480  	-0.6044  	-0.6221  	-0.2172  	0.00816  	0.23053  	-0.0468  	-0.1207  	0.36698  	-0.0550  	0.38343  	0.16667  	-0.4953  	0.07461  	0.50412  	0.05391  	0.05978  	0.40431  	0.04283  	-0.0503  	0.01357  	0.02902  	-0.0069  	-0.0235  	-0.0398  	-0.0097  	-0.0321  	0.03127  	5.19482  	-0.0180  	-0.0082  	-0.0188  	-0.0311  	-0.0052  	-0.0156  	-0.0401  	0.03478  	-0.0171  	0.11951  	-0.3634  	0.04362  	0.02647  	0.01211  	0.40077  	0.51056  	268.426  	212.431  	
0.35539  	-0.1730  	0.07951  	-0.1066  	0.27847  	-0.1336  	-0.6125  	0.10545  	0.33897  	-0.6934  	-0.4802  	0.73784  	0.06123  	-0.2134  	-0.6031  	0.23526  	-0.0228  	-0.0015  	0.46799  	0.19149  	0.24086  	0.06009  	0.01425  	0.45790  	-0.0796  	0.04828  	0.06032  	-0.6443  	-0.6917  	-0.2274  	0.00880  	0.23748  	-0.0354  	-0.1284  	0.38592  	-0.0958  	0.43238  	0.17986  	-0.5179  	0.04313  	0.49165  	0.05215  	0.06249  	0.40808  	0.04635  	-0.0492  	0.00952  	0.02737  	-0.0034  	-0.0192  	-0.0448  	-0.0114  	-0.0325  	0.03301  	-0.0004  	-0.0171  	-0.0087  	-0.0190  	-0.0345  	-0.0030  	-0.0155  	-0.0371  	0.03165  	-0.0142  	0.11951  	-0.3634  	0.04362  	0.02647  	0.01211  	0.40077  	0.51056  	268.426  	212.431  	
0.39005  	-0.1746  	0.10203  	-0.1237  	0.25357  	-0.1014  	-0.5968  	0.13593  	0.34994  	-0.7081  	-0.4544  	0.74210  	0.06556  	-0.1921  	-0.5916  	0.26579  	0.00061  	-0.0240  	0.47866  	0.16118  	0.26072  	0.06808  	0.05260  	0.51243  	-0.0700  	0.04639  	0.10934  	-0.6958  	-0.7378  	-0.2187  	0.00950  	0.25181  	-0.0370  	-0.1271  	0.40038  	-0.1067  	0.46733  	0.19562  	-0.5201  	0.03099  	0.46706  	0.05702  	0.06557  	0.40809  	0.04272  	-0.0499  	0.00639  	0.03498  	0.00106  	-0.0247  	-0.0481  	-0.0073  	-0.0312  	0.03641  	-0.0008  	-0.0166  	-0.0114  	-0.0184  	-0.0369  	0.00029  	-0.0144  	-0.0404  	0.03852  	-0.0119  	0.11951  	-0.3634  	0.04362  	0.02647  	0.01211  	0.40077  	0.51056  	268.426  	212.431  	
0.39095  	-0.1763  	0.10379  	-0.1215  	0.25894  	-0.0980  	-0.5979  	0.13810  	0.35124  	-0.7012  	-0.4569  	0.74686  	0.07010  	-0.1873  	-0.5982  	0.27040  	-0.0007  	-0.0249  	0.47696  	0.15969  	0.25512  	0.06757  	0.05279  	0.51132  	-0.0736  	0.04668  	0.10658  	-0.6927  	-0.7362  	-0.2166  	0.00928  	0.25154  	-0.0362  	-0.1271  	0.39798  	-0.1050  	0.46499  	0.19472  	-0.5179  	0.03149  	0.46745  	0.05783  	0.06553  	0.40815  	0.04179  	-0.0494  	0.00577  	0.03528  	0.00164  	-0.0255  	-0.0472  	-0.0072  	-0.0311  	0.03660  	-0.0005  	-0.0169  	-0.0121  	-0.0186  	-0.0361  	0.00075  	-0.0143  	-0.0403  	0.03873  	-0.0119  	0.11951  	-0.3634  	0.04362  	0.02647  	0.01211  	0.40077  	0.51056  	268.426  	212.431  	
0.26679  	-0.2239  	0.01214  	-0.1439  	0.34496  	-0.2068  	-0.5828  	0.00527  	0.28577  	-0.6180  	-0.5083  	0.73235  	0.07077  	-0.3345  	-0.7744  	0.25750  	-0.0506  	0.08043  	0.46488  	0.28605  	0.07427  	0.02406  	-0.0919  	0.41484  	-0.0229  	0.05472  	-0.0330  	-0.4389  	-0.5535  	-0.2195  	-0.0015  	0.21541  	-0.0418  	-0.1192  	0.33751  	0.01653  	0.31583  	0.12991  	-0.4563  	0.09300  	0.49145  	0.08324  	0.05218  	0.39862  	0.04858  	-0.0507  	0.01050  	0.03403  	-0.0063  	-0.0252  	-0.0259  	-0.0102  	-0.0315  	0.02704  	0.00144  	-0.0191  	0.00139  	-0.0166  	-0.0308  	-0.0016  	-0.0169  	-0.0526  	0.03926  	-0.0094  	0.11951  	-0.3634  	0.04362  	0.02647  	0.01211  	0.40077  	0.51056  	268.426  	212.431  	
0.15972  	-0.3097  	-0.1019  	-0.1091  	0.40591  	-0.2702  	-0.5739  	-0.0942  	0.24427  	-0.5157  	-0.5229  	0.72940  	0.02912  	-0.4644  	-0.8750  	0.27887  	-0.0604  	0.13284  	0.45734  	0.35268  	-0.1188  	0.03723  	-0.1774  	0.40096  	0.01288  	0.05313  	-0.0773  	-0.3211  	-0.4490  	-0.1987  	-0.0182  	0.21983  	-0.0621  	-0.1217  	0.28075  	0.10218  	0.21926  	0.10052  	-0.4417  	0.11348  	0.51515  	0.07204  	0.05708  	0.41769  	0.05506  	-0.0524  	0.01313  	0.03772  	0.00646  	-0.0322  	-0.0180  	-0.0128  	-0.0327  	0.02508  	0.00611  	-0.0290  	0.00605  	-0.0183  	-0.0294  	-0.0020  	-0.0209  	-0.0581  	0.04144  	-0.0064  	0.11951  	-0.3634  	0.04362  	0.02647  	0.01211  	0.40077  	0.51056  	268.426  	212.431  	
0.08385  	-0.3483  	-0.0693  	-0.2126  	0.35077  	-0.3505  	-0.5741  	-0.1480  	0.19229  	-0.4514  	-0.5275  	0.67477  	-0.0147  	-0.6061  	-1.0964  	0.32745  	-0.0766  	0.17670  	0.48208  	0.34672  	-0.2363  	0.03457  	-0.2328  	0.37847  	0.11510  	0.04055  	-0.0408  	-0.2695  	-0.3596  	-0.1526  	-0.0248  	0.23367  	-0.1050  	-0.1213  	0.21920  	0.18951  	0.16685  	0.09378  	-0.4189  	0.14549  	0.54205  	0.07175  	0.06262  	0.42630  	0.05517  	-0.0571  	0.00048  	0.04000  	0.01071  	-0.0379  	-0.0168  	-0.0142  	-0.0233  	0.02394  	0.00876  	-0.0350  	0.01056  	-0.0182  	-0.0266  	-0.0028  	-0.0227  	-0.0585  	0.05391  	-0.0094  	0.11951  	-0.3634  	0.04362  	0.02647  	0.01211  	0.40077  	0.51056  	268.426  	212.431  	
-0.0906  	-0.3759  	-0.1937  	-0.3208  	0.31045  	-0.3692  	-0.6221  	-0.1912  	0.15409  	-0.4768  	-0.5330  	0.67419  	-0.0619  	-0.6603  	-1.1632  	0.25456  	-0.0397  	0.16581  	0.49376  	0.37535  	-0.2338  	0.00236  	-0.1686  	0.40596  	0.14118  	0.03347  	-0.0233  	-0.2589  	-0.3888  	-0.1515  	-0.0226  	0.24416  	-0.1314  	-0.1251  	0.18977  	0.21851  	0.16202  	0.09386  	-0.3939  	0.15598  	0.52604  	0.04931  	0.05736  	0.42664  	0.06025  	-0.0570  	-0.0016  	0.02997  	0.00529  	-0.0298  	-0.0152  	-0.0104  	-0.0287  	0.03146  	0.00157  	-0.0297  	0.00662  	-0.0170  	-0.0305  	-0.0061  	-0.0192  	-0.0620  	0.04972  	-0.0119  	0.11951  	-0.3634  	0.04362  	0.02647  	0.01211  	0.40077  	0.51056  	268.426  	212.431  	
-0.3247  	-0.3996  	-0.3044  	-0.3605  	0.26126  	-0.5168  	-0.6418  	-0.1823  	0.12967  	-0.5127  	-0.5788  	0.60823  	-0.0641  	-0.5866  	-0.9562  	0.03559  	0.00654  	0.10716  	0.51204  	0.27801  	-0.1314  	0.02017  	-0.0967  	0.41746  	0.16625  	0.03513  	0.05777  	-0.3587  	-0.4036  	-0.1252  	-0.0205  	0.22728  	-0.1359  	-0.1368  	0.15597  	0.12966  	0.20479  	0.08973  	-0.4242  	0.12662  	0.48871  	0.08371  	0.01198  	0.41751  	0.06123  	-0.0484  	-0.0064  	0.01247  	-0.0062  	-0.0373  	-0.0219  	-0.0091  	-0.0293  	0.03099  	0.00091  	-0.0346  	0.00899  	-0.0144  	-0.0228  	-0.0077  	-0.0215  	-0.0576  	0.03912  	-0.0098  	0.11951  	-0.3634  	0.04362  	0.02647  	0.01211  	0.40077  	0.51056  	268.426  	212.431  	
-0.1771  	-0.3741  	-0.2204  	-0.3586  	0.26716  	-0.4106  	-0.6781  	-0.1641  	0.20919  	-0.5607  	-0.5418  	0.62541  	-0.0694  	-0.5856  	-0.9490  	0.10553  	-0.0169  	0.06107  	0.50643  	0.24195  	-0.0456  	0.05873  	-0.0011  	0.41400  	0.01706  	0.07740  	-0.0056  	-0.4353  	-0.4576  	-0.1620  	0.00808  	0.21737  	-0.1181  	-0.1125  	0.19131  	0.10827  	0.26246  	0.10663  	-0.4511  	0.09131  	0.53381  	0.06524  	0.03648  	0.42225  	0.04881  	-0.0595  	0.00497  	0.01090  	-0.0039  	-0.0303  	-0.0335  	-0.0164  	-0.0345  	0.03973  	0.00649  	-0.0333  	0.01092  	-0.0119  	-0.0260  	-0.0123  	-0.0237  	-0.0540  	0.04199  	-0.0121  	0.11951  	-0.3634  	0.04362  	0.02647  	0.01211  	0.40077  	0.51056  	268.426  	212.431  	
-0.0361  	-0.3481  	-0.1457  	-0.3407  	0.29580  	-0.3279  	-0.6566  	-0.1260  	0.20030  	-0.5005  	-0.5211  	0.70284  	-0.0491  	-0.6160  	-1.0625  	0.23030  	-0.0432  	0.12431  	0.50285  	0.32286  	-0.1257  	0.00897  	-0.0582  	0.36910  	-0.0004  	0.07019  	-0.0969  	-0.3477  	-0.3970  	-0.1883  	0.00058  	0.19853  	-0.0928  	-0.1232  	0.18582  	0.12166  	0.22454  	0.09822  	-0.4177  	0.14226  	0.56038  	0.04860  	0.07176  	0.42893  	0.05226  	-0.0549  	0.01075  	0.02546  	-0.0009  	-0.0380  	-0.0357  	-0.0138  	-0.0359  	0.02689  	0.00846  	-0.0357  	0.00452  	-0.0135  	-0.0316  	-0.0074  	-0.0258  	-0.0587  	0.04674  	-0.0085  	0.11951  	-0.3634  	0.04362  	0.02647  	0.01211  	0.40077  	0.51056  	268.426  	212.431  	
0.02898  	-0.3565  	-0.0878  	-0.2748  	0.35009  	-0.3376  	-0.6103  	-0.1293  	0.21304  	-0.4172  	-0.4459  	0.72453  	-0.0248  	-0.6284  	-1.0925  	0.32332  	-0.0899  	0.14426  	0.48900  	0.36386  	-0.1595  	0.01125  	-0.1840  	0.37860  	0.06906  	0.04347  	-0.0614  	-0.2979  	-0.3999  	-0.1898  	-0.0207  	0.22617  	-0.0972  	-0.1211  	0.24702  	0.17053  	0.20687  	0.09914  	-0.4271  	0.14168  	0.52290  	0.07072  	0.06054  	0.40526  	0.04999  	-0.0514  	0.00355  	0.02838  	0.00526  	-0.0361  	-0.0172  	-0.0167  	-0.0311  	0.02765  	0.00760  	-0.0286  	0.01073  	-0.0188  	-0.0304  	-0.0056  	-0.0265  	-0.0616  	0.04333  	-0.0119  	0.11951  	-0.3634  	0.04362  	0.02647  	0.01211  	0.40077  	0.51056  	268.426  	212.431  	
0.03509  	-0.3526  	-0.1039  	-0.3069  	0.31042  	-0.3134  	-0.6000  	-0.1402  	0.20218  	-0.4466  	-0.4794  	0.66694  	-0.0397  	-0.6412  	-1.0795  	0.33827  	-0.0909  	0.13621  	0.49583  	0.32285  	-0.1380  	0.04276  	-0.1715  	0.38108  	0.07685  	0.04810  	-0.0264  	-0.3292  	-0.4096  	-0.1814  	-0.0096  	0.22862  	-0.1106  	-0.1173  	0.26211  	0.17873  	0.22248  	0.10066  	-0.4268  	0.14705  	0.52190  	0.06869  	0.06088  	0.42290  	0.05523  	-0.0538  	0.00329  	0.02332  	0.00090  	-0.0352  	-0.0188  	-0.0166  	-0.0295  	0.02541  	0.00906  	-0.0289  	0.00905  	-0.0169  	-0.0298  	-0.0061  	-0.0254  	-0.0605  	0.04795  	-0.0055  	0.11951  	-0.3634  	0.04362  	0.02647  	0.01211  	0.40077  	0.51056  	268.426  	212.431  	
-0.0091  	-0.3688  	-0.1226  	-0.3163  	0.29245  	-0.3086  	-0.6045  	-0.1545  	0.18930  	-0.4655  	-0.4269  	0.68005  	-0.0499  	-0.6255  	-1.1080  	0.31450  	-0.0818  	0.12199  	0.48996  	0.30427  	-0.1184  	0.04329  	-0.1475  	0.38068  	0.07456  	0.05013  	-0.0248  	-0.3288  	-0.4497  	-0.1784  	-0.0131  	0.23699  	-0.1127  	-0.1200  	0.24844  	0.17177  	0.25152  	0.10860  	-0.4374  	0.11725  	0.52643  	0.07187  	0.05448  	0.41228  	0.05882  	-0.0530  	0.00515  	0.02136  	0.00351  	-0.0339  	-0.0201  	-0.0133  	-0.0284  	0.02846  	0.00926  	-0.0313  	0.00724  	-0.0141  	-0.0317  	-0.0046  	-0.0259  	-0.0572  	0.04486  	-0.0101  	0.11951  	-0.3634  	0.04362  	0.02647  	0.01211  	0.40077  	0.51056  	268.426  	212.431  	
0.01102  	-0.3397  	-0.1119  	-0.3491  	0.24780  	-0.3421  	-0.6038  	-0.1404  	0.19338  	-0.4865  	-0.4808  	0.67167  	-0.0384  	-0.6011  	-1.1216  	0.28772  	-0.0762  	0.15261  	0.49006  	0.32227  	-0.1438  	0.04742  	-0.1444  	0.33930  	0.06811  	0.05117  	-0.0791  	-0.3105  	-0.4106  	-0.1878  	0.00089  	0.21034  	-0.1112  	-0.1235  	0.20398  	0.17047  	0.23078  	0.09183  	-0.4146  	0.11715  	0.53390  	0.06548  	0.05459  	0.41180  	0.06174  	-0.0523  	0.00271  	0.03074  	0.00910  	-0.0264  	-0.0207  	-0.0145  	-0.0278  	0.02714  	0.00859  	-0.0352  	0.00633  	-0.0179  	-0.0318  	-0.0047  	-0.0274  	-0.0525  	0.04796  	-0.0083  	0.11951  	-0.3634  	0.04362  	0.02647  	0.01211  	0.40077  	0.51056  	268.426  	212.431  	
-0.2104  	-0.3558  	-0.2520  	-0.4414  	0.24803  	-0.5259  	-0.6030  	-0.1465  	0.18254  	-0.4534  	-0.4580  	0.64479  	-0.0364  	-0.5369  	-1.1332  	0.17036  	-0.0557  	0.11540  	0.48459  	0.36802  	-0.1521  	0.06197  	-0.1297  	0.40644  	0.06514  	0.08007  	-0.0648  	-0.3447  	-0.3743  	-0.1644  	-0.0110  	0.18924  	-0.1203  	-0.1143  	0.21431  	0.18421  	0.20285  	0.09186  	-0.4065  	0.11889  	0.53606  	0.06600  	0.03490  	0.39241  	0.05268  	-0.0581  	0.00935  	0.03313  	-0.0002  	-0.0369  	-0.0278  	-0.0116  	-0.0402  	0.02456  	0.00340  	-0.0408  	0.00556  	-0.0161  	-0.0286  	-0.0083  	-0.0224  	-0.0566  	0.04089  	-0.0130  	0.11951  	-0.3634  	0.04362  	0.02647  	0.01211  	0.40077  	0.51056  	268.426  	212.431  	
-0.5592  	-0.4873  	-0.4318  	-0.5369  	0.26809  	-0.6654  	-0.6314  	-0.1315  	0.18251  	-0.4284  	-0.3010  	0.72052  	-0.0209  	-0.4456  	-0.9893  	-0.0321  	-0.0403  	0.09786  	0.49253  	0.37370  	-0.0995  	0.01140  	-0.0667  	0.43775  	-0.0698  	0.10231  	-0.1495  	-0.3318  	-0.4480  	-0.2254  	0.04953  	0.15593  	-0.0396  	-0.0978  	0.22120  	0.03682  	0.15953  	0.06348  	-0.4217  	0.09521  	0.50270  	0.08760  	0.01676  	0.38040  	0.06468  	-0.0503  	0.01428  	0.01182  	-0.0157  	-0.0240  	-0.0451  	-0.0123  	-0.0347  	0.02589  	-0.0014  	-0.0399  	-0.0044  	-0.0187  	-0.0283  	0.00233  	-0.0131  	-0.0439  	0.02919  	-0.0223  	0.11951  	-0.3634  	0.04362  	0.02647  	0.01211  	0.40077  	0.51056  	268.426  	212.431  	
-0.4767  	-0.4409  	-0.3649  	-0.6146  	0.18882  	-0.7137  	-0.6438  	-0.0987  	0.16858  	-0.3769  	-0.2831  	0.70135  	-0.0266  	-0.4601  	-1.0389  	-0.0390  	-0.0289  	0.08260  	0.49062  	0.32863  	-0.0752  	0.03329  	-0.0547  	0.38574  	-0.0451  	0.10786  	-0.1124  	-0.3986  	-0.4290  	-0.2244  	0.06641  	0.14990  	-0.0603  	-0.1181  	0.16631  	0.05803  	0.19889  	0.09369  	-0.3965  	0.10391  	0.52913  	0.07351  	0.03322  	0.39826  	0.05777  	-0.0456  	0.02022  	0.00856  	-0.0158  	-0.0285  	-0.0471  	-0.0164  	-0.0366  	0.02342  	-0.0018  	-0.0423  	-0.0042  	-0.0152  	-0.0260  	-0.0044  	-0.0096  	-0.0440  	0.03623  	-0.0204  	0.11951  	-0.3634  	0.04362  	0.02647  	0.01211  	0.40077  	0.51056  	268.426  	212.431  	
-0.2168  	-0.3549  	-0.1917  	-0.5442  	0.23430  	-0.4873  	-0.6190  	-0.0191  	0.25912  	-0.4550  	-0.4036  	0.73009  	0.00536  	-0.3631  	-0.9447  	-0.0066  	-0.0206  	0.08723  	0.46680  	0.34273  	0.00405  	-0.0411  	-0.1058  	0.44391  	-0.0076  	0.08520  	0.01518  	-0.4495  	-0.5026  	-0.2203  	0.04662  	0.15260  	-0.0640  	-0.1249  	0.24423  	0.02062  	0.20289  	0.08541  	-0.4262  	0.15646  	0.51714  	0.05707  	0.04057  	0.39803  	0.05999  	-0.0567  	0.01167  	0.02795  	-0.0143  	-0.0213  	-0.0293  	-0.0116  	-0.0495  	0.03290  	-0.0110  	-0.0335  	-0.0053  	-0.0314  	-0.0389  	0.00128  	-0.0156  	-0.0432  	0.04133  	-0.0154  	0.11951  	-0.3634  	0.04362  	0.02647  	0.01211  	0.40077  	0.51056  	268.426  	212.431  	
0.27588  	-0.2659  	0.03094  	-0.1265  	0.37856  	-0.2123  	-0.5643  	0.00846  	0.28533  	-0.5600  	-0.7139  	0.75025  	0.20959  	-0.1075  	-0.5440  	0.07808  	-0.0245  	0.02271  	0.45023  	0.26726  	-0.0408  	0.06428  	-0.0921  	0.42185  	-0.1060  	0.08909  	-0.0317  	-0.5021  	-0.5040  	-0.1631  	0.06618  	0.19057  	-0.0113  	-0.1173  	0.24225  	-0.0505  	0.22005  	0.08428  	-0.4412  	0.11484  	0.52066  	0.05359  	0.11069  	0.42195  	0.07143  	-0.0543  	0.01649  	0.05707  	0.00871  	-0.0049  	-0.0373  	-0.0161  	-0.0440  	0.02508  	-0.0121  	-0.0197  	-0.0044  	-0.0263  	-0.0357  	0.00311  	-0.0187  	-0.0409  	0.02386  	-0.0262  	0.11951  	-0.3634  	0.04362  	0.02647  	0.01211  	0.40077  	0.51056  	268.426  	212.431  	
0.49554  	-0.1890  	0.14358  	-0.0743  	0.39558  	-0.0677  	-0.5095  	0.06115  	0.29627  	-0.5547  	-0.9965  	0.62265  	0.25058  	0.01435  	-0.3679  	-0.0011  	-0.0218  	-2.1804  	0.49089  	0.11729  	-0.0398  	0.19695  	0.02166  	0.39307  	0.05101  	0.04769  	0.05102  	-0.5469  	-0.4084  	-0.1458  	0.02654  	0.20464  	-0.0491  	-0.1256  	0.21444  	-0.0352  	0.24788  	0.08267  	-0.3877  	0.14687  	0.47915  	0.05404  	0.09495  	0.43690  	0.03452  	-0.0535  	-0.0071  	0.09403  	0.02457  	-0.0405  	-0.0301  	-0.0099  	-0.0363  	0.01751  	-0.0021  	-0.0101  	-0.0124  	-0.0215  	-0.0350  	-0.0015  	-0.0095  	-0.0394  	0.03956  	-0.0175  	0.11951  	-0.3634  	0.04362  	0.02647  	0.01211  	0.40077  	0.51056  	268.426  	212.431  	
0.16815  	-0.2812  	-0.0870  	0.05243  	0.47093  	-0.2513  	-0.5904  	-0.0402  	0.22562  	-0.5609  	-0.7617  	0.63205  	0.10044  	-0.2333  	-0.4777  	0.10865  	0.01776  	-0.0384  	0.48860  	0.22784  	0.02583  	0.08925  	-0.0416  	0.47880  	0.15115  	0.04538  	0.16644  	-0.6066  	-0.5509  	-0.1283  	-0.0027  	0.24605  	-0.0919  	-0.1188  	0.34500  	-0.0047  	0.31767  	0.11078  	-0.4422  	0.14822  	0.42378  	0.07257  	0.04513  	0.42073  	0.05091  	-0.0519  	-0.0006  	0.04472  	0.00788  	-0.0292  	-0.0410  	-0.0122  	-0.0397  	0.02466  	0.00280  	-0.0261  	0.00440  	-0.0230  	-0.0293  	-0.0086  	-0.0178  	-0.0493  	0.03708  	-0.0225  	0.11951  	-0.3634  	0.04362  	0.02647  	0.01211  	0.40077  	0.51056  	268.426  	212.431  	
0.08896  	-0.3559  	-0.1825  	0.05748  	0.50081  	-0.2581  	-0.6526  	-0.0591  	0.22524  	-0.6375  	-0.7011  	0.78917  	0.08394  	-0.3083  	-0.5643  	0.13470  	-0.0252  	0.04108  	0.46493  	0.21569  	-0.0240  	0.10130  	-0.1133  	0.54887  	0.01004  	0.07526  	0.04533  	-0.4913  	-0.5079  	-0.1601  	0.00219  	0.21968  	-0.0903  	-0.1271  	0.36386  	-0.0132  	0.26297  	0.09960  	-0.4578  	0.12658  	0.43224  	0.09543  	0.01734  	0.39713  	0.06173  	-0.0550  	0.01111  	0.01488  	-0.0003  	-0.0303  	-0.0340  	-0.0154  	-0.0320  	0.02139  	-0.0030  	-0.0309  	0.00321  	-0.0164  	-0.0223  	0.00102  	-0.0253  	-0.0449  	0.03068  	-0.0138  	0.11951  	-0.3634  	0.04362  	0.02647  	0.01211  	0.40077  	0.51056  	268.426  	212.431  	
0.08791  	-0.3060  	-0.1657  	0.01074  	0.49078  	-0.2160  	-0.5663  	-0.0368  	0.26348  	-0.5931  	-0.8443  	0.68099  	0.13266  	-0.2662  	-0.5680  	0.07001  	-0.0169  	0.06925  	0.43846  	0.30145  	-0.1435  	0.10201  	-0.1171  	0.41859  	0.03690  	0.08617  	-0.0714  	-0.3564  	-0.3501  	-0.1509  	0.00906  	0.16898  	-0.0693  	-0.0941  	0.23037  	0.03491  	0.16212  	0.08747  	-0.4073  	0.15327  	0.50753  	0.04611  	0.08291  	0.41957  	0.05367  	-0.0574  	0.00973  	0.03456  	0.00105  	-0.0209  	-0.0312  	-0.0215  	-0.0434  	0.01861  	0.00721  	-0.0304  	0.00445  	-0.0179  	-0.0227  	-0.0001  	-0.0231  	-0.0558  	0.03597  	-0.0171  	0.11951  	-0.3634  	0.04362  	0.02647  	0.01211  	0.40077  	0.51056  	268.426  	212.431  	
0.49799  	-0.2058  	0.06541  	0.00844  	0.47125  	-0.1370  	-0.5000  	-0.0107  	0.27092  	-0.4841  	-1.0359  	0.53135  	0.29672  	0.08757  	-0.3328  	-0.0743  	-0.0282  	0.00056  	0.45188  	0.10759  	-0.1259  	0.16660  	-0.0350  	0.40686  	0.21664  	0.03729  	0.16426  	-0.5255  	-0.3410  	-0.0801  	0.06406  	0.17371  	-0.0759  	-0.1092  	0.27981  	0.01915  	0.19289  	0.06258  	-0.3847  	0.15212  	0.47165  	0.06303  	0.08115  	0.44435  	0.03558  	-0.0524  	-0.0101  	0.09147  	0.02724  	-0.0372  	-0.0250  	-0.0135  	-0.0354  	0.02169  	0.00635  	-0.0161  	-0.0015  	-0.0254  	-0.0288  	0.00527  	-0.0187  	-0.0428  	0.03855  	-0.0161  	0.11951  	-0.3634  	0.04362  	0.02647  	0.01211  	0.40077  	0.51056  	268.426  	212.431  	
0.10898  	-0.2665  	-0.2227  	-0.3046  	0.36622  	-0.4738  	-0.5154  	-0.0463  	0.25933  	-0.4681  	-0.7596  	0.56933  	0.16221  	-0.1377  	-0.6313  	-0.1005  	-0.0408  	0.02261  	0.43024  	0.22645  	-0.0923  	0.10812  	-0.1195  	0.50808  	0.12419  	0.07059  	0.09086  	-0.5726  	-0.5182  	-0.1626  	0.06453  	0.14805  	-0.0581  	-0.1014  	0.34137  	0.00422  	0.20529  	0.08797  	-0.4247  	0.15684  	0.49008  	0.08067  	0.06236  	0.41091  	0.05327  	-0.0531  	0.00348  	0.03731  	-0.0034  	-0.0171  	-0.0452  	-0.0179  	-0.0511  	0.03416  	-0.0043  	-0.0332  	-0.0072  	-0.0356  	-0.0386  	0.00302  	-0.0191  	-0.0355  	0.03402  	-0.0144  	0.11951  	-0.3634  	0.04362  	0.02647  	0.01211  	0.40077  	0.51056  	268.426  	212.431  	
-0.4427  	-0.3823  	-0.3741  	-0.7947  	0.02755  	-0.7205  	-0.6532  	-0.1929  	0.19840  	-0.3925  	-0.2706  	0.57724  	-0.0506  	-0.6432  	-1.1649  	-0.0276  	-0.0441  	0.15722  	0.49265  	0.35435  	-0.0746  	-0.0197  	-0.0878  	0.37288  	-0.0666  	0.08472  	-0.0854  	-0.4200  	-0.5076  	-0.2209  	0.04965  	0.18106  	-0.0512  	-0.1159  	0.15072  	0.08694  	0.20448  	0.11069  	-0.4155  	0.14058  	0.53329  	0.07686  	0.05672  	0.40084  	0.06037  	-0.0442  	0.01631  	-0.0051  	-0.0062  	-0.0203  	-0.0388  	-0.0109  	-0.0364  	0.04047  	0.00099  	-0.0394  	-0.0006  	-0.0085  	-0.0333  	0.00010  	-0.0213  	-0.0402  	0.03305  	-0.0126  	0.11951  	-0.3634  	0.04362  	0.02647  	0.01211  	0.40077  	0.51056  	268.426  	212.431  	
-0.4228  	-0.4015  	-0.2136  	-0.8399  	0.01224  	-0.6840  	-0.5868  	-0.1832  	0.15915  	-0.3321  	-0.2536  	0.51894  	-0.0389  	-0.5845  	-1.2552  	0.03299  	-0.0373  	0.12259  	0.45901  	0.31571  	-0.1395  	0.05175  	-0.0756  	0.38973  	0.01524  	0.09141  	-0.0987  	-0.4404  	-0.4260  	-0.2444  	0.06031  	0.15655  	-0.0717  	-0.1278  	0.08725  	0.09611  	0.19845  	0.10879  	-0.4107  	0.10261  	0.58507  	0.06224  	0.05243  	0.42299  	0.06600  	-0.0573  	0.01629  	0.03146  	-0.0152  	-0.0265  	-0.0429  	-0.0083  	-0.0383  	0.02853  	0.00047  	-0.0469  	0.00149  	-0.0177  	-0.0256  	-0.0045  	-0.0161  	-0.0413  	0.04386  	-0.0038  	0.11951  	-0.3634  	0.04362  	0.02647  	0.01211  	0.40077  	0.51056  	268.426  	212.431  	
-0.3194  	-0.3967  	-0.2202  	-0.6009  	0.15761  	-0.5110  	-0.5987  	-0.1709  	0.18310  	-0.5024  	-0.4802  	0.61557  	-0.0538  	-0.6107  	-1.1155  	0.08894  	-0.0029  	0.10562  	0.48930  	0.27551  	-0.1509  	0.04893  	-0.0479  	0.40849  	0.02969  	0.11664  	-0.0244  	-0.3819  	-0.4123  	-0.1967  	0.05757  	0.17873  	-0.0882  	-0.1258  	0.12493  	0.10425  	0.20100  	0.08065  	-0.4204  	0.11562  	0.59899  	0.05704  	0.05236  	0.42924  	0.06126  	-0.0597  	0.01434  	0.02100  	-0.0221  	-0.0274  	-0.0307  	-0.0114  	-0.0392  	0.02042  	-0.0044  	-0.0388  	0.00554  	-0.0200  	-0.0330  	-0.0111  	-0.0195  	-0.0392  	0.04990  	-0.0048  	0.11951  	-0.3634  	0.04362  	0.02647  	0.01211  	0.40077  	0.51056  	268.426  	212.431  	
-0.1406  	-0.3912  	-0.1791  	-0.4083  	0.25058  	-0.3658  	-0.6267  	-0.0896  	0.22255  	-0.5674  	-0.6062  	0.66838  	0.00708  	-0.5865  	-0.9985  	0.15543  	0.00294  	0.14119  	0.50078  	0.30156  	-0.2070  	0.02536  	-0.0677  	0.35723  	0.01878  	0.10658  	-0.0812  	-0.2963  	-0.3564  	-0.2185  	0.03700  	0.19250  	-0.0694  	-0.1245  	0.14444  	0.10920  	0.15006  	0.08149  	-0.3957  	0.13592  	0.58731  	0.04220  	0.08141  	0.43435  	0.05826  	-0.0550  	0.01030  	0.03281  	-0.0058  	-0.0333  	-0.0349  	-0.0154  	-0.0333  	0.02002  	0.00698  	-0.0425  	0.00490  	-0.0175  	-0.0357  	-0.0101  	-0.0160  	-0.0468  	0.05131  	-0.0054  	0.11951  	-0.3634  	0.04362  	0.02647  	0.01211  	0.40077  	0.51056  	268.426  	212.431  	
0.03040  	-0.3315  	-0.0681  	-0.2859  	0.33886  	-0.3508  	-0.5823  	-0.1316  	0.22428  	-0.4280  	-0.5082  	0.76080  	0.00269  	-0.5834  	-1.0414  	0.25249  	-0.0766  	0.13942  	0.46947  	0.40631  	-0.2525  	0.01324  	-0.1656  	0.30153  	0.00185  	0.07240  	-0.1577  	-0.2297  	-0.3355  	-0.2023  	0.01916  	0.19858  	-0.0854  	-0.1007  	0.17533  	0.15224  	0.14132  	0.08514  	-0.3832  	0.13745  	0.57524  	0.05326  	0.07626  	0.40983  	0.04512  	-0.0594  	0.00985  	0.03985  	0.00523  	-0.0312  	-0.0181  	-0.0118  	-0.0297  	0.02593  	0.00885  	-0.0300  	0.00646  	-0.0237  	-0.0315  	-0.0084  	-0.0199  	-0.0500  	0.04479  	-0.0080  	0.11951  	-0.3634  	0.04362  	0.02647  	0.01211  	0.40077  	0.51056  	268.426  	212.431  	
0.06614  	-0.3631  	-0.0889  	-0.2257  	0.39921  	-0.3024  	-0.6015  	-0.1690  	0.16774  	-0.4347  	-0.4885  	0.73269  	-0.0407  	-0.6477  	-1.1266  	0.40218  	-0.0850  	0.15111  	0.48299  	0.36237  	-0.2069  	-0.0103  	-0.2772  	0.40067  	0.08850  	0.03977  	0.00594  	-0.3053  	-0.4291  	-0.1752  	-0.0339  	0.23795  	-0.1048  	-0.1234  	0.26549  	0.20689  	0.19370  	0.09780  	-0.4222  	0.14977  	0.51086  	0.08245  	0.05702  	0.40780  	0.06145  	-0.0560  	0.00125  	0.03362  	0.01148  	-0.0322  	-0.0179  	-0.0162  	-0.0273  	0.03130  	0.00941  	-0.0299  	0.01285  	-0.0172  	-0.0329  	-0.0031  	-0.0287  	-0.0649  	0.05235  	-0.0091  	0.11951  	-0.3634  	0.04362  	0.02647  	0.01211  	0.40077  	0.51056  	268.426  	212.431  	
0.04450  	-0.3522  	-0.1210  	-0.1894  	0.37860  	-0.2819  	-0.6083  	-0.1670  	0.16720  	-0.5471  	-0.5748  	0.68278  	-0.0587  	-0.6420  	-1.0461  	0.32168  	-0.0334  	0.09620  	0.50624  	0.31763  	-0.1678  	-0.0052  	-0.2120  	0.42695  	0.15157  	0.03922  	0.05903  	-0.3172  	-0.4191  	-0.1239  	-0.0425  	0.26409  	-0.1268  	-0.1347  	0.24709  	0.21201  	0.22273  	0.11967  	-0.4289  	0.12538  	0.49905  	0.07176  	0.05820  	0.42757  	0.05178  	-0.0563  	-0.0024  	0.03160  	0.00730  	-0.0453  	-0.0215  	-0.0183  	-0.0303  	0.03062  	0.01033  	-0.0291  	0.01344  	-0.0152  	-0.0301  	-0.0050  	-0.0256  	-0.0663  	0.05684  	-0.0112  	0.11951  	-0.3634  	0.04362  	0.02647  	0.01211  	0.40077  	0.51056  	268.426  	212.431  	
0.06746  	-0.3437  	-0.1258  	-0.0732  	0.39291  	-0.2393  	-0.6466  	-0.1700  	0.19089  	-0.5661  	-0.6331  	0.75466  	-0.0586  	-0.5054  	-0.9562  	0.22764  	-0.0093  	0.07697  	0.51149  	0.32164  	-0.1498  	0.03118  	-0.1733  	0.45925  	0.14658  	0.05905  	0.08370  	-0.3118  	-0.3922  	-0.1044  	-0.0498  	0.26407  	-0.1215  	-0.1308  	0.20857  	0.17092  	0.20420  	0.09809  	-0.3937  	0.10929  	0.47298  	0.08211  	0.07258  	0.41476  	0.05755  	-0.0433  	-0.0094  	0.04054  	0.00639  	-0.0471  	-0.0173  	-0.0098  	-0.0235  	0.02953  	-0.0017  	-0.0222  	0.00175  	-0.0194  	-0.0213  	0.00319  	-0.0220  	-0.0661  	0.02889  	-0.0147  	0.11951  	-0.3634  	0.04362  	0.02647  	0.01211  	0.40077  	0.51056  	268.426  	212.431  	
0.09647  	-0.3148  	-0.1785  	0.05793  	0.52456  	-0.1935  	-0.5994  	-0.0635  	0.20653  	-0.6532  	-0.7945  	0.76175  	0.04848  	-0.3378  	-0.6593  	0.13873  	-0.0109  	0.07883  	0.50475  	0.28717  	-0.1272  	0.06690  	-0.1506  	0.40879  	0.18933  	0.05751  	0.05902  	-0.2913  	-0.3118  	-0.0746  	-0.0397  	0.20265  	-0.0932  	-0.1092  	0.22747  	0.07801  	0.17626  	0.08350  	-0.3926  	0.13534  	0.46278  	0.07412  	0.05298  	0.40912  	0.06124  	-0.0497  	0.00226  	0.03142  	0.00646  	-0.0525  	-0.0269  	-0.0155  	-0.0374  	0.01835  	-0.0049  	-0.0243  	0.01234  	-0.0218  	-0.0212  	-0.0039  	-0.0253  	-0.0583  	0.03918  	-0.0159  	0.11951  	-0.3634  	0.04362  	0.02647  	0.01211  	0.40077  	0.51056  	268.426  	212.431  	
0.06832  	-0.2956  	-0.1748  	-0.0232  	0.46770  	-0.1803  	-0.6201  	-0.0448  	0.22425  	-0.6402  	-0.7555  	0.78169  	0.06144  	-0.3601  	-0.6184  	0.14189  	0.00151  	0.07893  	0.50806  	0.27845  	-0.1194  	0.08769  	-0.0887  	0.43641  	0.12547  	0.06438  	0.02997  	-0.3294  	-0.3452  	-0.1049  	-0.0144  	0.18503  	-0.0754  	-0.1201  	0.22969  	0.04704  	0.18838  	0.07753  	-0.4043  	0.12865  	0.46846  	0.07535  	0.03801  	0.40381  	0.06165  	-0.0497  	0.00838  	0.03025  	0.00141  	-0.0419  	-0.0278  	-0.0137  	-0.0405  	0.01403  	0.00128  	-0.0277  	0.01034  	-0.0201  	-0.0243  	-0.0034  	-0.0276  	-0.0562  	0.03092  	-0.0175  	0.11951  	-0.3634  	0.04362  	0.02647  	0.01211  	0.40077  	0.51056  	268.426  	212.431  	
0.14369  	-0.2643  	-0.0858  	-0.1357  	0.40822  	-0.2483  	-0.6396  	-0.1308  	0.19234  	-0.5408  	-0.5812  	0.75558  	-0.0018  	-0.5183  	-0.9236  	0.29153  	-0.0751  	0.13326  	0.50138  	0.33713  	-0.1088  	0.03996  	-0.1554  	0.42028  	0.04603  	0.03851  	-0.0316  	-0.3744  	-0.4114  	-0.1600  	-0.0206  	0.20994  	-0.0859  	-0.1148  	0.25773  	0.11911  	0.22082  	0.09914  	-0.4287  	0.13772  	0.50169  	0.06703  	0.05859  	0.41118  	0.05904  	-0.0459  	0.00089  	0.03338  	0.00448  	-0.0344  	-0.0213  	-0.0116  	-0.0323  	0.02050  	0.00162  	-0.0263  	0.00854  	-0.0175  	-0.0243  	-0.0057  	-0.0290  	-0.0591  	0.04408  	-0.0169  	0.11951  	-0.3634  	0.04362  	0.02647  	0.01211  	0.40077  	0.51056  	268.426  	212.431  	
0.06112  	-0.3103  	-0.0570  	-0.3125  	0.27337  	-0.3404  	-0.5892  	-0.1350  	0.17808  	-0.4402  	-0.5045  	0.67304  	-0.0310  	-0.5717  	-1.1268  	0.31605  	-0.1018  	0.18773  	0.46649  	0.35080  	-0.1850  	0.03094  	-0.1947  	0.35661  	0.07722  	0.05178  	-0.0909  	-0.3301  	-0.3644  	-0.1812  	0.00052  	0.20773  	-0.0975  	-0.1135  	0.20751  	0.18399  	0.18099  	0.08644  	-0.4076  	0.13513  	0.54017  	0.06023  	0.06764  	0.42111  	0.06190  	-0.0529  	0.00560  	0.04251  	0.01222  	-0.0388  	-0.0227  	-0.0132  	-0.0264  	0.01866  	0.00836  	-0.0366  	0.00503  	-0.0144  	-0.0338  	-0.0081  	-0.0280  	-0.0643  	0.05532  	-0.0093  	0.11951  	-0.3634  	0.04362  	0.02647  	0.01211  	0.40077  	0.51056  	268.426  	212.431  	
-0.2705  	-0.3739  	-0.2706  	-0.4788  	0.23748  	-0.5818  	-0.5828  	-0.2032  	0.16021  	-0.4338  	-0.4673  	0.59939  	-0.0297  	-0.6184  	-1.1834  	0.20127  	-0.0656  	0.13311  	0.48208  	0.36097  	-0.2026  	0.04233  	-0.1618  	0.37589  	0.09801  	0.08051  	-0.0821  	-0.3334  	-0.3601  	-0.1456  	0.00217  	0.19359  	-0.1154  	-0.1145  	0.20617  	0.21566  	0.16876  	0.07802  	-0.4043  	0.12484  	0.56152  	0.07265  	0.04539  	0.39691  	0.06132  	-0.0533  	0.00691  	0.02689  	0.00127  	-0.0363  	-0.0293  	-0.0135  	-0.0378  	0.02481  	0.00164  	-0.0351  	-0.0015  	-0.0111  	-0.0354  	-0.0035  	-0.0226  	-0.0558  	0.05431  	-0.0150  	0.11951  	-0.3634  	0.04362  	0.02647  	0.01211  	0.40077  	0.51056  	268.426  	212.431  	
-0.5873  	-0.4647  	-0.4301  	-0.7194  	0.16730  	-0.7449  	-0.6501  	-0.2160  	0.16668  	-0.4020  	-0.2937  	0.63165  	-0.0549  	-0.6335  	-1.1509  	0.00713  	-0.0462  	0.07460  	0.49966  	0.32684  	-0.1537  	0.02312  	-0.0682  	0.39943  	0.01888  	0.09742  	-0.0996  	-0.3823  	-0.3950  	-0.1857  	0.05724  	0.16932  	-0.0777  	-0.1169  	0.17310  	0.14421  	0.20331  	0.08243  	-0.4414  	0.08377  	0.51704  	0.09400  	0.01797  	0.38446  	0.07678  	-0.0538  	0.01278  	0.00653  	-0.0065  	-0.0345  	-0.0451  	-0.0104  	-0.0346  	0.03514  	0.00493  	-0.0432  	-0.0042  	-0.0193  	-0.0220  	0.00311  	-0.0125  	-0.0428  	0.03591  	-0.0150  	0.11951  	-0.3634  	0.04362  	0.02647  	0.01211  	0.40077  	0.51056  	268.426  	212.431  	
-0.5569  	-0.4705  	-0.3464  	-0.8174  	0.08041  	-0.7663  	-0.6761  	-0.1694  	0.16056  	-0.3815  	-0.2132  	0.64221  	-0.0358  	-0.5604  	-1.1101  	-0.0693  	-0.0072  	0.08118  	0.50683  	0.29919  	-0.0268  	0.01464  	-0.0068  	0.42642  	-0.0553  	0.09204  	-0.0887  	-0.4314  	-0.5018  	-0.2206  	0.06981  	0.17626  	-0.0708  	-0.1354  	0.15489  	0.07013  	0.23931  	0.08410  	-0.4341  	0.07164  	0.53222  	0.07720  	0.02796  	0.38465  	0.06614  	-0.0394  	0.01458  	0.00789  	-0.0113  	-0.0270  	-0.0509  	-0.0116  	-0.0374  	0.02278  	-0.0033  	-0.0470  	-0.0055  	-0.0148  	-0.0292  	-0.0047  	-0.0104  	-0.0380  	0.03515  	-0.0224  	0.11951  	-0.3634  	0.04362  	0.02647  	0.01211  	0.40077  	0.51056  	268.426  	212.431  	
-0.2097  	-0.3908  	-0.1987  	-0.6508  	0.12608  	-0.5867  	-0.6648  	-0.0901  	0.19491  	-0.4769  	-0.3233  	0.65214  	0.00982  	-0.4136  	-1.0377  	0.00401  	0.02471  	0.07591  	0.49702  	0.26611  	0.02991  	0.02827  	-0.0095  	0.50120  	0.00256  	0.09604  	0.01773  	-0.5558  	-0.5679  	-0.2411  	0.06769  	0.15825  	-0.0828  	-0.1417  	0.20628  	0.02456  	0.28263  	0.09904  	-0.4555  	0.09788  	0.54434  	0.06064  	0.04697  	0.40225  	0.05775  	-0.0574  	0.01204  	0.02096  	-0.0174  	-0.0228  	-0.0373  	-0.0107  	-0.0413  	0.02750  	-0.0108  	-0.0384  	-0.0101  	-0.0232  	-0.0295  	-0.0021  	-0.0186  	-0.0344  	0.03172  	-0.0164  	0.11951  	-0.3634  	0.04362  	0.02647  	0.01211  	0.40077  	0.51056  	268.426  	212.431  	
-0.1093  	-0.3316  	-0.1623  	-0.4977  	0.18163  	-0.3799  	-0.6558  	-0.0387  	0.24312  	-0.5164  	-0.5757  	0.64230  	0.04314  	-0.4508  	-1.0607  	0.16744  	-0.0137  	0.13603  	0.52660  	0.24998  	-0.0970  	0.03668  	0.02300  	0.36120  	-0.0277  	0.09331  	-0.0836  	-0.4168  	-0.4430  	-0.2017  	0.03336  	0.20694  	-0.0592  	-0.1340  	0.12564  	0.04266  	0.20968  	0.10267  	-0.3916  	0.12150  	0.61197  	0.04145  	0.09053  	0.41864  	0.05229  	-0.0507  	0.01326  	0.04748  	-0.0099  	-0.0250  	-0.0395  	-0.0169  	-0.0438  	0.02577  	-0.0032  	-0.0340  	-0.0038  	-0.0200  	-0.0245  	-0.0117  	-0.0131  	-0.0466  	0.03906  	-0.0128  	0.11951  	-0.3634  	0.04362  	0.02647  	0.01211  	0.40077  	0.51056  	268.426  	212.431  	
0.04004  	-0.3163  	-0.1200  	-0.2737  	0.27923  	-0.3254  	-0.6222  	-0.0927  	0.24404  	-0.4776  	-0.5917  	0.72060  	0.04964  	-0.5035  	-0.9433  	0.16363  	-0.0429  	0.13043  	0.47557  	0.34021  	-0.1671  	0.04588  	-0.0983  	0.34193  	-0.0011  	0.07545  	-0.1443  	-0.3003  	-0.3472  	-0.1955  	0.02827  	0.18251  	-0.0777  	-0.1098  	0.13625  	0.09022  	0.15765  	0.09919  	-0.3931  	0.16188  	0.57372  	0.03691  	0.09085  	0.42668  	0.03767  	-0.0569  	0.01667  	0.04187  	0.00204  	-0.0412  	-0.0351  	-0.0154  	-0.0387  	0.02574  	-0.0003  	-0.0339  	-0.0001  	-0.0234  	-0.0295  	-0.0060  	-0.0230  	-0.0533  	0.04372  	-0.0127  	0.11951  	-0.3634  	0.04362  	0.02647  	0.01211  	0.40077  	0.51056  	268.426  	212.431  	
0.07403  	-0.3136  	-0.1020  	-0.2112  	0.35510  	-0.3044  	-0.6057  	-0.1163  	0.22845  	-0.4714  	-0.5553  	0.71475  	-0.0062  	-0.5112  	-0.9465  	0.21933  	-0.0607  	0.11274  	0.47612  	0.34552  	-0.1265  	0.03204  	-0.1280  	0.35251  	0.01815  	0.04611  	-0.0634  	-0.3183  	-0.3763  	-0.1755  	-0.0167  	0.21788  	-0.0790  	-0.1136  	0.22852  	0.13497  	0.19841  	0.08531  	-0.4139  	0.13465  	0.53384  	0.05874  	0.06702  	0.42330  	0.05544  	-0.0575  	0.01153  	0.03255  	0.00877  	-0.0356  	-0.0238  	-0.0179  	-0.0320  	0.02920  	0.00480  	-0.0283  	0.00646  	-0.0183  	-0.0320  	-0.0021  	-0.0216  	-0.0591  	0.04780  	-0.0112  	0.11951  	-0.3634  	0.04362  	0.02647  	0.01211  	0.40077  	0.51056  	268.426  	212.431  	
0.10456  	-0.3339  	-0.0865  	-0.1979  	0.36441  	-0.2897  	-0.5964  	-0.1398  	0.21274  	-0.4544  	-0.4992  	0.69755  	-0.0370  	-0.6036  	-1.0167  	0.32183  	-0.0730  	0.14655  	0.47651  	0.32943  	-0.1362  	0.01232  	-0.1693  	0.36396  	0.06348  	0.03735  	-0.0352  	-0.3187  	-0.4151  	-0.1742  	-0.0298  	0.23398  	-0.1048  	-0.1197  	0.25793  	0.15693  	0.21299  	0.10604  	-0.4204  	0.12664  	0.51655  	0.06421  	0.05755  	0.41798  	0.06087  	-0.0532  	0.00514  	0.02510  	0.00409  	-0.0363  	-0.0201  	-0.0132  	-0.0268  	0.02678  	0.01000  	-0.0295  	0.00687  	-0.0173  	-0.0327  	-0.0049  	-0.0265  	-0.0621  	0.04788  	-0.0097  	0.11951  	-0.3634  	0.04362  	0.02647  	0.01211  	0.40077  	0.51056  	268.426  	212.431  	
0.07606  	-0.3588  	-0.1088  	-0.2500  	0.36654  	-0.2909  	-0.5925  	-0.1729  	0.19301  	-0.4480  	-0.4982  	0.67412  	-0.0349  	-0.6079  	-1.0317  	0.32121  	-0.0850  	0.14871  	0.46878  	0.31430  	-0.1490  	0.02632  	-0.1732  	0.38076  	0.08088  	0.03465  	-0.0381  	-0.2973  	-0.3935  	-0.1686  	-0.0197  	0.23745  	-0.1203  	-0.1130  	0.26414  	0.18630  	0.20507  	0.10212  	-0.4213  	0.14757  	0.51683  	0.07244  	0.05862  	0.41699  	0.05580  	-0.0510  	0.00106  	0.02126  	0.00166  	-0.0397  	-0.0172  	-0.0125  	-0.0261  	0.02495  	0.00915  	-0.0318  	0.01060  	-0.0175  	-0.0269  	-0.0047  	-0.0264  	-0.0593  	0.04561  	-0.0079  	0.11951  	-0.3634  	0.04362  	0.02647  	0.01211  	0.40077  	0.51056  	268.426  	212.431  	
0.06417  	-0.3572  	-0.1028  	-0.3459  	0.29106  	-0.2870  	-0.5825  	-0.1721  	0.19332  	-0.4773  	-0.4951  	0.64305  	-0.0247  	-0.6287  	-1.0331  	0.30784  	-0.0950  	0.15303  	0.47217  	0.30878  	-0.1554  	0.03011  	-0.1260  	0.34063  	0.06568  	0.04875  	-0.0610  	-0.2869  	-0.3886  	-0.1824  	0.00185  	0.21568  	-0.1114  	-0.1082  	0.24424  	0.17853  	0.20809  	0.10471  	-0.4228  	0.15423  	0.54033  	0.06467  	0.06377  	0.41806  	0.05073  	-0.0506  	0.00651  	0.01869  	-0.0040  	-0.0313  	-0.0174  	-0.0144  	-0.0286  	0.02456  	0.00615  	-0.0329  	0.00723  	-0.0188  	-0.0257  	-0.0047  	-0.0251  	-0.0537  	0.04635  	-0.0072  	0.11951  	-0.3634  	0.04362  	0.02647  	0.01211  	0.40077  	0.51056  	268.426  	212.431  	
-0.0581  	-0.3671  	-0.1823  	-0.3789  	0.23780  	-0.3715  	-0.5920  	-0.1704  	0.17407  	-0.5456  	-0.5657  	0.60614  	-0.0197  	-0.5986  	-0.9723  	0.17202  	-0.0586  	0.11552  	0.48204  	0.30392  	-0.1422  	0.04563  	-0.0928  	0.32493  	0.04115  	0.07042  	-0.0677  	-0.3056  	-0.3748  	-0.1725  	0.00482  	0.21504  	-0.1170  	-0.1157  	0.22337  	0.17508  	0.21415  	0.10615  	-0.4345  	0.14212  	0.54592  	0.07071  	0.06195  	0.42489  	0.05107  	-0.0521  	0.01330  	0.01091  	-0.0087  	-0.0325  	-0.0262  	-0.0118  	-0.0323  	0.02772  	0.00831  	-0.0347  	0.00450  	-0.0139  	-0.0255  	-0.0033  	-0.0236  	-0.0508  	0.04298  	-0.0076  	0.11951  	-0.3634  	0.04362  	0.02647  	0.01211  	0.40077  	0.51056  	268.426  	212.431  	
-0.1153  	-0.3706  	-0.2234  	-0.3378  	0.23790  	-0.3955  	-0.6261  	-0.1444  	0.18418  	-0.6020  	-0.5437  	0.62035  	-0.0547  	-0.5780  	-0.8648  	0.12677  	-0.0262  	0.10865  	0.47725  	0.26610  	-0.1176  	0.03238  	-0.0481  	0.35990  	0.03383  	0.08264  	-0.0363  	-0.3712  	-0.4053  	-0.1831  	0.01009  	0.20644  	-0.1169  	-0.1172  	0.24208  	0.12385  	0.23992  	0.11117  	-0.4503  	0.10174  	0.55635  	0.07444  	0.05496  	0.40823  	0.05731  	-0.0543  	0.01311  	0.01162  	-0.0103  	-0.0282  	-0.0273  	-0.0167  	-0.0270  	0.02897  	0.00916  	-0.0306  	0.00870  	-0.0147  	-0.0276  	-0.0077  	-0.0245  	-0.0481  	0.05193  	-0.0038  	0.11951  	-0.3634  	0.04362  	0.02647  	0.01211  	0.40077  	0.51056  	268.426  	212.431  	
-0.0492  	-0.3502  	-0.1772  	-0.3134  	0.26078  	-0.3824  	-0.6410  	-0.1106  	0.21272  	-0.6425  	-0.5122  	0.67436  	-0.0389  	-0.4744  	-0.7753  	0.08508  	-0.0192  	0.06330  	0.46053  	0.26960  	-0.0266  	0.04586  	-0.0257  	0.38970  	0.00111  	0.09598  	-0.0558  	-0.4411  	-0.4883  	-0.2021  	0.02058  	0.21546  	-0.0804  	-0.1220  	0.25710  	0.03061  	0.29187  	0.11919  	-0.4610  	0.06085  	0.54209  	0.07547  	0.05660  	0.40367  	0.06293  	-0.0484  	0.01290  	0.00867  	-0.0151  	-0.0231  	-0.0408  	-0.0136  	-0.0356  	0.02564  	-0.0015  	-0.0308  	0.00191  	-0.0187  	-0.0278  	-0.0105  	-0.0214  	-0.0450  	0.04109  	-0.0118  	0.11951  	-0.3634  	0.04362  	0.02647  	0.01211  	0.40077  	0.51056  	268.426  	212.431  	
0.24911  	-0.2043  	-0.0080  	-0.1577  	0.28132  	-0.2248  	-0.6122  	0.05769  	0.30075  	-0.6644  	-0.4812  	0.71777  	0.05516  	-0.2469  	-0.6390  	0.18402  	-0.0090  	0.02481  	0.46893  	0.19444  	0.19694  	0.03539  	-0.0220  	0.42380  	-0.0899  	0.06432  	0.04304  	-0.5962  	-0.6512  	-0.2231  	0.00819  	0.23458  	-0.0434  	-0.1263  	0.36299  	-0.0832  	0.38922  	0.17625  	-0.5206  	0.05330  	0.50171  	0.05150  	0.05577  	0.40908  	0.04975  	-0.0465  	0.01521  	0.01344  	-0.0092  	-0.0247  	-0.0457  	-0.0094  	-0.0324  	0.03208  	-9.9841  	-0.0244  	-0.0141  	-0.0197  	-0.0321  	-0.0108  	-0.0158  	-0.0345  	0.03002  	-0.0194  	0.11951  	-0.3634  	0.04362  	0.02647  	0.01211  	0.40077  	0.51056  	268.426  	212.431  	
0.31056  	-0.1931  	0.03816  	-0.1197  	0.32360  	-0.1761  	-0.5909  	0.06350  	0.30575  	-0.6606  	-0.4948  	0.74841  	0.07387  	-0.2369  	-0.6932  	0.22648  	-0.0315  	0.04577  	0.45786  	0.23875  	0.14696  	0.02820  	-0.0301  	0.45017  	-0.0545  	0.05368  	0.02526  	-0.5385  	-0.6114  	-0.2221  	-0.0044  	0.22218  	-0.0306  	-0.1260  	0.37260  	-0.0466  	0.35469  	0.14838  	-0.4785  	0.06708  	0.48790  	0.06918  	0.05298  	0.40274  	0.04335  	-0.0494  	0.01036  	0.03580  	-0.0004  	-0.0172  	-0.0310  	-0.0077  	-0.0300  	0.03171  	0.00257  	-0.0177  	-0.0062  	-0.0176  	-0.0320  	-0.0056  	-0.0154  	-0.0467  	0.04127  	-0.0121  	0.11951  	-0.3634  	0.04362  	0.02647  	0.01211  	0.40077  	0.51056  	268.426  	212.431  	
0.16347  	-0.3116  	-0.1022  	-0.1143  	0.39635  	-0.2542  	-0.5629  	-0.1072  	0.24910  	-0.5515  	-0.5676  	0.71433  	0.05014  	-0.4368  	-0.8117  	0.21854  	-0.0484  	0.13784  	0.45441  	0.35550  	-0.1205  	0.03351  	-0.1653  	0.37315  	0.03228  	0.05954  	-0.1082  	-0.3111  	-0.4240  	-0.1999  	-0.0097  	0.20384  	-0.0711  	-0.1133  	0.26820  	0.09417  	0.20760  	0.09462  	-0.4322  	0.12408  	0.50855  	0.06964  	0.05558  	0.41334  	0.05561  	-0.0556  	0.01264  	0.03858  	0.00981  	-0.0284  	-0.0178  	-0.0123  	-0.0333  	0.02719  	0.00472  	-0.0230  	0.00506  	-0.0173  	-0.0285  	0.00070  	-0.0204  	-0.0592  	0.04003  	-0.0068  	0.11951  	-0.3634  	0.04362  	0.02647  	0.01211  	0.40077  	0.51056  	268.426  	212.431  	
0.13108  	-0.3198  	-0.0468  	-0.0845  	0.42269  	-0.3300  	-0.5991  	-0.0633  	0.19032  	-0.4929  	-0.5355  	0.75046  	0.08089  	-0.5657  	-0.9096  	0.26005  	0.01955  	-0.0152  	0.54005  	0.10115  	-0.1769  	-0.1900  	-0.4962  	0.39464  	0.00205  	0.14968  	-0.0701  	-0.3380  	-0.2781  	-0.1889  	0.09144  	0.17464  	-0.1786  	-0.2830  	0.15849  	0.12781  	0.05625  	0.09121  	-0.5211  	0.05141  	0.61149  	0.20837  	-0.0451  	0.49682  	-0.0034  	-0.0355  	-0.0168  	0.06579  	-0.0012  	-0.0460  	-0.0136  	-0.0093  	-0.0285  	0.04104  	0.01766  	-0.0370  	0.00625  	-0.0284  	-0.0254  	0.00839  	-0.0183  	-0.0608  	0.03466  	-0.0053  	0.11951  	-0.3634  	0.04362  	0.02647  	0.01211  	0.40077  	0.51056  	268.426  	212.431  	
0.02076  	-0.3227  	-0.0405  	-0.2748  	0.28425  	-0.4289  	-0.6601  	-0.0441  	0.14889  	-0.5261  	-0.4668  	0.70649  	0.06725  	-0.7338  	-1.0419  	0.17890  	0.10074  	-0.1083  	0.61848  	-0.1433  	-0.0898  	-0.3900  	-0.6553  	0.35408  	-0.0139  	0.23327  	-0.0737  	-0.4456  	-0.2265  	-0.2052  	0.20479  	0.12810  	-0.2788  	-0.4251  	0.07176  	0.13344  	0.00692  	0.08811  	-0.6244  	-0.0122  	0.68070  	0.30399  	-0.1480  	0.56807  	-0.0613  	-0.0203  	-0.0390  	0.07806  	-0.0211  	-0.0614  	-0.0111  	-0.0053  	-0.0211  	0.05873  	0.01777  	-0.0357  	0.00112  	-0.0419  	-0.0259  	0.01527  	-0.0154  	-0.0624  	0.02581  	-0.0103  	0.11951  	-0.3634  	0.04362  	0.02647  	0.01211  	0.40077  	0.51056  	268.426  	212.431  	
-0.3867  	-0.4160  	-0.3211  	-0.4670  	0.24625  	-0.6361  	-0.6542  	-0.0615  	0.11173  	-0.5058  	-0.4032  	0.66453  	0.05379  	-0.7433  	-1.0062  	-0.0618  	0.13650  	-0.1929  	0.64438  	-0.1944  	-0.0337  	-0.4238  	-0.6330  	0.40661  	-0.0263  	0.25942  	-0.0368  	-0.5259  	-0.2171  	-0.2125  	0.25520  	0.08547  	-0.2940  	-0.4444  	0.05748  	0.10542  	-0.0004  	0.07239  	-0.6573  	-0.0385  	0.66600  	0.34027  	-0.2174  	0.57179  	-0.0507  	-0.0162  	-0.0498  	0.04364  	-0.0345  	-0.0602  	-0.0088  	-0.0002  	-0.0334  	0.05874  	0.01617  	-0.0385  	-0.0016  	-0.0377  	-0.0269  	0.01214  	-0.0106  	-0.0534  	0.01099  	-0.0111  	0.11951  	-0.3634  	0.04362  	0.02647  	0.01211  	0.40077  	0.51056  	268.426  	212.431  	
-0.4157  	-0.4222  	-0.3002  	-0.5537  	0.19716  	-0.6844  	-0.6853  	-0.0561  	0.14905  	-0.4994  	-0.3864  	0.62967  	0.04496  	-0.6444  	-0.8534  	-0.1377  	0.17015  	-0.2226  	0.60374  	-0.2108  	0.06079  	-0.4174  	-0.4941  	0.40130  	-0.0852  	0.26689  	-0.0343  	-0.5669  	-0.2917  	-0.2330  	0.25024  	0.08116  	-0.2711  	-0.4154  	0.05859  	0.01807  	0.06073  	0.07974  	-0.6338  	-0.0513  	0.66590  	0.30392  	-0.1839  	0.53577  	-0.0430  	-0.0211  	-0.0273  	0.04209  	-0.0441  	-0.0471  	-0.0240  	-0.0022  	-0.0361  	0.06218  	0.00743  	-0.0430  	-0.0037  	-0.0419  	-0.0348  	0.01173  	-0.0092  	-0.0539  	0.01226  	-0.0088  	0.11951  	-0.3634  	0.04362  	0.02647  	0.01211  	0.40077  	0.51056  	268.426  	212.431  	
-0.2729  	-0.3794  	-0.1966  	-0.5877  	0.19183  	-0.5606  	-0.6543  	-0.0866  	0.18622  	-0.4730  	-0.4133  	0.68662  	0.06866  	-0.5636  	-1.0095  	-0.0378  	0.09337  	-0.0407  	0.55895  	0.05633  	-0.0375  	-0.2182  	-0.2925  	0.43404  	-0.0501  	0.20671  	-0.0975  	-0.4814  	-0.3374  	-0.2351  	0.17171  	0.10524  	-0.1872  	-0.2897  	0.06656  	0.05609  	0.07124  	0.07347  	-0.5086  	0.05870  	0.63260  	0.18862  	-0.0557  	0.48535  	-0.0036  	-0.0327  	-0.0099  	0.04531  	-0.0207  	-0.0392  	-0.0336  	-0.0093  	-0.0426  	0.04638  	0.00497  	-0.0474  	-0.0055  	-0.0294  	-0.0283  	0.00851  	-0.0141  	-0.0513  	0.02760  	-0.0159  	0.11951  	-0.3634  	0.04362  	0.02647  	0.01211  	0.40077  	0.51056  	268.426  	212.431  	
-0.2460  	-0.3677  	-0.2690  	-0.4467  	0.27268  	-0.5034  	-0.6254  	-0.1036  	0.21299  	-0.4862  	-0.4461  	0.76763  	0.02078  	-0.5135  	-1.0117  	0.04732  	-0.0269  	0.15925  	0.47336  	0.38465  	-0.1336  	0.06247  	-0.0777  	0.36419  	-0.0366  	0.10746  	-0.1420  	-0.3186  	-0.3519  	-0.2166  	0.04475  	0.13616  	-0.0628  	-0.1224  	0.11137  	0.06762  	0.13967  	0.06954  	-0.3817  	0.14164  	0.54230  	0.06052  	0.07873  	0.39851  	0.05324  	-0.0545  	0.01799  	0.03337  	-0.0018  	-0.0321  	-0.0295  	-0.0148  	-0.0454  	0.02956  	-0.0022  	-0.0346  	-0.0021  	-0.0252  	-0.0325  	-0.0007  	-0.0226  	-0.0490  	0.03429  	-0.0204  	0.11951  	-0.3634  	0.04362  	0.02647  	0.01211  	0.40077  	0.51056  	268.426  	212.431  	
-0.0384  	-0.3381  	-0.1763  	-0.0964  	0.40733  	-0.3824  	-0.6188  	-0.0356  	0.24650  	-0.5876  	-0.5487  	0.87591  	0.03567  	-0.3913  	-0.7771  	0.17943  	-0.0158  	0.13765  	0.50612  	0.39115  	-0.0711  	0.00254  	-0.0919  	0.38767  	0.00575  	0.07319  	-0.0795  	-0.2710  	-0.3479  	-0.1574  	0.00701  	0.17553  	-0.0668  	-0.1058  	0.20155  	0.03232  	0.16391  	0.09449  	-0.4050  	0.13133  	0.50550  	0.06083  	0.04119  	0.40426  	0.06627  	-0.0506  	0.00995  	0.02194  	0.00110  	-0.0407  	-0.0303  	-0.0189  	-0.0402  	0.03470  	0.00012  	-0.0246  	0.00131  	-0.0252  	-0.0227  	0.00035  	-0.0256  	-0.0488  	0.03579  	-0.0201  	0.11951  	-0.3634  	0.04362  	0.02647  	0.01211  	0.40077  	0.51056  	268.426  	212.431  	
0.25582  	-0.2391  	-0.0379  	-0.0365  	0.44287  	-0.1417  	-0.6057  	0.08077  	0.28453  	-0.6391  	-0.7090  	0.82735  	0.11731  	-0.1845  	-0.6451  	0.28104  	-0.0332  	0.11016  	0.48705  	0.29472  	0.00312  	0.07400  	-0.0872  	0.38043  	0.08658  	0.06373  	0.00435  	-0.4218  	-0.4349  	-0.1355  	0.00135  	0.18590  	-0.0697  	-0.1177  	0.24438  	-0.0398  	0.22334  	0.12150  	-0.4035  	0.10424  	0.49028  	0.04377  	0.09226  	0.40222  	0.05136  	-0.0593  	0.00015  	0.04021  	0.00923  	-0.0304  	-0.0454  	-0.0196  	-0.0371  	0.02520  	-0.0033  	-0.0240  	-0.0002  	-0.0207  	-0.0344  	-0.0127  	-0.0226  	-0.0511  	0.04418  	-0.0119  	0.11951  	-0.3634  	0.04362  	0.02647  	0.01211  	0.40077  	0.51056  	268.426  	212.431  	
0.16624  	-0.2866  	-0.1161  	0.09865  	0.55359  	-0.2473  	-0.6048  	-0.0214  	0.25862  	-0.5792  	-0.7017  	0.85093  	0.11154  	-0.2693  	-0.7114  	0.23725  	-0.0527  	0.09804  	0.49716  	0.30098  	-0.0363  	0.07883  	-0.1114  	0.38939  	0.05442  	0.03917  	-0.0408  	-0.3634  	-0.4659  	-0.1422  	0.01208  	0.17101  	-0.0553  	-0.1101  	0.27554  	-0.0323  	0.22975  	0.10935  	-0.4069  	0.11658  	0.51388  	0.05546  	0.06693  	0.40794  	0.04151  	-0.0407  	0.00545  	0.05720  	-0.0108  	-0.0346  	-0.0364  	-0.0184  	-0.0371  	0.02792  	-0.0027  	-0.0258  	0.01630  	-0.0218  	-0.0270  	-0.0035  	-0.0172  	-0.0524  	0.03801  	-0.0149  	0.11951  	-0.3634  	0.04362  	0.02647  	0.01211  	0.40077  	0.51056  	268.426  	212.431  	
-0.2508  	-0.3653  	-0.2821  	-0.4673  	0.29167  	-0.5305  	-0.6233  	-0.1703  	0.21087  	-0.4390  	-0.5122  	0.71773  	-0.0428  	-0.6216  	-0.9821  	0.08439  	-0.0612  	0.18595  	0.50241  	0.33836  	-0.0873  	0.00422  	-0.0846  	0.38741  	-0.0153  	0.07914  	-0.1312  	-0.3254  	-0.4381  	-0.2230  	0.03222  	0.17902  	-0.1069  	-0.1086  	0.17105  	0.10715  	0.19430  	0.08140  	-0.4020  	0.13532  	0.51410  	0.06141  	0.05531  	0.39462  	0.05321  	-0.0478  	-0.0032  	0.02111  	-0.0141  	-0.0199  	-0.0293  	-0.0149  	-0.0367  	0.03615  	0.00367  	-0.0354  	0.00536  	-0.0146  	-0.0253  	-0.0106  	-0.0268  	-0.0498  	0.02834  	-0.0173  	0.11951  	-0.3634  	0.04362  	0.02647  	0.01211  	0.40077  	0.51056  	268.426  	212.431  	
-0.3120  	-0.4141  	-0.2197  	-0.6405  	0.14669  	-0.4589  	-0.6348  	-0.2313  	0.18730  	-0.4845  	-0.4478  	0.56075  	-0.0842  	-0.7218  	-1.1130  	0.04028  	-0.0232  	0.11672  	0.50392  	0.28841  	-0.0959  	0.02469  	0.00189  	0.36280  	0.04534  	0.10235  	-0.0689  	-0.3555  	-0.4138  	-0.2157  	0.03987  	0.18569  	-0.1092  	-0.1189  	0.11787  	0.11404  	0.23146  	0.09678  	-0.4123  	0.11776  	0.57888  	0.04727  	0.05068  	0.41921  	0.06979  	-0.0508  	0.00968  	0.00206  	-0.0290  	-0.0202  	-0.0372  	-0.0125  	-0.0334  	0.02874  	-0.0018  	-0.0394  	0.00584  	-0.0145  	-0.0318  	-0.0042  	-0.0186  	-0.0564  	0.04299  	-0.0092  	0.11951  	-0.3634  	0.04362  	0.02647  	0.01211  	0.40077  	0.51056  	268.426  	212.431  	
-0.2599  	-0.4034  	-0.2160  	-0.5183  	0.13550  	-0.4144  	-0.6196  	-0.2156  	0.19672  	-0.5270  	-0.5051  	0.59397  	-0.0706  	-0.7015  	-1.0719  	0.09838  	-0.0038  	0.13593  	0.48624  	0.27856  	-0.1403  	0.04579  	0.03117  	0.33444  	-0.0030  	0.10539  	-0.1046  	-0.3603  	-0.3810  	-0.1976  	0.04171  	0.19843  	-0.1177  	-0.1229  	0.07474  	0.09971  	0.20249  	0.10663  	-0.4152  	0.11736  	0.60716  	0.04731  	0.07580  	0.43934  	0.05911  	-0.0505  	0.01412  	0.01885  	-0.0119  	-0.0299  	-0.0414  	-0.0109  	-0.0353  	0.03120  	0.00537  	-0.0435  	0.00047  	-0.0157  	-0.0339  	-0.0068  	-0.0175  	-0.0481  	0.03955  	-0.0083  	0.11951  	-0.3634  	0.04362  	0.02647  	0.01211  	0.40077  	0.51056  	268.426  	212.431  	
-0.1019  	-0.3629  	-0.1913  	-0.4227  	0.23817  	-0.3955  	-0.6352  	-0.1408  	0.22477  	-0.5090  	-0.5314  	0.68448  	-0.0048  	-0.5564  	-1.0978  	0.15890  	-0.0551  	0.15869  	0.49459  	0.32949  	-0.1872  	0.03470  	-0.0834  	0.28333  	-0.0170  	0.08359  	-0.1700  	-0.2249  	-0.3539  	-0.1966  	0.02303  	0.17931  	-0.0664  	-0.1123  	0.14387  	0.10918  	0.17651  	0.08944  	-0.3999  	0.11689  	0.60126  	0.04742  	0.09734  	0.42552  	0.04302  	-0.0574  	0.00481  	0.03078  	-0.0090  	-0.0363  	-0.0312  	-0.0131  	-0.0333  	0.02902  	0.00158  	-0.0343  	0.00720  	-0.0194  	-0.0302  	-0.0080  	-0.0174  	-0.0477  	0.04438  	-0.0041  	0.11951  	-0.3634  	0.04362  	0.02647  	0.01211  	0.40077  	0.51056  	268.426  	212.431  	
-0.0920  	-0.3879  	-0.1947  	-0.2812  	0.33877  	-0.3650  	-0.6619  	-0.0944  	0.21999  	-0.5474  	-0.4444  	0.72124  	-0.0261  	-0.5201  	-0.9571  	0.22854  	-0.0698  	0.10180  	0.52585  	0.36599  	-0.0821  	0.00697  	-0.1924  	0.46454  	0.02724  	0.07355  	-0.0408  	-0.3329  	-0.4765  	-0.2040  	0.00161  	0.21637  	-0.0620  	-0.1186  	0.27363  	0.11410  	0.26546  	0.09632  	-0.4709  	0.10537  	0.49182  	0.06416  	0.04971  	0.41397  	0.04781  	-0.0531  	0.01401  	0.03218  	-0.0006  	-0.0309  	-0.0255  	-0.0192  	-0.0363  	0.02817  	0.00065  	-0.0292  	0.00961  	-0.0227  	-0.0277  	0.00336  	-0.0224  	-0.0629  	0.03968  	-0.0073  	0.11951  	-0.3634  	0.04362  	0.02647  	0.01211  	0.40077  	0.51056  	268.426  	212.431  	
0.23313  	-0.2431  	-0.1020  	0.04441  	0.54225  	-0.2604  	-0.6063  	-0.0253  	0.20918  	-0.6154  	-0.7106  	0.85835  	0.12146  	-0.1719  	-0.4409  	0.18801  	-0.0434  	0.05202  	0.48005  	0.30792  	0.00636  	0.02632  	-0.1548  	0.48469  	-0.0613  	0.07994  	0.02064  	-0.4120  	-0.5113  	-0.1937  	0.00536  	0.21125  	-0.0432  	-0.1160  	0.32331  	-0.0029  	0.25665  	0.10323  	-0.4546  	0.14234  	0.46936  	0.08048  	0.04932  	0.40918  	0.04747  	-0.0394  	0.00482  	0.03925  	0.00195  	-0.0179  	-0.0368  	-0.0162  	-0.0425  	0.02037  	-0.0078  	-0.0236  	-0.0009  	-0.0256  	-0.0271  	-0.0105  	-0.0141  	-0.0435  	0.02496  	-0.0215  	0.11951  	-0.3634  	0.04362  	0.02647  	0.01211  	0.40077  	0.51056  	268.426  	212.431  	
0.45456  	-0.1901  	0.07576  	-0.0008  	0.43328  	-0.1187  	-0.5832  	0.05623  	0.28068  	-0.6524  	-0.7015  	0.74926  	0.16062  	-0.1475  	-0.5658  	0.24794  	-0.0470  	0.03622  	0.47091  	0.25613  	0.04578  	0.05769  	-0.1422  	0.45002  	0.05420  	0.04177  	0.06868  	-0.5124  	-0.5541  	-0.1633  	0.00185  	0.22295  	-0.0388  	-0.1182  	0.38256  	0.00850  	0.30805  	0.11889  	-0.4289  	0.10564  	0.46551  	0.07756  	0.05868  	0.40585  	0.03947  	-0.0481  	-0.0094  	0.05988  	0.01482  	-0.0329  	-0.0149  	-0.0104  	-0.0371  	0.02239  	0.00453  	-0.0145  	-0.0072  	-0.0219  	-0.0355  	-0.0003  	-0.0261  	-0.0453  	0.03784  	-0.0185  	0.11951  	-0.3634  	0.04362  	0.02647  	0.01211  	0.40077  	0.51056  	268.426  	212.431  	
0.42921  	-0.1825  	0.08714  	0.04078  	0.43329  	-0.1369  	-0.5493  	0.05994  	0.28029  	-0.5808  	-0.7751  	0.64468  	0.19832  	-0.0601  	-0.4736  	0.17661  	-0.0566  	0.00182  	0.47804  	0.18414  	0.02350  	0.13928  	-0.1149  	0.36691  	0.11780  	0.03012  	0.10414  	-0.5683  	-0.4405  	-0.1070  	0.01069  	0.20300  	-0.0635  	-0.1069  	0.32624  	0.02489  	0.24756  	0.10539  	-0.4080  	0.12611  	0.49211  	0.08552  	0.07357  	0.42365  	0.03475  	-0.0506  	-0.0063  	0.07519  	0.02642  	-0.0445  	-0.0259  	-0.0108  	-0.0358  	0.02591  	0.00423  	-0.0186  	-0.0069  	-0.0172  	-0.0328  	-0.0039  	-0.0211  	-0.0491  	0.03881  	-0.0213  	0.11951  	-0.3634  	0.04362  	0.02647  	0.01211  	0.40077  	0.51056  	268.426  	212.431  	
0.22575  	-0.2618  	-0.2191  	0.70792  	0.85631  	-0.1518  	-0.5738  	-0.0211  	0.26102  	-0.6382  	-0.9489  	0.82104  	0.21999  	0.11486  	-0.1941  	0.03643  	-0.0465  	-0.0486  	0.43610  	0.28087  	-0.1320  	0.14149  	-0.2307  	0.48147  	0.24188  	0.01521  	0.10988  	-0.3237  	-0.3479  	-0.0291  	-0.0784  	0.19532  	-0.0797  	-0.1164  	0.39916  	0.01263  	0.14483  	0.02830  	-0.3866  	0.19381  	0.36676  	0.12082  	0.00114  	0.39476  	0.06170  	-0.0598  	0.00120  	0.03338  	0.00864  	-0.0278  	-0.0351  	-0.0185  	-0.0396  	0.02406  	-0.0059  	-0.0260  	0.02532  	-0.0214  	-0.0321  	-0.0068  	-0.0282  	-0.0506  	0.03456  	-0.0119  	0.11951  	-0.3634  	0.04362  	0.02647  	0.01211  	0.40077  	0.51056  	268.426  	212.431  	
0.19459  	-0.2645  	-0.2683  	0.66498  	0.85138  	-0.1712  	-0.5735  	-0.0240  	0.22854  	-0.6891  	-1.0631  	0.87886  	0.25949  	0.10168  	-0.2463  	0.09922  	-0.0748  	0.05733  	0.40484  	0.37439  	-0.2853  	0.17398  	-0.2813  	0.35654  	0.22166  	0.04343  	-0.0269  	-0.1574  	-0.1804  	-0.0049  	-0.0646  	0.16388  	-0.0567  	-0.0578  	0.31257  	0.04401  	0.00849  	0.02874  	-0.3260  	0.19719  	0.37920  	0.09688  	0.03090  	0.39219  	0.07110  	-0.0581  	0.00706  	0.03580  	0.01215  	-0.0454  	-0.0316  	-0.0179  	-0.0398  	0.01819  	-0.0016  	-0.0238  	0.01416  	-0.0217  	-0.0233  	-0.0106  	-0.0278  	-0.0470  	0.04085  	-0.0194  	0.11951  	-0.3634  	0.04362  	0.02647  	0.01211  	0.40077  	0.51056  	268.426  	212.431  	
0.10994  	-0.2821  	-0.1665  	0.17171  	0.57337  	-0.2424  	-0.5920  	-0.0427  	0.21741  	-0.6350  	-0.9478  	0.77509  	0.16895  	-0.2474  	-0.5689  	0.18744  	-0.0520  	0.09327  	0.48269  	0.31750  	-0.1576  	0.10017  	-0.1966  	0.40940  	0.10002  	0.06222  	-0.0037  	-0.2907  	-0.3025  	-0.1066  	-0.0450  	0.19055  	-0.0757  	-0.0895  	0.25856  	0.03636  	0.14823  	0.06905  	-0.4054  	0.16304  	0.44294  	0.09387  	0.03929  	0.43000  	0.05944  	-0.0567  	-0.0007  	0.04275  	0.01070  	-0.0416  	-0.0402  	-0.0270  	-0.0347  	0.02186  	0.00600  	-0.0188  	0.01534  	-0.0109  	-0.0192  	-0.0005  	-0.0317  	-0.0365  	0.03438  	-0.0150  	0.11951  	-0.3634  	0.04362  	0.02647  	0.01211  	0.40077  	0.51056  	268.426  	212.431  	
-0.0149  	-0.3960  	-0.1129  	-0.3962  	0.33100  	-0.3155  	-0.5972  	-0.1390  	0.21714  	-0.6185  	-0.7096  	0.59773  	0.04186  	-0.5613  	-0.9369  	0.22127  	-0.0431  	0.13449  	0.52339  	0.25026  	-0.1974  	0.02515  	-0.1280  	0.37285  	0.04247  	0.05167  	0.03407  	-0.3953  	-0.3907  	-0.1678  	-0.0320  	0.26299  	-0.0717  	-0.1296  	0.20174  	0.12471  	0.18611  	0.12412  	-0.4236  	0.15567  	0.53771  	0.07474  	0.06050  	0.42802  	0.04271  	-0.0585  	0.00293  	0.02800  	-0.0052  	-0.0406  	-0.0481  	-0.0086  	-0.0297  	0.03313  	0.00261  	-0.0313  	0.00760  	-0.0206  	-0.0214  	-0.0031  	-0.0123  	-0.0574  	0.04057  	-0.0152  	0.11951  	-0.3634  	0.04362  	0.02647  	0.01211  	0.40077  	0.51056  	268.426  	212.431  	
0.09710  	-0.3769  	-0.0482  	-0.2519  	0.32052  	-0.3024  	-0.5996  	-0.1902  	0.20470  	-0.4962  	-0.5363  	0.63250  	-0.0399  	-0.6399  	-1.0213  	0.30373  	-0.0403  	0.13072  	0.51828  	0.31269  	-0.1521  	0.02846  	-0.1207  	0.45111  	0.08826  	0.04339  	-0.0155  	-0.3691  	-0.4409  	-0.1851  	-0.0165  	0.23080  	-0.1327  	-0.1312  	0.22678  	0.16222  	0.23945  	0.09743  	-0.4356  	0.15217  	0.54391  	0.07607  	0.06477  	0.42781  	0.05186  	-0.0526  	0.00863  	0.03126  	0.00192  	-0.0333  	-0.0230  	-0.0057  	-0.0304  	0.02828  	0.01134  	-0.0314  	0.00652  	-0.0273  	-0.0297  	0.00079  	-0.0195  	-0.0659  	0.04451  	-0.0167  	0.11951  	-0.3634  	0.04362  	0.02647  	0.01211  	0.40077  	0.51056  	268.426  	212.431  	
0.04393  	-0.3877  	-0.0718  	-0.2994  	0.32896  	-0.2995  	-0.6154  	-0.1527  	0.20154  	-0.4771  	-0.5153  	0.68217  	-0.0180  	-0.6695  	-1.0986  	0.34025  	-0.0766  	0.13947  	0.51758  	0.34692  	-0.1812  	0.00873  	-0.2005  	0.41228  	0.09073  	0.04211  	-0.0330  	-0.2942  	-0.4022  	-0.1858  	-0.0221  	0.25173  	-0.1108  	-0.1261  	0.24627  	0.18077  	0.20278  	0.09459  	-0.4184  	0.16161  	0.53401  	0.07932  	0.06431  	0.41847  	0.05108  	-0.0522  	0.00027  	0.03394  	0.00616  	-0.0272  	-0.0134  	-0.0151  	-0.0352  	0.02917  	0.01044  	-0.0258  	0.00969  	-0.0203  	-0.0306  	-0.0012  	-0.0226  	-0.0596  	0.03910  	-0.0111  	0.11951  	-0.3634  	0.04362  	0.02647  	0.01211  	0.40077  	0.51056  	268.426  	212.431  	
-0.0439  	-0.3765  	-0.2042  	-0.1566  	0.35617  	-0.2769  	-0.6306  	-0.1592  	0.17323  	-0.5865  	-0.6333  	0.69610  	-0.0481  	-0.5774  	-0.9419  	0.27011  	-0.0236  	0.10443  	0.50997  	0.30009  	-0.1531  	0.01072  	-0.2050  	0.46773  	0.12248  	0.05612  	0.11488  	-0.3538  	-0.4287  	-0.1321  	-0.0387  	0.25494  	-0.1278  	-0.1426  	0.25269  	0.20116  	0.20653  	0.10297  	-0.4376  	0.12752  	0.47353  	0.08829  	0.04658  	0.40080  	0.04168  	-0.0414  	-0.0094  	0.03194  	-0.0062  	-0.0313  	-0.0219  	-0.0092  	-0.0235  	0.02725  	0.00162  	-0.0317  	0.01020  	-0.0150  	-0.0185  	-0.0055  	-0.0241  	-0.0623  	0.03891  	-0.0163  	0.11951  	-0.3634  	0.04362  	0.02647  	0.01211  	0.40077  	0.51056  	268.426  	212.431  	
0.13010  	-0.3086  	-0.1263  	0.15042  	0.52316  	-0.2251  	-0.5870  	-0.0272  	0.20559  	-0.6701  	-0.8507  	0.76413  	0.05178  	-0.2851  	-0.5905  	0.19565  	-0.0394  	0.06582  	0.47660  	0.30438  	-0.1328  	0.06141  	-0.1638  	0.44641  	0.13812  	0.04379  	0.05703  	-0.3290  	-0.3455  	-0.1003  	-0.0329  	0.21492  	-0.1108  	-0.1056  	0.28320  	0.09520  	0.17096  	0.10092  	-0.4182  	0.15432  	0.45635  	0.08446  	0.06349  	0.42359  	0.04809  	-0.0557  	0.00245  	0.03133  	0.01491  	-0.0535  	-0.0193  	-0.0075  	-0.0291  	0.03098  	-0.0005  	-0.0275  	0.00413  	-0.0258  	-0.0211  	0.00590  	-0.0270  	-0.0519  	0.03763  	-0.0161  	0.11951  	-0.3634  	0.04362  	0.02647  	0.01211  	0.40077  	0.51056  	268.426  	212.431  	
0.28313  	-0.2598  	-0.0897  	0.09716  	0.50191  	-0.1198  	-0.6177  	0.03549  	0.24704  	-0.6690  	-0.8364  	0.78469  	0.13615  	-0.1723  	-0.4965  	0.16216  	-0.0132  	0.01740  	0.47727  	0.27589  	-0.0070  	0.07298  	-0.1379  	0.47790  	0.11217  	0.04310  	0.14232  	-0.4532  	-0.4815  	-0.1305  	-0.0380  	0.22253  	-0.0776  	-0.0976  	0.36059  	0.03285  	0.24397  	0.10417  	-0.4231  	0.14452  	0.41799  	0.08909  	0.04790  	0.43356  	0.04520  	-0.0463  	0.00210  	0.04237  	0.01781  	-0.0275  	-0.0259  	-0.0121  	-0.0361  	0.03489  	-0.0022  	-0.0246  	-0.0012  	-0.0189  	-0.0263  	-0.0074  	-0.0316  	-0.0479  	0.03960  	-0.0125  	0.11951  	-0.3634  	0.04362  	0.02647  	0.01211  	0.40077  	0.51056  	268.426  	212.431  	
0.45136  	-0.1775  	0.11852  	-0.0520  	0.37694  	-0.1439  	-0.5785  	0.08033  	0.31038  	-0.6341  	-0.6571  	0.73155  	0.11579  	-0.1595  	-0.6113  	0.29481  	-0.0578  	0.03698  	0.48559  	0.24334  	0.07940  	0.06384  	-0.1163  	0.43885  	0.04909  	0.03079  	0.06977  	-0.5365  	-0.5275  	-0.1610  	-0.0370  	0.23417  	-0.0337  	-0.1207  	0.35035  	-0.0337  	0.31609  	0.12846  	-0.4416  	0.09205  	0.46660  	0.07459  	0.07448  	0.41058  	0.04329  	-0.0517  	-0.0050  	0.05688  	0.01937  	-0.0455  	-0.0261  	-0.0129  	-0.0325  	0.02488  	0.00078  	-0.0175  	-0.0062  	-0.0272  	-0.0293  	-0.0030  	-0.0207  	-0.0533  	0.03411  	-0.0207  	0.11951  	-0.3634  	0.04362  	0.02647  	0.01211  	0.40077  	0.51056  	268.426  	212.431  	
0.38210  	-0.2168  	0.13499  	-0.0782  	0.34940  	-0.1630  	-0.5482  	0.07376  	0.31901  	-0.5868  	-0.5628  	0.72619  	0.05793  	-0.1941  	-0.6441  	0.31234  	-0.0387  	0.03809  	0.50707  	0.26561  	0.15102  	0.08479  	-0.0986  	0.47139  	0.13572  	0.01480  	0.10289  	-0.6032  	-0.5755  	-0.1713  	-0.0590  	0.24161  	-0.0479  	-0.1256  	0.33358  	-0.0137  	0.37865  	0.14652  	-0.4229  	0.11557  	0.45982  	0.06132  	0.07849  	0.42283  	0.04601  	-0.0591  	-0.0115  	0.05590  	0.01999  	-0.0362  	-0.0251  	-0.0148  	-0.0297  	0.03365  	-0.0001  	-0.0155  	-0.0047  	-0.0189  	-0.0329  	0.00478  	-0.0252  	-0.0518  	0.04606  	-0.0153  	0.11951  	-0.3634  	0.04362  	0.02647  	0.01211  	0.40077  	0.51056  	268.426  	212.431  	
0.22772  	-0.3386  	-0.0802  	0.25529  	0.56011  	-0.1934  	-0.5661  	-0.0789  	0.25059  	-0.5449  	-0.7522  	0.87805  	0.08422  	-0.1982  	-0.5051  	0.24536  	-0.0424  	0.06984  	0.49915  	0.30094  	-0.0594  	0.07870  	-0.1273  	0.43403  	0.11537  	0.03278  	0.05708  	-0.4385  	-0.4568  	-0.1254  	-0.0323  	0.23296  	-0.0871  	-0.1115  	0.29916  	-0.0251  	0.25867  	0.11825  	-0.4073  	0.14725  	0.45779  	0.05418  	0.05787  	0.42648  	0.05123  	-0.0525  	-0.0033  	0.03782  	0.01832  	-0.0424  	-0.0318  	-0.0216  	-0.0344  	0.02714  	0.00075  	-0.0161  	0.00259  	-0.0181  	-0.0295  	-0.0074  	-0.0252  	-0.0487  	0.03783  	-0.0197  	0.11951  	-0.3634  	0.04362  	0.02647  	0.01211  	0.40077  	0.51056  	268.426  	212.431  	
0.06623  	-0.3050  	-0.2021  	0.03725  	0.51570  	-0.2476  	-0.5854  	-0.0711  	0.23062  	-0.6157  	-0.7276  	0.81621  	0.08894  	-0.3274  	-0.6323  	0.10780  	-0.0414  	0.15013  	0.46605  	0.30154  	-0.1089  	0.05059  	-0.1288  	0.42172  	0.05630  	0.04972  	-0.0345  	-0.2866  	-0.3584  	-0.1476  	-0.0146  	0.19757  	-0.0709  	-0.1146  	0.24019  	0.04273  	0.15992  	0.07172  	-0.3767  	0.14734  	0.46779  	0.06393  	0.05502  	0.40178  	0.06300  	-0.0468  	0.00761  	0.02725  	0.00274  	-0.0387  	-0.0333  	-0.0174  	-0.0354  	0.01984  	0.00435  	-0.0364  	0.00348  	-0.0166  	-0.0256  	-0.0045  	-0.0238  	-0.0555  	0.03351  	-0.0147  	0.11951  	-0.3634  	0.04362  	0.02647  	0.01211  	0.40077  	0.51056  	268.426  	212.431  	
-0.0186  	-0.3400  	-0.2258  	-0.1423  	0.39435  	-0.2680  	-0.6061  	-0.0954  	0.20600  	-0.5988  	-0.7102  	0.71382  	0.05412  	-0.4480  	-0.7403  	0.07176  	-0.0184  	0.16952  	0.44238  	0.34522  	-0.1403  	0.05656  	-0.0965  	0.36902  	0.03712  	0.07324  	-0.1187  	-0.2435  	-0.3028  	-0.1777  	-0.0004  	0.18047  	-0.0709  	-0.0934  	0.17252  	0.05274  	0.12409  	0.07973  	-0.3879  	0.14662  	0.52909  	0.04298  	0.07157  	0.41534  	0.05311  	-0.0541  	0.01520  	0.02024  	-0.0048  	-0.0375  	-0.0253  	-0.0127  	-0.0365  	0.01930  	0.00660  	-0.0362  	0.00354  	-0.0161  	-0.0274  	-0.0061  	-0.0246  	-0.0552  	0.04274  	-0.0086  	0.11951  	-0.3634  	0.04362  	0.02647  	0.01211  	0.40077  	0.51056  	268.426  	212.431  	
-0.0318  	-0.3357  	-0.1429  	-0.1705  	0.31208  	-0.2788  	-0.6256  	-0.0609  	0.24119  	-0.6137  	-0.6715  	0.68077  	0.04384  	-0.4823  	-0.7345  	0.10386  	-0.0264  	0.12086  	0.44436  	0.32351  	-0.0956  	0.04949  	-0.0157  	0.34770  	-0.0306  	0.09117  	-0.1367  	-0.3199  	-0.3620  	-0.2112  	0.01519  	0.18257  	-0.0680  	-0.0913  	0.16128  	0.02533  	0.17746  	0.09998  	-0.4130  	0.14112  	0.57584  	0.03708  	0.08510  	0.43043  	0.04994  	-0.0588  	0.01810  	0.02946  	-0.0083  	-0.0297  	-0.0424  	-0.0123  	-0.0351  	0.02582  	0.00373  	-0.0363  	-0.0030  	-0.0164  	-0.0326  	-0.0076  	-0.0185  	-0.0500  	0.03775  	-0.0092  	0.11951  	-0.3634  	0.04362  	0.02647  	0.01211  	0.40077  	0.51056  	268.426  	212.431  	
-0.0008  	-0.3017  	-0.1390  	-0.2381  	0.29565  	-0.3140  	-0.6105  	-0.0705  	0.24518  	-0.5762  	-0.6198  	0.69961  	0.03993  	-0.4328  	-0.7697  	0.11817  	-0.0486  	0.11146  	0.45735  	0.31549  	-0.0871  	0.05765  	-0.0428  	0.33724  	-0.0444  	0.08758  	-0.1331  	-0.3529  	-0.3900  	-0.2039  	0.04790  	0.18400  	-0.0479  	-0.0982  	0.19249  	0.01875  	0.19899  	0.10517  	-0.4207  	0.12690  	0.58593  	0.04483  	0.07726  	0.42240  	0.04842  	-0.0527  	0.01551  	0.02519  	-0.0122  	-0.0270  	-0.0411  	-0.0128  	-0.0321  	0.02654  	0.00021  	-0.0357  	-0.0022  	-0.0182  	-0.0338  	-0.0048  	-0.0192  	-0.0423  	0.03734  	-0.0078  	0.11951  	-0.3634  	0.04362  	0.02647  	0.01211  	0.40077  	0.51056  	268.426  	212.431  	
-0.1264  	-0.3397  	-0.2113  	-0.3726  	0.24835  	-0.4854  	-0.6575  	-0.0399  	0.28491  	-0.4854  	-0.4644  	0.73912  	0.12187  	-0.3628  	-0.9898  	0.20638  	-0.0593  	0.14987  	0.48280  	0.36403  	-0.1242  	-0.0337  	-0.1484  	0.33401  	-0.1369  	0.10647  	-0.2108  	-0.2970  	-0.4679  	-0.2479  	0.08480  	0.16730  	0.00170  	-0.1211  	0.21900  	0.01582  	0.17876  	0.08562  	-0.4039  	0.11441  	0.60672  	0.04410  	0.08233  	0.40458  	0.04351  	-0.0548  	0.01227  	0.02593  	0.00324  	-0.0209  	-0.0420  	-0.0088  	-0.0404  	0.01693  	0.00419  	-0.0301  	-0.0073  	-0.0210  	-0.0301  	-0.0084  	-0.0161  	-0.0305  	0.04443  	-0.0039  	0.11951  	-0.3634  	0.04362  	0.02647  	0.01211  	0.40077  	0.51056  	268.426  	212.431  	
-0.4348  	-0.4762  	-0.3955  	-0.6034  	0.23847  	-0.6963  	-0.6004  	-0.1971  	0.19929  	-0.4252  	-0.3406  	0.68905  	0.00747  	-0.5675  	-1.2528  	0.04017  	-0.0634  	0.18316  	0.46435  	0.37422  	-0.2101  	-0.0223  	-0.1424  	0.31674  	-0.0507  	0.10959  	-0.2778  	-0.2630  	-0.3689  	-0.2333  	0.06772  	0.14829  	-0.0693  	-0.1174  	0.11773  	0.11845  	0.08570  	0.06378  	-0.3712  	0.10378  	0.57249  	0.05539  	0.07447  	0.39995  	0.04927  	-0.0593  	0.00908  	0.03743  	-0.0032  	-0.0319  	-0.0336  	-0.0143  	-0.0379  	0.02027  	0.00050  	-0.0332  	-0.0005  	-0.0179  	-0.0369  	-0.0080  	-0.0110  	-0.0486  	0.04134  	-0.0101  	0.11951  	-0.3634  	0.04362  	0.02647  	0.01211  	0.40077  	0.51056  	268.426  	212.431  	
-0.4503  	-0.4549  	-0.3357  	-0.7400  	0.11208  	-0.7797  	-0.6145  	-0.1958  	0.20616  	-0.3396  	-0.3174  	0.62532  	-0.0247  	-0.5712  	-1.1669  	-0.0226  	-0.0243  	0.12748  	0.47823  	0.31787  	-0.1682  	0.03936  	-0.0695  	0.35591  	-0.0117  	0.11762  	-0.1625  	-0.3972  	-0.3965  	-0.2261  	0.08794  	0.13480  	-0.0527  	-0.1131  	0.10994  	0.08288  	0.15926  	0.07572  	-0.3897  	0.10636  	0.59396  	0.06632  	0.07161  	0.39563  	0.06034  	-0.0597  	0.01731  	0.04371  	-0.0143  	-0.0254  	-0.0404  	-0.0116  	-0.0412  	0.03309  	-0.0007  	-0.0454  	0.00397  	-0.0212  	-0.0351  	0.00238  	-0.0207  	-0.0485  	0.04698  	-0.0124  	0.11951  	-0.3634  	0.04362  	0.02647  	0.01211  	0.40077  	0.51056  	268.426  	212.431  	
-0.2132  	-0.3871  	-0.1799  	-0.6301  	0.11227  	-0.5099  	-0.6279  	-0.0948  	0.20823  	-0.4461  	-0.4462  	0.63322  	-0.0049  	-0.4435  	-1.0773  	0.02679  	-0.0030  	0.10343  	0.49998  	0.26409  	-0.0847  	0.07569  	0.00415  	0.39718  	0.01111  	0.08993  	-0.0325  	-0.4258  	-0.4417  	-0.1902  	0.04089  	0.17260  	-0.0896  	-0.1302  	0.13527  	0.04616  	0.22899  	0.09671  	-0.4130  	0.10479  	0.59816  	0.03612  	0.07393  	0.41874  	0.06070  	-0.0592  	0.01204  	0.03732  	-0.0139  	-0.0326  	-0.0475  	-0.0165  	-0.0330  	0.02230  	-0.0104  	-0.0414  	-0.0038  	-0.0240  	-0.0348  	-0.0013  	-0.0141  	-0.0502  	0.03998  	-0.0114  	0.11951  	-0.3634  	0.04362  	0.02647  	0.01211  	0.40077  	0.51056  	268.426  	212.431  	
-0.0493  	-0.3137  	-0.1001  	-0.4289  	0.23842  	-0.3572  	-0.6582  	-0.0950  	0.21287  	-0.4911  	-0.5062  	0.70543  	-0.0216  	-0.5150  	-1.0940  	0.18027  	-0.0256  	0.12859  	0.50734  	0.28648  	-0.1056  	0.01984  	-0.0632  	0.30072  	-0.0560  	0.07963  	-0.1446  	-0.3579  	-0.3954  	-0.2101  	0.01538  	0.20240  	-0.0527  	-0.1263  	0.15143  	0.06674  	0.21628  	0.10324  	-0.4008  	0.13095  	0.62093  	0.03292  	0.10807  	0.44135  	0.03684  	-0.0587  	0.00408  	0.03369  	-0.0019  	-0.0436  	-0.0402  	-0.0148  	-0.0379  	0.03398  	0.00650  	-0.0305  	-0.0036  	-0.0271  	-0.0353  	-0.0082  	-0.0172  	-0.0511  	0.03895  	-0.0089  	0.11951  	-0.3634  	0.04362  	0.02647  	0.01211  	0.40077  	0.51056  	268.426  	212.431  	
-0.1860  	-0.3569  	-0.1702  	-0.5473  	0.16221  	-0.5026  	-0.6435  	-0.2017  	0.16555  	-0.4039  	-0.4537  	0.68175  	-0.0311  	-0.5807  	-1.2424  	0.13885  	-0.0680  	0.12206  	0.48941  	0.35442  	-0.2168  	0.01332  	-0.1154  	0.33019  	0.01556  	0.08717  	-0.1360  	-0.2969  	-0.3600  	-0.2123  	0.02957  	0.18965  	-0.0840  	-0.1230  	0.15109  	0.15403  	0.17587  	0.07434  	-0.3960  	0.13975  	0.60687  	0.06038  	0.09430  	0.44454  	0.05838  	-0.0605  	0.01357  	0.03617  	0.00305  	-0.0500  	-0.0266  	-0.0149  	-0.0321  	0.03279  	0.00464  	-0.0380  	0.00440  	-0.0188  	-0.0331  	-0.0114  	-0.0225  	-0.0536  	0.05301  	-0.0075  	0.11951  	-0.3634  	0.04362  	0.02647  	0.01211  	0.40077  	0.51056  	268.426  	212.431  	
-0.5636  	-0.4573  	-0.3405  	-0.7577  	0.07804  	-0.7348  	-0.6042  	-0.2526  	0.13085  	-0.3411  	-0.2438  	0.61709  	-0.0283  	-0.5742  	-1.2695  	-0.0009  	-0.0515  	0.08695  	0.50942  	0.28549  	-0.1462  	0.03655  	-0.0748  	0.42184  	0.03821  	0.10564  	-0.0961  	-0.4679  	-0.4372  	-0.2005  	0.08123  	0.15019  	-0.0743  	-0.1195  	0.16685  	0.11764  	0.17558  	0.09111  	-0.4368  	0.07349  	0.57597  	0.08994  	0.06529  	0.39333  	0.05991  	-0.0602  	0.00854  	0.01750  	-0.0124  	-0.0237  	-0.0310  	-0.0108  	-0.0363  	0.03225  	-0.0018  	-0.0332  	-0.0034  	-0.0204  	-0.0270  	0.00452  	-0.0149  	-0.0340  	0.04080  	-0.0204  	0.11951  	-0.3634  	0.04362  	0.02647  	0.01211  	0.40077  	0.51056  	268.426  	212.431  	
-0.5640  	-0.5117  	-0.3744  	-0.7053  	0.12741  	-0.7274  	-0.6407  	-0.2016  	0.15664  	-0.4732  	-0.2453  	0.66116  	-0.0425  	-0.5180  	-1.0290  	-0.0717  	0.01451  	0.05869  	0.47412  	0.28601  	-0.0456  	0.03911  	0.02693  	0.44801  	-0.0658  	0.10598  	-0.0994  	-0.4274  	-0.5039  	-0.2224  	0.05531  	0.17010  	-0.0822  	-0.1289  	0.16164  	0.02486  	0.22171  	0.08162  	-0.4277  	0.07496  	0.53473  	0.07512  	0.03230  	0.39658  	0.05031  	-0.0478  	0.01408  	0.01481  	-0.0014  	-0.0227  	-0.0453  	-0.0161  	-0.0387  	0.02601  	-0.0015  	-0.0374  	-0.0138  	-0.0199  	-0.0321  	-0.0092  	-0.0106  	-0.0288  	0.03049  	-0.0208  	0.11951  	-0.3634  	0.04362  	0.02647  	0.01211  	0.40077  	0.51056  	268.426  	212.431  	
-0.2218  	-0.3439  	-0.2854  	-0.2413  	0.35382  	-0.4700  	-0.6445  	0.01167  	0.22448  	-0.6012  	-0.4080  	0.87065  	0.03997  	-0.3304  	-0.8616  	0.02182  	-0.0650  	0.09926  	0.47709  	0.38077  	-0.0357  	-0.0049  	-0.1134  	0.42227  	-0.0596  	0.09277  	-0.1028  	-0.2934  	-0.4142  	-0.1712  	0.04148  	0.16587  	-0.0791  	-0.1105  	0.25413  	0.03737  	0.16206  	0.06283  	-0.3866  	0.12065  	0.47342  	0.07396  	0.02326  	0.38050  	0.06378  	-0.0519  	0.00556  	0.01898  	-0.0103  	-0.0277  	-0.0237  	-0.0153  	-0.0492  	0.02453  	-0.0079  	-0.0227  	0.00513  	-0.0199  	-0.0254  	0.00136  	-0.0182  	-0.0415  	0.02934  	-0.0155  	0.11951  	-0.3634  	0.04362  	0.02647  	0.01211  	0.40077  	0.51056  	268.426  	212.431  	
0.05608  	-0.2343  	-0.1219  	-0.1215  	0.43375  	-0.2913  	-0.5919  	0.01893  	0.26405  	-0.6119  	-0.7151  	0.84875  	0.14302  	-0.1192  	-0.5343  	0.10217  	-0.0638  	0.06266  	0.44975  	0.26472  	-0.0325  	0.04372  	-0.0918  	0.43261  	-0.0890  	0.08011  	-0.0492  	-0.4057  	-0.4567  	-0.1728  	0.05860  	0.18433  	-0.0388  	-0.1259  	0.25388  	-0.0154  	0.14920  	0.06016  	-0.3869  	0.13520  	0.52020  	0.04999  	0.05748  	0.41144  	0.05076  	-0.0419  	0.01397  	0.05501  	0.00475  	-0.0304  	-0.0424  	-0.0191  	-0.0440  	0.01892  	-0.0067  	-0.0328  	0.00220  	-0.0195  	-0.0336  	-0.0028  	-0.0092  	-0.0538  	0.04275  	-0.0081  	0.11951  	-0.3634  	0.04362  	0.02647  	0.01211  	0.40077  	0.51056  	268.426  	212.431  	
0.35936  	-0.1821  	0.04825  	-0.0395  	0.38551  	-0.1017  	-0.5907  	0.04765  	0.29548  	-0.6309  	-0.8853  	0.67677  	0.18982  	-0.0718  	-0.3823  	0.08411  	-0.0250  	0.05961  	0.46065  	0.18311  	0.00806  	0.13016  	-0.0308  	0.43068  	-0.0031  	0.05177  	0.04408  	-0.5204  	-0.4836  	-0.1544  	0.01676  	0.21540  	-0.0344  	-0.1223  	0.30311  	-0.0533  	0.24673  	0.09426  	-0.4462  	0.13584  	0.48407  	0.04958  	0.08666  	0.42363  	0.04717  	-0.0574  	0.00782  	0.04810  	0.02524  	-0.0306  	-0.0427  	-0.0198  	-0.0393  	0.02112  	-0.0027  	-0.0158  	-0.0014  	-0.0282  	-0.0346  	-0.0014  	-0.0149  	-0.0396  	0.03583  	-0.0158  	0.11951  	-0.3634  	0.04362  	0.02647  	0.01211  	0.40077  	0.51056  	268.426  	212.431  	
0.39755  	-0.1941  	0.06485  	0.08789  	0.43639  	-0.0693  	-0.5307  	0.03976  	0.27163  	-0.6527  	-0.9436  	0.55637  	0.20282  	-0.0868  	-0.4451  	0.05764  	-0.0199  	0.02530  	0.46331  	0.16592  	-0.0029  	0.15930  	-0.0788  	0.42206  	0.16053  	0.03215  	0.11299  	-0.5659  	-0.3949  	-0.1040  	-0.0063  	0.19256  	-0.0755  	-0.1199  	0.30365  	-0.0115  	0.23918  	0.08989  	-0.4167  	0.14486  	0.46828  	0.07750  	0.07928  	0.42269  	0.03377  	-0.0508  	-0.0029  	0.06505  	0.01982  	-0.0322  	-0.0325  	-0.0163  	-0.0416  	0.02065  	0.00213  	-0.0154  	-0.0046  	-0.0232  	-0.0379  	-0.0059  	-0.0235  	-0.0424  	0.02872  	-0.0210  	0.11951  	-0.3634  	0.04362  	0.02647  	0.01211  	0.40077  	0.51056  	268.426  	212.431  	
0.20683  	-0.2446  	-0.0435  	-0.0389  	0.42082  	-0.2752  	-0.5650  	0.00373  	0.23812  	-0.5345  	-0.6969  	0.55171  	0.11336  	-0.1519  	-0.5649  	0.09185  	-0.0374  	-0.0006  	0.49914  	0.22435  	0.06242  	0.12825  	-0.0974  	0.51688  	0.18558  	0.01310  	0.16247  	-0.6007  	-0.5176  	-0.1284  	-0.0253  	0.23361  	-0.0917  	-0.1269  	0.38179  	0.00108  	0.30872  	0.09360  	-0.4667  	0.16582  	0.43578  	0.08702  	0.04427  	0.42067  	0.04471  	-0.0458  	0.00558  	0.03588  	0.00012  	-0.0378  	-0.0255  	-0.0078  	-0.0389  	0.01973  	-0.0050  	-0.0187  	-0.0110  	-0.0254  	-0.0289  	0.00281  	-0.0151  	-0.0494  	0.02544  	-0.0197  	0.11951  	-0.3634  	0.04362  	0.02647  	0.01211  	0.40077  	0.51056  	268.426  	212.431  	
0.02442  	-0.3566  	-0.2450  	0.05511  	0.55212  	-0.3599  	-0.5817  	-0.0636  	0.22245  	-0.5695  	-0.6617  	0.78724  	0.08550  	-0.2827  	-0.6803  	0.17503  	-0.0417  	0.10074  	0.47230  	0.31790  	-0.0833  	0.04650  	-0.1872  	0.51571  	0.07036  	0.04304  	-0.0180  	-0.3373  	-0.4271  	-0.1405  	-0.0162  	0.19671  	-0.0979  	-0.1093  	0.34279  	0.05145  	0.21032  	0.07136  	-0.4216  	0.13665  	0.43619  	0.10216  	-0.0061  	0.41088  	0.05838  	-0.0529  	0.00203  	0.02821  	0.00258  	-0.0342  	-0.0312  	-0.0169  	-0.0422  	0.02788  	-0.0037  	-0.0257  	0.00992  	-0.0128  	-0.0174  	-0.0063  	-0.0294  	-0.0505  	0.02465  	-0.0193  	0.11951  	-0.3634  	0.04362  	0.02647  	0.01211  	0.40077  	0.51056  	268.426  	212.431  	
0.18203  	-0.2278  	-0.1752  	0.18058  	0.57917  	-0.1140  	-0.6166  	0.00437  	0.21841  	-0.6821  	-0.9443  	0.76420  	0.14579  	-0.1416  	-0.4113  	0.11501  	-0.0579  	0.02620  	0.46480  	0.30346  	-0.1175  	0.11041  	-0.1778  	0.40934  	0.15440  	0.03751  	0.05517  	-0.3258  	-0.3325  	-0.0637  	-0.0370  	0.18794  	-0.0999  	-0.1069  	0.29666  	0.02830  	0.14705  	0.07317  	-0.3914  	0.14462  	0.44619  	0.06651  	0.06693  	0.41343  	0.06168  	-0.0553  	-0.0031  	0.04402  	0.01136  	-0.0462  	-0.0298  	-0.0144  	-0.0337  	0.01525  	-0.0062  	-0.0248  	-0.0004  	-0.0177  	-0.0277  	-0.0017  	-0.0243  	-0.0554  	0.03614  	-0.0171  	0.11951  	-0.3634  	0.04362  	0.02647  	0.01211  	0.40077  	0.51056  	268.426  	212.431  	
0.25595  	-0.2274  	-0.0887  	0.16415  	0.49931  	-0.0688  	-0.6263  	-0.0054  	0.26350  	-0.6511  	-0.8950  	0.71979  	0.11759  	-0.2221  	-0.4148  	0.12577  	-0.0170  	0.07036  	0.46716  	0.28813  	-0.0713  	0.10939  	-0.1140  	0.40720  	0.10854  	0.03044  	-0.0025  	-0.4156  	-0.3742  	-0.1279  	-0.0089  	0.20431  	-0.0745  	-0.1060  	0.24734  	-0.0106  	0.20117  	0.09951  	-0.3813  	0.14249  	0.50372  	0.04320  	0.07862  	0.43188  	0.04910  	-0.0508  	0.00315  	0.05139  	0.01007  	-0.0297  	-0.0335  	-0.0098  	-0.0337  	0.03030  	0.00025  	-0.0239  	-0.0045  	-0.0267  	-0.0269  	-0.0007  	-0.0261  	-0.0428  	0.02858  	-0.0193  	0.11951  	-0.3634  	0.04362  	0.02647  	0.01211  	0.40077  	0.51056  	268.426  	212.431  	
0.30440  	-0.2580  	-0.0684  	0.01866  	0.46516  	-0.0988  	-0.5749  	-0.0008  	0.26350  	-0.6194  	-0.6594  	0.74522  	0.09769  	-0.2900  	-0.7053  	0.23818  	-0.0618  	0.09186  	0.49705  	0.27330  	-0.0280  	0.10467  	-0.1281  	0.41855  	0.04686  	0.01746  	-0.0336  	-0.3728  	-0.4207  	-0.1861  	-0.0159  	0.18665  	-0.0680  	-0.1199  	0.27653  	0.01492  	0.25628  	0.10660  	-0.4144  	0.13449  	0.55229  	0.05514  	0.07797  	0.41644  	0.04949  	-0.0514  	0.00421  	0.04425  	0.00798  	-0.0279  	-0.0431  	-0.0126  	-0.0371  	0.02918  	3.20868  	-0.0266  	0.00703  	-0.0198  	-0.0300  	-0.0070  	-0.0217  	-0.0498  	0.03956  	-0.0196  	0.11951  	-0.3634  	0.04362  	0.02647  	0.01211  	0.40077  	0.51056  	268.426  	212.431  	
0.00865  	-0.3383  	-0.1346  	-0.3666  	0.28633  	-0.2849  	-0.5736  	-0.1214  	0.21646  	-0.5087  	-0.5317  	0.67594  	-0.0062  	-0.4690  	-1.0724  	0.19840  	-0.0850  	0.16953  	0.48451  	0.37473  	-0.1642  	0.02457  	-0.1611  	0.35623  	0.09935  	0.05667  	-0.0998  	-0.3372  	-0.3651  	-0.1971  	-0.0020  	0.18995  	-0.0855  	-0.1115  	0.20858  	0.11708  	0.18851  	0.10833  	-0.3928  	0.15643  	0.57522  	0.06870  	0.08549  	0.42261  	0.04462  	-0.0512  	0.00134  	0.03552  	-0.0079  	-0.0378  	-0.0151  	-0.0075  	-0.0273  	0.02918  	0.00165  	-0.0269  	0.00928  	-0.0191  	-0.0353  	-0.0026  	-0.0170  	-0.0576  	0.04475  	-0.0077  	0.11951  	-0.3634  	0.04362  	0.02647  	0.01211  	0.40077  	0.51056  	268.426  	212.431  	
-0.1769  	-0.3874  	-0.1922  	-0.5309  	0.15616  	-0.4021  	-0.6178  	-0.1781  	0.21341  	-0.4858  	-0.4772  	0.57264  	-0.0241  	-0.5724  	-1.0995  	0.13602  	-0.0237  	0.11122  	0.53062  	0.27792  	-0.1188  	-0.0030  	-0.0984  	0.36568  	0.12814  	0.04639  	-0.0042  	-0.4302  	-0.4335  	-0.2019  	0.02390  	0.21952  	-0.0881  	-0.1257  	0.19643  	0.13793  	0.24790  	0.11323  	-0.4328  	0.11015  	0.57353  	0.04456  	0.07065  	0.41853  	0.04979  	-0.0448  	0.00874  	0.02509  	-0.0142  	-0.0263  	-0.0293  	-0.0115  	-0.0305  	0.03113  	0.00171  	-0.0367  	0.00014  	-0.0156  	-0.0218  	-0.0032  	-0.0208  	-0.0479  	0.03720  	-0.0132  	0.11951  	-0.3634  	0.04362  	0.02647  	0.01211  	0.40077  	0.51056  	268.426  	212.431  	
-0.3217  	-0.4061  	-0.2560  	-0.6377  	0.11770  	-0.5354  	-0.6191  	-0.1814  	0.17210  	-0.4753  	-0.4747  	0.58065  	-0.0441  	-0.5801  	-1.0712  	0.05991  	-0.0181  	0.12239  	0.50436  	0.28666  	-0.1294  	0.02965  	-0.0271  	0.37747  	0.05906  	0.07805  	-0.0537  	-0.3920  	-0.4235  	-0.1904  	0.03311  	0.17996  	-0.1006  	-0.1167  	0.16624  	0.11416  	0.20455  	0.09093  	-0.4381  	0.10546  	0.55712  	0.07463  	0.04505  	0.41556  	0.05381  	-0.0517  	0.00841  	0.02052  	-0.0123  	-0.0340  	-0.0296  	-0.0074  	-0.0359  	0.02936  	-0.0032  	-0.0388  	0.00562  	-0.0131  	-0.0291  	-0.0106  	-0.0187  	-0.0530  	0.04114  	-0.0131  	0.11951  	-0.3634  	0.04362  	0.02647  	0.01211  	0.40077  	0.51056  	268.426  	212.431  	
-0.4910  	-0.4267  	-0.3426  	-0.5434  	0.20548  	-0.6342  	-0.5674  	-0.1838  	0.17778  	-0.4349  	-0.4453  	0.62938  	0.01474  	-0.5549  	-1.0710  	0.00512  	-0.0555  	0.14440  	0.45122  	0.34032  	-0.2070  	0.05681  	-0.0646  	0.37127  	0.03352  	0.10496  	-0.1317  	-0.3230  	-0.3603  	-0.1987  	0.03487  	0.15316  	-0.0822  	-0.1107  	0.11853  	0.10153  	0.10710  	0.06925  	-0.3692  	0.14679  	0.55096  	0.07099  	0.04108  	0.40366  	0.05941  	-0.0540  	0.01146  	0.03386  	-0.0061  	-0.0258  	-0.0345  	-0.0120  	-0.0389  	0.02934  	-0.0047  	-0.0444  	0.00508  	-0.0203  	-0.0284  	-0.0078  	-0.0158  	-0.0459  	0.04021  	-0.0122  	0.11951  	-0.3634  	0.04362  	0.02647  	0.01211  	0.40077  	0.51056  	268.426  	212.431  	
-0.4654  	-0.4738  	-0.4618  	-0.4947  	0.31434  	-0.6192  	-0.5843  	-0.1673  	0.19632  	-0.4909  	-0.3429  	0.69340  	0.01686  	-0.4893  	-0.9970  	0.02020  	-0.0258  	0.11768  	0.43400  	0.40871  	-0.1123  	-0.0154  	-0.1045  	0.41717  	-0.0361  	0.10907  	-0.1329  	-0.2965  	-0.4179  	-0.1917  	0.05459  	0.14427  	-0.0613  	-0.0990  	0.24284  	0.04195  	0.13570  	0.06377  	-0.3890  	0.13501  	0.49432  	0.08591  	0.01115  	0.38063  	0.06050  	-0.0631  	0.01088  	0.01666  	-0.0089  	-0.0226  	-0.0249  	-0.0130  	-0.0392  	0.02737  	0.00272  	-0.0295  	-0.0013  	-0.0238  	-0.0348  	-0.0021  	-0.0146  	-0.0358  	0.03779  	-0.0106  	0.11951  	-0.3634  	0.04362  	0.02647  	0.01211  	0.40077  	0.51056  	268.426  	212.431  	
-0.4520  	-0.4246  	-0.4199  	-0.4199  	0.33816  	-0.6473  	-0.6062  	-0.0906  	0.22170  	-0.4865  	-0.3482  	0.81500  	0.04758  	-0.3862  	-0.9079  	-0.0288  	-0.0486  	0.10996  	0.48529  	0.38724  	-0.0472  	0.00434  	-0.0900  	0.39091  	-0.0809  	0.10267  	-0.1272  	-0.2912  	-0.4304  	-0.2080  	0.05513  	0.13110  	-0.0337  	-0.1017  	0.23324  	0.01662  	0.17728  	0.06652  	-0.3737  	0.10513  	0.51140  	0.09432  	0.02080  	0.37817  	0.06598  	-0.0472  	0.00610  	0.02613  	-0.0224  	-0.0226  	-0.0382  	-0.0097  	-0.0489  	0.02411  	-0.0056  	-0.0267  	-0.0014  	-0.0187  	-0.0298  	-0.0069  	-0.0145  	-0.0452  	0.03276  	-0.0175  	0.11951  	-0.3634  	0.04362  	0.02647  	0.01211  	0.40077  	0.51056  	268.426  	212.431  	
-0.2737  	-0.4104  	-0.2921  	-0.6119  	0.16546  	-0.6154  	-0.6319  	-0.0788  	0.18580  	-0.4016  	-0.3954  	0.66355  	0.01877  	-0.4666  	-1.0162  	-0.0158  	0.00347  	0.12888  	0.49436  	0.30065  	-0.1098  	0.03523  	-0.0313  	0.38095  	0.03702  	0.08855  	-0.1255  	-0.3986  	-0.4041  	-0.2113  	0.07827  	0.13770  	-0.0714  	-0.1243  	0.13358  	0.06463  	0.17703  	0.09555  	-0.3675  	0.11355  	0.54926  	0.05897  	0.03874  	0.40778  	0.05713  	-0.0484  	0.00814  	0.01771  	-0.0085  	-0.0403  	-0.0408  	-0.0100  	-0.0406  	0.02182  	-0.0004  	-0.0430  	-0.0014  	-0.0170  	-0.0280  	-0.0057  	-0.0183  	-0.0510  	0.04370  	-0.0151  	0.11951  	-0.3634  	0.04362  	0.02647  	0.01211  	0.40077  	0.51056  	268.426  	212.431  	
-0.2258  	-0.3694  	-0.1873  	-0.6094  	0.09001  	-0.4593  	-0.5873  	-0.1108  	0.23929  	-0.4340  	-0.5134  	0.59407  	-0.0265  	-0.5544  	-1.0741  	0.00485  	-0.0110  	0.15353  	0.50832  	0.31114  	-0.1394  	0.07226  	0.01505  	0.31064  	0.00626  	0.09630  	-0.1327  	-0.3312  	-0.3574  	-0.2084  	0.05636  	0.15870  	-0.0916  	-0.1168  	0.04787  	0.06636  	0.17769  	0.10125  	-0.3753  	0.12035  	0.61901  	0.02951  	0.11575  	0.43809  	0.05941  	-0.0623  	0.00804  	0.04330  	-0.0008  	-0.0256  	-0.0425  	-0.0174  	-0.0333  	0.03153  	-0.0033  	-0.0422  	0.00247  	-0.0186  	-0.0399  	0.00067  	-0.0165  	-0.0422  	0.04616  	-0.0071  	0.11951  	-0.3634  	0.04362  	0.02647  	0.01211  	0.40077  	0.51056  	268.426  	212.431  	
-0.1749  	-0.3294  	-0.1904  	-0.5891  	0.15082  	-0.4569  	-0.6313  	-0.1649  	0.22880  	-0.4926  	-0.4844  	0.61667  	-0.0713  	-0.6677  	-1.1083  	0.08450  	-0.0140  	0.11943  	0.52669  	0.30891  	-0.0971  	0.02533  	-0.0232  	0.34073  	0.00263  	0.08174  	-0.0562  	-0.3823  	-0.4149  	-0.2043  	0.03026  	0.19167  	-0.0923  	-0.1175  	0.10419  	0.08741  	0.21338  	0.10160  	-0.4116  	0.11744  	0.61717  	0.04418  	0.09110  	0.43923  	0.04799  	-0.0596  	0.01609  	0.03350  	-0.0040  	-0.0299  	-0.0314  	-0.0114  	-0.0306  	0.03387  	-0.0028  	-0.0372  	-0.0001  	-0.0122  	-0.0293  	-0.0065  	-0.0153  	-0.0462  	0.04078  	-0.0112  	0.11951  	-0.3634  	0.04362  	0.02647  	0.01211  	0.40077  	0.51056  	268.426  	212.431  	
-0.2458  	-0.4103  	-0.2709  	-0.5153  	0.16758  	-0.5103  	-0.6474  	-0.1864  	0.19518  	-0.4937  	-0.4470  	0.62761  	-0.0662  	-0.7069  	-1.0871  	0.10778  	-0.0073  	0.14459  	0.52852  	0.30899  	-0.1028  	0.01641  	-0.0362  	0.36184  	0.03244  	0.08089  	-0.0528  	-0.3668  	-0.4014  	-0.1843  	0.02152  	0.20037  	-0.1068  	-0.1200  	0.13606  	0.09509  	0.20687  	0.09433  	-0.4394  	0.11612  	0.56892  	0.06536  	0.05547  	0.41787  	0.05514  	-0.0507  	0.01285  	0.02915  	-0.0067  	-0.0346  	-0.0345  	-0.0096  	-0.0329  	0.03237  	-0.0003  	-0.0354  	0.00492  	-0.0206  	-0.0253  	-0.0101  	-0.0202  	-0.0582  	0.03454  	-0.0106  	0.11951  	-0.3634  	0.04362  	0.02647  	0.01211  	0.40077  	0.51056  	268.426  	212.431  	
-0.2357  	-0.3947  	-0.3426  	-0.1631  	0.43800  	-0.4594  	-0.6518  	-0.1379  	0.19175  	-0.5434  	-0.5140  	0.80844  	-0.0001  	-0.5216  	-0.8620  	0.11936  	-0.0509  	0.12291  	0.49716  	0.34894  	-0.1383  	0.00830  	-0.1295  	0.34176  	-0.0124  	0.07772  	-0.0888  	-0.2558  	-0.3541  	-0.1603  	0.02308  	0.18767  	-0.0901  	-0.1105  	0.20387  	0.07927  	0.11342  	0.06255  	-0.4027  	0.14450  	0.48979  	0.06620  	0.03072  	0.39980  	0.06934  	-0.0562  	0.01289  	0.00877  	-0.0093  	-0.0304  	-0.0145  	-0.0174  	-0.0405  	0.02961  	-0.0001  	-0.0342  	0.01003  	-0.0170  	-0.0279  	-0.0012  	-0.0197  	-0.0497  	0.04033  	-0.0155  	0.11951  	-0.3634  	0.04362  	0.02647  	0.01211  	0.40077  	0.51056  	268.426  	212.431  	
0.06805  	-0.3146  	-0.1892  	0.07015  	0.50413  	-0.2602  	-0.6259  	-0.0612  	0.23168  	-0.6256  	-0.7862  	0.80422  	0.08966  	-0.3142  	-0.6146  	0.11948  	-0.0293  	0.11492  	0.44825  	0.33958  	-0.1508  	0.06108  	-0.1508  	0.35019  	0.03794  	0.07129  	-0.1088  	-0.2333  	-0.3142  	-0.1203  	-0.0005  	0.17765  	-0.0949  	-0.1068  	0.23027  	0.07519  	0.10494  	0.06233  	-0.3816  	0.14687  	0.50023  	0.04149  	0.06213  	0.41505  	0.05612  	-0.0494  	0.01312  	0.03687  	-0.0018  	-0.0425  	-0.0254  	-0.0204  	-0.0393  	0.02296  	0.00364  	-0.0349  	0.01035  	-0.0197  	-0.0207  	-0.0044  	-0.0273  	-0.0513  	0.03277  	-0.0146  	0.11951  	-0.3634  	0.04362  	0.02647  	0.01211  	0.40077  	0.51056  	268.426  	212.431  	
0.22995  	-0.2332  	-0.0497  	0.09101  	0.49233  	-0.1153  	-0.6049  	0.02821  	0.27187  	-0.6647  	-0.8003  	0.77915  	0.12702  	-0.1898  	-0.4902  	0.14504  	-0.0167  	0.08366  	0.45809  	0.32652  	-0.0420  	0.05047  	-0.1437  	0.41735  	0.07527  	0.04506  	-0.0114  	-0.3630  	-0.4005  	-0.1470  	-0.0006  	0.19544  	-0.0359  	-0.1120  	0.27775  	-0.0068  	0.22302  	0.09777  	-0.3829  	0.14218  	0.49138  	0.05085  	0.06148  	0.40819  	0.05680  	-0.0509  	0.00791  	0.04025  	0.01174  	-0.0332  	-0.0254  	-0.0145  	-0.0360  	0.02355  	-0.0008  	-0.0251  	-7.3211  	-0.0211  	-0.0292  	-0.0049  	-0.0289  	-0.0406  	0.04105  	-0.0095  	0.11951  	-0.3634  	0.04362  	0.02647  	0.01211  	0.40077  	0.51056  	268.426  	212.431  	
0.41693  	-0.1887  	0.10410  	-0.0305  	0.36861  	-0.0774  	-0.5662  	0.06605  	0.30872  	-0.6470  	-0.5902  	0.72087  	0.08019  	-0.1862  	-0.5758  	0.24672  	-0.0212  	0.00052  	0.49033  	0.23918  	0.16855  	0.08410  	-0.0583  	0.50377  	0.02359  	0.02941  	0.09264  	-0.5856  	-0.6188  	-0.1908  	-0.0281  	0.24299  	-0.0541  	-0.1233  	0.37870  	-0.0388  	0.37087  	0.14045  	-0.4673  	0.08751  	0.46262  	0.06602  	0.05248  	0.41424  	0.05251  	-0.0487  	-0.0037  	0.04902  	0.01033  	-0.0210  	-0.0311  	-0.0127  	-0.0313  	0.02742  	0.00277  	-0.0123  	-0.0020  	-0.0209  	-0.0330  	0.00247  	-0.0219  	-0.0419  	0.04299  	-0.0158  	0.11951  	-0.3634  	0.04362  	0.02647  	0.01211  	0.40077  	0.51056  	268.426  	212.431  	
0.47295  	-0.1950  	0.20126  	-0.1368  	0.26642  	-0.1432  	-0.5784  	0.13792  	0.34882  	-0.6019  	-0.4424  	0.78902  	0.04816  	-0.2420  	-0.7997  	0.37954  	-0.0595  	0.05323  	0.51565  	0.26314  	0.20132  	0.04279  	-0.0586  	0.41786  	-0.0017  	0.02122  	0.03181  	-0.6285  	-0.6575  	-0.2012  	-0.0185  	0.25273  	-0.0418  	-0.1270  	0.33614  	-0.0568  	0.39817  	0.16888  	-0.4454  	0.06080  	0.48107  	0.06090  	0.09812  	0.42470  	0.04789  	-0.0465  	-0.0047  	0.06297  	0.01482  	-0.0409  	-0.0462  	-0.0109  	-0.0331  	0.03026  	-0.0017  	-0.0174  	-0.0098  	-0.0200  	-0.0372  	-0.0048  	-0.0238  	-0.0523  	0.04061  	-0.0199  	0.11951  	-0.3634  	0.04362  	0.02647  	0.01211  	0.40077  	0.51056  	268.426  	212.431  	
0.36064  	-0.2387  	0.14671  	-0.3631  	0.18656  	-0.2205  	-0.5499  	0.11472  	0.36953  	-0.4867  	-0.3944  	0.79809  	0.09191  	-0.1659  	-0.9559  	0.44431  	-0.0880  	0.04523  	0.52445  	0.34691  	0.21054  	0.01413  	-0.1413  	0.38746  	0.06457  	-0.0119  	0.03600  	-0.5562  	-0.5877  	-0.2337  	-0.0016  	0.25430  	-0.0134  	-0.1213  	0.29846  	-0.0188  	0.34383  	0.13707  	-0.4107  	0.11066  	0.50762  	0.05300  	0.08143  	0.42628  	0.04941  	-0.0474  	-0.0018  	0.06129  	0.01638  	-0.0336  	-0.0374  	-0.0118  	-0.0363  	0.03049  	-0.0066  	-0.0259  	0.00051  	-0.0227  	-0.0290  	0.00111  	-0.0205  	-0.0590  	0.04180  	-0.0153  	0.11951  	-0.3634  	0.04362  	0.02647  	0.01211  	0.40077  	0.51056  	268.426  	212.431  	
-0.0384  	-0.3308  	-0.1545  	-0.0347  	0.37643  	-0.3735  	-0.5947  	-0.0897  	0.22319  	-0.5089  	-0.3726  	0.88253  	0.07210  	-0.3244  	-0.9025  	0.23700  	-0.0998  	0.08840  	0.49064  	0.47359  	-0.0371  	0.05537  	-0.1804  	0.44481  	0.00577  	0.02304  	-0.0978  	-0.4157  	-0.5259  	-0.1762  	0.04522  	0.17617  	-0.0389  	-0.1196  	0.27538  	0.08538  	0.24488  	0.09714  	-0.4201  	0.07472  	0.53727  	0.07112  	0.02880  	0.40288  	0.05574  	-0.0423  	-0.0012  	0.03978  	-0.0144  	-0.0243  	-0.0400  	-0.0241  	-0.0221  	0.01971  	-0.0089  	-0.0310  	0.00808  	-0.0185  	-0.0201  	0.00433  	-0.0214  	-0.0558  	0.02702  	-0.0148  	0.11951  	-0.3634  	0.04362  	0.02647  	0.01211  	0.40077  	0.51056  	268.426  	212.431  	
-0.4596  	-0.4495  	-0.3624  	-0.4946  	0.29511  	-0.6280  	-0.5932  	-0.1272  	0.20180  	-0.4326  	-0.3148  	0.77425  	-0.0486  	-0.5339  	-1.0494  	-0.0462  	-0.0673  	0.12941  	0.46163  	0.34273  	-0.0533  	0.00773  	-0.0861  	0.40025  	-0.0734  	0.08538  	-0.0945  	-0.3579  	-0.4387  	-0.2407  	0.01792  	0.13735  	-0.0702  	-0.1090  	0.20083  	0.04763  	0.19167  	0.07732  	-0.4147  	0.09871  	0.51571  	0.08136  	0.02992  	0.38764  	0.06459  	-0.0534  	0.00756  	0.01236  	-0.0212  	-0.0268  	-0.0384  	-0.0155  	-0.0423  	0.02889  	-0.0058  	-0.0344  	0.00486  	-0.0180  	-0.0262  	-0.0035  	-0.0218  	-0.0534  	0.03340  	-0.0170  	0.11951  	-0.3634  	0.04362  	0.02647  	0.01211  	0.40077  	0.51056  	268.426  	212.431  	
-0.4294  	-0.4303  	-0.3268  	-0.7314  	0.10446  	-0.6874  	-0.6503  	-0.1058  	0.18024  	-0.3980  	-0.2788  	0.63068  	-0.0484  	-0.5502  	-1.1769  	-0.0600  	0.00439  	0.09752  	0.49531  	0.31525  	-0.0641  	0.04142  	-0.0204  	0.39974  	-0.0050  	0.08028  	-0.0815  	-0.4106  	-0.4274  	-0.2316  	0.04445  	0.15788  	-0.0856  	-0.1322  	0.15690  	0.07572  	0.21712  	0.09352  	-0.3920  	0.09909  	0.53775  	0.07986  	0.03348  	0.39279  	0.05521  	-0.0511  	0.01351  	0.02188  	-0.0163  	-0.0277  	-0.0457  	-0.0132  	-0.0413  	0.02512  	0.00107  	-0.0413  	0.00089  	-0.0149  	-0.0268  	-0.0077  	-0.0149  	-0.0462  	0.04203  	-0.0127  	0.11951  	-0.3634  	0.04362  	0.02647  	0.01211  	0.40077  	0.51056  	268.426  	212.431  	
-0.3019  	-0.4362  	-0.2907  	-0.6423  	0.15493  	-0.5975  	-0.6525  	-0.0927  	0.21744  	-0.4273  	-0.3702  	0.67130  	-0.0121  	-0.5310  	-1.0606  	-0.0220  	0.00378  	0.12264  	0.48933  	0.30093  	-0.0974  	0.02627  	-0.0184  	0.40312  	0.00221  	0.08997  	-0.0819  	-0.3701  	-0.4284  	-0.2068  	0.07737  	0.16010  	-0.0876  	-0.1322  	0.13024  	0.05410  	0.17343  	0.08063  	-0.3915  	0.12793  	0.54454  	0.06685  	0.05396  	0.40187  	0.04835  	-0.0537  	0.01093  	0.02627  	-0.0079  	-0.0308  	-0.0401  	-0.0146  	-0.0462  	0.02537  	-0.0015  	-0.0420  	-0.0034  	-0.0243  	-0.0340  	-0.0028  	-0.0227  	-0.0451  	0.04226  	-0.0113  	0.11951  	-0.3634  	0.04362  	0.02647  	0.01211  	0.40077  	0.51056  	268.426  	212.431  	
-0.1407  	-0.2896  	-0.2651  	-0.4017  	0.21654  	-0.4712  	-0.6504  	-0.0042  	0.25329  	-0.4884  	-0.5690  	0.73537  	0.07125  	-0.3153  	-0.7594  	-0.0356  	-0.0392  	0.11518  	0.47830  	0.35214  	-0.0333  	0.09944  	-0.0085  	0.40995  	0.01204  	0.07319  	-0.0408  	-0.3518  	-0.4499  	-0.1919  	0.03729  	0.14210  	-0.0760  	-0.0986  	0.16356  	0.01579  	0.20422  	0.07359  	-0.4154  	0.16110  	0.55198  	0.04137  	0.06111  	0.41820  	0.04645  	-0.0652  	0.00558  	0.02699  	-0.0059  	-0.0264  	-0.0331  	-0.0184  	-0.0404  	0.04130  	-0.0168  	-0.0267  	-0.0034  	-0.0338  	-0.0306  	-0.0021  	-0.0094  	-0.0332  	0.02556  	-0.0253  	0.11951  	-0.3634  	0.04362  	0.02647  	0.01211  	0.40077  	0.51056  	268.426  	212.431  	
0.05986  	-0.2550  	-0.1238  	-0.1801  	0.32456  	-0.2531  	-0.6198  	0.03456  	0.30933  	-0.5719  	-0.8017  	0.76930  	0.13883  	-0.2367  	-0.6941  	0.11275  	-0.0479  	0.13966  	0.47048  	0.31029  	-0.1009  	0.09218  	-0.0325  	0.33845  	-0.0506  	0.08751  	-0.1510  	-0.3386  	-0.3932  	-0.2052  	0.03589  	0.13945  	-0.0366  	-0.1029  	0.13354  	-0.0116  	0.17848  	0.08825  	-0.3819  	0.17100  	0.57709  	0.02985  	0.09307  	0.43161  	0.02787  	-0.0455  	0.01976  	0.06112  	0.00405  	-0.0220  	-0.0297  	-0.0166  	-0.0468  	0.02965  	-0.0032  	-0.0243  	-0.0124  	-0.0299  	-0.0242  	-0.0081  	-0.0112  	-0.0381  	0.02833  	-0.0170  	0.11951  	-0.3634  	0.04362  	0.02647  	0.01211  	0.40077  	0.51056  	268.426  	212.431  	
0.22511  	-0.2103  	-0.0330  	-0.0282  	0.40267  	-0.1806  	-0.6227  	0.01559  	0.28008  	-0.6162  	-0.7136  	0.77506  	0.11909  	-0.2307  	-0.6112  	0.15694  	-0.0177  	0.09056  	0.47090  	0.29192  	-0.0234  	0.05654  	-0.0841  	0.35073  	-0.0456  	0.07403  	-0.1199  	-0.3938  	-0.4569  	-0.1843  	0.03995  	0.17953  	-0.0386  	-0.1119  	0.21475  	-0.0211  	0.22649  	0.10665  	-0.3887  	0.12234  	0.52418  	0.03576  	0.09670  	0.40922  	0.04819  	-0.0465  	0.01523  	0.04769  	0.00222  	-0.0283  	-0.0267  	-0.0145  	-0.0368  	0.01902  	-0.0035  	-0.0275  	-0.0027  	-0.0253  	-0.0342  	-0.0126  	-0.0254  	-0.0375  	0.03416  	-0.0101  	0.11951  	-0.3634  	0.04362  	0.02647  	0.01211  	0.40077  	0.51056  	268.426  	212.431  	
0.34913  	-0.1941  	0.05267  	-0.0295  	0.38369  	-0.1210  	-0.6055  	0.05629  	0.31423  	-0.6521  	-0.6876  	0.75424  	0.11929  	-0.2217  	-0.5446  	0.19838  	-0.0238  	0.05549  	0.47165  	0.28414  	0.08478  	0.06790  	-0.0754  	0.39135  	-0.0215  	0.05828  	-0.0484  	-0.4890  	-0.4970  	-0.1891  	0.02221  	0.20620  	-0.0296  	-0.1190  	0.27368  	-0.0391  	0.29628  	0.13233  	-0.4223  	0.08788  	0.51802  	0.04898  	0.07396  	0.40637  	0.05128  	-0.0484  	0.00985  	0.04474  	0.00504  	-0.0344  	-0.0389  	-0.0131  	-0.0324  	0.02311  	-0.0038  	-0.0201  	-0.0017  	-0.0193  	-0.0326  	-0.0046  	-0.0211  	-0.0408  	0.03675  	-0.0090  	0.11951  	-0.3634  	0.04362  	0.02647  	0.01211  	0.40077  	0.51056  	268.426  	212.431  	
0.41088  	-0.1699  	0.10899  	-0.0594  	0.33565  	-0.0804  	-0.5883  	0.11501  	0.32637  	-0.6828  	-0.6081  	0.72333  	0.07917  	-0.1901  	-0.5426  	0.24292  	-0.0255  	-0.0167  	0.48951  	0.21763  	0.17795  	0.08555  	-0.0092  	0.44884  	-0.0135  	0.05357  	0.05969  	-0.6284  	-0.6001  	-0.2091  	0.00425  	0.23348  	-0.0399  	-0.1203  	0.33336  	-0.0616  	0.38375  	0.16628  	-0.4663  	0.05775  	0.48225  	0.05642  	0.07809  	0.42145  	0.04566  	-0.0512  	0.00704  	0.05666  	0.01067  	-0.0293  	-0.0498  	-0.0108  	-0.0338  	0.03405  	0.00245  	-0.0172  	-0.0065  	-0.0217  	-0.0363  	-0.0006  	-0.0175  	-0.0424  	0.03769  	-0.0118  	0.11951  	-0.3634  	0.04362  	0.02647  	0.01211  	0.40077  	0.51056  	268.426  	212.431  	
