0.62569  	-0.0156  	-0.0796  	-0.7332  	-0.3648  	-0.9322  	0.04286  	0.66320  	0.33076  	0.13353  	0.75684  	-0.9798  	0.12844  	-0.9403  	-0.6700  	0.47428  	-0.3481  	-0.2828  	-0.0977  	0.59900  	0.80497  	-0.1277  	-0.8803  	0.30547  	0.20516  	-0.3563  	0.40109  	0.00854  	-0.6297  	0.27741  	0.06898  	0.53781  	-0.0030  	-0.0209  	0.59802  	-0.0508  	0.22797  	-0.2165  	-0.4714  	0.77604  	0.01565  	0.17359  	-0.2170  	0.19306  	0.07790  	-0.0596  	0.09423  	-0.1890  	-0.0958  	-0.0240  	-0.0257  	0.02705  	-0.0649  	0.00670  	-0.0122  	-0.0612  	-0.0221  	0.00078  	-0.0299  	0.01434  	0.03756  	0.00021  	-0.0426  	0.02878  	-0.0001  	-0.0500  	0.12569  	0.01415  	-0.0314  	0.44382  	
0.46963  	-0.0473  	-0.1686  	-0.8141  	-0.3370  	-1.0499  	0.04071  	0.55602  	0.27711  	0.19979  	0.74838  	-0.9847  	0.12244  	-1.0669  	-0.8498  	0.42970  	-0.3887  	-0.1747  	-0.1151  	0.70960  	0.67052  	-0.1814  	-1.0002  	0.21701  	0.22803  	-0.3487  	0.28168  	0.23942  	-0.4628  	0.26373  	0.07462  	0.49987  	0.00675  	-0.0143  	0.51751  	0.02346  	0.09811  	-0.2658  	-0.4196  	0.83481  	0.07103  	0.18474  	-0.2171  	0.18133  	0.07914  	-0.0620  	0.10097  	-0.1891  	-0.1060  	-0.0242  	-0.0143  	0.02489  	-0.0679  	-0.0014  	-0.0119  	-0.0670  	-0.0088  	0.00244  	-0.0254  	0.00828  	0.03690  	-0.0072  	-0.0409  	0.03247  	-0.0001  	-0.0500  	0.12569  	0.01415  	-0.0314  	0.44382  	
0.10312  	-0.1980  	-0.4184  	-1.0611  	-0.4068  	-1.3224  	0.02303  	0.35209  	0.20806  	0.33672  	0.76145  	-0.9940  	0.09375  	-1.2257  	-1.1044  	0.33549  	-0.3696  	-0.1234  	-0.1157  	0.79209  	0.35353  	-0.1784  	-1.0349  	0.11029  	0.20693  	-0.2870  	0.12272  	0.43776  	-0.3059  	0.25651  	0.12065  	0.46214  	-0.0142  	-0.0116  	0.33243  	0.14872  	-0.0870  	-0.3115  	-0.3507  	0.85993  	0.14887  	0.16718  	-0.2061  	0.19928  	0.07024  	-0.0674  	0.10600  	-0.1866  	-0.1052  	-0.0264  	-0.0167  	0.02478  	-0.0748  	-0.0048  	-0.0094  	-0.0770  	-0.0116  	-0.0027  	-0.0259  	0.00773  	0.04162  	0.00171  	-0.0393  	0.03208  	-0.0001  	-0.0500  	0.12569  	0.01415  	-0.0314  	0.44382  	
-0.1234  	-0.3133  	-0.5458  	-1.2595  	-0.4384  	-1.4343  	0.04489  	0.31614  	0.16070  	0.38011  	0.82639  	-1.1045  	0.01891  	-1.3878  	-1.2664  	0.26116  	-0.3571  	-0.0903  	-0.1118  	0.79604  	0.34960  	-0.2128  	-1.0413  	0.07911  	0.25414  	-0.2858  	0.08915  	0.47284  	-0.2413  	0.26096  	0.11158  	0.45512  	-0.0560  	-0.0127  	0.30364  	0.18179  	-0.1079  	-0.3242  	-0.3391  	0.82862  	0.14927  	0.15773  	-0.2020  	0.20485  	0.09386  	-0.0688  	0.09876  	-0.1976  	-0.1070  	-0.0301  	-0.0195  	0.02321  	-0.0673  	-0.0068  	-0.0041  	-0.0787  	-0.0039  	0.00227  	-0.0253  	0.00570  	0.03960  	-0.0054  	-0.0366  	0.03113  	-0.0001  	-0.0500  	0.12569  	0.01415  	-0.0314  	0.44382  	
-0.0885  	-0.2842  	-0.4690  	-1.1578  	-0.4433  	-1.3350  	0.05137  	0.34697  	0.16723  	0.29587  	0.75272  	-1.1595  	0.02337  	-1.3279  	-1.0978  	0.29711  	-0.3407  	-0.1269  	-0.1030  	0.74182  	0.37502  	-0.1966  	-1.0072  	0.19470  	0.29387  	-0.2977  	0.21704  	0.41393  	-0.2455  	0.28265  	0.11428  	0.46955  	-0.0578  	-0.0109  	0.33944  	0.16349  	-0.0980  	-0.3283  	-0.3571  	0.86812  	0.12843  	0.16534  	-0.2142  	0.20534  	0.09114  	-0.0702  	0.09792  	-0.2107  	-0.1153  	-0.0320  	-0.0115  	0.02472  	-0.0737  	-0.0008  	-0.0037  	-0.0777  	-0.0046  	-0.0016  	-0.0248  	0.00938  	0.03551  	-0.0015  	-0.0387  	0.03673  	-0.0001  	-0.0500  	0.12569  	0.01415  	-0.0314  	0.44382  	
0.20106  	-0.2178  	-0.3111  	-0.9636  	-0.3753  	-1.1706  	0.05729  	0.40394  	0.21586  	0.25992  	0.59233  	-1.0639  	0.07745  	-1.3333  	-1.0159  	0.38694  	-0.3467  	-0.1101  	-0.0973  	0.75902  	0.34032  	-0.1863  	-1.0342  	0.14227  	0.28937  	-0.3143  	0.19934  	0.43947  	-0.2720  	0.27596  	0.09324  	0.49166  	-0.0338  	-0.0084  	0.36144  	0.15576  	-0.0811  	-0.3205  	-0.3481  	0.89246  	0.14311  	0.15231  	-0.2085  	0.21575  	0.08322  	-0.0664  	0.09683  	-0.1849  	-0.0999  	-0.0259  	-0.0002  	0.02184  	-0.0691  	-0.0078  	-0.0036  	-0.0793  	-0.0056  	-0.0024  	-0.0298  	0.00754  	0.03348  	-0.0061  	-0.0354  	0.03758  	-0.0001  	-0.0500  	0.12569  	0.01415  	-0.0314  	0.44382  	
0.29021  	-0.1888  	-0.2704  	-0.9187  	-0.3396  	-1.1870  	0.07526  	0.39525  	0.20256  	0.35176  	0.67428  	-1.0238  	0.07219  	-1.3343  	-1.1285  	0.44450  	-0.4065  	-0.0767  	-0.1054  	0.82244  	0.29616  	-0.1771  	-1.0941  	0.11258  	0.26987  	-0.3263  	0.14232  	0.46230  	-0.2425  	0.28947  	0.07282  	0.49203  	-0.0443  	-0.0031  	0.39007  	0.21064  	-0.1045  	-0.3357  	-0.3354  	0.89828  	0.12165  	0.18286  	-0.2038  	0.20545  	0.08413  	-0.0689  	0.09806  	-0.1795  	-0.0895  	-0.0242  	0.00028  	0.01902  	-0.0643  	-0.0037  	-4.6894  	-0.0793  	0.00083  	0.00038  	-0.0295  	0.00629  	0.02904  	0.00117  	-0.0367  	0.03678  	-0.0001  	-0.0500  	0.12569  	0.01415  	-0.0314  	0.44382  	
0.15218  	-0.1848  	-0.3399  	-1.0228  	-0.4044  	-1.2183  	0.05630  	0.38105  	0.18276  	0.38085  	0.72256  	-1.1039  	0.03207  	-1.3281  	-1.2163  	0.40045  	-0.4130  	-0.0710  	-0.1011  	0.80585  	0.36631  	-0.1814  	-1.0807  	0.12962  	0.33545  	-0.3303  	0.19393  	0.43997  	-0.2353  	0.29199  	0.07137  	0.48808  	-0.0568  	-0.0153  	0.35523  	0.21916  	-0.0695  	-0.3319  	-0.3527  	0.88433  	0.10941  	0.17639  	-0.2120  	0.20808  	0.08976  	-0.0637  	0.09116  	-0.1900  	-0.0928  	-0.0294  	-0.0007  	0.01866  	-0.0613  	0.00163  	0.00130  	-0.0794  	-0.0020  	0.00134  	-0.0212  	0.01381  	0.03181  	-0.0090  	-0.0326  	0.03384  	-0.0001  	-0.0500  	0.12569  	0.01415  	-0.0314  	0.44382  	
-0.0234  	-0.2545  	-0.4508  	-1.1109  	-0.4444  	-1.3040  	0.03565  	0.34032  	0.16648  	0.29802  	0.71978  	-1.1465  	0.03346  	-1.4078  	-1.1077  	0.30652  	-0.3586  	-0.1258  	-0.0799  	0.77406  	0.41232  	-0.1912  	-1.0365  	0.20391  	0.36510  	-0.3333  	0.26070  	0.40040  	-0.3001  	0.30067  	0.07814  	0.49831  	-0.0846  	-0.0083  	0.39407  	0.19819  	-0.0226  	-0.3135  	-0.4073  	0.84941  	0.09482  	0.17764  	-0.2344  	0.19014  	0.09181  	-0.0688  	0.09921  	-0.2259  	-0.1013  	-0.0261  	-0.0002  	0.02208  	-0.0626  	0.00650  	-0.0044  	-0.0752  	-0.0015  	0.00191  	-0.0122  	0.00841  	0.02893  	-0.0096  	-0.0368  	0.03044  	-0.0001  	-0.0500  	0.12569  	0.01415  	-0.0314  	0.44382  	
-0.0122  	-0.2540  	-0.5049  	-0.9565  	-0.3374  	-1.2761  	-0.0126  	0.40246  	0.16851  	0.29000  	0.70101  	-1.0554  	0.02677  	-1.3150  	-0.9677  	0.28567  	-0.3664  	-0.1522  	-0.0905  	0.75574  	0.45062  	-0.1955  	-1.0103  	0.20370  	0.31368  	-0.3205  	0.26988  	0.34227  	-0.3085  	0.32054  	0.07584  	0.49159  	-0.0698  	-0.0213  	0.39776  	0.14932  	-0.0338  	-0.3230  	-0.3845  	0.87108  	0.05480  	0.17926  	-0.2573  	0.19156  	0.10229  	-0.0615  	0.09947  	-0.2143  	-0.1070  	-0.0254  	-0.0076  	0.02203  	-0.0675  	-0.0018  	-0.0091  	-0.0818  	-0.0018  	0.00272  	-0.0194  	0.00744  	0.03189  	-0.0138  	-0.0430  	0.03109  	-0.0001  	-0.0500  	0.12569  	0.01415  	-0.0314  	0.44382  	
0.17815  	-0.1845  	-0.3561  	-0.8499  	-0.2858  	-1.1367  	0.01745  	0.47337  	0.22907  	0.24705  	0.58619  	-0.9360  	0.10442  	-1.1648  	-0.8733  	0.28706  	-0.3675  	-0.1486  	-0.1246  	0.75791  	0.42868  	-0.1466  	-0.9913  	0.18269  	0.26457  	-0.3060  	0.20052  	0.39394  	-0.2551  	0.30825  	0.08986  	0.45579  	-0.0246  	-0.0009  	0.37491  	0.09495  	-0.0723  	-0.3380  	-0.3590  	0.88294  	0.08665  	0.16997  	-0.2222  	0.20819  	0.09266  	-0.0648  	0.10486  	-0.1934  	-0.1063  	-0.0305  	-0.0140  	0.01929  	-0.0731  	-0.0054  	-0.0155  	-0.0818  	-0.0029  	0.00136  	-0.0294  	0.00486  	0.03166  	-0.0101  	-0.0434  	0.03059  	-0.0001  	-0.0500  	0.12569  	0.01415  	-0.0314  	0.44382  	
0.55313  	-0.0429  	-0.1519  	-0.6689  	-0.2192  	-0.9773  	0.03490  	0.57033  	0.27252  	0.23778  	0.47706  	-0.9857  	0.19665  	-0.9051  	-0.6591  	0.38785  	-0.3730  	-0.2171  	-0.0951  	0.69683  	0.59487  	-0.0890  	-0.9997  	0.23685  	0.32466  	-0.3453  	0.29254  	0.24526  	-0.3792  	0.32043  	0.07076  	0.50109  	-0.0015  	-0.0122  	0.50670  	0.04553  	0.01823  	-0.3000  	-0.3590  	0.87598  	0.04264  	0.18192  	-0.2068  	0.20620  	0.06902  	-0.0605  	0.09990  	-0.1767  	-0.0978  	-0.0312  	-0.0059  	0.02515  	-0.0706  	0.00267  	-0.0126  	-0.0656  	-0.0189  	-0.0063  	-0.0273  	0.01692  	0.03465  	-0.0048  	-0.0444  	0.02406  	-0.0001  	-0.0500  	0.12569  	0.01415  	-0.0314  	0.44382  	
0.52879  	-0.0729  	-0.2401  	-0.5093  	-0.1350  	-0.9827  	0.10801  	0.54694  	0.24732  	0.23637  	0.34844  	-1.0853  	0.25796  	-0.7764  	-0.5587  	0.27566  	-0.3746  	-0.2172  	-0.1051  	0.68126  	0.50590  	-0.0693  	-1.0444  	0.26885  	0.47035  	-0.3586  	0.40972  	0.22378  	-0.2857  	0.39580  	0.04465  	0.48417  	-0.0352  	-0.0014  	0.50118  	0.04429  	-0.0264  	-0.3301  	-0.3536  	0.90498  	0.00226  	0.20993  	-0.2250  	0.20420  	0.07652  	-0.0627  	0.09640  	-0.1624  	-0.0821  	-0.0352  	-0.0107  	0.01787  	-0.0793  	-0.0019  	-0.0111  	-0.0662  	-0.0162  	-0.0067  	-0.0260  	0.01159  	0.02984  	-0.0088  	-0.0569  	0.01987  	-0.0001  	-0.0500  	0.12569  	0.01415  	-0.0314  	0.44382  	
0.45370  	-0.1105  	-0.4468  	-0.1722  	0.10929  	-1.1257  	0.10928  	0.54049  	0.22580  	0.19337  	0.34457  	-0.9721  	0.28853  	-0.6608  	-0.3989  	0.23619  	-0.3924  	-0.2557  	-0.1621  	0.77097  	0.43031  	-0.0551  	-1.2097  	0.27749  	0.55129  	-0.3750  	0.41220  	0.34419  	-0.2198  	0.44114  	0.01044  	0.45347  	-0.0321  	0.00931  	0.56504  	0.05655  	-0.0897  	-0.3744  	-0.3429  	0.94256  	-0.0897  	0.23678  	-0.2641  	0.17831  	0.09414  	-0.0600  	0.09700  	-0.1769  	-0.0923  	-0.0231  	0.00740  	0.01810  	-0.0853  	-0.0080  	-0.0155  	-0.0540  	-0.0028  	-0.0171  	-0.0271  	0.00734  	0.02710  	0.00139  	-0.0536  	0.01358  	-0.0001  	-0.0500  	0.12569  	0.01415  	-0.0314  	0.44382  	
0.26256  	-0.1621  	-0.5592  	-0.2154  	0.17170  	-1.2706  	0.10688  	0.54186  	0.21479  	0.21755  	0.37100  	-0.8734  	0.29050  	-0.7638  	-0.5225  	0.34044  	-0.4388  	-0.1792  	-0.1794  	0.82834  	0.36967  	-0.1262  	-1.2653  	0.26246  	0.43786  	-0.3644  	0.32589  	0.48650  	-0.2267  	0.40537  	0.02381  	0.45955  	0.01235  	0.03421  	0.60778  	0.08499  	-0.1403  	-0.3938  	-0.3335  	0.95588  	-0.1109  	0.24381  	-0.3085  	0.16772  	0.10065  	-0.0634  	0.09866  	-0.2004  	-0.0933  	-0.0267  	0.00706  	0.02394  	-0.0800  	0.00372  	-0.0123  	-0.0646  	0.00363  	-0.0052  	-0.0168  	0.00611  	0.03527  	0.00253  	-0.0524  	0.02260  	-0.0001  	-0.0500  	0.12569  	0.01415  	-0.0314  	0.44382  	
0.21019  	-0.2106  	-0.5325  	-0.3846  	0.07921  	-1.1902  	0.08299  	0.45312  	0.21575  	0.23786  	0.45191  	-0.8337  	0.26729  	-0.9049  	-0.6554  	0.39487  	-0.4751  	-0.1105  	-0.1964  	0.89195  	0.31946  	-0.1667  	-1.2817  	0.23733  	0.35637  	-0.3335  	0.18998  	0.56020  	-0.2021  	0.41075  	0.04552  	0.47550  	-0.0023  	0.04106  	0.56074  	0.08062  	-0.1700  	-0.3832  	-0.3226  	0.90502  	-0.0399  	0.23043  	-0.2857  	0.17441  	0.10311  	-0.0668  	0.08814  	-0.1961  	-0.0947  	-0.0250  	-0.0009  	0.01614  	-0.0762  	0.00631  	-0.0146  	-0.0690  	-0.0006  	1.65080  	-0.0229  	0.00488  	0.03144  	-0.0139  	-0.0534  	0.02367  	-0.0001  	-0.0500  	0.12569  	0.01415  	-0.0314  	0.44382  	
0.28269  	-0.1792  	-0.4372  	-0.5521  	-0.0580  	-1.1057  	0.06999  	0.46481  	0.22870  	0.26461  	0.41143  	-0.8954  	0.19490  	-0.9957  	-0.6691  	0.37388  	-0.4320  	-0.0932  	-0.1110  	0.79915  	0.35402  	-0.1389  	-1.1428  	0.19856  	0.37773  	-0.3420  	0.19233  	0.47838  	-0.1693  	0.37787  	0.03217  	0.45252  	-0.0259  	0.01059  	0.44052  	0.08309  	-0.1558  	-0.3697  	-0.3305  	0.92421  	-0.0056  	0.19948  	-0.2528  	0.20269  	0.09655  	-0.0587  	0.08686  	-0.1930  	-0.0949  	-0.0405  	-0.0153  	0.01610  	-0.0779  	-0.0021  	-0.0144  	-0.0752  	-0.0072  	0.00132  	-0.0173  	0.00738  	0.02423  	-0.0221  	-0.0559  	0.01792  	-0.0001  	-0.0500  	0.12569  	0.01415  	-0.0314  	0.44382  	
0.39757  	-0.1114  	-0.3486  	-0.4800  	-0.0774  	-1.0071  	0.06823  	0.48681  	0.24543  	0.20696  	0.36321  	-0.9661  	0.18020  	-1.0382  	-0.6250  	0.37156  	-0.3955  	-0.1253  	-0.1073  	0.76426  	0.39205  	-0.1232  	-1.0947  	0.18278  	0.39027  	-0.3414  	0.24196  	0.43823  	-0.1951  	0.37589  	0.03242  	0.46028  	-0.0323  	0.01300  	0.42013  	0.07354  	-0.1200  	-0.3542  	-0.3097  	0.92196  	0.02894  	0.18830  	-0.2176  	0.19221  	0.09290  	-0.0577  	0.08379  	-0.1801  	-0.1000  	-0.0325  	-0.0072  	0.02080  	-0.0699  	-0.0047  	-0.0125  	-0.0750  	-0.0035  	0.00332  	-0.0191  	0.00548  	0.02757  	-0.0131  	-0.0513  	0.02432  	-0.0001  	-0.0500  	0.12569  	0.01415  	-0.0314  	0.44382  	
0.34571  	-0.1304  	-0.3712  	-0.4905  	-0.1017  	-1.0170  	0.05351  	0.46151  	0.22238  	0.19223  	0.40230  	-0.9081  	0.16822  	-1.0537  	-0.6584  	0.35944  	-0.3859  	-0.1362  	-0.0898  	0.73877  	0.42185  	-0.1341  	-1.0700  	0.17964  	0.36748  	-0.3490  	0.26892  	0.41239  	-0.2298  	0.37552  	0.03764  	0.47244  	-0.0294  	0.01330  	0.43939  	0.08701  	-0.0764  	-0.3405  	-0.3246  	0.89177  	0.00332  	0.18491  	-0.2363  	0.20172  	0.09663  	-0.0568  	0.08670  	-0.1883  	-0.0985  	-0.0292  	-0.0095  	0.01660  	-0.0668  	-0.0027  	-0.0108  	-0.0722  	-0.0056  	0.00418  	-0.0196  	0.01125  	0.02965  	-0.0172  	-0.0472  	0.02912  	-0.0001  	-0.0500  	0.12569  	0.01415  	-0.0314  	0.44382  	
0.36962  	-0.1278  	-0.3538  	-0.5461  	-0.1594  	-1.0015  	0.03357  	0.45012  	0.22178  	0.15120  	0.38644  	-0.9787  	0.16558  	-1.0807  	-0.5632  	0.31299  	-0.3640  	-0.2089  	-0.1170  	0.73310  	0.47975  	-0.0982  	-1.0117  	0.24002  	0.34517  	-0.3353  	0.28163  	0.28778  	-0.3146  	0.36010  	0.05416  	0.48140  	-0.0406  	0.01129  	0.46209  	0.05418  	-0.0186  	-0.3125  	-0.3598  	0.89591  	0.01486  	0.18394  	-0.2281  	0.20941  	0.08379  	-0.0626  	0.09546  	-0.1867  	-0.1002  	-0.0313  	-0.0141  	0.02289  	-0.0706  	-0.0010  	-0.0094  	-0.0693  	-0.0081  	0.00199  	-0.0187  	0.01198  	0.03514  	-0.0128  	-0.0535  	0.02243  	-0.0001  	-0.0500  	0.12569  	0.01415  	-0.0314  	0.44382  	
0.47489  	-0.1219  	-0.2898  	-0.5728  	-0.1647  	-1.0129  	0.07262  	0.48085  	0.23970  	0.20414  	0.31886  	-1.0935  	0.21543  	-0.9788  	-0.5766  	0.31987  	-0.3667  	-0.1529  	-0.1113  	0.73270  	0.46364  	-0.1079  	-1.0522  	0.18213  	0.37533  	-0.3475  	0.28706  	0.31414  	-0.2378  	0.36680  	0.04330  	0.48371  	-0.0339  	0.02030  	0.47832  	0.09033  	-0.0582  	-0.3219  	-0.3323  	0.92217  	0.02390  	0.17790  	-0.2048  	0.21102  	0.08396  	-0.0620  	0.09312  	-0.1843  	-0.0940  	-0.0349  	0.00080  	0.01925  	-0.0720  	-0.0012  	-0.0040  	-0.0633  	-0.0125  	-0.0067  	-0.0268  	0.00934  	0.02899  	-0.0027  	-0.0488  	0.02510  	-0.0001  	-0.0500  	0.12569  	0.01415  	-0.0314  	0.44382  	
0.59682  	-0.1194  	-0.1933  	-0.7301  	-0.2513  	-1.0674  	0.11336  	0.50780  	0.25973  	0.29307  	0.53486  	-1.0478  	0.21551  	-1.0524  	-0.8691  	0.43132  	-0.4200  	-0.0906  	-0.0983  	0.79219  	0.48893  	-0.1653  	-1.1104  	0.15891  	0.36704  	-0.3684  	0.21037  	0.32211  	-0.2762  	0.32369  	0.04072  	0.49669  	-0.0052  	-0.0008  	0.45698  	0.12537  	-0.0461  	-0.3048  	-0.3495  	0.88653  	0.09619  	0.17946  	-0.1981  	0.19814  	0.07590  	-0.0666  	0.09678  	-0.1759  	-0.0869  	-0.0334  	-0.0071  	0.01794  	-0.0620  	0.00379  	-0.0062  	-0.0722  	-0.0095  	-0.0033  	-0.0193  	0.00675  	0.02981  	-0.0067  	-0.0330  	0.02353  	-0.0001  	-0.0500  	0.12569  	0.01415  	-0.0314  	0.44382  	
0.14957  	-0.1913  	-0.3451  	-0.9507  	-0.3359  	-1.1405  	0.07023  	0.41154  	0.19797  	0.26311  	0.63450  	-1.1180  	0.06340  	-1.2497  	-1.0082  	0.33534  	-0.3997  	-0.1473  	-0.0802  	0.74005  	0.48612  	-0.1513  	-1.0379  	0.19834  	0.38174  	-0.3464  	0.32191  	0.29935  	-0.3093  	0.30851  	0.06691  	0.49444  	-0.0471  	-0.0142  	0.45111  	0.14880  	0.00046  	-0.3047  	-0.3944  	0.90271  	0.06629  	0.16711  	-0.2247  	0.21016  	0.08305  	-0.0672  	0.09790  	-0.2054  	-0.1096  	-0.0373  	0.00064  	0.02512  	-0.0695  	-0.0057  	-0.0080  	-0.0784  	0.00204  	-0.0006  	-0.0231  	0.00471  	0.02997  	-0.0130  	-0.0412  	0.03141  	-0.0001  	-0.0500  	0.12569  	0.01415  	-0.0314  	0.44382  	
0.12983  	-0.2359  	-0.4035  	-0.9921  	-0.3751  	-1.1379  	-0.0080  	0.36623  	0.16182  	0.23162  	0.65174  	-1.0961  	0.04145  	-1.3872  	-1.0479  	0.35023  	-0.3745  	-0.1651  	-0.0968  	0.71733  	0.43951  	-0.1630  	-0.9781  	0.17750  	0.34111  	-0.3294  	0.29923  	0.34072  	-0.3165  	0.30696  	0.07230  	0.51265  	-0.0633  	-0.0162  	0.39050  	0.17535  	-0.0168  	-0.2994  	-0.3945  	0.86361  	0.08256  	0.17339  	-0.2201  	0.20908  	0.08463  	-0.0588  	0.10082  	-0.2063  	-0.1115  	-0.0268  	-0.0066  	0.02446  	-0.0644  	-0.0038  	-0.0095  	-0.0788  	-0.0051  	0.00323  	-0.0151  	0.00554  	0.02402  	-0.0130  	-0.0406  	0.03049  	-0.0001  	-0.0500  	0.12569  	0.01415  	-0.0314  	0.44382  	
0.30054  	-0.2137  	-0.3230  	-0.7976  	-0.2726  	-1.1343  	0.02480  	0.35050  	0.17005  	0.32970  	0.62136  	-0.9889  	0.06000  	-1.3807  	-1.1003  	0.49445  	-0.3926  	-0.1253  	-0.0664  	0.75984  	0.33846  	-0.1820  	-1.0888  	0.17692  	0.35489  	-0.3488  	0.24832  	0.40475  	-0.2976  	0.34245  	0.05871  	0.50727  	-0.0859  	-0.0149  	0.39667  	0.21229  	-0.0528  	-0.3181  	-0.3578  	0.90148  	0.08089  	0.18149  	-0.2174  	0.21295  	0.09506  	-0.0617  	0.09075  	-0.1917  	-0.0905  	-0.0297  	-0.0002  	0.02599  	-0.0625  	-0.0069  	-0.0036  	-0.0783  	-0.0028  	0.00018  	-0.0186  	0.00927  	0.02408  	-0.0180  	-0.0376  	0.02934  	-0.0001  	-0.0500  	0.12569  	0.01415  	-0.0314  	0.44382  	
0.37673  	-0.1844  	-0.2925  	-0.6830  	-0.1908  	-1.1075  	0.08306  	0.38790  	0.19749  	0.32803  	0.63277  	-0.9538  	0.05943  	-1.2986  	-1.0374  	0.48521  	-0.4090  	-0.1153  	-0.0789  	0.83147  	0.36478  	-0.1516  	-1.1969  	0.21458  	0.42965  	-0.3700  	0.29023  	0.46484  	-0.2626  	0.34926  	0.01278  	0.52282  	-0.0757  	-0.0148  	0.42379  	0.23714  	-0.0694  	-0.3105  	-0.3512  	0.88971  	0.04255  	0.19164  	-0.2195  	0.20215  	0.08925  	-0.0640  	0.08746  	-0.1792  	-0.0827  	-0.0378  	0.00328  	0.02046  	-0.0708  	-0.0017  	-0.0023  	-0.0686  	0.00377  	0.00477  	-0.0158  	0.00915  	0.02711  	-0.0254  	-0.0380  	0.02526  	-0.0001  	-0.0500  	0.12569  	0.01415  	-0.0314  	0.44382  	
0.40369  	-0.1272  	-0.3243  	-0.4828  	-0.1093  	-0.9680  	0.04082  	0.44720  	0.18394  	0.20324  	0.43437  	-0.9923  	0.10016  	-1.0994  	-0.8106  	0.37438  	-0.3677  	-0.1921  	-0.0930  	0.75852  	0.43108  	-0.1202  	-1.1132  	0.23291  	0.49498  	-0.3629  	0.38487  	0.36549  	-0.2402  	0.40662  	0.00759  	0.50026  	-0.0756  	0.00535  	0.46446  	0.16303  	-0.0471  	-0.3348  	-0.3186  	0.89589  	-0.0113  	0.21038  	-0.2314  	0.20385  	0.09923  	-0.0572  	0.08016  	-0.1838  	-0.0910  	-0.0365  	0.00685  	0.02366  	-0.0603  	0.00016  	-0.0122  	-0.0658  	-0.0026  	-0.0007  	-0.0177  	0.01096  	0.02700  	-0.0217  	-0.0403  	0.02715  	-0.0001  	-0.0500  	0.12569  	0.01415  	-0.0314  	0.44382  	
0.48565  	-0.1065  	-0.2323  	-0.4083  	-0.1095  	-0.9177  	-0.0109  	0.54912  	0.17268  	0.14848  	0.41528  	-1.0164  	0.14980  	-1.1385  	-0.5815  	0.29544  	-0.2675  	-0.3970  	-0.0150  	0.42062  	0.61937  	-0.3082  	-1.2832  	0.24399  	0.36986  	-0.2728  	0.37207  	0.17200  	-0.2446  	0.35856  	0.14101  	0.47714  	-0.1624  	-0.1679  	0.43708  	0.07646  	-0.0507  	-0.3180  	-0.4841  	0.81617  	0.06049  	0.31627  	-0.3483  	0.30616  	0.02860  	-0.0423  	0.06131  	-0.1681  	-0.1107  	-0.0333  	0.00054  	0.02827  	-0.0619  	0.01664  	-0.0091  	-0.0644  	-0.0076  	-0.0150  	-0.0228  	0.02203  	0.02969  	-0.0160  	-0.0583  	0.02427  	-0.0001  	-0.0500  	0.12569  	0.01415  	-0.0314  	0.44382  	
0.46982  	-0.1246  	-0.1683  	-0.5692  	-0.1577  	-1.0775  	-0.0214  	0.53330  	0.14914  	0.22734  	0.60531  	-0.9573  	0.15546  	-1.3241  	-0.8323  	0.39499  	-0.2626  	-0.4472  	0.04120  	0.26741  	0.55818  	-0.5092  	-1.5559  	0.26978  	0.28703  	-0.1906  	0.30560  	0.15233  	-0.1369  	0.31659  	0.23415  	0.41862  	-0.2374  	-0.3208  	0.36331  	0.12753  	-0.1665  	-0.3242  	-0.5894  	0.75084  	0.16857  	0.43112  	-0.4366  	0.35787  	-0.0158  	-0.0224  	0.04127  	-0.1449  	-0.1182  	-0.0499  	0.01999  	0.02997  	-0.0576  	0.01940  	0.00257  	-0.0685  	-0.0027  	-0.0239  	-0.0168  	0.02975  	0.03229  	-0.0271  	-0.0786  	0.02879  	-0.0001  	-0.0500  	0.12569  	0.01415  	-0.0314  	0.44382  	
0.49024  	-0.1535  	-0.0864  	-0.7012  	-0.2096  	-1.0813  	-0.0159  	0.52128  	0.14103  	0.24981  	0.70093  	-1.0195  	0.14834  	-1.2907  	-0.8329  	0.34806  	-0.2331  	-0.5006  	0.04969  	0.19127  	0.69241  	-0.6017  	-1.5783  	0.33287  	0.18682  	-0.1619  	0.40747  	0.03633  	-0.2825  	0.26619  	0.28392  	0.47384  	-0.2539  	-0.3597  	0.42540  	0.11208  	-0.1049  	-0.3110  	-0.7058  	0.73176  	0.17733  	0.46704  	-0.4912  	0.36693  	-0.0249  	-0.0189  	0.04047  	-0.1634  	-0.1192  	-0.0492  	0.00875  	0.02643  	-0.0622  	0.02942  	-0.0016  	-0.0762  	-0.0031  	-0.0222  	-0.0196  	0.03580  	0.03806  	-0.0202  	-0.0722  	0.03027  	-0.0001  	-0.0500  	0.12569  	0.01415  	-0.0314  	0.44382  	
0.49448  	-0.0714  	-0.0700  	-0.6643  	-0.2976  	-1.1343  	-0.0176  	0.59530  	0.18383  	0.20587  	0.59428  	-0.9868  	0.20050  	-1.2248  	-0.8252  	0.33455  	-0.2691  	-0.4476  	0.02781  	0.28975  	0.62575  	-0.5504  	-1.5639  	0.20377  	0.19367  	-0.1882  	0.32164  	0.12671  	-0.1764  	0.25811  	0.26630  	0.42610  	-0.2108  	-0.3210  	0.35350  	0.08642  	-0.1553  	-0.3174  	-0.6065  	0.75442  	0.20071  	0.41647  	-0.4340  	0.35289  	-0.0247  	-0.0276  	0.04922  	-0.1458  	-0.1086  	-0.0581  	0.01475  	0.02395  	-0.0704  	0.02846  	-0.0002  	-0.0705  	-0.0113  	-0.0159  	-0.0247  	0.02967  	0.03599  	-0.0150  	-0.0707  	0.02965  	-0.0001  	-0.0500  	0.12569  	0.01415  	-0.0314  	0.44382  	
0.41718  	-0.1049  	-0.2137  	-0.8917  	-0.3519  	-1.1324  	0.08690  	0.54701  	0.18706  	0.31744  	0.58226  	-1.0940  	0.22717  	-1.0978  	-0.9892  	0.35948  	-0.3167  	-0.2631  	-0.0185  	0.51734  	0.53213  	-0.3933  	-1.3993  	0.18995  	0.41900  	-0.2987  	0.32959  	0.24196  	-0.1717  	0.31632  	0.18675  	0.41567  	-0.1445  	-0.1837  	0.40654  	0.17164  	-0.1330  	-0.3381  	-0.4740  	0.79583  	0.14403  	0.32562  	-0.3130  	0.25333  	0.03995  	-0.0444  	0.07381  	-0.1468  	-0.1118  	-0.0254  	0.00589  	0.01725  	-0.0646  	0.01025  	0.00594  	-0.0757  	-0.0122  	-0.0148  	-0.0241  	0.02786  	0.02966  	-0.0058  	-0.0501  	0.03162  	-0.0001  	-0.0500  	0.12569  	0.01415  	-0.0314  	0.44382  	
-0.0882  	-0.2684  	-0.4866  	-1.1022  	-0.4017  	-1.3940  	0.05290  	0.37300  	0.17264  	0.34150  	0.90189  	-1.1045  	0.03986  	-1.2418  	-1.0588  	0.24782  	-0.3632  	-0.1461  	-0.1094  	0.75458  	0.51088  	-0.1822  	-1.0819  	0.27307  	0.41026  	-0.3443  	0.27580  	0.24434  	-0.3644  	0.29120  	0.09041  	0.46811  	-0.0093  	-0.0281  	0.46010  	0.13112  	0.03966  	-0.3250  	-0.4006  	0.87549  	0.05049  	0.19807  	-0.2590  	0.15303  	0.10618  	-0.0548  	0.10162  	-0.2164  	-0.1145  	-0.0174  	-0.0175  	0.02180  	-0.0622  	0.00376  	-0.0193  	-0.0795  	-0.0192  	-0.0138  	-0.0187  	0.01853  	0.03259  	-0.0076  	-0.0443  	0.03024  	-0.0001  	-0.0500  	0.12569  	0.01415  	-0.0314  	0.44382  	
-0.2169  	-0.3308  	-0.5589  	-1.2230  	-0.4228  	-1.4914  	0.01459  	0.35835  	0.15852  	0.34570  	0.91070  	-1.1224  	0.02744  	-1.3174  	-1.1323  	0.20950  	-0.3635  	-0.1368  	-0.0901  	0.76000  	0.47711  	-0.1773  	-0.9886  	0.22402  	0.29999  	-0.3208  	0.22250  	0.31261  	-0.3673  	0.27925  	0.07795  	0.45874  	-0.0649  	-0.0121  	0.43485  	0.15122  	-0.0220  	-0.3254  	-0.3871  	0.85556  	0.06550  	0.18732  	-0.2780  	0.17061  	0.09638  	-0.0546  	0.09844  	-0.2239  	-0.1021  	-0.0301  	-0.0097  	0.02148  	-0.0690  	-0.0065  	-0.0129  	-0.0776  	-0.0083  	0.00254  	-0.0215  	0.01217  	0.03253  	-0.0091  	-0.0449  	0.02528  	-0.0001  	-0.0500  	0.12569  	0.01415  	-0.0314  	0.44382  	
-0.1430  	-0.2814  	-0.5963  	-1.0874  	-0.3119  	-1.4607  	0.04695  	0.37394  	0.19416  	0.35233  	0.87383  	-1.0356  	0.05638  	-1.2604  	-1.1000  	0.24571  	-0.3831  	-0.1402  	-0.1189  	0.82900  	0.46879  	-0.2105  	-1.0291  	0.18317  	0.24653  	-0.2965  	0.15231  	0.36914  	-0.3037  	0.29252  	0.08205  	0.44045  	-0.0319  	0.00791  	0.42468  	0.11596  	-0.0589  	-0.3409  	-0.3595  	0.86298  	0.06775  	0.18873  	-0.2587  	0.17072  	0.09519  	-0.0649  	0.09961  	-0.2097  	-0.0991  	-0.0301  	-0.0035  	0.01561  	-0.0750  	-0.0017  	-0.0114  	-0.0710  	-0.0063  	-0.0006  	-0.0235  	0.01585  	0.03430  	-0.0038  	-0.0429  	0.02740  	-0.0001  	-0.0500  	0.12569  	0.01415  	-0.0314  	0.44382  	
-0.1002  	-0.2390  	-0.5794  	-1.0523  	-0.2765  	-1.4502  	0.05505  	0.39313  	0.18750  	0.35582  	0.80872  	-1.0290  	0.06705  	-1.2491  	-1.0911  	0.23531  	-0.3998  	-0.1295  	-0.1096  	0.83413  	0.45302  	-0.2154  	-1.0568  	0.14697  	0.25353  	-0.2951  	0.13984  	0.41735  	-0.2484  	0.29164  	0.06887  	0.42492  	-0.0300  	0.01116  	0.38922  	0.12425  	-0.0733  	-0.3446  	-0.3392  	0.86322  	0.08982  	0.17219  	-0.2547  	0.18144  	0.10385  	-0.0627  	0.09911  	-0.2068  	-0.1030  	-0.0371  	-0.0084  	0.01779  	-0.0758  	-0.0023  	-0.0124  	-0.0755  	-0.0037  	0.00320  	-0.0232  	0.01428  	0.03069  	-0.0103  	-0.0413  	0.02696  	-0.0001  	-0.0500  	0.12569  	0.01415  	-0.0314  	0.44382  	
-0.0932  	-0.2264  	-0.4824  	-1.2743  	-0.4351  	-1.4117  	0.05736  	0.38223  	0.17082  	0.36486  	0.78404  	-1.1411  	0.03699  	-1.3099  	-1.0993  	0.15900  	-0.3469  	-0.1552  	-0.0852  	0.75047  	0.50874  	-0.1699  	-0.9561  	0.16894  	0.31102  	-0.3160  	0.27349  	0.31804  	-0.3092  	0.27086  	0.08646  	0.44477  	-0.0426  	-0.0174  	0.38306  	0.12266  	-0.0117  	-0.3312  	-0.3706  	0.84909  	0.08931  	0.17054  	-0.2451  	0.20850  	0.11448  	-0.0630  	0.09601  	-0.2153  	-0.1130  	-0.0284  	-0.0164  	0.02142  	-0.0697  	-0.0059  	-0.0071  	-0.0747  	-0.0091  	0.00466  	-0.0149  	0.00979  	0.03418  	-0.0093  	-0.0439  	0.02404  	-0.0001  	-0.0500  	0.12569  	0.01415  	-0.0314  	0.44382  	
0.04896  	-0.2687  	-0.3737  	-1.0989  	-0.4145  	-1.1811  	0.04804  	0.41028  	0.21873  	0.26538  	0.65835  	-1.1285  	0.07297  	-1.3335  	-1.0689  	0.35601  	-0.3181  	-0.1057  	-0.0943  	0.72926  	0.37727  	-0.1976  	-1.0319  	0.17686  	0.31071  	-0.3061  	0.24342  	0.37322  	-0.3025  	0.29162  	0.10813  	0.49190  	-0.0392  	-0.0048  	0.35913  	0.14362  	-0.0834  	-0.3382  	-0.3640  	0.85830  	0.12519  	0.16641  	-0.2232  	0.20041  	0.10231  	-0.0593  	0.09606  	-0.2152  	-0.1105  	-0.0177  	-0.0148  	0.02039  	-0.0671  	-0.0061  	-0.0050  	-0.0754  	-0.0122  	-0.0009  	-0.0271  	0.01328  	0.03304  	0.00042  	-0.0339  	0.03492  	-0.0001  	-0.0500  	0.12569  	0.01415  	-0.0314  	0.44382  	
0.26151  	-0.2219  	-0.2360  	-0.8738  	-0.3152  	-1.1804  	0.06391  	0.38848  	0.21040  	0.31660  	0.57241  	-1.0554  	0.06439  	-1.3694  	-1.0241  	0.47659  	-0.3829  	-0.0969  	-0.0829  	0.79842  	0.30015  	-0.1823  	-1.0870  	0.14140  	0.33181  	-0.3188  	0.18363  	0.48534  	-0.2593  	0.29516  	0.09991  	0.48408  	-0.0630  	0.00112  	0.37697  	0.18474  	-0.0974  	-0.3212  	-0.3454  	0.89760  	0.12772  	0.16474  	-0.2022  	0.20827  	0.09273  	-0.0575  	0.09627  	-0.1834  	-0.1046  	-0.0343  	0.00898  	0.02809  	-0.0684  	-0.0156  	-0.0059  	-0.0749  	-0.0012  	-0.0068  	-0.0299  	0.00352  	0.03738  	-0.0149  	-0.0375  	0.03547  	-0.0001  	-0.0500  	0.12569  	0.01415  	-0.0314  	0.44382  	
0.39413  	-0.1881  	-0.2646  	-0.7916  	-0.2217  	-1.1157  	0.07791  	0.38159  	0.20915  	0.34327  	0.65097  	-0.9799  	0.07401  	-1.2966  	-1.0551  	0.53370  	-0.4268  	-0.1049  	-0.1223  	0.85739  	0.31403  	-0.1854  	-1.1770  	0.13936  	0.32724  	-0.3385  	0.19184  	0.47914  	-0.2230  	0.30583  	0.04672  	0.50365  	-0.0474  	0.00804  	0.44735  	0.23078  	-0.1130  	-0.3259  	-0.3613  	0.91015  	0.09044  	0.17689  	-0.2105  	0.19986  	0.08065  	-0.0689  	0.09596  	-0.1763  	-0.0957  	-0.0295  	0.00772  	0.01913  	-0.0657  	-0.0093  	-0.0032  	-0.0717  	0.00430  	0.00228  	-0.0231  	0.01206  	0.03021  	-0.0175  	-0.0374  	0.03387  	-0.0001  	-0.0500  	0.12569  	0.01415  	-0.0314  	0.44382  	
0.52538  	-0.1821  	-0.1597  	-0.5437  	-0.1469  	-1.0270  	0.05954  	0.43454  	0.19488  	0.30849  	0.58231  	-1.0045  	0.10101  	-1.2069  	-0.8933  	0.54180  	-0.4380  	-0.1394  	-0.0976  	0.80434  	0.40986  	-0.1359  	-1.2045  	0.25010  	0.39883  	-0.3791  	0.32918  	0.36069  	-0.3358  	0.32352  	0.00799  	0.53870  	-0.0510  	-0.0258  	0.50720  	0.18023  	-0.0351  	-0.3303  	-0.3628  	0.90001  	0.02879  	0.20234  	-0.2182  	0.19140  	0.08683  	-0.0647  	0.08869  	-0.1766  	-0.0750  	-0.0466  	0.00793  	0.01641  	-0.0685  	-0.0091  	-0.0069  	-0.0770  	0.00420  	0.00012  	-0.0237  	0.01164  	0.02371  	-0.0243  	-0.0389  	0.02753  	-0.0001  	-0.0500  	0.12569  	0.01415  	-0.0314  	0.44382  	
0.59597  	-0.1096  	-0.2353  	-0.4221  	-0.0539  	-0.9927  	0.09632  	0.46543  	0.21179  	0.28412  	0.44061  	-1.0361  	0.16480  	-1.0941  	-0.7515  	0.43942  	-0.4420  	-0.1629  	-0.1360  	0.81286  	0.39382  	-0.1116  	-1.2457  	0.24550  	0.48905  	-0.3879  	0.33145  	0.38153  	-0.2395  	0.38715  	0.03015  	0.51570  	-0.0558  	0.00849  	0.51081  	0.16217  	-0.0759  	-0.3553  	-0.3032  	0.92713  	0.03277  	0.21434  	-0.2054  	0.18950  	0.08837  	-0.0568  	0.07079  	-0.1737  	-0.0814  	-0.0323  	0.01963  	0.01953  	-0.0683  	-0.0086  	-0.0028  	-0.0694  	0.00314  	-0.0060  	-0.0222  	0.00475  	0.01942  	-0.0219  	-0.0391  	0.02677  	-0.0001  	-0.0500  	0.12569  	0.01415  	-0.0314  	0.44382  	
0.54685  	-0.0672  	-0.3928  	-0.0843  	0.11692  	-0.9548  	0.10398  	0.48679  	0.23917  	0.19563  	0.25576  	-0.9897  	0.24875  	-0.7939  	-0.4063  	0.24476  	-0.3973  	-0.2433  	-0.1023  	0.69777  	0.37482  	-0.0603  	-1.1757  	0.21437  	0.54841  	-0.3900  	0.37901  	0.45308  	-0.1364  	0.44900  	-0.0301  	0.47667  	-0.0518  	0.00356  	0.57195  	0.14908  	-0.1342  	-0.3934  	-0.3025  	0.93301  	-0.0567  	0.22810  	-0.2809  	0.18434  	0.09289  	-0.0657  	0.08090  	-0.1796  	-0.0761  	-0.0376  	0.00805  	0.02286  	-0.0621  	-0.0122  	-0.0105  	-0.0669  	-0.0008  	0.00099  	-0.0104  	0.00964  	0.02378  	-0.0083  	-0.0432  	0.03008  	-0.0001  	-0.0500  	0.12569  	0.01415  	-0.0314  	0.44382  	
0.51681  	-0.0907  	-0.4010  	-0.0536  	0.14389  	-0.9008  	0.07109  	0.47948  	0.23930  	0.15979  	0.14216  	-0.9477  	0.29939  	-0.7530  	-0.3038  	0.25660  	-0.3933  	-0.2067  	-0.1586  	0.76496  	0.30296  	-0.0317  	-1.1754  	0.19491  	0.49008  	-0.3541  	0.23574  	0.50724  	-0.0588  	0.46915  	0.01333  	0.45219  	-0.0174  	0.02637  	0.49763  	0.10639  	-0.2135  	-0.3852  	-0.2689  	0.91351  	-0.0221  	0.20627  	-0.2556  	0.19040  	0.08728  	-0.0626  	0.09533  	-0.1849  	-0.0825  	-0.0398  	-0.0023  	0.01548  	-0.0707  	-0.0117  	-0.0116  	-0.0667  	-0.0105  	-0.0059  	-0.0227  	0.01135  	0.03055  	-0.0133  	-0.0519  	0.03018  	-0.0001  	-0.0500  	0.12569  	0.01415  	-0.0314  	0.44382  	
0.45576  	-0.0947  	-0.3109  	-0.3052  	-0.0231  	-0.9558  	0.09041  	0.48967  	0.27397  	0.17574  	0.28279  	-0.9053  	0.24991  	-0.8879  	-0.6014  	0.41727  	-0.4052  	-0.1320  	-0.1342  	0.79827  	0.38834  	-0.0296  	-1.1448  	0.19885  	0.39533  	-0.3572  	0.22056  	0.51433  	-0.1275  	0.37955  	0.01070  	0.44366  	-0.0256  	0.02193  	0.43655  	0.11769  	-0.1347  	-0.3667  	-0.2842  	0.92478  	0.03030  	0.19050  	-0.2381  	0.19691  	0.08195  	-0.0656  	0.08722  	-0.1627  	-0.0890  	-0.0316  	-0.0011  	0.01414  	-0.0719  	0.00144  	-0.0107  	-0.0741  	-0.0016  	0.00243  	-0.0156  	0.00810  	0.02355  	-0.0092  	-0.0488  	0.03642  	-0.0001  	-0.0500  	0.12569  	0.01415  	-0.0314  	0.44382  	
0.29098  	-0.1662  	-0.2613  	-0.6891  	-0.2179  	-1.1023  	0.12954  	0.45779  	0.21036  	0.22106  	0.53135  	-1.0284  	0.14822  	-1.0811  	-0.8153  	0.36622  	-0.3562  	-0.1467  	-0.1108  	0.76358  	0.46360  	-0.1301  	-1.0695  	0.23491  	0.37064  	-0.3514  	0.29822  	0.37083  	-0.2813  	0.32195  	0.04335  	0.48753  	-0.0471  	0.00385  	0.46109  	0.10988  	-0.0317  	-0.3248  	-0.3991  	0.90576  	0.01510  	0.17757  	-0.2254  	0.19611  	0.09000  	-0.0655  	0.09908  	-0.1908  	-0.0954  	-0.0282  	-0.0072  	0.02345  	-0.0715  	-0.0024  	-0.0144  	-0.0826  	-0.0070  	-0.0007  	-0.0155  	0.01803  	0.02420  	-0.0064  	-0.0352  	0.02630  	-0.0001  	-0.0500  	0.12569  	0.01415  	-0.0314  	0.44382  	
0.16237  	-0.1702  	-0.3829  	-0.7262  	-0.1790  	-1.1837  	0.07813  	0.43370  	0.17892  	0.23204  	0.55173  	-1.0364  	0.07432  	-1.2572  	-0.8549  	0.36677  	-0.3865  	-0.0911  	-0.0988  	0.78181  	0.42807  	-0.1528  	-1.0540  	0.22261  	0.35657  	-0.3668  	0.28238  	0.39839  	-0.2414  	0.33849  	0.03387  	0.47311  	-0.0804  	-0.0021  	0.41475  	0.14423  	-0.0636  	-0.3277  	-0.3721  	0.88905  	0.05435  	0.18925  	-0.2428  	0.19468  	0.09567  	-0.0614  	0.09396  	-0.2060  	-0.0973  	-0.0411  	-0.0121  	0.02192  	-0.0634  	-0.0065  	-0.0115  	-0.0811  	0.00235  	0.00208  	-0.0143  	0.01423  	0.02738  	-0.0172  	-0.0423  	0.03132  	-0.0001  	-0.0500  	0.12569  	0.01415  	-0.0314  	0.44382  	
0.27583  	-0.1593  	-0.4374  	-0.5437  	-0.1602  	-1.0554  	0.02219  	0.43578  	0.18041  	0.15055  	0.36897  	-0.9795  	0.10277  	-1.1313  	-0.6289  	0.24636  	-0.3273  	-0.1434  	-0.1118  	0.73629  	0.42345  	-0.0960  	-1.0254  	0.19299  	0.38307  	-0.3460  	0.25404  	0.40966  	-0.2232  	0.36621  	0.03189  	0.46966  	-0.0640  	-0.0048  	0.40519  	0.10206  	-0.0803  	-0.3217  	-0.3384  	0.88642  	0.02499  	0.16571  	-0.2386  	0.21037  	0.09108  	-0.0612  	0.09713  	-0.1982  	-0.1027  	-0.0349  	-0.0101  	0.01870  	-0.0695  	-0.0051  	-0.0041  	-0.0730  	-0.0032  	-0.0011  	-0.0125  	0.00891  	0.02629  	-0.0122  	-0.0506  	0.02583  	-0.0001  	-0.0500  	0.12569  	0.01415  	-0.0314  	0.44382  	
0.41954  	-0.1283  	-0.3263  	-0.6053  	-0.1566  	-1.0189  	0.06816  	0.46482  	0.22368  	0.21938  	0.44519  	-0.9936  	0.16371  	-1.1080  	-0.7897  	0.39351  	-0.4053  	-0.1272  	-0.1135  	0.79427  	0.38665  	-0.1285  	-1.1008  	0.14029  	0.37596  	-0.3343  	0.17740  	0.41630  	-0.2121  	0.34474  	0.04263  	0.47347  	-0.0154  	0.00930  	0.42250  	0.10517  	-0.0997  	-0.3188  	-0.3143  	0.93058  	0.09264  	0.17792  	-0.1984  	0.22386  	0.07504  	-0.0603  	0.09972  	-0.1842  	-0.0952  	-0.0310  	0.00486  	0.01711  	-0.0778  	0.00144  	-0.0037  	-0.0689  	-0.0061  	-0.0020  	-0.0253  	0.00552  	0.02652  	-0.0136  	-0.0450  	0.02413  	-0.0001  	-0.0500  	0.12569  	0.01415  	-0.0314  	0.44382  	
0.29674  	-0.1744  	-0.3345  	-0.9197  	-0.3279  	-1.1785  	0.06017  	0.41130  	0.19923  	0.35279  	0.63321  	-1.0628  	0.12247  	-1.1746  	-1.1415  	0.42886  	-0.4690  	-0.0833  	-0.0836  	0.82696  	0.34154  	-0.1734  	-1.1431  	0.17021  	0.38115  	-0.3597  	0.15430  	0.39257  	-0.2461  	0.29745  	0.05147  	0.46489  	-0.0293  	-0.0021  	0.41799  	0.17745  	-0.0759  	-0.3187  	-0.3263  	0.90359  	0.12274  	0.17853  	-0.1929  	0.20245  	0.09739  	-0.0689  	0.10696  	-0.1833  	-0.1043  	-0.0336  	-0.0048  	0.02175  	-0.0664  	-0.0005  	-0.0100  	-0.0810  	-0.0094  	0.00101  	-0.0284  	0.00928  	0.02730  	-0.0195  	-0.0298  	0.03433  	-0.0001  	-0.0500  	0.12569  	0.01415  	-0.0314  	0.44382  	
0.01265  	-0.2683  	-0.4378  	-1.1481  	-0.4237  	-1.3333  	0.08773  	0.32830  	0.18890  	0.34360  	0.87032  	-1.1445  	0.05092  	-1.2885  	-1.1479  	0.28211  	-0.3698  	-0.1066  	-0.1045  	0.78325  	0.45285  	-0.2142  	-1.0939  	0.23104  	0.40847  	-0.3584  	0.26180  	0.32055  	-0.3277  	0.30639  	0.08488  	0.48432  	-0.0382  	-0.0104  	0.45384  	0.17903  	-0.0064  	-0.3202  	-0.4081  	0.86902  	0.08661  	0.18017  	-0.2352  	0.18469  	0.10009  	-0.0624  	0.10128  	-0.2153  	-0.1041  	-0.0357  	-0.0048  	0.01748  	-0.0694  	-0.0028  	-0.0037  	-0.0704  	-0.0036  	0.00124  	-0.0254  	0.01497  	0.02613  	-0.0073  	-0.0320  	0.03072  	-0.0001  	-0.0500  	0.12569  	0.01415  	-0.0314  	0.44382  	
-0.2179  	-0.3419  	-0.5486  	-1.2359  	-0.4460  	-1.4799  	0.02814  	0.36080  	0.15866  	0.31989  	0.90831  	-1.1111  	0.01460  	-1.3002  	-1.1045  	0.19501  	-0.3528  	-0.1451  	-0.1125  	0.76856  	0.46737  	-0.1728  	-1.0118  	0.24423  	0.33450  	-0.3212  	0.25583  	0.30901  	-0.3467  	0.28341  	0.06664  	0.45779  	-0.0597  	-0.0186  	0.41594  	0.15858  	-0.0175  	-0.3081  	-0.3941  	0.85495  	0.07451  	0.18181  	-0.2695  	0.17766  	0.10501  	-0.0574  	0.10337  	-0.2288  	-0.1090  	-0.0256  	-0.0136  	0.02369  	-0.0655  	-0.0049  	-0.0113  	-0.0817  	-0.0142  	-0.0016  	-0.0249  	0.01052  	0.03259  	-0.0054  	-0.0446  	0.02891  	-0.0001  	-0.0500  	0.12569  	0.01415  	-0.0314  	0.44382  	
-0.0435  	-0.2717  	-0.5039  	-1.0707  	-0.3846  	-1.3565  	0.02901  	0.45081  	0.21734  	0.29878  	0.84577  	-1.0400  	0.09733  	-1.2113  	-0.9754  	0.24889  	-0.3510  	-0.1894  	-0.1299  	0.77423  	0.48102  	-0.1826  	-0.9710  	0.21241  	0.26686  	-0.3015  	0.21316  	0.32238  	-0.3778  	0.26705  	0.07976  	0.45210  	-0.0376  	-0.0255  	0.37837  	0.09228  	-0.0228  	-0.3173  	-0.3632  	0.83804  	0.05724  	0.18021  	-0.2423  	0.17762  	0.09059  	-0.0625  	0.09961  	-0.1976  	-0.1092  	-0.0172  	-0.0073  	0.02016  	-0.0759  	-0.0024  	-0.0154  	-0.0815  	-0.0137  	-0.0003  	-0.0260  	0.00574  	0.03268  	-0.0018  	-0.0460  	0.03631  	-0.0001  	-0.0500  	0.12569  	0.01415  	-0.0314  	0.44382  	
0.03211  	-0.2151  	-0.3777  	-1.0844  	-0.4340  	-1.2162  	0.04057  	0.40536  	0.21233  	0.33007  	0.68600  	-1.0572  	0.08366  	-1.2304  	-1.0367  	0.25321  	-0.3434  	-0.1268  	-0.1206  	0.76863  	0.42879  	-0.1454  	-0.9679  	0.14786  	0.27265  	-0.3048  	0.17299  	0.36216  	-0.2656  	0.28694  	0.11281  	0.44755  	-0.0446  	-0.0009  	0.30143  	0.11526  	-0.0807  	-0.3365  	-0.3437  	0.86210  	0.11974  	0.15317  	-0.2021  	0.20081  	0.08766  	-0.0640  	0.10129  	-0.1958  	-0.0995  	-0.0300  	-0.0181  	0.01893  	-0.0738  	-0.0035  	-0.0086  	-0.0792  	-0.0112  	-0.0033  	-0.0230  	0.00844  	0.03507  	-0.0051  	-0.0404  	0.03297  	-0.0001  	-0.0500  	0.12569  	0.01415  	-0.0314  	0.44382  	
0.09348  	-0.1607  	-0.3731  	-0.9175  	-0.2886  	-1.1988  	0.04937  	0.42363  	0.22168  	0.32392  	0.51596  	-1.0107  	0.10966  	-1.2226  	-1.0055  	0.25764  	-0.3609  	-0.1012  	-0.0662  	0.76021  	0.29101  	-0.1385  	-1.0157  	0.09011  	0.29358  	-0.2963  	0.13340  	0.47301  	-0.1612  	0.30433  	0.08980  	0.44747  	-0.0312  	0.00663  	0.28025  	0.14015  	-0.1465  	-0.3280  	-0.3193  	0.89706  	0.15854  	0.14176  	-0.1791  	0.23452  	0.07890  	-0.0692  	0.09890  	-0.1813  	-0.0915  	-0.0320  	-0.0121  	0.01945  	-0.0713  	-0.0008  	-0.0088  	-0.0841  	-0.0074  	0.00155  	-0.0193  	0.00966  	0.03336  	-0.0051  	-0.0455  	0.03188  	-0.0001  	-0.0500  	0.12569  	0.01415  	-0.0314  	0.44382  	
-0.0120  	-0.2384  	-0.4295  	-1.1760  	-0.4780  	-1.2416  	0.00267  	0.37141  	0.19482  	0.29616  	0.68576  	-1.1163  	0.03205  	-1.4234  	-1.1454  	0.27467  	-0.3185  	-0.1149  	-0.1010  	0.72355  	0.34759  	-0.1812  	-0.9420  	0.11141  	0.28380  	-0.2868  	0.17832  	0.41533  	-0.2533  	0.28767  	0.10700  	0.46151  	-0.0653  	-0.0157  	0.25807  	0.13587  	-0.0636  	-0.3047  	-0.3294  	0.84692  	0.16574  	0.16131  	-0.1794  	0.20963  	0.08355  	-0.0690  	0.10477  	-0.1965  	-0.1065  	-0.0297  	-0.0181  	0.02504  	-0.0712  	-4.0790  	-0.0057  	-0.0879  	-0.0075  	0.00331  	-0.0259  	0.00379  	0.03175  	-0.0034  	-0.0382  	0.03849  	-0.0001  	-0.0500  	0.12569  	0.01415  	-0.0314  	0.44382  	
0.05187  	-0.2467  	-0.4631  	-1.0833  	-0.4050  	-1.2460  	0.00850  	0.40917  	0.18339  	0.29507  	0.69603  	-1.0671  	0.05134  	-1.3499  	-0.9995  	0.31235  	-0.3310  	-0.1423  	-0.0804  	0.74119  	0.42749  	-0.1613  	-0.9607  	0.22015  	0.26495  	-0.2926  	0.26825  	0.33232  	-0.3311  	0.26703  	0.09756  	0.47554  	-0.0422  	-0.0238  	0.37376  	0.10515  	-0.0328  	-0.3016  	-0.3837  	0.88741  	0.12747  	0.17303  	-0.2158  	0.20769  	0.08321  	-0.0645  	0.10641  	-0.2051  	-0.1133  	-0.0304  	-0.0155  	0.02593  	-0.0737  	-0.0023  	-0.0088  	-0.0830  	-0.0064  	-0.0015  	-0.0236  	0.00864  	0.03270  	-0.0042  	-0.0509  	0.03349  	-0.0001  	-0.0500  	0.12569  	0.01415  	-0.0314  	0.44382  	
0.65299  	-0.0565  	-0.1243  	-0.6108  	-0.2282  	-0.9362  	0.10198  	0.55513  	0.23078  	0.27643  	0.33553  	-1.0812  	0.24743  	-0.8144  	-0.4669  	0.25085  	-0.3982  	-0.2020  	-0.1368  	0.62141  	0.54641  	-0.0829  	-0.9806  	0.23965  	0.34359  	-0.3552  	0.38417  	0.15992  	-0.3407  	0.34529  	0.06995  	0.49992  	-0.0336  	-0.0216  	0.51853  	0.04548  	0.00061  	-0.3276  	-0.3642  	0.93579  	0.01814  	0.17905  	-0.2212  	0.21876  	0.07002  	-0.0657  	0.08685  	-0.1662  	-0.0849  	-0.0278  	-0.0038  	0.02179  	-0.0726  	-0.0049  	-0.0119  	-0.0595  	-0.0138  	-0.0071  	-0.0336  	0.01672  	0.03618  	0.00856  	-0.0454  	0.02613  	-0.0001  	-0.0500  	0.12569  	0.01415  	-0.0314  	0.44382  	
0.59220  	-0.0788  	-0.1349  	-0.7667  	-0.3592  	-0.9782  	0.05421  	0.57434  	0.28569  	0.25915  	0.59662  	-1.0059  	0.19993  	-1.0009  	-0.8378  	0.42065  	-0.3647  	-0.1584  	-0.0727  	0.69388  	0.59827  	-0.1154  	-0.9937  	0.18032  	0.30665  	-0.3421  	0.23338  	0.20676  	-0.4203  	0.29927  	0.08846  	0.49241  	-0.0083  	-0.0188  	0.46944  	0.06075  	0.02452  	-0.2834  	-0.3851  	0.85659  	0.07653  	0.17280  	-0.1858  	0.19673  	0.06532  	-0.0673  	0.09470  	-0.1681  	-0.0871  	-0.0281  	-0.0059  	0.02454  	-0.0666  	0.00590  	-0.0072  	-0.0641  	-0.0111  	-0.0105  	-0.0297  	0.00838  	0.02950  	0.00274  	-0.0354  	0.02578  	-0.0001  	-0.0500  	0.12569  	0.01415  	-0.0314  	0.44382  	
0.36422  	-0.1355  	-0.2081  	-0.9983  	-0.4413  	-1.1361  	0.11291  	0.48102  	0.22893  	0.36372  	0.62291  	-1.1483  	0.14500  	-1.0736  	-1.0123  	0.37192  	-0.4019  	-0.1418  	-0.0858  	0.77748  	0.43359  	-0.1528  	-1.0977  	0.19384  	0.43449  	-0.3955  	0.28898  	0.29004  	-0.3369  	0.29527  	0.08751  	0.47877  	-0.0475  	-0.0107  	0.43547  	0.17372  	-0.0036  	-0.3043  	-0.3634  	0.85329  	0.10035  	0.17633  	-0.1943  	0.17307  	0.09785  	-0.0646  	0.09227  	-0.1692  	-0.1022  	-0.0264  	-0.0038  	0.01780  	-0.0703  	-0.0082  	-0.0060  	-0.0747  	0.00196  	-0.0048  	-0.0217  	0.01296  	0.03464  	-0.0030  	-0.0268  	0.03542  	-0.0001  	-0.0500  	0.12569  	0.01415  	-0.0314  	0.44382  	
-0.0530  	-0.3045  	-0.4810  	-1.0947  	-0.3788  	-1.3788  	0.09018  	0.36837  	0.19773  	0.34585  	0.93247  	-1.1071  	0.05779  	-1.2451  	-1.1229  	0.27233  	-0.3876  	-0.1552  	-0.1096  	0.79744  	0.49707  	-0.1893  	-1.0955  	0.24314  	0.38352  	-0.3287  	0.23012  	0.28555  	-0.3586  	0.29302  	0.09882  	0.45338  	-0.0115  	-0.0181  	0.45410  	0.13154  	0.02917  	-0.3132  	-0.4025  	0.83966  	0.07433  	0.19895  	-0.2429  	0.16934  	0.11367  	-0.0603  	0.09962  	-0.2183  	-0.1200  	-0.0238  	-0.0203  	0.02163  	-0.0627  	0.00249  	-0.0151  	-0.0802  	-0.0091  	-0.0058  	-0.0233  	0.01888  	0.03055  	-0.0038  	-0.0433  	0.03136  	-0.0001  	-0.0500  	0.12569  	0.01415  	-0.0314  	0.44382  	
-0.1922  	-0.3504  	-0.5519  	-1.2728  	-0.4712  	-1.4988  	-0.0199  	0.37023  	0.18310  	0.34736  	0.94528  	-1.1085  	0.01227  	-1.3501  	-1.1298  	0.19063  	-0.3628  	-0.1747  	-0.0889  	0.78578  	0.54961  	-0.1988  	-0.9588  	0.20609  	0.27883  	-0.3171  	0.24090  	0.31862  	-0.3703  	0.27476  	0.08775  	0.47127  	-0.0657  	-0.0260  	0.43518  	0.12526  	0.02763  	-0.3058  	-0.4201  	0.82331  	0.07906  	0.15964  	-0.2668  	0.17945  	0.10289  	-0.0565  	0.10541  	-0.2219  	-0.1107  	-0.0269  	-0.0117  	0.02014  	-0.0670  	-0.0066  	-0.0133  	-0.0783  	-0.0121  	0.00220  	-0.0259  	0.01421  	0.02987  	-0.0142  	-0.0449  	0.02938  	-0.0001  	-0.0500  	0.12569  	0.01415  	-0.0314  	0.44382  	
-0.1416  	-0.2764  	-0.4806  	-1.3103  	-0.5059  	-1.4113  	0.05736  	0.36429  	0.19390  	0.38571  	0.87605  	-1.1704  	0.02305  	-1.3444  	-1.1839  	0.20723  	-0.3357  	-0.1464  	-0.1084  	0.77642  	0.49084  	-0.1869  	-0.9557  	0.18118  	0.28311  	-0.3016  	0.18932  	0.34475  	-0.2988  	0.24228  	0.08880  	0.46569  	-0.0615  	-0.0147  	0.36567  	0.12911  	-0.0230  	-0.3074  	-0.3705  	0.82471  	0.11651  	0.17102  	-0.2337  	0.19029  	0.09617  	-0.0654  	0.10320  	-0.2031  	-0.1125  	-0.0251  	-0.0177  	0.02383  	-0.0660  	-0.0024  	-0.0066  	-0.0803  	-0.0104  	0.00407  	-0.0262  	0.00875  	0.03526  	-0.0066  	-0.0439  	0.03068  	-0.0001  	-0.0500  	0.12569  	0.01415  	-0.0314  	0.44382  	
-0.1318  	-0.2573  	-0.4421  	-1.2277  	-0.4632  	-1.3473  	0.04719  	0.36057  	0.19136  	0.34567  	0.74298  	-1.1214  	0.06425  	-1.3487  	-1.1444  	0.25741  	-0.3486  	-0.1349  	-0.0929  	0.76118  	0.36171  	-0.1651  	-0.9170  	0.10600  	0.29262  	-0.2866  	0.17070  	0.40124  	-0.2255  	0.26380  	0.12058  	0.45377  	-0.0433  	-0.0075  	0.27345  	0.13055  	-0.0733  	-0.3281  	-0.3361  	0.83612  	0.14766  	0.15955  	-0.1992  	0.21660  	0.09508  	-0.0617  	0.09684  	-0.1914  	-0.1082  	-0.0315  	-0.0202  	0.02338  	-0.0664  	-0.0052  	-0.0117  	-0.0812  	-0.0116  	0.00026  	-0.0213  	0.00644  	0.04242  	-0.0038  	-0.0418  	0.02896  	-0.0001  	-0.0500  	0.12569  	0.01415  	-0.0314  	0.44382  	
-0.0689  	-0.2425  	-0.4529  	-1.0923  	-0.3891  	-1.3050  	0.02033  	0.38144  	0.21619  	0.32066  	0.63426  	-1.0589  	0.06609  	-1.3663  	-1.0799  	0.30532  	-0.3557  	-0.1035  	-0.0800  	0.77126  	0.31478  	-0.1735  	-0.9304  	0.07953  	0.23486  	-0.2867  	0.11628  	0.45719  	-0.1887  	0.27061  	0.12250  	0.45473  	-0.0499  	0.00378  	0.24641  	0.12431  	-0.1314  	-0.3311  	-0.3181  	0.85869  	0.15861  	0.15304  	-0.1866  	0.21293  	0.08385  	-0.0645  	0.09712  	-0.1839  	-0.0963  	-0.0371  	-0.0151  	0.02226  	-0.0741  	-0.0065  	-0.0042  	-0.0820  	-0.0117  	-0.0006  	-0.0221  	0.00450  	0.03792  	-0.0037  	-0.0378  	0.03440  	-0.0001  	-0.0500  	0.12569  	0.01415  	-0.0314  	0.44382  	
0.03223  	-0.2072  	-0.4407  	-1.0097  	-0.3462  	-1.2612  	-0.0002  	0.40895  	0.20729  	0.29581  	0.62708  	-1.0078  	0.07273  	-1.3351  	-0.9989  	0.32143  	-0.3532  	-0.0982  	-0.0837  	0.77797  	0.35801  	-0.1688  	-0.9414  	0.08986  	0.22447  	-0.2985  	0.09689  	0.44440  	-0.2208  	0.27951  	0.10842  	0.44585  	-0.0469  	0.00580  	0.28045  	0.11372  	-0.1080  	-0.3206  	-0.3272  	0.86728  	0.14154  	0.15950  	-0.1985  	0.20503  	0.08399  	-0.0621  	0.10201  	-0.1934  	-0.0989  	-0.0306  	-0.0134  	0.02341  	-0.0725  	-0.0058  	-0.0059  	-0.0844  	-0.0078  	0.00185  	-0.0199  	0.00686  	0.03357  	-0.0053  	-0.0381  	0.03282  	-0.0001  	-0.0500  	0.12569  	0.01415  	-0.0314  	0.44382  	
0.09174  	-0.1923  	-0.4073  	-0.9323  	-0.3259  	-1.2406  	0.00092  	0.43033  	0.20205  	0.27147  	0.61432  	-0.9924  	0.07449  	-1.2850  	-0.9463  	0.31883  	-0.3598  	-0.1211  	-0.1102  	0.75667  	0.39208  	-0.1656  	-0.9639  	0.10065  	0.22172  	-0.3028  	0.10965  	0.43814  	-0.2400  	0.28536  	0.10019  	0.45821  	-0.0394  	0.00584  	0.32388  	0.10470  	-0.0792  	-0.3133  	-0.3403  	0.86259  	0.13257  	0.15840  	-0.1965  	0.20747  	0.08867  	-0.0630  	0.10325  	-0.2067  	-0.1058  	-0.0250  	-0.0146  	0.02310  	-0.0698  	-0.0066  	-0.0095  	-0.0832  	-0.0073  	0.00105  	-0.0241  	0.00775  	0.03023  	-0.0046  	-0.0393  	0.03061  	-0.0001  	-0.0500  	0.12569  	0.01415  	-0.0314  	0.44382  	
0.28609  	-0.1152  	-0.2999  	-0.8227  	-0.2902  	-1.1542  	-0.0099  	0.50962  	0.23201  	0.20649  	0.66741  	-0.9752  	0.08810  	-1.1113  	-0.7966  	0.34119  	-0.3839  	-0.1818  	-0.1106  	0.73352  	0.57618  	-0.1648  	-0.9927  	0.16689  	0.19753  	-0.3248  	0.19293  	0.31522  	-0.3682  	0.27897  	0.09343  	0.47521  	-0.0025  	-0.0051  	0.45877  	0.03111  	0.02373  	-0.2984  	-0.3989  	0.84225  	0.09944  	0.17083  	-0.2222  	0.18978  	0.08245  	-0.0580  	0.10570  	-0.2082  	-0.1136  	-0.0238  	-0.0160  	0.02079  	-0.0692  	-0.0072  	-0.0122  	-0.0727  	-0.0095  	-0.0049  	-0.0263  	0.00791  	0.03054  	0.00208  	-0.0467  	0.03168  	-0.0001  	-0.0500  	0.12569  	0.01415  	-0.0314  	0.44382  	
0.44652  	-0.0486  	-0.1953  	-0.7955  	-0.3313  	-1.0889  	0.02532  	0.54442  	0.25649  	0.18891  	0.73911  	-1.0016  	0.10191  	-1.0226  	-0.7442  	0.40548  	-0.3856  	-0.2101  	-0.1077  	0.66074  	0.72131  	-0.1587  	-0.9820  	0.21366  	0.19924  	-0.3401  	0.29043  	0.16542  	-0.5038  	0.26635  	0.07818  	0.51257  	-0.0168  	-0.0145  	0.55598  	0.00197  	0.12689  	-0.2543  	-0.4489  	0.81889  	0.05376  	0.18062  	-0.2326  	0.18561  	0.08206  	-0.0589  	0.10308  	-0.2071  	-0.1106  	-0.0158  	-0.0168  	0.02712  	-0.0660  	0.00359  	-0.0076  	-0.0682  	-0.0218  	-0.0028  	-0.0217  	0.00621  	0.03509  	0.00482  	-0.0519  	0.02484  	-0.0001  	-0.0500  	0.12569  	0.01415  	-0.0314  	0.44382  	
0.53815  	-0.0216  	-0.1505  	-0.7416  	-0.3441  	-1.0230  	0.02852  	0.59270  	0.29748  	0.16095  	0.75032  	-1.0032  	0.11746  	-0.9796  	-0.7220  	0.41737  	-0.3709  	-0.2450  	-0.1094  	0.63342  	0.77999  	-0.1498  	-0.9443  	0.23854  	0.18670  	-0.3471  	0.34250  	0.07688  	-0.5758  	0.26669  	0.06881  	0.52437  	-0.0096  	-0.0187  	0.58812  	-0.0312  	0.17178  	-0.2371  	-0.4761  	0.79987  	0.03587  	0.17047  	-0.2286  	0.19180  	0.08136  	-0.0584  	0.09932  	-0.2027  	-0.1065  	-0.0126  	-0.0184  	0.02417  	-0.0653  	0.00268  	-0.0119  	-0.0614  	-0.0213  	-0.0011  	-0.0262  	0.00654  	0.03686  	0.00610  	-0.0515  	0.02372  	-0.0001  	-0.0500  	0.12569  	0.01415  	-0.0314  	0.44382  	
0.60539  	-0.0105  	-0.0948  	-0.7379  	-0.3689  	-0.9573  	0.04021  	0.64640  	0.32803  	0.13186  	0.76115  	-0.9883  	0.11724  	-0.9559  	-0.6747  	0.45269  	-0.3524  	-0.2758  	-0.0979  	0.60784  	0.80997  	-0.1316  	-0.8910  	0.29099  	0.20458  	-0.3559  	0.39127  	0.02119  	-0.6233  	0.26559  	0.07010  	0.53498  	-0.0021  	-0.0250  	0.59624  	-0.0528  	0.22210  	-0.2209  	-0.4803  	0.78131  	0.02650  	0.16914  	-0.2172  	0.19262  	0.07994  	-0.0593  	0.09589  	-0.1910  	-0.0997  	-0.0170  	-0.0252  	0.02601  	-0.0666  	0.00491  	-0.0127  	-0.0615  	-0.0197  	-0.0001  	-0.0287  	0.01253  	0.03625  	0.00101  	-0.0467  	0.02555  	-0.0001  	-0.0500  	0.12569  	0.01415  	-0.0314  	0.44382  	
0.62517  	-0.0148  	-0.0797  	-0.7339  	-0.3653  	-0.9335  	0.04285  	0.66256  	0.33053  	0.13274  	0.75737  	-0.9802  	0.12770  	-0.9402  	-0.6699  	0.47380  	-0.3486  	-0.2826  	-0.0976  	0.59867  	0.80525  	-0.1276  	-0.8809  	0.30491  	0.20521  	-0.3563  	0.40064  	0.00863  	-0.6294  	0.27707  	0.06902  	0.53763  	-0.0028  	-0.0210  	0.59847  	-0.0509  	0.22809  	-0.2166  	-0.4718  	0.77610  	0.01627  	0.17352  	-0.2171  	0.19297  	0.07786  	-0.0597  	0.09431  	-0.1890  	-0.0959  	-0.0238  	-0.0257  	0.02702  	-0.0649  	0.00678  	-0.0122  	-0.0612  	-0.0220  	0.00072  	-0.0298  	0.01441  	0.03757  	0.00023  	-0.0427  	0.02870  	-0.0001  	-0.0500  	0.12569  	0.01415  	-0.0314  	0.44382  	
0.33407  	-0.1590  	-0.3456  	-0.8421  	-0.2796  	-1.1742  	0.05927  	0.40501  	0.22482  	0.30160  	0.69018  	-0.9960  	0.12358  	-1.2097  	-0.9459  	0.38065  	-0.3849  	-0.1030  	-0.1329  	0.80485  	0.40186  	-0.1783  	-1.0639  	0.10907  	0.27916  	-0.3206  	0.13354  	0.44156  	-0.2867  	0.28107  	0.08292  	0.47396  	-0.0084  	-0.0080  	0.40688  	0.12815  	-0.0884  	-0.3205  	-0.3481  	0.88514  	0.09262  	0.17623  	-0.2180  	0.20292  	0.08646  	-0.0681  	0.10811  	-0.1887  	-0.0989  	-0.0348  	-0.0026  	0.02223  	-0.0706  	-0.0050  	-0.0074  	-0.0763  	-0.0021  	0.00076  	-0.0247  	0.00517  	0.03280  	-0.0101  	-0.0406  	0.03432  	-0.0001  	-0.0500  	0.12569  	0.01415  	-0.0314  	0.44382  	
0.21912  	-0.2319  	-0.4422  	-0.8942  	-0.3277  	-1.2538  	0.08690  	0.32016  	0.18619  	0.28567  	0.66555  	-1.0642  	0.08354  	-1.3292  	-1.0405  	0.35270  	-0.3780  	-0.0969  	-0.1303  	0.85144  	0.30700  	-0.1630  	-1.1225  	0.15183  	0.34862  	-0.3150  	0.14180  	0.50450  	-0.2394  	0.30736  	0.07008  	0.49140  	-0.0573  	-0.0113  	0.36252  	0.19098  	-0.1079  	-0.3247  	-0.3480  	0.88000  	0.11705  	0.16533  	-0.2120  	0.20175  	0.08950  	-0.0670  	0.09600  	-0.1889  	-0.0948  	-0.0298  	-0.0032  	0.02470  	-0.0610  	-0.0016  	-0.0055  	-0.0798  	-0.0047  	0.00339  	-0.0229  	0.01106  	0.02861  	-0.0109  	-0.0356  	0.03516  	-0.0001  	-0.0500  	0.12569  	0.01415  	-0.0314  	0.44382  	
0.15065  	-0.2169  	-0.4220  	-0.7627  	-0.2496  	-1.1839  	0.02512  	0.32014  	0.15767  	0.25919  	0.60002  	-1.0616  	0.04748  	-1.3397  	-0.9463  	0.33848  	-0.3513  	-0.1553  	-0.1019  	0.75095  	0.36871  	-0.1752  	-1.0966  	0.19689  	0.40395  	-0.3359  	0.29550  	0.44235  	-0.2610  	0.36960  	0.03637  	0.51445  	-0.0905  	-0.0062  	0.40872  	0.20553  	-0.0644  	-0.3219  	-0.3720  	0.87995  	0.06778  	0.17763  	-0.2242  	0.20717  	0.09588  	-0.0684  	0.09116  	-0.1942  	-0.0980  	-0.0368  	0.00772  	0.02131  	-0.0617  	-0.0059  	-0.0090  	-0.0720  	0.00731  	0.00711  	-0.0159  	0.00956  	0.02760  	-0.0227  	-0.0347  	0.02750  	-0.0001  	-0.0500  	0.12569  	0.01415  	-0.0314  	0.44382  	
0.17087  	-0.2128  	-0.3822  	-0.7931  	-0.2955  	-1.1233  	0.01486  	0.35406  	0.15260  	0.26060  	0.59635  	-1.0624  	0.05179  	-1.3150  	-0.9717  	0.37641  	-0.3716  	-0.1738  	-0.0985  	0.75201  	0.37045  	-0.1567  	-1.0480  	0.18976  	0.35059  	-0.3289  	0.26162  	0.41155  	-0.2647  	0.35073  	0.05805  	0.49922  	-0.0831  	-0.0006  	0.38650  	0.19659  	-0.0658  	-0.3252  	-0.3733  	0.86902  	0.06479  	0.17629  	-0.2231  	0.19537  	0.09118  	-0.0680  	0.09180  	-0.1949  	-0.1000  	-0.0335  	-0.0034  	0.01979  	-0.0634  	-0.0052  	-0.0049  	-0.0744  	-0.0005  	0.00018  	-0.0168  	0.00398  	0.02727  	-0.0222  	-0.0394  	0.02825  	-0.0001  	-0.0500  	0.12569  	0.01415  	-0.0314  	0.44382  	
0.32369  	-0.1946  	-0.2999  	-0.8204  	-0.2957  	-1.1140  	0.05762  	0.36979  	0.17942  	0.32545  	0.64096  	-1.0531  	0.05055  	-1.3221  	-1.0455  	0.48109  	-0.4070  	-0.1231  	-0.0768  	0.76230  	0.39668  	-0.1586  	-1.0685  	0.18395  	0.34587  	-0.3515  	0.26235  	0.38310  	-0.3060  	0.32391  	0.04600  	0.51451  	-0.0739  	-0.0086  	0.43478  	0.21372  	-0.0241  	-0.3090  	-0.3841  	0.88214  	0.07805  	0.18622  	-0.2268  	0.21249  	0.09614  	-0.0679  	0.09201  	-0.1943  	-0.0946  	-0.0317  	-0.0027  	0.02234  	-0.0615  	-0.0049  	-0.0035  	-0.0745  	-0.0027  	0.00260  	-0.0244  	0.00716  	0.02606  	-0.0168  	-0.0365  	0.02958  	-0.0001  	-0.0500  	0.12569  	0.01415  	-0.0314  	0.44382  	
0.40908  	-0.1567  	-0.2676  	-0.6948  	-0.1641  	-1.0781  	0.09682  	0.38728  	0.17345  	0.31703  	0.58234  	-1.0191  	0.08623  	-1.2646  	-0.9678  	0.47818  	-0.4283  	-0.0852  	-0.1161  	0.81400  	0.33416  	-0.1444  	-1.2006  	0.22238  	0.37651  	-0.3623  	0.26706  	0.44757  	-0.2447  	0.31478  	0.01636  	0.52277  	-0.0532  	-0.0106  	0.44630  	0.21561  	-0.0899  	-0.3274  	-0.3705  	0.92499  	0.08166  	0.19001  	-0.2242  	0.18955  	0.08738  	-0.0655  	0.09016  	-0.1888  	-0.0827  	-0.0373  	0.00231  	0.01823  	-0.0718  	-0.0076  	-0.0040  	-0.0782  	0.00772  	0.00770  	-0.0222  	0.00762  	0.02162  	-0.0215  	-0.0402  	0.02408  	-0.0001  	-0.0500  	0.12569  	0.01415  	-0.0314  	0.44382  	
0.45299  	-0.1208  	-0.2220  	-0.5290  	-0.1131  	-1.0604  	0.03242  	0.44907  	0.18091  	0.23220  	0.52173  	-0.9956  	0.17326  	-1.1924  	-0.8091  	0.39119  	-0.3244  	-0.3497  	-0.0727  	0.53757  	0.46949  	-0.3542  	-1.4383  	0.23372  	0.38214  	-0.2758  	0.32384  	0.30101  	-0.1704  	0.37227  	0.13568  	0.46054  	-0.1564  	-0.1620  	0.43506  	0.16115  	-0.1520  	-0.3505  	-0.4443  	0.83721  	0.06469  	0.34286  	-0.3420  	0.25969  	0.03473  	-0.0365  	0.05185  	-0.1641  	-0.1080  	-0.0396  	0.02424  	0.02604  	-0.0632  	0.01349  	-0.0005  	-0.0688  	0.00035  	-0.0144  	-0.0173  	0.02528  	0.02990  	-0.0299  	-0.0569  	0.03464  	-0.0001  	-0.0500  	0.12569  	0.01415  	-0.0314  	0.44382  	
0.50669  	-0.0889  	-0.3344  	-0.3427  	0.01630  	-1.0725  	-0.0415  	0.55381  	0.13834  	0.16709  	0.43732  	-0.9232  	0.29990  	-1.0536  	-0.4372  	0.16731  	-0.2532  	-0.5417  	0.00558  	0.26026  	0.57510  	-0.4637  	-1.6098  	0.24418  	0.28162  	-0.1801  	0.37306  	0.21950  	-0.1386  	0.37890  	0.25220  	0.39836  	-0.2242  	-0.2962  	0.43640  	0.06204  	-0.2266  	-0.3597  	-0.5620  	0.76021  	0.11508  	0.44364  	-0.4754  	0.34387  	-0.0158  	-0.0219  	0.03953  	-0.1665  	-0.1245  	-0.0485  	0.01345  	0.02692  	-0.0636  	0.02368  	-0.0038  	-0.0751  	-0.0080  	-0.0198  	-0.0171  	0.02633  	0.03091  	-0.0141  	-0.0708  	0.02603  	-0.0001  	-0.0500  	0.12569  	0.01415  	-0.0314  	0.44382  	
0.69957  	-0.0197  	-0.1395  	-0.2653  	-0.0342  	-0.9361  	0.01094  	0.65818  	0.22230  	0.21370  	0.24645  	-1.1001  	0.44468  	-0.8502  	-0.2555  	0.11882  	-0.2000  	-0.5674  	0.03132  	0.12795  	0.60274  	-0.4956  	-1.5694  	0.19506  	0.30645  	-0.1900  	0.37295  	0.09231  	-0.0324  	0.40001  	0.26914  	0.37007  	-0.2488  	-0.3285  	0.35039  	0.01727  	-0.2599  	-0.3812  	-0.5099  	0.76893  	0.13870  	0.46503  	-0.4578  	0.36091  	-0.0357  	-0.0241  	0.03935  	-0.1360  	-0.0973  	-0.0640  	0.00844  	0.02665  	-0.0665  	0.02943  	0.00619  	-0.0647  	-0.0176  	-0.0241  	-0.0209  	0.03630  	0.03652  	-0.0102  	-0.0861  	0.01750  	-0.0001  	-0.0500  	0.12569  	0.01415  	-0.0314  	0.44382  	
0.73412  	-0.0419  	-0.1218  	-0.3728  	-0.0324  	-1.0163  	0.07279  	0.59829  	0.21009  	0.29241  	0.16458  	-1.2460  	0.45139  	-0.6873  	-0.2412  	-0.0058  	-0.2156  	-0.5652  	-0.0008  	0.11332  	0.50017  	-0.4164  	-1.4753  	0.20673  	0.38565  	-0.2107  	0.45811  	0.02204  	-0.0311  	0.43525  	0.27891  	0.37578  	-0.2409  	-0.2948  	0.36234  	0.04237  	-0.2559  	-0.3788  	-0.5413  	0.79502  	0.12170  	0.42617  	-0.4479  	0.35784  	-0.0265  	-0.0257  	0.04183  	-0.1286  	-0.0892  	-0.0483  	0.00951  	0.03182  	-0.0680  	0.02482  	0.00517  	-0.0655  	-0.0220  	-0.0223  	-0.0248  	0.03692  	0.03872  	-0.0088  	-0.0738  	0.01880  	-0.0001  	-0.0500  	0.12569  	0.01415  	-0.0314  	0.44382  	
0.16235  	-0.1680  	-0.3681  	-0.8114  	-0.2486  	-1.2684  	0.04110  	0.48548  	0.21105  	0.20467  	0.63286  	-0.9982  	0.17383  	-1.1248  	-0.7473  	0.18356  	-0.3259  	-0.3258  	-0.0542  	0.55158  	0.62489  	-0.3926  	-1.3340  	0.25872  	0.20865  	-0.2522  	0.28443  	0.26259  	-0.2752  	0.27505  	0.21142  	0.42119  	-0.1162  	-0.1786  	0.43747  	0.02911  	-0.0989  	-0.3494  	-0.5277  	0.81339  	0.10216  	0.31216  	-0.3920  	0.25498  	0.02716  	-0.0392  	0.07724  	-0.1849  	-0.1140  	-0.0370  	0.00726  	0.01765  	-0.0798  	0.00912  	-0.0086  	-0.0664  	-0.0107  	-0.0125  	-0.0221  	0.01448  	0.03901  	-0.0130  	-0.0604  	0.01743  	-0.0001  	-0.0500  	0.12569  	0.01415  	-0.0314  	0.44382  	
0.05760  	-0.2750  	-0.3609  	-1.0111  	-0.3011  	-1.2400  	0.10780  	0.39616  	0.21035  	0.31197  	0.70614  	-1.0219  	0.09216  	-1.2583  	-1.0260  	0.29878  	-0.4134  	-0.0910  	-0.1201  	0.83963  	0.42202  	-0.1935  	-1.0665  	0.22077  	0.28288  	-0.3328  	0.15431  	0.40980  	-0.2977  	0.28988  	0.10039  	0.45039  	-0.0351  	0.01552  	0.40971  	0.12439  	-0.0706  	-0.3391  	-0.3599  	0.91862  	0.07370  	0.17065  	-0.2341  	0.19125  	0.07640  	-0.0579  	0.10175  	-0.2056  	-0.0985  	-0.0318  	-0.0113  	0.01774  	-0.0769  	-0.0072  	-0.0144  	-0.0857  	-0.0045  	0.00302  	-0.0311  	0.01448  	0.02631  	-0.0140  	-0.0414  	0.02489  	-0.0001  	-0.0500  	0.12569  	0.01415  	-0.0314  	0.44382  	
-0.0041  	-0.2833  	-0.5540  	-0.7665  	-0.1551  	-1.3424  	0.08407  	0.37226  	0.17441  	0.30360  	0.70632  	-0.9706  	0.08189  	-1.2711  	-0.9702  	0.27564  	-0.4327  	-0.1028  	-0.1306  	0.86942  	0.38530  	-0.1977  	-1.1319  	0.17092  	0.31518  	-0.3346  	0.18845  	0.48592  	-0.2484  	0.32866  	0.07056  	0.45396  	-0.0527  	0.00426  	0.44283  	0.17793  	-0.1325  	-0.3621  	-0.3490  	0.89487  	0.03976  	0.19264  	-0.2693  	0.17452  	0.10198  	-0.0640  	0.10754  	-0.2114  	-0.0958  	-0.0298  	0.00264  	0.02058  	-0.0732  	-0.0028  	-0.0122  	-0.0748  	-0.0019  	0.00302  	-0.0205  	0.01134  	0.02873  	-0.0213  	-0.0412  	0.02329  	-0.0001  	-0.0500  	0.12569  	0.01415  	-0.0314  	0.44382  	
0.21028  	-0.1952  	-0.5194  	-0.5088  	-0.0037  	-1.2235  	0.05611  	0.50268  	0.21932  	0.25569  	0.55816  	-0.8230  	0.16868  	-1.0316  	-0.7359  	0.33272  	-0.4209  	-0.1282  	-0.1288  	0.89618  	0.36817  	-0.1942  	-1.1903  	0.18674  	0.35294  	-0.3334  	0.19363  	0.54428  	-0.2097  	0.34573  	0.05108  	0.44434  	-0.0310  	0.01674  	0.49179  	0.14857  	-0.1726  	-0.3756  	-0.3231  	0.92680  	-0.0264  	0.21734  	-0.2640  	0.18389  	0.10399  	-0.0640  	0.10915  	-0.2008  	-0.0891  	-0.0332  	-0.0024  	0.01824  	-0.0745  	0.00141  	-0.0059  	-0.0741  	0.00169  	0.00088  	-0.0115  	0.01054  	0.01636  	-0.0142  	-0.0521  	0.01765  	-0.0001  	-0.0500  	0.12569  	0.01415  	-0.0314  	0.44382  	
0.29816  	-0.1229  	-0.4544  	-0.3809  	0.06658  	-1.1081  	0.05774  	0.53988  	0.19395  	0.17168  	0.36685  	-0.8308  	0.25093  	-0.7784  	-0.5536  	0.33332  	-0.4269  	-0.1323  	-0.1413  	0.84754  	0.34854  	-0.1281  	-1.2305  	0.14958  	0.45460  	-0.3651  	0.24357  	0.57492  	-0.1239  	0.43288  	0.02682  	0.45078  	-0.0220  	0.01263  	0.47848  	0.09879  	-0.1712  	-0.3922  	-0.2944  	0.93097  	-0.0318  	0.20449  	-0.2513  	0.17134  	0.10493  	-0.0645  	0.09737  	-0.1810  	-0.0899  	-0.0269  	-0.0038  	0.02099  	-0.0778  	-0.0030  	-0.0134  	-0.0692  	-0.0048  	-0.0054  	-0.0148  	0.00854  	0.03375  	-0.0115  	-0.0535  	0.01585  	-0.0001  	-0.0500  	0.12569  	0.01415  	-0.0314  	0.44382  	
0.33787  	-0.1057  	-0.4018  	-0.3838  	-0.0542  	-0.9939  	0.05339  	0.49540  	0.24145  	0.17813  	0.27876  	-0.9112  	0.24750  	-0.8868  	-0.5204  	0.36785  	-0.3693  	-0.1008  	-0.0908  	0.81440  	0.36088  	-0.1033  	-1.1445  	0.11827  	0.44095  	-0.3307  	0.20421  	0.55255  	-0.0971  	0.42743  	0.02943  	0.43445  	-0.0145  	0.01850  	0.40001  	0.06144  	-0.1591  	-0.3700  	-0.2735  	0.91878  	-0.0065  	0.18428  	-0.2370  	0.17469  	0.10122  	-0.0621  	0.09235  	-0.1803  	-0.0982  	-0.0357  	-0.0126  	0.01950  	-0.0714  	-0.0048  	-0.0091  	-0.0695  	-0.0040  	-0.0004  	-0.0167  	0.00910  	0.02704  	-0.0162  	-0.0482  	0.02400  	-0.0001  	-0.0500  	0.12569  	0.01415  	-0.0314  	0.44382  	
0.30390  	-0.1387  	-0.3791  	-0.5999  	-0.1703  	-1.0271  	0.04295  	0.44471  	0.20181  	0.22681  	0.33279  	-0.9854  	0.16540  	-1.1498  	-0.6847  	0.34788  	-0.3469  	-0.0930  	-0.0745  	0.75667  	0.36630  	-0.1435  	-1.0301  	0.13551  	0.39855  	-0.3519  	0.22267  	0.46519  	-0.1783  	0.38264  	0.03157  	0.46967  	-0.0327  	0.00058  	0.34152  	0.09026  	-0.1153  	-0.3440  	-0.3400  	0.91227  	0.02266  	0.17019  	-0.2266  	0.20073  	0.08901  	-0.0554  	0.09066  	-0.1783  	-0.0924  	-0.0286  	-0.0037  	0.02143  	-0.0687  	-0.0104  	-0.0057  	-0.0653  	-0.0031  	-0.0068  	-0.0194  	0.01476  	0.03029  	-0.0200  	-0.0419  	0.02648  	-0.0001  	-0.0500  	0.12569  	0.01415  	-0.0314  	0.44382  	
0.35662  	-0.1489  	-0.3067  	-0.7106  	-0.1965  	-1.0746  	0.03010  	0.37718  	0.18776  	0.25608  	0.52270  	-1.0087  	0.08088  	-1.2666  	-0.9109  	0.42908  	-0.4258  	-0.1381  	-0.0958  	0.79276  	0.38849  	-0.1257  	-1.0979  	0.20042  	0.33866  	-0.3518  	0.26798  	0.37028  	-0.2804  	0.35468  	0.03516  	0.50494  	-0.0492  	0.00077  	0.43145  	0.16650  	-0.0671  	-0.3209  	-0.3622  	0.88771  	0.05740  	0.19158  	-0.2274  	0.20270  	0.08374  	-0.0545  	0.09086  	-0.1873  	-0.0919  	-0.0431  	0.00455  	0.02215  	-0.0672  	-0.0095  	-0.0103  	-0.0686  	0.00435  	0.00190  	-0.0125  	0.00841  	0.02601  	-0.0256  	-0.0374  	0.02429  	-0.0001  	-0.0500  	0.12569  	0.01415  	-0.0314  	0.44382  	
0.35913  	-0.1909  	-0.2696  	-0.7392  	-0.1986  	-1.1442  	0.05008  	0.36796  	0.17993  	0.36722  	0.62231  	-0.9723  	0.06251  	-1.3480  	-1.0844  	0.54510  	-0.4161  	-0.1033  	-0.0695  	0.79522  	0.34606  	-0.1612  	-1.1510  	0.19091  	0.40572  	-0.3673  	0.29251  	0.42400  	-0.2831  	0.35264  	0.04320  	0.51579  	-0.0730  	-0.0210  	0.43164  	0.23952  	-0.0636  	-0.3259  	-0.3472  	0.89277  	0.04618  	0.19057  	-0.2271  	0.21293  	0.09791  	-0.0646  	0.09151  	-0.1790  	-0.0866  	-0.0376  	0.00767  	0.02142  	-0.0602  	-0.0084  	-0.0029  	-0.0721  	0.00111  	-0.0009  	-0.0188  	0.01107  	0.03061  	-0.0264  	-0.0321  	0.02828  	-0.0001  	-0.0500  	0.12569  	0.01415  	-0.0314  	0.44382  	
0.24655  	-0.1988  	-0.3120  	-0.7972  	-0.2710  	-1.1580  	0.05513  	0.38236  	0.18029  	0.32639  	0.61272  	-1.0551  	0.02541  	-1.3389  	-1.0909  	0.46953  	-0.3988  	-0.0935  	-0.0750  	0.79526  	0.34589  	-0.1660  	-1.1244  	0.15659  	0.42876  	-0.3667  	0.27707  	0.42708  	-0.2479  	0.36787  	0.02950  	0.51735  	-0.0879  	-0.0189  	0.39986  	0.25463  	-0.0676  	-0.3204  	-0.3455  	0.88242  	0.06536  	0.16880  	-0.2178  	0.22453  	0.09220  	-0.0686  	0.08547  	-0.1914  	-0.0965  	-0.0338  	0.00299  	0.02039  	-0.0614  	-0.0058  	-0.0009  	-0.0719  	-0.0001  	0.00496  	-0.0205  	0.01330  	0.03098  	-0.0239  	-0.0305  	0.02801  	-0.0001  	-0.0500  	0.12569  	0.01415  	-0.0314  	0.44382  	
0.06874  	-0.2733  	-0.5671  	-0.7544  	-0.1912  	-1.2375  	0.04830  	0.37932  	0.14841  	0.26079  	0.60936  	-1.0215  	0.07038  	-1.2128  	-0.9933  	0.29675  	-0.4095  	-0.1093  	-0.0893  	0.81736  	0.37052  	-0.1621  	-1.1510  	0.21263  	0.43897  	-0.3524  	0.29222  	0.44776  	-0.2429  	0.35921  	0.02825  	0.48107  	-0.0864  	-0.0246  	0.43044  	0.23904  	-0.0693  	-0.3395  	-0.3549  	0.88299  	0.01108  	0.20177  	-0.2684  	0.17968  	0.11582  	-0.0590  	0.09198  	-0.2034  	-0.1051  	-0.0341  	-0.0006  	0.02623  	-0.0650  	-0.0053  	-0.0100  	-0.0831  	0.00575  	0.00496  	-0.0201  	0.01131  	0.02460  	-0.0323  	-0.0382  	0.03069  	-0.0001  	-0.0500  	0.12569  	0.01415  	-0.0314  	0.44382  	
0.18113  	-0.2000  	-0.4814  	-0.7084  	-0.0999  	-1.3002  	0.01233  	0.45467  	0.18729  	0.27007  	0.70832  	-0.8603  	0.10382  	-1.0020  	-0.6673  	0.23557  	-0.4273  	-0.2094  	-0.1374  	0.81076  	0.52549  	-0.1830  	-1.1467  	0.30390  	0.24550  	-0.3624  	0.26903  	0.37037  	-0.4528  	0.28399  	0.07031  	0.47928  	-0.0139  	-0.0084  	0.62042  	0.05209  	0.00653  	-0.3650  	-0.3977  	0.92407  	-0.0024  	0.20651  	-0.2779  	0.17601  	0.10652  	-0.0588  	0.10553  	-0.2134  	-0.1114  	-0.0121  	-0.0049  	0.01692  	-0.0677  	-0.0114  	-0.0165  	-0.0742  	-0.0039  	-0.0075  	-0.0251  	0.01829  	0.02595  	-0.0138  	-0.0447  	0.02535  	-0.0001  	-0.0500  	0.12569  	0.01415  	-0.0314  	0.44382  	
0.63525  	-0.0773  	-0.1864  	-0.5366  	-0.1388  	-0.9701  	0.09027  	0.54592  	0.22308  	0.23424  	0.27435  	-1.0091  	0.27724  	-0.7302  	-0.3526  	0.19515  	-0.3539  	-0.2553  	-0.1287  	0.60727  	0.53459  	-0.0327  	-1.0220  	0.34502  	0.28879  	-0.3620  	0.41609  	0.12487  	-0.3611  	0.34599  	0.07022  	0.50670  	-0.0359  	-0.0039  	0.55109  	0.03641  	-0.0232  	-0.3365  	-0.3624  	0.91598  	-0.0101  	0.20272  	-0.2530  	0.19859  	0.08826  	-0.0636  	0.09315  	-0.1770  	-0.0823  	-0.0416  	-0.0100  	0.02113  	-0.0741  	-0.0109  	-0.0173  	-0.0621  	-0.0161  	-0.0081  	-0.0194  	0.00920  	0.03969  	0.00587  	-0.0616  	0.01959  	-0.0001  	-0.0500  	0.12569  	0.01415  	-0.0314  	0.44382  	
0.77510  	-0.0640  	-0.0483  	-0.5755  	-0.1951  	-0.8737  	0.09737  	0.58287  	0.27065  	0.23827  	0.23682  	-1.1685  	0.30876  	-0.7358  	-0.4219  	0.21735  	-0.3375  	-0.2782  	-0.1263  	0.57285  	0.53974  	-0.0294  	-0.9294  	0.22535  	0.34995  	-0.3694  	0.41395  	0.11033  	-0.3239  	0.36972  	0.07001  	0.50251  	-0.0242  	0.00324  	0.50491  	0.04011  	0.00664  	-0.3129  	-0.3391  	0.89614  	0.02703  	0.18487  	-0.2112  	0.21095  	0.07546  	-0.0641  	0.07937  	-0.1481  	-0.0639  	-0.0341  	-0.0054  	0.02139  	-0.0716  	-0.0096  	-0.0063  	-0.0521  	-0.0194  	-0.0028  	-0.0302  	0.01458  	0.03355  	-0.0054  	-0.0448  	0.02020  	-0.0001  	-0.0500  	0.12569  	0.01415  	-0.0314  	0.44382  	
0.63585  	-0.0440  	-0.1075  	-0.6640  	-0.2584  	-0.9521  	0.14580  	0.55926  	0.26825  	0.26443  	0.38333  	-1.2064  	0.21016  	-0.9279  	-0.6146  	0.29023  	-0.3411  	-0.2717  	-0.0903  	0.59123  	0.63291  	-0.0490  	-0.9640  	0.25997  	0.41821  	-0.3563  	0.46087  	0.10563  	-0.3764  	0.34254  	0.03049  	0.50273  	-0.0633  	-0.0251  	0.49207  	0.05560  	0.04264  	-0.2986  	-0.3557  	0.89102  	0.03467  	0.19429  	-0.2050  	0.21829  	0.07341  	-0.0556  	0.07694  	-0.1471  	-0.0711  	-0.0249  	-0.0074  	0.02398  	-0.0678  	-0.0014  	-0.0075  	-0.0621  	-0.0141  	-0.0045  	-0.0269  	0.00847  	0.03102  	-0.0076  	-0.0481  	0.01666  	-0.0001  	-0.0500  	0.12569  	0.01415  	-0.0314  	0.44382  	
0.27754  	-0.1767  	-0.3291  	-0.6965  	-0.1838  	-1.1061  	0.09834  	0.48573  	0.22358  	0.23809  	0.60495  	-1.0336  	0.11688  	-1.0891  	-0.9211  	0.39506  	-0.4246  	-0.1495  	-0.1085  	0.79138  	0.46599  	-0.1476  	-1.0941  	0.26267  	0.37315  	-0.3637  	0.31935  	0.34741  	-0.2865  	0.35858  	0.04703  	0.47013  	-0.0461  	0.00113  	0.48986  	0.14307  	-0.0402  	-0.3241  	-0.3855  	0.89856  	0.00596  	0.17430  	-0.2386  	0.22232  	0.08889  	-0.0650  	0.09659  	-0.2004  	-0.0983  	-0.0430  	-0.0064  	0.01794  	-0.0669  	-0.0020  	-0.0133  	-0.0792  	-0.0013  	-0.0024  	-0.0187  	0.01018  	0.02376  	-0.0155  	-0.0462  	0.02819  	-0.0001  	-0.0500  	0.12569  	0.01415  	-0.0314  	0.44382  	
0.18294  	-0.2242  	-0.4379  	-0.7284  	-0.1787  	-1.1677  	0.06189  	0.39786  	0.20456  	0.23780  	0.58773  	-0.9946  	0.08267  	-1.1863  	-0.9144  	0.28769  	-0.4039  	-0.1011  	-0.1228  	0.82144  	0.37191  	-0.1490  	-1.1088  	0.16142  	0.35067  	-0.3369  	0.21163  	0.50224  	-0.1941  	0.34740  	0.06715  	0.45425  	-0.0489  	0.00637  	0.40299  	0.15374  	-0.1194  	-0.3450  	-0.3390  	0.88266  	0.06186  	0.18219  	-0.2299  	0.19362  	0.10433  	-0.0657  	0.09457  	-0.1924  	-0.1019  	-0.0343  	0.00175  	0.02260  	-0.0710  	-0.0028  	-0.0087  	-0.0778  	0.00738  	0.00514  	-0.0202  	0.00953  	0.02460  	-0.0191  	-0.0387  	0.03170  	-0.0001  	-0.0500  	0.12569  	0.01415  	-0.0314  	0.44382  	
0.38556  	-0.1327  	-0.3346  	-0.6811  	-0.1380  	-1.0492  	0.07322  	0.48524  	0.24518  	0.23929  	0.55325  	-0.9173  	0.15976  	-1.0535  	-0.8458  	0.39267  	-0.4103  	-0.1439  	-0.1170  	0.80512  	0.43819  	-0.1376  	-1.0912  	0.16930  	0.38535  	-0.3419  	0.21122  	0.45142  	-0.2295  	0.33459  	0.05671  	0.45412  	-0.0208  	-0.0069  	0.43662  	0.10855  	-0.0766  	-0.3391  	-0.3280  	0.88393  	0.07362  	0.16975  	-0.2099  	0.19664  	0.08720  	-0.0664  	0.09625  	-0.1859  	-0.0989  	-0.0231  	0.00518  	0.01530  	-0.0738  	-0.0097  	-0.0075  	-0.0702  	-0.0040  	-0.0077  	-0.0185  	0.01256  	0.02800  	-0.0115  	-0.0431  	0.03137  	-0.0001  	-0.0500  	0.12569  	0.01415  	-0.0314  	0.44382  	
0.14756  	-0.2506  	-0.4661  	-0.8380  	-0.2177  	-1.2965  	0.09482  	0.44316  	0.21387  	0.28180  	0.78094  	-0.9720  	0.12144  	-1.0626  	-0.9785  	0.29102  	-0.4226  	-0.1223  	-0.1293  	0.83537  	0.46510  	-0.1730  	-1.1351  	0.21758  	0.35777  	-0.3643  	0.24431  	0.40150  	-0.2942  	0.29094  	0.06090  	0.43756  	-0.0039  	-0.0130  	0.49761  	0.13372  	-0.0149  	-0.3493  	-0.3943  	0.85543  	0.02183  	0.19222  	-0.2444  	0.18394  	0.10381  	-0.0661  	0.10208  	-0.2041  	-0.0957  	-0.0267  	-0.0071  	0.01626  	-0.0733  	-0.0040  	-0.0021  	-0.0679  	-0.0078  	-0.0055  	-0.0140  	0.01455  	0.02138  	-0.0021  	-0.0425  	0.02939  	-0.0001  	-0.0500  	0.12569  	0.01415  	-0.0314  	0.44382  	
-0.1454  	-0.2979  	-0.5571  	-0.9740  	-0.1892  	-1.4156  	0.03464  	0.45285  	0.16171  	0.19157  	0.82382  	-0.9016  	0.07678  	-1.1836  	-0.8640  	0.21543  	-0.4157  	-0.1433  	-0.1015  	0.82488  	0.53382  	-0.2125  	-1.0895  	0.24183  	0.23375  	-0.3241  	0.25980  	0.35525  	-0.3821  	0.24914  	0.08806  	0.43599  	0.01060  	-0.0109  	0.50540  	0.10448  	-0.0252  	-0.3288  	-0.3927  	0.84926  	0.02598  	0.21207  	-0.2962  	0.16706  	0.09958  	-0.0551  	0.11445  	-0.2215  	-0.1186  	-0.0216  	-0.0223  	0.02029  	-0.0760  	-0.0096  	-0.0144  	-0.0791  	-0.0005  	0.00890  	-0.0240  	0.00678  	0.02329  	-0.0138  	-0.0478  	0.02879  	-0.0001  	-0.0500  	0.12569  	0.01415  	-0.0314  	0.44382  	
0.56785  	-0.0386  	-0.1067  	-0.8254  	-0.3231  	-1.0477  	0.03456  	0.55988  	0.26363  	0.24954  	0.54794  	-0.9511  	0.19542  	-0.9458  	-0.6272  	0.33958  	-0.3327  	-0.2313  	-0.0896  	0.67866  	0.65004  	-0.1679  	-0.9445  	0.23237  	0.21741  	-0.3526  	0.31523  	0.13201  	-0.5029  	0.29942  	0.08531  	0.49098  	0.00013  	-0.0281  	0.51511  	-0.0140  	0.11349  	-0.2885  	-0.4144  	0.88154  	0.02398  	0.16943  	-0.2568  	0.20963  	0.07991  	-0.0586  	0.08406  	-0.1926  	-0.1066  	-0.0062  	-0.0224  	0.01964  	-0.0795  	-0.0015  	-0.0103  	-0.0677  	-0.0241  	-0.0072  	-0.0389  	0.00707  	0.03829  	0.00179  	-0.0390  	0.02748  	-0.0001  	-0.0500  	0.12569  	0.01415  	-0.0314  	0.44382  	
0.65706  	-0.0478  	-0.0035  	-0.8924  	-0.4431  	-1.0088  	0.05802  	0.65643  	0.30600  	0.17958  	0.71954  	-0.9635  	0.12167  	-1.0475  	-0.7833  	0.49639  	-0.3841  	-0.2003  	-0.0909  	0.74298  	0.73059  	-0.1210  	-0.9209  	0.19806  	0.25471  	-0.3474  	0.22739  	0.16048  	-0.4754  	0.27471  	0.05984  	0.52697  	-0.0022  	-0.0160  	0.46851  	-0.0210  	0.14957  	-0.2502  	-0.4060  	0.80873  	0.04331  	0.15761  	-0.1763  	0.21597  	0.09511  	-0.0513  	0.09290  	-0.1796  	-0.0865  	-0.0272  	-0.0189  	0.02250  	-0.0628  	-0.0093  	-0.0099  	-0.0657  	-0.0243  	-0.0009  	-0.0331  	0.01007  	0.03513  	-0.0078  	-0.0460  	0.02148  	-0.0001  	-0.0500  	0.12569  	0.01415  	-0.0314  	0.44382  	
0.55819  	-0.1255  	-0.0234  	-0.7239  	-0.2924  	-1.0076  	0.03517  	0.54640  	0.27841  	0.28421  	0.68379  	-1.0109  	0.10526  	-1.0439  	-0.8820  	0.53124  	-0.3841  	-0.2390  	-0.0879  	0.71259  	0.74615  	-0.1818  	-0.9811  	0.22980  	0.35221  	-0.4001  	0.37329  	0.12485  	-0.5589  	0.30585  	0.05256  	0.54037  	-0.0161  	-0.0217  	0.50640  	0.03208  	0.17195  	-0.2461  	-0.3962  	0.83193  	0.05536  	0.15710  	-0.1920  	0.21822  	0.08175  	-0.0592  	0.09761  	-0.1778  	-0.0793  	-0.0266  	-0.0137  	0.01845  	-0.0641  	0.00205  	-0.0077  	-0.0651  	-0.0092  	-0.0031  	-0.0237  	0.02197  	0.02938  	-0.0113  	-0.0260  	0.02114  	-0.0001  	-0.0500  	0.12569  	0.01415  	-0.0314  	0.44382  	
0.25368  	-0.1903  	-0.2495  	-0.7984  	-0.2826  	-1.0921  	0.05535  	0.45898  	0.22539  	0.27172  	0.68975  	-1.0446  	0.10007  	-1.1775  	-0.9391  	0.40228  	-0.3799  	-0.1995  	-0.0577  	0.76073  	0.56104  	-0.1477  	-1.0090  	0.27865  	0.32996  	-0.3595  	0.34078  	0.23619  	-0.4238  	0.30900  	0.03730  	0.51091  	-0.0405  	-0.0313  	0.49835  	0.10087  	0.06284  	-0.2961  	-0.3975  	0.87056  	0.03942  	0.18704  	-0.2299  	0.20313  	0.09355  	-0.0581  	0.09066  	-0.1971  	-0.0977  	-0.0318  	-0.0155  	0.02737  	-0.0648  	0.00092  	-0.0178  	-0.0823  	-0.0090  	0.00042  	-0.0168  	0.00483  	0.03312  	-0.0164  	-0.0555  	0.02012  	-0.0001  	-0.0500  	0.12569  	0.01415  	-0.0314  	0.44382  	
0.15720  	-0.2239  	-0.4190  	-0.7259  	-0.1767  	-1.1516  	0.03330  	0.41409  	0.19088  	0.23560  	0.63653  	-0.9845  	0.08254  	-1.2183  	-0.8890  	0.33079  	-0.4047  	-0.1192  	-0.1207  	0.81751  	0.46378  	-0.1698  	-1.0617  	0.20347  	0.28608  	-0.3340  	0.21358  	0.43460  	-0.2739  	0.31318  	0.06663  	0.46938  	-0.0497  	-0.0076  	0.42417  	0.12281  	-0.0759  	-0.3326  	-0.3506  	0.86713  	0.04194  	0.18186  	-0.2284  	0.18314  	0.10299  	-0.0653  	0.09824  	-0.1980  	-0.1002  	-0.0341  	-0.0032  	0.02305  	-0.0693  	-0.0055  	-0.0055  	-0.0825  	0.00286  	-0.0010  	-0.0154  	0.00801  	0.02648  	-0.0177  	-0.0429  	0.02955  	-0.0001  	-0.0500  	0.12569  	0.01415  	-0.0314  	0.44382  	
0.01432  	-0.2590  	-0.5610  	-0.7501  	-0.1216  	-1.4078  	0.03391  	0.41685  	0.19335  	0.33399  	0.65403  	-0.8974  	0.15582  	-1.1378  	-0.9866  	0.32601  	-0.4557  	-0.0612  	-0.1478  	0.87660  	0.27703  	-0.1968  	-1.1609  	0.09710  	0.20185  	-0.3129  	0.04193  	0.62180  	-0.1214  	0.31415  	0.08423  	0.43290  	-0.0082  	0.01039  	0.41632  	0.14406  	-0.2281  	-0.3777  	-0.3167  	0.89722  	0.06821  	0.17457  	-0.2288  	0.18124  	0.09934  	-0.0767  	0.10726  	-0.1952  	-0.0980  	-0.0258  	-0.0160  	0.01896  	-0.0787  	-0.0075  	-0.0079  	-0.0869  	0.00153  	0.00277  	-0.0232  	0.00341  	0.03204  	-0.0119  	-0.0309  	0.02536  	-0.0001  	-0.0500  	0.12569  	0.01415  	-0.0314  	0.44382  	
-0.1345  	-0.2958  	-0.6116  	-0.8476  	-0.1664  	-1.4727  	0.05380  	0.41695  	0.18460  	0.35138  	0.77642  	-0.9341  	0.10487  	-1.2028  	-1.0626  	0.31792  	-0.4671  	-0.0761  	-0.1257  	0.88796  	0.32613  	-0.2135  	-1.1881  	0.14417  	0.21572  	-0.3186  	0.05362  	0.54410  	-0.2168  	0.28169  	0.07270  	0.43359  	0.00851  	0.01477  	0.41863  	0.15235  	-0.1573  	-0.3726  	-0.3284  	0.88857  	0.05502  	0.19023  	-0.2542  	0.17868  	0.09140  	-0.0638  	0.10278  	-0.1975  	-0.0897  	-0.0362  	-0.0134  	0.01844  	-0.0741  	-0.0043  	-0.0099  	-0.0809  	-0.0045  	0.00223  	-0.0190  	0.00517  	0.03565  	-0.0125  	-0.0417  	0.02842  	-0.0001  	-0.0500  	0.12569  	0.01415  	-0.0314  	0.44382  	
-0.2154  	-0.3145  	-0.5988  	-1.0128  	-0.2771  	-1.5475  	0.07682  	0.40826  	0.18676  	0.40015  	0.90357  	-1.0006  	0.05041  	-1.2585  	-1.0948  	0.24918  	-0.4295  	-0.0947  	-0.1362  	0.92170  	0.42797  	-0.1976  	-1.1337  	0.18633  	0.18704  	-0.3033  	0.07952  	0.46863  	-0.3117  	0.24003  	0.11543  	0.43100  	0.00654  	0.01280  	0.42471  	0.11310  	-0.1093  	-0.3691  	-0.3686  	0.85938  	0.03988  	0.19862  	-0.2620  	0.14581  	0.10455  	-0.0642  	0.09795  	-0.2022  	-0.1017  	-0.0166  	-0.0129  	0.02162  	-0.0698  	-0.0068  	-0.0117  	-0.0809  	-0.0017  	-0.0010  	-0.0208  	0.01001  	0.03043  	-0.0074  	-0.0492  	0.02238  	-0.0001  	-0.0500  	0.12569  	0.01415  	-0.0314  	0.44382  	
-0.2164  	-0.3239  	-0.6140  	-1.0776  	-0.2882  	-1.5618  	0.06665  	0.41553  	0.17922  	0.41535  	0.92495  	-1.0081  	0.06611  	-1.2618  	-1.0823  	0.19103  	-0.4056  	-0.1146  	-0.1177  	0.86990  	0.49181  	-0.2081  	-1.0434  	0.16451  	0.19678  	-0.2867  	0.13745  	0.40272  	-0.3305  	0.25058  	0.10781  	0.41158  	0.00603  	-0.0080  	0.42560  	0.08614  	-0.0649  	-0.3517  	-0.3701  	0.84883  	0.05739  	0.19177  	-0.2628  	0.16925  	0.10883  	-0.0578  	0.09495  	-0.2147  	-0.1149  	-0.0178  	-0.0177  	0.02060  	-0.0758  	-0.0113  	-0.0162  	-0.0794  	-0.0100  	-0.0017  	-0.0273  	0.00531  	0.03020  	-0.0049  	-0.0469  	0.02718  	-0.0001  	-0.0500  	0.12569  	0.01415  	-0.0314  	0.44382  	
-0.0921  	-0.3195  	-0.5377  	-1.1654  	-0.4109  	-1.4704  	0.04906  	0.44280  	0.18828  	0.40381  	0.84182  	-1.1021  	0.04631  	-1.3231  	-1.1454  	0.19368  	-0.3505  	-0.1003  	-0.0996  	0.79970  	0.43524  	-0.2002  	-1.0025  	0.15417  	0.31738  	-0.3091  	0.18510  	0.37250  	-0.3441  	0.26718  	0.10304  	0.44516  	-0.0233  	-0.0311  	0.37994  	0.11492  	-0.0631  	-0.3437  	-0.3320  	0.86472  	0.06693  	0.17715  	-0.2556  	0.19373  	0.10058  	-0.0584  	0.09867  	-0.2220  	-0.1012  	-0.0295  	-0.0169  	0.02069  	-0.0698  	-0.0074  	-0.0075  	-0.0783  	-0.0127  	0.00230  	-0.0252  	0.01281  	0.03348  	-0.0045  	-0.0444  	0.02714  	-0.0001  	-0.0500  	0.12569  	0.01415  	-0.0314  	0.44382  	
-0.0950  	-0.2360  	-0.4481  	-1.2454  	-0.5207  	-1.3161  	0.07341  	0.40347  	0.20123  	0.37195  	0.63857  	-1.1389  	0.07786  	-1.3523  	-1.1058  	0.23735  	-0.3569  	-0.0825  	-0.0698  	0.80819  	0.37544  	-0.1575  	-0.9706  	0.05398  	0.30535  	-0.2985  	0.15301  	0.45444  	-0.2293  	0.30688  	0.14518  	0.45278  	-0.0414  	-0.0130  	0.25390  	0.12704  	-0.1131  	-0.3497  	-0.3095  	0.88162  	0.14920  	0.15470  	-0.1917  	0.21036  	0.09479  	-0.0693  	0.09728  	-0.1845  	-0.0988  	-0.0359  	-0.0188  	0.02478  	-0.0760  	-0.0078  	-0.0159  	-0.0835  	-0.0126  	-0.0043  	-0.0349  	0.01113  	0.04086  	0.00280  	-0.0406  	0.02987  	-0.0001  	-0.0500  	0.12569  	0.01415  	-0.0314  	0.44382  	
-0.1153  	-0.2464  	-0.4575  	-1.2045  	-0.4638  	-1.3486  	0.04763  	0.37188  	0.17098  	0.37272  	0.69397  	-1.1191  	0.06820  	-1.4111  	-1.1240  	0.25322  	-0.3562  	-0.1212  	-0.0878  	0.79688  	0.33941  	-0.1775  	-0.9581  	0.09614  	0.32709  	-0.3032  	0.17535  	0.40799  	-0.2368  	0.28312  	0.12961  	0.44445  	-0.0367  	-0.0035  	0.26275  	0.13931  	-0.0975  	-0.3394  	-0.3090  	0.88414  	0.14121  	0.16571  	-0.1936  	0.21821  	0.09523  	-0.0635  	0.09997  	-0.1945  	-0.1072  	-0.0297  	-0.0197  	0.02158  	-0.0742  	-0.0048  	-0.0132  	-0.0856  	-0.0104  	-0.0008  	-0.0274  	0.00901  	0.03721  	-0.0020  	-0.0408  	0.03200  	-0.0001  	-0.0500  	0.12569  	0.01415  	-0.0314  	0.44382  	
-0.0316  	-0.2463  	-0.4918  	-1.0660  	-0.4025  	-1.2940  	0.01171  	0.38819  	0.16996  	0.31585  	0.66640  	-1.0711  	0.03771  	-1.3987  	-1.0835  	0.28676  	-0.3653  	-0.1237  	-0.0695  	0.74926  	0.33957  	-0.1412  	-0.9743  	0.10964  	0.33835  	-0.3028  	0.19861  	0.42495  	-0.2313  	0.31987  	0.12564  	0.45621  	-0.0552  	-0.0083  	0.29218  	0.14954  	-0.1023  	-0.3348  	-0.3319  	0.88446  	0.13157  	0.16352  	-0.2036  	0.21303  	0.09404  	-0.0646  	0.10064  	-0.1958  	-0.1140  	-0.0291  	-0.0148  	0.02300  	-0.0732  	-0.0013  	-0.0108  	-0.0826  	0.00167  	-0.0007  	-0.0257  	0.01115  	0.03485  	-0.0094  	-0.0470  	0.03222  	-0.0001  	-0.0500  	0.12569  	0.01415  	-0.0314  	0.44382  	
0.07061  	-0.2142  	-0.3824  	-0.9845  	-0.3900  	-1.2094  	0.01266  	0.40199  	0.21361  	0.26250  	0.60438  	-1.0423  	0.07071  	-1.3111  	-1.0069  	0.28516  	-0.3384  	-0.1398  	-0.0982  	0.74766  	0.39145  	-0.1472  	-0.9663  	0.14741  	0.28304  	-0.3009  	0.19516  	0.41417  	-0.2439  	0.30028  	0.11137  	0.46645  	-0.0499  	-0.0028  	0.29713  	0.13194  	-0.0691  	-0.3204  	-0.3531  	0.87275  	0.12947  	0.15030  	-0.2049  	0.21548  	0.08129  	-0.0704  	0.09978  	-0.1958  	-0.1006  	-0.0310  	-0.0164  	0.02294  	-0.0717  	-0.0054  	-0.0085  	-0.0833  	-0.0064  	0.00138  	-0.0246  	0.00667  	0.03083  	-0.0036  	-0.0359  	0.03059  	-0.0001  	-0.0500  	0.12569  	0.01415  	-0.0314  	0.44382  	
0.28546  	-0.1789  	-0.3215  	-0.8029  	-0.3181  	-1.1105  	0.04599  	0.42579  	0.21090  	0.23553  	0.59524  	-1.0332  	0.08582  	-1.2028  	-0.8469  	0.31423  	-0.3649  	-0.1333  	-0.1027  	0.74758  	0.47958  	-0.1491  	-1.0092  	0.17030  	0.26788  	-0.3144  	0.21195  	0.34698  	-0.3035  	0.28485  	0.08457  	0.48757  	-0.0324  	0.00049  	0.41770  	0.10033  	-0.0250  	-0.3109  	-0.3817  	0.87833  	0.11027  	0.16780  	-0.2094  	0.21451  	0.08310  	-0.0642  	0.10259  	-0.1969  	-0.1092  	-0.0276  	-0.0142  	0.01934  	-0.0685  	-0.0030  	-0.0069  	-0.0749  	-0.0100  	-0.0022  	-0.0222  	0.00872  	0.03202  	-0.0035  	-0.0420  	0.02968  	-0.0001  	-0.0500  	0.12569  	0.01415  	-0.0314  	0.44382  	
0.52797  	-0.0598  	-0.1493  	-0.7171  	-0.2978  	-1.0043  	0.07467  	0.56704  	0.28584  	0.19965  	0.68851  	-1.0089  	0.12888  	-1.0185  	-0.7403  	0.45262  	-0.3948  	-0.1994  	-0.1138  	0.72794  	0.64361  	-0.1305  	-1.0368  	0.18680  	0.27822  	-0.3563  	0.26644  	0.16874  	-0.4539  	0.27433  	0.07789  	0.50479  	0.00213  	-0.0145  	0.52183  	0.05010  	0.06297  	-0.2697  	-0.3950  	0.85114  	0.06845  	0.17185  	-0.2067  	0.19552  	0.08256  	-0.0643  	0.09676  	-0.1857  	-0.0972  	-0.0228  	-0.0125  	0.02103  	-0.0679  	0.00246  	-0.0073  	-0.0657  	-0.0082  	-0.0014  	-0.0323  	0.00592  	0.03287  	6.37099  	-0.0359  	0.03018  	-0.0001  	-0.0500  	0.12569  	0.01415  	-0.0314  	0.44382  	
0.63977  	-0.0236  	-0.0580  	-0.7134  	-0.3381  	-0.9295  	0.06366  	0.62505  	0.30402  	0.18493  	0.73419  	-1.0396  	0.13278  	-0.9776  	-0.7013  	0.47244  	-0.3724  	-0.2591  	-0.0900  	0.66282  	0.76578  	-0.1436  	-0.9463  	0.28866  	0.26317  	-0.3628  	0.36919  	0.05376  	-0.5565  	0.28761  	0.06747  	0.53236  	-0.0033  	-0.0170  	0.57967  	-0.0027  	0.17699  	-0.2386  	-0.4532  	0.80641  	0.02191  	0.17437  	-0.2143  	0.19874  	0.08371  	-0.0627  	0.09309  	-0.1877  	-0.0954  	-0.0226  	-0.0197  	0.02423  	-0.0649  	0.00160  	-0.0107  	-0.0642  	-0.0132  	-0.0007  	-0.0305  	0.01440  	0.03333  	-0.0055  	-0.0361  	0.02802  	-0.0001  	-0.0500  	0.12569  	0.01415  	-0.0314  	0.44382  	
0.65506  	-0.0167  	-0.0532  	-0.7072  	-0.3681  	-0.9051  	0.05061  	0.65064  	0.31754  	0.14316  	0.68893  	-1.0601  	0.16877  	-0.9249  	-0.6681  	0.45898  	-0.3709  	-0.2914  	-0.0872  	0.61141  	0.80905  	-0.1150  	-0.9068  	0.31452  	0.26588  	-0.3692  	0.42476  	-0.0001  	-0.5865  	0.28551  	0.06174  	0.53781  	-0.0143  	-0.0216  	0.59683  	-0.0288  	0.19738  	-0.2376  	-0.4552  	0.78991  	0.00491  	0.17877  	-0.2203  	0.19504  	0.08138  	-0.0648  	0.09095  	-0.1816  	-0.0925  	-0.0239  	-0.0168  	0.02360  	-0.0624  	0.00281  	-0.0121  	-0.0590  	-0.0203  	0.00131  	-0.0299  	0.01581  	0.03746  	-0.0039  	-0.0376  	0.02875  	-0.0001  	-0.0500  	0.12569  	0.01415  	-0.0314  	0.44382  	
0.66044  	-0.0226  	-0.0485  	-0.6935  	-0.3310  	-0.8848  	0.04197  	0.64978  	0.31477  	0.14951  	0.68160  	-1.0002  	0.17878  	-0.8860  	-0.6795  	0.46104  	-0.3551  	-0.2916  	-0.0952  	0.58212  	0.80209  	-0.1070  	-0.8864  	0.33056  	0.25120  	-0.3705  	0.42918  	0.00360  	-0.5983  	0.28728  	0.06380  	0.53074  	-0.0147  	-0.0189  	0.60157  	-0.0288  	0.20014  	-0.2477  	-0.4571  	0.78561  	-8.6363  	0.18657  	-0.2285  	0.18902  	0.08211  	-0.0591  	0.08836  	-0.1784  	-0.0909  	-0.0196  	-0.0185  	0.02416  	-0.0638  	0.00278  	-0.0143  	-0.0570  	-0.0222  	0.00077  	-0.0286  	0.01335  	0.03887  	0.00094  	-0.0365  	0.02790  	-0.0001  	-0.0500  	0.12569  	0.01415  	-0.0314  	0.44382  	
0.58719  	-0.0282  	-0.0985  	-0.7850  	-0.3549  	-0.9781  	0.04884  	0.63905  	0.31581  	0.16420  	0.72848  	-0.9550  	0.14164  	-0.9291  	-0.7431  	0.45519  	-0.3584  	-0.2401  	-0.1090  	0.65201  	0.74600  	-0.1550  	-0.9171  	0.25564  	0.22323  	-0.3543  	0.33446  	0.11475  	-0.5420  	0.27195  	0.08106  	0.51051  	0.01679  	-0.0234  	0.54849  	-0.0199  	0.18061  	-0.2446  	-0.4436  	0.77989  	0.06431  	0.16268  	-0.2073  	0.19496  	0.07881  	-0.0615  	0.09551  	-0.1839  	-0.0960  	-0.0214  	-0.0245  	0.02536  	-0.0647  	0.00096  	-0.0131  	-0.0653  	-0.0195  	-0.0026  	-0.0299  	0.01432  	0.03703  	-0.0016  	-0.0431  	0.02811  	-0.0001  	-0.0500  	0.12569  	0.01415  	-0.0314  	0.44382  	
0.38730  	-0.0527  	-0.2321  	-0.9071  	-0.3569  	-1.1033  	0.03947  	0.54170  	0.27222  	0.25140  	0.69967  	-0.9727  	0.14004  	-1.0195  	-0.9291  	0.44630  	-0.4139  	-0.1505  	-0.0887  	0.71882  	0.58968  	-0.1999  	-1.0269  	0.17667  	0.25651  	-0.3472  	0.25303  	0.28165  	-0.4060  	0.27243  	0.09995  	0.46095  	0.01881  	-0.0090  	0.49470  	0.05826  	0.05041  	-0.2923  	-0.3996  	0.85294  	0.09410  	0.17905  	-0.2155  	0.18263  	0.07054  	-0.0568  	0.09970  	-0.1906  	-0.1110  	-0.0208  	-0.0149  	0.02338  	-0.0717  	-0.0015  	-0.0143  	-0.0736  	-0.0163  	0.00098  	-0.0259  	0.00616  	0.03040  	0.00531  	-0.0325  	0.03251  	-0.0001  	-0.0500  	0.12569  	0.01415  	-0.0314  	0.44382  	
0.30102  	-0.0932  	-0.2845  	-0.9495  	-0.3677  	-1.1107  	0.02170  	0.49452  	0.25165  	0.27828  	0.74261  	-1.0190  	0.12583  	-1.1038  	-1.0644  	0.43529  	-0.3950  	-0.1641  	-0.0875  	0.76563  	0.48507  	-0.2092  	-1.0349  	0.18678  	0.25244  	-0.3358  	0.22776  	0.32256  	-0.4002  	0.27464  	0.10082  	0.46312  	0.02961  	-0.0046  	0.45750  	0.07891  	0.02838  	-0.3051  	-0.3708  	0.85910  	0.12631  	0.17483  	-0.2046  	0.19159  	0.07550  	-0.0658  	0.09740  	-0.1764  	-0.1072  	-0.0325  	-0.0109  	0.02618  	-0.0739  	0.00413  	-0.0172  	-0.0713  	-0.0127  	-0.0050  	-0.0333  	0.00567  	0.03611  	0.00025  	-0.0287  	0.04002  	-0.0001  	-0.0500  	0.12569  	0.01415  	-0.0314  	0.44382  	
0.04531  	-0.2344  	-0.4096  	-1.1183  	-0.4242  	-1.3201  	0.03773  	0.38037  	0.21327  	0.35818  	0.82011  	-1.0978  	0.07262  	-1.2500  	-1.2379  	0.34664  	-0.3864  	-0.1017  	-0.0854  	0.80793  	0.41734  	-0.2665  	-1.0913  	0.20203  	0.32611  	-0.3414  	0.20249  	0.34846  	-0.3331  	0.27752  	0.08795  	0.47647  	-0.0157  	-0.0178  	0.42210  	0.14894  	-0.0163  	-0.3228  	-0.3693  	0.85319  	0.11695  	0.18431  	-0.2125  	0.19756  	0.09421  	-0.0661  	0.10181  	-0.1890  	-0.1087  	-0.0283  	-0.0085  	0.02395  	-0.0719  	0.00041  	-0.0112  	-0.0816  	-0.0031  	-0.0007  	-0.0287  	0.00593  	0.03098  	-0.0037  	-0.0344  	0.03436  	-0.0001  	-0.0500  	0.12569  	0.01415  	-0.0314  	0.44382  	
-0.1280  	-0.2972  	-0.4668  	-1.2713  	-0.4680  	-1.4339  	0.05344  	0.37488  	0.19979  	0.36864  	0.90695  	-1.1093  	0.01685  	-1.2668  	-1.1413  	0.20887  	-0.3695  	-0.1751  	-0.1003  	0.73424  	0.47632  	-0.1831  	-1.0211  	0.19875  	0.31827  	-0.2983  	0.22205  	0.28076  	-0.3375  	0.25838  	0.08147  	0.44991  	-0.0401  	-0.0084  	0.40067  	0.13916  	0.00732  	-0.3055  	-0.3988  	0.80784  	0.11724  	0.17913  	-0.2226  	0.19495  	0.10402  	-0.0627  	0.10050  	-0.2070  	-0.1141  	-0.0256  	-0.0183  	0.02300  	-0.0636  	0.00442  	-0.0127  	-0.0810  	-0.0109  	0.00029  	-0.0247  	0.00865  	0.03554  	-0.0078  	-0.0474  	0.02812  	-0.0001  	-0.0500  	0.12569  	0.01415  	-0.0314  	0.44382  	
-0.0991  	-0.2483  	-0.4655  	-1.2579  	-0.5022  	-1.3820  	0.02356  	0.37576  	0.18428  	0.30679  	0.82631  	-1.1502  	0.01968  	-1.2944  	-1.0417  	0.18254  	-0.3478  	-0.1959  	-0.0937  	0.71802  	0.51515  	-0.1770  	-0.9336  	0.20325  	0.30970  	-0.3017  	0.28559  	0.25170  	-0.3356  	0.28426  	0.10156  	0.45382  	-0.0691  	-0.0185  	0.40084  	0.13105  	0.00507  	-0.2964  	-0.4154  	0.84464  	0.11676  	0.17580  	-0.2237  	0.20613  	0.09583  	-0.0691  	0.11245  	-0.2155  	-0.1140  	-0.0299  	-0.0218  	0.02282  	-0.0708  	0.00327  	-0.0125  	-0.0801  	-0.0122  	0.00055  	-0.0259  	0.01262  	0.03642  	-0.0034  	-0.0436  	0.02533  	-0.0001  	-0.0500  	0.12569  	0.01415  	-0.0314  	0.44382  	
0.25158  	-0.1838  	-0.2811  	-0.9405  	-0.3576  	-1.1302  	0.03661  	0.44423  	0.21258  	0.29960  	0.63534  	-1.0429  	0.08911  	-1.2670  	-1.0368  	0.39610  	-0.3746  	-0.1270  	-0.0866  	0.75135  	0.40442  	-0.1790  	-1.0244  	0.13959  	0.26874  	-0.3190  	0.20062  	0.35539  	-0.3135  	0.28766  	0.09368  	0.48314  	-0.0203  	-0.0067  	0.37508  	0.12610  	-0.0309  	-0.3096  	-0.3687  	0.87472  	0.11720  	0.16323  	-0.2008  	0.20929  	0.08399  	-0.0686  	0.09703  	-0.1950  	-0.1010  	-0.0354  	-0.0177  	0.02361  	-0.0718  	-0.0014  	-0.0099  	-0.0782  	-0.0085  	-0.0042  	-0.0271  	0.00622  	0.02968  	-0.0085  	-0.0418  	0.03177  	-0.0001  	-0.0500  	0.12569  	0.01415  	-0.0314  	0.44382  	
0.33899  	-0.1452  	-0.2679  	-0.8618  	-0.2790  	-1.1628  	0.06343  	0.40891  	0.22329  	0.36758  	0.63194  	-0.9871  	0.10764  	-1.2594  	-1.0527  	0.44279  	-0.4361  	-0.1072  	-0.1207  	0.81612  	0.35903  	-0.1731  	-1.0890  	0.11252  	0.28157  	-0.3293  	0.14755  	0.48236  	-0.2340  	0.30231  	0.07319  	0.47498  	-0.0415  	0.00668  	0.38045  	0.17112  	-0.0919  	-0.3305  	-0.3484  	0.89614  	0.09872  	0.17177  	-0.2017  	0.20576  	0.08169  	-0.0667  	0.10183  	-0.1821  	-0.0948  	-0.0319  	0.00451  	0.01888  	-0.0670  	-0.0091  	-0.0083  	-0.0785  	0.00088  	0.00055  	-0.0204  	0.00964  	0.02493  	-0.0140  	-0.0347  	0.03154  	-0.0001  	-0.0500  	0.12569  	0.01415  	-0.0314  	0.44382  	
0.34939  	-0.1623  	-0.2386  	-0.7691  	-0.2278  	-1.1377  	0.06391  	0.40702  	0.19394  	0.37981  	0.66193  	-1.0411  	0.05920  	-1.2802  	-1.0331  	0.50267  	-0.4455  	-0.1142  	-0.0929  	0.84582  	0.35994  	-0.1670  	-1.1474  	0.15196  	0.37842  	-0.3592  	0.23916  	0.45469  	-0.2687  	0.32489  	0.03830  	0.50775  	-0.0605  	-0.0036  	0.44872  	0.21994  	-0.0582  	-0.3162  	-0.3632  	0.88230  	0.06560  	0.17712  	-0.2150  	0.20685  	0.08886  	-0.0657  	0.09372  	-0.1829  	-0.0936  	-0.0371  	0.00589  	0.01803  	-0.0605  	-0.0073  	-0.0020  	-0.0756  	0.00268  	0.00164  	-0.0226  	0.01063  	0.02959  	-0.0234  	-0.0342  	0.03399  	-0.0001  	-0.0500  	0.12569  	0.01415  	-0.0314  	0.44382  	
0.34759  	-0.1701  	-0.2442  	-0.7942  	-0.2347  	-1.1598  	0.07081  	0.35974  	0.18843  	0.37702  	0.62934  	-1.0399  	0.04499  	-1.3416  	-1.0835  	0.53483  	-0.4224  	-0.1081  	-0.0838  	0.78001  	0.33849  	-0.1606  	-1.1395  	0.16194  	0.39395  	-0.3676  	0.25703  	0.43288  	-0.2585  	0.34521  	0.03530  	0.52993  	-0.0906  	-0.0068  	0.42103  	0.25074  	-0.0639  	-0.3199  	-0.3679  	0.89800  	0.07473  	0.18480  	-0.2200  	0.20857  	0.09014  	-0.0641  	0.08592  	-0.1855  	-0.0864  	-0.0395  	0.00294  	0.02157  	-0.0590  	-0.0048  	-0.0004  	-0.0758  	0.00051  	0.00182  	-0.0189  	0.00934  	0.02925  	-0.0213  	-0.0354  	0.03024  	-0.0001  	-0.0500  	0.12569  	0.01415  	-0.0314  	0.44382  	
0.22072  	-0.2096  	-0.3271  	-0.9266  	-0.3062  	-1.1929  	0.04524  	0.35826  	0.17300  	0.34547  	0.64378  	-1.0883  	0.03481  	-1.3652  	-1.1560  	0.46825  	-0.4069  	-0.0729  	-0.0937  	0.80056  	0.33989  	-0.1626  	-1.1128  	0.15501  	0.39702  	-0.3548  	0.22206  	0.44258  	-0.2251  	0.32485  	0.05311  	0.50613  	-0.0889  	-0.0142  	0.37242  	0.25329  	-0.0820  	-0.3142  	-0.3463  	0.90961  	0.09798  	0.16044  	-0.2215  	0.20923  	0.09374  	-0.0728  	0.09356  	-0.1931  	-0.0976  	-0.0288  	0.00058  	0.02121  	-0.0607  	-0.0024  	-0.0033  	-0.0790  	-0.0021  	-0.0034  	-0.0235  	0.01318  	0.03847  	-0.0171  	-0.0268  	0.03470  	-0.0001  	-0.0500  	0.12569  	0.01415  	-0.0314  	0.44382  	
-0.1767  	-0.3185  	-0.5846  	-1.0294  	-0.3161  	-1.3616  	0.03590  	0.39146  	0.15810  	0.29518  	0.77526  	-1.0792  	0.06005  	-1.2891  	-1.0220  	0.23472  	-0.3932  	-0.1738  	-0.1311  	0.79977  	0.46502  	-0.1752  	-1.0579  	0.22000  	0.34061  	-0.3267  	0.29229  	0.37185  	-0.2944  	0.30471  	0.06786  	0.45833  	-0.0627  	-0.0070  	0.45092  	0.17451  	-0.0294  	-0.3322  	-0.3779  	0.82356  	0.04258  	0.19618  	-0.2697  	0.17647  	0.10607  	-0.0630  	0.10760  	-0.2208  	-0.1105  	-0.0286  	-0.0047  	0.01824  	-0.0673  	0.00381  	-0.0115  	-0.0753  	0.00121  	0.00177  	-0.0162  	0.00837  	0.03123  	-0.0168  	-0.0461  	0.03356  	-0.0001  	-0.0500  	0.12569  	0.01415  	-0.0314  	0.44382  	
0.00063  	-0.2878  	-0.5058  	-0.9654  	-0.2794  	-1.3866  	0.05493  	0.47074  	0.18956  	0.25345  	0.87739  	-0.9523  	0.09638  	-1.1620  	-0.9302  	0.16185  	-0.4277  	-0.2123  	-0.1566  	0.80168  	0.53515  	-0.2056  	-1.0324  	0.26341  	0.24066  	-0.3216  	0.25843  	0.33167  	-0.3985  	0.27581  	0.08030  	0.46131  	-0.0040  	-0.0133  	0.48998  	0.06975  	-0.0122  	-0.3365  	-0.3771  	0.85754  	0.04080  	0.19473  	-0.2771  	0.17669  	0.10327  	-0.0619  	0.11180  	-0.2093  	-0.1104  	-0.0173  	-0.0164  	0.02239  	-0.0743  	-0.0065  	-0.0192  	-0.0800  	-0.0060  	-0.0004  	-0.0277  	0.00269  	0.03550  	-0.0192  	-0.0432  	0.02832  	-0.0001  	-0.0500  	0.12569  	0.01415  	-0.0314  	0.44382  	
0.38151  	-0.1088  	-0.2923  	-0.7913  	-0.3140  	-1.0614  	0.03966  	0.55385  	0.25336  	0.25844  	0.50841  	-0.9661  	0.21041  	-0.9696  	-0.6440  	0.28742  	-0.3715  	-0.1995  	-0.1092  	0.68812  	0.58198  	-0.1402  	-0.9907  	0.26640  	0.24762  	-0.3226  	0.30407  	0.24193  	-0.4212  	0.29769  	0.11004  	0.48457  	-0.0069  	-0.0248  	0.49882  	0.00634  	0.00324  	-0.3483  	-0.3596  	0.88593  	0.04001  	0.17625  	-0.2213  	0.18701  	0.09332  	-0.0605  	0.09750  	-0.1920  	-0.0957  	-0.0052  	-0.0037  	0.02525  	-0.0804  	-0.0128  	-0.0172  	-0.0695  	-0.0150  	-0.0034  	-0.0210  	0.00950  	0.03195  	0.00067  	-0.0448  	0.03516  	-0.0001  	-0.0500  	0.12569  	0.01415  	-0.0314  	0.44382  	
0.63799  	-0.0181  	-0.1106  	-0.4902  	-0.1996  	-0.9689  	0.07122  	0.60792  	0.26482  	0.16213  	0.34942  	-1.0448  	0.25004  	-1.0033  	-0.3952  	0.23619  	-0.2542  	-0.4695  	-0.0007  	0.35744  	0.68390  	-0.2354  	-1.2024  	0.26513  	0.20679  	-0.2483  	0.36180  	0.01449  	-0.3632  	0.30744  	0.17595  	0.48250  	-0.1202  	-0.1625  	0.47673  	-0.0221  	-0.0179  	-0.2735  	-0.5389  	0.78288  	0.09972  	0.31128  	-0.3129  	0.30116  	0.01679  	-0.0439  	0.06328  	-0.1448  	-0.0915  	-0.0306  	-0.0102  	0.02676  	-0.0763  	0.01559  	0.00368  	-0.0660  	-0.0146  	-0.0133  	-0.0361  	0.01527  	0.03042  	0.00056  	-0.0569  	0.02321  	-0.0001  	-0.0500  	0.12569  	0.01415  	-0.0314  	0.44382  	
0.67442  	-0.0508  	-0.0739  	-0.5584  	-0.1368  	-1.0282  	0.01685  	0.70243  	0.20999  	0.16538  	0.58484  	-1.0564  	0.24223  	-1.1603  	-0.6236  	0.34206  	-0.2106  	-0.5610  	0.06175  	0.20093  	0.78101  	-0.4756  	-1.5099  	0.34849  	0.21839  	-0.1929  	0.40173  	-0.0031  	-0.3308  	0.27686  	0.22484  	0.44605  	-0.2405  	-0.3246  	0.47492  	0.02300  	-0.0437  	-0.2786  	-0.6453  	0.72210  	0.16632  	0.42017  	-0.4314  	0.36978  	-0.0271  	-0.0247  	0.04052  	-0.1491  	-0.1048  	-0.0575  	-0.0048  	0.02728  	-0.0599  	0.02962  	0.00834  	-0.0627  	-0.0170  	-0.0219  	-0.0356  	0.03199  	0.03412  	-0.0129  	-0.0753  	0.02531  	-0.0001  	-0.0500  	0.12569  	0.01415  	-0.0314  	0.44382  	
0.46537  	-0.1440  	-0.0810  	-0.7500  	-0.2400  	-1.1268  	-0.0010  	0.53603  	0.18350  	0.27931  	0.65657  	-0.9962  	0.15345  	-1.4027  	-0.9178  	0.38976  	-0.2274  	-0.4742  	0.05593  	0.24887  	0.57347  	-0.5885  	-1.6307  	0.23424  	0.25587  	-0.1654  	0.32387  	0.14518  	-0.1584  	0.27429  	0.27570  	0.43308  	-0.2685  	-0.3363  	0.32924  	0.14839  	-0.1803  	-0.3068  	-0.6094  	0.73532  	0.22034  	0.45588  	-0.4438  	0.37199  	-0.0332  	-0.0258  	0.04238  	-0.1454  	-0.1188  	-0.0607  	0.00735  	0.03261  	-0.0655  	0.03112  	0.00933  	-0.0801  	-0.0058  	-0.0284  	-0.0196  	0.02700  	0.03989  	-0.0212  	-0.0647  	0.03490  	-0.0001  	-0.0500  	0.12569  	0.01415  	-0.0314  	0.44382  	
0.30636  	-0.2061  	-0.2134  	-0.8753  	-0.2945  	-1.1433  	0.00050  	0.47779  	0.15614  	0.26297  	0.64041  	-1.0647  	0.13704  	-1.3998  	-0.9394  	0.33763  	-0.2363  	-0.4244  	0.02573  	0.28253  	0.53854  	-0.5776  	-1.5549  	0.21237  	0.30099  	-0.1774  	0.30564  	0.20945  	-0.1541  	0.29193  	0.26254  	0.43671  	-0.2495  	-0.3048  	0.31713  	0.17911  	-0.1686  	-0.2976  	-0.5805  	0.74092  	0.21373  	0.41953  	-0.4201  	0.36608  	-0.0186  	-0.0328  	0.05232  	-0.1608  	-0.1218  	-0.0524  	0.01411  	0.03142  	-0.0585  	0.03235  	0.01144  	-0.0797  	-0.0055  	-0.0185  	-0.0227  	0.02965  	0.03289  	-0.0196  	-0.0633  	0.03684  	-0.0001  	-0.0500  	0.12569  	0.01415  	-0.0314  	0.44382  	
0.12716  	-0.2193  	-0.3591  	-0.8931  	-0.3319  	-1.1957  	0.00946  	0.41285  	0.16003  	0.22933  	0.61523  	-1.0776  	0.08118  	-1.3970  	-0.9566  	0.31538  	-0.2740  	-0.2841  	-0.0225  	0.48832  	0.44434  	-0.4179  	-1.3053  	0.17550  	0.33789  	-0.2351  	0.25016  	0.33430  	-0.1495  	0.30007  	0.16616  	0.44937  	-0.1851  	-0.1765  	0.32841  	0.18480  	-0.1373  	-0.3132  	-0.4915  	0.79963  	0.17075  	0.30840  	-0.3320  	0.28626  	0.03370  	-0.0456  	0.07291  	-0.1884  	-0.1300  	-0.0512  	0.00376  	0.02518  	-0.0642  	0.01588  	0.00619  	-0.0805  	0.00127  	-0.0083  	-0.0157  	0.01489  	0.02806  	-0.0174  	-0.0514  	0.03940  	-0.0001  	-0.0500  	0.12569  	0.01415  	-0.0314  	0.44382  	
0.01587  	-0.2290  	-0.4175  	-1.0231  	-0.3877  	-1.2555  	0.02860  	0.34278  	0.16878  	0.25584  	0.62669  	-1.1279  	0.05331  	-1.3599  	-1.0617  	0.30251  	-0.3558  	-0.0943  	-0.1086  	0.80534  	0.38816  	-0.2130  	-1.0157  	0.13026  	0.34736  	-0.3268  	0.17104  	0.45915  	-0.2308  	0.29308  	0.07502  	0.48112  	-0.0760  	0.00410  	0.35573  	0.18860  	-0.0767  	-0.3194  	-0.3518  	0.86620  	0.11566  	0.16652  	-0.2273  	0.19961  	0.09100  	-0.0662  	0.09952  	-0.2121  	-0.1139  	-0.0336  	-0.0021  	0.01945  	-0.0612  	-0.0001  	-0.0084  	-0.0748  	0.00235  	0.00379  	-0.0176  	0.01312  	0.03420  	-0.0129  	-0.0409  	0.02932  	-0.0001  	-0.0500  	0.12569  	0.01415  	-0.0314  	0.44382  	
-0.0469  	-0.2291  	-0.4224  	-1.1040  	-0.4424  	-1.3029  	0.01324  	0.34223  	0.16373  	0.30920  	0.71156  	-1.1540  	0.00251  	-1.3667  	-1.0680  	0.26335  	-0.3576  	-0.1156  	-0.0857  	0.78824  	0.41378  	-0.1996  	-0.9931  	0.11755  	0.34125  	-0.3279  	0.19875  	0.36539  	-0.2870  	0.29802  	0.07999  	0.48327  	-0.0812  	-0.0020  	0.34393  	0.15410  	-0.0248  	-0.3016  	-0.3616  	0.84614  	0.11746  	0.16506  	-0.2254  	0.20243  	0.09637  	-0.0626  	0.09846  	-0.2074  	-0.1137  	-0.0325  	-0.0126  	0.02453  	-0.0632  	0.00038  	-0.0115  	-0.0849  	-0.0022  	0.00651  	-0.0215  	0.00707  	0.03305  	-0.0113  	-0.0399  	0.03320  	-0.0001  	-0.0500  	0.12569  	0.01415  	-0.0314  	0.44382  	
-0.1062  	-0.2446  	-0.4628  	-1.2030  	-0.4852  	-1.3829  	0.01823  	0.33781  	0.15540  	0.34418  	0.79558  	-1.1719  	-0.0197  	-1.4339  	-1.1983  	0.23271  	-0.3616  	-0.1357  	-0.0722  	0.73634  	0.43943  	-0.1785  	-0.9343  	0.13426  	0.33655  	-0.3085  	0.22361  	0.33099  	-0.3045  	0.28621  	0.09539  	0.47390  	-0.0834  	-0.0172  	0.32015  	0.15902  	0.00400  	-0.3006  	-0.3783  	0.83909  	0.12827  	0.16746  	-0.2308  	0.21526  	0.09451  	-0.0615  	0.10080  	-0.2044  	-0.1148  	-0.0275  	-0.0201  	0.02423  	-0.0624  	0.00157  	-0.0134  	-0.0804  	-0.0042  	0.00411  	-0.0218  	0.00630  	0.03511  	-0.0116  	-0.0402  	0.03041  	-0.0001  	-0.0500  	0.12569  	0.01415  	-0.0314  	0.44382  	
-0.0864  	-0.2638  	-0.4731  	-1.1658  	-0.4162  	-1.3731  	0.02353  	0.40450  	0.17010  	0.32419  	0.77373  	-1.1210  	0.02836  	-1.3651  	-1.1592  	0.28318  	-0.3798  	-0.1404  	-0.0652  	0.73636  	0.42746  	-0.1977  	-0.9707  	0.18422  	0.29366  	-0.2976  	0.22595  	0.34332  	-0.3011  	0.29608  	0.10181  	0.47440  	-0.0579  	-0.0250  	0.35683  	0.13422  	-0.0287  	-0.3186  	-0.3777  	0.84623  	0.11714  	0.18325  	-0.2306  	0.20372  	0.09392  	-0.0618  	0.10360  	-0.1981  	-0.1124  	-0.0251  	-0.0209  	0.02529  	-0.0681  	-0.0042  	-0.0140  	-0.0807  	-0.0076  	0.00052  	-0.0260  	0.00076  	0.03654  	-0.0089  	-0.0480  	0.02819  	-0.0001  	-0.0500  	0.12569  	0.01415  	-0.0314  	0.44382  	
0.32812  	-0.1667  	-0.3029  	-0.7359  	-0.1682  	-1.1673  	0.02061  	0.59071  	0.23487  	0.22716  	0.63789  	-0.9480  	0.15958  	-1.0557  	-0.6918  	0.37843  	-0.4063  	-0.1292  	-0.1224  	0.79214  	0.55531  	-0.2159  	-1.0687  	0.25225  	0.17782  	-0.3184  	0.24004  	0.34800  	-0.3931  	0.28347  	0.10766  	0.48177  	0.01751  	-0.0211  	0.49015  	0.01103  	-0.0096  	-0.3460  	-0.3605  	0.90954  	0.04202  	0.18830  	-0.2371  	0.18648  	0.09419  	-0.0674  	0.10553  	-0.1942  	-0.1001  	-0.0381  	-0.0019  	0.02044  	-0.0768  	-0.0178  	-0.0216  	-0.0675  	-0.0105  	-0.0117  	-0.0275  	0.01142  	0.03295  	0.00358  	-0.0542  	0.02664  	-0.0001  	-0.0500  	0.12569  	0.01415  	-0.0314  	0.44382  	
0.69213  	-0.0481  	-0.0797  	-0.5802  	-0.1824  	-0.8808  	0.13796  	0.54482  	0.26087  	0.25707  	0.30613  	-1.0357  	0.24340  	-0.7495  	-0.3915  	0.28897  	-0.3814  	-0.2165  	-0.1349  	0.65712  	0.51418  	-0.0508  	-0.9787  	0.25548  	0.29531  	-0.3325  	0.28645  	0.17305  	-0.3428  	0.33821  	0.07478  	0.49608  	-0.0066  	0.00206  	0.45940  	0.02517  	-0.0082  	-0.3115  	-0.3611  	0.92311  	0.05588  	0.18017  	-0.2114  	0.22151  	0.07018  	-0.0607  	0.08611  	-0.1481  	-0.0855  	-0.0288  	-0.0139  	0.02167  	-0.0774  	-0.0054  	-0.0120  	-0.0606  	-0.0181  	-0.0017  	-0.0310  	0.01096  	0.03493  	0.00584  	-0.0525  	0.02396  	-0.0001  	-0.0500  	0.12569  	0.01415  	-0.0314  	0.44382  	
0.75078  	-0.0784  	-0.1052  	-0.4443  	-0.2082  	-0.8374  	0.13904  	0.58033  	0.27540  	0.17648  	0.34507  	-1.1093  	0.28593  	-0.7970  	-0.5172  	0.29894  	-0.3460  	-0.2912  	-0.1233  	0.64556  	0.55498  	-0.0008  	-0.9705  	0.25058  	0.41419  	-0.3719  	0.38404  	0.13750  	-0.3205  	0.38223  	0.05317  	0.48845  	-0.0492  	0.00201  	0.45952  	0.03734  	0.01403  	-0.3027  	-0.3317  	0.89472  	0.04759  	0.19735  	-0.2074  	0.21628  	0.07116  	-0.0604  	0.07699  	-0.1275  	-0.0667  	-0.0416  	-0.0075  	0.02931  	-0.0666  	0.00181  	-0.0094  	-0.0554  	-0.0233  	-0.0057  	-0.0312  	0.01192  	0.03348  	-0.0101  	-0.0453  	0.01809  	-0.0001  	-0.0500  	0.12569  	0.01415  	-0.0314  	0.44382  	
0.65050  	-0.0819  	-0.2315  	-0.4963  	-0.1681  	-0.9883  	0.15185  	0.51979  	0.22486  	0.26027  	0.30177  	-1.1612  	0.29108  	-0.7915  	-0.5245  	0.22879  	-0.3845  	-0.2275  	-0.1228  	0.60607  	0.41917  	-0.0285  	-1.0405  	0.22822  	0.44523  	-0.3727  	0.38403  	0.19229  	-0.2919  	0.42231  	0.07661  	0.47700  	-0.0532  	-0.0027  	0.48940  	0.07744  	-0.0363  	-0.3218  	-0.3428  	0.90237  	0.02767  	0.19424  	-0.2091  	0.20739  	0.07695  	-0.0544  	0.07148  	-0.1607  	-0.0798  	-0.0382  	-0.0129  	0.02133  	-0.0704  	-0.0052  	-0.0067  	-0.0656  	-0.0164  	-0.0045  	-0.0247  	0.01547  	0.03461  	-0.0049  	-0.0420  	0.01718  	-0.0001  	-0.0500  	0.12569  	0.01415  	-0.0314  	0.44382  	
0.23260  	-0.1764  	-0.4445  	-0.9493  	-0.2997  	-1.2926  	0.07267  	0.45661  	0.25149  	0.35323  	0.65240  	-1.0653  	0.15983  	-1.0343  	-0.9006  	0.22021  	-0.4219  	-0.0927  	-0.1226  	0.82597  	0.44464  	-0.1720  	-1.0871  	0.16622  	0.30279  	-0.3342  	0.17612  	0.39638  	-0.2992  	0.31543  	0.13134  	0.45273  	0.01591  	0.00559  	0.43360  	0.08698  	-0.0999  	-0.3696  	-0.3529  	0.93167  	0.06186  	0.14803  	-0.2370  	0.20171  	0.09742  	-0.0638  	0.10248  	-0.1907  	-0.0947  	-0.0239  	0.00800  	0.01552  	-0.0832  	-0.0132  	-0.0152  	-0.0707  	-0.0054  	0.00364  	-0.0246  	0.01522  	0.02208  	-0.0126  	-0.0340  	0.02694  	-0.0001  	-0.0500  	0.12569  	0.01415  	-0.0314  	0.44382  	
0.05687  	-0.2133  	-0.5125  	-1.1224  	-0.3403  	-1.4110  	0.07398  	0.34408  	0.18603  	0.28556  	0.72175  	-1.1434  	0.03462  	-1.3355  	-1.0409  	0.26225  	-0.4274  	-0.0323  	-0.0719  	0.82454  	0.39301  	-0.2438  	-1.0614  	0.12447  	0.27854  	-0.3257  	0.15943  	0.44313  	-0.2455  	0.29971  	0.11165  	0.46238  	-0.0256  	0.00438  	0.42009  	0.14397  	-0.0724  	-0.3304  	-0.3793  	0.88397  	0.07908  	0.17721  	-0.2511  	0.21671  	0.08955  	-0.0644  	0.09377  	-0.2163  	-0.1097  	-0.0361  	0.00028  	0.02049  	-0.0713  	-0.0015  	-0.0073  	-0.0677  	0.00230  	0.00505  	-0.0215  	0.01499  	0.03087  	0.00133  	-0.0523  	0.03192  	-0.0001  	-0.0500  	0.12569  	0.01415  	-0.0314  	0.44382  	
-0.0084  	-0.2287  	-0.5265  	-1.1395  	-0.4117  	-1.4533  	0.07330  	0.33839  	0.16523  	0.30833  	0.74288  	-1.1393  	-0.0153  	-1.4470  	-1.0926  	0.29894  	-0.4247  	-0.0622  	-0.0715  	0.74698  	0.30473  	-0.2045  	-0.9994  	0.08240  	0.28072  	-0.3094  	0.14981  	0.42482  	-0.1933  	0.30812  	0.11548  	0.45894  	-0.0504  	-0.0105  	0.30460  	0.18506  	-0.0683  	-0.3182  	-0.3442  	0.89275  	0.12345  	0.17542  	-0.2181  	0.22470  	0.08912  	-0.0667  	0.09672  	-0.2167  	-0.1127  	-0.0317  	-0.0167  	0.02184  	-0.0703  	0.00014  	-0.0035  	-0.0799  	-0.0038  	0.00500  	-0.0250  	0.01499  	0.03147  	0.00024  	-0.0436  	0.03467  	-0.0001  	-0.0500  	0.12569  	0.01415  	-0.0314  	0.44382  	
-0.0858  	-0.2458  	-0.5249  	-1.1447  	-0.4189  	-1.4160  	0.03901  	0.35929  	0.18134  	0.29240  	0.73879  	-1.1151  	-8.3145  	-1.4313  	-1.1158  	0.30396  	-0.3585  	-0.1247  	-0.0898  	0.72479  	0.34485  	-0.1619  	-0.9817  	0.10151  	0.26620  	-0.2915  	0.15899  	0.40991  	-0.2451  	0.29486  	0.10898  	0.44650  	-0.0718  	-0.0157  	0.30651  	0.17452  	-0.0616  	-0.3152  	-0.3490  	0.86029  	0.14229  	0.18226  	-0.2190  	0.20275  	0.09122  	-0.0664  	0.10283  	-0.2073  	-0.1205  	-0.0286  	-0.0230  	0.02916  	-0.0682  	-0.0035  	-0.0070  	-0.0844  	-0.0078  	0.00164  	-0.0260  	0.00980  	0.03443  	-0.0052  	-0.0428  	0.03331  	-0.0001  	-0.0500  	0.12569  	0.01415  	-0.0314  	0.44382  	
-0.0502  	-0.2362  	-0.5200  	-1.0759  	-0.3743  	-1.3702  	-0.0072  	0.39772  	0.15659  	0.26822  	0.73779  	-1.0392  	0.03908  	-1.3475  	-1.0435  	0.29433  	-0.3501  	-0.1300  	-0.0798  	0.75271  	0.40225  	-0.1736  	-1.0129  	0.13302  	0.24005  	-0.3036  	0.17111  	0.36437  	-0.3095  	0.28751  	0.10462  	0.44984  	-0.0557  	-0.0141  	0.37247  	0.13152  	-0.0594  	-0.3218  	-0.3584  	0.84279  	0.12474  	0.16747  	-0.2228  	0.20247  	0.09122  	-0.0663  	0.10122  	-0.2158  	-0.1145  	-0.0320  	-0.0186  	0.02482  	-0.0715  	-0.0078  	-0.0119  	-0.0785  	-0.0008  	0.00435  	-0.0288  	0.00642  	0.03679  	-0.0137  	-0.0431  	0.02732  	-0.0001  	-0.0500  	0.12569  	0.01415  	-0.0314  	0.44382  	
0.21173  	-0.2037  	-0.4196  	-0.9455  	-0.2953  	-1.1997  	0.02774  	0.41320  	0.20184  	0.26139  	0.67853  	-1.0186  	0.10230  	-1.2243  	-0.9940  	0.33417  	-0.3675  	-0.1570  	-0.0994  	0.73922  	0.41446  	-0.1769  	-1.0176  	0.15593  	0.26968  	-0.3280  	0.14829  	0.41281  	-0.3188  	0.28463  	0.07630  	0.47270  	-0.0270  	-0.0068  	0.41542  	0.10517  	-0.0272  	-0.3276  	-0.3746  	0.85060  	0.09845  	0.17061  	-0.2134  	0.19663  	0.08815  	-0.0599  	0.10742  	-0.2075  	-0.1060  	-0.0230  	-0.0083  	0.01812  	-0.0699  	-0.0075  	-0.0121  	-0.0762  	0.00257  	0.00082  	-0.0258  	0.01245  	0.03681  	-0.0128  	-0.0414  	0.03505  	-0.0001  	-0.0500  	0.12569  	0.01415  	-0.0314  	0.44382  	
0.26511  	-0.1763  	-0.3071  	-0.9673  	-0.3355  	-1.2163  	0.04553  	0.45348  	0.23178  	0.32080  	0.67457  	-1.0266  	0.09153  	-1.2228  	-1.1211  	0.42704  	-0.4162  	-0.0782  	-0.0935  	0.78335  	0.36154  	-0.1936  	-1.0672  	0.09173  	0.25253  	-0.3357  	0.08903  	0.46170  	-0.2632  	0.27345  	0.06379  	0.48098  	-0.0119  	-0.0109  	0.38033  	0.12887  	-0.0650  	-0.3180  	-0.3467  	0.87206  	0.14354  	0.16971  	-0.1913  	0.20542  	0.07741  	-0.0723  	0.09467  	-0.1929  	-0.0971  	-0.0348  	-0.0059  	0.02100  	-0.0688  	0.00100  	-0.0067  	-0.0728  	-0.0017  	-0.0054  	-0.0273  	0.01107  	0.03460  	-0.0077  	-0.0418  	0.03780  	-0.0001  	-0.0500  	0.12569  	0.01415  	-0.0314  	0.44382  	
0.19429  	-0.1965  	-0.3500  	-1.0219  	-0.3889  	-1.2129  	0.05683  	0.40563  	0.23080  	0.35166  	0.69007  	-1.0684  	0.06549  	-1.2200  	-1.1342  	0.34301  	-0.4037  	-0.0789  	-0.0977  	0.82015  	0.36633  	-0.1989  	-1.0637  	0.11061  	0.32047  	-0.3321  	0.14842  	0.45285  	-0.2585  	0.27661  	0.07832  	0.46632  	-0.0389  	-0.0045  	0.37729  	0.16489  	-0.0542  	-0.3125  	-0.3594  	0.86824  	0.13226  	0.17042  	-0.1971  	0.21211  	0.08850  	-0.0710  	0.09918  	-0.1947  	-0.1032  	-0.0385  	-0.0027  	0.02274  	-0.0739  	0.00110  	-0.0092  	-0.0740  	0.00064  	-0.0013  	-0.0264  	0.00853  	0.03305  	-0.0053  	-0.0325  	0.03307  	-0.0001  	-0.0500  	0.12569  	0.01415  	-0.0314  	0.44382  	
0.05292  	-0.2298  	-0.4029  	-1.0666  	-0.4538  	-1.2346  	-0.0147  	0.36715  	0.19611  	0.27489  	0.72677  	-1.1121  	0.03113  	-1.3486  	-1.0862  	0.31660  	-0.3466  	-0.1622  	-0.1026  	0.71385  	0.47107  	-0.1718  	-0.9645  	0.15245  	0.29714  	-0.3288  	0.21199  	0.35120  	-0.3077  	0.28653  	0.09991  	0.48394  	-0.0665  	-0.0038  	0.37223  	0.13272  	-0.0125  	-0.2991  	-0.3738  	0.84111  	0.12247  	0.16419  	-0.2074  	0.19825  	0.09104  	-0.0677  	0.10402  	-0.2116  	-0.1113  	-0.0201  	-0.0123  	0.02346  	-0.0686  	0.00262  	-0.0074  	-0.0795  	-0.0067  	0.00432  	-0.0226  	0.00697  	0.03258  	-0.0098  	-0.0365  	0.03009  	-0.0001  	-0.0500  	0.12569  	0.01415  	-0.0314  	0.44382  	
0.21458  	-0.2067  	-0.3562  	-0.9391  	-0.3653  	-1.1554  	0.03819  	0.40600  	0.21087  	0.26935  	0.65055  	-1.0717  	0.06342  	-1.3410  	-1.0307  	0.38105  	-0.3842  	-0.1252  	-0.1009  	0.75827  	0.38245  	-0.1916  	-1.0292  	0.13009  	0.29084  	-0.3238  	0.20001  	0.42432  	-0.2713  	0.30461  	0.08009  	0.49800  	-0.0566  	-0.0002  	0.39358  	0.16908  	-0.0332  	-0.3103  	-0.3780  	0.87431  	0.10951  	0.17277  	-0.2107  	0.20693  	0.08818  	-0.0621  	0.09937  	-0.2026  	-0.1034  	-0.0328  	-0.0087  	0.01973  	-0.0699  	-0.0056  	-0.0026  	-0.0770  	-0.0050  	0.00262  	-0.0268  	0.00415  	0.02542  	-0.0085  	-0.0440  	0.03412  	-0.0001  	-0.0500  	0.12569  	0.01415  	-0.0314  	0.44382  	
0.28243  	-0.1976  	-0.2281  	-0.9920  	-0.3869  	-1.2342  	0.05867  	0.38851  	0.19627  	0.35287  	0.71669  	-1.0392  	0.03357  	-1.3574  	-1.1424  	0.46921  	-0.4133  	-0.0668  	-0.1116  	0.85948  	0.29166  	-0.2008  	-1.1042  	0.09447  	0.26437  	-0.3328  	0.07945  	0.46848  	-0.2480  	0.28501  	0.08174  	0.49316  	-0.0428  	-0.0064  	0.38030  	0.21562  	-0.0815  	-0.3344  	-0.3558  	0.90238  	0.13226  	0.17182  	-0.2108  	0.19724  	0.07853  	-0.0615  	0.09440  	-0.1830  	-0.0903  	-0.0286  	0.00350  	0.02144  	-0.0634  	-0.0092  	-0.0039  	-0.0730  	7.58490  	0.00260  	-0.0313  	0.00974  	0.03107  	-0.0058  	-0.0412  	0.03301  	-0.0001  	-0.0500  	0.12569  	0.01415  	-0.0314  	0.44382  	
0.11683  	-0.2098  	-0.3913  	-1.0529  	-0.4241  	-1.3114  	0.06109  	0.31609  	0.17389  	0.40683  	0.68844  	-1.1412  	0.09549  	-1.3384  	-1.2107  	0.35636  	-0.4379  	-0.0833  	-0.1169  	0.82044  	0.31471  	-0.1840  	-1.1203  	0.12920  	0.36193  	-0.3247  	0.15421  	0.50468  	-0.2088  	0.28900  	0.08805  	0.48276  	-0.0509  	-0.0065  	0.37109  	0.26218  	-0.1339  	-0.3369  	-0.3470  	0.91618  	0.12692  	0.18363  	-0.1955  	0.20515  	0.09567  	-0.0740  	0.09775  	-0.1945  	-0.1069  	-0.0420  	0.00889  	0.02819  	-0.0638  	-0.0017  	-0.0072  	-0.0814  	-0.0057  	-0.0005  	-0.0142  	0.01393  	0.02992  	-0.0090  	-0.0373  	0.03015  	-0.0001  	-0.0500  	0.12569  	0.01415  	-0.0314  	0.44382  	
-0.1837  	-0.2865  	-0.5302  	-1.1254  	-0.4166  	-1.3989  	0.01981  	0.33099  	0.15130  	0.34076  	0.77743  	-1.0857  	0.00416  	-1.2994  	-1.0912  	0.23603  	-0.3904  	-0.1429  	-0.0806  	0.76341  	0.42391  	-0.1904  	-1.0456  	0.16223  	0.39431  	-0.3197  	0.23180  	0.35906  	-0.2508  	0.30825  	0.10330  	0.45617  	-0.0642  	-0.0104  	0.41279  	0.21419  	-0.0309  	-0.3270  	-0.3671  	0.83729  	0.07839  	0.19067  	-0.2396  	0.18539  	0.10312  	-0.0710  	0.09818  	-0.2099  	-0.1327  	-0.0298  	-0.0193  	0.02826  	-0.0599  	-0.0021  	-0.0135  	-0.0852  	-0.0073  	0.00115  	-0.0240  	0.01740  	0.03242  	-0.0149  	-0.0362  	0.03003  	-0.0001  	-0.0500  	0.12569  	0.01415  	-0.0314  	0.44382  	
-0.1301  	-0.2936  	-0.4733  	-1.2243  	-0.4866  	-1.3752  	0.03019  	0.35896  	0.17274  	0.37049  	0.82750  	-1.1615  	0.03386  	-1.2899  	-1.1301  	0.17605  	-0.3643  	-0.1576  	-0.1119  	0.75487  	0.47042  	-0.2072  	-0.9795  	0.17265  	0.34172  	-0.3072  	0.19809  	0.32288  	-0.3196  	0.27518  	0.08911  	0.45391  	-0.0636  	-0.0163  	0.39223  	0.16905  	-0.0162  	-0.3018  	-0.3748  	0.83450  	0.09603  	0.18165  	-0.2425  	0.18254  	0.09052  	-0.0641  	0.10670  	-0.2006  	-0.1058  	-0.0388  	-0.0157  	0.02280  	-0.0642  	0.00275  	-0.0150  	-0.0800  	-0.0066  	0.00246  	-0.0272  	0.00884  	0.03432  	-0.0084  	-0.0392  	0.03049  	-0.0001  	-0.0500  	0.12569  	0.01415  	-0.0314  	0.44382  	
-0.2348  	-0.2782  	-0.5237  	-1.3196  	-0.4897  	-1.4430  	0.05001  	0.29340  	0.14723  	0.42261  	0.85860  	-1.1629  	0.04538  	-1.3432  	-1.2386  	0.19612  	-0.3827  	-0.1085  	-0.1010  	0.77141  	0.41055  	-0.1862  	-0.9922  	0.15407  	0.30687  	-0.3184  	0.15156  	0.35470  	-0.2943  	0.26186  	0.10264  	0.44628  	-0.0422  	-0.0045  	0.34820  	0.14566  	-0.0703  	-0.3308  	-0.3650  	0.84699  	0.12122  	0.18669  	-0.2255  	0.18927  	0.09680  	-0.0616  	0.09790  	-0.2026  	-0.1110  	-0.0276  	-0.0199  	0.02433  	-0.0702  	-0.0060  	-0.0200  	-0.0819  	-0.0100  	0.00482  	-0.0281  	-0.0013  	0.03954  	-0.0123  	-0.0363  	0.02299  	-0.0001  	-0.0500  	0.12569  	0.01415  	-0.0314  	0.44382  	
-0.3398  	-0.3421  	-0.5796  	-1.3204  	-0.4864  	-1.5345  	0.03445  	0.29330  	0.14466  	0.38448  	0.96165  	-1.1386  	0.02828  	-1.3850  	-1.2022  	0.20412  	-0.3458  	-0.1358  	-0.1130  	0.79503  	0.43233  	-0.1485  	-0.9624  	0.20405  	0.26078  	-0.2906  	0.12640  	0.34585  	-0.3716  	0.24819  	0.10453  	0.44907  	-0.0468  	-0.0028  	0.34505  	0.14837  	-0.0681  	-0.3271  	-0.3738  	0.83829  	0.09917  	0.19050  	-0.2586  	0.16086  	0.09212  	-0.0603  	0.10123  	-0.2161  	-0.1046  	-0.0307  	-0.0218  	0.02254  	-0.0717  	-0.0050  	-0.0148  	-0.0887  	-0.0101  	0.00202  	-0.0212  	0.00395  	0.03975  	-0.0023  	-0.0411  	0.02694  	-0.0001  	-0.0500  	0.12569  	0.01415  	-0.0314  	0.44382  	
-0.3352  	-0.3868  	-0.6473  	-1.2799  	-0.4321  	-1.5543  	0.04608  	0.31949  	0.15136  	0.36372  	1.01003  	-1.1091  	0.04302  	-1.3604  	-1.1239  	0.19934  	-0.3624  	-0.1895  	-0.1450  	0.82480  	0.48619  	-0.1770  	-0.9392  	0.21536  	0.22920  	-0.2800  	0.15083  	0.32887  	-0.4106  	0.25591  	0.10284  	0.45155  	-0.0373  	-0.0093  	0.41365  	0.07627  	-0.0185  	-0.3210  	-0.3941  	0.82819  	0.05752  	0.18240  	-0.2622  	0.16935  	0.09651  	-0.0694  	0.09894  	-0.2257  	-0.1047  	-0.0239  	-0.0113  	0.02004  	-0.0759  	-0.0071  	-0.0146  	-0.0790  	-0.0165  	-0.0011  	-0.0312  	0.00177  	0.03945  	0.00522  	-0.0465  	0.03304  	-0.0001  	-0.0500  	0.12569  	0.01415  	-0.0314  	0.44382  	
-0.1773  	-0.3444  	-0.6090  	-1.1764  	-0.3365  	-1.5866  	0.04034  	0.40786  	0.16991  	0.33897  	1.02213  	-1.0645  	0.06322  	-1.3136  	-1.0496  	0.15168  	-0.3787  	-0.1656  	-0.1504  	0.84682  	0.57889  	-0.2508  	-1.0407  	0.26472  	0.22349  	-0.2989  	0.18414  	0.30536  	-0.4331  	0.23751  	0.09794  	0.43747  	-0.0148  	-0.0081  	0.47440  	0.03404  	0.01607  	-0.3335  	-0.3897  	0.84146  	0.03520  	0.18847  	-0.2853  	0.16987  	0.10233  	-0.0618  	0.10533  	-0.2292  	-0.1112  	-0.0210  	-0.0119  	0.02069  	-0.0802  	-0.0079  	-0.0240  	-0.0764  	-0.0083  	-0.0047  	-0.0378  	0.00168  	0.03744  	-0.0030  	-0.0434  	0.02403  	-0.0001  	-0.0500  	0.12569  	0.01415  	-0.0314  	0.44382  	
0.25191  	-0.1737  	-0.2928  	-0.7613  	-0.2262  	-1.3277  	0.04607  	0.57839  	0.25501  	0.30273  	0.69481  	-0.9157  	0.19296  	-0.9241  	-0.7054  	0.27932  	-0.3859  	-0.1952  	-0.0974  	0.77861  	0.61546  	-0.1966  	-1.0960  	0.32605  	0.14840  	-0.3095  	0.23842  	0.33306  	-0.4646  	0.27319  	0.09792  	0.47253  	0.00703  	-0.0048  	0.43577  	-0.0176  	-0.0586  	-0.3327  	-0.3711  	0.93012  	0.03600  	0.19713  	-0.2453  	0.18159  	0.08618  	-0.0663  	0.10853  	-0.1874  	-0.0860  	-0.0152  	-0.0192  	0.01844  	-0.0956  	-0.0055  	-0.0228  	-0.0819  	-0.0155  	0.00345  	-0.0386  	-0.0024  	0.02247  	0.00199  	-0.0612  	0.02400  	-0.0001  	-0.0500  	0.12569  	0.01415  	-0.0314  	0.44382  	
0.60926  	-0.0709  	-0.1003  	-0.5950  	-0.1971  	-0.9690  	0.10206  	0.59421  	0.25426  	0.20787  	0.19210  	-1.1957  	0.28971  	-0.7163  	-0.4244  	0.15483  	-0.3412  	-0.2545  	-0.1118  	0.55433  	0.49595  	-0.0109  	-0.9271  	0.16749  	0.38177  	-0.3451  	0.41359  	0.10780  	-0.3346  	0.38671  	0.11856  	0.46095  	-0.0227  	-0.0041  	0.48087  	0.00917  	-0.0213  	-0.3262  	-0.3740  	0.86889  	0.04761  	0.17686  	-0.1939  	0.21572  	0.08219  	-0.0673  	0.09104  	-0.1505  	-0.0688  	-0.0218  	-0.0240  	0.02285  	-0.0772  	-0.0010  	-0.0087  	-0.0610  	-0.0302  	-0.0035  	-0.0361  	0.01202  	0.03750  	0.00550  	-0.0408  	0.01969  	-0.0001  	-0.0500  	0.12569  	0.01415  	-0.0314  	0.44382  	
0.33322  	-0.0935  	-0.3378  	-0.6295  	-0.1979  	-1.1961  	0.08192  	0.47058  	0.17464  	0.26065  	0.42695  	-1.2239  	0.20741  	-0.9050  	-0.5388  	0.19053  	-0.3660  	-0.2900  	-0.1205  	0.67316  	0.54613  	-0.1087  	-0.9917  	0.30050  	0.42960  	-0.3471  	0.50097  	0.08311  	-0.3934  	0.42456  	0.08696  	0.46424  	-0.0535  	-0.0087  	0.60927  	0.08310  	0.01936  	-0.3436  	-0.4271  	0.87974  	-0.0219  	0.23302  	-0.2732  	0.17640  	0.08994  	-0.0601  	0.08840  	-0.1932  	-0.1104  	-0.0293  	-0.0155  	0.02113  	-0.0738  	-0.0008  	-0.0262  	-0.0617  	-0.0203  	-0.0072  	-0.0208  	0.01259  	0.03289  	0.00256  	-0.0602  	0.00791  	-0.0001  	-0.0500  	0.12569  	0.01415  	-0.0314  	0.44382  	
0.04870  	-0.1913  	-0.4697  	-0.9134  	-0.2561  	-1.2609  	0.00822  	0.41824  	0.22545  	0.24716  	0.70303  	-1.0260  	0.05857  	-1.2634  	-0.7982  	0.34517  	-0.3853  	-0.1761  	-0.0910  	0.73842  	0.56725  	-0.1523  	-1.0498  	0.25333  	0.23523  	-0.3270  	0.27060  	0.25137  	-0.4086  	0.29560  	0.08086  	0.49660  	-0.0258  	-0.0015  	0.51952  	0.05116  	0.03325  	-0.3133  	-0.4225  	0.86763  	0.05158  	0.20212  	-0.2662  	0.19504  	0.09213  	-0.0572  	0.10106  	-0.2202  	-0.1184  	-0.0200  	-0.0135  	0.01880  	-0.0686  	-0.0035  	-0.0111  	-0.0726  	0.00239  	0.00429  	-0.0224  	0.01419  	0.03630  	-0.0039  	-0.0519  	0.02915  	-0.0001  	-0.0500  	0.12569  	0.01415  	-0.0314  	0.44382  	
0.28169  	-0.2181  	-0.3045  	-0.8918  	-0.3353  	-1.0566  	0.01876  	0.40607  	0.20232  	0.23549  	0.64326  	-1.0691  	0.04753  	-1.2891  	-0.9569  	0.39920  	-0.3819  	-0.1457  	-0.0739  	0.73722  	0.44367  	-0.1556  	-0.9952  	0.20015  	0.32053  	-0.3290  	0.25988  	0.31874  	-0.3291  	0.30439  	0.06228  	0.50999  	-0.0520  	0.00375  	0.41203  	0.14460  	0.00090  	-0.2894  	-0.3872  	0.87767  	0.09280  	0.15998  	-0.2261  	0.20412  	0.07646  	-0.0633  	0.10113  	-0.1952  	-0.1072  	-0.0279  	-0.0107  	0.02347  	-0.0711  	-0.0042  	-0.0088  	-0.0798  	-0.0109  	0.00133  	-0.0295  	0.00680  	0.03188  	-0.0156  	-0.0374  	0.03024  	-0.0001  	-0.0500  	0.12569  	0.01415  	-0.0314  	0.44382  	
0.34143  	-0.1618  	-0.2396  	-0.8880  	-0.3055  	-1.1360  	0.07789  	0.39809  	0.22604  	0.35208  	0.64005  	-0.9977  	0.08785  	-1.2963  	-1.0822  	0.46652  	-0.4152  	-0.0858  	-0.0944  	0.83758  	0.33901  	-0.1687  	-1.0983  	0.11468  	0.29097  	-0.3265  	0.12982  	0.48309  	-0.2513  	0.30379  	0.07405  	0.48542  	-0.0438  	0.00607  	0.37757  	0.18602  	-0.0861  	-0.3275  	-0.3322  	0.88897  	0.11319  	0.17879  	-0.2015  	0.20598  	0.08884  	-0.0649  	0.09681  	-0.1783  	-0.0919  	-0.0276  	0.00244  	0.02240  	-0.0632  	-0.0098  	-0.0034  	-0.0796  	-0.0006  	-0.0001  	-0.0240  	0.00738  	0.02935  	-0.0139  	-0.0380  	0.03327  	-0.0001  	-0.0500  	0.12569  	0.01415  	-0.0314  	0.44382  	
0.27834  	-0.2068  	-0.3152  	-0.8709  	-0.3401  	-1.1546  	0.05339  	0.36950  	0.18305  	0.32036  	0.67088  	-1.0578  	0.05528  	-1.2951  	-1.0720  	0.43407  	-0.4271  	-0.1110  	-0.1062  	0.81639  	0.39415  	-0.1768  	-1.1261  	0.15314  	0.34640  	-0.3528  	0.20696  	0.44160  	-0.2627  	0.31830  	0.06276  	0.50212  	-0.0615  	-0.0047  	0.41780  	0.21598  	-0.0548  	-0.3282  	-0.3667  	0.87066  	0.06838  	0.17406  	-0.2162  	0.19508  	0.09281  	-0.0687  	0.09811  	-0.1924  	-0.0926  	-0.0261  	0.00414  	0.01745  	-0.0620  	-0.0046  	-0.0049  	-0.0743  	0.00358  	0.00375  	-0.0256  	0.01269  	0.02659  	-0.0145  	-0.0300  	0.03572  	-0.0001  	-0.0500  	0.12569  	0.01415  	-0.0314  	0.44382  	
0.23922  	-0.1993  	-0.3845  	-0.7952  	-0.2908  	-1.0773  	0.04147  	0.40176  	0.19355  	0.19737  	0.53314  	-1.0506  	0.08362  	-1.1881  	-0.8937  	0.31767  	-0.3803  	-0.1735  	-0.0931  	0.72508  	0.44472  	-0.1357  	-1.0229  	0.20205  	0.36296  	-0.3366  	0.27980  	0.35871  	-0.2833  	0.34171  	0.05612  	0.50129  	-0.0622  	-0.0043  	0.44067  	0.16537  	-0.0217  	-0.3055  	-0.3878  	0.86507  	0.05642  	0.17877  	-0.2263  	0.19714  	0.08558  	-0.0753  	0.10444  	-0.1994  	-0.0980  	-0.0380  	-0.0029  	0.01907  	-0.0655  	-0.0054  	-0.0045  	-0.0792  	-0.0005  	0.00428  	-0.0147  	0.00518  	0.02256  	-0.0168  	-0.0373  	0.02978  	-0.0001  	-0.0500  	0.12569  	0.01415  	-0.0314  	0.44382  	
0.34745  	-0.1418  	-0.3268  	-0.7610  	-0.2537  	-1.0822  	0.05771  	0.41583  	0.22764  	0.22727  	0.58354  	-0.9545  	0.13305  	-1.1241  	-0.8958  	0.37439  	-0.4076  	-0.1440  	-0.0968  	0.78608  	0.41295  	-0.1221  	-1.0484  	0.12413  	0.36130  	-0.3410  	0.17325  	0.41942  	-0.2281  	0.32994  	0.06895  	0.46712  	-0.0172  	-0.0096  	0.42492  	0.12560  	-0.0641  	-0.3276  	-0.3294  	0.89147  	0.08658  	0.18066  	-0.2132  	0.19640  	0.08425  	-0.0675  	0.10305  	-0.1839  	-0.0915  	-0.0265  	0.00368  	0.02243  	-0.0723  	-0.0045  	-0.0029  	-0.0659  	-0.0061  	-0.0066  	-0.0182  	0.01801  	0.03315  	-0.0091  	-0.0419  	0.02959  	-0.0001  	-0.0500  	0.12569  	0.01415  	-0.0314  	0.44382  	
0.25631  	-0.1576  	-0.3390  	-0.8744  	-0.2716  	-1.2016  	0.09663  	0.42205  	0.21036  	0.31134  	0.63200  	-1.0579  	0.11736  	-1.0830  	-0.9966  	0.37009  	-0.4529  	-0.0879  	-0.1043  	0.80892  	0.40429  	-0.1610  	-1.1188  	0.17749  	0.40021  	-0.3511  	0.19228  	0.38591  	-0.2492  	0.30765  	0.05065  	0.45936  	-0.0304  	-0.0091  	0.44387  	0.14730  	-0.0530  	-0.3345  	-0.3536  	0.91180  	0.06091  	0.19283  	-0.1962  	0.18773  	0.09811  	-0.0626  	0.10395  	-0.2027  	-0.1044  	-0.0317  	-0.0066  	0.02092  	-0.0691  	-0.0035  	-0.0074  	-0.0753  	-0.0020  	-0.0041  	-0.0222  	0.01482  	0.02875  	-0.0100  	-0.0504  	0.03386  	-0.0001  	-0.0500  	0.12569  	0.01415  	-0.0314  	0.44382  	
0.01528  	-0.2558  	-0.5228  	-0.9882  	-0.3000  	-1.2812  	0.04463  	0.44312  	0.18609  	0.25012  	0.77392  	-1.0398  	0.09214  	-1.1640  	-0.9583  	0.26469  	-0.3879  	-0.1330  	-0.0817  	0.76027  	0.50523  	-0.1806  	-1.0469  	0.24370  	0.32455  	-0.3398  	0.27651  	0.30711  	-0.3391  	0.30026  	0.07299  	0.46419  	-0.0368  	-0.0162  	0.48144  	0.09282  	-0.0138  	-0.3324  	-0.3807  	0.88826  	0.03168  	0.19124  	-0.2711  	0.18119  	0.09963  	-0.0624  	0.09535  	-0.2180  	-0.1213  	-0.0257  	-0.0065  	0.02143  	-0.0728  	-0.0018  	-0.0109  	-0.0755  	-0.0047  	-0.0015  	-0.0249  	0.01517  	0.02746  	-0.0109  	-0.0513  	0.02933  	-0.0001  	-0.0500  	0.12569  	0.01415  	-0.0314  	0.44382  	
0.13646  	-0.2388  	-0.3749  	-0.8323  	-0.2414  	-1.1491  	0.02804  	0.40654  	0.20015  	0.29509  	0.61718  	-0.9853  	0.07038  	-1.1973  	-0.9270  	0.31952  	-0.3990  	-0.1326  	-0.1095  	0.77077  	0.36872  	-0.1474  	-1.0381  	0.14750  	0.29890  	-0.3280  	0.18110  	0.46285  	-0.2530  	0.32344  	0.08475  	0.46030  	-0.0457  	0.00021  	0.38365  	0.13106  	-0.0944  	-0.3476  	-0.3485  	0.87982  	0.08927  	0.17781  	-0.2358  	0.19445  	0.10149  	-0.0629  	0.09885  	-0.1941  	-0.1049  	-0.0272  	-0.0040  	0.02444  	-0.0747  	-0.0065  	-0.0133  	-0.0796  	0.00624  	0.00523  	-0.0196  	0.01002  	0.03308  	-0.0138  	-0.0392  	0.02972  	-0.0001  	-0.0500  	0.12569  	0.01415  	-0.0314  	0.44382  	
0.31079  	-0.1899  	-0.3524  	-0.6869  	-0.1498  	-1.1446  	0.04592  	0.42393  	0.22244  	0.25226  	0.46513  	-0.9904  	0.15554  	-1.1625  	-0.8711  	0.35168  	-0.4149  	-0.1133  	-0.1164  	0.82793  	0.28373  	-0.1204  	-1.1500  	0.16371  	0.34839  	-0.3393  	0.15377  	0.50391  	-0.1851  	0.34178  	0.05186  	0.47471  	-0.0171  	0.00963  	0.39480  	0.11926  	-0.1306  	-0.3471  	-0.3155  	0.92232  	0.08953  	0.17177  	-0.2172  	0.20558  	0.09206  	-0.0692  	0.10198  	-0.1798  	-0.0864  	-0.0349  	-0.0011  	0.02235  	-0.0780  	-0.0106  	-0.0119  	-0.0793  	-0.0065  	0.00201  	-0.0290  	0.00996  	0.03168  	-0.0153  	-0.0445  	0.02716  	-0.0001  	-0.0500  	0.12569  	0.01415  	-0.0314  	0.44382  	
0.21855  	-0.2109  	-0.4512  	-0.6304  	-0.1237  	-1.2197  	0.05407  	0.43894  	0.20605  	0.26499  	0.69775  	-0.9250  	0.11168  	-1.1201  	-0.8306  	0.38223  	-0.4426  	-0.1603  	-0.1305  	0.84780  	0.45243  	-0.1588  	-1.1980  	0.29054  	0.29032  	-0.3333  	0.23018  	0.39350  	-0.3214  	0.33097  	0.04177  	0.48827  	-0.0296  	-0.0136  	0.49952  	0.13129  	-0.0429  	-0.3424  	-0.3789  	0.87930  	-0.0092  	0.21392  	-0.2648  	0.17895  	0.09757  	-0.0711  	0.09819  	-0.2035  	-0.0878  	-0.0393  	-0.0068  	0.02027  	-0.0693  	0.00489  	-0.0077  	-0.0774  	0.00034  	-0.0073  	-0.0207  	0.00214  	0.02297  	-0.0143  	-0.0535  	0.02975  	-0.0001  	-0.0500  	0.12569  	0.01415  	-0.0314  	0.44382  	
0.56574  	-0.0962  	-0.2951  	-0.4961  	-0.0880  	-1.0871  	0.08347  	0.55752  	0.23012  	0.23701  	0.32050  	-0.9634  	0.28355  	-0.8158  	-0.4836  	0.22072  	-0.3921  	-0.2782  	-0.1293  	0.70336  	0.45580  	-0.0544  	-1.0232  	0.29553  	0.29312  	-0.3448  	0.38765  	0.25849  	-0.3500  	0.37216  	0.04802  	0.46434  	-0.0178  	-0.0140  	0.50059  	0.02794  	-0.0102  	-0.3494  	-0.3749  	0.92101  	-0.0224  	0.19549  	-0.2304  	0.20982  	0.10412  	-0.0696  	0.09527  	-0.1898  	-0.0844  	-0.0240  	-0.0142  	0.01631  	-0.0767  	-0.0135  	-0.0149  	-0.0653  	-0.0075  	-0.0030  	-0.0150  	0.01842  	0.02767  	-0.0038  	-0.0666  	0.01868  	-0.0001  	-0.0500  	0.12569  	0.01415  	-0.0314  	0.44382  	
0.72137  	-0.0523  	-0.0901  	-0.4924  	-0.1103  	-0.8587  	0.13910  	0.55691  	0.24769  	0.28047  	0.07419  	-1.2043  	0.35111  	-0.5737  	-0.3237  	0.13270  	-0.3590  	-0.2792  	-0.1367  	0.50922  	0.45901  	0.01540  	-0.9407  	0.22266  	0.45114  	-0.3767  	0.49275  	0.13408  	-0.2499  	0.43604  	0.09655  	0.47660  	-0.0418  	-0.0034  	0.48186  	0.02902  	-0.0797  	-0.3514  	-0.3519  	0.91932  	0.00836  	0.18859  	-0.2172  	0.21437  	0.08031  	-0.0656  	0.07478  	-0.1480  	-0.0629  	-0.0181  	-0.0035  	0.02694  	-0.0751  	-0.0089  	-0.0084  	-0.0478  	-0.0175  	-0.0025  	-0.0303  	0.01470  	0.03700  	-0.0012  	-0.0434  	0.01599  	-0.0001  	-0.0500  	0.12569  	0.01415  	-0.0314  	0.44382  	
0.11479  	-0.2309  	-0.5526  	-0.7078  	-0.1365  	-1.3852  	0.08538  	0.44663  	0.16926  	0.32577  	0.70347  	-0.9901  	0.16891  	-0.9651  	-0.7053  	0.22187  	-0.3838  	-0.1868  	-0.0955  	0.81651  	0.50432  	-0.1700  	-1.1383  	0.31190  	0.27481  	-0.3401  	0.29136  	0.24492  	-0.3643  	0.31627  	0.06980  	0.49885  	-0.0236  	-0.0077  	0.55887  	0.08132  	-0.0280  	-0.3267  	-0.4111  	0.93231  	0.00048  	0.21560  	-0.2966  	0.18925  	0.09205  	-0.0704  	0.10974  	-0.1979  	-0.1029  	-0.0165  	-0.0078  	0.03114  	-0.0774  	0.00110  	-0.0065  	-0.0774  	-0.0157  	-0.0030  	-0.0179  	0.00974  	0.03919  	-0.0154  	-0.0620  	0.01162  	-0.0001  	-0.0500  	0.12569  	0.01415  	-0.0314  	0.44382  	
-0.2615  	-0.3753  	-0.6210  	-0.8603  	-0.2152  	-1.5235  	0.04045  	0.37605  	0.16344  	0.33989  	0.83986  	-0.9090  	0.03910  	-1.2392  	-0.9329  	0.25094  	-0.4177  	-0.0994  	-0.1272  	0.88176  	0.47825  	-0.2129  	-1.0674  	0.22277  	0.16480  	-0.3095  	0.09543  	0.38009  	-0.3655  	0.24502  	0.12398  	0.45824  	0.02244  	-0.0106  	0.46513  	0.08531  	-0.0520  	-0.3540  	-0.3796  	0.87458  	0.02079  	0.19661  	-0.2705  	0.16427  	0.11020  	-0.0568  	0.10066  	-0.2074  	-0.1344  	-0.0118  	-0.0085  	0.02667  	-0.0784  	-0.0003  	-0.0167  	-0.0816  	-0.0054  	-0.0075  	-0.0372  	0.01579  	0.02682  	0.00053  	-0.0505  	0.03597  	-0.0001  	-0.0500  	0.12569  	0.01415  	-0.0314  	0.44382  	
-0.1833  	-0.3436  	-0.5893  	-1.0941  	-0.2950  	-1.5220  	0.05699  	0.41337  	0.19019  	0.45078  	0.91504  	-1.0216  	0.05987  	-1.2509  	-1.1025  	0.21019  	-0.4416  	-0.1482  	-0.1230  	0.83183  	0.43819  	-0.1944  	-0.9968  	0.15513  	0.25916  	-0.2918  	0.16117  	0.38152  	-0.3077  	0.29031  	0.11356  	0.43315  	-0.0236  	-0.0009  	0.44186  	0.08890  	-0.0522  	-0.3393  	-0.3613  	0.86215  	0.03817  	0.17777  	-0.2654  	0.19669  	0.10610  	-0.0708  	0.09677  	-0.2221  	-0.1116  	-0.0193  	-0.0019  	0.02035  	-0.0738  	-0.0049  	-0.0141  	-0.0747  	-0.0123  	0.00032  	-0.0284  	0.01386  	0.03284  	-0.0058  	-0.0388  	0.03095  	-0.0001  	-0.0500  	0.12569  	0.01415  	-0.0314  	0.44382  	
0.09021  	-0.2286  	-0.4197  	-1.0194  	-0.3741  	-1.2587  	0.06267  	0.46572  	0.19785  	0.34264  	0.63789  	-1.0170  	0.12543  	-1.1800  	-0.9897  	0.26116  	-0.3884  	-0.1095  	-0.1213  	0.79242  	0.40345  	-0.1611  	-1.0811  	0.15196  	0.33369  	-0.3362  	0.18686  	0.38647  	-0.2900  	0.30695  	0.11049  	0.43826  	-0.0544  	-0.0182  	0.37559  	0.12391  	-0.1208  	-0.3355  	-0.3125  	0.89014  	0.08017  	0.16283  	-0.2252  	0.18294  	0.08230  	-0.0646  	0.10480  	-0.1838  	-0.1066  	-0.0275  	-2.7447  	0.02489  	-0.0751  	-0.0062  	-0.0105  	-0.0806  	-0.0053  	-0.0103  	-0.0181  	0.01725  	0.03502  	-0.0058  	-0.0375  	0.02793  	-0.0001  	-0.0500  	0.12569  	0.01415  	-0.0314  	0.44382  	
0.32546  	-0.1525  	-0.2916  	-0.7727  	-0.2850  	-1.0340  	0.04777  	0.48417  	0.22444  	0.24329  	0.51502  	-0.9864  	0.16299  	-1.1228  	-0.8387  	0.34520  	-0.3672  	-0.1503  	-0.0874  	0.78797  	0.47636  	-0.1240  	-1.0099  	0.17796  	0.37859  	-0.3440  	0.23564  	0.37498  	-0.2795  	0.32831  	0.07920  	0.46401  	-0.0357  	0.00212  	0.39165  	0.07778  	-0.0583  	-0.3168  	-0.3309  	0.88667  	0.09982  	0.15705  	-0.2123  	0.19970  	0.08230  	-0.0672  	0.08874  	-0.1781  	-0.0936  	-0.0246  	-0.0091  	0.01813  	-0.0726  	-0.0048  	-0.0126  	-0.0662  	-0.0042  	-0.0004  	-0.0230  	-0.0021  	0.03058  	-0.0042  	-0.0373  	0.02816  	-0.0001  	-0.0500  	0.12569  	0.01415  	-0.0314  	0.44382  	
0.36955  	-0.1153  	-0.2531  	-0.9635  	-0.3022  	-1.1272  	0.05871  	0.45003  	0.22742  	0.34735  	0.62285  	-1.0875  	0.13049  	-1.1693  	-1.0863  	0.41570  	-0.4514  	-0.1133  	-0.0997  	0.83055  	0.43999  	-0.1832  	-1.1238  	0.16822  	0.37123  	-0.3616  	0.16913  	0.31564  	-0.2786  	0.31125  	0.05925  	0.43828  	-0.0150  	0.00884  	0.40992  	0.14032  	-0.0347  	-0.3111  	-0.3573  	0.87564  	0.13906  	0.17477  	-0.1877  	0.18885  	0.09105  	-0.0652  	0.09371  	-0.1881  	-0.1057  	-0.0377  	-0.0066  	0.01661  	-0.0648  	-0.0007  	-0.0119  	-0.0773  	-0.0092  	0.00282  	-0.0295  	0.00065  	0.02819  	-0.0162  	-0.0364  	0.02973  	-0.0001  	-0.0500  	0.12569  	0.01415  	-0.0314  	0.44382  	
-0.0220  	-0.2382  	-0.4419  	-1.0795  	-0.3367  	-1.2760  	0.08569  	0.39998  	0.20588  	0.31531  	0.84355  	-1.0625  	0.07122  	-1.1884  	-1.0686  	0.25048  	-0.3977  	-0.1314  	-0.1026  	0.77490  	0.53377  	-0.1845  	-1.0435  	0.25709  	0.33317  	-0.3300  	0.25458  	0.29103  	-0.3646  	0.29020  	0.09371  	0.46253  	-0.0140  	-0.0112  	0.47576  	0.11525  	-0.0111  	-0.3315  	-0.3897  	0.89219  	0.05164  	0.18687  	-0.2542  	0.17945  	0.10358  	-0.0652  	0.09754  	-0.2162  	-0.1209  	-0.0187  	-0.0060  	0.02080  	-0.0691  	2.97289  	-0.0163  	-0.0742  	-0.0175  	-0.0033  	-0.0222  	0.02079  	0.03290  	-0.0172  	-0.0467  	0.02312  	-0.0001  	-0.0500  	0.12569  	0.01415  	-0.0314  	0.44382  	
-0.1352  	-0.2926  	-0.5191  	-1.2638  	-0.4924  	-1.4570  	-0.0070  	0.37480  	0.17337  	0.35275  	0.94573  	-1.1129  	0.01472  	-1.3285  	-1.1852  	0.19417  	-0.3587  	-0.1444  	-0.0924  	0.75630  	0.51211  	-0.1826  	-0.9883  	0.19508  	0.29552  	-0.3150  	0.22931  	0.33740  	-0.3501  	0.26845  	0.08434  	0.46426  	-0.0827  	-0.0264  	0.40418  	0.15444  	-0.0251  	-0.3126  	-0.3888  	0.85533  	0.08956  	0.16449  	-0.2525  	0.17865  	0.10206  	-0.0637  	0.10392  	-0.2236  	-0.1095  	-0.0229  	-0.0095  	0.01881  	-0.0649  	0.00144  	-0.0083  	-0.0809  	-0.0092  	-0.0009  	-0.0247  	0.01662  	0.02733  	-0.0057  	-0.0487  	0.03026  	-0.0001  	-0.0500  	0.12569  	0.01415  	-0.0314  	0.44382  	
-0.0964  	-0.2447  	-0.3850  	-1.3052  	-0.5083  	-1.3427  	0.04269  	0.37316  	0.16156  	0.36672  	0.81209  	-1.1431  	0.03002  	-1.3036  	-1.1929  	0.23870  	-0.3618  	-0.1458  	-0.0898  	0.72720  	0.41888  	-0.1612  	-0.9628  	0.18161  	0.32182  	-0.2983  	0.22285  	0.31068  	-0.2762  	0.26754  	0.12582  	0.43841  	-0.0673  	-0.0180  	0.32246  	0.14138  	-0.0412  	-0.3119  	-0.3536  	0.85302  	0.13158  	0.17004  	-0.2062  	0.20588  	0.09611  	-0.0700  	0.10546  	-0.2050  	-0.1173  	-0.0197  	-0.0200  	0.02081  	-0.0721  	-0.0029  	-0.0123  	-0.0770  	-0.0101  	-0.0004  	-0.0246  	0.00852  	0.03418  	-0.0081  	-0.0343  	0.02662  	-0.0001  	-0.0500  	0.12569  	0.01415  	-0.0314  	0.44382  	
0.03214  	-0.2365  	-0.3488  	-1.1180  	-0.4354  	-1.2116  	0.03606  	0.40000  	0.21698  	0.27585  	0.68456  	-1.1046  	0.06385  	-1.2889  	-1.0605  	0.28561  	-0.3371  	-0.1478  	-0.1081  	0.72057  	0.39109  	-0.1611  	-0.9867  	0.18801  	0.30510  	-0.2992  	0.23214  	0.37345  	-0.2804  	0.27840  	0.10333  	0.47955  	-0.0413  	0.00072  	0.34191  	0.13756  	-0.0502  	-0.3264  	-0.3661  	0.86018  	0.13156  	0.16307  	-0.2147  	0.20524  	0.09799  	-0.0717  	0.10168  	-0.2072  	-0.1109  	-0.0225  	-0.0153  	0.01903  	-0.0693  	-0.0041  	-0.0102  	-0.0810  	-0.0080  	0.00348  	-0.0268  	0.00965  	0.03421  	-0.0003  	-0.0293  	0.03741  	-0.0001  	-0.0500  	0.12569  	0.01415  	-0.0314  	0.44382  	
0.27747  	-0.1617  	-0.2174  	-0.9117  	-0.3270  	-1.2236  	0.03179  	0.48551  	0.20258  	0.30965  	0.68750  	-1.0359  	0.13046  	-1.3530  	-0.9574  	0.35135  	-0.3268  	-0.2885  	-0.0314  	0.53510  	0.42767  	-0.4132  	-1.3159  	0.11542  	0.21314  	-0.2105  	0.16532  	0.32487  	-0.2004  	0.26759  	0.21088  	0.44682  	-0.1217  	-0.1579  	0.33745  	0.12068  	-0.1324  	-0.3046  	-0.4840  	0.78701  	0.19150  	0.30519  	-0.3269  	0.28366  	0.02090  	-0.0481  	0.08185  	-0.1677  	-0.1158  	-0.0431  	0.00050  	0.02892  	-0.0670  	0.01308  	0.00102  	-0.0812  	-0.0062  	-0.0116  	-0.0286  	0.01431  	0.03537  	-0.0132  	-0.0498  	0.03712  	-0.0001  	-0.0500  	0.12569  	0.01415  	-0.0314  	0.44382  	
0.32999  	-0.1381  	-0.1588  	-0.8870  	-0.3321  	-1.2314  	-0.0174  	0.50899  	0.18344  	0.33448  	0.77397  	-0.9871  	0.15525  	-1.3989  	-0.9874  	0.34628  	-0.2540  	-0.4027  	0.02797  	0.36232  	0.49799  	-0.6338  	-1.5672  	0.10458  	0.15177  	-0.1597  	0.14200  	0.27726  	-0.1351  	0.26016  	0.27998  	0.41250  	-0.2069  	-0.2852  	0.31890  	0.14285  	-0.2275  	-0.3091  	-0.5755  	0.72874  	0.23606  	0.41192  	-0.4258  	0.33314  	-0.0292  	-0.0281  	0.05488  	-0.1586  	-0.1275  	-0.0567  	0.00807  	0.03068  	-0.0625  	0.02779  	0.00668  	-0.0787  	-0.0064  	-0.0195  	-0.0238  	0.02046  	0.03749  	-0.0134  	-0.0610  	0.03297  	-0.0001  	-0.0500  	0.12569  	0.01415  	-0.0314  	0.44382  	
0.29912  	-0.1424  	-0.1350  	-1.0211  	-0.4084  	-1.2366  	-0.0053  	0.45347  	0.16613  	0.33284  	0.74896  	-1.0538  	0.15210  	-1.4513  	-1.0761  	0.34746  	-0.2347  	-0.4138  	0.04381  	0.31408  	0.45374  	-0.6788  	-1.6307  	0.08374  	0.13029  	-0.1290  	0.11988  	0.26485  	-0.1084  	0.23922  	0.33027  	0.38332  	-0.2259  	-0.3249  	0.26472  	0.16441  	-0.2525  	-0.3195  	-0.5879  	0.72623  	0.27388  	0.44003  	-0.4442  	0.34698  	-0.0377  	-0.0241  	0.05100  	-0.1561  	-0.1232  	-0.0445  	0.01396  	0.03333  	-0.0634  	0.03117  	0.00864  	-0.0799  	-0.0090  	-0.0230  	-0.0313  	0.02219  	0.03795  	-0.0131  	-0.0653  	0.02981  	-0.0001  	-0.0500  	0.12569  	0.01415  	-0.0314  	0.44382  	
0.16069  	-0.1650  	-0.2673  	-1.0626  	-0.4318  	-1.3536  	0.00398  	0.41789  	0.12219  	0.35770  	0.67809  	-1.1190  	0.14950  	-1.4346  	-1.0659  	0.25424  	-0.2715  	-0.3987  	0.01590  	0.30006  	0.45797  	-0.5771  	-1.5579  	0.11856  	0.23442  	-0.1431  	0.16469  	0.29927  	-0.0694  	0.26540  	0.29598  	0.39822  	-0.2451  	-0.3009  	0.24315  	0.19844  	-0.2623  	-0.3297  	-0.5680  	0.75474  	0.26451  	0.41634  	-0.4241  	0.35006  	-0.0080  	-0.0377  	0.05289  	-0.1686  	-0.1273  	-0.0679  	0.01033  	0.03240  	-0.0641  	0.03050  	0.00674  	-0.0900  	-0.0075  	-0.0226  	-0.0219  	0.02055  	0.03621  	-0.0158  	-0.0649  	0.03232  	-0.0001  	-0.0500  	0.12569  	0.01415  	-0.0314  	0.44382  	
-0.1417  	-0.2728  	-0.4958  	-1.0865  	-0.3563  	-1.4582  	0.01106  	0.37629  	0.13241  	0.31957  	0.82444  	-1.0584  	0.06856  	-1.3549  	-1.0738  	0.23208  	-0.2885  	-0.3191  	-0.0096  	0.54212  	0.49227  	-0.4179  	-1.3199  	0.19207  	0.32999  	-0.2351  	0.21364  	0.26162  	-0.2409  	0.26917  	0.20089  	0.41693  	-0.1456  	-0.1716  	0.36216  	0.16601  	-0.1116  	-0.3239  	-0.4923  	0.74923  	0.15485  	0.32852  	-0.3728  	0.26123  	0.03937  	-0.0513  	0.07433  	-0.1882  	-0.1323  	-0.0373  	-0.0031  	0.03286  	-0.0702  	0.01633  	-0.0055  	-0.0767  	-0.0051  	-0.0105  	-0.0210  	0.02639  	0.03576  	-0.0154  	-0.0497  	0.03049  	-0.0001  	-0.0500  	0.12569  	0.01415  	-0.0314  	0.44382  	
-0.2108  	-0.3488  	-0.5194  	-1.2680  	-0.4948  	-1.5103  	-0.0204  	0.38928  	0.18021  	0.37744  	0.95546  	-1.1124  	0.01831  	-1.3321  	-1.0865  	0.18432  	-0.3523  	-0.1817  	-0.0945  	0.78202  	0.56524  	-0.2157  	-0.9451  	0.20358  	0.24612  	-0.3037  	0.20287  	0.31001  	-0.3935  	0.25215  	0.11108  	0.47354  	-0.0485  	-0.0253  	0.39649  	0.09868  	0.02372  	-0.3055  	-0.4001  	0.80181  	0.06855  	0.16766  	-0.2601  	0.17364  	0.10176  	-0.0559  	0.10614  	-0.2233  	-0.1122  	-0.0271  	-0.0212  	0.02057  	-0.0655  	-0.0062  	-0.0136  	-0.0843  	-0.0115  	0.00274  	-0.0277  	0.00979  	0.03488  	-0.0070  	-0.0419  	0.03190  	-0.0001  	-0.0500  	0.12569  	0.01415  	-0.0314  	0.44382  	
-0.2180  	-0.2923  	-0.4860  	-1.3436  	-0.5205  	-1.5035  	0.01884  	0.37680  	0.18087  	0.45049  	0.90964  	-1.1369  	0.02753  	-1.3241  	-1.2279  	0.21685  	-0.3470  	-0.1180  	-0.1057  	0.78204  	0.48065  	-0.1842  	-0.9698  	0.16735  	0.25675  	-0.2926  	0.15771  	0.32848  	-0.3271  	0.23662  	0.12159  	0.44514  	-0.0383  	-0.0213  	0.35784  	0.14160  	-0.0482  	-0.3143  	-0.3500  	0.83098  	0.10743  	0.18020  	-0.2383  	0.18601  	0.09598  	-0.0646  	0.10077  	-0.2012  	-0.1126  	-0.0292  	-0.0200  	0.02344  	-0.0659  	-0.0068  	-0.0101  	-0.0840  	-0.0097  	0.00586  	-0.0261  	0.00587  	0.03695  	-0.0023  	-0.0375  	0.03120  	-0.0001  	-0.0500  	0.12569  	0.01415  	-0.0314  	0.44382  	
-0.1763  	-0.2709  	-0.4270  	-1.3647  	-0.5214  	-1.4242  	0.06218  	0.33696  	0.18619  	0.38655  	0.81782  	-1.1884  	0.03935  	-1.3710  	-1.2468  	0.23558  	-0.3424  	-0.1199  	-0.1175  	0.77527  	0.39147  	-0.1718  	-0.9566  	0.12883  	0.30005  	-0.2874  	0.15372  	0.37864  	-0.2557  	0.25295  	0.12731  	0.44422  	-0.0477  	-0.0013  	0.30048  	0.14987  	-0.0657  	-0.3213  	-0.3541  	0.81718  	0.15633  	0.16947  	-0.2001  	0.20509  	0.09978  	-0.0691  	0.09781  	-0.1907  	-0.1122  	-0.0313  	-0.0216  	0.02616  	-0.0654  	-0.0025  	-0.0132  	-0.0830  	-0.0135  	0.00213  	-0.0274  	0.00682  	0.03931  	-0.0008  	-0.0414  	0.03129  	-0.0001  	-0.0500  	0.12569  	0.01415  	-0.0314  	0.44382  	
-0.1079  	-0.2442  	-0.4321  	-1.2188  	-0.4560  	-1.3289  	0.03401  	0.37242  	0.20366  	0.33974  	0.72058  	-1.1119  	0.04744  	-1.3797  	-1.1570  	0.27103  	-0.3598  	-0.1409  	-0.0813  	0.74293  	0.35281  	-0.1526  	-0.9165  	0.10408  	0.27662  	-0.2880  	0.19093  	0.39561  	-0.2378  	0.27353  	0.12261  	0.44782  	-0.0488  	-0.0015  	0.26729  	0.13600  	-0.0826  	-0.3219  	-0.3406  	0.85670  	0.16002  	0.16196  	-0.1864  	0.21798  	0.09446  	-0.0641  	0.09828  	-0.1937  	-0.1113  	-0.0303  	-0.0216  	0.02162  	-0.0682  	-0.0027  	-0.0128  	-0.0846  	-0.0117  	0.00098  	-0.0237  	0.00803  	0.04069  	-0.0055  	-0.0415  	0.03115  	-0.0001  	-0.0500  	0.12569  	0.01415  	-0.0314  	0.44382  	
-0.0600  	-0.2208  	-0.4304  	-1.1018  	-0.4156  	-1.2995  	0.01382  	0.38824  	0.20512  	0.29844  	0.67231  	-1.0743  	0.04237  	-1.3570  	-1.0673  	0.30017  	-0.3527  	-0.1343  	-0.0756  	0.74048  	0.35530  	-0.1465  	-0.9091  	0.11268  	0.24458  	-0.2892  	0.15780  	0.39183  	-0.2342  	0.27743  	0.10305  	0.45418  	-0.0508  	-0.0025  	0.27862  	0.11896  	-0.0759  	-0.3221  	-0.3449  	0.86075  	0.14872  	0.16577  	-0.1904  	0.21260  	0.08594  	-0.0659  	0.10047  	-0.1919  	-0.0978  	-0.0359  	-0.0166  	0.02262  	-0.0742  	-0.0028  	-0.0061  	-0.0840  	-0.0101  	-0.0002  	-0.0215  	0.00774  	0.03698  	-0.0023  	-0.0396  	0.03441  	-0.0001  	-0.0500  	0.12569  	0.01415  	-0.0314  	0.44382  	
0.12938  	-0.1646  	-0.3704  	-0.9118  	-0.3083  	-1.2079  	-0.0112  	0.44539  	0.22295  	0.26760  	0.61341  	-0.9837  	0.08167  	-1.2291  	-0.9374  	0.32272  	-0.3746  	-0.1508  	-0.1055  	0.75138  	0.43290  	-0.1572  	-0.9690  	0.08657  	0.19951  	-0.3015  	0.11308  	0.42453  	-0.2668  	0.27784  	0.10988  	0.46063  	-0.0161  	0.01089  	0.34720  	0.08651  	-0.0571  	-0.3051  	-0.3454  	0.84730  	0.13351  	0.15526  	-0.1918  	0.20103  	0.08382  	-0.0598  	0.10184  	-0.2023  	-0.1111  	-0.0213  	-0.0167  	0.02161  	-0.0734  	-0.0059  	-0.0119  	-0.0827  	-0.0116  	-0.0010  	-0.0270  	0.00406  	0.03348  	-0.0041  	-0.0406  	0.03234  	-0.0001  	-0.0500  	0.12569  	0.01415  	-0.0314  	0.44382  	
0.35759  	-0.0727  	-0.2316  	-0.8397  	-0.3250  	-1.1265  	0.02319  	0.52276  	0.24708  	0.20950  	0.72117  	-0.9971  	0.10383  	-1.0644  	-0.8101  	0.38819  	-0.3979  	-0.1840  	-0.1018  	0.71623  	0.63395  	-0.1662  	-1.0011  	0.16818  	0.20848  	-0.3330  	0.21977  	0.25453  	-0.4142  	0.26662  	0.09850  	0.47682  	-0.0037  	-0.0026  	0.49064  	0.03143  	0.05770  	-0.2754  	-0.4150  	0.83265  	0.09358  	0.16992  	-0.2298  	0.19174  	0.07943  	-0.0578  	0.10645  	-0.2092  	-0.1139  	-0.0203  	-0.0192  	0.02649  	-0.0642  	0.00104  	-0.0078  	-0.0782  	-0.0179  	-0.0017  	-0.0249  	0.00307  	0.03394  	0.00284  	-0.0419  	0.02812  	-0.0001  	-0.0500  	0.12569  	0.01415  	-0.0314  	0.44382  	
0.48497  	-0.0307  	-0.1686  	-0.7749  	-0.3511  	-1.0578  	0.02210  	0.57661  	0.27864  	0.17407  	0.76155  	-1.0068  	0.10886  	-1.0029  	-0.7442  	0.41261  	-0.3829  	-0.2221  	-0.1075  	0.64482  	0.76342  	-0.1580  	-0.9591  	0.21183  	0.18669  	-0.3444  	0.30452  	0.11467  	-0.5359  	0.26306  	0.07312  	0.51939  	-0.0051  	-0.0132  	0.56532  	-0.0209  	0.15253  	-0.2396  	-0.4671  	0.80759  	0.05075  	0.16688  	-0.2310  	0.18642  	0.08306  	-0.0571  	0.10233  	-0.2035  	-0.1080  	-0.0134  	-0.0192  	0.02445  	-0.0641  	0.00253  	-0.0110  	-0.0641  	-0.0245  	0.00029  	-0.0257  	0.00536  	0.03471  	0.00553  	-0.0513  	0.02227  	-0.0001  	-0.0500  	0.12569  	0.01415  	-0.0314  	0.44382  	
0.58420  	-0.0039  	-0.1043  	-0.7407  	-0.3715  	-0.9884  	0.03512  	0.63822  	0.32651  	0.14521  	0.77171  	-0.9810  	0.11657  	-0.9527  	-0.7076  	0.45264  	-0.3726  	-0.2659  	-0.1029  	0.61312  	0.80938  	-0.1395  	-0.9030  	0.26752  	0.18646  	-0.3501  	0.35784  	0.04064  	-0.6123  	0.26196  	0.07030  	0.53004  	0.00590  	-0.0239  	0.58849  	-0.0535  	0.20769  	-0.2280  	-0.4808  	0.78260  	0.03754  	0.16908  	-0.2214  	0.19444  	0.08077  	-0.0590  	0.09720  	-0.1966  	-0.1017  	-0.0139  	-0.0265  	0.02325  	-0.0642  	0.00589  	-0.0145  	-0.0614  	-0.0233  	-0.0006  	-0.0286  	0.01116  	0.03772  	0.00627  	-0.0501  	0.02331  	-0.0001  	-0.0500  	0.12569  	0.01415  	-0.0314  	0.44382  	
0.60826  	-0.0170  	-0.0930  	-0.7353  	-0.3653  	-0.9514  	0.04070  	0.65228  	0.32479  	0.13495  	0.75712  	-0.9740  	0.12191  	-0.9435  	-0.6730  	0.46323  	-0.3473  	-0.2782  	-0.1023  	0.59861  	0.79624  	-0.1332  	-0.8823  	0.29835  	0.20547  	-0.3538  	0.38790  	0.02328  	-0.6199  	0.27227  	0.07219  	0.53227  	-0.0014  	-0.0223  	0.59499  	-0.0506  	0.22276  	-0.2207  	-0.4740  	0.77192  	0.02571  	0.17159  	-0.2172  	0.19217  	0.07642  	-0.0591  	0.09395  	-0.1891  	-0.0987  	-0.0199  	-0.0255  	0.02802  	-0.0659  	0.00575  	-0.0129  	-0.0614  	-0.0218  	2.44093  	-0.0289  	0.01253  	0.03762  	0.00045  	-0.0455  	0.02749  	-0.0001  	-0.0500  	0.12569  	0.01415  	-0.0314  	0.44382  	
0.32153  	-0.0792  	-0.2451  	-0.9083  	-0.3868  	-1.1563  	0.00752  	0.53536  	0.26894  	0.21737  	0.75251  	-0.9738  	0.09599  	-1.0623  	-0.8606  	0.38233  	-0.3892  	-0.1765  	-0.1110  	0.69100  	0.62255  	-0.1731  	-0.9401  	0.18745  	0.20132  	-0.3126  	0.24595  	0.25185  	-0.4386  	0.26640  	0.09968  	0.47973  	-0.0040  	-0.0142  	0.48905  	0.01793  	0.08158  	-0.2804  	-0.4257  	0.83050  	0.10222  	0.17521  	-0.2138  	0.19157  	0.08468  	-0.0581  	0.09900  	-0.2081  	-0.1166  	-0.0110  	-0.0251  	0.02386  	-0.0639  	-0.0020  	-0.0139  	-0.0737  	-0.0137  	-0.0007  	-0.0232  	0.00580  	0.03413  	0.00842  	-0.0471  	0.03461  	-0.0001  	-0.0500  	0.12569  	0.01415  	-0.0314  	0.44382  	
0.21485  	-0.1555  	-0.3218  	-0.9675  	-0.3752  	-1.2370  	-0.0018  	0.44977  	0.22338  	0.24686  	0.72146  	-0.9993  	0.06953  	-1.2005  	-0.9150  	0.33360  	-0.3634  	-0.1588  	-0.1194  	0.73815  	0.49639  	-0.1601  	-0.9592  	0.14440  	0.23752  	-0.3104  	0.18561  	0.32173  	-0.3430  	0.27437  	0.07941  	0.47554  	-0.0231  	-0.0085  	0.40304  	0.07770  	0.01503  	-0.2848  	-0.3923  	0.85033  	0.12366  	0.16598  	-0.2163  	0.19630  	0.09324  	-0.0567  	0.10947  	-0.2041  	-0.1077  	-0.0242  	-0.0248  	0.02189  	-0.0695  	-0.0068  	-0.0136  	-0.0784  	-0.0155  	-0.0017  	-0.0274  	0.00196  	0.03285  	-0.0028  	-0.0455  	0.03097  	-0.0001  	-0.0500  	0.12569  	0.01415  	-0.0314  	0.44382  	
0.15235  	-0.2002  	-0.3842  	-0.9514  	-0.3853  	-1.2544  	-0.0057  	0.40717  	0.19521  	0.25369  	0.71309  	-1.0334  	0.05026  	-1.2938  	-0.9386  	0.32787  	-0.3543  	-0.1404  	-0.1261  	0.71608  	0.45764  	-0.1613  	-0.9687  	0.12658  	0.24783  	-0.3002  	0.17335  	0.36479  	-0.2999  	0.28313  	0.06711  	0.47829  	-0.0419  	-0.0152  	0.37729  	0.10564  	-0.0009  	-0.2776  	-0.3929  	0.85144  	0.11890  	0.17701  	-0.2125  	0.19657  	0.09187  	-0.0595  	0.10600  	-0.2160  	-0.1084  	-0.0243  	-0.0193  	0.02298  	-0.0679  	-0.0006  	-0.0112  	-0.0799  	-0.0071  	-0.0017  	-0.0179  	0.00960  	0.03293  	-0.0038  	-0.0436  	0.03140  	-0.0001  	-0.0500  	0.12569  	0.01415  	-0.0314  	0.44382  	
0.11979  	-0.2117  	-0.4084  	-0.9511  	-0.3741  	-1.2639  	-0.0083  	0.38890  	0.18403  	0.26298  	0.70504  	-1.0310  	0.04553  	-1.3178  	-0.9504  	0.31345  	-0.3529  	-0.1328  	-0.1299  	0.71922  	0.44652  	-0.1642  	-0.9694  	0.11946  	0.25205  	-0.2981  	0.16584  	0.38927  	-0.2890  	0.29026  	0.07404  	0.47587  	-0.0524  	-0.0137  	0.37368  	0.11204  	-0.0143  	-0.2856  	-0.3863  	0.84858  	0.11721  	0.17815  	-0.2126  	0.19718  	0.09597  	-0.0603  	0.10541  	-0.2171  	-0.1096  	-0.0245  	-0.0187  	0.02318  	-0.0662  	-0.0012  	-0.0097  	-0.0811  	-0.0054  	-0.0004  	-0.0175  	0.00826  	0.03123  	-0.0045  	-0.0418  	0.03243  	-0.0001  	-0.0500  	0.12569  	0.01415  	-0.0314  	0.44382  	
0.11566  	-0.2052  	-0.4059  	-0.9431  	-0.3616  	-1.2625  	-0.0084  	0.38970  	0.18797  	0.26498  	0.70207  	-1.0192  	0.04551  	-1.2924  	-0.9438  	0.30074  	-0.3567  	-0.1401  	-0.1340  	0.71807  	0.45483  	-0.1644  	-0.9793  	0.11265  	0.24352  	-0.2971  	0.16530  	0.39354  	-0.2899  	0.29516  	0.07908  	0.47203  	-0.0469  	-0.0117  	0.37911  	0.11009  	-0.0164  	-0.2929  	-0.3881  	0.84227  	0.11455  	0.17673  	-0.2097  	0.19236  	0.09966  	-0.0613  	0.10613  	-0.2174  	-0.1108  	-0.0219  	-0.0207  	0.02283  	-0.0665  	-0.0024  	-0.0105  	-0.0807  	-0.0061  	-0.0008  	-0.0199  	0.00683  	0.02940  	-0.0044  	-0.0404  	0.03301  	-0.0001  	-0.0500  	0.12569  	0.01415  	-0.0314  	0.44382  	
0.07440  	-0.1996  	-0.4175  	-0.9562  	-0.3461  	-1.2835  	-0.0103  	0.38501  	0.18576  	0.28538  	0.68960  	-1.0059  	0.04722  	-1.2843  	-0.9500  	0.29375  	-0.3627  	-0.1353  	-0.1346  	0.72711  	0.43935  	-0.1715  	-0.9910  	0.10959  	0.23211  	-0.2980  	0.14734  	0.41989  	-0.2753  	0.29210  	0.08941  	0.46759  	-0.0442  	-0.0043  	0.37697  	0.10876  	-0.0434  	-0.3012  	-0.3753  	0.85066  	0.11485  	0.17646  	-0.2107  	0.19424  	0.09888  	-0.0622  	0.10623  	-0.2178  	-0.1093  	-0.0210  	-0.0182  	0.02368  	-0.0665  	-0.0028  	-0.0093  	-0.0812  	-0.0082  	9.66468  	-0.0215  	0.00672  	0.03049  	-0.0042  	-0.0391  	0.03248  	-0.0001  	-0.0500  	0.12569  	0.01415  	-0.0314  	0.44382  	
0.10371  	-0.1785  	-0.3993  	-0.9392  	-0.3298  	-1.2635  	-0.0119  	0.40416  	0.19664  	0.27080  	0.68391  	-0.9925  	0.03994  	-1.2473  	-0.9231  	0.29867  	-0.3686  	-0.1439  	-0.1306  	0.72015  	0.46061  	-0.1747  	-0.9958  	0.11636  	0.22615  	-0.3010  	0.16323  	0.40886  	-0.2933  	0.28925  	0.08818  	0.46443  	-0.0379  	-0.0013  	0.39552  	0.09907  	-0.0264  	-0.2972  	-0.3849  	0.84368  	0.11146  	0.17755  	-0.2136  	0.19359  	0.09760  	-0.0615  	0.10688  	-0.2185  	-0.1106  	-0.0200  	-0.0198  	0.02346  	-0.0668  	-0.0027  	-0.0096  	-0.0797  	-0.0084  	-0.0009  	-0.0252  	0.00498  	0.03053  	-0.0048  	-0.0399  	0.03192  	-0.0001  	-0.0500  	0.12569  	0.01415  	-0.0314  	0.44382  	
0.08918  	-0.1888  	-0.3952  	-0.9600  	-0.3338  	-1.2796  	-0.0135  	0.38965  	0.19600  	0.29111  	0.67609  	-0.9956  	0.05644  	-1.2430  	-0.9647  	0.30775  	-0.3710  	-0.1359  	-0.1265  	0.73229  	0.42673  	-0.1742  	-0.9943  	0.10381  	0.23558  	-0.3037  	0.14333  	0.42690  	-0.2689  	0.28966  	0.08868  	0.45798  	-0.0389  	-0.0007  	0.37517  	0.11882  	-0.0469  	-0.3029  	-0.3759  	0.85236  	0.11263  	0.17263  	-0.2087  	0.19380  	0.09338  	-0.0613  	0.10864  	-0.2111  	-0.1098  	-0.0218  	-0.0183  	0.02263  	-0.0702  	-0.0023  	-0.0102  	-0.0795  	-0.0086  	-0.0019  	-0.0239  	0.00702  	0.03200  	-0.0066  	-0.0390  	0.03113  	-0.0001  	-0.0500  	0.12569  	0.01415  	-0.0314  	0.44382  	
0.06379  	-0.2003  	-0.4223  	-1.0000  	-0.3466  	-1.3157  	-0.0020  	0.38174  	0.19380  	0.30876  	0.69444  	-1.0080  	0.06346  	-1.2626  	-0.9979  	0.30147  	-0.3727  	-0.1265  	-0.1260  	0.74323  	0.41384  	-0.1793  	-0.9990  	0.10505  	0.22614  	-0.3053  	0.13202  	0.42565  	-0.2695  	0.28863  	0.09070  	0.45828  	-0.0411  	0.00098  	0.37157  	0.12137  	-0.0561  	-0.3047  	-0.3716  	0.85433  	0.11769  	0.17268  	-0.2111  	0.19308  	0.09450  	-0.0621  	0.10792  	-0.2124  	-0.1018  	-0.0236  	-0.0176  	0.02193  	-0.0691  	-0.0006  	-0.0092  	-0.0816  	-0.0089  	0.00151  	-0.0238  	0.00795  	0.03181  	-0.0075  	-0.0374  	0.02972  	-0.0001  	-0.0500  	0.12569  	0.01415  	-0.0314  	0.44382  	
-0.0704  	-0.2747  	-0.5310  	-1.1125  	-0.3589  	-1.4280  	0.03738  	0.33896  	0.20009  	0.34479  	0.77580  	-1.0273  	0.05948  	-1.3244  	-1.1594  	0.25325  	-0.3871  	-0.0955  	-0.1131  	0.79917  	0.33956  	-0.1799  	-1.0347  	0.09880  	0.21708  	-0.2931  	0.07687  	0.50227  	-0.2425  	0.25787  	0.10326  	0.44931  	-0.0338  	-0.0010  	0.32300  	0.15086  	-0.1258  	-0.3461  	-0.3398  	0.84949  	0.12360  	0.16247  	-0.2150  	0.19420  	0.09158  	-0.0683  	0.09923  	-0.1964  	-0.0967  	-0.0299  	-0.0147  	0.02011  	-0.0678  	-0.0058  	-0.0051  	-0.0820  	-0.0075  	0.00135  	-0.0253  	0.00601  	0.03550  	-0.0059  	-0.0355  	0.03327  	-0.0001  	-0.0500  	0.12569  	0.01415  	-0.0314  	0.44382  	
-0.3242  	-0.3458  	-0.6550  	-1.3266  	-0.4382  	-1.5894  	-0.0021  	0.29978  	0.17190  	0.37396  	0.92506  	-1.1073  	0.02099  	-1.4051  	-1.2952  	0.24644  	-0.3608  	-0.0962  	-0.1128  	0.80957  	0.40226  	-0.2144  	-1.0558  	0.09835  	0.18994  	-0.2807  	0.04924  	0.43220  	-0.2713  	0.23678  	0.13342  	0.43949  	-0.0209  	-0.0040  	0.32536  	0.17273  	-0.0957  	-0.3351  	-0.3642  	0.81820  	0.11488  	0.16146  	-0.2124  	0.16413  	0.09128  	-0.0685  	0.09773  	-0.1922  	-0.1075  	-0.0250  	-0.0124  	0.01998  	-0.0700  	-0.0042  	-0.0043  	-0.0763  	-0.0027  	0.00447  	-0.0229  	0.01726  	0.03425  	-0.0046  	-0.0388  	0.03090  	-0.0001  	-0.0500  	0.12569  	0.01415  	-0.0314  	0.44382  	
-0.3136  	-0.3507  	-0.5986  	-1.3993  	-0.4708  	-1.6231  	-0.0038  	0.32478  	0.17648  	0.38572  	0.97693  	-1.1633  	-0.0003  	-1.4150  	-1.2555  	0.23124  	-0.3460  	-0.1208  	-0.1069  	0.80998  	0.47913  	-0.2476  	-1.0300  	0.14288  	0.22548  	-0.2839  	0.11732  	0.34513  	-0.3401  	0.22688  	0.11539  	0.44523  	-0.0216  	-0.0076  	0.36042  	0.12607  	-0.0196  	-0.3186  	-0.3940  	0.80536  	0.11084  	0.15508  	-0.2321  	0.17057  	0.09668  	-0.0612  	0.09824  	-0.2107  	-0.1107  	-0.0301  	-0.0171  	0.01774  	-0.0745  	-0.0057  	-0.0099  	-0.0768  	-0.0061  	0.00595  	-0.0240  	0.01469  	0.03582  	-0.0048  	-0.0390  	0.02781  	-0.0001  	-0.0500  	0.12569  	0.01415  	-0.0314  	0.44382  	
-0.1454  	-0.2530  	-0.4138  	-1.4258  	-0.5496  	-1.5381  	0.03437  	0.37302  	0.19655  	0.36327  	0.85548  	-1.2104  	0.02542  	-1.3267  	-1.1663  	0.19021  	-0.3184  	-0.1765  	-0.0898  	0.73404  	0.49190  	-0.1670  	-0.9634  	0.21855  	0.29823  	-0.2791  	0.29117  	0.23000  	-0.3764  	0.24563  	0.13009  	0.43825  	-0.0405  	-0.0129  	0.36408  	0.11769  	-0.0210  	-0.3151  	-0.3881  	0.84216  	0.12637  	0.17663  	-0.2275  	0.19437  	0.09528  	-0.0684  	0.09656  	-0.1989  	-0.1181  	-0.0381  	-0.0203  	0.02335  	-0.0746  	-0.0008  	-0.0146  	-0.0810  	-0.0131  	0.00078  	-0.0225  	0.01426  	0.03384  	0.00061  	-0.0414  	0.02930  	-0.0001  	-0.0500  	0.12569  	0.01415  	-0.0314  	0.44382  	
0.08983  	-0.2430  	-0.3239  	-1.0847  	-0.4406  	-1.1959  	0.02190  	0.46053  	0.23504  	0.27813  	0.64176  	-1.1390  	0.07928  	-1.2874  	-1.0498  	0.38869  	-0.3169  	-0.1153  	-0.0577  	0.71202  	0.39931  	-0.1668  	-0.9928  	0.17229  	0.29521  	-0.3044  	0.22730  	0.30367  	-0.3401  	0.28478  	0.09484  	0.48790  	-0.0137  	-0.0181  	0.37648  	0.11582  	-0.0237  	-0.3155  	-0.3931  	0.85825  	0.14572  	0.16786  	-0.2095  	0.20139  	0.10070  	-0.0517  	0.09777  	-0.1976  	-0.1085  	-0.0190  	-0.0125  	0.01752  	-0.0679  	-0.0079  	-0.0069  	-0.0771  	-0.0181  	0.00134  	-0.0250  	0.01462  	0.03017  	0.00425  	-0.0337  	0.03309  	-0.0001  	-0.0500  	0.12569  	0.01415  	-0.0314  	0.44382  	
0.28317  	-0.2051  	-0.2394  	-0.8746  	-0.3158  	-1.1558  	0.07128  	0.42344  	0.21675  	0.31680  	0.61410  	-1.0403  	0.07954  	-1.3289  	-1.0566  	0.47553  	-0.3968  	-0.1088  	-0.0825  	0.80542  	0.32224  	-0.1747  	-1.0846  	0.14379  	0.30459  	-0.3201  	0.18310  	0.44833  	-0.2742  	0.28594  	0.09126  	0.48900  	-0.0529  	-0.0018  	0.38820  	0.17531  	-0.0765  	-0.3125  	-0.3569  	0.89395  	0.13049  	0.16473  	-0.2031  	0.21155  	0.08457  	-0.0638  	0.09678  	-0.1818  	-0.1002  	-0.0350  	0.00476  	0.02363  	-0.0664  	-0.0132  	-0.0032  	-0.0766  	-0.0024  	-0.0055  	-0.0280  	0.00614  	0.03321  	-0.0089  	-0.0396  	0.03359  	-0.0001  	-0.0500  	0.12569  	0.01415  	-0.0314  	0.44382  	
0.49851  	-0.1715  	-0.2311  	-0.7155  	-0.1836  	-0.9894  	0.01807  	0.44075  	0.18783  	0.33159  	0.62522  	-0.9528  	0.10588  	-1.2351  	-1.0186  	0.54375  	-0.4074  	-0.1297  	-0.0955  	0.81555  	0.45193  	-0.1804  	-1.1567  	0.22791  	0.31467  	-0.3509  	0.28117  	0.36388  	-0.3359  	0.29178  	0.02302  	0.52594  	-0.0358  	-0.0220  	0.48806  	0.20887  	-0.0419  	-0.3075  	-0.3873  	0.90204  	0.05224  	0.18623  	-0.2138  	0.19941  	0.08870  	-0.0672  	0.09988  	-0.1879  	-0.0881  	-0.0400  	-0.0004  	0.01428  	-0.0677  	-0.0081  	-0.0066  	-0.0758  	0.00550  	0.00335  	-0.0222  	0.01166  	0.02238  	-0.0164  	-0.0409  	0.02879  	-0.0001  	-0.0500  	0.12569  	0.01415  	-0.0314  	0.44382  	
0.62858  	-0.1673  	-0.1307  	-0.4625  	-0.1065  	-1.0364  	0.07452  	0.47379  	0.20688  	0.30930  	0.57372  	-1.0290  	0.11355  	-1.1699  	-0.8359  	0.56678  	-0.4562  	-0.1836  	-0.0929  	0.78967  	0.41659  	-0.1070  	-1.2328  	0.27142  	0.42728  	-0.3900  	0.33917  	0.31266  	-0.3768  	0.32954  	0.00530  	0.55186  	-0.0663  	-0.0269  	0.56893  	0.16744  	-0.0108  	-0.3343  	-0.3586  	0.89975  	0.00671  	0.22032  	-0.2223  	0.18784  	0.08018  	-0.0600  	0.07596  	-0.1772  	-0.0692  	-0.0425  	0.01422  	0.01962  	-0.0624  	-0.0007  	-0.0111  	-0.0709  	0.00148  	0.00167  	-0.0198  	0.01936  	0.01918  	-0.0142  	-0.0382  	0.02273  	-0.0001  	-0.0500  	0.12569  	0.01415  	-0.0314  	0.44382  	
0.67908  	-0.0733  	-0.1530  	-0.4038  	-0.0662  	-0.9817  	0.11348  	0.49764  	0.22407  	0.31256  	0.43469  	-1.0423  	0.15712  	-1.0437  	-0.6786  	0.44347  	-0.4370  	-0.1830  	-0.1042  	0.77170  	0.40065  	-0.1084  	-1.2509  	0.23077  	0.44776  	-0.3904  	0.31544  	0.33894  	-0.2844  	0.39531  	0.02495  	0.53441  	-0.0559  	-0.0005  	0.52885  	0.14578  	-0.0464  	-0.3315  	-0.3267  	0.90693  	0.03039  	0.21562  	-0.2054  	0.18279  	0.07892  	-0.0555  	0.06441  	-0.1594  	-0.0734  	-0.0214  	0.01376  	0.02101  	-0.0642  	-0.0020  	-0.0071  	-0.0633  	0.00182  	-0.0043  	-0.0267  	0.00195  	0.02045  	-0.0164  	-0.0396  	0.02480  	-0.0001  	-0.0500  	0.12569  	0.01415  	-0.0314  	0.44382  	
0.58469  	-0.0638  	-0.3568  	-0.1256  	0.10426  	-0.9565  	0.10860  	0.49967  	0.24744  	0.22149  	0.30469  	-0.9708  	0.25929  	-0.8153  	-0.4361  	0.22354  	-0.4072  	-0.2611  	-0.0934  	0.72186  	0.39656  	-0.0493  	-1.2279  	0.23110  	0.54835  	-0.4058  	0.40281  	0.44422  	-0.1565  	0.43297  	-0.0546  	0.48164  	-0.0434  	0.01812  	0.59447  	0.14284  	-0.1204  	-0.3968  	-0.2937  	0.94215  	-0.0602  	0.23616  	-0.2753  	0.19005  	0.10506  	-0.0679  	0.08717  	-0.1699  	-0.0714  	-0.0482  	0.01413  	0.02260  	-0.0690  	-0.0145  	-0.0122  	-0.0621  	0.00618  	0.00045  	-0.0127  	0.00051  	0.02635  	-0.0151  	-0.0418  	0.02452  	-0.0001  	-0.0500  	0.12569  	0.01415  	-0.0314  	0.44382  	
0.55692  	-0.0819  	-0.4147  	0.04328  	0.17632  	-0.8838  	0.08681  	0.51550  	0.24894  	0.13196  	0.14521  	-0.9681  	0.29578  	-0.6968  	-0.2337  	0.19464  	-0.4008  	-0.2380  	-0.1412  	0.74356  	0.32917  	-0.0585  	-1.2076  	0.18196  	0.53171  	-0.3871  	0.31193  	0.49331  	-0.0642  	0.48452  	-0.0339  	0.44880  	-0.0317  	0.02696  	0.53352  	0.09960  	-0.1952  	-0.3906  	-0.2654  	0.95033  	-0.0737  	0.21269  	-0.2709  	0.19701  	0.10814  	-0.0702  	0.09307  	-0.1938  	-0.0759  	-0.0436  	-0.0030  	0.01347  	-0.0709  	-0.0122  	-0.0087  	-0.0652  	-0.0045  	-0.0040  	-0.0243  	0.01241  	0.02855  	-0.0171  	-0.0457  	0.02962  	-0.0001  	-0.0500  	0.12569  	0.01415  	-0.0314  	0.44382  	
0.48477  	-0.0988  	-0.3443  	-0.2748  	0.01224  	-1.0341  	0.08618  	0.50802  	0.25762  	0.16373  	0.25608  	-0.9435  	0.27938  	-0.8444  	-0.5558  	0.36396  	-0.4088  	-0.1451  	-0.1433  	0.77525  	0.39371  	-0.0435  	-1.1825  	0.20991  	0.43379  	-0.3581  	0.25100  	0.47986  	-0.1110  	0.40763  	-0.0032  	0.45440  	-0.0361  	0.01879  	0.47574  	0.09705  	-0.1562  	-0.3656  	-0.2928  	0.94607  	-0.0056  	0.20586  	-0.2530  	0.19723  	0.08750  	-0.0660  	0.09008  	-0.1693  	-0.0828  	-0.0392  	0.00090  	0.01342  	-0.0725  	-0.0050  	-0.0091  	-0.0679  	-0.0010  	0.00090  	-0.0202  	0.00792  	0.02650  	-0.0078  	-0.0513  	0.03157  	-0.0001  	-0.0500  	0.12569  	0.01415  	-0.0314  	0.44382  	
0.30504  	-0.1338  	-0.1913  	-0.7056  	-0.2323  	-1.1431  	0.07360  	0.54007  	0.18977  	0.18534  	0.60008  	-1.0374  	0.18946  	-1.1721  	-0.7678  	0.32346  	-0.2746  	-0.3495  	-0.0127  	0.47210  	0.60672  	-0.3575  	-1.3109  	0.26179  	0.31170  	-0.2444  	0.34473  	0.19289  	-0.2587  	0.29576  	0.14921  	0.43814  	-0.1436  	-0.1723  	0.43655  	0.06152  	-0.0695  	-0.3097  	-0.5424  	0.82420  	0.08307  	0.32610  	-0.3603  	0.28073  	0.02826  	-0.0502  	0.07501  	-0.1721  	-0.1112  	-0.0492  	-0.0025  	0.03252  	-0.0658  	0.01800  	-0.0090  	-0.0821  	-0.0114  	-0.0144  	-0.0147  	0.02472  	0.02727  	-0.0101  	-0.0550  	0.02350  	-0.0001  	-0.0500  	0.12569  	0.01415  	-0.0314  	0.44382  	
0.31063  	-0.1498  	-0.2372  	-0.5422  	-0.1328  	-1.1742  	0.01220  	0.55274  	0.15641  	0.14379  	0.55645  	-1.0187  	0.19560  	-1.2837  	-0.7147  	0.30938  	-0.1786  	-0.4579  	0.05486  	0.29014  	0.55487  	-0.5647  	-1.5554  	0.22434  	0.33486  	-0.2056  	0.38897  	0.19052  	-0.0789  	0.34451  	0.21587  	0.40331  	-0.2509  	-0.3015  	0.34641  	0.09369  	-0.1801  	-0.3258  	-0.5978  	0.73315  	0.13321  	0.41565  	-0.4655  	0.34144  	0.00280  	-0.0288  	0.04291  	-0.1363  	-0.1232  	-0.0689  	0.00456  	0.03198  	-0.0698  	0.02007  	-0.0009  	-0.0747  	-0.0040  	-0.0239  	-0.0126  	0.03396  	0.03135  	-0.0272  	-0.0678  	0.02886  	-0.0001  	-0.0500  	0.12569  	0.01415  	-0.0314  	0.44382  	
0.42425  	-0.0617  	-0.3717  	-0.2519  	0.07933  	-1.0779  	-0.0082  	0.60750  	0.15107  	0.08758  	0.33181  	-0.9245  	0.30100  	-1.0505  	-0.3748  	0.25016  	-0.2049  	-0.5233  	0.04547  	0.25360  	0.55773  	-0.5485  	-1.6544  	0.16015  	0.37162  	-0.1590  	0.33687  	0.28995  	0.00479  	0.42963  	0.25854  	0.35853  	-0.2493  	-0.3102  	0.37849  	0.03124  	-0.3046  	-0.3622  	-0.5602  	0.73510  	0.09662  	0.47349  	-0.4857  	0.34083  	-0.0243  	-0.0189  	0.03820  	-0.1473  	-0.1284  	-0.0618  	0.01203  	0.01911  	-0.0678  	0.01994  	-0.0027  	-0.0633  	-1.9797  	-0.0196  	-0.0177  	0.02417  	0.03255  	-0.0186  	-0.0798  	0.02785  	-0.0001  	-0.0500  	0.12569  	0.01415  	-0.0314  	0.44382  	
0.42282  	-0.0915  	-0.4146  	-0.1285  	0.14638  	-1.0612  	-0.0107  	0.61658  	0.16426  	0.09320  	0.32671  	-0.8617  	0.37333  	-0.9157  	-0.3049  	0.24315  	-0.2253  	-0.4827  	0.01979  	0.31407  	0.50154  	-0.4856  	-1.6584  	0.12773  	0.35316  	-0.1520  	0.28336  	0.32682  	0.01904  	0.44046  	0.25441  	0.36816  	-0.2060  	-0.2749  	0.39680  	0.02715  	-0.3114  	-0.3736  	-0.5214  	0.73830  	0.10026  	0.43438  	-0.4524  	0.31191  	-0.0096  	-0.0210  	0.04833  	-0.1612  	-0.1184  	-0.0644  	0.00312  	0.02388  	-0.0745  	0.01187  	0.00149  	-0.0666  	-0.0109  	-0.0204  	-0.0135  	0.02979  	0.03477  	-0.0121  	-0.0842  	0.01852  	-0.0001  	-0.0500  	0.12569  	0.01415  	-0.0314  	0.44382  	
0.26288  	-0.1321  	-0.3893  	-0.6068  	-0.0933  	-1.2356  	0.06538  	0.52215  	0.20864  	0.22606  	0.51013  	-0.8756  	0.22462  	-1.0635  	-0.7039  	0.30184  	-0.3123  	-0.2999  	-0.0556  	0.50574  	0.49126  	-0.3564  	-1.3833  	0.24915  	0.27370  	-0.2524  	0.25221  	0.33226  	-0.1278  	0.33214  	0.15002  	0.40766  	-0.1228  	-0.1549  	0.41937  	0.07869  	-0.1611  	-0.3484  	-0.4704  	0.85580  	0.06619  	0.33433  	-0.3712  	0.27214  	0.02566  	-0.0418  	0.07373  	-0.1714  	-0.1067  	-0.0520  	-0.0076  	0.02021  	-0.0770  	0.01918  	-0.0047  	-0.0763  	-0.0085  	-0.0087  	-0.0135  	0.02134  	0.03837  	-0.0148  	-0.0682  	0.03102  	-0.0001  	-0.0500  	0.12569  	0.01415  	-0.0314  	0.44382  	
0.12220  	-0.1835  	-0.3731  	-1.0374  	-0.3635  	-1.2308  	0.06836  	0.40603  	0.22351  	0.29797  	0.67019  	-1.0546  	0.03598  	-1.3104  	-0.9925  	0.32080  	-0.3676  	-0.1041  	-0.0805  	0.77393  	0.48312  	-0.1530  	-1.0081  	0.19449  	0.31550  	-0.3194  	0.23566  	0.33130  	-0.3258  	0.28354  	0.05509  	0.46694  	-0.0619  	-0.0115  	0.40262  	0.12804  	-0.0304  	-0.3163  	-0.3846  	0.91171  	0.04661  	0.17787  	-0.2282  	0.19835  	0.09475  	-0.0651  	0.09744  	-0.2050  	-0.1000  	-0.0244  	-0.0096  	0.02078  	-0.0699  	0.00587  	-0.0068  	-0.0778  	-0.0097  	-0.0082  	-0.0194  	0.01451  	0.03044  	-0.0127  	-0.0496  	0.02968  	-0.0001  	-0.0500  	0.12569  	0.01415  	-0.0314  	0.44382  	
0.02596  	-0.2092  	-0.3946  	-1.0906  	-0.4262  	-1.2070  	0.08020  	0.36674  	0.20877  	0.28154  	0.64158  	-1.1257  	0.03253  	-1.3444  	-1.0808  	0.30132  	-0.3671  	-0.0881  	-0.0979  	0.78325  	0.36976  	-0.1632  	-1.0008  	0.12452  	0.32469  	-0.3211  	0.16607  	0.41621  	-0.2274  	0.30557  	0.08037  	0.45983  	-0.0712  	-0.0076  	0.27102  	0.16132  	-0.0784  	-0.3267  	-0.3223  	0.88391  	0.15025  	0.15087  	-0.2061  	0.21829  	0.08248  	-0.0674  	0.10082  	-0.1986  	-0.1009  	-0.0271  	-0.0136  	0.02484  	-0.0674  	-0.0023  	-0.0050  	-0.0793  	-0.0074  	0.00519  	-0.0238  	0.00794  	0.03654  	-0.0089  	-0.0444  	0.02635  	-0.0001  	-0.0500  	0.12569  	0.01415  	-0.0314  	0.44382  	
-0.1013  	-0.2636  	-0.4797  	-1.0538  	-0.3832  	-1.3347  	0.05454  	0.34446  	0.15967  	0.33605  	0.69294  	-1.0836  	0.04769  	-1.3277  	-1.0908  	0.25725  	-0.3690  	-0.0918  	-0.1191  	0.81189  	0.35786  	-0.1938  	-1.0552  	0.12994  	0.36714  	-0.3238  	0.19849  	0.39909  	-0.2343  	0.31935  	0.11063  	0.44371  	-0.0528  	-0.0163  	0.34933  	0.17869  	-0.0917  	-0.3545  	-0.3346  	0.88750  	0.10126  	0.17959  	-0.2296  	0.20954  	0.09801  	-0.0639  	0.10310  	-0.1995  	-0.1084  	-0.0275  	-0.0045  	0.02117  	-0.0683  	-0.0058  	-0.0084  	-0.0761  	-0.0040  	0.00053  	-0.0260  	0.01385  	0.03658  	-0.0079  	-0.0415  	0.03151  	-0.0001  	-0.0500  	0.12569  	0.01415  	-0.0314  	0.44382  	
-0.1062  	-0.2148  	-0.5483  	-1.0029  	-0.3375  	-1.4025  	-0.0166  	0.38222  	0.15795  	0.32960  	0.74963  	-1.0300  	0.02356  	-1.2628  	-0.9732  	0.19352  	-0.3757  	-0.1589  	-0.1037  	0.74669  	0.42547  	-0.1604  	-1.0265  	0.14903  	0.31741  	-0.3232  	0.25813  	0.35834  	-0.2680  	0.32877  	0.09217  	0.46050  	-0.0673  	-0.0167  	0.40144  	0.14374  	-0.0713  	-0.3417  	-0.3649  	0.85397  	0.09662  	0.18393  	-0.2473  	0.19327  	0.10958  	-0.0649  	0.10098  	-0.2147  	-0.1119  	-0.0180  	-0.0095  	0.02150  	-0.0674  	-0.0019  	-0.0091  	-0.0791  	-0.0039  	0.00062  	-0.0190  	0.00970  	0.03627  	0.00094  	-0.0524  	0.03040  	-0.0001  	-0.0500  	0.12569  	0.01415  	-0.0314  	0.44382  	
0.25249  	-0.1676  	-0.2993  	-0.9046  	-0.3313  	-1.1308  	0.00474  	0.43601  	0.19552  	0.28571  	0.62839  	-1.0393  	0.06104  	-1.2577  	-1.0344  	0.39825  	-0.3873  	-0.1363  	-0.0779  	0.75316  	0.41738  	-0.1716  	-1.0082  	0.16858  	0.28272  	-0.3188  	0.19759  	0.37673  	-0.2917  	0.30616  	0.06291  	0.48167  	-0.0357  	-0.0060  	0.38659  	0.15012  	-0.0339  	-0.3148  	-0.3680  	0.87711  	0.09060  	0.17232  	-0.2043  	0.20896  	0.08820  	-0.0688  	0.09947  	-0.1938  	-0.0979  	-0.0328  	-0.0137  	0.01764  	-0.0703  	-0.0009  	-0.0063  	-0.0794  	-0.0059  	0.00044  	-0.0224  	0.00875  	0.02476  	-0.0137  	-0.0415  	0.03434  	-0.0001  	-0.0500  	0.12569  	0.01415  	-0.0314  	0.44382  	
0.35641  	-0.1750  	-0.2769  	-0.8024  	-0.2358  	-1.1192  	0.05178  	0.40554  	0.18064  	0.35805  	0.65874  	-0.9899  	0.05849  	-1.2845  	-1.0547  	0.51908  	-0.4316  	-0.1324  	-0.0964  	0.81642  	0.39100  	-0.1796  	-1.1223  	0.18655  	0.32625  	-0.3411  	0.24532  	0.41661  	-0.2721  	0.31021  	0.04157  	0.50118  	-0.0588  	-0.0092  	0.44424  	0.20883  	-0.0545  	-0.3243  	-0.3777  	0.90250  	0.07179  	0.18744  	-0.2200  	0.20905  	0.09799  	-0.0641  	0.09454  	-0.1848  	-0.0923  	-0.0272  	0.00141  	0.01801  	-0.0646  	-0.0100  	-0.0048  	-0.0768  	0.00145  	0.00202  	-0.0259  	0.01139  	0.02228  	-0.0202  	-0.0401  	0.02945  	-0.0001  	-0.0500  	0.12569  	0.01415  	-0.0314  	0.44382  	
0.53405  	-0.1398  	-0.1704  	-0.6466  	-0.1808  	-1.0021  	0.00946  	0.44811  	0.18863  	0.32258  	0.59749  	-1.0425  	0.12659  	-1.1286  	-0.8074  	0.49058  	-0.4167  	-0.2645  	-0.0630  	0.68129  	0.58798  	-0.1103  	-1.1201  	0.29533  	0.24129  	-0.3575  	0.36913  	0.15238  	-0.5279  	0.30991  	0.02899  	0.57543  	-0.0616  	-0.0350  	0.59325  	0.14034  	0.08823  	-0.3022  	-0.4345  	0.88354  	0.00432  	0.20726  	-0.2539  	0.19861  	0.09092  	-0.0677  	0.09018  	-0.2005  	-0.0863  	-0.0228  	-0.0005  	0.02215  	-0.0712  	-0.0015  	-0.0161  	-0.0749  	-0.0165  	0.00467  	-0.0255  	0.01209  	0.03060  	-0.0066  	-0.0414  	0.02325  	-0.0001  	-0.0500  	0.12569  	0.01415  	-0.0314  	0.44382  	
0.74454  	0.00509  	-0.0662  	-0.5039  	-0.1631  	-0.9198  	0.12909  	0.53358  	0.26305  	0.29512  	0.40785  	-1.0191  	0.21253  	-0.8738  	-0.5071  	0.28352  	-0.4139  	-0.2406  	-0.0939  	0.69224  	0.52800  	-0.0561  	-1.0670  	0.23013  	0.38604  	-0.3644  	0.36755  	0.16769  	-0.3342  	0.33733  	0.03556  	0.50338  	-0.0352  	-0.0128  	0.54855  	0.08662  	0.00389  	-0.3244  	-0.3622  	0.91102  	0.01821  	0.20298  	-0.2198  	0.21552  	0.08805  	-0.0688  	0.07447  	-0.1475  	-0.0703  	-0.0281  	0.01497  	0.01400  	-0.0693  	-0.0093  	-0.0050  	-0.0588  	-0.0068  	-0.0032  	-0.0298  	0.01470  	0.02574  	-0.0114  	-0.0467  	0.02556  	-0.0001  	-0.0500  	0.12569  	0.01415  	-0.0314  	0.44382  	
0.70190  	-0.0140  	-0.0815  	-0.5762  	-0.1479  	-0.8542  	0.12714  	0.56275  	0.24238  	0.32555  	0.17427  	-1.2735  	0.35930  	-0.6828  	-0.4499  	0.22820  	-0.3757  	-0.2130  	-0.0915  	0.47255  	0.43009  	0.03418  	-0.9820  	0.19151  	0.47443  	-0.3795  	0.49338  	0.10426  	-0.2034  	0.45112  	0.09921  	0.48109  	-0.0410  	0.00151  	0.43949  	0.06232  	-0.0661  	-0.3414  	-0.3302  	0.90722  	0.01032  	0.19871  	-0.1850  	0.22532  	0.06261  	-0.0607  	0.06967  	-0.1413  	-0.0633  	-0.0370  	-0.0186  	0.02908  	-0.0634  	-0.0091  	-0.0078  	-0.0507  	-0.0179  	-0.0019  	-0.0327  	0.01522  	0.04166  	0.00191  	-0.0374  	0.01780  	-0.0001  	-0.0500  	0.12569  	0.01415  	-0.0314  	0.44382  	
0.15372  	-0.1962  	-0.5069  	-0.5984  	-0.1160  	-1.3591  	0.06900  	0.49364  	0.18478  	0.29638  	0.70239  	-0.9825  	0.19770  	-0.8827  	-0.6524  	0.26261  	-0.3884  	-0.1930  	-0.0871  	0.80457  	0.53080  	-0.1088  	-1.1678  	0.34655  	0.29337  	-0.3358  	0.32184  	0.21220  	-0.4066  	0.31801  	0.07576  	0.50589  	0.00470  	-0.0074  	0.58089  	0.06439  	-0.0091  	-0.3317  	-0.4058  	0.91499  	0.00694  	0.23016  	-0.2949  	0.16562  	0.08295  	-0.0654  	0.11718  	-0.1749  	-0.1073  	-0.0193  	-0.0127  	0.03540  	-0.0739  	-0.0003  	-0.0097  	-0.0693  	-0.0214  	-0.0095  	-0.0213  	0.01772  	0.04061  	-0.0122  	-0.0774  	0.00928  	-0.0001  	-0.0500  	0.12569  	0.01415  	-0.0314  	0.44382  	
-0.2464  	-0.3827  	-0.6202  	-0.7888  	-0.2330  	-1.5469  	-0.0019  	0.37109  	0.15421  	0.32936  	0.85746  	-0.9409  	0.05782  	-1.2219  	-0.8975  	0.26115  	-0.4044  	-0.0874  	-0.1263  	0.90231  	0.48338  	-0.2011  	-1.0883  	0.25890  	0.16288  	-0.3098  	0.05484  	0.38486  	-0.4098  	0.25101  	0.11756  	0.46992  	0.02296  	-0.0188  	0.52186  	0.06526  	-0.0283  	-0.3592  	-0.3837  	0.87571  	-0.0225  	0.21850  	-0.2846  	0.13745  	0.11128  	-0.0487  	0.08923  	-0.2119  	-0.1301  	-0.0056  	-0.0067  	0.02500  	-0.0754  	0.00445  	-0.0183  	-0.0777  	-0.0095  	-0.0113  	-0.0223  	0.01844  	0.02555  	0.00720  	-0.0591  	0.03137  	-0.0001  	-0.0500  	0.12569  	0.01415  	-0.0314  	0.44382  	
-0.2041  	-0.3551  	-0.5687  	-1.0668  	-0.2620  	-1.5700  	0.05354  	0.41869  	0.18649  	0.41115  	0.95057  	-1.0110  	0.07164  	-1.2190  	-1.1090  	0.19952  	-0.4494  	-0.1381  	-0.1166  	0.83387  	0.46518  	-0.2268  	-0.9987  	0.20709  	0.22139  	-0.3023  	0.13611  	0.34429  	-0.3381  	0.26988  	0.11429  	0.42103  	-0.0172  	-0.0066  	0.46075  	0.07187  	-0.0250  	-0.3430  	-0.3718  	0.83268  	0.04916  	0.19067  	-0.2670  	0.16991  	0.10563  	-0.0595  	0.09167  	-0.2221  	-0.1146  	-0.0172  	-0.0110  	0.02322  	-0.0823  	-0.0069  	-0.0176  	-0.0745  	-0.0116  	-0.0023  	-0.0285  	0.00429  	0.03147  	-0.0072  	-0.0439  	0.02172  	-0.0001  	-0.0500  	0.12569  	0.01415  	-0.0314  	0.44382  	
0.02389  	-0.2206  	-0.4728  	-1.0423  	-0.3870  	-1.3531  	0.00220  	0.50427  	0.17606  	0.33229  	0.79237  	-1.0453  	0.09753  	-1.1960  	-0.9899  	0.20577  	-0.3683  	-0.1246  	-0.0914  	0.77023  	0.47159  	-0.1637  	-0.9789  	0.19282  	0.32285  	-0.3326  	0.18191  	0.34794  	-0.3203  	0.30680  	0.08516  	0.44204  	-0.0328  	-0.0334  	0.38840  	0.12363  	-0.0403  	-0.3407  	-0.3206  	0.85104  	0.08232  	0.18340  	-0.2602  	0.17263  	0.08283  	-0.0536  	0.09579  	-0.2194  	-0.0957  	-0.0366  	-0.0136  	0.02118  	-0.0695  	-0.0066  	-0.0101  	-0.0757  	-0.0074  	-0.0049  	-0.0196  	0.01074  	0.03669  	-0.0087  	-0.0514  	0.02341  	-0.0001  	-0.0500  	0.12569  	0.01415  	-0.0314  	0.44382  	
0.14466  	-0.1833  	-0.3435  	-0.9319  	-0.3710  	-1.1477  	0.01989  	0.50688  	0.21336  	0.26364  	0.58999  	-0.9965  	0.11624  	-1.1638  	-0.9413  	0.31416  	-0.4217  	-0.1104  	-0.0900  	0.75785  	0.49131  	-0.1438  	-0.9687  	0.13904  	0.29583  	-0.3273  	0.18706  	0.35394  	-0.2698  	0.31735  	0.09935  	0.44559  	-0.0303  	-0.0188  	0.33418  	0.07445  	-0.0770  	-0.3277  	-0.3420  	0.87170  	0.12551  	0.15609  	-0.2134  	0.20053  	0.08340  	-0.0540  	0.09460  	-0.1832  	-0.1077  	-0.0307  	-0.0047  	0.02728  	-0.0722  	-0.0229  	-0.0181  	-0.0725  	-0.0005  	-0.0047  	-0.0297  	0.00364  	0.03918  	-0.0118  	-0.0424  	0.02991  	-0.0001  	-0.0500  	0.12569  	0.01415  	-0.0314  	0.44382  	
0.07857  	-0.1847  	-0.3854  	-1.0519  	-0.3786  	-1.2769  	0.03228  	0.41989  	0.20234  	0.33851  	0.67273  	-1.0793  	0.07201  	-1.2878  	-1.1412  	0.28303  	-0.4047  	-0.0637  	-0.0938  	0.83494  	0.35825  	-0.1899  	-1.0410  	0.14412  	0.22897  	-0.3203  	0.08990  	0.46073  	-0.2060  	0.26461  	0.09202  	0.45329  	-0.0377  	0.00331  	0.30594  	0.13559  	-0.1434  	-0.3361  	-0.3060  	0.87606  	0.14667  	0.16448  	-0.2092  	0.20608  	0.08209  	-0.0627  	0.09149  	-0.1927  	-0.0972  	-0.0242  	-0.0079  	0.02064  	-0.0653  	-0.0062  	-0.0112  	-0.0837  	-0.0052  	0.00970  	-0.0214  	0.00868  	0.03800  	-0.0046  	-0.0455  	0.03408  	-0.0001  	-0.0500  	0.12569  	0.01415  	-0.0314  	0.44382  	
-0.0579  	-0.2668  	-0.4509  	-1.1372  	-0.4119  	-1.3398  	0.08781  	0.35976  	0.19611  	0.38498  	0.85986  	-1.1099  	0.04097  	-1.3008  	-1.2232  	0.28447  	-0.4051  	-0.0879  	-0.1136  	0.82135  	0.41902  	-0.2233  	-1.1158  	0.18730  	0.33638  	-0.3528  	0.18378  	0.39627  	-0.2866  	0.29293  	0.08872  	0.46242  	-0.0391  	0.00281  	0.39562  	0.18525  	-0.0707  	-0.3368  	-0.3566  	0.87139  	0.08791  	0.18000  	-0.2200  	0.19008  	0.09015  	-0.0688  	0.09170  	-0.2094  	-0.0982  	-0.0236  	-0.0017  	0.01657  	-0.0726  	-0.0024  	-0.0009  	-0.0715  	-0.0070  	0.00439  	-0.0283  	0.00958  	0.02845  	-0.0074  	-0.0377  	0.03361  	-0.0001  	-0.0500  	0.12569  	0.01415  	-0.0314  	0.44382  	
-0.2053  	-0.2885  	-0.5391  	-1.2622  	-0.4359  	-1.4632  	0.04514  	0.33396  	0.15080  	0.38670  	0.91132  	-1.1325  	0.00370  	-1.3662  	-1.1942  	0.23478  	-0.3701  	-0.1140  	-0.0995  	0.77340  	0.45543  	-0.1915  	-1.0392  	0.20006  	0.26864  	-0.3075  	0.19749  	0.37209  	-0.3572  	0.25050  	0.10004  	0.45802  	-0.0546  	-0.0074  	0.38140  	0.16560  	-0.0602  	-0.3275  	-0.3696  	0.85178  	0.07938  	0.18526  	-0.2294  	0.17035  	0.09679  	-0.0563  	0.09588  	-0.2166  	-0.1131  	-0.0141  	-0.0160  	0.02228  	-0.0650  	-0.0018  	-0.0100  	-0.0866  	-0.0084  	0.00321  	-0.0188  	0.00994  	0.03345  	-0.0118  	-0.0438  	0.02483  	-0.0001  	-0.0500  	0.12569  	0.01415  	-0.0314  	0.44382  	
-0.2566  	-0.3064  	-0.5445  	-1.3007  	-0.4118  	-1.5233  	0.05419  	0.33037  	0.18149  	0.39214  	0.91171  	-1.1377  	-0.0021  	-1.3843  	-1.2323  	0.24792  	-0.3843  	-0.1293  	-0.1117  	0.81274  	0.45679  	-0.2044  	-0.9927  	0.16850  	0.24214  	-0.2931  	0.14689  	0.37281  	-0.3272  	0.25189  	0.09935  	0.45851  	-0.0417  	-0.0014  	0.37936  	0.14183  	-0.0346  	-0.3220  	-0.3804  	0.82954  	0.10963  	0.17275  	-0.2326  	0.18549  	0.09453  	-0.0638  	0.09670  	-0.2070  	-0.1102  	-0.0251  	-0.0167  	0.01878  	-0.0687  	-0.0003  	-0.0100  	-0.0798  	-0.0048  	0.00453  	-0.0253  	0.00908  	0.03533  	-0.0080  	-0.0397  	0.02948  	-0.0001  	-0.0500  	0.12569  	0.01415  	-0.0314  	0.44382  	
-0.1929  	-0.2711  	-0.5163  	-1.2919  	-0.4317  	-1.4765  	0.05938  	0.34697  	0.18425  	0.40472  	0.89295  	-1.1406  	0.01489  	-1.3704  	-1.2112  	0.23484  	-0.3773  	-0.1343  	-0.1079  	0.79507  	0.46961  	-0.2005  	-0.9922  	0.18612  	0.26377  	-0.3111  	0.17090  	0.34377  	-0.3242  	0.25810  	0.08223  	0.45911  	-0.0524  	-0.0037  	0.38125  	0.13987  	-0.0210  	-0.3174  	-0.3779  	0.83379  	0.11953  	0.17134  	-0.2395  	0.18550  	0.09752  	-0.0658  	0.09850  	-0.2052  	-0.1124  	-0.0250  	-0.0197  	0.02051  	-0.0676  	-0.0031  	-0.0094  	-0.0823  	-0.0059  	0.00571  	-0.0279  	0.00391  	0.03555  	-0.0085  	-0.0397  	0.03228  	-0.0001  	-0.0500  	0.12569  	0.01415  	-0.0314  	0.44382  	
-0.1524  	-0.2336  	-0.4291  	-1.1977  	-0.4252  	-1.4326  	0.00718  	0.43033  	0.17826  	0.32342  	0.81285  	-1.1032  	0.11115  	-1.3921  	-1.0852  	0.21683  	-0.2711  	-0.3148  	-0.0267  	0.50329  	0.47672  	-0.3947  	-1.1812  	0.16064  	0.19448  	-0.1906  	0.18379  	0.26481  	-0.1911  	0.24269  	0.23038  	0.40402  	-0.1394  	-0.1695  	0.25818  	0.08740  	-0.1459  	-0.3282  	-0.4746  	0.75374  	0.21407  	0.30209  	-0.3317  	0.27778  	0.03207  	-0.0452  	0.07716  	-0.1744  	-0.1239  	-0.0444  	-0.0120  	0.02874  	-0.0653  	0.01339  	-0.0038  	-0.0828  	-0.0153  	-0.0126  	-0.0203  	0.01957  	0.04327  	-0.0078  	-0.0610  	0.03119  	-0.0001  	-0.0500  	0.12569  	0.01415  	-0.0314  	0.44382  	
-0.1312  	-0.2057  	-0.4437  	-1.0500  	-0.3728  	-1.4516  	-0.0519  	0.46080  	0.15593  	0.31439  	0.69301  	-1.0061  	0.19479  	-1.4232  	-0.9939  	0.14748  	-0.2295  	-0.3818  	0.03392  	0.32926  	0.43677  	-0.5691  	-1.4038  	0.08001  	0.09911  	-0.1107  	0.09474  	0.32397  	-0.0448  	0.22620  	0.35479  	0.34484  	-0.2135  	-0.2848  	0.15481  	0.07968  	-0.3163  	-0.3687  	-0.5258  	0.71175  	0.27300  	0.39004  	-0.4085  	0.34898  	-0.0221  	-0.0317  	0.05030  	-0.1455  	-0.1309  	-0.0568  	-0.0004  	0.02946  	-0.0750  	0.02331  	0.00477  	-0.0818  	-0.0163  	-0.0230  	-0.0209  	0.02463  	0.04892  	-0.0115  	-0.0703  	0.03076  	-0.0001  	-0.0500  	0.12569  	0.01415  	-0.0314  	0.44382  	
-0.0828  	-0.1985  	-0.4225  	-1.0148  	-0.3314  	-1.4869  	-0.0571  	0.49036  	0.14510  	0.29874  	0.67380  	-0.9954  	0.18363  	-1.3607  	-0.9110  	0.10622  	-0.2326  	-0.4215  	0.03995  	0.24967  	0.45283  	-0.6055  	-1.4795  	0.06831  	0.09184  	-0.0890  	0.11057  	0.28090  	-0.0173  	0.24333  	0.39228  	0.32977  	-0.2123  	-0.3195  	0.16745  	0.07255  	-0.3309  	-0.3756  	-0.5582  	0.70127  	0.26402  	0.42768  	-0.4335  	0.37001  	-0.0358  	-0.0294  	0.04257  	-0.1488  	-0.1342  	-0.0583  	-0.0017  	0.03122  	-0.0793  	0.02637  	0.00420  	-0.0836  	-0.0182  	-0.0244  	-0.0205  	0.02641  	0.04620  	-0.0031  	-0.0727  	0.03162  	-0.0001  	-0.0500  	0.12569  	0.01415  	-0.0314  	0.44382  	
-0.0608  	-0.2088  	-0.4177  	-1.0223  	-0.3461  	-1.4430  	-0.0179  	0.47733  	0.14096  	0.24353  	0.75398  	-1.0349  	0.10557  	-1.4370  	-0.9272  	0.16452  	-0.2426  	-0.4127  	0.02538  	0.27996  	0.45798  	-0.5866  	-1.4341  	0.11253  	0.14298  	-0.1225  	0.13864  	0.25453  	-0.0478  	0.25351  	0.33163  	0.35835  	-0.2152  	-0.2998  	0.22744  	0.09799  	-0.2426  	-0.3440  	-0.5607  	0.71838  	0.27012  	0.40983  	-0.4270  	0.35873  	-0.0166  	-0.0310  	0.05377  	-0.1677  	-0.1364  	-0.0595  	-0.0106  	0.03220  	-0.0696  	0.02778  	0.00209  	-0.0786  	-0.0173  	-0.0241  	-0.0206  	0.02620  	0.04800  	-0.0046  	-0.0729  	0.02931  	-0.0001  	-0.0500  	0.12569  	0.01415  	-0.0314  	0.44382  	
-0.0733  	-0.2241  	-0.4772  	-1.0846  	-0.4070  	-1.4699  	0.02266  	0.42340  	0.16246  	0.28435  	0.76004  	-1.0829  	0.03500  	-1.4667  	-1.0215  	0.24633  	-0.3013  	-0.2885  	-0.0215  	0.45521  	0.39985  	-0.3912  	-1.2153  	0.08643  	0.19143  	-0.2016  	0.13913  	0.30846  	-0.1233  	0.26943  	0.23097  	0.40210  	-0.1502  	-0.1752  	0.23570  	0.14023  	-0.1506  	-0.3240  	-0.4604  	0.79714  	0.21558  	0.31207  	-0.3335  	0.29601  	0.02740  	-0.0471  	0.07677  	-0.1844  	-0.1254  	-0.0438  	-0.0154  	0.03126  	-0.0711  	0.01592  	-0.0002  	-0.0797  	-0.0149  	-0.0126  	-0.0222  	0.01924  	0.04290  	-0.0032  	-0.0596  	0.03225  	-0.0001  	-0.0500  	0.12569  	0.01415  	-0.0314  	0.44382  	
-0.1016  	-0.2484  	-0.5118  	-1.1185  	-0.3996  	-1.4178  	0.03043  	0.36016  	0.18463  	0.31049  	0.72359  	-1.0709  	0.00841  	-1.3886  	-1.1219  	0.29238  	-0.3732  	-0.1211  	-0.0962  	0.74412  	0.36333  	-0.1789  	-0.9928  	0.09758  	0.25778  	-0.2934  	0.15137  	0.42077  	-0.2539  	0.28790  	0.11608  	0.44592  	-0.0690  	-0.0086  	0.31642  	0.15378  	-0.0706  	-0.3297  	-0.3385  	0.85218  	0.13916  	0.17471  	-0.2095  	0.20188  	0.09131  	-0.0649  	0.10179  	-0.2025  	-0.1168  	-0.0281  	-0.0220  	0.02593  	-0.0696  	-0.0085  	-0.0101  	-0.0814  	-0.0088  	0.00157  	-0.0281  	0.00580  	0.03563  	-0.0094  	-0.0400  	0.03150  	-0.0001  	-0.0500  	0.12569  	0.01415  	-0.0314  	0.44382  	
-0.0595  	-0.2529  	-0.5232  	-1.0635  	-0.3518  	-1.3593  	0.00971  	0.38190  	0.17727  	0.30954  	0.73288  	-1.0147  	0.03597  	-1.3458  	-1.0580  	0.30858  	-0.3835  	-0.1144  	-0.0898  	0.76423  	0.36930  	-0.1844  	-1.0071  	0.11125  	0.22535  	-0.2985  	0.13323  	0.41512  	-0.2573  	0.28635  	0.11831  	0.45057  	-0.0506  	-0.0057  	0.34757  	0.13442  	-0.0828  	-0.3354  	-0.3470  	0.84870  	0.12890  	0.16780  	-0.2155  	0.20758  	0.09155  	-0.0652  	0.10008  	-0.2098  	-0.1115  	-0.0313  	-0.0193  	0.02400  	-0.0669  	-0.0103  	-0.0114  	-0.0810  	-0.0069  	0.00251  	-0.0288  	0.00267  	0.03763  	-0.0111  	-0.0412  	0.02963  	-0.0001  	-0.0500  	0.12569  	0.01415  	-0.0314  	0.44382  	
0.03591  	-0.2506  	-0.4902  	-1.0113  	-0.3601  	-1.3330  	0.01410  	0.36013  	0.17121  	0.35137  	0.70469  	-1.0062  	0.05683  	-1.3204  	-1.0905  	0.32304  	-0.3692  	-0.0903  	-0.1102  	0.78075  	0.35690  	-0.1924  	-1.0238  	0.10560  	0.22348  	-0.3030  	0.09259  	0.46043  	-0.2534  	0.27911  	0.10446  	0.46687  	-0.0446  	-0.0028  	0.33445  	0.13223  	-0.1162  	-0.3238  	-0.3509  	0.86726  	0.12655  	0.15993  	-0.2163  	0.20612  	0.08808  	-0.0609  	0.10574  	-0.2104  	-0.1029  	-0.0334  	-0.0160  	0.02239  	-0.0642  	-0.0042  	-0.0085  	-0.0874  	-0.0005  	0.00549  	-0.0245  	0.00825  	0.03533  	-0.0084  	-0.0379  	0.02897  	-0.0001  	-0.0500  	0.12569  	0.01415  	-0.0314  	0.44382  	
-0.0921  	-0.2711  	-0.4980  	-1.1687  	-0.4359  	-1.3731  	0.01019  	0.32659  	0.16754  	0.42008  	0.66232  	-1.0288  	0.07005  	-1.3778  	-1.2617  	0.31743  	-0.4043  	-0.0452  	-0.1015  	0.78092  	0.26674  	-0.2018  	-0.9874  	0.04859  	0.18145  	-0.2764  	0.01581  	0.49757  	-0.2106  	0.24779  	0.13423  	0.44571  	-0.0522  	0.00202  	0.24709  	0.16350  	-0.1901  	-0.3399  	-0.3094  	0.87766  	0.16449  	0.14985  	-0.1808  	0.22470  	0.08494  	-0.0718  	0.10377  	-0.2034  	-0.0995  	-0.0356  	-0.0200  	0.02355  	-0.0706  	-0.0017  	-0.0047  	-0.0924  	-0.0047  	0.00643  	-0.0216  	0.00779  	0.03356  	-0.0011  	-0.0347  	0.03009  	-0.0001  	-0.0500  	0.12569  	0.01415  	-0.0314  	0.44382  	
-0.1238  	-0.3057  	-0.4572  	-1.3368  	-0.5406  	-1.4020  	0.04282  	0.33127  	0.17283  	0.43230  	0.75510  	-1.1271  	0.07676  	-1.3741  	-1.2861  	0.25616  	-0.3751  	-0.1030  	-0.0996  	0.73222  	0.32294  	-0.1696  	-0.9671  	0.09256  	0.26655  	-0.2885  	0.10697  	0.40250  	-0.2625  	0.26082  	0.13175  	0.44978  	-0.0588  	-0.0065  	0.27461  	0.15039  	-0.1033  	-0.3205  	-0.3546  	0.83545  	0.18120  	0.17071  	-0.1792  	0.21533  	0.08802  	-0.0670  	0.10209  	-0.1906  	-0.1056  	-0.0274  	-0.0270  	0.02318  	-0.0710  	0.00067  	-0.0072  	-0.0868  	-0.0104  	0.00229  	-0.0284  	0.00023  	0.03822  	-0.0045  	-0.0355  	0.03725  	-0.0001  	-0.0500  	0.12569  	0.01415  	-0.0314  	0.44382  	
-0.2358  	-0.3018  	-0.5584  	-1.2832  	-0.4828  	-1.5414  	0.05548  	0.32998  	0.17305  	0.37839  	0.88134  	-1.1394  	0.04262  	-1.3657  	-1.2006  	0.21526  	-0.3803  	-0.1136  	-0.1211  	0.81728  	0.35737  	-0.1440  	-1.0070  	0.18284  	0.27191  	-0.2880  	0.13141  	0.37969  	-0.2675  	0.26787  	0.11561  	0.43476  	-0.0468  	-0.0017  	0.35966  	0.16731  	-0.0910  	-0.3340  	-0.3672  	0.85782  	0.13690  	0.18142  	-0.2116  	0.18717  	0.09176  	-0.0654  	0.10456  	-0.1951  	-0.1042  	-0.0349  	-0.0148  	0.02645  	-0.0692  	-0.0001  	-0.0098  	-0.0874  	-0.0027  	0.00253  	-0.0299  	0.01371  	0.03528  	-0.0113  	-0.0433  	0.02588  	-0.0001  	-0.0500  	0.12569  	0.01415  	-0.0314  	0.44382  	
-0.1687  	-0.2924  	-0.6046  	-1.0852  	-0.3529  	-1.4992  	0.04218  	0.34586  	0.18113  	0.27668  	0.84525  	-1.0728  	0.06242  	-1.3156  	-1.1061  	0.21412  	-0.3750  	-0.1057  	-0.1401  	0.85316  	0.42326  	-0.1585  	-1.0019  	0.16884  	0.25211  	-0.2986  	0.12083  	0.44430  	-0.2759  	0.26137  	0.07757  	0.43902  	-0.0490  	-0.0031  	0.35528  	0.13604  	-0.1113  	-0.3302  	-0.3368  	0.87589  	0.06571  	0.17166  	-0.2412  	0.16753  	0.09191  	-0.0668  	0.10436  	-0.1899  	-0.1067  	-0.0291  	-0.0030  	0.02421  	-0.0736  	0.00072  	-0.0093  	-0.0782  	-0.0015  	-0.0009  	-0.0295  	0.01091  	0.02616  	-0.0047  	-0.0458  	0.03153  	-0.0001  	-0.0500  	0.12569  	0.01415  	-0.0314  	0.44382  	
-0.0997  	-0.3022  	-0.6080  	-0.9188  	-0.1822  	-1.4202  	0.06370  	0.40329  	0.17869  	0.27007  	0.84395  	-0.9758  	0.10481  	-1.2392  	-0.9841  	0.24432  	-0.4116  	-0.0876  	-0.1593  	0.90530  	0.41050  	-0.2191  	-1.1309  	0.20265  	0.26282  	-0.3041  	0.12525  	0.47604  	-0.2855  	0.30646  	0.08831  	0.42160  	-0.0019  	0.00905  	0.45990  	0.11633  	-0.1162  	-0.3635  	-0.3394  	0.87587  	0.02814  	0.19869  	-0.2680  	0.15927  	0.10406  	-0.0672  	0.10996  	-0.2069  	-0.0973  	-0.0230  	0.00357  	0.02003  	-0.0774  	-0.0066  	-0.0116  	-0.0746  	-0.0045  	-0.0014  	-0.0330  	0.01154  	0.02764  	-0.0129  	-0.0438  	0.03138  	-0.0001  	-0.0500  	0.12569  	0.01415  	-0.0314  	0.44382  	
0.08448  	-0.2621  	-0.5638  	-0.7401  	-0.1126  	-1.3938  	0.05835  	0.44939  	0.20238  	0.24715  	0.83558  	-0.8241  	0.14330  	-1.1338  	-0.8056  	0.24270  	-0.4296  	-0.1213  	-0.1401  	0.89245  	0.47016  	-0.2224  	-1.1373  	0.24253  	0.23196  	-0.3121  	0.13723  	0.47600  	-0.3353  	0.29487  	0.08374  	0.42635  	0.01867  	0.00471  	0.48709  	0.10628  	-0.1150  	-0.3644  	-0.3645  	0.88855  	0.02666  	0.20651  	-0.2816  	0.14896  	0.09327  	-0.0514  	0.11448  	-0.2009  	-0.1040  	-0.0258  	-0.0077  	0.01947  	-0.0715  	-0.0117  	-0.0260  	-0.0768  	-0.0012  	0.00646  	-0.0268  	0.00927  	0.03300  	-0.0170  	-0.0617  	0.01481  	-0.0001  	-0.0500  	0.12569  	0.01415  	-0.0314  	0.44382  	
0.39337  	-0.0893  	-0.2531  	-0.7198  	-0.1975  	-1.1499  	0.06088  	0.59038  	0.25900  	0.25462  	0.52932  	-0.9962  	0.17802  	-0.8882  	-0.6976  	0.30511  	-0.3838  	-0.1911  	-0.0886  	0.77200  	0.52526  	-0.1019  	-1.0327  	0.27436  	0.29548  	-0.3330  	0.24628  	0.32684  	-0.3769  	0.32544  	0.08334  	0.45485  	-0.0059  	-0.0117  	0.49720  	0.03233  	0.00144  	-0.3294  	-0.3730  	0.87952  	0.02277  	0.17373  	-0.2302  	0.20845  	0.07702  	-0.0718  	0.10017  	-0.1873  	-0.0974  	-0.0138  	-0.0086  	0.01863  	-0.0741  	0.00256  	-0.0114  	-0.0682  	-0.0047  	-0.0103  	-0.0240  	0.01638  	0.03381  	-0.0009  	-0.0459  	0.02781  	-0.0001  	-0.0500  	0.12569  	0.01415  	-0.0314  	0.44382  	
0.36740  	-0.0673  	-0.3144  	-0.7178  	-0.1645  	-1.1411  	0.08547  	0.57585  	0.24933  	0.23295  	0.51433  	-1.0777  	0.23736  	-0.8018  	-0.6838  	0.24489  	-0.3955  	-0.2047  	-0.0716  	0.75072  	0.53021  	-0.0960  	-1.0829  	0.23984  	0.34056  	-0.3599  	0.31057  	0.23487  	-0.3510  	0.36544  	0.06458  	0.44570  	-0.0006  	0.00595  	0.50284  	0.01890  	-0.0249  	-0.3326  	-0.3967  	0.90042  	0.03326  	0.18087  	-0.2471  	0.20656  	0.08078  	-0.0698  	0.09084  	-0.1787  	-0.0959  	-0.0227  	-0.0192  	0.01743  	-0.0819  	0.00068  	-0.0236  	-0.0649  	-0.0122  	-0.0134  	-0.0308  	0.00134  	0.04203  	0.00196  	-0.0590  	0.01141  	-0.0001  	-0.0500  	0.12569  	0.01415  	-0.0314  	0.44382  	
-0.0146  	-0.2640  	-0.5582  	-0.7403  	-0.1966  	-1.3792  	0.04942  	0.41442  	0.18043  	0.33695  	0.75853  	-0.8943  	0.13994  	-1.1070  	-0.8529  	0.29378  	-0.3978  	-0.1448  	-0.1242  	0.83881  	0.51044  	-0.1685  	-1.1149  	0.26920  	0.26313  	-0.3364  	0.19077  	0.35898  	-0.3532  	0.30843  	0.10021  	0.45695  	-0.0071  	-0.0019  	0.49043  	0.10016  	-0.0509  	-0.3556  	-0.3811  	0.91926  	0.01418  	0.20638  	-0.3102  	0.16279  	0.09355  	-0.0640  	0.10450  	-0.2134  	-0.0982  	-0.0194  	-0.0078  	0.02360  	-0.0712  	0.00358  	-0.0202  	-0.0779  	-0.0009  	-0.0018  	-0.0047  	0.01601  	0.03352  	-0.0009  	-0.0505  	0.02193  	-0.0001  	-0.0500  	0.12569  	0.01415  	-0.0314  	0.44382  	
-0.3121  	-0.4022  	-0.6455  	-0.9103  	-0.2179  	-1.5622  	0.02235  	0.38967  	0.15779  	0.37023  	0.90470  	-0.9605  	0.04318  	-1.2884  	-1.0091  	0.23629  	-0.4277  	-0.1117  	-0.1490  	0.90036  	0.50198  	-0.2389  	-1.0756  	0.20378  	0.14605  	-0.3095  	0.07956  	0.35711  	-0.3817  	0.24316  	0.10273  	0.43518  	0.02120  	-0.0057  	0.49995  	0.06885  	-0.0468  	-0.3654  	-0.3736  	0.85551  	0.01645  	0.20609  	-0.2863  	0.15283  	0.12113  	-0.0495  	0.09037  	-0.2140  	-0.1299  	-0.0080  	-0.0069  	0.03057  	-0.0813  	-0.0049  	-0.0157  	-0.0771  	-0.0141  	-0.0054  	-0.0402  	0.01277  	0.02215  	0.00552  	-0.0532  	0.03386  	-0.0001  	-0.0500  	0.12569  	0.01415  	-0.0314  	0.44382  	
-0.2859  	-0.3537  	-0.6381  	-1.1733  	-0.3021  	-1.6018  	0.04299  	0.41173  	0.17180  	0.45308  	0.99349  	-1.0268  	0.05347  	-1.2676  	-1.1518  	0.17746  	-0.4367  	-0.1449  	-0.1074  	0.81324  	0.47848  	-0.1971  	-0.9712  	0.18161  	0.22101  	-0.2947  	0.16722  	0.32153  	-0.3262  	0.28350  	0.11383  	0.41544  	-0.0152  	-0.0141  	0.45019  	0.06621  	-0.0107  	-0.3273  	-0.3580  	0.83502  	0.04719  	0.18378  	-0.2822  	0.18013  	0.11817  	-0.0559  	0.08022  	-0.2223  	-0.1226  	-0.0127  	-0.0112  	0.02606  	-0.0762  	-0.0121  	-0.0154  	-0.0795  	-0.0195  	-0.0003  	-0.0287  	0.00623  	0.02891  	-0.0025  	-0.0425  	0.03125  	-0.0001  	-0.0500  	0.12569  	0.01415  	-0.0314  	0.44382  	
-0.0139  	-0.2455  	-0.4902  	-1.2119  	-0.4580  	-1.4217  	0.04169  	0.38098  	0.14695  	0.32073  	0.79295  	-1.1266  	0.04335  	-1.3492  	-1.1427  	0.16776  	-0.3155  	-0.1245  	-0.0902  	0.74594  	0.47454  	-0.1659  	-0.9654  	0.18328  	0.33671  	-0.3255  	0.25913  	0.32990  	-0.3471  	0.29670  	0.09952  	0.45648  	-0.0451  	-0.0240  	0.37267  	0.13587  	-0.0203  	-0.3116  	-0.3464  	0.86118  	0.08997  	0.18033  	-0.2394  	0.19181  	0.09875  	-0.0588  	0.09917  	-0.2119  	-0.1139  	-0.0289  	-0.0165  	0.02271  	-0.0739  	-0.0016  	-0.0031  	-0.0807  	-0.0122  	0.00303  	-0.0208  	0.01613  	0.03211  	-0.0093  	-0.0447  	0.02869  	-0.0001  	-0.0500  	0.12569  	0.01415  	-0.0314  	0.44382  	
0.29951  	-0.1943  	-0.2603  	-0.9543  	-0.3870  	-1.1373  	-0.0016  	0.47927  	0.21349  	0.27764  	0.65277  	-1.0989  	0.05795  	-1.3109  	-1.0632  	0.42217  	-0.3832  	-0.0962  	-0.0565  	0.76312  	0.43371  	-0.1821  	-0.9972  	0.10803  	0.30277  	-0.3486  	0.19146  	0.36004  	-0.3183  	0.28715  	0.06635  	0.47746  	-0.0286  	-0.0309  	0.38715  	0.12586  	0.01179  	-0.3002  	-0.3686  	0.86450  	0.13248  	0.14694  	-0.1934  	0.21643  	0.10078  	-0.0671  	0.09249  	-0.1902  	-0.1015  	-0.0245  	-0.0103  	0.01840  	-0.0708  	-0.0038  	-0.0049  	-0.0687  	-0.0048  	-0.0027  	-0.0253  	0.01126  	0.03095  	-0.0022  	-0.0375  	0.03356  	-0.0001  	-0.0500  	0.12569  	0.01415  	-0.0314  	0.44382  	
0.34384  	-0.1595  	-0.2547  	-0.8940  	-0.3201  	-1.1406  	0.01955  	0.42782  	0.21014  	0.32998  	0.69000  	-0.9936  	0.06617  	-1.2714  	-1.0344  	0.45962  	-0.4246  	-0.1427  	-0.0681  	0.78193  	0.47163  	-0.1780  	-1.0602  	0.17107  	0.26059  	-0.3352  	0.22935  	0.34614  	-0.3301  	0.28543  	0.06285  	0.49943  	-0.0404  	-0.0192  	0.45573  	0.17424  	0.01367  	-0.3063  	-0.4172  	0.88285  	0.08732  	0.18288  	-0.2195  	0.20948  	0.08829  	-0.0627  	0.09716  	-0.1916  	-0.1007  	-0.0289  	-0.0026  	0.01983  	-0.0656  	-0.0032  	-0.0095  	-0.0760  	-0.0022  	-0.0003  	-0.0229  	0.01163  	0.02640  	-0.0143  	-0.0397  	0.02815  	-0.0001  	-0.0500  	0.12569  	0.01415  	-0.0314  	0.44382  	
0.37025  	-0.1395  	-0.2132  	-0.7947  	-0.2744  	-1.1028  	0.03620  	0.41652  	0.19966  	0.35305  	0.68944  	-1.0212  	0.07298  	-1.2099  	-1.0253  	0.50673  	-0.4310  	-0.1410  	-0.0545  	0.77051  	0.47163  	-0.1639  	-1.0869  	0.18271  	0.32368  	-0.3699  	0.26918  	0.31159  	-0.3589  	0.30997  	0.03793  	0.50957  	-0.0416  	-0.0199  	0.49016  	0.17732  	0.02153  	-0.3096  	-0.4148  	0.88252  	0.05798  	0.19533  	-0.2252  	0.20289  	0.08849  	-0.0601  	0.09755  	-0.1868  	-0.0979  	-0.0332  	-0.0017  	0.02052  	-0.0675  	-0.0022  	-0.0100  	-0.0722  	-0.0044  	-0.0004  	-0.0269  	0.01035  	0.03033  	-0.0127  	-0.0388  	0.02857  	-0.0001  	-0.0500  	0.12569  	0.01415  	-0.0314  	0.44382  	
0.34580  	-0.1390  	-0.2181  	-0.8627  	-0.3225  	-1.0740  	0.06962  	0.43213  	0.21178  	0.33780  	0.63847  	-1.0704  	0.05066  	-1.2153  	-1.0612  	0.44767  	-0.4004  	-0.1225  	-0.0599  	0.78877  	0.45768  	-0.1552  	-1.0885  	0.19396  	0.38376  	-0.3718  	0.28886  	0.34167  	-0.3316  	0.30209  	0.05362  	0.49485  	-0.0746  	-0.0107  	0.46415  	0.19217  	0.00044  	-0.3102  	-0.3916  	0.87205  	0.05112  	0.18008  	-0.2277  	0.20981  	0.09204  	-0.0616  	0.08845  	-0.1857  	-0.0906  	-0.0314  	0.00566  	0.02026  	-0.0653  	-0.0055  	-0.0067  	-0.0670  	-0.0047  	-0.0003  	-0.0289  	0.01345  	0.02937  	-0.0201  	-0.0398  	0.03195  	-0.0001  	-0.0500  	0.12569  	0.01415  	-0.0314  	0.44382  	
0.22902  	-0.1822  	-0.3318  	-0.7925  	-0.2637  	-1.1070  	0.03109  	0.35429  	0.15507  	0.26336  	0.57711  	-1.1012  	0.04246  	-1.2433  	-0.9970  	0.35017  	-0.3575  	-0.1811  	-0.0862  	0.74779  	0.46926  	-0.1443  	-1.0664  	0.26418  	0.43950  	-0.3559  	0.37191  	0.33520  	-0.3271  	0.35773  	0.02314  	0.51188  	-0.0968  	-0.0121  	0.46014  	0.21249  	0.01394  	-0.2888  	-0.3930  	0.87239  	0.03256  	0.18281  	-0.2345  	0.21323  	0.09557  	-0.0621  	0.09257  	-0.1952  	-0.0986  	-0.0378  	0.00785  	0.02457  	-0.0649  	-0.0045  	-0.0065  	-0.0750  	0.00154  	0.00429  	-0.0187  	0.00911  	0.02375  	-0.0294  	-0.0301  	0.02446  	-0.0001  	-0.0500  	0.12569  	0.01415  	-0.0314  	0.44382  	
0.27443  	-0.1733  	-0.3358  	-0.8075  	-0.2991  	-1.0944  	0.04594  	0.40741  	0.20543  	0.18765  	0.55060  	-1.1221  	0.07943  	-1.2115  	-0.8317  	0.33034  	-0.3860  	-0.1592  	-0.0824  	0.73748  	0.49318  	-0.1300  	-1.0344  	0.19215  	0.36186  	-0.3429  	0.27035  	0.30198  	-0.3270  	0.32424  	0.06477  	0.50726  	-0.0653  	-0.0008  	0.47056  	0.14289  	0.01746  	-0.2970  	-0.3863  	0.86795  	0.04945  	0.17868  	-0.2314  	0.19197  	0.09537  	-0.0678  	0.09544  	-0.2122  	-0.1052  	-0.0336  	-0.0057  	0.02389  	-0.0683  	-0.0031  	-0.0053  	-0.0708  	-0.0052  	0.00073  	-0.0207  	0.00928  	0.03204  	-0.0118  	-0.0424  	0.02967  	-0.0001  	-0.0500  	0.12569  	0.01415  	-0.0314  	0.44382  	
0.33091  	-0.1512  	-0.3181  	-0.8725  	-0.3103  	-1.1319  	0.07199  	0.37609  	0.22495  	0.28485  	0.63226  	-1.0461  	0.07171  	-1.2465  	-1.0216  	0.41816  	-0.4113  	-0.0890  	-0.0865  	0.83024  	0.37146  	-0.1364  	-1.0941  	0.12374  	0.33683  	-0.3474  	0.15436  	0.46276  	-0.2443  	0.29367  	0.05909  	0.46740  	-0.0576  	0.00209  	0.40399  	0.19595  	-0.0575  	-0.3343  	-0.3508  	0.88965  	0.09809  	0.17693  	-0.2143  	0.19941  	0.09395  	-0.0668  	0.09761  	-0.1911  	-0.0970  	-0.0213  	0.00364  	0.02051  	-0.0673  	-0.0067  	-0.0066  	-0.0710  	-0.0018  	0.00093  	-0.0234  	0.01074  	0.02897  	-0.0109  	-0.0452  	0.02901  	-0.0001  	-0.0500  	0.12569  	0.01415  	-0.0314  	0.44382  	
0.24782  	-0.1885  	-0.3339  	-0.8324  	-0.3141  	-1.1152  	0.02351  	0.42308  	0.21492  	0.21249  	0.58840  	-1.0948  	0.07616  	-1.1856  	-0.8759  	0.31526  	-0.3663  	-0.1636  	-0.0922  	0.69577  	0.49551  	-0.1583  	-1.0439  	0.20632  	0.33000  	-0.3539  	0.31353  	0.27373  	-0.3507  	0.31798  	0.05808  	0.51394  	-0.0492  	-0.0138  	0.47980  	0.12778  	0.00669  	-0.2925  	-0.4065  	0.85978  	0.06817  	0.18473  	-0.2237  	0.20440  	0.08472  	-0.0701  	0.10454  	-0.2122  	-0.1008  	-0.0338  	-0.0098  	0.02170  	-0.0673  	-0.0022  	-0.0047  	-0.0756  	-0.0022  	-0.0019  	-0.0230  	0.00988  	0.02959  	-0.0093  	-0.0321  	0.02826  	-0.0001  	-0.0500  	0.12569  	0.01415  	-0.0314  	0.44382  	
0.22786  	-0.2003  	-0.3497  	-0.8887  	-0.3246  	-1.1288  	0.02412  	0.40295  	0.19359  	0.23272  	0.63533  	-1.0898  	0.05205  	-1.2349  	-0.9226  	0.37687  	-0.3942  	-0.1666  	-0.0798  	0.70513  	0.48746  	-0.1392  	-1.0185  	0.21056  	0.32138  	-0.3384  	0.30099  	0.27659  	-0.3447  	0.30643  	0.06712  	0.50944  	-0.0628  	-0.0030  	0.46574  	0.16097  	0.01680  	-0.2998  	-0.4161  	0.85512  	0.05245  	0.19031  	-0.2380  	0.20005  	0.08796  	-0.0636  	0.10452  	-0.2046  	-0.1062  	-0.0330  	-0.0107  	0.02178  	-0.0701  	-0.0039  	-0.0062  	-0.0765  	-0.0063  	0.00367  	-0.0248  	0.00383  	0.02955  	-0.0183  	-0.0371  	0.02684  	-0.0001  	-0.0500  	0.12569  	0.01415  	-0.0314  	0.44382  	
0.33674  	-0.1908  	-0.2881  	-0.8305  	-0.2811  	-1.1355  	0.06149  	0.37457  	0.19013  	0.34413  	0.69807  	-1.0577  	0.03528  	-1.3134  	-1.0542  	0.50039  	-0.4207  	-0.1211  	-0.0873  	0.78684  	0.40329  	-0.1781  	-1.0831  	0.17855  	0.33627  	-0.3506  	0.24115  	0.40877  	-0.3203  	0.31338  	0.04462  	0.51687  	-0.0664  	-0.0042  	0.45795  	0.20335  	-0.0111  	-0.3130  	-0.3962  	0.87350  	0.07723  	0.18242  	-0.2290  	0.20278  	0.09669  	-0.0612  	0.09235  	-0.1908  	-0.0972  	-0.0280  	0.00171  	0.02214  	-0.0620  	-0.0063  	-0.0042  	-0.0744  	-0.0004  	0.00168  	-0.0255  	0.01119  	0.02798  	-0.0221  	-0.0391  	0.03037  	-0.0001  	-0.0500  	0.12569  	0.01415  	-0.0314  	0.44382  	
0.36928  	-0.1729  	-0.2437  	-0.7755  	-0.2411  	-1.0867  	0.06195  	0.40171  	0.19482  	0.35888  	0.66380  	-1.0303  	0.04964  	-1.2723  	-1.0540  	0.52572  	-0.4243  	-0.1378  	-0.0882  	0.79659  	0.41289  	-0.1727  	-1.1378  	0.19614  	0.36227  	-0.3675  	0.28301  	0.37002  	-0.3128  	0.31786  	0.03179  	0.52750  	-0.0718  	-0.0115  	0.47356  	0.21941  	-0.0230  	-0.3087  	-0.3938  	0.90043  	0.06337  	0.19322  	-0.2203  	0.20115  	0.08747  	-0.0651  	0.09062  	-0.1846  	-0.0924  	-0.0330  	0.00517  	0.01970  	-0.0619  	-0.0043  	-0.0035  	-0.0739  	0.00309  	0.00124  	-0.0222  	0.01214  	0.02625  	-0.0227  	-0.0359  	0.03002  	-0.0001  	-0.0500  	0.12569  	0.01415  	-0.0314  	0.44382  	
0.54340  	-0.1235  	-0.1286  	-0.6372  	-0.2043  	-1.0390  	0.05451  	0.48924  	0.23366  	0.25248  	0.58594  	-0.9610  	0.13226  	-1.1194  	-0.8824  	0.50749  	-0.4322  	-0.1763  	-0.0760  	0.76918  	0.51211  	-0.1571  	-1.1046  	0.22386  	0.34996  	-0.3796  	0.34513  	0.28920  	-0.3740  	0.32051  	0.03810  	0.51651  	-0.0366  	-0.0206  	0.51587  	0.11723  	0.03913  	-0.3083  	-0.4134  	0.87145  	0.05336  	0.19033  	-0.2339  	0.21007  	0.08328  	-0.0663  	0.09205  	-0.1829  	-0.0903  	-0.0426  	-0.0014  	0.01933  	-0.0657  	0.00204  	-0.0140  	-0.0628  	-0.0081  	-0.0029  	-0.0225  	0.01579  	0.03273  	-0.0153  	-0.0456  	0.02002  	-0.0001  	-0.0500  	0.12569  	0.01415  	-0.0314  	0.44382  	
0.55327  	-0.0819  	-0.1945  	-0.5693  	-0.1877  	-0.9849  	0.08537  	0.50365  	0.22718  	0.27582  	0.50325  	-1.0330  	0.21332  	-0.9226  	-0.7347  	0.39116  	-0.4013  	-0.1968  	-0.0894  	0.74870  	0.53498  	-0.0979  	-1.1015  	0.16957  	0.43159  	-0.3880  	0.34038  	0.24569  	-0.2992  	0.39345  	0.03724  	0.47785  	-0.0498  	0.00079  	0.50377  	0.12117  	0.00519  	-0.3151  	-0.3744  	0.85800  	0.05022  	0.19287  	-0.2056  	0.20908  	0.07814  	-0.0628  	0.08692  	-0.1662  	-0.0864  	-0.0374  	-0.0087  	0.02338  	-0.0615  	-0.0015  	-0.0099  	-0.0598  	-0.0129  	-0.0051  	-0.0246  	0.01381  	0.03554  	-0.0135  	-0.0436  	0.02291  	-0.0001  	-0.0500  	0.12569  	0.01415  	-0.0314  	0.44382  	
0.40442  	-0.1184  	-0.3010  	-0.5484  	-0.1356  	-1.0824  	0.05674  	0.50153  	0.22003  	0.25412  	0.46157  	-1.0556  	0.17553  	-0.9553  	-0.6383  	0.34220  	-0.3642  	-0.1965  	-0.1015  	0.67036  	0.54045  	-0.1450  	-1.0343  	0.24936  	0.39869  	-0.3696  	0.37603  	0.21373  	-0.3762  	0.35436  	0.04234  	0.51001  	-0.0376  	-0.0220  	0.54004  	0.05024  	0.02707  	-0.3188  	-0.3969  	0.91016  	-0.0099  	0.19375  	-0.2276  	0.21174  	0.07757  	-0.0608  	0.09081  	-0.1902  	-0.0987  	-0.0296  	-0.0161  	0.01964  	-0.0754  	0.00374  	-0.0103  	-0.0673  	-0.0063  	-0.0053  	-0.0248  	0.01118  	0.03268  	-0.0030  	-0.0423  	0.02236  	-0.0001  	-0.0500  	0.12569  	0.01415  	-0.0314  	0.44382  	
0.14931  	-0.1787  	-0.3047  	-1.0092  	-0.3683  	-1.1831  	0.05962  	0.43063  	0.20339  	0.28344  	0.72502  	-1.1121  	0.05341  	-1.2824  	-0.9210  	0.34523  	-0.3598  	-0.1812  	-0.0748  	0.73806  	0.59271  	-0.1399  	-0.9652  	0.24676  	0.33832  	-0.3433  	0.31535  	0.19532  	-0.4055  	0.27982  	0.04077  	0.47568  	-0.0674  	-0.0123  	0.47999  	0.09352  	0.07466  	-0.2754  	-0.4276  	0.88616  	0.05679  	0.16565  	-0.2509  	0.19172  	0.08594  	-0.0679  	0.10215  	-0.2004  	-0.1085  	-0.0274  	-0.0144  	0.02319  	-0.0688  	0.00651  	-0.0119  	-0.0812  	-0.0129  	-0.0027  	-0.0216  	0.01292  	0.02638  	-0.0101  	-0.0338  	0.02627  	-0.0001  	-0.0500  	0.12569  	0.01415  	-0.0314  	0.44382  	
-4.1864  	-0.2302  	-0.4401  	-0.9130  	-0.3532  	-1.2554  	0.02594  	0.35205  	0.14234  	0.26523  	0.68608  	-1.1109  	0.01222  	-1.3732  	-1.0071  	0.30498  	-0.3601  	-0.1340  	-0.0974  	0.72768  	0.42771  	-0.1672  	-1.0081  	0.20031  	0.36271  	-0.3411  	0.29871  	0.34196  	-0.2818  	0.33173  	0.07723  	0.49150  	-0.0861  	-0.0177  	0.37854  	0.15480  	-0.0332  	-0.3172  	-0.3761  	0.87458  	0.06332  	0.19191  	-0.2533  	0.19168  	0.09706  	-0.0672  	0.09349  	-0.2099  	-0.1129  	-0.0357  	-0.0080  	0.02665  	-0.0648  	-0.0029  	-0.0127  	-0.0758  	0.00230  	-0.0012  	-0.0181  	0.01059  	0.03487  	-0.0086  	-0.0396  	0.03434  	-0.0001  	-0.0500  	0.12569  	0.01415  	-0.0314  	0.44382  	
0.17404  	-0.2106  	-0.4430  	-0.7045  	-0.2190  	-1.1685  	-0.0029  	0.41918  	0.19742  	0.20799  	0.53600  	-0.9701  	0.13258  	-1.1891  	-0.8114  	0.31892  	-0.3596  	-0.1454  	-0.1152  	0.77710  	0.35569  	-0.1320  	-1.0575  	0.15489  	0.32675  	-0.3163  	0.20916  	0.45001  	-0.2234  	0.34953  	0.08065  	0.45033  	-0.0502  	0.00200  	0.40583  	0.12978  	-0.1013  	-0.3555  	-0.3429  	0.86818  	0.03823  	0.17857  	-0.2367  	0.19414  	0.09954  	-0.0669  	0.09400  	-0.1968  	-0.1103  	-0.0255  	-0.0040  	0.01955  	-0.0722  	-0.0097  	-0.0069  	-0.0741  	0.00308  	0.00023  	-0.0146  	0.00716  	0.02730  	-0.0077  	-0.0473  	0.03002  	-0.0001  	-0.0500  	0.12569  	0.01415  	-0.0314  	0.44382  	
0.50266  	-0.0686  	-0.2130  	-0.6394  	-0.2061  	-0.9863  	0.03833  	0.54896  	0.27329  	0.21530  	0.43751  	-0.9715  	0.20087  	-0.9865  	-0.7072  	0.37581  	-0.3805  	-0.1744  	-0.1015  	0.78169  	0.49735  	-0.1331  	-1.0796  	0.18755  	0.32718  	-0.3539  	0.23311  	0.34474  	-0.3116  	0.31992  	0.06830  	0.47628  	-0.0174  	-0.0061  	0.45548  	0.07324  	-0.0437  	-0.3094  	-0.3363  	0.90442  	0.02049  	0.17420  	-0.2050  	0.20646  	0.07979  	-0.0590  	0.08967  	-0.1857  	-0.1042  	-0.0171  	-0.0004  	0.01421  	-0.0730  	0.00146  	-0.0085  	-0.0634  	-0.0020  	-0.0069  	-0.0210  	0.00269  	0.02782  	-0.0017  	-0.0492  	0.02656  	-0.0001  	-0.0500  	0.12569  	0.01415  	-0.0314  	0.44382  	
0.57125  	-0.0797  	-0.1966  	-0.6009  	-0.1748  	-0.9941  	0.06499  	0.55889  	0.27951  	0.20735  	0.46970  	-0.9778  	0.18690  	-0.9646  	-0.6403  	0.40594  	-0.3959  	-0.1946  	-0.0916  	0.72670  	0.55989  	-0.1176  	-1.0478  	0.22520  	0.33070  	-0.3468  	0.29467  	0.25606  	-0.3258  	0.33729  	0.03816  	0.50304  	-0.0065  	-0.0073  	0.48052  	0.06661  	0.01086  	-0.2920  	-0.3616  	0.87829  	0.04042  	0.18515  	-0.2163  	0.20201  	0.08304  	-0.0625  	0.08968  	-0.1769  	-0.0919  	-0.0309  	-0.0127  	0.02053  	-0.0682  	-0.0001  	-0.0060  	-0.0660  	-0.0096  	-0.0021  	-0.0197  	0.01003  	0.03118  	-0.0100  	-0.0458  	0.02244  	-0.0001  	-0.0500  	0.12569  	0.01415  	-0.0314  	0.44382  	
0.53271  	-0.0961  	-0.2733  	-0.4393  	-0.0706  	-0.9804  	0.07416  	0.51638  	0.24266  	0.21165  	0.44124  	-0.9705  	0.20079  	-1.0178  	-0.6569  	0.41107  	-0.4164  	-0.1889  	-0.1266  	0.79099  	0.46746  	-0.1608  	-1.1399  	0.19668  	0.39297  	-0.3777  	0.31710  	0.38330  	-0.2800  	0.37070  	0.02986  	0.49486  	-0.0208  	-0.0077  	0.50890  	0.07323  	-0.0503  	-0.3309  	-0.3337  	0.90779  	-0.0013  	0.19935  	-0.2358  	0.20297  	0.09332  	-0.0607  	0.07269  	-0.1815  	-0.0782  	-0.0315  	-0.0032  	0.02034  	-0.0749  	0.00023  	-0.0046  	-0.0635  	0.00151  	-0.0028  	-0.0216  	0.00813  	0.02480  	0.00047  	-0.0335  	0.02425  	-0.0001  	-0.0500  	0.12569  	0.01415  	-0.0314  	0.44382  	
0.53926  	-0.0618  	-0.2892  	-0.2344  	0.00769  	-1.0049  	0.02677  	0.58083  	0.19536  	0.15826  	0.34137  	-0.9532  	0.25990  	-0.9383  	-0.3833  	0.22996  	-0.3327  	-0.3590  	-0.0538  	0.51645  	0.54219  	-0.2763  	-1.4151  	0.19878  	0.36591  	-0.2779  	0.33724  	0.35030  	-0.1217  	0.40001  	0.13075  	0.41973  	-0.1334  	-0.1389  	0.43596  	0.07067  	-0.1830  	-0.3612  	-0.4188  	0.81753  	0.03780  	0.34477  	-0.3789  	0.26859  	0.03210  	-0.0427  	0.05836  	-0.1551  	-0.1059  	-0.0467  	-0.0019  	0.02495  	-0.0694  	0.01217  	-0.0083  	-0.0711  	-0.0055  	-0.0076  	-0.0207  	0.01063  	0.03019  	-0.0168  	-0.0514  	0.02245  	-0.0001  	-0.0500  	0.12569  	0.01415  	-0.0314  	0.44382  	
0.51012  	-0.0466  	-0.3384  	-0.1465  	0.09763  	-1.0711  	0.03141  	0.61208  	0.18285  	0.11332  	0.29932  	-0.9574  	0.33249  	-0.8844  	-0.2725  	0.18991  	-0.2465  	-0.5035  	-0.0138  	0.31999  	0.52315  	-0.4888  	-1.6975  	0.19393  	0.40537  	-0.2070  	0.30956  	0.35450  	0.04818  	0.41234  	0.18936  	0.37198  	-0.2229  	-0.2788  	0.40591  	0.06632  	-0.3110  	-0.3923  	-0.5079  	0.77666  	0.06417  	0.45925  	-0.4950  	0.31996  	-0.0012  	-0.0216  	0.04102  	-0.1546  	-0.1193  	-0.0676  	0.01262  	0.02293  	-0.0733  	0.01972  	0.00384  	-0.0698  	-0.0034  	-0.0140  	-0.0146  	0.01964  	0.03614  	-0.0174  	-0.0718  	0.02326  	-0.0001  	-0.0500  	0.12569  	0.01415  	-0.0314  	0.44382  	
0.54326  	-0.0385  	-0.3565  	-0.0222  	0.15837  	-1.0306  	0.02613  	0.67368  	0.21135  	0.06847  	0.23225  	-0.9892  	0.37709  	-0.7762  	-0.1731  	0.13884  	-0.2483  	-0.5437  	0.00283  	0.25858  	0.49876  	-0.5370  	-1.7800  	0.21064  	0.41422  	-0.1889  	0.28117  	0.32690  	0.14180  	0.44033  	0.17814  	0.35091  	-0.2449  	-0.3054  	0.41945  	0.07000  	-0.3698  	-0.3925  	-0.5187  	0.79856  	0.07332  	0.49131  	-0.5325  	0.35150  	-0.0118  	-0.0254  	0.03779  	-0.1543  	-0.1204  	-0.0747  	0.01793  	0.02230  	-0.0683  	0.02097  	0.00274  	-0.0687  	-0.0033  	-0.0204  	-0.0234  	0.02566  	0.03959  	-0.0155  	-0.0855  	0.03069  	-0.0001  	-0.0500  	0.12569  	0.01415  	-0.0314  	0.44382  	
0.57025  	-0.0479  	-0.3731  	0.11422  	0.21510  	-0.9872  	0.03424  	0.62368  	0.23255  	0.05911  	0.17145  	-0.9827  	0.38112  	-0.7631  	-0.1311  	0.09182  	-0.2739  	-0.5348  	-0.0298  	0.31259  	0.42671  	-0.4702  	-1.7228  	0.21090  	0.42056  	-0.1978  	0.22548  	0.37331  	0.17914  	0.47560  	0.15180  	0.35221  	-0.2220  	-0.2754  	0.41590  	0.07307  	-0.3995  	-0.3933  	-0.4789  	0.81480  	0.06484  	0.46063  	-0.5043  	0.35085  	-0.0009  	-0.0306  	0.03980  	-0.1646  	-0.1152  	-0.0598  	0.01672  	0.02312  	-0.0648  	0.02006  	-0.0017  	-0.0716  	-0.0092  	-0.0209  	-0.0275  	0.02970  	0.03788  	-0.0181  	-0.0922  	0.03583  	-0.0001  	-0.0500  	0.12569  	0.01415  	-0.0314  	0.44382  	
0.54274  	-0.0695  	-0.3750  	0.01561  	0.17729  	-0.9737  	0.03314  	0.55536  	0.22995  	0.10808  	0.13131  	-0.9466  	0.34479  	-0.7753  	-0.2549  	0.18268  	-0.3572  	-0.3603  	-0.1072  	0.51386  	0.33993  	-0.2373  	-1.4796  	0.17757  	0.45239  	-0.2682  	0.19944  	0.48632  	0.12576  	0.48180  	0.07608  	0.38254  	-0.1269  	-0.1502  	0.41405  	0.10057  	-0.3389  	-0.4043  	-0.3901  	0.84945  	0.03934  	0.35507  	-0.3846  	0.27278  	0.04172  	-0.0466  	0.07250  	-0.1611  	-0.0928  	-0.0529  	0.00613  	0.02037  	-0.0629  	0.00563  	-0.0100  	-0.0727  	-0.0086  	-0.0179  	-0.0252  	0.01549  	0.03160  	-0.0203  	-0.0750  	0.03183  	-0.0001  	-0.0500  	0.12569  	0.01415  	-0.0314  	0.44382  	
0.19241  	-0.2047  	-0.5556  	-0.6748  	-0.0660  	-1.3450  	0.06482  	0.44973  	0.21242  	0.34766  	0.56890  	-0.8607  	0.20859  	-0.9437  	-0.8608  	0.30426  	-0.4730  	-0.0733  	-0.1140  	0.91008  	0.38343  	-0.1578  	-1.1994  	0.18366  	0.25859  	-0.3404  	0.07922  	0.52367  	-0.2043  	0.29805  	0.06236  	0.41758  	-0.0112  	-0.0059  	0.47106  	0.11644  	-0.2012  	-0.3939  	-0.3205  	0.92160  	0.01273  	0.17842  	-0.2530  	0.21229  	0.08301  	-0.0729  	0.10496  	-0.1677  	-0.1037  	-0.0371  	-0.0080  	0.01194  	-0.0766  	-0.0106  	-0.0211  	-0.0778  	0.00463  	0.00010  	-0.0340  	-0.0036  	0.03103  	-0.0173  	-0.0588  	0.01837  	-0.0001  	-0.0500  	0.12569  	0.01415  	-0.0314  	0.44382  	
-0.1691  	-0.3248  	-0.5704  	-0.9838  	-0.1881  	-1.4740  	0.11601  	0.39601  	0.19697  	0.30210  	0.84008  	-0.9714  	0.09295  	-1.2399  	-1.1171  	0.27522  	-0.4711  	-0.0585  	-0.1299  	0.90107  	0.39148  	-0.2268  	-1.1235  	0.20516  	0.23095  	-0.3250  	0.13209  	0.48798  	-0.2503  	0.25994  	0.08353  	0.41968  	-0.0318  	0.00573  	0.46663  	0.15918  	-0.1106  	-0.3646  	-0.3655  	0.87653  	0.02153  	0.19394  	-0.2777  	0.14565  	0.11164  	-0.0731  	0.09204  	-0.2029  	-0.1091  	-0.0219  	-0.0034  	0.02337  	-0.0660  	-0.0069  	-0.0092  	-0.0719  	0.00187  	-0.0053  	-0.0258  	0.00937  	0.02812  	-0.0099  	-0.0471  	0.03050  	-0.0001  	-0.0500  	0.12569  	0.01415  	-0.0314  	0.44382  	
-0.1056  	-0.3479  	-0.6084  	-0.9998  	-0.1980  	-1.6002  	0.06487  	0.41084  	0.17483  	0.37385  	0.99047  	-0.9878  	0.09269  	-1.2489  	-0.9637  	0.15420  	-0.4592  	-0.1417  	-0.1665  	0.85897  	0.51430  	-0.2484  	-1.1046  	0.28750  	0.24057  	-0.3015  	0.15393  	0.41306  	-0.4067  	0.22663  	0.10747  	0.42436  	0.01594  	-0.0052  	0.48664  	0.07159  	-0.0517  	-0.3645  	-0.3988  	0.86634  	0.02213  	0.20124  	-0.2743  	0.15876  	0.11754  	-0.0590  	0.11427  	-0.2238  	-0.1134  	-0.0101  	-0.0191  	0.02014  	-0.0720  	-0.0093  	-0.0214  	-0.0885  	-0.0071  	-0.0044  	-0.0307  	0.00430  	0.02798  	-0.0132  	-0.0445  	0.01890  	-0.0001  	-0.0500  	0.12569  	0.01415  	-0.0314  	0.44382  	
0.35761  	-0.1508  	-0.2490  	-0.7222  	-0.1820  	-1.2432  	0.09659  	0.57694  	0.24878  	0.29215  	0.66125  	-0.8867  	0.24491  	-0.8667  	-0.5773  	0.29871  	-0.4356  	-0.2141  	-0.0900  	0.75379  	0.58816  	-0.1652  	-1.0584  	0.32773  	0.12105  	-0.3149  	0.26295  	0.30399  	-0.4635  	0.29871  	0.09979  	0.48468  	0.02954  	-0.0002  	0.45593  	-0.0340  	-0.0339  	-0.3314  	-0.4181  	0.92103  	0.02343  	0.20515  	-0.2468  	0.18612  	0.08351  	-0.0688  	0.11874  	-0.1711  	-0.0875  	-0.0179  	-0.0342  	0.01836  	-0.0880  	-0.0050  	-0.0340  	-0.0879  	-0.0098  	-0.0067  	-0.0351  	-0.0006  	0.03312  	-0.0066  	-0.0701  	0.01136  	-0.0001  	-0.0500  	0.12569  	0.01415  	-0.0314  	0.44382  	
0.72941  	-0.0166  	-0.0691  	-0.6006  	-0.1785  	-0.9421  	0.09091  	0.55792  	0.28578  	0.22991  	0.23055  	-1.0230  	0.26479  	-0.7217  	-0.3853  	0.24105  	-0.3716  	-0.2429  	-0.1562  	0.62762  	0.49715  	-0.0671  	-0.9822  	0.26018  	0.27068  	-0.3291  	0.33459  	0.15930  	-0.4217  	0.36503  	0.10796  	0.48901  	-0.0101  	0.00705  	0.50205  	0.01925  	-0.0110  	-0.3091  	-0.3828  	0.87427  	0.03619  	0.18022  	-0.1992  	0.20717  	0.07600  	-0.0517  	0.09531  	-0.1579  	-0.0717  	-0.0345  	-0.0177  	0.02298  	-0.0857  	-0.0116  	-0.0138  	-0.0624  	-0.0214  	-0.0006  	-0.0290  	-0.0013  	0.02934  	0.00690  	-0.0429  	0.01678  	-0.0001  	-0.0500  	0.12569  	0.01415  	-0.0314  	0.44382  	
0.75982  	0.00356  	-0.0888  	-0.4339  	-0.1453  	-0.8913  	0.13800  	0.56718  	0.29758  	0.29047  	0.14071  	-1.2459  	0.33009  	-0.8007  	-0.5050  	0.22920  	-0.3316  	-0.3048  	-0.1010  	0.51408  	0.44071  	0.02942  	-0.9336  	0.22337  	0.50554  	-0.3601  	0.46528  	0.11847  	-0.2659  	0.44160  	0.07004  	0.48145  	-0.0707  	-0.0112  	0.40356  	0.03918  	0.00916  	-0.3413  	-0.3102  	0.88389  	0.02618  	0.18956  	-0.1853  	0.21973  	0.07190  	-0.0575  	0.07205  	-0.1408  	-0.0726  	-0.0257  	-0.0176  	0.02406  	-0.0692  	0.00241  	-0.0038  	-0.0600  	-0.0272  	-0.0079  	-0.0274  	0.01894  	0.02734  	-0.0054  	-0.0535  	0.01714  	-0.0001  	-0.0500  	0.12569  	0.01415  	-0.0314  	0.44382  	
0.63640  	0.01369  	-0.1484  	-0.6888  	-0.1802  	-1.0189  	0.15398  	0.51904  	0.23720  	0.37797  	0.22063  	-1.2608  	0.32081  	-0.6937  	-0.5028  	0.10608  	-0.3570  	-0.2660  	-0.1057  	0.56255  	0.43404  	0.00987  	-1.0269  	0.28383  	0.53714  	-0.3986  	0.53060  	0.10018  	-0.2553  	0.41610  	0.08397  	0.47816  	-0.0696  	-0.0343  	0.50540  	0.07878  	0.00660  	-0.3610  	-0.3268  	0.95025  	-0.0029  	0.18567  	-0.2226  	0.21744  	0.06155  	-0.0494  	0.07395  	-0.1530  	-0.0783  	-0.0273  	-0.0013  	0.02340  	-0.0782  	-0.0133  	-0.0118  	-0.0624  	-0.0240  	-0.0098  	-0.0220  	0.02510  	0.03071  	0.00271  	-0.0488  	0.01786  	-0.0001  	-0.0500  	0.12569  	0.01415  	-0.0314  	0.44382  	
0.27599  	-0.1364  	-0.3455  	-0.7200  	-0.1928  	-1.1868  	0.14105  	0.49875  	0.21315  	0.27921  	0.43324  	-1.1741  	0.17772  	-0.9212  	-0.5495  	0.24262  	-0.3642  	-0.2370  	-0.1326  	0.67057  	0.55305  	-0.0716  	-1.0082  	0.35332  	0.37898  	-0.3510  	0.46853  	0.15207  	-0.3748  	0.34498  	0.05487  	0.48689  	-0.0259  	-0.0087  	0.60540  	0.03943  	0.05174  	-0.3366  	-0.4207  	0.95234  	-0.0506  	0.23356  	-0.2514  	0.20438  	0.07808  	-0.0546  	0.10343  	-0.1941  	-0.0964  	-0.0368  	-0.0055  	0.01580  	-0.0901  	0.00038  	-0.0139  	-0.0661  	-0.0151  	-0.0074  	-0.0152  	0.01077  	0.02564  	0.00532  	-0.0590  	0.02076  	-0.0001  	-0.0500  	0.12569  	0.01415  	-0.0314  	0.44382  	
-0.0076  	-0.2368  	-0.4364  	-1.0940  	-0.3988  	-1.3316  	0.01761  	0.41524  	0.20300  	0.36329  	0.73602  	-1.1051  	0.05900  	-1.3252  	-1.0003  	0.29378  	-0.3834  	-0.1277  	-0.0789  	0.76907  	0.52259  	-0.2026  	-0.9993  	0.18591  	0.22388  	-0.3263  	0.20268  	0.28695  	-0.4079  	0.27193  	0.07811  	0.47053  	-0.0505  	-0.0064  	0.43750  	0.10166  	0.03050  	-0.3042  	-0.4175  	0.87188  	0.04964  	0.17048  	-0.2350  	0.18398  	0.08787  	-0.0584  	0.09925  	-0.2067  	-0.1101  	-0.0274  	-0.0101  	0.01786  	-0.0742  	0.00357  	-0.0110  	-0.0818  	-0.0130  	-0.0037  	-0.0230  	0.01256  	0.02909  	-0.0038  	-0.0420  	0.02769  	-0.0001  	-0.0500  	0.12569  	0.01415  	-0.0314  	0.44382  	
-0.1154  	-0.2591  	-0.4682  	-1.1164  	-0.3859  	-1.3186  	0.04843  	0.34402  	0.15473  	0.37055  	0.77497  	-1.1213  	0.00855  	-1.3689  	-1.1680  	0.24548  	-0.3795  	-0.1124  	-0.1014  	0.76999  	0.38429  	-0.1877  	-1.0152  	0.14537  	0.31111  	-0.3205  	0.19202  	0.39175  	-0.2701  	0.29024  	0.09672  	0.46329  	-0.0794  	-0.0027  	0.34590  	0.18903  	-0.0505  	-0.3169  	-0.3500  	0.85374  	0.11582  	0.16994  	-0.2370  	0.19116  	0.10039  	-0.0671  	0.09606  	-0.2167  	-0.1188  	-0.0236  	-0.0155  	0.02592  	-0.0672  	-0.0023  	-0.0091  	-0.0856  	-0.0043  	0.00638  	-0.0228  	0.00723  	0.03348  	-0.0097  	-0.0334  	0.02937  	-0.0001  	-0.0500  	0.12569  	0.01415  	-0.0314  	0.44382  	
-0.1617  	-0.2665  	-0.4876  	-1.1548  	-0.4252  	-1.3453  	0.03464  	0.33299  	0.16502  	0.33413  	0.72712  	-1.1361  	0.01969  	-1.4132  	-1.1593  	0.26886  	-0.3775  	-0.1152  	-0.0870  	0.74321  	0.32579  	-0.1705  	-0.9489  	0.13213  	0.30314  	-0.2994  	0.17573  	0.40824  	-0.2223  	0.29170  	0.10350  	0.46373  	-0.0665  	-0.0049  	0.28213  	0.16533  	-0.0840  	-0.3124  	-0.3400  	0.86430  	0.13886  	0.16278  	-0.2097  	0.21966  	0.09018  	-0.0674  	0.10106  	-0.2011  	-0.1118  	-0.0297  	-0.0194  	0.02239  	-0.0662  	-0.0022  	-0.0085  	-0.0832  	-0.0072  	0.00058  	-0.0202  	0.00652  	0.03875  	-0.0113  	-0.0391  	0.03283  	-0.0001  	-0.0500  	0.12569  	0.01415  	-0.0314  	0.44382  	
-0.0042  	-0.2036  	-0.4258  	-1.0548  	-0.3884  	-1.2403  	0.02104  	0.41776  	0.20549  	0.29096  	0.62574  	-1.0502  	0.08621  	-1.2877  	-1.0136  	0.29186  	-0.3486  	-0.1263  	-0.0798  	0.74449  	0.35354  	-0.1207  	-0.9479  	0.14714  	0.28203  	-0.2978  	0.17602  	0.42571  	-0.2360  	0.28537  	0.09548  	0.44190  	-0.0499  	-0.0053  	0.29811  	0.12535  	-0.0938  	-0.3313  	-0.3370  	0.88295  	0.12905  	0.17285  	-0.2025  	0.20859  	0.08138  	-0.0662  	0.10367  	-0.1826  	-0.1045  	-0.0302  	-0.0128  	0.02413  	-0.0765  	-0.0013  	-0.0069  	-0.0816  	-0.0039  	-0.0051  	-0.0159  	0.00711  	0.03293  	-0.0078  	-0.0431  	0.03373  	-0.0001  	-0.0500  	0.12569  	0.01415  	-0.0314  	0.44382  	
0.20563  	-0.1557  	-0.3476  	-0.8268  	-0.3173  	-1.1395  	0.04704  	0.44193  	0.23553  	0.23014  	0.52951  	-1.0119  	0.14797  	-1.1636  	-0.8410  	0.26461  	-0.3671  	-0.1547  	-0.1098  	0.74969  	0.39891  	-0.1140  	-0.9857  	0.14997  	0.25302  	-0.2974  	0.14965  	0.40789  	-0.2542  	0.29554  	0.10249  	0.45944  	-0.0152  	0.00570  	0.36768  	0.10003  	-0.0908  	-0.3255  	-0.3421  	0.89558  	0.11142  	0.16282  	-0.2016  	0.20528  	0.06763  	-0.0657  	0.09453  	-0.1849  	-0.1094  	-0.0302  	-0.0098  	0.02429  	-0.0665  	-0.0057  	-0.0099  	-0.0803  	-0.0099  	0.00078  	-0.0197  	0.00870  	0.03538  	-0.0029  	-0.0443  	0.03314  	-0.0001  	-0.0500  	0.12569  	0.01415  	-0.0314  	0.44382  	
0.25477  	-0.1488  	-0.3765  	-0.8248  	-0.2869  	-1.1945  	0.05610  	0.37499  	0.23250  	0.30752  	0.51121  	-0.9896  	0.15045  	-1.1951  	-0.9106  	0.33112  	-0.3947  	-0.0661  	-0.1166  	0.79684  	0.26508  	-0.1144  	-1.0493  	0.08005  	0.28670  	-0.3138  	0.03970  	0.52289  	-0.1499  	0.27693  	0.11631  	0.45351  	-0.0135  	0.01372  	0.29130  	0.13818  	-0.2000  	-0.3427  	-0.2726  	0.92827  	0.15337  	0.14820  	-0.1870  	0.20374  	0.06962  	-0.0594  	0.10255  	-0.1774  	-0.1075  	-0.0174  	-0.0085  	0.01950  	-0.0690  	-0.0079  	-0.0040  	-0.0884  	-0.0091  	-0.0006  	-0.0205  	0.00588  	0.03212  	0.00427  	-0.0383  	0.03392  	-0.0001  	-0.0500  	0.12569  	0.01415  	-0.0314  	0.44382  	
0.43487  	-0.1113  	-0.2875  	-0.6494  	-0.1858  	-1.0859  	0.07318  	0.50419  	0.28096  	0.28570  	0.46617  	-1.0224  	0.22048  	-1.0540  	-0.8234  	0.37947  	-0.4402  	-0.1119  	-0.1289  	0.85186  	0.40553  	-0.1612  	-1.1388  	0.11945  	0.33951  	-0.3488  	0.16439  	0.43156  	-0.2566  	0.33747  	0.03806  	0.48080  	-0.0123  	0.00467  	0.43083  	0.12720  	-0.1106  	-0.3238  	-0.3217  	0.90464  	0.06048  	0.19264  	-0.2158  	0.19545  	0.08040  	-0.0695  	0.09135  	-0.1805  	-0.0911  	-0.0227  	-0.0008  	0.02189  	-0.0695  	3.30184  	-0.0090  	-0.0713  	-0.0004  	-0.0026  	-0.0232  	0.00133  	0.03433  	-0.0092  	-0.0349  	0.02521  	-0.0001  	-0.0500  	0.12569  	0.01415  	-0.0314  	0.44382  	
0.48521  	-0.0861  	-0.3755  	-0.2282  	0.05030  	-0.9796  	0.08193  	0.48551  	0.21417  	0.20720  	0.26214  	-0.9859  	0.24897  	-0.8644  	-0.4250  	0.30664  	-0.4304  	-0.1798  	-0.1325  	0.79208  	0.39318  	-0.0423  	-1.1654  	0.16535  	0.49312  	-0.3846  	0.31271  	0.42476  	-0.1398  	0.46847  	0.00683  	0.45378  	-0.0583  	0.01863  	0.49409  	0.08724  	-0.1157  	-0.3717  	-0.2900  	0.92001  	-0.0330  	0.20271  	-0.2382  	0.19375  	0.10896  	-0.0663  	0.08239  	-0.1922  	-0.0817  	-0.0469  	-0.0038  	0.01795  	-0.0687  	-0.0078  	-0.0079  	-0.0648  	-0.0028  	0.00156  	-0.0172  	0.01120  	0.02514  	-0.0102  	-0.0396  	0.02647  	-0.0001  	-0.0500  	0.12569  	0.01415  	-0.0314  	0.44382  	
0.52123  	-0.1056  	-0.3161  	-0.2985  	-0.0243  	-0.9213  	0.05842  	0.54423  	0.22056  	0.18259  	0.27585  	-0.9834  	0.22565  	-0.9707  	-0.5051  	0.39231  	-0.4122  	-0.1988  	-0.1105  	0.72751  	0.45642  	-0.0320  	-1.1173  	0.19880  	0.41283  	-0.3725  	0.32154  	0.33999  	-0.2359  	0.40612  	0.00868  	0.48919  	-0.0452  	0.00608  	0.49323  	0.07888  	-0.0750  	-0.3346  	-0.3219  	0.90082  	0.00152  	0.19285  	-0.2115  	0.21419  	0.08964  	-0.0665  	0.08728  	-0.1864  	-0.0780  	-0.0345  	-0.0050  	0.02263  	-0.0650  	-0.0006  	-0.0106  	-0.0679  	-0.0133  	-0.0041  	-0.0228  	0.01147  	0.02505  	-0.0018  	-0.0424  	0.02444  	-0.0001  	-0.0500  	0.12569  	0.01415  	-0.0314  	0.44382  	
0.52303  	-0.1494  	-0.2341  	-0.5389  	-0.1794  	-0.9993  	0.04875  	0.48743  	0.21023  	0.23295  	0.56473  	-0.9907  	0.15425  	-1.1371  	-0.8583  	0.51450  	-0.4037  	-0.1817  	-0.0883  	0.73205  	0.47900  	-0.0705  	-1.1515  	0.25037  	0.34633  	-0.3685  	0.24341  	0.30162  	-0.3306  	0.31206  	0.01521  	0.49791  	-0.0604  	-0.0131  	0.49369  	0.11130  	-0.0085  	-0.3152  	-0.3642  	0.91485  	0.05583  	0.18356  	-0.2184  	0.19342  	0.08113  	-0.0628  	0.09157  	-0.1720  	-0.0852  	-0.0433  	-0.0079  	0.02201  	-0.0721  	-0.0080  	-0.0175  	-0.0751  	-0.0016  	-0.0006  	-0.0274  	0.01112  	0.01928  	-0.0124  	-0.0369  	0.02424  	-0.0001  	-0.0500  	0.12569  	0.01415  	-0.0314  	0.44382  	
0.21438  	-0.2108  	-0.2310  	-0.9537  	-0.3095  	-1.1333  	0.05565  	0.37682  	0.17445  	0.29579  	0.70607  	-1.0654  	0.00495  	-1.3349  	-1.1345  	0.47521  	-0.4191  	-0.1290  	-0.1071  	0.79976  	0.44275  	-0.1684  	-1.1184  	0.28559  	0.41496  	-0.3581  	0.33602  	0.30925  	-0.3080  	0.30981  	0.05555  	0.50655  	-0.0822  	-0.0233  	0.44794  	0.22364  	0.00331  	-0.3118  	-0.3904  	0.90991  	0.04995  	0.18314  	-0.2305  	0.22062  	0.08732  	-0.0620  	0.09096  	-0.2058  	-0.1092  	-0.0357  	-0.0008  	0.02287  	-0.0630  	-0.0057  	-0.0078  	-0.0718  	0.00233  	0.00278  	-0.0188  	0.01296  	0.02580  	-0.0217  	-0.0373  	0.03305  	-0.0001  	-0.0500  	0.12569  	0.01415  	-0.0314  	0.44382  	
0.00831  	-0.2861  	-0.4535  	-1.0543  	-0.3934  	-1.2061  	0.05698  	0.36590  	0.16188  	0.28002  	0.69286  	-1.1775  	-0.0086  	-1.3791  	-1.0628  	0.30014  	-0.3678  	-0.1144  	-0.0876  	0.70533  	0.44679  	-0.1632  	-1.0402  	0.22778  	0.42622  	-0.3380  	0.32175  	0.31623  	-0.2684  	0.30588  	0.04707  	0.49610  	-0.0940  	-0.0326  	0.38483  	0.20966  	0.00594  	-0.3129  	-0.3949  	0.90379  	0.08082  	0.17691  	-0.2371  	0.20532  	0.11298  	-0.0628  	0.09628  	-0.2204  	-0.1164  	-0.0301  	-0.0166  	0.02106  	-0.0655  	-0.0025  	-0.0052  	-0.0820  	-2.8505  	0.00579  	-0.0218  	0.01416  	0.02225  	-0.0222  	-0.0462  	0.03654  	-0.0001  	-0.0500  	0.12569  	0.01415  	-0.0314  	0.44382  	
0.09400  	-0.2396  	-0.3643  	-1.0316  	-0.3759  	-1.2160  	0.04055  	0.34953  	0.18381  	0.26464  	0.63738  	-1.0880  	0.05637  	-1.3690  	-1.0820  	0.32995  	-0.3650  	-0.1066  	-0.0979  	0.79880  	0.33870  	-0.1833  	-0.9911  	0.13550  	0.33875  	-0.3108  	0.15308  	0.47670  	-0.2122  	0.31157  	0.08706  	0.46247  	-0.0730  	-0.0063  	0.29295  	0.17496  	-0.0962  	-0.3252  	-0.3297  	0.89194  	0.11246  	0.16482  	-0.2142  	0.21078  	0.08237  	-0.0722  	0.09757  	-0.1954  	-0.1089  	-0.0244  	-0.0086  	0.02289  	-0.0703  	-0.0097  	-0.0015  	-0.0796  	-0.0050  	0.00255  	-0.0199  	0.00916  	0.03361  	-0.0110  	-0.0408  	0.02992  	-0.0001  	-0.0500  	0.12569  	0.01415  	-0.0314  	0.44382  	
-0.0983  	-0.2636  	-0.4767  	-1.0665  	-0.3670  	-1.3841  	0.07696  	0.35611  	0.17585  	0.35787  	0.70227  	-1.0602  	0.07964  	-1.3067  	-1.1037  	0.23998  	-0.3882  	-0.0936  	-0.1413  	0.84112  	0.29162  	-0.1817  	-1.0435  	0.11696  	0.34732  	-0.3184  	0.16346  	0.50085  	-0.2037  	0.30340  	0.10568  	0.43403  	-0.0319  	-0.0128  	0.32593  	0.17825  	-0.1353  	-0.3580  	-0.3137  	0.89436  	0.09863  	0.17985  	-0.2256  	0.20566  	0.09333  	-0.0690  	0.09912  	-0.1883  	-0.1057  	-0.0238  	-0.0041  	0.02122  	-0.0739  	-0.0071  	-0.0067  	-0.0783  	-0.0056  	-0.0017  	-0.0248  	0.01332  	0.03361  	-0.0044  	-0.0377  	0.03443  	-0.0001  	-0.0500  	0.12569  	0.01415  	-0.0314  	0.44382  	
-0.1695  	-0.2963  	-0.5812  	-0.9836  	-0.2561  	-1.4434  	0.01384  	0.37305  	0.17068  	0.32906  	0.76231  	-0.9980  	0.06318  	-1.2787  	-1.0313  	0.22287  	-0.4055  	-0.1382  	-0.1220  	0.82088  	0.40629  	-0.1929  	-1.0806  	0.17487  	0.29597  	-0.3169  	0.22659  	0.42922  	-0.2464  	0.31449  	0.06927  	0.44933  	-0.0518  	-0.0056  	0.42615  	0.15783  	-0.1020  	-0.3388  	-0.3473  	0.87950  	0.06507  	0.17979  	-0.2544  	0.18823  	0.11190  	-0.0656  	0.10791  	-0.2154  	-0.1157  	-0.0229  	-0.0129  	0.02087  	-0.0701  	-0.0005  	-0.0102  	-0.0791  	-0.0045  	-0.0015  	-0.0243  	0.01302  	0.03028  	-0.0091  	-0.0414  	0.03017  	-0.0001  	-0.0500  	0.12569  	0.01415  	-0.0314  	0.44382  	
0.04165  	-0.2315  	-0.5401  	-0.8926  	-0.2320  	-1.2956  	0.03717  	0.43933  	0.18361  	0.29095  	0.74760  	-0.9170  	0.11636  	-1.1991  	-0.9787  	0.23592  	-0.4152  	-0.1408  	-0.1205  	0.88523  	0.44094  	-0.1755  	-1.1049  	0.16024  	0.28981  	-0.3097  	0.18057  	0.46492  	-0.2627  	0.31189  	0.07827  	0.43449  	-0.0354  	0.00730  	0.41282  	0.14203  	-0.1200  	-0.3518  	-0.3350  	0.88196  	0.04381  	0.18064  	-0.2657  	0.18567  	0.10582  	-0.0677  	0.11401  	-0.2040  	-0.1070  	-0.0229  	-0.0006  	0.02236  	-0.0732  	0.00367  	-0.0151  	-0.0824  	0.00175  	0.00258  	-0.0250  	0.01559  	0.03053  	-0.0187  	-0.0438  	0.02579  	-0.0001  	-0.0500  	0.12569  	0.01415  	-0.0314  	0.44382  	
0.28138  	-0.1729  	-0.3515  	-0.7227  	-0.1896  	-1.1337  	0.04305  	0.49802  	0.22205  	0.29149  	0.50666  	-0.8948  	0.17459  	-1.0342  	-0.7972  	0.34015  	-0.4052  	-0.1187  	-0.1257  	0.82775  	0.40978  	-0.1539  	-1.1121  	0.17574  	0.29647  	-0.3301  	0.16717  	0.44434  	-0.2471  	0.33435  	0.06897  	0.44153  	-0.0276  	7.06277  	0.43694  	0.12167  	-0.1238  	-0.3583  	-0.3164  	0.89557  	0.05014  	0.17344  	-0.2243  	0.19731  	0.09760  	-0.0594  	0.10315  	-0.1848  	-0.1043  	-0.0284  	-0.0124  	0.01555  	-0.0690  	-0.0053  	-0.0128  	-0.0824  	-0.0034  	0.00084  	-0.0224  	0.00776  	0.02478  	-0.0138  	-0.0452  	0.03008  	-0.0001  	-0.0500  	0.12569  	0.01415  	-0.0314  	0.44382  	
0.42310  	-0.0913  	-0.2882  	-0.6144  	-0.1658  	-1.0127  	0.05667  	0.49413  	0.24998  	0.22263  	0.41735  	-0.9781  	0.17726  	-1.0849  	-0.7640  	0.37208  	-0.3754  	-0.1370  	-0.1132  	0.82251  	0.44215  	-0.1581  	-1.0773  	0.16370  	0.35600  	-0.3255  	0.18158  	0.46674  	-0.2412  	0.32869  	0.06155  	0.47679  	-0.0110  	0.00620  	0.39008  	0.08454  	-0.1180  	-0.3217  	-0.3158  	0.91207  	0.08207  	0.15347  	-0.1898  	0.20685  	0.08144  	-0.0619  	0.09250  	-0.1779  	-0.0960  	-0.0298  	0.00230  	0.01657  	-0.0701  	-0.0068  	-0.0110  	-0.0731  	-0.0009  	-0.0014  	-0.0147  	0.00533  	0.02937  	-0.0087  	-0.0454  	0.02539  	-0.0001  	-0.0500  	0.12569  	0.01415  	-0.0314  	0.44382  	
0.30267  	-0.1392  	-0.3359  	-0.8543  	-0.2592  	-1.1196  	0.03783  	0.42004  	0.21145  	0.28079  	0.63850  	-1.0035  	0.14342  	-1.1557  	-0.9955  	0.39389  	-0.4001  	-0.0944  	-0.1155  	0.81981  	0.37429  	-0.1909  	-1.0819  	0.15979  	0.28768  	-0.3261  	0.11005  	0.47520  	-0.2135  	0.29958  	0.07199  	0.46194  	-0.0022  	0.00171  	0.37655  	0.12090  	-0.1207  	-0.3469  	-0.3259  	0.90541  	0.13300  	0.16218  	-0.1778  	0.19819  	0.08282  	-0.0630  	0.09910  	-0.1830  	-0.1063  	-0.0334  	-0.0081  	0.02148  	-0.0678  	-0.0052  	-0.0132  	-0.0777  	-0.0100  	-0.0034  	-0.0251  	0.00604  	0.03485  	-0.0094  	-0.0504  	0.03253  	-0.0001  	-0.0500  	0.12569  	0.01415  	-0.0314  	0.44382  	
0.10508  	-0.2542  	-0.4395  	-0.9712  	-0.2916  	-1.2772  	0.09438  	0.37082  	0.20425  	0.32219  	0.77277  	-1.0017  	0.10950  	-1.1708  	-1.0607  	0.31293  	-0.4199  	-0.0703  	-0.1341  	0.88486  	0.40352  	-0.2019  	-1.1005  	0.18923  	0.34018  	-0.3428  	0.14832  	0.45258  	-0.2508  	0.31383  	0.09349  	0.44322  	-0.0202  	0.00683  	0.38911  	0.15847  	-0.0799  	-0.3428  	-0.3578  	0.87868  	0.07160  	0.17732  	-0.2223  	0.19429  	0.08998  	-0.0617  	0.09828  	-0.2027  	-0.0972  	-0.0267  	-0.0006  	0.01757  	-0.0703  	-0.0079  	-0.0057  	-0.0783  	-0.0028  	0.00335  	-0.0264  	0.01074  	0.02786  	-0.0089  	-0.0373  	0.03139  	-0.0001  	-0.0500  	0.12569  	0.01415  	-0.0314  	0.44382  	
-0.1435  	-0.2970  	-0.5459  	-1.0263  	-0.2614  	-1.4738  	0.03970  	0.37725  	0.17606  	0.29340  	0.82607  	-1.0392  	0.07682  	-1.2133  	-0.9867  	0.21022  	-0.3769  	-0.1156  	-0.1093  	0.79812  	0.51049  	-0.2194  	-1.0600  	0.25037  	0.29743  	-0.3348  	0.25242  	0.32116  	-0.3781  	0.28518  	0.08777  	0.46248  	-0.0184  	-0.0047  	0.50134  	0.11133  	-0.0119  	-0.3282  	-0.4029  	0.87468  	0.06073  	0.17885  	-0.2942  	0.17236  	0.09576  	-0.0649  	0.10587  	-0.2200  	-0.1119  	-0.0281  	-0.0084  	0.02119  	-0.0808  	-0.0056  	-0.0156  	-0.0719  	-0.0050  	0.00108  	-0.0250  	0.01070  	0.03125  	-0.0185  	-0.0430  	0.02439  	-0.0001  	-0.0500  	0.12569  	0.01415  	-0.0314  	0.44382  	
-0.0416  	-0.2915  	-0.5189  	-1.1015  	-0.3605  	-1.3488  	0.04887  	0.41559  	0.17775  	0.33750  	0.78428  	-1.0595  	0.06837  	-1.2910  	-0.9736  	0.19418  	-0.3477  	-0.1375  	-0.1222  	0.80768  	0.48633  	-0.1966  	-1.0040  	0.20744  	0.32405  	-0.3053  	0.23234  	0.34200  	-0.3533  	0.28342  	0.09702  	0.44606  	-0.0334  	-0.0243  	0.39315  	0.11515  	-0.0443  	-0.3338  	-0.3567  	0.86415  	0.05950  	0.18042  	-0.2605  	0.19197  	0.09909  	-0.0626  	0.10719  	-0.2175  	-0.1081  	-0.0282  	-0.0138  	0.02374  	-0.0729  	-0.0004  	-0.0114  	-0.0826  	-0.0125  	-0.0012  	-0.0229  	0.00916  	0.03318  	-0.0004  	-0.0444  	0.03092  	-0.0001  	-0.0500  	0.12569  	0.01415  	-0.0314  	0.44382  	
0.40710  	-0.1172  	-0.2587  	-0.7377  	-0.2349  	-1.0506  	0.10333  	0.55589  	0.26285  	0.22480  	0.60517  	-0.9234  	0.23024  	-0.8767  	-0.6921  	0.33729  	-0.4307  	-0.1861  	-0.1356  	0.75135  	0.56632  	-0.1474  	-1.0847  	0.25589  	0.18982  	-0.3316  	0.28976  	0.26288  	-0.4100  	0.30339  	0.11307  	0.48636  	0.01711  	-0.0053  	0.50636  	0.04540  	-0.0316  	-0.3414  	-0.3324  	0.88932  	0.03804  	0.19141  	-0.2290  	0.20015  	0.08076  	-0.0595  	0.09847  	-0.1816  	-0.0907  	-0.0297  	-0.0066  	0.02121  	-0.0763  	-0.0068  	-0.0126  	-0.0707  	-0.0186  	0.00255  	-0.0190  	0.00726  	0.03980  	0.00115  	-0.0520  	0.03207  	-0.0001  	-0.0500  	0.12569  	0.01415  	-0.0314  	0.44382  	
0.69714  	-0.0495  	-0.1427  	-0.4300  	-0.1034  	-0.8389  	0.08192  	0.60208  	0.27573  	0.19623  	0.20863  	-1.1058  	0.28024  	-0.7888  	-0.4415  	0.31405  	-0.3378  	-0.2328  	-0.0833  	0.61879  	0.50708  	-0.0434  	-0.9819  	0.22553  	0.42493  	-0.3524  	0.41577  	0.17712  	-0.2559  	0.40110  	0.04366  	0.48420  	-0.0545  	-0.0155  	0.46751  	0.05064  	-0.0467  	-0.3381  	-0.3200  	0.92331  	-0.0002  	0.18842  	-0.2005  	0.22986  	0.06823  	-0.0641  	0.09414  	-0.1500  	-0.0745  	-0.0368  	-0.0127  	0.02055  	-0.0747  	-0.0051  	-0.0052  	-0.0615  	-0.0166  	0.00097  	-0.0333  	0.01231  	0.02693  	0.00243  	-0.0504  	0.01299  	-0.0001  	-0.0500  	0.12569  	0.01415  	-0.0314  	0.44382  	
0.68644  	-0.0555  	-0.1277  	-0.5233  	-0.1258  	-0.9046  	0.16102  	0.57994  	0.25366  	0.30228  	0.26402  	-1.2434  	0.29492  	-0.6079  	-0.4231  	0.20347  	-0.3622  	-0.2441  	-0.1257  	0.57407  	0.51450  	-0.0240  	-0.9965  	0.30537  	0.46490  	-0.3813  	0.44251  	0.14865  	-0.2601  	0.40357  	0.04625  	0.47524  	-0.0436  	-0.0292  	0.56216  	0.05188  	0.00326  	-0.3517  	-0.3586  	0.94678  	-0.0294  	0.20500  	-0.2436  	0.21742  	0.06391  	-0.0521  	0.08114  	-0.1712  	-0.0758  	-0.0260  	0.00444  	0.02615  	-0.0755  	-0.0105  	-0.0047  	-0.0590  	-0.0309  	-0.0072  	-0.0276  	0.02622  	0.02986  	0.00794  	-0.0528  	0.01515  	-0.0001  	-0.0500  	0.12569  	0.01415  	-0.0314  	0.44382  	
0.33568  	-0.0958  	-0.3807  	-0.9306  	-0.2565  	-1.2579  	0.06708  	0.49956  	0.24987  	0.20585  	0.58895  	-1.0719  	0.21633  	-1.0763  	-0.7565  	0.20575  	-0.3026  	-0.3059  	-0.0592  	0.42627  	0.62920  	-0.3798  	-1.2959  	0.29875  	0.15736  	-0.2313  	0.25301  	0.16139  	-0.3262  	0.23734  	0.20639  	0.42696  	-0.0824  	-0.1705  	0.49884  	-0.0064  	-0.0663  	-0.3713  	-0.4934  	0.83916  	0.10825  	0.33586  	-0.3555  	0.26654  	0.00752  	-0.0351  	0.08746  	-0.1761  	-0.1176  	-0.0416  	0.00681  	0.01776  	-0.0809  	0.01034  	-0.0198  	-0.0713  	-0.0207  	-0.0170  	-0.0131  	0.01208  	0.03252  	-0.0088  	-0.0662  	0.02164  	-0.0001  	-0.0500  	0.12569  	0.01415  	-0.0314  	0.44382  	
-0.0959  	-0.2773  	-0.3706  	-1.2282  	-0.4504  	-1.3609  	-0.0194  	0.45523  	0.13101  	0.25301  	0.81477  	-1.0965  	0.14159  	-1.5346  	-1.0586  	0.11771  	-0.2203  	-0.4133  	0.01779  	0.36129  	0.57317  	-0.6459  	-1.4823  	0.17386  	0.13205  	-0.0961  	0.11226  	0.20552  	-0.1670  	0.25152  	0.33043  	0.37418  	-0.1736  	-0.3092  	0.25457  	0.09071  	-0.2188  	-0.3294  	-0.5907  	0.70694  	0.24651  	0.41498  	-0.4283  	0.32367  	-0.0149  	-0.0181  	0.06672  	-0.1871  	-0.1328  	-0.0482  	-0.0064  	0.03393  	-0.0741  	0.02172  	-0.0019  	-0.0949  	-0.0093  	-0.0128  	-0.0331  	0.03130  	0.03256  	-0.0160  	-0.0778  	0.02942  	-0.0001  	-0.0500  	0.12569  	0.01415  	-0.0314  	0.44382  	
-0.2140  	-0.3260  	-0.5209  	-1.1606  	-0.4156  	-1.6041  	-0.0724  	0.47946  	0.12440  	0.34319  	0.99544  	-1.0136  	0.14565  	-1.4703  	-0.9987  	0.11581  	-0.1966  	-0.4995  	0.01147  	0.29513  	0.65450  	-0.6606  	-1.4828  	0.17820  	0.12957  	-0.1187  	0.21485  	0.14209  	-0.1748  	0.24744  	0.32234  	0.35828  	-0.2417  	-0.3534  	0.31309  	0.05676  	-0.2155  	-0.3040  	-0.6272  	0.70688  	0.22956  	0.45244  	-0.5281  	0.34479  	-0.0213  	-0.0225  	0.06736  	-0.1903  	-0.1400  	-0.0483  	0.00334  	0.02896  	-0.0659  	0.02465  	-0.0002  	-0.0843  	-0.0154  	-0.0177  	-0.0312  	0.02224  	0.04214  	-0.0080  	-0.0821  	0.02956  	-0.0001  	-0.0500  	0.12569  	0.01415  	-0.0314  	0.44382  	
-0.1351  	-0.2305  	-0.4570  	-1.1422  	-0.4093  	-1.5197  	-0.0685  	0.54026  	0.13664  	0.30295  	0.89640  	-1.0316  	0.15200  	-1.3981  	-0.9351  	0.12081  	-0.1765  	-0.4950  	0.03033  	0.33308  	0.64742  	-0.6026  	-1.4764  	0.15906  	0.11569  	-0.1198  	0.21420  	0.14091  	-0.2321  	0.24200  	0.32517  	0.35682  	-0.2152  	-0.3032  	0.25918  	0.05421  	-0.1847  	-0.3089  	-0.5480  	0.67806  	0.24605  	0.42003  	-0.4616  	0.31884  	-0.0096  	-0.0217  	0.06123  	-0.1818  	-0.1408  	-0.0522  	-0.0117  	0.03283  	-0.0704  	0.02826  	-0.0062  	-0.0863  	-0.0195  	-0.0155  	-0.0265  	0.02392  	0.04410  	-0.0099  	-0.0743  	0.03389  	-0.0001  	-0.0500  	0.12569  	0.01415  	-0.0314  	0.44382  	
0.03432  	-0.2126  	-0.3482  	-1.2480  	-0.4949  	-1.3466  	0.00474  	0.48719  	0.17813  	0.29932  	0.81878  	-1.0975  	0.13748  	-1.3028  	-1.0627  	0.16340  	-0.2405  	-0.3149  	-0.0356  	0.47173  	0.56586  	-0.4059  	-1.1984  	0.19821  	0.23744  	-0.1974  	0.22999  	0.19970  	-0.2428  	0.24295  	0.24518  	0.39627  	-0.1325  	-0.1958  	0.28269  	0.08042  	-0.1358  	-0.3231  	-0.4525  	0.79627  	0.20732  	0.28933  	-0.3317  	0.27728  	0.03958  	-0.0488  	0.07791  	-0.1855  	-0.1238  	-0.0438  	-0.0132  	0.02968  	-0.0653  	0.01080  	-0.0044  	-0.0854  	-0.0143  	-0.0135  	-0.0213  	0.02186  	0.04319  	-0.0077  	-0.0598  	0.03011  	-0.0001  	-0.0500  	0.12569  	0.01415  	-0.0314  	0.44382  	
0.22298  	-0.2266  	-0.2813  	-1.0583  	-0.4505  	-1.1294  	0.01478  	0.47343  	0.23027  	0.31386  	0.65711  	-1.1014  	0.04480  	-1.3233  	-1.0982  	0.38326  	-0.3391  	-0.0865  	-0.0733  	0.75467  	0.44755  	-0.2012  	-0.9815  	0.12368  	0.28505  	-0.3199  	0.16019  	0.31861  	-0.3368  	0.29270  	0.08733  	0.48860  	-0.0454  	-0.0226  	0.32683  	0.06788  	-0.0299  	-0.2902  	-0.3580  	0.87901  	0.16333  	0.15706  	-0.1722  	0.21677  	0.08183  	-0.0643  	0.08606  	-0.2016  	-0.1019  	-0.0133  	-0.0201  	0.02338  	-0.0688  	0.00379  	-0.0082  	-0.0717  	-0.0126  	-0.0073  	-0.0286  	0.00226  	0.02966  	0.00846  	-0.0423  	0.02530  	-0.0001  	-0.0500  	0.12569  	0.01415  	-0.0314  	0.44382  	
0.09995  	-0.2006  	-0.3528  	-1.0563  	-0.4289  	-1.2203  	-0.0045  	0.38521  	0.21748  	0.32253  	0.70435  	-1.0731  	0.05580  	-1.3590  	-1.1247  	0.27443  	-0.3568  	-0.1356  	-0.0674  	0.75654  	0.45827  	-0.2072  	-1.0019  	0.09745  	0.27981  	-0.3111  	0.21908  	0.38944  	-0.2810  	0.27178  	0.08259  	0.47345  	-0.0295  	-0.0097  	0.36610  	0.12916  	-0.0325  	-0.3106  	-0.3596  	0.87372  	0.15587  	0.16177  	-0.1853  	0.22540  	0.09413  	-0.0647  	0.09555  	-0.1955  	-0.1110  	-0.0359  	-0.0122  	0.02224  	-0.0709  	-0.0034  	-0.0117  	-0.0767  	-0.0082  	-0.0002  	-0.0230  	0.00686  	0.03461  	-0.0018  	-0.0436  	0.02984  	-0.0001  	-0.0500  	0.12569  	0.01415  	-0.0314  	0.44382  	
0.09091  	-0.2380  	-0.3903  	-1.0332  	-0.4476  	-1.1641  	-0.0342  	0.39344  	0.20045  	0.24500  	0.61700  	-1.1135  	0.05151  	-1.3776  	-1.0187  	0.30873  	-0.3146  	-0.1687  	-0.0968  	0.70462  	0.42608  	-0.1457  	-0.9009  	0.13787  	0.29832  	-0.2926  	0.23884  	0.33782  	-0.3275  	0.28652  	0.10403  	0.48330  	-0.0739  	-0.0099  	0.33499  	0.13567  	-0.0214  	-0.2903  	-0.3697  	0.85318  	0.13922  	0.15457  	-0.2051  	0.21060  	0.08435  	-0.0641  	0.10360  	-0.2013  	-0.1144  	-0.0266  	-0.0191  	0.02480  	-0.0668  	-0.0011  	-0.0110  	-0.0807  	-0.0129  	0.00187  	-0.0211  	0.00666  	0.03355  	-0.0079  	-0.0396  	0.02742  	-0.0001  	-0.0500  	0.12569  	0.01415  	-0.0314  	0.44382  	
0.23537  	-0.1949  	-0.3220  	-0.9451  	-0.3660  	-1.1680  	0.04325  	0.41381  	0.21404  	0.25090  	0.63981  	-1.0711  	0.07240  	-1.2791  	-0.9601  	0.34579  	-0.3779  	-0.1204  	-0.0995  	0.74557  	0.42720  	-0.1516  	-1.0033  	0.09897  	0.26164  	-0.3174  	0.18116  	0.42059  	-0.2856  	0.28357  	0.07374  	0.47756  	-0.0328  	-0.0107  	0.37119  	0.12589  	-0.0176  	-0.3021  	-0.3911  	0.85621  	0.13090  	0.17547  	-0.2018  	0.20900  	0.07986  	-0.0664  	0.09526  	-0.1984  	-0.1029  	-0.0285  	-0.0106  	0.02250  	-0.0691  	0.00113  	-0.0061  	-0.0773  	-0.0053  	-0.0028  	-0.0198  	0.00836  	0.03022  	-0.0046  	-0.0428  	0.03425  	-0.0001  	-0.0500  	0.12569  	0.01415  	-0.0314  	0.44382  	
0.23442  	-0.1570  	-0.3140  	-1.0110  	-0.3985  	-1.2219  	0.05861  	0.38782  	0.21389  	0.32654  	0.63344  	-1.0666  	0.10023  	-1.2001  	-1.0612  	0.35298  	-0.4189  	-0.0902  	-0.0928  	0.79987  	0.34407  	-0.1669  	-1.0583  	0.09807  	0.31026  	-0.3337  	0.08681  	0.47316  	-0.2244  	0.28507  	0.09388  	0.46188  	-0.0300  	0.00159  	0.32690  	0.16448  	-0.0896  	-0.3201  	-0.3378  	0.90244  	0.15000  	0.16133  	-0.2048  	0.21113  	0.06882  	-0.0667  	0.09928  	-0.1797  	-0.1009  	-0.0366  	-0.0104  	0.02244  	-0.0713  	0.00178  	-0.0086  	-0.0794  	-0.0058  	-0.0094  	-0.0278  	0.00893  	0.03701  	-0.0046  	-0.0362  	0.02719  	-0.0001  	-0.0500  	0.12569  	0.01415  	-0.0314  	0.44382  	
0.05120  	-0.2322  	-0.4066  	-1.0393  	-0.3444  	-1.3034  	0.06071  	0.37249  	0.22665  	0.33274  	0.79040  	-1.1005  	0.07275  	-1.1990  	-1.0748  	0.30829  	-0.3843  	-0.1360  	-0.1107  	0.79805  	0.43516  	-0.2184  	-1.0446  	0.19651  	0.35569  	-0.3397  	0.18657  	0.36000  	-0.3244  	0.29384  	0.09287  	0.47358  	-0.0334  	-0.0063  	0.44550  	0.14871  	-0.0393  	-0.3270  	-0.3870  	0.86478  	0.08997  	0.16702  	-0.2305  	0.19489  	0.09442  	-0.0603  	0.10352  	-0.2059  	-0.1015  	-0.0380  	-0.0081  	0.01996  	-0.0678  	-0.0038  	-0.0042  	-0.0819  	-0.0063  	0.00891  	-0.0273  	0.00542  	0.02941  	-0.0088  	-0.0294  	0.03590  	-0.0001  	-0.0500  	0.12569  	0.01415  	-0.0314  	0.44382  	
-0.1454  	-0.3231  	-0.5221  	-1.2243  	-0.4324  	-1.4446  	0.02164  	0.37841  	0.19139  	0.32712  	0.88672  	-1.1274  	0.02288  	-1.3589  	-1.1021  	0.19955  	-0.3680  	-0.1274  	-0.0969  	0.80409  	0.52044  	-0.2208  	-1.0414  	0.19275  	0.31783  	-0.3365  	0.24805  	0.34898  	-0.3663  	0.26224  	0.07526  	0.46641  	-0.0463  	-0.0159  	0.44401  	0.14353  	0.00390  	-0.2963  	-0.3946  	0.83140  	0.08757  	0.16701  	-0.2560  	0.17730  	0.10407  	-0.0634  	0.10496  	-0.2228  	-0.1183  	-0.0252  	-0.0254  	0.02315  	-0.0635  	-0.0005  	-0.0127  	-0.0826  	-0.0048  	0.00203  	-0.0242  	0.01009  	0.02808  	-0.0154  	-0.0454  	0.03142  	-0.0001  	-0.0500  	0.12569  	0.01415  	-0.0314  	0.44382  	
-0.1831  	-0.3026  	-0.4838  	-1.3179  	-0.5132  	-1.4598  	0.03102  	0.36122  	0.19139  	0.40126  	0.90973  	-1.1343  	0.01015  	-1.3420  	-1.1890  	0.22570  	-0.3536  	-0.1343  	-0.1105  	0.77702  	0.47696  	-0.1824  	-0.9780  	0.18055  	0.26586  	-0.2980  	0.18140  	0.36030  	-0.3085  	0.24263  	0.10429  	0.46047  	-0.0554  	-0.0091  	0.37260  	0.13831  	-0.0420  	-0.3012  	-0.3797  	0.82824  	0.11242  	0.17179  	-0.2368  	0.18783  	0.09642  	-0.0654  	0.10427  	-0.2064  	-0.1170  	-0.0278  	-0.0184  	0.02384  	-0.0660  	-0.0044  	-0.0097  	-0.0845  	-0.0095  	0.00399  	-0.0279  	0.01031  	0.03519  	-0.0073  	-0.0390  	0.03369  	-0.0001  	-0.0500  	0.12569  	0.01415  	-0.0314  	0.44382  	
-0.1061  	-0.2541  	-0.4337  	-1.2432  	-0.4542  	-1.3634  	0.05563  	0.34866  	0.19601  	0.34309  	0.76558  	-1.1266  	0.04425  	-1.3246  	-1.1915  	0.25354  	-0.3642  	-0.1327  	-0.1042  	0.75352  	0.37855  	-0.1728  	-0.9400  	0.13603  	0.28578  	-0.2928  	0.17775  	0.39575  	-0.2323  	0.26348  	0.10830  	0.45314  	-0.0494  	-0.0033  	0.30177  	0.13784  	-0.0737  	-0.3223  	-0.3463  	0.84313  	0.13935  	0.17002  	-0.2004  	0.21144  	0.09246  	-0.0649  	0.09682  	-0.1924  	-0.1089  	-0.0321  	-0.0176  	0.02345  	-0.0668  	-0.0059  	-0.0132  	-0.0786  	-0.0129  	-0.0006  	-0.0243  	0.00540  	0.04080  	-0.0038  	-0.0417  	0.03070  	-0.0001  	-0.0500  	0.12569  	0.01415  	-0.0314  	0.44382  	
-0.0501  	-0.2235  	-0.3929  	-1.1064  	-0.4013  	-1.2986  	0.04553  	0.38971  	0.21763  	0.31067  	0.62405  	-1.0853  	0.06061  	-1.3273  	-1.0628  	0.29782  	-0.3513  	-0.1228  	-0.0914  	0.75369  	0.33499  	-0.1405  	-0.9215  	0.10159  	0.24281  	-0.2816  	0.15427  	0.40779  	-0.2144  	0.26407  	0.11016  	0.44976  	-0.0474  	0.00068  	0.26178  	0.11633  	-0.1025  	-0.3266  	-0.3332  	0.86495  	0.15774  	0.15901  	-0.1927  	0.21803  	0.08889  	-0.0693  	0.09794  	-0.1855  	-0.0978  	-0.0371  	-0.0165  	0.02240  	-0.0716  	-0.0048  	-0.0049  	-0.0856  	-0.0099  	-0.0002  	-0.0220  	0.00680  	0.03713  	0.00068  	-0.0358  	0.03595  	-0.0001  	-0.0500  	0.12569  	0.01415  	-0.0314  	0.44382  	
0.08402  	-0.1782  	-0.3978  	-0.9572  	-0.3421  	-1.2323  	0.01284  	0.43182  	0.20755  	0.28152  	0.60804  	-1.0050  	0.09409  	-1.2791  	-0.9822  	0.31963  	-0.3598  	-0.1247  	-0.1050  	0.78499  	0.37557  	-0.1376  	-0.9532  	0.10071  	0.20956  	-0.2934  	0.09038  	0.44228  	-0.2245  	0.27164  	0.11526  	0.45415  	-0.0346  	0.01228  	0.27846  	0.09659  	-0.1008  	-0.3196  	-0.3194  	0.86024  	0.14388  	0.15614  	-0.1870  	0.20639  	0.08024  	-0.0615  	0.09989  	-0.1915  	-0.1038  	-0.0242  	-0.0152  	0.02323  	-0.0715  	-0.0056  	-0.0108  	-0.0844  	-0.0093  	-0.0013  	-0.0231  	0.00745  	0.03311  	-0.0034  	-0.0421  	0.02964  	-0.0001  	-0.0500  	0.12569  	0.01415  	-0.0314  	0.44382  	
0.28420  	-0.1176  	-0.3061  	-0.8591  	-0.3024  	-1.1581  	0.00798  	0.49767  	0.23481  	0.23322  	0.67332  	-1.0004  	0.10275  	-1.1240  	-0.8525  	0.34671  	-0.4006  	-0.1702  	-0.1041  	0.75260  	0.54296  	-0.1605  	-0.9965  	0.14275  	0.19913  	-0.3184  	0.17464  	0.34283  	-0.3509  	0.27285  	0.10537  	0.46961  	0.00044  	-0.0008  	0.43861  	0.04993  	0.00602  	-0.3005  	-0.3926  	0.83528  	0.11800  	0.17122  	-0.2119  	0.19428  	0.08258  	-0.0576  	0.10548  	-0.2039  	-0.1159  	-0.0244  	-0.0190  	0.01976  	-0.0677  	-0.0072  	-0.0124  	-0.0749  	-0.0078  	-0.0024  	-0.0285  	0.00325  	0.03333  	0.00332  	-0.0424  	0.03082  	-0.0001  	-0.0500  	0.12569  	0.01415  	-0.0314  	0.44382  	
0.25868  	-0.1178  	-0.2984  	-0.8999  	-0.3547  	-1.1806  	-0.0074  	0.49202  	0.24804  	0.23103  	0.71370  	-0.9959  	0.09458  	-1.1084  	-0.8651  	0.35815  	-0.4028  	-0.1594  	-0.1062  	0.73777  	0.56307  	-0.1661  	-0.9922  	0.13287  	0.20572  	-0.3178  	0.16601  	0.33589  	-0.3691  	0.27098  	0.10742  	0.47125  	0.00172  	-0.0036  	0.44006  	0.04432  	0.02111  	-0.2978  	-0.4091  	0.83078  	0.11967  	0.17159  	-0.2164  	0.19107  	0.08485  	-0.0568  	0.10987  	-0.2130  	-0.1160  	-0.0220  	-0.0201  	0.01913  	-0.0667  	-0.0069  	-0.0155  	-0.0710  	-0.0104  	-0.0038  	-0.0287  	0.00325  	0.03472  	0.00632  	-0.0435  	0.03156  	-0.0001  	-0.0500  	0.12569  	0.01415  	-0.0314  	0.44382  	
0.22235  	-0.1417  	-0.3182  	-0.9464  	-0.3627  	-1.2211  	-0.0095  	0.46723  	0.24993  	0.25089  	0.70981  	-0.9848  	0.09295  	-1.1398  	-0.9173  	0.34345  	-0.3912  	-0.1544  	-0.1003  	0.73884  	0.50179  	-0.1667  	-0.9860  	0.12558  	0.22966  	-0.3138  	0.16540  	0.33800  	-0.3509  	0.27270  	0.09618  	0.46860  	-0.0082  	-0.0081  	0.42229  	0.07159  	0.01576  	-0.3044  	-0.3996  	0.83337  	0.12480  	0.16521  	-0.2161  	0.19698  	0.09072  	-0.0600  	0.11368  	-0.2073  	-0.1078  	-0.0216  	-0.0223  	0.02106  	-0.0718  	-0.0074  	-0.0123  	-0.0747  	-0.0144  	-0.0023  	-0.0322  	0.00014  	0.03326  	-0.0005  	-0.0444  	0.03157  	-0.0001  	-0.0500  	0.12569  	0.01415  	-0.0314  	0.44382  	
0.19153  	-0.1804  	-0.3425  	-0.9762  	-0.3825  	-1.2496  	0.01283  	0.42095  	0.21069  	0.25956  	0.70777  	-1.0374  	0.07608  	-1.2372  	-0.9346  	0.32629  	-0.3593  	-0.1406  	-0.1250  	0.73818  	0.46215  	-0.1614  	-0.9693  	0.14325  	0.26995  	-0.3148  	0.18668  	0.34118  	-0.3146  	0.28128  	0.07339  	0.48312  	-0.0345  	-0.0125  	0.38811  	0.08973  	-0.0042  	-0.2885  	-0.3807  	0.87163  	0.12956  	0.16698  	-0.2076  	0.19161  	0.09010  	-0.0563  	0.10856  	-0.2025  	-0.1054  	-0.0257  	-0.0193  	0.02246  	-0.0675  	-0.0057  	-0.0119  	-0.0790  	-0.0138  	-0.0002  	-0.0225  	0.00850  	0.03301  	-0.0013  	-0.0434  	0.03109  	-0.0001  	-0.0500  	0.12569  	0.01415  	-0.0314  	0.44382  	
0.12304  	-0.2145  	-0.3968  	-0.9740  	-0.3988  	-1.2834  	0.01140  	0.39954  	0.19077  	0.26042  	0.68298  	-1.0676  	0.04619  	-1.3204  	-0.9560  	0.32637  	-0.3624  	-0.1382  	-0.1169  	0.71062  	0.42859  	-0.1570  	-0.9588  	0.14375  	0.26863  	-0.3030  	0.19769  	0.35764  	-0.2796  	0.28849  	0.06278  	0.47952  	-0.0574  	-0.0103  	0.36807  	0.12131  	-0.0068  	-0.2829  	-0.3806  	0.86359  	0.12588  	0.17201  	-0.2087  	0.20398  	0.08344  	-0.0590  	0.10423  	-0.2118  	-0.1058  	-0.0353  	-0.0200  	0.02554  	-0.0665  	0.00091  	-0.0075  	-0.0847  	-0.0088  	7.69769  	-0.0149  	0.01405  	0.03438  	-0.0042  	-0.0454  	0.03072  	-0.0001  	-0.0500  	0.12569  	0.01415  	-0.0314  	0.44382  	
0.05493  	-0.2377  	-0.4379  	-1.0003  	-0.4027  	-1.2984  	0.01599  	0.38353  	0.18044  	0.27717  	0.69286  	-1.0648  	0.03247  	-1.3685  	-0.9820  	0.31623  	-0.3587  	-0.1375  	-0.1175  	0.71886  	0.40165  	-0.1544  	-0.9562  	0.12824  	0.26515  	-0.2915  	0.17893  	0.37518  	-0.2677  	0.29332  	0.07249  	0.47159  	-0.0687  	-0.0090  	0.35479  	0.13334  	-0.0228  	-0.2851  	-0.3770  	0.85215  	0.12941  	0.17279  	-0.2099  	0.20472  	0.08930  	-0.0614  	0.10517  	-0.2134  	-0.1056  	-0.0342  	-0.0195  	0.02655  	-0.0665  	0.00070  	-0.0061  	-0.0853  	-0.0085  	0.00107  	-0.0166  	0.01068  	0.03335  	-0.0069  	-0.0447  	0.03192  	-0.0001  	-0.0500  	0.12569  	0.01415  	-0.0314  	0.44382  	
0.03291  	-0.2390  	-0.4507  	-0.9984  	-0.3827  	-1.3061  	0.01650  	0.37907  	0.18077  	0.28276  	0.67448  	-1.0539  	0.03661  	-1.3673  	-0.9879  	0.30852  	-0.3559  	-0.1383  	-0.1147  	0.72294  	0.39291  	-0.1518  	-0.9617  	0.10994  	0.26409  	-0.2919  	0.16085  	0.39442  	-0.2676  	0.29417  	0.07806  	0.46341  	-0.0722  	-0.0072  	0.34742  	0.13038  	-0.0389  	-0.2945  	-0.3693  	0.85053  	0.12805  	0.16881  	-0.2100  	0.20631  	0.09164  	-0.0621  	0.10618  	-0.2102  	-0.1046  	-0.0337  	-0.0196  	0.02590  	-0.0662  	-6.1853  	-0.0064  	-0.0851  	-0.0080  	0.00211  	-0.0177  	0.00910  	0.03210  	-0.0103  	-0.0437  	0.03111  	-0.0001  	-0.0500  	0.12569  	0.01415  	-0.0314  	0.44382  	
0.01436  	-0.2384  	-0.4706  	-0.9979  	-0.3676  	-1.3119  	0.00576  	0.36859  	0.17805  	0.29644  	0.67396  	-1.0309  	0.04062  	-1.3634  	-0.9992  	0.30304  	-0.3619  	-0.1308  	-0.1148  	0.73186  	0.38742  	-0.1553  	-0.9695  	0.09831  	0.25495  	-0.2933  	0.14149  	0.41890  	-0.2612  	0.29430  	0.08659  	0.46111  	-0.0684  	-0.0037  	0.34214  	0.13102  	-0.0573  	-0.3035  	-0.3592  	0.85299  	0.12665  	0.16665  	-0.2126  	0.20848  	0.09170  	-0.0626  	0.10640  	-0.2097  	-0.1040  	-0.0307  	-0.0189  	0.02500  	-0.0648  	-0.0015  	-0.0071  	-0.0857  	-0.0079  	0.00397  	-0.0188  	0.00785  	0.03204  	-0.0102  	-0.0415  	0.03082  	-0.0001  	-0.0500  	0.12569  	0.01415  	-0.0314  	0.44382  	
0.02369  	-0.2322  	-0.4884  	-0.9821  	-0.3261  	-1.3108  	0.00203  	0.36751  	0.17526  	0.29408  	0.66481  	-1.0150  	0.04873  	-1.3357  	-0.9925  	0.29329  	-0.3708  	-0.1229  	-0.1089  	0.74571  	0.38490  	-0.1660  	-0.9913  	0.10594  	0.24686  	-0.3016  	0.13780  	0.43212  	-0.2561  	0.29439  	0.09094  	0.45294  	-0.0631  	-0.0045  	0.35522  	0.13055  	-0.0674  	-0.3166  	-0.3570  	0.86128  	0.12006  	0.16781  	-0.2165  	0.20734  	0.09138  	-0.0655  	0.10795  	-0.2107  	-0.1051  	-0.0289  	-0.0142  	0.02346  	-0.0646  	-0.0039  	-0.0092  	-0.0843  	-0.0046  	0.00516  	-0.0219  	0.00749  	0.03187  	-0.0105  	-0.0397  	0.03068  	-0.0001  	-0.0500  	0.12569  	0.01415  	-0.0314  	0.44382  	
0.07847  	-0.2032  	-0.4545  	-0.9296  	-0.2897  	-1.2842  	-0.0032  	0.39020  	0.18672  	0.27175  	0.66134  	-0.9889  	0.06069  	-1.2550  	-0.9251  	0.28163  	-0.3705  	-0.1373  	-0.1130  	0.74113  	0.42636  	-0.1740  	-1.0203  	0.12719  	0.23423  	-0.3110  	0.15478  	0.43800  	-0.2691  	0.29146  	0.08940  	0.45988  	-0.0430  	-0.0014  	0.39255  	0.11069  	-0.0605  	-0.3229  	-0.3699  	0.85688  	0.10562  	0.17085  	-0.2108  	0.19469  	0.09569  	-0.0639  	0.10669  	-0.2160  	-0.1060  	-0.0214  	-0.0122  	0.02263  	-0.0652  	-0.0030  	-0.0105  	-0.0809  	-0.0038  	0.00316  	-0.0224  	0.01072  	0.03008  	-0.0066  	-0.0402  	0.03106  	-0.0001  	-0.0500  	0.12569  	0.01415  	-0.0314  	0.44382  	
0.26139  	-0.1479  	-0.3647  	-0.8360  	-0.2791  	-1.1756  	-0.0104  	0.45276  	0.21833  	0.21245  	0.65934  	-0.9740  	0.07387  	-1.1700  	-0.8270  	0.29343  	-0.3738  	-0.1902  	-0.1202  	0.73333  	0.52160  	-0.1620  	-1.0152  	0.19215  	0.23250  	-0.3212  	0.20543  	0.33920  	-0.3400  	0.29413  	0.06704  	0.48200  	-0.0242  	-0.0150  	0.46068  	0.05449  	0.00619  	-0.3115  	-0.3973  	0.85081  	0.07442  	0.17496  	-0.2373  	0.19170  	0.08974  	-0.0577  	0.10295  	-0.2128  	-0.1096  	-0.0217  	-0.0113  	0.01980  	-0.0717  	-0.0093  	-0.0108  	-0.0752  	-0.0043  	-0.0019  	-0.0262  	0.00883  	0.03301  	-0.0088  	-0.0490  	0.03210  	-0.0001  	-0.0500  	0.12569  	0.01415  	-0.0314  	0.44382  	
0.24842  	-0.2154  	-0.3978  	-0.8404  	-0.2675  	-1.2196  	0.07115  	0.36991  	0.18606  	0.35328  	0.64875  	-0.9993  	0.08073  	-1.2987  	-1.0361  	0.39556  	-0.4047  	-0.0878  	-0.1361  	0.79209  	0.31970  	-0.1978  	-1.1170  	0.11257  	0.30411  	-0.3291  	0.14713  	0.49485  	-0.2542  	0.31279  	0.06728  	0.48999  	-0.0577  	-0.0116  	0.38412  	0.17840  	-0.1057  	-0.3347  	-0.3614  	0.90019  	0.09325  	0.17210  	-0.2192  	0.19527  	0.08703  	-0.0644  	0.09909  	-0.1973  	-0.0979  	-0.0304  	-0.0005  	0.01862  	-0.0690  	-0.0066  	-0.0056  	-0.0797  	0.00633  	0.00370  	-0.0208  	0.00529  	0.02382  	-0.0101  	-0.0383  	0.03615  	-0.0001  	-0.0500  	0.12569  	0.01415  	-0.0314  	0.44382  	
0.20884  	-0.2483  	-0.3606  	-0.9078  	-0.3193  	-1.2256  	0.08823  	0.37907  	0.18978  	0.35151  	0.72946  	-1.0352  	0.08145  	-1.3140  	-1.1532  	0.43851  	-0.4063  	-0.0384  	-0.1380  	0.83671  	0.28534  	-0.2026  	-1.1470  	0.14705  	0.32829  	-0.3223  	0.13433  	0.51307  	-0.2422  	0.28905  	0.07019  	0.48481  	-0.0373  	-0.0155  	0.37491  	0.18742  	-0.1078  	-0.3338  	-0.3568  	0.87751  	0.12322  	0.17236  	-0.2015  	0.20766  	0.08656  	-0.0653  	0.10347  	-0.1830  	-0.0903  	-0.0325  	0.00559  	0.02060  	-0.0629  	-0.0061  	-0.0005  	-0.0807  	0.00331  	0.00485  	-0.0199  	0.01378  	0.02804  	-0.0131  	-0.0335  	0.03658  	-0.0001  	-0.0500  	0.12569  	0.01415  	-0.0314  	0.44382  	
0.08427  	-0.2805  	-0.4360  	-1.0283  	-0.4275  	-1.2829  	0.03887  	0.37912  	0.16860  	0.29713  	0.83929  	-1.1207  	0.04909  	-1.4199  	-1.1717  	0.42670  	-0.4093  	-0.1100  	-0.0650  	0.79122  	0.38128  	-0.1924  	-1.1085  	0.23237  	0.38576  	-0.3357  	0.24490  	0.40675  	-0.3694  	0.28806  	0.05852  	0.50747  	-0.0749  	-0.0198  	0.45921  	0.23474  	0.00572  	-0.3230  	-0.3941  	0.86209  	0.07286  	0.16977  	-0.2384  	0.20618  	0.10210  	-0.0717  	0.09594  	-0.2080  	-0.0914  	-0.0233  	0.00148  	0.02136  	-0.0623  	-0.0051  	-0.0077  	-0.0778  	-0.0081  	0.00715  	-0.0200  	0.01006  	0.02488  	-0.0127  	-0.0376  	0.03052  	-0.0001  	-0.0500  	0.12569  	0.01415  	-0.0314  	0.44382  	
0.28835  	-0.2264  	-0.3739  	-0.7767  	-0.2487  	-1.1587  	0.01578  	0.43135  	0.17958  	0.22259  	0.68909  	-0.9897  	0.05579  	-1.2303  	-0.8338  	0.40538  	-0.3802  	-0.2058  	-0.0967  	0.74760  	0.53918  	-0.2064  	-1.1005  	0.31916  	0.30065  	-0.3456  	0.31552  	0.29110  	-0.3797  	0.34644  	0.05274  	0.51911  	-0.0690  	-0.0230  	0.51497  	0.10108  	0.05426  	-0.3192  	-0.4052  	0.85340  	0.02736  	0.18955  	-0.2563  	0.18428  	0.09693  	-0.0684  	0.08513  	-0.2259  	-0.1052  	-0.0276  	-0.0038  	0.01892  	-0.0708  	-0.0075  	-0.0166  	-0.0687  	0.00173  	0.00012  	-0.0276  	0.00941  	0.03239  	-0.0032  	-0.0390  	0.03331  	-0.0001  	-0.0500  	0.12569  	0.01415  	-0.0314  	0.44382  	
0.50723  	-0.0315  	-0.2467  	-0.5119  	-0.1072  	-0.9064  	0.02778  	0.60820  	0.22976  	0.22399  	0.39174  	-0.9911  	0.22634  	-0.8495  	-0.5538  	0.40443  	-0.3777  	-0.2564  	-0.0868  	0.69669  	0.54439  	-0.0792  	-1.0551  	0.25040  	0.43668  	-0.3356  	0.40348  	0.17673  	-0.3709  	0.39405  	0.02092  	0.49065  	-0.0332  	-0.0074  	0.52666  	0.05907  	0.00028  	-0.3023  	-0.3543  	0.88125  	-0.0407  	0.20338  	-0.2149  	0.20467  	0.07821  	-0.0589  	0.09066  	-0.1690  	-0.0904  	-0.0275  	-0.0129  	0.02019  	-0.0708  	0.00417  	-0.0115  	-0.0631  	-0.0168  	-0.0051  	-0.0257  	0.00953  	0.02272  	-0.0104  	-0.0557  	0.02568  	-0.0001  	-0.0500  	0.12569  	0.01415  	-0.0314  	0.44382  	
0.28757  	-0.1138  	-0.3395  	-0.6468  	-0.1506  	-1.1479  	0.06112  	0.46841  	0.22357  	0.25599  	0.52999  	-0.9637  	0.14117  	-1.0438  	-0.7382  	0.33907  	-0.3580  	-0.1666  	-0.0969  	0.70769  	0.52673  	-0.1443  	-1.0464  	0.21408  	0.36491  	-0.3543  	0.30833  	0.31490  	-0.3015  	0.35145  	0.04824  	0.45471  	-0.0329  	-0.0104  	0.45997  	0.05838  	-0.0291  	-0.3387  	-0.3570  	0.89779  	0.03474  	0.19268  	-0.2405  	0.18491  	0.08640  	-0.0546  	0.09104  	-0.1971  	-0.1069  	-0.0308  	-0.0146  	0.02263  	-0.0705  	0.00186  	-0.0125  	-0.0760  	-0.0047  	0.00013  	-0.0236  	0.01041  	0.03283  	-0.0073  	-0.0443  	0.02695  	-0.0001  	-0.0500  	0.12569  	0.01415  	-0.0314  	0.44382  	
0.00757  	-0.2561  	-0.4300  	-1.1363  	-0.3961  	-1.2225  	0.01841  	0.36731  	0.18792  	0.30141  	0.71780  	-1.0812  	0.02130  	-1.3812  	-1.1144  	0.27068  	-0.3777  	-0.0969  	-0.0674  	0.77314  	0.40665  	-0.1737  	-0.9801  	0.16286  	0.28973  	-0.3044  	0.19301  	0.39560  	-0.2815  	0.28832  	0.09595  	0.46331  	-0.0693  	-0.0075  	0.33806  	0.13155  	-0.0703  	-0.3276  	-0.3496  	0.87605  	0.08343  	0.16814  	-0.2163  	0.19998  	0.09372  	-0.0625  	0.09890  	-0.2065  	-0.1148  	-0.0288  	-0.0164  	0.02172  	-0.0685  	-0.0034  	-0.0089  	-0.0815  	0.00072  	0.00260  	-0.0229  	0.00797  	0.03092  	-0.0231  	-0.0434  	0.02634  	-0.0001  	-0.0500  	0.12569  	0.01415  	-0.0314  	0.44382  	
-0.0016  	-0.2662  	-0.4699  	-1.0413  	-0.3536  	-1.1952  	0.06102  	0.32281  	0.16843  	0.30200  	0.62851  	-1.0566  	0.03070  	-1.3483  	-1.1433  	0.28928  	-0.3772  	-0.0432  	-0.0900  	0.80309  	0.28674  	-0.1841  	-1.0407  	0.11992  	0.33056  	-0.3247  	0.14842  	0.49213  	-0.1521  	0.32225  	0.09372  	0.43900  	-0.0738  	-0.0077  	0.26456  	0.17802  	-0.1264  	-0.3372  	-0.2993  	0.88415  	0.12121  	0.17981  	-0.2036  	0.21711  	0.09285  	-0.0673  	0.10097  	-0.1901  	-0.1106  	-0.0261  	-0.0183  	0.02459  	-0.0733  	-0.0014  	-0.0038  	-0.0814  	0.00053  	0.00129  	-0.0222  	0.00642  	0.03492  	-0.0135  	-0.0431  	0.03202  	-0.0001  	-0.0500  	0.12569  	0.01415  	-0.0314  	0.44382  	
-0.1482  	-0.2765  	-0.5186  	-1.0355  	-0.3359  	-1.3844  	0.08769  	0.34951  	0.18205  	0.36605  	0.69253  	-1.0192  	0.10265  	-1.2534  	-1.1061  	0.23258  	-0.4028  	-0.0389  	-0.1398  	0.81909  	0.27360  	-0.1652  	-1.0810  	0.13711  	0.30127  	-0.3255  	0.11648  	0.47613  	-0.1889  	0.31982  	0.10452  	0.42303  	-0.0249  	0.00704  	0.32022  	0.16352  	-0.1645  	-0.3560  	-0.3028  	0.88210  	0.08279  	0.20104  	-0.2167  	0.18036  	0.08886  	-0.0661  	0.09534  	-0.1817  	-0.1039  	-0.0211  	-0.0104  	0.02026  	-0.0755  	-0.0059  	-0.0102  	-0.0829  	-0.0057  	0.00186  	-0.0294  	0.00329  	0.03385  	-0.0080  	-0.0366  	0.03511  	-0.0001  	-0.0500  	0.12569  	0.01415  	-0.0314  	0.44382  	
-0.2076  	-0.3422  	-0.6245  	-1.0526  	-0.2786  	-1.4472  	0.05488  	0.36874  	0.15602  	0.31996  	0.83771  	-1.0276  	0.06989  	-1.2637  	-1.0890  	0.25197  	-0.3953  	-0.1070  	-0.1107  	0.82000  	0.41825  	-0.2048  	-1.0852  	0.23020  	0.30677  	-0.3122  	0.19998  	0.41261  	-0.3054  	0.29519  	0.07967  	0.43701  	-0.0365  	-0.0017  	0.44345  	0.14367  	-0.0851  	-0.3607  	-0.3654  	0.87022  	0.02110  	0.19982  	-0.2818  	0.16450  	0.11034  	-0.0641  	0.09749  	-0.2148  	-0.1022  	-0.0099  	0.00019  	0.01907  	-0.0699  	-0.0031  	-0.0106  	-0.0713  	-0.0077  	-0.0019  	-0.0242  	0.00899  	0.03198  	-0.0089  	-0.0460  	0.02828  	-0.0001  	-0.0500  	0.12569  	0.01415  	-0.0314  	0.44382  	
0.00252  	-0.2247  	-0.4698  	-1.0222  	-0.3312  	-1.3352  	0.00664  	0.45839  	0.20173  	0.27031  	0.77644  	-0.9576  	0.10417  	-1.1686  	-0.8929  	0.23961  	-0.3772  	-0.1723  	-0.0854  	0.79009  	0.53969  	-0.1934  	-0.9939  	0.20086  	0.25025  	-0.3026  	0.23426  	0.31175  	-0.3959  	0.30553  	0.10353  	0.44756  	-0.0259  	-0.0234  	0.45321  	0.09648  	-0.0091  	-0.3407  	-0.3673  	0.86074  	0.03993  	0.17821  	-0.2726  	0.18001  	0.09950  	-0.0633  	0.09757  	-0.2118  	-0.1093  	-0.0286  	-0.0084  	0.02162  	-0.0742  	-0.0009  	-0.0146  	-0.0731  	-0.0083  	-0.0007  	-0.0221  	0.01671  	0.03341  	-0.0043  	-0.0466  	0.03214  	-0.0001  	-0.0500  	0.12569  	0.01415  	-0.0314  	0.44382  	
0.23581  	-0.1405  	-0.2810  	-0.9214  	-0.3786  	-1.1145  	0.00853  	0.52361  	0.23800  	0.26359  	0.60748  	-1.0166  	0.13471  	-1.0959  	-0.9346  	0.31399  	-0.3772  	-0.1558  	-0.0931  	0.75023  	0.51083  	-0.1504  	-0.9542  	0.18753  	0.29925  	-0.3252  	0.19478  	0.33014  	-0.3024  	0.30928  	0.09416  	0.44459  	-0.0292  	-0.0084  	0.37832  	0.06901  	-0.0441  	-0.3219  	-0.3546  	0.86988  	0.09221  	0.15036  	-0.2026  	0.20202  	0.07621  	-0.0689  	0.10334  	-0.1893  	-0.1017  	-0.0247  	-0.0043  	0.01903  	-0.0698  	-0.0062  	-0.0153  	-0.0725  	-0.0011  	-0.0025  	-0.0167  	0.00765  	0.02840  	-0.0098  	-0.0534  	0.03407  	-0.0001  	-0.0500  	0.12569  	0.01415  	-0.0314  	0.44382  	
0.39160  	-0.1179  	-0.2138  	-0.8190  	-0.2911  	-1.0567  	0.02260  	0.52603  	0.24077  	0.24777  	0.60200  	-1.0299  	0.12674  	-1.1908  	-0.9460  	0.41459  	-0.3914  	-0.1529  	-0.0755  	0.77910  	0.52760  	-0.1586  	-1.0577  	0.15497  	0.30067  	-0.3630  	0.19154  	0.32259  	-0.3300  	0.29650  	0.03187  	0.49598  	-0.0081  	-0.0130  	0.41452  	0.08328  	0.00597  	-0.2816  	-0.3639  	0.87361  	0.16424  	0.14766  	-0.1832  	0.21508  	0.08872  	-0.0639  	0.08974  	-0.1849  	-0.0890  	-0.0422  	-0.0126  	0.02230  	-0.0706  	-0.0044  	-0.0091  	-0.0654  	-0.0061  	-0.0015  	-0.0259  	0.00699  	0.03469  	-0.0150  	-0.0477  	0.02589  	-0.0001  	-0.0500  	0.12569  	0.01415  	-0.0314  	0.44382  	
0.13957  	-0.2001  	-0.3647  	-1.0199  	-0.3851  	-1.1515  	-0.0025  	0.37661  	0.19570  	0.28533  	0.70189  	-1.0849  	0.02493  	-1.3075  	-1.1105  	0.34357  	-0.3734  	-0.1376  	-0.0594  	0.73154  	0.48559  	-0.1958  	-1.0183  	0.17790  	0.33277  	-0.3342  	0.27379  	0.34205  	-0.3162  	0.30062  	0.06730  	0.49489  	-0.0551  	-0.0086  	0.42248  	0.15693  	0.00254  	-0.3124  	-0.3833  	0.88859  	0.10438  	0.16960  	-0.2118  	0.20878  	0.09151  	-0.0657  	0.09170  	-0.2086  	-0.1149  	-0.0338  	-0.0006  	0.02101  	-0.0724  	-0.0042  	-0.0090  	-0.0709  	0.00034  	-8.2387  	-0.0230  	0.00669  	0.03098  	-0.0086  	-0.0401  	0.03162  	-0.0001  	-0.0500  	0.12569  	0.01415  	-0.0314  	0.44382  	
0.20027  	-0.2136  	-0.3910  	-0.8492  	-0.2830  	-1.1096  	-0.0159  	0.41481  	0.19546  	0.21352  	0.66724  	-1.0289  	0.05448  	-1.2536  	-0.7840  	0.32118  	-0.3701  	-0.2423  	-0.0850  	0.69591  	0.59614  	-0.1487  	-0.9741  	0.31204  	0.28792  	-0.3373  	0.39491  	0.18553  	-0.4805  	0.29538  	0.06444  	0.52910  	-0.0454  	-0.0348  	0.52214  	0.06812  	0.06816  	-0.2988  	-0.4572  	0.89931  	0.04450  	0.18630  	-0.2638  	0.19663  	0.09139  	-0.0537  	0.10038  	-0.2101  	-0.1098  	-0.0329  	-0.0204  	0.02223  	-0.0728  	0.00114  	-0.0171  	-0.0732  	-0.0128  	-0.0027  	-0.0242  	0.00873  	0.03404  	-0.0145  	-0.0497  	0.02144  	-0.0001  	-0.0500  	0.12569  	0.01415  	-0.0314  	0.44382  	
0.58903  	-0.0979  	-0.1425  	-0.7014  	-0.2972  	-0.9819  	0.07826  	0.57190  	0.25060  	0.23209  	0.39929  	-1.0430  	0.22808  	-0.8671  	-0.5685  	0.27949  	-0.3456  	-0.1981  	-0.1307  	0.64902  	0.56000  	-0.1095  	-0.9830  	0.21937  	0.32447  	-0.3593  	0.32504  	0.22219  	-0.3567  	0.29596  	0.07933  	0.50524  	-0.0300  	-0.0221  	0.47866  	0.04229  	0.03926  	-0.3132  	-0.3522  	0.88561  	0.05274  	0.16851  	-0.2011  	0.20807  	0.08017  	-0.0560  	0.09215  	-0.1761  	-0.0888  	-0.0185  	-0.0072  	0.02249  	-0.0704  	-0.0058  	-0.0101  	-0.0604  	-0.0174  	-0.0104  	-0.0243  	0.01231  	0.03828  	0.00609  	-0.0439  	0.02523  	-0.0001  	-0.0500  	0.12569  	0.01415  	-0.0314  	0.44382  	
0.51656  	-0.1190  	-0.2841  	-0.6809  	-0.2016  	-1.1175  	0.12614  	0.44012  	0.24990  	0.31035  	0.43016  	-1.0851  	0.20103  	-1.0459  	-0.8457  	0.34966  	-0.4208  	-0.1001  	-0.1396  	0.86574  	0.36447  	-0.1488  	-1.1757  	0.17073  	0.41564  	-0.3666  	0.20704  	0.41745  	-0.2268  	0.34732  	0.02945  	0.47262  	-0.0361  	0.00964  	0.44268  	0.16692  	-0.1156  	-0.3400  	-0.3122  	0.93893  	0.02777  	0.19520  	-0.2214  	0.19008  	0.08116  	-0.0686  	0.08622  	-0.1794  	-0.0859  	-0.0193  	0.01033  	0.02694  	-0.0732  	0.00444  	-0.0104  	-0.0670  	-0.0012  	-0.0037  	-0.0241  	0.00897  	0.02774  	-0.0052  	-0.0368  	0.02276  	-0.0001  	-0.0500  	0.12569  	0.01415  	-0.0314  	0.44382  	
0.46716  	-0.0933  	-0.3603  	-0.3814  	-0.0273  	-1.0724  	0.06551  	0.48380  	0.21079  	0.23047  	0.43566  	-0.9965  	0.22106  	-0.9169  	-0.6215  	0.33333  	-0.4342  	-0.2240  	-0.1471  	0.81341  	0.41877  	-0.0605  	-1.2177  	0.22427  	0.50568  	-0.3963  	0.35634  	0.42118  	-0.1939  	0.43595  	0.00691  	0.48485  	-0.0642  	0.01643  	0.52493  	0.12530  	-0.0579  	-0.3543  	-0.3307  	0.90307  	-0.0150  	0.20201  	-0.2478  	0.18024  	0.09411  	-0.0655  	0.08301  	-0.1682  	-0.0835  	-0.0377  	0.00433  	0.02042  	-0.0736  	-0.0080  	-0.0111  	-0.0666  	0.00096  	0.00599  	-0.0173  	0.00522  	0.02588  	-0.0169  	-0.0408  	0.02629  	-0.0001  	-0.0500  	0.12569  	0.01415  	-0.0314  	0.44382  	
0.38689  	-0.1097  	-0.5018  	-0.1601  	0.16483  	-1.0933  	0.11001  	0.51449  	0.22405  	0.17989  	0.34723  	-0.9049  	0.26672  	-0.7606  	-0.5012  	0.32481  	-0.4612  	-0.1815  	-0.1663  	0.87429  	0.31262  	-0.1056  	-1.3355  	0.16017  	0.55790  	-0.3859  	0.27096  	0.59228  	-0.0517  	0.48742  	-0.0079  	0.42517  	-0.0448  	0.02907  	0.53778  	0.14311  	-0.1980  	-0.4038  	-0.2959  	0.94137  	-0.0682  	0.20855  	-0.2933  	0.15038  	0.10758  	-0.0625  	0.08805  	-0.1816  	-0.0865  	-0.0376  	0.00872  	0.01198  	-0.0735  	-0.0107  	-0.0140  	-0.0639  	0.00816  	-0.0001  	-0.0187  	0.00806  	0.02961  	-0.0204  	-0.0448  	0.02579  	-0.0001  	-0.0500  	0.12569  	0.01415  	-0.0314  	0.44382  	
0.38686  	-0.1067  	-0.5334  	-0.1495  	0.20115  	-1.1319  	0.11125  	0.50783  	0.21470  	0.16709  	0.31572  	-0.9171  	0.27962  	-0.7250  	-0.4072  	0.27411  	-0.4557  	-0.2129  	-0.1707  	0.84675  	0.24913  	-0.0865  	-1.3247  	0.19721  	0.53261  	-0.3673  	0.29866  	0.56902  	-0.0741  	0.49669  	-0.0165  	0.42800  	-0.0104  	0.03894  	0.57135  	0.13501  	-0.1965  	-0.4013  	-0.2886  	0.96600  	-0.1122  	0.23139  	-0.3054  	0.16560  	0.10988  	-0.0614  	0.09912  	-0.1909  	-0.0950  	-0.0408  	0.01070  	0.01424  	-0.0735  	-0.0083  	-0.0099  	-0.0680  	0.00414  	0.00276  	-0.0146  	0.00964  	0.03386  	-0.0197  	-0.0493  	0.02030  	-0.0001  	-0.0500  	0.12569  	0.01415  	-0.0314  	0.44382  	
0.63440  	-0.0455  	-0.3160  	-0.2655  	0.02897  	-0.9088  	0.07745  	0.54466  	0.21762  	0.19205  	0.14468  	-1.0864  	0.36604  	-0.6723  	-0.3195  	0.20153  	-0.3853  	-0.2428  	-0.1253  	0.67016  	0.36662  	-0.0515  	-1.1076  	0.21131  	0.45022  	-0.4026  	0.36373  	0.35422  	-0.1391  	0.45283  	0.02001  	0.46502  	-0.0344  	0.00993  	0.47069  	0.06605  	-0.1319  	-0.3779  	-0.2958  	0.95267  	-0.0268  	0.19486  	-0.2317  	0.20911  	0.09086  	-0.0690  	0.09625  	-0.1613  	-0.0672  	-0.0437  	-0.0103  	0.01731  	-0.0724  	-0.0089  	-0.0109  	-0.0608  	-0.0028  	-0.0139  	-0.0306  	0.01488  	0.03756  	-0.0176  	-0.0584  	0.02089  	-0.0001  	-0.0500  	0.12569  	0.01415  	-0.0314  	0.44382  	
0.60109  	-0.0687  	-0.3181  	-0.4296  	-0.0465  	-1.0921  	0.08491  	0.52364  	0.22461  	0.26066  	0.22581  	-1.1358  	0.33372  	-0.6987  	-0.4424  	0.13978  	-0.4176  	-0.2291  	-0.1062  	0.66590  	0.35657  	-0.0072  	-1.0675  	0.18135  	0.44130  	-0.3809  	0.39383  	0.22977  	-0.2295  	0.44777  	0.07835  	0.47331  	-0.0285  	0.01733  	0.47047  	0.05894  	-0.0831  	-0.3653  	-0.3374  	0.93550  	-0.0160  	0.18344  	-0.2330  	0.21341  	0.08895  	-0.0745  	0.09875  	-0.1635  	-0.0753  	-0.0388  	-0.0111  	0.01809  	-0.0756  	-0.0019  	-0.0167  	-0.0703  	-0.0158  	-0.0032  	-0.0265  	0.01361  	0.03277  	-0.0013  	-0.0561  	0.02039  	-0.0001  	-0.0500  	0.12569  	0.01415  	-0.0314  	0.44382  	
0.16855  	-0.1987  	-0.4044  	-0.7206  	-0.1754  	-1.2766  	0.07410  	0.44805  	0.21536  	0.26159  	0.54493  	-1.0221  	0.16136  	-0.9717  	-0.7084  	0.28364  	-0.4022  	-0.1937  	-0.1151  	0.74771  	0.56430  	-0.1417  	-1.1066  	0.29133  	0.29998  	-0.3562  	0.33417  	0.26018  	-0.3470  	0.30235  	0.06988  	0.46557  	-0.0556  	0.00185  	0.53801  	0.07903  	-0.0083  	-0.3308  	-0.4280  	0.90374  	0.00689  	0.19417  	-0.2570  	0.18714  	0.08815  	-0.0605  	0.09955  	-0.2088  	-0.0906  	-0.0311  	-0.0043  	0.01490  	-0.0807  	-0.0042  	-0.0030  	-0.0705  	-0.0040  	-0.0003  	-0.0163  	0.01644  	0.03747  	-0.0106  	-0.0503  	0.02710  	-0.0001  	-0.0500  	0.12569  	0.01415  	-0.0314  	0.44382  	
0.15809  	-0.2208  	-0.3116  	-0.9707  	-0.3063  	-1.1654  	0.05534  	0.38842  	0.21315  	0.28381  	0.64552  	-1.0711  	0.06357  	-1.2970  	-0.9957  	0.39697  	-0.3824  	-0.1285  	-0.0663  	0.77164  	0.48413  	-0.1702  	-1.0579  	0.20733  	0.28911  	-0.3364  	0.25324  	0.30939  	-0.3552  	0.30956  	0.08215  	0.50215  	-0.0337  	0.00035  	0.44146  	0.13546  	0.00856  	-0.3045  	-0.4031  	0.89048  	0.05569  	0.17197  	-0.2242  	0.20651  	0.09244  	-0.0684  	0.09372  	-0.2108  	-0.1104  	-0.0310  	-0.0148  	0.01909  	-0.0738  	-0.0001  	-0.0087  	-0.0685  	-0.0128  	-0.0050  	-0.0180  	0.01987  	0.02699  	0.00150  	-0.0459  	0.02808  	-0.0001  	-0.0500  	0.12569  	0.01415  	-0.0314  	0.44382  	
0.28258  	-0.2501  	-0.2959  	-0.7940  	-0.2508  	-1.1627  	0.01045  	0.32979  	0.16042  	0.35086  	0.67533  	-1.0057  	0.03627  	-1.4348  	-1.1560  	0.50509  	-0.3905  	-0.1245  	-0.0733  	0.74603  	0.36715  	-0.1827  	-1.0740  	0.22158  	0.35721  	-0.3550  	0.26443  	0.35545  	-0.3540  	0.34598  	0.04567  	0.50473  	-0.1012  	-0.0372  	0.42731  	0.20895  	0.00164  	-0.3318  	-0.3991  	0.88113  	0.06578  	0.17134  	-0.2385  	0.20196  	0.08869  	-0.0564  	0.09582  	-0.2025  	-0.0997  	-0.0302  	0.00281  	0.02355  	-0.0633  	-0.0101  	-0.0063  	-0.0767  	0.00327  	0.00324  	-0.0240  	0.00906  	0.02675  	-0.0304  	-0.0338  	0.02686  	-0.0001  	-0.0500  	0.12569  	0.01415  	-0.0314  	0.44382  	
0.25493  	-0.2559  	-0.3033  	-0.8301  	-0.2172  	-1.1785  	0.05838  	0.36461  	0.16707  	0.38436  	0.68314  	-1.0410  	0.06086  	-1.4101  	-1.1590  	0.55936  	-0.4288  	-0.1176  	-0.0713  	0.75084  	0.32555  	-0.1595  	-1.1332  	0.19322  	0.45851  	-0.3590  	0.30706  	0.43406  	-0.3018  	0.36007  	0.03842  	0.53062  	-0.0944  	-0.0276  	0.41589  	0.26513  	-0.0414  	-0.3088  	-0.3700  	0.88605  	0.04750  	0.19499  	-0.2242  	0.21711  	0.09129  	-0.0615  	0.09492  	-0.1820  	-0.0956  	-0.0346  	0.00619  	0.02339  	-0.0622  	-0.0041  	-0.0020  	-0.0770  	-0.0013  	0.00189  	-0.0220  	0.01202  	0.03164  	-0.0340  	-0.0323  	0.02883  	-0.0001  	-0.0500  	0.12569  	0.01415  	-0.0314  	0.44382  	
0.14255  	-0.2281  	-0.4035  	-0.8634  	-0.2942  	-1.1644  	0.03740  	0.31041  	0.14519  	0.28049  	0.61532  	-1.0848  	-0.0019  	-1.4180  	-1.1158  	0.43579  	-0.3537  	-0.1434  	-0.0728  	0.74081  	0.34214  	-0.2084  	-1.0941  	0.21990  	0.46388  	-0.3528  	0.33195  	0.42990  	-0.2883  	0.37391  	0.02193  	0.55085  	-0.1096  	-0.0253  	0.39506  	0.25889  	-0.0365  	-0.3110  	-0.3642  	0.88171  	0.06176  	0.16860  	-0.2340  	0.22370  	0.08805  	-0.0626  	0.08637  	-0.1978  	-0.1018  	-0.0375  	-0.0019  	0.02430  	-0.0668  	-0.0023  	-0.0049  	-0.0789  	-0.0013  	0.00554  	-0.0222  	0.00665  	0.02516  	-0.0344  	-0.0344  	0.02901  	-0.0001  	-0.0500  	0.12569  	0.01415  	-0.0314  	0.44382  	
0.15430  	-0.2220  	-0.4495  	-0.6408  	-0.1789  	-1.1250  	0.02544  	0.37094  	0.12716  	0.22898  	0.47989  	-1.0349  	0.06610  	-1.2401  	-0.8713  	0.33200  	-0.3694  	-0.1498  	-0.0810  	0.78066  	0.36506  	-0.1637  	-1.1080  	0.22000  	0.45932  	-0.3604  	0.30818  	0.46839  	-0.2270  	0.38607  	0.02705  	0.49523  	-0.1053  	-0.0149  	0.40335  	0.20648  	-0.0734  	-0.3305  	-0.3598  	0.87345  	0.01334  	0.19360  	-0.2504  	0.19315  	0.10445  	-0.0665  	0.08254  	-0.2015  	-0.0987  	-0.0418  	-3.1463  	0.01678  	-0.0670  	-0.0062  	-0.0039  	-0.0768  	0.00930  	0.00675  	-0.0065  	0.01217  	0.02144  	-0.0150  	-0.0385  	0.03062  	-0.0001  	-0.0500  	0.12569  	0.01415  	-0.0314  	0.44382  	
0.36826  	-0.1426  	-0.3175  	-0.4923  	-0.0568  	-1.0113  	0.02576  	0.47724  	0.20648  	0.19906  	0.43004  	-0.9289  	0.16941  	-1.0504  	-0.6765  	0.38978  	-0.4029  	-0.1899  	-0.1290  	0.79005  	0.38489  	-0.1262  	-1.1186  	0.22243  	0.39522  	-0.3568  	0.30336  	0.43315  	-0.2352  	0.39192  	0.03884  	0.46759  	-0.0470  	0.00832  	0.49277  	0.12295  	-0.1054  	-0.3487  	-0.3509  	0.90367  	-0.0066  	0.19069  	-0.2372  	0.19286  	0.09412  	-0.0631  	0.08357  	-0.1900  	-0.0933  	-0.0361  	0.00651  	0.01972  	-0.0740  	-0.0109  	-0.0148  	-0.0706  	0.00506  	0.00223  	-0.0161  	0.01277  	0.02483  	-0.0149  	-0.0444  	0.02742  	-0.0001  	-0.0500  	0.12569  	0.01415  	-0.0314  	0.44382  	
0.47274  	-0.0907  	-0.3281  	-0.2732  	0.00877  	-0.9855  	0.05936  	0.49126  	0.22903  	0.18021  	0.30514  	-0.9264  	0.22805  	-0.9169  	-0.5276  	0.36934  	-0.4234  	-0.1466  	-0.1321  	0.85730  	0.34078  	-0.0987  	-1.2173  	0.18301  	0.44643  	-0.3569  	0.23497  	0.56988  	-0.1252  	0.42261  	0.04445  	0.46945  	-0.0196  	0.03770  	0.44530  	0.11860  	-0.1631  	-0.3748  	-0.2870  	0.92795  	-0.0097  	0.19234  	-0.2434  	0.18017  	0.09351  	-0.0682  	0.08280  	-0.1726  	-0.0907  	-0.0382  	0.00349  	0.01919  	-0.0737  	-0.0087  	-0.0130  	-0.0698  	-0.0040  	0.00358  	-0.0199  	0.00755  	0.02672  	-0.0103  	-0.0409  	0.02642  	-0.0001  	-0.0500  	0.12569  	0.01415  	-0.0314  	0.44382  	
0.46416  	-0.0938  	-0.4367  	-0.1726  	0.08793  	-0.9720  	0.08167  	0.49974  	0.21083  	0.14403  	0.21618  	-0.9736  	0.26852  	-0.8166  	-0.3551  	0.29753  	-0.3883  	-0.2095  	-0.1357  	0.77318  	0.37122  	-0.0867  	-1.1755  	0.15988  	0.53047  	-0.3624  	0.31422  	0.50514  	-0.0852  	0.48489  	-0.0011  	0.45746  	-0.0690  	0.03161  	0.50923  	0.08708  	-0.1582  	-0.3781  	-0.2812  	0.92447  	-0.0567  	0.20429  	-0.2579  	0.17550  	0.10190  	-0.0614  	0.08675  	-0.1870  	-0.0901  	-0.0433  	0.00357  	0.01380  	-0.0694  	-0.0120  	-0.0073  	-0.0587  	0.00444  	0.00125  	-0.0137  	0.00977  	0.02752  	-0.0091  	-0.0464  	0.01985  	-0.0001  	-0.0500  	0.12569  	0.01415  	-0.0314  	0.44382  	
0.50047  	-0.1078  	-0.3818  	-0.2127  	0.07273  	-0.9266  	0.06265  	0.50823  	0.21886  	0.12884  	0.16223  	-1.0052  	0.27209  	-0.8152  	-0.3269  	0.23662  	-0.4089  	-0.2416  	-0.1489  	0.72695  	0.34753  	-0.0230  	-1.1507  	0.22895  	0.46790  	-0.3607  	0.32485  	0.48235  	-0.1002  	0.45342  	-0.0231  	0.45209  	-0.0359  	0.02556  	0.52453  	0.08797  	-0.1604  	-0.3845  	-0.2905  	0.93289  	-0.0617  	0.22873  	-0.2709  	0.20072  	0.09808  	-0.0668  	0.09410  	-0.1951  	-0.0814  	-0.0391  	0.00667  	0.01404  	-0.0741  	-0.0177  	-0.0111  	-0.0669  	-0.0020  	-0.0008  	-0.0149  	0.00192  	0.02930  	-0.0046  	-0.0445  	0.02983  	-0.0001  	-0.0500  	0.12569  	0.01415  	-0.0314  	0.44382  	
0.49020  	-0.0997  	-0.3278  	-0.3604  	-0.0627  	-0.9583  	0.06348  	0.47970  	0.25344  	0.20394  	0.20746  	-1.0446  	0.27143  	-0.9250  	-0.5236  	0.38120  	-0.4014  	-0.1174  	-0.1157  	0.73032  	0.34241  	-0.0774  	-1.1100  	0.13154  	0.40897  	-0.3530  	0.21112  	0.42241  	-0.1285  	0.42931  	0.03768  	0.44752  	-0.0350  	0.02835  	0.43400  	0.10877  	-0.1638  	-0.3691  	-0.2769  	0.93899  	0.02291  	0.17537  	-0.2192  	0.18998  	0.08737  	-0.0574  	0.08889  	-0.1736  	-0.0838  	-0.0307  	0.00635  	0.02008  	-0.0717  	-0.0072  	-0.0045  	-0.0660  	-0.0106  	-0.0016  	-0.0205  	0.00920  	0.02571  	-0.0078  	-0.0496  	0.02808  	-0.0001  	-0.0500  	0.12569  	0.01415  	-0.0314  	0.44382  	
0.53784  	-0.0870  	-0.2542  	-0.6024  	-0.1503  	-1.0952  	0.08502  	0.46311  	0.23639  	0.30128  	0.32671  	-1.0462  	0.26417  	-0.8661  	-0.6716  	0.30258  	-0.3922  	-0.1215  	-0.1157  	0.71928  	0.40249  	-0.0956  	-1.0841  	0.19698  	0.37097  	-0.3555  	0.26217  	0.30866  	-0.2356  	0.37740  	0.07268  	0.46116  	-0.0247  	0.02148  	0.46001  	0.09702  	-0.1098  	-0.3603  	-0.3288  	0.92975  	0.03818  	0.17751  	-0.2178  	0.21788  	0.07942  	-0.0650  	0.09551  	-0.1772  	-0.0879  	-0.0392  	0.00321  	0.01830  	-0.0678  	-0.0034  	-0.0091  	-0.0693  	-0.0141  	-0.0023  	-0.0292  	0.01250  	0.02777  	-0.0065  	-0.0474  	0.02665  	-0.0001  	-0.0500  	0.12569  	0.01415  	-0.0314  	0.44382  	
0.20274  	-0.1499  	-0.2780  	-0.9813  	-0.3146  	-1.1952  	0.09298  	0.47781  	0.20915  	0.26900  	0.64781  	-1.1562  	0.09271  	-1.1213  	-0.8453  	0.22636  	-0.3825  	-0.2455  	-0.0875  	0.66633  	0.59776  	-0.0907  	-1.0068  	0.33577  	0.36367  	-0.3485  	0.41659  	0.16539  	-0.3780  	0.29707  	0.06791  	0.47855  	-0.0822  	-0.0201  	0.51309  	0.09228  	0.07780  	-0.2994  	-0.4464  	0.88015  	0.06349  	0.19369  	-0.2509  	0.19951  	0.09307  	-0.0669  	0.09823  	-0.2037  	-0.0917  	-0.0389  	-0.0321  	0.02760  	-0.0671  	-0.0025  	-0.0128  	-0.0934  	-0.0191  	-0.0018  	-0.0252  	0.01360  	0.03140  	-0.0066  	-0.0381  	0.02288  	-0.0001  	-0.0500  	0.12569  	0.01415  	-0.0314  	0.44382  	
0.16158  	-0.2287  	-0.3768  	-0.9058  	-0.3471  	-1.1307  	0.02290  	0.42956  	0.20959  	0.21049  	0.55477  	-1.1089  	0.06909  	-1.2651  	-0.8742  	0.29011  	-0.3492  	-0.1895  	-0.0909  	0.72061  	0.49044  	-0.1216  	-0.9432  	0.24835  	0.29581  	-0.3202  	0.31212  	0.22969  	-0.3659  	0.30620  	0.09780  	0.48990  	-0.0558  	-0.0211  	0.42453  	0.08916  	0.01263  	-0.3128  	-0.4022  	0.88901  	0.08156  	0.16851  	-0.2301  	0.22553  	0.08733  	-0.0644  	0.10723  	-0.2078  	-0.1095  	-0.0310  	-0.0245  	0.01934  	-0.0799  	-0.0040  	-0.0078  	-0.0824  	-0.0082  	0.00658  	-0.0332  	0.00434  	0.02897  	-0.0107  	-0.0419  	0.02701  	-0.0001  	-0.0500  	0.12569  	0.01415  	-0.0314  	0.44382  	
0.36396  	-0.1891  	-0.3080  	-0.8965  	-0.3356  	-1.1501  	0.04703  	0.39427  	0.22132  	0.29286  	0.60625  	-1.0017  	0.11005  	-1.2296  	-1.0211  	0.43142  	-0.4047  	-0.1023  	-0.0897  	0.79865  	0.38553  	-0.1453  	-1.0549  	0.11189  	0.32952  	-0.3387  	0.13293  	0.40742  	-0.2745  	0.28428  	0.06042  	0.48943  	-0.0145  	-0.0070  	0.37672  	0.13414  	-0.0623  	-0.3190  	-0.3315  	0.90325  	0.14177  	0.16679  	-0.1929  	0.21806  	0.08922  	-0.0678  	0.10673  	-0.1764  	-0.0980  	-0.0308  	-0.0049  	0.01657  	-0.0700  	-0.0034  	-0.0075  	-0.0722  	-0.0098  	-0.0049  	-0.0262  	0.01105  	0.03824  	-0.0079  	-0.0405  	0.03164  	-0.0001  	-0.0500  	0.12569  	0.01415  	-0.0314  	0.44382  	
0.16865  	-0.1580  	-0.3420  	-0.9801  	-0.3529  	-1.1786  	0.04344  	0.38295  	0.22739  	0.36473  	0.62552  	-1.0531  	0.04304  	-1.2015  	-1.0719  	0.34069  	-0.4025  	-0.0903  	-0.0923  	0.80064  	0.39156  	-0.1820  	-1.0756  	0.12129  	0.33883  	-0.3388  	0.19267  	0.41949  	-0.2273  	0.29703  	0.07554  	0.46955  	-0.0501  	0.00234  	0.37305  	0.17228  	-0.0712  	-0.3237  	-0.3596  	0.90165  	0.12178  	0.16438  	-0.2111  	0.21766  	0.08704  	-0.0663  	0.09536  	-0.1962  	-0.1094  	-0.0414  	-0.0019  	0.02173  	-0.0756  	-0.0027  	-0.0053  	-0.0722  	-0.0042  	-0.0012  	-0.0267  	0.00978  	0.03398  	-0.0117  	-0.0370  	0.03133  	-0.0001  	-0.0500  	0.12569  	0.01415  	-0.0314  	0.44382  	
0.05136  	-0.2131  	-0.3802  	-0.9837  	-0.3929  	-1.2028  	-0.0240  	0.44090  	0.15889  	0.24806  	0.68218  	-1.0900  	0.09040  	-1.3688  	-0.9443  	0.23165  	-0.2702  	-0.3296  	-0.0178  	0.44203  	0.52712  	-0.3651  	-1.2648  	0.17960  	0.29881  	-0.2283  	0.28219  	0.22918  	-0.2198  	0.28546  	0.19652  	0.43470  	-0.1728  	-0.1811  	0.31215  	0.12786  	-0.1125  	-0.3103  	-0.4919  	0.78006  	0.17117  	0.30543  	-0.3453  	0.27864  	0.03307  	-0.0420  	0.07527  	-0.1859  	-0.1315  	-0.0371  	0.00077  	0.03045  	-0.0637  	0.01763  	0.00150  	-0.0818  	-0.0050  	-0.0080  	-0.0228  	0.01762  	0.03661  	-0.0214  	-0.0557  	0.03447  	-0.0001  	-0.0500  	0.12569  	0.01415  	-0.0314  	0.44382  	
0.18224  	-0.2019  	-0.3092  	-0.9210  	-0.3777  	-1.2054  	-0.0656  	0.46434  	0.14417  	0.21244  	0.71648  	-1.0460  	0.12762  	-1.4743  	-0.9272  	0.26796  	-0.1976  	-0.4676  	0.04043  	0.24232  	0.55011  	-0.5883  	-1.4409  	0.14867  	0.17285  	-0.1410  	0.22094  	0.18813  	-0.1696  	0.26607  	0.27823  	0.41309  	-0.2397  	-0.3055  	0.28826  	0.10863  	-0.1596  	-0.2998  	-0.6075  	0.70719  	0.23453  	0.41688  	-0.4270  	0.35278  	-0.0192  	-0.0226  	0.05682  	-0.1718  	-0.1351  	-0.0522  	0.00173  	0.03419  	-0.0642  	0.02970  	0.01059  	-0.0762  	-0.0123  	-0.0182  	-0.0194  	0.02242  	0.03675  	-0.0237  	-0.0724  	0.03323  	-0.0001  	-0.0500  	0.12569  	0.01415  	-0.0314  	0.44382  	
0.15601  	-0.1924  	-0.2233  	-1.0000  	-0.3898  	-1.3157  	-0.0084  	0.51423  	0.14214  	0.30101  	0.78376  	-1.0346  	0.15665  	-1.4677  	-1.1125  	0.31326  	-0.2192  	-0.4010  	0.04718  	0.28158  	0.48925  	-0.6478  	-1.5697  	0.15438  	0.18202  	-0.1251  	0.18187  	0.25420  	-0.1254  	0.24589  	0.31474  	0.39007  	-0.2469  	-0.3550  	0.23626  	0.14219  	-0.2069  	-0.3242  	-0.6065  	0.70952  	0.26155  	0.44867  	-0.4533  	0.37051  	-0.0322  	-0.0226  	0.04957  	-0.1498  	-0.1229  	-0.0554  	0.00769  	0.02989  	-0.0587  	0.03350  	0.01043  	-0.0822  	-0.0073  	-0.0206  	-0.0176  	0.03033  	0.03779  	-0.0191  	-0.0724  	0.03319  	-0.0001  	-0.0500  	0.12569  	0.01415  	-0.0314  	0.44382  	
-0.0084  	-0.2409  	-0.4096  	-0.9276  	-0.3597  	-1.3939  	-0.0131  	0.46665  	0.11683  	0.26651  	0.78530  	-1.0813  	0.10483  	-1.4929  	-0.9558  	0.24970  	-0.2271  	-0.4314  	0.05885  	0.27287  	0.55640  	-0.5907  	-1.5651  	0.22740  	0.29668  	-0.1678  	0.31396  	0.20218  	-0.1780  	0.28270  	0.26693  	0.42954  	-0.2663  	-0.3295  	0.29528  	0.16694  	-0.1457  	-0.3230  	-0.5885  	0.72398  	0.20154  	0.41057  	-0.4595  	0.35772  	-0.0113  	-0.0375  	0.05262  	-0.1749  	-0.1348  	-0.0476  	0.00620  	0.03482  	-0.0642  	0.02896  	0.00632  	-0.0854  	-0.0094  	-0.0094  	-0.0236  	0.02415  	0.03489  	-0.0244  	-0.0667  	0.02937  	-0.0001  	-0.0500  	0.12569  	0.01415  	-0.0314  	0.44382  	
0.08795  	-0.2273  	-0.3709  	-0.8933  	-0.2970  	-1.2407  	-0.0140  	0.42411  	0.17560  	0.26282  	0.62629  	-1.0282  	0.11303  	-1.3396  	-0.9458  	0.24694  	-0.2618  	-0.2816  	-0.0254  	0.53335  	0.45125  	-0.4344  	-1.3075  	0.16265  	0.31031  	-0.2209  	0.21906  	0.38910  	-0.1657  	0.31205  	0.18599  	0.42530  	-0.1661  	-0.1729  	0.29544  	0.14450  	-0.1780  	-0.3397  	-0.4625  	0.78852  	0.13819  	0.31674  	-0.3523  	0.27266  	0.04007  	-0.0491  	0.07261  	-0.1743  	-0.1236  	-0.0434  	0.00030  	0.03078  	-0.0634  	0.01428  	-0.0016  	-0.0837  	-0.0001  	-0.0082  	-0.0185  	0.01162  	0.03402  	-0.0194  	-0.0569  	0.03340  	-0.0001  	-0.0500  	0.12569  	0.01415  	-0.0314  	0.44382  	
0.17920  	-0.1788  	-0.3472  	-0.8570  	-0.2080  	-1.1752  	0.03717  	0.41085  	0.20657  	0.27505  	0.56314  	-0.9583  	0.10942  	-1.1473  	-0.9383  	0.31816  	-0.3784  	-0.1143  	-0.1031  	0.79007  	0.37337  	-0.1579  	-1.0377  	0.16333  	0.31075  	-0.3304  	0.19864  	0.46312  	-0.2172  	0.32465  	0.07307  	0.44905  	-0.0225  	-0.0079  	0.40134  	0.13148  	-0.1203  	-0.3394  	-0.3402  	0.88808  	0.08698  	0.16477  	-0.1968  	0.20809  	0.08825  	-0.0732  	0.10675  	-0.1906  	-0.1012  	-0.0333  	-0.0067  	0.02147  	-0.0745  	-0.0031  	-0.0081  	-0.0765  	-0.0029  	0.00291  	-0.0246  	0.00644  	0.03114  	-0.0123  	-0.0406  	0.02707  	-0.0001  	-0.0500  	0.12569  	0.01415  	-0.0314  	0.44382  	
0.09936  	-0.2065  	-0.3972  	-0.9120  	-0.2234  	-1.2645  	0.07131  	0.39630  	0.20000  	0.35453  	0.61685  	-0.9710  	0.11770  	-1.1725  	-1.0155  	0.29625  	-0.4145  	-0.0769  	-0.1102  	0.84915  	0.31573  	-0.1942  	-1.0794  	0.12923  	0.32248  	-0.3344  	0.13662  	0.51840  	-0.1696  	0.33102  	0.09104  	0.43392  	-0.0141  	0.01131  	0.36948  	0.14694  	-0.1559  	-0.3485  	-0.3169  	0.86779  	0.09696  	0.16188  	-0.2004  	0.21308  	0.09941  	-0.0696  	0.10387  	-0.1943  	-0.0924  	-0.0337  	-0.0060  	0.01902  	-0.0676  	-0.0078  	-0.0050  	-0.0834  	-0.0013  	0.00877  	-0.0280  	0.00458  	0.03385  	-0.0139  	-0.0320  	0.03490  	-0.0001  	-0.0500  	0.12569  	0.01415  	-0.0314  	0.44382  	
-0.0843  	-0.2995  	-0.5417  	-0.9630  	-0.2413  	-1.3967  	0.07354  	0.38244  	0.16228  	0.28745  	0.80283  	-1.0254  	0.07406  	-1.2622  	-1.0500  	0.25422  	-0.4130  	-0.0897  	-0.1311  	0.86523  	0.42647  	-0.2198  	-1.1141  	0.21035  	0.30825  	-0.3291  	0.17649  	0.44288  	-0.2726  	0.29583  	0.07825  	0.44119  	-0.0477  	0.00369  	0.45726  	0.16535  	-0.0805  	-0.3589  	-0.3574  	0.87988  	0.03237  	0.18179  	-0.2847  	0.17422  	0.10626  	-0.0589  	0.10351  	-0.2151  	-0.1034  	-0.0202  	-0.0020  	0.01925  	-0.0685  	-0.0051  	-0.0060  	-0.0772  	0.00122  	0.00286  	-0.0230  	0.01251  	0.02535  	-0.0160  	-0.0441  	0.02870  	-0.0001  	-0.0500  	0.12569  	0.01415  	-0.0314  	0.44382  	
-0.0182  	-0.2718  	-0.5484  	-0.9511  	-0.2669  	-1.3522  	0.02504  	0.45662  	0.19357  	0.30670  	0.78730  	-0.9745  	0.09358  	-1.2150  	-0.9483  	0.23542  	-0.3852  	-0.1471  	-0.1139  	0.82760  	0.44996  	-0.1945  	-1.0569  	0.19277  	0.29002  	-0.3088  	0.18833  	0.40217  	-0.3271  	0.30103  	0.08798  	0.45512  	-0.0224  	-0.0101  	0.40948  	0.10946  	-0.0801  	-0.3426  	-0.3489  	0.87545  	0.04427  	0.18823  	-0.2690  	0.18054  	0.09868  	-0.0620  	0.10975  	-0.2144  	-0.1064  	-0.0183  	-0.0085  	0.02154  	-0.0726  	0.00054  	-0.0118  	-0.0839  	-0.0067  	-0.0003  	-0.0253  	0.01553  	0.03043  	-0.0083  	-0.0471  	0.02976  	-0.0001  	-0.0500  	0.12569  	0.01415  	-0.0314  	0.44382  	
0.16835  	-0.1993  	-0.4095  	-0.8208  	-0.2553  	-1.1654  	0.01303  	0.44671  	0.18351  	0.27023  	0.60944  	-0.9215  	0.13328  	-1.0954  	-0.8765  	0.25017  	-0.3835  	-0.1129  	-0.1405  	0.79873  	0.41215  	-0.1615  	-1.0216  	0.14649  	0.30320  	-0.3265  	0.14067  	0.46840  	-0.2113  	0.33638  	0.09723  	0.42673  	-0.0183  	-0.0054  	0.36701  	0.11481  	-0.1164  	-0.3594  	-0.3484  	0.86979  	0.06870  	0.17209  	-0.2096  	0.18683  	0.10040  	-0.0555  	0.10368  	-0.1844  	-0.1079  	-0.0267  	-0.0068  	0.01587  	-0.0788  	-0.0129  	-0.0199  	-0.0724  	0.00212  	-0.0010  	-0.0238  	0.00704  	0.03187  	-0.0162  	-0.0464  	0.02775  	-0.0001  	-0.0500  	0.12569  	0.01415  	-0.0314  	0.44382  	
0.12494  	-0.2056  	-0.3750  	-0.9136  	-0.2588  	-1.2050  	0.06914  	0.36592  	0.20854  	0.33789  	0.55789  	-0.9721  	0.10715  	-1.2199  	-1.0051  	0.27992  	-0.3992  	-0.0560  	-0.1004  	0.81967  	0.28493  	-0.1568  	-1.0754  	0.10047  	0.28178  	-0.3143  	0.06838  	0.54091  	-0.1385  	0.32032  	0.10736  	0.44397  	-0.0116  	0.00295  	0.28076  	0.13699  	-0.1642  	-0.3665  	-0.3042  	0.92174  	0.16157  	0.16434  	-0.1990  	0.21781  	0.08380  	-0.0620  	0.10521  	-0.1798  	-0.0963  	-0.0344  	-0.0107  	0.02186  	-0.0749  	-0.0054  	-0.0089  	-0.0778  	-0.0100  	0.00194  	-0.0254  	0.00620  	0.04023  	-0.0058  	-0.0547  	0.02775  	-0.0001  	-0.0500  	0.12569  	0.01415  	-0.0314  	0.44382  	
0.00386  	-0.2794  	-0.4666  	-0.9897  	-0.3011  	-1.3555  	0.12771  	0.39585  	0.18945  	0.34046  	0.82721  	-1.0498  	0.05593  	-1.2077  	-1.1120  	0.29156  	-0.4160  	-0.0951  	-0.1364  	0.84991  	0.40892  	-0.2279  	-1.1539  	0.23371  	0.35331  	-0.3457  	0.21241  	0.36234  	-0.2735  	0.31048  	0.08813  	0.43994  	-0.0218  	-0.0040  	0.45389  	0.16650  	-0.0596  	-0.3399  	-0.3655  	0.87023  	0.03702  	0.18699  	-0.2370  	0.19582  	0.09759  	-0.0711  	0.10097  	-0.2054  	-0.0918  	-0.0269  	-0.0001  	0.01393  	-0.0737  	-0.0042  	0.00048  	-0.0750  	-0.0025  	0.00383  	-0.0291  	0.01015  	0.02368  	-0.0053  	-0.0352  	0.03228  	-0.0001  	-0.0500  	0.12569  	0.01415  	-0.0314  	0.44382  	
-0.1098  	-0.3144  	-0.5380  	-1.1506  	-0.3484  	-1.4149  	0.04918  	0.37369  	0.17977  	0.31157  	0.86076  	-1.0682  	0.03243  	-1.3167  	-1.0760  	0.19785  	-0.3862  	-0.1301  	-0.0925  	0.80422  	0.48140  	-0.2261  	-1.0082  	0.20697  	0.27459  	-0.3090  	0.21293  	0.35411  	-0.3606  	0.27100  	0.06791  	0.45657  	-0.0440  	-0.0057  	0.44452  	0.11163  	-0.0305  	-0.3180  	-0.3830  	0.87060  	0.05817  	0.17908  	-0.2686  	0.18797  	0.09885  	-0.0606  	0.10610  	-0.2271  	-0.1138  	-0.0150  	-0.0105  	0.02088  	-0.0667  	-0.0010  	-0.0109  	-0.0791  	-0.0117  	0.00205  	-0.0311  	0.01326  	0.02681  	-0.0101  	-0.0477  	0.03007  	-0.0001  	-0.0500  	0.12569  	0.01415  	-0.0314  	0.44382  	
-0.0233  	-0.2628  	-0.4182  	-1.1771  	-0.4616  	-1.2796  	0.05188  	0.37139  	0.18888  	0.32650  	0.74935  	-1.1036  	0.06541  	-1.2657  	-1.1042  	0.22725  	-0.3325  	-0.1263  	-0.1061  	0.78227  	0.43972  	-0.1825  	-0.9778  	0.18416  	0.31423  	-0.3058  	0.18746  	0.35026  	-0.2863  	0.27246  	0.11153  	0.44261  	-0.0659  	-0.0158  	0.35245  	0.13468  	-0.0628  	-0.3270  	-0.3509  	0.86990  	0.09922  	0.16370  	-0.2128  	0.19234  	0.09893  	-0.0679  	0.10491  	-0.2062  	-0.1064  	-0.0271  	-0.0136  	0.01944  	-0.0771  	-0.0065  	-0.0061  	-0.0772  	-0.0104  	0.00015  	-0.0267  	0.01212  	0.03168  	-0.0058  	-0.0388  	0.02925  	-0.0001  	-0.0500  	0.12569  	0.01415  	-0.0314  	0.44382  	
0.03213  	-0.2425  	-0.4251  	-0.9941  	-0.3510  	-1.2156  	0.05213  	0.36075  	0.19100  	0.31846  	0.60328  	-1.0403  	0.07546  	-1.3147  	-1.0452  	0.27439  	-0.3759  	-0.0922  	-0.1144  	0.78252  	0.29250  	-0.1608  	-1.0031  	0.06785  	0.28287  	-0.2988  	0.11727  	0.49407  	-0.1547  	0.30296  	0.11256  	0.44556  	-0.0495  	0.00927  	0.24306  	0.15379  	-0.1464  	-0.3384  	-0.3204  	0.87882  	0.15650  	0.15768  	-0.1827  	0.21359  	0.09089  	-0.0686  	0.10269  	-0.1915  	-0.1018  	-0.0292  	-0.0180  	0.02501  	-0.0711  	-0.0039  	-0.0071  	-0.0887  	-0.0036  	-0.0015  	-0.0244  	0.00464  	0.03673  	-0.0064  	-0.0362  	0.03580  	-0.0001  	-0.0500  	0.12569  	0.01415  	-0.0314  	0.44382  	
0.00906  	-0.2187  	-0.4210  	-1.1039  	-0.3840  	-1.1933  	0.03376  	0.33834  	0.18474  	0.34814  	0.61102  	-1.0693  	0.04753  	-1.3640  	-1.1367  	0.29412  	-0.3868  	-0.0542  	-0.0903  	0.82318  	0.28281  	-0.1800  	-1.0599  	0.08368  	0.30720  	-0.3132  	0.10964  	0.47904  	-0.1597  	0.29167  	0.12398  	0.45761  	-0.0672  	0.01038  	0.23473  	0.18249  	-0.1465  	-0.3355  	-0.2996  	0.89941  	0.17383  	0.14967  	-0.1864  	0.22321  	0.08619  	-0.0699  	0.10025  	-0.1907  	-0.1032  	-0.0356  	-0.0162  	0.02358  	-0.0682  	-0.0038  	-0.0071  	-0.0863  	-0.0079  	0.00196  	-0.0215  	0.00347  	0.03703  	-0.0040  	-0.0366  	0.03310  	-0.0001  	-0.0500  	0.12569  	0.01415  	-0.0314  	0.44382  	
-0.0905  	-0.2856  	-0.4769  	-1.1736  	-0.4337  	-1.2858  	0.04723  	0.32206  	0.16857  	0.34251  	0.71250  	-1.1205  	0.02907  	-1.4103  	-1.1756  	0.27972  	-0.3702  	-0.0823  	-0.1114  	0.77338  	0.34654  	-0.2069  	-1.0116  	0.11923  	0.31676  	-0.3103  	0.16859  	0.43183  	-0.2300  	0.29059  	0.09563  	0.45408  	-0.0803  	-0.0047  	0.31002  	0.18184  	-0.0812  	-0.3211  	-0.3464  	0.84653  	0.14035  	0.17846  	-0.1956  	0.20048  	0.09085  	-0.0672  	0.10693  	-0.2014  	-0.1109  	-0.0256  	-0.0208  	0.02368  	-0.0662  	-0.0004  	-0.0066  	-0.0843  	-0.0056  	0.00393  	-0.0253  	0.00118  	0.03335  	-0.0121  	-0.0356  	0.03822  	-0.0001  	-0.0500  	0.12569  	0.01415  	-0.0314  	0.44382  	
-0.1673  	-0.2817  	-0.5097  	-1.2851  	-0.4350  	-1.4985  	0.06953  	0.35051  	0.17949  	0.37003  	0.89957  	-1.1477  	0.01940  	-1.3398  	-1.2221  	0.26541  	-0.3962  	-0.0993  	-0.1230  	0.80640  	0.41259  	-0.1830  	-1.0625  	0.21203  	0.28131  	-0.2948  	0.15255  	0.38787  	-0.3240  	0.25243  	0.09867  	0.45156  	-0.0379  	-0.0027  	0.36519  	0.15379  	-0.0598  	-0.3249  	-0.3775  	0.83834  	0.11709  	0.18735  	-0.2312  	0.18291  	0.09323  	-0.0673  	0.09999  	-0.2053  	-0.1115  	-0.0279  	-0.0125  	0.02735  	-0.0675  	-0.0017  	-0.0126  	-0.0786  	-0.0090  	-0.0006  	-0.0229  	0.00849  	0.03781  	-0.0006  	-0.0494  	0.03400  	-0.0001  	-0.0500  	0.12569  	0.01415  	-0.0314  	0.44382  	
0.11209  	-0.2151  	-0.3182  	-0.9519  	-0.2826  	-1.2297  	0.01187  	0.53316  	0.23492  	0.24403  	0.76920  	-0.9634  	0.15189  	-1.0676  	-0.8319  	0.36650  	-0.3688  	-0.1508  	-0.0967  	0.84908  	0.59875  	-0.2656  	-1.0670  	0.26478  	0.15800  	-0.2944  	0.23182  	0.35768  	-0.4150  	0.23928  	0.12279  	0.47058  	0.00891  	-0.0180  	0.47172  	0.04269  	-0.0109  	-0.3367  	-0.3510  	0.86638  	0.04960  	0.17108  	-0.2342  	0.16567  	0.10525  	-0.0589  	0.09796  	-0.2095  	-0.1063  	-0.0191  	-0.0055  	0.01823  	-0.0775  	-0.0084  	-0.0143  	-0.0697  	-0.0198  	-0.0126  	-0.0212  	0.01124  	0.03360  	0.00846  	-0.0618  	0.02603  	-0.0001  	-0.0500  	0.12569  	0.01415  	-0.0314  	0.44382  	
0.62452  	-0.0462  	-0.1167  	-0.5884  	-0.1973  	-0.9407  	0.06292  	0.57897  	0.27112  	0.22283  	0.27873  	-1.0209  	0.28274  	-0.8007  	-0.4891  	0.32330  	-0.3666  	-0.2110  	-0.0821  	0.64901  	0.52392  	-0.0847  	-0.9659  	0.23378  	0.31250  	-0.3393  	0.32895  	0.20293  	-0.3531  	0.35559  	0.08869  	0.47730  	-0.0353  	-0.0032  	0.48089  	0.03515  	0.01344  	-0.3157  	-0.3540  	0.88423  	0.03044  	0.16796  	-0.1896  	0.21300  	0.07025  	-0.0599  	0.09076  	-0.1494  	-0.0848  	-0.0386  	-0.0106  	0.01990  	-0.0758  	-0.0062  	-0.0088  	-0.0620  	-0.0201  	-0.0047  	-0.0240  	0.01140  	0.03391  	0.00063  	-0.0519  	0.01968  	-0.0001  	-0.0500  	0.12569  	0.01415  	-0.0314  	0.44382  	
0.60388  	-0.0557  	-0.1426  	-0.4923  	-0.1658  	-0.9674  	0.10407  	0.58234  	0.26136  	0.21201  	0.40319  	-1.0795  	0.27000  	-0.8050  	-0.5272  	0.32210  	-0.3789  	-0.2386  	-0.1068  	0.68398  	0.58077  	-0.0797  	-0.9795  	0.19450  	0.40548  	-0.3665  	0.34648  	0.20440  	-0.3452  	0.38082  	0.04805  	0.46898  	-0.0258  	-0.0118  	0.52435  	0.05417  	0.02630  	-0.3036  	-0.3746  	0.87653  	0.04449  	0.19038  	-0.2159  	0.22361  	0.06377  	-0.0545  	0.08419  	-0.1626  	-0.0787  	-0.0307  	-0.0052  	0.02157  	-0.0687  	0.00187  	-0.0052  	-0.0564  	-0.0219  	-0.0027  	-0.0226  	0.01613  	0.03564  	-0.0027  	-0.0489  	0.01226  	-0.0001  	-0.0500  	0.12569  	0.01415  	-0.0314  	0.44382  	
0.38156  	-0.1303  	-0.2723  	-0.7326  	-0.2558  	-1.1400  	0.06039  	0.45411  	0.20782  	0.26738  	0.53601  	-1.0955  	0.11882  	-1.0864  	-0.7065  	0.34009  	-0.3497  	-0.2125  	-0.0998  	0.65974  	0.59081  	-0.1455  	-0.9468  	0.23847  	0.30337  	-0.3421  	0.33441  	0.11759  	-0.4199  	0.31385  	0.09177  	0.48499  	-0.0524  	-0.0008  	0.53560  	0.04053  	0.07076  	-0.2979  	-0.4050  	0.87439  	0.03499  	0.18468  	-0.2090  	0.21249  	0.08528  	-0.0600  	0.09093  	-0.1892  	-0.1015  	-0.0284  	-0.0291  	0.02250  	-0.0699  	-0.0035  	-0.0127  	-0.0780  	0.00077  	8.59474  	-0.0263  	0.00969  	0.03249  	-0.0047  	-0.0263  	0.02668  	-0.0001  	-0.0500  	0.12569  	0.01415  	-0.0314  	0.44382  	
-0.0300  	-0.2489  	-0.4135  	-1.1518  	-0.4213  	-1.2786  	0.05440  	0.34628  	0.15421  	0.32232  	0.73341  	-1.1480  	0.02716  	-1.3977  	-1.1346  	0.27055  	-0.3761  	-0.0875  	-0.0874  	0.77351  	0.41340  	-0.1827  	-0.9797  	0.13859  	0.30000  	-0.3148  	0.17206  	0.39713  	-0.2606  	0.28280  	0.09352  	0.46670  	-0.0659  	0.00115  	0.33013  	0.15951  	-0.0517  	-0.3124  	-0.3537  	0.85419  	0.14239  	0.15926  	-0.2279  	0.19872  	0.08872  	-0.0629  	0.09778  	-0.2151  	-0.1168  	-0.0356  	-0.0146  	0.02621  	-0.0650  	-0.0059  	-0.0141  	-0.0828  	-0.0062  	-0.0007  	-0.0258  	0.00722  	0.03951  	-0.0083  	-0.0367  	0.03137  	-0.0001  	-0.0500  	0.12569  	0.01415  	-0.0314  	0.44382  	
-0.1287  	-0.2824  	-0.4620  	-1.1845  	-0.4634  	-1.2981  	0.05263  	0.31088  	0.15742  	0.31883  	0.72091  	-1.1659  	0.01833  	-1.4476  	-1.1877  	0.27096  	-0.3634  	-0.0830  	-0.1018  	0.77724  	0.30440  	-0.1947  	-0.9678  	0.07563  	0.31604  	-0.3020  	0.13914  	0.46654  	-0.1919  	0.28344  	0.10863  	0.46474  	-0.0771  	0.00151  	0.26264  	0.18941  	-0.0945  	-0.3070  	-0.3315  	0.84619  	0.15898  	0.15260  	-0.2058  	0.22199  	0.09294  	-0.0723  	0.10029  	-0.2044  	-0.1166  	-0.0333  	-0.0164  	0.02492  	-0.0657  	-0.0060  	-0.0049  	-0.0849  	-0.0083  	0.00283  	-0.0242  	0.00350  	0.03922  	-0.0081  	-0.0357  	0.03705  	-0.0001  	-0.0500  	0.12569  	0.01415  	-0.0314  	0.44382  	
-0.1547  	-0.2718  	-0.4563  	-1.1828  	-0.4225  	-1.2997  	0.04828  	0.31466  	0.17206  	0.32522  	0.66134  	-1.1262  	0.03159  	-1.4273  	-1.1775  	0.29498  	-0.3792  	-0.0912  	-0.0960  	0.76615  	0.25079  	-0.1824  	-0.9580  	0.06712  	0.27399  	-0.2823  	0.12346  	0.50174  	-0.1623  	0.27747  	0.13448  	0.45756  	-0.0669  	0.00708  	0.21934  	0.18298  	-0.1452  	-0.3286  	-0.3173  	0.86181  	0.16958  	0.15806  	-0.1881  	0.22990  	0.08489  	-0.0709  	0.10076  	-0.1923  	-0.1065  	-0.0365  	-0.0154  	0.02514  	-0.0680  	-0.0075  	-0.0044  	-0.0848  	-0.0107  	-0.0010  	-0.0222  	0.00140  	0.03995  	-0.0068  	-0.0388  	0.03721  	-0.0001  	-0.0500  	0.12569  	0.01415  	-0.0314  	0.44382  	
-0.1523  	-0.2571  	-0.4866  	-1.1286  	-0.4000  	-1.3709  	0.02364  	0.34603  	0.17514  	0.35520  	0.64362  	-1.0659  	0.06958  	-1.3123  	-1.1275  	0.25912  	-0.4022  	-0.0764  	-0.0981  	0.75858  	0.24575  	-0.1777  	-0.9555  	0.06557  	0.25245  	-0.2858  	0.12805  	0.50435  	-0.1505  	0.27114  	0.15561  	0.44234  	-0.0446  	0.00721  	0.26937  	0.16219  	-0.1727  	-0.3628  	-0.3122  	0.87075  	0.13658  	0.16683  	-0.1962  	0.21939  	0.08594  	-0.0727  	0.09813  	-0.1909  	-0.1100  	-0.0299  	-0.0169  	0.02289  	-0.0756  	-0.0083  	-0.0031  	-0.0819  	-0.0124  	-0.0045  	-0.0178  	0.00282  	0.04243  	0.00129  	-0.0400  	0.03185  	-0.0001  	-0.0500  	0.12569  	0.01415  	-0.0314  	0.44382  	
-0.0951  	-0.2171  	-0.4897  	-1.0339  	-0.3451  	-1.3753  	0.01495  	0.37524  	0.19227  	0.33517  	0.64841  	-1.0060  	0.06918  	-1.3015  	-1.0406  	0.27435  	-0.4055  	-0.0762  	-0.1092  	0.76832  	0.28059  	-0.1477  	-0.9569  	0.08115  	0.22820  	-0.2996  	0.10368  	0.51140  	-0.1659  	0.28402  	0.12854  	0.43911  	-0.0376  	0.01536  	0.29211  	0.14326  	-0.1597  	-0.3564  	-0.3113  	0.88104  	0.12374  	0.16339  	-0.2074  	0.20936  	0.08352  	-0.0657  	0.09420  	-0.1935  	-0.1050  	-0.0295  	-0.0135  	0.02209  	-0.0737  	-0.0047  	-0.0051  	-0.0833  	-0.0143  	-0.0033  	-0.0161  	0.00586  	0.03812  	0.00518  	-0.0394  	0.03374  	-0.0001  	-0.0500  	0.12569  	0.01415  	-0.0314  	0.44382  	
-0.0894  	-0.2295  	-0.5227  	-1.0357  	-0.3265  	-1.3768  	0.04431  	0.37117  	0.17999  	0.32268  	0.67561  	-1.0161  	0.02749  	-1.3690  	-1.0697  	0.29362  	-0.4097  	-0.0852  	-0.1108  	0.77388  	0.29052  	-0.1660  	-0.9854  	0.08789  	0.24379  	-0.2984  	0.12885  	0.48913  	-0.1763  	0.29957  	0.12484  	0.43765  	-0.0541  	0.00493  	0.29347  	0.16096  	-0.1229  	-0.3544  	-0.3150  	0.88182  	0.12315  	0.16928  	-0.2191  	0.21363  	0.09354  	-0.0672  	0.09685  	-0.2044  	-0.1036  	-0.0305  	-0.0137  	0.02176  	-0.0692  	-0.0081  	-0.0091  	-0.0803  	-0.0124  	-0.0016  	-0.0206  	0.00540  	0.03734  	-0.0021  	-0.0379  	0.03022  	-0.0001  	-0.0500  	0.12569  	0.01415  	-0.0314  	0.44382  	
-0.0030  	-0.2342  	-0.5118  	-0.9428  	-0.2697  	-1.3439  	0.01952  	0.38336  	0.18323  	0.31550  	0.68846  	-0.9806  	0.04169  	-1.3191  	-1.0151  	0.31195  	-0.3999  	-0.0947  	-0.1026  	0.78618  	0.34049  	-0.1775  	-1.0170  	0.10501  	0.21593  	-0.2974  	0.10424  	0.48770  	-0.2175  	0.28880  	0.10324  	0.44566  	-0.0425  	0.00614  	0.34856  	0.13087  	-0.1148  	-0.3506  	-0.3302  	0.87918  	0.11145  	0.16327  	-0.2213  	0.20734  	0.09065  	-0.0662  	0.10506  	-0.2050  	-0.1042  	-0.0297  	-0.0082  	0.02153  	-0.0673  	-0.0102  	-0.0096  	-0.0826  	-0.0055  	0.00311  	-0.0246  	0.00735  	0.03219  	-0.0075  	-0.0402  	0.03065  	-0.0001  	-0.0500  	0.12569  	0.01415  	-0.0314  	0.44382  	
0.18128  	-0.1510  	-0.4235  	-0.7250  	-0.1530  	-1.2371  	0.04541  	0.46246  	0.23209  	0.22258  	0.70367  	-0.9027  	0.08775  	-1.1186  	-0.8174  	0.34464  	-0.3759  	-0.1272  	-0.1168  	0.80947  	0.46917  	-0.1991  	-1.0693  	0.19235  	0.15470  	-0.3031  	0.13127  	0.43997  	-0.3161  	0.26185  	0.08299  	0.45376  	-0.0066  	0.00685  	0.47009  	0.05799  	-0.0746  	-0.3466  	-0.3500  	0.89458  	0.07447  	0.18321  	-0.2371  	0.18536  	0.08963  	-0.0595  	0.09849  	-0.2024  	-0.1030  	-0.0216  	0.00182  	0.02094  	-0.0739  	-0.0034  	-0.0101  	-0.0679  	-0.0028  	-0.0026  	-0.0161  	0.01496  	0.02718  	-0.0059  	-0.0474  	0.02793  	-0.0001  	-0.0500  	0.12569  	0.01415  	-0.0314  	0.44382  	
0.44836  	-0.0495  	-0.2093  	-0.6764  	-0.2437  	-1.0720  	0.04236  	0.55467  	0.26068  	0.20748  	0.61361  	-0.8802  	0.18899  	-0.9325  	-0.6774  	0.41927  	-0.3853  	-0.2285  	-0.0939  	0.77557  	0.61375  	-0.1784  	-1.0469  	0.26141  	0.21535  	-0.3502  	0.25162  	0.23156  	-0.4340  	0.27476  	0.06595  	0.47249  	0.00600  	-0.0006  	0.49265  	0.01303  	0.04672  	-0.3056  	-0.3768  	0.86176  	0.02946  	0.18264  	-0.2281  	0.20174  	0.08510  	-0.0636  	0.09701  	-0.1954  	-0.0978  	-0.0359  	-0.0195  	0.01641  	-0.0810  	-0.0086  	-0.0098  	-0.0656  	-0.0112  	0.00096  	-0.0297  	0.00057  	0.04277  	-0.0013  	-0.0477  	0.02975  	-0.0001  	-0.0500  	0.12569  	0.01415  	-0.0314  	0.44382  	
0.64013  	0.00890  	-0.0289  	-0.7567  	-0.3404  	-0.9579  	0.04795  	0.66152  	0.30105  	0.17826  	0.72490  	-0.9718  	0.12610  	-0.9411  	-0.7405  	0.51117  	-0.3583  	-0.2414  	-0.0766  	0.66494  	0.78624  	-0.1326  	-0.9496  	0.30753  	0.27769  	-0.3611  	0.40566  	0.06669  	-0.5643  	0.29475  	0.04711  	0.52394  	-0.0129  	-0.0257  	0.58045  	-0.0043  	0.17896  	-0.2506  	-0.4431  	0.80975  	-0.0002  	0.18592  	-0.2182  	0.19851  	0.08234  	-0.0608  	0.09530  	-0.1873  	-0.0931  	-0.0189  	-0.0212  	0.02001  	-0.0667  	0.00048  	-0.0130  	-0.0575  	-0.0148  	-0.0002  	-0.0305  	0.01184  	0.03519  	-0.0017  	-0.0419  	0.02589  	-0.0001  	-0.0500  	0.12569  	0.01415  	-0.0314  	0.44382  	
0.64634  	-0.0141  	-0.0159  	-0.7473  	-0.3387  	-0.9633  	0.04884  	0.66021  	0.31025  	0.19202  	0.76239  	-0.9531  	0.10929  	-0.9948  	-0.8164  	0.55213  	-0.3701  	-0.2581  	-0.0781  	0.64607  	0.80601  	-0.1540  	-0.9510  	0.28635  	0.28401  	-0.3725  	0.40830  	0.05223  	-0.5871  	0.29322  	0.04258  	0.54868  	-0.0207  	-0.0228  	0.60252  	-0.0180  	0.20167  	-0.2300  	-0.4381  	0.79125  	0.00516  	0.17845  	-0.2139  	0.20246  	0.08148  	-0.0576  	0.08825  	-0.1796  	-0.0930  	-0.0295  	-0.0168  	0.02496  	-0.0663  	-0.0016  	-0.0133  	-0.0610  	-0.0158  	-0.0034  	-0.0294  	0.01142  	0.03278  	-0.0067  	-0.0376  	0.02686  	-0.0001  	-0.0500  	0.12569  	0.01415  	-0.0314  	0.44382  	
0.70529  	-0.0311  	-0.0149  	-0.7273  	-0.2920  	-0.9891  	0.06282  	0.62121  	0.32599  	0.23402  	0.72523  	-0.9150  	0.16490  	-1.0039  	-0.9109  	0.62965  	-0.4028  	-0.2178  	-0.0904  	0.74730  	0.71470  	-0.1432  	-1.0603  	0.21784  	0.34271  	-0.3889  	0.33414  	0.16125  	-0.4809  	0.31590  	0.02233  	0.52341  	-0.0041  	-0.0175  	0.54442  	0.04562  	0.11977  	-0.2557  	-0.3832  	0.81893  	0.05066  	0.17737  	-0.1826  	0.20040  	0.07749  	-0.0629  	0.08176  	-0.1595  	-0.0844  	-0.0410  	-0.0059  	0.01959  	-0.0647  	-0.0015  	-0.0120  	-0.0568  	-0.0160  	-0.0042  	-0.0292  	0.01242  	0.02629  	-0.0142  	-0.0420  	0.02385  	-0.0001  	-0.0500  	0.12569  	0.01415  	-0.0314  	0.44382  	
0.59531  	-0.0866  	-0.0889  	-0.6765  	-0.2548  	-1.0305  	0.08063  	0.55678  	0.31270  	0.31322  	0.61252  	-0.9214  	0.16159  	-0.9514  	-0.8911  	0.60707  	-0.4054  	-0.1764  	-0.0865  	0.76779  	0.64492  	-0.1511  	-1.1074  	0.18976  	0.41995  	-0.4037  	0.33553  	0.18436  	-0.4132  	0.34045  	0.01458  	0.51554  	-0.0240  	-0.0122  	0.50292  	0.08277  	0.06200  	-0.2820  	-0.3548  	0.88014  	0.06227  	0.16412  	-0.1916  	0.20936  	0.08511  	-0.0715  	0.08537  	-0.1531  	-0.0728  	-0.0382  	-0.0065  	0.01501  	-0.0640  	0.00091  	-0.0094  	-0.0585  	-0.0096  	0.00042  	-0.0318  	0.02016  	0.02596  	-0.0157  	-0.0332  	0.02934  	-0.0001  	-0.0500  	0.12569  	0.01415  	-0.0314  	0.44382  	
0.38500  	-0.1787  	-0.2285  	-0.5762  	-0.1458  	-1.0952  	0.12861  	0.46274  	0.22090  	0.31450  	0.55365  	-0.9499  	0.15244  	-0.9660  	-0.7802  	0.46681  	-0.3923  	-0.1687  	-0.0978  	0.79993  	0.49868  	-0.1516  	-1.0882  	0.24495  	0.36662  	-0.3476  	0.28800  	0.29357  	-0.3646  	0.34216  	0.07137  	0.48042  	-0.0299  	-0.0099  	0.49739  	0.07712  	0.02945  	-0.3066  	-0.3980  	0.85914  	0.03443  	0.18775  	-0.1908  	0.20148  	0.09427  	-0.0550  	0.09516  	-0.1956  	-0.0868  	-0.0277  	-0.0134  	0.01832  	-0.0780  	-0.0036  	-0.0192  	-0.0755  	0.00021  	-0.0042  	-0.0250  	0.00684  	0.02452  	-0.0028  	-0.0394  	0.02294  	-0.0001  	-0.0500  	0.12569  	0.01415  	-0.0314  	0.44382  	
-0.0305  	-0.2439  	-0.4156  	-1.0822  	-0.3573  	-1.2679  	0.03362  	0.41450  	0.18199  	0.34423  	0.76038  	-1.0683  	0.03590  	-1.2999  	-1.0290  	0.27826  	-0.3813  	-0.1150  	-0.0889  	0.77437  	0.53304  	-0.1968  	-1.0582  	0.25185  	0.30583  	-0.3413  	0.28802  	0.29401  	-0.3708  	0.28363  	0.08183  	0.48162  	-0.0650  	-0.0164  	0.47991  	0.13618  	0.00678  	-0.3215  	-0.4273  	0.89691  	0.01516  	0.18337  	-0.2570  	0.18599  	0.10965  	-0.0635  	0.09289  	-0.2238  	-0.1104  	-0.0191  	-0.0160  	0.01799  	-0.0736  	0.00245  	-0.0092  	-0.0819  	-0.0099  	0.00026  	-0.0217  	0.00401  	0.02607  	-0.0141  	-0.0400  	0.02297  	-0.0001  	-0.0500  	0.12569  	0.01415  	-0.0314  	0.44382  	
-0.0064  	-0.2750  	-0.4331  	-1.0738  	-0.3836  	-1.2201  	0.03112  	0.39596  	0.19935  	0.28736  	0.76178  	-1.0522  	0.08548  	-1.2999  	-1.0120  	0.28367  	-0.3543  	-0.1595  	-0.1113  	0.83063  	0.45921  	-0.2067  	-0.9538  	0.21631  	0.26616  	-0.2941  	0.23127  	0.33441  	-0.3632  	0.28478  	0.11833  	0.44853  	-0.0332  	-0.0122  	0.41345  	0.12686  	-0.0307  	-0.3163  	-0.3788  	0.85768  	0.07505  	0.18354  	-0.2399  	0.19734  	0.09615  	-0.0686  	0.10688  	-0.2094  	-0.1194  	-0.0157  	-0.0071  	0.01806  	-0.0711  	0.00294  	-0.0127  	-0.0792  	-0.0004  	0.00096  	-0.0252  	0.00997  	0.03679  	-0.0092  	-0.0452  	0.02739  	-0.0001  	-0.0500  	0.12569  	0.01415  	-0.0314  	0.44382  	
0.40465  	-0.0752  	-0.2301  	-0.8081  	-0.3028  	-1.0653  	0.03632  	0.53839  	0.25054  	0.24964  	0.48685  	-0.9984  	0.17932  	-1.0169  	-0.7208  	0.31852  	-0.3529  	-0.1553  	-0.1038  	0.74491  	0.52193  	-0.1199  	-1.0025  	0.19058  	0.27950  	-0.3256  	0.22815  	0.33931  	-0.3463  	0.28612  	0.08578  	0.47821  	-0.0074  	-0.0056  	0.42117  	0.06594  	-0.0093  	-0.3079  	-0.3551  	0.85881  	0.07505  	0.15397  	-0.1977  	0.20928  	0.07882  	-0.0617  	0.09010  	-0.1835  	-0.1060  	-0.0338  	-0.0157  	0.02252  	-0.0732  	-0.0058  	-0.0106  	-0.0651  	-0.0117  	0.00132  	-0.0203  	0.00589  	0.03575  	0.00167  	-0.0469  	0.02666  	-0.0001  	-0.0500  	0.12569  	0.01415  	-0.0314  	0.44382  	
0.36466  	-0.1160  	-0.2535  	-0.8262  	-0.3381  	-1.0681  	0.05261  	0.46841  	0.26036  	0.27121  	0.52910  	-1.0461  	0.19288  	-1.0553  	-0.8428  	0.34888  	-0.3641  	-0.1513  	-0.1043  	0.73840  	0.45382  	-0.1425  	-1.0000  	0.15699  	0.24943  	-0.3194  	0.11526  	0.37032  	-0.2916  	0.28406  	0.07478  	0.48262  	0.01596  	-0.0382  	0.38697  	0.07340  	-0.1060  	-0.3261  	-0.3295  	0.88044  	0.11006  	0.15221  	-0.1813  	0.20014  	0.07175  	-0.0604  	0.09084  	-0.1874  	-0.0992  	-0.0364  	-0.0045  	0.02297  	-0.0712  	-9.9348  	-0.0134  	-0.0714  	-0.0107  	-0.0014  	-0.0232  	0.00484  	0.03673  	0.00102  	-0.0447  	0.02513  	-0.0001  	-0.0500  	0.12569  	0.01415  	-0.0314  	0.44382  	
0.09165  	-0.1806  	-0.3996  	-1.0259  	-0.3137  	-1.2756  	0.09243  	0.41453  	0.22594  	0.34975  	0.74458  	-1.0615  	0.12159  	-1.0997  	-1.0291  	0.28600  	-0.4086  	-0.1338  	-0.1179  	0.85245  	0.42143  	-0.1598  	-1.0790  	0.19920  	0.30958  	-0.3279  	0.17989  	0.34815  	-0.3112  	0.28138  	0.11114  	0.44223  	-0.0048  	-0.0044  	0.42780  	0.13754  	-0.0488  	-0.3318  	-0.3852  	0.88629  	0.08818  	0.17173  	-0.2295  	0.20370  	0.08777  	-0.0642  	0.11261  	-0.2101  	-0.0923  	-0.0359  	-0.0172  	0.01677  	-0.0711  	-0.0019  	-0.0125  	-0.0829  	-0.0094  	0.00423  	-0.0280  	0.01277  	0.03222  	-0.0055  	-0.0423  	0.02737  	-0.0001  	-0.0500  	0.12569  	0.01415  	-0.0314  	0.44382  	
-0.1471  	-0.3304  	-0.5697  	-1.0052  	-0.2313  	-1.4313  	0.06565  	0.37420  	0.17914  	0.30128  	0.79261  	-1.0029  	0.06807  	-1.2783  	-1.0027  	0.21046  	-0.4100  	-0.1216  	-0.1149  	0.82546  	0.46093  	-0.1937  	-1.0575  	0.20106  	0.28068  	-0.3291  	0.23759  	0.39286  	-0.3031  	0.28962  	0.06589  	0.43598  	-0.0334  	0.00149  	0.46867  	0.12393  	-0.0485  	-0.3266  	-0.3813  	0.86936  	0.04829  	0.19320  	-0.2759  	0.18994  	0.10528  	-0.0686  	0.11076  	-0.2215  	-0.1129  	-0.0200  	-0.0116  	0.02057  	-0.0721  	-0.0034  	-0.0123  	-0.0742  	-0.0044  	0.00022  	-0.0267  	0.00708  	0.02977  	-0.0185  	-0.0432  	0.02885  	-0.0001  	-0.0500  	0.12569  	0.01415  	-0.0314  	0.44382  	
0.21024  	-0.1825  	-0.4059  	-0.8762  	-0.2706  	-1.1727  	0.02277  	0.49337  	0.21625  	0.25765  	0.63688  	-0.9134  	0.16331  	-1.0650  	-0.8726  	0.29126  	-0.3980  	-0.1279  	-0.1135  	0.83964  	0.47362  	-0.1928  	-1.1263  	0.17942  	0.27925  	-0.3595  	0.20108  	0.39886  	-0.3180  	0.30497  	0.07191  	0.44014  	-0.0415  	-0.0073  	0.46716  	0.10604  	-0.0871  	-0.3464  	-0.3239  	0.90668  	0.01378  	0.17945  	-0.2572  	0.17000  	0.09831  	-0.0576  	0.09844  	-0.1904  	-0.1108  	-0.0276  	-0.0023  	0.01795  	-0.0800  	-0.0066  	-0.0174  	-0.0691  	-0.0066  	-0.0071  	-0.0226  	0.01407  	0.03301  	-0.0053  	-0.0499  	0.03008  	-0.0001  	-0.0500  	0.12569  	0.01415  	-0.0314  	0.44382  	
0.58811  	-0.1030  	-0.1565  	-0.5659  	-0.1750  	-0.9380  	0.07132  	0.53427  	0.25925  	0.22151  	0.34044  	-1.0312  	0.25286  	-0.8596  	-0.5090  	0.27993  	-0.3349  	-0.2276  	-0.1366  	0.67303  	0.51786  	-0.0797  	-1.0115  	0.27007  	0.31488  	-0.3453  	0.33433  	0.20603  	-0.3502  	0.36474  	0.06991  	0.49934  	-0.0205  	-0.0046  	0.47490  	0.04578  	-0.0161  	-0.3243  	-0.3434  	0.92729  	0.02941  	0.18436  	-0.2098  	0.21776  	0.08641  	-0.0616  	0.10099  	-0.1689  	-0.0844  	-0.0315  	-0.0112  	0.01956  	-0.0670  	-0.0065  	-0.0157  	-0.0680  	-0.0153  	-0.0106  	-0.0300  	0.01276  	0.03495  	-0.0042  	-0.0485  	0.02604  	-0.0001  	-0.0500  	0.12569  	0.01415  	-0.0314  	0.44382  	
0.74755  	-0.0478  	-0.0555  	-0.5533  	-0.1536  	-0.9108  	0.08529  	0.57622  	0.28083  	0.30627  	0.20525  	-1.1880  	0.27406  	-0.7983  	-0.4368  	0.23630  	-0.3427  	-0.2168  	-0.0998  	0.61025  	0.48694  	-0.0258  	-0.9620  	0.16507  	0.47372  	-0.3661  	0.39976  	0.13000  	-0.2523  	0.39768  	0.06809  	0.49067  	-0.0527  	-0.0087  	0.43429  	0.05303  	-0.0266  	-0.3273  	-0.3142  	0.91519  	0.01712  	0.18495  	-0.1880  	0.22538  	0.06032  	-0.0604  	0.07760  	-0.1317  	-0.0661  	-0.0418  	-0.0130  	0.01669  	-0.0727  	-0.0028  	-0.0055  	-0.0478  	-0.0166  	-0.0007  	-0.0332  	0.02249  	0.03737  	-0.0067  	-0.0471  	0.01524  	-0.0001  	-0.0500  	0.12569  	0.01415  	-0.0314  	0.44382  	
0.52797  	-0.0502  	-0.1710  	-0.7969  	-0.2469  	-1.1119  	0.13031  	0.55083  	0.23558  	0.32531  	0.42867  	-1.2230  	0.26798  	-0.6806  	-0.6289  	0.17512  	-0.4057  	-0.2426  	-0.1159  	0.67974  	0.51814  	-0.0313  	-1.0974  	0.28260  	0.44863  	-0.3928  	0.41698  	0.12546  	-0.3518  	0.35542  	0.08627  	0.49487  	-0.0084  	-0.0189  	0.55903  	0.06071  	0.03097  	-0.3475  	-0.3938  	0.94059  	0.00546  	0.18614  	-0.2407  	0.21797  	0.08817  	-0.0626  	0.09395  	-0.1696  	-0.0875  	-0.0288  	0.01294  	0.02409  	-0.0787  	-0.0084  	-0.0196  	-0.0616  	-0.0147  	-0.0030  	-0.0307  	0.02264  	0.03551  	0.00517  	-0.0429  	0.02776  	-0.0001  	-0.0500  	0.12569  	0.01415  	-0.0314  	0.44382  	
-0.0832  	-0.2108  	-0.5566  	-1.1417  	-0.3457  	-1.4247  	0.08292  	0.39191  	0.19066  	0.31385  	0.89337  	-1.1388  	0.04824  	-1.1281  	-0.8747  	0.14790  	-0.3918  	-0.2030  	-0.1344  	0.81009  	0.64148  	-0.2288  	-1.0328  	0.35038  	0.23516  	-0.3102  	0.29407  	0.21223  	-0.5023  	0.24398  	0.09479  	0.49154  	-0.0225  	-0.0007  	0.57696  	0.02483  	0.11255  	-0.2986  	-0.4402  	0.88041  	0.01383  	0.17763  	-0.3041  	0.16738  	0.09207  	-0.0480  	0.09658  	-0.2266  	-0.1075  	-0.0404  	-0.0097  	0.02751  	-0.0857  	-0.0038  	-0.0278  	-0.0739  	-0.0200  	0.00198  	-0.0290  	0.00588  	0.03655  	0.00643  	-0.0574  	0.02396  	-0.0001  	-0.0500  	0.12569  	0.01415  	-0.0314  	0.44382  	
-0.2229  	-0.3046  	-0.5165  	-1.2724  	-0.4122  	-1.5171  	0.02483  	0.39368  	0.18664  	0.36321  	0.98841  	-1.1084  	0.02556  	-1.2860  	-1.1473  	0.19615  	-0.3912  	-0.1494  	-0.1042  	0.79245  	0.53373  	-0.2146  	-0.9862  	0.23666  	0.23059  	-0.2904  	0.22545  	0.30174  	-0.4284  	0.25618  	0.08803  	0.44610  	-0.0422  	-0.0127  	0.45885  	0.09181  	0.03314  	-0.3177  	-0.3979  	0.82299  	0.06863  	0.17672  	-0.2599  	0.17742  	0.09663  	-0.0617  	0.10335  	-0.2240  	-0.1123  	-0.0202  	-0.0112  	0.01933  	-0.0727  	-0.0027  	-0.0162  	-0.0767  	-0.0135  	0.00174  	-0.0261  	0.01135  	0.03286  	-0.0057  	-0.0445  	0.02775  	-0.0001  	-0.0500  	0.12569  	0.01415  	-0.0314  	0.44382  	
-0.1053  	-0.2865  	-0.4282  	-1.3483  	-0.5087  	-1.4203  	0.02959  	0.39192  	0.18878  	0.35873  	0.89772  	-1.1727  	0.04326  	-1.3245  	-1.1506  	0.21233  	-0.3162  	-0.1417  	-0.1027  	0.75795  	0.46190  	-0.1875  	-0.9430  	0.21235  	0.29708  	-0.2918  	0.21272  	0.31935  	-0.3464  	0.24856  	0.10680  	0.44598  	-0.0434  	-0.0214  	0.36029  	0.13950  	-0.0220  	-0.3232  	-0.3722  	0.81653  	0.11424  	0.17148  	-0.2429  	0.18858  	0.09693  	-0.0609  	0.10177  	-0.2106  	-0.0957  	-0.0393  	-0.0156  	0.02055  	-0.0696  	-0.0077  	-0.0069  	-0.0780  	-0.0161  	0.00295  	-0.0176  	0.00999  	0.03545  	-0.0088  	-0.0474  	0.03051  	-0.0001  	-0.0500  	0.12569  	0.01415  	-0.0314  	0.44382  	
0.13295  	-0.2370  	-0.3450  	-1.0087  	-0.4174  	-1.1681  	0.01099  	0.42384  	0.20517  	0.25388  	0.65987  	-1.0659  	0.04447  	-1.3507  	-1.0511  	0.36348  	-0.3381  	-0.1044  	-0.0803  	0.77562  	0.42506  	-0.1842  	-0.9980  	0.15952  	0.30863  	-0.2994  	0.20689  	0.37662  	-0.2877  	0.28879  	0.09949  	0.48759  	-0.0561  	-0.0029  	0.33562  	0.12559  	-0.0618  	-0.3174  	-0.3606  	0.85710  	0.11356  	0.15619  	-0.2164  	0.20827  	0.09382  	-0.0608  	0.10060  	-0.2057  	-0.1059  	-0.0228  	-0.0114  	0.02559  	-0.0681  	-0.0072  	-0.0079  	-0.0791  	-0.0053  	-0.0006  	-0.0258  	0.01064  	0.02890  	-0.0071  	-0.0416  	0.02780  	-0.0001  	-0.0500  	0.12569  	0.01415  	-0.0314  	0.44382  	
0.29995  	-0.1697  	-0.2619  	-0.8529  	-0.2845  	-1.1318  	0.01696  	0.40172  	0.20995  	0.33990  	0.64708  	-1.0017  	0.06599  	-1.3693  	-1.0777  	0.51734  	-0.4030  	-0.1064  	-0.0929  	0.82687  	0.37137  	-0.1845  	-1.0769  	0.15681  	0.28326  	-0.3406  	0.14571  	0.44924  	-0.2547  	0.29303  	0.07286  	0.47647  	-0.0571  	-0.0120  	0.37624  	0.17194  	-0.0875  	-0.3319  	-0.3357  	0.90486  	0.10577  	0.16200  	-0.2014  	0.21550  	0.08107  	-0.0568  	0.10131  	-0.1801  	-0.0990  	-0.0329  	0.00305  	0.02242  	-0.0624  	-0.0129  	-0.0060  	-0.0811  	0.00062  	-0.0017  	-0.0226  	0.00830  	0.03170  	-0.0180  	-0.0359  	0.03389  	-0.0001  	-0.0500  	0.12569  	0.01415  	-0.0314  	0.44382  	
0.28774  	-0.1962  	-0.2145  	-0.9294  	-0.3361  	-1.1976  	0.06097  	0.37221  	0.19474  	0.36015  	0.68070  	-1.0762  	0.02151  	-1.3831  	-1.1146  	0.51443  	-0.4378  	-0.0666  	-0.1035  	0.77488  	0.35080  	-0.1627  	-1.1119  	0.12915  	0.34466  	-0.3478  	0.20011  	0.42804  	-0.2681  	0.32138  	0.06477  	0.50689  	-0.0632  	-0.0025  	0.40623  	0.21985  	-0.0519  	-0.3252  	-0.3802  	0.89492  	0.09845  	0.17579  	-0.2075  	0.20986  	0.08477  	-0.0625  	0.09229  	-0.1877  	-0.0965  	-0.0361  	-0.0004  	0.01987  	-0.0641  	-0.0062  	-0.0022  	-0.0765  	-0.0005  	0.00097  	-0.0251  	0.00895  	0.02805  	-0.0181  	-0.0364  	0.03054  	-0.0001  	-0.0500  	0.12569  	0.01415  	-0.0314  	0.44382  	
-0.0275  	-0.2667  	-0.4907  	-0.9318  	-0.3405  	-1.2835  	-0.0018  	0.36269  	0.13373  	0.28636  	0.61732  	-1.1202  	0.01008  	-1.3609  	-1.0382  	0.31209  	-0.3653  	-0.1386  	-0.0594  	0.72925  	0.39785  	-0.1712  	-1.0702  	0.23462  	0.45531  	-0.3657  	0.36050  	0.37014  	-0.2802  	0.35356  	0.04567  	0.51187  	-0.1040  	-0.0306  	0.39451  	0.20764  	-0.0242  	-0.3163  	-0.3728  	0.88961  	0.04670  	0.16858  	-0.2517  	0.21078  	0.09688  	-0.0695  	0.09638  	-0.2146  	-0.1116  	-0.0274  	0.00107  	0.03075  	-0.0686  	-0.0034  	-0.0162  	-0.0846  	0.00026  	0.00896  	-0.0241  	0.00854  	0.02615  	-0.0276  	-0.0351  	0.02720  	-0.0001  	-0.0500  	0.12569  	0.01415  	-0.0314  	0.44382  	
0.09593  	-0.2401  	-0.4356  	-1.0035  	-0.3788  	-1.2244  	0.00619  	0.41509  	0.18825  	0.21670  	0.66388  	-1.1036  	0.03704  	-1.2326  	-0.8987  	0.23829  	-0.3504  	-0.1861  	-0.1129  	0.70360  	0.49813  	-0.1447  	-0.9413  	0.18436  	0.33427  	-0.3370  	0.28726  	0.30415  	-0.3332  	0.30370  	0.06104  	0.47491  	-0.0910  	-0.0181  	0.42859  	0.13371  	0.00341  	-0.3058  	-0.4043  	0.84783  	0.07208  	0.17187  	-0.2385  	0.20166  	0.09851  	-0.0697  	0.09812  	-0.1998  	-0.1109  	-0.0328  	-0.0133  	0.02473  	-0.0660  	-0.0014  	-0.0121  	-0.0767  	-0.0009  	0.00415  	-0.0167  	0.00713  	0.03287  	-0.0144  	-0.0384  	0.03083  	-0.0001  	-0.0500  	0.12569  	0.01415  	-0.0314  	0.44382  	
0.27444  	-0.1770  	-0.2919  	-0.9085  	-0.3590  	-1.0998  	0.02454  	0.45643  	0.20752  	0.24568  	0.64141  	-1.0454  	0.08274  	-1.2121  	-0.9122  	0.31459  	-0.3729  	-0.1343  	-0.0879  	0.74172  	0.47670  	-0.1478  	-1.0033  	0.13587  	0.28305  	-0.3246  	0.20125  	0.36221  	-0.3113  	0.28913  	0.06264  	0.47928  	-0.0231  	-0.0145  	0.40643  	0.10384  	-0.0106  	-0.3063  	-0.3774  	0.86412  	0.10159  	0.17003  	-0.1942  	0.21022  	0.08262  	-0.0734  	0.09498  	-0.2053  	-0.0948  	-0.0357  	-0.0078  	0.02475  	-0.0720  	-1.9843  	-0.0101  	-0.0724  	-0.0083  	-0.0041  	-0.0200  	0.01025  	0.02859  	-0.0083  	-0.0475  	0.02977  	-0.0001  	-0.0500  	0.12569  	0.01415  	-0.0314  	0.44382  	
0.28444  	-0.1380  	-0.2780  	-0.8983  	-0.2960  	-1.1238  	0.03798  	0.46785  	0.23042  	0.30658  	0.63102  	-1.0106  	0.09906  	-1.1704  	-0.9701  	0.42493  	-0.4079  	-0.0991  	-0.0772  	0.81421  	0.41389  	-0.1682  	-1.0927  	0.09816  	0.29553  	-0.3339  	0.10839  	0.42509  	-0.2423  	0.28597  	0.06633  	0.47149  	-0.0159  	-0.0002  	0.36937  	0.12066  	-0.0695  	-0.3169  	-0.3366  	0.88917  	0.16457  	0.16246  	-0.1853  	0.21724  	0.06861  	-0.0612  	0.09973  	-0.1849  	-0.1028  	-0.0295  	-0.0145  	0.01695  	-0.0672  	0.00177  	-0.0029  	-0.0771  	-0.0026  	-0.0038  	-0.0290  	0.01171  	0.03518  	-0.0032  	-0.0474  	0.03139  	-0.0001  	-0.0500  	0.12569  	0.01415  	-0.0314  	0.44382  	
0.10128  	-0.1905  	-0.3580  	-1.0526  	-0.3929  	-1.1784  	0.02102  	0.40306  	0.21305  	0.31799  	0.67088  	-1.1201  	0.05597  	-1.2689  	-1.0984  	0.31961  	-0.3842  	-0.1136  	-0.0751  	0.75664  	0.46099  	-0.2150  	-1.0195  	0.13042  	0.33975  	-0.3391  	0.22677  	0.33823  	-0.2935  	0.28448  	0.08472  	0.48832  	-0.0402  	-0.0119  	0.39993  	0.13732  	-0.0150  	-0.3089  	-0.3689  	0.88518  	0.12671  	0.15765  	-0.2028  	0.22067  	0.09111  	-0.0604  	0.09661  	-0.2072  	-0.1107  	-0.0399  	-0.0062  	0.02412  	-0.0655  	-0.0004  	-0.0082  	-0.0794  	-0.0049  	0.00394  	-0.0259  	0.00681  	0.03741  	-0.0103  	-0.0417  	0.03156  	-0.0001  	-0.0500  	0.12569  	0.01415  	-0.0314  	0.44382  	
-0.0324  	-0.2790  	-0.4177  	-1.2332  	-0.5025  	-1.2555  	0.03730  	0.34119  	0.15589  	0.31778  	0.73001  	-1.2077  	-0.0084  	-1.4134  	-1.1386  	0.25333  	-0.3506  	-0.1258  	-0.0893  	0.71788  	0.41077  	-0.1706  	-0.9799  	0.12479  	0.34948  	-0.3164  	0.27055  	0.37540  	-0.2603  	0.28892  	0.09305  	0.47995  	-0.0785  	-0.0098  	0.33918  	0.18987  	-0.0309  	-0.2894  	-0.3792  	0.83923  	0.15442  	0.15294  	-0.2158  	0.20945  	0.10048  	-0.0646  	0.09850  	-0.2139  	-0.1240  	-0.0254  	-0.0183  	0.02823  	-0.0633  	-0.0044  	-0.0101  	-0.0833  	-0.0056  	0.00521  	-0.0244  	0.01186  	0.03694  	-0.0154  	-0.0419  	0.03146  	-0.0001  	-0.0500  	0.12569  	0.01415  	-0.0314  	0.44382  	
-0.0037  	-0.2701  	-0.4167  	-1.0874  	-0.4482  	-1.2596  	0.02502  	0.35730  	0.18589  	0.27273  	0.68113  	-1.1311  	0.05360  	-1.3937  	-1.0393  	0.30934  	-0.3233  	-0.1462  	-0.1055  	0.72586  	0.37317  	-0.1592  	-0.9190  	0.12735  	0.29807  	-0.2818  	0.21056  	0.39758  	-0.2834  	0.28847  	0.09792  	0.47157  	-0.0753  	-0.0097  	0.32073  	0.14729  	-0.0385  	-0.2886  	-0.3804  	0.84323  	0.14834  	0.15973  	-0.1984  	0.20913  	0.08336  	-0.0660  	0.10296  	-0.1962  	-0.1158  	-0.0302  	-0.0143  	0.02531  	-0.0655  	-0.0030  	-0.0073  	-0.0860  	-0.0124  	0.00118  	-0.0201  	0.01006  	0.03612  	-0.0035  	-0.0410  	0.03196  	-0.0001  	-0.0500  	0.12569  	0.01415  	-0.0314  	0.44382  	
0.02209  	-0.1972  	-0.3823  	-1.0426  	-0.4123  	-1.2676  	0.05679  	0.36995  	0.20784  	0.30786  	0.58009  	-1.0874  	0.09425  	-1.2739  	-1.0174  	0.25840  	-0.3503  	-0.0985  	-0.0991  	0.74380  	0.31482  	-0.1500  	-0.9621  	0.09026  	0.28627  	-0.3060  	0.14353  	0.43279  	-0.2074  	0.29028  	0.09572  	0.45256  	-0.0622  	0.00924  	0.27524  	0.15047  	-0.0982  	-0.3010  	-0.3522  	0.87244  	0.16204  	0.14277  	-0.1918  	0.22096  	0.07762  	-0.0691  	0.09959  	-0.1820  	-0.1074  	-0.0301  	-0.0187  	0.01928  	-0.0695  	-0.0005  	-0.0038  	-0.0818  	-0.0112  	-0.0015  	-0.0242  	0.00474  	0.03472  	-0.0015  	-0.0414  	0.03139  	-0.0001  	-0.0500  	0.12569  	0.01415  	-0.0314  	0.44382  	
0.05651  	-0.1650  	-0.3850  	-1.0226  	-0.3883  	-1.2423  	0.02800  	0.38845  	0.21028  	0.28745  	0.59569  	-1.1125  	0.07645  	-1.2938  	-0.9948  	0.27261  	-0.3365  	-0.1272  	-0.0954  	0.72628  	0.38254  	-0.1494  	-0.9650  	0.08208  	0.27229  	-0.3070  	0.15321  	0.40129  	-0.2414  	0.29579  	0.08184  	0.46557  	-0.0551  	0.00552  	0.30151  	0.13641  	-0.0633  	-0.3076  	-0.3617  	0.86292  	0.16640  	0.14549  	-0.1897  	0.21497  	0.08063  	-0.0616  	0.10073  	-0.1953  	-0.1111  	-0.0301  	-0.0190  	0.02095  	-0.0689  	0.00244  	-0.0096  	-0.0805  	-0.0098  	-0.0024  	-0.0232  	0.00638  	0.03222  	-0.0027  	-0.0455  	0.03073  	-0.0001  	-0.0500  	0.12569  	0.01415  	-0.0314  	0.44382  	
-0.0115  	-0.2536  	-0.4194  	-1.1671  	-0.4475  	-1.2409  	0.02965  	0.36813  	0.16871  	0.29368  	0.70966  	-1.1748  	0.00703  	-1.4302  	-1.1399  	0.32068  	-0.3700  	-0.1340  	-0.0804  	0.74511  	0.37254  	-0.1748  	-0.9637  	0.11077  	0.31316  	-0.3094  	0.21825  	0.40788  	-0.2412  	0.29308  	0.09089  	0.47519  	-0.0695  	-0.0060  	0.31671  	0.17612  	-0.0445  	-0.3068  	-0.3568  	0.85540  	0.15746  	0.15800  	-0.2029  	0.22368  	0.08982  	-0.0606  	0.09824  	-0.2057  	-0.1171  	-0.0329  	-0.0106  	0.03016  	-0.0679  	-0.0067  	-0.0099  	-0.0788  	-0.0089  	0.00335  	-0.0237  	0.00489  	0.03596  	-0.0110  	-0.0445  	0.03167  	-0.0001  	-0.0500  	0.12569  	0.01415  	-0.0314  	0.44382  	
0.10572  	-0.2278  	-0.4013  	-0.8784  	-0.2433  	-1.2457  	0.02635  	0.45796  	0.21696  	0.28503  	0.68959  	-0.9623  	0.10777  	-1.2036  	-0.8583  	0.35279  	-0.3852  	-0.1288  	-0.1232  	0.79389  	0.46019  	-0.1877  	-1.0293  	0.21416  	0.16949  	-0.2942  	0.19546  	0.40717  	-0.3192  	0.25442  	0.08430  	0.48486  	-0.0063  	-0.0145  	0.43680  	0.07784  	-0.0452  	-0.3275  	-0.3585  	0.89893  	0.09145  	0.17527  	-0.2381  	0.18142  	0.09128  	-0.0625  	0.10124  	-0.2045  	-0.1106  	-0.0237  	-0.0146  	0.02327  	-0.0747  	-0.0064  	-0.0107  	-0.0851  	-0.0079  	-0.0034  	-0.0196  	0.00895  	0.02720  	7.85626  	-0.0494  	0.03310  	-0.0001  	-0.0500  	0.12569  	0.01415  	-0.0314  	0.44382  	
0.61521  	-0.0655  	-0.1228  	-0.5644  	-0.1493  	-0.9395  	0.08335  	0.54088  	0.25648  	0.25533  	0.38289  	-1.0052  	0.23862  	-0.8587  	-0.5153  	0.31610  	-0.3839  	-0.2040  	-0.1089  	0.65086  	0.54430  	-0.0883  	-1.0174  	0.27797  	0.25328  	-0.3533  	0.30813  	0.17291  	-0.3966  	0.32846  	0.10333  	0.52519  	-0.0034  	-0.0163  	0.49732  	0.02391  	0.00352  	-0.3158  	-0.3696  	0.90931  	0.05552  	0.18719  	-0.2246  	0.21149  	0.08302  	-0.0669  	0.08538  	-0.1630  	-0.0862  	-0.0242  	-0.0148  	0.02010  	-0.0760  	-0.0037  	-0.0099  	-0.0615  	-0.0040  	-0.0048  	-0.0273  	0.01503  	0.03571  	0.00920  	-0.0541  	0.02563  	-0.0001  	-0.0500  	0.12569  	0.01415  	-0.0314  	0.44382  	
0.65656  	-0.0294  	-0.0583  	-0.6682  	-0.2715  	-0.9384  	0.05903  	0.60556  	0.28123  	0.24210  	0.54055  	-1.0436  	0.19221  	-0.8524  	-0.6197  	0.39403  	-0.3935  	-0.2599  	-0.0889  	0.63026  	0.66329  	-0.0905  	-0.9400  	0.27161  	0.28615  	-0.3629  	0.40215  	0.06668  	-0.4867  	0.33089  	0.07212  	0.53114  	-0.0185  	-0.0197  	0.53468  	0.01972  	0.10795  	-0.2651  	-0.4061  	0.82738  	0.04045  	0.18136  	-0.2012  	0.20926  	0.07983  	-0.0635  	0.07868  	-0.1601  	-0.0811  	-0.0274  	-0.0165  	0.02328  	-0.0646  	0.00196  	-0.0080  	-0.0617  	-0.0151  	0.00039  	-0.0309  	0.00945  	0.03486  	-0.0036  	-0.0444  	0.02077  	-0.0001  	-0.0500  	0.12569  	0.01415  	-0.0314  	0.44382  	
0.65400  	-0.0070  	0.01242  	-0.6985  	-0.3703  	-0.8987  	0.00825  	0.73623  	0.29051  	0.14540  	0.68112  	-0.9897  	0.20405  	-0.9681  	-0.6026  	0.39947  	-0.2674  	-0.4470  	-0.0113  	0.32325  	0.90247  	-0.3113  	-1.1079  	0.30186  	0.18438  	-0.2684  	0.41907  	-0.0839  	-0.5007  	0.27614  	0.18818  	0.48727  	-0.1162  	-0.1884  	0.49187  	-0.0655  	0.11967  	-0.2526  	-0.5694  	0.70204  	0.11434  	0.31415  	-0.3242  	0.27777  	0.01872  	-0.0394  	0.06125  	-0.1589  	-0.1001  	-0.0314  	-0.0189  	0.02536  	-0.0600  	0.02259  	-0.0092  	-0.0587  	-0.0197  	-0.0146  	-0.0272  	0.02414  	0.04409  	-0.0056  	-0.0604  	0.02475  	-0.0001  	-0.0500  	0.12569  	0.01415  	-0.0314  	0.44382  	
0.62511  	0.02520  	-0.0029  	-0.6852  	-0.3680  	-0.9635  	-0.0109  	0.79004  	0.28810  	0.06702  	0.74259  	-0.9620  	0.21573  	-1.0358  	-0.5325  	0.35522  	-0.1888  	-0.5902  	0.05558  	0.13710  	0.96241  	-0.5303  	-1.3315  	0.30127  	0.11449  	-0.1846  	0.39982  	-0.1711  	-0.4594  	0.24545  	0.26839  	0.44845  	-0.1829  	-0.3161  	0.46129  	-0.0982  	0.07264  	-0.2216  	-0.6758  	0.62837  	0.15538  	0.40989  	-0.4314  	0.34809  	-0.0266  	-0.0222  	0.04972  	-0.1443  	-0.1221  	-0.0448  	-0.0181  	0.03302  	-0.0626  	0.03833  	-0.0026  	-0.0621  	-0.0248  	-0.0207  	-0.0338  	0.02835  	0.04840  	-0.0121  	-0.0747  	0.02862  	-0.0001  	-0.0500  	0.12569  	0.01415  	-0.0314  	0.44382  	
0.62428  	0.02594  	-0.0033  	-0.6724  	-0.3546  	-0.9854  	-0.0278  	0.78321  	0.28415  	0.05863  	0.76369  	-0.9636  	0.23600  	-1.0274  	-0.5264  	0.34978  	-0.1796  	-0.6086  	0.05918  	0.07850  	0.95913  	-0.5764  	-1.4118  	0.30942  	0.09760  	-0.1545  	0.37249  	-0.1753  	-0.4413  	0.23484  	0.30500  	0.42873  	-0.1892  	-0.3474  	0.46397  	-0.0983  	0.04447  	-0.2295  	-0.6975  	0.60793  	0.16964  	0.43948  	-0.4550  	0.35167  	-0.0376  	-0.0187  	0.04510  	-0.1484  	-0.1278  	-0.0443  	-0.0117  	0.03429  	-0.0617  	0.03934  	-0.0005  	-0.0626  	-0.0268  	-0.0211  	-0.0301  	0.03209  	0.04609  	-0.0072  	-0.0770  	0.02839  	-0.0001  	-0.0500  	0.12569  	0.01415  	-0.0314  	0.44382  	
0.62941  	0.02464  	-0.0067  	-0.6902  	-0.3595  	-0.9821  	-0.0223  	0.77347  	0.28838  	0.06873  	0.77344  	-0.9599  	0.22155  	-1.0230  	-0.5490  	0.36589  	-0.1922  	-0.5773  	0.04397  	0.12157  	0.95031  	-0.5342  	-1.3479  	0.31026  	0.09921  	-0.1753  	0.38771  	-0.1637  	-0.4738  	0.23714  	0.28039  	0.44434  	-0.1697  	-0.3156  	0.48145  	-0.0967  	0.06967  	-0.2228  	-0.6778  	0.62127  	0.15240  	0.41174  	-0.4301  	0.33678  	-0.0273  	-0.0222  	0.05041  	-0.1534  	-0.1250  	-0.0430  	-0.0138  	0.03407  	-0.0612  	0.03704  	-0.0019  	-0.0625  	-0.0271  	-0.0189  	-0.0297  	0.03098  	0.04561  	-0.0061  	-0.0729  	0.02843  	-0.0001  	-0.0500  	0.12569  	0.01415  	-0.0314  	0.44382  	
0.63244  	0.00904  	-0.0383  	-0.7098  	-0.3672  	-0.9577  	0.00724  	0.72812  	0.30911  	0.09181  	0.76675  	-0.9642  	0.18251  	-0.9812  	-0.5990  	0.41638  	-0.2614  	-0.4472  	-0.0171  	0.32902  	0.89490  	-0.3505  	-1.1359  	0.30983  	0.14741  	-0.2564  	0.39737  	-0.0945  	-0.5479  	0.25398  	0.18705  	0.48553  	-0.0954  	-0.1843  	0.53303  	-0.0772  	0.14523  	-0.2185  	-0.5877  	0.68864  	0.09160  	0.30611  	-0.3350  	0.27341  	0.02048  	-0.0389  	0.07005  	-0.1691  	-0.1121  	-0.0341  	-0.0202  	0.03052  	-0.0623  	0.02402  	-0.0070  	-0.0612  	-0.0259  	-0.0096  	-0.0302  	0.02408  	0.04265  	-0.0028  	-0.0593  	0.02872  	-0.0001  	-0.0500  	0.12569  	0.01415  	-0.0314  	0.44382  	
0.62821  	-0.0115  	-0.0773  	-0.7344  	-0.3710  	-0.9316  	0.04258  	0.66660  	0.33219  	0.12752  	0.75765  	-0.9761  	0.13058  	-0.9332  	-0.6685  	0.47794  	-0.3512  	-0.2826  	-0.0944  	0.59443  	0.81371  	-0.1240  	-0.8780  	0.30604  	0.20716  	-0.3568  	0.40220  	0.00278  	-0.6330  	0.27648  	0.06943  	0.53730  	-0.0020  	-0.0201  	0.59867  	-0.0510  	0.23285  	-0.2155  	-0.4718  	0.77461  	0.01650  	0.17378  	-0.2168  	0.19366  	0.07863  	-0.0597  	0.09421  	-0.1883  	-0.0959  	-0.0232  	-0.0262  	0.02650  	-0.0643  	0.00735  	-0.0127  	-0.0605  	-0.0231  	0.00110  	-0.0300  	0.01509  	0.03790  	0.00045  	-0.0428  	0.02855  	-0.0001  	-0.0500  	0.12569  	0.01415  	-0.0314  	0.44382  	
0.62572  	-0.0155  	-0.0795  	-0.7334  	-0.3651  	-0.9323  	0.04282  	0.66324  	0.33081  	0.13337  	0.75696  	-0.9797  	0.12848  	-0.9400  	-0.6702  	0.47440  	-0.3482  	-0.2828  	-0.0976  	0.59873  	0.80527  	-0.1276  	-0.8802  	0.30548  	0.20515  	-0.3564  	0.40117  	0.00834  	-0.6298  	0.27735  	0.06903  	0.53781  	-0.0030  	-0.0209  	0.59809  	-0.0508  	0.22817  	-0.2165  	-0.4714  	0.77601  	0.01576  	0.17361  	-0.2170  	0.19306  	0.07789  	-0.0596  	0.09424  	-0.1890  	-0.0958  	-0.0239  	-0.0257  	0.02703  	-0.0649  	0.00674  	-0.0122  	-0.0612  	-0.0221  	0.00078  	-0.0299  	0.01439  	0.03759  	0.00023  	-0.0426  	0.02877  	-0.0001  	-0.0500  	0.12569  	0.01415  	-0.0314  	0.44382  	
0.62569  	-0.0156  	-0.0796  	-0.7332  	-0.3648  	-0.9322  	0.04286  	0.66320  	0.33076  	0.13353  	0.75684  	-0.9798  	0.12844  	-0.9403  	-0.6700  	0.47428  	-0.3481  	-0.2828  	-0.0977  	0.59900  	0.80497  	-0.1277  	-0.8803  	0.30547  	0.20516  	-0.3563  	0.40109  	0.00854  	-0.6297  	0.27741  	0.06898  	0.53781  	-0.0030  	-0.0209  	0.59802  	-0.0508  	0.22797  	-0.2165  	-0.4714  	0.77604  	0.01565  	0.17359  	-0.2170  	0.19306  	0.07790  	-0.0596  	0.09423  	-0.1890  	-0.0958  	-0.0240  	-0.0257  	0.02705  	-0.0649  	0.00670  	-0.0122  	-0.0612  	-0.0221  	0.00078  	-0.0299  	0.01434  	0.03756  	0.00021  	-0.0426  	0.02878  	-0.0001  	-0.0500  	0.12569  	0.01415  	-0.0314  	0.44382  	
0.62569  	-0.0156  	-0.0796  	-0.7332  	-0.3648  	-0.9322  	0.04286  	0.66320  	0.33076  	0.13353  	0.75684  	-0.9798  	0.12844  	-0.9403  	-0.6700  	0.47428  	-0.3481  	-0.2828  	-0.0977  	0.59900  	0.80497  	-0.1277  	-0.8803  	0.30547  	0.20516  	-0.3563  	0.40109  	0.00854  	-0.6297  	0.27741  	0.06898  	0.53781  	-0.0030  	-0.0209  	0.59802  	-0.0508  	0.22797  	-0.2165  	-0.4714  	0.77604  	0.01565  	0.17359  	-0.2170  	0.19306  	0.07790  	-0.0596  	0.09423  	-0.1890  	-0.0958  	-0.0240  	-0.0257  	0.02705  	-0.0649  	0.00670  	-0.0122  	-0.0612  	-0.0221  	0.00078  	-0.0299  	0.01434  	0.03756  	0.00021  	-0.0426  	0.02878  	-0.0001  	-0.0500  	0.12569  	0.01415  	-0.0314  	0.44382  	
0.62569  	-0.0156  	-0.0796  	-0.7332  	-0.3648  	-0.9322  	0.04286  	0.66320  	0.33076  	0.13353  	0.75684  	-0.9798  	0.12844  	-0.9403  	-0.6700  	0.47428  	-0.3481  	-0.2828  	-0.0977  	0.59900  	0.80497  	-0.1277  	-0.8803  	0.30547  	0.20516  	-0.3563  	0.40109  	0.00854  	-0.6297  	0.27741  	0.06898  	0.53781  	-0.0030  	-0.0209  	0.59802  	-0.0508  	0.22797  	-0.2165  	-0.4714  	0.77604  	0.01565  	0.17359  	-0.2170  	0.19306  	0.07790  	-0.0596  	0.09423  	-0.1890  	-0.0958  	-0.0240  	-0.0257  	0.02705  	-0.0649  	0.00670  	-0.0122  	-0.0612  	-0.0221  	0.00078  	-0.0299  	0.01434  	0.03756  	0.00021  	-0.0426  	0.02878  	-0.0001  	-0.0500  	0.12569  	0.01415  	-0.0314  	0.44382  	
0.62569  	-0.0156  	-0.0796  	-0.7332  	-0.3648  	-0.9322  	0.04286  	0.66320  	0.33076  	0.13353  	0.75684  	-0.9798  	0.12844  	-0.9403  	-0.6700  	0.47428  	-0.3481  	-0.2828  	-0.0977  	0.59900  	0.80497  	-0.1277  	-0.8803  	0.30547  	0.20516  	-0.3563  	0.40109  	0.00854  	-0.6297  	0.27741  	0.06898  	0.53781  	-0.0030  	-0.0209  	0.59802  	-0.0508  	0.22797  	-0.2165  	-0.4714  	0.77604  	0.01565  	0.17359  	-0.2170  	0.19306  	0.07790  	-0.0596  	0.09423  	-0.1890  	-0.0958  	-0.0240  	-0.0257  	0.02705  	-0.0649  	0.00670  	-0.0122  	-0.0612  	-0.0221  	0.00078  	-0.0299  	0.01434  	0.03756  	0.00021  	-0.0426  	0.02878  	-0.0001  	-0.0500  	0.12569  	0.01415  	-0.0314  	0.44382  	
0.62569  	-0.0156  	-0.0796  	-0.7332  	-0.3648  	-0.9322  	0.04286  	0.66320  	0.33076  	0.13353  	0.75684  	-0.9798  	0.12844  	-0.9403  	-0.6700  	0.47428  	-0.3481  	-0.2828  	-0.0977  	0.59900  	0.80497  	-0.1277  	-0.8803  	0.30547  	0.20516  	-0.3563  	0.40109  	0.00854  	-0.6297  	0.27741  	0.06898  	0.53781  	-0.0030  	-0.0209  	0.59802  	-0.0508  	0.22797  	-0.2165  	-0.4714  	0.77604  	0.01565  	0.17359  	-0.2170  	0.19306  	0.07790  	-0.0596  	0.09423  	-0.1890  	-0.0958  	-0.0240  	-0.0257  	0.02705  	-0.0649  	0.00670  	-0.0122  	-0.0612  	-0.0221  	0.00078  	-0.0299  	0.01434  	0.03756  	0.00021  	-0.0426  	0.02878  	-0.0001  	-0.0500  	0.12569  	0.01415  	-0.0314  	0.44382  	
0.62569  	-0.0156  	-0.0796  	-0.7332  	-0.3648  	-0.9322  	0.04286  	0.66320  	0.33076  	0.13353  	0.75684  	-0.9798  	0.12844  	-0.9403  	-0.6700  	0.47428  	-0.3481  	-0.2828  	-0.0977  	0.59900  	0.80497  	-0.1277  	-0.8803  	0.30547  	0.20516  	-0.3563  	0.40109  	0.00854  	-0.6297  	0.27741  	0.06898  	0.53781  	-0.0030  	-0.0209  	0.59802  	-0.0508  	0.22797  	-0.2165  	-0.4714  	0.77604  	0.01565  	0.17359  	-0.2170  	0.19306  	0.07790  	-0.0596  	0.09423  	-0.1890  	-0.0958  	-0.0240  	-0.0257  	0.02705  	-0.0649  	0.00670  	-0.0122  	-0.0612  	-0.0221  	0.00078  	-0.0299  	0.01434  	0.03756  	0.00021  	-0.0426  	0.02878  	-0.0001  	-0.0500  	0.12569  	0.01415  	-0.0314  	0.44382  	
0.62569  	-0.0156  	-0.0796  	-0.7332  	-0.3648  	-0.9322  	0.04286  	0.66320  	0.33076  	0.13353  	0.75684  	-0.9798  	0.12844  	-0.9403  	-0.6700  	0.47428  	-0.3481  	-0.2828  	-0.0977  	0.59900  	0.80497  	-0.1277  	-0.8803  	0.30547  	0.20516  	-0.3563  	0.40109  	0.00854  	-0.6297  	0.27741  	0.06898  	0.53781  	-0.0030  	-0.0209  	0.59802  	-0.0508  	0.22797  	-0.2165  	-0.4714  	0.77604  	0.01565  	0.17359  	-0.2170  	0.19306  	0.07790  	-0.0596  	0.09423  	-0.1890  	-0.0958  	-0.0240  	-0.0257  	0.02705  	-0.0649  	0.00670  	-0.0122  	-0.0612  	-0.0221  	0.00078  	-0.0299  	0.01434  	0.03756  	0.00021  	-0.0426  	0.02878  	-0.0001  	-0.0500  	0.12569  	0.01415  	-0.0314  	0.44382  	
0.62569  	-0.0156  	-0.0796  	-0.7332  	-0.3648  	-0.9322  	0.04286  	0.66320  	0.33076  	0.13353  	0.75684  	-0.9798  	0.12844  	-0.9403  	-0.6700  	0.47428  	-0.3481  	-0.2828  	-0.0977  	0.59900  	0.80497  	-0.1277  	-0.8803  	0.30547  	0.20516  	-0.3563  	0.40109  	0.00854  	-0.6297  	0.27741  	0.06898  	0.53781  	-0.0030  	-0.0209  	0.59802  	-0.0508  	0.22797  	-0.2165  	-0.4714  	0.77604  	0.01565  	0.17359  	-0.2170  	0.19306  	0.07790  	-0.0596  	0.09423  	-0.1890  	-0.0958  	-0.0240  	-0.0257  	0.02705  	-0.0649  	0.00670  	-0.0122  	-0.0612  	-0.0221  	0.00078  	-0.0299  	0.01434  	0.03756  	0.00021  	-0.0426  	0.02878  	-0.0001  	-0.0500  	0.12569  	0.01415  	-0.0314  	0.44382  	
0.65262  	-0.0574  	-0.0614  	-0.6671  	-0.2867  	-0.9040  	0.06088  	0.62603  	0.32200  	0.21200  	0.61057  	-1.0263  	0.19234  	-0.9123  	-0.7617  	0.48534  	-0.3612  	-0.2441  	-0.1066  	0.64242  	0.66345  	-0.1399  	-0.9743  	0.25033  	0.27604  	-0.3588  	0.36864  	0.12145  	-0.4907  	0.31911  	0.07184  	0.53276  	-0.0036  	-0.0220  	0.54213  	-0.0024  	0.10991  	-0.2654  	-0.4181  	0.81779  	0.03266  	0.17177  	-0.1855  	0.20357  	0.07750  	-0.0601  	0.08969  	-0.1725  	-0.0804  	-0.0301  	-0.0183  	0.02278  	-0.0681  	0.00100  	-0.0056  	-0.0609  	-0.0249  	-0.0083  	-0.0277  	0.01545  	0.04121  	-0.0030  	-0.0377  	0.03139  	-0.0001  	-0.0500  	0.12569  	0.01415  	-0.0314  	0.44382  	
0.57384  	-0.0818  	-0.1607  	-0.8297  	-0.3370  	-1.0625  	0.10533  	0.53208  	0.29587  	0.29208  	0.64247  	-1.0312  	0.20510  	-1.0196  	-0.9296  	0.43630  	-0.3785  	-0.1159  	-0.1333  	0.78683  	0.50806  	-0.1968  	-1.0859  	0.21225  	0.31816  	-0.3468  	0.23643  	0.31016  	-0.3310  	0.31059  	0.07641  	0.47934  	0.02175  	-0.0032  	0.45258  	0.09031  	-0.0125  	-0.3049  	-0.3704  	0.87005  	0.09624  	0.16385  	-0.1947  	0.18514  	0.08055  	-0.0618  	0.09600  	-0.1702  	-0.0895  	-0.0285  	-0.0069  	0.01794  	-0.0645  	-0.0051  	-0.0084  	-0.0687  	-0.0135  	-0.0050  	-0.0228  	0.01150  	0.03942  	-0.0148  	-0.0329  	0.03930  	-0.0001  	-0.0500  	0.12569  	0.01415  	-0.0314  	0.44382  	
0.14021  	-0.1816  	-0.3482  	-1.0226  	-0.3820  	-1.2542  	0.07188  	0.43716  	0.24380  	0.32003  	0.76182  	-1.1078  	0.07875  	-1.1213  	-1.0711  	0.30068  	-0.3556  	-0.1257  	-0.0940  	0.75473  	0.52939  	-0.2030  	-1.0595  	0.26967  	0.34141  	-0.3529  	0.27235  	0.24596  	-0.3858  	0.28078  	0.08768  	0.46354  	-0.0310  	-0.0188  	0.51287  	0.12371  	0.01708  	-0.3080  	-0.4040  	0.86991  	0.05770  	0.15561  	-0.2434  	0.18656  	0.08783  	-0.0609  	0.10543  	-0.1882  	-0.1069  	-0.0180  	-0.0090  	0.02057  	-0.0718  	-0.0038  	-0.0168  	-0.0791  	-0.0081  	0.00214  	-0.0303  	0.00214  	0.03049  	-0.0099  	-0.0348  	0.03148  	-0.0001  	-0.0500  	0.12569  	0.01415  	-0.0314  	0.44382  	
-0.0098  	-0.2940  	-0.4911  	-1.1299  	-0.4375  	-1.2938  	0.02801  	0.34791  	0.18996  	0.32036  	0.72796  	-1.0934  	0.04661  	-1.3824  	-1.1170  	0.25863  	-0.3594  	-0.1403  	-0.0807  	0.77753  	0.43685  	-0.1875  	-0.9935  	0.15362  	0.35635  	-0.2958  	0.20916  	0.34826  	-0.3022  	0.30620  	0.08461  	0.46199  	-0.0451  	-0.0121  	0.34995  	0.15984  	-0.0448  	-0.3101  	-0.3685  	0.86584  	0.09555  	0.17330  	-0.2332  	0.19952  	0.10089  	-0.0578  	0.09995  	-0.1960  	-0.1122  	-0.0362  	-0.0116  	0.02439  	-0.0678  	-0.0056  	-0.0127  	-0.0832  	-0.0019  	0.00414  	-0.0232  	0.01443  	0.03400  	-0.0147  	-0.0491  	0.02943  	-0.0001  	-0.0500  	0.12569  	0.01415  	-0.0314  	0.44382  	
-0.0930  	-0.2672  	-0.4796  	-1.1776  	-0.4710  	-1.3540  	0.06386  	0.32914  	0.16729  	0.35850  	0.71865  	-1.1108  	0.06743  	-1.3873  	-1.1447  	0.25791  	-0.3610  	-0.0961  	-0.1002  	0.81355  	0.34280  	-0.1923  	-0.9880  	0.08591  	0.32914  	-0.3096  	0.16848  	0.44010  	-0.2306  	0.30110  	0.10367  	0.45278  	-0.0615  	-0.0043  	0.29956  	0.18497  	-0.0798  	-0.3303  	-0.3533  	0.86922  	0.14014  	0.16855  	-0.2125  	0.21004  	0.09864  	-0.0664  	0.10038  	-0.1839  	-0.1030  	-0.0300  	-0.0149  	0.02271  	-0.0704  	-0.0034  	-0.0075  	-0.0820  	-0.0095  	-0.0017  	-0.0264  	0.00779  	0.03638  	-0.0049  	-0.0387  	0.03095  	-0.0001  	-0.0500  	0.12569  	0.01415  	-0.0314  	0.44382  	
-0.0259  	-0.2755  	-0.4811  	-1.0607  	-0.3667  	-1.3541  	-0.0161  	0.41258  	0.15711  	0.33568  	0.81228  	-1.0285  	0.02130  	-1.3820  	-1.0988  	0.31831  	-0.3679  	-0.1090  	-0.0720  	0.79271  	0.44668  	-0.2367  	-1.0302  	0.20238  	0.28949  	-0.3121  	0.22334  	0.37172  	-0.3403  	0.28616  	0.11405  	0.48893  	-0.0505  	-0.0326  	0.40678  	0.14008  	-0.0543  	-0.3286  	-0.3758  	0.88412  	0.08197  	0.18151  	-0.2441  	0.17884  	0.09672  	-0.0583  	0.10237  	-0.2016  	-0.1092  	-0.0189  	-0.0046  	0.02289  	-0.0719  	-0.0064  	-0.0159  	-0.0809  	-0.0099  	0.00114  	-0.0290  	0.00877  	0.02808  	-0.0079  	-0.0513  	0.02766  	-0.0001  	-0.0500  	0.12569  	0.01415  	-0.0314  	0.44382  	
0.51441  	-0.1119  	-0.1948  	-0.6401  	-0.1378  	-1.0491  	0.08588  	0.59596  	0.22000  	0.19967  	0.56648  	-0.9849  	0.25799  	-0.9145  	-0.5580  	0.37829  	-0.4087  	-0.1974  	-0.1100  	0.73664  	0.5559  	-0.1906  	-1.0666  	0.26875  	0.18267  	-0.3220  	0.29774  	0.27649  	-0.4150  	0.30212  	0.10836  	0.47241  	0.02022  	-0.0158  	0.47911  	0.00856  	-0.0042  	-0.3262  	-0.3773  	0.89428  	0.01346  	0.19039  	-0.2077  	0.18470  	0.08579  	-0.0555  	0.09248  	-0.1690  	-0.0938  	-0.0308  	-0.0226  	0.01429  	-0.0766  	-0.0084  	-0.0146  	-0.0721  	-0.0031  	-0.0190  	-0.0153  	0.01194  	0.03930  	-0.0186  	-0.0661  	0.01763  	-0.0001  	-0.0500  	0.12569  	0.01415  	-0.0314  	0.44382  	
0.72215  	-0.0697  	-0.0710  	-0.5361  	-0.1760  	-0.9127  	0.13619  	0.57932  	0.24562  	0.27000  	0.28381  	-1.1062  	0.30519  	-0.7594  	-0.4593  	0.23749  	-0.3831  	-0.2915  	-0.1249  	0.56508  	0.50781  	-0.0162  	-0.9091  	0.20821  	0.35503  	-0.3548  	0.39080  	0.09069  	-0.3119  	0.36224  	0.09811  	0.49267  	-0.0266  	0.00043  	0.50441  	0.05739  	-0.0136  	-0.3096  	-0.3153  	0.88361  	0.04331  	0.18593  	-0.1935  	0.22881  	0.06388  	-0.0709  	0.08148  	-0.1281  	-0.0693  	-0.0424  	-0.0002  	0.02520  	-0.0642  	-0.0038  	-0.0054  	-0.0544  	-0.0208  	-0.0060  	-0.0351  	0.01393  	0.03828  	-0.0002  	-0.0427  	0.02468  	-0.0001  	-0.0500  	0.12569  	0.01415  	-0.0314  	0.44382  	
0.57679  	-0.0483  	-0.1041  	-0.6603  	-0.2420  	-0.9508  	0.10567  	0.54737  	0.20322  	0.28822  	0.40967  	-1.1940  	0.23739  	-0.9210  	-0.6414  	0.27508  	-0.3633  	-0.2503  	-0.0970  	0.54912  	0.57650  	-0.0709  	-0.9711  	0.24886  	0.41536  	-0.3402  	0.45321  	0.07256  	-0.3964  	0.36331  	0.07008  	0.50205  	-0.0833  	-0.0258  	0.53131  	0.07153  	0.05686  	-0.2957  	-0.3749  	0.86925  	0.03695  	0.20105  	-0.1969  	0.22320  	0.06888  	-0.0585  	0.08214  	-0.1596  	-0.0847  	-0.0213  	-0.0046  	0.02594  	-0.0650  	-0.0032  	-0.0039  	-0.0684  	-0.0154  	-0.0051  	-0.0333  	0.01141  	0.03351  	-0.0050  	-0.0477  	0.02177  	-0.0001  	-0.0500  	0.12569  	0.01415  	-0.0314  	0.44382  	
0.37691  	-0.1424  	-0.2673  	-0.7666  	-0.3003  	-1.1058  	0.07092  	0.43535  	0.18873  	0.32442  	0.65845  	-1.0499  	0.05762  	-1.2548  	-0.9318  	0.39970  	-0.3974  	-0.1280  	-0.0957  	0.76022  	0.42247  	-0.1206  	-1.0855  	0.19081  	0.34782  	-0.3729  	0.28868  	0.32688  	-0.2776  	0.31607  	0.04333  	0.49261  	-0.0459  	-0.0027  	0.45551  	0.17133  	-0.0481  	-0.3019  	-0.3555  	0.88245  	0.05669  	0.19012  	-0.2253  	0.21264  	0.08771  	-0.0681  	0.10094  	-0.1784  	-0.0893  	-0.0279  	-0.0038  	0.02196  	-0.0687  	0.00206  	-0.0048  	-0.0808  	-0.0054  	-0.0007  	-0.0280  	0.01176  	0.02547  	-0.0130  	-0.0276  	0.03314  	-0.0001  	-0.0500  	0.12569  	0.01415  	-0.0314  	0.44382  	
0.24040  	-0.1768  	-0.3200  	-0.8964  	-0.3019  	-1.1798  	0.09401  	0.38447  	0.19303  	0.33724  	0.64140  	-1.0748  	0.05347  	-1.3460  	-1.1277  	0.44760  	-0.4119  	-0.0741  	-0.1090  	0.79090  	0.29614  	-0.1363  	-1.1077  	0.10995  	0.38060  	-0.3485  	0.19006  	0.50711  	-0.1830  	0.32933  	0.04248  	0.48610  	-0.0718  	-0.0041  	0.36991  	0.24456  	-0.1099  	-0.3331  	-0.3300  	0.89384  	0.10369  	0.18404  	-0.2100  	0.21172  	0.09194  	-0.0668  	0.09377  	-0.1858  	-0.0877  	-0.0370  	0.00848  	0.02204  	-0.0606  	-0.0061  	-0.0005  	-0.0799  	-0.0001  	0.00319  	-0.0237  	0.01029  	0.03123  	-0.0148  	-0.0368  	0.03390  	-0.0001  	-0.0500  	0.12569  	0.01415  	-0.0314  	0.44382  	
0.07983  	-0.2490  	-0.4406  	-1.0083  	-0.3786  	-1.2698  	0.06162  	0.34494  	0.17334  	0.36088  	0.68744  	-1.0927  	0.03586  	-1.3606  	-1.1840  	0.35885  	-0.3973  	-0.0965  	-0.1051  	0.78671  	0.34384  	-0.1772  	-1.0670  	0.15098  	0.38131  	-0.3323  	0.21203  	0.46897  	-0.2173  	0.32947  	0.06350  	0.48417  	-0.0717  	-0.0134  	0.38640  	0.24628  	-0.0762  	-0.3315  	-0.3629  	0.89698  	0.10081  	0.17661  	-0.2183  	0.21488  	0.09458  	-0.0694  	0.09532  	-0.2063  	-0.1084  	-0.0398  	0.00093  	0.02433  	-0.0681  	-0.0051  	-0.0028  	-0.0794  	0.00164  	0.00524  	-0.0231  	0.00709  	0.02649  	-0.0167  	-0.0424  	0.03760  	-0.0001  	-0.0500  	0.12569  	0.01415  	-0.0314  	0.44382  	
0.08491  	-0.2434  	-0.4199  	-1.0144  	-0.4116  	-1.1933  	-0.0044  	0.39497  	0.16651  	0.19670  	0.60797  	-1.1025  	0.03377  	-1.3545  	-0.9300  	0.30623  	-0.3429  	-0.1696  	-0.0900  	0.71227  	0.42522  	-0.1282  	-0.9115  	0.18519  	0.35388  	-0.3129  	0.31233  	0.31506  	-0.3176  	0.30065  	0.08898  	0.50937  	-0.0743  	-0.0145  	0.39585  	0.14325  	0.00390  	-0.2844  	-0.4037  	0.84820  	0.08792  	0.17395  	-0.2374  	0.20253  	0.09424  	-0.0615  	0.10282  	-0.2089  	-0.1115  	-0.0334  	-0.0113  	0.02732  	-0.0635  	-0.0039  	-0.0066  	-0.0807  	-0.0095  	0.00068  	-0.0163  	0.01105  	0.03338  	-0.0171  	-0.0375  	0.03239  	-0.0001  	-0.0500  	0.12569  	0.01415  	-0.0314  	0.44382  	
0.23365  	-0.2042  	-0.3686  	-0.6922  	-0.2411  	-1.0831  	0.01400  	0.44295  	0.20130  	0.19231  	0.52476  	-0.9314  	0.09960  	-1.1764  	-0.7616  	0.29486  	-0.3638  	-0.1485  	-0.1183  	0.75687  	0.39366  	-0.1203  	-1.0044  	0.20241  	0.31981  	-0.3156  	0.27423  	0.39270  	-0.2736  	0.33783  	0.07311  	0.46587  	-0.0347  	0.00351  	0.40837  	0.11899  	-0.0525  	-0.3356  	-0.3816  	0.87701  	0.03700  	0.19059  	-0.2359  	0.19419  	0.10215  	-0.0682  	0.09587  	-0.2061  	-0.1098  	-0.0256  	-0.0069  	0.02001  	-0.0700  	-0.0065  	-0.0106  	-0.0754  	0.00623  	0.00302  	-0.0168  	0.00511  	0.02856  	-0.0055  	-0.0414  	0.03177  	-0.0001  	-0.0500  	0.12569  	0.01415  	-0.0314  	0.44382  	
0.38504  	-0.0921  	-0.2852  	-0.3870  	-0.0891  	-1.0228  	-0.0285  	0.56177  	0.23843  	0.15978  	0.33841  	-0.9249  	0.23473  	-1.0441  	-0.5111  	0.27508  	-0.2873  	-0.3315  	-0.0390  	0.52611  	0.43110  	-0.3621  	-1.3450  	0.19561  	0.25830  	-0.2231  	0.20894  	0.35051  	-0.1526  	0.34202  	0.17902  	0.41297  	-0.1067  	-0.1533  	0.35529  	0.02582  	-0.1848  	-0.3516  	-0.4379  	0.84527  	0.10672  	0.31074  	-0.3505  	0.29716  	0.02615  	-0.0458  	0.06504  	-0.1582  	-0.1132  	-0.0343  	0.01366  	0.02857  	-0.0785  	0.01067  	0.00078  	-0.0781  	-0.0067  	-0.0072  	-0.0239  	0.01479  	0.03271  	-0.0096  	-0.0604  	0.02716  	-0.0001  	-0.0500  	0.12569  	0.01415  	-0.0314  	0.44382  	
0.59708  	-0.0411  	-0.1973  	-0.2600  	0.01672  	-0.9123  	0.03533  	0.63283  	0.21751  	0.16753  	0.23744  	-1.0067  	0.35659  	-0.8684  	-0.2594  	0.12593  	-0.2046  	-0.5251  	-0.0261  	0.21191  	0.49820  	-0.4553  	-1.5148  	0.21525  	0.29463  	-0.1790  	0.36406  	0.19751  	-0.0233  	0.39435  	0.22644  	0.40106  	-0.2026  	-0.2861  	0.36986  	0.03198  	-0.2884  	-0.3751  	-0.5101  	0.77992  	0.12546  	0.43310  	-0.4498  	0.33940  	-0.0103  	-0.0275  	0.04500  	-0.1381  	-0.1059  	-0.0504  	0.01120  	0.02349  	-0.0679  	0.01232  	0.00338  	-0.0660  	-0.0166  	-0.0216  	-0.0211  	0.03024  	0.04588  	-0.0169  	-0.0795  	0.02767  	-0.0001  	-0.0500  	0.12569  	0.01415  	-0.0314  	0.44382  	
0.53570  	-0.0522  	-0.2130  	-0.3024  	-0.0503  	-0.9719  	0.00239  	0.66909  	0.22080  	0.16834  	0.36492  	-0.9382  	0.35153  	-0.9510  	-0.3797  	0.23145  	-0.2187  	-0.5261  	0.03913  	0.16465  	0.61525  	-0.4902  	-1.5439  	0.19497  	0.24496  	-0.1617  	0.29914  	0.10491  	-0.0639  	0.36832  	0.25350  	0.38108  	-0.2281  	-0.3378  	0.35887  	0.00490  	-0.2546  	-0.3396  	-0.5591  	0.73703  	0.18454  	0.45824  	-0.4607  	0.34814  	-0.0345  	-0.0192  	0.03963  	-0.1367  	-0.1143  	-0.0591  	0.01263  	0.02841  	-0.0649  	0.02183  	0.00298  	-0.0665  	-0.0186  	-0.0248  	-0.0191  	0.03233  	0.03787  	-0.0168  	-0.0882  	0.02893  	-0.0001  	-0.0500  	0.12569  	0.01415  	-0.0314  	0.44382  	
0.33413  	-0.1449  	-0.2289  	-0.6249  	-0.1490  	-1.2106  	0.03637  	0.57441  	0.15930  	0.18719  	0.51199  	-0.9624  	0.23678  	-1.0925  	-0.5622  	0.22130  	-0.2039  	-0.4735  	0.01955  	0.24901  	0.68458  	-0.5339  	-1.5206  	0.27910  	0.24787  	-0.1856  	0.35691  	0.12361  	-0.1506  	0.28826  	0.26363  	0.38978  	-0.2355  	-0.3065  	0.39462  	0.02166  	-0.1236  	-0.3341  	-0.6139  	0.77491  	0.12480  	0.44538  	-0.4601  	0.33519  	-0.0143  	-0.0289  	0.04212  	-0.1737  	-0.1153  	-0.0614  	-0.0061  	0.02517  	-0.0708  	0.02805  	0.00504  	-0.0730  	-0.0087  	-0.0269  	-0.0106  	0.04066  	0.03951  	0.00058  	-0.0770  	0.03459  	-0.0001  	-0.0500  	0.12569  	0.01415  	-0.0314  	0.44382  	
0.12937  	-0.1710  	-0.3186  	-0.9739  	-0.2764  	-1.2610  	0.02670  	0.47434  	0.19176  	0.27233  	0.62637  	-1.0606  	0.10396  	-1.3170  	-0.9118  	0.28390  	-0.2856  	-0.2704  	-0.0235  	0.52173  	0.51151  	-0.3924  	-1.2978  	0.20622  	0.23435  	-0.2224  	0.21236  	0.26426  	-0.2037  	0.27376  	0.19362  	0.41678  	-0.1582  	-0.1777  	0.33086  	0.10438  	-0.1283  	-0.3254  	-0.4903  	0.82367  	0.13337  	0.31302  	-0.3477  	0.27456  	0.02991  	-0.0430  	0.07464  	-0.1815  	-0.1103  	-0.0417  	-0.0088  	0.02591  	-0.0688  	0.01912  	-0.0020  	-0.0838  	-0.0088  	-0.0185  	-0.0173  	0.02700  	0.03186  	-0.0128  	-0.0632  	0.03285  	-0.0001  	-0.0500  	0.12569  	0.01415  	-0.0314  	0.44382  	
0.02922  	-0.2403  	-0.3850  	-1.0365  	-0.3857  	-1.2488  	0.07419  	0.37624  	0.18611  	0.30002  	0.69964  	-1.1110  	0.04778  	-1.3116  	-1.0730  	0.27862  	-0.3816  	-0.1059  	-0.1051  	0.78443  	0.40662  	-0.1655  	-1.0036  	0.14354  	0.33000  	-0.3210  	0.18637  	0.36398  	-0.2687  	0.28593  	0.08577  	0.45766  	-0.0966  	-0.0062  	0.34356  	0.15770  	-0.0419  	-0.3168  	-0.3463  	0.88168  	0.11369  	0.16650  	-0.2356  	0.20060  	0.08684  	-0.0701  	0.10229  	-0.2059  	-0.1102  	-0.0303  	-0.0118  	0.02310  	-0.0689  	-0.0034  	-0.0067  	-0.0812  	-0.0023  	-4.5775  	-0.0253  	0.00865  	0.03359  	-0.0081  	-0.0344  	0.03160  	-0.0001  	-0.0500  	0.12569  	0.01415  	-0.0314  	0.44382  	
0.15109  	-0.2003  	-0.3366  	-0.8485  	-0.2915  	-1.2201  	0.04090  	0.38445  	0.18606  	0.25402  	0.69191  	-1.1293  	0.04885  	-1.3369  	-0.9992  	0.39510  	-0.3747  	-0.1698  	-0.0794  	0.77763  	0.45176  	-0.1752  	-1.0410  	0.20940  	0.41205  	-0.3451  	0.32077  	0.33192  	-0.2963  	0.34233  	0.03734  	0.50663  	-0.0867  	-0.0141  	0.43463  	0.17656  	-0.0146  	-0.2980  	-0.3999  	0.89379  	0.05734  	0.18171  	-0.2508  	0.19519  	0.07916  	-0.0687  	0.09049  	-0.1836  	-0.1051  	-0.0388  	-0.0030  	0.02713  	-0.0661  	0.00023  	-0.0112  	-0.0761  	-0.0047  	0.00110  	-0.0159  	0.01326  	0.02643  	-0.0225  	-0.0295  	0.02597  	-0.0001  	-0.0500  	0.12569  	0.01415  	-0.0314  	0.44382  	
0.34611  	-0.1814  	-0.3899  	-0.4478  	-0.0639  	-1.0676  	0.03829  	0.46831  	0.19985  	0.20233  	0.48802  	-1.0059  	0.14853  	-1.1293  	-0.7385  	0.43357  	-0.3755  	-0.1586  	-0.0959  	0.83129  	0.41386  	-0.1540  	-1.1945  	0.22458  	0.49718  	-0.3640  	0.31688  	0.42333  	-0.1946  	0.41070  	0.02082  	0.45195  	-0.0754  	0.01432  	0.51848  	0.14403  	-0.0927  	-0.3487  	-0.3560  	0.91030  	-0.0221  	0.20222  	-0.2604  	0.18635  	0.10290  	-0.0615  	0.08238  	-0.1909  	-0.1007  	-0.0336  	0.00361  	0.01970  	-0.0671  	-0.0110  	-0.0104  	-0.0677  	0.00871  	0.00368  	-0.0196  	0.01526  	0.01949  	-0.0243  	-0.0348  	0.03420  	-0.0001  	-0.0500  	0.12569  	0.01415  	-0.0314  	0.44382  	
0.43992  	-0.0952  	-0.4756  	-0.2092  	0.10933  	-1.0189  	0.07401  	0.51742  	0.19415  	0.12914  	0.26681  	-0.9901  	0.22759  	-0.8285  	-0.3800  	0.32966  	-0.4017  	-0.2404  	-0.1115  	0.79284  	0.36917  	-0.0542  	-1.1875  	0.16165  	0.54429  	-0.3562  	0.37163  	0.50537  	-0.1190  	0.49279  	0.00658  	0.46879  	-0.0604  	0.03175  	0.55221  	0.11546  	-0.1418  	-0.3671  	-0.3356  	0.90007  	-0.0560  	0.22178  	-0.2670  	0.17842  	0.08555  	-0.0619  	0.08825  	-0.1887  	-0.0919  	-0.0430  	0.00656  	0.01186  	-0.0680  	-0.0119  	-0.0178  	-0.0546  	0.00657  	0.00538  	-0.0116  	0.01205  	0.02665  	-0.0056  	-0.0529  	0.01901  	-0.0001  	-0.0500  	0.12569  	0.01415  	-0.0314  	0.44382  	
0.43492  	-0.0969  	-0.4030  	-0.2718  	0.03790  	-0.9875  	0.03479  	0.50834  	0.20089  	0.13114  	0.17986  	-0.9948  	0.24343  	-0.8148  	-0.3848  	0.27757  	-0.3808  	-0.1934  	-0.1206  	0.71837  	0.37023  	-0.0506  	-1.1174  	0.18310  	0.46795  	-0.3507  	0.31157  	0.45458  	-0.1072  	0.44872  	0.00565  	0.49649  	-0.0444  	0.00128  	0.50662  	0.06521  	-0.1408  	-0.3476  	-0.3282  	0.91072  	-0.0084  	0.20119  	-0.2469  	0.21193  	0.08284  	-0.0638  	0.08966  	-0.1946  	-0.0848  	-0.0311  	-0.0061  	0.01956  	-0.0705  	-0.0084  	-0.0081  	-0.0618  	-0.0066  	-0.0035  	-0.0133  	0.01700  	0.02593  	0.00301  	-0.0592  	0.01934  	-0.0001  	-0.0500  	0.12569  	0.01415  	-0.0314  	0.44382  	
0.40346  	-0.1175  	-0.3257  	-0.4662  	-0.0794  	-0.9648  	0.06453  	0.52270  	0.20590  	0.22679  	0.28487  	-1.0401  	0.16748  	-1.0405  	-0.6435  	0.39524  	-0.4029  	-0.1512  	-0.1119  	0.73100  	0.38999  	-0.0621  	-1.0952  	0.20077  	0.41306  	-0.3774  	0.25561  	0.39557  	-0.1692  	0.35619  	-0.0064  	0.48900  	-0.0491  	-0.0056  	0.43124  	0.12927  	-0.1132  	-0.3566  	-0.3336  	0.93894  	0.00122  	0.18904  	-0.2236  	0.22836  	0.07726  	-0.0684  	0.09974  	-0.1772  	-0.0843  	-0.0279  	0.00132  	0.01622  	-0.0710  	-0.0021  	-0.0098  	-0.0710  	-0.0039  	-0.0050  	-0.0240  	0.01172  	0.02371  	-0.0146  	-0.0496  	0.02467  	-0.0001  	-0.0500  	0.12569  	0.01415  	-0.0314  	0.44382  	
0.45802  	-0.1462  	-0.2693  	-0.6955  	-0.1808  	-1.0537  	0.05249  	0.42288  	0.20289  	0.30923  	0.59053  	-0.9896  	0.05723  	-1.2401  	-0.9422  	0.46033  	-0.4327  	-0.1053  	-0.1081  	0.76803  	0.40774  	-0.1131  	-1.0713  	0.22026  	0.36822  	-0.3621  	0.30608  	0.37083  	-0.2752  	0.34460  	0.04552  	0.50725  	-0.0575  	-0.0165  	0.46564  	0.16844  	-0.0346  	-0.3234  	-0.3735  	0.89530  	0.04925  	0.18898  	-0.2167  	0.21742  	0.08952  	-0.0639  	0.09281  	-0.1868  	-0.0847  	-0.0305  	0.01082  	0.02053  	-0.0595  	-0.0082  	-0.0076  	-0.0697  	0.00236  	6.64809  	-0.0173  	0.01465  	0.02469  	-0.0178  	-0.0352  	0.02760  	-0.0001  	-0.0500  	0.12569  	0.01415  	-0.0314  	0.44382  	
0.40327  	-0.1896  	-0.2536  	-0.7270  	-0.1887  	-1.1107  	0.08250  	0.39555  	0.19390  	0.37438  	0.59310  	-1.0354  	0.04642  	-1.2963  	-1.0256  	0.50893  	-0.4344  	-0.1052  	-0.0887  	0.78842  	0.34457  	-0.1472  	-1.1086  	0.17504  	0.42576  	-0.3732  	0.31254  	0.41943  	-0.2779  	0.35566  	0.03986  	0.52404  	-0.0765  	-0.0125  	0.44714  	0.22840  	-0.0397  	-0.3178  	-0.3623  	0.88890  	0.04068  	0.20137  	-0.2132  	0.21853  	0.08488  	-0.0603  	0.09034  	-0.1825  	-0.0910  	-0.0327  	0.00600  	0.02361  	-0.0640  	-0.0058  	-0.0028  	-0.0727  	0.00169  	0.00122  	-0.0227  	0.01059  	0.02550  	-0.0188  	-0.0356  	0.02759  	-0.0001  	-0.0500  	0.12569  	0.01415  	-0.0314  	0.44382  	
0.34442  	-0.1866  	-0.2979  	-0.8637  	-0.2814  	-1.1226  	0.08499  	0.35930  	0.18301  	0.31656  	0.60118  	-1.1117  	0.06293  	-1.3031  	-1.0475  	0.44598  	-0.4157  	-0.1289  	-0.0965  	0.76204  	0.37322  	-0.1592  	-1.0945  	0.13435  	0.38964  	-0.3640  	0.25401  	0.43046  	-0.2504  	0.33681  	0.05351  	0.51613  	-0.0882  	-0.0018  	0.42197  	0.24306  	-0.0501  	-0.3159  	-0.3486  	0.88927  	0.07617  	0.18355  	-0.2171  	0.21463  	0.09205  	-0.0637  	0.09242  	-0.1932  	-0.0969  	-0.0326  	0.00485  	0.02328  	-0.0597  	-0.0057  	-0.0016  	-0.0762  	-0.0005  	-8.4920  	-0.0200  	0.00674  	0.02543  	-0.0126  	-0.0397  	0.03101  	-0.0001  	-0.0500  	0.12569  	0.01415  	-0.0314  	0.44382  	
0.33635  	-0.1512  	-0.2937  	-0.8640  	-0.2830  	-1.0902  	0.06999  	0.37202  	0.18146  	0.23123  	0.60748  	-1.1382  	0.04463  	-1.2669  	-0.9405  	0.35011  	-0.3999  	-0.1537  	-0.1106  	0.74391  	0.45938  	-0.1662  	-1.0108  	0.16652  	0.34025  	-0.3495  	0.25383  	0.36766  	-0.3133  	0.32407  	0.04898  	0.51107  	-0.0818  	-0.0006  	0.47362  	0.18776  	-0.0050  	-0.2951  	-0.4002  	0.87531  	0.08062  	0.18632  	-0.2211  	0.20764  	0.08051  	-0.0614  	0.08970  	-0.2082  	-0.1040  	-0.0369  	0.00708  	0.02329  	-0.0579  	-0.0065  	-0.0056  	-0.0801  	-0.0007  	0.00468  	-0.0194  	0.00478  	0.02197  	-0.0150  	-0.0339  	0.03033  	-0.0001  	-0.0500  	0.12569  	0.01415  	-0.0314  	0.44382  	
0.36285  	-0.1395  	-0.2861  	-0.7752  	-0.2821  	-1.0962  	0.05789  	0.44319  	0.19438  	0.17779  	0.61954  	-1.1064  	0.04531  	-1.1795  	-0.7624  	0.29425  	-0.3974  	-0.1932  	-0.1013  	0.70842  	0.55930  	-0.1359  	-0.9834  	0.21805  	0.32817  	-0.3481  	0.29944  	0.26976  	-0.3918  	0.31771  	0.04543  	0.52726  	-0.0485  	-0.0119  	0.51238  	0.11852  	0.07030  	-0.2851  	-0.4200  	0.85492  	0.05754  	0.17982  	-0.2312  	0.20254  	0.08255  	-0.0633  	0.09273  	-0.2083  	-0.1055  	-0.0370  	-0.0097  	0.02051  	-0.0647  	-0.0007  	-0.0073  	-0.0783  	-0.0004  	-0.0004  	-0.0215  	0.01195  	0.02455  	-0.0108  	-0.0356  	0.03209  	-0.0001  	-0.0500  	0.12569  	0.01415  	-0.0314  	0.44382  	
0.46293  	-0.0786  	-0.2261  	-0.7400  	-0.3022  	-1.0619  	0.04582  	0.54259  	0.24718  	0.16181  	0.65930  	-1.0675  	0.11747  	-1.0322  	-0.6506  	0.36021  	-0.3653  	-0.2298  	-0.1061  	0.64451  	0.68430  	-0.1382  	-0.9810  	0.26987  	0.28776  	-0.3522  	0.35126  	0.12982  	-0.4927  	0.28882  	0.05588  	0.52068  	-0.0255  	-0.0136  	0.57636  	0.02571  	0.13927  	-0.2558  	-0.4554  	0.83400  	0.03085  	0.18531  	-0.2314  	0.19652  	0.08268  	-0.0573  	0.10237  	-0.2142  	-0.1066  	-0.0275  	-0.0209  	0.02476  	-0.0672  	0.00257  	-0.0062  	-0.0737  	-0.0178  	-0.0002  	-0.0259  	0.00692  	0.03779  	-0.0037  	-0.0438  	0.02641  	-0.0001  	-0.0500  	0.12569  	0.01415  	-0.0314  	0.44382  	
0.58983  	-0.0249  	-0.1249  	-0.7003  	-0.3479  	-0.9546  	0.03526  	0.64330  	0.32000  	0.11368  	0.69602  	-1.0146  	0.13744  	-0.9495  	-0.6198  	0.42724  	-0.3550  	-0.2645  	-0.0893  	0.61495  	0.79916  	-0.1160  	-0.9134  	0.28535  	0.23205  	-0.3602  	0.39678  	0.03231  	-0.5911  	0.27824  	0.06658  	0.53418  	-0.0070  	-0.0254  	0.60088  	-0.0433  	0.20898  	-0.2330  	-0.4780  	0.79603  	0.01917  	0.17051  	-0.2268  	0.19299  	0.08406  	-0.0609  	0.09731  	-0.1957  	-0.1010  	-0.0221  	-0.0249  	0.02345  	-0.0679  	0.00054  	-0.0119  	-0.0622  	-0.0166  	-0.0002  	-0.0299  	0.01205  	0.03776  	-0.0011  	-0.0470  	0.02591  	-0.0001  	-0.0500  	0.12569  	0.01415  	-0.0314  	0.44382  	
0.62585  	-0.0131  	-0.0824  	-0.7288  	-0.3612  	-0.9323  	0.04440  	0.66073  	0.33045  	0.13294  	0.75515  	-0.9800  	0.12804  	-0.9409  	-0.6677  	0.47239  	-0.3490  	-0.2843  	-0.0992  	0.60120  	0.80228  	-0.1272  	-0.8828  	0.30399  	0.20598  	-0.3552  	0.39780  	0.01260  	-0.6256  	0.27797  	0.06855  	0.53665  	-0.0018  	-0.0207  	0.59683  	-0.0498  	0.22583  	-0.2173  	-0.4701  	0.77646  	0.01579  	0.17391  	-0.2167  	0.19324  	0.07804  	-0.0595  	0.09451  	-0.1893  	-0.0961  	-0.0238  	-0.0255  	0.02707  	-0.0651  	0.00663  	-0.0122  	-0.0613  	-0.0217  	0.00063  	-0.0300  	0.01417  	0.03733  	0.00052  	-0.0429  	0.02884  	-0.0001  	-0.0500  	0.12569  	0.01415  	-0.0314  	0.44382  	
0.62697  	-0.0141  	-0.0874  	-0.7242  	-0.3590  	-0.9284  	0.04315  	0.66153  	0.32970  	0.13122  	0.74895  	-0.9815  	0.12936  	-0.9427  	-0.6596  	0.47111  	-0.3453  	-0.2859  	-0.0995  	0.60020  	0.79984  	-0.1255  	-0.8810  	0.30700  	0.20645  	-0.3546  	0.39827  	0.01093  	-0.6268  	0.27883  	0.06960  	0.53715  	-0.0030  	-0.0206  	0.59671  	-0.0512  	0.22345  	-0.2170  	-0.4689  	0.77617  	0.01491  	0.17300  	-0.2169  	0.19353  	0.07783  	-0.0590  	0.09428  	-0.1903  	-0.0961  	-0.0244  	-0.0259  	0.02737  	-0.0654  	0.00617  	-0.0122  	-0.0617  	-0.0216  	0.00078  	-0.0301  	0.01375  	0.03731  	0.00090  	-0.0426  	0.02862  	-0.0001  	-0.0500  	0.12569  	0.01415  	-0.0314  	0.44382  	
0.61652  	-0.0153  	-0.0925  	-0.7268  	-0.3627  	-0.9378  	0.04222  	0.65785  	0.32839  	0.13050  	0.75363  	-0.9783  	0.12458  	-0.9444  	-0.6616  	0.46562  	-0.3446  	-0.2851  	-0.1023  	0.60021  	0.79853  	-0.1283  	-0.8791  	0.30374  	0.20489  	-0.3530  	0.39171  	0.01904  	-0.6232  	0.27595  	0.07073  	0.53485  	-0.0022  	-0.0206  	0.59553  	-0.0534  	0.22271  	-0.2180  	-0.4708  	0.77309  	0.01960  	0.17159  	-0.2167  	0.19326  	0.07729  	-0.0591  	0.09440  	-0.1905  	-0.0979  	-0.0233  	-0.0261  	0.02809  	-0.0662  	0.00554  	-0.0125  	-0.0620  	-0.0216  	0.00051  	-0.0298  	0.01290  	0.03752  	0.00080  	-0.0442  	0.02847  	-0.0001  	-0.0500  	0.12569  	0.01415  	-0.0314  	0.44382  	
0.54799  	-0.0188  	-0.1242  	-0.7561  	-0.3657  	-0.9962  	0.02457  	0.62244  	0.31425  	0.14792  	0.76585  	-0.9647  	0.11377  	-0.9661  	-0.7136  	0.44236  	-0.3409  	-0.2652  	-0.1182  	0.62223  	0.77469  	-0.1436  	-0.8979  	0.27040  	0.18955  	-0.3444  	0.34936  	0.06859  	-0.5869  	0.27042  	0.08166  	0.52027  	-0.0016  	-0.0200  	0.57138  	-0.0536  	0.19817  	-0.2263  	-0.4794  	0.78140  	0.04769  	0.16198  	-0.2222  	0.19050  	0.07416  	-0.0578  	0.09649  	-0.1968  	-0.1071  	-0.0162  	-0.0232  	0.02662  	-0.0650  	0.00180  	-0.0147  	-0.0652  	-0.0210  	-0.0019  	-0.0259  	0.01015  	0.03817  	0.00536  	-0.0436  	0.02616  	-0.0001  	-0.0500  	0.12569  	0.01415  	-0.0314  	0.44382  	
0.52553  	-0.0312  	-0.1600  	-0.7471  	-0.3508  	-1.0262  	0.02584  	0.60516  	0.29741  	0.15228  	0.76384  	-0.9703  	0.11291  	-0.9767  	-0.7017  	0.43391  	-0.3427  	-0.2552  	-0.1163  	0.62843  	0.76213  	-0.1437  	-0.9103  	0.26564  	0.18883  	-0.3416  	0.34804  	0.07882  	-0.5767  	0.27114  	0.07842  	0.52097  	-0.0156  	-0.0199  	0.57017  	-0.0556  	0.19184  	-0.2291  	-0.4774  	0.78940  	0.04021  	0.17040  	-0.2298  	0.18639  	0.08051  	-0.0560  	0.09624  	-0.2014  	-0.1098  	-0.0121  	-0.0241  	0.02771  	-0.0643  	0.00309  	-0.0116  	-0.0663  	-0.0226  	-0.0028  	-0.0243  	0.00699  	0.03938  	0.00452  	-0.0461  	0.02680  	-0.0001  	-0.0500  	0.12569  	0.01415  	-0.0314  	0.44382  	
0.56689  	-0.0337  	-0.1461  	-0.7246  	-0.3428  	-0.9806  	0.03589  	0.62802  	0.31520  	0.15711  	0.74336  	-0.9937  	0.12127  	-0.9751  	-0.6608  	0.43609  	-0.3407  	-0.2768  	-0.1128  	0.62856  	0.77722  	-0.1328  	-0.9053  	0.28478  	0.21091  	-0.3486  	0.38543  	0.04665  	-0.5981  	0.27041  	0.07226  	0.52748  	-0.0131  	-0.0222  	0.58241  	-0.0485  	0.21056  	-0.2218  	-0.4791  	0.79212  	0.02481  	0.16617  	-0.2308  	0.19315  	0.08244  	-0.0577  	0.09603  	-0.2007  	-0.1075  	-0.0163  	-0.0244  	0.02641  	-0.0665  	0.00195  	-0.0125  	-0.0628  	-0.0204  	-0.0017  	-0.0241  	0.00972  	0.03905  	0.00301  	-0.0472  	0.02732  	-0.0001  	-0.0500  	0.12569  	0.01415  	-0.0314  	0.44382  	
0.60942  	-0.0152  	-0.0957  	-0.7341  	-0.3662  	-0.9422  	0.04674  	0.65145  	0.32813  	0.13105  	0.75652  	-0.9876  	0.12010  	-0.9560  	-0.6598  	0.45451  	-0.3449  	-0.2797  	-0.0981  	0.61235  	0.80258  	-0.1281  	-0.8847  	0.30009  	0.21374  	-0.3552  	0.39835  	0.02104  	-0.6180  	0.27074  	0.07126  	0.53406  	-0.0042  	-0.0227  	0.59541  	-0.0511  	0.22054  	-0.2192  	-0.4752  	0.78076  	0.02008  	0.16955  	-0.2166  	0.19320  	0.07943  	-0.0595  	0.09501  	-0.1899  	-0.0991  	-0.0198  	-0.0247  	0.02700  	-0.0667  	0.00462  	-0.0125  	-0.0617  	-0.0195  	0.00019  	-0.0295  	0.01241  	0.03632  	0.00015  	-0.0445  	0.02730  	-0.0001  	-0.0500  	0.12569  	0.01415  	-0.0314  	0.44382  	
0.62944  	-0.0093  	-0.0773  	-0.7344  	-0.3734  	-0.9306  	0.04373  	0.66422  	0.33079  	0.12178  	0.75119  	-0.9826  	0.12925  	-0.9347  	-0.6580  	0.47215  	-0.3506  	-0.2816  	-0.0926  	0.59632  	0.81633  	-0.1199  	-0.8790  	0.30884  	0.21304  	-0.3567  	0.40547  	0.00067  	-0.6293  	0.27718  	0.06992  	0.53647  	-0.0027  	-0.0199  	0.60091  	-0.0510  	0.22973  	-0.2178  	-0.4723  	0.77774  	0.01417  	0.17441  	-0.2174  	0.19309  	0.07874  	-0.0602  	0.09496  	-0.1883  	-0.0955  	-0.0228  	-0.0262  	0.02614  	-0.0645  	0.00706  	-0.0130  	-0.0603  	-0.0226  	0.00148  	-0.0305  	0.01484  	0.03744  	0.00053  	-0.0421  	0.02818  	-0.0001  	-0.0500  	0.12569  	0.01415  	-0.0314  	0.44382  	
0.62600  	-0.0147  	-0.0734  	-0.7356  	-0.3673  	-0.9339  	0.04440  	0.66468  	0.32993  	0.13491  	0.76151  	-0.9805  	0.12645  	-0.9390  	-0.6761  	0.47571  	-0.3507  	-0.2805  	-0.0970  	0.60019  	0.80787  	-0.1278  	-0.8799  	0.30437  	0.20558  	-0.3566  	0.40100  	0.01120  	-0.6281  	0.27566  	0.06772  	0.53837  	-0.0015  	-0.0208  	0.59581  	-0.0496  	0.23039  	-0.2161  	-0.4717  	0.77586  	0.01694  	0.17353  	-0.2164  	0.19380  	0.07823  	-0.0600  	0.09447  	-0.1880  	-0.0958  	-0.0236  	-0.0260  	0.02690  	-0.0647  	0.00691  	-0.0118  	-0.0610  	-0.0219  	0.00045  	-0.0297  	0.01468  	0.03794  	-9.2506  	-0.0428  	0.02861  	-0.0001  	-0.0500  	0.12569  	0.01415  	-0.0314  	0.44382  	
0.59879  	-0.0432  	-0.1682  	-0.4959  	-0.1259  	-0.9402  	0.09176  	0.59636  	0.27231  	0.20463  	0.50588  	-0.9606  	0.23491  	-0.8156  	-0.6116  	0.42589  	-0.3899  	-0.2338  	-0.1129  	0.71524  	0.56686  	-0.1301  	-1.0810  	0.23411  	0.38209  	-0.3870  	0.37436  	0.25973  	-0.3517  	0.37205  	0.01789  	0.49408  	-0.0236  	-0.0144  	0.52775  	0.04672  	0.02094  	-0.3147  	-0.3819  	0.85681  	0.01319  	0.20839  	-0.2275  	0.19489  	0.09060  	-0.0545  	0.08663  	-0.1676  	-0.0836  	-0.0256  	-0.0088  	0.02275  	-0.0717  	-0.0024  	-0.0088  	-0.0628  	-0.0187  	-0.0034  	-0.0236  	0.00565  	0.03465  	-0.0078  	-0.0534  	0.01772  	-0.0001  	-0.0500  	0.12569  	0.01415  	-0.0314  	0.44382  	
0.55060  	-0.0451  	-0.3828  	-0.1497  	0.12911  	-1.0349  	0.08752  	0.57534  	0.25337  	0.20112  	0.26855  	-0.9324  	0.31953  	-0.6113  	-0.3674  	0.26230  	-0.4268  	-0.2375  	-0.1328  	0.77226  	0.38406  	-0.0647  	-1.2424  	0.22458  	0.49706  	-0.4038  	0.33532  	0.39989  	-0.1594  	0.45084  	-0.0236  	0.44461  	-0.0298  	0.00161  	0.53143  	0.10836  	-0.1303  	-0.3776  	-0.3034  	0.96982  	-0.0801  	0.23763  	-0.2668  	0.19042  	0.10312  	-0.0584  	0.09121  	-0.1759  	-0.0843  	-0.0467  	-0.0064  	0.02136  	-0.0732  	-0.0085  	-0.0168  	-0.0724  	0.00017  	-0.0082  	-0.0198  	0.01134  	0.02971  	-0.0072  	-0.0467  	0.02251  	-0.0001  	-0.0500  	0.12569  	0.01415  	-0.0314  	0.44382  	
0.47069  	-0.0787  	-0.4803  	0.12934  	0.32009  	-1.0348  	0.08212  	0.57239  	0.25121  	0.14453  	0.21069  	-0.8876  	0.34772  	-0.5015  	-0.2516  	0.21341  	-0.4379  	-0.2833  	-0.1742  	0.80387  	0.31591  	-0.0649  	-1.2863  	0.25645  	0.52232  	-0.3896  	0.35096  	0.47237  	-0.1494  	0.50727  	-0.0321  	0.44625  	-0.0296  	0.02230  	0.59758  	0.07174  	-0.1730  	-0.3901  	-0.3065  	0.97395  	-0.1042  	0.24055  	-0.2768  	0.16944  	0.09843  	-0.0628  	0.09243  	-0.1873  	-0.0932  	-0.0309  	-0.0061  	0.01716  	-0.0788  	-0.0128  	-0.0209  	-0.0636  	0.00829  	-0.0061  	-0.0237  	0.00938  	0.02282  	-0.0093  	-0.0562  	0.00534  	-0.0001  	-0.0500  	0.12569  	0.01415  	-0.0314  	0.44382  	
0.39986  	-0.0991  	-0.4839  	-0.0872  	0.16623  	-1.1248  	0.05134  	0.49749  	0.20569  	0.15177  	0.18097  	-0.9158  	0.30320  	-0.7125  	-0.3266  	0.27609  	-0.3967  	-0.2078  	-0.1614  	0.80739  	0.30044  	-0.0321  	-1.2163  	0.23145  	0.49579  	-0.3652  	0.33078  	0.48245  	-0.1221  	0.47669  	-0.0227  	0.46251  	-0.0153  	0.05238  	0.55641  	0.08252  	-0.1907  	-0.3871  	-0.3087  	0.95197  	-0.0780  	0.23554  	-0.2817  	0.17639  	0.09721  	-0.0632  	0.10529  	-0.1839  	-0.0885  	-0.0390  	0.00051  	0.02425  	-0.0702  	-0.0041  	-0.0155  	-0.0600  	-0.0094  	-0.0032  	-0.0142  	0.00764  	0.02407  	-0.0026  	-0.0538  	0.01278  	-0.0001  	-0.0500  	0.12569  	0.01415  	-0.0314  	0.44382  	
0.34115  	-0.1354  	-0.4318  	-0.4369  	-0.0461  	-1.0154  	0.06296  	0.46467  	0.23704  	0.22993  	0.27111  	-0.9417  	0.24340  	-1.0033  	-0.6607  	0.41767  	-0.4050  	-0.1356  	-0.0959  	0.81875  	0.32029  	-0.0734  	-1.1498  	0.16887  	0.36523  	-0.3257  	0.20431  	0.50523  	-0.1676  	0.40648  	0.00833  	0.47456  	-0.0255  	0.03107  	0.41078  	0.09315  	-0.1640  	-0.3538  	-0.3231  	0.92302  	0.01545  	0.19580  	-0.2370  	0.20304  	0.09158  	-0.0593  	0.09412  	-0.1618  	-0.0902  	-0.0277  	-0.0122  	0.01270  	-0.0722  	-0.0073  	-0.0096  	-0.0672  	-0.0061  	0.00579  	-0.0170  	0.00648  	0.02221  	-0.0165  	-0.0559  	0.01863  	-0.0001  	-0.0500  	0.12569  	0.01415  	-0.0314  	0.44382  	
0.40466  	-0.1469  	-0.2858  	-0.7510  	-0.1871  	-1.0843  	0.10179  	0.45886  	0.23547  	0.28411  	0.52379  	-1.0447  	0.19066  	-1.1697  	-0.9590  	0.42400  	-0.4400  	-0.1523  	-0.1137  	0.77442  	0.36897  	-0.1340  	-1.1186  	0.18720  	0.37277  	-0.3307  	0.20681  	0.41089  	-0.2560  	0.33559  	0.06729  	0.47829  	-0.0472  	0.00826  	0.44373  	0.12335  	-0.1029  	-0.3385  	-0.3235  	0.92885  	0.06904  	0.18315  	-0.2103  	0.18291  	0.07851  	-0.0631  	0.09085  	-0.1741  	-0.1021  	-0.0264  	0.00077  	0.01561  	-0.0704  	-0.0101  	-0.0120  	-0.0799  	-0.0113  	0.00748  	-0.0194  	0.00236  	0.03261  	-0.0197  	-0.0334  	0.02369  	-0.0001  	-0.0500  	0.12569  	0.01415  	-0.0314  	0.44382  	
0.07186  	-0.2132  	-0.4475  	-0.8771  	-0.2311  	-1.2580  	0.10223  	0.39898  	0.20897  	0.31464  	0.76626  	-1.0126  	0.04997  	-1.1962  	-1.0537  	0.34807  	-0.4325  	-0.1068  	-0.1055  	0.81575  	0.42566  	-0.1880  	-1.1161  	0.24565  	0.35777  	-0.3462  	0.17718  	0.40255  	-0.2667  	0.31301  	0.07756  	0.44405  	-0.0389  	0.00667  	0.45286  	0.16098  	-0.0666  	-0.3402  	-0.3660  	0.89686  	0.05235  	0.18103  	-0.2215  	0.19167  	0.09357  	-0.0667  	0.09018  	-0.2125  	-0.0996  	-0.0185  	0.00834  	0.01324  	-0.0703  	-0.0009  	-0.0059  	-0.0782  	0.00220  	0.00289  	-0.0183  	0.01931  	0.01815  	-0.0103  	-0.0327  	0.03501  	-0.0001  	-0.0500  	0.12569  	0.01415  	-0.0314  	0.44382  	
-0.0545  	-0.2495  	-0.5120  	-0.9180  	-0.2556  	-1.3794  	0.02511  	0.41394  	0.17867  	0.32349  	0.71545  	-0.9653  	0.06001  	-1.2567  	-0.9433  	0.23859  	-0.4009  	-0.1355  	-0.0963  	0.78897  	0.47537  	-0.1955  	-1.0393  	0.16144  	0.29738  	-0.3379  	0.24097  	0.37138  	-0.3000  	0.31941  	0.06861  	0.47025  	-0.0394  	-0.0055  	0.43428  	0.12318  	-0.0436  	-0.3423  	-0.3669  	0.89363  	0.03970  	0.17946  	-0.2751  	0.19110  	0.10783  	-0.0627  	0.10292  	-0.2147  	-0.1090  	-0.0176  	-0.0066  	0.01905  	-0.0753  	0.00143  	-0.0129  	-0.0787  	-0.0061  	0.00058  	-0.0227  	0.01630  	0.02754  	-0.0166  	-0.0438  	0.02713  	-0.0001  	-0.0500  	0.12569  	0.01415  	-0.0314  	0.44382  	
0.03908  	-0.2368  	-0.4720  	-0.9797  	-0.3409  	-1.2409  	-0.0111  	0.39061  	0.17097  	0.25726  	0.70052  	-1.0471  	0.06707  	-1.2710  	-1.0155  	0.25553  	-0.3778  	-0.1440  	-0.0879  	0.74870  	0.43923  	-0.1540  	-0.9927  	0.17407  	0.33708  	-0.3339  	0.19294  	0.35970  	-0.3001  	0.32055  	0.08335  	0.46102  	-0.0752  	-0.0148  	0.36776  	0.13468  	-0.0408  	-0.3257  	-0.3619  	0.86450  	0.07434  	0.17648  	-0.2360  	0.18627  	0.09493  	-0.0640  	0.10102  	-0.2091  	-0.1133  	-0.0264  	-0.0161  	0.01916  	-0.0736  	-0.0025  	-0.0102  	-0.0769  	-0.0024  	-0.0024  	-0.0245  	0.00943  	0.02978  	-0.0149  	-0.0406  	0.03068  	-0.0001  	-0.0500  	0.12569  	0.01415  	-0.0314  	0.44382  	
0.23785  	-0.1835  	-0.2878  	-0.9273  	-0.3495  	-1.1404  	-0.0044  	0.43349  	0.19225  	0.28633  	0.61828  	-1.0380  	0.05271  	-1.2845  	-1.0628  	0.40452  	-0.3867  	-0.1326  	-0.0802  	0.75698  	0.41832  	-0.1710  	-1.0090  	0.15595  	0.30041  	-0.3228  	0.19932  	0.35946  	-0.2939  	0.30724  	0.06363  	0.47807  	-0.0420  	-0.0054  	0.38685  	0.15062  	-0.0235  	-0.3078  	-0.3638  	0.87665  	0.09783  	0.16352  	-0.2015  	0.21036  	0.09074  	-0.0690  	0.09877  	-0.1939  	-0.1002  	-0.0314  	-0.0109  	0.01783  	-0.0743  	-0.0037  	-0.0062  	-0.0777  	-0.0024  	0.00375  	-0.0254  	0.00333  	0.02393  	-0.0112  	-0.0359  	0.03423  	-0.0001  	-0.0500  	0.12569  	0.01415  	-0.0314  	0.44382  	
0.28346  	-0.1571  	-0.2551  	-0.9437  	-0.3502  	-1.1641  	0.02201  	0.41668  	0.23081  	0.36601  	0.70249  	-0.9817  	0.08027  	-1.2977  	-1.1921  	0.45218  	-0.4004  	-0.0894  	-0.0755  	0.80569  	0.38362  	-0.1863  	-1.0705  	0.12202  	0.27641  	-0.3240  	0.13532  	0.42523  	-0.2486  	0.29787  	0.07904  	0.47371  	-0.0431  	-0.0006  	0.38215  	0.18265  	-0.0644  	-0.3239  	-0.3474  	0.88726  	0.12589  	0.17119  	-0.1913  	0.20939  	0.08718  	-0.0588  	0.09521  	-0.1782  	-0.0951  	-0.0273  	0.00375  	0.01885  	-0.0651  	-0.0063  	-0.0023  	-0.0757  	-0.0045  	0.00154  	-0.0225  	0.00955  	0.02576  	-0.0107  	-0.0426  	0.03336  	-0.0001  	-0.0500  	0.12569  	0.01415  	-0.0314  	0.44382  	
0.12802  	-0.1794  	-0.3480  	-1.0062  	-0.3812  	-1.1899  	0.03385  	0.37004  	0.18874  	0.36290  	0.71277  	-1.0779  	-0.0007  	-1.3063  	-1.1962  	0.39700  	-0.3852  	-0.1020  	-0.0908  	0.79100  	0.41001  	-0.1838  	-1.0720  	0.15922  	0.33867  	-0.3402  	0.21489  	0.40148  	-0.2383  	0.30988  	0.06026  	0.49210  	-0.0708  	-0.0153  	0.37252  	0.20410  	-0.0456  	-0.3302  	-0.3630  	0.87648  	0.11403  	0.16930  	-0.2112  	0.20665  	0.09128  	-0.0611  	0.08878  	-0.2004  	-0.1000  	-0.0335  	-0.0007  	0.01758  	-0.0663  	-0.0026  	-0.0021  	-0.0752  	0.00063  	0.00233  	-0.0241  	0.00979  	0.03036  	-0.0119  	-0.0345  	0.03517  	-0.0001  	-0.0500  	0.12569  	0.01415  	-0.0314  	0.44382  	
0.01232  	-0.2108  	-0.3906  	-1.1107  	-0.4620  	-1.2385  	0.02709  	0.32636  	0.16051  	0.32215  	0.71149  	-1.1175  	-0.0086  	-1.3737  	-1.1592  	0.32322  	-0.3578  	-0.1202  	-0.0784  	0.78220  	0.42880  	-0.1877  	-1.0150  	0.16835  	0.35852  	-0.3329  	0.23931  	0.35648  	-0.2881  	0.30480  	0.06434  	0.49232  	-0.0911  	-0.0134  	0.38264  	0.20404  	-0.0055  	-0.3120  	-0.3826  	0.85458  	0.11757  	0.17005  	-0.2191  	0.20483  	0.09719  	-0.0652  	0.10041  	-0.2160  	-0.1035  	-0.0306  	-0.0018  	0.02191  	-0.0651  	0.00429  	-0.0052  	-0.0780  	-0.0040  	0.00238  	-0.0160  	0.00666  	0.02938  	-0.0092  	-0.0375  	0.02793  	-0.0001  	-0.0500  	0.12569  	0.01415  	-0.0314  	0.44382  	
-0.1426  	-0.2338  	-0.4613  	-1.0866  	-0.4310  	-1.3540  	0.00477  	0.35632  	0.15693  	0.34589  	0.74342  	-1.1281  	-0.0114  	-1.3238  	-1.0691  	0.22789  	-0.3736  	-0.1230  	-0.0858  	0.75595  	0.45981  	-0.1871  	-0.9872  	0.15707  	0.33527  	-0.3356  	0.22539  	0.34582  	-0.3009  	0.30929  	0.08180  	0.48876  	-0.0779  	-0.0102  	0.36618  	0.15728  	-0.0272  	-0.3198  	-0.3672  	0.84289  	0.08865  	0.17744  	-0.2630  	0.19191  	0.09283  	-0.0622  	0.09455  	-0.2121  	-0.1110  	-0.0335  	-0.0089  	0.02159  	-0.0602  	-0.0006  	-0.0114  	-0.0791  	-0.0002  	0.00391  	-0.0201  	0.00608  	0.03482  	-0.0117  	-0.0394  	0.03360  	-0.0001  	-0.0500  	0.12569  	0.01415  	-0.0314  	0.44382  	
-0.1476  	-0.2226  	-0.4957  	-1.1501  	-0.4104  	-1.4152  	0.03100  	0.39192  	0.15424  	0.38526  	0.80782  	-1.1085  	0.03783  	-1.2923  	-1.1351  	0.22518  	-0.4042  	-0.1261  	-0.0991  	0.77696  	0.42976  	-0.1735  	-1.0197  	0.16331  	0.29125  	-0.3177  	0.19528  	0.37974  	-0.2880  	0.29343  	0.08317  	0.45441  	-0.0566  	-0.0173  	0.35881  	0.14877  	-0.0674  	-0.3312  	-0.3622  	0.84682  	0.08886  	0.18912  	-0.2438  	0.18274  	0.09479  	-0.0651  	0.09939  	-0.2080  	-0.1132  	-0.0246  	-0.0160  	0.02134  	-0.0701  	-0.0043  	-0.0131  	-0.0843  	-0.0045  	0.00291  	-0.0211  	0.00711  	0.03484  	-0.0060  	-0.0488  	0.02994  	-0.0001  	-0.0500  	0.12569  	0.01415  	-0.0314  	0.44382  	
0.05975  	-0.2009  	-0.4296  	-0.9714  	-0.2830  	-1.3063  	0.03239  	0.49503  	0.21545  	0.27961  	0.73795  	-0.9762  	0.11217  	-1.1870  	-0.9796  	0.31886  	-0.3960  	-0.1423  	-0.1102  	0.83335  	0.42588  	-0.2419  	-1.0811  	0.19804  	0.21930  	-0.2799  	0.18037  	0.41844  	-0.2543  	0.30712  	0.10732  	0.45462  	-0.0104  	-0.0033  	0.42404  	0.09951  	-0.0805  	-0.3378  	-0.3352  	0.90915  	0.05800  	0.19223  	-0.2430  	0.17205  	0.08910  	-0.0718  	0.10094  	-0.2076  	-0.1087  	-0.0208  	-0.0043  	0.02152  	-0.0835  	-0.0015  	-0.0177  	-0.0705  	-0.0158  	-0.0109  	-0.0273  	0.01691  	0.02967  	-0.0016  	-0.0516  	0.02610  	-0.0001  	-0.0500  	0.12569  	0.01415  	-0.0314  	0.44382  	
0.40212  	-0.0312  	-0.1543  	-0.7733  	-0.2900  	-0.9796  	0.01194  	0.62706  	0.24374  	0.20850  	0.49342  	-0.9990  	0.17728  	-0.9234  	-0.7122  	0.41376  	-0.3517  	-0.1906  	-0.0464  	0.74501  	0.60621  	-0.1222  	-0.9738  	0.20577  	0.28976  	-0.3393  	0.27066  	0.30242  	-0.3390  	0.32837  	0.08315  	0.47840  	-0.0202  	0.00644  	0.46134  	0.02254  	0.01168  	-0.2995  	-0.3627  	0.84025  	0.05532  	0.16123  	-0.1941  	0.19669  	0.06722  	-0.0667  	0.09773  	-0.1714  	-0.0965  	-0.0243  	-0.0123  	0.02174  	-0.0734  	-0.0037  	-0.0140  	-0.0567  	-0.0192  	-0.0095  	-0.0235  	0.01454  	0.04275  	-0.0088  	-0.0455  	0.02598  	-0.0001  	-0.0500  	0.12569  	0.01415  	-0.0314  	0.44382  	
0.38731  	-0.1062  	-0.2932  	-0.6876  	-0.2183  	-1.0961  	0.07354  	0.48843  	0.19755  	0.22442  	0.61956  	-0.9931  	0.15024  	-1.0160  	-0.6647  	0.26898  	-0.3974  	-0.2299  	-0.1028  	0.73498  	0.56865  	-0.1216  	-1.0561  	0.29101  	0.28906  	-0.3376  	0.37601  	0.23576  	-0.3871  	0.33287  	0.07777  	0.50282  	-0.0284  	-0.0098  	0.53651  	0.09544  	0.00497  	-0.3255  	-0.4161  	0.88016  	0.01590  	0.20301  	-0.2572  	0.19545  	0.07723  	-0.0674  	0.10024  	-0.1847  	-0.0960  	-0.0335  	-0.0092  	0.03352  	-0.0681  	0.00510  	-0.0193  	-0.0829  	-0.0159  	0.00610  	-0.0206  	0.00661  	0.03491  	-0.0114  	-0.0509  	0.01697  	-0.0001  	-0.0500  	0.12569  	0.01415  	-0.0314  	0.44382  	
0.57890  	-0.0982  	-0.2247  	-0.4442  	-0.1491  	-0.9894  	0.09263  	0.54536  	0.21175  	0.25315  	0.28515  	-0.9854  	0.26959  	-0.7898  	-0.4434  	0.25056  	-0.3827  	-0.2744  	-0.1230  	0.66894  	0.47389  	-0.0777  	-1.0166  	0.31131  	0.22579  	-0.3424  	0.35277  	0.17247  	-0.3446  	0.33912  	0.07080  	0.46943  	-0.0273  	-0.0154  	0.50833  	0.02353  	-0.0603  	-0.3743  	-0.3441  	0.91747  	0.00034  	0.19526  	-0.2404  	0.21373  	0.10117  	-0.0625  	0.07804  	-0.1811  	-0.0945  	-0.0376  	-0.0124  	0.02174  	-0.0787  	-0.0091  	-0.0235  	-0.0647  	-0.0120  	-0.0030  	-0.0230  	0.00763  	0.02901  	0.01138  	-0.0705  	0.02431  	-0.0001  	-0.0500  	0.12569  	0.01415  	-0.0314  	0.44382  	
0.72123  	-0.0381  	-0.0595  	-0.4741  	-0.0790  	-0.8846  	0.13248  	0.56537  	0.25266  	0.31405  	0.07412  	-1.2120  	0.36258  	-0.5747  	-0.2999  	0.14410  	-0.3809  	-0.2517  	-0.1386  	0.52246  	0.42796  	0.00677  	-0.9297  	0.14142  	0.44388  	-0.3791  	0.42720  	0.14399  	-0.1804  	0.43775  	0.09432  	0.47839  	-0.0398  	0.00650  	0.42415  	0.05777  	-0.0989  	-0.3560  	-0.3086  	0.90866  	0.03740  	0.18990  	-0.1867  	0.22090  	0.08019  	-0.0668  	0.07186  	-0.1401  	-0.0643  	-0.0359  	-0.0052  	0.01763  	-0.0679  	-0.0085  	-0.0062  	-0.0491  	-0.0143  	-0.0011  	-0.0312  	0.01753  	0.04311  	-0.0001  	-0.0455  	0.01938  	-0.0001  	-0.0500  	0.12569  	0.01415  	-0.0314  	0.44382  	
0.48735  	-0.0365  	-0.2792  	-0.5475  	-0.1225  	-1.1239  	0.09192  	0.45771  	0.18725  	0.32784  	0.17764  	-1.2774  	0.28886  	-0.7037  	-0.4752  	0.09318  	-0.3626  	-0.3071  	-0.1202  	0.58375  	0.43811  	-0.0392  	-1.0062  	0.28742  	0.50683  	-0.3877  	0.58362  	0.11752  	-0.2572  	0.45373  	0.06003  	0.50694  	-0.0732  	-0.0147  	0.54951  	0.07275  	-0.0188  	-0.3546  	-0.3551  	0.90722  	-0.0202  	0.22187  	-0.2362  	0.21203  	0.08308  	-0.0627  	0.08269  	-0.1668  	-0.0852  	-0.0388  	0.00394  	0.02703  	-0.0804  	-0.0099  	-0.0118  	-0.0634  	-0.0170  	-0.0069  	-0.0178  	0.01885  	0.03593  	-0.0057  	-0.0615  	0.01958  	-0.0001  	-0.0500  	0.12569  	0.01415  	-0.0314  	0.44382  	
0.15253  	-0.2059  	-0.3977  	-0.8472  	-0.2776  	-1.2296  	0.09094  	0.41615  	0.24828  	0.24357  	0.65564  	-1.0272  	0.09848  	-1.1551  	-0.8992  	0.33508  	-0.4081  	-0.1404  	-0.1247  	0.78458  	0.48200  	-0.1601  	-1.0849  	0.22939  	0.26438  	-0.3359  	0.21224  	0.37562  	-0.3364  	0.30570  	0.08782  	0.47989  	-0.0280  	0.00263  	0.45712  	0.11936  	-0.0157  	-0.3378  	-0.3720  	0.88968  	0.05211  	0.17182  	-0.2384  	0.20325  	0.09316  	-0.0567  	0.09573  	-0.1925  	-0.0966  	-0.0194  	-0.0109  	0.01801  	-0.0760  	-0.0037  	-0.0099  	-0.0747  	-0.0090  	0.00057  	-0.0244  	0.00921  	0.03752  	-0.0044  	-0.0523  	0.02685  	-0.0001  	-0.0500  	0.12569  	0.01415  	-0.0314  	0.44382  	
-0.1081  	-0.2832  	-0.5320  	-1.0593  	-0.3205  	-1.3955  	0.07672  	0.38945  	0.17952  	0.35676  	0.82646  	-1.0254  	0.05289  	-1.3261  	-1.1532  	0.25395  	-0.4181  	-0.0957  	-0.1200  	0.82979  	0.43591  	-0.2196  	-1.0775  	0.19793  	0.29369  	-0.3280  	0.17908  	0.38524  	-0.2904  	0.28512  	0.08055  	0.45205  	-0.0283  	-0.0075  	0.41689  	0.15461  	-0.0533  	-0.3471  	-0.3469  	0.89411  	0.06863  	0.18738  	-0.2642  	0.18253  	0.09636  	-0.0545  	0.09936  	-0.2111  	-0.1087  	-0.0206  	-0.0083  	0.02055  	-0.0743  	-0.0078  	-0.0102  	-0.0811  	-0.0011  	0.00471  	-0.0253  	0.01717  	0.02829  	-0.0155  	-0.0441  	0.02538  	-0.0001  	-0.0500  	0.12569  	0.01415  	-0.0314  	0.44382  	
-0.1925  	-0.3302  	-0.5782  	-1.0560  	-0.2747  	-1.4669  	0.05707  	0.36351  	0.17793  	0.36996  	0.86572  	-1.0028  	0.05797  	-1.3160  	-1.0581  	0.23577  	-0.4086  	-0.1382  	-0.1257  	0.82019  	0.48101  	-0.2169  	-1.0422  	0.16984  	0.25771  	-0.3102  	0.20815  	0.36721  	-0.3326  	0.30045  	0.08420  	0.43730  	-0.0413  	-0.0013  	0.46906  	0.11774  	-0.0411  	-0.3371  	-0.3789  	0.86539  	0.04051  	0.19014  	-0.2727  	0.17286  	0.10538  	-0.0707  	0.10165  	-0.2242  	-0.1158  	-0.0184  	-0.0053  	0.01808  	-0.0729  	-0.0023  	-0.0143  	-0.0733  	-0.0066  	-0.0045  	-0.0269  	0.01070  	0.03214  	-0.0108  	-0.0420  	0.02980  	-0.0001  	-0.0500  	0.12569  	0.01415  	-0.0314  	0.44382  	
-0.0284  	-0.2408  	-0.4898  	-1.0578  	-0.3353  	-1.3802  	0.04100  	0.47065  	0.21063  	0.34254  	0.75896  	-1.0063  	0.10809  	-1.1670  	-0.9566  	0.18953  	-0.3600  	-0.1676  	-0.1204  	0.80815  	0.49170  	-0.1848  	-1.0292  	0.21577  	0.30100  	-0.3178  	0.24364  	0.34974  	-0.3640  	0.27852  	0.10142  	0.44149  	-0.0175  	-0.0150  	0.38126  	0.09693  	-0.0604  	-0.3337  	-0.3296  	0.87753  	0.03616  	0.18920  	-0.2660  	0.18101  	0.09701  	-0.0639  	0.10121  	-0.2067  	-0.1137  	-0.0235  	-0.0095  	0.02492  	-0.0785  	0.00164  	-0.0142  	-0.0828  	-0.0097  	-0.0039  	-0.0232  	0.01093  	0.03367  	-0.0007  	-0.0392  	0.03291  	-0.0001  	-0.0500  	0.12569  	0.01415  	-0.0314  	0.44382  	
0.18675  	-0.2073  	-0.3274  	-1.0558  	-0.4425  	-1.1840  	0.02335  	0.48464  	0.23018  	0.30257  	0.66613  	-1.0792  	0.08474  	-1.2161  	-1.0409  	0.30541  	-0.3564  	-0.1017  	-0.0797  	0.76012  	0.48644  	-0.1789  	-0.9800  	0.15988  	0.27368  	-0.3285  	0.16348  	0.32142  	-0.3385  	0.28260  	0.10340  	0.46988  	-0.0264  	-0.0154  	0.34655  	0.07626  	-0.0405  	-0.3194  	-0.3531  	0.86136  	0.12927  	0.15092  	-0.2075  	0.20664  	0.07987  	-0.0587  	0.09857  	-0.2015  	-0.1084  	-0.0178  	-0.0127  	0.02251  	-0.0745  	-0.0053  	-0.0160  	-0.0786  	-0.0014  	-0.0082  	-0.0296  	0.00722  	0.03128  	0.00173  	-0.0381  	0.03351  	-0.0001  	-0.0500  	0.12569  	0.01415  	-0.0314  	0.44382  	
0.15908  	-0.1765  	-0.3532  	-0.9589  	-0.3468  	-1.1889  	0.02766  	0.40598  	0.21069  	0.32026  	0.65218  	-1.0436  	0.05982  	-1.2762  	-1.0712  	0.31860  	-0.3888  	-0.1063  	-0.0815  	0.77209  	0.41862  	-0.1772  	-1.0367  	0.10154  	0.28038  	-0.3249  	0.18193  	0.43275  	-0.2293  	0.30524  	0.07466  	0.47075  	-0.0359  	0.00071  	0.35777  	0.15126  	-0.0691  	-0.3168  	-0.3502  	0.89123  	0.14303  	0.16785  	-0.1920  	0.21124  	0.08694  	-0.0730  	0.08790  	-0.1959  	-0.1032  	-0.0375  	-0.0091  	0.02029  	-0.0755  	-0.0042  	-0.0071  	-0.0695  	-0.0022  	-0.0022  	-0.0220  	0.00521  	0.03395  	-0.0033  	-0.0384  	0.03157  	-0.0001  	-0.0500  	0.12569  	0.01415  	-0.0314  	0.44382  	
0.10515  	-0.2256  	-0.4012  	-0.9705  	-0.3934  	-1.1637  	-0.0333  	0.35430  	0.19169  	0.27084  	0.67302  	-1.0733  	0.03140  	-1.3776  	-1.0496  	0.32645  	-0.3567  	-0.1767  	-0.0725  	0.69064  	0.44479  	-0.1615  	-0.9622  	0.15987  	0.33102  	-0.3116  	0.24687  	0.35338  	-0.3145  	0.30533  	0.09460  	0.49395  	-0.0654  	-0.0079  	0.37405  	0.15843  	-0.0198  	-0.3012  	-0.3716  	0.85945  	0.11401  	0.16413  	-0.2105  	0.20923  	0.08431  	-0.0664  	0.09703  	-0.2093  	-0.1135  	-0.0267  	-0.0095  	0.02268  	-0.0655  	-0.0015  	-0.0090  	-0.0802  	-0.0058  	0.00575  	-0.0226  	0.00763  	0.03383  	-0.0120  	-0.0344  	0.03018  	-0.0001  	-0.0500  	0.12569  	0.01415  	-0.0314  	0.44382  	
0.16718  	-0.2165  	-0.3665  	-0.9079  	-0.3725  	-1.1479  	-0.0134  	0.39764  	0.19956  	0.22683  	0.60678  	-1.0533  	0.07404  	-1.2894  	-0.9144  	0.29699  	-0.3515  	-0.1723  	-0.1011  	0.70609  	0.45464  	-0.1377  	-0.9415  	0.15082  	0.27775  	-0.3099  	0.22611  	0.33176  	-0.3085  	0.29920  	0.09037  	0.48216  	-0.0479  	-0.0074  	0.38621  	0.11243  	-0.0027  	-0.2938  	-0.4014  	0.85248  	0.10364  	0.16934  	-0.2113  	0.20175  	0.08232  	-0.0674  	0.10257  	-0.2014  	-0.1073  	-0.0276  	-0.0111  	0.02227  	-0.0695  	-0.0051  	-0.0103  	-0.0774  	-0.0059  	-0.0001  	-0.0229  	0.00771  	0.03319  	-0.0125  	-0.0385  	0.03368  	-0.0001  	-0.0500  	0.12569  	0.01415  	-0.0314  	0.44382  	
0.27192  	-0.1704  	-0.3536  	-0.8699  	-0.3487  	-1.2165  	0.03922  	0.39078  	0.21642  	0.31612  	0.58418  	-1.0040  	0.11626  	-1.1799  	-0.9743  	0.36028  	-0.3888  	-0.0940  	-0.0906  	0.76786  	0.32965  	-0.1362  	-1.0214  	0.10943  	0.30972  	-0.3299  	0.12839  	0.43618  	-0.2077  	0.28485  	0.07836  	0.47940  	-0.0133  	-0.0085  	0.35119  	0.13619  	-0.1121  	-0.3302  	-0.3297  	0.91394  	0.12865  	0.15805  	-0.1920  	0.20421  	0.08495  	-0.0636  	0.10770  	-0.1801  	-0.0952  	-0.0254  	-0.0072  	0.02071  	-0.0732  	-0.0056  	-0.0042  	-0.0755  	-0.0143  	-0.0043  	-0.0260  	0.01688  	0.03685  	-0.0032  	-0.0465  	0.02739  	-0.0001  	-0.0500  	0.12569  	0.01415  	-0.0314  	0.44382  	
0.15813  	-0.1799  	-0.3984  	-0.9984  	-0.3391  	-1.2703  	0.06039  	0.37444  	0.22578  	0.38909  	0.62237  	-1.0589  	0.10111  	-1.1771  	-1.0959  	0.32503  	-0.4278  	-0.0739  	-0.0997  	0.79037  	0.32280  	-0.2113  	-1.0885  	0.09289  	0.34475  	-0.3324  	0.12522  	0.46146  	-0.2195  	0.30515  	0.09497  	0.47514  	-0.0260  	-0.0070  	0.36129  	0.16457  	-0.1112  	-0.3222  	-0.3345  	0.90599  	0.13874  	0.17263  	-0.1973  	0.20476  	0.08411  	-0.0632  	0.09941  	-0.1938  	-0.1038  	-0.0415  	-0.0082  	0.02668  	-0.0669  	0.00274  	-0.0017  	-0.0793  	-0.0064  	-0.0039  	-0.0259  	0.00458  	0.03466  	-0.0058  	-0.0392  	0.03022  	-0.0001  	-0.0500  	0.12569  	0.01415  	-0.0314  	0.44382  	
-0.0274  	-0.2588  	-0.4424  	-1.1762  	-0.4684  	-1.3062  	0.04319  	0.36243  	0.18443  	0.36084  	0.79980  	-1.1417  	0.02320  	-1.3099  	-1.0811  	0.26238  	-0.3782  	-0.1172  	-0.0909  	0.73454  	0.47531  	-0.1749  	-1.0213  	0.17723  	0.37201  	-0.3486  	0.24410  	0.30047  	-0.3328  	0.30528  	0.09868  	0.47856  	-0.0410  	-0.0124  	0.38915  	0.13923  	0.01141  	-0.3133  	-0.4009  	0.85143  	0.10187  	0.16630  	-0.2320  	0.18743  	0.10001  	-0.0584  	0.09416  	-0.2039  	-0.1155  	-0.0214  	-0.0140  	0.02339  	-0.0656  	4.88397  	-0.0156  	-0.0805  	-0.0086  	-0.0006  	-0.0287  	0.00693  	0.03335  	-0.0137  	-0.0389  	0.03077  	-0.0001  	-0.0500  	0.12569  	0.01415  	-0.0314  	0.44382  	
-0.1960  	-0.2602  	-0.4512  	-1.2237  	-0.4722  	-1.4501  	0.00411  	0.39090  	0.12792  	0.35428  	0.87792  	-1.1632  	0.07160  	-1.3932  	-1.0940  	0.15450  	-0.2819  	-0.3139  	-0.0382  	0.50917  	0.51971  	-0.4049  	-1.2301  	0.18452  	0.23299  	-0.2135  	0.18731  	0.24866  	-0.2362  	0.25006  	0.21010  	0.41410  	-0.1672  	-0.1641  	0.30276  	0.13263  	-0.1220  	-0.3043  	-0.5001  	0.75159  	0.19988  	0.30873  	-0.3595  	0.26319  	0.03183  	-0.0414  	0.08111  	-0.1974  	-0.1300  	-0.0446  	-0.0173  	0.03200  	-0.0622  	0.01708  	-0.0100  	-0.0876  	-0.0129  	-0.0116  	-0.0224  	0.01699  	0.04205  	-0.0096  	-0.0571  	0.03083  	-0.0001  	-0.0500  	0.12569  	0.01415  	-0.0314  	0.44382  	
-0.2264  	-0.2758  	-0.5038  	-1.0974  	-0.3721  	-1.5042  	-0.0151  	0.44284  	0.12932  	0.30295  	0.86636  	-1.0423  	0.14140  	-1.4294  	-0.9751  	0.13925  	-0.2185  	-0.4145  	-0.0007  	0.33136  	0.51612  	-0.5789  	-1.4557  	0.18869  	0.12874  	-0.1256  	0.11849  	0.22544  	-0.1520  	0.23964  	0.28990  	0.36363  	-0.2232  	-0.2984  	0.22553  	0.09411  	-0.2510  	-0.3220  	-0.5694  	0.71124  	0.24180  	0.41611  	-0.4527  	0.31930  	-0.0175  	-0.0282  	0.05868  	-0.1811  	-0.1383  	-0.0514  	-0.0070  	0.03109  	-0.0675  	0.02877  	0.00138  	-0.0890  	-0.0133  	-0.0212  	-0.0252  	0.01923  	0.04527  	-0.0064  	-0.0706  	0.03507  	-0.0001  	-0.0500  	0.12569  	0.01415  	-0.0314  	0.44382  	
-0.1084  	-0.2455  	-0.4837  	-0.9533  	-0.2689  	-1.4365  	-0.0290  	0.50498  	0.14296  	0.26596  	0.81253  	-0.9626  	0.18419  	-1.3966  	-0.8860  	0.14457  	-0.1962  	-0.4401  	0.02058  	0.28614  	0.56080  	-0.6481  	-1.5432  	0.16774  	0.12129  	-0.1110  	0.12828  	0.24525  	-0.1169  	0.24792  	0.31349  	0.35155  	-0.2373  	-0.3381  	0.23351  	0.07691  	-0.2677  	-0.3341  	-0.5736  	0.70305  	0.23184  	0.43590  	-0.4782  	0.34308  	-0.0261  	-0.0240  	0.05342  	-0.1654  	-0.1418  	-0.0446  	0.00308  	0.03141  	-0.0648  	0.03289  	0.00698  	-0.0833  	-0.0104  	-0.0245  	-0.0235  	0.02489  	0.04156  	-0.0100  	-0.0786  	0.03374  	-0.0001  	-0.0500  	0.12569  	0.01415  	-0.0314  	0.44382  	
0.08613  	-0.1765  	-0.3815  	-0.8384  	-0.2655  	-1.3323  	-0.0562  	0.56156  	0.17507  	0.19995  	0.74740  	-0.8900  	0.21531  	-1.2557  	-0.7699  	0.15771  	-0.2106  	-0.4528  	0.02782  	0.31332  	0.58035  	-0.5847  	-1.4818  	0.17157  	0.12147  	-0.1326  	0.15350  	0.22717  	-0.1226  	0.27752  	0.31341  	0.35401  	-0.1907  	-0.2991  	0.28034  	0.04777  	-0.2205  	-0.3345  	-0.5650  	0.72283  	0.20060  	0.40670  	-0.4424  	0.32775  	-0.0136  	-0.0220  	0.05630  	-0.1640  	-0.1287  	-0.0436  	0.00392  	0.02779  	-0.0740  	0.02427  	-0.0040  	-0.0741  	-0.0160  	-0.0240  	-0.0226  	0.02418  	0.04304  	-0.0135  	-0.0763  	0.02582  	-0.0001  	-0.0500  	0.12569  	0.01415  	-0.0314  	0.44382  	
0.19678  	-0.1242  	-0.3127  	-0.7721  	-0.1890  	-1.2257  	-0.0063  	0.49647  	0.20169  	0.28292  	0.51797  	-0.8955  	0.19024  	-1.1675  	-0.7848  	0.21895  	-0.3125  	-0.2800  	-0.0425  	0.52539  	0.42924  	-0.3647  	-1.2561  	0.09529  	0.16627  	-0.2011  	0.04213  	0.40733  	-0.0930  	0.28716  	0.21840  	0.38252  	-0.1225  	-0.1458  	0.26782  	0.06689  	-0.2454  	-0.3454  	-0.4342  	0.80373  	0.21576  	0.27699  	-0.3134  	0.29000  	0.01586  	-0.0394  	0.08401  	-0.1637  	-0.1173  	-0.0419  	-0.0090  	0.02483  	-0.0716  	0.00525  	-0.0071  	-0.0909  	-0.0091  	-0.0027  	-0.0260  	0.00942  	0.03814  	-0.0132  	-0.0564  	0.02855  	-0.0001  	-0.0500  	0.12569  	0.01415  	-0.0314  	0.44382  	
0.14156  	-0.1531  	-0.3920  	-0.8829  	-0.1952  	-1.2392  	0.04419  	0.42426  	0.22498  	0.36531  	0.52218  	-0.9490  	0.18245  	-1.0756  	-0.9001  	0.27790  	-0.4299  	-0.1001  	-0.1107  	0.78736  	0.30676  	-0.1407  	-1.0358  	0.10473  	0.24765  	-0.3101  	0.06532  	0.51693  	-0.1617  	0.30108  	0.11846  	0.43000  	-0.0213  	0.01582  	0.34707  	0.11673  	-0.1682  	-0.3610  	-0.3229  	0.90247  	0.12241  	0.15937  	-0.1899  	0.19805  	0.07935  	-0.0609  	0.10354  	-0.1866  	-0.0949  	-0.0299  	-0.0117  	0.02083  	-0.0727  	-0.0090  	-0.0079  	-0.0828  	-0.0064  	0.00496  	-0.0211  	0.00501  	0.03333  	0.00299  	-0.0451  	0.03223  	-0.0001  	-0.0500  	0.12569  	0.01415  	-0.0314  	0.44382  	
0.08222  	-0.1861  	-0.4327  	-0.9305  	-0.2875  	-1.2697  	0.01375  	0.40467  	0.18734  	0.28686  	0.61158  	-1.0339  	0.08223  	-1.2324  	-0.9427  	0.29564  	-0.4133  	-0.0894  	-0.0952  	0.78292  	0.36133  	-0.1596  	-1.0297  	0.12105  	0.27977  	-0.3213  	0.14742  	0.47164  	-0.2055  	0.32361  	0.10271  	0.44930  	-0.0440  	0.01230  	0.34757  	0.13226  	-0.1170  	-0.3462  	-0.3262  	0.88245  	0.10721  	0.15833  	-0.2181  	0.20005  	0.08229  	-0.0605  	0.09762  	-0.2072  	-0.1093  	-0.0358  	-0.0120  	0.02319  	-0.0676  	-0.0068  	-0.0044  	-0.0830  	-0.0058  	0.00276  	-0.0162  	0.01188  	0.03151  	0.00010  	-0.0479  	0.03034  	-0.0001  	-0.0500  	0.12569  	0.01415  	-0.0314  	0.44382  	
0.02449  	-0.2313  	-0.4960  	-1.0207  	-0.3414  	-1.3343  	0.04807  	0.35258  	0.16370  	0.29046  	0.66912  	-1.0824  	0.02885  	-1.3778  	-1.0559  	0.30397  	-0.4071  	-0.0749  	-0.0838  	0.74525  	0.32251  	-0.1868  	-1.0224  	0.09873  	0.28330  	-0.3141  	0.18015  	0.44737  	-0.1905  	0.31637  	0.10758  	0.45543  	-0.0655  	0.00162  	0.33255  	0.17284  	-0.0852  	-0.3357  	-0.3469  	0.86331  	0.12153  	0.17627  	-0.2159  	0.21025  	0.08792  	-0.0650  	0.09471  	-0.2090  	-0.1091  	-0.0345  	-0.0128  	0.02226  	-0.0708  	-0.0059  	-0.0057  	-0.0776  	-0.0058  	0.00022  	-0.0177  	0.00947  	0.03593  	-0.0067  	-0.0449  	0.03198  	-0.0001  	-0.0500  	0.12569  	0.01415  	-0.0314  	0.44382  	
0.01359  	-0.2443  	-0.5158  	-1.0154  	-0.3519  	-1.3194  	0.02365  	0.36695  	0.17197  	0.26572  	0.65924  	-1.0802  	0.01915  	-1.3823  	-1.0528  	0.29369  	-0.3722  	-0.1163  	-0.0954  	0.73599  	0.34114  	-0.1790  	-0.9992  	0.10217  	0.27588  	-0.3004  	0.18602  	0.43540  	-0.2051  	0.31103  	0.08674  	0.45121  	-0.0753  	-0.0075  	0.33743  	0.16736  	-0.0761  	-0.3239  	-0.3476  	0.86334  	0.12351  	0.17463  	-0.2210  	0.21510  	0.09259  	-0.0660  	0.10356  	-0.2071  	-0.1120  	-0.0308  	-0.0132  	0.02485  	-0.0674  	-0.0072  	-0.0037  	-0.0798  	-0.0040  	0.00343  	-0.0196  	0.00582  	0.03421  	-0.0139  	-0.0458  	0.03107  	-0.0001  	-0.0500  	0.12569  	0.01415  	-0.0314  	0.44382  	
0.02113  	-0.2201  	-0.4976  	-0.9667  	-0.3009  	-1.2947  	-0.0002  	0.37882  	0.17696  	0.29721  	0.65086  	-0.9970  	0.05417  	-1.3087  	-0.9633  	0.29795  	-0.3780  	-0.1276  	-0.1057  	0.75095  	0.38223  	-0.1677  	-1.0130  	0.10369  	0.24186  	-0.3025  	0.14493  	0.44010  	-0.2444  	0.29913  	0.09581  	0.44968  	-0.0578  	-0.0020  	0.36388  	0.13225  	-0.0795  	-0.3209  	-0.3599  	0.85967  	0.11324  	0.17335  	-0.2177  	0.20379  	0.09284  	-0.0650  	0.10716  	-0.2126  	-0.1073  	-0.0258  	-0.0119  	0.02418  	-0.0648  	-0.0037  	-0.0088  	-0.0828  	-0.0035  	0.00504  	-0.0229  	0.00782  	0.03166  	-0.0112  	-0.0403  	0.03160  	-0.0001  	-0.0500  	0.12569  	0.01415  	-0.0314  	0.44382  	
0.16863  	-0.1733  	-0.4143  	-0.8615  	-0.2595  	-1.2165  	0.00267  	0.42923  	0.20222  	0.24082  	0.63338  	-0.9759  	0.07616  	-1.1914  	-0.8675  	0.27699  	-0.3803  	-0.1737  	-0.1219  	0.73831  	0.45757  	-0.1612  	-1.0252  	0.16754  	0.23287  	-0.3186  	0.18664  	0.39373  	-0.3015  	0.30111  	0.07801  	0.46917  	-0.0387  	-0.0033  	0.43551  	0.08205  	-0.0434  	-0.3243  	-0.3746  	0.84728  	0.09206  	0.18324  	-0.2266  	0.19212  	0.08981  	-0.0594  	0.09984  	-0.2135  	-0.1117  	-0.0190  	-0.0158  	0.02153  	-0.0656  	-0.0077  	-0.0137  	-0.0800  	0.00076  	0.00547  	-0.0252  	0.00799  	0.03238  	-0.0067  	-0.0436  	0.03358  	-0.0001  	-0.0500  	0.12569  	0.01415  	-0.0314  	0.44382  	
0.16235  	-0.2009  	-0.4282  	-0.9124  	-0.3186  	-1.2284  	-0.0082  	0.37749  	0.18289  	0.29422  	0.63361  	-1.0255  	0.08369  	-1.2650  	-0.9748  	0.30805  	-0.3764  	-0.1483  	-0.1145  	0.76557  	0.40239  	-0.1550  	-1.0423  	0.11656  	0.26762  	-0.3158  	0.15679  	0.44963  	-0.2810  	0.30604  	0.08548  	0.47294  	-0.0521  	-0.0048  	0.37722  	0.13515  	-0.0632  	-0.3196  	-0.3610  	0.85269  	0.08714  	0.17520  	-0.2080  	0.19579  	0.08409  	-0.0622  	0.09883  	-0.2066  	-0.1115  	-0.0169  	-0.0122  	0.02086  	-0.0692  	-0.0068  	-0.0083  	-0.0795  	-0.0014  	0.00409  	-0.0211  	0.00778  	0.03190  	-0.0069  	-0.0382  	0.03236  	-0.0001  	-0.0500  	0.12569  	0.01415  	-0.0314  	0.44382  	
0.22187  	-0.2304  	-0.4136  	-0.8760  	-0.2990  	-1.2425  	0.06086  	0.36340  	0.18239  	0.34508  	0.65765  	-1.0227  	0.07959  	-1.3358  	-1.0699  	0.40368  	-0.4031  	-0.0868  	-0.1218  	0.78981  	0.30017  	-0.2013  	-1.1115  	0.12269  	0.31875  	-0.3272  	0.16523  	0.48701  	-0.2508  	0.31396  	0.07027  	0.48911  	-0.0586  	-0.0193  	0.38237  	0.18415  	-0.1066  	-0.3375  	-0.3602  	0.89456  	0.09845  	0.16459  	-0.2165  	0.19854  	0.08498  	-0.0632  	0.09932  	-0.1948  	-0.0982  	-0.0278  	-0.0004  	0.02005  	-0.0692  	-0.0055  	-0.0052  	-0.0811  	0.00255  	0.00608  	-0.0232  	0.00478  	0.02185  	-0.0120  	-0.0366  	0.03527  	-0.0001  	-0.0500  	0.12569  	0.01415  	-0.0314  	0.44382  	
0.20614  	-0.2403  	-0.3565  	-0.9565  	-0.3443  	-1.2258  	0.06442  	0.37870  	0.19278  	0.33129  	0.72384  	-1.0651  	0.07196  	-1.3491  	-1.1539  	0.44171  	-0.3973  	-0.0637  	-0.1096  	0.81364  	0.32566  	-0.2114  	-1.1187  	0.14857  	0.35445  	-0.3344  	0.19241  	0.48500  	-0.2918  	0.29453  	0.07926  	0.49918  	-0.0573  	-0.0204  	0.37610  	0.19445  	-0.0641  	-0.3222  	-0.3747  	0.86820  	0.10699  	0.17447  	-0.2137  	0.20586  	0.08627  	-0.0620  	0.09997  	-0.1875  	-0.0916  	-0.0331  	0.00159  	0.02045  	-0.0608  	-0.0006  	-0.0018  	-0.0767  	-0.0005  	0.00282  	-0.0178  	0.01343  	0.02923  	-0.0151  	-0.0328  	0.03501  	-0.0001  	-0.0500  	0.12569  	0.01415  	-0.0314  	0.44382  	
0.15118  	-0.2401  	-0.4331  	-0.8684  	-0.2978  	-1.1964  	0.02165  	0.37452  	0.17144  	0.27375  	0.72682  	-1.0296  	0.02819  	-1.3755  	-0.9463  	0.44235  	-0.3848  	-0.1582  	-0.0687  	0.76693  	0.49736  	-0.1943  	-1.0735  	0.27838  	0.34108  	-0.3380  	0.34069  	0.33096  	-0.3879  	0.31113  	0.04426  	0.54949  	-0.0876  	-0.0306  	0.47214  	0.17110  	0.03499  	-0.2984  	-0.4200  	0.85878  	0.04198  	0.18432  	-0.2699  	0.19651  	0.08699  	-0.0720  	0.08166  	-0.2085  	-0.1068  	-0.0320  	-0.0049  	0.02550  	-0.0649  	-0.0052  	-0.0132  	-0.0791  	-0.0045  	0.00432  	-0.0161  	0.00461  	0.03516  	-0.0225  	-0.0346  	0.03059  	-0.0001  	-0.0500  	0.12569  	0.01415  	-0.0314  	0.44382  	
0.46929  	-0.0761  	-0.2604  	-0.5797  	-0.1284  	-0.9702  	0.03394  	0.59979  	0.23264  	0.20803  	0.42183  	-0.9739  	0.20095  	-0.9472  	-0.6064  	0.38642  	-0.3714  	-0.2377  	-0.1109  	0.73984  	0.50817  	-0.1259  	-1.0448  	0.24621  	0.37441  	-0.3411  	0.35208  	0.25972  	-0.3633  	0.34744  	0.04344  	0.46884  	-0.0361  	-0.0039  	0.50072  	0.07389  	0.01419  	-0.3258  	-0.3486  	0.87733  	-0.0158  	0.19130  	-0.2100  	0.20881  	0.08233  	-0.0615  	0.08465  	-0.1819  	-0.0915  	-0.0208  	-0.0054  	0.02117  	-0.0734  	-0.0074  	-0.0134  	-0.0614  	-0.0079  	-0.0061  	-0.0224  	0.00875  	0.02597  	-0.0049  	-0.0480  	0.03230  	-0.0001  	-0.0500  	0.12569  	0.01415  	-0.0314  	0.44382  	
0.53006  	-0.0407  	-0.2539  	-0.4636  	-0.0716  	-0.9690  	0.04715  	0.60633  	0.24834  	0.19769  	0.42378  	-1.0290  	0.22748  	-0.8074  	-0.5097  	0.35639  	-0.3808  	-0.2709  	-0.1118  	0.70813  	0.57063  	-0.0736  	-1.0335  	0.24647  	0.42163  	-0.3558  	0.40248  	0.18782  	-0.3719  	0.38279  	0.02877  	0.49592  	-0.0109  	-0.0002  	0.55930  	0.05024  	0.01280  	-0.3190  	-0.3647  	0.89934  	-0.0163  	0.18953  	-0.2330  	0.21461  	0.08340  	-0.0623  	0.09512  	-0.1730  	-0.0855  	-0.0271  	-0.0089  	0.01396  	-0.0657  	0.00542  	-0.0161  	-0.0589  	-0.0159  	0.00051  	-0.0256  	0.01472  	0.02970  	0.00214  	-0.0473  	0.02105  	-0.0001  	-0.0500  	0.12569  	0.01415  	-0.0314  	0.44382  	
0.20259  	-0.1643  	-0.3480  	-0.8040  	-0.2241  	-1.1804  	0.04720  	0.41901  	0.20030  	0.25616  	0.60950  	-1.0020  	0.07754  	-1.1583  	-0.8028  	0.34326  	-0.3768  	-0.1978  	-0.0896  	0.69589  	0.56630  	-0.1332  	-1.0035  	0.26177  	0.30527  	-0.3460  	0.33381  	0.24906  	-0.3762  	0.31285  	0.06525  	0.48099  	-0.0546  	-0.0291  	0.46256  	0.05601  	0.05084  	-0.3104  	-0.4058  	0.87857  	0.04716  	0.18608  	-0.2484  	0.19795  	0.10251  	-0.0631  	0.09470  	-0.2039  	-0.1048  	-0.0399  	-0.0159  	0.02121  	-0.0690  	-0.0101  	-0.0167  	-0.0755  	-0.0014  	0.00258  	-0.0129  	0.01288  	0.02772  	-0.0047  	-0.0436  	0.02601  	-0.0001  	-0.0500  	0.12569  	0.01415  	-0.0314  	0.44382  	
0.12123  	-0.2185  	-0.3686  	-1.0330  	-0.4000  	-1.1394  	-0.0071  	0.36701  	0.18587  	0.26198  	0.70708  	-1.0886  	0.02780  	-1.3347  	-1.0181  	0.33365  	-0.3810  	-0.1573  	-0.0837  	0.74535  	0.50077  	-0.1483  	-0.9511  	0.21979  	0.29052  	-0.3248  	0.25972  	0.27231  	-0.3604  	0.28978  	0.06635  	0.49277  	-0.0614  	-0.0206  	0.41030  	0.14207  	0.01423  	-0.3064  	-0.3938  	0.88688  	0.10078  	0.16696  	-0.2324  	0.20183  	0.08605  	-0.0601  	0.10226  	-0.2085  	-0.1172  	-0.0285  	-0.0139  	0.01893  	-0.0662  	-0.0043  	-0.0141  	-0.0765  	-0.0079  	0.00208  	-0.0243  	0.01335  	0.02966  	-0.0124  	-0.0449  	0.03089  	-0.0001  	-0.0500  	0.12569  	0.01415  	-0.0314  	0.44382  	
0.28632  	-0.1819  	-0.2867  	-0.8232  	-0.2689  	-1.2016  	0.01463  	0.36384  	0.18345  	0.39390  	0.67121  	-0.9875  	0.05069  	-1.3767  	-1.1294  	0.50898  	-0.3941  	-0.1091  	-0.0703  	0.78988  	0.36469  	-0.1841  	-1.0833  	0.16998  	0.34558  	-0.3477  	0.22038  	0.41194  	-0.2900  	0.32955  	0.04497  	0.49179  	-0.0769  	-0.0295  	0.39590  	0.20617  	-0.0443  	-0.3254  	-0.3707  	0.89722  	0.08550  	0.18142  	-0.2217  	0.21744  	0.09089  	-0.0599  	0.09919  	-0.1840  	-0.0911  	-0.0328  	0.00148  	0.02047  	-0.0621  	-0.0095  	-0.0022  	-0.0818  	-0.0023  	-0.0011  	-0.0246  	0.01152  	0.02751  	-0.0158  	-0.0364  	0.03188  	-0.0001  	-0.0500  	0.12569  	0.01415  	-0.0314  	0.44382  	
0.22668  	-0.2090  	-0.2648  	-0.9609  	-0.3431  	-1.2503  	0.06183  	0.35777  	0.17074  	0.38071  	0.74118  	-1.0617  	0.01572  	-1.4303  	-1.2415  	0.52313  	-0.4382  	-0.0515  	-0.1116  	0.80140  	0.30297  	-0.1656  	-1.1469  	0.14263  	0.35456  	-0.3359  	0.17104  	0.43481  	-0.2597  	0.30397  	0.06482  	0.50198  	-0.0641  	-0.0088  	0.40085  	0.22943  	-0.0653  	-0.3228  	-0.3799  	0.89289  	0.11123  	0.17716  	-0.2012  	0.21712  	0.09132  	-0.0630  	0.09517  	-0.1909  	-0.0918  	-0.0363  	0.00408  	0.01871  	-0.0618  	-0.0061  	-0.0013  	-0.0808  	0.00186  	0.00305  	-0.0260  	0.00776  	0.02587  	-0.0182  	-0.0378  	0.03142  	-0.0001  	-0.0500  	0.12569  	0.01415  	-0.0314  	0.44382  	
0.06430  	-0.2420  	-0.3962  	-0.9756  	-0.3614  	-1.2779  	0.05213  	0.36103  	0.16082  	0.35904  	0.71108  	-1.0850  	0.03207  	-1.3608  	-1.2121  	0.41878  	-0.4069  	-0.1052  	-0.0885  	0.82706  	0.32421  	-0.1595  	-1.1137  	0.19359  	0.39968  	-0.3535  	0.22047  	0.40991  	-0.2461  	0.33281  	0.03964  	0.49168  	-0.0996  	-0.0186  	0.39950  	0.26747  	-0.0846  	-0.3236  	-0.3591  	0.89980  	0.09949  	0.17063  	-0.2300  	0.20539  	0.09563  	-0.0681  	0.09884  	-0.1970  	-0.0901  	-0.0339  	-0.0055  	0.02686  	-0.0700  	-0.0009  	-0.0082  	-0.0836  	-0.0091  	0.00762  	-0.0299  	0.00686  	0.02722  	-0.0237  	-0.0304  	0.02615  	-0.0001  	-0.0500  	0.12569  	0.01415  	-0.0314  	0.44382  	
-0.1944  	-0.3204  	-0.6090  	-1.0491  	-0.2859  	-1.4111  	0.04610  	0.35997  	0.15845  	0.31799  	0.81395  	-1.0770  	0.05477  	-1.3041  	-1.0620  	0.25082  	-0.3959  	-0.1892  	-0.1137  	0.80307  	0.42589  	-0.1665  	-1.0455  	0.22799  	0.37453  	-0.3380  	0.25795  	0.35070  	-0.2712  	0.32596  	0.07028  	0.45442  	-0.0454  	-0.0062  	0.44480  	0.17358  	-0.0177  	-0.3354  	-0.3795  	0.83825  	0.03865  	0.20649  	-0.2888  	0.17167  	0.10547  	-0.0620  	0.09971  	-0.2192  	-0.1030  	-0.0349  	0.00554  	0.02145  	-0.0678  	0.00080  	-0.0100  	-0.0720  	-0.0034  	0.00100  	-0.0142  	0.01929  	0.03471  	-0.0086  	-0.0531  	0.03191  	-0.0001  	-0.0500  	0.12569  	0.01415  	-0.0314  	0.44382  	
-0.1940  	-0.3087  	-0.6151  	-1.0892  	-0.2781  	-1.4739  	0.04703  	0.36434  	0.18941  	0.31098  	0.88449  	-1.0231  	0.07744  	-1.2440  	-1.0004  	0.19336  	-0.3985  	-0.1450  	-0.1232  	0.86045  	0.50396  	-0.1985  	-1.0271  	0.21988  	0.24270  	-0.3184  	0.17809  	0.38899  	-0.3248  	0.27832  	0.09679  	0.42648  	-0.0046  	0.01523  	0.49624  	0.09278  	-0.0372  	-0.3516  	-0.3905  	0.84302  	0.04138  	0.19332  	-0.2910  	0.16436  	0.09807  	-0.0668  	0.09596  	-0.2138  	-0.0993  	-0.0361  	-0.0011  	0.02137  	-0.0820  	-0.0072  	-0.0190  	-0.0687  	-0.0048  	-0.0005  	-0.0300  	0.00672  	0.03595  	-0.0067  	-0.0454  	0.02586  	-0.0001  	-0.0500  	0.12569  	0.01415  	-0.0314  	0.44382  	
-0.2413  	-0.3001  	-0.6236  	-1.2588  	-0.4294  	-1.5700  	-0.0061  	0.39250  	0.18066  	0.40349  	0.93723  	-1.0810  	0.02613  	-1.3023  	-1.2104  	0.18351  	-0.3787  	-0.1290  	-0.0992  	0.80466  	0.50618  	-0.1903  	-0.9926  	0.15210  	0.20960  	-0.2944  	0.17688  	0.35774  	-0.3292  	0.25595  	0.10525  	0.44717  	-0.0207  	-0.0105  	0.42364  	0.10734  	-0.0336  	-0.3405  	-0.3637  	0.85349  	0.06195  	0.17039  	-0.2595  	0.17162  	0.09941  	-0.0596  	0.09603  	-0.2133  	-0.1079  	-0.0214  	-0.0075  	0.01921  	-0.0731  	-0.0067  	-0.0138  	-0.0739  	-0.0125  	0.00099  	-0.0220  	0.01781  	0.03303  	-0.0039  	-0.0433  	0.02867  	-0.0001  	-0.0500  	0.12569  	0.01415  	-0.0314  	0.44382  	
-0.1940  	-0.2918  	-0.5470  	-1.3408  	-0.4795  	-1.5544  	0.01564  	0.36931  	0.16825  	0.41191  	0.89046  	-1.1639  	0.02499  	-1.3545  	-1.2474  	0.18213  	-0.3579  	-0.1215  	-0.1113  	0.77429  	0.45998  	-0.1948  	-0.9744  	0.17157  	0.28507  	-0.3053  	0.19491  	0.32652  	-0.3361  	0.25892  	0.09197  	0.45425  	-0.0339  	-0.0196  	0.36258  	0.13686  	-0.0210  	-0.3323  	-0.3635  	0.84399  	0.07815  	0.17342  	-0.2572  	0.18760  	0.10239  	-0.0570  	0.09865  	-0.2147  	-0.1108  	-0.0248  	-0.0132  	0.01999  	-0.0713  	-0.0035  	-0.0111  	-0.0791  	-0.0037  	0.00557  	-0.0204  	0.01020  	0.03377  	-0.0072  	-0.0437  	0.02862  	-0.0001  	-0.0500  	0.12569  	0.01415  	-0.0314  	0.44382  	
-0.1022  	-0.2498  	-0.4223  	-1.3046  	-0.5234  	-1.4010  	0.06368  	0.37353  	0.19980  	0.39204  	0.73447  	-1.1844  	0.04742  	-1.3626  	-1.1237  	0.19611  	-0.3240  	-0.1467  	-0.0939  	0.74571  	0.43591  	-0.1482  	-0.9664  	0.15484  	0.32496  	-0.2964  	0.24402  	0.32990  	-0.3021  	0.27794  	0.12152  	0.44803  	-0.0551  	-0.0178  	0.30705  	0.13534  	-0.0633  	-0.3260  	-0.3450  	0.88354  	0.13460  	0.15497  	-0.2115  	0.21003  	0.09324  	-0.0619  	0.10036  	-0.2023  	-0.1088  	-0.0287  	-0.0182  	0.02378  	-0.0721  	0.00242  	-0.0136  	-0.0847  	-0.0076  	-1.5819  	-0.0258  	0.01360  	0.03551  	-0.0053  	-0.0451  	0.02718  	-0.0001  	-0.0500  	0.12569  	0.01415  	-0.0314  	0.44382  	
0.18321  	-0.1959  	-0.3532  	-1.0570  	-0.4072  	-1.2172  	0.02575  	0.38684  	0.21587  	0.32632  	0.60163  	-1.0924  	0.07034  	-1.3194  	-1.1035  	0.33513  	-0.3564  	-0.0741  	-0.0818  	0.78257  	0.38503  	-0.1827  	-1.0028  	0.10240  	0.30701  	-0.3081  	0.13330  	0.41319  	-0.2321  	0.30584  	0.09618  	0.47597  	-0.0432  	0.00943  	0.28450  	0.09835  	-0.0965  	-0.3154  	-0.3225  	0.89777  	0.15622  	0.14528  	-0.1857  	0.21661  	0.07880  	-0.0705  	0.09415  	-0.1902  	-0.1053  	-0.0250  	-0.0133  	0.01922  	-0.0721  	-0.0023  	-0.0067  	-0.0754  	-0.0130  	-0.0067  	-0.0247  	0.00361  	0.03171  	0.00215  	-0.0464  	0.03045  	-0.0001  	-0.0500  	0.12569  	0.01415  	-0.0314  	0.44382  	
-0.0047  	-0.2132  	-0.3831  	-1.1239  	-0.4131  	-1.3026  	0.05599  	0.35799  	0.21140  	0.35731  	0.67445  	-1.1352  	0.04076  	-1.3314  	-1.1743  	0.28139  	-0.3693  	-0.0839  	-0.0563  	0.78754  	0.37781  	-0.1971  	-1.0303  	0.11394  	0.29123  	-0.3093  	0.18121  	0.42427  	-0.2224  	0.28773  	0.10087  	0.46312  	-0.0531  	-0.0066  	0.31803  	0.15852  	-0.0743  	-0.3256  	-0.3595  	0.88164  	0.15458  	0.15895  	-0.2066  	0.22088  	0.08823  	-0.0703  	0.09583  	-0.1945  	-0.1025  	-0.0308  	-0.0098  	0.01952  	-0.0696  	-0.0057  	-0.0040  	-0.0807  	-0.0046  	0.00218  	-0.0243  	0.00658  	0.03523  	-0.0034  	-0.0408  	0.03286  	-0.0001  	-0.0500  	0.12569  	0.01415  	-0.0314  	0.44382  	
0.13378  	-0.2333  	-0.3975  	-0.9970  	-0.3771  	-1.1894  	-0.0175  	0.43108  	0.19182  	0.25349  	0.69161  	-1.0402  	0.06152  	-1.2554  	-0.9039  	0.31588  	-0.3451  	-0.2053  	-0.0756  	0.70009  	0.53509  	-0.1733  	-0.9321  	0.25612  	0.25258  	-0.3058  	0.32369  	0.23021  	-0.4211  	0.25896  	0.08818  	0.48464  	-0.0394  	-0.0242  	0.43743  	0.07850  	0.03505  	-0.2954  	-0.4184  	0.88732  	0.07045  	0.18001  	-0.2457  	0.19906  	0.08482  	-0.0587  	0.10534  	-0.2015  	-0.1167  	-0.0196  	-0.0218  	0.02288  	-0.0747  	0.00505  	-0.0111  	-0.0748  	-0.0059  	-0.0065  	-0.0193  	0.00833  	0.03510  	-0.0081  	-0.0491  	0.02898  	-0.0001  	-0.0500  	0.12569  	0.01415  	-0.0314  	0.44382  	
0.24415  	-0.1975  	-0.3406  	-0.8157  	-0.2636  	-1.1153  	0.04669  	0.48979  	0.23498  	0.27593  	0.56026  	-0.9984  	0.14499  	-1.1370  	-0.8562  	0.32910  	-0.3942  	-0.1507  	-0.1149  	0.76763  	0.39424  	-0.1199  	-1.0084  	0.19587  	0.27025  	-0.3262  	0.20583  	0.34858  	-0.2728  	0.30134  	0.07749  	0.46506  	-0.0304  	0.00319  	0.40249  	0.09489  	-0.0620  	-0.3213  	-0.3699  	0.91611  	0.08190  	0.16617  	-0.2117  	0.20086  	0.09145  	-0.0678  	0.10170  	-0.1839  	-0.1007  	-0.0295  	-0.0120  	0.02207  	-0.0791  	-0.0077  	-0.0106  	-0.0787  	-0.0061  	0.00673  	-0.0223  	0.01197  	0.03295  	-0.0105  	-0.0475  	0.02746  	-0.0001  	-0.0500  	0.12569  	0.01415  	-0.0314  	0.44382  	
0.29128  	-0.1555  	-0.2910  	-0.8104  	-0.2960  	-1.1292  	0.04010  	0.44664  	0.26278  	0.29599  	0.48429  	-1.0523  	0.16727  	-1.1474  	-0.9481  	0.32583  	-0.3947  	-0.1206  	-0.1059  	0.80581  	0.34437  	-0.1317  	-1.0761  	0.12733  	0.32996  	-0.3369  	0.14367  	0.43355  	-0.2175  	0.31445  	0.06953  	0.47833  	-0.0034  	0.00387  	0.37121  	0.10789  	-0.1160  	-0.3253  	-0.3210  	0.91103  	0.11031  	0.15140  	-0.2002  	0.21022  	0.08036  	-0.0686  	0.09702  	-0.1782  	-0.0936  	-0.0327  	-0.0012  	0.02685  	-0.0705  	-0.0015  	-0.0138  	-0.0742  	-0.0117  	-0.0040  	-0.0285  	0.01482  	0.03951  	-0.0135  	-0.0436  	0.02852  	-0.0001  	-0.0500  	0.12569  	0.01415  	-0.0314  	0.44382  	
0.13352  	-0.2086  	-0.4011  	-0.9123  	-0.2638  	-1.2865  	0.06735  	0.40662  	0.22462  	0.34568  	0.62208  	-1.0455  	0.11521  	-1.1800  	-1.0507  	0.28629  	-0.4152  	-0.0806  	-0.1267  	0.85804  	0.29360  	-0.1290  	-1.1335  	0.14749  	0.36047  	-0.3370  	0.15060  	0.49874  	-0.1636  	0.33104  	0.07096  	0.45797  	-0.0287  	0.01796  	0.35999  	0.18652  	-0.1499  	-0.3512  	-0.3046  	0.91284  	0.10023  	0.16851  	-0.2087  	0.19505  	0.08540  	-0.0658  	0.10112  	-0.1809  	-0.0907  	-0.0300  	-0.0059  	0.02559  	-0.0734  	-0.0010  	-0.0085  	-0.0827  	-0.0111  	-0.0026  	-0.0269  	0.00631  	0.03095  	-0.0159  	-0.0390  	0.02832  	-0.0001  	-0.0500  	0.12569  	0.01415  	-0.0314  	0.44382  	
-0.1223  	-0.2778  	-0.6213  	-0.8602  	-0.1289  	-1.4278  	0.04632  	0.42870  	0.15745  	0.24377  	0.81325  	-0.9055  	0.11209  	-1.1695  	-0.9071  	0.26040  	-0.4216  	-0.1529  	-0.1556  	0.86429  	0.46041  	-0.1931  	-1.1801  	0.28270  	0.26374  	-0.3129  	0.21549  	0.38938  	-0.3190  	0.29657  	0.08768  	0.44234  	0.01564  	0.00063  	0.49408  	0.11282  	-0.0956  	-0.3474  	-0.3625  	0.88385  	0.00877  	0.22839  	-0.2999  	0.13819  	0.09744  	-0.0604  	0.12397  	-0.2204  	-0.1015  	-0.0221  	-0.0129  	0.02420  	-0.0693  	0.00083  	-0.0209  	-0.0787  	-0.0099  	-0.0041  	-0.0264  	0.01096  	0.03196  	-0.0134  	-0.0539  	0.02262  	-0.0001  	-0.0500  	0.12569  	0.01415  	-0.0314  	0.44382  	
0.60670  	-0.1078  	-0.2780  	-0.5885  	-0.1106  	-1.0715  	0.09502  	0.50246  	0.21488  	0.27874  	0.37848  	-0.9680  	0.26512  	-0.7681  	-0.3858  	0.21009  	-0.4035  	-0.3217  	-0.1522  	0.67952  	0.55068  	-0.0732  	-1.0580  	0.31872  	0.15272  	-0.3422  	0.33165  	0.14762  	-0.3991  	0.34112  	0.08216  	0.46358  	-0.0086  	-0.0171  	0.56558  	-0.0240  	-0.0491  	-0.3702  	-0.3875  	0.90793  	0.00773  	0.22308  	-0.2587  	0.17546  	0.11679  	-0.0544  	0.09068  	-0.1891  	-0.1031  	0.00107  	-0.0202  	0.02641  	-0.0751  	0.00268  	-0.0270  	-0.0594  	-0.0086  	-0.0153  	-0.0270  	0.02648  	0.02892  	0.00574  	-0.0657  	0.01833  	-0.0001  	-0.0500  	0.12569  	0.01415  	-0.0314  	0.44382  	
0.76357  	-0.0358  	-0.0217  	-0.6208  	-0.1877  	-0.8854  	0.13747  	0.54264  	0.26551  	0.23630  	0.16802  	-1.1446  	0.32926  	-0.6444  	-0.3360  	0.16828  	-0.3520  	-0.3000  	-0.1417  	0.51336  	0.49176  	-0.0238  	-0.8945  	0.20393  	0.30552  	-0.3445  	0.37568  	0.15338  	-0.3092  	0.37642  	0.09349  	0.47549  	-0.0009  	0.00933  	0.48903  	0.04095  	-0.0411  	-0.3330  	-0.3528  	0.87104  	0.04992  	0.17751  	-0.1946  	0.20289  	0.07960  	-0.0606  	0.07882  	-0.1476  	-0.0650  	-0.0320  	-0.0032  	0.02232  	-0.0707  	-0.0137  	-0.0117  	-0.0545  	-0.0179  	-0.0063  	-0.0305  	0.01139  	0.03808  	-0.0005  	-0.0411  	0.02036  	-0.0001  	-0.0500  	0.12569  	0.01415  	-0.0314  	0.44382  	
0.65699  	-0.0487  	-0.1570  	-0.6181  	-0.2059  	-0.9873  	0.14469  	0.52840  	0.23058  	0.30850  	0.22335  	-1.3397  	0.28965  	-0.8148  	-0.4287  	0.12134  	-0.3376  	-0.3418  	-0.1187  	0.53014  	0.50736  	0.00661  	-0.9266  	0.30119  	0.53305  	-0.3666  	0.59094  	0.09152  	-0.2906  	0.44114  	0.05180  	0.49945  	-0.0956  	-0.0199  	0.50119  	0.07370  	0.01552  	-0.3371  	-0.3392  	0.91822  	-0.0009  	0.19153  	-0.2151  	0.21497  	0.07697  	-0.0652  	0.07232  	-0.1510  	-0.0728  	-0.0328  	0.00327  	0.02540  	-0.0724  	-0.0012  	-0.0072  	-0.0710  	-0.0224  	-0.0054  	-0.0277  	0.01957  	0.03259  	-0.0118  	-0.0429  	0.01978  	-0.0001  	-0.0500  	0.12569  	0.01415  	-0.0314  	0.44382  	
0.59351  	-0.0744  	-0.2656  	-0.4650  	-0.1347  	-0.9348  	0.06875  	0.54860  	0.23480  	0.19865  	0.38408  	-1.0779  	0.20817  	-1.0110  	-0.5558  	0.35899  	-0.3191  	-0.2589  	-0.0676  	0.64638  	0.52311  	-0.0508  	-0.9918  	0.24578  	0.41681  	-0.3602  	0.40347  	0.22044  	-0.3701  	0.36648  	0.04425  	0.49432  	-0.0422  	-0.0227  	0.50296  	0.05154  	0.01129  	-0.3015  	-0.3789  	0.89606  	-0.0116  	0.18110  	-0.2070  	0.23478  	0.08909  	-0.0577  	0.08426  	-0.1633  	-0.0729  	-0.0264  	-0.0087  	0.01859  	-0.0746  	-0.0072  	-0.0053  	-0.0700  	-0.0049  	-0.0051  	-0.0231  	0.01200  	0.02380  	-0.0066  	-0.0405  	0.02176  	-0.0001  	-0.0500  	0.12569  	0.01415  	-0.0314  	0.44382  	
0.35180  	-0.1302  	-0.3034  	-0.6966  	-0.1756  	-1.1945  	0.11937  	0.47353  	0.22806  	0.26628  	0.62433  	-0.9494  	0.18862  	-0.9475  	-0.8122  	0.36991  	-0.4250  	-0.1260  	-0.1499  	0.80946  	0.52275  	-0.1098  	-1.1212  	0.23902  	0.30883  	-0.3469  	0.20444  	0.33853  	-0.2942  	0.31158  	0.07718  	0.43608  	-0.0219  	-0.0096  	0.51469  	0.09910  	-0.0546  	-0.3391  	-0.3821  	0.88059  	0.04886  	0.17673  	-0.2261  	0.18948  	0.09320  	-0.0685  	0.09569  	-0.1833  	-0.0935  	-0.0216  	-0.0025  	0.01851  	-0.0704  	-0.0095  	-0.0156  	-0.0764  	-0.0064  	-0.0037  	-0.0308  	0.01060  	0.02771  	-0.0107  	-0.0510  	0.02938  	-0.0001  	-0.0500  	0.12569  	0.01415  	-0.0314  	0.44382  	
-0.0871  	-0.2802  	-0.5282  	-0.9069  	-0.1278  	-1.4219  	0.09122  	0.34154  	0.14676  	0.30333  	0.77819  	-0.9434  	0.05754  	-1.2181  	-0.9673  	0.23279  	-0.4123  	-0.0818  	-0.1037  	0.86021  	0.44762  	-0.2083  	-1.0784  	0.23547  	0.27388  	-0.3190  	0.19319  	0.45093  	-0.3084  	0.28160  	0.07763  	0.42731  	-0.0354  	-0.0014  	0.48191  	0.13707  	-0.0745  	-0.3561  	-0.3597  	0.89065  	0.02895  	0.19880  	-0.2792  	0.17728  	0.09977  	-0.0657  	0.09975  	-0.2028  	-0.1151  	-0.0246  	-0.0046  	0.02306  	-0.0746  	-0.0035  	-0.0159  	-0.0767  	-0.0051  	-0.0066  	-0.0296  	0.01593  	0.02913  	-0.0146  	-0.0456  	0.02765  	-0.0001  	-0.0500  	0.12569  	0.01415  	-0.0314  	0.44382  	
0.17121  	-0.1848  	-0.4239  	-0.8038  	-0.1683  	-1.2576  	0.02042  	0.48521  	0.22012  	0.27432  	0.68140  	-0.8922  	0.13644  	-1.0169  	-0.8006  	0.29788  	-0.4251  	-0.1250  	-0.1224  	0.89162  	0.50500  	-0.2284  	-1.1704  	0.22208  	0.26317  	-0.3503  	0.23409  	0.44078  	-0.3371  	0.29777  	0.06807  	0.44567  	-0.0068  	-0.0028  	0.52511  	0.09023  	-0.0704  	-0.3641  	-0.3687  	0.93759  	-0.0286  	0.20046  	-0.2704  	0.16509  	0.11636  	-0.0632  	0.09874  	-0.2112  	-0.1089  	-0.0266  	-5.0543  	0.01883  	-0.0825  	-0.0013  	-0.0204  	-0.0680  	-0.0048  	-0.0059  	-0.0258  	0.01954  	0.02934  	-0.0002  	-0.0463  	0.02614  	-0.0001  	-0.0500  	0.12569  	0.01415  	-0.0314  	0.44382  	
0.55450  	-0.0943  	-0.1922  	-0.4634  	-0.1016  	-0.9326  	0.10240  	0.54655  	0.24529  	0.23565  	0.28756  	-0.9471  	0.24196  	-0.7572  	-0.3647  	0.26212  	-0.3759  	-0.2188  	-0.1344  	0.69606  	0.48283  	-0.0316  	-1.0492  	0.27055  	0.27401  	-0.3583  	0.35080  	0.23542  	-0.3237  	0.36216  	0.08659  	0.50212  	-0.0060  	0.00434  	0.48846  	0.03547  	-0.0667  	-0.3485  	-0.3442  	0.94870  	0.01528  	0.18721  	-0.2484  	0.21454  	0.09170  	-0.0612  	0.09652  	-0.1607  	-0.0810  	-0.0394  	-0.0074  	0.01766  	-0.0781  	-0.0105  	-0.0200  	-0.0667  	-0.0103  	-0.0094  	-0.0248  	0.00749  	0.03468  	0.00297  	-0.0543  	0.01990  	-0.0001  	-0.0500  	0.12569  	0.01415  	-0.0314  	0.44382  	
0.70982  	-0.0463  	-0.0936  	-0.3828  	-0.1009  	-0.8790  	0.05578  	0.61921  	0.25542  	0.23351  	0.16504  	-1.1126  	0.36898  	-0.7913  	-0.3407  	0.18919  	-0.2660  	-0.4080  	-0.0545  	0.36253  	0.51953  	-0.2569  	-1.2512  	0.18691  	0.37370  	-0.2635  	0.35062  	0.09698  	-0.1459  	0.39493  	0.18649  	0.42266  	-0.1410  	-0.1653  	0.38913  	0.01851  	-0.1524  	-0.3657  	-0.4162  	0.84262  	0.09667  	0.32435  	-0.3267  	0.30484  	0.01195  	-0.0392  	0.05622  	-0.1260  	-0.0855  	-0.0484  	0.00224  	0.02700  	-0.0712  	0.01107  	0.00309  	-0.0552  	-0.0191  	-0.0144  	-0.0293  	0.02096  	0.03546  	-0.0027  	-0.0711  	0.01820  	-0.0001  	-0.0500  	0.12569  	0.01415  	-0.0314  	0.44382  	
0.58558  	-0.0644  	-0.1110  	-0.6218  	-0.2145  	-1.0701  	0.07054  	0.58865  	0.18475  	0.25253  	0.39865  	-1.1637  	0.35210  	-0.9212  	-0.4200  	0.05073  	-0.1975  	-0.5193  	0.00751  	0.14333  	0.60126  	-0.4945  	-1.4492  	0.22989  	0.32288  	-0.1864  	0.39910  	-0.0413  	-0.1781  	0.34446  	0.26934  	0.38413  	-0.2420  	-0.3149  	0.36710  	0.02489  	-0.1478  	-0.3258  	-0.5654  	0.75158  	0.16908  	0.41799  	-0.4319  	0.36808  	-0.0300  	-0.0270  	0.03573  	-0.1393  	-0.1098  	-0.0479  	0.00420  	0.03052  	-0.0668  	0.02807  	0.00530  	-0.0657  	-0.0187  	-0.0242  	-0.0245  	0.03125  	0.04144  	-0.0046  	-0.0699  	0.02521  	-0.0001  	-0.0500  	0.12569  	0.01415  	-0.0314  	0.44382  	
0.21418  	-0.1778  	-0.2221  	-0.9154  	-0.3207  	-1.1606  	-0.0404  	0.59196  	0.13672  	0.16787  	0.71409  	-1.1232  	0.18084  	-1.3413  	-0.7960  	0.17476  	-0.1758  	-0.5512  	0.07758  	0.15130  	0.70441  	-0.6100  	-1.4934  	0.23507  	0.08981  	-0.1392  	0.34057  	0.01641  	-0.2225  	0.22911  	0.31562  	0.40982  	-0.2235  	-0.3561  	0.36667  	0.02253  	-0.1061  	-0.3030  	-0.6596  	0.68940  	0.23066  	0.42282  	-0.4587  	0.37541  	-0.0332  	-0.0253  	0.05821  	-0.1718  	-0.1454  	-0.0501  	-0.0041  	0.02775  	-0.0721  	0.02925  	0.00173  	-0.0793  	-0.0184  	-0.0278  	-0.0292  	0.03354  	0.03675  	-0.0117  	-0.0788  	0.02631  	-0.0001  	-0.0500  	0.12569  	0.01415  	-0.0314  	0.44382  	
0.34320  	-0.1820  	-0.2078  	-0.8575  	-0.3230  	-1.1418  	0.00961  	0.51378  	0.17172  	0.25884  	0.64840  	-1.0299  	0.15037  	-1.4289  	-0.9109  	0.35394  	-0.2357  	-0.3945  	0.04598  	0.30249  	0.48077  	-0.5897  	-1.4979  	0.17239  	0.17513  	-0.1464  	0.22588  	0.24765  	-0.1381  	0.27284  	0.29600  	0.41184  	-0.2155  	-0.2930  	0.27195  	0.12264  	-0.2102  	-0.3133  	-0.5678  	0.74818  	0.24729  	0.40933  	-0.4302  	0.36976  	-0.0223  	-0.0276  	0.05586  	-0.1591  	-0.1268  	-0.0554  	0.00490  	0.03437  	-0.0598  	0.02805  	0.00587  	-0.0846  	-0.0168  	-0.0253  	-0.0253  	0.02366  	0.03679  	-0.0180  	-0.0672  	0.03103  	-0.0001  	-0.0500  	0.12569  	0.01415  	-0.0314  	0.44382  	
0.39072  	-0.1961  	-0.2236  	-0.7970  	-0.2827  	-1.1459  	0.03321  	0.45579  	0.18655  	0.30934  	0.66050  	-1.0104  	0.13731  	-1.3416  	-0.9885  	0.40879  	-0.3243  	-0.2928  	-0.0318  	0.54290  	0.40831  	-0.4285  	-1.3559  	0.16400  	0.22209  	-0.2501  	0.23060  	0.33202  	-0.2027  	0.27861  	0.16155  	0.46990  	-0.1498  	-0.1734  	0.39091  	0.18783  	-0.1519  	-0.3228  	-0.4887  	0.81943  	0.15119  	0.31577  	-0.3352  	0.27960  	0.02665  	-0.0474  	0.07563  	-0.1654  	-0.1048  	-0.0331  	0.01100  	0.02384  	-0.0628  	0.01246  	-0.0001  	-0.0782  	-0.0044  	-0.0101  	-0.0245  	0.02030  	0.02935  	-0.0171  	-0.0486  	0.03355  	-0.0001  	-0.0500  	0.12569  	0.01415  	-0.0314  	0.44382  	
0.32101  	-0.1805  	-0.3283  	-0.8959  	-0.2787  	-1.1315  	0.06690  	0.29178  	0.17142  	0.39500  	0.68673  	-1.0156  	0.06470  	-1.3317  	-1.1884  	0.46690  	-0.4482  	-0.0772  	-0.1135  	0.90142  	0.27966  	-0.2054  	-1.2021  	0.10158  	0.33057  	-0.3503  	0.15044  	0.51192  	-0.2065  	0.28856  	0.05949  	0.51662  	-0.0532  	0.01227  	0.39041  	0.25305  	-0.1070  	-0.3289  	-0.3148  	0.92329  	0.11405  	0.15797  	-0.2024  	0.20167  	0.10067  	-0.0679  	0.09269  	-0.1938  	-0.0941  	-0.0227  	0.00927  	0.01674  	-0.0633  	-0.0012  	0.00024  	-0.0758  	0.00187  	-0.0006  	-0.0183  	0.01309  	0.03017  	-0.0154  	-0.0339  	0.03041  	-0.0001  	-0.0500  	0.12569  	0.01415  	-0.0314  	0.44382  	
0.14685  	-0.1980  	-0.3640  	-0.8808  	-0.3020  	-1.1383  	0.04441  	0.24808  	0.12225  	0.30468  	0.48273  	-1.0757  	-0.0091  	-1.3432  	-1.1310  	0.36729  	-0.4075  	-0.1073  	-0.1000  	0.82798  	0.28280  	-0.1438  	-1.1179  	0.14247  	0.41228  	-0.3523  	0.23535  	0.49183  	-0.2052  	0.36095  	0.04112  	0.50185  	-0.0949  	-0.0073  	0.40475  	0.27534  	-0.0978  	-0.3336  	-0.3186  	0.91225  	0.09044  	0.18584  	-0.2128  	0.19382  	0.08967  	-0.0619  	0.08854  	-0.1961  	-0.0978  	-0.0292  	0.01496  	0.02293  	-0.0713  	-7.4941  	-0.0034  	-0.0678  	0.00730  	0.00608  	-0.0196  	0.01840  	0.02595  	-0.0159  	-0.0394  	0.03405  	-0.0001  	-0.0500  	0.12569  	0.01415  	-0.0314  	0.44382  	
0.07409  	-0.2304  	-0.4741  	-0.8112  	-0.2593  	-1.1752  	0.01325  	0.40031  	0.15145  	0.21130  	0.56891  	-1.0145  	0.02699  	-1.2768  	-0.9106  	0.31455  	-0.3521  	-0.1349  	-0.0944  	0.78533  	0.41933  	-0.1581  	-1.0600  	0.21351  	0.39705  	-0.3458  	0.34453  	0.40869  	-0.2790  	0.36503  	0.05112  	0.50109  	-0.0822  	-0.0131  	0.40215  	0.17765  	-0.0302  	-0.3274  	-0.3705  	0.86081  	0.01955  	0.20832  	-0.2558  	0.19754  	0.10391  	-0.0654  	0.10006  	-0.2094  	-0.0959  	-0.0360  	-0.0059  	0.02337  	-0.0655  	0.00827  	-0.0045  	-0.0806  	0.00036  	0.00337  	-0.0173  	0.01146  	0.01975  	-0.0193  	-0.0386  	0.03714  	-0.0001  	-0.0500  	0.12569  	0.01415  	-0.0314  	0.44382  	
0.18930  	-0.2115  	-0.3817  	-0.7965  	-0.2956  	-1.1155  	-0.0076  	0.43538  	0.22052  	0.21815  	0.52987  	-0.9699  	0.10767  	-1.2238  	-0.8582  	0.30152  	-0.3402  	-0.1527  	-0.1044  	0.74056  	0.40276  	-0.1547  	-0.9881  	0.17143  	0.29133  	-0.3087  	0.21182  	0.38315  	-0.2590  	0.34043  	0.08453  	0.46302  	-0.0430  	-0.0018  	0.37929  	0.11084  	-0.0988  	-0.3281  	-0.3638  	0.86109  	0.07171  	0.16597  	-0.2143  	0.20657  	0.09696  	-0.0676  	0.10021  	-0.1980  	-0.0992  	-0.0313  	-0.0106  	0.01727  	-0.0685  	-0.0101  	-0.0098  	-0.0816  	-0.0008  	0.00195  	-0.0217  	0.00496  	0.02464  	-0.0163  	-0.0423  	0.03310  	-0.0001  	-0.0500  	0.12569  	0.01415  	-0.0314  	0.44382  	
0.36922  	-0.1260  	-0.2632  	-0.7133  	-0.2544  	-1.0545  	0.02871  	0.49752  	0.24033  	0.24435  	0.51035  	-0.9532  	0.16105  	-1.0589  	-0.7318  	0.32720  	-0.3688  	-0.1555  	-0.1014  	0.75578  	0.46958  	-0.1305  	-1.0478  	0.17255  	0.27935  	-0.3380  	0.21156  	0.32784  	-0.3067  	0.30334  	0.08443  	0.47106  	-0.0118  	0.00399  	0.44543  	0.08641  	-0.0527  	-0.3126  	-0.3590  	0.88257  	0.08169  	0.15746  	-0.1971  	0.19286  	0.08197  	-0.0610  	0.10408  	-0.1762  	-0.1003  	-0.0286  	-0.0057  	0.02281  	-0.0704  	-0.0055  	-0.0090  	-0.0690  	-0.0078  	0.00073  	-0.0213  	0.00783  	0.03068  	-0.0080  	-0.0493  	0.02883  	-0.0001  	-0.0500  	0.12569  	0.01415  	-0.0314  	0.44382  	
0.48996  	-0.0923  	-0.2486  	-0.5535  	-0.1580  	-1.0069  	0.06758  	0.51848  	0.27500  	0.21853  	0.48111  	-0.9617  	0.18706  	-1.0590  	-0.7117  	0.42580  	-0.3975  	-0.1617  	-0.1037  	0.77897  	0.46405  	-0.1613  	-1.0717  	0.17400  	0.33628  	-0.3538  	0.23017  	0.35541  	-0.3070  	0.32323  	0.04429  	0.48980  	-0.0075  	-0.0159  	0.45310  	0.07558  	-0.0627  	-0.2995  	-0.3363  	0.90506  	0.04535  	0.17223  	-0.2018  	0.18577  	0.08707  	-0.0601  	0.08624  	-0.1758  	-0.0939  	-0.0210  	-0.0017  	0.02030  	-0.0738  	-0.0004  	-0.0067  	-0.0689  	-0.0064  	0.00044  	-0.0161  	0.00430  	0.02472  	-0.0075  	-0.0379  	0.02088  	-0.0001  	-0.0500  	0.12569  	0.01415  	-0.0314  	0.44382  	
0.54968  	-0.1012  	-0.2461  	-0.5822  	-0.1190  	-1.0076  	0.09469  	0.47550  	0.27065  	0.28014  	0.54330  	-0.9588  	0.19592  	-1.0527  	-0.8317  	0.44838  	-0.4433  	-0.1517  	-0.1343  	0.85295  	0.47165  	-0.1648  	-1.1671  	0.16958  	0.37524  	-0.3668  	0.23361  	0.43270  	-0.2892  	0.34729  	0.02486  	0.50095  	-0.0126  	0.00424  	0.47750  	0.11670  	-0.0598  	-0.3182  	-0.3381  	0.92937  	0.03095  	0.18324  	-0.2023  	0.19784  	0.08675  	-0.0696  	0.08135  	-0.1739  	-0.0871  	-0.0322  	0.00926  	0.02082  	-0.0739  	0.00036  	-0.0085  	-0.0659  	0.00207  	-0.0029  	-0.0239  	0.01229  	0.02193  	-0.0183  	-0.0342  	0.02629  	-0.0001  	-0.0500  	0.12569  	0.01415  	-0.0314  	0.44382  	
0.50451  	-0.1370  	-0.3815  	-0.3541  	0.01928  	-1.0346  	0.01329  	0.47416  	0.19334  	0.25390  	0.35481  	-0.9226  	0.22605  	-0.9176  	-0.4694  	0.27229  	-0.4441  	-0.2556  	-0.1471  	0.75854  	0.42470  	-0.0319  	-1.1562  	0.24881  	0.38491  	-0.3584  	0.37678  	0.39675  	-0.3034  	0.40876  	0.04667  	0.48778  	-0.0231  	0.01017  	0.55141  	0.06159  	-0.0580  	-0.3750  	-0.3684  	0.93395  	-0.0363  	0.22439  	-0.2866  	0.19701  	0.08682  	-0.0618  	0.09023  	-0.1939  	-0.0981  	-0.0198  	-0.0034  	0.00777  	-0.0771  	-0.0077  	-0.0255  	-0.0709  	0.00571  	-0.0008  	-0.0253  	0.00629  	0.02892  	-0.0058  	-0.0490  	0.01986  	-0.0001  	-0.0500  	0.12569  	0.01415  	-0.0314  	0.44382  	
0.63031  	-0.1250  	-0.3376  	-0.2115  	0.11089  	-0.9626  	0.12490  	0.49350  	0.20344  	0.26826  	0.14416  	-1.0509  	0.31570  	-0.7273  	-0.2357  	0.16622  	-0.4422  	-0.2210  	-0.1461  	0.71821  	0.34520  	-0.0499  	-1.1611  	0.13435  	0.47188  	-0.3829  	0.40448  	0.38100  	-0.1217  	0.46396  	0.01113  	0.46582  	-0.0415  	0.03453  	0.53683  	0.10634  	-0.1320  	-0.3848  	-0.2893  	0.95884  	-0.0741  	0.22794  	-0.2398  	0.21202  	0.10044  	-0.0619  	0.09010  	-0.1867  	-0.0798  	-0.0232  	0.00018  	0.01718  	-0.0736  	-0.0072  	0.00045  	-0.0618  	-0.0108  	-0.0020  	-0.0189  	0.01135  	0.02688  	-0.0037  	-0.0558  	0.01466  	-0.0001  	-0.0500  	0.12569  	0.01415  	-0.0314  	0.44382  	
0.78386  	0.00911  	-0.2372  	-0.3203  	0.02206  	-0.9175  	0.10412  	0.53189  	0.22229  	0.24248  	0.03163  	-1.2791  	0.36106  	-0.6085  	-0.2554  	0.18424  	-0.4106  	-0.2483  	-0.1304  	0.53118  	0.38944  	0.03100  	-1.0629  	0.19516  	0.52951  	-0.4011  	0.43922  	0.23619  	-0.0857  	0.49506  	0.02941  	0.47115  	-0.0729  	0.00381  	0.49389  	0.07203  	-0.1275  	-0.3907  	-0.2903  	0.97257  	-0.0127  	0.20157  	-0.2401  	0.21480  	0.07543  	-0.0517  	0.07183  	-0.1503  	-0.0673  	-0.0382  	0.00263  	0.02745  	-0.0657  	-0.0094  	-0.0062  	-0.0553  	-0.0229  	-0.0084  	-0.0216  	0.01822  	0.02781  	0.00176  	-0.0589  	0.01502  	-0.0001  	-0.0500  	0.12569  	0.01415  	-0.0314  	0.44382  	
0.57459  	-0.0332  	-0.4130  	-0.2125  	0.06140  	-1.0928  	0.08015  	0.52856  	0.20144  	0.24687  	0.14631  	-1.1451  	0.31732  	-0.6034  	-0.2706  	0.14705  	-0.3981  	-0.2898  	-0.1321  	0.65240  	0.41841  	0.01012  	-1.1721  	0.27604  	0.62951  	-0.4014  	0.49813  	0.27333  	-0.1595  	0.48273  	-0.0018  	0.43668  	-0.0905  	0.01376  	0.57570  	0.09892  	-0.1077  	-0.3793  	-0.3035  	0.96352  	-0.1249  	0.23964  	-0.2916  	0.19174  	0.09318  	-0.0614  	0.07543  	-0.1662  	-0.0764  	-0.0470  	0.00490  	0.02383  	-0.0756  	-0.0074  	-0.0182  	-0.0662  	-0.0112  	-0.0008  	-0.0089  	0.01374  	0.02340  	-0.0001  	-0.0516  	0.02200  	-0.0001  	-0.0500  	0.12569  	0.01415  	-0.0314  	0.44382  	
0.56780  	-0.0472  	-0.4780  	0.02960  	0.26495  	-1.0790  	0.12449  	0.50347  	0.21192  	0.12659  	0.23732  	-0.9768  	0.26332  	-0.6413  	-0.2543  	0.20363  	-0.3849  	-0.2813  	-0.1930  	0.75585  	0.30964  	-0.0254  	-1.2685  	0.27068  	0.64444  	-0.4077  	0.47652  	0.46391  	-0.1459  	0.49845  	-0.0799  	0.47432  	-0.0738  	0.02182  	0.61901  	0.13451  	-0.1472  	-0.3958  	-0.3110  	0.99704  	-0.1589  	0.26087  	-0.2962  	0.15777  	0.12022  	-0.0657  	0.08778  	-0.1613  	-0.0939  	-0.0333  	-0.0009  	0.02080  	-0.0760  	-0.0065  	-0.0161  	-0.0614  	0.01689  	-0.0060  	-0.0133  	0.00565  	0.01717  	-0.0103  	-0.0482  	0.01264  	-0.0001  	-0.0500  	0.12569  	0.01415  	-0.0314  	0.44382  	
0.51582  	-0.0604  	-0.4805  	0.04757  	0.23821  	-0.9602  	0.11595  	0.50970  	0.23856  	0.10140  	0.07118  	-1.0206  	0.32381  	-0.6348  	-0.2278  	0.25431  	-0.4400  	-0.2017  	-0.1855  	0.85670  	0.23473  	-0.0510  	-1.2995  	0.19254  	0.59288  	-0.3814  	0.23369  	0.60458  	0.05538  	0.54778  	-0.0671  	0.43433  	-0.0491  	0.05529  	0.52498  	0.12808  	-0.2673  	-0.3984  	-0.2534  	0.98962  	-0.0869  	0.22757  	-0.2816  	0.19035  	0.11999  	-0.0671  	0.08881  	-0.1810  	-0.0915  	-0.0420  	0.01254  	0.01260  	-0.0664  	-0.0032  	-0.0129  	-0.0568  	0.00098  	-0.0056  	-0.0229  	0.01011  	0.02665  	-0.0128  	-0.0600  	0.02649  	-0.0001  	-0.0500  	0.12569  	0.01415  	-0.0314  	0.44382  	
0.47859  	-0.0851  	-0.4831  	-0.0853  	0.15440  	-0.9842  	0.06484  	0.48805  	0.23065  	0.16968  	0.10453  	-0.9829  	0.28459  	-0.7389  	-0.3593  	0.29228  	-0.4355  	-0.1553  	-0.1623  	0.81181  	0.27226  	-0.0329  	-1.2461  	0.14128  	0.51431  	-0.3616  	0.18005  	0.57973  	0.04925  	0.49287  	-0.0041  	0.41248  	-0.0496  	0.03734  	0.46275  	0.10876  	-0.2607  	-0.4178  	-0.2371  	0.96885  	-0.0133  	0.20232  	-0.2655  	0.20682  	0.10390  	-0.0657  	0.09486  	-0.1896  	-0.0837  	-0.0408  	0.00756  	0.01144  	-0.0785  	-0.0069  	-0.0111  	-0.0664  	-0.0058  	0.00342  	-0.0328  	0.00688  	0.02661  	-0.0159  	-0.0545  	0.02597  	-0.0001  	-0.0500  	0.12569  	0.01415  	-0.0314  	0.44382  	
0.37663  	-0.1571  	-0.3544  	-0.4613  	-0.0788  	-1.1070  	0.08932  	0.47255  	0.25144  	0.22093  	0.31381  	-0.9690  	0.24766  	-0.8822  	-0.7001  	0.35917  	-0.4420  	-0.1143  	-0.1393  	0.80512  	0.36765  	-0.1017  	-1.1606  	0.18626  	0.37168  	-0.3463  	0.21558  	0.51164  	-0.1354  	0.38687  	0.03531  	0.45374  	-0.0445  	0.01360  	0.45399  	0.09901  	-0.1422  	-0.3849  	-0.3102  	0.95332  	0.01022  	0.19829  	-0.2375  	0.20563  	0.09166  	-0.0719  	0.08969  	-0.1786  	-0.0906  	-0.0317  	-0.0096  	0.00619  	-0.0736  	-0.0016  	-0.0052  	-0.0762  	0.00026  	0.00649  	-0.0182  	0.01525  	0.01822  	-0.0067  	-0.0537  	0.03131  	-0.0001  	-0.0500  	0.12569  	0.01415  	-0.0314  	0.44382  	
0.15647  	-0.2277  	-0.3520  	-0.9737  	-0.2594  	-1.2223  	0.10366  	0.42546  	0.22477  	0.26531  	0.61215  	-1.0664  	0.08762  	-1.1885  	-0.9771  	0.32156  	-0.3747  	-0.1149  	-0.1208  	0.79363  	0.42870  	-0.2007  	-1.0966  	0.24072  	0.28584  	-0.3448  	0.24604  	0.40184  	-0.2792  	0.29379  	0.07269  	0.47904  	-0.0398  	0.00192  	0.45011  	0.13179  	-0.0498  	-0.3339  	-0.3989  	0.91918  	0.04049  	0.17734  	-0.2488  	0.19977  	0.09022  	-0.0630  	0.09693  	-0.1898  	-0.0925  	-0.0293  	-0.0089  	0.01922  	-0.0750  	-0.0045  	-0.0097  	-0.0804  	0.00116  	-0.0017  	-0.0232  	0.00973  	0.03288  	-0.0119  	-0.0441  	0.03448  	-0.0001  	-0.0500  	0.12569  	0.01415  	-0.0314  	0.44382  	
0.02980  	-0.2838  	-0.4117  	-1.1055  	-0.3994  	-1.1933  	0.04796  	0.35612  	0.16576  	0.27204  	0.69831  	-1.1092  	0.03101  	-1.3762  	-1.1324  	0.29709  	-0.3697  	-0.0884  	-0.0852  	0.80242  	0.37974  	-0.1772  	-1.0115  	0.16788  	0.30842  	-0.3191  	0.20149  	0.41512  	-0.2424  	0.30482  	0.09687  	0.46288  	-0.0735  	-0.0017  	0.34612  	0.16348  	-0.0685  	-0.3244  	-0.3599  	0.87145  	0.10232  	0.17082  	-0.2286  	0.20849  	0.09294  	-0.0611  	0.09406  	-0.2050  	-0.1135  	-0.0295  	-0.0149  	0.02313  	-0.0706  	-0.0077  	-0.0119  	-0.0799  	0.00301  	0.00070  	-0.0249  	0.01204  	0.03427  	-0.0173  	-0.0427  	0.03213  	-0.0001  	-0.0500  	0.12569  	0.01415  	-0.0314  	0.44382  	
0.04293  	-0.2722  	-0.5181  	-0.8711  	-0.2521  	-1.2764  	0.02124  	0.35046  	0.17171  	0.30993  	0.58732  	-0.9885  	0.08877  	-1.2778  	-1.0483  	0.27027  	-0.4072  	-0.0325  	-0.1233  	0.83107  	0.27144  	-0.1394  	-1.1025  	0.11513  	0.32739  	-0.3145  	0.14567  	0.51646  	-0.1487  	0.34049  	0.10692  	0.44289  	-0.0424  	-0.0070  	0.30837  	0.17776  	-0.1601  	-0.3673  	-0.2891  	0.91200  	0.05684  	0.18467  	-0.2285  	0.19057  	0.09494  	-0.0613  	0.10504  	-0.1921  	-0.1099  	-0.0258  	-0.0085  	0.01935  	-0.0768  	-0.0059  	-0.0072  	-0.0790  	0.00452  	0.00173  	-0.0198  	0.01222  	0.02613  	-0.0159  	-0.0411  	0.03177  	-0.0001  	-0.0500  	0.12569  	0.01415  	-0.0314  	0.44382  	
-0.0384  	-0.2644  	-0.6002  	-0.7224  	-0.1294  	-1.3349  	0.06203  	0.41895  	0.18199  	0.26706  	0.62204  	-0.9042  	0.14027  	-1.0932  	-0.9274  	0.24906  	-0.4110  	-0.0829  	-0.1420  	0.82330  	0.31316  	-0.1320  	-1.0861  	0.15839  	0.25329  	-0.3149  	0.10839  	0.53195  	-0.1402  	0.33617  	0.08214  	0.44438  	-0.0155  	0.01684  	0.40998  	0.12087  	-0.1993  	-0.3794  	-0.3075  	0.89261  	0.03391  	0.19213  	-0.2362  	0.15234  	0.10084  	-0.0595  	0.10477  	-0.1975  	-0.1019  	-0.0335  	-0.0061  	0.02017  	-0.0799  	-0.0081  	-0.0079  	-0.0795  	-0.0060  	0.00200  	-0.0332  	0.00934  	0.03153  	-0.0025  	-0.0440  	0.02376  	-0.0001  	-0.0500  	0.12569  	0.01415  	-0.0314  	0.44382  	
-0.1209  	-0.2635  	-0.5814  	-0.8629  	-0.1684  	-1.3991  	0.09904  	0.41065  	0.17844  	0.26543  	0.78053  	-0.9479  	0.07682  	-1.1940  	-0.9233  	0.24645  	-0.4137  	-0.1030  	-0.1254  	0.90037  	0.43257  	-0.1859  	-1.0970  	0.19750  	0.25143  	-0.3179  	0.16309  	0.44143  	-0.2945  	0.30594  	0.07434  	0.42201  	0.00581  	0.02061  	0.45783  	0.12899  	-0.0899  	-0.3526  	-0.3608  	0.87343  	0.03531  	0.20545  	-0.2898  	0.16911  	0.11017  	-0.0681  	0.10498  	-0.2074  	-0.0941  	-0.0253  	-0.0015  	0.02291  	-0.0772  	-0.0019  	-0.0111  	-0.0761  	-0.0073  	0.00263  	-0.0249  	0.00570  	0.02961  	-0.0167  	-0.0485  	0.02798  	-0.0001  	-0.0500  	0.12569  	0.01415  	-0.0314  	0.44382  	
-0.0457  	-0.2775  	-0.5298  	-0.9950  	-0.2860  	-1.4429  	0.05542  	0.43739  	0.17150  	0.35288  	0.81223  	-0.9924  	0.07385  	-1.2542  	-1.0043  	0.26506  	-0.3970  	-0.0984  	-0.0901  	0.85187  	0.45866  	-0.1792  	-1.0613  	0.16116  	0.27567  	-0.2944  	0.18665  	0.37493  	-0.3252  	0.30651  	0.08715  	0.43785  	-0.0257  	0.00117  	0.42362  	0.12403  	-0.0760  	-0.3288  	-0.3599  	0.85994  	0.06440  	0.18120  	-0.2670  	0.19730  	0.10010  	-0.0636  	0.10348  	-0.2225  	-0.1089  	-0.0320  	-0.0067  	0.01946  	-0.0719  	-0.0050  	-0.0138  	-0.0755  	-0.0057  	0.00620  	-0.0267  	0.01743  	0.03525  	-0.0166  	-0.0466  	0.02884  	-0.0001  	-0.0500  	0.12569  	0.01415  	-0.0314  	0.44382  	
0.04687  	-0.2313  	-0.3916  	-1.1461  	-0.4553  	-1.2480  	0.05248  	0.41358  	0.21610  	0.34867  	0.73352  	-1.0856  	0.05408  	-1.3164  	-1.1208  	0.27014  	-0.3722  	-0.1059  	-0.0961  	0.81391  	0.40098  	-0.1626  	-0.9782  	0.10907  	0.28284  	-0.3038  	0.11701  	0.42909  	-0.2385  	0.29224  	0.12871  	0.44152  	-0.0388  	-0.0061  	0.27453  	0.11886  	-0.0973  	-0.3448  	-0.3111  	0.87220  	0.12709  	0.14365  	-0.1915  	0.20951  	0.09676  	-0.0656  	0.09651  	-0.1938  	-0.0964  	-0.0296  	-0.0175  	0.02145  	-0.0729  	-0.0064  	-0.0098  	-0.0833  	-0.0101  	-0.0026  	-0.0334  	0.01023  	0.03741  	-0.0082  	-0.0400  	0.03289  	-0.0001  	-0.0500  	0.12569  	0.01415  	-0.0314  	0.44382  	
-0.1345  	-0.2662  	-0.4764  	-1.1665  	-0.3968  	-1.4293  	0.06756  	0.33092  	0.17480  	0.39207  	0.77868  	-1.0776  	0.07022  	-1.3186  	-1.1519  	0.20943  	-0.3887  	-0.0966  	-0.1152  	0.86718  	0.35024  	-0.2035  	-1.0608  	0.13378  	0.34372  	-0.3232  	0.15906  	0.43810  	-0.2466  	0.29044  	0.11299  	0.43179  	-0.0202  	0.00610  	0.34515  	0.16437  	-0.1008  	-0.3454  	-0.3286  	0.86366  	0.09425  	0.18668  	-0.2236  	0.19864  	0.09978  	-0.0668  	0.09509  	-0.2028  	-0.1015  	-0.0312  	-0.0078  	0.01868  	-0.0758  	-0.0057  	-0.0085  	-0.0814  	-0.0033  	0.00540  	-0.0298  	0.00752  	0.03547  	-0.0022  	-0.0366  	0.03235  	-0.0001  	-0.0500  	0.12569  	0.01415  	-0.0314  	0.44382  	
-0.1578  	-0.3095  	-0.5554  	-1.1795  	-0.3932  	-1.4441  	0.00820  	0.35996  	0.16389  	0.37422  	0.79523  	-1.0637  	0.01305  	-1.3601  	-1.0822  	0.19465  	-0.3510  	-0.1279  	-0.0780  	0.77438  	0.44564  	-0.1977  	-1.0302  	0.14019  	0.32589  	-0.3153  	0.23932  	0.37996  	-0.2852  	0.29662  	0.08419  	0.45825  	-0.0722  	-0.0088  	0.37608  	0.16124  	-0.0552  	-0.3238  	-0.3541  	0.84553  	0.10393  	0.16557  	-0.2525  	0.18884  	0.11083  	-0.0619  	0.10077  	-0.2207  	-0.1256  	-0.0152  	-0.0185  	0.02129  	-0.0656  	-0.0021  	-0.0100  	-0.0813  	-0.0079  	0.00207  	-0.0263  	0.01356  	0.03077  	-0.0101  	-0.0453  	0.02975  	-0.0001  	-0.0500  	0.12569  	0.01415  	-0.0314  	0.44382  	
-0.0434  	-0.2537  	-0.4497  	-1.2505  	-0.4953  	-1.3430  	0.02363  	0.34563  	0.20603  	0.36513  	0.82189  	-1.1123  	0.00738  	-1.4007  	-1.2629  	0.27172  	-0.3786  	-0.1031  	-0.0716  	0.74658  	0.39510  	-0.2074  	-0.9635  	0.12885  	0.29410  	-0.3034  	0.17337  	0.41434  	-0.2440  	0.28975  	0.10822  	0.46189  	-0.0694  	-0.0035  	0.30786  	0.17425  	-0.0741  	-0.3288  	-0.3485  	0.86008  	0.14766  	0.16665  	-0.1895  	0.21042  	0.09600  	-0.0618  	0.09985  	-0.1992  	-0.1028  	-0.0260  	-0.0229  	0.02010  	-0.0682  	-0.0003  	-0.0069  	-0.0811  	-0.0119  	0.00090  	-0.0239  	0.00336  	0.03631  	-0.0110  	-0.0415  	0.03469  	-0.0001  	-0.0500  	0.12569  	0.01415  	-0.0314  	0.44382  	
-0.0949  	-0.2334  	-0.4131  	-1.2080  	-0.4492  	-1.3902  	0.07439  	0.33616  	0.19081  	0.36969  	0.76538  	-1.1076  	0.02692  	-1.3880  	-1.2096  	0.31494  	-0.3906  	-0.0647  	-0.0873  	0.79039  	0.31130  	-0.1870  	-1.0148  	0.11091  	0.25703  	-0.3144  	0.13108  	0.47685  	-0.2217  	0.27218  	0.11126  	0.45384  	-0.0429  	-0.0061  	0.27609  	0.16343  	-0.1077  	-0.3427  	-0.3285  	0.87746  	0.15877  	0.17042  	-0.1969  	0.21446  	0.08307  	-0.0694  	0.10139  	-0.1992  	-0.0973  	-0.0220  	-0.0157  	0.02313  	-0.0672  	-0.0022  	-0.0051  	-0.0822  	-0.0159  	0.00325  	-0.0239  	0.00779  	0.03972  	-0.0005  	-0.0366  	0.03115  	-0.0001  	-0.0500  	0.12569  	0.01415  	-0.0314  	0.44382  	
-0.1903  	-0.2600  	-0.5227  	-1.1298  	-0.3901  	-1.4417  	0.06674  	0.33084  	0.17091  	0.40933  	0.80382  	-1.0713  	0.03080  	-1.3628  	-1.1245  	0.25464  	-0.3990  	-0.1131  	-0.1023  	0.76319  	0.37635  	-0.1801  	-1.0461  	0.12954  	0.28852  	-0.3170  	0.19311  	0.39165  	-0.2461  	0.28794  	0.09050  	0.45648  	-0.0472  	0.00613  	0.33754  	0.16890  	-0.0961  	-0.3405  	-0.3492  	0.86055  	0.13072  	0.17528  	-0.2237  	0.20373  	0.10085  	-0.0597  	0.09553  	-0.2082  	-0.1084  	-0.0280  	-0.0171  	0.02024  	-0.0683  	-0.0018  	-0.0109  	-0.0816  	-0.0066  	0.00240  	-0.0205  	0.00349  	0.04037  	-0.0087  	-0.0410  	0.02868  	-0.0001  	-0.0500  	0.12569  	0.01415  	-0.0314  	0.44382  	
-0.0026  	-0.2369  	-0.4656  	-1.0546  	-0.3941  	-1.2756  	0.03201  	0.42528  	0.20535  	0.30131  	0.72342  	-1.0721  	0.10607  	-1.1956  	-0.9340  	0.22742  	-0.3604  	-0.1792  	-0.1088  	0.72915  	0.46240  	-0.1813  	-0.9355  	0.18058  	0.28513  	-0.3074  	0.22323  	0.30612  	-0.3191  	0.31257  	0.10003  	0.44632  	-0.0534  	-0.0152  	0.40024  	0.11432  	-0.0334  	-0.3165  	-0.3819  	0.86038  	0.10508  	0.17201  	-0.2187  	0.20769  	0.08983  	-0.0730  	0.10721  	-0.2071  	-0.1098  	-0.0265  	-0.0168  	0.01745  	-0.0715  	4.48760  	-0.0115  	-0.0802  	-0.0084  	-8.0919  	-0.0212  	0.00899  	0.04141  	-0.0003  	-0.0425  	0.02984  	-0.0001  	-0.0500  	0.12569  	0.01415  	-0.0314  	0.44382  	
0.26947  	-0.1665  	-0.2694  	-0.9173  	-0.3597  	-1.1093  	0.02116  	0.46458  	0.22085  	0.25699  	0.62267  	-1.0390  	0.09517  	-1.1609  	-0.9309  	0.30750  	-0.3601  	-0.1482  	-0.0985  	0.74789  	0.46551  	-0.1521  	-0.9763  	0.15811  	0.27752  	-0.3145  	0.17385  	0.37411  	-0.2966  	0.28862  	0.07329  	0.46622  	-0.0167  	-0.0073  	0.37938  	0.08300  	-0.0416  	-0.3198  	-0.3601  	0.87686  	0.10068  	0.16677  	-0.1867  	0.20420  	0.08444  	-0.0720  	0.10141  	-0.2006  	-0.0972  	-0.0259  	-0.0090  	0.02030  	-0.0757  	-0.0038  	-0.0138  	-0.0713  	-0.0054  	-0.0041  	-0.0203  	0.00513  	0.02978  	-0.0053  	-0.0483  	0.03050  	-0.0001  	-0.0500  	0.12569  	0.01415  	-0.0314  	0.44382  	
0.43749  	-0.1241  	-0.2266  	-0.8284  	-0.3213  	-1.0426  	0.04844  	0.51063  	0.26562  	0.25992  	0.58881  	-1.0570  	0.16371  	-1.1234  	-0.8839  	0.41242  	-0.4044  	-0.1578  	-0.0800  	0.76235  	0.50839  	-0.1174  	-1.0572  	0.14361  	0.32077  	-0.3629  	0.13938  	0.33001  	-0.3016  	0.29289  	0.07474  	0.47877  	-0.0019  	-0.0192  	0.42189  	0.10052  	-0.0266  	-0.3127  	-0.3481  	0.87666  	0.15058  	0.15243  	-0.2029  	0.19530  	0.07573  	-0.0578  	0.09005  	-0.1758  	-0.0942  	-0.0283  	0.00157  	0.01627  	-0.0631  	-0.0027  	-0.0107  	-0.0672  	-0.0078  	-0.0025  	-0.0236  	0.01222  	0.03093  	-0.0008  	-0.0414  	0.02915  	-0.0001  	-0.0500  	0.12569  	0.01415  	-0.0314  	0.44382  	
0.15694  	-0.1855  	-0.3271  	-1.0743  	-0.3914  	-1.2513  	0.08339  	0.40231  	0.22285  	0.35895  	0.69451  	-1.1385  	0.08848  	-1.1771  	-1.1777  	0.36154  	-0.4117  	-0.1059  	-0.0872  	0.83988  	0.43263  	-0.2349  	-1.1113  	0.17243  	0.38725  	-0.3370  	0.17741  	0.31019  	-0.3319  	0.28830  	0.10421  	0.46214  	-0.0287  	-0.0014  	0.41524  	0.16154  	-0.0361  	-0.3113  	-0.3658  	0.89957  	0.10163  	0.16642  	-0.2095  	0.21537  	0.09689  	-0.0602  	0.09898  	-0.2025  	-0.1024  	-0.0324  	-0.0104  	0.02223  	-0.0706  	-0.0035  	-0.0116  	-0.0829  	-0.0077  	0.00211  	-0.0318  	0.00563  	0.03214  	-0.0118  	-0.0344  	0.03043  	-0.0001  	-0.0500  	0.12569  	0.01415  	-0.0314  	0.44382  	
-0.1344  	-0.2702  	-0.5089  	-1.1433  	-0.3655  	-1.3783  	0.02789  	0.38392  	0.18431  	0.30440  	0.85441  	-1.1338  	0.03435  	-1.2804  	-1.0373  	0.20710  	-0.3911  	-0.1640  	-0.1158  	0.77013  	0.53389  	-0.2100  	-1.0543  	0.24097  	0.31170  	-0.3361  	0.28557  	0.30045  	-0.3885  	0.26852  	0.07397  	0.47255  	-0.0206  	-0.0102  	0.47504  	0.12886  	-0.0028  	-0.3214  	-0.3966  	0.86822  	0.05879  	0.17904  	-0.2563  	0.17176  	0.10109  	-0.0595  	0.10651  	-0.2257  	-0.1165  	-0.0165  	-0.0196  	0.02086  	-0.0669  	0.00282  	-0.0141  	-0.0742  	-0.0088  	-0.0018  	-0.0206  	0.01269  	0.03184  	-0.0132  	-0.0473  	0.02674  	-0.0001  	-0.0500  	0.12569  	0.01415  	-0.0314  	0.44382  	
-0.2096  	-0.3167  	-0.5138  	-1.2804  	-0.4790  	-1.4938  	-0.0033  	0.38542  	0.18455  	0.38203  	0.93541  	-1.1099  	0.00341  	-1.3590  	-1.1508  	0.25474  	-0.3620  	-0.1258  	-0.0899  	0.80321  	0.50542  	-0.2062  	-0.9737  	0.17050  	0.23574  	-0.3102  	0.17911  	0.36581  	-0.3397  	0.25722  	0.09724  	0.46833  	-0.0512  	-0.0181  	0.38390  	0.12788  	-0.0119  	-0.3027  	-0.3890  	0.81814  	0.09622  	0.16828  	-0.2519  	0.18005  	0.09879  	-0.0567  	0.10351  	-0.2169  	-0.1157  	-0.0300  	-0.0179  	0.02138  	-0.0693  	-0.0057  	-0.0122  	-0.0845  	-0.0105  	0.00552  	-0.0261  	0.01184  	0.03422  	-0.0097  	-0.0382  	0.03409  	-0.0001  	-0.0500  	0.12569  	0.01415  	-0.0314  	0.44382  	
-0.1235  	-0.2553  	-0.4892  	-1.2371  	-0.4483  	-1.3805  	0.04411  	0.36461  	0.18941  	0.35212  	0.81928  	-1.1153  	0.03844  	-1.3425  	-1.1690  	0.23509  	-0.3659  	-0.1302  	-0.1011  	0.78397  	0.42595  	-0.1858  	-0.9526  	0.15259  	0.29172  	-0.3117  	0.18084  	0.39116  	-0.2608  	0.26025  	0.09430  	0.46076  	-0.0559  	-0.0075  	0.34267  	0.13326  	-0.0477  	-0.3177  	-0.3561  	0.83501  	0.12465  	0.16728  	-0.2214  	0.19990  	0.09745  	-0.0642  	0.10031  	-0.1992  	-0.1114  	-0.0291  	-0.0186  	0.02222  	-0.0657  	-0.0054  	-0.0083  	-0.0800  	-0.0090  	0.00222  	-0.0225  	0.00836  	0.03811  	-0.0096  	-0.0422  	0.03117  	-0.0001  	-0.0500  	0.12569  	0.01415  	-0.0314  	0.44382  	
-0.1167  	-0.2466  	-0.4618  	-1.0868  	-0.3706  	-1.3081  	0.02328  	0.37524  	0.20907  	0.30789  	0.68301  	-1.0386  	0.06467  	-1.3511  	-1.0824  	0.30415  	-0.3665  	-0.1108  	-0.0950  	0.76905  	0.33311  	-0.1761  	-0.9263  	0.10424  	0.23738  	-0.2925  	0.13636  	0.45141  	-0.1958  	0.27782  	0.11579  	0.45434  	-0.0514  	-0.0014  	0.28338  	0.12994  	-0.1171  	-0.3316  	-0.3217  	0.86063  	0.14314  	0.15683  	-0.1952  	0.21305  	0.09037  	-0.0636  	0.09545  	-0.1928  	-0.1006  	-0.0339  	-0.0176  	0.02169  	-0.0691  	-0.0074  	-0.0053  	-0.0803  	-0.0135  	0.00018  	-0.0197  	0.00474  	0.03864  	-0.0057  	-0.0372  	0.03105  	-0.0001  	-0.0500  	0.12569  	0.01415  	-0.0314  	0.44382  	
0.02404  	-0.2034  	-0.4400  	-0.9671  	-0.3169  	-1.2636  	0.01362  	0.40967  	0.21068  	0.29433  	0.59797  	-0.9902  	0.09303  	-1.3134  	-0.9686  	0.33566  	-0.3504  	-0.0950  	-0.0858  	0.78977  	0.34918  	-0.1629  	-0.9577  	0.08335  	0.20089  	-0.2847  	0.08540  	0.46762  	-0.1966  	0.26814  	0.12439  	0.44355  	-0.0412  	0.01004  	0.26562  	0.09913  	-0.1377  	-0.3296  	-0.3146  	0.86402  	0.14607  	0.15425  	-0.1943  	0.20261  	0.08362  	-0.0620  	0.09790  	-0.1925  	-0.1020  	-0.0294  	-0.0109  	0.02330  	-0.0747  	-0.0078  	-0.0059  	-0.0828  	-0.0109  	-0.0025  	-0.0206  	0.00826  	0.03491  	-0.0025  	-0.0402  	0.03280  	-0.0001  	-0.0500  	0.12569  	0.01415  	-0.0314  	0.44382  	
0.20198  	-0.1496  	-0.3479  	-0.8080  	-0.2416  	-1.1653  	-0.0036  	0.48106  	0.24087  	0.24720  	0.59755  	-0.9389  	0.09088  	-1.1815  	-0.8309  	0.32826  	-0.3776  	-0.1515  	-0.1170  	0.75411  	0.47488  	-0.1694  	-0.9756  	0.11818  	0.18515  	-0.3101  	0.12134  	0.40289  	-0.2761  	0.28630  	0.10666  	0.46561  	-0.0026  	0.00451  	0.38108  	0.05292  	-0.0540  	-0.3122  	-0.3477  	0.86940  	0.12937  	0.15515  	-0.2097  	0.20756  	0.08221  	-0.0594  	0.10423  	-0.2038  	-0.1143  	-0.0268  	-0.0181  	0.02062  	-0.0745  	-0.0073  	-0.0105  	-0.0784  	-0.0104  	0.00062  	-0.0299  	0.00454  	0.03461  	-0.0038  	-0.0460  	0.03206  	-0.0001  	-0.0500  	0.12569  	0.01415  	-0.0314  	0.44382  	
0.51096  	-0.0180  	-0.1424  	-0.7588  	-0.3212  	-1.0445  	0.01223  	0.57430  	0.27149  	0.17702  	0.73038  	-0.9991  	0.10814  	-0.9993  	-0.7272  	0.42782  	-0.3724  	-0.2353  	-0.1040  	0.65173  	0.75739  	-0.1510  	-0.9780  	0.21769  	0.20731  	-0.3507  	0.32062  	0.11816  	-0.5358  	0.27497  	0.07107  	0.52383  	-0.0110  	-0.0174  	0.56421  	-0.0086  	0.15603  	-0.2448  	-0.4514  	0.80238  	0.04723  	0.17660  	-0.2247  	0.18296  	0.07912  	-0.0583  	0.10378  	-0.1975  	-0.1048  	-0.0192  	-0.0200  	0.02470  	-0.0652  	0.00429  	-0.0096  	-0.0626  	-0.0200  	-0.0013  	-0.0244  	0.00869  	0.03604  	0.00292  	-0.0509  	0.02341  	-0.0001  	-0.0500  	0.12569  	0.01415  	-0.0314  	0.44382  	
0.56477  	-0.0102  	-0.1226  	-0.7340  	-0.3420  	-1.0064  	0.01990  	0.60448  	0.30129  	0.15760  	0.74633  	-0.9993  	0.11811  	-0.9779  	-0.7076  	0.43652  	-0.3710  	-0.2514  	-0.1077  	0.63702  	0.79193  	-0.1475  	-0.9463  	0.23512  	0.19280  	-0.3526  	0.34626  	0.06907  	-0.5817  	0.27068  	0.06726  	0.52722  	-0.0058  	-0.0214  	0.58712  	-0.0298  	0.18686  	-0.2340  	-0.4731  	0.79773  	0.03471  	0.17074  	-0.2248  	0.18887  	0.07855  	-0.0582  	0.10144  	-0.1996  	-0.1045  	-0.0144  	-0.0189  	0.02302  	-0.0649  	0.00409  	-0.0114  	-0.0596  	-0.0200  	-0.0015  	-0.0268  	0.01033  	0.03722  	0.00471  	-0.0507  	0.02493  	-0.0001  	-0.0500  	0.12569  	0.01415  	-0.0314  	0.44382  	
0.40953  	-0.0432  	-0.2079  	-0.8393  	-0.3835  	-1.0788  	0.03067  	0.57622  	0.27912  	0.18224  	0.73696  	-0.9774  	0.12212  	-1.0078  	-0.8182  	0.40772  	-0.3715  	-0.1940  	-0.1148  	0.68798  	0.68165  	-0.1656  	-0.9732  	0.20174  	0.21641  	-0.3292  	0.27454  	0.23524  	-0.4589  	0.26797  	0.08954  	0.49240  	0.00725  	-0.0168  	0.50663  	-0.0036  	0.10165  	-0.2675  	-0.4362  	0.81842  	0.08854  	0.16359  	-0.2145  	0.19130  	0.08054  	-0.0609  	0.10408  	-0.2067  	-0.1091  	-0.0186  	-0.0228  	0.02395  	-0.0677  	-0.0043  	-0.0126  	-0.0733  	-0.0167  	-0.0014  	-0.0267  	0.00500  	0.03403  	0.00695  	-0.0432  	0.03015  	-0.0001  	-0.0500  	0.12569  	0.01415  	-0.0314  	0.44382  	
0.34355  	-0.0883  	-0.2422  	-0.8089  	-0.3115  	-1.1744  	-0.0243  	0.56922  	0.23847  	0.17565  	0.74211  	-0.9573  	0.14088  	-1.1219  	-0.7370  	0.32979  	-0.2801  	-0.3444  	-0.0442  	0.46513  	0.68296  	-0.3991  	-1.2351  	0.21153  	0.16024  	-0.2303  	0.22637  	0.18646  	-0.3235  	0.24636  	0.20182  	0.43144  	-0.1081  	-0.1745  	0.42634  	0.00572  	-0.0279  	-0.3022  	-0.5402  	0.76744  	0.16586  	0.31202  	-0.3416  	0.26111  	0.02661  	-0.0374  	0.07708  	-0.1875  	-0.1290  	-0.0305  	-0.0147  	0.02890  	-0.0699  	0.01620  	-0.0084  	-0.0721  	-0.0122  	-0.0162  	-0.0240  	0.01474  	0.04175  	0.00069  	-0.0616  	0.03719  	-0.0001  	-0.0500  	0.12569  	0.01415  	-0.0314  	0.44382  	
0.20717  	-0.1705  	-0.3248  	-0.8143  	-0.2932  	-1.2729  	-0.0589  	0.52162  	0.18735  	0.19010  	0.71443  	-0.9702  	0.17684  	-1.3033  	-0.8079  	0.23154  	-0.2041  	-0.4224  	0.01936  	0.32172  	0.60542  	-0.6261  	-1.4896  	0.15999  	0.08886  	-0.1199  	0.13128  	0.27515  	-0.1543  	0.23129  	0.28548  	0.38324  	-0.1994  	-0.2960  	0.28586  	0.03950  	-0.2199  	-0.3206  	-0.5975  	0.71447  	0.25680  	0.40933  	-0.4383  	0.33904  	-0.0123  	-0.0222  	0.05491  	-0.1794  	-0.1354  	-0.0478  	-0.0058  	0.02765  	-0.0644  	0.02836  	-0.0034  	-0.0750  	-0.0055  	-0.0223  	-0.0190  	0.02702  	0.04613  	-0.0047  	-0.0808  	0.02775  	-0.0001  	-0.0500  	0.12569  	0.01415  	-0.0314  	0.44382  	
-0.1458  	-0.2758  	-0.5765  	-1.0869  	-0.3150  	-1.4978  	-0.0274  	0.43037  	0.15283  	0.26424  	0.86336  	-0.9648  	0.15959  	-1.4826  	-1.0768  	0.16766  	-0.2020  	-0.3879  	0.02901  	0.33837  	0.43408  	-0.6541  	-1.5951  	0.06104  	0.01809  	-0.0623  	-0.0098  	0.41426  	-0.0536  	0.19276  	0.36739  	0.34489  	-0.2086  	-0.3317  	0.19921  	0.13521  	-0.3385  	-0.3659  	-0.5711  	0.66887  	0.26542  	0.43648  	-0.4776  	0.34525  	-0.0345  	-0.0279  	0.04273  	-0.1434  	-0.1267  	-0.0596  	-0.0021  	0.02948  	-0.0678  	0.01981  	0.01110  	-0.0814  	-0.0070  	-0.0171  	-0.0220  	0.02497  	0.05126  	-0.0116  	-0.0683  	0.03112  	-0.0001  	-0.0500  	0.12569  	0.01415  	-0.0314  	0.44382  	
-0.2129  	-0.3361  	-0.5771  	-1.1796  	-0.2919  	-1.6532  	-0.0155  	0.44514  	0.15795  	0.31995  	0.95980  	-1.0335  	0.13132  	-1.4772  	-1.0898  	0.13110  	-0.2370  	-0.3956  	0.00049  	0.38981  	0.53650  	-0.6414  	-1.6073  	0.15577  	0.09882  	-0.1091  	0.05854  	0.30868  	-0.1628  	0.19912  	0.32186  	0.35416  	-0.1685  	-0.2961  	0.27457  	0.09738  	-0.2574  	-0.3632  	-0.5661  	0.68278  	0.19091  	0.42397  	-0.4570  	0.30283  	-0.0019  	-0.0283  	0.06238  	-0.1575  	-0.1349  	-0.0409  	0.00222  	0.03242  	-0.0688  	0.02961  	0.00298  	-0.0822  	-0.0061  	-0.0240  	-0.0222  	0.03340  	0.03978  	-0.0222  	-0.0650  	0.03378  	-0.0001  	-0.0500  	0.12569  	0.01415  	-0.0314  	0.44382  	
-0.1512  	-0.2907  	-0.5122  	-1.1158  	-0.3276  	-1.5660  	-0.0181  	0.44503  	0.18463  	0.32914  	0.94252  	-1.0386  	0.07120  	-1.3879  	-1.0538  	0.21571  	-0.2635  	-0.2905  	-0.0370  	0.58098  	0.54782  	-0.4481  	-1.3048  	0.19113  	0.15310  	-0.1921  	0.10281  	0.28627  	-0.2696  	0.21411  	0.24501  	0.39422  	-0.1027  	-0.1709  	0.31680  	0.07899  	-0.1494  	-0.3465  	-0.4711  	0.74653  	0.16370  	0.31585  	-0.3688  	0.25999  	0.03187  	-0.0404  	0.07653  	-0.1826  	-0.1255  	-0.0359  	-0.0015  	0.03122  	-0.0722  	0.01493  	-0.0061  	-0.0814  	-0.0058  	-0.0076  	-0.0265  	0.02245  	0.03571  	-0.0121  	-0.0550  	0.03198  	-0.0001  	-0.0500  	0.12569  	0.01415  	-0.0314  	0.44382  	
0.16818  	-0.2145  	-0.3703  	-1.0353  	-0.3565  	-1.2529  	0.03728  	0.44209  	0.22821  	0.33042  	0.82015  	-1.0354  	0.11258  	-1.1397  	-1.0847  	0.26633  	-0.3813  	-0.1621  	-0.1202  	0.78130  	0.46268  	-0.1327  	-0.9723  	0.20779  	0.22441  	-0.3121  	0.10685  	0.36282  	-0.3133  	0.26748  	0.13594  	0.42958  	-0.0063  	-0.0137  	0.37369  	0.05852  	-0.0557  	-0.3235  	-0.3796  	0.86955  	0.13912  	0.15339  	-0.1814  	0.19222  	0.07441  	-0.0645  	0.09387  	-0.2012  	-0.0991  	-0.0242  	-0.0131  	0.01415  	-0.0761  	-0.0039  	-0.0111  	-0.0737  	-0.0018  	-0.0047  	-0.0262  	0.01277  	0.02597  	0.00482  	-0.0444  	0.02537  	-0.0001  	-0.0500  	0.12569  	0.01415  	-0.0314  	0.44382  	
0.16713  	-0.1996  	-0.3765  	-0.9519  	-0.2903  	-1.2836  	0.04945  	0.49169  	0.23967  	0.28857  	0.84665  	-1.0033  	0.09209  	-1.1433  	-1.1329  	0.33051  	-0.4010  	-0.1338  	-0.1020  	0.85995  	0.50978  	-0.1594  	-1.0451  	0.23390  	0.29619  	-0.3203  	0.19129  	0.33314  	-0.3455  	0.28251  	0.11093  	0.41336  	-0.0218  	-0.0060  	0.43689  	0.07308  	-0.0170  	-0.3145  	-0.3899  	0.84870  	0.09723  	0.16723  	-0.2261  	0.19219  	0.09030  	-0.0617  	0.09122  	-0.2056  	-0.0999  	-0.0307  	-0.0140  	0.01619  	-0.0684  	0.00038  	-0.0165  	-0.0765  	-0.0058  	-0.0010  	-0.0163  	0.01534  	0.02032  	0.00521  	-0.0376  	0.01662  	-0.0001  	-0.0500  	0.12569  	0.01415  	-0.0314  	0.44382  	
-0.2410  	-0.3475  	-0.6115  	-1.1461  	-0.3404  	-1.4427  	0.04805  	0.36840  	0.16818  	0.31447  	0.93616  	-1.0544  	0.03624  	-1.3482  	-1.0593  	0.18693  	-0.3874  	-0.1565  	-0.1484  	0.83641  	0.54505  	-0.2101  	-1.0465  	0.24147  	0.25869  	-0.3182  	0.23697  	0.32264  	-0.4127  	0.23760  	0.08954  	0.43305  	-0.0215  	-0.0065  	0.51015  	0.09501  	-0.0110  	-0.3423  	-0.4041  	0.83975  	0.02640  	0.20435  	-0.2930  	0.15494  	0.10634  	-0.0627  	0.10261  	-0.2362  	-0.1088  	-0.0233  	-0.0048  	0.02048  	-0.0804  	-0.0097  	-0.0134  	-0.0717  	-0.0015  	0.00458  	-0.0296  	-0.0013  	0.03485  	-0.0126  	-0.0417  	0.02966  	-0.0001  	-0.0500  	0.12569  	0.01415  	-0.0314  	0.44382  	
-0.1234  	-0.2987  	-0.5591  	-1.0409  	-0.2721  	-1.5512  	0.02745  	0.48229  	0.18046  	0.35808  	0.99128  	-0.9876  	0.07143  	-1.2281  	-0.9805  	0.15962  	-0.4088  	-0.1916  	-0.1419  	0.82972  	0.59513  	-0.2458  	-1.0848  	0.27950  	0.24657  	-0.3139  	0.22071  	0.30302  	-0.4292  	0.24289  	0.10410  	0.44230  	-0.0080  	-0.0131  	0.49113  	0.05049  	-0.0051  	-0.3484  	-0.3813  	0.84814  	0.02086  	0.21013  	-0.2973  	0.16023  	0.09979  	-0.0513  	0.11182  	-0.2311  	-0.1186  	-0.0242  	-0.0201  	0.01927  	-0.0832  	-0.0099  	-0.0223  	-0.0798  	-0.0075  	0.00479  	-0.0309  	-0.0037  	0.03668  	-0.0039  	-0.0468  	0.01962  	-0.0001  	-0.0500  	0.12569  	0.01415  	-0.0314  	0.44382  	
0.31265  	-0.1378  	-0.2926  	-0.7091  	-0.1897  	-1.2103  	0.11150  	0.56642  	0.24500  	0.28768  	0.66124  	-0.8836  	0.20931  	-0.8447  	-0.6460  	0.25715  	-0.4568  	-0.2213  	-0.1187  	0.77502  	0.59544  	-0.1503  	-1.1210  	0.32015  	0.14622  	-0.3142  	0.27892  	0.28652  	-0.4186  	0.30818  	0.07509  	0.47654  	0.02539  	0.00123  	0.46804  	-0.0218  	-0.0663  	-0.3382  	-0.3566  	0.92939  	0.01949  	0.2108  	-0.2556  	0.18354  	0.08707  	-0.0639  	0.11216  	-0.1662  	-0.0893  	-0.0175  	-0.0108  	0.02076  	-0.0892  	-0.0080  	-0.0347  	-0.0785  	-0.0157  	-0.0008  	-0.0385  	0.00198  	0.03237  	-0.0122  	-0.0651  	0.02142  	-0.0001  	-0.0500  	0.12569  	0.01415  	-0.0314  	0.44382  	
0.57626  	-0.0011  	-0.1194  	-0.6306  	-0.2300  	-0.9500  	0.09089  	0.56785  	0.29172  	0.21740  	0.21834  	-1.0470  	0.28363  	-0.7602  	-0.3664  	0.22597  	-0.3622  	-0.1978  	-0.1274  	0.64842  	0.50253  	-0.0479  	-0.9316  	0.20190  	0.29295  	-0.3241  	0.28110  	0.23062  	-0.3227  	0.35887  	0.08152  	0.44899  	-0.0145  	-0.0001  	0.40516  	-0.0082  	-0.0384  	-0.3139  	-0.3808  	0.91034  	0.05804  	0.17356  	-0.1780  	0.22277  	0.06826  	-0.0696  	0.08997  	-0.1568  	-0.0720  	-0.0472  	-0.0257  	0.02644  	-0.0772  	-0.0065  	-0.0095  	-0.0628  	-0.0223  	-0.0135  	-0.0197  	0.01195  	0.04303  	0.00338  	-0.0439  	0.02397  	-0.0001  	-0.0500  	0.12569  	0.01415  	-0.0314  	0.44382  	
0.64853  	-0.0305  	-0.1885  	-0.4762  	-0.1461  	-0.9298  	0.11658  	0.56010  	0.26902  	0.14490  	0.29162  	-1.1536  	0.23964  	-0.8577  	-0.4106  	0.24362  	-0.3364  	-0.2679  	-0.1136  	0.64393  	0.59228  	-0.0131  	-0.9502  	0.29005  	0.41604  	-0.3431  	0.40456  	0.17663  	-0.3119  	0.37866  	0.04406  	0.48899  	-0.0250  	-0.0074  	0.49279  	0.02408  	0.00461  	-0.3141  	-0.3578  	0.89755  	0.01010  	0.19527  	-0.2245  	0.21730  	0.07157  	-0.0605  	0.08891  	-0.1525  	-0.0752  	-0.0394  	-0.0092  	0.02509  	-0.0650  	-0.0052  	-0.0108  	-0.0642  	-0.0212  	-0.0073  	-0.0241  	0.01853  	0.02886  	-0.0028  	-0.0488  	0.01776  	-0.0001  	-0.0500  	0.12569  	0.01415  	-0.0314  	0.44382  	
0.49654  	-0.1070  	-0.1847  	-0.6560  	-0.2134  	-0.9815  	0.07336  	0.55330  	0.25374  	0.22703  	0.55692  	-1.0618  	0.18807  	-0.9940  	-0.8156  	0.42784  	-0.3951  	-0.1629  	-0.1255  	0.73795  	0.54904  	-0.1286  	-1.0608  	0.24243  	0.36000  	-0.3752  	0.26344  	0.31634  	-0.3271  	0.30853  	0.07819  	0.48085  	-0.0282  	-0.0248  	0.50195  	0.05896  	0.01023  	-0.3106  	-0.3916  	0.87865  	0.05522  	0.16089  	-0.1931  	0.19516  	0.07631  	-0.0599  	0.09874  	-0.1757  	-0.0938  	-0.0325  	0.00275  	0.01934  	-0.0705  	-0.0192  	-0.0097  	-0.0679  	-0.0057  	-0.0012  	-0.0315  	0.01824  	0.02729  	-0.0112  	-0.0396  	0.03488  	-0.0001  	-0.0500  	0.12569  	0.01415  	-0.0314  	0.44382  	
0.06724  	-0.2399  	-0.4534  	-1.0534  	-0.3436  	-1.2920  	0.13090  	0.35649  	0.20006  	0.31662  	0.81059  	-1.0827  	0.07411  	-1.2148  	-1.0597  	0.28580  	-0.4206  	-0.0836  	-0.1325  	0.84209  	0.41355  	-0.1913  	-1.0981  	0.22990  	0.35805  	-0.3517  	0.17041  	0.38251  	-0.2757  	0.29977  	0.10257  	0.45225  	-0.0254  	0.01161  	0.40468  	0.15740  	-0.0762  	-0.3300  	-0.3554  	0.89375  	0.07761  	0.15904  	-0.2333  	0.19471  	0.08488  	-0.0638  	0.09570  	-0.2186  	-0.1045  	-0.0292  	-0.0007  	0.01589  	-0.0754  	-0.0076  	-0.0079  	-0.0772  	0.00044  	0.00420  	-0.0283  	0.01710  	0.03065  	-0.0138  	-0.0358  	0.02994  	-0.0001  	-0.0500  	0.12569  	0.01415  	-0.0314  	0.44382  	
-0.2013  	-0.3070  	-0.5789  	-1.1200  	-0.3140  	-1.4627  	0.05730  	0.37334  	0.18196  	0.32016  	0.89896  	-1.0639  	0.03182  	-1.3237  	-1.0436  	0.22834  	-0.4017  	-0.1499  	-0.1294  	0.80134  	0.49409  	-0.1891  	-1.0338  	0.23020  	0.27300  	-0.3343  	0.26115  	0.34364  	-0.3402  	0.27376  	0.06782  	0.45374  	-0.0236  	-0.0059  	0.47421  	0.12027  	-0.0277  	-0.3251  	-0.3959  	0.86484  	0.04507  	0.18998  	-0.2800  	0.18283  	0.10215  	-0.0667  	0.10636  	-0.2316  	-0.1109  	-0.0231  	-0.0096  	0.01861  	-0.0716  	-0.0034  	-0.0122  	-0.0765  	-0.0063  	0.00108  	-0.0226  	0.00768  	0.03121  	-0.0164  	-0.0485  	0.03052  	-0.0001  	-0.0500  	0.12569  	0.01415  	-0.0314  	0.44382  	
-0.1226  	-0.2806  	-0.5593  	-1.1136  	-0.3742  	-1.4558  	0.01886  	0.44044  	0.20193  	0.33562  	0.88045  	-1.0167  	0.05991  	-1.2553  	-1.0322  	0.23090  	-0.3881  	-0.1605  	-0.1101  	0.84969  	0.53872  	-0.1985  	-1.0344  	0.19754  	0.22636  	-0.3111  	0.20611  	0.36060  	-0.3691  	0.26537  	0.09574  	0.44872  	-0.0224  	-0.0050  	0.42720  	0.08536  	-0.0319  	-0.3295  	-0.3573  	0.83563  	0.05997  	0.18901  	-0.2530  	0.18244  	0.09482  	-0.0590  	0.10819  	-0.2139  	-0.1074  	-0.0276  	-0.0112  	0.02251  	-0.0769  	0.00036  	-0.0157  	-0.0773  	-0.0079  	0.00103  	-0.0243  	0.00841  	0.03556  	-0.0099  	-0.0454  	0.03029  	-0.0001  	-0.0500  	0.12569  	0.01415  	-0.0314  	0.44382  	
0.03076  	-0.2267  	-0.4196  	-1.0818  	-0.3949  	-1.3215  	0.05275  	0.47726  	0.21896  	0.33750  	0.75610  	-1.0606  	0.11449  	-1.2070  	-1.0182  	0.22097  	-0.3476  	-0.1522  	-0.1099  	0.78493  	0.48047  	-0.1731  	-0.9997  	0.18175  	0.30503  	-0.3162  	0.22891  	0.34543  	-0.3128  	0.27169  	0.10560  	0.44725  	-0.0418  	-0.0186  	0.37387  	0.11318  	-0.0665  	-0.3274  	-0.3303  	0.87219  	0.08564  	0.16689  	-0.2267  	0.18999  	0.09080  	-0.0678  	0.09911  	-0.1977  	-0.1005  	-0.0322  	-0.0089  	0.02412  	-0.0707  	-0.0031  	-0.0086  	-0.0799  	-0.0101  	-0.0033  	-0.0214  	0.01427  	0.03547  	-0.0029  	-0.0463  	0.02852  	-0.0001  	-0.0500  	0.12569  	0.01415  	-0.0314  	0.44382  	
0.20160  	-0.1397  	-0.3780  	-0.8918  	-0.3727  	-1.1372  	0.04774  	0.49484  	0.25037  	0.29050  	0.47716  	-1.0186  	0.13386  	-1.1590  	-0.8906  	0.25206  	-0.3843  	-0.0914  	-0.0875  	0.79026  	0.41037  	-0.1022  	-1.0215  	0.09340  	0.26289  	-0.3143  	0.15818  	0.41853  	-0.2524  	0.29939  	0.09065  	0.44615  	-0.0218  	0.00108  	0.30164  	0.09308  	-0.0999  	-0.3358  	-0.3163  	0.88654  	0.14112  	0.14034  	-0.1785  	0.22781  	0.07894  	-0.0643  	0.09743  	-0.1908  	-0.0958  	-0.0286  	-0.0177  	0.01862  	-0.0735  	-0.0025  	-0.0143  	-0.0749  	-0.0075  	-0.0060  	-0.0259  	0.00013  	0.03206  	0.00184  	-0.0494  	0.02341  	-0.0001  	-0.0500  	0.12569  	0.01415  	-0.0314  	0.44382  	
0.26714  	-0.1095  	-0.3348  	-0.6867  	-0.2265  	-1.0766  	0.02717  	0.49379  	0.23979  	0.22791  	0.44627  	-0.9848  	0.14155  	-1.1333  	-0.7965  	0.30387  	-0.3682  	-0.1066  	-0.1094  	0.79474  	0.37407  	-0.1415  	-1.0440  	0.10372  	0.26892  	-0.2994  	0.11154  	0.48975  	-0.1950  	0.30630  	0.07246  	0.45895  	-0.0159  	0.01150  	0.34229  	0.10112  	-0.1478  	-0.3387  	-0.3031  	0.90118  	0.13612  	0.13637  	-0.1822  	0.21186  	0.07343  	-0.0671  	0.09984  	-0.1817  	-0.0968  	-0.0339  	-0.0124  	0.01864  	-0.0704  	-0.0107  	-0.0081  	-0.0805  	-0.0061  	-0.0021  	-0.0234  	0.00517  	0.03365  	-0.0051  	-0.0462  	0.02924  	-0.0001  	-0.0500  	0.12569  	0.01415  	-0.0314  	0.44382  	
0.41703  	-0.1088  	-0.2747  	-0.5628  	-0.1468  	-0.9941  	0.04349  	0.48799  	0.24160  	0.18497  	0.47118  	-0.9663  	0.14311  	-1.0659  	-0.6393  	0.33575  	-0.3694  	-0.1744  	-0.1191  	0.75768  	0.48377  	-0.1755  	-1.0162  	0.21608  	0.30017  	-0.3272  	0.23736  	0.34978  	-0.3084  	0.32098  	0.05228  	0.48514  	-0.0216  	0.00082  	0.45729  	0.04058  	-0.0241  	-0.3093  	-0.3472  	0.88387  	0.06924  	0.17601  	-0.2057  	0.19642  	0.07888  	-0.0581  	0.09575  	-0.1852  	-0.0952  	-0.0206  	-0.0102  	0.02019  	-0.0701  	-0.0026  	-0.0063  	-0.0705  	-0.0106  	-0.0044  	-0.0216  	0.00996  	0.03049  	-0.0035  	-0.0448  	0.02303  	-0.0001  	-0.0500  	0.12569  	0.01415  	-0.0314  	0.44382  	
0.42594  	-0.0836  	-0.2215  	-0.5969  	-0.2204  	-1.0233  	0.01305  	0.58262  	0.22852  	0.12092  	0.55290  	-0.9866  	0.17140  	-1.1089  	-0.5513  	0.27711  	-0.2750  	-0.3640  	-0.0612  	0.46303  	0.67484  	-0.3848  	-1.2384  	0.23488  	0.21671  	-0.2446  	0.29998  	0.16318  	-0.3123  	0.28382  	0.16469  	0.44607  	-0.1099  	-0.1688  	0.45171  	-0.0036  	-0.0379  	-0.2938  	-0.5069  	0.77758  	0.12283  	0.32824  	-0.3428  	0.28584  	0.01993  	-0.0411  	0.07323  	-0.1792  	-0.1175  	-0.0420  	-0.0105  	0.02476  	-0.0665  	0.02062  	1.66250  	-0.0665  	-0.0123  	-0.0114  	-0.0205  	0.01735  	0.04054  	-0.0046  	-0.0596  	0.02662  	-0.0001  	-0.0500  	0.12569  	0.01415  	-0.0314  	0.44382  	
0.52344  	-0.0225  	-0.0842  	-0.6692  	-0.2898  	-1.0488  	-0.0445  	0.68654  	0.23495  	0.11293  	0.72033  	-0.9888  	0.19768  	-1.1345  	-0.5506  	0.31570  	-0.1964  	-0.5458  	0.01745  	0.18982  	0.87880  	-0.5392  	-1.4221  	0.27789  	0.13162  	-0.1776  	0.35272  	-0.0761  	-0.4105  	0.24589  	0.27858  	0.43758  	-0.1899  	-0.3145  	0.45988  	-0.0579  	0.02342  	-0.2455  	-0.6608  	0.65475  	0.16380  	0.42592  	-0.4481  	0.33651  	-0.0253  	-0.0258  	0.05446  	-0.1694  	-0.1336  	-0.0375  	-0.0093  	0.03032  	-0.0609  	0.03571  	0.00407  	-0.0659  	-0.0185  	-0.0196  	-0.0231  	0.02787  	0.04394  	-0.0053  	-0.0729  	0.02756  	-0.0001  	-0.0500  	0.12569  	0.01415  	-0.0314  	0.44382  	
0.63595  	0.02604  	-0.0075  	-0.6556  	-0.3422  	-0.9732  	-0.0299  	0.80056  	0.27182  	0.06510  	0.73367  	-0.9828  	0.22235  	-1.0546  	-0.4835  	0.34173  	-0.1559  	-0.6272  	0.06322  	0.06726  	0.97248  	-0.5677  	-1.3892  	0.32261  	0.10931  	-0.1606  	0.43126  	-0.2147  	-0.4649  	0.23481  	0.29138  	0.44464  	-0.2083  	-0.3522  	0.46706  	-0.1012  	0.05815  	-0.2152  	-0.7049  	0.61298  	0.15229  	0.43733  	-0.4591  	0.36175  	-0.0365  	-0.0175  	0.04571  	-0.1485  	-0.1260  	-0.0448  	-0.0158  	0.03441  	-0.0655  	0.03785  	0.00297  	-0.0629  	-0.0239  	-0.0230  	-0.0301  	0.02944  	0.04807  	-0.0080  	-0.0762  	0.02757  	-0.0001  	-0.0500  	0.12569  	0.01415  	-0.0314  	0.44382  	
0.57371  	0.00595  	-0.0539  	-0.6998  	-0.3421  	-1.0327  	-0.0373  	0.73357  	0.27596  	0.10817  	0.79738  	-0.9422  	0.20121  	-1.0651  	-0.5806  	0.34547  	-0.1744  	-0.5664  	0.01642  	0.14752  	0.91477  	-0.5456  	-1.3666  	0.29247  	0.08556  	-0.1642  	0.34849  	-0.1155  	-0.4585  	0.23445  	0.29387  	0.43966  	-0.1755  	-0.3211  	0.45823  	-0.1016  	0.04608  	-0.2259  	-0.6925  	0.63253  	0.17640  	0.40082  	-0.4365  	0.33245  	-0.0304  	-0.0213  	0.05473  	-0.1653  	-0.1328  	-0.0355  	-0.0136  	0.03503  	-0.0632  	0.03456  	-0.0017  	-0.0677  	-0.0265  	-0.0214  	-0.0234  	0.02766  	0.04556  	-3.1277  	-0.0728  	0.02489  	-0.0001  	-0.0500  	0.12569  	0.01415  	-0.0314  	0.44382  	
0.63906  	-0.0058  	-0.0489  	-0.6823  	-0.3213  	-0.9574  	0.03062  	0.70510  	0.29466  	0.13149  	0.77730  	-0.9477  	0.17249  	-1.0295  	-0.6276  	0.43061  	-0.2623  	-0.4444  	-0.0376  	0.37919  	0.85599  	-0.3514  	-1.1529  	0.30677  	0.16172  	-0.2477  	0.37780  	-0.0166  	-0.5076  	0.25290  	0.18408  	0.48066  	-0.0939  	-0.1846  	0.51293  	-0.0536  	0.11047  	-0.2290  	-0.5709  	0.69935  	0.09589  	0.30803  	-0.3344  	0.27719  	0.02221  	-0.0398  	0.07064  	-0.1734  	-0.1143  	-0.0335  	-0.0160  	0.03275  	-0.0635  	0.01893  	-0.0039  	-0.0645  	-0.0200  	-0.0119  	-0.0276  	0.01645  	0.04494  	-0.0046  	-0.0550  	0.02892  	-0.0001  	-0.0500  	0.12569  	0.01415  	-0.0314  	0.44382  	
0.60587  	-0.0188  	-0.0741  	-0.7173  	-0.3336  	-0.9356  	0.08009  	0.63485  	0.29922  	0.19601  	0.75081  	-0.9837  	0.11701  	-1.0042  	-0.7595  	0.51060  	-0.3784  	-0.2552  	-0.1039  	0.67226  	0.76092  	-0.1347  	-0.9231  	0.29194  	0.26520  	-0.3633  	0.38329  	0.12240  	-0.5480  	0.28223  	0.05720  	0.52848  	-0.0030  	-0.0141  	0.57098  	0.00473  	0.18221  	-0.2310  	-0.4515  	0.79336  	0.01770  	0.17492  	-0.2186  	0.20307  	0.08029  	-0.0629  	0.09147  	-0.1876  	-0.0998  	-0.0183  	-0.0158  	0.02381  	-0.0621  	0.00111  	-0.0089  	-0.0602  	-0.0148  	-0.0023  	-0.0291  	0.00898  	0.04073  	-0.0027  	-0.0346  	0.02864  	-0.0001  	-0.0500  	0.12569  	0.01415  	-0.0314  	0.44382  	
0.66763  	-0.0499  	-0.0784  	-0.6761  	-0.2867  	-0.9979  	0.07282  	0.60750  	0.29045  	0.22868  	0.69212  	-0.9715  	0.12616  	-1.0548  	-0.8379  	0.54413  	-0.3880  	-0.2396  	-0.1100  	0.71492  	0.69197  	-0.1493  	-1.0213  	0.25792  	0.34590  	-0.3864  	0.36168  	0.19869  	-0.4762  	0.31240  	0.03397  	0.53354  	-0.0311  	-0.0216  	0.56473  	0.04341  	0.12810  	-0.2684  	-0.4242  	0.81942  	0.02186  	0.18029  	-0.2248  	0.19841  	0.07468  	-0.0615  	0.08750  	-0.1800  	-0.0819  	-0.0256  	-0.0042  	0.02357  	-0.0648  	0.00087  	-0.0099  	-0.0535  	-0.0129  	-0.0029  	-0.0234  	0.01449  	0.03738  	-0.0085  	-0.0318  	0.02788  	-0.0001  	-0.0500  	0.12569  	0.01415  	-0.0314  	0.44382  	
0.57827  	-0.0462  	-0.1390  	-0.6231  	-0.2019  	-1.0217  	0.06951  	0.55825  	0.30303  	0.29413  	0.53924  	-1.0709  	0.17118  	-0.9146  	-0.6549  	0.43459  	-0.3855  	-0.2585  	-0.1008  	0.73839  	0.59991  	-0.0899  	-1.0766  	0.26411  	0.47769  	-0.3902  	0.39106  	0.15269  	-0.3897  	0.36847  	0.00055  	0.51435  	-0.0446  	-0.0120  	0.54404  	0.06827  	0.05982  	-0.2987  	-0.3677  	0.87707  	-0.0084  	0.20684  	-0.2151  	0.20690  	0.08073  	-0.0690  	0.08527  	-0.1593  	-0.0786  	-0.0392  	0.00759  	0.01917  	-0.0696  	0.00281  	-0.0126  	-0.0569  	-0.0161  	-0.0032  	-0.0233  	0.01451  	0.02951  	-0.0079  	-0.0474  	0.02740  	-0.0001  	-0.0500  	0.12569  	0.01415  	-0.0314  	0.44382  	
0.47377  	-0.1304  	-0.3105  	-0.2915  	-0.0416  	-0.9722  	0.07329  	0.51096  	0.23497  	0.19789  	0.33947  	-0.9282  	0.23446  	-0.8884  	-0.5148  	0.33947  	-0.3871  	-0.2444  	-0.1065  	0.72014  	0.48938  	-0.0353  	-1.0903  	0.22285  	0.42633  	-0.3796  	0.38313  	0.32821  	-0.2695  	0.41506  	0.00212  	0.47183  	-0.0437  	-0.0078  	0.50408  	0.05218  	-0.0515  	-0.3466  	-0.3328  	0.92623  	-0.0321  	0.21174  	-0.2437  	0.20961  	0.08803  	-0.0700  	0.08031  	-0.1861  	-0.0796  	-0.0337  	0.00107  	0.01786  	-0.0721  	-0.0005  	-0.0134  	-0.0667  	-0.0061  	-0.0015  	-0.0215  	0.00934  	0.02869  	-0.0060  	-0.0393  	0.02770  	-0.0001  	-0.0500  	0.12569  	0.01415  	-0.0314  	0.44382  	
0.52757  	-0.0927  	-0.3075  	-0.5615  	-0.1311  	-1.0158  	0.04880  	0.51380  	0.26297  	0.23606  	0.40939  	-1.0002  	0.27919  	-0.9225  	-0.7677  	0.41863  	-0.4077  	-0.2032  	-0.1040  	0.73186  	0.45917  	-0.1028  	-1.0798  	0.19262  	0.35692  	-0.3474  	0.27329  	0.35815  	-0.2659  	0.35578  	0.07746  	0.45575  	-0.0228  	-0.0215  	0.50550  	0.08054  	-0.0659  	-0.3659  	-0.3370  	0.90837  	0.03375  	0.18743  	-0.2092  	0.20915  	0.09351  	-0.0642  	0.09674  	-0.1757  	-0.0901  	-0.0273  	-0.0010  	0.01486  	-0.0700  	-0.0094  	-0.0049  	-0.0622  	-0.0127  	-0.0045  	-0.0244  	0.01633  	0.03350  	-0.0046  	-0.0528  	0.02713  	-0.0001  	-0.0500  	0.12569  	0.01415  	-0.0314  	0.44382  	
0.13752  	-0.2139  	-0.4066  	-0.8644  	-0.2106  	-1.2575  	0.11551  	0.42967  	0.22326  	0.28296  	0.73263  	-1.0278  	0.09089  	-1.1409  	-1.0175  	0.31864  	-0.4690  	-0.1011  	-0.1210  	0.83751  	0.39447  	-0.2001  	-1.1586  	0.25687  	0.35403  	-0.3642  	0.19509  	0.39816  	-0.2416  	0.31015  	0.08366  	0.44963  	-0.0398  	-0.0052  	0.46593  	0.14892  	-0.0784  	-0.3492  	-0.3525  	0.91405  	0.03017  	0.18287  	-0.2543  	0.18340  	0.09445  	-0.0706  	0.09774  	-0.2145  	-0.0949  	-0.0368  	0.00125  	0.01964  	-0.0719  	-0.0080  	-0.0083  	-0.0770  	0.00094  	0.00581  	-0.0276  	0.01644  	0.02518  	-0.0108  	-0.0375  	0.02951  	-0.0001  	-0.0500  	0.12569  	0.01415  	-0.0314  	0.44382  	
-0.0706  	-0.2816  	-0.5132  	-0.9757  	-0.2194  	-1.3947  	0.07233  	0.45345  	0.20767  	0.25632  	0.78783  	-0.9825  	0.07183  	-1.1873  	-0.9252  	0.27428  	-0.4071  	-0.1695  	-0.1065  	0.77589  	0.52959  	-0.2002  	-1.0444  	0.23365  	0.24916  	-0.3313  	0.25874  	0.35341  	-0.3638  	0.28547  	0.07995  	0.47035  	-0.0121  	-0.0045  	0.48596  	0.06202  	-0.0152  	-0.3307  	-0.3934  	0.86146  	0.04132  	0.20424  	-0.2930  	0.16823  	0.09224  	-0.0636  	0.10832  	-0.2086  	-0.1155  	-0.0184  	-0.0136  	0.02144  	-0.0678  	-0.0005  	-0.0164  	-0.0733  	-0.0049  	-0.0035  	-0.0236  	0.01607  	0.02947  	-0.0056  	-0.0507  	0.03287  	-0.0001  	-0.0500  	0.12569  	0.01415  	-0.0314  	0.44382  	
0.42100  	-0.0655  	-0.1805  	-0.7931  	-0.3117  	-1.0655  	0.02126  	0.56420  	0.25918  	0.20879  	0.58267  	-0.9464  	0.19973  	-0.9550  	-0.7205  	0.37124  	-0.3783  	-0.2073  	-0.1125  	0.70986  	0.62073  	-0.1377  	-0.9828  	0.22684  	0.24611  	-0.3468  	0.26874  	0.23343  	-0.4165  	0.29140  	0.08420  	0.47602  	0.01163  	-0.0192  	0.50156  	0.01305  	0.03692  	-0.3139  	-0.3600  	0.86799  	0.04327  	0.18019  	-0.2264  	0.19408  	0.09176  	-0.0636  	0.09932  	-0.1854  	-0.1020  	-0.0293  	-0.0152  	0.02144  	-0.0756  	-0.0094  	-0.0150  	-0.0691  	-0.0098  	-0.0007  	-0.0254  	-0.0002  	0.03624  	-0.0023  	-0.0382  	0.03364  	-0.0001  	-0.0500  	0.12569  	0.01415  	-0.0314  	0.44382  	
0.68742  	-0.0176  	-0.0035  	-0.8061  	-0.3401  	-1.0091  	0.05325  	0.60462  	0.28009  	0.18622  	0.66444  	-0.9596  	0.14931  	-0.9850  	-0.7936  	0.50814  	-0.3872  	-0.2037  	-0.0833  	0.69610  	0.68714  	-0.1579  	-1.0153  	0.25209  	0.27042  	-0.3522  	0.33690  	0.13093  	-0.4689  	0.30674  	0.06571  	0.53600  	-0.0127  	-0.0180  	0.55271  	0.01515  	0.12388  	-0.2645  	-0.4099  	0.81927  	0.04920  	0.18633  	-0.1905  	0.20187  	0.07684  	-0.0535  	0.09712  	-0.1717  	-0.0860  	-0.0352  	-0.0140  	0.02554  	-0.0653  	-0.0019  	-0.0113  	-0.0621  	-0.0219  	-0.0020  	-0.0306  	0.01050  	0.03208  	-0.0047  	-0.0474  	0.02145  	-0.0001  	-0.0500  	0.12569  	0.01415  	-0.0314  	0.44382  	
0.68046  	-0.0101  	-0.0227  	-0.6034  	-0.2288  	-0.9542  	0.08742  	0.57722  	0.29777  	0.22089  	0.56838  	-0.9826  	0.18211  	-0.9306  	-0.6732  	0.46896  	-0.3803  	-0.2826  	-0.0936  	0.71636  	0.67123  	-0.1015  	-1.0566  	0.23517  	0.38465  	-0.3861  	0.37223  	0.14405  	-0.4232  	0.34900  	0.01594  	0.52519  	-0.0185  	-0.0043  	0.52969  	0.03390  	0.10457  	-0.2809  	-0.3703  	0.84548  	0.02120  	0.20210  	-0.1993  	0.20019  	0.07330  	-0.0572  	0.08417  	-0.1486  	-0.0778  	-0.0393  	-0.0035  	0.01996  	-0.0716  	-0.0024  	-0.0125  	-0.0550  	-0.0120  	5.46028  	-0.0244  	0.00844  	0.02599  	-0.0141  	-0.0458  	0.02162  	-0.0001  	-0.0500  	0.12569  	0.01415  	-0.0314  	0.44382  	
0.53173  	-0.0625  	-0.2411  	-0.2493  	-0.0352  	-0.9608  	0.10371  	0.51723  	0.25980  	0.23295  	0.34038  	-0.9849  	0.21430  	-0.8510  	-0.4457  	0.33389  	-0.3660  	-0.2501  	-0.1259  	0.75356  	0.52587  	-0.0269  	-1.1036  	0.22090  	0.49317  	-0.3787  	0.40151  	0.27668  	-0.2710  	0.40786  	-0.0208  	0.47758  	-0.0520  	0.00737  	0.51139  	0.07532  	-0.0116  	-0.3355  	-0.3239  	0.90978  	-0.0299  	0.21896  	-0.2435  	0.19683  	0.08687  	-0.0648  	0.08066  	-0.1637  	-0.0718  	-0.0408  	-0.0019  	0.01856  	-0.0721  	-2.9253  	-0.0106  	-0.0610  	-0.0037  	0.00107  	-0.0147  	0.01315  	0.03014  	-0.0106  	-0.0413  	0.02532  	-0.0001  	-0.0500  	0.12569  	0.01415  	-0.0314  	0.44382  	
0.44587  	-0.1302  	-0.3480  	-0.2284  	0.03427  	-0.9495  	0.05691  	0.45576  	0.21915  	0.17537  	0.27959  	-0.9317  	0.20792  	-0.8607  	-0.4310  	0.31965  	-0.3864  	-0.2388  	-0.1186  	0.72486  	0.43271  	-0.0472  	-1.0734  	0.20901  	0.42275  	-0.3649  	0.37821  	0.37318  	-0.2186  	0.41083  	0.01134  	0.46701  	-0.0525  	0.02431  	0.51239  	0.04718  	-0.1046  	-0.3500  	-0.3148  	0.92394  	-0.0363  	0.21132  	-0.2533  	0.20996  	0.08998  	-0.0716  	0.07853  	-0.1988  	-0.0914  	-0.0411  	0.00047  	0.01538  	-0.0739  	-0.0038  	-0.0158  	-0.0591  	0.00065  	0.00078  	-0.0140  	0.00437  	0.03288  	-0.0065  	-0.0410  	0.02459  	-0.0001  	-0.0500  	0.12569  	0.01415  	-0.0314  	0.44382  	
0.49442  	-0.0996  	-0.2823  	-0.4676  	-0.0826  	-1.0073  	0.07747  	0.46006  	0.24707  	0.19446  	0.25963  	-1.0641  	0.22690  	-0.9603  	-0.5652  	0.35383  	-0.4054  	-0.1240  	-0.1342  	0.73263  	0.39785  	-0.0765  	-1.0641  	0.17626  	0.36700  	-0.3378  	0.24180  	0.44182  	-0.1605  	0.40024  	0.04229  	0.45446  	-0.0383  	0.03070  	0.44035  	0.10443  	-0.1383  	-0.3778  	-0.2945  	0.95320  	0.03168  	0.17665  	-0.2212  	0.19117  	0.08908  	-0.0599  	0.08597  	-0.1688  	-0.0892  	-0.0293  	0.01521  	0.01999  	-0.0686  	-0.0122  	-0.0044  	-0.0699  	-0.0094  	-0.0001  	-0.0201  	0.01013  	0.02794  	-0.0119  	-0.0521  	0.02731  	-0.0001  	-0.0500  	0.12569  	0.01415  	-0.0314  	0.44382  	
0.34260  	-0.1387  	-0.2811  	-0.7523  	-0.2247  	-1.0810  	0.08284  	0.46840  	0.22493  	0.29770  	0.41547  	-1.0738  	0.19177  	-1.0871  	-0.7671  	0.31505  	-0.3951  	-0.0892  	-0.1486  	0.78140  	0.36542  	-0.1328  	-1.0718  	0.19245  	0.32659  	-0.3445  	0.17991  	0.36956  	-0.2192  	0.32646  	0.08322  	0.46342  	-0.0307  	0.03717  	0.42443  	0.10626  	-0.1428  	-0.3481  	-0.3395  	0.93483  	0.08264  	0.16564  	-0.2065  	0.19490  	0.07668  	-0.0636  	0.09877  	-0.1876  	-0.0972  	-0.0392  	0.01069  	0.01889  	-0.0683  	-0.0092  	-0.0108  	-0.0757  	-0.0062  	0.00509  	-0.0202  	0.01170  	0.02781  	-0.0104  	-0.0406  	0.03222  	-0.0001  	-0.0500  	0.12569  	0.01415  	-0.0314  	0.44382  	
0.27177  	-0.1392  	-0.3703  	-0.9070  	-0.2735  	-1.1776  	0.08279  	0.47103  	0.24315  	0.24546  	0.62061  	-1.0118  	0.13283  	-1.0858  	-0.8152  	0.31032  	-0.3974  	-0.1547  	-0.1109  	0.74179  	0.56096  	-0.1298  	-1.0010  	0.26075  	0.24370  	-0.3354  	0.23041  	0.28366  	-0.3575  	0.27680  	0.10185  	0.46309  	-0.0166  	-0.0001  	0.45949  	0.04727  	-0.0033  	-0.3243  	-0.4100  	0.89308  	0.07509  	0.18516  	-0.2428  	0.19780  	0.08805  	-0.0679  	0.10105  	-0.2012  	-0.1030  	-0.0203  	-0.0135  	0.02193  	-0.0694  	-0.0077  	-0.0140  	-0.0826  	0.00081  	-0.0009  	-0.0233  	0.00929  	0.03295  	-0.0037  	-0.0403  	0.03412  	-0.0001  	-0.0500  	0.12569  	0.01415  	-0.0314  	0.44382  	
0.22570  	-0.1651  	-0.3930  	-0.8043  	-0.2664  	-1.1746  	0.02536  	0.48008  	0.21187  	0.23091  	0.68086  	-0.9917  	0.07804  	-1.1549  	-0.8291  	0.34357  	-0.3989  	-0.1504  	-0.1325  	0.76276  	0.51437  	-0.1583  	-0.9992  	0.18375  	0.22372  	-0.3229  	0.19806  	0.34555  	-0.3257  	0.29827  	0.08170  	0.47280  	-0.0338  	-0.0048  	0.44313  	0.07497  	-0.0245  	-0.2999  	-0.3827  	0.85859  	0.08331  	0.18386  	-0.2231  	0.20077  	0.08556  	-0.0639  	0.10098  	-0.2056  	-0.1109  	-0.0297  	-0.0222  	0.02116  	-0.0677  	-0.0016  	-0.0079  	-0.0779  	-0.0034  	0.00164  	-0.0194  	0.00489  	0.03205  	-0.0006  	-0.0490  	0.03172  	-0.0001  	-0.0500  	0.12569  	0.01415  	-0.0314  	0.44382  	
0.17320  	-0.1701  	-0.3664  	-0.8607  	-0.2983  	-1.2088  	-0.0101  	0.43312  	0.23140  	0.24795  	0.63333  	-0.9714  	0.08847  	-1.1713  	-0.8594  	0.31788  	-0.3849  	-0.1453  	-0.1068  	0.74834  	0.44950  	-0.1517  	-1.0000  	0.11487  	0.25399  	-0.3214  	0.15765  	0.42054  	-0.2838  	0.29704  	0.09206  	0.45659  	-0.0292  	0.00808  	0.39976  	0.09562  	-0.0329  	-0.3076  	-0.3772  	0.84550  	0.11640  	0.17187  	-0.2237  	0.19871  	0.08642  	-0.0593  	0.10551  	-0.2116  	-0.1115  	-0.0288  	-0.0225  	0.02347  	-0.0708  	-0.0034  	-0.0105  	-0.0758  	-0.0091  	-0.0024  	-0.0254  	0.00025  	0.04020  	-0.0016  	-0.0469  	0.02945  	-0.0001  	-0.0500  	0.12569  	0.01415  	-0.0314  	0.44382  	
0.17918  	-0.1638  	-0.3708  	-0.8704  	-0.3135  	-1.2108  	-0.0105  	0.44562  	0.22068  	0.22742  	0.68575  	-0.9829  	0.05207  	-1.2066  	-0.8605  	0.33509  	-0.3759  	-0.1647  	-0.1247  	0.71426  	0.50921  	-0.1675  	-0.9886  	0.13268  	0.22641  	-0.3138  	0.18167  	0.36856  	-0.3341  	0.29063  	0.08064  	0.47164  	-0.0327  	-0.0002  	0.42333  	0.07357  	0.00115  	-0.2881  	-0.4035  	0.83880  	0.11337  	0.17713  	-0.2231  	0.18859  	0.08886  	-0.0602  	0.10463  	-0.2165  	-0.1140  	-0.0237  	-0.0252  	0.02168  	-0.0693  	-0.0018  	-0.0120  	-0.0767  	-0.0071  	-0.0027  	-0.0272  	-0.0004  	0.03489  	-0.0001  	-0.0425  	0.03052  	-0.0001  	-0.0500  	0.12569  	0.01415  	-0.0314  	0.44382  	
0.28591  	-0.1436  	-0.3187  	-0.8342  	-0.3027  	-1.1779  	0.00247  	0.46054  	0.23286  	0.19638  	0.72213  	-0.9837  	0.05564  	-1.1546  	-0.7964  	0.32149  	-0.3660  	-0.1883  	-0.1371  	0.71807  	0.58170  	-0.1679  	-0.9805  	0.20134  	0.21572  	-0.3193  	0.21830  	0.28657  	-0.3834  	0.28222  	0.07778  	0.48718  	-0.0221  	-0.0108  	0.46487  	0.03381  	0.05948  	-0.2856  	-0.4205  	0.83993  	0.10733  	0.17935  	-0.2338  	0.18435  	0.09073  	-0.0587  	0.10058  	-0.2131  	-0.1141  	-0.0216  	-0.0224  	0.02517  	-0.0714  	-0.0037  	-0.0137  	-0.0717  	-0.0108  	-0.0007  	-0.0256  	0.00400  	0.03777  	-0.0049  	-0.0451  	0.02914  	-0.0001  	-0.0500  	0.12569  	0.01415  	-0.0314  	0.44382  	
0.42169  	-0.0926  	-0.2470  	-0.7566  	-0.3243  	-1.0928  	0.01948  	0.53177  	0.24452  	0.19434  	0.70575  	-1.0015  	0.09763  	-1.0467  	-0.6985  	0.36640  	-0.3577  	-0.2302  	-0.1218  	0.68497  	0.66533  	-0.1589  	-0.9676  	0.23174  	0.22398  	-0.3396  	0.30402  	0.17105  	-0.4848  	0.27862  	0.06716  	0.50228  	-0.0358  	-0.0154  	0.54033  	-0.0096  	0.12114  	-0.2530  	-0.4506  	0.82277  	0.06073  	0.17805  	-0.2290  	0.18733  	0.08979  	-0.0562  	0.10110  	-0.2098  	-0.1132  	-0.0170  	-0.0212  	0.02798  	-0.0638  	0.00050  	-0.0123  	-0.0737  	-0.0195  	-0.0068  	-0.0231  	0.00609  	0.03590  	-0.0009  	-0.0448  	0.02629  	-0.0001  	-0.0500  	0.12569  	0.01415  	-0.0314  	0.44382  	
0.56624  	-0.0346  	-0.1491  	-0.7182  	-0.3328  	-0.9887  	0.03480  	0.61705  	0.31130  	0.15467  	0.72748  	-0.9925  	0.12383  	-0.9751  	-0.6656  	0.42840  	-0.3483  	-0.2695  	-0.1107  	0.64111  	0.77134  	-0.1373  	-0.9216  	0.27094  	0.21123  	-0.3509  	0.37866  	0.06719  	-0.5857  	0.27040  	0.06661  	0.52355  	-0.0123  	-0.0236  	0.58611  	-0.0404  	0.19283  	-0.2285  	-0.4754  	0.79716  	0.02552  	0.16841  	-0.2305  	0.19291  	0.08372  	-0.0586  	0.09700  	-0.2017  	-0.1056  	-0.0167  	-0.0219  	0.02511  	-0.0673  	0.00177  	-0.0123  	-0.0625  	-0.0186  	-0.0014  	-0.0254  	0.00903  	0.03791  	0.00266  	-0.0486  	0.02695  	-0.0001  	-0.0500  	0.12569  	0.01415  	-0.0314  	0.44382  	
0.62070  	-0.0099  	-0.0891  	-0.7292  	-0.3653  	-0.9356  	0.04703  	0.65806  	0.32782  	0.12385  	0.75184  	-0.9848  	0.12116  	-0.9491  	-0.6506  	0.46005  	-0.3488  	-0.2818  	-0.0954  	0.60846  	0.80682  	-0.1240  	-0.8839  	0.29912  	0.21591  	-0.3547  	0.39863  	0.01931  	-0.6196  	0.27125  	0.07025  	0.53499  	-0.0040  	-0.0206  	0.59677  	-0.0499  	0.22050  	-0.2177  	-0.4733  	0.78047  	0.01658  	0.17172  	-0.2168  	0.19449  	0.08093  	-0.0605  	0.09522  	-0.1892  	-0.0983  	-0.0205  	-0.0258  	0.02705  	-0.0668  	0.00460  	-0.0121  	-0.0616  	-0.0183  	0.00013  	-0.0296  	0.01232  	0.03638  	0.00031  	-0.0442  	0.02710  	-0.0001  	-0.0500  	0.12569  	0.01415  	-0.0314  	0.44382  	
0.69957  	-0.0256  	-0.0356  	-0.6178  	-0.2359  	-0.8618  	0.07589  	0.62947  	0.28526  	0.17222  	0.52854  	-1.0334  	0.20475  	-0.8454  	-0.6581  	0.42227  	-0.3629  	-0.2559  	-0.1054  	0.60845  	0.65716  	-0.1041  	-0.9640  	0.29027  	0.32320  	-0.3787  	0.42153  	0.11762  	-0.4750  	0.32756  	0.05919  	0.52467  	-0.0222  	-0.0230  	0.55022  	0.00832  	0.10899  	-0.2911  	-0.4210  	0.83337  	-0.0007  	0.18641  	-0.2201  	0.20411  	0.08175  	-0.0582  	0.08235  	-0.1694  	-0.0801  	-0.0242  	-0.0079  	0.02302  	-0.0675  	-0.0029  	-0.0115  	-0.0577  	-0.0201  	-0.0015  	-0.0254  	0.00890  	0.03474  	-0.0028  	-0.0391  	0.02227  	-0.0001  	-0.0500  	0.12569  	0.01415  	-0.0314  	0.44382  	
0.71359  	-0.0656  	-0.0635  	-0.4925  	-0.1656  	-0.8639  	0.10800  	0.56943  	0.28144  	0.23308  	0.35768  	-1.1064  	0.28396  	-0.7853  	-0.5826  	0.31072  	-0.3637  	-0.2387  	-0.1224  	0.62527  	0.52538  	-0.0486  	-1.0227  	0.22823  	0.40653  	-0.3845  	0.38429  	0.16711  	-0.3464  	0.38224  	0.05270  	0.48600  	-0.0405  	-0.0103  	0.49403  	0.05009  	0.02284  	-0.3275  	-0.3632  	0.88562  	0.00366  	0.20658  	-0.2156  	0.20981  	0.08026  	-0.0574  	0.07399  	-0.1487  	-0.0731  	-0.0311  	-0.0007  	0.02265  	-0.0699  	-0.0072  	-0.0105  	-0.0497  	-0.0130  	-0.0054  	-0.0265  	0.00911  	0.03473  	-0.0045  	-0.0449  	0.02251  	-0.0001  	-0.0500  	0.12569  	0.01415  	-0.0314  	0.44382  	
0.70464  	-0.0506  	-0.1763  	-0.4690  	-0.1235  	-0.9481  	0.13257  	0.56045  	0.24067  	0.26338  	0.27262  	-1.2024  	0.32888  	-0.6911  	-0.4993  	0.23719  	-0.3694  	-0.2265  	-0.1099  	0.62860  	0.47115  	-0.0229  	-1.0742  	0.23861  	0.49298  	-0.4004  	0.48286  	0.10616  	-0.2824  	0.43014  	0.07228  	0.47642  	-0.0441  	-0.0150  	0.51173  	0.06580  	-0.0302  	-0.3409  	-0.3686  	0.91599  	-0.0201  	0.20918  	-0.2148  	0.21158  	0.07685  	-0.0596  	0.08640  	-0.1593  	-0.0701  	-0.0357  	-0.0154  	0.02410  	-0.0744  	0.00147  	-0.0044  	-0.0539  	-0.0211  	-0.0068  	-0.0320  	0.01522  	0.03593  	0.00435  	-0.0466  	0.01258  	-0.0001  	-0.0500  	0.12569  	0.01415  	-0.0314  	0.44382  	
0.33558  	-0.1339  	-0.4690  	-0.4852  	-0.0621  	-1.2162  	0.11115  	0.52612  	0.21557  	0.26976  	0.45536  	-1.0356  	0.26700  	-0.7595  	-0.5037  	0.18602  	-0.3860  	-0.2517  	-0.1593  	0.71946  	0.50106  	-0.0819  	-1.0991  	0.30841  	0.37137  	-0.3643  	0.42893  	0.25059  	-0.3638  	0.40014  	0.05405  	0.47405  	-0.0231  	-0.0087  	0.56748  	0.06300  	-0.0371  	-0.3787  	-0.3816  	0.93423  	-0.0362  	0.21596  	-0.2789  	0.18333  	0.08139  	-0.0583  	0.10663  	-0.1863  	-0.0858  	-0.0323  	-0.0112  	0.02123  	-0.0888  	-0.0043  	-0.0155  	-0.0656  	-0.0171  	-0.0179  	-0.0181  	0.00818  	0.04371  	-0.0093  	-0.0765  	0.01035  	-0.0001  	-0.0500  	0.12569  	0.01415  	-0.0314  	0.44382  	
0.11645  	-0.1994  	-0.4953  	-0.7312  	-0.1696  	-1.2667  	0.07462  	0.43180  	0.21581  	0.26931  	0.62991  	-0.9015  	0.14847  	-1.0750  	-0.7466  	0.30591  	-0.4553  	-0.1272  	-0.1297  	0.84733  	0.50426  	-0.1316  	-1.1397  	0.23159  	0.21291  	-0.3381  	0.16899  	0.42547  	-0.3422  	0.29535  	0.08970  	0.46870  	-0.0055  	-0.0021  	0.51179  	0.06202  	-0.0689  	-0.3442  	-0.3836  	0.89102  	0.02463  	0.20490  	-0.2582  	0.16469  	0.08058  	-0.0644  	0.10520  	-0.2048  	-0.1066  	-0.0235  	0.00165  	0.02025  	-0.0752  	-0.0034  	-0.0151  	-0.0751  	-0.0101  	-0.0066  	-0.0119  	0.01093  	0.03148  	0.00642  	-0.0513  	0.01271  	-0.0001  	-0.0500  	0.12569  	0.01415  	-0.0314  	0.44382  	
-0.0171  	-0.2487  	-0.4327  	-1.0141  	-0.3346  	-1.3526  	0.07349  	0.41512  	0.19135  	0.34560  	0.77137  	-1.0264  	0.08395  	-1.2495  	-1.0910  	0.24667  	-0.4411  	-0.0858  	-0.1087  	0.84547  	0.43400  	-0.2103  	-1.1048  	0.24121  	0.28889  	-0.3398  	0.17570  	0.38288  	-0.3070  	0.27409  	0.10907  	0.45891  	-0.0290  	0.00434  	0.42175  	0.12920  	-0.0603  	-0.3552  	-0.3567  	0.90109  	0.04995  	0.16735  	-0.2436  	0.17499  	0.08868  	-0.0603  	0.08717  	-0.2038  	-0.1049  	-0.0231  	-0.0168  	0.01598  	-0.0797  	-0.0135  	-0.0180  	-0.0889  	-0.0043  	0.01016  	-0.0251  	0.01260  	0.02499  	-0.0172  	-0.0396  	0.02271  	-0.0001  	-0.0500  	0.12569  	0.01415  	-0.0314  	0.44382  	
-0.1472  	-0.3040  	-0.5086  	-1.1043  	-0.3871  	-1.3946  	0.05847  	0.35682  	0.15678  	0.35655  	0.83195  	-1.1044  	0.02602  	-1.3689  	-1.1455  	0.23705  	-0.3642  	-0.0694  	-0.1214  	0.81653  	0.46711  	-0.2358  	-1.0644  	0.20443  	0.28414  	-0.3324  	0.20090  	0.34244  	-0.3397  	0.27909  	0.09340  	0.45538  	-0.0540  	-0.0091  	0.43578  	0.14895  	-0.0462  	-0.3301  	-0.3735  	0.86375  	0.07826  	0.17177  	-0.2522  	0.16412  	0.09495  	-0.0536  	0.09305  	-0.2161  	-0.1125  	-0.0185  	-0.0077  	0.01626  	-0.0671  	-0.0062  	-0.0167  	-0.0780  	0.00081  	0.00747  	-0.0247  	0.01063  	0.02890  	-0.0169  	-0.0453  	0.02504  	-0.0001  	-0.0500  	0.12569  	0.01415  	-0.0314  	0.44382  	
-0.2030  	-0.2907  	-0.5187  	-1.2802  	-0.4488  	-1.4956  	0.01207  	0.36505  	0.15509  	0.35394  	0.91783  	-1.1316  	0.00367  	-1.3567  	-1.1750  	0.20821  	-0.3649  	-0.1204  	-0.0880  	0.76881  	0.49184  	-0.2019  	-1.0219  	0.20787  	0.28431  	-0.3125  	0.21934  	0.34634  	-0.3652  	0.26877  	0.08393  	0.45810  	-0.0613  	-0.0124  	0.40825  	0.13915  	-0.0122  	-0.3210  	-0.3933  	0.83826  	0.06822  	0.16919  	-0.2640  	0.17590  	0.10609  	-0.0532  	0.09682  	-0.2252  	-0.1156  	-0.0172  	-0.0120  	0.02204  	-0.0681  	-0.0066  	-0.0150  	-0.0835  	-0.0064  	0.00402  	-0.0249  	0.01234  	0.03132  	-0.0104  	-0.0447  	0.02823  	-0.0001  	-0.0500  	0.12569  	0.01415  	-0.0314  	0.44382  	
-0.0249  	-0.2540  	-0.4913  	-1.1730  	-0.4094  	-1.3740  	0.03937  	0.42921  	0.20200  	0.33832  	0.82803  	-1.0574  	0.08738  	-1.2402  	-1.0083  	0.23042  	-0.3275  	-0.1723  	-0.1305  	0.78230  	0.49458  	-0.1759  	-0.9700  	0.21607  	0.28119  	-0.2976  	0.24432  	0.30057  	-0.4040  	0.26552  	0.10071  	0.45350  	-0.0223  	-0.0239  	0.38403  	0.10216  	-0.0230  	-0.3192  	-0.3670  	0.85776  	0.06415  	0.18689  	-0.2409  	0.18259  	0.08374  	-0.0572  	0.10260  	-0.2079  	-0.1089  	-0.0253  	-0.0095  	0.02329  	-0.0789  	-0.0001  	-0.0159  	-0.0821  	-0.0141  	0.00046  	-0.0256  	0.01053  	0.03310  	-0.0020  	-0.0440  	0.02838  	-0.0001  	-0.0500  	0.12569  	0.01415  	-0.0314  	0.44382  	
0.13452  	-0.1904  	-0.3509  	-0.9629  	-0.3744  	-1.2241  	-0.0006  	0.49786  	0.19373  	0.27060  	0.62981  	-1.0122  	0.15399  	-1.2721  	-0.9145  	0.22234  	-0.2673  	-0.2609  	-0.0265  	0.50283  	0.49345  	-0.3907  	-1.2520  	0.15878  	0.22718  	-0.2056  	0.17716  	0.27100  	-0.1523  	0.29218  	0.25067  	0.40145  	-0.1286  	-0.1661  	0.26143  	0.06020  	-0.1855  	-0.3327  	-0.4697  	0.80252  	0.19552  	0.27745  	-0.3261  	0.29799  	0.01165  	-0.0432  	0.07464  	-0.1785  	-0.1287  	-0.0416  	-0.0022  	0.01870  	-0.0772  	0.00992  	-0.0016  	-0.0750  	-0.0041  	-0.0147  	-0.0295  	0.02040  	0.03827  	-0.0028  	-0.0611  	0.03433  	-0.0001  	-0.0500  	0.12569  	0.01415  	-0.0314  	0.44382  	
0.07963  	-0.1597  	-0.2827  	-0.9613  	-0.3414  	-1.1996  	-0.0331  	0.52385  	0.16038  	0.23548  	0.56094  	-1.0462  	0.15870  	-1.4034  	-0.9462  	0.16299  	-0.1732  	-0.3921  	0.05665  	0.26594  	0.47545  	-0.5595  	-1.4829  	0.08298  	0.20887  	-0.1342  	0.16690  	0.26305  	-0.0749  	0.26875  	0.31625  	0.36435  	-0.2240  	-0.3116  	0.11696  	0.08848  	-0.2536  	-0.3308  	-0.5260  	0.74743  	0.29282  	0.38444  	-0.4073  	0.35940  	-0.0252  	-0.0307  	0.05173  	-0.1530  	-0.1270  	-0.0551  	-0.0017  	0.03006  	-0.0720  	0.02330  	0.00268  	-0.0768  	-0.0110  	-0.0261  	-0.0210  	0.02321  	0.04563  	-0.0171  	-0.0696  	0.03407  	-0.0001  	-0.0500  	0.12569  	0.01415  	-0.0314  	0.44382  	
0.12085  	-0.1792  	-0.3358  	-0.9951  	-0.4137  	-1.1870  	-0.0840  	0.50911  	0.13386  	0.17421  	0.68568  	-1.0497  	0.13553  	-1.5047  	-0.8584  	0.18608  	-0.1335  	-0.4817  	0.03603  	0.23453  	0.57469  	-0.6315  	-1.4583  	0.18423  	0.19632  	-0.1121  	0.26155  	0.19434  	-0.1466  	0.25254  	0.31512  	0.38644  	-0.2371  	-0.3430  	0.21488  	0.06109  	-0.2124  	-0.3042  	-0.5907  	0.70968  	0.25239  	0.45145  	-0.4421  	0.36609  	-0.0277  	-0.0227  	0.05519  	-0.1764  	-0.1412  	-0.0494  	0.00266  	0.03319  	-0.0673  	0.03641  	0.00105  	-0.0830  	-0.0083  	-0.0200  	-0.0226  	0.02667  	0.03728  	-0.0147  	-0.0715  	0.03634  	-0.0001  	-0.0500  	0.12569  	0.01415  	-0.0314  	0.44382  	
0.23181  	-0.1736  	-0.2766  	-0.8690  	-0.2956  	-1.2240  	-0.0115  	0.48167  	0.16076  	0.19244  	0.65996  	-1.0262  	0.12306  	-1.4615  	-0.8605  	0.28217  	-0.2056  	-0.4159  	0.01200  	0.29807  	0.48009  	-0.5974  	-1.4930  	0.14848  	0.22684  	-0.1427  	0.20856  	0.29893  	-0.1067  	0.26718  	0.28380  	0.39010  	-0.2231  	-0.3001  	0.28725  	0.13733  	-0.2033  	-0.3254  	-0.5762  	0.72846  	0.22988  	0.40424  	-0.4234  	0.34509  	-0.0154  	-0.0180  	0.06276  	-0.1533  	-0.1363  	-0.0500  	0.00698  	0.02852  	-0.0623  	0.02388  	0.00205  	-0.0785  	-0.0067  	-0.0150  	-0.0316  	0.02586  	0.03519  	-0.0267  	-0.0610  	0.03737  	-0.0001  	-0.0500  	0.12569  	0.01415  	-0.0314  	0.44382  	
0.24909  	-0.1860  	-0.1907  	-0.9745  	-0.3806  	-1.2664  	0.03535  	0.42814  	0.18808  	0.34651  	0.71777  	-1.0218  	0.08162  	-1.4402  	-1.0773  	0.41992  	-0.3137  	-0.2512  	-0.0550  	0.56409  	0.34515  	-0.4461  	-1.3598  	0.06456  	0.20290  	-0.2222  	0.09767  	0.38457  	-0.1888  	0.26332  	0.20930  	0.45149  	-0.1343  	-0.1590  	0.31389  	0.16690  	-0.1890  	-0.3282  	-0.4519  	0.80522  	0.20941  	0.30653  	-0.3205  	0.27798  	0.01718  	-0.0406  	0.07231  	-0.1633  	-0.1068  	-0.0391  	0.00535  	0.02673  	-0.0634  	0.01253  	0.00250  	-0.0740  	-0.0045  	-0.0100  	-0.0348  	0.01297  	0.03474  	-0.0047  	-0.0523  	0.03791  	-0.0001  	-0.0500  	0.12569  	0.01415  	-0.0314  	0.44382  	
0.14257  	-0.2422  	-0.3298  	-1.0655  	-0.4524  	-1.2269  	0.00140  	0.35288  	0.15942  	0.30839  	0.79672  	-1.1153  	0.04394  	-1.4277  	-1.1896  	0.42354  	-0.3878  	-0.1475  	-0.0583  	0.80471  	0.43376  	-0.2376  	-1.1051  	0.23298  	0.33183  	-0.3193  	0.23356  	0.40878  	-0.3828  	0.25018  	0.09225  	0.52502  	-0.0602  	-0.0191  	0.43191  	0.22330  	0.02510  	-0.3111  	-0.4075  	0.85038  	0.07572  	0.18145  	-0.2283  	0.19758  	0.10624  	-0.0563  	0.09972  	-0.2008  	-0.0929  	-0.0138  	0.00263  	0.02370  	-0.0591  	0.00272  	-0.0087  	-0.0782  	-0.0029  	0.00200  	-0.0157  	0.02106  	0.02587  	-0.0212  	-0.0484  	0.03077  	-0.0001  	-0.0500  	0.12569  	0.01415  	-0.0314  	0.44382  	
0.56398  	-0.1308  	-0.2181  	-0.6879  	-0.1605  	-1.0575  	0.04786  	0.49924  	0.21422  	0.19865  	0.52184  	-1.0341  	0.23789  	-0.9446  	-0.5251  	0.34348  	-0.3908  	-0.3122  	-0.1199  	0.63814  	0.66217  	-0.1438  	-1.0085  	0.32413  	0.22448  	-0.3349  	0.37230  	0.16133  	-0.4960  	0.26782  	0.09918  	0.51020  	-0.0240  	-0.0287  	0.61746  	0.02127  	0.07585  	-0.3234  	-0.4478  	0.85759  	-0.0017  	0.20432  	-0.2279  	0.18341  	0.08799  	-0.0606  	0.08671  	-0.2049  	-0.0973  	-0.0058  	-0.0055  	0.02480  	-0.0755  	-0.0028  	-0.0126  	-0.0730  	-0.0185  	-0.0066  	-0.0283  	0.00596  	0.02468  	0.00889  	-0.0504  	0.03444  	-0.0001  	-0.0500  	0.12569  	0.01415  	-0.0314  	0.44382  	
0.68350  	-0.0321  	-0.1156  	-0.4640  	-0.1253  	-0.8979  	0.11032  	0.59782  	0.27381  	0.24533  	0.28362  	-1.0575  	0.28530  	-0.7665  	-0.4669  	0.30164  	-0.3746  	-0.2480  	-0.1215  	0.59031  	0.53016  	-0.0504  	-0.9580  	0.18260  	0.40040  	-0.3603  	0.37765  	0.17071  	-0.2925  	0.36873  	0.07884  	0.46887  	-0.0532  	-0.0231  	0.51109  	0.03696  	-0.0098  	-0.3394  	-0.3294  	0.87904  	0.00428  	0.19298  	-0.2031  	0.21540  	0.07885  	-0.0627  	0.07730  	-0.1484  	-0.0775  	-0.0235  	-0.0035  	0.02227  	-0.0689  	-0.0053  	-0.0057  	-0.0491  	-0.0194  	-0.0038  	-0.0279  	0.01637  	0.03045  	0.00789  	-0.0481  	0.02207  	-0.0001  	-0.0500  	0.12569  	0.01415  	-0.0314  	0.44382  	
0.51335  	-0.0329  	-0.1743  	-0.4547  	-0.1323  	-1.0104  	0.10760  	0.55853  	0.21188  	0.26926  	0.35546  	-1.1796  	0.28323  	-0.6859  	-0.4636  	0.20439  	-0.3817  	-0.2673  	-0.1227  	0.57736  	0.54113  	-0.0643  	-1.0177  	0.28937  	0.43735  	-0.3927  	0.45690  	0.13347  	-0.3211  	0.38637  	0.06346  	0.49871  	-0.0351  	-0.0386  	0.58495  	0.04869  	0.03191  	-0.3421  	-0.3613  	0.92864  	-0.0213  	0.20178  	-0.2429  	0.21608  	0.07978  	-0.0534  	0.08318  	-0.1835  	-0.0886  	-0.0325  	0.00674  	0.02770  	-0.0696  	-0.0079  	-0.0108  	-0.0609  	-0.0270  	-0.0095  	-0.0164  	0.03012  	0.04104  	0.00277  	-0.0456  	0.01725  	-0.0001  	-0.0500  	0.12569  	0.01415  	-0.0314  	0.44382  	
0.09194  	-0.1654  	-0.5132  	-1.0349  	-0.2785  	-1.3521  	0.07131  	0.39129  	0.22855  	0.26386  	0.74777  	-1.0384  	0.10868  	-1.2028  	-0.7917  	0.23347  	-0.4068  	-0.1560  	-0.1095  	0.76619  	0.57810  	-0.1992  	-1.0185  	0.28272  	0.20282  	-0.3233  	0.29348  	0.19759  	-0.4885  	0.25852  	0.07724  	0.51525  	-0.0267  	-0.0145  	0.53973  	0.01204  	0.05532  	-0.3084  	-0.4284  	0.88929  	0.03449  	0.18298  	-0.2841  	0.17906  	0.07940  	-0.0531  	0.10539  	-0.2058  	-0.1089  	-0.0219  	-0.0056  	0.01723  	-0.0795  	0.00168  	-0.0188  	-0.0717  	-0.0163  	0.00312  	-0.0239  	-0.0011  	0.03144  	-0.0210  	-0.0603  	0.01758  	-0.0001  	-0.0500  	0.12569  	0.01415  	-0.0314  	0.44382  	
-0.0181  	-0.2460  	-0.3289  	-1.2524  	-0.4780  	-1.2668  	0.05866  	0.36210  	0.20251  	0.29817  	0.73951  	-1.1529  	0.06330  	-1.3711  	-1.1030  	0.24172  	-0.3516  	-0.1197  	-0.0895  	0.79198  	0.49116  	-0.1867  	-0.9852  	0.21316  	0.28067  	-0.3088  	0.23596  	0.33037  	-0.3782  	0.27859  	0.07032  	0.46328  	-0.0271  	-0.0015  	0.40970  	0.12225  	-0.0135  	-0.2983  	-0.4186  	0.86588  	0.07184  	0.18500  	-0.2333  	0.18280  	0.09471  	-0.0609  	0.10397  	-0.2208  	-0.1126  	-0.0288  	-0.0164  	0.02055  	-0.0736  	0.00777  	-0.0165  	-0.0856  	-0.0009  	0.00041  	-0.0275  	0.01122  	0.02930  	-0.0076  	-0.0411  	0.02994  	-0.0001  	-0.0500  	0.12569  	0.01415  	-0.0314  	0.44382  	
0.02698  	-0.2277  	-0.3812  	-1.1239  	-0.4592  	-1.2368  	0.08941  	0.37003  	0.20369  	0.27374  	0.58497  	-1.1587  	0.07618  	-1.3662  	-1.0937  	0.28075  	-0.3408  	-0.0957  	-0.1012  	0.78171  	0.32308  	-0.1585  	-0.9775  	0.06009  	0.32527  	-0.3028  	0.17244  	0.46909  	-0.2131  	0.29776  	0.10437  	0.45434  	-0.0814  	-0.0074  	0.24235  	0.16477  	-0.0969  	-0.3087  	-0.3250  	0.85929  	0.17512  	0.14408  	-0.1853  	0.22414  	0.07919  	-0.0718  	0.10093  	-0.1915  	-0.1036  	-0.0189  	-0.0125  	0.02068  	-0.0687  	-0.0006  	-0.0006  	-0.0770  	-0.0118  	0.00074  	-0.0215  	0.01379  	0.03728  	-0.0019  	-0.0411  	0.03032  	-0.0001  	-0.0500  	0.12569  	0.01415  	-0.0314  	0.44382  	
-0.0185  	-0.2022  	-0.4506  	-0.9706  	-0.3195  	-1.2939  	-0.0092  	0.36568  	0.17169  	0.28336  	0.58296  	-1.0456  	0.06629  	-1.3392  	-1.0309  	0.26939  	-0.3545  	-0.0928  	-0.0982  	0.75117  	0.35940  	-0.1897  	-1.0007  	0.07668  	0.30733  	-0.3127  	0.16582  	0.45414  	-0.2051  	0.31246  	0.09739  	0.44503  	-0.0568  	-0.0038  	0.32201  	0.15888  	-0.1085  	-0.3422  	-0.3299  	0.88676  	0.12670  	0.16413  	-0.2042  	0.21713  	0.09109  	-0.0648  	0.10755  	-0.2012  	-0.1139  	-0.0305  	-0.0063  	0.02184  	-0.0682  	-0.0005  	-0.0082  	-0.0818  	-0.0023  	0.00038  	-0.0209  	0.01175  	0.03088  	-0.0058  	-0.0416  	0.03278  	-0.0001  	-0.0500  	0.12569  	0.01415  	-0.0314  	0.44382  	
0.02830  	-0.2467  	-0.4757  	-0.9173  	-0.3254  	-1.2588  	-0.0161  	0.42960  	0.19431  	0.27119  	0.71300  	-1.0093  	0.06398  	-1.2371  	-0.9103  	0.27795  	-0.3589  	-0.1725  	-0.0889  	0.75321  	0.41381  	-0.1724  	-0.9521  	0.16303  	0.27093  	-0.3002  	0.24317  	0.35735  	-0.3066  	0.31332  	0.10935  	0.46311  	-0.0426  	-0.0121  	0.41017  	0.11303  	-0.0578  	-0.3277  	-0.3695  	0.86347  	0.09176  	0.16618  	-0.2299  	0.20327  	0.09247  	-0.0656  	0.10165  	-0.1982  	-0.1121  	-0.0235  	-0.0090  	0.02269  	-0.0688  	-0.0029  	-0.0127  	-0.0774  	-0.0044  	-0.0008  	-0.0232  	0.01199  	0.03550  	-0.0054  	-0.0491  	0.03084  	-0.0001  	-0.0500  	0.12569  	0.01415  	-0.0314  	0.44382  	
0.43873  	-0.0844  	-0.2041  	-0.7587  	-0.2338  	-1.0694  	0.04035  	0.54401  	0.24842  	0.25794  	0.56072  	-1.0119  	0.14550  	-1.0073  	-0.6847  	0.34813  	-0.3550  	-0.2324  	-0.0888  	0.68708  	0.58736  	-0.1349  	-0.9994  	0.28112  	0.25377  	-0.3384  	0.33223  	0.19229  	-0.4618  	0.28559  	0.07279  	0.51749  	-0.0186  	-0.0178  	0.51576  	0.03113  	0.08203  	-0.2872  	-0.4288  	0.86312  	0.04620  	0.17993  	-0.2207  	0.19048  	0.08764  	-0.0548  	0.10213  	-0.1958  	-0.1000  	-0.0284  	-0.0198  	0.02621  	-0.0710  	-0.0054  	-0.0186  	-0.0715  	-0.0149  	-0.0043  	-0.0239  	0.01032  	0.03499  	0.00744  	-0.0437  	0.02092  	-0.0001  	-0.0500  	0.12569  	0.01415  	-0.0314  	0.44382  	
0.68629  	-0.0448  	-0.0586  	-0.6283  	-0.2740  	-0.9535  	0.07051  	0.58484  	0.26275  	0.26226  	0.44168  	-1.1091  	0.21342  	-0.8448  	-0.6370  	0.34268  	-0.3776  	-0.2546  	-0.1307  	0.63508  	0.60283  	-0.0848  	-1.0026  	0.21753  	0.35244  	-0.3515  	0.37258  	0.11415  	-0.4145  	0.34173  	0.06141  	0.51267  	-0.0266  	-0.0207  	0.55649  	0.05506  	0.07182  	-0.3003  	-0.3914  	0.85890  	0.01369  	0.19340  	-0.2016  	0.21089  	0.07296  	-0.0612  	0.09332  	-0.1678  	-0.0798  	-0.0260  	0.00080  	0.02298  	-0.0707  	-0.0029  	-0.0014  	-0.0631  	-0.0180  	-0.0046  	-0.0324  	0.01290  	0.03147  	0.00272  	-0.0381  	0.02953  	-0.0001  	-0.0500  	0.12569  	0.01415  	-0.0314  	0.44382  	
0.55556  	-0.0871  	-0.1797  	-0.7754  	-0.3579  	-1.0520  	0.11661  	0.57134  	0.23718  	0.27522  	0.54767  	-1.1998  	0.17754  	-0.9282  	-0.6956  	0.28905  	-0.3728  	-0.2238  	-0.1034  	0.64548  	0.64124  	-0.0833  	-0.9718  	0.26040  	0.43107  	-0.3795  	0.44513  	0.10905  	-0.4246  	0.33414  	0.06852  	0.53493  	-0.0525  	-0.0300  	0.54581  	0.06792  	0.11949  	-0.2786  	-0.4130  	0.83594  	0.02544  	0.18050  	-0.2100  	0.21230  	0.07697  	-0.0593  	0.09337  	-0.1771  	-0.0873  	-0.0223  	-0.0141  	0.02641  	-0.0697  	0.00035  	-0.0072  	-0.0692  	-0.0173  	-0.0062  	-0.0177  	0.01460  	0.03423  	-0.0093  	-0.0369  	0.01756  	-0.0001  	-0.0500  	0.12569  	0.01415  	-0.0314  	0.44382  	
0.46658  	-0.1007  	-0.2452  	-0.6781  	-0.2911  	-1.0299  	0.03751  	0.56727  	0.26598  	0.18993  	0.64165  	-1.0842  	0.15409  	-1.0183  	-0.6891  	0.36529  	-0.3507  	-0.2558  	-0.1057  	0.65734  	0.68692  	-0.1233  	-0.9699  	0.28629  	0.34664  	-0.3734  	0.39028  	0.10735  	-0.4899  	0.29187  	0.05199  	0.51877  	-0.0360  	-0.0249  	0.56727  	0.01611  	0.14865  	-0.2613  	-0.4412  	0.83590  	0.00867  	0.18693  	-0.2266  	0.19390  	0.08387  	-0.0578  	0.08890  	-0.1956  	-0.0971  	-0.0034  	-0.0120  	0.02186  	-0.0661  	0.00300  	-0.0079  	-0.0686  	-0.0154  	-0.0017  	-0.0187  	0.01296  	0.02930  	-0.0050  	-0.0368  	0.02382  	-0.0001  	-0.0500  	0.12569  	0.01415  	-0.0314  	0.44382  	
