0.06675  	-0.2790  	-0.1311  	-0.1747  	0.27431  	-0.2752  	-0.4544  	-0.1151  	0.15550  	-0.3640  	-0.4351  	0.56325  	0.00788  	-0.4925  	-0.8321  	0.25544  	-0.0684  	0.09856  	0.40205  	0.28547  	-0.1598  	0.04276  	-0.1853  	0.30319  	0.15200  	0.02554  	0.03420  	-0.1992  	-0.3115  	-0.1062  	-0.0209  	0.20264  	-0.0940  	-0.0999  	0.17537  	0.16777  	0.15170  	0.08549  	-0.3224  	0.09888  	0.39747  	0.06099  	0.04473  	0.34096  	0.03995  	-0.0494  	-0.0012  	0.03839  	0.01236  	-0.0328  	-0.0121  	-0.0105  	-0.0230  	0.02235  	0.00672  	-0.0272  	0.00693  	-0.0139  	-0.0211  	-0.0018  	-0.0173  	-0.0524  	0.04355  	-0.0093  	0.11951  	-0.3634  	0.04362  	0.02647  	0.01211  	0.40077  	0.51056  	268.426  	212.431  	
0.02841  	-0.2714  	-0.1719  	-0.0430  	0.32089  	-0.2165  	-0.5088  	-0.1242  	0.13283  	-0.4300  	-0.4960  	0.59205  	-0.0293  	-0.3957  	-0.8013  	0.19813  	-0.0309  	0.06540  	0.40304  	0.25862  	-0.1263  	0.05729  	-0.1444  	0.37620  	0.14450  	0.03467  	0.06359  	-0.2505  	-0.2938  	-0.0888  	-0.0485  	0.19685  	-0.1144  	-0.1182  	0.19020  	0.15776  	0.15422  	0.08036  	-0.3164  	0.10434  	0.37978  	0.06874  	0.05422  	0.33912  	0.05488  	-0.0386  	-0.0050  	0.03143  	0.00178  	-0.0360  	-0.0129  	-0.0110  	-0.0243  	0.02000  	0.00478  	-0.0185  	0.00901  	-0.0132  	-0.0172  	0.00077  	-0.0217  	-0.0517  	0.02892  	-0.0071  	0.11951  	-0.3634  	0.04362  	0.02647  	0.01211  	0.40077  	0.51056  	268.426  	212.431  	
0.13802  	-0.2326  	-0.1451  	0.07228  	0.41318  	-0.1859  	-0.4771  	-0.0606  	0.17354  	-0.4824  	-0.6054  	0.61590  	0.08104  	-0.2119  	-0.5486  	0.12995  	-0.0212  	0.05801  	0.37616  	0.23716  	-0.1122  	0.05400  	-0.1695  	0.31101  	0.16790  	0.02887  	0.04252  	-0.2486  	-0.2756  	-0.0592  	-0.0357  	0.15849  	-0.0954  	-0.0819  	0.22691  	0.06372  	0.13512  	0.05188  	-0.3071  	0.11201  	0.35956  	0.06535  	0.04542  	0.32294  	0.04396  	-0.0483  	-0.0028  	0.02152  	0.00906  	-0.0305  	-0.0179  	-0.0143  	-0.0315  	0.02044  	-0.0002  	-0.0182  	0.00850  	-0.0173  	-0.0233  	-0.0037  	-0.0280  	-0.0412  	0.03333  	-0.0052  	0.11951  	-0.3634  	0.04362  	0.02647  	0.01211  	0.40077  	0.51056  	268.426  	212.431  	
0.08771  	-0.2572  	-0.1632  	0.03687  	0.43478  	-0.2161  	-0.4611  	-0.0391  	0.18252  	-0.4924  	-0.5927  	0.65045  	0.09114  	-0.1844  	-0.5026  	0.11299  	-0.0190  	0.06108  	0.37869  	0.22748  	-0.0929  	0.05934  	-0.1377  	0.32117  	0.14139  	0.04219  	0.03940  	-0.2567  	-0.2650  	-0.0768  	-0.0259  	0.14606  	-0.0599  	-0.0918  	0.22507  	0.04268  	0.13475  	0.05521  	-0.3140  	0.11127  	0.33423  	0.07791  	0.02728  	0.32780  	0.04692  	-0.0395  	0.00724  	0.02266  	0.00277  	-0.0347  	-0.0234  	-0.0146  	-0.0310  	0.02036  	0.00435  	-0.0252  	0.01046  	-0.0132  	-0.0246  	0.00053  	-0.0217  	-0.0434  	0.03299  	-0.0051  	0.11951  	-0.3634  	0.04362  	0.02647  	0.01211  	0.40077  	0.51056  	268.426  	212.431  	
-0.0266  	-0.2494  	-0.1749  	-0.1790  	0.32597  	-0.2550  	-0.4782  	-0.0928  	0.18540  	-0.4528  	-0.5251  	0.60459  	0.02340  	-0.3514  	-0.6152  	0.09011  	-0.0288  	0.11104  	0.38733  	0.25176  	-0.0936  	0.05147  	-0.0738  	0.29775  	0.05403  	0.05399  	-0.0342  	-0.2659  	-0.3078  	-0.1229  	-0.0074  	0.14319  	-0.0542  	-0.0866  	0.16109  	0.04806  	0.15304  	0.06754  	-0.3274  	0.10942  	0.39956  	0.05092  	0.03790  	0.33691  	0.04587  	-0.0413  	0.00696  	0.01791  	-0.0008  	-0.0317  	-0.0226  	-0.0083  	-0.0255  	0.02183  	0.00280  	-0.0239  	0.00035  	-0.0135  	-0.0232  	-0.0015  	-0.0184  	-0.0488  	0.02604  	-0.0101  	0.11951  	-0.3634  	0.04362  	0.02647  	0.01211  	0.40077  	0.51056  	268.426  	212.431  	
-0.0100  	-0.2907  	-0.1245  	-0.1732  	0.27671  	-0.2592  	-0.4969  	-0.1026  	0.17304  	-0.4368  	-0.5126  	0.51970  	0.01204  	-0.4359  	-0.7299  	0.16456  	-0.0275  	0.08579  	0.41384  	0.27668  	-0.1383  	0.02019  	-0.0830  	0.29798  	0.08818  	0.05278  	-0.0097  	-0.2721  	-0.3101  	-0.0983  	-0.0080  	0.17174  	-0.0777  	-0.0930  	0.16210  	0.09144  	0.13923  	0.09266  	-0.3392  	0.11953  	0.41625  	0.04580  	0.03940  	0.34363  	0.03115  	-0.0444  	0.00492  	0.02625  	0.00123  	-0.0285  	-0.0186  	-0.0087  	-0.0291  	0.02373  	0.00372  	-0.0190  	0.00437  	-0.0148  	-0.0210  	-0.0029  	-0.0206  	-0.0489  	0.03697  	-0.0138  	0.11951  	-0.3634  	0.04362  	0.02647  	0.01211  	0.40077  	0.51056  	268.426  	212.431  	
-0.0289  	-0.2742  	-0.1422  	-0.1439  	0.29227  	-0.2730  	-0.4899  	-0.1416  	0.15852  	-0.4702  	-0.4873  	0.51214  	0.00300  	-0.4756  	-0.7176  	0.12972  	-0.0136  	0.07223  	0.40493  	0.29740  	-0.1152  	0.01465  	-0.1071  	0.29791  	0.13003  	0.05298  	0.02413  	-0.2251  	-0.3073  	-0.0875  	-0.0232  	0.17959  	-0.0861  	-0.0855  	0.16697  	0.12221  	0.15339  	0.08895  	-0.3321  	0.10224  	0.39737  	0.05266  	0.03147  	0.34137  	0.04002  	-0.0451  	0.00278  	0.03431  	0.00141  	-0.0353  	-0.0175  	-0.0084  	-0.0226  	0.02527  	0.00169  	-0.0197  	0.00990  	-0.0123  	-0.0151  	-0.0015  	-0.0195  	-0.0545  	0.04216  	-0.0135  	0.11951  	-0.3634  	0.04362  	0.02647  	0.01211  	0.40077  	0.51056  	268.426  	212.431  	
0.02754  	-0.2708  	-0.1758  	0.04903  	0.41530  	-0.1936  	-0.4880  	-0.0348  	0.17103  	-0.5106  	-0.5974  	0.61513  	0.05234  	-0.3095  	-0.5213  	0.14934  	-0.0049  	0.09213  	0.40030  	0.28032  	-0.1189  	0.01832  	-0.1462  	0.31868  	0.13767  	0.05039  	0.01614  	-0.2120  	-0.2422  	-0.0565  	-0.0249  	0.14437  	-0.0667  	-0.0832  	0.18410  	0.06225  	0.10120  	0.06446  	-0.3206  	0.10863  	0.36109  	0.06617  	0.01713  	0.30783  	0.05128  	-0.0411  	0.00523  	0.01526  	0.00753  	-0.0461  	-0.0186  	-0.0131  	-0.0320  	0.01652  	0.00031  	-0.0203  	0.01214  	-0.0137  	-0.0197  	0.00199  	-0.0223  	-0.0475  	0.03780  	-0.0106  	0.11951  	-0.3634  	0.04362  	0.02647  	0.01211  	0.40077  	0.51056  	268.426  	212.431  	
0.02740  	-0.2419  	-0.1534  	0.03442  	0.39995  	-0.1692  	-0.4955  	-0.0462  	0.18495  	-0.4984  	-0.6170  	0.64355  	0.07019  	-0.2519  	-0.4922  	0.11827  	-0.0206  	0.08822  	0.37656  	0.28631  	-0.1051  	0.05155  	-0.1413  	0.27126  	0.09760  	0.05159  	-0.0278  	-0.2044  	-0.2534  	-0.0718  	0.00387  	0.13433  	-0.0562  	-0.0790  	0.17706  	0.05407  	0.11668  	0.05688  	-0.3029  	0.10714  	0.36800  	0.05685  	0.02812  	0.31773  	0.04415  	-0.0433  	0.00713  	0.02622  	-0.0024  	-0.0312  	-0.0139  	-0.0150  	-0.0306  	0.02074  	-0.0002  	-0.0203  	0.01233  	-0.0130  	-0.0227  	-0.0006  	-0.0190  	-0.0435  	0.03343  	-0.0098  	0.11951  	-0.3634  	0.04362  	0.02647  	0.01211  	0.40077  	0.51056  	268.426  	212.431  	
0.09467  	-0.2402  	-0.0974  	-0.0738  	0.32664  	-0.1253  	-0.5030  	-0.0261  	0.16822  	-0.5003  	-0.5689  	0.60358  	0.03942  	-0.3403  	-0.5383  	0.13585  	-0.0138  	0.06915  	0.40124  	0.24264  	-0.0716  	0.06487  	-0.0497  	0.32921  	0.10817  	0.04932  	-0.0068  	-0.2762  	-0.3153  	-0.1185  	-0.0118  	0.15021  	-0.0643  	-0.0910  	0.16825  	0.05160  	0.18021  	0.07582  	-0.3339  	0.10303  	0.40604  	0.05711  	0.04714  	0.34567  	0.03793  	-0.0435  	0.01098  	0.03443  	-0.0028  	-0.0247  	-0.0302  	-0.0122  	-0.0269  	0.02153  	-0.0019  	-0.0213  	0.01029  	-0.0112  	-0.0234  	-0.0069  	-0.0207  	-0.0481  	0.02499  	-0.0193  	0.11951  	-0.3634  	0.04362  	0.02647  	0.01211  	0.40077  	0.51056  	268.426  	212.431  	
0.10711  	-0.2017  	-0.0182  	-0.1355  	0.31203  	-0.2039  	-0.5128  	-0.0899  	0.14701  	-0.4077  	-0.4184  	0.58761  	-0.0166  	-0.4348  	-0.7903  	0.27470  	-0.0613  	0.09529  	0.41239  	0.26236  	-0.0818  	0.05718  	-0.1337  	0.36906  	0.05550  	0.02810  	-0.0114  	-0.3106  	-0.3130  	-0.1383  	-0.0204  	0.16192  	-0.0816  	-0.1079  	0.21755  	0.12120  	0.18145  	0.08310  	-0.3376  	0.10441  	0.39935  	0.06136  	0.04372  	0.33497  	0.05164  	-0.0410  	0.00095  	0.03206  	0.00641  	-0.0277  	-0.0147  	-0.0109  	-0.0167  	0.01514  	0.00359  	-0.0214  	0.00918  	-0.0155  	-0.0205  	-0.0021  	-0.0183  	-0.0498  	0.03825  	-0.0111  	0.11951  	-0.3634  	0.04362  	0.02647  	0.01211  	0.40077  	0.51056  	268.426  	212.431  	
-0.0187  	-0.2688  	-0.0729  	-0.3229  	0.15287  	-0.3022  	-0.4871  	-0.1166  	0.12549  	-0.3655  	-0.3891  	0.52164  	-0.0476  	-0.5139  	-0.9477  	0.24983  	-0.0671  	0.16274  	0.39148  	0.26472  	-0.1256  	0.02398  	-0.1351  	0.29938  	0.07384  	0.04600  	-0.0427  	-0.2969  	-0.3090  	-0.1540  	0.00211  	0.17367  	-0.0903  	-0.0963  	0.15043  	0.15021  	0.16308  	0.08713  	-0.3242  	0.10502  	0.44790  	0.05319  	0.04622  	0.33923  	0.04590  	-0.0393  	0.00405  	0.02817  	0.00701  	-0.0287  	-0.0206  	-0.0093  	-0.0214  	0.02382  	0.00763  	-0.0316  	0.00201  	-0.0148  	-0.0285  	-0.0054  	-0.0231  	-0.0478  	0.03886  	-0.0108  	0.11951  	-0.3634  	0.04362  	0.02647  	0.01211  	0.40077  	0.51056  	268.426  	212.431  	
-0.3455  	-0.3525  	-0.3308  	-0.4539  	0.20682  	-0.5254  	-0.4608  	-0.1872  	0.10201  	-0.3424  	-0.3033  	0.51297  	-0.0419  	-0.4991  	-0.9693  	0.10736  	-0.0245  	0.09001  	0.38880  	0.27850  	-0.1692  	0.03553  	-0.0816  	0.31962  	0.09636  	0.05769  	-0.0676  	-0.2737  	-0.3093  	-0.1358  	0.01491  	0.13658  	-0.0833  	-0.0956  	0.14629  	0.15507  	0.14740  	0.05669  	-0.3454  	0.08325  	0.44042  	0.07353  	0.01373  	0.31160  	0.05525  	-0.0433  	0.00616  	0.01388  	-0.0050  	-0.0137  	-0.0232  	-0.0035  	-0.0339  	0.01651  	0.00034  	-0.0211  	-0.0037  	-0.0220  	-0.0227  	0.00150  	-0.0152  	-0.0282  	0.03369  	-0.0153  	0.11951  	-0.3634  	0.04362  	0.02647  	0.01211  	0.40077  	0.51056  	268.426  	212.431  	
-0.4756  	-0.4169  	-0.3045  	-0.6489  	0.07910  	-0.6254  	-0.5735  	-0.1572  	0.14071  	-0.3120  	-0.1879  	0.49345  	-0.0190  	-0.4829  	-0.8833  	-0.0097  	-0.0110  	0.07145  	0.41297  	0.25563  	-0.0364  	-0.0145  	-0.0063  	0.32982  	-0.0337  	0.07648  	-0.0722  	-0.3231  	-0.3817  	-0.1613  	0.06856  	0.14436  	-0.0525  	-0.1015  	0.14546  	0.06661  	0.19159  	0.07895  	-0.3753  	0.04750  	0.41455  	0.05298  	0.01765  	0.31319  	0.05503  	-0.0376  	0.01034  	0.00030  	-0.0035  	-0.0254  	-0.0374  	-0.0128  	-0.0289  	0.02223  	-0.0003  	-0.0322  	-0.0050  	-0.0136  	-0.0234  	0.00197  	-0.0107  	-0.0310  	0.02795  	-0.0165  	0.11951  	-0.3634  	0.04362  	0.02647  	0.01211  	0.40077  	0.51056  	268.426  	212.431  	
-0.3784  	-0.3326  	-0.2099  	-0.5971  	0.05230  	-0.5888  	-0.5477  	-0.0630  	0.11732  	-0.3183  	-0.1884  	0.49819  	0.00857  	-0.4714  	-0.8353  	-0.0890  	0.08106  	-0.0591  	0.44090  	0.03408  	0.02229  	-0.1627  	-0.2189  	0.32731  	-0.0864  	0.15590  	-0.0786  	-0.4487  	-0.3184  	-0.2020  	0.14445  	0.09404  	-0.1289  	-0.2458  	0.04843  	0.04617  	0.12817  	0.06493  	-0.4234  	-0.0100  	0.49489  	0.16006  	-0.0737  	0.37264  	0.00321  	-0.0137  	-0.0079  	0.02761  	-0.0247  	-0.0315  	-0.0305  	-0.0058  	-0.0293  	0.02830  	0.00364  	-0.0397  	-0.0019  	-0.0191  	-0.0217  	0.00069  	-0.0079  	-0.0333  	0.01654  	-0.0115  	0.11951  	-0.3634  	0.04362  	0.02647  	0.01211  	0.40077  	0.51056  	268.426  	212.431  	
-0.2285  	-0.2922  	-0.0806  	-0.5289  	0.06797  	-0.4388  	-0.5600  	-0.0028  	0.11962  	-0.4343  	-0.2881  	0.50202  	0.05182  	-0.4968  	-0.8263  	-0.0156  	0.14151  	-0.1647  	0.52928  	-0.1959  	0.06780  	-0.2985  	-0.3409  	0.35814  	-0.0933  	0.22053  	-0.0080  	-0.5309  	-0.2992  	-0.1936  	0.20901  	0.07583  	-0.2068  	-0.3561  	0.02490  	-0.0022  	0.07841  	0.08577  	-0.5081  	-0.0337  	0.58272  	0.23318  	-0.1251  	0.44598  	-0.0393  	-0.0210  	-0.0253  	0.04155  	-0.0486  	-0.0272  	-0.0207  	0.00146  	-0.0311  	0.03869  	0.00348  	-0.0318  	-0.0022  	-0.0331  	-0.0276  	0.00980  	-0.0078  	-0.0362  	0.01336  	-0.0089  	0.11951  	-0.3634  	0.04362  	0.02647  	0.01211  	0.40077  	0.51056  	268.426  	212.431  	
-0.0668  	-0.2499  	-0.0600  	-0.2938  	0.20005  	-0.3365  	-0.5798  	0.04363  	0.15097  	-0.4639  	-0.4355  	0.58282  	0.09335  	-0.5162  	-0.7077  	0.03129  	0.13530  	-0.1669  	0.52493  	-0.1925  	-0.0047  	-0.3405  	-0.4235  	0.28717  	-0.1188  	0.24341  	-0.0880  	-0.4376  	-0.1768  	-0.1940  	0.21179  	0.07770  	-0.2076  	-0.3658  	-0.0028  	0.00593  	0.00110  	0.08081  	-0.5010  	-0.0175  	0.59600  	0.25698  	-0.1113  	0.46208  	-0.0561  	-0.0100  	-0.0284  	0.06487  	-0.0285  	-0.0470  	-0.0218  	-0.0039  	-0.0323  	0.04712  	0.01036  	-0.0314  	0.00063  	-0.0358  	-0.0258  	0.00496  	-0.0068  	-0.0474  	0.01045  	-0.0090  	0.11951  	-0.3634  	0.04362  	0.02647  	0.01211  	0.40077  	0.51056  	268.426  	212.431  	
0.01909  	-0.2298  	-0.0164  	-0.2429  	0.23564  	-0.3192  	-0.5661  	-0.0201  	0.15241  	-0.3881  	-0.3588  	0.62824  	0.04503  	-0.5689  	-0.7716  	0.10742  	0.09264  	-0.1346  	0.48948  	-0.1101  	0.00218  	-0.3254  	-0.4470  	0.27600  	-0.1265  	0.19696  	-0.1039  	-0.3881  	-0.1931  	-0.1895  	0.17789  	0.09627  	-0.2071  	-0.3333  	0.06242  	0.06222  	0.04178  	0.07106  	-0.5030  	-0.0107  	0.56025  	0.23107  	-0.1113  	0.45643  	-0.0465  	-0.0101  	-0.0256  	0.05451  	-0.0211  	-0.0485  	-0.0101  	-0.0056  	-0.0209  	0.04660  	0.01393  	-0.0284  	0.00191  	-0.0316  	-0.0214  	0.01091  	-0.0115  	-0.0481  	0.01185  	-0.0057  	0.11951  	-0.3634  	0.04362  	0.02647  	0.01211  	0.40077  	0.51056  	268.426  	212.431  	
0.03024  	-0.2623  	-0.0282  	-0.2751  	0.23040  	-0.2695  	-0.5188  	-0.0811  	0.14985  	-0.3871  	-0.3481  	0.55705  	-0.0133  	-0.5727  	-0.8676  	0.24097  	0.01657  	0.00295  	0.44086  	0.05523  	-0.0743  	-0.1784  	-0.3342  	0.29017  	-0.0291  	0.12111  	-0.0665  	-0.3118  	-0.2471  	-0.1734  	0.08472  	0.14478  	-0.1523  	-0.2197  	0.14308  	0.11720  	0.09142  	0.07444  	-0.4291  	0.04712  	0.49603  	0.16013  	-0.0367  	0.39531  	-0.0025  	-0.0238  	-0.0168  	0.03192  	-0.0066  	-0.0369  	-0.0101  	-0.0094  	-0.0225  	0.03755  	0.01215  	-0.0243  	0.00445  	-0.0227  	-0.0224  	0.00182  	-0.0149  	-0.0469  	0.02348  	-0.0039  	0.11951  	-0.3634  	0.04362  	0.02647  	0.01211  	0.40077  	0.51056  	268.426  	212.431  	
-0.0621  	-0.2981  	-0.1389  	-0.3552  	0.15895  	-0.2732  	-0.4943  	-0.1178  	0.13358  	-0.3956  	-0.3670  	0.49115  	-0.0374  	-0.5096  	-0.8596  	0.18423  	-0.0526  	0.10926  	0.39851  	0.23049  	-0.0874  	0.03691  	-0.0811  	0.30193  	0.05657  	0.04667  	-0.0235  	-0.2660  	-0.3176  	-0.1541  	0.00074  	0.17470  	-0.1024  	-0.0980  	0.17629  	0.13446  	0.18823  	0.08302  	-0.3510  	0.10483  	0.43631  	0.05695  	0.05148  	0.33921  	0.03919  	-0.0435  	0.00565  	0.01283  	-0.0011  	-0.0223  	-0.0143  	-0.0119  	-0.0241  	0.02598  	0.00604  	-0.0266  	0.00601  	-0.0109  	-0.0210  	-0.0008  	-0.0190  	-0.0423  	0.03513  	-0.0069  	0.11951  	-0.3634  	0.04362  	0.02647  	0.01211  	0.40077  	0.51056  	268.426  	212.431  	
-0.2011  	-0.3329  	-0.2043  	-0.3990  	0.11884  	-0.3605  	-0.5258  	-0.1869  	0.12882  	-0.4406  	-0.3732  	0.47591  	-0.0775  	-0.5772  	-0.8327  	0.09881  	0.01945  	0.07165  	0.40802  	0.17636  	-0.0815  	0.00562  	-0.0226  	0.31654  	0.05374  	0.06169  	-0.0166  	-0.2968  	-0.3571  	-0.1510  	0.01349  	0.17163  	-0.1150  	-0.0971  	0.15069  	0.10538  	0.21904  	0.08795  	-0.3677  	0.07202  	0.45180  	0.04834  	0.04583  	0.33341  	0.04531  	-0.0435  	0.00734  	-0.0016  	-0.0145  	-0.0109  	-0.0238  	-0.0076  	-0.0253  	0.02936  	0.00118  	-0.0250  	0.00135  	-0.0097  	-0.0153  	-0.0050  	-0.0198  	-0.0425  	0.03691  	-0.0124  	0.11951  	-0.3634  	0.04362  	0.02647  	0.01211  	0.40077  	0.51056  	268.426  	212.431  	
-0.1023  	-0.3103  	-0.1779  	-0.3030  	0.18306  	-0.2951  	-0.5302  	-0.1471  	0.15065  	-0.4376  	-0.4090  	0.51642  	-0.0370  	-0.5050  	-0.7672  	0.11350  	-0.0160  	0.06091  	0.39121  	0.19523  	-0.0827  	0.03046  	-0.0206  	0.31000  	0.01717  	0.06064  	-0.0326  	-0.3243  	-0.3714  	-0.1458  	0.00775  	0.17555  	-0.0918  	-0.0978  	0.17676  	0.08746  	0.21842  	0.08344  	-0.3749  	0.08602  	0.42857  	0.05491  	0.04771  	0.33416  	0.03750  	-0.0441  	0.00951  	0.00781  	-0.0060  	-0.0258  	-0.0267  	-0.0109  	-0.0268  	0.02660  	0.00650  	-0.0255  	0.00403  	-0.0120  	-0.0228  	-0.0079  	-0.0209  	-0.0426  	0.03348  	-0.0071  	0.11951  	-0.3634  	0.04362  	0.02647  	0.01211  	0.40077  	0.51056  	268.426  	212.431  	
-0.0184  	-0.2888  	-0.0868  	-0.1569  	0.30492  	-0.2857  	-0.4808  	-0.1148  	0.14612  	-0.3381  	-0.4196  	0.58351  	-0.0286  	-0.4957  	-0.8643  	0.28218  	-0.0612  	0.11577  	0.40484  	0.27445  	-0.1685  	0.03256  	-0.1623  	0.30794  	0.09981  	0.03048  	-0.0187  	-0.2282  	-0.3107  	-0.1228  	-0.0221  	0.18186  	-0.0996  	-0.1069  	0.17164  	0.15633  	0.15477  	0.07540  	-0.3331  	0.12123  	0.40593  	0.05985  	0.04927  	0.33037  	0.04568  	-0.0420  	0.00380  	0.02460  	0.00683  	-0.0300  	-0.0105  	-0.0145  	-0.0236  	0.01884  	0.00890  	-0.0240  	0.00950  	-0.0134  	-0.0243  	-6.9546  	-0.0217  	-0.0523  	0.03571  	-0.0067  	0.11951  	-0.3634  	0.04362  	0.02647  	0.01211  	0.40077  	0.51056  	268.426  	212.431  	
-0.0402  	-0.3227  	-0.1159  	-0.1591  	0.28803  	-0.2610  	-0.5115  	-0.1441  	0.13335  	-0.3873  	-0.4313  	0.52618  	-0.0306  	-0.5218  	-0.7845  	0.21326  	-0.0370  	0.07705  	0.41655  	0.23647  	-0.1256  	0.03186  	-0.1048  	0.31953  	0.13109  	0.02455  	-0.0018  	-0.2395  	-0.3261  	-0.1093  	-0.0161  	0.18716  	-0.1094  	-0.1100  	0.18602  	0.16830  	0.17094  	0.07984  	-0.3363  	0.09996  	0.39550  	0.05643  	0.05169  	0.33464  	0.03963  	-0.0410  	0.00278  	0.02277  	-0.0006  	-0.0251  	-0.0073  	-0.0115  	-0.0203  	0.01828  	0.00726  	-0.0202  	0.00676  	-0.0097  	-0.0223  	0.00342  	-0.0167  	-0.0556  	0.04156  	-0.0069  	0.11951  	-0.3634  	0.04362  	0.02647  	0.01211  	0.40077  	0.51056  	268.426  	212.431  	
-0.0635  	-0.3094  	-0.1753  	-0.2500  	0.21932  	-0.2643  	-0.5143  	-0.1896  	0.12414  	-0.4494  	-0.4390  	0.47057  	-0.0695  	-0.5228  	-0.7692  	0.12212  	-0.0047  	0.05901  	0.40057  	0.22284  	-0.0839  	0.04536  	-0.0647  	0.33789  	0.09625  	0.03236  	0.01634  	-0.3043  	-0.3677  	-0.1149  	-0.0110  	0.19500  	-0.1092  	-0.0972  	0.20368  	0.14392  	0.21703  	0.08189  	-0.3563  	0.08561  	0.40625  	0.04593  	0.03810  	0.32699  	0.05094  	-0.0402  	0.00224  	0.00259  	-0.0066  	-0.0212  	-0.0138  	-0.0063  	-0.0243  	0.02263  	0.00464  	-0.0184  	0.00353  	-0.0070  	-0.0217  	-0.0041  	-0.0192  	-0.0523  	0.03713  	-0.0117  	0.11951  	-0.3634  	0.04362  	0.02647  	0.01211  	0.40077  	0.51056  	268.426  	212.431  	
0.00180  	-0.3041  	-0.1332  	-0.2181  	0.22791  	-0.2542  	-0.4888  	-0.1374  	0.14016  	-0.4348  	-0.4026  	0.47584  	-0.0326  	-0.4710  	-0.7385  	0.17543  	-0.0352  	0.07657  	0.39089  	0.23570  	-0.0524  	0.04273  	-0.0834  	0.33112  	0.06731  	0.02846  	0.00133  	-0.3173  	-0.3827  	-0.1352  	-0.0018  	0.19257  	-0.1045  	-0.0931  	0.22238  	0.12410  	0.22579  	0.08916  	-0.3749  	0.08486  	0.39972  	0.05117  	0.03710  	0.31707  	0.04839  	-0.0450  	0.00461  	0.00369  	-0.0048  	-0.0286  	-0.0148  	-0.0097  	-0.0204  	0.02160  	0.00581  	-0.0198  	0.00755  	-0.0115  	-0.0229  	-0.0013  	-0.0221  	-0.0498  	0.03632  	-0.0098  	0.11951  	-0.3634  	0.04362  	0.02647  	0.01211  	0.40077  	0.51056  	268.426  	212.431  	
0.05959  	-0.2924  	-0.0850  	-0.2050  	0.28468  	-0.2350  	-0.4710  	-0.1235  	0.16960  	-0.3623  	-0.3800  	0.57335  	-0.0135  	-0.4919  	-0.8102  	0.24425  	-0.0740  	0.12374  	0.39095  	0.28155  	-0.1442  	0.02271  	-0.1543  	0.29549  	0.06441  	0.03156  	-0.0540  	-0.2235  	-0.3064  	-0.1475  	-0.0122  	0.17772  	-0.0867  	-0.0889  	0.19660  	0.14459  	0.15691  	0.08404  	-0.3415  	0.12433  	0.42755  	0.05114  	0.04432  	0.33218  	0.04078  	-0.0437  	0.00349  	0.01933  	-0.0005  	-0.0277  	-0.0141  	-0.0107  	-0.0235  	0.01957  	0.00847  	-0.0221  	0.00754  	-0.0152  	-0.0237  	-0.0005  	-0.0181  	-0.0484  	0.03684  	-0.0075  	0.11951  	-0.3634  	0.04362  	0.02647  	0.01211  	0.40077  	0.51056  	268.426  	212.431  	
0.04315  	-0.3037  	-0.0950  	-0.2207  	0.27925  	-0.2426  	-0.4712  	-0.1333  	0.15636  	-0.3880  	-0.4199  	0.53483  	-0.0065  	-0.4842  	-0.8471  	0.25325  	-0.0652  	0.10415  	0.38606  	0.27156  	-0.1348  	0.01451  	-0.1627  	0.31120  	0.06115  	0.03218  	-0.0153  	-0.2457  	-0.3293  	-0.1438  	-0.0104  	0.18891  	-0.0853  	-0.0881  	0.20980  	0.14283  	0.16543  	0.07655  	-0.3437  	0.12325  	0.41836  	0.06249  	0.04604  	0.33338  	0.04424  	-0.0417  	0.00302  	0.02278  	0.00334  	-0.0253  	-0.0146  	-0.0096  	-0.0236  	0.02204  	0.00622  	-0.0231  	0.00799  	-0.0135  	-0.0229  	-0.0032  	-0.0213  	-0.0480  	0.03780  	-0.0086  	0.11951  	-0.3634  	0.04362  	0.02647  	0.01211  	0.40077  	0.51056  	268.426  	212.431  	
0.04154  	-0.2426  	-0.0260  	-0.1502  	0.26548  	-0.2316  	-0.4733  	-0.0699  	0.15240  	-0.3882  	-0.5084  	0.58386  	-3.2750  	-0.3700  	-0.7356  	0.17570  	-0.0347  	0.10936  	0.39037  	0.25937  	-0.1034  	0.04203  	-0.0992  	0.31596  	-0.0006  	0.04860  	-0.0090  	-0.3227  	-0.3260  	-0.1831  	-0.0108  	0.16907  	-0.0642  	-0.0964  	0.19224  	0.09113  	0.17399  	0.09221  	-0.3565  	0.12101  	0.42437  	0.05012  	0.04822  	0.33806  	0.04707  	-0.0330  	0.01269  	0.02912  	0.00657  	-0.0294  	-0.0240  	-0.0173  	-0.0238  	0.02060  	0.00536  	-0.0250  	-0.0035  	-0.0077  	-0.0318  	0.00137  	-0.0134  	-0.0416  	0.02656  	-0.0081  	0.11951  	-0.3634  	0.04362  	0.02647  	0.01211  	0.40077  	0.51056  	268.426  	212.431  	
0.10103  	-0.2224  	-0.0527  	-0.1370  	0.24886  	-0.2102  	-0.4568  	-0.0318  	0.17693  	-0.3880  	-0.5591  	0.52961  	0.04973  	-0.2338  	-0.6363  	0.08114  	-0.0033  	0.08021  	0.38513  	0.23660  	-0.0534  	0.05353  	-0.0709  	0.30813  	0.10775  	0.01999  	0.05804  	-0.3543  	-0.3325  	-0.1199  	0.01427  	0.14450  	-0.0639  	-0.0916  	0.20636  	0.07486  	0.19182  	0.07807  	-0.3567  	0.08760  	0.38795  	0.05310  	0.05093  	0.33147  	0.04185  	-0.0354  	0.00587  	0.03769  	0.00511  	-0.0189  	-0.0191  	-0.0088  	-0.0284  	0.02052  	0.00672  	-0.0139  	-0.0053  	-0.0150  	-0.0252  	0.00063  	-0.0093  	-0.0336  	0.03543  	-0.0127  	0.11951  	-0.3634  	0.04362  	0.02647  	0.01211  	0.40077  	0.51056  	268.426  	212.431  	
-0.0614  	-0.2511  	-0.1670  	-0.3017  	0.22286  	-0.3197  	-0.4906  	-0.0654  	0.18890  	-0.4351  	-0.4460  	0.50475  	0.03791  	-0.3521  	-0.7207  	0.02949  	-0.0127  	0.07461  	0.38617  	0.23280  	-0.0214  	0.01422  	-0.0529  	0.36812  	0.04338  	0.04591  	0.00391  	-0.3624  	-0.3771  	-0.1699  	0.01125  	0.15551  	-0.0667  	-0.0903  	0.19898  	0.03191  	0.20912  	0.08627  	-0.3425  	0.12145  	0.39767  	0.04120  	0.04072  	0.32068  	0.03857  	-0.0394  	0.00376  	0.02887  	-0.0062  	-0.0261  	-0.0265  	-0.0130  	-0.0344  	0.02542  	0.00206  	-0.0275  	-0.0034  	-0.0178  	-0.0230  	-0.0035  	-0.0161  	-0.0367  	0.03278  	-0.0118  	0.11951  	-0.3634  	0.04362  	0.02647  	0.01211  	0.40077  	0.51056  	268.426  	212.431  	
-0.2378  	-0.3235  	-0.1822  	-0.5140  	0.10099  	-0.3637  	-0.5087  	-0.1642  	0.14769  	-0.4184  	-0.3803  	0.43485  	-0.0448  	-0.5679  	-0.8847  	0.04174  	-0.0131  	0.10286  	0.41447  	0.22185  	-0.0667  	0.00064  	-0.0238  	0.29371  	0.02613  	0.06486  	-0.0403  	-0.3051  	-0.3361  	-0.1754  	0.01433  	0.16668  	-0.0775  	-0.1011  	0.10586  	0.08937  	0.19045  	0.08650  	-0.3506  	0.08299  	0.45011  	0.05061  	0.04138  	0.33149  	0.05169  	-0.0420  	0.00541  	0.00732  	-0.0146  	-0.0262  	-0.0319  	-0.0079  	-0.0267  	0.02305  	-0.0015  	-0.0309  	0.00487  	-0.0117  	-0.0215  	-0.0074  	-0.0137  	-0.0406  	0.03001  	-0.0087  	0.11951  	-0.3634  	0.04362  	0.02647  	0.01211  	0.40077  	0.51056  	268.426  	212.431  	
-0.2404  	-0.3321  	-0.2144  	-0.4489  	0.11058  	-0.3626  	-0.4942  	-0.1669  	0.15503  	-0.4225  	-0.3794  	0.47872  	-0.0642  	-0.5878  	-0.8882  	0.07419  	-0.0157  	0.09809  	0.38735  	0.21974  	-0.1549  	0.02851  	0.01657  	0.26299  	0.01969  	0.08491  	-0.0837  	-0.2294  	-0.2777  	-0.1558  	0.03921  	0.14662  	-0.0928  	-0.0953  	0.07081  	0.09626  	0.14687  	0.07562  	-0.3393  	0.08860  	0.48278  	0.04248  	0.06500  	0.35521  	0.04675  	-0.0422  	0.00904  	0.01477  	-0.0072  	-0.0246  	-0.0250  	-0.0092  	-0.0295  	0.02325  	0.00292  	-0.0281  	0.00171  	-0.0141  	-0.0229  	-0.0047  	-0.0153  	-0.0375  	0.03078  	-0.0050  	0.11951  	-0.3634  	0.04362  	0.02647  	0.01211  	0.40077  	0.51056  	268.426  	212.431  	
-0.0507  	-0.3223  	-0.1724  	-0.2155  	0.23670  	-0.3161  	-0.4932  	-0.1452  	0.14106  	-0.3892  	-0.4472  	0.58814  	-0.0142  	-0.5322  	-0.8488  	0.17001  	-0.0257  	0.11054  	0.37361  	0.26547  	-0.1791  	0.00949  	-0.0953  	0.28692  	0.04086  	0.06438  	-0.0472  	-0.2097  	-0.3188  	-0.1394  	0.01403  	0.16746  	-0.0934  	-0.0991  	0.13468  	0.11851  	0.13717  	0.06445  	-0.3460  	0.11188  	0.42797  	0.03679  	0.04661  	0.34247  	0.03720  	-0.0397  	0.00823  	0.01822  	-0.0031  	-0.0239  	-0.0218  	-0.0087  	-0.0252  	0.02388  	0.00552  	-0.0279  	0.00711  	-0.0130  	-0.0244  	-0.0108  	-0.0199  	-0.0423  	0.03237  	-0.0083  	0.11951  	-0.3634  	0.04362  	0.02647  	0.01211  	0.40077  	0.51056  	268.426  	212.431  	
0.01398  	-0.2727  	-0.0931  	-0.1585  	0.32247  	-0.3226  	-0.4633  	-0.1182  	0.15252  	-0.3233  	-0.4255  	0.59874  	-0.0065  	-0.5027  	-0.8698  	0.26419  	-0.0704  	0.14316  	0.37704  	0.31058  	-0.2186  	0.02554  	-0.1800  	0.27985  	0.08116  	0.04829  	-0.0623  	-0.1770  	-0.2712  	-0.1453  	-0.0117  	0.17273  	-0.0851  	-0.0977  	0.13991  	0.15731  	0.09931  	0.07590  	-0.3079  	0.12215  	0.42955  	0.05136  	0.06227  	0.34130  	0.04131  	-0.0459  	0.00879  	0.03428  	0.00487  	-0.0312  	-0.0181  	-0.0124  	-0.0234  	0.01914  	0.00866  	-0.0312  	0.01023  	-0.0140  	-0.0235  	-0.0042  	-0.0218  	-0.0468  	0.03575  	-0.0053  	0.11951  	-0.3634  	0.04362  	0.02647  	0.01211  	0.40077  	0.51056  	268.426  	212.431  	
0.02319  	-0.2858  	-0.0944  	-0.1479  	0.33508  	-0.2958  	-0.4536  	-0.1468  	0.15496  	-0.3405  	-0.4709  	0.56300  	-0.0062  	-0.5014  	-0.8535  	0.27424  	-0.0725  	0.13257  	0.39240  	0.27408  	-0.2296  	0.04755  	-0.1896  	0.28225  	0.13518  	0.03535  	-0.0145  	-0.1788  	-0.2418  	-0.1022  	-0.0184  	0.18994  	-0.1034  	-0.0867  	0.14728  	0.18489  	0.10221  	0.08120  	-0.3109  	0.12951  	0.42889  	0.05964  	0.06197  	0.34262  	0.04173  	-0.0425  	-0.0009  	0.03583  	0.00886  	-0.0374  	-0.0094  	-0.0093  	-0.0191  	0.02350  	0.00951  	-0.0279  	0.00546  	-0.0161  	-0.0159  	-0.0022  	-0.0209  	-0.0520  	0.03406  	-0.0106  	0.11951  	-0.3634  	0.04362  	0.02647  	0.01211  	0.40077  	0.51056  	268.426  	212.431  	
-0.0570  	-0.2695  	-0.1568  	-0.1963  	0.28337  	-0.2734  	-0.4606  	-0.1501  	0.13367  	-0.4191  	-0.4986  	0.52686  	-0.0297  	-0.4753  	-0.8077  	0.16354  	-0.0207  	0.10546  	0.38407  	0.26732  	-0.2097  	0.03183  	-0.1434  	0.28686  	0.14313  	0.03071  	-0.0357  	-0.1978  	-0.2395  	-0.0984  	-0.0181  	0.17502  	-0.1115  	-0.0859  	0.13490  	0.17250  	0.11301  	0.07906  	-0.3055  	0.10430  	0.43354  	0.04339  	0.05041  	0.33650  	0.04191  	-0.0424  	-0.0008  	0.02238  	0.00369  	-0.0289  	-0.0131  	-0.0084  	-0.0232  	0.02485  	0.00945  	-0.0269  	0.00868  	-0.0109  	-0.0179  	-0.0064  	-0.0200  	-0.0453  	0.04068  	-0.0109  	0.11951  	-0.3634  	0.04362  	0.02647  	0.01211  	0.40077  	0.51056  	268.426  	212.431  	
-0.0975  	-0.2998  	-0.1616  	-0.2347  	0.24247  	-0.2624  	-0.4803  	-0.1551  	0.14571  	-0.4820  	-0.4748  	0.47630  	-0.0342  	-0.5050  	-0.7551  	0.12235  	0.00412  	0.08657  	0.39601  	0.25111  	-0.1303  	-0.0035  	-0.0809  	0.32766  	0.11986  	0.04599  	0.00661  	-0.2277  	-0.3081  	-0.1207  	-0.0171  	0.18300  	-0.1142  	-0.1005  	0.16179  	0.13186  	0.17595  	0.08970  	-0.3432  	0.08656  	0.42870  	0.04170  	0.04154  	0.34107  	0.03941  	-0.0456  	-0.0010  	0.01164  	-0.0066  	-0.0366  	-0.0140  	-0.0054  	-0.0224  	0.02355  	0.00462  	-0.0240  	0.00985  	-0.0134  	-0.0175  	-0.0060  	-0.0217  	-0.0479  	0.04137  	-0.0080  	0.11951  	-0.3634  	0.04362  	0.02647  	0.01211  	0.40077  	0.51056  	268.426  	212.431  	
-0.0319  	-0.2783  	-0.1364  	-0.0738  	0.31200  	-0.2249  	-0.5074  	-0.1410  	0.13253  	-0.5211  	-0.5274  	0.52542  	-0.0006  	-0.4676  	-0.6635  	0.11546  	0.00209  	0.04510  	0.40500  	0.24044  	-0.0988  	0.01648  	-0.0772  	0.33820  	0.13269  	0.04113  	0.07797  	-0.2556  	-0.3094  	-0.0833  	-0.0363  	0.18603  	-0.1029  	-0.0920  	0.17978  	0.11343  	0.17198  	0.09062  	-0.3560  	0.08756  	0.37253  	0.07284  	0.02877  	0.33545  	0.04732  	-0.0438  	-0.0037  	0.03424  	-0.0012  	-0.0406  	-0.0221  	-0.0118  	-0.0223  	0.01621  	-0.0009  	-0.0215  	0.01664  	-0.0132  	-0.0137  	-0.0031  	-0.0206  	-0.0518  	0.03959  	-0.0069  	0.11951  	-0.3634  	0.04362  	0.02647  	0.01211  	0.40077  	0.51056  	268.426  	212.431  	
0.10688  	-0.2242  	-0.1096  	0.07148  	0.39357  	-0.1376  	-0.4965  	-0.0511  	0.15613  	-0.5326  	-0.7013  	0.52291  	0.03846  	-0.3191  	-0.4359  	0.09988  	0.01577  	0.03244  	0.40869  	0.18112  	-0.0838  	0.07049  	-0.0647  	0.34044  	0.17458  	0.03422  	0.10286  	-0.2967  	-0.2722  	-0.0558  	-0.0410  	0.18341  	-0.0963  	-0.0948  	0.20673  	0.06386  	0.13358  	0.08338  	-0.3284  	0.13836  	0.35645  	0.05799  	0.04557  	0.34706  	0.03277  	-0.0419  	0.00744  	0.03353  	0.00759  	-0.0458  	-0.0198  	-0.0060  	-0.0228  	0.02664  	-0.0053  	-0.0202  	0.00047  	-0.0194  	-0.0137  	0.00971  	-0.0184  	-0.0549  	0.03589  	-0.0209  	0.11951  	-0.3634  	0.04362  	0.02647  	0.01211  	0.40077  	0.51056  	268.426  	212.431  	
0.12593  	-0.2248  	-0.0802  	0.01715  	0.36035  	-0.0884  	-0.4938  	-0.0286  	0.17902  	-0.5128  	-0.6161  	0.54425  	0.03317  	-0.3139  	-0.4728  	0.12073  	-0.0163  	0.02607  	0.38673  	0.20515  	-0.0384  	0.08788  	-0.0647  	0.34230  	0.14024  	0.02776  	0.05816  	-0.3212  	-0.3170  	-0.0959  	-0.0115  	0.17700  	-0.0707  	-0.0827  	0.21410  	0.06855  	0.18994  	0.07266  	-0.3261  	0.11611  	0.38041  	0.05326  	0.04560  	0.35602  	0.03444  	-0.0478  	0.00157  	0.02546  	0.00128  	-0.0280  	-0.0262  	-0.0135  	-0.0250  	0.02552  	-0.0031  	-0.0150  	0.00314  	-0.0176  	-0.0167  	-9.9965  	-0.0156  	-0.0478  	0.02921  	-0.0174  	0.11951  	-0.3634  	0.04362  	0.02647  	0.01211  	0.40077  	0.51056  	268.426  	212.431  	
0.15211  	-0.2135  	0.01171  	-0.0936  	0.31526  	-0.1863  	-0.5189  	-0.0075  	0.13421  	-0.4552  	-0.3916  	0.62419  	0.04400  	-0.3993  	-0.6785  	0.18338  	0.00894  	-0.0268  	0.47267  	0.04865  	-0.0258  	-0.1203  	-0.3483  	0.33429  	0.00357  	0.08701  	-0.0380  	-0.3768  	-0.2377  	-0.1597  	0.06841  	0.12108  	-0.1444  	-0.2438  	0.17873  	0.08022  	0.11589  	0.07506  	-0.4447  	0.04637  	0.50113  	0.16003  	-0.0470  	0.39460  	-0.0073  	-0.0253  	-0.0223  	0.04748  	-0.0118  	-0.0322  	-0.0107  	-0.0079  	-0.0193  	0.03443  	0.00910  	-0.0161  	0.00659  	-0.0258  	-0.0241  	0.01099  	-0.0108  	-0.0497  	0.01516  	-0.0132  	0.11951  	-0.3634  	0.04362  	0.02647  	0.01211  	0.40077  	0.51056  	268.426  	212.431  	
-0.1049  	-0.2827  	-0.1115  	-0.3076  	0.17323  	-0.3581  	-0.5419  	-0.0427  	0.10848  	-0.3973  	-0.3826  	0.53158  	0.05052  	-0.5513  	-0.8127  	0.07325  	0.08093  	-0.1235  	0.50264  	-0.1208  	-0.0458  	-0.3074  	-0.4917  	0.30405  	-0.0049  	0.19012  	-0.0428  	-0.3764  	-0.1443  	-0.1885  	0.17782  	0.08888  	-0.2211  	-0.3459  	0.05443  	0.11735  	-0.0040  	0.06615  	-0.4919  	0.00660  	0.56063  	0.23939  	-0.1126  	0.45052  	-0.0424  	-0.0138  	-0.0239  	0.04728  	-0.0298  	-0.0407  	-0.0010  	-0.0014  	-0.0196  	0.04888  	0.01252  	-0.0313  	0.00202  	-0.0272  	-0.0177  	0.01733  	-0.0116  	-0.0503  	0.01297  	-0.0048  	0.11951  	-0.3634  	0.04362  	0.02647  	0.01211  	0.40077  	0.51056  	268.426  	212.431  	
-0.2714  	-0.2912  	-0.1448  	-0.4496  	0.07178  	-0.4279  	-0.5707  	-0.0789  	0.10926  	-0.4328  	-0.3449  	0.48530  	-0.0072  	-0.6167  	-0.7355  	-0.0568  	0.15160  	-0.1986  	0.51938  	-0.2469  	0.04105  	-0.3732  	-0.4148  	0.29038  	-0.0625  	0.23517  	-0.0083  	-0.4963  	-0.2311  	-0.1956  	0.22142  	0.09452  	-0.2541  	-0.3641  	0.02742  	0.05310  	0.05948  	0.08688  	-0.5434  	-0.0699  	0.58752  	0.25701  	-0.1374  	0.46558  	-0.0439  	-0.0089  	-0.0369  	0.03343  	-0.0547  	-0.0357  	-0.0232  	0.00224  	-0.0186  	0.05460  	0.01291  	-0.0301  	-0.0072  	-0.0323  	-0.0158  	0.01379  	-0.0084  	-0.0465  	0.01255  	-0.0052  	0.11951  	-0.3634  	0.04362  	0.02647  	0.01211  	0.40077  	0.51056  	268.426  	212.431  	
-0.1634  	-0.2804  	-0.1158  	-0.4106  	0.12742  	-0.3850  	-0.5788  	-0.0454  	0.12185  	-0.4879  	-0.3757  	0.51542  	-0.0006  	-0.6004  	-0.7105  	-0.0122  	0.13538  	-0.1704  	0.49836  	-0.2250  	0.00853  	-0.2855  	-0.2995  	0.28969  	-0.1152  	0.23709  	-0.0476  	-0.4604  	-0.2479  	-0.2078  	0.20072  	0.09611  	-0.2302  	-0.3355  	0.02679  	0.02622  	0.07069  	0.10733  	-0.5236  	-0.0467  	0.59144  	0.23491  	-0.1143  	0.45861  	-0.0484  	-0.0123  	-0.0295  	0.04203  	-0.0382  	-0.0378  	-0.0235  	-0.0002  	-0.0233  	0.04550  	0.01203  	-0.0328  	-0.0061  	-0.0297  	-0.0176  	0.00756  	-0.0090  	-0.0384  	0.01101  	-0.0072  	0.11951  	-0.3634  	0.04362  	0.02647  	0.01211  	0.40077  	0.51056  	268.426  	212.431  	
-0.1195  	-0.2717  	-0.1255  	-0.3148  	0.17206  	-0.3344  	-0.5267  	-0.0754  	0.16894  	-0.4491  	-0.4208  	0.57269  	0.02984  	-0.4628  	-0.7434  	0.02159  	0.06791  	-0.0337  	0.44183  	0.00233  	-0.0875  	-0.1394  	-0.1895  	0.26818  	-0.0888  	0.16971  	-0.1297  	-0.3133  	-0.2245  	-0.1970  	0.13523  	0.10336  	-0.1242  	-0.2253  	0.02839  	0.03318  	0.07359  	0.08679  	-0.4265  	0.03060  	0.53711  	0.13218  	-0.0173  	0.40781  	-0.0178  	-0.0312  	-0.0106  	0.04135  	-0.0220  	-0.0331  	-0.0296  	-0.0036  	-0.0270  	0.03627  	0.00646  	-0.0333  	-0.0072  	-0.0286  	-0.0235  	0.00014  	-0.0124  	-0.0361  	0.02284  	-0.0059  	0.11951  	-0.3634  	0.04362  	0.02647  	0.01211  	0.40077  	0.51056  	268.426  	212.431  	
0.00512  	-0.2525  	-0.1251  	-0.1894  	0.26167  	-0.2654  	-0.4910  	-0.0851  	0.20815  	-0.4050  	-0.5001  	0.61872  	0.07017  	-0.3517  	-0.6937  	0.13067  	-0.0414  	0.11082  	0.37963  	0.28402  	-0.1632  	0.04787  	-0.0695  	0.23263  	-0.0097  	0.07837  	-0.1722  	-0.2075  	-0.2827  	-0.1692  	0.04926  	0.13891  	-0.0291  	-0.0763  	0.11710  	0.05022  	0.10190  	0.07091  	-0.3033  	0.10810  	0.48285  	0.02602  	0.07512  	0.34096  	0.03262  	-0.0403  	0.01721  	0.03456  	-0.0013  	-0.0197  	-0.0300  	-0.0097  	-0.0264  	0.02208  	0.00193  	-0.0294  	-0.0067  	-0.0167  	-0.0278  	-0.0099  	-0.0129  	-0.0311  	0.03275  	-0.0060  	0.11951  	-0.3634  	0.04362  	0.02647  	0.01211  	0.40077  	0.51056  	268.426  	212.431  	
-0.1222  	-0.2972  	-0.2521  	-0.2234  	0.28738  	-0.4150  	-0.4650  	-0.0636  	0.19313  	-0.3854  	-0.3610  	0.58971  	0.06266  	-0.2621  	-0.7588  	0.10499  	-0.0850  	0.10901  	0.36310  	0.30937  	-0.1114  	0.06217  	-0.1513  	0.33589  	-0.0219  	0.07197  	-0.1296  	-0.2495  	-0.2943  	-0.1552  	0.01454  	0.13348  	-0.0533  	-0.0824  	0.18390  	0.05512  	0.10346  	0.05380  	-0.3252  	0.10245  	0.41309  	0.05063  	0.04370  	0.31569  	0.04135  	-0.0445  	0.00769  	0.02121  	0.00393  	-0.0141  	-0.0249  	-0.0108  	-0.0284  	0.02083  	0.00342  	-0.0288  	0.00664  	-0.0130  	-0.0200  	0.00234  	-0.0174  	-0.0411  	0.02955  	-0.0067  	0.11951  	-0.3634  	0.04362  	0.02647  	0.01211  	0.40077  	0.51056  	268.426  	212.431  	
-0.3646  	-0.3375  	-0.3266  	-0.3646  	0.25235  	-0.5119  	-0.4744  	-0.0822  	0.16762  	-0.3615  	-0.3033  	0.61792  	0.00720  	-0.3556  	-0.8409  	0.02941  	-0.0544  	0.12756  	0.37764  	0.34798  	-0.1252  	0.02999  	-0.1027  	0.30126  	-0.0925  	0.08385  	-0.1683  	-0.1660  	-0.2885  	-0.1816  	0.04586  	0.10960  	-0.0242  	-0.0766  	0.14652  	0.04478  	0.08329  	0.04247  	-0.3136  	0.10314  	0.40771  	0.06480  	0.02094  	0.31433  	0.04424  	-0.0455  	0.02117  	0.02756  	-0.0018  	-0.0183  	-0.0309  	-0.0114  	-0.0292  	0.02017  	0.00064  	-0.0308  	0.00175  	-0.0144  	-0.0277  	-0.0016  	-0.0165  	-0.0392  	0.02071  	-0.0146  	0.11951  	-0.3634  	0.04362  	0.02647  	0.01211  	0.40077  	0.51056  	268.426  	212.431  	
-0.3600  	-0.3408  	-0.2980  	-0.4063  	0.22398  	-0.5886  	-0.4963  	-0.0489  	0.16724  	-0.3284  	-0.2382  	0.59225  	-0.0017  	-0.3272  	-0.8372  	0.00992  	-0.0437  	0.08183  	0.41317  	0.30569  	-0.0646  	0.01785  	-0.0789  	0.32957  	-0.0970  	0.07950  	-0.1322  	-0.2565  	-0.3380  	-0.1867  	0.03926  	0.12308  	-0.0377  	-0.0836  	0.16440  	0.01322  	0.13669  	0.05958  	-0.3246  	0.08883  	0.43102  	0.06810  	0.01187  	0.30686  	0.04206  	-0.0393  	0.00942  	0.02489  	-0.0112  	-0.0220  	-0.0347  	-0.0094  	-0.0281  	0.01710  	-0.0048  	-0.0301  	-0.0028  	-0.0153  	-0.0190  	0.00099  	-0.0097  	-0.0341  	0.02166  	-0.0173  	0.11951  	-0.3634  	0.04362  	0.02647  	0.01211  	0.40077  	0.51056  	268.426  	212.431  	
-0.2155  	-0.3208  	-0.2062  	-0.4839  	0.11755  	-0.4985  	-0.5334  	-0.0211  	0.17073  	-0.3146  	-0.3086  	0.53655  	0.01993  	-0.3354  	-0.8617  	-0.0129  	-0.0112  	0.10060  	0.41057  	0.22438  	-0.0646  	0.04862  	-0.0207  	0.32407  	-0.0148  	0.07859  	-0.0806  	-0.3191  	-0.3744  	-0.1661  	0.06879  	0.11841  	-0.0643  	-0.1068  	0.11668  	0.03891  	0.14616  	0.07745  	-0.3071  	0.08569  	0.44642  	0.05120  	0.04271  	0.31455  	0.03291  	-0.0426  	0.00394  	0.02507  	-0.0019  	-0.0364  	-0.0359  	-0.0107  	-0.0301  	0.01876  	-0.0036  	-0.0328  	-0.0009  	-0.0184  	-0.0185  	-0.0053  	-0.0136  	-0.0364  	0.02944  	-0.0094  	0.11951  	-0.3634  	0.04362  	0.02647  	0.01211  	0.40077  	0.51056  	268.426  	212.431  	
-0.2438  	-0.3078  	-0.1592  	-0.6097  	0.03930  	-0.4345  	-0.4903  	-0.0989  	0.16974  	-0.3134  	-0.3576  	0.46056  	-0.0199  	-0.4409  	-0.9470  	-0.0083  	-0.0147  	0.10314  	0.42368  	0.24159  	-0.1047  	0.03447  	0.01621  	0.26753  	0.00160  	0.07763  	-0.0960  	-0.2900  	-0.3006  	-0.1621  	0.06513  	0.13431  	-0.0710  	-0.1000  	0.04316  	0.04690  	0.14303  	0.08151  	-0.3052  	0.09083  	0.47997  	0.02994  	0.08137  	0.35041  	0.04897  	-0.0529  	0.00747  	0.02342  	-0.0009  	-0.0261  	-0.0371  	-0.0148  	-0.0318  	0.02232  	-0.0025  	-0.0361  	0.00202  	-0.0157  	-0.0327  	-0.0014  	-0.0102  	-0.0346  	0.04056  	-0.0067  	0.11951  	-0.3634  	0.04362  	0.02647  	0.01211  	0.40077  	0.51056  	268.426  	212.431  	
-0.2220  	-0.2730  	-0.1672  	-0.5299  	0.05227  	-0.3929  	-0.5325  	-0.1220  	0.18115  	-0.3695  	-0.3805  	0.47074  	-0.0454  	-0.5306  	-0.8789  	0.03242  	0.01355  	0.07651  	0.42116  	0.19470  	-0.0975  	0.05506  	0.05639  	0.26138  	-0.0179  	0.09035  	-0.0568  	-0.3180  	-0.3159  	-0.1734  	0.03908  	0.14422  	-0.0794  	-0.0993  	0.03803  	0.04412  	0.17646  	0.08831  	-0.3248  	0.08603  	0.50581  	0.02815  	0.07999  	0.35058  	0.03930  	-0.0483  	0.00876  	0.03143  	-0.0080  	-0.0275  	-0.0348  	-0.0078  	-0.0310  	0.02828  	-4.8958  	-0.0335  	0.00054  	-0.0173  	-0.0236  	0.00027  	-0.0131  	-0.0356  	0.03412  	-0.0034  	0.11951  	-0.3634  	0.04362  	0.02647  	0.01211  	0.40077  	0.51056  	268.426  	212.431  	
-0.1911  	-0.2925  	-0.1757  	-0.4407  	0.10864  	-0.3575  	-0.5233  	-0.1343  	0.17294  	-0.4187  	-0.3893  	0.52788  	-0.0557  	-0.5370  	-0.8731  	0.07445  	-0.0053  	0.08080  	0.39645  	0.20321  	-0.1247  	0.03497  	0.04778  	0.27738  	-0.0158  	0.08938  	-0.0871  	-0.2726  	-0.3182  	-0.1666  	0.04001  	0.14942  	-0.0780  	-0.0938  	0.06187  	0.06917  	0.17416  	0.08693  	-0.3341  	0.07939  	0.49341  	0.02980  	0.07370  	0.35391  	0.03643  	-0.0448  	0.01036  	0.02353  	-0.0083  	-0.0195  	-0.0344  	-0.0121  	-0.0272  	0.02244  	0.00180  	-0.0363  	-0.0003  	-0.0099  	-0.0257  	-0.0057  	-0.0162  	-0.0338  	0.03807  	-0.0051  	0.11951  	-0.3634  	0.04362  	0.02647  	0.01211  	0.40077  	0.51056  	268.426  	212.431  	
-0.2057  	-0.2816  	-0.1617  	-0.4252  	0.13437  	-0.3544  	-0.5041  	-0.1542  	0.16839  	-0.3654  	-0.4139  	0.54550  	-0.0153  	-0.4734  	-0.9090  	0.07726  	-0.0175  	0.08978  	0.38766  	0.23316  	-0.1912  	0.04576  	0.02654  	0.24311  	-0.0578  	0.10031  	-0.1458  	-0.2190  	-0.2719  	-0.1829  	0.04866  	0.14144  	-0.0634  	-0.0894  	0.04898  	0.07714  	0.12367  	0.07588  	-0.3186  	0.10317  	0.51059  	0.01526  	0.09518  	0.35325  	0.03454  	-0.0468  	0.00962  	0.03478  	-0.0029  	-0.0243  	-0.0315  	-0.0146  	-0.0307  	0.01895  	0.00509  	-0.0381  	-0.0024  	-0.0134  	-0.0256  	-0.0109  	-0.0141  	-0.0311  	0.03540  	-0.0069  	0.11951  	-0.3634  	0.04362  	0.02647  	0.01211  	0.40077  	0.51056  	268.426  	212.431  	
-0.2935  	-0.3167  	-0.2097  	-0.4922  	0.12719  	-0.4415  	-0.4928  	-0.1713  	0.15203  	-0.3107  	-0.3797  	0.50084  	0.00609  	-0.4542  	-0.9398  	0.07053  	-0.0385  	0.12520  	0.38997  	0.25346  	-0.1994  	0.00111  	-0.0472  	0.25225  	-0.0160  	0.07093  	-0.1379  	-0.2099  	-0.2886  	-0.1654  	0.06217  	0.15811  	-0.0613  	-0.0826  	0.09127  	0.11242  	0.08461  	0.04998  	-0.3119  	0.09024  	0.49654  	0.02854  	0.07815  	0.33970  	0.04162  	-0.0418  	0.01194  	0.03373  	0.00469  	-0.0219  	-0.0219  	-0.0149  	-0.0284  	0.02027  	0.00640  	-0.0299  	0.00249  	-0.0090  	-0.0194  	-0.0073  	-0.0138  	-0.0335  	0.03628  	-0.0029  	0.11951  	-0.3634  	0.04362  	0.02647  	0.01211  	0.40077  	0.51056  	268.426  	212.431  	
-0.4372  	-0.3690  	-0.3179  	-0.5586  	0.11371  	-0.5871  	-0.5068  	-0.1865  	0.11852  	-0.2909  	-0.2632  	0.51059  	-0.0089  	-0.4473  	-0.9373  	0.01044  	-0.0595  	0.11817  	0.38390  	0.27301  	-0.1574  	0.02204  	-0.0678  	0.28507  	-0.0106  	0.07980  	-0.1432  	-0.2436  	-0.3069  	-0.1677  	0.05702  	0.12250  	-0.0679  	-0.0841  	0.12564  	0.11424  	0.09419  	0.05321  	-0.3170  	0.08893  	0.45026  	0.05644  	0.04353  	0.31234  	0.04662  	-0.0457  	0.00472  	0.01837  	-0.0078  	-0.0199  	-0.0319  	-0.0082  	-0.0276  	0.01893  	0.00030  	-0.0297  	0.00104  	-0.0148  	-0.0227  	-0.0036  	-0.0129  	-0.0350  	0.03714  	-0.0103  	0.11951  	-0.3634  	0.04362  	0.02647  	0.01211  	0.40077  	0.51056  	268.426  	212.431  	
-0.4169  	-0.3462  	-0.2941  	-0.6005  	0.10832  	-0.6210  	-0.4792  	-0.1720  	0.11717  	-0.2821  	-0.2202  	0.48089  	-0.0312  	-0.4569  	-0.9294  	-0.0056  	-0.0463  	0.11497  	0.36322  	0.25424  	-0.1380  	0.05932  	-0.0590  	0.30465  	-0.0253  	0.07567  	-0.1267  	-0.2858  	-0.3247  	-0.1755  	0.04568  	0.13100  	-0.0432  	-0.0968  	0.09247  	0.10063  	0.13671  	0.05924  	-0.3256  	0.09278  	0.45138  	0.05813  	0.03141  	0.31457  	0.04718  	-0.0418  	0.01091  	0.01937  	-0.0097  	-0.0150  	-0.0331  	-0.0109  	-0.0267  	0.02043  	0.00263  	-0.0399  	0.00105  	-0.0129  	-0.0210  	-0.0032  	-0.0124  	-0.0262  	0.02916  	-0.0102  	0.11951  	-0.3634  	0.04362  	0.02647  	0.01211  	0.40077  	0.51056  	268.426  	212.431  	
-0.3070  	-0.3211  	-0.1683  	-0.6041  	0.07451  	-0.5671  	-0.4859  	-0.1139  	0.16044  	-0.3147  	-0.3305  	0.44465  	-0.0223  	-0.4255  	-0.9217  	0.00618  	-0.0127  	0.06054  	0.40462  	0.21667  	-0.0661  	0.05378  	0.00504  	0.34616  	-0.0063  	0.08757  	-0.0054  	-0.3779  	-0.3689  	-0.1704  	0.04176  	0.12401  	-0.0794  	-0.1021  	0.10790  	0.06024  	0.18006  	0.07298  	-0.3481  	0.09214  	0.47902  	0.05010  	0.04065  	0.33424  	0.04795  	-0.0470  	0.01113  	0.02387  	-0.0116  	-0.0243  	-0.0381  	-0.0086  	-0.0317  	0.02886  	-0.0074  	-0.0362  	-0.0025  	-0.0171  	-0.0221  	0.00058  	-0.0173  	-0.0315  	0.03055  	-0.0089  	0.11951  	-0.3634  	0.04362  	0.02647  	0.01211  	0.40077  	0.51056  	268.426  	212.431  	
-0.1005  	-0.3129  	-0.1207  	-0.3402  	0.17936  	-0.2923  	-0.4989  	-0.0665  	0.18583  	-0.4258  	-0.4791  	0.51982  	-5.2256  	-0.4345  	-0.8499  	0.17421  	0.01699  	0.12171  	0.41475  	0.23143  	-0.1494  	0.01399  	-0.0573  	0.29609  	0.01277  	0.07703  	-0.0618  	-0.2715  	-0.3514  	-0.1656  	0.01608  	0.15933  	-0.0527  	-0.1042  	0.12887  	0.08015  	0.14320  	0.05863  	-0.3250  	0.10525  	0.45226  	0.03938  	0.05708  	0.33253  	0.04398  	-0.0351  	0.00977  	0.02673  	-0.0052  	-0.0176  	-0.0232  	-0.0113  	-0.0262  	0.02059  	0.00354  	-0.0273  	9.31130  	-0.0124  	-0.0249  	-0.0021  	-0.0196  	-0.0283  	0.03794  	-0.0084  	0.11951  	-0.3634  	0.04362  	0.02647  	0.01211  	0.40077  	0.51056  	268.426  	212.431  	
0.02041  	-0.2614  	-0.0621  	-0.2079  	0.27911  	-0.2872  	-0.4775  	-0.1082  	0.18956  	-0.3848  	-0.4398  	0.60152  	0.00115  	-0.4790  	-0.8146  	0.24381  	-0.0503  	0.12608  	0.38107  	0.32278  	-0.1744  	0.02902  	-0.1333  	0.26350  	0.00385  	0.06508  	-0.1405  	-0.2018  	-0.2881  	-0.1666  	0.01037  	0.15146  	-0.0640  	-0.0871  	0.13389  	0.10415  	0.11446  	0.06922  	-0.3119  	0.13111  	0.44602  	0.04276  	0.07451  	0.34293  	0.03899  	-0.0384  	0.01335  	0.03721  	0.00067  	-0.0264  	-0.0099  	-0.0124  	-0.0233  	0.01511  	0.00622  	-0.0306  	0.00498  	-0.0162  	-0.0225  	-0.0025  	-0.0205  	-0.0423  	0.03395  	-0.0063  	0.11951  	-0.3634  	0.04362  	0.02647  	0.01211  	0.40077  	0.51056  	268.426  	212.431  	
-0.0481  	-0.2571  	-0.0933  	-0.2416  	0.24743  	-0.2966  	-0.4891  	-0.1241  	0.15719  	-0.3603  	-0.4219  	0.54891  	-0.0388  	-0.4953  	-0.8760  	0.22494  	-0.0405  	0.14755  	0.40401  	0.29998  	-0.1562  	0.01389  	-0.1560  	0.29893  	0.08436  	0.03509  	-0.0455  	-0.2047  	-0.2762  	-0.1320  	-0.0089  	0.18768  	-0.0933  	-0.0987  	0.13006  	0.15120  	0.13154  	0.07209  	-0.3166  	0.12628  	0.43143  	0.03672  	0.05618  	0.34316  	0.03954  	-0.0455  	-0.0036  	0.02770  	0.00717  	-0.0302  	-0.0173  	-0.0141  	-0.0197  	0.02276  	0.00860  	-0.0232  	0.00498  	-0.0152  	-0.0170  	0.00262  	-0.0149  	-0.0437  	0.03806  	-0.0069  	0.11951  	-0.3634  	0.04362  	0.02647  	0.01211  	0.40077  	0.51056  	268.426  	212.431  	
-0.2398  	-0.3290  	-0.2828  	-0.3018  	0.22308  	-0.4008  	-0.4825  	-0.1355  	0.14412  	-0.4004  	-0.3989  	0.54548  	-0.0282  	-0.4369  	-0.8004  	0.04032  	-0.0469  	0.12472  	0.37539  	0.25760  	-0.1583  	0.03552  	-0.0881  	0.27782  	0.06377  	0.05784  	-0.0584  	-0.2159  	-0.2567  	-0.1321  	0.01495  	0.14981  	-0.0863  	-0.0869  	0.13078  	0.12568  	0.12422  	0.06436  	-0.3104  	0.10310  	0.42668  	0.05303  	0.03198  	0.32741  	0.04880  	-0.0439  	0.00568  	0.00887  	-0.0103  	-0.0338  	-0.0193  	-0.0114  	-0.0258  	0.02187  	0.00346  	-0.0299  	0.00753  	-0.0134  	-0.0223  	-0.0044  	-0.0180  	-0.0428  	0.03227  	-0.0056  	0.11951  	-0.3634  	0.04362  	0.02647  	0.01211  	0.40077  	0.51056  	268.426  	212.431  	
-0.2807  	-0.3310  	-0.2458  	-0.4566  	0.14473  	-0.4317  	-0.4875  	-0.1459  	0.14048  	-0.3626  	-0.3352  	0.50213  	-0.0351  	-0.4666  	-0.8684  	0.01927  	-0.0326  	0.10643  	0.37720  	0.27815  	-0.1086  	-0.0019  	-0.0476  	0.27176  	0.01904  	0.06817  	-0.0838  	-0.2426  	-0.2869  	-0.1703  	0.02729  	0.14407  	-0.0761  	-0.0846  	0.11360  	0.08652  	0.14646  	0.07078  	-0.3236  	0.08425  	0.44841  	0.04198  	0.04297  	0.33527  	0.04838  	-0.0423  	0.00866  	0.00815  	-0.0102  	-0.0286  	-0.0272  	-0.0099  	-0.0270  	0.02015  	0.00023  	-0.0295  	0.00215  	-0.0154  	-0.0250  	-0.0063  	-0.0113  	-0.0378  	0.03483  	-0.0080  	0.11951  	-0.3634  	0.04362  	0.02647  	0.01211  	0.40077  	0.51056  	268.426  	212.431  	
-0.3794  	-0.3312  	-0.2691  	-0.5559  	0.10323  	-0.4862  	-0.4826  	-0.1908  	0.13214  	-0.3370  	-0.3083  	0.50779  	-0.0237  	-0.5060  	-0.9620  	0.01628  	-0.0489  	0.12594  	0.39237  	0.28069  	-0.1726  	0.01654  	-0.0268  	0.24110  	-0.0125  	0.08402  	-0.1549  	-0.2281  	-0.2781  	-0.1871  	0.04354  	0.12414  	-0.0690  	-0.0807  	0.07052  	0.09127  	0.10392  	0.05670  	-0.2978  	0.08100  	0.47580  	0.05020  	0.05826  	0.33390  	0.04727  	-0.0435  	0.00478  	0.02035  	-0.0113  	-0.0217  	-0.0315  	-0.0091  	-0.0284  	0.02061  	-0.0027  	-0.0288  	0.00111  	-0.0144  	-0.0244  	-0.0065  	-0.0089  	-0.0391  	0.03599  	-0.0129  	0.11951  	-0.3634  	0.04362  	0.02647  	0.01211  	0.40077  	0.51056  	268.426  	212.431  	
-0.5341  	-0.3899  	-0.3405  	-0.6314  	0.09032  	-0.6013  	-0.5026  	-0.2063  	0.13107  	-0.3012  	-0.2130  	0.52464  	-0.0374  	-0.5325  	-1.0206  	-0.0114  	-0.0366  	0.12728  	0.37249  	0.29349  	-0.1504  	0.03411  	-0.0155  	0.28320  	-0.0569  	0.09842  	-0.1727  	-0.2494  	-0.3283  	-0.1964  	0.06622  	0.12392  	-0.0653  	-0.0844  	0.07510  	0.09251  	0.08991  	0.05072  	-0.3135  	0.08953  	0.46834  	0.05639  	0.03642  	0.30926  	0.04259  	-0.0467  	0.00579  	0.01971  	-0.0075  	-0.0179  	-0.0362  	-0.0109  	-0.0274  	0.02312  	0.00313  	-0.0329  	0.00106  	-0.0149  	-0.0240  	-0.0015  	-0.0109  	-0.0287  	0.03395  	-0.0123  	0.11951  	-0.3634  	0.04362  	0.02647  	0.01211  	0.40077  	0.51056  	268.426  	212.431  	
-0.4656  	-0.3927  	-0.3574  	-0.5572  	0.13917  	-0.5784  	-0.4978  	-0.1474  	0.15327  	-0.3054  	-0.2191  	0.54687  	-0.0141  	-0.4894  	-0.9439  	-0.0268  	-0.0236  	0.08050  	0.38905  	0.29281  	-0.0783  	0.02307  	-0.0240  	0.30068  	-0.0714  	0.08511  	-0.1327  	-0.2491  	-0.3552  	-0.1737  	0.04159  	0.13177  	-0.0639  	-0.0894  	0.12022  	0.05600  	0.13318  	0.05196  	-0.3301  	0.08094  	0.43359  	0.05283  	0.02323  	0.30829  	0.04564  	-0.0425  	0.01049  	0.02094  	-0.0077  	-0.0179  	-0.0294  	-0.0111  	-0.0286  	0.02343  	1.40722  	-0.0313  	-0.0031  	-0.0156  	-0.0229  	-0.0007  	-0.0114  	-0.0339  	0.03036  	-0.0137  	0.11951  	-0.3634  	0.04362  	0.02647  	0.01211  	0.40077  	0.51056  	268.426  	212.431  	
-0.3757  	-0.3162  	-0.2302  	-0.5765  	0.08766  	-0.5725  	-0.5425  	-0.0734  	0.13295  	-0.2577  	-0.2351  	0.51775  	-0.0296  	-0.3967  	-0.9834  	-0.0640  	-0.0103  	0.05653  	0.40521  	0.25162  	-0.0467  	0.05228  	-0.0102  	0.33626  	-0.0210  	0.07186  	-0.0897  	-0.3416  	-0.3565  	-0.1806  	0.05982  	0.12266  	-0.0754  	-0.0978  	0.09722  	0.05709  	0.17734  	0.06929  	-0.2967  	0.05935  	0.44783  	0.05464  	0.03072  	0.30536  	0.04120  	-0.0372  	0.00521  	0.02510  	-0.0130  	-0.0245  	-0.0406  	-0.0082  	-0.0308  	0.01981  	-0.0045  	-0.0364  	-0.0001  	-0.0110  	-0.0194  	-0.0061  	-0.0145  	-0.0395  	0.02955  	-0.0150  	0.11951  	-0.3634  	0.04362  	0.02647  	0.01211  	0.40077  	0.51056  	268.426  	212.431  	
-0.2424  	-0.3274  	-0.1850  	-0.6183  	0.04123  	-0.5004  	-0.5329  	-0.0386  	0.18044  	-0.2476  	-0.3382  	0.47527  	-0.0040  	-0.3719  	-0.9019  	-0.0559  	-0.0101  	0.07885  	0.43079  	0.20931  	-0.0430  	0.04546  	0.00472  	0.33507  	0.04443  	0.05848  	-0.0111  	-0.3826  	-0.3612  	-0.1539  	0.05477  	0.11190  	-0.0954  	-0.1013  	0.09397  	0.03345  	0.18138  	0.07965  	-0.3428  	0.10223  	0.45126  	0.04620  	0.04647  	0.33489  	0.04175  	-0.0501  	0.01122  	0.02185  	-0.0011  	-0.0216  	-0.0361  	-0.0135  	-0.0365  	0.02747  	-0.0091  	-0.0349  	-0.0066  	-0.0187  	-0.0283  	0.00048  	-0.0184  	-0.0330  	0.03260  	-0.0129  	0.11951  	-0.3634  	0.04362  	0.02647  	0.01211  	0.40077  	0.51056  	268.426  	212.431  	
-0.1165  	-0.2512  	-0.1183  	-0.2885  	0.22685  	-0.2910  	-0.4975  	0.02539  	0.21244  	-0.4699  	-0.3629  	0.61038  	0.02452  	-0.2768  	-0.6623  	0.06846  	-0.0092  	0.07424  	0.42725  	0.27780  	0.02658  	-0.0063  	-0.0678  	0.38446  	-0.0795  	0.06228  	0.02328  	-0.3637  	-0.4346  	-0.2001  	0.02630  	0.13793  	-0.0355  	-0.0989  	0.20612  	-0.0179  	0.19804  	0.08943  	-0.3490  	0.12467  	0.42637  	0.02453  	0.04708  	0.32844  	0.04704  	-0.0473  	0.00470  	0.02272  	-0.0163  	-0.0141  	-0.0253  	-0.0089  	-0.0416  	0.02372  	-0.0102  	-0.0170  	-0.0170  	-0.0254  	-0.0308  	-0.0023  	-0.0088  	-0.0311  	0.02235  	-0.0203  	0.11951  	-0.3634  	0.04362  	0.02647  	0.01211  	0.40077  	0.51056  	268.426  	212.431  	
0.26642  	-0.1703  	0.07044  	0.00578  	0.33986  	-0.0400  	-0.4779  	0.02450  	0.23626  	-0.5327  	-0.5891  	0.63612  	0.13803  	-0.0804  	-0.3582  	0.14225  	-0.0138  	0.03098  	0.36642  	0.23432  	0.00079  	0.06334  	-0.0434  	0.29740  	-0.1149  	0.06394  	-0.0791  	-0.3410  	-0.3767  	-0.1515  	0.04240  	0.15159  	-0.0083  	-0.0927  	0.21303  	-0.0155  	0.20953  	0.07781  	-0.3579  	0.08784  	0.42400  	0.01322  	0.08567  	0.34805  	0.04801  	-0.0420  	0.01641  	0.05009  	0.01035  	-0.0194  	-0.0387  	-0.0217  	-0.0316  	0.01331  	-0.0070  	-0.0257  	-0.0117  	-0.0237  	-0.0297  	-0.0005  	-0.0191  	-0.0323  	0.02633  	-0.0124  	0.11951  	-0.3634  	0.04362  	0.02647  	0.01211  	0.40077  	0.51056  	268.426  	212.431  	
0.39598  	-0.1367  	0.10807  	-0.0637  	0.29413  	-0.1071  	-0.4160  	0.04678  	0.21284  	-0.5246  	-0.6159  	0.56452  	0.16523  	-0.0725  	-0.3973  	0.11359  	-0.0389  	0.05212  	0.38366  	0.13794  	-0.0237  	0.10247  	-0.0699  	0.31032  	0.01321  	0.03679  	-0.0245  	-0.3931  	-0.3451  	-0.1285  	0.02422  	0.16977  	-0.0287  	-0.0986  	0.20443  	-0.0073  	0.21070  	0.07972  	-0.3105  	0.09507  	0.41458  	0.04569  	0.07073  	0.33630  	0.01753  	-0.0370  	-0.0087  	0.06988  	0.01364  	-0.0350  	-0.0221  	-0.0078  	-0.0232  	0.01525  	-0.0033  	-0.0111  	-0.0045  	-0.0218  	-0.0234  	-0.0053  	-0.0124  	-0.0289  	0.02752  	-0.0180  	0.11951  	-0.3634  	0.04362  	0.02647  	0.01211  	0.40077  	0.51056  	268.426  	212.431  	
0.25279  	-0.1383  	-0.0370  	0.24872  	0.49130  	-0.1342  	-0.4873  	0.00701  	0.19753  	-0.4742  	-0.7125  	0.54321  	0.14743  	-0.0302  	-0.2688  	0.13285  	-0.0108  	-0.0518  	0.38657  	0.17495  	-0.0110  	0.10441  	-0.1333  	0.36800  	0.19492  	0.01348  	0.15733  	-0.3948  	-0.3156  	-0.0327  	-0.0376  	0.15233  	-0.0847  	-0.0814  	0.33351  	0.01805  	0.20997  	0.04647  	-0.3293  	0.11312  	0.29115  	0.09336  	0.03241  	0.31960  	0.03153  	-0.0445  	0.00022  	0.05549  	0.01911  	-0.0429  	-0.0105  	-0.0128  	-0.0336  	0.01757  	-0.0023  	-0.0049  	0.00478  	-0.0145  	-0.0184  	-0.0057  	-0.0196  	-0.0412  	0.02693  	-0.0191  	0.11951  	-0.3634  	0.04362  	0.02647  	0.01211  	0.40077  	0.51056  	268.426  	212.431  	
0.18792  	-0.2079  	-0.2052  	0.62584  	0.72267  	-0.0939  	-0.4420  	-0.0022  	0.20669  	-0.5218  	-0.8054  	0.68601  	0.18590  	0.08340  	-0.1715  	0.05775  	-0.0500  	-0.0172  	0.34236  	0.24584  	-0.1640  	0.12641  	-0.2058  	0.34220  	0.17988  	0.02066  	0.04611  	-0.2004  	-0.2231  	-0.0111  	-0.0698  	0.15121  	-0.0617  	-0.0759  	0.29842  	0.03282  	0.06994  	0.02973  	-0.2768  	0.15684  	0.28357  	0.08669  	0.00302  	0.31553  	0.06045  	-0.0475  	-0.0014  	0.01900  	0.00579  	-0.0228  	-0.0267  	-0.0142  	-0.0318  	0.01554  	-0.0035  	-0.0256  	0.01876  	-0.0138  	-0.0235  	-0.0108  	-0.0226  	-0.0361  	0.03215  	-0.0054  	0.11951  	-0.3634  	0.04362  	0.02647  	0.01211  	0.40077  	0.51056  	268.426  	212.431  	
0.16059  	-0.2040  	-0.1788  	0.38640  	0.63456  	-0.1731  	-0.4553  	-0.0172  	0.18854  	-0.5186  	-0.8319  	0.69822  	0.20246  	0.03340  	-0.2957  	0.08832  	-0.0662  	0.05465  	0.34051  	0.28061  	-0.2035  	0.13986  	-0.2302  	0.29127  	0.16900  	0.03099  	0.00059  	-0.1489  	-0.1579  	-0.0207  	-0.0450  	0.12947  	-0.0501  	-0.0483  	0.23602  	0.03974  	0.04154  	0.02491  	-0.2764  	0.15202  	0.31648  	0.08054  	0.02450  	0.31830  	0.05567  	-0.0458  	0.00525  	0.04060  	0.01265  	-0.0365  	-0.0268  	-0.0157  	-0.0274  	0.01296  	-0.0015  	-0.0189  	0.00834  	-0.0177  	-0.0171  	-0.0031  	-0.0249  	-0.0379  	0.02787  	-0.0129  	0.11951  	-0.3634  	0.04362  	0.02647  	0.01211  	0.40077  	0.51056  	268.426  	212.431  	
0.03424  	-0.2855  	-0.1363  	-0.1415  	0.34200  	-0.2338  	-0.4351  	-0.0631  	0.19106  	-0.5052  	-0.6036  	0.55585  	0.06240  	-0.3481  	-0.5829  	0.13290  	-0.0231  	0.10080  	0.38550  	0.24135  	-0.0912  	0.02969  	-0.0993  	0.33721  	0.02568  	0.04918  	0.00220  	-0.2760  	-0.3158  	-0.1389  	-4.2189  	0.18012  	-0.0418  	-0.0913  	0.20193  	0.02334  	0.17380  	0.07608  	-0.3425  	0.12869  	0.39236  	0.06169  	0.04669  	0.34449  	0.04519  	-0.0452  	0.00680  	0.02362  	0.00520  	-0.0291  	-0.0287  	-0.0097  	-0.0339  	0.01801  	0.00329  	-0.0137  	0.01170  	-0.0152  	-0.0192  	-0.0013  	-0.0169  	-0.0379  	0.03197  	-0.0107  	0.11951  	-0.3634  	0.04362  	0.02647  	0.01211  	0.40077  	0.51056  	268.426  	212.431  	
-0.0271  	-0.3160  	-0.1179  	-0.3232  	0.21378  	-0.2418  	-0.4928  	-0.1602  	0.15373  	-0.4901  	-0.4583  	0.47165  	-0.0312  	-0.4913  	-0.7838  	0.13631  	-0.0214  	0.09133  	0.40841  	0.20509  	-0.0831  	0.02792  	-0.0375  	0.34436  	0.04018  	0.04518  	0.02431  	-0.3351  	-0.3665  	-0.1529  	-0.0156  	0.18871  	-0.0770  	-0.1044  	0.16948  	0.11261  	0.17549  	0.07894  	-0.3447  	0.12550  	0.44608  	0.05688  	0.04376  	0.34515  	0.04053  	-0.0358  	0.00432  	0.01297  	-0.0109  	-0.0232  	-0.0297  	-0.0042  	-0.0214  	0.02445  	0.00038  	-0.0271  	0.00286  	-0.0106  	-0.0213  	-0.0068  	-0.0147  	-0.0459  	0.02927  	-0.0118  	0.11951  	-0.3634  	0.04362  	0.02647  	0.01211  	0.40077  	0.51056  	268.426  	212.431  	
0.06782  	-0.2692  	-0.0226  	-0.1862  	0.27544  	-0.2711  	-0.4939  	-0.0744  	0.15206  	-0.3770  	-0.3873  	0.58716  	0.01398  	-0.5461  	-0.7722  	0.20505  	0.01982  	-0.0076  	0.45306  	0.08026  	-0.1147  	-0.1700  	-0.3461  	0.29553  	-0.0007  	0.11631  	-0.0733  	-0.2932  	-0.2311  	-0.1659  	0.07727  	0.13262  	-0.1625  	-0.2259  	0.12490  	0.12202  	0.06834  	0.07668  	-0.4217  	0.05378  	0.50570  	0.16330  	-0.0412  	0.39576  	-0.0115  	-0.0261  	-0.0147  	0.04602  	-0.0099  	-0.0280  	-0.0113  	-0.0047  	-0.0240  	0.03577  	0.01501  	-0.0248  	0.00445  	-0.0273  	-0.0299  	0.00480  	-0.0121  	-0.0504  	0.02392  	-0.0074  	0.11951  	-0.3634  	0.04362  	0.02647  	0.01211  	0.40077  	0.51056  	268.426  	212.431  	
0.01668  	-0.2657  	-0.0021  	-0.2698  	0.21521  	-0.2907  	-0.5323  	-0.0257  	0.14732  	-0.4208  	-0.3951  	0.55164  	0.05829  	-0.5791  	-0.7872  	0.14260  	0.07643  	-0.1121  	0.50340  	-0.0839  	-0.0573  	-0.3233  	-0.5038  	0.27173  	-0.0497  	0.19010  	-0.0783  	-0.3561  	-0.1762  	-0.1852  	0.17168  	0.10933  	-0.2162  	-0.3241  	0.07060  	0.09492  	0.01921  	0.07679  	-0.4905  	-0.0001  	0.55291  	0.24018  	-0.1114  	0.45026  	-0.0499  	-0.0136  	-0.0306  	0.05189  	-0.0210  	-0.0395  	-0.0039  	-0.0038  	-0.0255  	0.04687  	0.01639  	-0.0251  	0.00092  	-0.0296  	-0.0230  	0.00756  	-0.0094  	-0.0486  	0.01169  	-0.0059  	0.11951  	-0.3634  	0.04362  	0.02647  	0.01211  	0.40077  	0.51056  	268.426  	212.431  	
-0.1106  	-0.3014  	-0.1257  	-0.2526  	0.20882  	-0.3402  	-0.5495  	-0.0583  	0.10122  	-0.4876  	-0.4073  	0.54786  	0.03128  	-0.6015  	-0.7124  	0.04514  	0.14981  	-0.1746  	0.51529  	-0.1932  	-0.0117  	-0.3610  	-0.5130  	0.32205  	-0.0414  	0.21118  	-0.0228  	-0.4016  	-0.1801  	-0.1634  	0.19314  	0.09924  	-0.2672  	-0.3594  	0.05548  	0.09364  	0.03192  	0.07512  	-0.5453  	-0.0325  	0.55391  	0.25780  	-0.1341  	0.46073  	-0.0521  	-0.0118  	-0.0353  	0.03634  	-0.0319  	-0.0426  	-0.0138  	-0.0027  	-0.0237  	0.04941  	0.01824  	-0.0297  	0.00443  	-0.0305  	-0.0191  	0.00773  	-0.0156  	-0.0511  	0.00972  	-0.0050  	0.11951  	-0.3634  	0.04362  	0.02647  	0.01211  	0.40077  	0.51056  	268.426  	212.431  	
-0.1202  	-0.2840  	-0.1145  	-0.3063  	0.17999  	-0.3471  	-0.5896  	-0.0653  	0.11130  	-0.5227  	-0.3865  	0.51656  	0.01239  	-0.5758  	-0.6207  	-0.0109  	0.14817  	-0.1892  	0.49106  	-0.2109  	0.06108  	-0.2878  	-0.3810  	0.32311  	-0.0726  	0.20197  	-0.0222  	-0.5006  	-0.2778  	-0.1905  	0.18174  	0.11150  	-0.2309  	-0.3339  	0.08983  	0.02449  	0.12138  	0.10419  	-0.5524  	-0.0651  	0.55994  	0.23852  	-0.1265  	0.44447  	-0.0416  	-0.0174  	-0.0235  	0.02586  	-0.0294  	-0.0413  	-0.0194  	-0.0014  	-0.0246  	0.05614  	0.01332  	-0.0299  	0.00183  	-0.0320  	-0.0192  	0.01006  	-0.0116  	-0.0453  	0.01108  	-0.0080  	0.11951  	-0.3634  	0.04362  	0.02647  	0.01211  	0.40077  	0.51056  	268.426  	212.431  	
-0.0450  	-0.2790  	-0.1120  	-0.2283  	0.22924  	-0.2792  	-0.5396  	-0.0517  	0.14767  	-0.4828  	-0.4199  	0.53559  	0.01183  	-0.4904  	-0.6806  	0.09353  	0.04247  	-0.0504  	0.44853  	0.01208  	-0.0152  	-0.1534  	-0.2778  	0.27907  	-0.0308  	0.12999  	-0.0419  	-0.3744  	-0.2812  	-0.1633  	0.09857  	0.13538  	-0.1598  	-0.2177  	0.13938  	0.07051  	0.12632  	0.08647  	-0.4469  	0.01410  	0.48715  	0.15643  	-0.0434  	0.38999  	-0.0080  	-0.0267  	-0.0093  	0.02829  	-0.0210  	-0.0414  	-0.0184  	-0.0068  	-0.0297  	0.03275  	0.01173  	-0.0263  	0.00433  	-0.0204  	-0.0246  	0.00017  	-0.0170  	-0.0472  	0.02298  	-0.0054  	0.11951  	-0.3634  	0.04362  	0.02647  	0.01211  	0.40077  	0.51056  	268.426  	212.431  	
0.06818  	-0.2723  	-0.0815  	-0.1770  	0.29156  	-0.2106  	-0.4830  	-0.0951  	0.17327  	-0.4085  	-0.4479  	0.60223  	0.01726  	-0.4067  	-0.7813  	0.21986  	-0.0723  	0.11023  	0.38378  	0.31864  	-0.1248  	-0.0018  	-0.1632  	0.30543  	-0.0019  	0.04841  	-0.0577  	-0.2184  	-0.3121  	-0.1578  	-0.0030  	0.17231  	-0.0646  	-0.0847  	0.21266  	0.12032  	0.14724  	0.07065  	-0.3415  	0.12463  	0.41692  	0.05691  	0.04839  	0.32803  	0.04652  	-0.0450  	0.00851  	0.02753  	0.00251  	-0.0272  	-0.0126  	-0.0111  	-0.0228  	0.01763  	0.00531  	-0.0239  	0.00960  	-0.0132  	-0.0245  	-0.0025  	-0.0221  	-0.0476  	0.03438  	-0.0076  	0.11951  	-0.3634  	0.04362  	0.02647  	0.01211  	0.40077  	0.51056  	268.426  	212.431  	
0.25900  	-0.2445  	-0.0086  	-0.0432  	0.37919  	-0.1601  	-0.4501  	-0.0611  	0.17386  	-0.4184  	-0.5025  	0.53220  	0.04938  	-0.3019  	-0.5956  	0.22216  	-0.0600  	0.01870  	0.37737  	0.22981  	-0.0214  	0.05641  	-0.1633  	0.36776  	0.02477  	0.02000  	0.04691  	-0.3786  	-0.4428  	-0.1375  	-0.0241  	0.21934  	-0.0560  	-0.0960  	0.29627  	0.04480  	0.23375  	0.07335  	-0.3696  	0.13304  	0.38738  	0.07094  	0.03049  	0.32073  	0.03934  	-0.0410  	0.00627  	0.02604  	0.01321  	-0.0262  	-0.0143  	-0.0095  	-0.0321  	0.02018  	-0.0006  	-0.0307  	-0.0051  	-0.0185  	-0.0259  	-0.0052  	-0.0173  	-0.0410  	0.03139  	-0.0201  	0.11951  	-0.3634  	0.04362  	0.02647  	0.01211  	0.40077  	0.51056  	268.426  	212.431  	
0.31480  	-0.1166  	-0.0104  	0.16678  	0.46044  	-0.1017  	-0.4358  	-0.0027  	0.21035  	-0.4496  	-0.7138  	0.55861  	0.16619  	-0.0933  	-0.3071  	0.08237  	-0.0554  	0.01527  	0.40953  	0.20904  	-0.0976  	0.11882  	-0.1510  	0.30035  	0.13450  	0.01469  	0.06946  	-0.3427  	-0.2431  	-0.0565  	-0.0258  	0.15261  	-0.0676  	-0.0753  	0.26690  	0.03624  	0.13406  	0.04851  	-0.2935  	0.13525  	0.35442  	0.07033  	0.05276  	0.33777  	0.04226  	-0.0444  	-0.0128  	0.05349  	0.01743  	-0.0329  	-0.0104  	-0.0142  	-0.0304  	0.01618  	0.00347  	-0.0149  	0.00713  	-0.0168  	-0.0241  	-0.0021  	-0.0212  	-0.0377  	0.02733  	-0.0130  	0.11951  	-0.3634  	0.04362  	0.02647  	0.01211  	0.40077  	0.51056  	268.426  	212.431  	
0.29819  	-0.1650  	-0.2212  	0.53216  	0.65382  	-0.1889  	-0.4672  	0.01744  	0.19860  	-0.4768  	-0.9370  	0.52586  	0.26400  	0.16033  	-0.0958  	-0.0343  	-0.0649  	-0.0059  	0.37116  	0.13400  	-0.2058  	0.18803  	-0.1517  	0.33326  	0.21706  	0.00604  	0.11572  	-0.3465  	-0.1248  	0.02743  	-0.0384  	0.12571  	-0.0756  	-0.0630  	0.31860  	0.03130  	0.03977  	0.01202  	-0.2604  	0.16770  	0.30364  	0.08960  	0.02408  	0.33283  	0.04599  	-0.0376  	-0.0072  	0.03828  	0.01759  	-0.0400  	-0.0197  	-0.0147  	-0.0206  	0.01127  	0.00066  	-0.0028  	0.00230  	-0.0174  	-0.0194  	0.00830  	-0.0169  	-0.0278  	0.01159  	-0.0161  	0.11951  	-0.3634  	0.04362  	0.02647  	0.01211  	0.40077  	0.51056  	268.426  	212.431  	
0.04642  	-0.2850  	-0.1982  	0.24413  	0.55713  	-0.3093  	-0.4139  	-0.0437  	0.18093  	-0.3695  	-0.6610  	0.58038  	0.14962  	-0.0396  	-0.2648  	0.03806  	-0.0518  	-0.0150  	0.38149  	0.27225  	-0.1210  	0.07278  	-0.1601  	0.39249  	0.10149  	0.02740  	0.05104  	-0.3357  	-0.3305  	-0.0999  	-0.0263  	0.16908  	-0.0546  	-0.0808  	0.29486  	0.02086  	0.13100  	0.03846  	-0.3556  	0.16421  	0.31242  	0.09816  	0.00085  	0.33278  	0.06145  	-0.0415  	-0.0036  	0.02341  	0.00883  	-0.0211  	-0.0407  	-0.0088  	-0.0348  	0.02567  	-0.0010  	-0.0277  	0.00248  	-0.0235  	-0.0144  	0.00395  	-0.0218  	-0.0323  	0.01301  	-0.0137  	0.11951  	-0.3634  	0.04362  	0.02647  	0.01211  	0.40077  	0.51056  	268.426  	212.431  	
0.02770  	-0.2924  	-0.0701  	-0.2749  	0.25524  	-0.2327  	-0.4261  	-0.0923  	0.18396  	-0.4222  	-0.4311  	0.57177  	0.04061  	-0.4135  	-0.8110  	0.16301  	-0.0539  	0.09253  	0.40714  	0.27954  	-0.1316  	0.02679  	-0.1271  	0.32749  	0.04378  	0.05671  	-0.0219  	-0.2841  	-0.3537  	-0.1524  	0.01730  	0.17544  	-0.0761  	-0.0687  	0.18318  	0.07917  	0.18986  	0.09637  	-0.3286  	0.11995  	0.43218  	0.05290  	0.05090  	0.32125  	0.04368  	-0.0464  	0.00016  	0.03171  	-0.0014  	-0.0124  	-0.0283  	-0.0050  	-0.0306  	0.02688  	0.00058  	-0.0250  	-0.0004  	-0.0130  	-0.0155  	-0.0064  	-0.0168  	-0.0372  	0.02829  	-0.0159  	0.11951  	-0.3634  	0.04362  	0.02647  	0.01211  	0.40077  	0.51056  	268.426  	212.431  	
-0.1766  	-0.3213  	-0.1477  	-0.3567  	0.22718  	-0.3139  	-0.4758  	-0.1353  	0.16898  	-0.4261  	-0.3624  	0.51080  	-0.0576  	-0.4646  	-0.8515  	0.11718  	-0.0416  	0.10559  	0.41750  	0.20211  	-0.1050  	0.02151  	-0.0994  	0.33963  	0.09258  	0.02709  	0.02034  	-0.3338  	-0.3338  	-0.1334  	0.00962  	0.16712  	-0.0822  	-0.1010  	0.16245  	0.12620  	0.19748  	0.07830  	-0.3569  	0.10424  	0.44325  	0.03510  	0.04446  	0.33188  	0.04990  	-0.0408  	0.01172  	0.00493  	-0.0053  	-0.0183  	-0.0217  	-0.0139  	-0.0223  	0.02551  	0.00252  	-0.0273  	0.00725  	-0.0084  	-0.0185  	0.01121  	-0.0202  	-0.0448  	0.02783  	-0.0098  	0.11951  	-0.3634  	0.04362  	0.02647  	0.01211  	0.40077  	0.51056  	268.426  	212.431  	
-0.1834  	-0.3198  	-0.1816  	-0.4286  	0.13569  	-0.3005  	-0.5089  	-0.1366  	0.16217  	-0.4061  	-0.3827  	0.49482  	-0.0477  	-0.4901  	-0.8832  	0.07967  	-0.0178  	0.09407  	0.40267  	0.22281  	-0.0937  	0.01784  	-0.0171  	0.29243  	0.03667  	0.07073  	-0.0509  	-0.3045  	-0.3188  	-0.1567  	0.01466  	0.14790  	-0.0918  	-0.0972  	0.11359  	0.09988  	0.17198  	0.08147  	-0.3328  	0.09085  	0.46276  	0.03961  	0.05525  	0.34083  	0.04641  	-0.0437  	0.01378  	0.01954  	-0.0065  	-0.0246  	-0.0231  	-0.0094  	-0.0250  	0.02689  	0.00300  	-0.0310  	0.00663  	-0.0085  	-0.0243  	-0.0030  	-0.0161  	-0.0433  	0.03184  	-0.0100  	0.11951  	-0.3634  	0.04362  	0.02647  	0.01211  	0.40077  	0.51056  	268.426  	212.431  	
-0.2639  	-0.3363  	-0.2082  	-0.4645  	0.14590  	-0.4659  	-0.5052  	-0.1433  	0.14040  	-0.3342  	-0.3191  	0.52393  	-0.0353  	-0.4634  	-0.9180  	0.05168  	-0.0234  	0.10256  	0.40765  	0.26144  	-0.1043  	0.00338  	-0.0815  	0.30253  	0.04950  	0.05914  	-0.0435  	-0.2739  	-0.3207  	-0.1523  	0.02553  	0.14463  	-0.0888  	-0.1030  	0.12751  	0.10406  	0.14992  	0.05639  	-0.3303  	0.08794  	0.44045  	0.05088  	0.04639  	0.32767  	0.04759  	-0.0447  	0.01157  	0.01870  	-0.0029  	-0.0196  	-0.0199  	-0.0135  	-0.0350  	0.02508  	0.00363  	-0.0243  	-0.0001  	-0.0160  	-0.0232  	-0.0007  	-0.0180  	-0.0408  	0.02899  	-0.0116  	0.11951  	-0.3634  	0.04362  	0.02647  	0.01211  	0.40077  	0.51056  	268.426  	212.431  	
-0.1562  	-0.2970  	-0.2020  	-0.2165  	0.29776  	-0.3513  	-0.5463  	-0.0349  	0.14840  	-0.4341  	-0.3620  	0.62952  	0.02360  	-0.2942  	-0.6270  	0.07193  	-0.0353  	0.01913  	0.37536  	0.28810  	-0.0127  	-0.0113  	-0.1188  	0.36153  	-0.0600  	0.05375  	-0.0214  	-0.3283  	-0.4383  	-0.1499  	0.01721  	0.16236  	-0.0642  	-0.0913  	0.27530  	0.03825  	0.18316  	0.07238  	-0.3440  	0.11094  	0.37356  	0.05840  	0.02149  	0.30709  	0.05268  	-0.0428  	0.01686  	0.00961  	-0.0124  	-0.0116  	-0.0221  	-0.0113  	-0.0400  	0.02726  	-0.0080  	-0.0343  	0.00556  	-0.0088  	-0.0292  	-0.0008  	-0.0216  	-0.0414  	0.04041  	-0.0086  	0.11951  	-0.3634  	0.04362  	0.02647  	0.01211  	0.40077  	0.51056  	268.426  	212.431  	
0.34524  	-0.1634  	0.08934  	-0.0639  	0.32587  	-0.0747  	-0.4703  	0.04122  	0.25020  	-0.4418  	-0.7615  	0.53642  	0.19692  	-0.0038  	-0.3735  	0.05043  	-0.0202  	-0.0215  	0.36785  	0.11409  	-0.0222  	0.10099  	-0.0007  	0.37738  	0.03711  	0.06192  	0.08680  	-0.4895  	-0.4430  	-0.1239  	0.05032  	0.15911  	-0.0444  	-0.1020  	0.24576  	-0.0303  	0.22211  	0.08846  	-0.3266  	0.09781  	0.37667  	0.05196  	0.08054  	0.34021  	0.03219  	-0.0424  	0.00157  	0.05808  	0.01096  	-0.0084  	-0.0253  	-0.0097  	-0.0353  	0.01884  	0.00057  	-0.0124  	-0.0126  	-0.0238  	-0.0236  	-0.0040  	-0.0175  	-0.0256  	0.02621  	-0.0067  	0.11951  	-0.3634  	0.04362  	0.02647  	0.01211  	0.40077  	0.51056  	268.426  	212.431  	
0.29591  	-0.1935  	0.03633  	-0.0494  	0.30181  	-0.1095  	-0.4148  	0.04609  	0.22578  	-0.4758  	-0.7501  	0.41023  	0.18698  	-0.0282  	-0.3728  	-0.0187  	-0.0099  	-0.0082  	0.37846  	0.07467  	-0.0161  	0.11634  	0.01455  	0.32995  	0.08497  	0.04526  	0.11452  	-0.4696  	-0.3620  	-0.1038  	0.03989  	0.14827  	-0.0593  	-0.1017  	0.25703  	-0.0146  	0.19771  	0.07768  	-0.3341  	0.10409  	0.38625  	0.04206  	0.06493  	0.35951  	0.03638  	-0.0476  	-0.0004  	0.05396  	0.01782  	-0.0143  	-0.0146  	-0.0135  	-0.0323  	0.01358  	0.00500  	-0.0157  	-0.0119  	-0.0143  	-0.0281  	-0.0005  	-0.0127  	-0.0342  	0.02776  	-0.0137  	0.11951  	-0.3634  	0.04362  	0.02647  	0.01211  	0.40077  	0.51056  	268.426  	212.431  	
-0.1131  	-0.2840  	-0.1868  	-0.4047  	0.23226  	-0.3898  	-0.4924  	-0.0995  	0.16415  	-0.3978  	-0.3143  	0.46867  	0.04686  	-0.3293  	-0.7417  	0.00972  	-0.0110  	0.04265  	0.39690  	0.22692  	0.05731  	-0.0246  	-0.0872  	0.38728  	0.02577  	0.06104  	0.10925  	-0.4734  	-0.4855  	-0.1463  	0.04776  	0.17646  	-0.0680  	-0.1071  	0.29835  	0.01272  	0.26424  	0.09259  	-0.4135  	0.10181  	0.39055  	0.05567  	0.01306  	0.31263  	0.06819  	-0.0429  	0.01235  	0.00276  	-0.0098  	-0.0282  	-0.0303  	-0.0048  	-0.0391  	0.02168  	-0.0075  	-0.0300  	-0.0105  	-0.0183  	-0.0246  	0.00365  	-0.0178  	-0.0354  	0.03837  	-0.0182  	0.11951  	-0.3634  	0.04362  	0.02647  	0.01211  	0.40077  	0.51056  	268.426  	212.431  	
-0.3356  	-0.3842  	-0.2825  	-0.4233  	0.20911  	-0.4900  	-0.4806  	-0.1238  	0.15941  	-0.4053  	-0.2561  	0.55624  	-0.0229  	-0.4190  	-0.8114  	-0.0028  	-0.0283  	0.09559  	0.38327  	0.27740  	-0.0514  	0.00636  	-0.0586  	0.35209  	-0.0262  	0.06436  	-0.0457  	-0.2976  	-0.3766  	-0.1790  	0.02035  	0.13011  	-0.0662  	-0.0890  	0.20291  	0.04757  	0.17152  	0.06816  	-0.3474  	0.09016  	0.40466  	0.06390  	0.01312  	0.31313  	0.04348  	-0.0416  	0.01360  	0.00466  	-0.0017  	-0.0177  	-0.0237  	-0.0124  	-0.0303  	0.02119  	0.00011  	-0.0243  	-0.0021  	-0.0159  	-0.0238  	-0.0032  	-0.0138  	-0.0424  	0.02656  	-0.0131  	0.11951  	-0.3634  	0.04362  	0.02647  	0.01211  	0.40077  	0.51056  	268.426  	212.431  	
-0.2113  	-0.2993  	-0.2644  	-0.2719  	0.25271  	-0.4414  	-0.4956  	-0.0434  	0.17380  	-0.4048  	-0.3063  	0.63460  	0.02927  	-0.3040  	-0.7420  	0.00755  	-0.0600  	0.08344  	0.37730  	0.29451  	-0.0639  	0.02685  	-0.0841  	0.29708  	-0.0101  	0.06779  	-0.1064  	-0.2670  	-0.2897  	-0.1564  	0.00312  	0.10644  	-0.0389  	-0.0886  	0.17118  	0.04636  	0.16611  	0.06020  	-0.3125  	0.09315  	0.42260  	0.05840  	0.01813  	0.32015  	0.05221  	-0.0445  	0.01397  	0.01605  	-0.0071  	-0.0311  	-0.0310  	-0.0149  	-0.0292  	0.02680  	-8.6439  	-0.0212  	0.00173  	-0.0172  	-0.0180  	0.00596  	-0.0139  	-0.0346  	0.02179  	-0.0115  	0.11951  	-0.3634  	0.04362  	0.02647  	0.01211  	0.40077  	0.51056  	268.426  	212.431  	
-0.2499  	-0.2759  	-0.2087  	-0.4096  	0.19214  	-0.4289  	-0.5259  	-0.0022  	0.15197  	-0.3961  	-0.3447  	0.55858  	0.05280  	-0.4179  	-0.7495  	-0.0585  	0.04750  	-0.0425  	0.43722  	0.05710  	-0.0171  	-0.1687  	-0.2497  	0.29070  	-0.0508  	0.15191  	-0.0762  	-0.3481  	-0.2358  	-0.1889  	0.11618  	0.07923  	-0.1264  	-0.2248  	0.06577  	0.02477  	0.07122  	0.05669  	-0.3936  	0.03554  	0.49049  	0.15076  	-0.0569  	0.39131  	0.00349  	-0.0263  	-0.0078  	0.02900  	-0.0177  	-0.0322  	-0.0225  	-0.0082  	-0.0317  	0.03588  	0.00574  	-0.0318  	0.00317  	-0.0237  	-0.0240  	0.00426  	-0.0122  	-0.0437  	0.01925  	-0.0093  	0.11951  	-0.3634  	0.04362  	0.02647  	0.01211  	0.40077  	0.51056  	268.426  	212.431  	
-0.2485  	-0.3005  	-0.1527  	-0.4836  	0.11786  	-0.3906  	-0.5403  	-0.0519  	0.13990  	-0.4194  	-0.3517  	0.51020  	0.04044  	-0.6014  	-0.8059  	-0.0761  	0.12008  	-0.1199  	0.49904  	-0.1213  	-0.0360  	-0.3139  	-0.3505  	0.26731  	-0.0767  	0.23488  	-0.1073  	-0.3531  	-0.1421  	-0.2032  	0.21235  	0.05881  	-0.2136  	-0.3345  	-0.0619  	0.03823  	-0.0072  	0.06262  	-0.4600  	-0.0244  	0.58493  	0.22385  	-0.0960  	0.46272  	-0.0367  	-0.0144  	-0.0262  	0.05403  	-0.0288  	-0.0367  	-0.0239  	-0.0015  	-0.0275  	0.04785  	0.01272  	-0.0343  	0.00090  	-0.0300  	-0.0204  	0.00592  	-0.0076  	-0.0505  	0.00939  	-0.0097  	0.11951  	-0.3634  	0.04362  	0.02647  	0.01211  	0.40077  	0.51056  	268.426  	212.431  	
-0.2915  	-0.2987  	-0.1234  	-0.5237  	0.11161  	-0.3739  	-0.5506  	-0.0811  	0.12455  	-0.4241  	-0.3821  	0.53083  	0.02989  	-0.6650  	-0.8771  	-0.0386  	0.15465  	-0.1303  	0.51829  	-0.1939  	-0.1010  	-0.3591  	-0.4041  	0.23310  	-0.1236  	0.27373  	-0.1558  	-0.3296  	-0.1085  	-0.2223  	0.25199  	0.05093  	-0.2325  	-0.3632  	-0.1326  	0.05474  	-0.0389  	0.06448  	-0.4775  	-0.0636  	0.62066  	0.24123  	-0.1055  	0.48455  	-0.0483  	-0.0203  	-0.0293  	0.06213  	-0.0319  	-0.0434  	-0.0196  	-0.0001  	-0.0289  	0.04654  	0.01824  	-0.0369  	9.47074  	-0.0312  	-0.0154  	0.00935  	-0.0052  	-0.0420  	0.00483  	-0.0026  	0.11951  	-0.3634  	0.04362  	0.02647  	0.01211  	0.40077  	0.51056  	268.426  	212.431  	
-0.2846  	-0.3205  	-0.2061  	-0.4871  	0.10323  	-0.4519  	-0.5566  	-0.0967  	0.12347  	-0.4083  	-0.3490  	0.50540  	0.03131  	-0.7129  	-0.8354  	-0.0197  	0.14122  	-0.1241  	0.50152  	-0.1515  	-0.0572  	-0.3255  	-0.3543  	0.23886  	-0.0967  	0.23915  	-0.1027  	-0.3909  	-0.1645  	-0.1810  	0.22081  	0.06670  	-0.2203  	-0.3264  	-0.0524  	0.04648  	0.01783  	0.07009  	-0.4908  	-0.0452  	0.60993  	0.22985  	-0.0912  	0.46207  	-0.0384  	-0.0120  	-0.0277  	0.04649  	-0.0357  	-0.0389  	-0.0245  	-0.0009  	-0.0269  	0.04901  	0.01075  	-0.0307  	-0.0041  	-0.0288  	-0.0250  	0.00499  	-0.0054  	-0.0440  	0.00731  	-0.0039  	0.11951  	-0.3634  	0.04362  	0.02647  	0.01211  	0.40077  	0.51056  	268.426  	212.431  	
-0.2813  	-0.3046  	-0.1986  	-0.5105  	0.09901  	-0.4599  	-0.5565  	-0.1066  	0.14772  	-0.3738  	-0.3287  	0.50987  	-0.0197  	-0.5897  	-0.8545  	0.00832  	0.06730  	-0.0514  	0.47157  	-0.0130  	-0.0632  	-0.1445  	-0.1653  	0.28125  	-0.0861  	0.18230  	-0.0876  	-0.3609  	-0.2560  	-0.1764  	0.14345  	0.09155  	-0.1575  	-0.2255  	0.03638  	0.03965  	0.08804  	0.07930  	-0.4375  	0.00742  	0.56478  	0.14997  	-0.0195  	0.41595  	-0.0023  	-0.0294  	-0.0093  	0.03462  	-0.0209  	-0.0303  	-0.0256  	-0.0038  	-0.0275  	0.04077  	-0.0001  	-0.0319  	-0.0039  	-0.0223  	-0.0257  	0.00181  	-0.0064  	-0.0388  	0.01387  	-0.0088  	0.11951  	-0.3634  	0.04362  	0.02647  	0.01211  	0.40077  	0.51056  	268.426  	212.431  	
-0.2041  	-0.2966  	-0.1504  	-0.4704  	0.10910  	-0.3625  	-0.5168  	-0.1453  	0.17220  	-0.3839  	-0.4270  	0.53287  	-0.0103  	-0.4673  	-0.8967  	0.07028  	0.00316  	0.09471  	0.38622  	0.21492  	-0.1537  	0.03966  	0.02444  	0.24660  	-0.0311  	0.09673  	-0.1379  	-0.2349  	-0.2961  	-0.1770  	0.04831  	0.14524  	-0.0662  	-0.0887  	0.03374  	0.05587  	0.13687  	0.08127  	-0.3072  	0.08513  	0.51556  	0.02664  	0.09022  	0.34214  	0.03048  	-0.0504  	0.00806  	0.02765  	-0.0036  	-0.0199  	-0.0342  	-0.0113  	-0.0274  	0.01810  	0.00375  	-0.0323  	-0.0027  	-0.0136  	-0.0245  	-0.0087  	-0.0102  	-0.0285  	0.04075  	-0.0053  	0.11951  	-0.3634  	0.04362  	0.02647  	0.01211  	0.40077  	0.51056  	268.426  	212.431  	
-0.1991  	-0.2677  	-0.1563  	-0.3677  	0.17076  	-0.3583  	-0.5321  	-0.1184  	0.16338  	-0.3753  	-0.4460  	0.57182  	-0.0072  	-0.4501  	-0.8569  	0.07486  	-0.0046  	0.10121  	0.40018  	0.22679  	-0.1590  	0.03026  	0.00042  	0.24244  	-0.0305  	0.08725  	-0.1297  	-0.2279  	-0.2769  	-0.1714  	0.03582  	0.14323  	-0.0737  	-0.0881  	0.06248  	0.08088  	0.10688  	0.07862  	-0.3102  	0.09532  	0.49294  	0.02234  	0.08687  	0.34878  	0.03349  	-0.0444  	0.01305  	0.03529  	-0.0088  	-0.0253  	-0.0273  	-0.0125  	-0.0269  	0.02128  	0.00293  	-0.0373  	0.00476  	-0.0145  	-0.0255  	-0.0042  	-0.0136  	-0.0353  	0.03089  	-0.0046  	0.11951  	-0.3634  	0.04362  	0.02647  	0.01211  	0.40077  	0.51056  	268.426  	212.431  	
-0.2321  	-0.2921  	-0.1689  	-0.4575  	0.10571  	-0.3882  	-0.5235  	-0.1289  	0.15969  	-0.3692  	-0.4163  	0.49146  	-0.0523  	-0.5168  	-0.8933  	0.06941  	-0.0058  	0.10790  	0.41080  	0.20779  	-0.1540  	0.01105  	0.03118  	0.23756  	-0.0218  	0.08573  	-0.1047  	-0.2618  	-0.3030  	-0.1686  	0.02845  	0.15584  	-0.0867  	-0.0907  	0.05120  	0.08138  	0.14342  	0.09043  	-0.3222  	0.08107  	0.49414  	0.02943  	0.07746  	0.36184  	0.03601  	-0.0462  	0.01085  	0.02761  	-0.0045  	-0.0288  	-0.0299  	-0.0070  	-0.0291  	0.02470  	0.00350  	-0.0356  	0.00782  	-0.0119  	-0.0227  	-0.0072  	-0.0139  	-0.0354  	0.03601  	-0.0045  	0.11951  	-0.3634  	0.04362  	0.02647  	0.01211  	0.40077  	0.51056  	268.426  	212.431  	
-0.1928  	-0.3020  	-0.1860  	-0.3592  	0.15436  	-0.3671  	-0.5143  	-0.1343  	0.14519  	-0.4107  	-0.4193  	0.52189  	-0.0373  	-0.4773  	-0.7911  	0.08303  	-0.0211  	0.09093  	0.39758  	0.19717  	-0.1560  	0.04512  	0.03311  	0.26733  	-0.0020  	0.07234  	-0.0967  	-0.2701  	-0.2896  	-0.1469  	0.02608  	0.15180  	-0.0872  	-0.0836  	0.09158  	0.07310  	0.14576  	0.08723  	-0.3374  	0.09390  	0.47853  	0.04572  	0.06448  	0.34877  	0.03911  	-0.0461  	0.00768  	0.01345  	-0.0054  	-0.0273  	-0.0294  	-0.0057  	-0.0328  	0.02424  	0.00189  	-0.0326  	0.00645  	-0.0128  	-0.0227  	-0.0091  	-0.0150  	-0.0323  	0.03490  	-0.0080  	0.11951  	-0.3634  	0.04362  	0.02647  	0.01211  	0.40077  	0.51056  	268.426  	212.431  	
-0.1055  	-0.2638  	-0.1844  	-0.2738  	0.21926  	-0.3366  	-0.5163  	-0.1203  	0.16222  	-0.4237  	-0.4665  	0.57460  	0.00783  	-0.4124  	-0.7549  	0.07733  	-0.0175  	0.09344  	0.38870  	0.22480  	-0.1534  	0.05453  	-0.0005  	0.28118  	-0.0117  	0.07216  	-0.1159  	-0.2244  	-0.2698  	-0.1522  	0.02534  	0.14469  	-0.0595  	-0.0813  	0.09943  	0.07421  	0.12386  	0.07320  	-0.3254  	0.11147  	0.45869  	0.03081  	0.06006  	0.34185  	0.03032  	-0.0443  	0.00738  	0.02675  	-0.0104  	-0.0218  	-0.0364  	-0.0107  	-0.0276  	0.02288  	-0.0019  	-0.0331  	-0.0027  	-0.0177  	-0.0193  	-0.0076  	-0.0138  	-0.0364  	0.03250  	-0.0116  	0.11951  	-0.3634  	0.04362  	0.02647  	0.01211  	0.40077  	0.51056  	268.426  	212.431  	
0.24143  	-0.1937  	-0.0186  	-0.0577  	0.29228  	-0.1766  	-0.4290  	-0.0037  	0.22337  	-0.4504  	-0.5432  	0.58520  	0.08752  	-0.2214  	-0.5812  	0.16577  	-0.0696  	0.08306  	0.36563  	0.23885  	-0.0454  	0.06398  	-0.0884  	0.26563  	0.04264  	0.03097  	-0.0752  	-0.3210  	-0.3074  	-0.1370  	-0.0058  	0.17475  	-0.0588  	-0.1021  	0.19307  	0.04403  	0.15518  	0.09261  	-0.3095  	0.12017  	0.42863  	0.04532  	0.06970  	0.33356  	0.03297  	-0.0461  	-0.0006  	0.04294  	0.00845  	-0.0172  	-0.0224  	-0.0142  	-0.0278  	0.02297  	0.00142  	-0.0189  	0.00208  	-0.0155  	-0.0235  	-0.0097  	-0.0160  	-0.0346  	0.03980  	-0.0119  	0.11951  	-0.3634  	0.04362  	0.02647  	0.01211  	0.40077  	0.51056  	268.426  	212.431  	
0.15185  	-0.2273  	-0.1328  	0.05998  	0.40840  	-0.2237  	-0.4399  	-0.0509  	0.20805  	-0.4257  	-0.5782  	0.62979  	0.10341  	-0.2032  	-0.5628  	0.14700  	-0.0734  	0.10207  	0.37487  	0.27579  	-0.1386  	0.03535  	-0.1660  	0.27581  	0.08659  	0.04508  	-0.0882  	-0.2475  	-0.2664  	-0.0992  	-0.0252  	0.14559  	-0.0546  	-0.0934  	0.20604  	0.05502  	0.10824  	0.06503  	-0.2894  	0.13115  	0.40309  	0.06243  	0.05352  	0.32856  	0.03975  	-0.0416  	0.00612  	0.03490  	0.00568  	-0.0177  	-0.0194  	-0.0151  	-0.0279  	0.02205  	0.00752  	-0.0230  	0.00266  	-0.0175  	-0.0199  	-0.0079  	-0.0249  	-0.0339  	0.04152  	-0.0147  	0.11951  	-0.3634  	0.04362  	0.02647  	0.01211  	0.40077  	0.51056  	268.426  	212.431  	
0.07007  	-0.2646  	-0.1876  	0.02916  	0.41062  	-0.2329  	-0.4382  	-0.0650  	0.18922  	-0.4696  	-0.6044  	0.62316  	0.09063  	-0.2040  	-0.5185  	0.10392  	-0.0392  	0.10325  	0.37026  	0.23157  	-0.1157  	0.04164  	-0.1400  	0.29554  	0.06948  	0.05857  	-0.0419  	-0.2140  	-0.2572  	-0.1057  	-0.0076  	0.15431  	-0.0501  	-0.0894  	0.19717  	0.04736  	0.12036  	0.05463  	-0.2948  	0.15050  	0.39782  	0.06266  	0.05298  	0.32589  	0.05048  	-0.0420  	0.00604  	0.03036  	-0.0007  	-0.0185  	-0.0238  	-0.0131  	-0.0349  	0.02214  	0.00540  	-0.0229  	0.00312  	-0.0160  	-0.0167  	-0.0073  	-0.0221  	-0.0374  	0.03101  	-0.0110  	0.11951  	-0.3634  	0.04362  	0.02647  	0.01211  	0.40077  	0.51056  	268.426  	212.431  	
-0.0890  	-0.2887  	-0.1788  	-0.2210  	0.28262  	-0.2369  	-0.4766  	-0.1018  	0.15975  	-0.4736  	-0.4792  	0.54406  	0.00376  	-0.4096  	-0.6825  	0.09690  	-0.0331  	0.10397  	0.36961  	0.24676  	-0.0746  	0.05051  	-0.0946  	0.32999  	0.03932  	0.05759  	-0.0466  	-0.2644  	-0.2946  	-0.1463  	0.00322  	0.15359  	-0.0763  	-0.0942  	0.17018  	0.05877  	0.14786  	0.07190  	-0.3414  	0.12443  	0.41673  	0.06092  	0.03940  	0.32720  	0.03939  	-0.0410  	0.00331  	0.01172  	-0.0087  	-0.0265  	-0.0179  	-0.0106  	-0.0266  	0.02002  	0.00086  	-0.0217  	0.00921  	-0.0180  	-0.0242  	-0.0026  	-0.0170  	-0.0409  	0.03225  	-0.0063  	0.11951  	-0.3634  	0.04362  	0.02647  	0.01211  	0.40077  	0.51056  	268.426  	212.431  	
-0.0065  	-0.3253  	-0.1584  	-0.1740  	0.27978  	-0.2700  	-0.4994  	-0.1633  	0.12560  	-0.4303  	-0.4735  	0.57274  	-0.0083  	-0.4855  	-0.7759  	0.17568  	-0.0467  	0.09428  	0.37297  	0.23973  	-0.1547  	0.02891  	-0.1044  	0.31785  	0.05111  	0.05572  	-0.0313  	-0.2450  	-0.3303  	-0.1270  	-0.0100  	0.17865  	-0.0943  	-0.0911  	0.14645  	0.11567  	0.14439  	0.08019  	-0.3301  	0.11535  	0.42103  	0.04977  	0.04248  	0.33883  	0.03234  	-0.0414  	0.00618  	0.01770  	-0.0059  	-0.0278  	-0.0208  	-0.0066  	-0.0276  	0.02013  	0.00680  	-0.0305  	0.00899  	-0.0098  	-0.0211  	-0.0138  	-0.0214  	-0.0470  	0.03872  	-0.0099  	0.11951  	-0.3634  	0.04362  	0.02647  	0.01211  	0.40077  	0.51056  	268.426  	212.431  	
0.02586  	-0.2648  	-0.0596  	-0.2160  	0.28837  	-0.2988  	-0.4563  	-0.1307  	0.15752  	-0.3508  	-0.4467  	0.54930  	-0.0231  	-0.5206  	-0.8996  	0.27060  	-0.0737  	0.14902  	0.39195  	0.26307  	-0.2082  	0.03994  	-0.1438  	0.27052  	0.09236  	0.04558  	-0.0512  	-0.2044  	-0.2721  	-0.1221  	-0.0075  	0.17156  	-0.0966  	-0.0890  	0.14710  	0.16579  	0.12739  	0.07255  	-0.3160  	0.11569  	0.42815  	0.05630  	0.05415  	0.34807  	0.04864  	-0.0422  	0.00072  	0.03104  	0.01002  	-0.0323  	-0.0154  	-0.0093  	-0.0225  	0.01863  	0.00981  	-0.0311  	0.00340  	-0.0137  	-0.0218  	-0.0051  	-0.0215  	-0.0499  	0.03456  	-0.0084  	0.11951  	-0.3634  	0.04362  	0.02647  	0.01211  	0.40077  	0.51056  	268.426  	212.431  	
-0.1077  	-0.2748  	-0.1781  	-0.3382  	0.20379  	-0.3678  	-0.4760  	-0.1799  	0.11110  	-0.3650  	-0.4651  	0.48843  	-0.0254  	-0.5205  	-0.9411  	0.19191  	-0.0589  	0.14531  	0.38384  	0.27814  	-0.1847  	0.04878  	-0.1368  	0.27262  	0.08929  	0.04545  	-0.0649  	-0.2160  	-0.2312  	-0.1320  	-0.0037  	0.16886  	-0.1060  	-0.0939  	0.13134  	0.18960  	0.09817  	0.06976  	-0.3071  	0.13640  	0.44408  	0.04023  	0.04603  	0.33919  	0.05003  	-0.0461  	0.00342  	0.02244  	-0.0036  	-0.0338  	-0.0158  	-0.0075  	-0.0243  	0.02333  	0.00599  	-0.0304  	0.00257  	-0.0150  	-0.0231  	-0.0008  	-0.0171  	-0.0492  	0.03717  	-0.0098  	0.11951  	-0.3634  	0.04362  	0.02647  	0.01211  	0.40077  	0.51056  	268.426  	212.431  	
-0.4010  	-0.3427  	-0.3084  	-0.5230  	0.16908  	-0.5500  	-0.4523  	-0.1804  	0.11734  	-0.3355  	-0.2657  	0.48443  	-0.0557  	-0.5004  	-0.9668  	0.07000  	-0.0285  	0.05697  	0.38538  	0.26424  	-0.1211  	0.02559  	-0.0502  	0.34013  	0.06617  	0.06518  	-0.0540  	-0.3190  	-0.3113  	-0.1553  	0.02897  	0.13501  	-0.0625  	-0.0963  	0.14321  	0.12401  	0.17184  	0.06124  	-0.3447  	0.07333  	0.42647  	0.07418  	0.00174  	0.31665  	0.06265  	-0.0430  	0.00819  	0.00976  	-0.0035  	-0.0184  	-0.0260  	-0.0044  	-0.0252  	0.02737  	0.00242  	-0.0336  	-0.0019  	-0.0161  	-0.0141  	0.00392  	-0.0098  	-0.0263  	0.02936  	-0.0111  	0.11951  	-0.3634  	0.04362  	0.02647  	0.01211  	0.40077  	0.51056  	268.426  	212.431  	
-0.5528  	-0.3963  	-0.3295  	-0.7309  	0.09722  	-0.6076  	-0.5142  	-0.1542  	0.14719  	-0.3131  	-0.1306  	0.48770  	-0.0379  	-0.4795  	-0.9160  	-0.0557  	-0.0161  	0.03047  	0.39267  	0.24454  	-0.0131  	-0.0054  	0.00560  	0.35180  	-0.0659  	0.09032  	-0.0621  	-0.3426  	-0.3983  	-0.1841  	0.05530  	0.14071  	-0.0484  	-0.0880  	0.15399  	0.02292  	0.19469  	0.07210  	-0.3512  	0.05104  	0.41879  	0.05692  	0.01121  	0.31503  	0.05224  	-0.0457  	0.00692  	0.00539  	-0.0138  	-0.0208  	-0.0374  	-0.0100  	-0.0284  	0.02572  	-0.0025  	-0.0301  	-0.0011  	-0.0148  	-0.0284  	-0.0025  	-0.0029  	-0.0262  	0.03149  	-0.0148  	0.11951  	-0.3634  	0.04362  	0.02647  	0.01211  	0.40077  	0.51056  	268.426  	212.431  	
-0.3659  	-0.3524  	-0.2309  	-0.5717  	0.07701  	-0.5753  	-0.5014  	-0.1155  	0.14311  	-0.3004  	-0.1981  	0.49539  	-0.0102  	-0.3920  	-0.8278  	-0.0515  	0.01593  	0.05525  	0.37032  	0.24215  	-0.0332  	0.00669  	-0.0294  	0.36736  	-0.0195  	0.07134  	-0.0530  	-0.4047  	-0.4021  	-0.1964  	0.07177  	0.12328  	-0.0467  	-0.1059  	0.11324  	0.03313  	0.20722  	0.07128  	-0.3325  	0.06525  	0.42874  	0.05956  	0.02354  	0.30653  	0.05507  	-0.0378  	0.00645  	0.01590  	-0.0187  	-0.0230  	-0.0382  	-0.0080  	-0.0364  	0.02118  	-0.0008  	-0.0349  	-0.0031  	-0.0135  	-0.0240  	-0.0080  	-0.0117  	-0.0292  	0.03707  	-0.0128  	0.11951  	-0.3634  	0.04362  	0.02647  	0.01211  	0.40077  	0.51056  	268.426  	212.431  	
-0.1412  	-0.2959  	-0.1559  	-0.4542  	0.11324  	-0.3595  	-0.5226  	-0.0618  	0.17669  	-0.4015  	-0.3678  	0.51409  	-0.0041  	-0.4317  	-0.8995  	0.09337  	-0.0058  	0.10938  	0.42993  	0.22253  	-0.0785  	0.02534  	0.01450  	0.31580  	-0.0190  	0.07113  	-0.0809  	-0.3091  	-0.3443  	-0.1660  	0.01857  	0.16254  	-0.0624  	-0.1052  	0.09841  	0.05550  	0.16511  	0.08248  	-0.3242  	0.07775  	0.49484  	0.03386  	0.06382  	0.33927  	0.04050  	-0.0437  	0.01298  	0.03131  	-0.0058  	-0.0206  	-0.0333  	-0.0115  	-0.0319  	0.01636  	-0.0018  	-0.0358  	0.00624  	-0.0134  	-0.0214  	-0.0126  	-0.0126  	-0.0381  	0.03560  	-0.0063  	0.11951  	-0.3634  	0.04362  	0.02647  	0.01211  	0.40077  	0.51056  	268.426  	212.431  	
-0.0310  	-0.2681  	-0.1212  	-0.2800  	0.18405  	-0.2769  	-0.5121  	-0.0565  	0.19729  	-0.3878  	-0.4473  	0.55037  	0.01392  	-0.4445  	-0.7882  	0.11513  	-0.0288  	0.08790  	0.38948  	0.26286  	-0.1340  	0.03197  	-0.0563  	0.28626  	-0.0075  	0.07393  	-0.0873  	-0.2518  	-0.2860  	-0.1690  	0.02962  	0.15272  	-0.0647  	-0.0974  	0.10301  	0.07209  	0.12314  	0.07882  	-0.3104  	0.11530  	0.47541  	0.03333  	0.07176  	0.33947  	0.03468  	-0.0443  	0.01132  	0.03375  	0.00176  	-0.0297  	-0.0248  	-0.0140  	-0.0322  	0.01745  	0.00097  	-0.0288  	0.00183  	-0.0172  	-0.0255  	-0.0094  	-0.0161  	-0.0436  	0.03905  	-0.0065  	0.11951  	-0.3634  	0.04362  	0.02647  	0.01211  	0.40077  	0.51056  	268.426  	212.431  	
0.04835  	-0.2405  	-0.0603  	-0.2296  	0.25580  	-0.2556  	-0.4901  	-0.1034  	0.17878  	-0.3543  	-0.3966  	0.60783  	-0.0300  	-0.4773  	-0.8046  	0.22124  	-0.0559  	0.12255  	0.37925  	0.30023  	-0.1383  	0.01053  	-0.1161  	0.26309  	-0.0069  	0.04369  	-0.1101  	-0.2050  	-0.2827  	-0.1589  	-0.0044  	0.16814  	-0.0644  	-0.0912  	0.15818  	0.10589  	0.13228  	0.06882  	-0.3179  	0.11633  	0.44793  	0.04447  	0.05582  	0.33575  	0.03686  	-0.0404  	0.00788  	0.02869  	0.00274  	-0.0259  	-0.0167  	-0.0111  	-0.0218  	0.02182  	0.00639  	-0.0273  	0.00710  	-0.0174  	-0.0254  	-0.0029  	-0.0176  	-0.0462  	0.03604  	-0.0073  	0.11951  	-0.3634  	0.04362  	0.02647  	0.01211  	0.40077  	0.51056  	268.426  	212.431  	
-0.0049  	-0.2814  	-0.0487  	-0.3101  	0.18558  	-0.2920  	-0.4767  	-0.1262  	0.15188  	-0.3697  	-0.3883  	0.51207  	-0.0376  	-0.5019  	-0.8968  	0.24082  	-0.0612  	0.14489  	0.37862  	0.27267  	-0.1826  	0.00089  	-0.1125  	0.24880  	0.00452  	0.04844  	-0.1136  	-0.2250  	-0.2865  	-0.1515  	0.01134  	0.18048  	-0.0720  	-0.0864  	0.15102  	0.14114  	0.14254  	0.07310  	-0.3211  	0.11835  	0.45077  	0.04347  	0.05583  	0.33543  	0.03890  	-0.0402  	0.00533  	0.02169  	0.00605  	-0.0220  	-0.0198  	-0.0124  	-0.0243  	0.02128  	0.00634  	-0.0263  	0.00210  	-0.0144  	-0.0279  	-0.0049  	-0.0167  	-0.0393  	0.04059  	-0.0059  	0.11951  	-0.3634  	0.04362  	0.02647  	0.01211  	0.40077  	0.51056  	268.426  	212.431  	
-0.2182  	-0.3152  	-0.2201  	-0.3660  	0.18670  	-0.4184  	-0.4837  	-0.1720  	0.14265  	-0.3397  	-0.3628  	0.52814  	-0.0254  	-0.4968  	-0.9274  	0.15035  	-0.0473  	0.09508  	0.38141  	0.28195  	-0.1598  	0.02120  	-0.0979  	0.30147  	0.05363  	0.06746  	-0.0723  	-0.2253  	-0.2929  	-0.1357  	0.01306  	0.16105  	-0.0840  	-0.0961  	0.16557  	0.16838  	0.13950  	0.06241  	-0.3410  	0.10935  	0.43659  	0.06374  	0.04367  	0.33072  	0.04799  	-0.0454  	0.00619  	0.01218  	-0.0046  	-0.0254  	-0.0205  	-0.0078  	-0.0308  	0.02337  	0.00825  	-0.0297  	0.00015  	-0.0123  	-0.0223  	-0.0020  	-0.0215  	-0.0420  	0.03473  	-0.0092  	0.11951  	-0.3634  	0.04362  	0.02647  	0.01211  	0.40077  	0.51056  	268.426  	212.431  	
-0.3106  	-0.3271  	-0.2265  	-0.5039  	0.09023  	-0.4736  	-0.5265  	-0.1511  	0.14095  	-0.3519  	-0.3513  	0.50220  	-0.0560  	-0.3783  	-0.7646  	-0.0533  	0.01150  	0.05173  	0.38859  	0.16886  	-0.0528  	0.02018  	0.00098  	0.28894  	0.03365  	0.08258  	-0.0216  	-0.3698  	-0.3593  	-0.1485  	0.04631  	0.13496  	-0.0883  	-0.0973  	0.13750  	0.06282  	0.17400  	0.07945  	-0.3555  	0.06322  	0.43687  	0.05569  	0.06047  	0.33200  	0.04851  	-0.0486  	0.01156  	0.01238  	-0.0252  	-0.0236  	-0.0328  	-0.0093  	-0.0329  	0.02797  	-0.0060  	-0.0294  	0.00018  	-0.0143  	-0.0241  	-0.0031  	-0.0151  	-0.0419  	0.03307  	-0.0130  	0.11951  	-0.3634  	0.04362  	0.02647  	0.01211  	0.40077  	0.51056  	268.426  	212.431  	
-0.1303  	-0.2707  	-0.1122  	-0.4385  	0.14172  	-0.3278  	-0.5103  	-0.0711  	0.18077  	-0.4181  	-0.3866  	0.53448  	-0.0211  	-0.3744  	-0.7726  	0.05936  	0.00328  	0.07060  	0.38751  	0.18379  	-0.0307  	0.03924  	0.04005  	0.33135  	-0.0291  	0.07067  	-0.0575  	-0.3730  	-0.3849  	-0.1650  	0.03290  	0.15037  	-0.0724  	-0.1087  	0.13173  	0.03530  	0.20214  	0.08251  	-0.3411  	0.08879  	0.46744  	0.03257  	0.04401  	0.33095  	0.03409  	-0.0396  	0.01345  	0.01909  	-0.0112  	-0.0240  	-0.0292  	-0.0108  	-0.0282  	0.01918  	-0.0020  	-0.0331  	-0.0038  	-0.0133  	-0.0243  	-0.0041  	-0.0175  	-0.0366  	0.03943  	-0.0060  	0.11951  	-0.3634  	0.04362  	0.02647  	0.01211  	0.40077  	0.51056  	268.426  	212.431  	
-0.0111  	-0.2709  	-0.0705  	-0.2903  	0.20645  	-0.2638  	-0.5024  	-0.0654  	0.17973  	-0.4009  	-0.4322  	0.53731  	0.00084  	-0.4193  	-0.8038  	0.12666  	-0.0272  	0.11063  	0.39696  	0.23888  	-0.1151  	0.03224  	-0.0367  	0.27305  	-0.0224  	0.06874  	-0.0907  	-0.2840  	-0.3341  	-0.1679  	0.02596  	0.14987  	-0.0451  	-0.0993  	0.12709  	0.05363  	0.18664  	0.07562  	-0.3469  	0.10145  	0.44597  	0.03797  	0.07517  	0.34125  	0.04602  	-0.0469  	0.01579  	0.02212  	0.00200  	-0.0295  	-0.0290  	-0.0120  	-0.0311  	0.02156  	-0.0004  	-0.0294  	-0.0005  	-0.0161  	-0.0250  	-0.0059  	-0.0202  	-0.0430  	0.03106  	-0.0088  	0.11951  	-0.3634  	0.04362  	0.02647  	0.01211  	0.40077  	0.51056  	268.426  	212.431  	
0.03387  	-0.2392  	-0.0463  	-0.2639  	0.24161  	-0.2719  	-0.4829  	-0.0783  	0.18899  	-0.3442  	-0.3897  	0.56912  	-0.0057  	-0.4182  	-0.8203  	0.20574  	-0.0760  	0.08842  	0.39457  	0.29674  	-0.1266  	0.02390  	-0.1256  	0.27488  	-0.0015  	0.05941  	-0.0988  	-0.2413  	-0.2932  	-0.1610  	0.00495  	0.15905  	-0.0557  	-0.0953  	0.17550  	0.11034  	0.15569  	0.06189  	-0.3253  	0.12024  	0.44141  	0.04050  	0.06137  	0.34275  	0.03895  	-0.0443  	0.01100  	0.03465  	0.00021  	-0.0294  	-0.0169  	-0.0137  	-0.0258  	0.01591  	0.00580  	-0.0287  	0.00513  	-0.0169  	-0.0284  	-0.0072  	-0.0227  	-0.0444  	0.03436  	-0.0071  	0.11951  	-0.3634  	0.04362  	0.02647  	0.01211  	0.40077  	0.51056  	268.426  	212.431  	
0.07981  	-0.2411  	-0.0751  	-0.1615  	0.27547  	-0.2220  	-0.4961  	-0.0845  	0.18066  	-0.4204  	-0.4189  	0.55970  	-0.0014  	-0.3819  	-0.7108  	0.21329  	-0.0644  	0.07818  	0.40300  	0.28726  	-0.0428  	0.03507  	-0.1109  	0.34182  	0.00250  	0.05436  	-0.0252  	-0.3088  	-0.3832  	-0.1833  	0.00425  	0.17624  	-0.0589  	-0.0909  	0.25483  	0.08770  	0.19977  	0.08084  	-0.3716  	0.10795  	0.40504  	0.05752  	0.04508  	0.33949  	0.04640  	-0.0414  	0.00844  	0.02969  	-0.0040  	-0.0221  	-0.0150  	-0.0101  	-0.0264  	0.01884  	0.00230  	-0.0261  	0.00387  	-0.0135  	-0.0221  	-0.0027  	-0.0201  	-0.0428  	0.03375  	-0.0096  	0.11951  	-0.3634  	0.04362  	0.02647  	0.01211  	0.40077  	0.51056  	268.426  	212.431  	
0.09976  	-0.2077  	-0.0349  	-0.1598  	0.21839  	-0.2272  	-0.4916  	-0.0435  	0.22194  	-0.4474  	-0.4649  	0.52951  	0.03805  	-0.3074  	-0.5198  	0.11448  	-0.0021  	0.03134  	0.39585  	0.18050  	0.03802  	0.05376  	-0.0250  	0.37903  	0.01235  	0.04880  	0.04535  	-0.4929  	-0.4559  	-0.1430  	0.01933  	0.18780  	-0.0546  	-0.0921  	0.26087  	0.02751  	0.27549  	0.11686  	-0.3956  	0.08339  	0.42721  	0.06545  	0.04398  	0.32793  	0.04116  	-0.0370  	0.01307  	0.02537  	-0.0088  	-0.0242  	-0.0377  	-0.0037  	-0.0258  	0.03115  	0.00488  	-0.0233  	-0.0054  	-0.0091  	-0.0273  	-0.0021  	-0.0098  	-0.0399  	0.02648  	-0.0130  	0.11951  	-0.3634  	0.04362  	0.02647  	0.01211  	0.40077  	0.51056  	268.426  	212.431  	
0.15353  	-0.1925  	-0.0285  	-0.1417  	0.22622  	-0.1833  	-0.4964  	0.02593  	0.23304  	-0.5040  	-0.4230  	0.54773  	0.06007  	-0.2199  	-0.4904  	0.12976  	0.00712  	0.02001  	0.38344  	0.15135  	0.11195  	0.04204  	-0.0289  	0.37950  	-0.0134  	0.04944  	0.05560  	-0.4953  	-0.4876  	-0.1527  	0.02077  	0.19051  	-0.0386  	-0.0993  	0.28379  	-0.0397  	0.29415  	0.12434  	-0.4085  	0.05387  	0.40668  	0.05271  	0.04301  	0.32439  	0.03812  	-0.0387  	0.01100  	0.00545  	-0.0062  	-0.0232  	-0.0399  	-0.0051  	-0.0255  	0.02863  	0.00248  	-0.0234  	-0.0102  	-0.0137  	-0.0248  	-0.0063  	-0.0088  	-0.0302  	0.02980  	-0.0152  	0.11951  	-0.3634  	0.04362  	0.02647  	0.01211  	0.40077  	0.51056  	268.426  	212.431  	
0.26200  	-0.1359  	0.05338  	-0.1149  	0.19526  	-0.1107  	-0.4828  	0.09348  	0.27107  	-0.5555  	-0.3761  	0.58298  	0.05110  	-0.1711  	-0.5011  	0.17667  	-0.0088  	-0.0045  	0.38158  	0.12902  	0.20079  	0.04878  	0.02884  	0.37587  	-0.0616  	0.03875  	0.06917  	-0.5316  	-0.5633  	-0.1757  	0.01035  	0.19601  	-0.0282  	-0.1089  	0.30631  	-0.0802  	0.35268  	0.14289  	-0.4253  	0.03217  	0.39416  	0.04065  	0.04857  	0.32917  	0.03174  	-0.0385  	0.00759  	0.01962  	-0.0024  	-0.0158  	-0.0389  	-0.0097  	-0.0262  	0.02638  	-0.0010  	-0.0142  	-0.0094  	-0.0159  	-0.0277  	-0.0025  	-0.0105  	-0.0292  	0.02647  	-0.0146  	0.11951  	-0.3634  	0.04362  	0.02647  	0.01211  	0.40077  	0.51056  	268.426  	212.431  	
0.26923  	-0.1327  	0.04918  	-0.1044  	0.20579  	-0.1260  	-0.4839  	0.08287  	0.27661  	-0.5491  	-0.3636  	0.59391  	0.04814  	-0.1678  	-0.5062  	0.18480  	-0.0146  	-0.0049  	0.37691  	0.14391  	0.20312  	0.04466  	0.01675  	0.36851  	-0.0734  	0.04387  	0.05471  	-0.5244  	-0.5711  	-0.1813  	0.01047  	0.19217  	-0.0274  	-0.1063  	0.31012  	-0.0828  	0.34784  	0.14429  	-0.4272  	0.03388  	0.39018  	0.04247  	0.04705  	0.32438  	0.03476  	-0.0379  	0.00786  	0.01979  	-0.0049  	-0.0105  	-0.0377  	-0.0095  	-0.0263  	0.02701  	-0.0023  	-0.0140  	-0.0100  	-0.0154  	-0.0269  	-0.0031  	-0.0118  	-0.0267  	0.02482  	-0.0146  	0.11951  	-0.3634  	0.04362  	0.02647  	0.01211  	0.40077  	0.51056  	268.426  	212.431  	
0.31276  	-0.1411  	0.08303  	-0.0972  	0.20715  	-0.0784  	-0.4783  	0.11048  	0.28099  	-0.5610  	-0.3655  	0.59749  	0.05608  	-0.1498  	-0.4786  	0.21632  	-0.0005  	-0.0199  	0.38156  	0.12775  	0.20409  	0.05405  	0.04223  	0.40905  	-0.0589  	0.03735  	0.08526  	-0.5541  	-0.5890  	-0.1733  	0.00742  	0.20123  	-0.0290  	-0.1017  	0.31838  	-0.0840  	0.37199  	0.15578  	-0.4143  	0.02519  	0.37396  	0.04626  	0.05243  	0.32652  	0.03343  	-0.0395  	0.00462  	0.02823  	0.00131  	-0.0204  	-0.0378  	-0.0058  	-0.0248  	0.02928  	-0.0004  	-0.0135  	-0.0097  	-0.0149  	-0.0289  	0.00060  	-0.0114  	-0.0323  	0.03098  	-0.0095  	0.11951  	-0.3634  	0.04362  	0.02647  	0.01211  	0.40077  	0.51056  	268.426  	212.431  	
0.10478  	-0.1836  	-0.0440  	-0.1593  	0.22048  	-0.2319  	-0.4905  	-0.0121  	0.21467  	-0.4815  	-0.3776  	0.59950  	0.03663  	-0.2740  	-0.6466  	0.15109  	-0.0320  	0.09142  	0.35832  	0.24799  	0.03657  	0.01496  	-0.0530  	0.30366  	-0.0436  	0.06026  	-0.0617  	-0.3151  	-0.4048  	-0.1769  	0.01554  	0.15619  	-0.0176  	-0.0908  	0.21874  	0.00058  	0.20825  	0.09996  	-0.3408  	0.08941  	0.42447  	0.05565  	0.04591  	0.32673  	0.04190  	-0.0415  	0.01353  	0.02749  	-0.0076  	-0.0185  	-0.0231  	-0.0059  	-0.0224  	0.02404  	0.00134  	-0.0202  	-0.0030  	-0.0127  	-0.0213  	-0.0048  	-0.0100  	-0.0391  	0.02805  	-0.0079  	0.11951  	-0.3634  	0.04362  	0.02647  	0.01211  	0.40077  	0.51056  	268.426  	212.431  	
-0.0039  	-0.2941  	-0.1900  	-0.2043  	0.26318  	-0.3122  	-0.4531  	-0.1482  	0.16097  	-0.3951  	-0.4059  	0.59148  	0.01398  	-0.4390  	-0.7592  	0.13515  	-0.0331  	0.12167  	0.33926  	0.31202  	-0.1975  	0.01942  	-0.1374  	0.26202  	0.03073  	0.06950  	-0.1512  	-0.1354  	-0.2679  	-0.1540  	0.01272  	0.15921  	-0.0679  	-0.0911  	0.12601  	0.11428  	0.08113  	0.05611  	-0.3083  	0.13111  	0.43340  	0.04581  	0.04860  	0.32150  	0.04085  	-0.0422  	0.01130  	0.03185  	0.00533  	-0.0252  	-0.0168  	-0.0118  	-0.0264  	0.02134  	0.00340  	-0.0307  	0.00939  	-0.0141  	-0.0198  	-0.0015  	-0.0195  	-0.0397  	0.03425  	-0.0021  	0.11951  	-0.3634  	0.04362  	0.02647  	0.01211  	0.40077  	0.51056  	268.426  	212.431  	
-0.0314  	-0.3251  	-0.1933  	-0.1739  	0.27728  	-0.2919  	-0.4642  	-0.1405  	0.14949  	-0.4213  	-0.4001  	0.55881  	-0.0062  	-0.5218  	-0.7936  	0.20915  	-0.0345  	0.11745  	0.36128  	0.29558  	-0.1916  	0.02224  	-0.1693  	0.32622  	0.07501  	0.05350  	-0.0958  	-0.1787  	-0.3025  	-0.1471  	-0.0116  	0.19685  	-0.0844  	-0.1042  	0.14142  	0.12438  	0.10174  	0.07467  	-0.3223  	0.13409  	0.44080  	0.03428  	0.04573  	0.33487  	0.03951  	-0.0405  	0.00908  	0.02419  	0.00572  	-0.0291  	-0.0152  	-0.0117  	-0.0239  	0.01905  	0.00182  	-0.0310  	0.00851  	-0.0132  	-0.0223  	0.00022  	-0.0189  	-0.0522  	0.03410  	-0.0028  	0.11951  	-0.3634  	0.04362  	0.02647  	0.01211  	0.40077  	0.51056  	268.426  	212.431  	
-0.0887  	-0.3014  	-0.1629  	-0.1741  	0.27425  	-0.3317  	-0.5353  	-0.0912  	0.11579  	-0.4678  	-0.4602  	0.53714  	0.02021  	-0.6016  	-0.7323  	0.11811  	0.05659  	-0.0395  	0.47579  	0.04935  	-0.1077  	-0.1847  	-0.3304  	0.33096  	0.08587  	0.13511  	0.04751  	-0.2827  	-0.2383  	-0.1138  	0.06797  	0.16013  	-0.1852  	-0.2364  	0.09284  	0.11267  	0.07588  	0.08099  	-0.4403  	0.03585  	0.46867  	0.15709  	-0.0723  	0.40847  	-0.0069  	-0.0263  	-0.0213  	0.03829  	-0.0129  	-0.0453  	-0.0144  	-0.0030  	-0.0207  	0.03337  	0.00577  	-0.0307  	0.01033  	-0.0188  	-0.0183  	0.00279  	-0.0199  	-0.0510  	0.02822  	-0.0141  	0.11951  	-0.3634  	0.04362  	0.02647  	0.01211  	0.40077  	0.51056  	268.426  	212.431  	
-0.0170  	-0.2573  	-0.1300  	0.00967  	0.37414  	-0.2678  	-0.5667  	-0.0212  	0.09634  	-0.5501  	-0.5179  	0.60103  	0.08571  	-0.4994  	-0.5833  	0.04847  	0.12062  	-0.1886  	0.52344  	-0.1434  	-0.0290  	-0.3188  	-0.4974  	0.36040  	0.05775  	0.18690  	0.08398  	-0.3438  	-0.1539  	-0.0908  	0.13450  	0.10014  	-0.2401  	-0.3335  	0.08850  	0.06595  	-0.0028  	0.07001  	-0.5042  	-0.0186  	0.46535  	0.28123  	-0.1464  	0.42709  	-0.0325  	-0.0113  	-0.0436  	0.05709  	-0.0214  	-0.0530  	-0.0145  	-0.0049  	-0.0204  	0.03807  	0.00651  	-0.0249  	0.01401  	-0.0301  	-0.0114  	0.01232  	-0.0181  	-0.0451  	0.01037  	-0.0057  	0.11951  	-0.3634  	0.04362  	0.02647  	0.01211  	0.40077  	0.51056  	268.426  	212.431  	
0.12714  	-0.1972  	-0.0440  	0.08099  	0.39763  	-0.1502  	-0.5503  	0.07721  	0.12195  	-0.5589  	-0.6531  	0.54885  	0.10678  	-0.3682  	-0.3292  	-0.0078  	0.15258  	-0.2338  	0.51548  	-0.2603  	0.05781  	-0.2737  	-0.4606  	0.33920  	0.06156  	0.18645  	0.08195  	-0.4843  	-0.1509  	-0.1033  	0.15870  	0.11152  	-0.2417  	-0.3591  	0.11358  	0.01768  	0.01034  	0.08535  	-0.5160  	-0.0079  	0.49389  	0.26136  	-0.1425  	0.48565  	-0.0663  	-0.0114  	-0.0319  	0.06155  	-0.0187  	-0.0554  	-0.0100  	0.00054  	-0.0239  	0.05221  	0.00518  	-0.0198  	-0.0048  	-0.0367  	-0.0168  	0.01696  	-0.0120  	-0.0540  	0.00435  	-0.0214  	0.11951  	-0.3634  	0.04362  	0.02647  	0.01211  	0.40077  	0.51056  	268.426  	212.431  	
0.15052  	-0.1912  	0.00813  	0.01642  	0.38148  	-0.1567  	-0.5570  	0.05926  	0.15206  	-0.4980  	-0.4898  	0.59858  	0.09275  	-0.4016  	-0.4907  	0.10818  	0.08323  	-0.2067  	0.49794  	-0.1887  	0.07355  	-0.2302  	-0.4695  	0.36076  	-0.0102  	0.15934  	0.02721  	-0.4818  	-0.2335  	-0.1446  	0.13899  	0.10798  	-0.2019  	-0.3334  	0.14415  	0.03445  	0.08243  	0.07359  	-0.5220  	-0.0083  	0.50781  	0.24968  	-0.1210  	0.45498  	-0.0503  	-0.0159  	-0.0371  	0.05619  	-0.0144  	-0.0427  	-0.0162  	-0.0092  	-0.0227  	0.04894  	0.00889  	-0.0165  	-0.0013  	-0.0328  	-0.0183  	0.01325  	-0.0085  	-0.0489  	-0.0006  	-0.0141  	0.11951  	-0.3634  	0.04362  	0.02647  	0.01211  	0.40077  	0.51056  	268.426  	212.431  	
0.06186  	-0.2580  	-0.0089  	-0.2119  	0.25279  	-0.2611  	-0.5277  	-0.0411  	0.13431  	-0.3905  	-0.3441  	0.58393  	0.01692  	-0.4987  	-0.8479  	0.22764  	0.00125  	0.00140  	0.46281  	0.06358  	-0.0594  	-0.1690  	-0.3678  	0.29749  	0.01423  	0.10694  	-0.0508  	-0.3501  	-0.2579  	-0.1705  	0.08967  	0.13128  	-0.1473  	-0.2394  	0.15904  	0.12160  	0.09501  	0.07349  	-0.4373  	0.04135  	0.49183  	0.16944  	-0.0394  	0.38511  	-0.0078  	-0.0247  	-0.0194  	0.04986  	-0.0093  	-0.0332  	-0.0030  	-0.0075  	-0.0201  	0.03546  	0.01209  	-0.0180  	0.00855  	-0.0241  	-0.0220  	0.00516  	-0.0135  	-0.0511  	0.02425  	-0.0119  	0.11951  	-0.3634  	0.04362  	0.02647  	0.01211  	0.40077  	0.51056  	268.426  	212.431  	
-0.0843  	-0.3198  	-0.1435  	-0.3302  	0.17726  	-0.2881  	-0.5080  	-0.1200  	0.13378  	-0.3858  	-0.3728  	0.51254  	-0.0343  	-0.5211  	-0.8895  	0.21450  	-0.0423  	0.08389  	0.42259  	0.24305  	-0.0961  	0.03179  	-0.1275  	0.34649  	0.09181  	0.03780  	-0.0009  	-0.2803  	-0.3306  	-0.1561  	8.38596  	0.18541  	-0.1029  	-0.1116  	0.17626  	0.15113  	0.18842  	0.07035  	-0.3459  	0.11002  	0.41688  	0.05311  	0.04067  	0.32761  	0.04123  	-0.0390  	0.00504  	0.01381  	0.00187  	-0.0156  	-0.0116  	-0.0133  	-0.0222  	0.02269  	0.00430  	-0.0257  	0.00765  	-0.0118  	-0.0212  	0.00426  	-0.0179  	-0.0486  	0.03842  	-0.0052  	0.11951  	-0.3634  	0.04362  	0.02647  	0.01211  	0.40077  	0.51056  	268.426  	212.431  	
-0.1259  	-0.3158  	-0.1701  	-0.3288  	0.14816  	-0.2867  	-0.5574  	-0.0928  	0.12841  	-0.4947  	-0.3665  	0.51401  	-0.0479  	-0.5045  	-0.7388  	0.13029  	0.00538  	0.01832  	0.42160  	0.16285  	-0.0173  	0.00836  	-0.0263  	0.37041  	0.01641  	0.05237  	0.04466  	-0.3991  	-0.4385  	-0.1728  	0.01922  	0.20513  	-0.0892  	-0.1015  	0.21239  	0.06933  	0.27643  	0.11816  	-0.4070  	0.06919  	0.42048  	0.04459  	0.03686  	0.32590  	0.03743  	-0.0423  	0.01453  	0.00233  	-0.0072  	-0.0167  	-0.0291  	-0.0120  	-0.0237  	0.03108  	0.00213  	-0.0282  	0.00281  	-0.0171  	-0.0181  	-0.0016  	-0.0178  	-0.0447  	0.03192  	-0.0109  	0.11951  	-0.3634  	0.04362  	0.02647  	0.01211  	0.40077  	0.51056  	268.426  	212.431  	
0.20354  	-0.1583  	0.08624  	-0.1697  	0.26607  	-0.1212  	-0.4992  	0.07092  	0.22479  	-0.4664  	-0.4963  	0.59429  	0.07251  	-0.2132  	-0.5308  	0.19517  	-0.0197  	0.00129  	0.42400  	0.17702  	0.12571  	0.05453  	-0.0220  	0.40737  	-0.0336  	0.04439  	0.08669  	-0.5047  	-0.5409  	-0.1820  	0.01183  	0.20277  	-0.0432  	-0.1029  	0.28486  	-0.0157  	0.31254  	0.12331  	-0.3948  	0.07574  	0.38695  	0.06137  	0.05386  	0.33767  	0.04056  	-0.0384  	0.00702  	0.02680  	0.00295  	-0.0322  	-0.0338  	-0.0043  	-0.0272  	0.02301  	-0.0057  	-0.0176  	-0.0082  	-0.0214  	-0.0283  	-0.0017  	-0.0090  	-0.0372  	0.02385  	-0.0141  	0.11951  	-0.3634  	0.04362  	0.02647  	0.01211  	0.40077  	0.51056  	268.426  	212.431  	
0.34218  	-0.1281  	0.12882  	-0.1448  	0.24581  	-0.1015  	-0.4863  	0.10744  	0.23968  	-0.5053  	-0.3990  	0.62350  	0.04429  	-0.1752  	-0.5169  	0.24762  	-0.0177  	0.00341  	0.40803  	0.18878  	0.17688  	0.04567  	-0.0281  	0.38890  	-0.0112  	0.03593  	0.09506  	-0.5328  	-0.5443  	-0.1585  	-0.0004  	0.20313  	-0.0385  	-0.1057  	0.30502  	-0.0228  	0.33721  	0.13211  	-0.3998  	0.04272  	0.37616  	0.06104  	0.06220  	0.32953  	0.03622  	-0.0379  	0.00442  	0.04149  	0.00956  	-0.0212  	-0.0350  	-0.0093  	-0.0227  	0.02389  	-0.0012  	-0.0115  	-0.0024  	-0.0192  	-0.0297  	0.00165  	-0.0151  	-0.0376  	0.03245  	-0.0140  	0.11951  	-0.3634  	0.04362  	0.02647  	0.01211  	0.40077  	0.51056  	268.426  	212.431  	
0.38282  	-0.1524  	0.16972  	-0.1575  	0.21548  	-0.1099  	-0.4508  	0.11916  	0.26130  	-0.4791  	-0.3006  	0.65724  	0.02277  	-0.2376  	-0.6781  	0.34656  	-0.0392  	0.00806  	0.42683  	0.21845  	0.16606  	0.05123  	-0.0679  	0.36208  	0.05332  	0.01674  	0.06892  	-0.4897  	-0.5274  	-0.1715  	-0.0183  	0.19318  	-0.0359  	-0.0967  	0.27641  	-0.0217  	0.33958  	0.14327  	-0.3658  	0.04969  	0.38867  	0.04845  	0.07618  	0.33954  	0.04112  	-0.0409  	-0.0098  	0.04936  	0.01528  	-0.0229  	-0.0264  	-0.0110  	-0.0233  	0.02555  	0.00041  	-0.0095  	-0.0062  	-0.0166  	-0.0284  	0.00249  	-0.0209  	-0.0431  	0.03556  	-0.0115  	0.11951  	-0.3634  	0.04362  	0.02647  	0.01211  	0.40077  	0.51056  	268.426  	212.431  	
0.26576  	-0.1598  	0.11688  	-0.2117  	0.23272  	-0.1576  	-0.4248  	0.07864  	0.26703  	-0.4075  	-0.3847  	0.60418  	0.04476  	-0.1713  	-0.5643  	0.30918  	-0.0222  	0.01717  	0.41024  	0.24835  	0.16645  	0.05155  	-0.1341  	0.33726  	0.13816  	0.01240  	0.10157  	-0.4896  	-0.4462  	-0.1624  	-0.0250  	0.19679  	-0.0481  	-0.0912  	0.27396  	0.00923  	0.29492  	0.12365  	-0.3253  	0.10243  	0.38133  	0.05270  	0.06400  	0.34554  	0.04237  	-0.0530  	-0.0061  	0.05322  	0.02002  	-0.0293  	-0.0180  	-0.0130  	-0.0278  	0.03086  	0.00625  	-0.0103  	-0.0041  	-0.0154  	-0.0275  	0.00627  	-0.0176  	-0.0432  	0.03351  	-0.0088  	0.11951  	-0.3634  	0.04362  	0.02647  	0.01211  	0.40077  	0.51056  	268.426  	212.431  	
0.18263  	-0.2214  	0.00740  	0.15191  	0.37958  	-0.1343  	-0.4204  	-0.0158  	0.21327  	-0.4146  	-0.5391  	0.63431  	0.06952  	-0.1038  	-0.4251  	0.22452  	-0.0080  	0.01572  	0.39249  	0.28924  	0.02049  	0.10542  	-0.1499  	0.37683  	0.14005  	0.02214  	0.12095  	-0.4237  	-0.3933  	-0.1024  	-0.0651  	0.18789  	-0.0738  	-0.0924  	0.25223  	0.00826  	0.24779  	0.10382  	-0.3504  	0.15005  	0.33443  	0.05546  	0.03232  	0.35126  	0.04420  	-0.0402  	-0.0108  	0.04650  	0.01316  	-0.0288  	-0.0070  	-0.0106  	-0.0344  	0.03220  	0.00096  	-0.0126  	0.00012  	-0.0180  	-0.0180  	0.00448  	-0.0157  	-0.0469  	0.02478  	-0.0144  	0.11951  	-0.3634  	0.04362  	0.02647  	0.01211  	0.40077  	0.51056  	268.426  	212.431  	
0.17241  	-0.2077  	-0.1406  	0.19386  	0.47265  	-0.1242  	-0.4739  	-0.0375  	0.17907  	-0.5505  	-0.6961  	0.60954  	0.09756  	-0.1230  	-0.3375  	0.09887  	-0.0283  	0.03402  	0.35507  	0.23384  	-0.0575  	0.08977  	-0.1326  	0.3656  	0.14231  	0.03284  	0.06898  	-0.2716  	-0.2565  	-0.0574  	-0.0496  	0.15341  	-0.0757  	-0.0790  	0.26543  	0.00763  	0.13266  	0.05748  	-0.3164  	0.13168  	0.31051  	0.06538  	0.02249  	0.32798  	0.05272  	-0.0410  	-0.0016  	0.02711  	0.00075  	-0.0292  	-0.0191  	-0.0161  	-0.0249  	0.01598  	0.00393  	-0.0145  	0.00285  	-0.0140  	-0.0181  	0.00169  	-0.0194  	-0.0389  	0.03031  	-0.0121  	0.11951  	-0.3634  	0.04362  	0.02647  	0.01211  	0.40077  	0.51056  	268.426  	212.431  	
0.23506  	-0.2011  	-0.0769  	0.16252  	0.44944  	-0.0826  	-0.4621  	0.00652  	0.19975  	-0.5411  	-0.7048  	0.56952  	0.15107  	-0.0680  	-0.2466  	0.07486  	-0.0421  	0.03623  	0.35794  	0.22635  	-0.0475  	0.09572  	-0.1527  	0.36201  	0.12926  	0.01807  	0.05139  	-0.3170  	-0.2953  	-0.0763  	-0.0439  	0.15763  	-0.0559  	-0.0804  	0.26567  	0.01335  	0.14867  	0.06191  	-0.3200  	0.13959  	0.34475  	0.07536  	0.02850  	0.32345  	0.05084  	-0.0391  	8.92248  	0.03114  	0.00818  	-0.0277  	-0.0174  	-0.0128  	-0.0288  	0.02126  	0.00179  	-0.0158  	-0.0017  	-0.0131  	-0.0212  	-0.0034  	-0.0187  	-0.0353  	0.02428  	-0.0155  	0.11951  	-0.3634  	0.04362  	0.02647  	0.01211  	0.40077  	0.51056  	268.426  	212.431  	
0.30450  	-0.1577  	-0.0181  	0.19143  	0.44382  	-0.0130  	-0.4160  	0.03655  	0.21491  	-0.5243  	-0.7827  	0.49845  	0.17932  	0.00921  	-0.2625  	0.04563  	-0.0266  	0.01726  	0.35004  	0.16823  	-0.0527  	0.12848  	-0.1048  	0.32784  	0.17446  	0.01511  	0.07262  	-0.3132  	-0.2382  	-0.0582  	-0.0401  	0.14673  	-0.0590  	-0.0741  	0.22955  	0.00551  	0.12947  	0.04578  	-0.2874  	0.14064  	0.35497  	0.07780  	0.04545  	0.32887  	0.04389  	-0.0379  	-0.0051  	0.04378  	0.01599  	-0.0280  	-0.0148  	-0.0146  	-0.0256  	0.01780  	-0.0020  	-0.0092  	-0.0022  	-0.0143  	-0.0225  	-0.0005  	-0.0152  	-0.0379  	0.02562  	-0.0177  	0.11951  	-0.3634  	0.04362  	0.02647  	0.01211  	0.40077  	0.51056  	268.426  	212.431  	
0.30709  	-0.1705  	-0.1047  	0.33648  	0.56104  	-0.0983  	-0.4229  	0.02312  	0.21178  	-0.4741  	-0.8532  	0.52984  	0.20460  	0.08602  	-0.1824  	0.02917  	-0.0455  	-0.0099  	0.34549  	0.16757  	-0.0824  	0.15984  	-0.1292  	0.35897  	0.23889  	0.00500  	0.09903  	-0.3338  	-0.2226  	-0.0376  	-0.0505  	0.13790  	-0.0632  	-0.0761  	0.26803  	0.02042  	0.10217  	0.03254  	-0.2747  	0.15986  	0.30024  	0.09703  	0.01683  	0.33059  	0.04803  	-0.0392  	-0.0025  	0.04231  	0.01279  	-0.0312  	-0.0097  	-0.0118  	-0.0269  	0.01800  	-1.9564  	-0.0102  	-0.0028  	-0.0162  	-0.0152  	0.00161  	-0.0203  	-0.0350  	0.02373  	-0.0165  	0.11951  	-0.3634  	0.04362  	0.02647  	0.01211  	0.40077  	0.51056  	268.426  	212.431  	
0.13476  	-0.2584  	-0.1941  	0.28915  	0.56343  	-0.2492  	-0.4189  	-0.0077  	0.19898  	-0.4653  	-0.6413  	0.64083  	0.15070  	0.01647  	-0.3121  	0.06654  	-0.0578  	0.02437  	0.35500  	0.26261  	-0.0654  	0.09038  	-0.2169  	0.39514  	0.14958  	0.01480  	0.07062  	-0.2471  	-0.2927  	-0.0646  	-0.0432  	0.16410  	-0.0536  	-0.0780  	0.31927  	0.00575  	0.13828  	0.02458  	-0.3284  	0.14626  	0.31588  	0.08426  	0.00241  	0.31884  	0.05533  	-0.0411  	0.00488  	0.02724  	0.00412  	-0.0248  	-0.0200  	-0.0144  	-0.0312  	0.01993  	-0.0072  	-0.0185  	0.00045  	-0.0203  	-0.0203  	-0.0003  	-0.0221  	-0.0365  	0.02102  	-0.0185  	0.11951  	-0.3634  	0.04362  	0.02647  	0.01211  	0.40077  	0.51056  	268.426  	212.431  	
-0.0077  	-0.2789  	-0.2320  	0.03613  	0.46218  	-0.3668  	-0.4338  	-0.0662  	0.17648  	-0.4116  	-0.5187  	0.70631  	0.07971  	-0.1973  	-0.5386  	0.06858  	-0.0990  	0.13752  	0.34322  	0.33268  	-0.1215  	0.06344  	-0.2126  	0.36535  	0.02120  	0.03110  	-0.1004  	-0.1935  	-0.2989  	-0.1166  	-0.0150  	0.14495  	-0.0424  	-0.0685  	0.24358  	0.03130  	0.09737  	0.05180  	-0.3181  	0.14923  	0.34943  	0.07218  	0.01284  	0.32870  	0.04677  	-0.0426  	0.00288  	0.03788  	-0.0004  	-0.0390  	-0.0316  	-0.0177  	-0.0365  	0.02334  	-0.0014  	-0.0291  	0.00614  	-0.0163  	-0.0329  	-0.0088  	-0.0205  	-0.0455  	0.02416  	-0.0085  	0.11951  	-0.3634  	0.04362  	0.02647  	0.01211  	0.40077  	0.51056  	268.426  	212.431  	
-0.0521  	-0.2768  	-0.2342  	-0.0901  	0.39354  	-0.2719  	-0.4587  	-0.0495  	0.16217  	-0.4615  	-0.5162  	0.61733  	0.02161  	-0.3103  	-0.6111  	0.06645  	-0.0578  	0.14334  	0.36118  	0.31272  	-0.1176  	0.05708  	-0.1353  	0.31758  	0.03299  	0.04398  	-0.0973  	-0.1811  	-0.2313  	-0.1321  	-0.0030  	0.14360  	-0.0589  	-0.0779  	0.18582  	0.04683  	0.08721  	0.05213  	-0.3077  	0.11733  	0.39055  	0.05286  	0.03664  	0.32581  	0.04691  	-0.0387  	0.01027  	0.01742  	-0.0052  	-0.0332  	-0.0158  	-0.0100  	-0.0286  	0.01254  	-0.0004  	-0.0241  	0.00755  	-0.0157  	-0.0220  	-0.0015  	-0.0124  	-0.0466  	0.03055  	-0.0104  	0.11951  	-0.3634  	0.04362  	0.02647  	0.01211  	0.40077  	0.51056  	268.426  	212.431  	
-0.0702  	-0.3070  	-0.2190  	-0.1134  	0.33205  	-0.2474  	-0.4778  	-0.0978  	0.16505  	-0.4511  	-0.5764  	0.59170  	0.03125  	-0.3737  	-0.6401  	0.04956  	-0.0289  	0.15375  	0.35046  	0.29408  	-0.1652  	0.03101  	-0.1036  	0.25698  	0.02740  	0.06106  	-0.1331  	-0.1283  	-0.1760  	-0.1263  	0.01710  	0.12546  	-0.0631  	-0.0693  	0.10868  	0.06864  	0.05084  	0.04836  	-0.3010  	0.12115  	0.43674  	0.03330  	0.05887  	0.33320  	0.05075  	-0.0433  	0.01009  	0.01710  	-0.0058  	-0.0300  	-0.0166  	-0.0101  	-0.0289  	0.01374  	0.00521  	-0.0280  	0.01030  	-0.0125  	-0.0231  	-0.0048  	-0.0175  	-0.0460  	0.03410  	-0.0057  	0.11951  	-0.3634  	0.04362  	0.02647  	0.01211  	0.40077  	0.51056  	268.426  	212.431  	
-0.0695  	-0.2944  	-0.1648  	-0.1818  	0.29539  	-0.2626  	-0.4652  	-0.1060  	0.17187  	-0.4269  	-0.5898  	0.58176  	0.03887  	-0.4106  	-0.6915  	0.05612  	-0.0421  	0.16585  	0.36826  	0.28719  	-0.2220  	0.03885  	-0.1180  	0.24028  	0.02769  	0.06635  	-0.1233  	-0.1480  	-0.1800  	-0.1247  	0.03162  	0.12995  	-0.0567  	-0.0605  	0.07125  	0.08406  	0.05760  	0.05657  	-0.3021  	0.13273  	0.47219  	0.02084  	0.06973  	0.34342  	0.04589  	-0.0454  	0.00900  	0.01968  	-0.0036  	-0.0295  	-0.0202  	-0.0103  	-0.0259  	0.01511  	0.00406  	-0.0275  	0.00244  	-0.0146  	-0.0280  	-0.0021  	-0.0135  	-0.0385  	0.02927  	-0.0045  	0.11951  	-0.3634  	0.04362  	0.02647  	0.01211  	0.40077  	0.51056  	268.426  	212.431  	
-0.1046  	-0.3055  	-0.1830  	-0.3176  	0.21560  	-0.2580  	-0.5006  	-0.1157  	0.16844  	-0.4522  	-0.5305  	0.52264  	0.02132  	-0.4880  	-0.7482  	0.09139  	-0.0093  	0.15265  	0.37732  	0.26059  	-0.1892  	0.01559  	-0.0718  	0.23233  	0.01330  	0.07251  	-0.1114  	-0.1773  	-0.2274  	-0.1526  	0.03081  	0.14364  	-0.0716  	-0.0806  	0.05798  	0.08639  	0.08776  	0.07577  	-0.2999  	0.11610  	0.48961  	0.02875  	0.06763  	0.34424  	0.03782  	-0.0413  	0.00865  	0.01747  	-0.0099  	-0.0216  	-0.0298  	-0.0102  	-0.0254  	0.02003  	0.00106  	-0.0314  	0.00346  	-0.0111  	-0.0244  	-0.0058  	-0.0138  	-0.0372  	0.03396  	-0.0079  	0.11951  	-0.3634  	0.04362  	0.02647  	0.01211  	0.40077  	0.51056  	268.426  	212.431  	
-0.0816  	-0.2881  	-0.1643  	-0.2286  	0.23310  	-0.2727  	-0.5167  	-0.0801  	0.16555  	-0.4886  	-0.4615  	0.55260  	-0.0282  	-0.4242  	-0.6514  	0.09278  	-0.0200  	0.06959  	0.37240  	0.21109  	-0.0519  	0.04420  	-0.0057  	0.28364  	-0.0132  	0.07734  	-0.0472  	-0.3215  	-0.3418  	-0.1596  	0.01467  	0.15872  	-0.0739  	-0.0942  	0.16030  	0.03759  	0.19119  	0.09844  	-0.3465  	0.08491  	0.44096  	0.05561  	0.04960  	0.33999  	0.04569  	-0.0434  	0.00662  	0.00684  	-0.0156  	-0.0197  	-0.0367  	-0.0098  	-0.0284  	0.02245  	0.00102  	-0.0278  	0.00455  	-0.0137  	-0.0256  	-0.0110  	-0.0168  	-0.0340  	0.03282  	-0.0061  	0.11951  	-0.3634  	0.04362  	0.02647  	0.01211  	0.40077  	0.51056  	268.426  	212.431  	
0.02694  	-0.2400  	-0.0975  	-0.1598  	0.24242  	-0.2416  	-0.5155  	-0.0128  	0.19830  	-0.5092  	-0.4293  	0.58795  	0.01358  	-0.3165  	-0.5535  	0.09696  	-0.0220  	0.04335  	0.35565  	0.21437  	0.02298  	0.03301  	0.00329  	0.31457  	-0.0411  	0.06891  	-0.0458  	-0.3678  	-0.3894  	-0.1636  	0.02330  	0.15695  	-0.0449  	-0.0942  	0.20117  	-0.0151  	0.23533  	0.10458  	-0.3637  	0.07083  	0.44584  	0.04827  	0.04417  	0.33515  	0.03976  	-0.0418  	0.01268  	0.01215  	-0.0122  	-0.0203  	-0.0366  	-0.0096  	-0.0283  	0.02256  	-0.0004  	-0.0249  	-0.0020  	-0.0130  	-0.0250  	-0.0050  	-0.0112  	-0.0376  	0.03181  	-0.0080  	0.11951  	-0.3634  	0.04362  	0.02647  	0.01211  	0.40077  	0.51056  	268.426  	212.431  	
0.17109  	-0.1638  	-0.0162  	-0.1281  	0.22869  	-0.1879  	-0.4914  	0.03654  	0.23084  	-0.5234  	-0.3901  	0.57769  	0.04682  	-0.1984  	-0.5256  	0.14951  	-0.0180  	0.02310  	0.37150  	0.17813  	0.14161  	0.03775  	-0.0244  	0.33111  	-0.0663  	0.05217  	0.00843  	-0.4523  	-0.4880  	-0.1772  	0.01122  	0.17920  	-0.0379  	-0.0959  	0.27114  	-0.0606  	0.29172  	0.13436  	-0.4017  	0.05193  	0.40878  	0.04138  	0.04437  	0.32141  	0.03913  	-0.0371  	0.01342  	0.01623  	-0.0077  	-0.0156  	-0.0357  	-0.0072  	-0.0262  	0.02528  	0.00015  	-0.0203  	-0.0104  	-0.0151  	-0.0266  	-0.0097  	-0.0130  	-0.0296  	0.02642  	-0.0141  	0.11951  	-0.3634  	0.04362  	0.02647  	0.01211  	0.40077  	0.51056  	268.426  	212.431  	
0.27522  	-0.1370  	0.05184  	-0.0946  	0.23783  	-0.1091  	-0.4652  	0.07350  	0.25970  	-0.5336  	-0.4188  	0.58519  	0.06514  	-0.1736  	-0.5174  	0.18382  	-0.0210  	0.02533  	0.37414  	0.19074  	0.13867  	0.05231  	-0.0219  	0.35601  	-0.0284  	0.04460  	0.02595  	-0.4632  	-0.4829  	-0.1716  	0.00190  	0.17814  	-0.0221  	-0.1072  	0.28020  	-0.0454  	0.29304  	0.12042  	-0.3886  	0.04704  	0.39618  	0.04275  	0.05577  	0.32323  	0.03837  	-0.0400  	0.01024  	0.02385  	0.00152  	-0.0150  	-0.0293  	-0.0097  	-0.0258  	0.02367  	-5.5730  	-0.0148  	-0.0075  	-0.0165  	-0.0274  	-0.0052  	-0.0133  	-0.0308  	0.03021  	-0.0126  	0.11951  	-0.3634  	0.04362  	0.02647  	0.01211  	0.40077  	0.51056  	268.426  	212.431  	
0.25325  	-0.1746  	0.03442  	-0.0703  	0.28669  	-0.1219  	-0.4574  	0.07505  	0.27295  	-0.5077  	-0.4552  	0.60907  	0.09190  	-0.1831  	-0.5519  	0.19531  	-0.0288  	0.05486  	0.36432  	0.22973  	0.05208  	0.01992  	-0.0481  	0.32030  	-0.0210  	0.04729  	-0.0383  	-0.3555  	-0.3962  	-0.1563  	-0.0002  	0.16186  	0.00205  	-0.0973  	0.24544  	-0.0260  	0.22077  	0.10420  	-0.3432  	0.07220  	0.41390  	0.04181  	0.05972  	0.32531  	0.03843  	-0.0409  	0.00677  	0.03492  	0.00556  	-0.0283  	-0.0220  	-0.0092  	-0.0279  	0.01711  	0.00099  	-0.0192  	-0.0027  	-0.0181  	-0.0281  	-0.0043  	-0.0140  	-0.0394  	0.03757  	-0.0083  	0.11951  	-0.3634  	0.04362  	0.02647  	0.01211  	0.40077  	0.51056  	268.426  	212.431  	
0.15498  	-0.2067  	-0.0458  	-0.1786  	0.24805  	-0.2288  	-0.4412  	-0.0147  	0.24005  	-0.4384  	-0.4227  	0.59719  	0.06908  	-0.2354  	-0.7093  	0.21326  	-0.0508  	0.12532  	0.38423  	0.27154  	-0.0482  	-0.0264  	-0.1213  	0.28261  	0.03408  	0.04624  	-0.0955  	-0.2780  	-0.3117  	-0.1528  	-0.0033  	0.13717  	-0.0252  	-0.0822  	0.19375  	0.04660  	0.16671  	0.08421  	-0.3241  	0.08026  	0.44474  	0.04415  	0.06079  	0.31456  	0.04095  	-0.0408  	0.00759  	0.04013  	-0.0007  	-0.0180  	-0.0270  	-0.0155  	-0.0241  	0.02000  	0.00320  	-0.0239  	-0.0044  	-0.0132  	-0.0258  	-0.0033  	-0.0175  	-0.0403  	0.03955  	0.00061  	0.11951  	-0.3634  	0.04362  	0.02647  	0.01211  	0.40077  	0.51056  	268.426  	212.431  	
-0.0791  	-0.2692  	-0.1522  	-0.3115  	0.20050  	-0.2920  	-0.4871  	-0.0652  	0.20302  	-0.4369  	-0.3893  	0.54147  	-0.0044  	-0.3627  	-0.7984  	0.09721  	-0.0321  	0.10337  	0.39935  	0.23725  	-0.0683  	0.00047  	-0.0678  	0.29906  	0.01876  	0.04400  	-0.0495  	-0.3156  	-0.3341  	-0.1597  	0.02803  	0.15085  	-0.0568  	-0.0965  	0.18832  	0.05033  	0.18736  	0.08209  	-0.3350  	0.09884  	0.43946  	0.03472  	0.05759  	0.33445  	0.04371  	-0.0416  	0.01212  	0.02476  	-0.0078  	-0.0259  	-0.0221  	-0.0082  	-0.0295  	0.01866  	0.00261  	-0.0267  	0.00189  	-0.0146  	-0.0245  	-0.0080  	-0.0181  	-0.0399  	0.03514  	-0.0053  	0.11951  	-0.3634  	0.04362  	0.02647  	0.01211  	0.40077  	0.51056  	268.426  	212.431  	
-0.1905  	-0.3134  	-0.1942  	-0.4091  	0.14451  	-0.3249  	-0.5068  	-0.1245  	0.16139  	-0.4072  	-0.4090  	0.49363  	-0.0362  	-0.4778  	-0.8533  	0.05758  	-0.0340  	0.10618  	0.39657  	0.22699  	-0.1065  	0.02214  	-0.0651  	0.29061  	0.05345  	0.06534  	-0.0327  	-0.3014  	-0.2980  	-0.1482  	0.02618  	0.14139  	-0.0773  	-0.0968  	0.10798  	0.10424  	0.15976  	0.07895  	-0.3300  	0.10236  	0.43266  	0.04560  	0.04898  	0.33692  	0.04667  	-0.0411  	0.00517  	0.01689  	-0.0134  	-0.0242  	-0.0245  	-0.0100  	-0.0252  	0.02293  	0.00321  	-0.0304  	0.00804  	-0.0106  	-0.0223  	-0.0018  	-0.0167  	-0.0439  	0.03122  	-0.0058  	0.11951  	-0.3634  	0.04362  	0.02647  	0.01211  	0.40077  	0.51056  	268.426  	212.431  	
-0.2598  	-0.3245  	-0.1888  	-0.5086  	0.07751  	-0.3987  	-0.4851  	-0.1690  	0.15414  	-0.3649  	-0.3817  	0.46246  	-0.0260  	-0.5234  	-0.9260  	0.03904  	-0.0129  	0.11173  	0.39568  	0.22812  	-0.1574  	0.01236  	-0.0213  	0.22800  	0.03655  	0.08217  	-0.0948  	-0.2504  	-0.2868  	-0.1696  	0.03722  	0.13554  	-0.0977  	-0.0874  	0.05007  	0.12297  	0.13604  	0.08433  	-0.3205  	0.08039  	0.48816  	0.04038  	0.06940  	0.34475  	0.04408  	-0.0491  	0.01145  	0.02315  	-0.0040  	-0.0219  	-0.0249  	-0.0104  	-0.0288  	0.02746  	0.00710  	-0.0319  	0.00375  	-0.0131  	-0.0214  	-0.0044  	-0.0142  	-0.0372  	0.03704  	-0.0056  	0.11951  	-0.3634  	0.04362  	0.02647  	0.01211  	0.40077  	0.51056  	268.426  	212.431  	
-0.2873  	-0.3234  	-0.1895  	-0.5154  	0.08114  	-0.4068  	-0.4843  	-0.1832  	0.15659  	-0.3555  	-0.3868  	0.45407  	-0.0505  	-0.5584  	-0.9291  	0.05189  	-0.0002  	0.11084  	0.40347  	0.20694  	-0.1556  	0.01756  	0.00036  	0.21838  	0.01732  	0.08570  	-0.0920  	-0.2745  	-0.2943  	-0.1706  	0.04168  	0.14369  	-0.0974  	-0.0922  	0.04571  	0.11108  	0.15200  	0.08690  	-0.3257  	0.06659  	0.50480  	0.03869  	0.07412  	0.35240  	0.04393  	-0.0493  	0.01050  	0.02213  	-0.0086  	-0.0183  	-0.0228  	-0.0096  	-0.0311  	0.02739  	0.00684  	-0.0292  	0.00264  	-0.0124  	-0.0222  	-0.0050  	-0.0141  	-0.0331  	0.03623  	-0.0043  	0.11951  	-0.3634  	0.04362  	0.02647  	0.01211  	0.40077  	0.51056  	268.426  	212.431  	
-0.2872  	-0.3062  	-0.2005  	-0.5652  	0.05287  	-0.4144  	-0.4899  	-0.1770  	0.13353  	-0.3566  	-0.3642  	0.42926  	-0.0695  	-0.5659  	-0.9603  	0.05145  	-0.0156  	0.12094  	0.42100  	0.23597  	-0.1154  	0.00799  	0.00903  	0.24615  	0.02491  	0.08099  	-0.0860  	-0.2961  	-0.3228  	-0.1682  	0.03081  	0.13843  	-0.0966  	-0.0936  	0.07139  	0.10424  	0.16868  	0.07150  	-0.3422  	0.08124  	0.48238  	0.04847  	0.05329  	0.35050  	0.04511  	-0.0442  	0.01258  	0.01849  	-0.0099  	-0.0211  	-0.0250  	-0.0058  	-0.0297  	0.02531  	-0.0020  	-0.0279  	0.00363  	-0.0103  	-0.0252  	-0.0100  	-0.0159  	-0.0426  	0.03574  	-0.0113  	0.11951  	-0.3634  	0.04362  	0.02647  	0.01211  	0.40077  	0.51056  	268.426  	212.431  	
-0.3728  	-0.3090  	-0.2425  	-0.5322  	0.11415  	-0.4938  	-0.4769  	-0.1600  	0.12387  	-0.3162  	-0.3442  	0.47928  	-0.0341  	-0.5267  	-0.9091  	0.04943  	-0.0380  	0.10734  	0.38997  	0.23508  	-0.1618  	0.04691  	-0.0078  	0.27345  	-0.0041  	0.07738  	-0.0901  	-0.2760  	-0.2838  	-0.1631  	0.03989  	0.13022  	-0.0794  	-0.0903  	0.06054  	0.09367  	0.11978  	0.06693  	-0.3202  	0.09672  	0.48890  	0.04922  	0.05191  	0.34115  	0.04555  	-0.0444  	0.01073  	0.01144  	-0.0156  	-0.0199  	-0.0334  	-0.0094  	-0.0265  	0.02374  	-0.0059  	-0.0367  	-0.0013  	-0.0157  	-0.0222  	-0.0030  	-0.0109  	-0.0359  	0.03032  	-0.0120  	0.11951  	-0.3634  	0.04362  	0.02647  	0.01211  	0.40077  	0.51056  	268.426  	212.431  	
-0.3112  	-0.3198  	-0.2647  	-0.3926  	0.20540  	-0.4871  	-0.4870  	-0.1053  	0.15501  	-0.3853  	-0.3188  	0.57041  	0.00275  	-0.4374  	-0.7962  	0.04478  	-0.0370  	0.11208  	0.36070  	0.25755  	-0.1387  	0.03878  	-0.0585  	0.30173  	-0.0321  	0.07429  	-0.0896  	-0.2614  	-0.3225  	-0.1582  	0.02459  	0.12564  	-0.0609  	-0.0911  	0.09836  	0.07212  	0.10471  	0.06432  	-0.3012  	0.10160  	0.44765  	0.05519  	0.03509  	0.31911  	0.04100  	-0.0413  	0.01025  	0.01328  	-0.0061  	-0.0208  	-0.0255  	-0.0117  	-0.0283  	0.02558  	0.00191  	-0.0360  	-0.0015  	-0.0185  	-0.0210  	-0.0018  	-0.0134  	-0.0304  	0.02681  	-0.0055  	0.11951  	-0.3634  	0.04362  	0.02647  	0.01211  	0.40077  	0.51056  	268.426  	212.431  	
-0.0628  	-0.2398  	-0.1805  	-0.1691  	0.28129  	-0.3008  	-0.4989  	-0.0370  	0.18860  	-0.5028  	-0.4943  	0.68157  	0.05798  	-0.2824  	-0.6382  	0.05245  	-0.0233  	0.11167  	0.39360  	0.26888  	-0.0928  	0.03196  	-0.0618  	0.26183  	-0.0170  	0.06865  	-0.1088  	-0.1936  	-0.2772  	-0.1303  	0.03060  	0.10181  	-0.0704  	-0.0802  	0.14324  	0.05704  	0.10190  	0.04188  	-0.2884  	0.08963  	0.43569  	0.03663  	0.06089  	0.32747  	0.04623  	-0.0408  	0.00327  	0.03422  	-0.0093  	-0.0190  	-0.0194  	-0.0135  	-0.0279  	0.02069  	-0.0028  	-0.0147  	0.00600  	-0.0237  	-0.0178  	-0.0014  	-0.0181  	-0.0364  	0.02265  	-0.0124  	0.11951  	-0.3634  	0.04362  	0.02647  	0.01211  	0.40077  	0.51056  	268.426  	212.431  	
0.12951  	-0.2139  	-0.0801  	-0.0259  	0.26136  	-0.1545  	-0.5077  	-0.0001  	0.20197  	-0.5025  	-0.6156  	0.63674  	0.09049  	-0.2310  	-0.4448  	0.10256  	-0.0088  	0.08846  	0.38427  	0.22225  	-0.0147  	0.05578  	-0.0320  	0.30227  	0.03098  	0.04014  	-0.0407  	-0.3322  	-0.3436  	-0.1455  	0.01281  	0.16289  	-0.0405  	-0.1038  	0.19714  	-0.0056  	0.16492  	0.08742  	-0.3212  	0.10923  	0.42822  	0.01889  	0.07168  	0.33318  	0.03820  	-0.0509  	0.01044  	0.03192  	0.01132  	-0.0236  	-0.0187  	-0.0130  	-0.0298  	0.02096  	-0.0001  	-0.0162  	-0.0039  	-0.0195  	-0.0200  	-0.0030  	-0.0188  	-0.0391  	0.03071  	-0.0112  	0.11951  	-0.3634  	0.04362  	0.02647  	0.01211  	0.40077  	0.51056  	268.426  	212.431  	
0.15767  	-0.1921  	-0.0235  	-0.0605  	0.35046  	-0.1326  	-0.4881  	-0.0131  	0.21395  	-0.4677  	-0.5201  	0.59951  	0.03382  	-0.3122  	-0.5763  	0.19713  	-0.0322  	0.06277  	0.40690  	0.22834  	-0.0190  	0.05200  	-0.1211  	0.35732  	0.04152  	0.02093  	0.01031  	-0.3563  	-0.3593  	-0.1398  	-0.0088  	0.18152  	-0.0559  	-0.0818  	0.23493  	0.05844  	0.23270  	0.08409  	-0.3461  	0.11561  	0.41451  	0.04265  	0.06388  	0.33040  	0.03685  	-0.0441  	-0.0044  	0.03199  	0.01421  	-0.0310  	-0.0261  	-0.0155  	-0.0284  	0.02300  	0.00397  	-0.0108  	0.00449  	-0.0157  	-0.0196  	0.00253  	-0.0177  	-0.0370  	0.02711  	-0.0145  	0.11951  	-0.3634  	0.04362  	0.02647  	0.01211  	0.40077  	0.51056  	268.426  	212.431  	
0.13090  	-0.2449  	-0.0737  	-0.1387  	0.30855  	-0.2072  	-0.4873  	-0.0724  	0.16727  	-0.4132  	-0.4369  	0.57923  	-0.0065  	-0.3937  	-0.7283  	0.24915  	-0.0708  	0.11833  	0.38677  	0.28396  	-0.0750  	0.03787  	-0.1453  	0.32945  	0.06260  	0.03079  	-0.0032  	-0.2814  	-0.3373  	-0.1485  	-0.0084  	0.17663  	-0.0643  	-0.0973  	0.23224  	0.09716  	0.17700  	0.08141  	-0.3395  	0.10828  	0.39824  	0.05520  	0.04937  	0.33350  	0.04132  	-0.0442  	0.00928  	0.03415  	0.00726  	-0.0284  	-0.0072  	-0.0095  	-0.0201  	0.01840  	0.00314  	-0.0232  	0.01082  	-0.0167  	-0.0212  	-0.0038  	-0.0197  	-0.0511  	0.03611  	-0.0123  	0.11951  	-0.3634  	0.04362  	0.02647  	0.01211  	0.40077  	0.51056  	268.426  	212.431  	
0.09560  	-0.2698  	-0.0152  	-0.2249  	0.28863  	-0.2470  	-0.4871  	-0.0606  	0.15511  	-0.4004  	-0.4097  	0.53721  	0.03341  	-0.4941  	-0.7674  	0.20892  	-0.0156  	-0.0202  	0.45140  	0.05441  	-0.0518  	-0.1415  	-0.3364  	0.30988  	0.02727  	0.10549  	0.00639  	-0.3395  	-0.2602  	-0.1616  	0.09067  	0.13983  	-0.1555  	-0.2219  	0.16662  	0.12052  	0.11221  	0.08268  	-0.4340  	0.05686  	0.47791  	0.16995  	-0.0377  	0.40483  	-0.0138  	-0.0225  	-0.0143  	0.04162  	-0.0130  	-0.0398  	-0.0085  	-0.0049  	-0.0234  	0.03289  	0.01414  	-0.0233  	0.00280  	-0.0257  	-0.0206  	0.00550  	-0.0174  	-0.0485  	0.02336  	-0.0084  	0.11951  	-0.3634  	0.04362  	0.02647  	0.01211  	0.40077  	0.51056  	268.426  	212.431  	
0.01307  	-0.2629  	-0.0614  	-0.2571  	0.21650  	-0.2878  	-0.5096  	-0.0336  	0.12380  	-0.4730  	-0.4451  	0.51131  	0.06935  	-0.5516  	-0.7087  	0.08407  	0.07827  	-0.1391  	0.48604  	-0.1270  	-0.0353  	-0.2869  	-0.4716  	0.27263  	-0.0447  	0.19862  	-0.0446  	-0.3680  	-0.1696  	-0.1767  	0.18375  	0.10123  	-0.2210  	-0.3268  	0.06895  	0.09083  	0.02525  	0.07848  	-0.4957  	-0.0081  	0.55174  	0.24539  	-0.1126  	0.45461  	-0.0517  	-0.0155  	-0.0269  	0.04721  	-0.0266  	-0.0431  	-0.0075  	-0.0039  	-0.0216  	0.04579  	0.01574  	-0.0285  	0.00155  	-0.0309  	-0.0227  	0.01063  	-0.0101  	-0.0485  	0.01196  	-0.0043  	0.11951  	-0.3634  	0.04362  	0.02647  	0.01211  	0.40077  	0.51056  	268.426  	212.431  	
-0.0778  	-0.2896  	-0.1147  	-0.2416  	0.19707  	-0.3646  	-0.5480  	-0.0393  	0.11108  	-0.5127  	-0.4352  	0.52091  	0.05734  	-0.5747  	-0.6469  	0.01558  	0.12895  	-0.1628  	0.49355  	-0.1795  	-0.0228  	-0.3582  	-0.4663  	0.28478  	-0.0747  	0.23017  	-0.0567  	-0.3971  	-0.1612  	-0.1845  	0.20751  	0.08149  	-0.2462  	-0.3568  	0.06576  	0.06302  	0.01114  	0.07426  	-0.5388  	-0.0356  	0.56558  	0.26725  	-0.1412  	0.45872  	-0.0512  	-0.0103  	-0.0272  	0.04452  	-0.0331  	-0.0375  	-0.0123  	-0.0050  	-0.0243  	0.04976  	0.01692  	-0.0287  	0.00300  	-0.0314  	-0.0189  	0.00670  	-0.0139  	-0.0449  	0.01443  	-0.0062  	0.11951  	-0.3634  	0.04362  	0.02647  	0.01211  	0.40077  	0.51056  	268.426  	212.431  	
0.08705  	-0.2185  	-0.0328  	-0.1226  	0.26899  	-0.2781  	-0.5333  	0.05652  	0.16594  	-0.5733  	-0.3963  	0.56961  	0.07788  	-0.3783  	-0.4281  	0.00078  	0.11517  	-0.2030  	0.47603  	-0.1792  	0.14712  	-0.2979  	-0.4187  	0.35194  	-0.0965  	0.19370  	-0.0066  	-0.5336  	-0.3073  	-0.1872  	0.17947  	0.10848  	-0.1805  	-0.3352  	0.15124  	-0.0550  	0.13557  	0.10884  	-0.5600  	-0.0559  	0.53079  	0.24191  	-0.1333  	0.44022  	-0.0441  	-0.0059  	-0.0201  	0.03458  	-0.0300  	-0.0440  	-0.0236  	-0.0002  	-0.0248  	0.04752  	0.01242  	-0.0297  	-0.0056  	-0.0335  	-0.0251  	0.00626  	-0.0075  	-0.0412  	0.00800  	-0.0092  	0.11951  	-0.3634  	0.04362  	0.02647  	0.01211  	0.40077  	0.51056  	268.426  	212.431  	
0.18680  	-0.1527  	0.00414  	-0.1240  	0.23724  	-0.2224  	-0.5093  	0.08055  	0.23299  	-0.5123  	-0.3924  	0.61222  	0.10679  	-0.2715  	-0.5723  	0.13877  	0.05155  	-0.0711  	0.43120  	0.01898  	0.11197  	-0.1675  	-0.2751  	0.29906  	-0.0884  	0.12630  	-0.0210  	-0.4562  	-0.3764  	-0.1952  	0.10470  	0.12762  	-0.0923  	-0.2374  	0.20001  	-0.0393  	0.15901  	0.10844  	-0.4530  	0.00561  	0.47562  	0.15676  	-0.0391  	0.38179  	-0.0095  	-0.0200  	-0.0063  	0.03649  	-0.0161  	-0.0251  	-0.0213  	-0.0040  	-0.0278  	0.03824  	0.00694  	-0.0218  	-0.0117  	-0.0231  	-0.0265  	0.00028  	-0.0106  	-0.0342  	0.01800  	-0.0118  	0.11951  	-0.3634  	0.04362  	0.02647  	0.01211  	0.40077  	0.51056  	268.426  	212.431  	
0.33840  	-0.1771  	0.06977  	-0.0305  	0.29330  	-0.0765  	-0.4550  	0.04661  	0.26679  	-0.4602  	-0.5479  	0.54138  	0.15502  	-0.0987  	-0.5537  	0.15956  	-0.0118  	0.04756  	0.37545  	0.18864  	-0.0070  	0.04826  	-0.0711  	0.32997  	0.02176  	0.03745  	0.02584  	-0.4084  	-0.3972  	-0.1162  	0.01174  	0.18447  	-0.0224  	-0.0946  	0.22763  	-0.0186  	0.20670  	0.09861  	-0.3376  	0.08166  	0.40558  	0.04375  	0.08012  	0.33553  	0.03021  	-0.0361  	0.00166  	0.04840  	0.01425  	-0.0260  	-0.0296  	-0.0099  	-0.0265  	0.02232  	0.00215  	-0.0150  	-0.0103  	-0.0203  	-0.0250  	0.00306  	-0.0080  	-0.0371  	0.03490  	-0.0090  	0.11951  	-0.3634  	0.04362  	0.02647  	0.01211  	0.40077  	0.51056  	268.426  	212.431  	
0.15146  	-0.2165  	-0.0664  	-0.2253  	0.22351  	-0.2864  	-0.4525  	-0.0213  	0.20637  	-0.4224  	-0.4616  	0.48860  	0.07574  	-0.1776  	-0.6577  	0.10699  	-0.0252  	0.08759  	0.36652  	0.24450  	-0.0269  	0.01323  	-0.1169  	0.34289  	0.08308  	0.02769  	0.01728  	-0.3943  	-0.3953  	-0.1590  	0.00702  	0.15997  	-0.0398  	-0.1059  	0.23144  	0.02034  	0.23173  	0.09212  	-0.3561  	0.09433  	0.44199  	0.05126  	0.05570  	0.31777  	0.04216  	-0.0385  	0.00480  	0.03802  	0.00089  	-0.0164  	-0.0282  	-0.0123  	-0.0336  	0.02288  	0.00182  	-0.0138  	-0.0031  	-0.0173  	-0.0249  	-0.0023  	-0.0168  	-0.0377  	0.02749  	-0.0062  	0.11951  	-0.3634  	0.04362  	0.02647  	0.01211  	0.40077  	0.51056  	268.426  	212.431  	
-0.0929  	-0.2795  	-0.1174  	-0.3809  	0.15653  	-0.2798  	-0.5066  	-0.0678  	0.17995  	-0.4411  	-0.3557  	0.50644  	-0.0037  	-0.4212  	-0.7268  	0.04150  	-0.0076  	0.03918  	0.41089  	0.18860  	0.05377  	0.04995  	-0.0239  	0.35235  	-0.0104  	0.02569  	0.04608  	-0.4407  	-0.4356  	-0.1742  	0.02173  	0.16258  	-0.0680  	-0.1122  	0.21387  	-0.0025  	0.26270  	0.09501  	-0.4033  	0.09334  	0.42377  	0.04927  	0.02794  	0.31918  	0.04753  	-0.0385  	0.00937  	0.01599  	-0.0101  	-0.0190  	-0.0326  	-0.0090  	-0.0325  	0.02477  	-0.0003  	-0.0233  	6.47069  	-0.0167  	-0.0255  	-0.0051  	-0.0151  	-0.0475  	0.02831  	-0.0157  	0.11951  	-0.3634  	0.04362  	0.02647  	0.01211  	0.40077  	0.51056  	268.426  	212.431  	
-0.1060  	-0.3180  	-0.1717  	-0.3382  	0.18113  	-0.2875  	-0.5063  	-0.1268  	0.15895  	-0.4640  	-0.4106  	0.51475  	-0.0233  	-0.5049  	-0.8090  	0.09170  	-0.0147  	0.08633  	0.38777  	0.21260  	-0.1072  	0.00668  	-0.0042  	0.30568  	0.00900  	0.07592  	-0.0295  	-0.2598  	-0.3074  	-0.1563  	0.01403  	0.16342  	-0.0696  	-0.0923  	0.14132  	0.09122  	0.17138  	0.07511  	-0.3514  	0.09053  	0.45861  	0.04782  	0.05857  	0.34514  	0.04569  	-0.0457  	0.01241  	0.01473  	-0.0114  	-0.0256  	-0.0318  	-0.0108  	-0.0259  	0.02079  	0.00490  	-0.0323  	0.00221  	-0.0104  	-0.0222  	-0.0082  	-0.0175  	-0.0398  	0.03606  	-0.0058  	0.11951  	-0.3634  	0.04362  	0.02647  	0.01211  	0.40077  	0.51056  	268.426  	212.431  	
-0.0079  	-0.2754  	-0.1234  	-0.2552  	0.22943  	-0.2668  	-0.4843  	-0.1012  	0.17383  	-0.3942  	-0.4332  	0.57472  	0.00390  	-0.4660  	-0.8166  	0.15667  	-0.0385  	0.12843  	0.38653  	0.29185  	-0.1499  	-0.0032  	-0.1003  	0.26888  	-0.0100  	0.05700  	-0.1008  	-0.2093  	-0.2867  	-0.1604  	0.01568  	0.16308  	-0.0664  	-0.0893  	0.14664  	0.10666  	0.13632  	0.06791  	-0.3258  	0.10968  	0.45400  	0.03962  	0.05081  	0.33503  	0.04019  	-0.0467  	0.00945  	0.02538  	0.00112  	-0.0283  	-0.0208  	-0.0111  	-0.0234  	0.01722  	0.00541  	-0.0283  	0.00574  	-0.0133  	-0.0240  	-0.0049  	-0.0167  	-0.0430  	0.03487  	-0.0048  	0.11951  	-0.3634  	0.04362  	0.02647  	0.01211  	0.40077  	0.51056  	268.426  	212.431  	
0.00811  	-0.2812  	-0.0611  	-0.2569  	0.24111  	-0.2718  	-0.4725  	-0.1073  	0.17656  	-0.3642  	-0.4006  	0.56748  	-0.0037  	-0.4549  	-0.8715  	0.22245  	-0.0666  	0.13138  	0.39030  	0.31560  	-0.1718  	-0.0021  	-0.1486  	0.27746  	0.01414  	0.05279  	-0.0970  	-0.2198  	-0.2841  	-0.1641  	0.00055  	0.16999  	-0.0644  	-0.0906  	0.17519  	0.13517  	0.13461  	0.06910  	-0.3309  	0.12016  	0.44208  	0.05148  	0.05359  	0.32758  	0.03565  	-0.0443  	0.00764  	0.02934  	0.00377  	-0.0232  	-0.0138  	-0.0116  	-0.0268  	0.02014  	0.00654  	-0.0237  	0.00653  	-0.0140  	-0.0255  	-0.0067  	-0.0175  	-0.0432  	0.03481  	-0.0087  	0.11951  	-0.3634  	0.04362  	0.02647  	0.01211  	0.40077  	0.51056  	268.426  	212.431  	
-0.0338  	-0.2755  	-0.0742  	-0.3282  	0.17772  	-0.3170  	-0.4765  	-0.1491  	0.15098  	-0.3389  	-0.3850  	0.52913  	-0.0278  	-0.4760  	-0.9353  	0.19197  	-0.0680  	0.13733  	0.37447  	0.26747  	-0.2049  	0.00699  	-0.1236  	0.25696  	0.01171  	0.06265  	-0.1183  	-0.2088  	-0.2612  	-0.1540  	0.01197  	0.17643  	-0.0605  	-0.0917  	0.13194  	0.13962  	0.12741  	0.06090  	-0.3150  	0.12685  	0.46691  	0.04321  	0.06388  	0.33660  	0.03974  	-0.0462  	0.00560  	0.02475  	0.00398  	-0.0227  	-0.0183  	-0.0164  	-0.0252  	0.02106  	0.00863  	-0.0280  	0.00552  	-0.0127  	-0.0270  	-0.0054  	-0.0177  	-0.0413  	0.03881  	-0.0038  	0.11951  	-0.3634  	0.04362  	0.02647  	0.01211  	0.40077  	0.51056  	268.426  	212.431  	
-0.2838  	-0.3306  	-0.2234  	-0.4272  	0.15617  	-0.4457  	-0.4714  	-0.1822  	0.15282  	-0.3471  	-0.3731  	0.48932  	0.00529  	-0.4931  	-0.8965  	0.08365  	-0.0309  	0.09605  	0.37743  	0.27301  	-0.1659  	0.00596  	-0.0850  	0.29770  	0.05297  	0.06011  	-0.0904  	-0.1990  	-0.2977  	-0.1494  	0.03051  	0.14931  	-0.0807  	-0.0889  	0.15974  	0.13947  	0.12662  	0.04896  	-0.3517  	0.09910  	0.44453  	0.04639  	0.03805  	0.32444  	0.05329  	-0.0456  	0.00990  	0.00460  	9.12746  	-0.0144  	-0.0114  	-0.0105  	-0.0263  	0.02440  	-0.0001  	-0.0276  	-0.0006  	-0.0119  	-0.0173  	-0.0039  	-0.0197  	-0.0342  	0.03934  	-0.0098  	0.11951  	-0.3634  	0.04362  	0.02647  	0.01211  	0.40077  	0.51056  	268.426  	212.431  	
-0.3424  	-0.2974  	-0.2493  	-0.5212  	0.09698  	-0.5299  	-0.5234  	-0.1399  	0.14203  	-0.3469  	-0.3112  	0.49685  	-0.0677  	-0.4060  	-0.7714  	-0.0339  	-0.0085  	0.06736  	0.39279  	0.17183  	-0.0571  	0.03682  	-0.0170  	0.28138  	0.00284  	0.08550  	-0.0133  	-0.3516  	-0.3526  	-0.1528  	0.04944  	0.12545  	-0.0793  	-0.0891  	0.13880  	0.06518  	0.16779  	0.07519  	-0.3533  	0.07242  	0.44461  	0.05860  	0.05474  	0.32203  	0.04373  	-0.0477  	0.01063  	0.00926  	-0.0240  	-0.0208  	-0.0338  	-0.0081  	-0.0320  	0.02753  	-0.0052  	-0.0273  	-0.0022  	-0.0161  	-0.0241  	-0.0013  	-0.0145  	-0.0360  	0.03370  	-0.0131  	0.11951  	-0.3634  	0.04362  	0.02647  	0.01211  	0.40077  	0.51056  	268.426  	212.431  	
-0.1557  	-0.2975  	-0.1426  	-0.3956  	0.15658  	-0.3365  	-0.5074  	-0.1083  	0.17902  	-0.4222  	-0.3803  	0.51813  	-0.0297  	-0.4574  	-0.8612  	0.08899  	-0.0058  	0.08945  	0.38871  	0.22044  	-0.0980  	0.00246  	-0.0143  	0.30613  	-0.0118  	0.08316  	-0.0762  	-0.2535  	-0.3017  	-0.1574  	0.02371  	0.15369  	-0.0621  	-0.0884  	0.12296  	0.08126  	0.15925  	0.06704  	-0.3450  	0.08481  	0.46590  	0.04299  	0.05179  	0.33363  	0.04742  	-0.0461  	0.01333  	0.01891  	-0.0083  	-0.0204  	-0.0283  	-0.0127  	-0.0267  	0.02152  	0.00051  	-0.0333  	0.00487  	-0.0135  	-0.0242  	-0.0066  	-0.0172  	-0.0364  	0.04002  	-0.0029  	0.11951  	-0.3634  	0.04362  	0.02647  	0.01211  	0.40077  	0.51056  	268.426  	212.431  	
-0.0274  	-0.2765  	-0.1007  	-0.2896  	0.22946  	-0.2804  	-0.4910  	-0.0927  	0.17332  	-0.3911  	-0.4031  	0.55724  	-0.0129  	-0.4798  	-0.8428  	0.16486  	-0.0437  	0.09994  	0.38274  	0.29440  	-0.1297  	0.00491  	-0.0791  	0.28170  	8.35182  	0.06553  	-0.0910  	-0.2251  	-0.2957  	-0.1734  	0.02375  	0.15583  	-0.0686  	-0.0892  	0.14329  	0.10140  	0.16410  	0.07314  	-0.3344  	0.10137  	0.45960  	0.03061  	0.05874  	0.33450  	0.04696  	-0.0432  	0.01192  	0.02813  	-0.0028  	-0.0268  	-0.0202  	-0.0121  	-0.0274  	0.01492  	0.00281  	-0.0277  	0.00696  	-0.0142  	-0.0265  	-0.0075  	-0.0158  	-0.0444  	0.04055  	-0.0040  	0.11951  	-0.3634  	0.04362  	0.02647  	0.01211  	0.40077  	0.51056  	268.426  	212.431  	
0.01589  	-0.2713  	-0.0465  	-0.2396  	0.26082  	-0.2701  	-0.4850  	-0.0960  	0.17879  	-0.3353  	-0.3627  	0.58486  	-0.0126  	-0.4862  	-0.8580  	0.22691  	-0.0676  	0.12302  	0.38477  	0.34033  	-0.1569  	-0.0036  	-0.1665  	0.26946  	0.03390  	0.04360  	-0.0980  	-0.2111  	-0.2970  	-0.1674  	-0.0011  	0.17179  	-0.0690  	-0.0836  	0.16974  	0.13165  	0.13509  	0.08788  	-0.3183  	0.11289  	0.44704  	0.03899  	0.05425  	0.32170  	0.03465  	-0.0476  	0.00637  	0.02895  	0.00158  	-0.0256  	-0.0176  	-0.0115  	-0.0233  	0.02172  	0.00625  	-0.0229  	0.00674  	-0.0173  	-0.0251  	-0.0051  	-0.0159  	-0.0436  	0.03538  	-0.0090  	0.11951  	-0.3634  	0.04362  	0.02647  	0.01211  	0.40077  	0.51056  	268.426  	212.431  	
0.03226  	-0.2891  	-0.0663  	-0.2768  	0.24251  	-0.2387  	-0.4653  	-0.1384  	0.17993  	-0.3467  	-0.3936  	0.55724  	-0.0053  	-0.4822  	-0.8712  	0.24683  	-0.0726  	0.12753  	0.38894  	0.29144  	-0.1750  	0.01204  	-0.1378  	0.26568  	0.04189  	0.04370  	-0.0834  	-0.2162  	-0.2860  	-0.1513  	0.00118  	0.15925  	-0.0759  	-0.0845  	0.17489  	0.14948  	0.13830  	0.07961  	-0.3254  	0.12807  	0.44148  	0.05092  	0.05579  	0.33173  	0.03739  	-0.0416  	0.00756  	0.02526  	0.00125  	-0.0222  	-0.0144  	-0.0100  	-0.0262  	0.01979  	0.00614  	-0.0245  	0.00369  	-0.0161  	-0.0249  	-0.0059  	-0.0181  	-0.0450  	0.03922  	-0.0080  	0.11951  	-0.3634  	0.04362  	0.02647  	0.01211  	0.40077  	0.51056  	268.426  	212.431  	
-0.0191  	-0.2888  	-0.1185  	-0.3077  	0.18912  	-0.2834  	-0.4693  	-0.1216  	0.15556  	-0.4399  	-0.4207  	0.49098  	-0.0257  	-0.4601  	-0.7806  	0.15133  	-0.0446  	0.06601  	0.38350  	0.23062  	-0.0916  	0.03463  	-0.0617  	0.30081  	0.01367  	0.05650  	-0.0305  	-0.3031  	-0.3531  	-0.1560  	0.01057  	0.18025  	-0.0861  	-0.0952  	0.20084  	0.11245  	0.21103  	0.08595  	-0.3743  	0.09559  	0.42317  	0.06104  	0.04353  	0.33441  	0.03646  	-0.0433  	0.01240  	0.01496  	-0.0041  	-0.0238  	-0.0228  	-0.0106  	-0.0266  	0.02320  	0.00654  	-0.0306  	0.00459  	-0.0110  	-0.0265  	-0.0099  	-0.0212  	-0.0428  	0.03837  	-0.0048  	0.11951  	-0.3634  	0.04362  	0.02647  	0.01211  	0.40077  	0.51056  	268.426  	212.431  	
-0.0249  	-0.2725  	-0.1143  	-0.3056  	0.16654  	-0.3133  	-0.4935  	-0.0853  	0.16536  	-0.4750  	-0.3895  	0.49716  	-0.0207  	-0.4179  	-0.6848  	0.11740  	-0.0306  	0.04980  	0.39126  	0.19871  	-0.0111  	0.03405  	-0.0044  	0.31963  	-0.0256  	0.07423  	-0.0308  	-0.4025  	-0.4391  	-0.1694  	0.02257  	0.18393  	-0.0591  	-0.1009  	0.24073  	0.04178  	0.26177  	0.10832  	-0.3956  	0.05841  	0.42217  	0.06831  	0.03599  	0.33103  	0.04865  	-0.0392  	0.01724  	0.01396  	-0.0115  	-0.0162  	-0.0283  	-0.0108  	-0.0232  	0.02596  	0.00410  	-0.0346  	0.00210  	-0.0108  	-0.0290  	-0.0099  	-0.0184  	-0.0385  	0.03650  	-0.0078  	0.11951  	-0.3634  	0.04362  	0.02647  	0.01211  	0.40077  	0.51056  	268.426  	212.431  	
0.13743  	-0.2076  	-0.0251  	-0.1993  	0.19824  	-0.2193  	-0.4866  	-0.0043  	0.21782  	-0.4956  	-0.3941  	0.52745  	0.02546  	-0.2821  	-0.5537  	0.13393  	-0.0182  	0.04379  	0.38892  	0.14935  	0.08308  	0.03641  	-0.0227  	0.36257  	-0.0219  	0.05350  	0.01983  	-0.4836  	-0.4834  	-0.1723  	0.02448  	0.18524  	-0.0429  	-0.1005  	0.27602  	-0.0197  	0.28510  	0.12443  	-0.4137  	0.06780  	0.41428  	0.05383  	0.04263  	0.32753  	0.03859  	-0.0394  	0.01248  	0.00821  	-0.0080  	-0.0202  	-0.0383  	-0.0034  	-0.0252  	0.02610  	0.00218  	-0.0274  	-0.0106  	-0.0132  	-0.0245  	-0.0050  	-0.0120  	-0.0329  	0.02774  	-0.0158  	0.11951  	-0.3634  	0.04362  	0.02647  	0.01211  	0.40077  	0.51056  	268.426  	212.431  	
0.25801  	-0.1402  	0.04329  	-0.1115  	0.20739  	-0.1229  	-0.4828  	0.07982  	0.26930  	-0.5484  	-0.3778  	0.57903  	0.04936  	-0.1769  	-0.5141  	0.17384  	-0.0128  	-0.0013  	0.37693  	0.13289  	0.19087  	0.0433  	0.01753  	0.37086  	-0.0682  	0.04125  	0.05698  	-0.5307  	-0.5617  	-0.1786  	0.01055  	0.19327  	-0.0295  	-0.1068  	0.30898  	-0.0786  	0.34138  	0.14196  	-0.4272  	0.03552  	0.39857  	0.04169  	0.04946  	0.32797  	0.03319  	-0.0379  	0.00781  	0.01870  	-0.0027  	-0.0134  	-0.0385  	-0.0096  	-0.0271  	0.02660  	-0.0013  	-0.0147  	-0.0094  	-0.0159  	-0.0279  	-0.0040  	-0.0120  	-0.0281  	0.02609  	-0.0158  	0.11951  	-0.3634  	0.04362  	0.02647  	0.01211  	0.40077  	0.51056  	268.426  	212.431  	
0.26037  	-0.1631  	0.05705  	-0.1312  	0.21054  	-0.1568  	-0.4798  	0.05856  	0.25759  	-0.4785  	-0.3672  	0.61443  	0.07910  	-0.1499  	-0.6370  	0.24768  	-0.0116  	0.03784  	0.37179  	0.20046  	0.09291  	0.02744  	-0.0304  	0.36146  	-0.0693  	0.07366  	-0.0006  	-0.4472  	-0.5062  	-0.1698  	0.03119  	0.17904  	-0.0101  	-0.1054  	0.24201  	-0.0416  	0.25666  	0.12133  	-0.3488  	0.03108  	0.40856  	0.04874  	0.06685  	0.32551  	0.03167  	-0.0386  	0.00906  	0.03738  	0.00524  	-0.0153  	-0.0351  	-0.0052  	-0.0239  	0.03034  	0.00316  	-0.0232  	-0.0130  	-0.0149  	-0.0246  	-0.0047  	-0.0073  	-0.0308  	0.03608  	-0.0099  	0.11951  	-0.3634  	0.04362  	0.02647  	0.01211  	0.40077  	0.51056  	268.426  	212.431  	
-0.1675  	-0.3210  	-0.1998  	-0.4158  	0.13637  	-0.4569  	-0.5258  	-0.0834  	0.20633  	-0.3177  	-0.2308  	0.54986  	0.04613  	-0.3412  	-0.9819  	0.10888  	-0.0561  	0.10724  	0.37814  	0.32255  	-0.1441  	-0.0075  	-0.0978  	0.31933  	-0.0570  	0.11188  	-0.1484  	-0.2523  	-0.3926  	-0.2090  	0.04080  	0.13327  	-0.0181  	-0.1084  	0.13354  	0.06652  	0.12124  	0.06265  	-0.2929  	0.08119  	0.46131  	0.04426  	0.06743  	0.31784  	0.04686  	-0.0534  	0.01092  	0.03549  	0.00702  	-0.0084  	-0.0204  	-0.0114  	-0.0318  	0.01905  	0.00098  	-0.0334  	0.00020  	-0.0090  	-0.0294  	-0.0028  	-0.0130  	-0.0389  	0.05405  	0.00216  	0.11951  	-0.3634  	0.04362  	0.02647  	0.01211  	0.40077  	0.51056  	268.426  	212.431  	
-0.4483  	-0.3940  	-0.3539  	-0.5545  	0.14635  	-0.5852  	-0.4936  	-0.1365  	0.16731  	-0.2927  	-0.1879  	0.57092  	-0.0122  	-0.4419  	-1.0919  	0.01096  	-0.0581  	0.10449  	0.38469  	0.29650  	-0.1546  	0.01796  	-0.0753  	0.30534  	-0.0678  	0.10883  	-0.1759  	-0.2457  	-0.3458  	-0.1949  	0.05979  	0.13252  	-0.0260  	-0.0945  	0.09482  	0.08404  	0.10139  	0.05598  	-0.3207  	0.06615  	0.45298  	0.06640  	0.04222  	0.30258  	0.04056  	-0.0443  	0.00631  	0.03866  	-0.0045  	-0.0154  	-0.0369  	-0.0121  	-0.0273  	0.02378  	0.00099  	-0.0317  	6.52270  	-0.0165  	-0.0246  	0.00645  	-0.0080  	-0.0368  	0.03059  	-0.0123  	0.11951  	-0.3634  	0.04362  	0.02647  	0.01211  	0.40077  	0.51056  	268.426  	212.431  	
-0.4978  	-0.3814  	-0.4016  	-0.6703  	0.11848  	-0.6420  	-0.4918  	-0.1324  	0.15044  	-0.3069  	-0.1664  	0.51787  	-0.0554  	-0.4866  	-1.0604  	-0.0517  	-0.0405  	0.06548  	0.39217  	0.26691  	-0.0916  	0.04497  	-0.0319  	0.31209  	-0.0904  	0.10457  	-0.1156  	-0.2796  	-0.3613  	-0.1993  	0.03895  	0.13319  	-0.0426  	-0.0885  	0.10994  	0.06713  	0.12035  	0.05946  	-0.3294  	0.08922  	0.44566  	0.06462  	0.02093  	0.30851  	0.03727  	-0.0529  	0.01479  	0.03311  	-0.0043  	-0.0202  	-0.0339  	-0.0128  	-0.0279  	0.02859  	0.00069  	-0.0355  	0.00356  	-0.0155  	-0.0286  	0.00722  	-0.0094  	-0.0337  	0.03157  	-0.0128  	0.11951  	-0.3634  	0.04362  	0.02647  	0.01211  	0.40077  	0.51056  	268.426  	212.431  	
-0.5356  	-0.3691  	-0.3740  	-0.6871  	0.10689  	-0.6412  	-0.5033  	-0.1097  	0.14468  	-0.2700  	-0.1302  	0.52604  	-0.0536  	-0.4852  	-1.0674  	-0.0592  	-0.0341  	0.04264  	0.40273  	0.26522  	-0.0533  	0.05221  	0.00388  	0.32769  	-0.0927  	0.10605  	-0.0959  	-0.2987  	-0.3679  	-0.2005  	0.04032  	0.12941  	-0.0493  	-0.0860  	0.11016  	0.04946  	0.15255  	0.06325  	-0.3284  	0.08243  	0.44219  	0.06478  	0.02136  	0.31038  	0.03877  	-0.0503  	0.01176  	0.02315  	-0.0096  	-0.0224  	-0.0374  	-0.0124  	-0.0304  	0.02879  	6.9521e  	-0.0368  	0.00173  	-0.0125  	-0.0248  	0.00510  	-0.0091  	-0.0308  	0.03132  	-0.0129  	0.11951  	-0.3634  	0.04362  	0.02647  	0.01211  	0.40077  	0.51056  	268.426  	212.431  	
-0.4399  	-0.3437  	-0.2780  	-0.5948  	0.10127  	-0.6256  	-0.5342  	-0.0585  	0.15215  	-0.2656  	-0.2073  	0.49278  	-0.0240  	-0.4170  	-1.0251  	-0.0871  	-0.0225  	0.04968  	0.41956  	0.24265  	-0.0611  	0.06121  	-0.0021  	0.38071  	-0.0392  	0.07683  	-0.0816  	-0.3268  	-0.3709  	-0.1736  	0.05626  	0.12429  	-0.0660  	-0.0906  	0.10354  	0.05199  	0.17427  	0.05801  	-0.3200  	0.07030  	0.42964  	0.06280  	0.01968  	0.29872  	0.04584  	-0.0433  	0.00669  	0.02771  	-0.0153  	-0.0277  	-0.0409  	-0.0098  	-0.0354  	0.02310  	-0.0038  	-0.0371  	0.00652  	-0.0140  	-0.0184  	-0.0049  	-0.0124  	-0.0361  	0.03030  	-0.0149  	0.11951  	-0.3634  	0.04362  	0.02647  	0.01211  	0.40077  	0.51056  	268.426  	212.431  	
-0.1312  	-0.3180  	-0.1466  	-0.5094  	0.09301  	-0.3730  	-0.5359  	-0.0394  	0.17789  	-0.3677  	-0.3547  	0.49938  	0.02252  	-0.3471  	-0.8737  	0.02611  	-0.0230  	0.08097  	0.42897  	0.17954  	-0.0191  	0.04487  	0.03583  	0.33493  	-0.0113  	0.05021  	-0.0207  	-0.3844  	-0.3935  	-0.1561  	0.02973  	0.15896  	-0.0678  	-0.1064  	0.11620  	0.01257  	0.20272  	0.09653  	-0.3601  	0.06522  	0.49696  	0.02345  	0.05954  	0.33436  	0.04571  	-0.0515  	0.00987  	0.01965  	-0.0142  	-0.0152  	-0.0461  	-0.0101  	-0.0344  	0.01537  	-0.0125  	-0.0318  	-0.0014  	-0.0167  	-0.0294  	-0.0147  	-0.0050  	-0.0346  	0.03192  	-0.0131  	0.11951  	-0.3634  	0.04362  	0.02647  	0.01211  	0.40077  	0.51056  	268.426  	212.431  	
0.03155  	-0.2600  	-0.0619  	-0.2695  	0.19494  	-0.2279  	-0.5108  	-0.0258  	0.19428  	-0.4337  	-0.4484  	0.50763  	0.02224  	-0.4060  	-0.7808  	0.16856  	-0.0211  	0.10540  	0.42249  	0.24402  	-0.0861  	0.03838  	-0.0305  	0.29479  	-0.0157  	0.05891  	-0.0648  	-0.3020  	-0.3545  	-0.1717  	-0.0023  	0.15044  	-0.0599  	-0.1112  	0.14109  	0.05407  	0.19827  	0.08836  	-0.3450  	0.10054  	0.44817  	0.03098  	0.08112  	0.34109  	0.04135  	-0.0423  	0.01097  	0.02947  	0.00538  	-0.0265  	-0.0279  	-0.0097  	-0.0306  	0.02242  	0.00198  	-0.0254  	-0.0055  	-0.0189  	-0.0200  	-0.0041  	-0.0177  	-0.0417  	0.03082  	-0.0120  	0.11951  	-0.3634  	0.04362  	0.02647  	0.01211  	0.40077  	0.51056  	268.426  	212.431  	
0.03320  	-0.2427  	-0.0458  	-0.2089  	0.27505  	-0.2756  	-0.4867  	-0.0862  	0.17843  	-0.3563  	-0.3964  	0.57220  	-0.0256  	-0.4259  	-0.7750  	0.19387  	-0.0534  	0.08271  	0.39179  	0.29625  	-0.0903  	0.02931  	-0.1157  	0.29838  	0.02520  	0.05210  	-0.0489  	-0.2489  	-0.3006  	-0.1570  	-0.0111  	0.16421  	-0.0715  	-0.1025  	0.17007  	0.11294  	0.17504  	0.07183  	-0.3390  	0.11979  	0.42527  	0.04613  	0.05657  	0.33954  	0.04041  	-0.0442  	0.01052  	0.03283  	0.00445  	-0.0251  	-0.0145  	-0.0151  	-0.0276  	0.01932  	0.00521  	-0.0257  	0.00878  	-0.0150  	-0.0252  	-0.0022  	-0.0201  	-0.0454  	0.03582  	-0.0079  	0.11951  	-0.3634  	0.04362  	0.02647  	0.01211  	0.40077  	0.51056  	268.426  	212.431  	
0.03776  	-0.2719  	-0.0614  	-0.2234  	0.25565  	-0.2405  	-0.4806  	-0.1144  	0.16798  	-0.3693  	-0.3682  	0.53759  	-0.0315  	-0.4757  	-0.8154  	0.23416  	-0.0730  	0.08606  	0.40227  	0.25737  	-0.0866  	0.02386  	-0.1180  	0.30541  	0.06335  	0.03482  	-0.0227  	-0.2774  	-0.3336  	-0.1464  	-0.0050  	0.18230  	-0.0913  	-0.0915  	0.19990  	0.14106  	0.19792  	0.08920  	-0.3457  	0.10538  	0.42680  	0.05514  	0.05406  	0.33474  	0.04221  	-0.0425  	0.00415  	0.02544  	0.00082  	-0.0303  	-0.0180  	-0.0103  	-0.0236  	0.02440  	0.00850  	-0.0251  	0.00589  	-0.0152  	-0.0235  	-0.0042  	-0.0199  	-0.0500  	0.03854  	-0.0084  	0.11951  	-0.3634  	0.04362  	0.02647  	0.01211  	0.40077  	0.51056  	268.426  	212.431  	
0.01536  	-0.2890  	-0.0863  	-0.2861  	0.20889  	-0.2547  	-0.4697  	-0.1182  	0.17067  	-0.4047  	-0.3789  	0.51361  	-0.0162  	-0.4640  	-0.8408  	0.21879  	-0.0628  	0.08675  	0.38597  	0.25432  	-0.1092  	0.03073  	-0.0985  	0.28272  	0.03946  	0.04803  	-0.0526  	-0.2639  	-0.3332  	-0.1581  	0.00620  	0.17068  	-0.0777  	-0.0923  	0.18717  	0.12936  	0.18776  	0.08001  	-0.3417  	0.10618  	0.43067  	0.06111  	0.05572  	0.33221  	0.04329  	-0.0421  	0.00803  	0.01988  	0.00153  	-0.0209  	-0.0167  	-0.0121  	-0.0250  	0.02247  	0.00757  	-0.0253  	0.00438  	-0.0133  	-0.0260  	-0.0048  	-0.0224  	-0.0442  	0.03845  	-0.0054  	0.11951  	-0.3634  	0.04362  	0.02647  	0.01211  	0.40077  	0.51056  	268.426  	212.431  	
-0.0184  	-0.2668  	-0.1234  	-0.2705  	0.20467  	-0.2864  	-0.4730  	-0.1145  	0.16022  	-0.4484  	-0.4141  	0.51107  	-0.0276  	-0.4264  	-0.7457  	0.12859  	-0.0346  	0.06590  	0.38089  	0.22007  	-0.0551  	0.03465  	-0.0439  	0.30990  	-0.0082  	0.06847  	-0.0289  	-0.3514  	-0.3798  	-0.1559  	0.02427  	0.16785  	-0.0799  	-0.0942  	0.21424  	0.08789  	0.22359  	0.09419  	-0.3855  	0.08899  	0.41772  	0.06664  	0.04156  	0.33366  	0.04401  	-0.0415  	0.01338  	0.01226  	-0.0075  	-0.0238  	-0.0259  	-0.0099  	-0.0250  	0.02318  	0.00746  	-0.0320  	0.00283  	-0.0122  	-0.0286  	-0.0099  	-0.0216  	-0.0416  	0.03810  	-0.0068  	0.11951  	-0.3634  	0.04362  	0.02647  	0.01211  	0.40077  	0.51056  	268.426  	212.431  	
0.02571  	-0.2396  	-0.0777  	-0.2559  	0.17522  	-0.2713  	-0.4940  	-0.0515  	0.19381  	-0.4787  	-0.3848  	0.53142  	-0.0027  	-0.3515  	-0.6144  	0.10479  	-0.0172  	0.03705  	0.37960  	0.19210  	0.04754  	0.03069  	-0.0162  	0.34084  	-0.0204  	0.06856  	-0.0124  	-0.4409  	-0.4443  	-0.1617  	0.03124  	0.17953  	-0.0488  	-0.0971  	0.24067  	0.00581  	0.26359  	0.10592  	-0.3935  	0.05678  	0.42430  	0.05601  	0.04048  	0.32871  	0.04727  	-0.0389  	0.01303  	0.00722  	-0.0158  	-0.0214  	-0.0359  	-0.0084  	-0.0234  	0.02191  	0.00019  	-0.0293  	0.00035  	-0.0148  	-0.0312  	-0.0070  	-0.0129  	-0.0356  	0.03166  	-0.0061  	0.11951  	-0.3634  	0.04362  	0.02647  	0.01211  	0.40077  	0.51056  	268.426  	212.431  	
0.12438  	-0.2024  	-0.0371  	-0.1737  	0.21246  	-0.2064  	-0.4933  	0.01351  	0.22189  	-0.5229  	-0.3949  	0.55621  	0.03721  	-0.2358  	-0.5456  	0.13432  	-0.0095  	0.03356  	0.37994  	0.16555  	0.10459  	0.03242  	-0.0315  	0.34904  	-0.0371  	0.05470  	0.01404  	-0.4550  	-0.4809  	-0.1729  	0.02132  	0.18382  	-0.0373  	-0.0988  	0.26966  	-0.0432  	0.28447  	0.13119  	-0.4130  	0.04838  	0.41867  	0.04591  	0.04112  	0.32570  	0.03941  	-0.0385  	0.01570  	0.00528  	-0.0090  	-0.0166  	-0.0396  	-0.0050  	-0.0253  	0.02568  	0.00086  	-0.0275  	-0.0111  	-0.0156  	-0.0269  	-0.0074  	-0.0103  	-0.0302  	0.02923  	-0.0149  	0.11951  	-0.3634  	0.04362  	0.02647  	0.01211  	0.40077  	0.51056  	268.426  	212.431  	
0.06841  	-0.2315  	-0.0593  	-0.2277  	0.23598  	-0.2358  	-0.4851  	-0.0447  	0.20324  	-0.4136  	-0.3536  	0.57698  	-0.0020  	-0.3301  	-0.7270  	0.19013  	-0.0630  	0.09150  	0.37389  	0.24565  	-0.0090  	0.01645  	-0.0837  	0.30496  	-0.0413  	0.05348  	-0.0616  	-0.3198  	-0.4086  	-0.1766  	0.00705  	0.16674  	-0.0415  	-0.0994  	0.23034  	0.05106  	0.21651  	0.09121  	-0.3833  	0.08023  	0.41764  	0.04962  	0.04471  	0.32942  	0.04207  	-0.0462  	0.01871  	0.01775  	-0.0005  	-0.0239  	-0.0224  	-0.0123  	-0.0299  	0.02247  	0.00359  	-0.0280  	0.00239  	-0.0125  	-0.0290  	-0.0035  	-0.0196  	-0.0410  	0.03560  	-0.0078  	0.11951  	-0.3634  	0.04362  	0.02647  	0.01211  	0.40077  	0.51056  	268.426  	212.431  	
0.09676  	-0.2595  	-0.0533  	-0.1808  	0.24390  	-0.2245  	-0.4796  	-0.0702  	0.18668  	-0.4070  	-0.3800  	0.54098  	-0.0068  	-0.3821  	-0.7395  	0.22220  	-0.0633  	0.11567  	0.37373  	0.26279  	-0.0575  	0.01721  	-0.0973  	0.30139  	0.00665  	0.04105  	-0.0540  	-0.2771  	-0.3641  	-0.1598  	-0.0025  	0.17032  	-0.0593  	-0.0989  	0.23691  	0.07650  	0.19095  	0.08586  	-0.3679  	0.07925  	0.41037  	0.06286  	0.04796  	0.32606  	0.04206  	-0.0431  	0.01262  	0.02342  	0.00058  	-0.0233  	-0.0110  	-0.0098  	-0.0245  	0.01850  	0.00398  	-0.0255  	0.00644  	-0.0129  	-0.0233  	-0.0033  	-0.0209  	-0.0473  	0.03862  	-0.0048  	0.11951  	-0.3634  	0.04362  	0.02647  	0.01211  	0.40077  	0.51056  	268.426  	212.431  	
0.08425  	-0.2802  	-0.0445  	-0.1447  	0.31607  	-0.2391  	-0.4899  	-0.1141  	0.16237  	-0.3585  	-0.4005  	0.57333  	-0.0306  	-0.5049  	-0.8185  	0.32266  	-0.0632  	0.13402  	0.40208  	0.26286  	-0.1370  	0.01520  	-0.1773  	0.31502  	0.08461  	0.02007  	-0.0129  	-0.2304  	-0.3256  	-0.1351  	-0.0262  	0.19093  	-0.0916  	-0.1019  	0.20727  	0.14201  	0.16101  	0.08906  	-0.3407  	0.10851  	0.41517  	0.06102  	0.04330  	0.33102  	0.03804  	-0.0398  	-0.0031  	0.02745  	0.00459  	-0.0289  	-0.0126  	-0.0073  	-0.0213  	0.01950  	0.00923  	-0.0243  	0.00882  	-0.0158  	-0.0238  	-0.0034  	-0.0162  	-0.0495  	0.03890  	-0.0065  	0.11951  	-0.3634  	0.04362  	0.02647  	0.01211  	0.40077  	0.51056  	268.426  	212.431  	
0.07533  	-0.2969  	-0.0456  	-0.2061  	0.30373  	-0.2306  	-0.4741  	-0.1346  	0.15149  	-0.3732  	-0.4132  	0.54456  	-0.0252  	-0.5248  	-0.8532  	0.30612  	-0.0709  	0.09811  	0.40426  	0.25528  	-0.1327  	0.01800  	-0.1559  	0.33652  	0.10055  	0.02272  	0.01158  	-0.2494  	-0.3332  	-0.1284  	-0.0258  	0.20451  	-0.1010  	-0.0980  	0.20548  	0.15646  	0.18725  	0.09040  	-0.3489  	0.12835  	0.42057  	0.07236  	0.05021  	0.34201  	0.04295  	-0.0410  	-0.0026  	0.02857  	0.00772  	-0.0307  	-0.0161  	-0.0096  	-0.0247  	0.02256  	0.00887  	-0.0239  	0.01044  	-0.0175  	-0.0237  	-0.0035  	-0.0181  	-0.0510  	0.03580  	-0.0072  	0.11951  	-0.3634  	0.04362  	0.02647  	0.01211  	0.40077  	0.51056  	268.426  	212.431  	
-0.0477  	-0.2932  	-0.1677  	-0.0779  	0.27752  	-0.2739  	-0.5472  	-0.0991  	0.11163  	-0.4715  	-0.4548  	0.58131  	-0.0195  	-0.5131  	-0.7117  	0.15654  	0.04884  	-0.0643  	0.45586  	0.02811  	-0.0680  	-0.1563  	-0.3719  	0.39447  	0.07076  	0.11737  	0.11174  	-0.3967  	-0.3050  	-0.1143  	0.07051  	0.17792  	-0.1931  	-0.2558  	0.17230  	0.15259  	0.11444  	0.07464  	-0.4377  	0.03119  	0.41839  	0.18226  	-0.0676  	0.39719  	-0.0126  	-0.0214  	-0.0336  	0.03362  	-0.0255  	-0.0333  	-0.0080  	-0.0006  	-0.0184  	0.03985  	0.00189  	-0.0206  	0.00863  	-0.0225  	-0.0180  	0.00580  	-0.0130  	-0.0514  	0.01587  	-0.0084  	0.11951  	-0.3634  	0.04362  	0.02647  	0.01211  	0.40077  	0.51056  	268.426  	212.431  	
0.12566  	-0.2208  	-0.0898  	0.16273  	0.49111  	-0.2353  	-0.5081  	0.08566  	0.14711  	-0.5685  	-0.6996  	0.65505  	0.17260  	-0.2259  	-0.2863  	0.02896  	0.10129  	-0.2183  	0.48713  	-0.1699  	-0.0039  	-0.3091  	-0.4893  	0.34594  	0.02191  	0.18979  	0.03584  	-0.3821  	-0.1457  	-0.1061  	0.14566  	0.09940  	-0.2194  	-0.3203  	0.13876  	-0.0033  	-0.0042  	0.06326  	-0.4800  	0.00135  	0.46055  	0.26651  	-0.1185  	0.45275  	-0.0470  	-0.0146  	-0.0315  	0.04765  	-0.0146  	-0.0431  	-0.0156  	-0.0049  	-0.0283  	0.04072  	0.00905  	-0.0285  	0.00037  	-0.0290  	-0.0176  	0.00586  	-0.0146  	-0.0398  	0.00704  	-0.0090  	0.11951  	-0.3634  	0.04362  	0.02647  	0.01211  	0.40077  	0.51056  	268.426  	212.431  	
0.19460  	-0.1591  	-0.0460  	0.24174  	0.45380  	-0.1189  	-0.5538  	0.14119  	0.16228  	-0.5445  	-0.6453  	0.63521  	0.20427  	-0.2366  	-0.2554  	0.02367  	0.11981  	-0.2524  	0.51436  	-0.2355  	0.03701  	-0.2712  	-0.4987  	0.33017  	0.02321  	0.20216  	0.03120  	-0.5307  	-0.2125  	-0.1159  	0.18227  	0.09595  	-0.2252  	-0.3574  	0.12864  	-0.0357  	0.01454  	0.07664  	-0.5084  	-0.0310  	0.46742  	0.25074  	-0.1306  	0.47783  	-0.0549  	-0.0066  	-0.0386  	0.06644  	-0.0209  	-0.0459  	-0.0155  	0.00035  	-0.0213  	0.05161  	0.01464  	-0.0252  	-0.0115  	-0.0380  	-0.0265  	0.01091  	-0.0110  	-0.0457  	-0.0042  	-0.0121  	0.11951  	-0.3634  	0.04362  	0.02647  	0.01211  	0.40077  	0.51056  	268.426  	212.431  	
0.16524  	-0.2312  	-0.0187  	0.03931  	0.39374  	-0.2196  	-0.5405  	0.03788  	0.14462  	-0.4980  	-0.5265  	0.59660  	0.10462  	-0.4392  	-0.5397  	0.15776  	0.09051  	-0.1960  	0.50328  	-0.1547  	-0.0154  	-0.2486  	-0.5231  	0.36474  	-0.0107  	0.17129  	-0.0243  	-0.4522  	-0.2094  	-0.1484  	0.13674  	0.08867  	-0.2274  	-0.3337  	0.12965  	0.03664  	0.05219  	0.05191  	-0.5064  	-0.0042  	0.50437  	0.24646  	-0.1118  	0.46458  	-0.0472  	-0.0111  	-0.0236  	0.05577  	-0.0107  	-0.0501  	-0.0071  	-0.0080  	-0.0255  	0.03962  	0.00279  	-0.0232  	0.00812  	-0.0337  	-0.0293  	0.00566  	-0.0220  	-0.0400  	0.00509  	-0.0146  	0.11951  	-0.3634  	0.04362  	0.02647  	0.01211  	0.40077  	0.51056  	268.426  	212.431  	
0.11440  	-0.2749  	0.00972  	-0.0959  	0.31427  	-0.2524  	-0.5004  	-0.0805  	0.13858  	-0.4263  	-0.4213  	0.58861  	0.01277  	-0.5458  	-0.8055  	0.23183  	0.02254  	-0.0355  	0.46332  	0.04085  	-0.0825  	-0.1697  	-0.3868  	0.35634  	0.04350  	0.11453  	0.04724  	-0.3575  	-0.2833  	-0.1412  	0.07155  	0.16008  	-0.1737  	-0.2385  	0.16115  	0.12182  	0.09606  	0.08052  	-0.4255  	0.04308  	0.45675  	0.17821  	-0.0534  	0.40104  	-0.0017  	-0.0279  	-0.0184  	0.05035  	0.00176  	-0.0374  	-0.0099  	-0.0025  	-0.0204  	0.03795  	0.01406  	-0.0264  	0.00643  	-0.0250  	-0.0214  	0.00869  	-0.0178  	-0.0577  	0.03220  	-0.0108  	0.11951  	-0.3634  	0.04362  	0.02647  	0.01211  	0.40077  	0.51056  	268.426  	212.431  	
0.04286  	-0.2730  	-0.1348  	-0.0940  	0.32692  	-0.2034  	-0.4744  	-0.1321  	0.15369  	-0.4253  	-0.4941  	0.55482  	-0.0418  	-0.4597  	-0.8074  	0.20853  	-0.0174  	0.09023  	0.39191  	0.27858  	-0.1494  	0.03968  	-0.2064  	0.33922  	0.15167  	0.03855  	0.03469  	-0.2229  	-0.3029  	-0.0910  	-0.0323  	0.19027  	-0.1045  	-0.1068  	0.18479  	0.16259  	0.15448  	0.07445  	-0.3150  	0.12745  	0.39140  	0.05810  	0.05284  	0.33868  	0.04862  	-0.0416  	-0.0052  	0.02886  	0.00509  	-0.0330  	-0.0111  	-0.0100  	-0.0288  	0.01714  	0.00513  	-0.0219  	0.01116  	-0.0128  	-0.0215  	7.68845  	-0.0203  	-0.0564  	0.04145  	-0.0112  	0.11951  	-0.3634  	0.04362  	0.02647  	0.01211  	0.40077  	0.51056  	268.426  	212.431  	
0.13234  	-0.2546  	-0.1763  	0.19613  	0.47536  	-0.1388  	-0.4735  	-0.0652  	0.16021  	-0.5073  	-0.6527  	0.58870  	0.03632  	-0.2296  	-0.5284  	0.15193  	-0.0326  	0.05718  	0.39674  	0.26650  	-0.1371  	0.06195  	-0.1800  	0.35309  	0.17930  	0.03994  	0.03200  	-0.2170  	-0.2567  	-0.0569  	-0.0364  	0.17483  	-0.0925  	-0.0872  	0.23878  	0.08139  	0.09882  	0.05691  	-0.3041  	0.14118  	0.35001  	0.07077  	0.03832  	0.33484  	0.05024  	-0.0363  	-0.0067  	0.02399  	0.00361  	-0.0259  	-0.0084  	-0.0099  	-0.0185  	0.02133  	-0.0024  	-0.0153  	0.00740  	-0.0151  	-0.0155  	0.00576  	-0.0243  	-0.0458  	0.02944  	-0.0101  	0.11951  	-0.3634  	0.04362  	0.02647  	0.01211  	0.40077  	0.51056  	268.426  	212.431  	
0.18073  	-0.1833  	-0.2103  	0.28370  	0.53518  	-0.0966  	-0.4857  	-0.0382  	0.18029  	-0.5834  	-0.7882  	0.61669  	0.09813  	-0.0614  	-0.3308  	0.08234  	-0.0199  	0.02152  	0.39382  	0.20169  	-0.1500  	0.09932  	-0.1414  	0.30108  	0.17328  	0.03725  	0.08162  	-0.1777  	-0.1987  	-0.0202  	-0.0514  	0.15732  	-0.0700  	-0.0756  	0.26526  	0.02934  	0.07269  	0.05348  	-0.3022  	0.13240  	0.33308  	0.06701  	0.03008  	0.33380  	0.04383  	-0.0446  	-0.0028  	0.02977  	0.00728  	-0.0262  	-0.0184  	-0.0122  	-0.0247  	0.01710  	-0.0071  	-0.0128  	0.00091  	-0.0181  	-0.0131  	-0.0040  	-0.0259  	-0.0373  	0.02609  	-0.0157  	0.11951  	-0.3634  	0.04362  	0.02647  	0.01211  	0.40077  	0.51056  	268.426  	212.431  	
0.21662  	-0.1554  	-0.0803  	0.25364  	0.47329  	-0.0300  	-0.4711  	0.01074  	0.20757  	-0.5348  	-0.8094  	0.58000  	0.18206  	-0.0221  	-0.2301  	0.07326  	-0.0348  	0.04001  	0.35204  	0.20484  	-0.1420  	0.13041  	-0.1019  	0.31259  	0.05333  	0.02909  	-0.0162  	-0.2922  	-0.2372  	-0.0800  	0.02235  	0.14267  	-0.0319  	-0.0810  	0.23214  	0.02282  	0.10031  	0.04569  	-0.2940  	0.12757  	0.40532  	0.04561  	0.05013  	0.32615  	0.04480  	-0.0418  	0.00169  	0.04759  	0.01032  	-0.0252  	-0.0174  	-0.0077  	-0.0309  	0.01258  	0.00037  	-0.0202  	-0.0003  	-0.0182  	-0.0171  	0.00488  	-0.0154  	-0.0348  	0.03236  	-0.0050  	0.11951  	-0.3634  	0.04362  	0.02647  	0.01211  	0.40077  	0.51056  	268.426  	212.431  	
0.19721  	-0.1754  	-0.0761  	0.12295  	0.40100  	-0.1425  	-0.4794  	-0.0092  	0.21180  	-0.5213  	-0.6706  	0.56894  	0.13566  	-0.1201  	-0.4420  	0.08132  	-0.0496  	0.05818  	0.39415  	0.19402  	-0.0215  	0.09201  	-0.0647  	0.34752  	0.05780  	0.01385  	0.00215  	-0.3250  	-0.3189  	-0.1199  	-0.0004  	0.15587  	-0.0361  	-0.0956  	0.25816  	-0.0077  	0.16810  	0.06763  	-0.3356  	0.13340  	0.39518  	0.04023  	0.04546  	0.33368  	0.03936  	-0.0426  	0.00491  	0.04082  	0.00203  	-0.0350  	-0.0198  	-0.0145  	-0.0288  	0.01414  	0.00178  	-0.0175  	-0.0015  	-0.0167  	-0.0176  	0.00714  	-0.0150  	-0.0331  	0.02330  	-0.0059  	0.11951  	-0.3634  	0.04362  	0.02647  	0.01211  	0.40077  	0.51056  	268.426  	212.431  	
-0.0811  	-0.2877  	-0.1692  	-0.3270  	0.23570  	-0.3405  	-0.4849  	-0.1071  	0.17872  	-0.4663  	-0.4215  	0.50746  	0.01087  	-0.4375  	-0.6880  	0.09684  	-0.0307  	0.09451  	0.39728  	0.24571  	0.01735  	-0.0251  	-0.0539  	0.31201  	-0.0285  	0.04959  	-0.0297  	-0.3307  	-0.4088  	-0.1739  	0.01456  	0.15075  	-0.0663  	-0.0941  	0.20834  	0.01055  	0.22480  	0.07828  	-0.3729  	0.08961  	0.43799  	0.04283  	0.03611  	0.32050  	0.04637  	-0.0367  	0.00849  	0.02755  	-0.0148  	-0.0209  	-0.0335  	-0.0113  	-0.0295  	0.01828  	-0.0020  	-0.0257  	0.00122  	-0.0172  	-0.0276  	-0.0059  	-0.0149  	-0.0364  	0.02445  	-0.0104  	0.11951  	-0.3634  	0.04362  	0.02647  	0.01211  	0.40077  	0.51056  	268.426  	212.431  	
-0.2226  	-0.3261  	-0.1625  	-0.5247  	0.11202  	-0.3541  	-0.5037  	-0.1616  	0.17472  	-0.4001  	-0.3492  	0.46949  	-0.0441  	-0.5581  	-0.8418  	0.05472  	-0.0207  	0.10627  	0.41240  	0.22185  	-0.0533  	0.02918  	-0.0191  	0.31059  	-0.0015  	0.06350  	-0.0498  	-0.3175  	-0.3496  	-0.1640  	0.01579  	0.15739  	-0.0660  	-0.0870  	0.11940  	0.07776  	0.18055  	0.08289  	-0.3656  	0.09521  	0.45775  	0.05276  	0.04350  	0.32458  	0.05098  	-0.0392  	0.00618  	-0.0045  	-0.0103  	-0.0264  	-0.0351  	-0.0139  	-0.0281  	0.02732  	-0.0042  	-0.0323  	0.00418  	-0.0126  	-0.0219  	-0.0060  	-0.0158  	-0.0366  	0.02746  	-0.0064  	0.11951  	-0.3634  	0.04362  	0.02647  	0.01211  	0.40077  	0.51056  	268.426  	212.431  	
-0.2698  	-0.3504  	-0.2106  	-0.5069  	0.06579  	-0.3587  	-0.4739  	-0.1903  	0.14777  	-0.3670  	-0.3974  	0.47862  	-0.0220  	-0.5623  	-0.9196  	0.06205  	-0.0145  	0.12764  	0.38770  	0.23647  	-0.1955  	0.02409  	-0.0133  	0.21945  	0.02546  	0.08823  	-0.1210  	-0.2207  	-0.2556  	-0.1557  	0.06024  	0.13984  	-0.0989  	-0.0846  	0.01708  	0.12368  	0.10456  	0.07612  	-0.3031  	0.09166  	0.50681  	0.03736  	0.07746  	0.35066  	0.04284  	-0.0513  	0.01026  	0.02474  	-0.0011  	-0.0210  	-0.0258  	-0.0094  	-0.0304  	0.02387  	0.01092  	-0.0312  	0.00059  	-0.0159  	-0.0254  	-0.0057  	-0.0122  	-0.0331  	0.03701  	-0.0018  	0.11951  	-0.3634  	0.04362  	0.02647  	0.01211  	0.40077  	0.51056  	268.426  	212.431  	
-0.2692  	-0.2787  	-0.1801  	-0.4681  	0.11646  	-0.4109  	-0.5082  	-0.1334  	0.17629  	-0.3589  	-0.4044  	0.49428  	-0.0323  	-0.5215  	-0.9400  	0.06819  	-0.0081  	0.11445  	0.40548  	0.23893  	-0.1676  	0.00349  	6.15812  	0.22384  	-0.0309  	0.08806  	-0.1149  	-0.2287  	-0.2736  	-0.1773  	0.03580  	0.14649  	-0.0775  	-0.0809  	0.04443  	0.09569  	0.11871  	0.07959  	-0.3101  	0.07426  	0.50084  	0.02732  	0.08258  	0.35346  	0.03732  	-0.0465  	0.01101  	0.02874  	-0.0029  	-0.0292  	-0.0265  	-0.0128  	-0.0302  	0.02599  	0.00454  	-0.0317  	0.00259  	-0.0129  	-0.0217  	-0.0029  	-0.0117  	-0.0310  	0.02998  	-0.0044  	0.11951  	-0.3634  	0.04362  	0.02647  	0.01211  	0.40077  	0.51056  	268.426  	212.431  	
-0.2817  	-0.3029  	-0.2003  	-0.5458  	0.07509  	-0.4277  	-0.5010  	-0.1690  	0.14528  	-0.3549  	-0.3633  	0.45515  	-0.0554  	-0.5569  	-0.9706  	0.05432  	-0.0222  	0.11557  	0.41451  	0.24553  	-0.1453  	0.00765  	2.57886  	0.22812  	-0.0070  	0.08451  	-0.1159  	-0.2503  	-0.2907  	-0.1772  	0.03604  	0.13664  	-0.0864  	-0.0844  	0.06126  	0.10703  	0.14524  	0.07497  	-0.3304  	0.07593  	0.48921  	0.04113  	0.06779  	0.35166  	0.04165  	-0.0450  	0.01246  	0.02105  	-0.0072  	-0.0239  	-0.0263  	-0.0067  	-0.0301  	0.02592  	0.00089  	-0.0290  	0.00209  	-0.0129  	-0.0224  	-0.0078  	-0.0140  	-0.0368  	0.03385  	-0.0086  	0.11951  	-0.3634  	0.04362  	0.02647  	0.01211  	0.40077  	0.51056  	268.426  	212.431  	
-0.3790  	-0.3255  	-0.2501  	-0.5783  	0.07478  	-0.5243  	-0.4833  	-0.1935  	0.12031  	-0.3192  	-0.3061  	0.46947  	-0.0255  	-0.5487  	-0.9731  	0.03934  	-0.0501  	0.12110  	0.39395  	0.25686  	-0.1773  	0.03769  	-0.0051  	0.23632  	-0.0131  	0.08726  	-0.1306  	-0.2481  	-0.2813  	-0.1705  	0.05589  	0.12682  	-0.0765  	-0.0838  	0.06426  	0.10652  	0.11906  	0.06487  	-0.3200  	0.08305  	0.49518  	0.04592  	0.05851  	0.34419  	0.04933  	-0.0463  	0.00896  	0.01798  	-0.0149  	-0.0202  	-0.0340  	-0.0079  	-0.0260  	0.02010  	-0.0052  	-0.0335  	-0.0014  	-0.0160  	-0.0227  	-0.0050  	-0.0097  	-0.0344  	0.03298  	-0.0121  	0.11951  	-0.3634  	0.04362  	0.02647  	0.01211  	0.40077  	0.51056  	268.426  	212.431  	
-0.4327  	-0.3646  	-0.3106  	-0.5202  	0.14846  	-0.5774  	-0.4792  	-0.1940  	0.13166  	-0.3197  	-0.2813  	0.52265  	-0.0209  	-0.5178  	-0.9150  	0.03802  	-0.0472  	0.12891  	0.36197  	0.29627  	-0.1689  	0.05540  	-0.0377  	0.28190  	-0.0337  	0.08668  	-0.1490  	-0.2332  	-0.2947  	-0.1748  	0.05196  	0.12397  	-0.0623  	-0.0787  	0.08442  	0.09569  	0.08708  	0.05965  	-0.3136  	0.09983  	0.46545  	0.05257  	0.04045  	0.31891  	0.04260  	-0.0458  	0.01031  	0.01696  	-0.0106  	-0.0230  	-0.0311  	-0.0091  	-0.0252  	0.02268  	0.00123  	-0.0356  	0.00166  	-0.0165  	-0.0220  	-0.0012  	-0.0117  	-0.0337  	0.03251  	-0.0092  	0.11951  	-0.3634  	0.04362  	0.02647  	0.01211  	0.40077  	0.51056  	268.426  	212.431  	
-0.3697  	-0.3465  	-0.3018  	-0.4725  	0.18677  	-0.5552  	-0.4867  	-0.1485  	0.15274  	-0.3332  	-0.2865  	0.54262  	-0.0106  	-0.4743  	-0.8676  	0.01315  	-0.0309  	0.10053  	0.36800  	0.28304  	-0.1165  	0.02837  	-0.0650  	0.30980  	-0.0428  	0.07364  	-0.1205  	-0.2597  	-0.3342  	-0.1658  	0.03854  	0.12836  	-0.0645  	-0.0847  	0.11171  	0.07259  	0.11584  	0.05615  	-0.3133  	0.09222  	0.45431  	0.05101  	0.03061  	0.30936  	0.04532  	-0.0423  	0.00781  	0.01920  	-0.0094  	-0.0162  	-0.0296  	-0.0073  	-0.0276  	0.02301  	0.00264  	-0.0341  	0.00075  	-0.0159  	-0.0256  	-0.0039  	-0.0137  	-0.0337  	0.03165  	-0.0089  	0.11951  	-0.3634  	0.04362  	0.02647  	0.01211  	0.40077  	0.51056  	268.426  	212.431  	
-0.2351  	-0.2840  	-0.2308  	-0.4454  	0.17262  	-0.4611  	-0.5149  	-0.0763  	0.17332  	-0.3636  	-0.3366  	0.58733  	0.01672  	-0.3807  	-0.8257  	0.00656  	-0.0338  	0.09300  	0.39772  	0.23705  	-0.0923  	0.02933  	0.00120  	0.30268  	-0.0290  	0.06208  	-0.0967  	-0.2941  	-0.3133  	-0.1567  	0.04522  	0.11417  	-0.0616  	-0.0822  	0.11035  	0.05246  	0.13040  	0.05694  	-0.3091  	0.10398  	0.45560  	0.04425  	0.05452  	0.33286  	0.04241  	-0.0399  	0.00826  	0.02731  	-0.0038  	-0.0197  	-0.0259  	-0.0107  	-0.0352  	0.02480  	-0.0048  	-0.0345  	0.00362  	-0.0131  	-0.0261  	-0.0060  	-0.0153  	-0.0399  	0.03578  	-0.0102  	0.11951  	-0.3634  	0.04362  	0.02647  	0.01211  	0.40077  	0.51056  	268.426  	212.431  	
-0.0647  	-0.2501  	-0.1095  	-0.3349  	0.22819  	-0.3486  	-0.4878  	-0.0369  	0.20162  	-0.4388  	-0.3732  	0.59625  	0.00767  	-0.3035  	-0.7459  	0.06550  	-0.0061  	0.08450  	0.37245  	0.25960  	-0.0363  	0.01173  	-0.0142  	0.33978  	-0.0571  	0.06453  	-0.1109  	-0.3046  	-0.3521  	-0.1757  	0.02777  	0.13143  	-0.0517  	-0.0938  	0.14318  	0.00998  	0.16935  	0.06598  	-0.3221  	0.09297  	0.45745  	0.02056  	0.05053  	0.32968  	0.04134  	-0.0371  	0.01450  	0.02343  	-0.0070  	-0.0235  	-0.0355  	-0.0139  	-0.0286  	0.01942  	-0.0029  	-0.0312  	-0.0033  	-0.0169  	-0.0260  	-0.0040  	-0.0166  	-0.0421  	0.02732  	-0.0096  	0.11951  	-0.3634  	0.04362  	0.02647  	0.01211  	0.40077  	0.51056  	268.426  	212.431  	
0.09984  	-0.1858  	-0.0363  	-0.1660  	0.27399  	-0.2345  	-0.5041  	0.01274  	0.22175  	-0.4440  	-0.5054  	0.59269  	0.07387  	-0.2481  	-0.6193  	0.12637  	-0.0143  	0.05379  	0.38940  	0.19836  	-0.0402  	0.04548  	-0.0339  	0.30716  	-0.0711  	0.06956  	-0.0678  	-0.3573  	-0.3803  	-0.1687  	0.04927  	0.15130  	-0.0329  	-0.0893  	0.17401  	-0.0137  	0.19325  	0.08651  	-0.3424  	0.09192  	0.44489  	0.01895  	0.07201  	0.33110  	0.03193  	-0.0425  	0.01300  	0.04123  	-0.0030  	-0.0233  	-0.0253  	-0.0071  	-0.0313  	0.01813  	-0.0011  	-0.0202  	-0.0117  	-0.0232  	-0.0236  	-0.0036  	-0.0114  	-0.0311  	0.02380  	-0.0123  	0.11951  	-0.3634  	0.04362  	0.02647  	0.01211  	0.40077  	0.51056  	268.426  	212.431  	
0.20761  	-0.1473  	0.00392  	-0.1697  	0.23979  	-0.1874  	-0.5014  	0.03180  	0.23855  	-0.4543  	-0.4377  	0.59772  	0.06848  	-0.2215  	-0.6013  	0.15560  	-0.0077  	0.04319  	0.39276  	0.18155  	0.04996  	0.04127  	-0.0345  	0.29249  	-0.0617  	0.05341  	-0.0374  	-0.4137  	-0.4429  	-0.1748  	0.03321  	0.17319  	-0.0335  	-0.1003  	0.21106  	-0.0328  	0.24608  	0.11613  	-0.3716  	0.06225  	0.43733  	0.02511  	0.07043  	0.32924  	0.02932  	-0.0391  	0.01015  	0.03116  	-0.0013  	-0.0192  	-0.0330  	-0.0085  	-0.0295  	0.02247  	0.00026  	-0.0183  	-0.0097  	-0.0175  	-0.0269  	-0.0067  	-0.0145  	-0.0259  	0.02743  	-0.0121  	0.11951  	-0.3634  	0.04362  	0.02647  	0.01211  	0.40077  	0.51056  	268.426  	212.431  	
0.29075  	-0.1332  	0.07562  	-0.1236  	0.18485  	-0.1087  	-0.4843  	0.10027  	0.26706  	-0.5391  	-0.3602  	0.58238  	0.04241  	-0.1651  	-0.4949  	0.19561  	-0.0067  	-0.0040  	0.39471  	0.13441  	0.21118  	0.06312  	0.02893  	0.38524  	-0.0473  	0.03549  	0.07233  	-0.5600  	-0.5669  	-0.1767  	0.00924  	0.20226  	-0.0245  	-0.1055  	0.29667  	-0.0735  	0.36436  	0.15433  	-0.4197  	0.02480  	0.39326  	0.03810  	0.06270  	0.32898  	0.03198  	-0.0387  	0.00848  	0.02785  	0.00037  	-0.0166  	-0.0431  	-0.0100  	-0.0246  	0.03023  	-0.0016  	-0.0140  	-0.0114  	-0.0149  	-0.0280  	0.00074  	-0.0112  	-0.0322  	0.02896  	-0.0138  	0.11951  	-0.3634  	0.04362  	0.02647  	0.01211  	0.40077  	0.51056  	268.426  	212.431  	
0.25884  	-0.1448  	0.06173  	-0.1429  	0.22363  	-0.1524  	-0.4778  	0.05042  	0.25815  	-0.5068  	-0.3616  	0.61375  	0.05375  	-0.1872  	-0.6083  	0.22259  	-0.0246  	0.03308  	0.36318  	0.19487  	0.14456  	0.01479  	-0.0311  	0.36863  	-0.0437  	0.05130  	0.01305  	-0.4710  	-0.5197  	-0.1773  	0.01914  	0.18341  	-0.0159  	-0.0989  	0.28407  	-0.0496  	0.29080  	0.13159  	-0.3880  	0.04235  	0.40867  	0.04917  	0.05774  	0.32196  	0.03200  	-0.0398  	0.01050  	0.02904  	-0.0016  	-0.0149  	-0.0321  	-0.0078  	-0.0242  	0.02641  	0.00053  	-0.0188  	-0.0065  	-0.0145  	-0.0276  	-0.0068  	-0.0116  	-0.0370  	0.03341  	-0.0105  	0.11951  	-0.3634  	0.04362  	0.02647  	0.01211  	0.40077  	0.51056  	268.426  	212.431  	
-0.2026  	-0.3071  	-0.2258  	-0.3980  	0.15229  	-0.4669  	-0.5399  	-0.1017  	0.21746  	-0.3133  	-0.2957  	0.62613  	0.06986  	-0.3480  	-0.9363  	0.18243  	-0.0289  	0.09122  	0.38786  	0.30125  	-0.1328  	-0.0329  	-0.0780  	0.25617  	-0.1557  	0.13560  	-0.2114  	-0.1993  	-0.4122  	-0.2294  	0.09978  	0.13822  	-0.0105  	-0.0937  	0.10418  	0.04037  	0.11572  	0.05946  	-0.3083  	0.05674  	0.49885  	0.04311  	0.06429  	0.32026  	0.03001  	-0.0457  	0.01239  	0.03484  	0.00757  	-0.0066  	-0.0335  	-0.0104  	-0.0249  	0.02058  	0.00585  	-0.0260  	0.00100  	-0.0123  	-0.0217  	-0.0007  	-0.0072  	-0.0298  	0.04451  	0.00140  	0.11951  	-0.3634  	0.04362  	0.02647  	0.01211  	0.40077  	0.51056  	268.426  	212.431  	
-0.4065  	-0.3688  	-0.3510  	-0.5920  	0.16549  	-0.5986  	-0.4982  	-0.1775  	0.15055  	-0.3382  	-0.2220  	0.50395  	-0.0267  	-0.5159  	-1.0117  	0.02354  	-0.0411  	0.12301  	0.37016  	0.27702  	-0.1520  	0.00260  	-0.1179  	0.24613  	-0.0300  	0.09171  	-0.1957  	-0.2020  	-0.2881  	-0.1924  	0.05793  	0.11932  	-0.0447  	-0.0978  	0.08167  	0.11147  	0.09466  	0.04903  	-0.3018  	0.07170  	0.46609  	0.04651  	0.04885  	0.30768  	0.04778  	-0.0512  	0.00634  	0.02831  	-0.0091  	-0.0190  	-0.0291  	-0.0099  	-0.0296  	0.02118  	0.00681  	-0.0305  	0.00531  	-0.0122  	-0.0235  	0.00128  	-0.0143  	-0.0344  	0.03180  	-0.0089  	0.11951  	-0.3634  	0.04362  	0.02647  	0.01211  	0.40077  	0.51056  	268.426  	212.431  	
-0.3401  	-0.3497  	-0.2150  	-0.6206  	0.06251  	-0.6063  	-0.4806  	-0.1496  	0.17301  	-0.2983  	-0.2655  	0.45884  	-0.0221  	-0.4564  	-0.9272  	0.00626  	-0.0061  	0.08526  	0.38276  	0.24367  	-0.1225  	0.04041  	-0.0510  	0.31749  	-0.0105  	0.10702  	-0.0794  	-0.3397  	-0.3357  	-0.1866  	0.06813  	0.11224  	-0.0521  	-0.0897  	0.09703  	0.06292  	0.12995  	0.06526  	-0.3293  	0.09037  	0.48050  	0.05131  	0.05889  	0.32056  	0.04655  	-0.0503  	0.01137  	0.03231  	-0.0107  	-0.0239  	-0.0310  	-0.0082  	-0.0340  	0.02708  	-0.0028  	-0.0362  	-0.0007  	-0.0159  	-0.0275  	0.00259  	-0.0166  	-0.0340  	0.03582  	-0.0085  	0.11951  	-0.3634  	0.04362  	0.02647  	0.01211  	0.40077  	0.51056  	268.426  	212.431  	
-0.0500  	-0.3251  	-0.1128  	-0.3446  	0.15667  	-0.2506  	-0.4782  	-0.0516  	0.20038  	-0.4437  	-0.4554  	0.50675  	0.01656  	-0.4040  	-0.8071  	0.15866  	0.02419  	0.11745  	0.40641  	0.21609  	-0.1344  	0.01407  	-0.0531  	0.30550  	0.01327  	0.07255  	-0.0695  	-0.3052  	-0.3664  	-0.1732  	0.01456  	0.16617  	-0.0463  	-0.1025  	0.13167  	0.06114  	0.15098  	0.08165  	-0.3279  	0.10630  	0.47217  	0.03284  	0.06111  	0.32561  	0.03707  	-0.0378  	0.01004  	0.02963  	-0.0060  	-0.0131  	-0.0230  	-0.0098  	-0.0284  	0.02127  	-0.0021  	-0.0257  	-0.0031  	-0.0204  	-0.0229  	0.00115  	-0.0174  	-0.0297  	0.03451  	-0.0101  	0.11951  	-0.3634  	0.04362  	0.02647  	0.01211  	0.40077  	0.51056  	268.426  	212.431  	
0.12841  	-0.2363  	-0.0502  	-0.1312  	0.28656  	-0.2033  	-0.5046  	-0.0590  	0.18403  	-0.4392  	-0.4156  	0.64673  	0.01551  	-0.4130  	-0.7988  	0.23042  	-0.0225  	0.11262  	0.41200  	0.31359  	-0.0704  	0.00364  	-0.1298  	0.31342  	0.00245  	0.05018  	-0.0532  	-0.2279  	-0.3290  	-0.1516  	-0.0104  	0.17953  	-0.0483  	-0.1000  	0.17202  	0.08775  	0.15936  	0.08773  	-0.3321  	0.12404  	0.43242  	0.03209  	0.06306  	0.34295  	0.04155  	-0.0371  	0.00723  	0.03091  	-0.0041  	-0.0275  	-0.0180  	-0.0111  	-0.0249  	0.01932  	-0.0007  	-0.0192  	-0.0002  	-0.0183  	-0.0235  	0.00036  	-0.0198  	-0.0434  	0.02586  	-0.0132  	0.11951  	-0.3634  	0.04362  	0.02647  	0.01211  	0.40077  	0.51056  	268.426  	212.431  	
0.12952  	-0.2529  	-0.0268  	-0.0005  	0.37516  	-0.1383  	-0.5003  	-0.0323  	0.19093  	-0.4752  	-0.5514  	0.60089  	0.02749  	-0.3156  	-0.6642  	0.22394  	-0.0160  	0.05442  	0.40532  	0.24257  	-0.0704  	-0.0017  	-0.1306  	0.34357  	0.11848  	0.03120  	0.07265  	-0.2872  	-0.3204  	-0.0769  	-0.0318  	0.19528  	-0.0729  	-0.0839  	0.20110  	0.07258  	0.17488  	0.09573  	-0.3159  	0.09090  	0.37676  	0.05881  	0.06528  	0.33650  	0.03888  	-0.0417  	-0.0005  	0.02809  	0.00475  	-0.0392  	-0.0161  	-0.0093  	-0.0250  	0.02279  	-0.0029  	-0.0171  	0.00146  	-0.0127  	-0.0196  	-0.0041  	-0.0154  	-0.0490  	0.03088  	-0.0146  	0.11951  	-0.3634  	0.04362  	0.02647  	0.01211  	0.40077  	0.51056  	268.426  	212.431  	
0.05397  	-0.2744  	-0.0846  	-0.0859  	0.31534  	-0.1995  	-0.4929  	-0.0835  	0.16698  	-0.5008  	-0.5388  	0.55462  	0.00742  	-0.3727  	-0.6390  	0.12284  	-0.0155  	0.06260  	0.40745  	0.20652  	-0.0721  	0.04478  	-0.0804  	0.34145  	0.07997  	0.04598  	0.02632  	-0.3107  	-0.3361  	-0.1104  	-0.0289  	0.19125  	-0.0639  	-0.0932  	0.18793  	0.06673  	0.20627  	0.09415  	-0.3495  	0.09466  	0.40119  	0.04661  	0.04809  	0.34440  	0.03976  	-0.0455  	0.00378  	0.02985  	0.00672  	-0.0310  	-0.0253  	-0.0092  	-0.0229  	0.02328  	0.00253  	-0.0175  	0.00321  	-0.0188  	-0.0161  	-0.0015  	-0.0184  	-0.0501  	0.02191  	-0.0156  	0.11951  	-0.3634  	0.04362  	0.02647  	0.01211  	0.40077  	0.51056  	268.426  	212.431  	
0.06960  	-0.2406  	-0.0497  	-0.1540  	0.27718  	-0.1958  	-0.5241  	-0.1017  	0.13902  	-0.4553  	-0.4278  	0.55853  	-0.0159  	-0.4640  	-0.8115  	0.24037  	-0.0382  	0.08594  	0.41985  	0.25443  	-0.0775  	0.03232  	-0.1062  	0.35879  	0.06006  	0.02821  	-0.0142  	-0.3163  	-0.3363  	-0.1256  	-0.0242  	0.16462  	-0.0853  	-0.1021  	0.21528  	0.11322  	0.19838  	0.08898  	-0.3488  	0.09203  	0.40175  	0.05432  	0.03883  	0.33253  	0.04851  	-0.0359  	-0.0014  	0.02574  	0.00475  	-0.0243  	-0.0141  	-0.0068  	-0.0196  	0.01693  	0.00082  	-0.0213  	0.00803  	-0.0142  	-0.0189  	-0.0047  	-0.0249  	-0.0491  	0.03899  	-0.0132  	0.11951  	-0.3634  	0.04362  	0.02647  	0.01211  	0.40077  	0.51056  	268.426  	212.431  	
-0.0771  	-0.2808  	-0.1505  	-0.3370  	0.17206  	-0.3023  	-0.4942  	-0.1047  	0.14461  	-0.3904  	-0.3931  	0.53664  	-0.0305  	-0.5040  	-0.9288  	0.17887  	-0.0489  	0.14641  	0.39318  	0.30432  	-0.1253  	0.01835  	-0.1053  	0.28774  	0.06129  	0.05100  	-0.0748  	-0.2409  	-0.3010  	-0.1519  	0.00327  	0.15626  	-0.0826  	-0.0987  	0.13332  	0.14312  	0.16322  	0.07126  	-0.3026  	0.11420  	0.43765  	0.04915  	0.04599  	0.33705  	0.04883  	-0.0372  	0.00726  	0.02567  	-0.0020  	-0.0334  	-0.0196  	-0.0082  	-0.0204  	0.02722  	0.00224  	-0.0259  	0.00365  	-0.0121  	-0.0243  	-7.8673  	-0.0187  	-0.0489  	0.03437  	-0.0052  	0.11951  	-0.3634  	0.04362  	0.02647  	0.01211  	0.40077  	0.51056  	268.426  	212.431  	
-0.2696  	-0.3434  	-0.2925  	-0.4417  	0.15582  	-0.4428  	-0.4784  	-0.1764  	0.13082  	-0.3755  	-0.3442  	0.51400  	-0.0600  	-0.5353  	-0.8854  	0.06872  	-0.0288  	0.11658  	0.39616  	0.23362  	-0.1451  	0.02146  	-0.0538  	0.27334  	0.04364  	0.07264  	-0.0718  	-0.2524  	-0.3023  	-0.1479  	0.02529  	0.14860  	-0.0891  	-0.0930  	0.12715  	0.12742  	0.15122  	0.05945  	-0.3447  	0.08356  	0.44088  	0.05153  	0.03881  	0.34124  	0.05567  	-0.0451  	0.00417  	0.00682  	-0.0157  	-0.0236  	-0.0172  	-0.0068  	-0.0307  	0.02040  	0.00661  	-0.0255  	0.00684  	-0.0103  	-0.0222  	-0.0047  	-0.0163  	-0.0392  	0.03432  	-0.0086  	0.11951  	-0.3634  	0.04362  	0.02647  	0.01211  	0.40077  	0.51056  	268.426  	212.431  	
-0.2399  	-0.3257  	-0.2110  	-0.4669  	0.14532  	-0.4133  	-0.4970  	-0.1214  	0.14013  	-0.3982  	-0.3396  	0.49739  	-0.0497  	-0.4822  	-0.8539  	0.06873  	-0.0257  	0.09508  	0.39806  	0.22281  	-0.1012  	0.00893  	0.02300  	0.29892  	-0.0243  	0.07980  	-0.0649  	-0.2966  	-0.3078  	-0.1558  	0.03411  	0.15327  	-0.0837  	-0.0990  	0.11634  	0.07816  	0.17020  	0.08078  	-0.3524  	0.08722  	0.46940  	0.04636  	0.05568  	0.34434  	0.04562  	-0.0458  	0.01184  	0.01388  	-0.0126  	-0.0256  	-0.0266  	-0.0068  	-0.0258  	0.02383  	-0.0022  	-0.0274  	-0.0011  	-0.0168  	-0.0245  	-0.0063  	-0.0106  	-0.0367  	0.02597  	-0.0129  	0.11951  	-0.3634  	0.04362  	0.02647  	0.01211  	0.40077  	0.51056  	268.426  	212.431  	
-0.1335  	-0.2532  	-0.1805  	-0.3630  	0.20324  	-0.3213  	-0.4948  	-0.0703  	0.17334  	-0.4188  	-0.4767  	0.57247  	0.02990  	-0.3809  	-0.7724  	0.07617  	-0.0108  	0.11061  	0.37658  	0.23674  	-0.1286  	0.06939  	-0.0092  	0.28418  	-0.0136  	0.08479  	-0.0975  	-0.2416  	-0.2909  	-0.1599  	0.03089  	0.11535  	-0.0653  	-0.0942  	0.09231  	0.05428  	0.11512  	0.05713  	-0.2977  	0.10948  	0.46249  	0.04223  	0.05872  	0.34118  	0.03214  	-0.0416  	0.01067  	0.03536  	-0.0139  	-0.0196  	-0.0300  	-0.0093  	-0.0306  	0.01895  	-0.0028  	-0.0310  	0.00255  	-0.0200  	-0.0224  	-0.0071  	-0.0156  	-0.0390  	0.03353  	-0.0082  	0.11951  	-0.3634  	0.04362  	0.02647  	0.01211  	0.40077  	0.51056  	268.426  	212.431  	
0.17037  	-0.1881  	-0.0200  	-0.1271  	0.24490  	-0.1001  	-0.5090  	0.04068  	0.22311  	-0.4667  	-0.6390  	0.57784  	0.12612  	-0.1855  	-0.5252  	0.10915  	-0.0002  	0.07984  	0.40536  	0.16549  	-0.0408  	0.08618  	0.02086  	0.29893  	-0.0098  	0.06201  	-0.0916  	-0.3704  	-0.3597  	-0.1658  	0.04500  	0.14861  	-0.0508  	-0.1125  	0.14117  	-0.0172  	0.15543  	0.07938  	-0.3088  	0.09551  	0.43781  	0.01631  	0.10548  	0.34330  	0.02132  	-0.0375  	-0.0054  	0.04151  	0.00258  	-0.0140  	-0.0219  	-0.0152  	-0.0216  	0.01970  	-0.0026  	-0.0157  	-0.0112  	-0.0154  	-0.0228  	-0.0013  	-0.0146  	-0.0274  	0.02918  	-0.0084  	0.11951  	-0.3634  	0.04362  	0.02647  	0.01211  	0.40077  	0.51056  	268.426  	212.431  	
0.16823  	-0.1936  	-0.0550  	-0.1389  	0.31492  	-0.1802  	-0.4748  	0.01735  	0.20352  	-0.4512  	-0.5493  	0.52612  	0.10438  	-0.1355  	-0.5561  	0.09528  	-0.0269  	0.04168  	0.40513  	0.19521  	-0.0111  	0.04811  	-0.0679  	0.32714  	0.07070  	0.02306  	0.02991  	-0.4128  	-0.4055  	-0.1185  	0.01317  	0.16339  	-0.0439  	-0.0930  	0.25059  	-0.0070  	0.22639  	0.08636  	-0.3505  	0.09418  	0.40379  	0.04747  	0.06384  	0.32926  	0.03322  	-0.0403  	0.00044  	0.03144  	0.00836  	-0.0202  	-0.0275  	-0.0160  	-0.0319  	0.02175  	-0.0019  	-0.0170  	-0.0021  	-0.0169  	-0.0260  	-0.0009  	-0.0187  	-0.0349  	0.02312  	-0.0128  	0.11951  	-0.3634  	0.04362  	0.02647  	0.01211  	0.40077  	0.51056  	268.426  	212.431  	
-0.2154  	-0.2988  	-0.2136  	-0.4504  	0.17071  	-0.3652  	-0.5384  	-0.0736  	0.16700  	-0.3944  	-0.3203  	0.51979  	-0.0343  	-0.4643  	-0.7665  	0.05439  	-0.0111  	0.05111  	0.40517  	0.19944  	0.03697  	0.02056  	-0.0374  	0.31753  	-0.0502  	0.05740  	0.02794  	-0.3802  	-0.4120  	-0.1536  	0.02654  	0.16599  	-0.0573  	-0.0993  	0.20058  	0.04526  	0.21000  	0.07552  	-0.3804  	0.10356  	0.39631  	0.05500  	0.03518  	0.32193  	0.05863  	-0.0446  	0.01223  	-0.0084  	-0.0175  	-0.0131  	-0.0305  	-0.0133  	-0.0332  	0.03089  	0.00126  	-0.0311  	0.00017  	-0.0154  	-0.0201  	0.00140  	-0.0184  	-0.0389  	0.03967  	-0.0077  	0.11951  	-0.3634  	0.04362  	0.02647  	0.01211  	0.40077  	0.51056  	268.426  	212.431  	
-0.0962  	-0.2929  	-0.1402  	-0.3652  	0.15361  	-0.2743  	-0.5195  	-0.1215  	0.16590  	-0.4513  	-0.3863  	0.52643  	-0.0437  	-0.4983  	-0.8228  	0.08236  	-0.0114  	0.09284  	0.40044  	0.21241  	-0.0666  	0.02579  	0.01701  	0.30521  	-0.0043  	0.07473  	-0.0448  	-0.2972  	-0.3271  	-0.1592  	0.01245  	0.16140  	-0.0654  	-0.0943  	0.12555  	0.07577  	0.19064  	0.07997  	-0.3497  	0.09707  	0.46397  	0.04490  	0.05456  	0.34411  	0.04314  	-0.0447  	0.01521  	0.01471  	-0.0082  	-0.0241  	-0.0289  	-0.0093  	-0.0278  	0.02423  	0.00152  	-0.0322  	0.00161  	-0.0094  	-0.0221  	-0.0072  	-0.0200  	-0.0375  	0.03280  	-0.0096  	0.11951  	-0.3634  	0.04362  	0.02647  	0.01211  	0.40077  	0.51056  	268.426  	212.431  	
-0.0241  	-0.2586  	-0.0959  	-0.2833  	0.22581  	-0.2540  	-0.4994  	-0.0832  	0.17475  	-0.3784  	-0.4272  	0.57229  	-0.0078  	-0.4478  	-0.8357  	0.16501  	-0.0411  	0.10788  	0.38602  	0.27014  	-0.1034  	0.01488  	-0.0742  	0.27857  	-0.0189  	0.06057  	-0.0876  	-0.2471  	-0.2977  	-0.1659  	0.01711  	0.15170  	-0.0682  	-0.0937  	0.13304  	0.09280  	0.16354  	0.07308  	-0.3319  	0.11433  	0.45558  	0.02931  	0.06065  	0.34570  	0.03960  	-0.0438  	0.01050  	0.02515  	-0.0008  	-0.0313  	-0.0244  	-0.0122  	-0.0269  	0.01746  	0.00268  	-0.0287  	0.00608  	-0.0156  	-0.0230  	-0.0071  	-0.0189  	-0.0426  	0.03637  	-0.0067  	0.11951  	-0.3634  	0.04362  	0.02647  	0.01211  	0.40077  	0.51056  	268.426  	212.431  	
-0.0097  	-0.2707  	-0.0697  	-0.2799  	0.22510  	-0.2879  	-0.5054  	-0.0911  	0.18306  	-0.3630  	-0.4019  	0.57580  	-0.0042  	-0.4473  	-0.8152  	0.19328  	-0.0691  	0.09358  	0.39270  	0.29819  	-0.1236  	0.01666  	-0.1062  	0.26797  	-0.0010  	0.06166  	-0.1164  	-0.2396  	-0.3130  	-0.1717  	0.01470  	0.15773  	-0.0614  	-0.0944  	0.17355  	0.10495  	0.15970  	0.07116  	-0.3339  	0.11859  	0.44878  	0.04791  	0.06350  	0.34021  	0.03557  	-0.0404  	0.00959  	0.02948  	-0.0015  	-0.0278  	-0.0144  	-0.0116  	-0.0246  	0.01476  	0.00443  	-0.0305  	0.00598  	-0.0117  	-0.0233  	-0.0046  	-0.0205  	-0.0454  	0.03866  	-0.0054  	0.11951  	-0.3634  	0.04362  	0.02647  	0.01211  	0.40077  	0.51056  	268.426  	212.431  	
-0.0183  	-0.2742  	-0.1437  	-0.2334  	0.23376  	-0.2709  	-0.4947  	-0.1176  	0.16114  	-0.4408  	-0.4499  	0.54059  	-0.0143  	-0.4449  	-0.7828  	0.14271  	-0.0425  	0.08800  	0.38849  	0.27861  	-0.1056  	0.01246  	-0.0983  	0.27010  	0.02017  	0.05956  	-0.0717  	-0.2444  	-0.3218  	-0.1455  	0.00898  	0.16378  	-0.0789  	-0.0878  	0.18279  	0.11798  	0.16195  	0.07581  	-0.3410  	0.10261  	0.43342  	0.05097  	0.05401  	0.33047  	0.04346  	-0.0407  	0.00773  	0.02198  	-0.0038  	-0.0259  	-0.0181  	-0.0106  	-0.0251  	0.01600  	0.00647  	-0.0264  	0.00765  	-0.0106  	-0.0230  	-0.0080  	-0.0197  	-0.0459  	0.04009  	-0.0051  	0.11951  	-0.3634  	0.04362  	0.02647  	0.01211  	0.40077  	0.51056  	268.426  	212.431  	
-0.0351  	-0.2684  	-0.1306  	-0.2297  	0.21705  	-0.3021  	-0.5012  	-0.0736  	0.17341  	-0.4866  	-0.4208  	0.53672  	-0.0256  	-0.3887  	-0.6369  	0.10148  	-0.0250  	0.06356  	0.36525  	0.23931  	-0.0218  	0.02824  	-0.0379  	0.30817  	-0.0024  	0.07250  	-0.0402  	-0.3499  	-0.3859  	-0.1557  	0.01994  	0.17977  	-0.0576  	-0.0971  	0.20137  	0.02916  	0.21135  	0.09279  	-0.3647  	0.06870  	0.43543  	0.06206  	0.04241  	0.32257  	0.04972  	-0.0380  	0.01244  	0.01194  	-0.0139  	-0.0215  	-0.0308  	-0.0128  	-0.0259  	0.01841  	-0.0027  	-0.0259  	0.00381  	-0.0139  	-0.0251  	-0.0085  	-0.0176  	-0.0344  	0.03409  	-0.0084  	0.11951  	-0.3634  	0.04362  	0.02647  	0.01211  	0.40077  	0.51056  	268.426  	212.431  	
0.07615  	-0.2058  	-0.0659  	-0.1611  	0.20419  	-0.2470  	-0.5100  	0.01363  	0.26129  	-0.4656  	-0.3818  	0.60293  	0.07735  	-0.2368  	-0.6732  	0.18212  	-0.0132  	0.07088  	0.38505  	0.25057  	0.01008  	0.01851  	-0.0712  	0.30183  	-0.0500  	0.05857  	-0.0665  	-0.3419  	-0.4237  	-0.1724  	0.03584  	0.16308  	-0.0094  	-0.1009  	0.23082  	-0.0211  	0.19222  	0.09727  	-0.3569  	0.06507  	0.43199  	0.04528  	0.06485  	0.31397  	0.04415  	-0.0372  	0.01798  	0.01965  	-0.0059  	-0.0117  	-0.0297  	-0.0113  	-0.0251  	0.02123  	0.00071  	-0.0244  	-0.0085  	-0.0193  	-0.0233  	-0.0005  	-0.0128  	-0.0321  	0.02708  	-0.0117  	0.11951  	-0.3634  	0.04362  	0.02647  	0.01211  	0.40077  	0.51056  	268.426  	212.431  	
-0.1805  	-0.3028  	-0.1988  	-0.3547  	0.17501  	-0.4622  	-0.5332  	-0.0812  	0.23174  	-0.3229  	-0.3144  	0.61303  	0.06922  	-0.3316  	-0.9044  	0.14746  	-0.0455  	0.10253  	0.37155  	0.29193  	-0.1504  	-0.0195  	-0.0909  	0.27408  	-0.1281  	0.12276  	-0.2018  	-0.2121  	-0.3959  	-0.2113  	0.07481  	0.12733  	-0.0179  	-0.0949  	0.11952  	0.03954  	0.11261  	0.06338  	-0.3081  	0.07340  	0.47904  	0.03817  	0.06245  	0.31426  	0.03216  	-0.0484  	0.01076  	0.02808  	0.00537  	-0.0080  	-0.0290  	-0.0081  	-0.0286  	0.01891  	0.00485  	-0.0313  	-0.0052  	-0.0125  	-0.0245  	-0.0048  	-0.0109  	-0.0308  	0.04367  	-0.0028  	0.11951  	-0.3634  	0.04362  	0.02647  	0.01211  	0.40077  	0.51056  	268.426  	212.431  	
-0.3383  	-0.3500  	-0.2875  	-0.4819  	0.19912  	-0.5963  	-0.4948  	-0.1075  	0.15299  	-0.3616  	-0.2450  	0.52910  	0.03831  	-0.4893  	-0.8886  	-0.0425  	0.04489  	-0.0226  	0.41447  	0.06984  	-0.0803  	-0.1788  	-0.3135  	0.29705  	-0.0713  	0.17501  	-0.1832  	-0.3049  	-0.2422  	-0.2067  	0.14025  	0.07500  	-0.1198  	-0.2232  	0.04266  	0.05073  	0.03292  	0.04915  	-0.4007  	0.01212  	0.51981  	0.15814  	-0.0447  	0.37304  	-0.0010  	-0.0319  	-0.0088  	0.04387  	-0.0193  	-0.0314  	-0.0224  	-0.0040  	-0.0326  	0.03544  	0.00605  	-0.0331  	0.00226  	-0.0254  	-0.0266  	0.00506  	-0.0096  	-0.0393  	0.02081  	-0.0071  	0.11951  	-0.3634  	0.04362  	0.02647  	0.01211  	0.40077  	0.51056  	268.426  	212.431  	
-0.2019  	-0.2992  	-0.1003  	-0.4804  	0.12491  	-0.4822  	-0.5357  	-0.0070  	0.14051  	-0.3944  	-0.3216  	0.52649  	0.07690  	-0.4242  	-0.7371  	-0.0671  	0.13970  	-0.1625  	0.50028  	-0.1556  	0.01259  	-0.2922  	-0.3769  	0.33581  	-0.1100  	0.23848  	-0.0543  	-0.4634  	-0.2207  	-0.1998  	0.22128  	0.05963  	-0.1970  	-0.3404  	0.02230  	-0.0058  	0.03182  	0.06747  	-0.4979  	-0.0259  	0.59197  	0.22607  	-0.1109  	0.45069  	-0.0367  	-0.0150  	-0.0244  	0.05326  	-0.0302  	-0.0457  	-0.0277  	-0.0037  	-0.0273  	0.04509  	0.00341  	-0.0368  	-0.0050  	-0.0347  	-0.0236  	0.01283  	-0.0031  	-0.0388  	0.00588  	-0.0095  	0.11951  	-0.3634  	0.04362  	0.02647  	0.01211  	0.40077  	0.51056  	268.426  	212.431  	
0.01673  	-0.2513  	-0.0211  	-0.2048  	0.25853  	-0.3034  	-0.5261  	0.00674  	0.13727  	-0.4576  	-0.4413  	0.58267  	0.07302  	-0.5282  	-0.6646  	0.06243  	0.11782  	-0.1402  	0.50910  	-0.1459  	-0.0241  	-0.3483  	-0.4688  	0.29317  	-0.1179  	0.21910  	-0.0926  	-0.3762  	-0.1732  	-0.2044  	0.19919  	0.07294  	-0.2109  	-0.3604  	0.02741  	0.03567  	0.01340  	0.06772  	-0.5204  	-0.0181  	0.56579  	0.24840  	-0.1266  	0.46690  	-0.0516  	-0.0108  	-0.0288  	0.05998  	-0.0236  	-0.0498  	-0.0118  	-0.0050  	-0.0252  	0.04498  	0.01008  	-0.0315  	0.00116  	-0.0324  	-0.0211  	0.00760  	-0.0093  	-0.0484  	0.00897  	-0.0067  	0.11951  	-0.3634  	0.04362  	0.02647  	0.01211  	0.40077  	0.51056  	268.426  	212.431  	
0.05696  	-0.2509  	-0.0036  	-0.1282  	0.32496  	-0.3086  	-0.5011  	-0.0037  	0.13107  	-0.3986  	-0.3748  	0.59079  	0.06647  	-0.4872  	-0.6892  	0.13420  	0.05155  	-0.1433  	0.48840  	-0.0720  	-0.0332  	-0.3030  	-0.5206  	0.31828  	-0.0447  	0.18307  	-0.0476  	-0.3656  	-0.1901  	-0.1750  	0.15293  	0.10333  	-0.2136  	-0.3331  	0.10685  	0.09525  	0.04347  	0.07128  	-0.5082  	-0.0091  	0.52451  	0.23545  	-0.1246  	0.44210  	-0.0432  	-0.0170  	-0.0276  	0.05699  	-0.0169  	-0.0443  	-0.0058  	-0.0078  	-0.0218  	0.04463  	0.01379  	-0.0305  	0.00688  	-0.0316  	-0.0242  	0.00778  	-0.0148  	-0.0551  	0.01358  	-0.0085  	0.11951  	-0.3634  	0.04362  	0.02647  	0.01211  	0.40077  	0.51056  	268.426  	212.431  	
0.07359  	-0.2999  	-0.0359  	-0.1636  	0.33127  	-0.2507  	-0.4926  	-0.0878  	0.15096  	-0.3609  	-0.3924  	0.60219  	0.04829  	-0.5271  	-0.7822  	0.24097  	-0.0107  	-0.0061  	0.45258  	0.07728  	-0.1149  	-0.1672  	-0.4001  	0.30008  	0.03355  	0.10639  	-0.0440  	-0.2791  	-0.2135  	-0.1411  	0.07968  	0.13261  	-0.1719  	-0.2128  	0.14900  	0.13097  	0.06997  	0.08328  	-0.4281  	0.06650  	0.49002  	0.15383  	-0.0408  	0.39761  	-0.0129  	-0.0256  	-0.0176  	0.04524  	-0.0093  	-0.0410  	-0.0036  	-0.0081  	-0.0265  	0.03271  	0.01160  	-0.0218  	0.00502  	-0.0274  	-0.0214  	0.00798  	-0.0150  	-0.0545  	0.02923  	-0.0079  	0.11951  	-0.3634  	0.04362  	0.02647  	0.01211  	0.40077  	0.51056  	268.426  	212.431  	
0.06908  	-0.2888  	-0.0605  	-0.2430  	0.29559  	-0.2255  	-0.4564  	-0.1586  	0.16102  	-0.3640  	-0.4390  	0.54912  	-0.0054  	-0.4998  	-0.8770  	0.27471  	-0.0761  	0.12405  	0.38486  	0.29218  	-0.1829  	0.00525  	-0.1736  	0.28255  	0.06642  	0.03931  	-0.0417  	-0.2089  	-0.2765  	-0.1357  	-0.0037  	0.16835  	-0.0881  	-0.0763  	0.18103  	0.15934  	0.13351  	0.07217  	-0.3243  	0.14776  	0.43593  	0.05992  	0.05466  	0.34119  	0.04143  	-0.0414  	0.00197  	0.02890  	0.00263  	-0.0231  	-0.0110  	-0.0122  	-0.0263  	0.02134  	0.00582  	-0.0227  	0.00685  	-0.0159  	-0.0249  	-0.0036  	-0.0204  	-0.0489  	0.03865  	-0.0061  	0.11951  	-0.3634  	0.04362  	0.02647  	0.01211  	0.40077  	0.51056  	268.426  	212.431  	
-0.0754  	-0.3085  	-0.1654  	-0.2070  	0.24834  	-0.2756  	-0.4933  	-0.1403  	0.13130  	-0.4211  	-0.4406  	0.54855  	-0.0497  	-0.5269  	-0.8572  	0.20813  	-0.0184  	0.09268  	0.39530  	0.25745  	-0.1592  	0.02736  	-0.1601  	0.35087  	0.13800  	0.03410  	0.03070  	-0.2243  	-0.3443  	-0.1129  	-0.0197  	0.20236  	-0.0939  	-0.1115  	0.18380  	0.17773  	0.15972  	0.06853  	-0.3381  	0.12562  	0.39318  	0.04803  	0.03950  	0.33346  	0.03819  	-0.0386  	0.00033  	0.02202  	0.00014  	-0.0212  	-0.0123  	-0.0078  	-0.0269  	0.01862  	0.00072  	-0.0300  	0.00749  	-0.0098  	-0.0234  	-0.0021  	-0.0245  	-0.0517  	0.03937  	-0.0088  	0.11951  	-0.3634  	0.04362  	0.02647  	0.01211  	0.40077  	0.51056  	268.426  	212.431  	
0.03121  	-0.2804  	-0.1822  	0.06633  	0.43998  	-0.2232  	-0.4796  	-0.0494  	0.16718  	-0.5208  	-0.5792  	0.62443  	0.02615  	-0.2567  	-0.4924  	0.13921  	-0.0340  	0.05425  	0.37638  	0.26495  	-0.0861  	0.02843  	-0.1400  	0.36384  	0.06212  	0.05400  	0.01995  	-0.2373  	-0.3098  	-0.0769  	-0.0141  	0.16220  	-0.0755  	-0.0897  	0.25170  	0.05211  	0.13550  	0.06472  	-0.3518  	0.11085  	0.35254  	0.07476  	0.01511  	0.32475  	0.05703  	-0.0395  	0.00299  	0.01072  	0.00208  	-0.0396  	-0.0152  	-0.0101  	-0.0301  	0.01877  	-0.0032  	-0.0210  	0.00805  	-0.0173  	-0.0205  	7.81481  	-0.0184  	-0.0408  	0.02796  	-0.0111  	0.11951  	-0.3634  	0.04362  	0.02647  	0.01211  	0.40077  	0.51056  	268.426  	212.431  	
0.17200  	-0.2209  	-0.1266  	0.09557  	0.45046  	-0.1549  	-0.5041  	-0.0378  	0.18929  	-0.5243  	-0.6910  	0.61047  	0.11926  	-0.1228  	-0.3493  	0.07010  	-0.0186  	-0.0122  	0.37046  	0.19014  	-0.0615  	0.08492  	-0.1135  	0.38767  	0.06625  	0.03104  	0.09285  	-0.3270  	-0.3830  	-0.0965  	-0.0090  	0.17328  	-0.0629  	-0.0823  	0.30210  	0.02507  	0.16458  	0.05610  	-0.3500  	0.12405  	0.33984  	0.06473  	0.03616  	0.32814  	0.04099  	-0.0440  	0.00963  	0.02804  	0.01272  	-0.0300  	-0.0258  	-0.0098  	-0.0318  	0.02198  	-0.0056  	-0.0216  	-0.0014  	-0.0163  	-0.0168  	-0.0024  	-0.0267  	-0.0330  	0.02714  	-0.0147  	0.11951  	-0.3634  	0.04362  	0.02647  	0.01211  	0.40077  	0.51056  	268.426  	212.431  	
0.33261  	-0.1222  	0.00055  	0.18667  	0.47117  	0.00608  	-0.4344  	0.02176  	0.20498  	-0.5120  	-0.9129  	0.45698  	0.23387  	0.03358  	-0.2141  	0.00045  	-0.0296  	0.00501  	0.35339  	0.09615  	-0.1162  	0.15666  	-0.0919  	0.31404  	0.13597  	0.02648  	0.09344  	-0.3960  	-0.2328  	-0.0394  	-0.0059  	0.13961  	-0.0541  	-0.0901  	0.23080  	-0.0008  	0.11220  	0.04147  	-0.2952  	0.14943  	0.36400  	0.06073  	0.06297  	0.33929  	0.02884  	-0.0415  	-0.0011  	0.05649  	0.02142  	-0.0285  	-0.0201  	-0.0131  	-0.0300  	0.01886  	0.00066  	-0.0100  	-0.0036  	-0.0219  	-0.0262  	0.00185  	-0.0167  	-0.0311  	0.02008  	-0.0168  	0.11951  	-0.3634  	0.04362  	0.02647  	0.01211  	0.40077  	0.51056  	268.426  	212.431  	
0.24725  	-0.1777  	-0.0839  	0.11891  	0.43430  	-0.2278  	-0.4304  	0.00045  	0.19137  	-0.4369  	-0.7300  	0.42559  	0.18795  	0.07318  	-0.2999  	-0.0313  	-0.0294  	-0.0095  	0.38326  	0.15431  	-0.1020  	0.15469  	-0.1618  	0.36704  	0.17941  	0.00794  	0.14587  	-0.4501  	-0.3128  	-0.0635  	0.01361  	0.16749  	-0.0550  	-0.0797  	0.29431  	0.02159  	0.16413  	0.04702  	-0.3393  	0.15090  	0.32335  	0.06465  	0.03011  	0.33017  	0.04789  	-0.0464  	0.00744  	0.03829  	0.01251  	-0.0303  	-0.0191  	-0.0111  	-0.0335  	0.01468  	-0.0010  	-0.0147  	-0.0105  	-0.0218  	-0.0238  	0.00705  	-0.0127  	-0.0308  	0.01657  	-0.0125  	0.11951  	-0.3634  	0.04362  	0.02647  	0.01211  	0.40077  	0.51056  	268.426  	212.431  	
-0.0971  	-0.2990  	-0.2782  	-0.0944  	0.38595  	-0.4111  	-0.4675  	-0.0816  	0.16948  	-0.4273  	-0.4511  	0.64650  	0.05387  	-0.2111  	-0.5102  	0.03729  	-0.0416  	0.06134  	0.37317  	0.24924  	-0.0142  	0.03139  	-0.1439  	0.40548  	-0.0288  	0.04024  	-0.0062  	-0.3398  	-0.4003  	-0.1522  	0.02748  	0.17045  	-0.0511  	-0.0913  	0.27667  	-0.0040  	0.18705  	0.06153  	-0.3978  	0.10777  	0.36663  	0.06370  	0.00448  	0.31773  	0.05083  	-0.0426  	0.00845  	0.00244  	0.00410  	-0.0215  	-0.0208  	-0.0129  	-0.0359  	0.02210  	0.00082  	-0.0241  	0.00575  	-0.0168  	-0.0227  	0.00353  	-0.0212  	-0.0397  	0.02656  	-0.0164  	0.11951  	-0.3634  	0.04362  	0.02647  	0.01211  	0.40077  	0.51056  	268.426  	212.431  	
-0.0480  	-0.3434  	-0.1528  	-0.2463  	0.24383  	-0.2624  	-0.4839  	-0.1340  	0.15204  	-0.4491  	-0.4073  	0.52318  	-0.0275  	-0.4748  	-0.8095  	0.15097  	-0.0238  	0.10869  	0.39254  	0.20260  	-0.1380  	0.02207  	-0.0721  	0.32282  	0.03372  	0.06069  	-0.0188  	-0.2745  	-0.3474  	-0.1314  	-0.0023  	0.17756  	-0.0858  	-0.0934  	0.16066  	0.10273  	0.17505  	0.07896  	-0.3368  	0.10743  	0.43403  	0.04189  	0.03321  	0.31982  	0.03987  	-0.0418  	0.00781  	0.01565  	-0.0110  	-0.0187  	-0.0218  	-0.0059  	-0.0269  	0.02201  	0.00364  	-0.0232  	0.00197  	-0.0130  	-0.0198  	-0.0026  	-0.0225  	-0.0423  	0.03362  	-0.0114  	0.11951  	-0.3634  	0.04362  	0.02647  	0.01211  	0.40077  	0.51056  	268.426  	212.431  	
0.06248  	-0.2899  	-0.0781  	-0.1421  	0.32385  	-0.2625  	-0.4823  	-0.1275  	0.15441  	-0.3708  	-0.4721  	0.58332  	0.00365  	-0.4887  	-0.8282  	0.24548  	-0.0482  	0.11890  	0.39619  	0.28456  	-0.1870  	0.00920  	-0.1579  	0.31750  	0.07407  	0.04628  	-0.0416  	-0.2174  	-0.3043  	-0.1232  	-0.0021  	0.16900  	-0.0881  	-0.1003  	0.16047  	0.14092  	0.12790  	0.06849  	-0.3238  	0.13459  	0.42379  	0.05730  	0.04988  	0.33933  	0.04884  	-0.0410  	0.00869  	0.03268  	0.00438  	-0.0275  	-0.0204  	-0.0103  	-0.0228  	0.01731  	0.00554  	-0.0292  	0.00778  	-0.0149  	-0.0230  	-0.0012  	-0.0199  	-0.0491  	0.03954  	-0.0102  	0.11951  	-0.3634  	0.04362  	0.02647  	0.01211  	0.40077  	0.51056  	268.426  	212.431  	
0.23269  	-0.2878  	-0.0446  	0.00350  	0.31848  	-0.1355  	-0.5053  	-0.0902  	0.16718  	-0.4495  	-0.4391  	0.60516  	0.02012  	-0.4070  	-0.6523  	0.23548  	-0.0314  	0.04410  	0.38962  	0.29134  	0.01660  	0.04914  	-0.2172  	0.38195  	-0.0002  	0.03783  	0.00563  	-0.3326  	-0.4616  	-0.1588  	-0.0296  	0.21318  	-0.0675  	-0.1062  	0.29520  	0.07798  	0.21129  	0.09284  	-0.3798  	0.10707  	0.37981  	0.06122  	0.02927  	0.32955  	0.04399  	-0.0424  	0.01009  	0.01856  	0.00792  	-0.0282  	-0.0105  	-0.0130  	-0.0274  	0.01824  	-0.0067  	-0.0267  	0.00655  	-0.0183  	-0.0249  	0.00290  	-0.0198  	-0.0466  	0.02799  	-0.0131  	0.11951  	-0.3634  	0.04362  	0.02647  	0.01211  	0.40077  	0.51056  	268.426  	212.431  	
0.38203  	-0.1652  	0.05834  	0.07508  	0.39235  	-0.0844  	-0.4319  	0.01875  	0.21922  	-0.4719  	-0.6383  	0.55921  	0.14141  	-0.1568  	-0.3478  	0.08206  	-0.0444  	0.01197  	0.38171  	0.20995  	-0.0033  	0.06517  	-0.1310  	0.35394  	0.06356  	0.03263  	0.08296  	-0.4115  	-0.3447  	-0.1238  	-0.0251  	0.18004  	-0.0514  	-0.1032  	0.29151  	0.03585  	0.19789  	0.06305  	-0.3260  	0.14555  	0.35578  	0.06627  	0.03608  	0.33775  	0.04786  	-0.0475  	-0.0125  	0.05699  	0.01264  	-0.0148  	-0.0033  	-0.0135  	-0.0249  	0.01471  	0.00310  	-0.0106  	0.00500  	-0.0195  	-0.0295  	0.00230  	-0.0191  	-0.0446  	0.03080  	-0.0074  	0.11951  	-0.3634  	0.04362  	0.02647  	0.01211  	0.40077  	0.51056  	268.426  	212.431  	
0.36363  	-0.1570  	0.06507  	0.08497  	0.39994  	-0.0449  	-0.4069  	0.03463  	0.20854  	-0.4631  	-0.7456  	0.45326  	0.20270  	-0.0273  	-0.3114  	0.08422  	-0.0519  	0.00129  	0.36540  	0.14770  	-0.0484  	0.17114  	-0.1312  	0.29831  	0.12074  	0.02444  	0.08635  	-0.4422  	-0.2866  	-0.0581  	0.00699  	0.15059  	-0.0583  	-0.0749  	0.23152  	0.03355  	0.14546  	0.06741  	-0.2976  	0.13183  	0.37361  	0.07422  	0.05041  	0.34658  	0.03176  	-0.0429  	-0.0125  	0.06442  	0.02189  	-0.0337  	-0.0195  	-0.0104  	-0.0247  	0.01607  	0.00892  	-0.0176  	-0.0025  	-0.0187  	-0.0304  	-0.0043  	-0.0164  	-0.0375  	0.03058  	-0.0108  	0.11951  	-0.3634  	0.04362  	0.02647  	0.01211  	0.40077  	0.51056  	268.426  	212.431  	
0.18520  	-0.1830  	-0.1714  	0.36332  	0.59770  	-0.1496  	-0.4484  	-0.0062  	0.19734  	-0.4763  	-0.6946  	0.54439  	0.16732  	0.08653  	-0.2086  	-0.0190  	-0.0127  	-0.0337  	0.32283  	0.22152  	-0.0683  	0.12775  	-0.1986  	0.46043  	0.22901  	0.00575  	0.15667  	-0.3159  	-0.2989  	-0.0365  	-0.0421  	0.16886  	-0.0886  	-0.1058  	0.33545  	0.02017  	0.14450  	0.01355  	-0.3302  	0.16567  	0.28211  	0.09606  	-0.0014  	0.30372  	0.04181  	-0.0419  	0.00153  	0.04254  	0.01004  	-0.0189  	-0.0152  	-0.0164  	-0.0384  	0.01297  	-0.0008  	-0.0128  	0.01870  	-0.0207  	-0.0223  	0.00356  	-0.0182  	-0.0464  	0.02097  	-0.0158  	0.11951  	-0.3634  	0.04362  	0.02647  	0.01211  	0.40077  	0.51056  	268.426  	212.431  	
0.16263  	-0.2029  	-0.2455  	0.49320  	0.68928  	-0.2136  	-0.4407  	-0.0077  	0.19338  	-0.5194  	-0.7357  	0.67365  	0.17809  	0.05199  	-0.2385  	0.07072  	-0.0551  	0.02141  	0.31568  	0.28083  	-0.1884  	0.10555  	-0.2645  	0.35303  	0.18374  	0.01687  	0.05750  	-0.1845  	-0.2179  	-0.0083  	-0.0616  	0.15999  	-0.0525  	-0.0595  	0.31698  	0.03898  	0.05968  	0.02213  	-0.2887  	0.15899  	0.27290  	0.08667  	0.00541  	0.29543  	0.06457  	-0.0381  	0.00285  	0.03026  	0.00140  	-0.0284  	-0.0180  	-0.0106  	-0.0318  	0.01920  	-0.0032  	-0.0177  	0.00437  	-0.0202  	-0.0174  	-0.0041  	-0.0212  	-0.0385  	0.02968  	-0.0167  	0.11951  	-0.3634  	0.04362  	0.02647  	0.01211  	0.40077  	0.51056  	268.426  	212.431  	
0.14235  	-0.2166  	-0.2424  	0.39858  	0.64959  	-0.2074  	-0.4396  	-0.0131  	0.19460  	-0.5135  	-0.7318  	0.69966  	0.20518  	0.04293  	-0.2883  	0.09414  	-0.0844  	0.06010  	0.31344  	0.32588  	-0.1670  	0.08615  	-0.2861  	0.32273  	0.16639  	0.01983  	-0.0070  	-0.1389  	-0.1682  	-0.0088  	-0.0630  	0.13999  	-0.0383  	-0.0519  	0.27923  	0.01913  	0.04276  	0.02092  	-0.2895  	0.14873  	0.29962  	0.07945  	0.01824  	0.30503  	0.05929  	-0.0379  	0.00744  	0.03214  	0.01007  	-0.0322  	-0.0180  	-0.0161  	-0.0330  	0.02137  	-0.0038  	-0.0128  	-0.0037  	-0.0244  	-0.0211  	-0.0053  	-0.0187  	-0.0418  	0.02539  	-0.0187  	0.11951  	-0.3634  	0.04362  	0.02647  	0.01211  	0.40077  	0.51056  	268.426  	212.431  	
0.05335  	-0.2402  	-0.2701  	0.14765  	0.54755  	-0.2883  	-0.4372  	-0.0477  	0.20769  	-0.4473  	-0.6338  	0.73976  	0.16203  	-0.1245  	-0.4846  	0.11095  	-0.1010  	0.12042  	0.33570  	0.30927  	-0.1739  	0.04090  	-0.2451  	0.30640  	0.07728  	0.05204  	-0.0553  	-0.1302  	-0.2252  	-0.0621  	-0.0395  	0.13287  	-0.0357  	-0.0542  	0.24346  	0.03422  	0.04998  	0.03100  	-0.2850  	0.14160  	0.33862  	0.07813  	0.01967  	0.32799  	0.04740  	-0.0453  	0.00212  	0.03023  	0.01202  	-0.0319  	-0.0251  	-0.0176  	-0.0342  	0.03046  	-0.0049  	-0.0199  	0.00162  	-0.0194  	-0.0221  	-0.0109  	-0.0199  	-0.0433  	0.02180  	-0.0126  	0.11951  	-0.3634  	0.04362  	0.02647  	0.01211  	0.40077  	0.51056  	268.426  	212.431  	
-0.0792  	-0.2586  	-0.2729  	-0.0679  	0.43450  	-0.3344  	-0.4428  	-0.0338  	0.17576  	-0.4047  	-0.5292  	0.68402  	0.06187  	-0.2730  	-0.5410  	0.07185  	-0.0862  	0.14750  	0.36485  	0.33883  	-0.1256  	0.02569  	-0.1447  	0.31555  	0.03840  	0.04404  	-0.0812  	-0.1554  	-0.2620  	-0.1451  	-0.0266  	0.13296  	-0.0484  	-0.0739  	0.20880  	0.04119  	0.06823  	0.05254  	-0.3040  	0.13378  	0.37251  	0.06027  	0.01943  	0.32278  	0.03866  	-0.0374  	0.00836  	0.02442  	0.00099  	-0.0343  	-0.0173  	-0.0168  	-0.0296  	0.01985  	-0.0037  	-0.0225  	0.00177  	-0.0162  	-0.0238  	-0.0070  	-0.0166  	-0.0416  	0.02183  	-0.0178  	0.11951  	-0.3634  	0.04362  	0.02647  	0.01211  	0.40077  	0.51056  	268.426  	212.431  	
-0.0945  	-0.3073  	-0.2066  	-0.1669  	0.30555  	-0.2780  	-0.4692  	-0.0621  	0.16156  	-0.4498  	-0.5085  	0.56349  	0.04511  	-0.3270  	-0.6304  	0.02997  	-0.0300  	0.12095  	0.34393  	0.27477  	-0.1429  	0.05397  	-0.0540  	0.29115  	0.02294  	0.06379  	-0.0996  	-0.1900  	-0.2235  	-0.1381  	0.00879  	0.13782  	-0.0520  	-0.0792  	0.13527  	0.03774  	0.09004  	0.06100  	-0.3118  	0.11105  	0.42318  	0.04147  	0.05001  	0.32363  	0.04546  	-0.0429  	0.01443  	0.02260  	-0.0055  	-0.0281  	-0.0224  	-0.0094  	-0.0316  	0.01370  	0.00127  	-0.0288  	0.00164  	-0.0139  	-0.0199  	-0.0076  	-0.0146  	-0.0446  	0.03464  	-0.0093  	0.11951  	-0.3634  	0.04362  	0.02647  	0.01211  	0.40077  	0.51056  	268.426  	212.431  	
-0.0828  	-0.3027  	-0.1564  	-0.1727  	0.28072  	-0.2782  	-0.4799  	-0.0843  	0.18485  	-0.4420  	-0.5639  	0.58014  	0.05757  	-0.3530  	-0.6220  	0.04999  	-0.0176  	0.12335  	0.35092  	0.26435  	-0.1704  	0.05066  	-0.0477  	0.24228  	-0.0142  	0.08183  	-0.1460  	-0.1655  	-0.2061  	-0.1434  	0.02695  	0.12566  	-0.0464  	-0.0660  	0.08550  	0.04473  	0.05816  	0.05926  	-0.2997  	0.11682  	0.45835  	0.03190  	0.06883  	0.34025  	0.03838  	-0.0457  	0.01355  	0.02754  	-0.0058  	-0.0248  	-0.0296  	-0.0077  	-0.0289  	0.01909  	0.00366  	-0.0328  	-0.0005  	-0.0139  	-0.0249  	-0.0102  	-0.0144  	-0.0411  	0.03477  	-0.0071  	0.11951  	-0.3634  	0.04362  	0.02647  	0.01211  	0.40077  	0.51056  	268.426  	212.431  	
0.01505  	-0.2218  	-0.0934  	-0.1257  	0.26319  	-0.2131  	-0.5031  	-0.0148  	0.21387  	-0.4886  	-0.5471  	0.59331  	0.06272  	-0.3072  	-0.5758  	0.09422  	-0.0170  	0.07912  	0.36059  	0.24601  	-0.0492  	0.03878  	-0.0230  	0.26445  	-0.0594  	0.07984  	-0.1213  	-0.2697  	-0.3048  	-0.1655  	0.02493  	0.14633  	-0.0352  	-0.0765  	0.14001  	-0.0063  	0.13559  	0.07856  	-0.3164  	0.10185  	0.46357  	0.03530  	0.07551  	0.33127  	0.03525  	-0.0441  	0.01311  	0.02854  	-0.0036  	-0.0167  	-0.0304  	-0.0095  	-0.0278  	0.01839  	0.00104  	-0.0261  	-0.0021  	-0.0158  	-0.0270  	-0.0074  	-0.0111  	-0.0360  	0.02603  	-0.0068  	0.11951  	-0.3634  	0.04362  	0.02647  	0.01211  	0.40077  	0.51056  	268.426  	212.431  	
0.14145  	-0.1854  	-0.0460  	-0.0608  	0.29691  	-0.1733  	-0.4860  	-0.0003  	0.20899  	-0.5076  	-0.5176  	0.60344  	0.05658  	-0.2411  	-0.4754  	0.10525  	-0.0132  	0.04788  	0.36059  	0.20632  	0.02535  	0.03960  	-0.0276  	0.31496  	-0.0339  	0.05495  	-0.0366  	-0.3639  	-0.3829  	-0.1564  	0.01780  	0.16060  	-0.0445  	-0.0845  	0.21850  	-0.0285  	0.22040  	0.09920  	-0.3453  	0.09048  	0.42491  	0.03692  	0.05630  	0.33009  	0.03079  	-0.0368  	0.01179  	0.03028  	-0.0076  	-0.0225  	-0.0305  	-0.0082  	-0.0269  	0.02248  	0.00256  	-0.0235  	-0.0067  	-0.0168  	-0.0250  	-0.0077  	-0.0156  	-0.0310  	0.03049  	-0.0109  	0.11951  	-0.3634  	0.04362  	0.02647  	0.01211  	0.40077  	0.51056  	268.426  	212.431  	
0.23378  	-0.1555  	0.02176  	-0.1010  	0.24636  	-0.1534  	-0.4899  	0.04835  	0.23715  	-0.5337  	-0.4240  	0.55595  	0.05173  	-0.2001  	-0.5026  	0.15616  	-0.0274  	0.02266  	0.36983  	0.16460  	0.14453  	0.04189  	-0.0265  	0.34418  	-0.0434  	0.03654  	0.02784  	-0.4835  	-0.4977  	-0.1737  	0.00653  	0.18442  	-0.0374  	-0.0965  	0.29358  	-0.0440  	0.30675  	0.13334  	-0.3962  	0.05969  	0.40329  	0.04313  	0.04783  	0.32345  	0.03427  	-0.0402  	0.01086  	0.02321  	-0.0055  	-0.0188  	-0.0318  	-0.0077  	-0.0257  	0.02501  	4.15585  	-0.0144  	-0.0065  	-0.0150  	-0.0249  	-0.0041  	-0.0124  	-0.0321  	0.02783  	-0.0137  	0.11951  	-0.3634  	0.04362  	0.02647  	0.01211  	0.40077  	0.51056  	268.426  	212.431  	
0.28431  	-0.1384  	0.06360  	-0.0853  	0.22278  	-0.1069  	-0.4900  	0.08436  	0.27118  	-0.5547  	-0.3842  	0.59027  	0.04899  	-0.1707  	-0.4825  	0.18821  	-0.0183  	-0.0012  	0.37439  	0.15319  	0.19268  	0.04807  	0.01140  	0.36632  	-0.0637  	0.03862  	0.04826  	-0.5155  	-0.5533  	-0.1819  	0.00704  	0.18998  	-0.0283  	-0.1027  	0.30874  	-0.0766  	0.34590  	0.14389  	-0.4143  	0.03450  	0.39332  	0.04172  	0.04999  	0.32646  	0.03708  	-0.0393  	0.00762  	0.02190  	-0.0027  	-0.0154  	-0.0359  	-0.0091  	-0.0260  	0.02641  	-0.0003  	-0.0137  	-0.0070  	-0.0152  	-0.0276  	-0.0024  	-0.0124  	-0.0297  	0.02532  	-0.0113  	0.11951  	-0.3634  	0.04362  	0.02647  	0.01211  	0.40077  	0.51056  	268.426  	212.431  	
0.31204  	-0.1397  	0.08163  	-0.0989  	0.20285  	-0.0811  	-0.4775  	0.10874  	0.27995  	-0.5664  	-0.3635  	0.59368  	0.05244  	-0.1537  	-0.4733  	0.21263  	0.00049  	-0.0192  	0.38293  	0.12894  	0.20857  	0.05446  	0.04208  	0.40994  	-0.0560  	0.03711  	0.08747  	-0.5566  	-0.5902  	-0.1749  	0.00760  	0.20145  	-0.0296  	-0.1017  	0.32030  	-0.0853  	0.37387  	0.15649  	-0.4161  	0.02479  	0.37365  	0.04562  	0.05246  	0.32647  	0.03417  	-0.0399  	0.00511  	0.02798  	0.00085  	-0.0198  	-0.0384  	-0.0059  	-0.0249  	0.02912  	-0.0006  	-0.0132  	-0.0091  	-0.0147  	-0.0295  	0.00023  	-0.0115  	-0.0323  	0.03081  	-0.0095  	0.11951  	-0.3634  	0.04362  	0.02647  	0.01211  	0.40077  	0.51056  	268.426  	212.431  	
0.31276  	-0.1411  	0.08303  	-0.0972  	0.20715  	-0.0784  	-0.4783  	0.11048  	0.28099  	-0.5610  	-0.3655  	0.59749  	0.05608  	-0.1498  	-0.4786  	0.21632  	-0.0005  	-0.0199  	0.38156  	0.12775  	0.20409  	0.05405  	0.04223  	0.40905  	-0.0589  	0.03735  	0.08526  	-0.5541  	-0.5890  	-0.1733  	0.00742  	0.20123  	-0.0290  	-0.1017  	0.31838  	-0.0840  	0.37199  	0.15578  	-0.4143  	0.02519  	0.37396  	0.04626  	0.05243  	0.32652  	0.03343  	-0.0395  	0.00462  	0.02823  	0.00131  	-0.0204  	-0.0378  	-0.0058  	-0.0248  	0.02928  	-0.0004  	-0.0135  	-0.0097  	-0.0149  	-0.0289  	0.00060  	-0.0114  	-0.0323  	0.03098  	-0.0095  	0.11951  	-0.3634  	0.04362  	0.02647  	0.01211  	0.40077  	0.51056  	268.426  	212.431  	
0.21343  	-0.1791  	0.00971  	-0.1151  	0.27597  	-0.1654  	-0.4662  	0.00421  	0.22861  	-0.4944  	-0.4066  	0.58588  	0.05661  	-0.2676  	-0.6195  	0.20600  	-0.0405  	0.06434  	0.37190  	0.22884  	0.05942  	0.01925  	-0.0735  	0.33187  	-0.0183  	0.04377  	-0.0264  	-0.3511  	-0.4428  	-0.1756  	-0.0012  	0.17233  	-0.0334  	-0.0953  	0.27000  	0.01323  	0.25267  	0.10393  	-0.3650  	0.07440  	0.39316  	0.06659  	0.04174  	0.31889  	0.03886  	-0.0405  	0.00840  	0.02722  	-0.0051  	-0.0202  	-0.0207  	-0.0081  	-0.0252  	0.02163  	0.00115  	-0.0153  	0.00111  	-0.0133  	-0.0246  	-0.0013  	-0.0135  	-0.0421  	0.03140  	-0.0075  	0.11951  	-0.3634  	0.04362  	0.02647  	0.01211  	0.40077  	0.51056  	268.426  	212.431  	
0.12778  	-0.2478  	-0.0815  	-0.0873  	0.32472  	-0.2162  	-0.4591  	-0.0753  	0.19541  	-0.4126  	-0.4183  	0.58352  	0.02330  	-0.3715  	-0.7000  	0.22309  	-0.0483  	0.10627  	0.36587  	0.28214  	-0.0950  	0.02978  	-0.1419  	0.32077  	0.01030  	0.04250  	-0.0618  	-0.2568  	-0.3592  	-0.1590  	-0.0145  	0.17586  	-0.0497  	-0.0973  	0.22460  	0.08174  	0.17541  	0.08041  	-0.3534  	0.09079  	0.41212  	0.05763  	0.04567  	0.33415  	0.04405  	-0.0419  	0.01050  	0.03018  	0.00516  	-0.0258  	-0.0144  	-0.0102  	-0.0262  	0.02007  	0.00488  	-0.0232  	0.00484  	-0.0147  	-0.0235  	-0.0016  	-0.0167  	-0.0464  	0.03315  	-0.0051  	0.11951  	-0.3634  	0.04362  	0.02647  	0.01211  	0.40077  	0.51056  	268.426  	212.431  	
0.06708  	-0.2786  	-0.0554  	-0.1701  	0.28062  	-0.2804  	-0.4592  	-0.1184  	0.15383  	-0.3611  	-0.4220  	0.53982  	-0.0118  	-0.4848  	-0.8771  	0.26196  	-0.0612  	0.14136  	0.38567  	0.27737  	-0.1890  	0.02765  	-0.1863  	0.30278  	0.09208  	0.03244  	-0.0327  	-0.2156  	-0.2877  	-0.1220  	-0.0199  	0.18694  	-0.0840  	-0.0971  	0.17536  	0.15161  	0.13348  	0.07502  	-0.3351  	0.11639  	0.43364  	0.05740  	0.05009  	0.34104  	0.04413  	-0.0457  	0.00038  	0.03200  	0.00856  	-0.0303  	-0.0134  	-0.0114  	-0.0186  	0.01915  	0.00701  	-0.0280  	0.00845  	-0.0145  	-0.0213  	-0.0022  	-0.0181  	-0.0468  	0.04313  	-0.0075  	0.11951  	-0.3634  	0.04362  	0.02647  	0.01211  	0.40077  	0.51056  	268.426  	212.431  	
-0.0725  	-0.3007  	-0.1549  	-0.2566  	0.24836  	-0.2953  	-0.4977  	-0.1530  	0.12327  	-0.3814  	-0.4264  	0.53935  	-0.0495  	-0.5283  	-0.9306  	0.20365  	-0.0317  	0.13264  	0.39501  	0.30028  	-0.1870  	0.00189  	-0.1349  	0.32477  	0.11294  	0.02678  	-0.0187  	-0.2071  	-0.3111  	-0.1212  	-0.0181  	0.19532  	-0.1051  	-0.1000  	0.15182  	0.17481  	0.12961  	0.07509  	-0.3151  	0.12478  	0.42083  	0.03944  	0.04589  	0.34131  	0.04820  	-0.0456  	-0.0013  	0.02398  	0.00423  	-0.0238  	-0.0122  	-0.0083  	-0.0229  	0.02517  	0.00126  	-0.0238  	0.00530  	-0.0136  	-0.0244  	-0.0048  	-0.0153  	-0.0496  	0.03978  	-0.0095  	0.11951  	-0.3634  	0.04362  	0.02647  	0.01211  	0.40077  	0.51056  	268.426  	212.431  	
-0.2597  	-0.3197  	-0.2435  	-0.2884  	0.20901  	-0.4134  	-0.5135  	-0.1458  	0.10373  	-0.4101  	-0.4630  	0.48658  	-0.0513  	-0.4693  	-0.7650  	0.02847  	0.00523  	0.08572  	0.40963  	0.22241  	-0.1051  	0.01613  	-0.0774  	0.33397  	0.13300  	0.02811  	0.04621  	-0.2870  	-0.3229  	-0.1001  	-0.0164  	0.18182  	-0.1087  	-0.1094  	0.12478  	0.10373  	0.16383  	0.07178  	-0.3394  	0.10130  	0.39096  	0.06697  	0.00958  	0.33401  	0.04899  	-0.0387  	-0.0051  	0.00998  	-0.0050  	-0.0298  	-0.0175  	-0.0073  	-0.0234  	0.02479  	0.00073  	-0.0277  	0.00719  	-0.0115  	-0.0183  	-0.0062  	-0.0172  	-0.0461  	0.03130  	-0.0079  	0.11951  	-0.3634  	0.04362  	0.02647  	0.01211  	0.40077  	0.51056  	268.426  	212.431  	
-0.1417  	-0.2993  	-0.1763  	-0.2869  	0.21372  	-0.3284  	-0.5425  	-0.1312  	0.16735  	-0.4485  	-0.4334  	0.50032  	-0.0555  	-0.4685  	-0.7592  	0.08442  	-0.0135  	0.04885  	0.40514  	0.19356  	-0.0364  	0.04698  	-0.0009  	0.33120  	0.01364  	0.06192  	-0.0045  	-0.3483  	-0.3661  	-0.1296  	0.00646  	0.17390  	-0.0945  	-0.0900  	0.15305  	0.08661  	0.20997  	0.08530  	-0.3608  	0.07305  	0.42705  	0.05219  	0.02918  	0.33780  	0.03904  	-0.0476  	0.00398  	0.00872  	-0.0031  	-0.0242  	-0.0268  	-0.0131  	-0.0276  	0.03178  	0.00519  	-0.0267  	0.00873  	-0.0095  	-0.0208  	-0.0098  	-0.0189  	-0.0432  	0.03359  	-0.0097  	0.11951  	-0.3634  	0.04362  	0.02647  	0.01211  	0.40077  	0.51056  	268.426  	212.431  	
-0.0289  	-0.2785  	-0.1165  	-0.2725  	0.23664  	-0.2623  	-0.5252  	-0.1008  	0.16024  	-0.4004  	-0.4169  	0.56227  	-0.0392  	-0.4928  	-0.8500  	0.18424  	-0.0346  	0.09944  	0.40228  	0.25829  	-0.1006  	0.00718  	-0.0466  	0.29528  	-0.0003  	0.05615  	-0.0775  	-0.2781  	-0.3176  	-0.1506  	0.00047  	0.15883  	-0.0742  	-0.0985  	0.14866  	0.09733  	0.17963  	0.07858  	-0.3342  	0.11381  	0.44830  	0.03888  	0.05740  	0.34315  	0.04181  	-0.0439  	0.00860  	0.02037  	-0.0007  	-0.0304  	-0.0285  	-0.0110  	-0.0287  	0.02151  	0.00676  	-0.0285  	0.00362  	-0.0108  	-0.0252  	-0.0059  	-0.0206  	-0.0469  	0.03739  	-0.0068  	0.11951  	-0.3634  	0.04362  	0.02647  	0.01211  	0.40077  	0.51056  	268.426  	212.431  	
0.02318  	-0.2852  	-0.0703  	-0.2198  	0.28007  	-0.2701  	-0.4882  	-0.1035  	0.17043  	-0.3337  	-0.3567  	0.57962  	-0.0198  	-0.5027  	-0.8740  	0.25866  	-0.0719  	0.11540  	0.39120  	0.29109  	-0.1276  	0.00900  	-0.1472  	0.30288  	0.05525  	0.03478  	-0.0491  	-0.2383  	-0.3199  	-0.1518  	-0.0166  	0.18093  	-0.0777  	-0.0969  	0.19762  	0.13642  	0.16550  	0.07931  	-0.3417  	0.11334  	0.41832  	0.05658  	0.04843  	0.32420  	0.03999  	-0.0411  	0.00284  	0.02270  	0.00420  	-0.0289  	-0.0138  	-0.0134  	-0.0249  	0.02212  	0.00608  	-0.0229  	0.00858  	-0.0150  	-0.0243  	-0.0045  	-0.0212  	-0.0493  	0.03466  	-0.0095  	0.11951  	-0.3634  	0.04362  	0.02647  	0.01211  	0.40077  	0.51056  	268.426  	212.431  	
0.02807  	-0.2821  	-0.0831  	-0.2455  	0.24834  	-0.2507  	-0.4800  	-0.1122  	0.16174  	-0.3572  	-0.3835  	0.53355  	-0.0318  	-0.5130  	-0.8636  	0.27062  	-0.0727  	0.10897  	0.39666  	0.25828  	-0.1104  	0.03421  	-0.1372  	0.30486  	0.06148  	0.03848  	-0.0211  	-0.2634  	-0.3276  	-0.1451  	-0.0077  	0.18290  	-0.0884  	-0.0938  	0.20968  	0.14299  	0.17798  	0.08052  	-0.3415  	0.11764  	0.41752  	0.05495  	0.04870  	0.33832  	0.04419  	-0.0430  	0.00263  	0.01866  	0.00072  	-0.0281  	-0.0150  	-0.0133  	-0.0236  	0.02033  	0.00725  	-0.0231  	0.00724  	-0.0135  	-0.0238  	-0.0049  	-0.0203  	-0.0484  	0.03836  	-0.0044  	0.11951  	-0.3634  	0.04362  	0.02647  	0.01211  	0.40077  	0.51056  	268.426  	212.431  	
-0.0073  	-0.2950  	-0.0981  	-0.2531  	0.23396  	-0.2469  	-0.4836  	-0.1236  	0.15144  	-0.3724  	-0.3415  	0.54404  	-0.0399  	-0.5004  	-0.8864  	0.25160  	-0.0655  	0.09759  	0.39197  	0.24342  	-0.0947  	0.03463  	-0.1180  	0.30455  	0.05965  	0.04010  	-0.0198  	-0.2631  	-0.3598  	-0.1427  	-0.0105  	0.18959  	-0.0901  	-0.0960  	0.19875  	0.13742  	0.20121  	0.08688  	-0.3499  	0.09380  	0.42115  	0.05749  	0.04359  	0.32982  	0.04705  	-0.0424  	0.00412  	0.01709  	0.00281  	-0.0271  	-0.0161  	-0.0107  	-0.0227  	0.02277  	0.00741  	-0.0251  	0.00579  	-0.0113  	-0.0253  	-0.0037  	-0.0207  	-0.0457  	0.03589  	-0.0081  	0.11951  	-0.3634  	0.04362  	0.02647  	0.01211  	0.40077  	0.51056  	268.426  	212.431  	
0.00882  	-0.2718  	-0.0895  	-0.2793  	0.19824  	-0.2737  	-0.4830  	-0.1123  	0.15470  	-0.3892  	-0.3846  	0.53734  	-0.0307  	-0.4809  	-0.8972  	0.23017  	-0.0609  	0.12209  	0.39205  	0.25781  	-0.1151  	0.03794  	-0.1155  	0.27144  	0.05449  	0.04093  	-0.0633  	-0.2484  	-0.3285  	-0.1502  	0.00071  	0.16827  	-0.0890  	-0.0988  	0.16318  	0.13638  	0.18462  	0.07346  	-0.3317  	0.09372  	0.42712  	0.05239  	0.04367  	0.32944  	0.04939  	-0.0418  	0.00217  	0.02459  	0.00728  	-0.0211  	-0.0166  	-0.0116  	-0.0222  	0.02171  	0.00687  	-0.0281  	0.00506  	-0.0143  	-0.0254  	-0.0038  	-0.0219  	-0.0420  	0.03837  	-0.0067  	0.11951  	-0.3634  	0.04362  	0.02647  	0.01211  	0.40077  	0.51056  	268.426  	212.431  	
-0.1683  	-0.2846  	-0.2016  	-0.3531  	0.19842  	-0.4207  	-0.4824  	-0.1172  	0.14603  	-0.3627  	-0.3664  	0.51583  	-0.0291  	-0.4295  	-0.9065  	0.13629  	-0.0446  	0.09232  	0.38767  	0.29441  	-0.1217  	0.04957  	-0.1037  	0.32515  	0.05211  	0.06405  	-0.0518  	-0.2757  	-0.2994  	-0.1315  	-0.0088  	0.15139  	-0.0962  	-0.0914  	0.17145  	0.14737  	0.16228  	0.07349  	-0.3252  	0.09511  	0.42885  	0.05280  	0.02792  	0.31393  	0.04215  	-0.0465  	0.00748  	0.02650  	-0.0002  	-0.0295  	-0.0223  	-0.0093  	-0.0321  	0.01964  	0.00272  	-0.0326  	0.00444  	-0.0129  	-0.0228  	-0.0066  	-0.0179  	-0.0453  	0.03271  	-0.0104  	0.11951  	-0.3634  	0.04362  	0.02647  	0.01211  	0.40077  	0.51056  	268.426  	212.431  	
-0.4474  	-0.3899  	-0.3454  	-0.4295  	0.21447  	-0.5323  	-0.5051  	-0.1052  	0.14601  	-0.3427  	-0.2408  	0.57642  	-0.0167  	-0.3565  	-0.7915  	-0.0257  	-0.0323  	0.07829  	0.39402  	0.29896  	-0.0796  	0.00912  	-0.0534  	0.35020  	-0.0558  	0.08185  	-0.1196  	-0.2654  	-0.3584  	-0.1803  	0.03962  	0.12474  	-0.0317  	-0.0782  	0.17696  	0.02945  	0.12762  	0.05078  	-0.3374  	0.07617  	0.40216  	0.07008  	0.01341  	0.30432  	0.05174  	-0.0402  	0.01143  	0.00946  	-0.0126  	-0.0192  	-0.0361  	-0.0099  	-0.0278  	0.02071  	-0.0011  	-0.0319  	-0.0035  	-0.0150  	-0.0226  	0.00186  	-0.0104  	-0.0351  	0.02335  	-0.0179  	0.11951  	-0.3634  	0.04362  	0.02647  	0.01211  	0.40077  	0.51056  	268.426  	212.431  	
-0.3813  	-0.3527  	-0.2919  	-0.4917  	0.15106  	-0.5710  	-0.5151  	-0.0789  	0.13487  	-0.3015  	-0.2265  	0.56108  	-0.0212  	-0.3681  	-0.8311  	-0.0312  	-0.0231  	0.06608  	0.39250  	0.26290  	-0.0601  	0.02663  	-0.0437  	0.30859  	-0.0360  	0.08629  	-0.0899  	-0.3189  	-0.3432  	-0.1795  	0.05312  	0.11992  	-0.0482  	-0.0945  	0.13304  	0.04642  	0.15911  	0.07495  	-0.3172  	0.08313  	0.42330  	0.05880  	0.02658  	0.31861  	0.04622  	-0.0365  	0.01617  	0.00684  	-0.0126  	-0.0228  	-0.0377  	-0.0131  	-0.0293  	0.01873  	-0.0015  	-0.0338  	-0.0033  	-0.0122  	-0.0208  	-0.0035  	-0.0077  	-0.0352  	0.02898  	-0.0163  	0.11951  	-0.3634  	0.04362  	0.02647  	0.01211  	0.40077  	0.51056  	268.426  	212.431  	
-0.1711  	-0.2712  	-0.1208  	-0.4182  	0.19388  	-0.4121  	-0.5229  	0.03296  	0.19056  	-0.3852  	-0.3098  	0.59826  	0.04352  	-0.3323  	-0.7073  	-0.0540  	0.05833  	-0.0644  	0.43162  	0.06147  	0.06119  	-0.2163  	-0.2885  	0.35720  	-0.0614  	0.14967  	0.00950  	-0.4349  	-0.3373  	-0.1926  	0.13163  	0.08264  	-0.1273  	-0.2321  	0.14312  	-0.0063  	0.09195  	0.06681  	-0.4346  	0.05744  	0.47435  	0.15160  	-0.0621  	0.38201  	0.00043  	-0.0289  	-0.0099  	0.03755  	-0.0240  	-0.0267  	-0.0184  	-0.0054  	-0.0385  	0.03979  	-0.0038  	-0.0279  	-0.0062  	-0.0342  	-0.0306  	0.00807  	-0.0087  	-0.0372  	0.01997  	-0.0119  	0.11951  	-0.3634  	0.04362  	0.02647  	0.01211  	0.40077  	0.51056  	268.426  	212.431  	
0.22482  	-0.1898  	0.08339  	-0.0702  	0.31444  	-0.2100  	-0.5013  	0.09361  	0.19814  	-0.4861  	-0.5476  	0.62574  	0.23830  	-0.1613  	-0.3481  	-0.0252  	0.11508  	-0.2234  	0.46491  	-0.1690  	0.07165  	-0.2787  	-0.4407  	0.34122  	-0.1843  	0.21798  	-0.0301  	-0.5372  	-0.2867  	-0.1599  	0.22275  	0.08146  	-0.1462  	-0.3317  	0.09971  	-0.0815  	0.04940  	0.06470  	-0.5217  	-0.0300  	0.52568  	0.23358  	-0.0817  	0.45203  	-0.0284  	-0.0138  	-0.0214  	0.07299  	-0.0156  	-0.0212  	-0.0209  	-0.0058  	-0.0333  	0.04431  	-0.0006  	-0.0178  	-0.0072  	-0.0374  	-0.0277  	0.01517  	-0.0082  	-0.0374  	-0.0044  	-0.0202  	0.11951  	-0.3634  	0.04362  	0.02647  	0.01211  	0.40077  	0.51056  	268.426  	212.431  	
0.40100  	-0.1258  	0.18002  	-0.0250  	0.32934  	-0.0987  	-0.4630  	0.14542  	0.20354  	-0.4862  	-0.7711  	0.52650  	0.27893  	-0.0722  	-0.1975  	-0.0983  	0.13221  	-0.2684  	0.50908  	-0.3315  	0.08400  	-0.2093  	-0.3904  	0.31861  	-0.0697  	0.20117  	0.03554  	-0.5881  	-0.1973  	-0.1494  	0.20990  	0.08483  	-0.1916  	-0.3648  	0.06701  	-0.0739  	0.05759  	0.06310  	-0.4976  	-0.0179  	0.50459  	0.25512  	-0.1132  	0.47670  	-0.0675  	-0.0099  	-0.0442  	0.10560  	-0.0054  	-0.0516  	-0.0141  	-0.0001  	-0.0269  	0.04095  	0.00833  	-0.0104  	-0.0140  	-0.0355  	-0.0270  	0.01281  	-7.0897  	-0.0367  	0.00547  	-0.0131  	0.11951  	-0.3634  	0.04362  	0.02647  	0.01211  	0.40077  	0.51056  	268.426  	212.431  	
0.13863  	-0.2021  	-0.0110  	0.07293  	0.38833  	-0.2412  	-0.5222  	0.05461  	0.15037  	-0.4869  	-0.5859  	0.53118  	0.15098  	-0.2620  	-0.2950  	-0.0008  	0.14894  	-0.2723  	0.49561  	-0.2006  	0.12497  	-0.2588  	-0.4003  	0.38678  	0.02137  	0.18302  	0.12840  	-0.6208  	-0.3242  	-0.1321  	0.16759  	0.12584  	-0.2106  	-0.3329  	0.18191  	-0.0449  	0.12750  	0.08590  	-0.5224  	-0.0033  	0.44817  	0.24876  	-0.1341  	0.45105  	-0.0448  	-0.0119  	-0.0351  	0.06312  	-0.0162  	-0.0407  	-0.0238  	-0.0027  	-0.0298  	0.04398  	0.01127  	-0.0229  	-0.0001  	-0.0348  	-0.0225  	0.00572  	-0.0075  	-0.0441  	0.00610  	-0.0173  	0.11951  	-0.3634  	0.04362  	0.02647  	0.01211  	0.40077  	0.51056  	268.426  	212.431  	
0.07346  	-0.2720  	-0.1134  	0.06319  	0.40709  	-0.2288  	-0.5497  	0.00093  	0.16346  	-0.5312  	-0.5478  	0.64552  	0.10638  	-0.2885  	-0.4030  	0.05901  	0.05464  	-0.1013  	0.43013  	-0.0401  	0.03872  	-0.1024  	-0.2945  	0.44118  	-0.0472  	0.14172  	0.03362  	-0.4683  	-0.3416  	-0.1444  	0.09609  	0.13630  	-0.1484  	-0.2339  	0.23882  	-0.0334  	0.14002  	0.07816  	-0.4599  	0.03353  	0.40643  	0.18229  	-0.0807  	0.38129  	0.00181  	-0.0275  	-0.0103  	0.02709  	-0.0128  	-0.0339  	-0.0222  	-0.0084  	-0.0245  	0.03058  	0.00258  	-0.0259  	0.00052  	-0.0222  	-0.0173  	0.00786  	-0.0165  	-0.0385  	0.01146  	-0.0106  	0.11951  	-0.3634  	0.04362  	0.02647  	0.01211  	0.40077  	0.51056  	268.426  	212.431  	
0.07032  	-0.2448  	-0.1326  	0.00859  	0.39263  	-0.1728  	-0.4531  	-0.0294  	0.21078  	-0.4745  	-0.6755  	0.54479  	0.10612  	-0.2130  	-0.4544  	0.05601  	-0.0135  	0.05540  	0.35077  	0.24116  	-0.1148  	0.08161  	-0.0937  	0.33487  	0.02952  	0.06893  	-0.0571  	-0.2851  	-0.2801  	-0.1207  	0.00725  	0.13518  	-0.0554  	-0.0753  	0.18429  	0.02793  	0.12969  	0.06998  	-0.3258  	0.12262  	0.40602  	0.03689  	0.06633  	0.33566  	0.04293  	-0.0459  	0.00779  	0.02764  	0.00084  	-0.0167  	-0.0250  	-0.0172  	-0.0347  	0.01489  	0.00576  	-0.0243  	0.00356  	-0.0143  	-0.0181  	-0.0001  	-0.0185  	-0.0447  	0.02878  	-0.0137  	0.11951  	-0.3634  	0.04362  	0.02647  	0.01211  	0.40077  	0.51056  	268.426  	212.431  	
0.39839  	-0.1646  	0.05233  	0.00675  	0.37700  	-0.1096  	-0.4000  	-0.0085  	0.21673  	-0.3873  	-0.8287  	0.42508  	0.23737  	0.07005  	-0.2663  	-0.0594  	-0.0226  	0.00044  	0.36150  	0.08607  	-0.1007  	0.13328  	-0.0280  	0.32549  	0.17331  	0.02983  	0.13141  	-0.4204  	-0.2728  	-0.0641  	0.05125  	0.13896  	-0.0607  	-0.0873  	0.22384  	0.01532  	0.15431  	0.05006  	-0.3077  	0.12170  	0.37732  	0.05043  	0.06492  	0.35548  	0.02846  	-0.0419  	-0.0081  	0.07317  	0.02179  	-0.0297  	-0.0200  	-0.0108  	-0.0283  	0.01735  	0.00508  	-0.0129  	-0.0012  	-0.0203  	-0.0230  	0.00421  	-0.0149  	-0.0342  	0.03084  	-0.0129  	0.11951  	-0.3634  	0.04362  	0.02647  	0.01211  	0.40077  	0.51056  	268.426  	212.431  	
0.08719  	-0.2132  	-0.1781  	-0.2437  	0.29297  	-0.3790  	-0.4123  	-0.0370  	0.20746  	-0.3744  	-0.6077  	0.45546  	0.12977  	-0.1102  	-0.5050  	-0.0804  	-0.0326  	0.01809  	0.34419  	0.18116  	-0.0738  	0.08650  	-0.0956  	0.40646  	0.09935  	0.05647  	0.07269  	-0.4581  	-0.4145  	-0.1301  	0.05162  	0.11844  	-0.0465  	-0.0811  	0.27309  	0.00337  	0.16423  	0.07038  	-0.3398  	0.12547  	0.39206  	0.06453  	0.04989  	0.32873  	0.04261  	-0.0425  	0.00278  	0.02985  	-0.0027  	-0.0137  	-0.0362  	-0.0143  	-0.0408  	0.02733  	-0.0035  	-0.0265  	-0.0058  	-0.0285  	-0.0309  	0.00242  	-0.0153  	-0.0284  	0.02722  	-0.0115  	0.11951  	-0.3634  	0.04362  	0.02647  	0.01211  	0.40077  	0.51056  	268.426  	212.431  	
-0.3542  	-0.3058  	-0.2992  	-0.6358  	0.02204  	-0.5764  	-0.5225  	-0.1543  	0.15872  	-0.3140  	-0.2165  	0.46179  	-0.0405  	-0.5145  	-0.9319  	-0.0220  	-0.0353  	0.12578  	0.39412  	0.28348  	-0.0597  	-0.0157  	-0.0702  	0.29830  	-0.0532  	0.06777  	-0.0683  	-0.3360  	-0.4061  	-0.1767  	0.03972  	0.14485  	-0.0410  	-0.0927  	0.12058  	0.06955  	0.16358  	0.08855  	-0.3324  	0.11246  	0.42663  	0.06149  	0.04537  	0.32067  	0.04830  	-0.0354  	0.01305  	-0.0041  	-0.0049  	-0.0162  	-0.0311  	-0.0087  	-0.0291  	0.03238  	0.00079  	-0.0315  	-0.0005  	-0.0068  	-0.0266  	8.78398  	-0.0170  	-0.0321  	0.02644  	-0.0100  	0.11951  	-0.3634  	0.04362  	0.02647  	0.01211  	0.40077  	0.51056  	268.426  	212.431  	
-0.3383  	-0.3212  	-0.1709  	-0.6719  	0.00979  	-0.5472  	-0.4694  	-0.1465  	0.12732  	-0.2657  	-0.2029  	0.41515  	-0.0311  	-0.4676  	-1.0041  	0.02639  	-0.0299  	0.09807  	0.36720  	0.25257  	-0.1116  	0.04140  	-0.0604  	0.31178  	0.01219  	0.07313  	-0.0790  	-0.3523  	-0.3408  	-0.1955  	0.04824  	0.12524  	-0.0574  	-0.1022  	0.06980  	0.07689  	0.15876  	0.08703  	-0.3285  	0.08209  	0.46806  	0.04979  	0.04195  	0.33839  	0.05280  	-0.0458  	0.01303  	0.02517  	-0.0122  	-0.0212  	-0.0343  	-0.0067  	-0.0306  	0.02282  	0.00037  	-0.0375  	0.00119  	-0.0141  	-0.0205  	-0.0036  	-0.0129  	-0.0330  	0.03508  	-0.0031  	0.11951  	-0.3634  	0.04362  	0.02647  	0.01211  	0.40077  	0.51056  	268.426  	212.431  	
-0.2555  	-0.3174  	-0.1762  	-0.4807  	0.12609  	-0.4088  	-0.4789  	-0.1367  	0.14648  	-0.4019  	-0.3841  	0.49246  	-0.0430  	-0.4886  	-0.8924  	0.07115  	-0.0023  	0.08449  	0.39144  	0.22041  	-0.1207  	0.03914  	-0.0383  	0.32679  	0.02375  	0.09331  	-0.0195  	-0.3055  	-0.3298  	-0.1573  	0.04606  	0.14298  	-0.0706  	-0.1006  	0.09994  	0.08340  	0.16080  	0.06452  	-0.3363  	0.09250  	0.47919  	0.04563  	0.04188  	0.34339  	0.04901  	-0.0478  	0.01147  	0.01680  	-0.0177  	-0.0219  	-0.0246  	-0.0091  	-0.0314  	0.01633  	-0.0035  	-0.0311  	0.00443  	-0.0160  	-0.0264  	-0.0089  	-0.0156  	-0.0313  	0.03992  	-0.0039  	0.11951  	-0.3634  	0.04362  	0.02647  	0.01211  	0.40077  	0.51056  	268.426  	212.431  	
-0.1125  	-0.3130  	-0.1433  	-0.3266  	0.20046  	-0.2927  	-0.5014  	-0.0717  	0.17804  	-0.4539  	-0.4849  	0.53470  	0.00566  	-0.4692  	-0.7988  	0.12434  	0.00235  	0.11295  	0.40062  	0.24125  	-0.1656  	0.02028  	-0.0541  	0.28578  	0.01502  	0.08527  	-0.0650  	-0.2370  	-0.2851  	-0.1748  	0.02960  	0.15400  	-0.0555  	-0.0996  	0.11555  	0.08736  	0.12004  	0.06519  	-0.3165  	0.10874  	0.46985  	0.03376  	0.06513  	0.34748  	0.04661  	-0.0440  	0.00824  	0.02625  	-0.0046  	-0.0266  	-0.0279  	-0.0123  	-0.0266  	0.01601  	0.00558  	-0.0340  	0.00392  	-0.0140  	-0.0285  	-0.0081  	-0.0128  	-0.0374  	0.04105  	-0.0043  	0.11951  	-0.3634  	0.04362  	0.02647  	0.01211  	0.40077  	0.51056  	268.426  	212.431  	
0.02432  	-0.2652  	-0.0545  	-0.2287  	0.27109  	-0.2807  	-0.4658  	-0.1053  	0.17942  	-0.3424  	-0.4065  	0.60864  	0.00215  	-0.4667  	-0.8331  	0.20199  	-0.0612  	0.11153  	0.37558  	0.32505  	-0.2020  	0.01059  	-0.1325  	0.24122  	0.00148  	0.05792  	-0.1261  	-0.1837  	-0.2684  	-0.1618  	0.01533  	0.15887  	-0.0683  	-0.0805  	0.14026  	0.12179  	0.11305  	0.06811  	-0.3066  	0.10996  	0.46019  	0.04261  	0.06101  	0.32786  	0.03609  	-0.0475  	0.00788  	0.03188  	0.00418  	-0.0249  	-0.0145  	-0.0094  	-0.0238  	0.02075  	0.00708  	-0.0240  	0.00517  	-0.0190  	-0.0252  	-0.0067  	-0.0159  	-0.0400  	0.03583  	-0.0064  	0.11951  	-0.3634  	0.04362  	0.02647  	0.01211  	0.40077  	0.51056  	268.426  	212.431  	
0.05291  	-0.2905  	-0.0711  	-0.1806  	0.31937  	-0.2419  	-0.4812  	-0.1352  	0.13419  	-0.3477  	-0.3908  	0.58615  	-0.0325  	-0.5182  	-0.9013  	0.32174  	-0.0680  	0.12088  	0.38639  	0.28989  	-0.1655  	-0.0083  	-0.2217  	0.32053  	0.07080  	0.03181  	0.00475  	-0.2443  	-0.3432  	-0.1402  	-0.0271  	0.19036  	-0.0839  	-0.0987  	0.21239  	0.16551  	0.15496  	0.07824  	-0.3378  	0.11981  	0.40869  	0.06596  	0.04561  	0.32624  	0.04916  	-0.0448  	0.00100  	0.02689  	0.00918  	-0.0257  	-0.0143  	-0.0130  	-0.0218  	0.02504  	0.00753  	-0.0239  	0.01028  	-0.0137  	-0.0263  	-0.0025  	-0.0230  	-0.0519  	0.04188  	-0.0073  	0.11951  	-0.3634  	0.04362  	0.02647  	0.01211  	0.40077  	0.51056  	268.426  	212.431  	
0.03560  	-0.2818  	-0.0968  	-0.1515  	0.30288  	-0.2255  	-0.4866  	-0.1336  	0.13376  	-0.4377  	-0.4598  	0.54622  	-0.0469  	-0.5136  	-0.8369  	0.25734  	-0.0267  	0.07696  	0.40499  	0.25410  	-0.1342  	-0.0042  	-0.1696  	0.34156  	0.12126  	0.03138  	0.04722  	-0.2538  	-0.3353  	-0.0991  	-0.0340  	0.21127  	-0.1014  	-0.1077  	0.19767  	0.16961  	0.17819  	0.09573  	-0.3431  	0.10030  	0.39924  	0.05741  	0.04656  	0.34205  	0.04142  	-0.0450  	-0.0019  	0.02528  	0.00584  	-0.0362  	-0.0172  	-0.0146  	-0.0242  	0.02450  	0.00827  	-0.0232  	0.01075  	-0.0121  	-0.0241  	-0.0040  	-0.0205  	-0.0531  	0.04547  	-0.0090  	0.11951  	-0.3634  	0.04362  	0.02647  	0.01211  	0.40077  	0.51056  	268.426  	212.431  	
0.05396  	-0.2749  	-0.1007  	-0.0586  	0.31433  	-0.1914  	-0.5173  	-0.1360  	0.15271  	-0.4529  	-0.5064  	0.60373  	-0.0469  	-0.4043  	-0.7650  	0.18211  	-0.0074  	0.06158  	0.40919  	0.25731  	-0.1199  	0.02494  	-0.1386  	0.36740  	0.11726  	0.04724  	0.06696  	-0.2494  	-0.3137  	-0.0835  	-0.0398  	0.21125  	-0.0972  	-0.1046  	0.16686  	0.13674  	0.16336  	0.07847  	-0.3150  	0.08743  	0.37839  	0.06569  	0.05807  	0.33180  	0.04604  	-0.0346  	-0.0075  	0.03243  	0.00511  	-0.0377  	-0.0138  	-0.0078  	-0.0188  	0.02363  	-0.0014  	-0.0178  	0.00140  	-0.0155  	-0.0170  	0.00255  	-0.0176  	-0.0529  	0.02311  	-0.0118  	0.11951  	-0.3634  	0.04362  	0.02647  	0.01211  	0.40077  	0.51056  	268.426  	212.431  	
0.07717  	-0.2518  	-0.1428  	0.04634  	0.41965  	-0.1548  	-0.4795  	-0.0508  	0.16522  	-0.5226  	-0.6356  	0.60940  	0.03878  	-0.2702  	-0.5274  	0.11099  	-0.0087  	0.06306  	0.40380  	0.22974  	-0.1017  	0.05352  	-0.1204  	0.32703  	0.15146  	0.04600  	0.04721  	-0.2330  	-0.2494  	-0.0596  	-0.0318  	0.16212  	-0.0746  	-0.0874  	0.18198  	0.06241  	0.14101  	0.06680  	-0.3141  	0.10827  	0.37022  	0.05929  	0.04239  	0.32730  	0.04899  	-0.0398  	0.00180  	0.02514  	0.00517  	-0.0420  	-0.0215  	-0.0124  	-0.0299  	0.01468  	-0.0039  	-0.0195  	0.00987  	-0.0174  	-0.0170  	-0.0031  	-0.0202  	-0.0466  	0.03135  	-0.0127  	0.11951  	-0.3634  	0.04362  	0.02647  	0.01211  	0.40077  	0.51056  	268.426  	212.431  	
0.05466  	-0.2365  	-0.1398  	-0.0186  	0.37416  	-0.1443  	-0.4961  	-0.0358  	0.17940  	-0.5121  	-0.6044  	0.62535  	0.04915  	-0.2881  	-0.4947  	0.11351  	0.00121  	0.06314  	0.40645  	0.22276  	-0.0955  	0.07015  	-0.0709  	0.34913  	0.10038  	0.05150  	0.02397  	-0.2635  	-0.2762  	-0.0839  	-0.0115  	0.14802  	-0.0603  	-0.0961  	0.18375  	0.03763  	0.15070  	0.06203  	-0.3234  	0.10292  	0.37477  	0.06028  	0.03041  	0.32305  	0.04932  	-0.0397  	0.00670  	0.02420  	0.00112  	-0.0335  	-0.0222  	-0.0110  	-0.0324  	0.01122  	0.00102  	-0.0221  	0.00827  	-0.0161  	-0.0195  	-0.0027  	-0.0221  	-0.0449  	0.02474  	-0.0140  	0.11951  	-0.3634  	0.04362  	0.02647  	0.01211  	0.40077  	0.51056  	268.426  	212.431  	
0.11495  	-0.2114  	-0.0687  	-0.1086  	0.32657  	-0.1986  	-0.5117  	-0.1047  	0.15387  	-0.4326  	-0.4649  	0.60446  	-0.0014  	-0.4146  	-0.7389  	0.23322  	-0.0601  	0.10661  	0.40110  	0.26971  	-0.0871  	0.03197  	-0.1243  	0.33622  	0.03683  	0.03080  	-0.0253  	-0.2995  	-0.3291  	-0.1280  	-0.0165  	0.16795  	-0.0687  	-0.0918  	0.20618  	0.09528  	0.17665  	0.07931  	-0.3430  	0.11018  	0.40135  	0.05362  	0.04687  	0.32894  	0.04723  	-0.0367  	0.00071  	0.02670  	0.00358  	-0.0275  	-0.0170  	-0.0093  	-0.0258  	0.01640  	0.00130  	-0.0210  	0.00683  	-0.0140  	-0.0195  	-0.0046  	-0.0232  	-0.0472  	0.03527  	-0.0135  	0.11951  	-0.3634  	0.04362  	0.02647  	0.01211  	0.40077  	0.51056  	268.426  	212.431  	
0.04889  	-0.2482  	-0.0456  	-0.2500  	0.21870  	-0.2723  	-0.4714  	-0.1080  	0.14246  	-0.3521  	-0.4036  	0.53843  	-0.0248  	-0.4573  	-0.9015  	0.25284  	-0.0815  	0.15018  	0.37319  	0.28064  	-0.1480  	0.02475  	-0.1558  	0.28528  	0.06177  	0.04142  	-0.0727  	-0.2641  	-0.2915  	-0.1450  	0.00042  	0.16618  	-0.0780  	-0.0908  	0.16601  	0.14719  	0.14479  	0.06915  	-0.3261  	0.10810  	0.43214  	0.04818  	0.05411  	0.33688  	0.04952  	-0.0423  	0.00448  	0.03401  	0.00978  	-0.0310  	-0.0182  	-0.0105  	-0.0211  	0.01493  	0.00669  	-0.0293  	0.00403  	-0.0115  	-0.0270  	-0.0065  	-0.0224  	-0.0514  	0.04425  	-0.0074  	0.11951  	-0.3634  	0.04362  	0.02647  	0.01211  	0.40077  	0.51056  	268.426  	212.431  	
-0.2164  	-0.2991  	-0.2165  	-0.3830  	0.18998  	-0.4655  	-0.4662  	-0.1626  	0.12817  	-0.3470  	-0.3738  	0.47951  	-0.0237  	-0.4947  	-0.9467  	0.16102  	-0.0525  	0.10649  	0.38566  	0.28878  	-0.1620  	0.03386  	-0.1294  	0.30071  	0.07840  	0.06440  	-0.0656  	-0.2667  	-0.2881  	-0.1165  	0.00173  	0.15487  	-0.0923  	-0.0916  	0.16493  	0.17253  	0.13500  	0.06242  	-0.3235  	0.09987  	0.44921  	0.05812  	0.03631  	0.31753  	0.04905  	-0.0427  	0.00553  	0.02151  	0.00101  	-0.0291  	-0.0234  	-0.0108  	-0.0303  	0.01985  	0.00131  	-0.0281  	-0.0012  	-0.0089  	-0.0283  	-0.0028  	-0.0181  	-0.0446  	0.04345  	-0.0120  	0.11951  	-0.3634  	0.04362  	0.02647  	0.01211  	0.40077  	0.51056  	268.426  	212.431  	
-0.4698  	-0.3718  	-0.3441  	-0.5755  	0.13384  	-0.5959  	-0.5200  	-0.1728  	0.13334  	-0.3216  	-0.2350  	0.50532  	-0.0439  	-0.5068  	-0.9207  	0.00570  	-0.0370  	0.05968  	0.39973  	0.26147  	-0.1230  	0.01850  	-0.0545  	0.31955  	0.01511  	0.07794  	-0.0797  	-0.3058  	-0.3160  	-0.1486  	0.04579  	0.13546  	-0.0622  	-0.0935  	0.13848  	0.11537  	0.16264  	0.06595  	-0.3531  	0.06701  	0.41363  	0.07520  	0.01438  	0.30757  	0.06143  	-0.0431  	0.01022  	0.00522  	-0.0052  	-0.0276  	-0.0361  	-0.0083  	-0.0276  	0.02811  	0.00395  	-0.0346  	-0.0034  	-0.0154  	-0.0176  	0.00249  	-0.0100  	-0.0342  	0.02873  	-0.0120  	0.11951  	-0.3634  	0.04362  	0.02647  	0.01211  	0.40077  	0.51056  	268.426  	212.431  	
-0.4455  	-0.3764  	-0.2771  	-0.6539  	0.06433  	-0.6130  	-0.5409  	-0.1355  	0.12845  	-0.3052  	-0.1705  	0.51377  	-0.0286  	-0.4483  	-0.8881  	-0.0554  	-0.0057  	0.06495  	0.40546  	0.23935  	-0.0214  	0.01171  	-0.0055  	0.34114  	-0.0442  	0.07363  	-0.0710  	-0.3451  	-0.4014  	-0.1765  	0.05584  	0.14101  	-0.0566  	-0.1083  	0.12391  	0.05610  	0.19145  	0.06728  	-0.3472  	0.05731  	0.42578  	0.06176  	0.02237  	0.30772  	0.05291  	-0.0315  	0.01167  	0.00631  	-0.0090  	-0.0216  	-0.0407  	-0.0092  	-0.0299  	0.01822  	-0.0026  	-0.0376  	-0.0044  	-0.0118  	-0.0234  	-0.0037  	-0.0083  	-0.0304  	0.02812  	-0.0179  	0.11951  	-0.3634  	0.04362  	0.02647  	0.01211  	0.40077  	0.51056  	268.426  	212.431  	
-0.1678  	-0.3126  	-0.1590  	-0.5207  	0.10086  	-0.4693  	-0.5318  	-0.0720  	0.15592  	-0.3815  	-0.2587  	0.52171  	0.00786  	-0.3309  	-0.8301  	0.00321  	0.01977  	0.06072  	0.39761  	0.21289  	0.02393  	0.02262  	-0.0076  	0.40096  	0.00204  	0.07683  	0.01418  	-0.4447  	-0.4543  	-0.1929  	0.05415  	0.12660  	-0.0662  	-0.1134  	0.16503  	0.01965  	0.22611  	0.07923  	-0.3644  	0.07830  	0.43547  	0.04851  	0.03758  	0.32180  	0.04620  	-0.0459  	0.00963  	0.01676  	-0.0139  	-0.0182  	-0.0298  	-0.0086  	-0.0330  	0.02200  	-0.0086  	-0.0307  	-0.0081  	-0.0185  	-0.0236  	-0.0017  	-0.0149  	-0.0275  	0.02538  	-0.0131  	0.11951  	-0.3634  	0.04362  	0.02647  	0.01211  	0.40077  	0.51056  	268.426  	212.431  	
-0.0874  	-0.2652  	-0.1299  	-0.3981  	0.14530  	-0.3039  	-0.5247  	-0.0310  	0.19450  	-0.4131  	-0.4606  	0.51384  	0.03451  	-0.3606  	-0.8485  	0.13395  	-0.0109  	0.10882  	0.42128  	0.19999  	-0.0776  	0.02934  	0.01840  	0.28896  	-0.0222  	0.07465  	-0.0669  	-0.3334  	-0.3544  	-0.1614  	0.02669  	0.16555  	-0.0473  	-0.1072  	0.10051  	0.03413  	0.16774  	0.08213  	-0.3133  	0.09720  	0.48957  	0.03316  	0.07242  	0.33491  	0.04183  	-0.0406  	0.01061  	0.03799  	-0.0079  	-0.0200  	-0.0316  	-0.0135  	-0.0350  	0.02061  	-0.0025  	-0.0272  	-0.0030  	-0.0160  	-0.0196  	-0.0093  	-0.0105  	-0.0373  	0.03125  	-0.0102  	0.11951  	-0.3634  	0.04362  	0.02647  	0.01211  	0.40077  	0.51056  	268.426  	212.431  	
0.03203  	-0.2530  	-0.0960  	-0.2189  	0.22339  	-0.2603  	-0.4978  	-0.0741  	0.19523  	-0.3821  	-0.4733  	0.57648  	0.03971  	-0.4028  	-0.7546  	0.13090  	-0.0343  	0.10435  	0.38046  	0.27217  	-0.1337  	0.03670  	-0.0787  	0.27355  	-0.0008  	0.06036  	-0.1154  	-0.2403  	-0.2778  	-0.1564  	0.02262  	0.14601  	-0.0621  	-0.0878  	0.10900  	0.07217  	0.12612  	0.07935  	-0.3144  	0.12950  	0.45898  	0.02953  	0.07268  	0.34135  	0.03013  	-0.0455  	0.01333  	0.03349  	0.00163  	-0.0330  	-0.0280  	-0.0123  	-0.0309  	0.02059  	-0.0002  	-0.0271  	-0.0001  	-0.0187  	-0.0236  	-0.0048  	-0.0184  	-0.0426  	0.03498  	-0.0102  	0.11951  	-0.3634  	0.04362  	0.02647  	0.01211  	0.40077  	0.51056  	268.426  	212.431  	
0.05922  	-0.2509  	-0.0816  	-0.1690  	0.28408  	-0.2435  	-0.4846  	-0.0931  	0.18276  	-0.3771  	-0.4442  	0.57180  	-0.0050  	-0.4089  	-0.7572  	0.17546  	-0.0485  	0.09019  	0.38090  	0.27642  	-0.1012  	0.02563  	-0.1024  	0.28201  	0.01452  	0.03689  	-0.0507  	-0.2546  	-0.3010  	-0.1404  	-0.0134  	0.17430  	-0.0632  	-0.0909  	0.18281  	0.10798  	0.15873  	0.06825  	-0.3311  	0.10772  	0.42707  	0.047  	0.05361  	0.33864  	0.04435  	-0.0460  	0.00923  	0.02604  	0.00701  	-0.0285  	-0.0190  	-0.0143  	-0.0256  	0.02336  	0.00384  	-0.0226  	0.00516  	-0.0146  	-0.0256  	-0.0017  	-0.0173  	-0.0473  	0.03824  	-0.0089  	0.11951  	-0.3634  	0.04362  	0.02647  	0.01211  	0.40077  	0.51056  	268.426  	212.431  	
0.08364  	-0.2671  	-0.0692  	-0.1583  	0.29152  	-0.2317  	-0.4771  	-0.1118  	0.17019  	-0.3635  	-0.3993  	0.55804  	-0.0296  	-0.4829  	-0.8134  	0.25747  	-0.0584  	0.11724  	0.38120  	0.26354  	-0.1090  	0.00986  	-0.1354  	0.29116  	0.05078  	0.02988  	-0.0282  	-0.2549  	-0.3321  	-0.1394  	-0.0239  	0.18718  	-0.0838  	-0.0957  	0.20635  	0.12554  	0.17039  	0.08483  	-0.3363  	0.10131  	0.41324  	0.05137  	0.04604  	0.33439  	0.04869  	-0.0426  	0.00411  	0.02008  	0.00327  	-0.0290  	-0.0161  	-0.0106  	-0.0214  	0.02142  	0.00800  	-0.0236  	0.00549  	-0.0139  	-0.0262  	-0.0039  	-0.0212  	-0.0496  	0.03830  	-0.0078  	0.11951  	-0.3634  	0.04362  	0.02647  	0.01211  	0.40077  	0.51056  	268.426  	212.431  	
0.06085  	-0.2870  	-0.0870  	-0.2000  	0.29323  	-0.2327  	-0.4740  	-0.1383  	0.15441  	-0.3584  	-0.3986  	0.53930  	-0.0279  	-0.4863  	-0.8253  	0.25697  	-0.0680  	0.11897  	0.37502  	0.25144  	-0.1192  	0.02105  	-0.1386  	0.30461  	0.06471  	0.02772  	-0.0305  	-0.2378  	-0.3148  	-0.1349  	-0.0157  	0.18996  	-0.0962  	-0.0904  	0.21131  	0.14904  	0.16406  	0.08169  	-0.3370  	0.11805  	0.41347  	0.05795  	0.04690  	0.33359  	0.04464  	-0.0408  	0.00085  	0.01701  	0.00132  	-0.0318  	-0.0138  	-0.0100  	-0.0209  	0.01996  	0.00732  	-0.0255  	0.00848  	-0.0140  	-0.0215  	-0.0037  	-0.0211  	-0.0474  	0.03649  	-0.0063  	0.11951  	-0.3634  	0.04362  	0.02647  	0.01211  	0.40077  	0.51056  	268.426  	212.431  	
0.05133  	-0.2858  	-0.0822  	-0.2767  	0.23285  	-0.2296  	-0.4660  	-0.1377  	0.15466  	-0.3818  	-0.3961  	0.51444  	-0.0197  	-0.5030  	-0.8264  	0.24627  	-0.0760  	0.12242  	0.37773  	0.24702  	-0.1243  	0.02408  	-0.1008  	0.27251  	0.05254  	0.03900  	-0.0488  	-0.2295  	-0.3109  	-0.1459  	0.00148  	0.17254  	-0.0891  	-0.0865  	0.19539  	0.14282  	0.16647  	0.08377  	-0.3382  	0.12339  	0.43226  	0.05174  	0.05101  	0.33444  	0.04058  	-0.0404  	0.00521  	0.01495  	-0.0032  	-0.0250  	-0.0139  	-0.0115  	-0.0229  	0.01965  	0.00492  	-0.0263  	0.00579  	-0.0151  	-0.0206  	-0.0037  	-0.0201  	-0.0430  	0.03708  	-0.0057  	0.11951  	-0.3634  	0.04362  	0.02647  	0.01211  	0.40077  	0.51056  	268.426  	212.431  	
-0.0464  	-0.2937  	-0.1459  	-0.3031  	0.19024  	-0.2972  	-0.4736  	-0.1363  	0.13926  	-0.4364  	-0.4525  	0.48491  	-0.0158  	-0.4789  	-0.7779  	0.13762  	-0.0469  	0.09241  	0.38563  	0.24314  	-0.1138  	0.03650  	-0.0743  	0.25995  	0.03292  	0.05634  	-0.0541  	-0.2444  	-0.2999  	-0.1380  	0.00385  	0.17203  	-0.0936  	-0.0925  	0.17869  	0.14006  	0.17132  	0.08492  	-0.3476  	0.11370  	0.43673  	0.05657  	0.04956  	0.33991  	0.04085  	-0.0417  	0.01064  	0.00873  	-0.0070  	-0.0260  	-0.0209  	-0.0094  	-0.0258  	0.02217  	0.00665  	-0.0277  	0.00360  	-0.0111  	-0.0204  	-0.0026  	-0.0189  	-0.0406  	0.03438  	-0.0061  	0.11951  	-0.3634  	0.04362  	0.02647  	0.01211  	0.40077  	0.51056  	268.426  	212.431  	
-0.0922  	-0.2965  	-0.1787  	-0.2702  	0.19032  	-0.3164  	-0.5009  	-0.1155  	0.14734  	-0.4816  	-0.4349  	0.49628  	-0.0438  	-0.4624  	-0.6918  	0.10142  	-0.0210  	0.08692  	0.38180  	0.21288  	-0.0941  	0.02590  	-0.0385  	0.28792  	0.02706  	0.06611  	-0.0290  	-0.2969  	-0.3243  	-0.1465  	0.00807  	0.16515  	-0.0935  	-0.0938  	0.19366  	0.09908  	0.19194  	0.08894  	-0.3602  	0.08139  	0.44508  	0.05955  	0.04397  	0.32658  	0.04585  	-0.0434  	0.01049  	0.00929  	-0.0082  	-0.0226  	-0.0218  	-0.0133  	-0.0216  	0.02317  	0.00733  	-0.0244  	0.00696  	-0.0118  	-0.0221  	-0.0062  	-0.0196  	-0.0385  	0.04155  	-0.0031  	0.11951  	-0.3634  	0.04362  	0.02647  	0.01211  	0.40077  	0.51056  	268.426  	212.431  	
-0.0394  	-0.2802  	-0.1418  	-0.2507  	0.20862  	-0.3059  	-0.5128  	-0.0884  	0.17017  	-0.5140  	-0.4097  	0.53948  	-0.0311  	-0.3795  	-0.6202  	0.06806  	-0.0153  	0.05064  	0.36842  	0.21568  	-0.0213  	0.03669  	-0.0205  	0.31176  	0.00089  	0.07678  	-0.0447  	-0.3529  	-0.3907  	-0.1617  	0.01646  	0.17236  	-0.0643  	-0.0976  	0.20568  	0.02449  	0.23350  	0.09535  	-0.3688  	0.04868  	0.43367  	0.06038  	0.04528  	0.32294  	0.05034  	-0.0387  	0.01032  	0.00693  	-0.0121  	-0.0185  	-0.0326  	-0.0108  	-0.0285  	0.02051  	-0.0012  	-0.0246  	0.00153  	-0.0150  	-0.0222  	-0.0084  	-0.0171  	-0.0360  	0.03287  	-0.0094  	0.11951  	-0.3634  	0.04362  	0.02647  	0.01211  	0.40077  	0.51056  	268.426  	212.431  	
0.19929  	-0.1634  	-0.0064  	-0.1262  	0.22506  	-0.1798  	-0.4897  	0.04615  	0.24060  	-0.5315  	-0.3850  	0.57422  	0.04413  	-0.1975  	-0.5112  	0.14722  	-0.0072  	0.01985  	0.37514  	0.15555  	0.15755  	0.02831  	-0.0176  	0.33904  	-0.0719  	0.05146  	0.03443  	-0.4769  	-0.5209  	-0.1785  	0.00655  	0.18766  	-0.0347  	-0.1010  	0.29039  	-0.0666  	0.31137  	0.14100  	-0.4165  	0.04264  	0.40137  	0.04120  	0.04461  	0.32726  	0.03980  	-0.0372  	0.01216  	0.01075  	-0.0074  	-0.0198  	-0.0366  	-0.0075  	-0.0259  	0.02566  	-7.9872  	-0.0195  	-0.0113  	-0.0158  	-0.0257  	-0.0086  	-0.0127  	-0.0276  	0.02402  	-0.0155  	0.11951  	-0.3634  	0.04362  	0.02647  	0.01211  	0.40077  	0.51056  	268.426  	212.431  	
0.24845  	-0.1545  	0.03053  	-0.0957  	0.25888  	-0.1408  	-0.4727  	0.05080  	0.24460  	-0.5285  	-0.3959  	0.59873  	0.05909  	-0.1895  	-0.5545  	0.18118  	-0.0252  	0.03662  	0.36628  	0.19100  	0.11757  	0.02256  	-0.0241  	0.36013  	-0.0436  	0.04295  	0.02021  	-0.4308  	-0.4891  	-0.1777  	-0.0035  	0.17775  	-0.0245  	-0.1008  	0.29808  	-0.0373  	0.28375  	0.11871  	-0.3828  	0.05367  	0.39032  	0.05535  	0.04239  	0.32219  	0.03468  	-0.0395  	0.00829  	0.02864  	-0.0003  	-0.0137  	-0.0248  	-0.0062  	-0.0240  	0.02537  	0.00205  	-0.0142  	-0.0050  	-0.0141  	-0.0256  	-0.0044  	-0.0123  	-0.0374  	0.03301  	-0.0097  	0.11951  	-0.3634  	0.04362  	0.02647  	0.01211  	0.40077  	0.51056  	268.426  	212.431  	
0.13078  	-0.2493  	-0.0818  	-0.0914  	0.31708  	-0.2033  	-0.4503  	-0.0857  	0.19928  	-0.4412  	-0.4541  	0.57146  	0.04011  	-0.3495  	-0.6493  	0.17483  	-0.0387  	0.11027  	0.36353  	0.28440  	-0.0964  	0.02680  	-0.1323  	0.29852  	0.02582  	0.04763  	-0.0865  	-0.2488  	-0.3392  	-0.1599  	-0.0078  	0.16307  	-0.0569  	-0.0907  	0.21456  	0.07533  	0.16608  	0.07569  	-0.3458  	0.09926  	0.40684  	0.05571  	0.04447  	0.33067  	0.04449  	-0.0445  	0.01011  	0.03087  	0.00785  	-0.0227  	-0.0142  	-0.0098  	-0.0266  	0.02175  	0.00378  	-0.0184  	0.00405  	-0.0138  	-0.0228  	0.00056  	-0.0163  	-0.0474  	0.03203  	-0.0054  	0.11951  	-0.3634  	0.04362  	0.02647  	0.01211  	0.40077  	0.51056  	268.426  	212.431  	
0.10486  	-0.2559  	-0.0374  	-0.0676  	0.33815  	-0.2640  	-0.4793  	-0.0506  	0.15225  	-0.3943  	-0.4284  	0.60037  	0.06471  	-0.4525  	-0.7277  	0.20804  	0.01564  	-0.0122  	0.43204  	0.08092  	-0.1415  	-0.1520  	-0.3969  	0.31571  	0.00164  	0.11974  	-0.0561  	-0.2704  	-0.2225  	-0.1511  	0.07315  	0.13971  	-0.1429  	-0.2264  	0.12679  	0.10224  	0.04500  	0.07296  	-0.4169  	0.04112  	0.48919  	0.16669  	-0.0361  	0.39746  	-0.0027  	-0.0284  	-0.0134  	0.05263  	-0.0009  	-0.0368  	-0.0109  	-0.0074  	-0.0228  	0.03283  	0.01413  	-0.0296  	0.00500  	-0.0227  	-0.0203  	0.00671  	-0.0146  	-0.0486  	0.02773  	-0.0042  	0.11951  	-0.3634  	0.04362  	0.02647  	0.01211  	0.40077  	0.51056  	268.426  	212.431  	
0.01660  	-0.2581  	-0.0324  	-0.2198  	0.22740  	-0.3431  	-0.5281  	-0.0353  	0.11911  	-0.4209  	-0.3734  	0.56519  	0.05380  	-0.5870  	-0.8335  	0.14312  	0.08059  	-0.0866  	0.49478  	-0.1146  	-0.0719  	-0.3120  	-0.5242  	0.28326  	-0.0111  	0.18662  	-0.0589  	-0.3565  	-0.1812  	-0.1642  	0.16383  	0.10248  	-0.2230  	-0.3401  	0.05741  	0.10675  	0.00553  	0.07048  	-0.4995  	-0.0097  	0.54456  	0.24319  	-0.1184  	0.45445  	-0.0490  	-0.0162  	-0.0312  	0.06245  	-0.0169  	-0.0491  	-0.0089  	-0.0043  	-0.0168  	0.04698  	0.01422  	-0.0286  	0.00089  	-0.0335  	-0.0207  	0.01221  	-0.0123  	-0.0499  	0.02065  	-0.0082  	0.11951  	-0.3634  	0.04362  	0.02647  	0.01211  	0.40077  	0.51056  	268.426  	212.431  	
-0.3094  	-0.3328  	-0.2569  	-0.3736  	0.19700  	-0.5089  	-0.5233  	-0.0492  	0.08938  	-0.4046  	-0.3225  	0.53162  	0.04303  	-0.5947  	-0.8050  	-0.0495  	0.10920  	-0.1543  	0.51550  	-0.1555  	-0.0269  	-0.3390  	-0.5064  	0.32529  	-0.0210  	0.20753  	-0.0294  	-0.4207  	-0.1737  	-0.1700  	0.20416  	0.06837  	-0.2352  	-0.3555  	0.04599  	0.08434  	-0.0003  	0.05791  	-0.5258  	-0.0308  	0.53280  	0.27222  	-0.1739  	0.45743  	-0.0405  	-0.0130  	-0.0399  	0.03491  	-0.0276  	-0.0482  	-0.0071  	-0.0001  	-0.0267  	0.04699  	0.01293  	-0.0308  	-0.0013  	-0.0301  	-0.0215  	0.00971  	-0.0084  	-0.0427  	0.00879  	-0.0089  	0.11951  	-0.3634  	0.04362  	0.02647  	0.01211  	0.40077  	0.51056  	268.426  	212.431  	
-0.3325  	-0.3377  	-0.2402  	-0.4429  	0.15772  	-0.5475  	-0.5483  	-0.0449  	0.11924  	-0.3995  	-0.3091  	0.50374  	0.03597  	-0.5155  	-0.6827  	-0.1101  	0.13612  	-0.1780  	0.48299  	-0.1687  	0.04863  	-0.3339  	-0.3953  	0.32104  	-0.0681  	0.21351  	-0.0274  	-0.4535  	-0.2333  	-0.1864  	0.20019  	0.06492  	-0.2169  	-0.3323  	0.04687  	0.01446  	0.04858  	0.06379  	-0.5071  	-0.0410  	0.53272  	0.24314  	-0.1471  	0.42861  	-0.0344  	-0.0169  	-0.0219  	0.03367  	-0.0353  	-0.0377  	-0.0192  	-0.0017  	-0.0289  	0.04974  	0.00594  	-0.0344  	-0.0030  	-0.0335  	-0.0278  	0.00939  	-0.0073  	-0.0431  	0.00981  	-0.0071  	0.11951  	-0.3634  	0.04362  	0.02647  	0.01211  	0.40077  	0.51056  	268.426  	212.431  	
-0.2183  	-0.3035  	-0.1573  	-0.4702  	0.15346  	-0.4484  	-0.5234  	-0.0692  	0.14898  	-0.3784  	-0.3306  	0.54930  	0.05493  	-0.4509  	-0.8076  	-0.0303  	0.07470  	-0.0326  	0.44716  	0.04506  	-0.0300  	-0.1745  	-0.2340  	0.34723  	-0.0400  	0.16537  	-0.0780  	-0.3851  	-0.2699  	-0.1881  	0.13737  	0.08419  	-0.1497  	-0.2317  	0.05325  	0.04487  	0.05699  	0.05877  	-0.4069  	0.04696  	0.50608  	0.15090  	-0.0445  	0.38828  	-0.0029  	-0.0262  	-0.0079  	0.03624  	-0.0165  	-0.0314  	-0.0269  	-0.0075  	-0.0340  	0.03711  	0.00398  	-0.0379  	-0.0044  	-0.0235  	-0.0226  	0.00680  	-0.0113  	-0.0411  	0.02208  	-0.0127  	0.11951  	-0.3634  	0.04362  	0.02647  	0.01211  	0.40077  	0.51056  	268.426  	212.431  	
-0.1968  	-0.2942  	-0.2152  	-0.3573  	0.21815  	-0.4027  	-0.5003  	-0.0829  	0.17039  	-0.3889  	-0.3569  	0.61410  	0.01662  	-0.4108  	-0.8094  	0.03785  	-0.0215  	0.12740  	0.37869  	0.30772  	-0.1069  	0.04997  	-0.0622  	0.29135  	-0.0293  	0.08597  	-0.1136  	-0.2549  	-0.2815  	-0.1732  	0.03580  	0.10893  	-0.0503  	-0.0979  	0.08909  	0.05409  	0.11173  	0.05563  	-0.3054  	0.11331  	0.43384  	0.04842  	0.06298  	0.31881  	0.04259  	-0.0436  	0.01439  	0.02669  	-0.0014  	-0.0257  	-0.0236  	-0.0118  	-0.0363  	0.02365  	-0.0017  	-0.0277  	-0.0017  	-0.0201  	-0.0260  	-0.0005  	-0.0180  	-0.0392  	0.02743  	-0.0163  	0.11951  	-0.3634  	0.04362  	0.02647  	0.01211  	0.40077  	0.51056  	268.426  	212.431  	
-0.0307  	-0.2705  	-0.1410  	-0.0771  	0.32586  	-0.3059  	-0.4950  	-0.0285  	0.19720  	-0.4701  	-0.4389  	0.70073  	0.02853  	-0.3130  	-0.6217  	0.14354  	-0.0126  	0.11012  	0.40489  	0.31292  	-0.0569  	0.00203  	-0.0735  	0.31014  	0.00460  	0.05855  	-0.0636  	-0.2168  	-0.2783  	-0.1259  	0.00560  	0.14042  	-0.0534  	-0.0846  	0.16124  	0.02586  	0.13113  	0.07559  	-0.3240  	0.10506  	0.40440  	0.04866  	0.03295  	0.32341  	0.05301  	-0.0404  	0.00796  	0.01755  	0.00088  	-0.0325  	-0.0243  	-0.0151  	-0.0321  	0.02776  	9.68284  	-0.0197  	0.00105  	-0.0201  	-0.0182  	0.00028  	-0.0205  	-0.0391  	0.02863  	-0.0161  	0.11951  	-0.3634  	0.04362  	0.02647  	0.01211  	0.40077  	0.51056  	268.426  	212.431  	
0.20466  	-0.1913  	-0.0303  	-0.0292  	0.35430  	-0.1133  	-0.4846  	0.06462  	0.22762  	-0.5113  	-0.5672  	0.66188  	0.09385  	-0.1476  	-0.5161  	0.22483  	-0.0266  	0.08813  	0.38964  	0.23578  	0.00250  	0.05920  	-0.0697  	0.30434  	0.06926  	0.05099  	0.00348  	-0.3374  	-0.3479  	-0.1084  	0.00108  	0.14872  	-0.0557  	-0.0942  	0.19551  	-0.0318  	0.17867  	0.09720  	-0.3228  	0.08339  	0.39222  	0.03501  	0.07381  	0.32178  	0.04109  	-0.0474  	0.00012  	0.03217  	0.00738  	-0.0243  	-0.0363  	-0.0156  	-0.0297  	0.02016  	-0.0026  	-0.0192  	-0.0001  	-0.0165  	-0.0275  	-0.0102  	-0.0180  	-0.0409  	0.03534  	-0.0095  	0.11951  	-0.3634  	0.04362  	0.02647  	0.01211  	0.40077  	0.51056  	268.426  	212.431  	
0.13299  	-0.2293  	-0.0929  	0.07892  	0.44287  	-0.1978  	-0.4838  	-0.0171  	0.20689  	-0.4633  	-0.5614  	0.68074  	0.08923  	-0.2154  	-0.5691  	0.18980  	-0.0422  	0.07843  	0.39772  	0.24078  	-0.0291  	0.06307  	-0.0891  	0.31151  	0.04354  	0.03133  	-0.0326  	-0.2907  	-0.3727  	-0.1137  	0.00966  	0.13681  	-0.0442  	-0.0881  	0.22043  	-0.0259  	0.18380  	0.08748  	-0.3255  	0.09326  	0.41111  	0.04437  	0.05354  	0.32635  	0.03321  	-0.0326  	0.00436  	0.04576  	-0.0086  	-0.0277  	-0.0291  	-0.0147  	-0.0296  	0.02234  	-0.0021  	-0.0206  	0.01304  	-0.0174  	-0.0216  	-0.0028  	-0.0138  	-0.0419  	0.03040  	-0.0119  	0.11951  	-0.3634  	0.04362  	0.02647  	0.01211  	0.40077  	0.51056  	268.426  	212.431  	
-0.2006  	-0.2922  	-0.2257  	-0.3739  	0.23333  	-0.4244  	-0.4986  	-0.1363  	0.16869  	-0.3512  	-0.4098  	0.57418  	-0.0342  	-0.4973  	-0.7857  	0.06751  	-0.0489  	0.14876  	0.40193  	0.27069  	-0.0699  	0.00338  	-0.0676  	0.30993  	-0.0122  	0.06331  	-0.1050  	-0.2603  	-0.3504  	-0.1784  	0.02577  	0.14321  	-0.0855  	-0.0868  	0.13684  	0.08572  	0.15544  	0.06512  	-0.3216  	0.10825  	0.41128  	0.04913  	0.04424  	0.31569  	0.04256  	-0.0383  	-0.0026  	0.01689  	-0.0112  	-0.0159  	-0.0234  	-0.0119  	-0.0294  	0.02892  	0.00293  	-0.0283  	0.00429  	-0.0116  	-0.0203  	-0.0084  	-0.0215  	-0.0399  	0.02267  	-0.0138  	0.11951  	-0.3634  	0.04362  	0.02647  	0.01211  	0.40077  	0.51056  	268.426  	212.431  	
-0.2496  	-0.3313  	-0.1757  	-0.5124  	0.11735  	-0.3671  	-0.5078  	-0.1851  	0.14984  	-0.3876  	-0.3582  	0.44860  	-0.0673  	-0.5774  	-0.8904  	0.03222  	-0.0186  	0.09337  	0.40313  	0.23073  	-0.0767  	0.01975  	0.00151  	0.29024  	0.03627  	0.08188  	-0.0551  	-0.2844  	-0.3310  	-0.1726  	0.03190  	0.14855  	-0.0874  	-0.0951  	0.09430  	0.09123  	0.18517  	0.07742  	-0.3298  	0.09421  	0.46310  	0.03782  	0.04055  	0.33536  	0.05583  	-0.0406  	0.00774  	0.00164  	-0.0232  	-0.0162  	-0.0297  	-0.0100  	-0.0267  	0.02299  	-0.0014  	-0.0315  	0.00467  	-0.0116  	-0.0254  	-0.0033  	-0.0149  	-0.0451  	0.03439  	-0.0074  	0.11951  	-0.3634  	0.04362  	0.02647  	0.01211  	0.40077  	0.51056  	268.426  	212.431  	
-0.2079  	-0.3227  	-0.1728  	-0.4146  	0.10840  	-0.3315  	-0.4957  	-0.1725  	0.15737  	-0.4216  	-0.4041  	0.47517  	-0.0565  	-0.5612  	-0.8575  	0.07871  	-0.0031  	0.10874  	0.38899  	0.22284  	-0.1122  	0.03663  	0.02494  	0.26755  	-0.0024  	0.08431  	-0.0836  	-0.2882  	-0.3048  	-0.1581  	0.03336  	0.15875  	-0.0941  	-0.0983  	0.05979  	0.07977  	0.16199  	0.08530  	-0.3322  	0.09389  	0.48572  	0.03785  	0.06064  	0.35147  	0.04729  	-0.0404  	0.01130  	0.01508  	-0.0095  	-0.0239  	-0.0331  	-0.0087  	-0.0283  	0.02496  	0.00429  	-0.0348  	0.00037  	-0.0125  	-0.0271  	-0.0054  	-0.0140  	-0.0384  	0.03164  	-0.0066  	0.11951  	-0.3634  	0.04362  	0.02647  	0.01211  	0.40077  	0.51056  	268.426  	212.431  	
-0.0815  	-0.2903  	-0.1531  	-0.3381  	0.19054  	-0.3164  	-0.5082  	-0.1126  	0.17982  	-0.4072  	-0.4251  	0.54758  	-0.0039  	-0.4451  	-0.8782  	0.12712  	-0.0441  	0.12695  	0.39567  	0.26359  	-0.1498  	0.02776  	-0.0667  	0.22666  	-0.0136  	0.06687  	-0.1360  	-0.1799  	-0.2831  	-0.1573  	0.01843  	0.14345  	-0.0531  	-0.0899  	0.11510  	0.08734  	0.14120  	0.07155  	-0.3199  	0.09351  	0.48100  	0.03794  	0.07787  	0.34041  	0.03442  	-0.0459  	0.00385  	0.02463  	-0.0072  	-0.0290  	-0.0249  	-0.0105  	-0.0267  	0.02322  	0.00126  	-0.0274  	0.00576  	-0.0155  	-0.0242  	-0.0064  	-0.0139  	-0.0381  	0.03550  	-0.0033  	0.11951  	-0.3634  	0.04362  	0.02647  	0.01211  	0.40077  	0.51056  	268.426  	212.431  	
-0.0736  	-0.3103  	-0.1557  	-0.2249  	0.27101  	-0.2920  	-0.5295  	-0.0755  	0.17599  	-0.4379  	-0.3555  	0.57699  	-0.0209  	-0.4161  	-0.7656  	0.18283  	-0.0558  	0.08144  	0.42068  	0.29279  	-0.0657  	0.00557  	-0.1539  	0.37163  	0.02179  	0.05884  	-0.0326  	-0.2663  	-0.3812  	-0.1632  	0.00128  	0.17309  	-0.0496  	-0.0948  	0.21890  	0.09128  	0.21237  	0.07706  	-0.3767  	0.08429  	0.39346  	0.05133  	0.03977  	0.33117  	0.03825  	-0.0425  	0.01121  	0.02574  	-0.0005  	-0.0247  	-0.0204  	-0.0153  	-0.0290  	0.02254  	0.00052  	-0.0234  	0.00769  	-0.0182  	-0.0221  	0.00269  	-0.0179  	-0.0503  	0.03174  	-0.0058  	0.11951  	-0.3634  	0.04362  	0.02647  	0.01211  	0.40077  	0.51056  	268.426  	212.431  	
0.18650  	-0.1945  	-0.0816  	0.03553  	0.43380  	-0.2083  	-0.4850  	-0.0202  	0.16734  	-0.4923  	-0.5684  	0.68668  	0.09716  	-0.1375  	-0.3527  	0.15040  	-0.0347  	0.04161  	0.38404  	0.24633  	0.00509  	0.02106  	-0.1238  	0.38775  	-0.0490  	0.06395  	0.01651  	-0.3296  	-0.4090  	-0.1549  	0.00429  	0.16900  	-0.0346  	-0.0928  	0.25865  	-0.0023  	0.20532  	0.08258  	-0.3637  	0.11387  	0.37549  	0.06438  	0.03945  	0.32734  	0.03798  	-0.0315  	0.00385  	0.03140  	0.00156  	-0.0143  	-0.0294  	-0.0129  	-0.0340  	0.01630  	-0.0062  	-0.0188  	-0.0007  	-0.0205  	-0.0217  	-0.0084  	-0.0113  	-0.0348  	0.01997  	-0.0172  	0.11951  	-0.3634  	0.04362  	0.02647  	0.01211  	0.40077  	0.51056  	268.426  	212.431  	
0.36365  	-0.1521  	0.06060  	-0.0007  	0.34662  	-0.0950  	-0.4665  	0.04499  	0.22454  	-0.5219  	-0.5612  	0.59940  	0.12849  	-0.1180  	-0.4527  	0.19835  	-0.0376  	0.02898  	0.37672  	0.20490  	0.03662  	0.04615  	-0.1138  	0.36002  	0.04336  	0.03342  	0.05494  	-0.4099  	-0.4433  	-0.1306  	0.00148  	0.17836  	-0.0310  	-0.0945  	0.30605  	0.00680  	0.24644  	0.09511  	-0.3431  	0.08451  	0.37241  	0.06205  	0.04695  	0.32468  	0.03157  	-0.0385  	-0.0075  	0.04790  	0.01186  	-0.0263  	-0.0119  	-0.0083  	-0.0297  	0.01791  	0.00362  	-0.0116  	-0.0058  	-0.0175  	-0.0284  	-0.0003  	-0.0209  	-0.0363  	0.03027  	-0.0148  	0.11951  	-0.3634  	0.04362  	0.02647  	0.01211  	0.40077  	0.51056  	268.426  	212.431  	
0.34337  	-0.1460  	0.06971  	0.03263  	0.34663  	-0.1095  	-0.4395  	0.04795  	0.22423  	-0.4647  	-0.6201  	0.51574  	0.15865  	-0.0480  	-0.3789  	0.14128  	-0.0452  	0.00146  	0.38243  	0.14731  	0.01880  	0.11143  	-0.0919  	0.29353  	0.09424  	0.02410  	0.08331  	-0.4546  	-0.3524  	-0.0856  	0.00855  	0.16240  	-0.0508  	-0.0855  	0.26099  	0.01991  	0.19805  	0.08431  	-0.3264  	0.10089  	0.39369  	0.06842  	0.05886  	0.33892  	0.02780  	-0.0404  	-0.0050  	0.06015  	0.02113  	-0.0356  	-0.0207  	-0.0087  	-0.0286  	0.02073  	0.00339  	-0.0149  	-0.0055  	-0.0137  	-0.0263  	-0.0031  	-0.0169  	-0.0393  	0.03104  	-0.0170  	0.11951  	-0.3634  	0.04362  	0.02647  	0.01211  	0.40077  	0.51056  	268.426  	212.431  	
0.18060  	-0.2094  	-0.1753  	0.56633  	0.68505  	-0.1215  	-0.4590  	-0.0169  	0.20881  	-0.5105  	-0.7591  	0.65683  	0.17599  	0.09189  	-0.1552  	0.02915  	-0.0372  	-0.0389  	0.34888  	0.22469  	-0.1056  	0.11319  	-0.1845  	0.38517  	0.19351  	0.01217  	0.08791  	-0.2590  	-0.2783  	-0.0232  	-0.0627  	0.15625  	-0.0638  	-0.0931  	0.31933  	0.01010  	0.11587  	0.02264  	-0.3093  	0.15504  	0.29340  	0.09665  	0.00091  	0.31581  	0.04936  	-0.0479  	0.00096  	0.02670  	0.00691  	-0.0222  	-0.0281  	-0.0148  	-0.0316  	0.01925  	-0.0047  	-0.0208  	0.02026  	-0.0171  	-0.0257  	-0.0055  	-0.0225  	-0.0405  	0.02764  	-0.0095  	0.11951  	-0.3634  	0.04362  	0.02647  	0.01211  	0.40077  	0.51056  	268.426  	212.431  	
0.15567  	-0.2116  	-0.2146  	0.53198  	0.68111  	-0.1370  	-0.4588  	-0.0192  	0.18283  	-0.5513  	-0.8504  	0.70308  	0.20759  	0.08134  	-0.1971  	0.07938  	-0.0598  	0.04586  	0.32387  	0.29951  	-0.2282  	0.13919  	-0.2250  	0.28523  	0.17732  	0.03474  	-0.0215  	-0.1259  	-0.1443  	-0.0039  	-0.0517  	0.13110  	-0.0453  	-0.0462  	0.25005  	0.03521  	0.00679  	0.02299  	-0.2608  	0.15775  	0.30336  	0.07750  	0.02472  	0.31375  	0.05688  	-0.0465  	0.00565  	0.02864  	0.00972  	-0.0363  	-0.0253  	-0.0143  	-0.0319  	0.01455  	-0.0012  	-0.0190  	0.01133  	-0.0173  	-0.0186  	-0.0084  	-0.0222  	-0.0376  	0.03268  	-0.0155  	0.11951  	-0.3634  	0.04362  	0.02647  	0.01211  	0.40077  	0.51056  	268.426  	212.431  	
0.08795  	-0.2257  	-0.1332  	0.13737  	0.45870  	-0.1939  	-0.4736  	-0.0342  	0.17392  	-0.5080  	-0.7582  	0.62007  	0.13516  	-0.1979  	-0.4551  	0.14995  	-0.0416  	0.07461  	0.38615  	0.25400  	-0.1261  	0.08014  	-0.1573  	0.32752  	0.08002  	0.04978  	-0.0030  	-0.2325  	-0.2420  	-0.0853  	-0.0360  	0.15244  	-0.0606  	-0.0716  	0.20685  	0.02909  	0.11858  	0.05524  	-0.3243  	0.13043  	0.35435  	0.07509  	0.03143  	0.34400  	0.04755  	-0.0454  	-0.0005  	0.03420  	0.00856  	-0.0332  	-0.0321  	-0.0216  	-0.0277  	0.01748  	0.00480  	-0.0151  	0.01227  	-0.0087  	-0.0154  	-0.0004  	-0.0254  	-0.0292  	0.02750  	-0.0120  	0.11951  	-0.3634  	0.04362  	0.02647  	0.01211  	0.40077  	0.51056  	268.426  	212.431  	
-0.0119  	-0.3168  	-0.0903  	-0.3170  	0.26480  	-0.2524  	-0.4777  	-0.1112  	0.17371  	-0.4948  	-0.5677  	0.47818  	0.03349  	-0.4490  	-0.7495  	0.17702  	-0.0345  	0.10759  	0.41871  	0.20021  	-0.1579  	0.02012  	-0.1024  	0.29828  	0.03398  	0.04133  	0.02726  	-0.3162  	-0.3126  	-0.1342  	-0.0256  	0.21039  	-0.0574  	-0.1037  	0.16139  	0.09976  	0.14889  	0.09929  	-0.3389  	0.12454  	0.43017  	0.05979  	0.04840  	0.34242  	0.03417  	-0.0468  	0.00235  	0.02240  	-0.0042  	-0.0325  	-0.0385  	-0.0069  	-0.0237  	0.02650  	0.00209  	-0.0250  	0.00608  	-0.0165  	-0.0171  	-0.0025  	-0.0098  	-0.0459  	0.03245  	-0.0122  	0.11951  	-0.3634  	0.04362  	0.02647  	0.01211  	0.40077  	0.51056  	268.426  	212.431  	
0.07768  	-0.3015  	-0.0386  	-0.2015  	0.25641  	-0.2419  	-0.4797  	-0.1522  	0.16376  	-0.3970  	-0.4290  	0.50600  	-0.0319  	-0.5119  	-0.8170  	0.24298  	-0.0323  	0.10458  	0.41462  	0.25015  	-0.1217  	0.02277  	-0.0965  	0.36088  	0.07061  	0.03471  	-0.0124  	-0.2953  	-0.3527  	-0.1480  	-0.0132  	0.18464  	-0.1062  	-0.1050  	0.18142  	0.12977  	0.19156  	0.07794  	-0.3484  	0.12173  	0.43513  	0.06085  	0.05181  	0.34225  	0.04149  	-0.0421  	0.00691  	0.02501  	0.00153  	-0.0267  	-0.0184  	-0.0045  	-0.0243  	0.02262  	0.00907  	-0.0251  	0.00522  	-0.0218  	-0.0238  	0.00063  	-0.0156  	-0.0527  	0.03561  	-0.0133  	0.11951  	-0.3634  	0.04362  	0.02647  	0.01211  	0.40077  	0.51056  	268.426  	212.431  	
0.03514  	-0.3101  	-0.0574  	-0.2395  	0.26317  	-0.2396  	-0.4923  	-0.1222  	0.16123  	-0.3817  	-0.4122  	0.54574  	-0.0144  	-0.5356  	-0.8788  	0.27220  	-0.0612  	0.11157  	0.41406  	0.27754  	-0.1449  	0.00698  	-0.1604  	0.32983  	0.07258  	0.03369  	-0.0264  	-0.2353  	-0.3217  	-0.1487  	-0.0176  	0.20139  	-0.0886  	-0.1008  	0.19701  	0.14461  	0.16222  	0.07567  	-0.3347  	0.12928  	0.42720  	0.06345  	0.05145  	0.33477  	0.04086  	-0.0418  	0.00022  	0.02715  	0.00493  	-0.0217  	-0.0107  	-0.0121  	-0.0282  	0.02333  	0.00835  	-0.0206  	0.00775  	-0.0162  	-0.0244  	-0.0010  	-0.0181  	-0.0476  	0.03128  	-0.0089  	0.11951  	-0.3634  	0.04362  	0.02647  	0.01211  	0.40077  	0.51056  	268.426  	212.431  	
-0.0351  	-0.3012  	-0.1634  	-0.1253  	0.28494  	-0.2215  	-0.5044  	-0.1273  	0.13859  	-0.4692  	-0.5067  	0.55688  	-0.0385  	-0.4619  	-0.7535  	0.21608  	-0.0188  	0.08354  	0.40798  	0.24007  	-0.1225  	0.00857  	-0.1640  	0.37418  	0.09798  	0.04490  	0.09191  	-0.2830  	-0.3429  	-0.1057  	-0.0310  	0.20395  	-0.1022  	-0.1141  	0.20215  	0.16093  	0.16523  	0.08237  	-0.3501  	0.10201  	0.37883  	0.07063  	0.03726  	0.32064  	0.03334  	-0.0331  	-0.0075  	0.02555  	-0.0049  	-0.0250  	-0.0175  	-0.0073  	-0.0188  	0.02180  	0.00129  	-0.0254  	0.00816  	-0.0120  	-0.0148  	-0.0044  	-0.0193  	-0.0498  	0.03112  	-0.0130  	0.11951  	-0.3634  	0.04362  	0.02647  	0.01211  	0.40077  	0.51056  	268.426  	212.431  	
0.10408  	-0.2469  	-0.1011  	0.12034  	0.41853  	-0.1801  	-0.4696  	-0.0218  	0.16447  	-0.5361  	-0.6806  	0.61130  	0.04142  	-0.2281  	-0.4724  	0.15652  	-0.0315  	0.05266  	0.38128  	0.24350  	-0.1063  	0.04912  	-0.1310  	0.35713  	0.11050  	0.03503  	0.04562  	-0.2632  	-0.2764  	-0.0802  	-0.0263  	0.17194  	-0.0886  	-0.0845  	0.22656  	0.07616  	0.13676  	0.08073  	-0.3345  	0.12345  	0.36508  	0.06757  	0.05079  	0.33887  	0.03847  	-0.0446  	0.00196  	0.02507  	0.01192  	-0.0428  	-0.0154  	-0.0060  	-0.0232  	0.02478  	-0.0004  	-0.0220  	0.00330  	-0.0206  	-0.0169  	0.00472  	-0.0216  	-0.0415  	0.03010  	-0.0129  	0.11951  	-0.3634  	0.04362  	0.02647  	0.01211  	0.40077  	0.51056  	268.426  	212.431  	
0.22651  	-0.2079  	-0.0718  	0.07773  	0.40153  	-0.0958  	-0.4942  	0.02839  	0.19763  	-0.5352  	-0.6691  	0.62775  	0.10892  	-0.1378  	-0.3972  	0.12973  	-0.0106  	0.01392  	0.38181  	0.22071  	-0.0056  	0.05839  	-0.1103  	0.38232  	0.08974  	0.03448  	0.11385  	-0.3625  	-0.3852  	-0.1044  	-0.0304  	0.17803  	-0.0621  	-0.0780  	0.28847  	0.02628  	0.19517  	0.08334  	-0.3385  	0.11561  	0.33439  	0.07127  	0.03832  	0.34684  	0.03616  	-0.0371  	0.00168  	0.03390  	0.01424  	-0.0220  	-0.0207  	-0.0097  	-0.0289  	0.02791  	-0.0017  	-0.0196  	-0.0010  	-0.0151  	-0.0210  	-0.0059  	-0.0253  	-0.0383  	0.03168  	-0.0100  	0.11951  	-0.3634  	0.04362  	0.02647  	0.01211  	0.40077  	0.51056  	268.426  	212.431  	
0.36108  	-0.1420  	0.09481  	-0.0416  	0.30155  	-0.1151  	-0.4628  	0.06426  	0.24830  	-0.5073  	-0.5257  	0.58524  	0.09263  	-0.1276  	-0.4891  	0.23585  	-0.0462  	0.02958  	0.38847  	0.19467  	0.06352  	0.05107  	-0.0930  	0.35108  	0.03927  	0.02463  	0.05582  	-0.4292  	-0.4220  	-0.1288  	-0.0296  	0.18733  	-0.0269  	-0.0966  	0.28028  	-0.0269  	0.25287  	0.10277  	-0.3533  	0.07364  	0.37328  	0.05967  	0.05958  	0.32846  	0.03463  	-0.0413  	-0.0040  	0.04550  	0.01549  	-0.0364  	-0.0209  	-0.0103  	-0.0260  	0.01990  	0.00063  	-0.0140  	-0.0049  	-0.0218  	-0.0235  	-0.0024  	-0.0166  	-0.0427  	0.02729  	-0.0166  	0.11951  	-0.3634  	0.04362  	0.02647  	0.01211  	0.40077  	0.51056  	268.426  	212.431  	
0.30568  	-0.1734  	0.10799  	-0.0625  	0.27952  	-0.1304  	-0.4385  	0.05901  	0.25521  	-0.4694  	-0.4502  	0.58095  	0.04634  	-0.1553  	-0.5153  	0.24987  	-0.0310  	0.03047  	0.40565  	0.21249  	0.12082  	0.06783  	-0.0788  	0.37711  	0.10857  	0.01184  	0.08231  	-0.4825  	-0.4604  	-0.1370  	-0.0472  	0.19329  	-0.0383  	-0.1005  	0.26686  	-0.0109  	0.30292  	0.11721  	-0.3383  	0.09245  	0.36785  	0.04905  	0.0628  	0.33826  	0.03681  	-0.0473  	-0.0092  	0.04472  	0.01599  	-0.0290  	-0.0201  	-0.0119  	-0.0238  	0.02692  	-9.2379  	-0.0124  	-0.0038  	-0.0151  	-0.0263  	0.00382  	-0.0201  	-0.0414  	0.03685  	-0.0122  	0.11951  	-0.3634  	0.04362  	0.02647  	0.01211  	0.40077  	0.51056  	268.426  	212.431  	
0.18217  	-0.2708  	-0.0642  	0.20423  	0.44809  	-0.1547  	-0.4529  	-0.0631  	0.20047  	-0.4359  	-0.6018  	0.70244  	0.06737  	-0.1585  	-0.4040  	0.19628  	-0.0339  	0.05587  	0.39932  	0.24075  	-0.0475  	0.06296  	-0.1019  	0.34722  	0.09229  	0.02623  	0.04567  	-0.3508  	-0.3654  	-0.1003  	-0.0258  	0.18636  	-0.0697  	-0.0892  	0.23933  	-0.0201  	0.20693  	0.09460  	-0.3258  	0.11780  	0.36623  	0.04334  	0.04629  	0.34118  	0.04098  	-0.0420  	-0.0027  	0.03026  	0.01466  	-0.0339  	-0.0254  	-0.0173  	-0.0275  	0.02171  	0.00060  	-0.0129  	0.00207  	-0.0145  	-0.0236  	-0.0059  	-0.0201  	-0.0389  	0.03026  	-0.0158  	0.11951  	-0.3634  	0.04362  	0.02647  	0.01211  	0.40077  	0.51056  	268.426  	212.431  	
0.05299  	-0.2440  	-0.1617  	0.02980  	0.41256  	-0.1981  	-0.4683  	-0.0569  	0.18449  	-0.4926  	-0.5821  	0.65297  	0.07115  	-0.2619  	-0.5059  	0.08624  	-0.0331  	0.12010  	0.37284  	0.24123  	-0.0871  	0.04047  	-0.1031  	0.33737  	0.04504  	0.03977  	-0.0276  	-0.2293  	-0.2867  	-0.1181  	-0.0116  	0.15805  	-0.0567  	-0.0917  	0.19215  	0.03419  	0.12793  	0.05738  	-0.3014  	0.11787  	0.37423  	0.05114  	0.04402  	0.32143  	0.05040  	-0.0374  	0.00609  	0.02180  	0.00219  	-0.0310  	-0.0266  	-0.0139  	-0.0283  	0.01587  	0.00348  	-0.0291  	0.00278  	-0.0133  	-0.0205  	-0.0036  	-0.0190  	-0.0444  	0.02681  	-0.0118  	0.11951  	-0.3634  	0.04362  	0.02647  	0.01211  	0.40077  	0.51056  	268.426  	212.431  	
-0.0149  	-0.2720  	-0.1806  	-0.1138  	0.31548  	-0.2144  	-0.4849  	-0.0763  	0.16480  	-0.4790  	-0.5681  	0.57105  	0.04329  	-0.3584  	-0.5922  	0.05741  	-0.0147  	0.13561  	0.35390  	0.27617  	-0.1122  	0.04525  	-0.0772  	0.29522  	0.02969  	0.05859  	-0.0949  	-0.1948  	-0.2422  	-0.1422  	-0.0003  	0.14437  	-0.0567  	-0.0747  	0.13802  	0.04219  	0.09927  	0.06378  	-0.3103  	0.11730  	0.42327  	0.03438  	0.05725  	0.33227  	0.04249  	-0.0433  	0.01216  	0.01619  	-0.0038  	-0.0300  	-0.0202  	-0.0102  	-0.0292  	0.01544  	0.00528  	-0.0290  	0.00283  	-0.0129  	-0.0219  	-0.0049  	-0.0196  	-0.0441  	0.03419  	-0.0068  	0.11951  	-0.3634  	0.04362  	0.02647  	0.01211  	0.40077  	0.51056  	268.426  	212.431  	
-0.0254  	-0.2686  	-0.1143  	-0.1364  	0.24966  	-0.2230  	-0.5004  	-0.0487  	0.19295  	-0.4909  	-0.5372  	0.54462  	0.03507  	-0.3859  	-0.5876  	0.08309  	-0.0211  	0.09668  	0.35548  	0.25881  	-0.0765  	0.03959  	-0.0126  	0.27816  	-0.0245  	0.07293  	-0.1093  	-0.2559  	-0.2896  	-0.1689  	0.01215  	0.14605  	-0.0544  	-0.0730  	0.12903  	0.02026  	0.14196  	0.07998  	-0.3304  	0.11289  	0.46067  	0.02966  	0.06808  	0.34435  	0.03995  	-0.0471  	0.01448  	0.02357  	-0.0066  	-0.0237  	-0.0339  	-0.0098  	-0.0281  	0.02065  	0.00298  	-0.0290  	-0.0024  	-0.0131  	-0.0260  	-0.0061  	-0.0148  	-0.0400  	0.03020  	-0.0073  	0.11951  	-0.3634  	0.04362  	0.02647  	0.01211  	0.40077  	0.51056  	268.426  	212.431  	
-0.0006  	-0.2414  	-0.1112  	-0.1905  	0.23652  	-0.2512  	-0.4884  	-0.0564  	0.19614  	-0.4609  	-0.4958  	0.55969  	0.03194  	-0.3462  	-0.6157  	0.09454  	-0.0389  	0.08917  	0.36588  	0.25239  	-0.0696  	0.04612  	-0.0342  	0.26979  	-0.0355  	0.07006  	-0.1064  	-0.2823  	-0.3120  	-0.1631  	0.03832  	0.14720  	-0.0383  	-0.0786  	0.15399  	0.01500  	0.15919  	0.08413  	-0.3366  	0.10152  	0.46875  	0.03587  	0.06181  	0.33792  	0.03874  	-0.0421  	0.01240  	0.02015  	-0.0097  	-0.0216  	-0.0329  	-0.0103  	-0.0256  	0.02123  	0.00016  	-0.0285  	-0.0018  	-0.0146  	-0.0270  	-0.0038  	-0.0153  	-0.0339  	0.02987  	-0.0063  	0.11951  	-0.3634  	0.04362  	0.02647  	0.01211  	0.40077  	0.51056  	268.426  	212.431  	
-0.1011  	-0.2718  	-0.1691  	-0.2981  	0.19868  	-0.3883  	-0.5260  	-0.0319  	0.22792  	-0.3883  	-0.3715  	0.59130  	0.09749  	-0.2903  	-0.7919  	0.16511  	-0.0475  	0.11990  	0.38624  	0.29122  	-0.0993  	-0.0270  	-0.1187  	0.26721  	-0.1095  	0.08518  	-0.1687  	-0.2376  	-0.3743  	-0.1983  	0.06784  	0.13384  	0.00136  	-0.0968  	0.17520  	0.01266  	0.14301  	0.06850  	-0.3231  	0.09153  	0.48537  	0.03528  	0.06586  	0.32366  	0.03480  	-0.0438  	0.00981  	0.02074  	0.00259  	-0.0167  	-0.0336  	-0.0070  	-0.0323  	0.01354  	0.00335  	-0.0240  	-0.0058  	-0.0168  	-0.0240  	-0.0067  	-0.0129  	-0.0244  	0.03555  	-0.0031  	0.11951  	-0.3634  	0.04362  	0.02647  	0.01211  	0.40077  	0.51056  	268.426  	212.431  	
-0.3456  	-0.3683  	-0.2838  	-0.4655  	0.19721  	-0.5793  	-0.5080  	-0.1094  	0.14269  	-0.3614  	-0.2594  	0.56542  	0.04521  	-0.4958  	-0.9538  	-0.0166  	0.02408  	0.01232  	0.42967  	0.08666  	-0.1101  	-0.2013  	-0.3178  	0.25547  	-0.0958  	0.16918  	-0.2248  	-0.2857  	-0.2304  	-0.2030  	0.14851  	0.07919  	-0.1316  	-0.2261  	0.04191  	0.07190  	-0.0017  	0.04951  	-0.3907  	0.01529  	0.51862  	0.15025  	-0.0350  	0.38355  	-0.0081  	-0.0310  	-0.0119  	0.04513  	-0.0151  	-0.0352  	-0.0219  	-0.0075  	-0.0293  	0.02969  	0.00542  	-0.0277  	-0.0024  	-0.0234  	-0.0290  	0.00059  	-0.0050  	-0.0414  	0.01998  	-0.0077  	0.11951  	-0.3634  	0.04362  	0.02647  	0.01211  	0.40077  	0.51056  	268.426  	212.431  	
-0.3561  	-0.3411  	-0.2099  	-0.5610  	0.10125  	-0.6639  	-0.5414  	-0.0698  	0.13480  	-0.3098  	-0.2304  	0.52580  	0.05082  	-0.5323  	-0.8464  	-0.1058  	0.11526  	-0.1395  	0.48732  	-0.1285  	-0.0303  	-0.2987  	-0.4226  	0.28847  	-0.1089  	0.24081  	-0.1347  	-0.4533  	-0.2007  	-0.2103  	0.24015  	0.03685  	-0.1793  	-0.3284  	-0.0061  	0.02515  	0.00077  	0.05785  	-0.4805  	-0.0368  	0.58431  	0.24376  	-0.1129  	0.43097  	-0.0373  	-0.0182  	-0.0208  	0.06231  	-0.0340  	-0.0377  	-0.0234  	-0.0023  	-0.0311  	0.05072  	0.00839  	-0.0384  	-0.0005  	-0.0334  	-0.0272  	0.01458  	-0.0098  	-0.0434  	0.01402  	-0.0092  	0.11951  	-0.3634  	0.04362  	0.02647  	0.01211  	0.40077  	0.51056  	268.426  	212.431  	
-0.1659  	-0.2843  	-0.0787  	-0.4696  	0.10270  	-0.4525  	-0.5577  	0.02060  	0.13311  	-0.3993  	-0.3309  	0.53495  	0.07449  	-0.4385  	-0.7650  	-0.0760  	0.14727  	-0.1856  	0.51635  	-0.2141  	0.04810  	-0.3063  	-0.4044  	0.32190  	-0.1017  	0.23496  	-0.0313  	-0.4912  	-0.2239  	-0.1849  	0.22138  	0.05920  	-0.2241  	-0.3685  	0.00367  	-0.0087  	0.04248  	0.07433  	-0.5179  	-0.0516  	0.59980  	0.24079  	-0.1300  	0.46217  	-0.0465  	-0.0145  	-0.0288  	0.06023  	-0.0362  	-0.0453  	-0.0280  	-0.0053  	-0.0243  	0.04478  	0.00169  	-0.0354  	-0.0071  	-0.0375  	-0.0268  	0.01299  	-0.0037  	-0.0453  	0.00580  	-0.0082  	0.11951  	-0.3634  	0.04362  	0.02647  	0.01211  	0.40077  	0.51056  	268.426  	212.431  	
-0.0353  	-0.2281  	-0.0215  	-0.3121  	0.20232  	-0.3259  	-0.5764  	0.01077  	0.14017  	-0.4310  	-0.3815  	0.58988  	0.05327  	-0.4873  	-0.7881  	0.05647  	0.11420  	-0.1387  	0.51061  	-0.1536  	0.01977  	-0.3143  	-0.4175  	0.24431  	-0.1444  	0.21042  	-0.1204  	-0.4218  	-0.1998  	-0.1975  	0.18210  	0.09093  	-0.1793  	-0.3389  	0.02706  	0.01224  	0.04639  	0.07987  	-0.4893  	-0.0171  	0.60588  	0.21704  	-0.0838  	0.46755  	-0.0561  	-0.0174  	-0.0314  	0.05429  	-0.0241  	-0.0522  	-0.0232  	-0.0048  	-0.0284  	0.05143  	0.01423  	-0.0264  	-0.0065  	-0.0381  	-0.0273  	0.00607  	-0.0069  	-0.0455  	0.00760  	-0.0063  	0.11951  	-0.3634  	0.04362  	0.02647  	0.01211  	0.40077  	0.51056  	268.426  	212.431  	
-0.1465  	-0.2728  	-0.1036  	-0.4206  	0.13620  	-0.4243  	-0.5425  	-0.1131  	0.11570  	-0.3444  	-0.3500  	0.55959  	0.01433  	-0.5064  	-0.9455  	0.06233  	0.02043  	-0.0365  	0.44971  	0.07082  	-0.1155  	-0.1727  	-0.2962  	0.26623  	-0.0428  	0.15124  	-0.1114  	-0.3128  	-0.2233  	-0.1862  	0.11799  	0.11228  	-0.1433  	-0.2306  	0.06860  	0.10037  	0.07034  	0.05795  	-0.4105  	0.04407  	0.54613  	0.15425  	-0.0191  	0.41922  	-0.0008  	-0.0319  	-0.0084  	0.04413  	-0.0100  	-0.0496  	-0.0163  	-0.0080  	-0.0246  	0.03970  	0.00873  	-0.0315  	0.00147  	-0.0241  	-0.0259  	-0.0021  	-0.0142  	-0.0454  	0.02932  	-0.0056  	0.11951  	-0.3634  	0.04362  	0.02647  	0.01211  	0.40077  	0.51056  	268.426  	212.431  	
-0.4509  	-0.3658  	-0.2724  	-0.6062  	0.06243  	-0.5879  	-0.4834  	-0.2021  	0.10468  	-0.2729  	-0.1950  	0.49367  	-0.0226  	-0.4594  	-1.0156  	-0.0007  	-0.0412  	0.06956  	0.40754  	0.22839  	-0.1169  	0.02924  	-0.0598  	0.33747  	0.03057  	0.08451  	-0.0769  	-0.3743  	-0.3498  	-0.1604  	0.06498  	0.12015  	-0.0594  	-0.0956  	0.13348  	0.09411  	0.14046  	0.07289  	-0.3494  	0.05879  	0.46078  	0.07195  	0.05223  	0.31467  	0.04793  	-0.0482  	0.00683  	0.01400  	-0.0099  	-0.0189  	-0.0248  	-0.0087  	-0.0291  	0.02580  	-0.0014  	-0.0266  	-0.0027  	-0.0163  	-0.0216  	0.00361  	-0.0119  	-0.0272  	0.03264  	-0.0163  	0.11951  	-0.3634  	0.04362  	0.02647  	0.01211  	0.40077  	0.51056  	268.426  	212.431  	
-0.4512  	-0.4093  	-0.2995  	-0.5642  	0.10193  	-0.5819  	-0.5125  	-0.1613  	0.12531  	-0.3785  	-0.1962  	0.52892  	-0.0340  	-0.4144  	-0.8232  	-0.0574  	0.01161  	0.04695  	0.37929  	0.22880  	-0.0365  	0.03129  	0.02155  	0.35841  	-0.0526  	0.08479  	-0.0795  	-0.3419  	-0.4031  	-0.1779  	0.04425  	0.13608  	-0.0658  	-0.1031  	0.12931  	0.01989  	0.17737  	0.06530  	-0.3422  	0.05997  	0.42778  	0.06010  	0.02584  	0.31727  	0.04025  	-0.0383  	0.01126  	0.01185  	-0.0011  	-0.0181  	-0.0363  	-0.0129  	-0.0309  	0.02081  	-0.0012  	-0.0299  	-0.0110  	-0.0159  	-0.0257  	-0.0073  	-0.0085  	-0.0230  	0.02439  	-0.0166  	0.11951  	-0.3634  	0.04362  	0.02647  	0.01211  	0.40077  	0.51056  	268.426  	212.431  	
-0.1774  	-0.2751  	-0.2283  	-0.1930  	0.28305  	-0.3760  	-0.5156  	0.00933  	0.17958  	-0.4809  	-0.3264  	0.69652  	0.03198  	-0.2643  	-0.6893  	0.01746  	-0.0520  	0.07941  	0.38167  	0.30461  	-0.0286  	-0.0039  	-0.0907  	0.33781  	-0.0477  	0.07422  	-0.0822  	-0.2347  	-0.3313  	-0.1370  	0.03319  	0.13270  	-0.0632  	-0.0884  	0.20330  	0.02990  	0.12965  	0.05026  	-0.3092  	0.09652  	0.37874  	0.05917  	0.01861  	0.30440  	0.05102  	-0.0415  	0.00445  	0.01518  	-0.0082  	-0.0222  	-0.0189  	-0.0123  	-0.0393  	0.01962  	-0.0063  	-0.0182  	0.00410  	-0.0159  	-0.0203  	0.00109  	-0.0145  	-0.0332  	0.02347  	-0.0124  	0.11951  	-0.3634  	0.04362  	0.02647  	0.01211  	0.40077  	0.51056  	268.426  	212.431  	
0.04486  	-0.1875  	-0.0975  	-0.0972  	0.34700  	-0.2330  	-0.4735  	0.01514  	0.21124  	-0.4895  	-0.5721  	0.67900  	0.11441  	-0.0953  	-0.4274  	0.08174  	-0.0510  	0.05012  	0.35980  	0.21178  	-0.0260  	0.03498  	-0.0734  	0.34608  	-0.0712  	0.06409  	-0.0393  	-0.3246  	-0.3654  	-0.1382  	0.04688  	0.14746  	-0.0311  	-0.1007  	0.20310  	-0.0123  	0.11936  	0.04812  	-0.3095  	0.10816  	0.41616  	0.03999  	0.04598  	0.32915  	0.04061  	-0.0335  	0.01117  	0.04401  	0.00380  	-0.0243  	-0.0339  	-0.0153  	-0.0352  	0.01514  	-0.0054  	-0.0262  	0.00176  	-0.0156  	-0.0268  	-0.0022  	-0.0074  	-0.0430  	0.03420  	-0.0065  	0.11951  	-0.3634  	0.04362  	0.02647  	0.01211  	0.40077  	0.51056  	268.426  	212.431  	
0.28749  	-0.1457  	0.03860  	-0.0316  	0.30841  	-0.0814  	-0.4726  	0.03812  	0.23638  	-0.5047  	-0.7083  	0.54141  	0.15185  	-0.0574  	-0.3058  	0.06729  	-0.0200  	0.04769  	0.36852  	0.14649  	0.00644  	0.10413  	-0.0247  	0.34454  	-0.0024  	0.04141  	0.03526  	-0.4163  	-0.3869  	-0.1235  	0.01340  	0.17232  	-0.0275  	-0.0978  	0.24248  	-0.0426  	0.19738  	0.07541  	-0.3570  	0.10867  	0.38725  	0.03966  	0.06932  	0.33890  	0.03773  	-0.0459  	0.00625  	0.03848  	0.02019  	-0.0245  	-0.0341  	-0.0158  	-0.0314  	0.01689  	-0.0021  	-0.0127  	-0.0011  	-0.0226  	-0.0277  	-0.0011  	-0.0119  	-0.0317  	0.02867  	-0.0127  	0.11951  	-0.3634  	0.04362  	0.02647  	0.01211  	0.40077  	0.51056  	268.426  	212.431  	
0.31804  	-0.1553  	0.05188  	0.07031  	0.34911  	-0.0555  	-0.4245  	0.03180  	0.21731  	-0.5221  	-0.7549  	0.44510  	0.16225  	-0.0694  	-0.3560  	0.04611  	-0.0159  	0.02024  	0.37065  	0.13274  	-0.0023  	0.12744  	-0.0630  	0.33765  	0.12842  	0.02572  	0.09039  	-0.4527  	-0.3159  	-0.0832  	-0.0050  	0.15404  	-0.0604  	-0.0959  	0.24292  	-0.0092  	0.19134  	0.07191  	-0.3333  	0.11589  	0.37462  	0.06200  	0.06343  	0.33815  	0.02701  	-0.0406  	-0.0023  	0.05204  	0.01585  	-0.0258  	-0.0260  	-0.0130  	-0.0332  	0.01652  	0.00170  	-0.0123  	-0.0037  	-0.0185  	-0.0303  	-0.0047  	-0.0188  	-0.0339  	0.02298  	-0.0168  	0.11951  	-0.3634  	0.04362  	0.02647  	0.01211  	0.40077  	0.51056  	268.426  	212.431  	
0.16546  	-0.1957  	-0.0348  	-0.0311  	0.33665  	-0.2201  	-0.4520  	0.00299  	0.19050  	-0.4276  	-0.5575  	0.44137  	0.09069  	-0.1215  	-0.4519  	0.07348  	-0.0299  	-0.0005  	0.39931  	0.17948  	0.04994  	0.10260  	-0.0779  	0.41350  	0.14847  	0.01048  	0.12997  	-0.4805  	-0.4141  	-0.1027  	-0.0203  	0.18688  	-0.0733  	-0.1015  	0.30543  	0.00086  	0.24697  	0.07488  	-0.3734  	0.13265  	0.34862  	0.06962  	0.03542  	0.33653  	0.03577  	-0.0366  	0.00447  	0.02870  	9.74467  	-0.0302  	-0.0204  	-0.0062  	-0.0311  	0.01578  	-0.0040  	-0.0150  	-0.0088  	-0.0203  	-0.0231  	0.00225  	-0.0121  	-0.0395  	0.02035  	-0.0158  	0.11951  	-0.3634  	0.04362  	0.02647  	0.01211  	0.40077  	0.51056  	268.426  	212.431  	
0.01954  	-0.2852  	-0.1960  	0.04409  	0.44170  	-0.2879  	-0.4654  	-0.0509  	0.17796  	-0.4556  	-0.5293  	0.62979  	0.06840  	-0.2262  	-0.5442  	0.14003  	-0.0333  	0.08059  	0.37784  	0.25432  	-0.0666  	0.03720  	-0.1498  	0.41256  	0.05629  	0.03443  	-0.0144  	-0.2698  	-0.3417  	-0.1124  	-0.0129  	0.15737  	-0.0783  	-0.0874  	0.27423  	0.04116  	0.16826  	0.05708  	-0.3373  	0.10932  	0.34895  	0.08172  	-0.0049  	0.32871  	0.04671  	-0.0423  	0.00163  	0.02256  	0.00207  	-0.0274  	-0.0250  	-0.0135  	-0.0337  	0.02230  	-0.0030  	-0.0206  	0.00794  	-0.0102  	-0.0139  	-0.0050  	-0.0235  	-0.0404  	0.01972  	-0.0155  	0.11951  	-0.3634  	0.04362  	0.02647  	0.01211  	0.40077  	0.51056  	268.426  	212.431  	
0.14562  	-0.1822  	-0.1401  	0.14446  	0.46333  	-0.0912  	-0.4933  	0.00350  	0.17472  	-0.5456  	-0.7555  	0.61136  	0.11663  	-0.1132  	-0.3291  	0.09200  	-0.0463  	0.02096  	0.37184  	0.24276  	-0.0940  	0.08832  	-0.1423  	0.32747  	0.12352  	0.03000  	0.04413  	-0.2607  	-0.2660  	-0.0509  	-0.0296  	0.15035  	-0.0799  	-0.0855  	0.23733  	0.02264  	0.11764  	0.05854  	-0.3131  	0.11570  	0.35695  	0.05320  	0.05354  	0.33074  	0.04934  	-0.0442  	-0.0025  	0.03522  	0.00909  	-0.0369  	-0.0238  	-0.0115  	-0.0270  	0.01220  	-0.0049  	-0.0198  	-0.0003  	-0.0141  	-0.0222  	-0.0013  	-0.0194  	-0.0443  	0.02891  	-0.0137  	0.11951  	-0.3634  	0.04362  	0.02647  	0.01211  	0.40077  	0.51056  	268.426  	212.431  	
0.20476  	-0.1819  	-0.0709  	0.13132  	0.39945  	-0.0550  	-0.5010  	-0.0043  	0.21080  	-0.5209  	-0.7160  	0.57583  	0.09407  	-0.1777  	-0.3319  	0.10062  	-0.0136  	0.05628  	0.37372  	0.23050  	-0.0570  	0.08751  	-0.0912  	0.32576  	0.08683  	0.02435  	-0.0020  	-0.3325  	-0.2994  	-0.1023  	-0.0071  	0.16345  	-0.0596  	-0.0848  	0.19787  	-0.0084  	0.16094  	0.07961  	-0.3051  	0.11399  	0.40297  	0.03456  	0.06289  	0.34550  	0.03928  	-0.0407  	0.00252  	0.04111  	0.00805  	-0.0237  	-0.0268  	-0.0078  	-0.0270  	0.02424  	0.00020  	-0.0191  	-0.0036  	-0.0214  	-0.0215  	-0.0005  	-0.0209  	-0.0343  	0.02286  	-0.0154  	0.11951  	-0.3634  	0.04362  	0.02647  	0.01211  	0.40077  	0.51056  	268.426  	212.431  	
0.24352  	-0.2064  	-0.0547  	0.01493  	0.37213  	-0.0790  	-0.4599  	-0.0007  	0.21080  	-0.4955  	-0.5275  	0.59618  	0.07815  	-0.2320  	-0.5642  	0.19054  	-0.0494  	0.07349  	0.39764  	0.21864  	-0.0224  	0.08373  	-0.1025  	0.33484  	0.03749  	0.01397  	-0.0268  	-0.2982  	-0.3365  	-0.1489  	-0.0127  	0.14932  	-0.0544  	-0.0959  	0.22122  	0.01193  	0.20502  	0.08528  	-0.3315  	0.10759  	0.44183  	0.04411  	0.06238  	0.33315  	0.03959  	-0.0411  	0.00337  	0.03540  	0.00638  	-0.0223  	-0.0345  	-0.0101  	-0.0296  	0.02334  	2.56694  	-0.0213  	0.00562  	-0.0158  	-0.0240  	-0.0056  	-0.0174  	-0.0398  	0.03165  	-0.0157  	0.11951  	-0.3634  	0.04362  	0.02647  	0.01211  	0.40077  	0.51056  	268.426  	212.431  	
0.00692  	-0.2707  	-0.1077  	-0.2933  	0.22906  	-0.2279  	-0.4589  	-0.0971  	0.17317  	-0.4070  	-0.4254  	0.54075  	-0.0049  	-0.3752  	-0.8579  	0.15872  	-0.0680  	0.13563  	0.38761  	0.29978  	-0.1314  	0.01966  	-0.1289  	0.28498  	0.07948  	0.04534  	-0.0798  	-0.2698  	-0.2921  	-0.1577  	-0.0016  	0.15196  	-0.0684  	-0.0892  	0.16687  	0.09367  	0.15081  	0.08666  	-0.3142  	0.12514  	0.46018  	0.05496  	0.06839  	0.33809  	0.03570  	-0.0410  	0.00107  	0.02842  	-0.0063  	-0.0302  	-0.0121  	-0.0060  	-0.0218  	0.02335  	0.00132  	-0.0215  	0.00743  	-0.0152  	-0.0282  	-0.0020  	-0.0136  	-0.0460  	0.03580  	-0.0062  	0.11951  	-0.3634  	0.04362  	0.02647  	0.01211  	0.40077  	0.51056  	268.426  	212.431  	
-0.1415  	-0.3099  	-0.1537  	-0.4247  	0.12493  	-0.3217  	-0.4942  	-0.1424  	0.17072  	-0.3886  	-0.3817  	0.45811  	-0.0193  	-0.4579  	-0.8796  	0.10882  	-0.0189  	0.08898  	0.42450  	0.22233  	-0.0950  	-0.0024  	-0.0787  	0.29254  	0.10251  	0.03711  	-0.0033  	-0.3441  	-0.3468  	-0.1615  	0.01912  	0.17562  	-0.0705  	-0.1005  	0.15715  	0.11034  	0.19832  	0.09058  	-0.3462  	0.08812  	0.45882  	0.03564  	0.05652  	0.33482  	0.03983  	-0.0358  	0.00699  	0.02007  	-0.0113  	-0.0210  	-0.0234  	-0.0092  	-0.0244  	0.02490  	0.00137  	-0.0293  	0.00011  	-0.0125  	-0.0175  	-0.0025  	-0.0166  	-0.0383  	0.02976  	-0.0105  	0.11951  	-0.3634  	0.04362  	0.02647  	0.01211  	0.40077  	0.51056  	268.426  	212.431  	
-0.2573  	-0.3249  	-0.2048  	-0.5102  	0.09416  	-0.4283  	-0.4953  	-0.1451  	0.13768  	-0.3803  	-0.3797  	0.46452  	-0.0352  	-0.4641  	-0.8570  	0.04792  	-0.0145  	0.09791  	0.40349  	0.22933  	-0.1035  	0.02372  	-0.0217  	0.30198  	0.04725  	0.06244  	-0.0429  	-0.3136  	-0.3388  	-0.1523  	0.02648  	0.14397  	-0.0805  	-0.0934  	0.13299  	0.09133  	0.16364  	0.07274  	-0.3505  	0.08437  	0.44569  	0.05970  	0.03604  	0.33245  	0.04305  	-0.0413  	0.00673  	0.01641  	-0.0098  	-0.0272  	-0.0237  	-0.0059  	-0.0287  	0.02349  	-0.0026  	-0.0310  	0.00449  	-0.0105  	-0.0233  	-0.0085  	-0.0150  	-0.0424  	0.03291  	-0.0105  	0.11951  	-0.3634  	0.04362  	0.02647  	0.01211  	0.40077  	0.51056  	268.426  	212.431  	
-0.3928  	-0.3413  	-0.2741  	-0.4347  	0.16438  	-0.5073  	-0.4539  	-0.1470  	0.14222  	-0.3479  	-0.3562  	0.50350  	0.01179  	-0.4439  	-0.8568  	0.00410  	-0.0444  	0.11552  	0.36097  	0.27225  	-0.1656  	0.04545  	-0.0516  	0.29701  	0.02681  	0.08397  	-0.1054  	-0.2584  	-0.2882  	-0.1590  	0.02789  	0.12253  	-0.0657  	-0.0885  	0.09482  	0.08122  	0.08568  	0.05540  	-0.2953  	0.11743  	0.44077  	0.05679  	0.03286  	0.32293  	0.04753  	-0.0432  	0.00916  	0.02709  	-0.0049  	-0.0206  	-0.0276  	-0.0096  	-0.0311  	0.02347  	-0.0038  	-0.0355  	0.00406  	-0.0163  	-0.0227  	-0.0063  	-0.0126  	-0.0367  	0.03217  	-0.0097  	0.11951  	-0.3634  	0.04362  	0.02647  	0.01211  	0.40077  	0.51056  	268.426  	212.431  	
-0.3723  	-0.3790  	-0.3694  	-0.3958  	0.25147  	-0.4954  	-0.4674  	-0.1339  	0.15705  	-0.3927  	-0.2743  	0.55472  	0.01348  	-0.3915  	-0.7976  	0.01616  	-0.0206  	0.09414  	0.34720  	0.32696  	-0.0898  	-0.0123  	-0.0836  	0.33374  	-0.0289  	0.08725  	-0.1063  	-0.2372  	-0.3343  	-0.1533  	0.04367  	0.11541  	-0.0490  	-0.0792  	0.19427  	0.03356  	0.10856  	0.05102  	-0.3112  	0.10800  	0.39546  	0.06872  	0.00892  	0.30450  	0.04840  	-0.0505  	0.00870  	0.01332  	-0.0071  	-0.0180  	-0.0199  	-0.0104  	-0.0313  	0.02190  	0.00218  	-0.0236  	-0.0010  	-0.0190  	-0.0279  	-0.0017  	-0.0117  	-0.0287  	0.03023  	-0.0085  	0.11951  	-0.3634  	0.04362  	0.02647  	0.01211  	0.40077  	0.51056  	268.426  	212.431  	
-0.3616  	-0.3397  	-0.3359  	-0.3359  	0.27053  	-0.5178  	-0.4849  	-0.0725  	0.17736  	-0.3892  	-0.2785  	0.65200  	0.03807  	-0.3090  	-0.7263  	-0.0230  	-0.0388  	0.08797  	0.38823  	0.30979  	-0.0378  	0.00347  	-0.0720  	0.31273  	-0.0647  	0.08213  	-0.1017  	-0.2330  	-0.3443  	-0.1664  	0.04411  	0.10488  	-0.0270  	-0.0813  	0.18659  	0.01330  	0.14182  	0.05322  	-0.2990  	0.08410  	0.40912  	0.07546  	0.01664  	0.30253  	0.05278  	-0.0378  	0.00488  	0.02090  	-0.0179  	-0.0181  	-0.0306  	-0.0077  	-0.0391  	0.01929  	-0.0045  	-0.0213  	-0.0011  	-0.0150  	-0.0239  	-0.0055  	-0.0116  	-0.0362  	0.02621  	-0.0140  	0.11951  	-0.3634  	0.04362  	0.02647  	0.01211  	0.40077  	0.51056  	268.426  	212.431  	
-0.2189  	-0.3283  	-0.2336  	-0.4895  	0.13237  	-0.4923  	-0.5055  	-0.0630  	0.14864  	-0.3212  	-0.3163  	0.53084  	0.01502  	-0.3732  	-0.8129  	-0.0126  	0.00277  	0.10310  	0.39549  	0.24052  	-0.0878  	0.02818  	-0.0250  	0.30476  	0.02962  	0.07084  	-0.1004  	-0.3188  	-0.3233  	-0.1690  	0.06262  	0.11016  	-0.0571  	-0.0994  	0.10686  	0.05171  	0.14162  	0.07644  	-0.2940  	0.09084  	0.43941  	0.04718  	0.03099  	0.32623  	0.04571  	-0.0387  	0.00651  	0.01416  	-0.0068  	-0.0323  	-0.0327  	-0.0080  	-0.0324  	0.01746  	-0.0003  	-0.0344  	-0.0011  	-0.0136  	-0.0224  	-0.0046  	-0.0147  	-0.0408  	0.03496  	-0.0121  	0.11951  	-0.3634  	0.04362  	0.02647  	0.01211  	0.40077  	0.51056  	268.426  	212.431  	
-0.1807  	-0.2955  	-0.1498  	-0.4875  	0.07200  	-0.3674  	-0.4699  	-0.0887  	0.19143  	-0.3472  	-0.4107  	0.47526  	-0.0212  	-0.4435  	-0.8593  	0.00388  	-0.0088  	0.12282  	0.40666  	0.24891  	-0.1115  	0.05781  	0.01204  	0.24851  	0.00500  	0.07704  	-0.1062  	-0.2650  	-0.2859  	-0.1667  	0.04509  	0.12696  	-0.0733  	-0.0934  	0.03830  	0.05309  	0.14215  	0.08100  	-0.3002  	0.09628  	0.49520  	0.02360  	0.09260  	0.35047  	0.04753  	-0.0498  	0.00643  	0.03464  	-0.0006  	-0.0205  	-0.0340  	-0.0139  	-0.0266  	0.02522  	-0.0026  	-0.0338  	0.00198  	-0.0149  	-0.0319  	0.00054  	-0.0132  	-0.0337  	0.03692  	-0.0056  	0.11951  	-0.3634  	0.04362  	0.02647  	0.01211  	0.40077  	0.51056  	268.426  	212.431  	
-0.1399  	-0.2635  	-0.1523  	-0.4713  	0.12065  	-0.3655  	-0.5050  	-0.1319  	0.18304  	-0.3941  	-0.3875  	0.49334  	-0.0570  	-0.5342  	-0.8866  	0.06760  	-0.0112  	0.09554  	0.42135  	0.24712  	-0.0777  	0.02026  	-0.0186  	0.27258  	0.00210  	0.06539  	-0.0449  	-0.3058  	-0.3319  	-0.1634  	0.02421  	0.15334  	-0.0738  	-0.0940  	0.08335  	0.06992  	0.17070  	0.08128  	-0.3293  	0.09395  	0.49373  	0.03534  	0.07288  	0.35139  	0.03839  	-0.0476  	0.01287  	0.02680  	-0.0032  	-0.0239  	-0.0251  	-0.0091  	-0.0245  	0.02710  	-0.0023  	-0.0297  	-0.0001  	-0.0097  	-0.0234  	-0.0052  	-0.0122  	-0.0370  	0.03263  	-0.0090  	0.11951  	-0.3634  	0.04362  	0.02647  	0.01211  	0.40077  	0.51056  	268.426  	212.431  	
-0.1966  	-0.3282  	-0.2167  	-0.4122  	0.13406  	-0.4082  	-0.5179  	-0.1491  	0.15614  	-0.3949  	-0.3576  	0.50209  	-0.0530  	-0.5655  	-0.8696  	0.08623  	-0.0059  	0.11567  	0.42281  	0.24719  	-0.0823  	0.01312  	-0.0289  	0.28947  	0.02595  	0.06471  	-0.0422  	-0.2934  	-0.3211  	-0.1475  	0.01722  	0.16029  	-0.0855  	-0.0960  	0.10884  	0.07607  	0.16549  	0.07547  	-0.3515  	0.09290  	0.45513  	0.05229  	0.04437  	0.33430  	0.04411  	-0.0406  	0.01028  	0.02332  	-0.0053  	-0.0277  	-0.0276  	-0.0076  	-0.0263  	0.02590  	-0.0002  	-0.0283  	0.00394  	-0.0165  	-0.0202  	-0.0081  	-0.0161  	-0.0466  	0.02763  	-0.0085  	0.11951  	-0.3634  	0.04362  	0.02647  	0.01211  	0.40077  	0.51056  	268.426  	212.431  	
-0.1886  	-0.3158  	-0.2741  	-0.1304  	0.35040  	-0.3675  	-0.5215  	-0.1103  	0.15340  	-0.4347  	-0.4112  	0.64675  	-0.0001  	-0.4173  	-0.6896  	0.09549  	-0.0407  	0.09833  	0.39773  	0.27915  	-0.1106  	0.00664  	-0.1036  	0.27340  	-0.0099  	0.06218  	-0.0711  	-0.2047  	-0.2833  	-0.1282  	0.01846  	0.15013  	-0.0721  	-0.0884  	0.16309  	0.06341  	0.09074  	0.05004  	-0.3221  	0.11560  	0.39183  	0.05296  	0.02457  	0.31984  	0.05547  	-0.0449  	0.01031  	0.00701  	-0.0075  	-0.0243  	-0.0116  	-0.0139  	-0.0324  	0.02369  	-0.0001  	-0.0273  	0.00802  	-0.0136  	-0.0223  	-0.0010  	-0.0158  	-0.0398  	0.03226  	-0.0124  	0.11951  	-0.3634  	0.04362  	0.02647  	0.01211  	0.40077  	0.51056  	268.426  	212.431  	
0.05444  	-0.2517  	-0.1513  	0.05612  	0.40330  	-0.2081  	-0.5007  	-0.0490  	0.18534  	-0.5004  	-0.6290  	0.64338  	0.07173  	-0.2513  	-0.4916  	0.09559  	-0.0234  	0.09194  	0.35860  	0.27166  	-0.1206  	0.04886  	-0.1206  	0.28015  	0.03035  	0.05703  	-0.0870  	-0.1866  	-0.2514  	-0.0962  	-0.0004  	0.14212  	-0.0759  	-0.0855  	0.18422  	0.06015  	0.08395  	0.04986  	-0.3053  	0.11750  	0.40018  	0.03319  	0.04970  	0.33204  	0.04490  	-0.0395  	0.01050  	0.02949  	-0.0015  	-0.0340  	-0.0203  	-0.0163  	-0.0314  	0.01837  	0.00291  	-0.0279  	0.00828  	-0.0157  	-0.0165  	-0.0035  	-0.0218  	-0.0411  	0.02621  	-0.0116  	0.11951  	-0.3634  	0.04362  	0.02647  	0.01211  	0.40077  	0.51056  	268.426  	212.431  	
0.18396  	-0.1865  	-0.0397  	0.07281  	0.39386  	-0.0922  	-0.4839  	0.02257  	0.21749  	-0.5317  	-0.6402  	0.62332  	0.10161  	-0.1518  	-0.3921  	0.11603  	-0.0133  	0.06693  	0.36647  	0.26122  	-0.0336  	0.04037  	-0.1149  	0.33388  	0.06022  	0.03605  	-0.0091  	-0.2904  	-0.3204  	-0.1176  	-0.0004  	0.15635  	-0.0287  	-0.0896  	0.22220  	-0.0054  	0.17842  	0.07822  	-0.3063  	0.11374  	0.39310  	0.04068  	0.04918  	0.32655  	0.04544  	-0.0407  	0.00632  	0.03220  	0.00939  	-0.0265  	-0.0203  	-0.0116  	-0.0288  	0.01884  	-0.0006  	-0.0201  	-5.8568  	-0.0169  	-0.0233  	-0.0039  	-0.0231  	-0.0324  	0.03284  	-0.0076  	0.11951  	-0.3634  	0.04362  	0.02647  	0.01211  	0.40077  	0.51056  	268.426  	212.431  	
0.33583  	-0.1383  	0.11585  	-0.0072  	0.30132  	-0.0842  	-0.4807  	0.10109  	0.23024  	-0.5388  	-0.4591  	0.59088  	0.10339  	-0.1908  	-0.4122  	0.14863  	0.05783  	-0.1337  	0.45044  	-0.0213  	0.19279  	-0.1161  	-0.2505  	0.40509  	-0.0364  	0.10504  	0.07147  	-0.5438  	-0.4303  	-0.1690  	0.07182  	0.15495  	-0.1195  	-0.2308  	0.25069  	-0.0539  	0.22634  	0.11084  	-0.4676  	0.00227  	0.43073  	0.15876  	-0.0525  	0.39499  	-0.0055  	-0.0225  	-0.0222  	0.05441  	-0.0042  	-0.0264  	-0.0198  	-0.0063  	-0.0240  	0.03540  	0.00724  	-0.0110  	-0.0037  	-0.0259  	-0.0259  	0.00902  	-0.0137  	-0.0361  	0.02130  	-0.0122  	0.11951  	-0.3634  	0.04362  	0.02647  	0.01211  	0.40077  	0.51056  	268.426  	212.431  	
0.38248  	-0.1331  	0.21964  	-0.0785  	0.22472  	-0.1547  	-0.5125  	0.19718  	0.24893  	-0.5197  	-0.3305  	0.65676  	0.10915  	-0.2689  	-0.5526  	0.21589  	0.08707  	-0.1989  	0.51725  	-0.1723  	0.26537  	-0.2959  	-0.4139  	0.33803  	-0.1009  	0.16369  	0.02070  	-0.6383  	-0.4095  	-0.1904  	0.15495  	0.13119  	-0.1706  	-0.3395  	0.17483  	-0.0866  	0.19190  	0.13238  	-0.5250  	-0.0732  	0.49400  	0.23942  	-0.0917  	0.45423  	-0.0473  	-0.0076  	-0.0384  	0.07772  	-0.0107  	-0.0501  	-0.0280  	-0.0016  	-0.0246  	0.04845  	0.00760  	-0.0159  	-0.0115  	-0.0324  	-0.0289  	0.00876  	-0.0122  	-0.0464  	0.00893  	-0.0151  	0.11951  	-0.3634  	0.04362  	0.02647  	0.01211  	0.40077  	0.51056  	268.426  	212.431  	
0.29308  	-0.1656  	0.18252  	-0.2560  	0.16213  	-0.2210  	-0.4953  	0.18827  	0.26215  	-0.4318  	-0.2894  	0.66685  	0.15200  	-0.2164  	-0.6679  	0.25795  	0.07925  	-0.2322  	0.53593  	-0.1478  	0.28433  	-0.3556  	-0.5208  	0.31412  	-0.0589  	0.15344  	0.02352  	-0.5955  	-0.3407  	-0.2197  	0.18733  	0.12456  	-0.1631  	-0.3614  	0.13422  	-0.0608  	0.13435  	0.10663  	-0.5160  	-0.0469  	0.52736  	0.25429  	-0.1240  	0.46821  	-0.0556  	-0.0051  	-0.0400  	0.07940  	-0.0119  	-0.0461  	-0.0199  	-0.0016  	-0.0269  	0.05133  	0.00469  	-0.0230  	-0.0036  	-0.0364  	-0.0222  	0.01497  	-0.0089  	-0.0523  	0.00726  	-0.0114  	0.11951  	-0.3634  	0.04362  	0.02647  	0.01211  	0.40077  	0.51056  	268.426  	212.431  	
-0.0266  	-0.2418  	-0.0650  	0.00321  	0.31274  	-0.3389  	-0.5256  	0.01507  	0.14842  	-0.4453  	-0.2747  	0.73156  	0.12830  	-0.3348  	-0.6349  	0.10185  	0.05483  	-0.1708  	0.49724  	-0.0040  	0.07456  	-0.2859  	-0.5113  	0.35959  	-0.0949  	0.16515  	-0.0830  	-0.4681  	-0.3042  	-0.1704  	0.20597  	0.06994  	-0.1683  	-0.3336  	0.12622  	0.02716  	0.06926  	0.07498  	-0.5048  	-0.0621  	0.53896  	0.24760  	-0.1472  	0.43677  	-0.0410  	-0.0042  	-0.0356  	0.05917  	-0.0341  	-0.0368  	-0.0231  	-0.0122  	-0.0158  	0.04002  	0.00184  	-0.0268  	0.00278  	-0.0312  	-0.0152  	0.01614  	-0.0104  	-0.0493  	-0.0019  	-0.0111  	0.11951  	-0.3634  	0.04362  	0.02647  	0.01211  	0.40077  	0.51056  	268.426  	212.431  	
-0.3653  	-0.3469  	-0.2574  	-0.3785  	0.24252  	-0.5247  	-0.5023  	-0.0535  	0.14470  	-0.3673  	-0.2388  	0.63359  	0.00032  	-0.4690  	-0.7911  	-0.0857  	0.02100  	-0.0306  	0.42749  	0.06147  	0.01529  	-0.1772  	-0.2727  	0.32228  	-0.1140  	0.14981  	-0.0782  	-0.3616  	-0.2862  	-0.2089  	0.10867  	0.07044  	-0.1324  	-0.2194  	0.10839  	0.01524  	0.08298  	0.06034  	-0.4255  	0.01124  	0.47320  	0.17103  	-0.0706  	0.37370  	0.00410  	-0.0263  	-0.0132  	0.02507  	-0.0295  	-0.0311  	-0.0257  	-0.0085  	-0.0328  	0.03658  	0.00036  	-0.0287  	0.00184  	-0.0235  	-0.0204  	0.00417  	-0.0136  	-0.0453  	0.01363  	-0.0132  	0.11951  	-0.3634  	0.04362  	0.02647  	0.01211  	0.40077  	0.51056  	268.426  	212.431  	
-0.3435  	-0.3442  	-0.2615  	-0.5851  	0.08356  	-0.5499  	-0.5202  	-0.0846  	0.14419  	-0.3184  	-0.2230  	0.50454  	-0.0387  	-0.4401  	-0.9415  	-0.0480  	0.00351  	0.07801  	0.39624  	0.25220  	-0.0513  	0.03314  	-0.0163  	0.31979  	-0.0040  	0.06422  	-0.0652  	-0.3284  	-0.3419  	-0.1853  	0.03556  	0.12630  	-0.0684  	-0.1058  	0.12552  	0.06058  	0.17369  	0.07482  	-0.3136  	0.07927  	0.43020  	0.06389  	0.02678  	0.31423  	0.04417  	-0.0409  	0.01081  	0.01750  	-0.0130  	-0.0222  	-0.0365  	-0.0105  	-0.0330  	0.02009  	0.00086  	-0.0330  	0.00071  	-0.0119  	-0.0214  	-0.0061  	-0.0119  	-0.0370  	0.03362  	-0.0101  	0.11951  	-0.3634  	0.04362  	0.02647  	0.01211  	0.40077  	0.51056  	268.426  	212.431  	
-0.2415  	-0.3489  	-0.2325  	-0.5138  	0.12394  	-0.4780  	-0.5220  	-0.0741  	0.17395  	-0.3418  	-0.2962  	0.53704  	-0.0096  	-0.4248  	-0.8484  	-0.0176  	0.00302  	0.09811  	0.39146  	0.24074  	-0.0779  	0.02102  	-0.0147  	0.32250  	0.00177  	0.07197  	-0.0655  	-0.2961  	-0.3427  	-0.1655  	0.06189  	0.12808  	-0.0701  	-0.1057  	0.10419  	0.04328  	0.13875  	0.06451  	-0.3132  	0.10234  	0.43563  	0.05348  	0.04317  	0.32149  	0.03868  	-0.0430  	0.00874  	0.02101  	-0.0063  	-0.0246  	-0.0321  	-0.0117  	-0.0370  	0.02030  	-0.0012  	-0.0336  	-0.0027  	-0.0194  	-0.0272  	-0.0022  	-0.0182  	-0.0361  	0.03381  	-0.0091  	0.11951  	-0.3634  	0.04362  	0.02647  	0.01211  	0.40077  	0.51056  	268.426  	212.431  	
-0.1125  	-0.2317  	-0.2121  	-0.3213  	0.17323  	-0.3770  	-0.5203  	-0.0033  	0.20263  	-0.3907  	-0.4552  	0.58830  	0.05700  	-0.2522  	-0.6075  	-0.0285  	-0.0313  	0.09214  	0.38264  	0.28171  	-0.0266  	0.07955  	-0.0068  	0.32796  	0.00963  	0.05855  	-0.0326  	-0.2814  	-0.3599  	-0.1535  	0.02983  	0.11368  	-0.0608  	-0.0789  	0.13085  	0.01263  	0.16337  	0.05887  	-0.3323  	0.12888  	0.44158  	0.03310  	0.04889  	0.33456  	0.03716  	-0.0521  	0.00447  	0.02159  	-0.0047  	-0.0211  	-0.0265  	-0.0147  	-0.0323  	0.03304  	-0.0134  	-0.0214  	-0.0027  	-0.0270  	-0.0245  	-0.0016  	-0.0075  	-0.0266  	0.02044  	-0.0202  	0.11951  	-0.3634  	0.04362  	0.02647  	0.01211  	0.40077  	0.51056  	268.426  	212.431  	
0.04789  	-0.2040  	-0.0991  	-0.1440  	0.25965  	-0.2024  	-0.4958  	0.02765  	0.24746  	-0.4575  	-0.6413  	0.61544  	0.11106  	-0.1894  	-0.5553  	0.09020  	-0.0383  	0.11173  	0.37638  	0.24823  	-0.0807  	0.07374  	-0.0260  	0.27076  	-0.0405  	0.07001  	-0.1208  	-0.2709  	-0.3146  	-0.1641  	0.02871  	0.11156  	-0.0292  	-0.0823  	0.10683  	-0.0092  	0.14278  	0.07060  	-0.3055  	0.13680  	0.46167  	0.02388  	0.07446  	0.34529  	0.02230  	-0.0364  	0.01581  	0.04890  	0.00324  	-0.0176  	-0.0237  	-0.0133  	-0.0374  	0.02372  	-0.0025  	-0.0194  	-0.0099  	-0.0239  	-0.0194  	-0.0065  	-0.0090  	-0.0305  	0.02267  	-0.0136  	0.11951  	-0.3634  	0.04362  	0.02647  	0.01211  	0.40077  	0.51056  	268.426  	212.431  	
0.18009  	-0.1682  	-0.0264  	-0.0226  	0.32214  	-0.1445  	-0.4981  	0.01247  	0.22406  	-0.4929  	-0.5709  	0.62005  	0.09527  	-0.1846  	-0.4890  	0.12555  	-0.0142  	0.07244  	0.37672  	0.23354  	-0.0187  	0.04523  	-0.0672  	0.28058  	-0.0365  	0.05922  	-0.0959  	-0.3150  	-0.3655  	-0.1474  	0.03196  	0.14362  	-0.0309  	-0.0895  	0.17180  	-0.0169  	0.18119  	0.08532  	-0.3109  	0.09787  	0.41934  	0.02861  	0.07736  	0.32737  	0.03855  	-0.0372  	0.01218  	0.03815  	0.00177  	-0.0226  	-0.0213  	-0.0116  	-0.0294  	0.01522  	-0.0028  	-0.0220  	-0.0022  	-0.0202  	-0.0273  	-0.0101  	-0.0203  	-0.0300  	0.02733  	-0.0081  	0.11951  	-0.3634  	0.04362  	0.02647  	0.01211  	0.40077  	0.51056  	268.426  	212.431  	
0.27930  	-0.1553  	0.04214  	-0.0236  	0.30695  	-0.0968  	-0.4844  	0.04503  	0.25138  	-0.5217  	-0.5501  	0.60339  	0.09543  	-0.1774  	-0.4357  	0.15870  	-0.0191  	0.04439  	0.37732  	0.22731  	0.06782  	0.05432  	-0.0603  	0.31308  	-0.0172  	0.04662  	-0.0387  	-0.3912  	-0.3976  	-0.1513  	0.01777  	0.16496  	-0.0237  	-0.0952  	0.21894  	-0.0313  	0.23703  	0.10586  	-0.3378  	0.07031  	0.41441  	0.03919  	0.05916  	0.32510  	0.04102  	-0.0387  	0.00788  	0.03579  	0.00403  	-0.0275  	-0.0311  	-0.0105  	-0.0259  	0.01848  	-0.0030  	-0.0161  	-0.0014  	-0.0154  	-0.0261  	-0.0036  	-0.0169  	-0.0326  	0.02940  	-0.0072  	0.11951  	-0.3634  	0.04362  	0.02647  	0.01211  	0.40077  	0.51056  	268.426  	212.431  	
0.32870  	-0.1359  	0.08719  	-0.0475  	0.26852  	-0.0643  	-0.4706  	0.09200  	0.26109  	-0.5462  	-0.4865  	0.57866  	0.06334  	-0.1521  	-0.4341  	0.19433  	-0.0204  	-0.0133  	0.39161  	0.17410  	0.14236  	0.06844  	-0.0073  	0.35907  	-0.0108  	0.04286  	0.04775  	-0.5027  	-0.4801  	-0.1673  	0.00340  	0.18678  	-0.0319  	-0.0963  	0.26669  	-0.0493  	0.30700  	0.13302  	-0.3730  	0.04620  	0.38580  	0.04513  	0.06247  	0.33716  	0.03652  	-0.0409  	0.00563  	0.04533  	0.00853  	-0.0234  	-0.0398  	-0.0086  	-0.0270  	0.02724  	0.00196  	-0.0137  	-0.0052  	-0.0174  	-0.0290  	-0.0005  	-0.0140  	-0.0339  	0.03015  	-0.0095  	0.11951  	-0.3634  	0.04362  	0.02647  	0.01211  	0.40077  	0.51056  	268.426  	212.431  	
