-0.0339  	0.71989  	-0.2987  	-1.7822  	-1.1234  	-1.6900  	1.27840  	0.26689  	0.08062  	0.01144  	0.43164  	-0.5846  	0.56997  	0.07037  	-1.3154  	1.68234  	-0.2370  	0.40059  	-0.1061  	0.65607  	0.47251  	-0.0384  	-0.6781  	0.12060  	0.51956  	-0.2782  	0.05322  	0.14447  	-0.2577  	0.18442  	0.09213  	0.13284  	0.12710  	-0.0394  	0.36251  	-0.2025  	0.29115  	-0.2062  	-0.3541  	0.26715  	0.26958  	0.04959  	-0.0516  	0.71023  	0.26707  	-0.1025  	-0.0036  	0.09574  	0.06664  	-0.0783  	-0.0415  	-0.0208  	-0.0412  	-0.0412  	-0.0658  	-0.0539  	-0.0273  	-0.0154  	-0.0077  	0.00671  	0.01448  	0.00223  	0.05170  	0.01921  	0.12530  	0.26328  	0.15896  	0.01620  	-0.0641  	0.30731  	
-0.3506  	0.56101  	-0.5768  	-1.9121  	-1.0821  	-1.9755  	1.26921  	0.09543  	0.02390  	0.17816  	0.48730  	-0.5699  	0.55732  	-0.0487  	-1.5238  	1.59958  	-0.2818  	0.50013  	-0.1273  	0.81380  	0.23294  	-0.0506  	-0.8039  	0.06077  	0.49034  	-0.2276  	-0.1421  	0.38981  	-0.1039  	0.16202  	0.10676  	0.10112  	0.11858  	-0.0377  	0.24618  	-0.0807  	0.10134  	-0.2767  	-0.2859  	0.33022  	0.32379  	0.05734  	-0.0549  	0.70765  	0.27369  	-0.1016  	-0.0038  	0.10033  	0.07756  	-0.0817  	-0.0448  	-0.0203  	-0.0425  	-0.0400  	-0.0602  	-0.0588  	-0.0170  	-0.0139  	0.00217  	0.01043  	0.01332  	0.00100  	0.04006  	0.02113  	0.12530  	0.26328  	0.15896  	0.01620  	-0.0641  	0.30731  	
-0.6858  	0.45097  	-0.8041  	-2.0673  	-1.0739  	-2.1674  	1.29229  	0.04956  	-0.0280  	0.18751  	0.50808  	-0.6181  	0.52906  	-0.2032  	-1.7184  	1.52302  	-0.3053  	0.56789  	-0.0918  	0.85208  	0.07086  	-0.0497  	-0.8243  	-0.0168  	0.47219  	-0.2275  	-0.2532  	0.51381  	0.01043  	0.16780  	0.12426  	0.06442  	0.10832  	-0.0253  	0.16985  	-0.0097  	0.00305  	-0.3197  	-0.2488  	0.31321  	0.29889  	0.06157  	-0.0836  	0.70590  	0.27566  	-0.1012  	-0.0080  	0.10926  	0.07701  	-0.0866  	-0.0378  	-0.0227  	-0.0497  	-0.0506  	-0.0624  	-0.0675  	-0.0125  	-0.0037  	-0.0084  	0.00451  	0.01203  	-0.0077  	0.04613  	0.01525  	0.12530  	0.26328  	0.15896  	0.01620  	-0.0641  	0.30731  	
-0.6731  	0.41437  	-0.7796  	-2.0566  	-1.0073  	-2.2859  	1.31443  	0.08671  	-0.0448  	0.21289  	0.65811  	-0.6324  	0.51740  	-0.1772  	-1.6205  	1.40740  	-0.3151  	0.50012  	-0.1312  	0.83102  	0.21754  	-0.0712  	-0.8357  	0.13196  	0.53763  	-0.2284  	-0.1358  	0.36885  	-0.0972  	0.13875  	0.10574  	0.05682  	0.12694  	-0.0304  	0.26323  	-0.0894  	0.08344  	-0.3184  	-0.2858  	0.32620  	0.25485  	0.08992  	-0.1064  	0.67110  	0.30549  	-0.1012  	0.01091  	0.08339  	0.06819  	-0.0687  	-0.0372  	-0.0231  	-0.0464  	-0.0456  	-0.0695  	-0.0725  	-0.0176  	-0.0156  	-0.0065  	0.01324  	0.00366  	-0.0094  	0.04400  	0.00955  	0.12530  	0.26328  	0.15896  	0.01620  	-0.0641  	0.30731  	
-0.2878  	0.55023  	-0.4522  	-1.8087  	-1.0115  	-2.0387  	1.32719  	0.24808  	0.03148  	0.14834  	0.45222  	-0.5542  	0.63044  	0.15580  	-1.2330  	1.53683  	-0.2863  	0.44260  	-0.0915  	0.78006  	0.37174  	-0.0514  	-0.8196  	0.20291  	0.43424  	-0.2606  	-0.0352  	0.30700  	-0.2275  	0.15947  	0.10349  	0.09910  	0.14129  	-0.0207  	0.26780  	-0.2021  	0.11867  	-0.2802  	-0.3219  	0.38405  	0.23887  	0.07859  	-0.0807  	0.70556  	0.28277  	-0.1079  	0.00658  	0.10786  	0.08423  	-0.0757  	-0.0518  	-0.0295  	-0.0514  	-0.0403  	-0.0788  	-0.0668  	-0.0295  	-0.0159  	-0.0152  	0.00079  	-0.0037  	-0.0070  	0.02011  	0.01272  	0.12530  	0.26328  	0.15896  	0.01620  	-0.0641  	0.30731  	
0.06744  	0.74140  	-0.2419  	-1.7350  	-1.0517  	-1.6767  	1.30505  	0.24547  	0.05212  	0.10526  	0.00016  	-0.7025  	0.70369  	0.32560  	-0.9686  	1.44838  	-0.2387  	0.39556  	-0.1227  	0.60763  	0.31468  	0.08476  	-0.6415  	0.16074  	0.58933  	-0.2728  	0.10256  	0.11900  	-0.1926  	0.24806  	0.11235  	0.10466  	0.11172  	-0.0445  	0.29649  	-0.1935  	0.17048  	-0.2583  	-0.2981  	0.36119  	0.23832  	0.06365  	-0.0370  	0.73496  	0.26091  	-0.1089  	-0.0132  	0.12953  	0.10001  	-0.0875  	-0.0465  	-0.0140  	-0.0542  	-0.0415  	-0.0650  	-0.0508  	-0.0394  	-0.0240  	0.00204  	0.01407  	0.01192  	0.01018  	0.04628  	0.01295  	0.12530  	0.26328  	0.15896  	0.01620  	-0.0641  	0.30731  	
0.14133  	0.69465  	-0.2999  	-1.5017  	-0.9712  	-1.5684  	1.34131  	0.23958  	0.03811  	0.04680  	-0.0533  	-0.8068  	0.73722  	0.27387  	-1.0151  	1.49091  	-0.1863  	0.34137  	-0.0847  	0.55910  	0.32238  	0.13909  	-0.6536  	0.12837  	0.74566  	-0.3043  	0.19520  	0.08018  	-0.1085  	0.29494  	0.07660  	0.11228  	0.06796  	-0.0436  	0.31103  	-0.1632  	0.17267  	-0.2688  	-0.2768  	0.34892  	0.20851  	0.07230  	-0.0474  	0.73450  	0.26219  	-0.1044  	-0.0248  	0.13965  	0.10319  	-0.0732  	-0.0382  	-0.0232  	-0.0528  	-0.0417  	-0.0558  	-0.0420  	-0.0351  	-0.0198  	-0.0137  	0.01564  	0.00542  	0.00251  	0.04460  	0.00489  	0.12530  	0.26328  	0.15896  	0.01620  	-0.0641  	0.30731  	
-0.1745  	0.66180  	-0.4558  	-1.7061  	-1.0163  	-1.8394  	1.31410  	0.18021  	0.00390  	0.10854  	0.26606  	-0.6677  	0.61166  	0.10780  	-1.2607  	1.54449  	-0.2579  	0.45410  	-0.0904  	0.69994  	0.35485  	0.04419  	-0.7525  	0.14551  	0.67942  	-0.3011  	0.06966  	0.20781  	-0.1051  	0.23912  	0.06766  	0.09807  	0.08643  	-0.0339  	0.34989  	-0.1310  	0.17246  	-0.2764  	-0.3118  	0.34506  	0.23899  	0.06928  	-0.0757  	0.69860  	0.27849  	-0.0992  	-0.0059  	0.10119  	0.07146  	-0.0831  	-0.0354  	-0.0244  	-0.0446  	-0.0443  	-0.0702  	-0.0565  	-0.0214  	-0.0154  	-0.0012  	0.01448  	0.01141  	-0.0048  	0.03669  	0.01777  	0.12530  	0.26328  	0.15896  	0.01620  	-0.0641  	0.30731  	
-0.4702  	0.55798  	-0.6108  	-1.9677  	-1.1008  	-1.9776  	1.31575  	0.07770  	-0.0353  	0.16819  	0.39993  	-0.6599  	0.50711  	-0.1624  	-1.5349  	1.51821  	-0.3086  	0.54350  	-0.0919  	0.77231  	0.17967  	-0.0271  	-0.8058  	0.08601  	0.61765  	-0.2912  	-0.0458  	0.33520  	0.00223  	0.22017  	0.11339  	0.08527  	0.08591  	-0.0182  	0.23166  	-0.0518  	0.08564  	-0.2871  	-0.2628  	0.37139  	0.26622  	0.06536  	-0.0756  	0.71000  	0.27497  	-0.0992  	-0.0194  	0.09242  	0.07001  	-0.0856  	-0.0230  	-0.0227  	-0.0473  	-0.0495  	-0.0659  	-0.0586  	-0.0163  	-0.0152  	-0.0032  	0.01280  	0.01068  	-0.0090  	0.04943  	0.02172  	0.12530  	0.26328  	0.15896  	0.01620  	-0.0641  	0.30731  	
-0.6645  	0.47417  	-0.6507  	-2.1422  	-1.2088  	-2.0278  	1.29637  	0.01191  	-0.0782  	0.20479  	0.45403  	-0.7378  	0.47111  	-0.3015  	-1.6977  	1.47635  	-0.2687  	0.53743  	-0.0912  	0.79594  	0.10322  	-0.0484  	-0.7533  	0.01899  	0.62768  	-0.2637  	-0.1054  	0.38555  	0.02215  	0.19820  	0.12627  	0.09727  	0.05429  	-0.0245  	0.13973  	-0.0074  	0.07109  	-0.2785  	-0.2484  	0.32031  	0.32215  	0.05505  	-0.0631  	0.72288  	0.29313  	-0.1049  	-0.0122  	0.08457  	0.06029  	-0.0805  	-0.0369  	-0.0204  	-0.0421  	-0.0481  	-0.0605  	-0.0690  	-0.0124  	-0.0096  	-0.0059  	0.00654  	0.01055  	-0.0080  	0.05177  	0.02264  	0.12530  	0.26328  	0.15896  	0.01620  	-0.0641  	0.30731  	
-0.7276  	0.49220  	-0.6589  	-2.2761  	-1.2497  	-2.1139  	1.28482  	0.00788  	-0.0676  	0.24210  	0.54548  	-0.7668  	0.45223  	-0.2918  	-1.7813  	1.45484  	-0.2831  	0.53130  	-0.0888  	0.76972  	0.13064  	-0.0198  	-0.7240  	0.02107  	0.59238  	-0.2521  	-0.1008  	0.37058  	-0.0249  	0.16767  	0.10717  	0.08409  	0.05286  	-0.0282  	0.14249  	-0.0119  	0.07846  	-0.2737  	-0.2734  	0.29909  	0.33346  	0.06239  	-0.0604  	0.71036  	0.29075  	-0.1071  	-0.0083  	0.08710  	0.06073  	-0.0827  	-0.0432  	-0.0228  	-0.0395  	-0.0440  	-0.0652  	-0.0679  	-0.0149  	-0.0099  	0.00121  	0.00704  	0.01367  	-0.0083  	0.04607  	0.02102  	0.12530  	0.26328  	0.15896  	0.01620  	-0.0641  	0.30731  	
-0.7709  	0.48041  	-0.6769  	-2.2806  	-1.2420  	-2.1420  	1.27972  	-0.0042  	-0.0646  	0.24449  	0.55689  	-0.7681  	0.44915  	-0.3386  	-1.8044  	1.49077  	-0.2792  	0.55674  	-0.0906  	0.79932  	0.12455  	-0.0294  	-0.7302  	0.01778  	0.57728  	-0.2408  	-0.1253  	0.39822  	-0.0150  	0.16262  	0.11366  	0.08787  	0.06448  	-0.0300  	0.13849  	0.00324  	0.05728  	-0.2808  	-0.2642  	0.29819  	0.33257  	0.05986  	-0.0653  	0.70803  	0.28720  	-0.1067  	-0.0066  	0.09125  	0.05862  	-0.0844  	-0.0378  	-0.0217  	-0.0368  	-0.0428  	-0.0625  	-0.0693  	-0.0127  	-0.0066  	0.00313  	0.01084  	0.01254  	-0.0054  	0.04114  	0.02281  	0.12530  	0.26328  	0.15896  	0.01620  	-0.0641  	0.30731  	
-0.7809  	0.47802  	-0.6285  	-2.2890  	-1.2551  	-2.1350  	1.29666  	-0.0023  	-0.0642  	0.26798  	0.49761  	-0.7880  	0.46747  	-0.2934  	-1.7909  	1.48489  	-0.2512  	0.52604  	-0.1029  	0.77214  	0.09125  	-0.0266  	-0.7346  	0.00207  	0.60583  	-0.2335  	-0.0993  	0.37341  	0.00933  	0.17132  	0.12872  	0.08659  	0.07055  	-0.0285  	0.11150  	-0.0061  	0.04497  	-0.2801  	-0.2429  	0.29344  	0.34700  	0.05598  	-0.0545  	0.71735  	0.28915  	-0.1075  	-0.0067  	0.10504  	0.05852  	-0.0871  	-0.0387  	-0.0198  	-0.0413  	-0.0470  	-0.0612  	-0.0695  	-0.0124  	-0.0085  	0.00023  	0.00673  	0.01422  	-0.0040  	0.04776  	0.02581  	0.12530  	0.26328  	0.15896  	0.01620  	-0.0641  	0.30731  	
-0.7029  	0.50300  	-0.5648  	-2.2799  	-1.2544  	-2.0090  	1.29621  	0.02207  	-0.0316  	0.21304  	0.39467  	-0.7559  	0.47287  	-0.2981  	-1.6988  	1.50028  	-0.2396  	0.49559  	-0.0805  	0.70609  	0.09510  	-0.0069  	-0.6488  	0.02086  	0.59769  	-0.2207  	-0.0492  	0.34449  	0.01651  	0.18466  	0.13882  	0.08630  	0.06972  	-0.0361  	0.09044  	-0.0258  	0.05030  	-0.2854  	-0.2349  	0.33197  	0.36858  	0.04294  	-0.0281  	0.74738  	0.28581  	-0.1080  	-0.0063  	0.10846  	0.06880  	-0.0840  	-0.0415  	-0.0222  	-0.0397  	-0.0434  	-0.0641  	-0.0686  	-0.0201  	-0.0133  	0.00112  	0.00363  	0.01422  	-0.0050  	0.05292  	0.02197  	0.12530  	0.26328  	0.15896  	0.01620  	-0.0641  	0.30731  	
-0.4692  	0.52123  	-0.5436  	-2.0125  	-1.1936  	-1.9004  	1.26388  	0.03480  	-0.0306  	0.13019  	0.34994  	-0.6717  	0.48287  	-0.3157  	-1.6092  	1.53983  	-0.2279  	0.49282  	-0.0828  	0.74188  	0.13935  	-0.0225  	-0.6875  	0.04437  	0.59748  	-0.2384  	-0.0491  	0.37376  	-0.0269  	0.19498  	0.10969  	0.11321  	0.07479  	-0.0320  	0.13672  	-0.0434  	0.09287  	-0.2759  	-0.2794  	0.33071  	0.32478  	0.05176  	-0.0314  	0.73441  	0.28136  	-0.1058  	-0.0086  	0.09009  	0.06739  	-0.0849  	-0.0387  	-0.0241  	-0.0442  	-0.0451  	-0.0650  	-0.0717  	-0.0159  	-0.0083  	-0.0027  	0.00418  	0.00660  	-0.0001  	0.05047  	0.01930  	0.12530  	0.26328  	0.15896  	0.01620  	-0.0641  	0.30731  	
-0.3116  	0.57075  	-0.4697  	-1.8929  	-1.0528  	-1.9098  	1.29546  	0.03756  	-0.0305  	0.24532  	0.38364  	-0.6059  	0.48984  	-0.3113  	-1.6531  	1.70544  	-0.2998  	0.54529  	-0.0966  	0.81836  	0.06777  	-0.0386  	-0.8302  	0.01396  	0.60909  	-0.2784  	-0.1098  	0.44376  	-0.0011  	0.20592  	0.08349  	0.11755  	0.06479  	-0.0360  	0.19974  	0.01582  	0.05832  	-0.2968  	-0.2556  	0.35466  	0.31294  	0.04969  	-0.0402  	0.72362  	0.28389  	-0.1019  	-0.0027  	0.10525  	0.07814  	-0.0892  	-0.0189  	-0.0267  	-0.0367  	-0.0483  	-0.0584  	-0.0685  	-0.0059  	-0.0093  	-0.0018  	0.00925  	0.00234  	-0.0136  	0.04894  	0.02356  	0.12530  	0.26328  	0.15896  	0.01620  	-0.0641  	0.30731  	
-0.2233  	0.56334  	-0.3642  	-1.9447  	-1.1202  	-1.8732  	1.31448  	0.05884  	-0.0228  	0.22899  	0.41513  	-0.6981  	0.46698  	-0.2865  	-1.6901  	1.74896  	-0.3278  	0.56052  	-0.0916  	0.78059  	0.10921  	-0.0301  	-0.8545  	0.02273  	0.67666  	-0.2869  	-0.0304  	0.39119  	-0.0243  	0.23152  	0.07530  	0.13999  	0.06241  	-0.0211  	0.24245  	0.04381  	0.08918  	-0.2655  	-0.2977  	0.35895  	0.29706  	0.06397  	-0.0405  	0.73410  	0.28057  	-0.1062  	-0.0162  	0.10953  	0.07923  	-0.0930  	-0.0177  	-0.0270  	-0.0359  	-0.0453  	-0.0557  	-0.0611  	-0.0096  	-0.0112  	-0.0033  	0.00861  	0.00463  	-0.0159  	0.05370  	0.02260  	0.12530  	0.26328  	0.15896  	0.01620  	-0.0641  	0.30731  	
-0.5175  	0.49298  	-0.6376  	-1.9287  	-1.1298  	-1.9246  	1.28223  	0.04295  	-0.0901  	0.12407  	0.29025  	-0.7711  	0.46196  	-0.3002  	-1.5818  	1.58226  	-0.2382  	0.49127  	-0.0493  	0.66768  	0.10627  	-0.0263  	-0.8020  	0.12858  	0.79927  	-0.3105  	0.13998  	0.35272  	-0.0215  	0.27340  	0.04231  	0.15361  	-0.0024  	-0.0600  	0.22386  	0.05185  	0.10913  	-0.2653  	-0.2791  	0.36760  	0.25830  	0.05113  	-0.0787  	0.73797  	0.28134  	-0.1161  	-0.0149  	0.08376  	0.06785  	-0.0827  	-0.0180  	-0.0163  	-0.0430  	-0.0472  	-0.0603  	-0.0656  	-0.0082  	-0.0040  	-0.0026  	0.00635  	0.00481  	-0.0227  	0.05631  	0.01744  	0.12530  	0.26328  	0.15896  	0.01620  	-0.0641  	0.30731  	
-0.4350  	0.51274  	-0.5855  	-1.9345  	-1.1305  	-1.8436  	1.23904  	0.04816  	-0.0352  	0.05495  	0.25007  	-0.7358  	0.50380  	-0.2460  	-1.4834  	1.50878  	-0.2264  	0.46524  	-0.1004  	0.71232  	0.16574  	-0.0153  	-0.7023  	0.05722  	0.68066  	-0.2623  	0.01341  	0.34690  	-0.0147  	0.22627  	0.08241  	0.12656  	0.03889  	-0.0282  	0.20275  	-0.0229  	0.10648  	-0.2596  	-0.2852  	0.32852  	0.28377  	0.06805  	-0.0646  	0.71905  	0.28606  	-0.1086  	-0.0104  	0.08165  	0.06784  	-0.0901  	-0.0289  	-0.0225  	-0.0457  	-0.0414  	-0.0628  	-0.0642  	-0.0082  	-0.0063  	0.00268  	0.00205  	0.00713  	-0.0172  	0.05198  	0.02020  	0.12530  	0.26328  	0.15896  	0.01620  	-0.0641  	0.30731  	
-0.3347  	0.57427  	-0.4774  	-1.9508  	-1.1317  	-1.8349  	1.27375  	0.08143  	-0.0193  	0.12533  	0.31346  	-0.6846  	0.51027  	-0.1769  	-1.5435  	1.60254  	-0.2512  	0.51707  	-0.0520  	0.73942  	0.17197  	-0.0228  	-0.7479  	0.03140  	0.62692  	-0.2754  	-0.0436  	0.31401  	-0.0341  	0.20274  	0.07582  	0.11838  	0.08835  	-0.0265  	0.21940  	-0.0524  	0.10690  	-0.2526  	-0.2876  	0.33785  	0.32008  	0.06635  	-0.0474  	0.73202  	0.27614  	-0.1084  	-0.0090  	0.09189  	0.07433  	-0.0995  	-0.0364  	-0.0228  	-0.0466  	-0.0378  	-0.0620  	-0.0602  	-0.0215  	-0.0165  	-0.0038  	0.01226  	0.00910  	-0.0118  	0.04300  	0.01903  	0.12530  	0.26328  	0.15896  	0.01620  	-0.0641  	0.30731  	
-0.4978  	0.54915  	-0.5289  	-2.0923  	-1.1890  	-1.9541  	1.29060  	0.03282  	-0.0204  	0.18197  	0.38066  	-0.7627  	0.48071  	-0.2285  	-1.6962  	1.52529  	-0.2573  	0.52153  	-0.0527  	0.73915  	0.17112  	-0.0556  	-0.7454  	0.02614  	0.62936  	-0.2629  	-0.0498  	0.33914  	-0.0115  	0.20339  	0.08789  	0.11571  	0.06548  	-0.0310  	0.18252  	-0.0197  	0.10441  	-0.2683  	-0.2785  	0.33718  	0.34198  	0.05083  	-0.0387  	0.73151  	0.28774  	-0.1084  	-0.0135  	0.09238  	0.06573  	-0.0871  	-0.0327  	-0.0253  	-0.0443  	-0.0439  	-0.0599  	-0.0659  	-0.0132  	-0.0102  	-0.0030  	0.00587  	0.00901  	-0.0063  	0.04915  	0.02164  	0.12530  	0.26328  	0.15896  	0.01620  	-0.0641  	0.30731  	
-0.5641  	0.50274  	-0.5506  	-2.2252  	-1.3114  	-1.9501  	1.28127  	0.00739  	-0.0494  	0.17432  	0.47067  	-0.8333  	0.43951  	-0.3492  	-1.6791  	1.51257  	-0.2288  	0.50075  	-0.0606  	0.71591  	0.21900  	-0.0356  	-0.6771  	0.01777  	0.64986  	-0.2583  	-0.0200  	0.25119  	-0.0941  	0.18182  	0.10352  	0.11162  	0.03337  	-0.0389  	0.16670  	-0.0285  	0.16520  	-0.2406  	-0.3066  	0.27968  	0.35612  	0.05171  	-0.0489  	0.72241  	0.28613  	-0.1056  	-0.0057  	0.08689  	0.06181  	-0.0873  	-0.0382  	-0.0237  	-0.0357  	-0.0330  	-0.0589  	-0.0652  	-0.0141  	-0.0076  	-0.0023  	0.00562  	0.01100  	-0.0113  	0.05189  	0.02279  	0.12530  	0.26328  	0.15896  	0.01620  	-0.0641  	0.30731  	
-0.6243  	0.49538  	-0.5964  	-2.2209  	-1.2781  	-2.0136  	1.27192  	0.02848  	-0.0508  	0.16352  	0.46112  	-0.8089  	0.42814  	-0.3473  	-1.6896  	1.50752  	-0.2412  	0.49400  	-0.0553  	0.69888  	0.15888  	-0.0329  	-0.6431  	0.05306  	0.61317  	-0.2400  	-0.0386  	0.29562  	-0.0410  	0.20540  	0.11729  	0.10450  	0.04700  	-0.0310  	0.14835  	-0.0361  	0.12108  	-0.2556  	-0.2981  	0.30471  	0.35128  	0.05566  	-0.0471  	0.73361  	0.27965  	-0.1074  	-0.0008  	0.08419  	0.06315  	-0.0861  	-0.0442  	-0.0202  	-0.0428  	-0.0367  	-0.0647  	-0.0670  	-0.0174  	-0.0116  	-0.0065  	0.00233  	0.01397  	-0.0084  	0.05088  	0.01943  	0.12530  	0.26328  	0.15896  	0.01620  	-0.0641  	0.30731  	
-0.5444  	0.49911  	-0.5640  	-2.0855  	-1.2087  	-1.9531  	1.27861  	0.03074  	-0.0248  	0.12995  	0.31569  	-0.7303  	0.50374  	-0.2838  	-1.5755  	1.52868  	-0.2224  	0.49489  	-0.0840  	0.71692  	0.10292  	0.00287  	-0.6752  	0.01793  	0.59379  	-0.2315  	-0.0533  	0.38586  	0.00629  	0.20658  	0.13203  	0.09834  	0.06073  	-0.0281  	0.11295  	-0.0361  	0.06479  	-0.2746  	-0.2669  	0.33245  	0.34670  	0.04324  	-0.0356  	0.72917  	0.28083  	-0.1126  	-0.0068  	0.09858  	0.06746  	-0.0852  	-0.0388  	-0.0231  	-0.0447  	-0.0419  	-0.0580  	-0.0661  	-0.0204  	-0.0143  	-0.0048  	0.00684  	0.01045  	-0.0048  	0.05397  	0.02310  	0.12530  	0.26328  	0.15896  	0.01620  	-0.0641  	0.30731  	
-0.3799  	0.57243  	-0.4888  	-2.0680  	-1.2109  	-1.8782  	1.28146  	0.07266  	-0.0093  	0.17063  	0.29072  	-0.6673  	0.54181  	-0.1742  	-1.5993  	1.55744  	-0.2449  	0.54930  	-0.0922  	0.76460  	0.06851  	0.00142  	-0.7317  	-0.0339  	0.57454  	-0.2403  	-0.1575  	0.41675  	0.05161  	0.17658  	0.12196  	0.09119  	0.09697  	-0.0181  	0.10051  	-0.0537  	0.00948  	-0.2653  	-0.2233  	0.35748  	0.39259  	0.04185  	-0.0027  	0.73055  	0.25626  	-0.1076  	-0.0166  	0.11285  	0.07158  	-0.0905  	-0.0383  	-0.0253  	-0.0425  	-0.0420  	-0.0549  	-0.0686  	-0.0202  	-0.0192  	-0.0062  	0.00151  	0.01358  	-0.0001  	0.04781  	0.02639  	0.12530  	0.26328  	0.15896  	0.01620  	-0.0641  	0.30731  	
-0.4854  	0.57110  	-0.5130  	-2.0902  	-1.1923  	-1.9416  	1.28888  	0.04282  	-0.0318  	0.20973  	0.30759  	-0.7199  	0.54286  	-0.1457  	-1.6480  	1.50595  	-0.2728  	0.51740  	-0.0734  	0.74683  	0.08033  	-0.0317  	-0.7396  	0.00683  	0.59678  	-0.2577  	-0.1002  	0.36148  	0.06006  	0.18887  	0.12361  	0.09610  	0.09067  	-0.0318  	0.14435  	-0.0203  	0.02393  	-0.2700  	-0.2550  	0.37733  	0.35949  	0.03989  	-0.0274  	0.73537  	0.26984  	-0.1104  	-0.0064  	0.10898  	0.06312  	-0.0969  	-0.0347  	-0.0249  	-0.0453  	-0.0454  	-0.0598  	-0.0698  	-0.0153  	-0.0167  	-0.0066  	0.00899  	0.01284  	-0.0060  	0.04813  	0.02325  	0.12530  	0.26328  	0.15896  	0.01620  	-0.0641  	0.30731  	
-0.5453  	0.50714  	-0.5636  	-2.1443  	-1.2532  	-1.9644  	1.28340  	0.01351  	-0.0396  	0.19468  	0.40894  	-0.7541  	0.47141  	-0.2744  	-1.6959  	1.52718  	-0.2538  	0.51671  	-0.0867  	0.75001  	0.12521  	-0.0457  	-0.7354  	0.00743  	0.65274  	-0.2521  	-0.0534  	0.33206  	0.01137  	0.19909  	0.11598  	0.10492  	0.05586  	-0.0296  	0.14804  	0.00208  	0.06925  	-0.2712  	-0.2663  	0.33636  	0.34495  	0.06011  	-0.0311  	0.73164  	0.28724  	-0.1089  	-0.0125  	0.08828  	0.06221  	-0.0845  	-0.0327  	-0.0244  	-0.0424  	-0.0418  	-0.0560  	-0.0633  	-0.0169  	-0.0130  	-0.0037  	0.00913  	0.01022  	-0.0051  	0.05372  	0.02423  	0.12530  	0.26328  	0.15896  	0.01620  	-0.0641  	0.30731  	
-0.7368  	0.45391  	-0.6688  	-2.3349  	-1.3065  	-2.1317  	1.25488  	-0.0007  	-0.0693  	0.22186  	0.59380  	-0.7978  	0.45020  	-0.3107  	-1.8103  	1.47119  	-0.2623  	0.53719  	-0.0756  	0.74806  	0.15882  	-0.0677  	-0.6924  	0.00680  	0.57089  	-0.2400  	-0.1120  	0.36692  	-0.0204  	0.16286  	0.11496  	0.09119  	0.04848  	-0.0306  	0.15847  	0.00871  	0.09204  	-0.2547  	-0.2880  	0.29903  	0.34934  	0.05001  	-0.0623  	0.71387  	0.28538  	-0.1094  	-0.0082  	0.08488  	0.05846  	-0.0910  	-0.0460  	-0.0229  	-0.0378  	-0.0452  	-0.0623  	-0.0680  	-0.0142  	-0.0085  	-0.0036  	0.01162  	0.01483  	-0.0030  	0.05350  	0.02272  	0.12530  	0.26328  	0.15896  	0.01620  	-0.0641  	0.30731  	
-0.7586  	0.46973  	-0.6583  	-2.3329  	-1.2909  	-2.1356  	1.25506  	0.00249  	-0.0792  	0.26052  	0.59002  	-0.7953  	0.46142  	-0.2921  	-1.7923  	1.48969  	-0.2694  	0.53343  	-0.0910  	0.75148  	0.16935  	-0.0435  	-0.7115  	0.02277  	0.55716  	-0.2406  	-0.1100  	0.33657  	-0.0544  	0.15674  	0.11473  	0.08566  	0.06577  	-0.0302  	0.14968  	-0.0128  	0.08229  	-0.2540  	-0.2916  	0.28269  	0.34766  	0.05860  	-0.0557  	0.70626  	0.28142  	-0.1080  	-0.0028  	0.08041  	0.05511  	-0.0880  	-0.0503  	-0.0208  	-0.0405  	-0.0455  	-0.0634  	-0.0702  	-0.0174  	-0.0081  	5.17703  	0.00889  	0.01498  	-0.0026  	0.05062  	0.02505  	0.12530  	0.26328  	0.15896  	0.01620  	-0.0641  	0.30731  	
-0.7871  	0.46654  	-0.6076  	-2.4087  	-1.3042  	-2.1710  	1.29277  	-0.0263  	-0.0691  	0.25155  	0.59456  	-0.8517  	0.45351  	-0.3252  	-1.8698  	1.49100  	-0.2725  	0.51715  	-0.0929  	0.76748  	0.16156  	-0.0340  	-0.6839  	0.03612  	0.54964  	-0.2178  	-0.1370  	0.31594  	-0.0671  	0.13761  	0.13321  	0.08043  	0.07042  	-0.0254  	0.12620  	-0.0307  	0.09421  	-0.2582  	-0.2920  	0.26066  	0.36717  	0.06568  	-0.0437  	0.71349  	0.27663  	-0.1076  	-2.8534  	0.09934  	0.05936  	-0.0937  	-0.0490  	-0.0191  	-0.0349  	-0.0401  	-0.0723  	-0.0724  	-0.0192  	-0.0104  	-0.0024  	0.00220  	0.01752  	-0.0019  	0.05035  	0.02260  	0.12530  	0.26328  	0.15896  	0.01620  	-0.0641  	0.30731  	
-0.8196  	0.46782  	-0.6291  	-2.3518  	-1.2548  	-2.1689  	1.31723  	-0.0524  	-0.0756  	0.25068  	0.55209  	-0.8222  	0.46115  	-0.3478  	-1.8118  	1.50175  	-0.2769  	0.52087  	-0.1040  	0.78793  	0.09908  	-0.0037  	-0.6941  	0.02574  	0.56316  	-0.2210  	-0.1503  	0.35280  	-0.0203  	0.14780  	0.13511  	0.07608  	0.07568  	-0.0190  	0.09730  	-0.0200  	0.05497  	-0.2735  	-0.2645  	0.28027  	0.36986  	0.06746  	-0.0451  	0.71265  	0.27780  	-0.1078  	-0.0006  	0.09781  	0.06067  	-0.0959  	-0.0487  	-0.0188  	-0.0357  	-0.0390  	-0.0700  	-0.0759  	-0.0182  	-0.0119  	-0.0013  	0.00427  	0.01781  	-0.0031  	0.04878  	0.02080  	0.12530  	0.26328  	0.15896  	0.01620  	-0.0641  	0.30731  	
-0.8364  	0.44632  	-0.6975  	-2.2650  	-1.2303  	-2.2054  	1.31016  	-0.0418  	-0.0687  	0.22146  	0.54491  	-0.7786  	0.48580  	-0.3385  	-1.6979  	1.46449  	-0.2643  	0.52024  	-0.1205  	0.81143  	0.11993  	-0.0079  	-0.6872  	0.02695  	0.56526  	-0.2230  	-0.1438  	0.36932  	-0.0259  	0.15951  	0.14094  	0.07779  	0.07787  	-0.0212  	0.12171  	-0.0323  	0.03735  	-0.2789  	-0.2610  	0.29917  	0.34866  	0.05913  	-0.0538  	0.70208  	0.28423  	-0.1082  	-0.0021  	0.09408  	0.06265  	-0.0946  	-0.0490  	-0.0206  	-0.0404  	-0.0410  	-0.0650  	-0.0740  	-0.0165  	-0.0127  	-0.0033  	0.00535  	0.01457  	-0.0044  	0.04766  	0.01854  	0.12530  	0.26328  	0.15896  	0.01620  	-0.0641  	0.30731  	
-0.7054  	0.44738  	-0.7618  	-2.1045  	-1.1279  	-2.1593  	1.27163  	0.03890  	-0.0392  	0.15773  	0.54532  	-0.7089  	0.48754  	-0.2365  	-1.5989  	1.48407  	-0.2399  	0.51048  	-0.1008  	0.83230  	0.22082  	-0.0658  	-0.7450  	0.06240  	0.55726  	-0.2367  	-0.0993  	0.35472  	-0.0669  	0.19921  	0.09202  	0.08062  	0.08412  	-0.0236  	0.22318  	-0.0626  	0.07997  	-0.2713  	-0.2777  	0.31279  	0.28385  	0.06193  	-0.0874  	0.69330  	0.28809  	-0.1051  	-0.0050  	0.08002  	0.06333  	-0.0879  	-0.0336  	-0.0255  	-0.0478  	-0.0383  	-0.0650  	-0.0642  	-0.0181  	-0.0114  	-0.0074  	0.01218  	0.00659  	-0.0050  	0.04475  	0.02154  	0.12530  	0.26328  	0.15896  	0.01620  	-0.0641  	0.30731  	
-0.7282  	0.47237  	-0.7325  	-2.2601  	-1.2115  	-2.1716  	1.27363  	0.03497  	-0.0533  	0.23109  	0.52489  	-0.7286  	0.47278  	-0.2495  	-1.6535  	1.44262  	-0.2434  	0.53840  	-0.0808  	0.77290  	0.18758  	-0.0285  	-0.7293  	0.02379  	0.57869  	-0.2502  	-0.0899  	0.35726  	-0.0382  	0.17147  	0.09444  	0.08166  	0.07898  	-0.0355  	0.16652  	-0.0305  	0.08342  	-0.2822  	-0.2594  	0.29941  	0.30243  	0.04825  	-0.0842  	0.70136  	0.29148  	-0.0982  	-0.0087  	0.08629  	0.06525  	-0.0840  	-0.0329  	-0.0247  	-0.0410  	-0.0449  	-0.0628  	-0.0630  	-0.0167  	-0.0089  	0.00120  	0.00838  	0.01071  	-0.0066  	0.04254  	0.02031  	0.12530  	0.26328  	0.15896  	0.01620  	-0.0641  	0.30731  	
-0.6445  	0.52634  	-0.5641  	-2.3670  	-1.3193  	-2.0647  	1.29654  	0.03785  	-0.0416  	0.21089  	0.48208  	-0.8019  	0.48109  	-0.2831  	-1.6608  	1.43928  	-0.2130  	0.48218  	-0.0671  	0.70110  	0.25918  	-0.0213  	-0.6780  	0.08768  	0.61864  	-0.2488  	0.04505  	0.21800  	-0.0887  	0.17007  	0.11768  	0.07616  	0.06589  	-0.0438  	0.17686  	-0.0670  	0.12306  	-0.2634  	-0.2997  	0.34614  	0.33273  	0.06010  	-0.0571  	0.72075  	0.29122  	-0.1030  	-0.0015  	0.07871  	0.05327  	-0.0795  	-0.0467  	-0.0277  	-0.0411  	-0.0366  	-0.0697  	-0.0675  	-0.0245  	-0.0147  	-0.0020  	0.01075  	0.00873  	-0.0031  	0.05099  	0.01942  	0.12530  	0.26328  	0.15896  	0.01620  	-0.0641  	0.30731  	
-0.5209  	0.49928  	-0.5458  	-2.1683  	-1.2255  	-1.8960  	1.28085  	0.04618  	-0.0248  	0.10420  	0.36352  	-0.7699  	0.48826  	-0.3206  	-1.5980  	1.55784  	-0.1960  	0.51806  	-0.0863  	0.70087  	0.14075  	-0.0332  	-0.7432  	0.07039  	0.62610  	-0.2321  	0.02189  	0.32580  	-0.0475  	0.19637  	0.12140  	0.11732  	0.08124  	-0.0252  	0.15828  	-0.0434  	0.06342  	-0.2834  	-0.2773  	0.32431  	0.33056  	0.05993  	-0.0468  	0.72084  	0.29058  	-0.1006  	-0.0092  	0.07664  	0.05550  	-0.0792  	-0.0386  	-0.0242  	-0.0437  	-0.0434  	-0.0632  	-0.0657  	-0.0210  	-0.0142  	-0.0070  	0.01147  	0.00915  	-0.0049  	0.05895  	0.02499  	0.12530  	0.26328  	0.15896  	0.01620  	-0.0641  	0.30731  	
-0.3253  	0.54899  	-0.4180  	-1.9546  	-1.1176  	-1.9065  	1.30409  	0.06296  	-0.0032  	0.15258  	0.29081  	-0.7242  	0.49604  	-0.3065  	-1.5429  	1.66711  	-0.2662  	0.54192  	-0.0741  	0.77243  	0.04995  	-0.0310  	-0.7921  	0.00717  	0.63197  	-0.2555  	-0.0723  	0.43429  	-0.0063  	0.19628  	0.11501  	0.12326  	0.07310  	-0.0222  	0.19124  	-0.0181  	0.05541  	-0.2741  	-0.2655  	0.35581  	0.34244  	0.04803  	-0.0364  	0.71942  	0.28644  	-0.0982  	-0.0091  	0.10773  	0.07345  	-0.0877  	-0.0179  	-0.0231  	-0.0401  	-0.0498  	-0.0589  	-0.0610  	-0.0138  	-0.0169  	-0.0089  	0.00699  	0.01196  	-0.0125  	0.05299  	0.02622  	0.12530  	0.26328  	0.15896  	0.01620  	-0.0641  	0.30731  	
-0.1430  	0.59398  	-0.3963  	-1.8406  	-1.0344  	-1.7740  	1.30602  	0.07210  	-0.0262  	0.19417  	0.36840  	-0.6451  	0.49630  	-0.2265  	-1.5816  	1.76689  	-0.2987  	0.50087  	-0.0972  	0.80655  	0.12623  	-0.0581  	-0.8689  	0.04946  	0.60253  	-0.2832  	-0.0030  	0.34813  	-0.0449  	0.19996  	0.05610  	0.13964  	0.08109  	-0.0227  	0.31650  	0.03681  	0.08179  	-0.2741  	-0.2949  	0.37273  	0.28997  	0.07282  	-0.0520  	0.72307  	0.27567  	-0.1059  	-0.0071  	0.11497  	0.07710  	-0.0826  	-0.0182  	-0.0270  	-0.0390  	-0.0453  	-0.0570  	-0.0586  	-0.0080  	-0.0094  	-0.0055  	0.01174  	0.00378  	-0.0167  	0.05124  	0.01777  	0.12530  	0.26328  	0.15896  	0.01620  	-0.0641  	0.30731  	
-0.0574  	0.56609  	-0.3448  	-1.6689  	-0.9886  	-1.6983  	1.29034  	0.10857  	-0.0372  	0.16085  	0.31657  	-0.6613  	0.52169  	-0.1740  	-1.5233  	1.75832  	-0.3164  	0.48400  	-0.0739  	0.77025  	0.21434  	-0.0005  	-0.8588  	0.13883  	0.69164  	-0.3139  	0.10328  	0.26730  	-0.1041  	0.21704  	0.03067  	0.16682  	0.06361  	-0.0523  	0.32737  	0.00498  	0.14363  	-0.2642  	-0.2880  	0.35000  	0.25055  	0.09336  	-0.0452  	0.71571  	0.27783  	-0.1096  	-0.0101  	0.11460  	0.09492  	-0.1003  	-0.0226  	-0.0297  	-0.0412  	-0.0483  	-0.0576  	-0.0630  	-0.0031  	-0.0085  	-0.0073  	0.01185  	-0.0016  	-0.0127  	0.05507  	0.02080  	0.12530  	0.26328  	0.15896  	0.01620  	-0.0641  	0.30731  	
0.05116  	0.56524  	-0.2921  	-1.5158  	-0.9477  	-1.7268  	1.30299  	0.11794  	-0.0420  	0.18351  	0.30445  	-0.6534  	0.49707  	-0.1109  	-1.3935  	1.78780  	-0.3153  	0.45374  	-0.0877  	0.78554  	0.19573  	0.03879  	-0.9356  	0.16656  	0.77170  	-0.3367  	0.09878  	0.25505  	-0.1154  	0.25838  	0.02677  	0.17324  	0.04426  	-0.0484  	0.36189  	-0.0081  	0.14412  	-0.2951  	-0.2610  	0.36583  	0.21390  	0.10205  	-0.0406  	0.70931  	0.28117  	-0.0977  	-0.0322  	0.11754  	0.09796  	-0.0939  	-0.0162  	-0.0275  	-0.0366  	-0.0427  	-0.0645  	-0.0589  	-0.0098  	-0.0150  	-0.0075  	0.01691  	-0.0059  	-0.0175  	0.05774  	0.01666  	0.12530  	0.26328  	0.15896  	0.01620  	-0.0641  	0.30731  	
0.05892  	0.67539  	-0.4421  	-1.3728  	-0.8390  	-1.6883  	1.35687  	0.13101  	0.00839  	0.16620  	0.09806  	-0.6770  	0.60564  	0.04969  	-1.2008  	1.55790  	-0.3147  	0.41977  	-0.0665  	0.74457  	0.16209  	0.07165  	-0.9458  	0.12756  	0.80323  	-0.3294  	0.11114  	0.34859  	0.04334  	0.30918  	0.00498  	0.16322  	0.06184  	-0.0133  	0.36567  	-0.0389  	0.06014  	-0.3262  	-0.1834  	0.41152  	0.22465  	0.09814  	-0.0644  	0.71949  	0.28659  	-0.1045  	-0.0252  	0.13265  	0.09345  	-0.0949  	-0.0014  	-0.0239  	-0.0416  	-0.0486  	-0.0634  	-0.0449  	-0.0153  	-0.0174  	0.00355  	0.00579  	0.00089  	-0.0169  	0.04448  	0.01281  	0.12530  	0.26328  	0.15896  	0.01620  	-0.0641  	0.30731  	
0.01436  	0.68901  	-0.5391  	-1.0535  	-0.6653  	-1.5949  	1.35088  	0.18158  	0.02986  	0.02939  	-0.1204  	-0.6466  	0.70041  	0.25423  	-0.9256  	1.46688  	-0.2903  	0.39220  	-0.0742  	0.67991  	0.08313  	0.08599  	-0.9054  	0.05041  	0.85739  	-0.3297  	0.07964  	0.43574  	0.18049  	0.38051  	-0.0398  	0.08668  	0.07628  	-0.0048  	0.37519  	-0.0343  	-0.0279  	-0.3508  	-0.1684  	0.37170  	0.16105  	0.11300  	-0.0895  	0.69900  	0.29563  	-0.1033  	-0.0199  	0.11601  	0.10577  	-0.1152  	-0.0283  	-0.0264  	-0.0380  	-0.0550  	-0.0613  	-0.0504  	-0.0139  	-0.0146  	0.00426  	-0.0019  	0.00436  	-0.0191  	0.04173  	0.01544  	0.12530  	0.26328  	0.15896  	0.01620  	-0.0641  	0.30731  	
0.01260  	0.69657  	-0.4872  	-1.1929  	-0.7281  	-1.6499  	1.31506  	0.16639  	0.03390  	0.02084  	-0.1212  	-0.6013  	0.73397  	0.25171  	-0.9908  	1.51375  	-0.3014  	0.46827  	-0.1238  	0.72373  	0.10511  	0.12872  	-0.8697  	0.07051  	0.75988  	-0.3063  	-0.0234  	0.44103  	0.16722  	0.34949  	0.02608  	0.06343  	0.08662  	-0.0031  	0.28978  	-0.0492  	-0.0248  	-0.3421  	-0.1742  	0.35993  	0.23009  	0.08631  	-0.0719  	0.70413  	0.27065  	-0.1028  	-0.0129  	0.13013  	0.09919  	-0.0951  	-0.0304  	-0.0234  	-0.0390  	-0.0440  	-0.0626  	-0.0583  	-0.0222  	-0.0142  	0.01126  	0.01238  	0.00473  	-0.0172  	0.04225  	0.01685  	0.12530  	0.26328  	0.15896  	0.01620  	-0.0641  	0.30731  	
-0.1538  	0.59769  	-0.4382  	-1.5420  	-0.9312  	-1.7471  	1.36003  	0.15500  	0.01167  	0.04341  	0.14976  	-0.6068  	0.64060  	0.07525  	-1.2541  	1.61322  	-0.2564  	0.50507  	-0.1329  	0.75989  	0.21481  	0.03760  	-0.8116  	0.12204  	0.65476  	-0.2805  	-0.0039  	0.37961  	0.00506  	0.24256  	0.05392  	0.09721  	0.08608  	-0.0134  	0.28311  	-0.0892  	0.07562  	-0.2926  	-0.2662  	0.38368  	0.23284  	0.07303  	-0.0530  	0.70478  	0.27940  	-0.1056  	-0.0163  	0.11313  	0.08022  	-0.0858  	-0.0257  	-0.0248  	-0.0442  	-0.0440  	-0.0604  	-0.0619  	-0.0101  	-0.0117  	0.00168  	0.01435  	0.00420  	-0.0064  	0.04960  	0.02240  	0.12530  	0.26328  	0.15896  	0.01620  	-0.0641  	0.30731  	
-0.2521  	0.56034  	-0.3306  	-1.7343  	-1.0379  	-1.8409  	1.33859  	0.10932  	-0.0269  	0.07500  	0.30912  	-0.7639  	0.55983  	-0.1155  	-1.4514  	1.66561  	-0.2283  	0.43131  	-0.0747  	0.72366  	0.25854  	-0.0335  	-0.7924  	0.15509  	0.73435  	-0.3025  	0.14580  	0.21030  	-0.1058  	0.25470  	0.03165  	0.15885  	0.03951  	-0.0380  	0.31952  	-0.0632  	0.18444  	-0.2528  	-0.3498  	0.34345  	0.21280  	0.08176  	-0.0764  	0.71795  	0.28173  	-0.1087  	-0.0114  	0.11508  	0.07844  	-0.0928  	-0.0327  	-0.0193  	-0.0442  	-0.0415  	-0.0747  	-0.0640  	-0.0153  	-0.0166  	0.00851  	0.01691  	-0.0012  	-0.0136  	0.05635  	0.00785  	0.12530  	0.26328  	0.15896  	0.01620  	-0.0641  	0.30731  	
-0.2115  	0.60050  	-0.5478  	-1.5510  	-0.8650  	-1.7924  	1.31588  	0.12267  	-0.0122  	0.05334  	0.19547  	-0.6444  	0.56936  	-0.0577  	-1.2687  	1.60869  	-0.2363  	0.47882  	-0.0955  	0.78712  	0.17131  	-0.0088  	-0.8482  	0.08914  	0.78137  	-0.3107  	0.07453  	0.39248  	0.05321  	0.30357  	0.03555  	0.09730  	0.04976  	-0.0125  	0.31608  	-0.0550  	0.06776  	-0.2941  	-0.2821  	0.35358  	0.19275  	0.07548  	-0.0964  	0.70389  	0.29285  	-0.1084  	-0.0189  	0.10677  	0.08100  	-0.0980  	-0.0257  	-0.0312  	-0.0454  	-0.0447  	-0.0595  	-0.0578  	-0.0041  	-0.0131  	0.00089  	0.01869  	-0.0020  	-0.0178  	0.05721  	0.02595  	0.12530  	0.26328  	0.15896  	0.01620  	-0.0641  	0.30731  	
-0.1488  	0.64697  	-0.6471  	-1.3152  	-0.7515  	-1.6905  	1.30276  	0.16685  	-0.0326  	-0.0198  	-0.0080  	-0.6070  	0.63267  	0.12819  	-1.0090  	1.5939  	-0.2750  	0.45464  	-0.0700  	0.77658  	0.15896  	0.07281  	-0.8613  	0.03639  	0.82225  	-0.2911  	0.08529  	0.45177  	0.12323  	0.37484  	0.03783  	0.08826  	0.05524  	-0.0086  	0.31461  	-0.0859  	-0.0002  	-0.3067  	-0.2290  	0.36775  	0.16181  	0.08760  	-0.0824  	0.70948  	0.27624  	-0.1022  	-0.0147  	0.10602  	0.07577  	-0.0944  	-0.0200  	-0.0362  	-0.0432  	-0.0470  	-0.0655  	-0.0438  	-0.0055  	-0.0109  	0.01176  	0.01241  	0.00056  	-0.0107  	0.03425  	0.00845  	0.12530  	0.26328  	0.15896  	0.01620  	-0.0641  	0.30731  	
-0.1865  	0.66460  	-0.5334  	-1.4531  	-0.8555  	-1.6093  	1.31073  	0.15984  	0.00679  	0.01934  	-0.0516  	-0.6128  	0.62618  	0.11105  	-1.0552  	1.55212  	-0.2390  	0.49962  	-0.0740  	0.76605  	0.12324  	0.05944  	-0.8093  	0.05254  	0.75638  	-0.2872  	-0.0198  	0.48215  	0.16242  	0.32815  	0.02801  	0.09055  	0.09262  	-0.0064  	0.23105  	-0.0976  	0.00891  	-0.2981  	-0.2199  	0.39609  	0.21438  	0.06389  	-0.0842  	0.73006  	0.26965  	-0.1035  	-0.0116  	0.10766  	0.07502  	-0.0830  	-0.0270  	-0.0326  	-0.0424  	-0.0482  	-0.0624  	-0.0521  	-0.0079  	-0.0124  	0.00021  	0.01474  	0.00380  	-0.0063  	0.03815  	0.01226  	0.12530  	0.26328  	0.15896  	0.01620  	-0.0641  	0.30731  	
-0.0298  	0.60993  	-0.4459  	-1.6488  	-0.9792  	-1.6870  	1.35313  	0.17448  	0.00180  	0.09510  	0.25921  	-0.6284  	0.66311  	0.01507  	-1.3941  	1.68123  	-0.3344  	0.49433  	-0.1058  	0.80161  	0.20842  	0.06274  	-0.8318  	0.10343  	0.64248  	-0.2974  	-0.0854  	0.34357  	-0.0401  	0.20883  	0.05053  	0.10450  	0.09905  	-0.0226  	0.29906  	-0.0983  	0.08461  	-0.2828  	-0.2587  	0.37830  	0.31121  	0.07617  	-0.0499  	0.71219  	0.27173  	-0.1030  	-0.0019  	0.12193  	0.08780  	-0.0843  	-0.0245  	-0.0289  	-0.0481  	-0.0425  	-0.0625  	-0.0572  	-0.0145  	-0.0135  	-0.0121  	0.00755  	0.00289  	-0.0132  	0.04971  	0.01362  	0.12530  	0.26328  	0.15896  	0.01620  	-0.0641  	0.30731  	
-0.3685  	0.55936  	-0.4973  	-2.0542  	-1.1889  	-1.9064  	1.31434  	0.09699  	-0.0247  	0.20620  	0.45757  	-0.7403  	0.52364  	-0.1588  	-1.7817  	1.63179  	-0.3423  	0.55001  	-0.0838  	0.85728  	0.17149  	-0.0653  	-0.8531  	0.10458  	0.70285  	-0.2791  	-0.0364  	0.29473  	-0.0614  	0.21100  	0.09105  	0.11742  	0.07648  	-0.0308  	0.27100  	-0.0014  	0.10423  	-0.2635  	-0.2684  	0.36774  	0.27985  	0.06336  	-0.0391  	0.71036  	0.28634  	-0.1089  	-0.0113  	0.10137  	0.06790  	-0.0919  	-0.0189  	-0.0232  	-0.0379  	-0.0452  	-0.0673  	-0.0628  	-0.0110  	-0.0135  	-0.0137  	0.01070  	0.00736  	-0.0213  	0.05146  	0.02243  	0.12530  	0.26328  	0.15896  	0.01620  	-0.0641  	0.30731  	
-0.6229  	0.47648  	-0.6144  	-2.2166  	-1.2195  	-1.9955  	1.32405  	0.06221  	-0.0374  	0.18903  	0.62541  	-0.8010  	0.45549  	-0.2367  	-1.6826  	1.46741  	-0.2732  	0.47923  	-0.0898  	0.71615  	0.27379  	-0.0577  	-0.7822  	0.14060  	0.66130  	-0.2677  	0.02044  	0.22587  	-0.1361  	0.18610  	0.09400  	0.10273  	0.09482  	-0.0406  	0.30064  	-0.0250  	0.17347  	-0.2620  	-0.3185  	0.30911  	0.31024  	0.06554  	-0.0786  	0.69167  	0.29399  	-0.0950  	-0.0079  	0.07064  	0.05497  	-0.0715  	-0.0398  	-0.0249  	-0.0301  	-0.0383  	-0.0669  	-0.0615  	-0.0229  	-0.0112  	-0.0046  	0.01409  	0.00952  	-0.0083  	0.04495  	0.01651  	0.12530  	0.26328  	0.15896  	0.01620  	-0.0641  	0.30731  	
-0.6960  	0.44687  	-0.6228  	-2.3120  	-1.2809  	-2.0667  	1.29879  	-0.0044  	-0.0579  	0.20596  	0.59025  	-0.8407  	0.44776  	-0.2939  	-1.6969  	1.42942  	-0.2241  	0.46761  	-0.1056  	0.74602  	0.23764  	-0.0616  	-0.7084  	0.09406  	0.62817  	-0.2585  	-0.0428  	0.27471  	-0.1044  	0.17295  	0.09483  	0.10987  	0.05565  	-0.0289  	0.23565  	-0.0297  	0.15075  	-0.2515  	-0.3028  	0.27491  	0.32646  	0.06958  	-0.0876  	0.68913  	0.28796  	-0.0994  	-0.0005  	0.08029  	0.06452  	-0.0903  	-0.0417  	-0.0190  	-0.0387  	-0.0375  	-0.0683  	-0.0664  	-0.0208  	-0.0118  	-0.0043  	0.00950  	0.00974  	-0.0083  	0.05060  	0.02001  	0.12530  	0.26328  	0.15896  	0.01620  	-0.0641  	0.30731  	
-0.7734  	0.42585  	-0.7408  	-2.1472  	-1.1738  	-2.1513  	1.2914  	0.00337  	-0.0359  	0.19160  	0.53800  	-0.7096  	0.50037  	-0.2813  	-1.6307  	1.46100  	-0.2394  	0.50386  	-0.1225  	0.80115  	0.16762  	-0.0457  	-0.7080  	0.06944  	0.57039  	-0.2425  	-0.1183  	0.35403  	-0.0662  	0.17480  	0.09633  	0.09272  	0.07970  	-0.0318  	0.19730  	-0.0436  	0.07183  	-0.2803  	-0.2860  	0.30939  	0.31552  	0.06488  	-0.0840  	0.68168  	0.28890  	-0.1061  	-0.0028  	0.07996  	0.06711  	-0.0811  	-0.0440  	-0.0228  	-0.0441  	-0.0421  	-0.0627  	-0.0677  	-0.0204  	-0.0143  	-0.0057  	0.00417  	0.01308  	-2.8025  	0.05001  	0.01897  	0.12530  	0.26328  	0.15896  	0.01620  	-0.0641  	0.30731  	
-0.7006  	0.42210  	-0.7565  	-2.1121  	-1.1346  	-2.1855  	1.26980  	0.03098  	-0.0294  	0.16380  	0.55659  	-0.7003  	0.50087  	-0.2602  	-1.5593  	1.47305  	-0.2333  	0.51166  	-0.1072  	0.81473  	0.26037  	-0.0843  	-0.7543  	0.05948  	0.54514  	-0.2433  	-0.0765  	0.31984  	-0.1374  	0.17546  	0.09730  	0.08767  	0.09379  	-0.0315  	0.24489  	-0.0835  	0.11478  	-0.2694  	-0.2931  	0.29084  	0.28174  	0.06098  	-0.0829  	0.69428  	0.29155  	-0.1022  	-0.0014  	0.07527  	0.06334  	-0.0838  	-0.0368  	-0.0257  	-0.0495  	-0.0415  	-0.0658  	-0.0629  	-0.0192  	-0.0097  	-0.0088  	0.00608  	0.01067  	-0.0114  	0.04940  	0.02100  	0.12530  	0.26328  	0.15896  	0.01620  	-0.0641  	0.30731  	
-0.6882  	0.47306  	-0.6304  	-2.2470  	-1.2314  	-2.1384  	1.27358  	0.08438  	-0.0189  	0.21235  	0.55408  	-0.7417  	0.48881  	-0.2389  	-1.6702  	1.43676  	-0.2095  	0.47586  	-0.1082  	0.78333  	0.24454  	-0.0458  	-0.7125  	0.07575  	0.60369  	-0.2367  	-0.0591  	0.29609  	-0.1271  	0.14634  	0.12046  	0.08059  	0.09180  	-0.0400  	0.19090  	-0.0639  	0.10539  	-0.2775  	-0.2424  	0.28066  	0.29102  	0.05935  	-0.0781  	0.70310  	0.29149  	-0.1033  	-0.0102  	0.09021  	0.06420  	-0.0827  	-0.0393  	-0.0185  	-0.0403  	-0.0423  	-0.0640  	-0.0648  	-0.0210  	-0.0082  	-0.0025  	0.00633  	0.01083  	-0.0030  	0.04484  	0.02175  	0.12530  	0.26328  	0.15896  	0.01620  	-0.0641  	0.30731  	
-0.6286  	0.50804  	-0.5390  	-2.2632  	-1.2873  	-1.9844  	1.31517  	0.05700  	-0.0246  	0.22096  	0.40626  	-0.7601  	0.51560  	-0.2203  	-1.6298  	1.43908  	-0.2268  	0.48869  	-0.0960  	0.73491  	0.16824  	0.01134  	-0.6585  	0.02309  	0.61004  	-0.2280  	-0.0527  	0.29191  	-0.0117  	0.17776  	0.13001  	0.06274  	0.07584  	-0.0351  	0.11884  	-0.0563  	0.07542  	-0.2732  	-0.2472  	0.33155  	0.34810  	0.04654  	-0.0348  	0.72999  	0.29197  	-0.1063  	-0.0055  	0.09308  	0.06910  	-0.0841  	-0.0483  	-0.0229  	-0.0420  	-0.0412  	-0.0669  	-0.0714  	-0.0212  	-0.0123  	-0.0045  	0.00988  	0.01256  	-0.0030  	0.05475  	0.01833  	0.12530  	0.26328  	0.15896  	0.01620  	-0.0641  	0.30731  	
-0.5522  	0.51545  	-0.5543  	-2.1423  	-1.2447  	-1.9099  	1.28408  	0.05024  	-0.0198  	0.14396  	0.33458  	-0.7553  	0.48180  	-0.3254  	-1.6025  	1.52127  	-0.2198  	0.53469  	-0.0756  	0.75098  	0.09479  	0.00600  	-0.6617  	-0.0266  	0.60408  	-0.2313  	-0.0885  	0.41062  	0.02594  	0.18097  	0.11855  	0.09308  	0.06853  	-0.0331  	0.05508  	-0.0575  	0.03342  	-0.2791  	-0.2349  	0.32700  	0.37749  	0.04321  	-0.0133  	0.73151  	0.27956  	-0.1076  	-0.0070  	0.11908  	0.07232  	-0.0921  	-0.0467  	-0.0207  	-0.0457  	-0.0439  	-0.0607  	-0.0734  	-0.0117  	-0.0158  	-0.0004  	0.00773  	0.01328  	-0.0037  	0.04884  	0.02688  	0.12530  	0.26328  	0.15896  	0.01620  	-0.0641  	0.30731  	
-0.5004  	0.53895  	-0.5895  	-2.1377  	-1.2474  	-1.8712  	1.25067  	0.01919  	-0.0327  	0.11027  	0.34669  	-0.7232  	0.46680  	-0.4186  	-1.6489  	1.52797  	-0.2182  	0.53517  	-0.0939  	0.70948  	0.09125  	-0.0441  	-0.6726  	-0.0474  	0.58901  	-0.2186  	-0.0841  	0.38678  	0.05348  	0.17213  	0.11410  	0.09268  	0.06389  	-0.0327  	0.06295  	-0.0324  	0.07087  	-0.2479  	-0.2488  	0.33847  	0.38224  	0.03490  	-0.0173  	0.74985  	0.27960  	-0.1019  	-0.0090  	0.08619  	0.05870  	-0.0830  	-0.0441  	-0.0238  	-0.0370  	-0.0430  	-0.0615  	-0.0676  	-0.0229  	-0.0099  	-0.0023  	0.01097  	0.01279  	0.00029  	0.04944  	0.02139  	0.12530  	0.26328  	0.15896  	0.01620  	-0.0641  	0.30731  	
-0.5218  	0.50265  	-0.6013  	-2.1125  	-1.2064  	-1.9112  	1.27652  	-0.0092  	-0.0700  	0.14792  	0.36753  	-0.7397  	0.47222  	-0.4030  	-1.6588  	1.56633  	-0.2330  	0.53422  	-0.1050  	0.71759  	0.08317  	-0.0449  	-0.7282  	-0.0308  	0.62247  	-0.2486  	-0.0772  	0.43829  	0.07457  	0.21231  	0.10153  	0.09800  	0.02842  	-0.0292  	0.11467  	0.01211  	0.06408  	-0.2715  	-0.2577  	0.32570  	0.36442  	0.04701  	-0.0275  	0.73161  	0.28385  	-0.0972  	-0.0102  	0.08869  	0.05938  	-0.0791  	-0.0384  	-0.0240  	-0.0353  	-0.0395  	-0.0621  	-0.0609  	-0.0158  	-0.0107  	-0.0009  	0.00800  	0.00758  	-0.0101  	0.04613  	0.02251  	0.12530  	0.26328  	0.15896  	0.01620  	-0.0641  	0.30731  	
-0.5261  	0.49047  	-0.5852  	-2.1300  	-1.2356  	-1.9960  	1.32426  	-0.0391  	-0.0468  	0.17433  	0.38294  	-0.7728  	0.48362  	-0.3944  	-1.7248  	1.57306  	-0.2358  	0.55043  	-0.0975  	0.72795  	0.01463  	-0.0433  	-0.7298  	-0.0310  	0.62536  	-0.2372  	-0.1166  	0.47500  	0.06696  	0.19477  	0.10127  	0.10392  	0.04399  	-0.0312  	0.09443  	0.01875  	0.02907  	-0.2784  	-0.2555  	0.34066  	0.39075  	0.03511  	-0.0162  	0.73887  	0.27864  	-0.1027  	-0.0112  	0.10940  	0.06981  	-0.0771  	-0.0324  	-0.0243  	-0.0399  	-0.0412  	-0.0595  	-0.0619  	-0.0174  	-0.0129  	-0.0015  	0.00725  	0.00929  	-0.0064  	0.04562  	0.02073  	0.12530  	0.26328  	0.15896  	0.01620  	-0.0641  	0.30731  	
-0.5055  	0.49495  	-0.5670  	-2.0624  	-1.1897  	-2.0130  	1.31716  	0.00154  	-0.0374  	0.16810  	0.37426  	-0.7404  	0.49684  	-0.3281  	-1.6613  	1.56127  	-0.2554  	0.55868  	-0.0903  	0.76623  	0.03285  	-0.0178  	-0.7464  	0.01008  	0.62629  	-0.2452  	-0.1066  	0.44519  	0.04557  	0.19207  	0.09341  	0.10201  	0.06329  	-0.0247  	0.10941  	-0.0003  	0.03321  	-0.2773  	-0.2581  	0.34911  	0.35344  	0.04327  	-0.0344  	0.73136  	0.27327  	-0.1075  	-0.0057  	0.10343  	0.07388  	-0.0799  	-0.0336  	-0.0249  	-0.0417  	-0.0448  	-0.0615  	-0.0669  	-0.0195  	-0.0123  	-0.0012  	0.00912  	0.00909  	-0.0083  	0.04479  	0.01742  	0.12530  	0.26328  	0.15896  	0.01620  	-0.0641  	0.30731  	
-0.6534  	0.47053  	-0.6763  	-2.0648  	-1.1476  	-2.0991  	1.30611  	0.02283  	-0.0463  	0.20311  	0.43916  	-0.7111  	0.49710  	-0.2645  	-1.6234  	1.47919  	-0.2869  	0.52579  	-0.1162  	0.80150  	0.08080  	-0.0076  	-0.7404  	0.02244  	0.61406  	-0.2387  	-0.0963  	0.43969  	0.04495  	0.20481  	0.11711  	0.08258  	0.06678  	-0.0263  	0.16134  	-0.0174  	0.03066  	-0.2966  	-0.2518  	0.33210  	0.31875  	0.05567  	-0.0582  	0.71552  	0.28321  	-0.1035  	-0.0038  	0.09681  	0.07079  	-0.0913  	-0.0387  	-0.0214  	-0.0454  	-0.0452  	-0.0639  	-0.0711  	-0.0173  	-0.0185  	-0.0032  	0.00532  	0.00821  	-0.0111  	0.04694  	0.01922  	0.12530  	0.26328  	0.15896  	0.01620  	-0.0641  	0.30731  	
-0.6227  	0.47335  	-0.7511  	-1.9929  	-1.0688  	-2.1051  	1.25627  	0.07510  	-0.0281  	0.12160  	0.50468  	-0.6721  	0.52227  	-0.1378  	-1.5382  	1.44438  	-0.2710  	0.50841  	-0.1288  	0.80082  	0.18676  	-0.0353  	-0.7688  	0.08393  	0.57059  	-0.2510  	-0.0829  	0.40988  	-0.0179  	0.18802  	0.07959  	0.08045  	0.07639  	-0.0286  	0.24778  	-0.0609  	0.04781  	-0.2862  	-0.2716  	0.33890  	0.25813  	0.06335  	-0.0944  	0.68447  	0.28827  	-0.1110  	0.00044  	0.09291  	0.06652  	-0.0777  	-0.0277  	-0.0231  	-0.0427  	-0.0410  	-0.0601  	-0.0661  	-0.0151  	-0.0133  	-0.0056  	0.01086  	0.00366  	-0.0006  	0.04260  	0.02349  	0.12530  	0.26328  	0.15896  	0.01620  	-0.0641  	0.30731  	
-0.6097  	0.48369  	-0.7176  	-1.9993  	-1.0722  	-2.0971  	1.28070  	0.09607  	-0.0205  	0.14234  	0.49778  	-0.6595  	0.52236  	-0.1574  	-1.5607  	1.46400  	-0.2786  	0.53443  	-0.1172  	0.83577  	0.18523  	-0.0680  	-0.8045  	0.04543  	0.54643  	-0.2572  	-0.0956  	0.42720  	-0.0172  	0.18996  	0.10211  	0.08920  	0.09806  	-0.0268  	0.24139  	-0.0700  	0.04987  	-0.2947  	-0.2706  	0.32021  	0.27105  	0.06564  	-0.0858  	0.69398  	0.28805  	-0.1043  	-0.0026  	0.08826  	0.06665  	-0.0831  	-0.0351  	-0.0245  	-0.0439  	-0.0463  	-0.0624  	-0.0659  	-0.0156  	-0.0087  	-0.0081  	0.00606  	0.01020  	-0.0021  	0.04508  	0.01917  	0.12530  	0.26328  	0.15896  	0.01620  	-0.0641  	0.30731  	
-0.6145  	0.51174  	-0.6334  	-2.0692  	-1.1356  	-2.1126  	1.25317  	0.14811  	-0.0551  	0.14363  	0.51218  	-0.6730  	0.55705  	-0.2583  	-1.5358  	1.39221  	-0.1649  	0.35292  	-0.0311  	0.52774  	0.27360  	-0.3104  	-1.0149  	0.04362  	0.49537  	-0.1534  	-0.0913  	0.27563  	0.04445  	0.16185  	0.22181  	0.03555  	0.00289  	-0.1974  	0.13599  	-0.0971  	-0.0192  	-0.2859  	-0.3793  	0.22678  	0.36947  	0.19357  	-0.1857  	0.78811  	0.22911  	-0.0813  	-0.0287  	0.10505  	0.05218  	-0.0965  	-0.0351  	-0.0198  	-0.0429  	-0.0284  	-0.0577  	-0.0713  	-0.0198  	-0.0204  	-0.0048  	0.01347  	0.01773  	-0.0078  	0.02964  	0.02090  	0.12530  	0.26328  	0.15896  	0.01620  	-0.0641  	0.30731  	
-0.5219  	0.56380  	-0.4969  	-2.0627  	-1.1685  	-2.0312  	1.24182  	0.19870  	-0.0428  	0.13512  	0.44145  	-0.6722  	0.59011  	-0.3152  	-1.5405  	1.39058  	-0.0934  	0.22705  	0.03552  	0.29575  	0.26627  	-0.4534  	-1.1640  	0.00637  	0.42412  	-0.0670  	-0.1109  	0.23698  	0.16255  	0.14647  	0.31520  	-0.0127  	-0.0977  	-0.3250  	0.01641  	-0.1086  	-0.0985  	-0.2898  	-0.4569  	0.17357  	0.47354  	0.29565  	-0.2516  	0.86106  	0.17302  	-0.0648  	-0.0470  	0.13583  	0.04860  	-0.1043  	-0.0286  	-0.0161  	-0.0446  	-0.0088  	-0.0530  	-0.0740  	-0.0229  	-0.0334  	-0.0047  	0.02286  	0.01871  	-0.0139  	0.01628  	0.02207  	0.12530  	0.26328  	0.15896  	0.01620  	-0.0641  	0.30731  	
-0.5430  	0.57422  	-0.4997  	-2.0396  	-1.1380  	-2.0820  	1.22825  	0.20199  	-0.0581  	0.11857  	0.43920  	-0.6441  	0.59314  	-0.3375  	-1.4960  	1.37176  	-0.0757  	0.20806  	0.06387  	0.23771  	0.26649  	-0.4909  	-1.2106  	-0.0040  	0.39569  	-0.0501  	-0.1125  	0.23058  	0.19900  	0.14129  	0.33375  	-0.0164  	-0.1197  	-0.3608  	0.00228  	-0.1188  	-0.1328  	-0.2845  	-0.4812  	0.16052  	0.50589  	0.31407  	-0.2720  	0.88360  	0.16315  	-0.0625  	-0.0523  	0.14389  	0.04410  	-0.1150  	-0.0271  	-0.0166  	-0.0437  	-0.0059  	-0.0496  	-0.0737  	-0.0226  	-0.0342  	-0.0016  	0.02471  	0.02159  	-0.0121  	0.01220  	0.02060  	0.12530  	0.26328  	0.15896  	0.01620  	-0.0641  	0.30731  	
-0.4079  	0.58415  	-0.4808  	-1.9222  	-1.0890  	-2.0326  	1.20599  	0.19061  	-0.0464  	0.08077  	0.43406  	-0.6050  	0.56252  	-0.2831  	-1.3978  	1.43548  	-0.0956  	0.19851  	0.04394  	0.25777  	0.34876  	-0.4774  	-1.1541  	0.03043  	0.40539  	-0.0753  	-0.0968  	0.18361  	0.10464  	0.16440  	0.30949  	0.01765  	-0.0964  	-0.3232  	0.09041  	-0.1390  	-0.0398  	-0.2646  	-0.5090  	0.16569  	0.45783  	0.30249  	-0.2526  	0.86215  	0.18450  	-0.0633  	-0.0509  	0.11623  	0.04086  	-0.1016  	-0.0271  	-0.0184  	-0.0401  	-0.0074  	-0.0521  	-0.0666  	-0.0197  	-0.0299  	-0.0029  	0.02203  	0.01667  	-0.0107  	0.01494  	0.01772  	0.12530  	0.26328  	0.15896  	0.01620  	-0.0641  	0.30731  	
-0.3490  	0.61581  	-0.4353  	-1.8263  	-1.0500  	-1.9222  	1.20466  	0.19997  	-0.0278  	0.06595  	0.42090  	-0.5916  	0.53653  	-0.1177  	-1.3327  	1.51926  	-0.1853  	0.26120  	-0.0362  	0.44327  	0.38449  	-0.2451  	-0.9610  	0.08179  	0.45211  	-0.1658  	-0.0403  	0.15959  	-0.0525  	0.18639  	0.20534  	0.06780  	0.00178  	-0.1876  	0.22927  	-0.1580  	0.09351  	-0.2414  	-0.4343  	0.20632  	0.37604  	0.20589  	-0.1769  	0.79587  	0.22130  	-0.0767  	-0.0260  	0.10396  	0.04423  	-0.0908  	-0.0415  	-0.0213  	-0.0425  	-0.0216  	-0.0610  	-0.0638  	-0.0206  	-0.0202  	-0.0025  	0.01233  	0.01615  	-0.0098  	0.02534  	0.01685  	0.12530  	0.26328  	0.15896  	0.01620  	-0.0641  	0.30731  	
-0.1000  	0.68700  	-0.3529  	-1.8071  	-1.1338  	-1.7786  	1.25848  	0.22753  	0.02770  	0.04276  	0.44062  	-0.6563  	0.53608  	0.04349  	-1.2796  	1.62183  	-0.2464  	0.40145  	-0.0755  	0.63007  	0.49750  	-0.0052  	-0.6939  	0.12252  	0.52756  	-0.2853  	0.08561  	0.06761  	-0.2860  	0.17951  	0.07852  	0.15373  	0.09428  	-0.0492  	0.38514  	-0.1932  	0.29960  	-0.1899  	-0.3844  	0.25893  	0.25123  	0.06732  	-0.0678  	0.70549  	0.28035  	-0.0970  	-0.0005  	0.08368  	0.06595  	-0.0774  	-0.0473  	-0.0200  	-0.0411  	-0.0352  	-0.0627  	-0.0559  	-0.0330  	-0.0147  	-0.0039  	0.00601  	0.01253  	0.00576  	0.03725  	0.00947  	0.12530  	0.26328  	0.15896  	0.01620  	-0.0641  	0.30731  	
0.00418  	0.73016  	-0.2861  	-1.7780  	-1.1495  	-1.6987  	1.26364  	0.27229  	0.07294  	0.01372  	0.44506  	-0.6533  	0.55007  	0.07515  	-1.2596  	1.65009  	-0.2359  	0.37456  	-0.0916  	0.60698  	0.54833  	-5.3089  	-0.6446  	0.12963  	0.50682  	-0.2907  	0.11237  	0.00919  	-0.3452  	0.17415  	0.07737  	0.15928  	0.10594  	-0.0515  	0.40483  	-0.2171  	0.34151  	-0.1805  	-0.3935  	0.24966  	0.24863  	0.05286  	-0.0563  	0.70966  	0.26994  	-0.0978  	-0.0059  	0.09322  	0.06990  	-0.0702  	-0.0432  	-0.0220  	-0.0407  	-0.0357  	-0.0651  	-0.0459  	-0.0302  	-0.0132  	-0.0055  	0.00900  	0.01282  	0.00480  	0.03889  	0.01295  	0.12530  	0.26328  	0.15896  	0.01620  	-0.0641  	0.30731  	
0.07573  	0.73655  	-0.2331  	-1.7735  	-1.1784  	-1.6312  	1.29007  	0.32622  	0.10450  	-0.0242  	0.46912  	-0.6320  	0.55654  	0.11064  	-1.2135  	1.69480  	-0.2245  	0.34582  	-0.0809  	0.57406  	0.57739  	0.01434  	-0.5947  	0.19571  	0.51671  	-0.2962  	0.15873  	-0.0513  	-0.3952  	0.18168  	0.08071  	0.17160  	0.11440  	-0.0471  	0.42692  	-0.2389  	0.38773  	-0.1652  	-0.3921  	0.23162  	0.22566  	0.06036  	-0.0515  	0.71099  	0.27167  	-0.1009  	-0.0106  	0.10360  	0.07770  	-0.0781  	-0.0504  	-0.0188  	-0.0395  	-0.0317  	-0.0665  	-0.0461  	-0.0318  	-0.0111  	-0.0107  	0.01324  	0.01364  	0.00070  	0.04643  	0.01739  	0.12530  	0.26328  	0.15896  	0.01620  	-0.0641  	0.30731  	
0.07805  	0.73364  	-0.2311  	-1.7693  	-1.1708  	-1.6253  	1.28971  	0.32914  	0.10576  	-0.0157  	0.46533  	-0.6259  	0.56188  	0.11541  	-1.2196  	1.69992  	-0.2248  	0.34500  	-0.0827  	0.57406  	0.56970  	0.01333  	-0.5940  	0.19519  	0.51364  	-0.2958  	0.15640  	-0.0471  	-0.3927  	0.18468  	0.08026  	0.17131  	0.11506  	-0.0467  	0.42352  	-0.2365  	0.38402  	-0.1661  	-0.3888  	0.23214  	0.22468  	0.06132  	-0.0514  	0.71132  	0.27085  	-0.1002  	-0.0113  	0.10403  	0.07854  	-0.0794  	-0.0495  	-0.0187  	-0.0393  	-0.0316  	-0.0661  	-0.0466  	-0.0326  	-0.0112  	-0.0101  	0.01356  	0.01370  	0.00067  	0.04691  	0.01758  	0.12530  	0.26328  	0.15896  	0.01620  	-0.0641  	0.30731  	
0.07805  	0.73364  	-0.2311  	-1.7693  	-1.1708  	-1.6253  	1.28971  	0.32914  	0.10576  	-0.0157  	0.46533  	-0.6259  	0.56188  	0.11541  	-1.2196  	1.69992  	-0.2248  	0.34500  	-0.0827  	0.57406  	0.56970  	0.01333  	-0.5940  	0.19519  	0.51364  	-0.2958  	0.15640  	-0.0471  	-0.3927  	0.18468  	0.08026  	0.17131  	0.11506  	-0.0467  	0.42352  	-0.2365  	0.38402  	-0.1661  	-0.3888  	0.23214  	0.22468  	0.06132  	-0.0514  	0.71132  	0.27085  	-0.1002  	-0.0113  	0.10403  	0.07854  	-0.0794  	-0.0495  	-0.0187  	-0.0393  	-0.0316  	-0.0661  	-0.0466  	-0.0326  	-0.0112  	-0.0101  	0.01356  	0.01370  	0.00067  	0.04691  	0.01758  	0.12530  	0.26328  	0.15896  	0.01620  	-0.0641  	0.30731  	
0.07805  	0.73364  	-0.2311  	-1.7693  	-1.1708  	-1.6253  	1.28971  	0.32914  	0.10576  	-0.0157  	0.46533  	-0.6259  	0.56188  	0.11541  	-1.2196  	1.69992  	-0.2248  	0.34500  	-0.0827  	0.57406  	0.56970  	0.01333  	-0.5940  	0.19519  	0.51364  	-0.2958  	0.15640  	-0.0471  	-0.3927  	0.18468  	0.08026  	0.17131  	0.11506  	-0.0467  	0.42352  	-0.2365  	0.38402  	-0.1661  	-0.3888  	0.23214  	0.22468  	0.06132  	-0.0514  	0.71132  	0.27085  	-0.1002  	-0.0113  	0.10403  	0.07854  	-0.0794  	-0.0495  	-0.0187  	-0.0393  	-0.0316  	-0.0661  	-0.0466  	-0.0326  	-0.0112  	-0.0101  	0.01356  	0.01370  	0.00067  	0.04691  	0.01758  	0.12530  	0.26328  	0.15896  	0.01620  	-0.0641  	0.30731  	
0.09378  	0.73586  	-0.2509  	-1.7129  	-1.0997  	-1.6259  	1.30728  	0.31291  	0.09018  	-0.0021  	0.37574  	-0.6397  	0.59112  	0.14605  	-1.2050  	1.69596  	-0.2325  	0.36835  	-0.0774  	0.60560  	0.48926  	0.01817  	-0.6418  	0.18320  	0.56706  	-0.2992  	0.15285  	0.01383  	-0.3069  	0.20650  	0.06598  	0.15705  	0.11029  	-0.0506  	0.41329  	-0.2097  	0.31515  	-0.1969  	-0.3649  	0.26090  	0.21179  	0.06440  	-0.0543  	0.71076  	0.27242  	-0.1003  	-0.0126  	0.11208  	0.08642  	-0.0757  	-0.0402  	-0.0209  	-0.0424  	-0.0373  	-0.0642  	-0.0460  	-0.0305  	-0.0135  	-0.0086  	0.01072  	0.01024  	0.00075  	0.04886  	0.01275  	0.12530  	0.26328  	0.15896  	0.01620  	-0.0641  	0.30731  	
-0.1666  	0.63468  	-0.3998  	-1.8316  	-1.1156  	-1.8044  	1.31297  	0.13033  	0.02034  	0.08954  	0.41206  	-0.6488  	0.55773  	-0.0517  	-1.4003  	1.59072  	-0.2644  	0.51152  	-0.1284  	0.72654  	0.26392  	-0.0411  	-0.7559  	0.03851  	0.56256  	-0.2624  	-0.0783  	0.28086  	-0.0979  	0.19050  	0.09566  	0.10498  	0.11571  	-0.0259  	0.29609  	-0.0930  	0.12388  	-0.2563  	-0.2936  	0.31791  	0.28007  	0.07746  	-0.0605  	0.70476  	0.27582  	-0.1022  	-0.0016  	0.11077  	0.07547  	-0.0802  	-0.0286  	-0.0206  	-0.0388  	-0.0445  	-0.0657  	-0.0531  	-0.0223  	-0.0085  	-0.0026  	0.00608  	0.01354  	-0.0132  	0.04616  	0.02109  	0.12530  	0.26328  	0.15896  	0.01620  	-0.0641  	0.30731  	
-0.1852  	0.56196  	-0.4442  	-1.8461  	-1.0719  	-1.7984  	1.33794  	0.06186  	0.00847  	0.16594  	0.38311  	-0.6914  	0.53283  	-0.1992  	-1.5292  	1.68161  	-0.2802  	0.53615  	-0.1006  	0.78877  	0.12238  	-0.0332  	-0.8545  	0.05767  	0.62652  	-0.2781  	-0.0605  	0.41708  	-0.0380  	0.19884  	0.07575  	0.12888  	0.08510  	-0.0363  	0.24453  	-0.0311  	0.08293  	-0.2797  	-0.2914  	0.33384  	0.30312  	0.06567  	-0.0395  	0.72473  	0.27996  	-0.1091  	-0.0084  	0.10826  	0.08303  	-0.0814  	-0.0171  	-0.0240  	-0.0419  	-0.0425  	-0.0568  	-0.0610  	-0.0113  	-0.0133  	-0.0003  	0.01281  	0.00374  	-0.0122  	0.05217  	0.02528  	0.12530  	0.26328  	0.15896  	0.01620  	-0.0641  	0.30731  	
-0.3143  	0.53796  	-0.4823  	-1.9155  	-1.1247  	-1.8497  	1.28625  	0.03956  	-0.0359  	0.12512  	0.40157  	-0.7297  	0.47189  	-0.2716  	-1.5463  	1.62667  	-0.2548  	0.50400  	-0.0765  	0.71222  	0.20122  	-0.0435  	-0.7910  	0.07603  	0.66308  	-0.2932  	0.04224  	0.32411  	-0.0778  	0.22175  	0.06978  	0.14717  	0.04663  	-0.0524  	0.27937  	0.00257  	0.15103  	-0.2638  	-0.3168  	0.32059  	0.28371  	0.06909  	-0.0541  	0.72860  	0.28287  	-0.1108  	-0.0072  	0.09131  	0.07666  	-0.0884  	-0.0193  	-0.0264  	-0.0355  	-0.0409  	-0.0567  	-0.0548  	-0.0103  	-0.0087  	-0.0017  	0.01421  	0.00675  	-0.0168  	0.05910  	0.02387  	0.12530  	0.26328  	0.15896  	0.01620  	-0.0641  	0.30731  	
-0.3199  	0.55223  	-0.5022  	-1.9380  	-1.1468  	-1.8204  	1.27129  	0.01379  	-0.0767  	0.08119  	0.35087  	-0.7671  	0.44179  	-0.2707  	-1.5484  	1.61570  	-0.2448  	0.44223  	-0.0681  	0.69023  	0.24690  	-0.0201  	-0.7378  	0.11617  	0.67295  	-0.2979  	0.08202  	0.24305  	-0.1161  	0.24591  	0.05918  	0.17021  	0.02820  	-0.0406  	0.29405  	0.01658  	0.20217  	-0.2507  	-0.3291  	0.31777  	0.26481  	0.06063  	-0.0714  	0.72715  	0.28881  	-0.1064  	-0.0097  	0.07717  	0.07082  	-0.0868  	-0.0234  	-0.0222  	-0.0415  	-0.0420  	-0.0571  	-0.0581  	-0.0117  	-0.0053  	-0.0025  	0.00483  	0.00073  	-0.0229  	0.05695  	0.01431  	0.12530  	0.26328  	0.15896  	0.01620  	-0.0641  	0.30731  	
-0.2554  	0.55397  	-0.4480  	-2.0028  	-1.1936  	-1.8030  	1.30060  	0.05543  	-0.0226  	0.14004  	0.39738  	-0.7421  	0.48492  	-0.2676  	-1.6495  	1.67770  	-0.2837  	0.49006  	-0.0767  	0.74215  	0.19312  	-0.0372  	-0.7451  	0.06054  	0.59192  	-0.2692  	0.00038  	0.30831  	-0.1101  	0.20821  	0.08718  	0.13741  	0.06068  	-0.0294  	0.25376  	-0.0022  	0.15816  	-0.2544  	-0.3052  	0.31892  	0.28740  	0.08090  	-0.0485  	0.72017  	0.29021  	-0.1085  	-0.0065  	0.09368  	0.07881  	-0.0873  	-0.0320  	-0.0217  	-0.0387  	-0.0410  	-0.0571  	-0.0642  	-0.0168  	-0.0082  	-0.0061  	0.00394  	-0.0022  	-0.0132  	0.05398  	0.02399  	0.12530  	0.26328  	0.15896  	0.01620  	-0.0641  	0.30731  	
-0.2400  	0.56559  	-0.4231  	-1.9235  	-1.1129  	-1.8213  	1.31122  	0.03158  	-0.0317  	0.20537  	0.39092  	-0.6985  	0.49234  	-0.2404  	-1.6712  	1.68993  	-0.3099  	0.51287  	-0.0888  	0.79807  	0.11845  	-0.0375  	-0.8380  	0.03932  	0.62630  	-0.2924  	-0.0436  	0.37449  	-0.0330  	0.20370  	0.06048  	0.13806  	0.05602  	-0.0284  	0.24902  	0.03951  	0.10050  	-0.2757  	-0.2772  	0.35545  	0.30106  	0.06582  	-0.0461  	0.71156  	0.28304  	-0.1048  	-0.0130  	0.09708  	0.08400  	-0.0805  	-0.0178  	-0.0272  	-0.0401  	-0.0435  	-0.0592  	-0.0639  	-0.0109  	-0.0062  	-0.0041  	0.00853  	-2.7534  	-0.0148  	0.05686  	0.02400  	0.12530  	0.26328  	0.15896  	0.01620  	-0.0641  	0.30731  	
-0.4016  	0.53117  	-0.5424  	-1.9681  	-1.1489  	-1.8384  	1.26704  	-0.0096  	-0.0690  	0.11222  	0.27408  	-0.7309  	0.44895  	-0.2981  	-1.6598  	1.59268  	-0.2359  	0.50398  	-0.0769  	0.78134  	0.13954  	-0.0641  	-0.8209  	0.07933  	0.71111  	-0.2752  	0.03975  	0.36565  	-0.0364  	0.25579  	0.05862  	0.14921  	0.02079  	-0.0387  	0.22991  	0.04790  	0.11656  	-0.2705  	-0.2782  	0.33113  	0.28169  	0.06921  	-0.0585  	0.72082  	0.28710  	-0.1033  	-0.0077  	0.09217  	0.07389  	-0.0886  	-0.0223  	-0.0230  	-0.0401  	-0.0393  	-0.0584  	-0.0627  	-0.0059  	-0.0082  	-0.0015  	0.00548  	-0.0011  	-0.0284  	0.05526  	0.01951  	0.12530  	0.26328  	0.15896  	0.01620  	-0.0641  	0.30731  	
-0.3929  	0.53246  	-0.5399  	-1.8000  	-1.0678  	-1.8035  	1.25583  	0.07927  	-0.0522  	0.03459  	0.25833  	-0.6712  	0.46472  	-0.2499  	-1.3916  	1.56942  	-0.2363  	0.44647  	-0.0690  	0.72425  	0.18558  	0.00184  	-0.7301  	0.13292  	0.65782  	-0.2674  	0.08371  	0.29425  	-0.1054  	0.24911  	0.06864  	0.14921  	0.04426  	-0.0337  	0.26875  	-0.0213  	0.15656  	-0.2569  	-0.3246  	0.31113  	0.24160  	0.07420  	-0.0680  	0.72939  	0.28165  	-0.1110  	-0.0093  	0.08515  	0.08297  	-0.0916  	-0.0328  	-0.0266  	-0.0396  	-0.0371  	-0.0622  	-0.0620  	-0.0128  	-0.0101  	0.00220  	0.00778  	-0.0024  	-0.0172  	0.04545  	0.01714  	0.12530  	0.26328  	0.15896  	0.01620  	-0.0641  	0.30731  	
-0.2075  	0.59401  	-0.4539  	-1.9153  	-1.1204  	-1.8391  	1.30017  	0.06864  	-0.0119  	0.16934  	0.30267  	-0.6198  	0.53186  	-0.1877  	-1.5250  	1.66560  	-0.2784  	0.54223  	-0.0738  	0.78334  	0.14790  	-0.0130  	-0.7838  	-0.0059  	0.60761  	-0.2786  	-0.0782  	0.33844  	-0.0236  	0.18396  	0.07479  	0.12103  	0.10476  	-0.0323  	0.20243  	-0.0395  	0.09725  	-0.2617  	-0.2670  	0.37361  	0.33057  	0.06468  	-0.0432  	0.74083  	0.28594  	-0.1046  	-0.0039  	0.10631  	0.08284  	-0.0908  	-0.0381  	-0.0244  	-0.0463  	-0.0407  	-0.0584  	-0.0585  	-0.0241  	-0.0191  	-0.0064  	0.01255  	0.00849  	-0.0037  	0.04710  	0.01821  	0.12530  	0.26328  	0.15896  	0.01620  	-0.0641  	0.30731  	
-0.3535  	0.59127  	-0.4743  	-2.0204  	-1.1821  	-1.8891  	1.29678  	0.06653  	-0.0031  	0.22188  	0.36656  	-0.6777  	0.48528  	-0.1786  	-1.6532  	1.59587  	-0.2830  	0.55652  	-0.0832  	0.80301  	0.13535  	-0.0254  	-0.7876  	0.00678  	0.62272  	-0.2827  	-0.0953  	0.40311  	0.02386  	0.19006  	0.08262  	0.09793  	0.07149  	-0.0251  	0.17925  	-0.0109  	0.07067  	-0.2791  	-0.2706  	0.34970  	0.33008  	0.05291  	-0.0426  	0.73027  	0.28018  	-0.1095  	-0.0103  	0.10085  	0.07382  	-0.0883  	-0.0224  	-0.0275  	-0.0485  	-0.0428  	-0.0608  	-0.0576  	-0.0126  	-0.0117  	-0.0034  	0.00962  	0.00761  	-0.0068  	0.05281  	0.02105  	0.12530  	0.26328  	0.15896  	0.01620  	-0.0641  	0.30731  	
-0.5154  	0.51997  	-0.5962  	-2.1239  	-1.2441  	-1.9523  	1.26090  	0.02426  	-0.0451  	0.11516  	0.46654  	-0.7970  	0.44852  	-0.3028  	-1.5638  	1.51336  	-0.2421  	0.45698  	-0.0846  	0.69043  	0.27095  	-0.0136  	-0.7101  	0.09872  	0.65360  	-0.2691  	0.06027  	0.26918  	-0.0830  	0.20017  	0.09034  	0.14531  	0.04668  	-0.0431  	0.22845  	-0.0212  	0.17005  	-0.2594  	-0.3177  	0.32442  	0.30537  	0.06989  	-0.0665  	0.71353  	0.28684  	-0.1067  	-0.0085  	0.06589  	0.06164  	-0.0789  	-0.0349  	-0.0237  	-0.0383  	-0.0353  	-0.0566  	-0.0569  	-0.0195  	-0.0110  	0.00093  	0.01142  	0.00409  	-0.0079  	0.04359  	0.02179  	0.12530  	0.26328  	0.15896  	0.01620  	-0.0641  	0.30731  	
-0.2819  	0.53707  	-0.4444  	-1.8883  	-1.1157  	-1.8535  	1.29566  	0.03637  	-0.0405  	0.18657  	0.36454  	-0.6821  	0.47285  	-0.3242  	-1.6452  	1.72474  	-0.2598  	0.52132  	-0.0670  	0.73093  	0.12026  	-0.0370  	-0.7910  	0.05789  	0.64116  	-0.2721  	-0.0161  	0.33825  	-0.0686  	0.22229  	0.07893  	0.13211  	0.02731  	-0.0382  	0.21628  	0.02122  	0.10572  	-0.2507  	-0.2947  	0.35264  	0.30749  	0.06733  	-0.0530  	0.73129  	0.28202  	-0.1007  	-0.0050  	0.10021  	0.07230  	-0.0867  	-0.0301  	-0.0199  	-0.0390  	-0.0421  	-0.0547  	-0.0693  	-0.0153  	-0.0133  	-0.0052  	0.01048  	-0.0007  	-0.0182  	0.04938  	0.01811  	0.12530  	0.26328  	0.15896  	0.01620  	-0.0641  	0.30731  	
-0.2511  	0.55679  	-0.4591  	-1.8706  	-1.0565  	-1.9094  	1.31908  	0.02108  	-0.0298  	0.25234  	0.36388  	-0.6425  	0.48651  	-0.2804  	-1.6883  	1.71653  	-0.3066  	0.56075  	-0.0964  	0.80547  	0.04166  	-0.0226  	-0.8722  	0.01370  	0.66325  	-0.2859  	-0.0647  	0.42180  	0.03284  	0.22224  	0.05047  	0.13408  	0.04312  	-0.0268  	0.22500  	0.07063  	0.04140  	-0.2797  	-0.2629  	0.36777  	0.30140  	0.06858  	-0.0387  	0.71759  	0.28713  	-0.1088  	-0.0106  	0.10369  	0.08483  	-0.0872  	-0.0185  	-0.0262  	-0.0378  	-0.0444  	-0.0554  	-0.0641  	-0.0091  	-0.0061  	-0.0004  	0.00987  	0.00055  	-0.0123  	0.04934  	0.02069  	0.12530  	0.26328  	0.15896  	0.01620  	-0.0641  	0.30731  	
-0.3340  	0.56841  	-0.4771  	-1.9821  	-1.1427  	-1.8203  	1.28492  	-0.0023  	-0.0657  	0.14716  	0.27896  	-0.7268  	0.46642  	-0.2991  	-1.7014  	1.65688  	-0.2759  	0.53617  	-0.0626  	0.79900  	0.10473  	-0.0447  	-0.8751  	0.01331  	0.69460  	-0.2989  	-0.0134  	0.40286  	-0.0240  	0.23290  	0.05815  	0.14486  	0.04142  	-0.0249  	0.23320  	0.06874  	0.08053  	-0.2724  	-0.2520  	0.33587  	0.29481  	0.05853  	-0.0527  	0.70662  	0.28184  	-0.1018  	-0.0154  	0.09208  	0.07727  	-0.0845  	-0.0183  	-0.0277  	-0.0399  	-0.0372  	-0.0596  	-0.0588  	-0.0069  	-0.0078  	-5.1971  	0.00971  	0.00640  	-0.0169  	0.05993  	0.02061  	0.12530  	0.26328  	0.15896  	0.01620  	-0.0641  	0.30731  	
-0.4857  	0.51518  	-0.5611  	-2.0130  	-1.1901  	-1.9113  	1.27312  	-0.0202  	-0.0683  	0.11759  	0.29488  	-0.7369  	0.45257  	-0.3127  	-1.6267  	1.55108  	-0.2266  	0.53060  	-0.0923  	0.76240  	0.13383  	-0.0502  	-0.7667  	0.05624  	0.69881  	-0.2745  	0.02509  	0.37645  	-0.0141  	0.22599  	0.06534  	0.13497  	0.01756  	-0.0401  	0.20791  	0.03066  	0.10477  	-0.2648  	-0.2773  	0.32317  	0.30772  	0.06714  	-0.0557  	0.72880  	0.28392  	-0.1085  	-0.0069  	0.08255  	0.06828  	-0.0945  	-0.0248  	-0.0160  	-0.0372  	-0.0327  	-0.0603  	-0.0633  	-0.0114  	-0.0111  	0.00139  	0.00616  	0.00376  	-0.0123  	0.05570  	0.02011  	0.12530  	0.26328  	0.15896  	0.01620  	-0.0641  	0.30731  	
-0.5540  	0.49866  	-0.5930  	-2.1151  	-1.2069  	-1.9741  	1.30317  	-0.0094  	-0.0647  	0.13590  	0.42148  	-0.7838  	0.45449  	-0.3316  	-1.6400  	1.53591  	-0.2319  	0.53035  	-0.0874  	0.75192  	0.15407  	-0.0432  	-0.7485  	0.03711  	0.66619  	-0.2722  	-0.0145  	0.34029  	-0.0386  	0.21176  	0.07754  	0.11771  	0.02772  	-0.0325  	0.18017  	0.01185  	0.10342  	-0.2506  	-0.2847  	0.30367  	0.33423  	0.06081  	-0.0609  	0.71905  	0.28228  	-0.1102  	-0.0045  	0.09402  	0.07447  	-0.0926  	-0.0306  	-0.0213  	-0.0363  	-0.0345  	-0.0561  	-0.0635  	-0.0129  	-0.0078  	0.00202  	0.00648  	0.00618  	-0.0145  	0.05293  	0.02078  	0.12530  	0.26328  	0.15896  	0.01620  	-0.0641  	0.30731  	
-0.7131  	0.46988  	-0.6508  	-2.2121  	-1.2514  	-2.0529  	1.30227  	-0.0164  	-0.0657  	0.21727  	0.48156  	-0.7814  	0.43877  	-0.3478  	-1.7527  	1.48162  	-0.2700  	0.51593  	-0.0877  	0.76144  	0.07948  	-0.0198  	-0.7005  	0.01353  	0.60913  	-0.2414  	-0.1128  	0.38479  	0.03178  	0.19225  	0.11852  	0.09479  	0.04847  	-0.0269  	0.10327  	-0.0115  	0.06629  	-0.2709  	-0.2533  	0.31718  	0.35395  	0.05329  	-0.0422  	0.73203  	0.28451  	-0.1089  	-0.0071  	0.09042  	0.06686  	-0.0917  	-0.0430  	-0.0227  	-0.0421  	-0.0415  	-0.0633  	-0.0701  	-0.0162  	-0.0132  	-0.0045  	0.00902  	0.01591  	-0.0075  	0.04779  	0.02182  	0.12530  	0.26328  	0.15896  	0.01620  	-0.0641  	0.30731  	
-0.5760  	0.50562  	-0.5790  	-2.1439  	-1.1900  	-1.9670  	1.31416  	0.05739  	-0.0434  	0.22469  	0.36050  	-0.6897  	0.51328  	-0.2518  	-1.6432  	1.54897  	-0.2553  	0.50869  	-0.0795  	0.77535  	0.06563  	0.00221  	-0.7206  	0.00029  	0.63473  	-0.2494  	-0.1058  	0.41453  	0.05128  	0.21497  	0.12788  	0.07677  	0.06166  	-0.0273  	0.10459  	-0.0296  	0.01140  	-0.2986  	-0.2155  	0.35215  	0.33649  	0.05598  	-0.0351  	0.72920  	0.28253  	-0.1034  	-0.0077  	0.12017  	0.06859  	-0.0859  	-0.0359  	-0.0207  	-0.0491  	-0.0458  	-0.0651  	-0.0698  	-0.0198  	-0.0156  	-0.0034  	0.00859  	0.01185  	-0.0050  	0.04713  	0.02211  	0.12530  	0.26328  	0.15896  	0.01620  	-0.0641  	0.30731  	
-0.2831  	0.57506  	-0.5097  	-1.7586  	-0.9448  	-1.8664  	1.29071  	0.19816  	-0.0075  	0.07473  	0.39174  	-0.5219  	0.58529  	0.00858  	-1.2678  	1.58723  	-0.2751  	0.51357  	-0.1257  	0.81947  	0.29563  	-0.0518  	-0.8488  	0.13789  	0.44702  	-0.2667  	-0.0766  	0.36333  	-0.1407  	0.15986  	0.07399  	0.10121  	0.14332  	-0.0523  	0.32521  	-0.1256  	0.10619  	-0.3007  	-0.2693  	0.36886  	0.24745  	0.07461  	-0.0827  	0.69681  	0.28605  	-0.1032  	0.00062  	0.10285  	0.06966  	-0.0818  	-0.0360  	-0.0319  	-0.0466  	-0.0432  	-0.0756  	-0.0653  	-0.0174  	-0.0252  	-0.0123  	0.00289  	0.00329  	-0.0031  	0.03845  	0.01772  	0.12530  	0.26328  	0.15896  	0.01620  	-0.0641  	0.30731  	
0.17862  	0.67587  	-0.2701  	-1.5273  	-0.9482  	-1.5882  	1.34450  	0.23053  	0.02981  	0.10470  	-0.0980  	-0.7259  	0.74227  	0.30738  	-0.9562  	1.52993  	-0.2333  	0.39897  	-0.0699  	0.58691  	0.22903  	0.07084  	-0.6699  	0.10774  	0.63784  	-0.2817  	0.10106  	0.14417  	-0.0257  	0.28559  	0.06708  	0.10912  	0.07599  	-0.0338  	0.26086  	-0.1345  	0.11683  	-0.2935  	-0.2326  	0.36421  	0.22742  	0.06814  	-0.0286  	0.75286  	0.26256  	-0.1006  	-0.0218  	0.12861  	0.09838  	-0.0833  	-0.0381  	-0.0298  	-0.0499  	-0.0464  	-0.0634  	-0.0455  	-0.0288  	-0.0130  	-0.0047  	0.01145  	0.00840  	0.00393  	0.04223  	0.00378  	0.12530  	0.26328  	0.15896  	0.01620  	-0.0641  	0.30731  	
0.18487  	0.71701  	-0.2272  	-1.4952  	-0.9335  	-1.5600  	1.37797  	0.28643  	0.05597  	0.12449  	-0.1414  	-0.8574  	0.74079  	0.42852  	-0.9448  	1.46016  	-0.2477  	0.36470  	-0.1277  	0.44468  	0.26231  	0.18733  	-0.6165  	0.12294  	0.75635  	-0.3139  	0.15791  	0.09175  	0.05651  	0.36159  	0.10644  	0.10868  	0.05921  	-0.0400  	0.30340  	-0.1493  	0.11042  	-0.3228  	-0.2562  	0.37419  	0.18590  	0.09385  	-0.0285  	0.72887  	0.25099  	-0.0935  	-0.0358  	0.13644  	0.10456  	-0.0818  	-0.0209  	-0.0227  	-0.0370  	-0.0501  	-0.0668  	-0.0337  	-0.0292  	-0.0173  	-0.0070  	0.02295  	0.00730  	0.00519  	0.04130  	0.01263  	0.12530  	0.26328  	0.15896  	0.01620  	-0.0641  	0.30731  	
-0.4467  	0.58383  	-0.6623  	-1.9953  	-1.0849  	-2.0693  	1.33528  	0.09232  	0.01850  	0.13325  	0.47159  	-0.6621  	0.54661  	-0.0492  	-1.3239  	1.38528  	-0.2823  	0.47055  	-0.1125  	0.74383  	0.29649  	-0.0329  	-0.7447  	0.21336  	0.51158  	-0.2642  	-0.0124  	0.16930  	-0.2373  	0.16611  	0.10073  	0.14031  	0.12247  	-0.0220  	0.37628  	-0.1747  	0.18545  	-0.2724  	-0.3111  	0.36566  	0.23852  	0.08324  	-0.1083  	0.69335  	0.27002  	-0.1051  	0.00763  	0.07762  	0.05893  	-0.0622  	-0.0267  	-0.0253  	-0.0477  	-0.0295  	-0.0727  	-0.0648  	-0.0234  	-0.0130  	0.00014  	0.00863  	0.00515  	-0.0041  	0.03240  	0.01645  	0.12530  	0.26328  	0.15896  	0.01620  	-0.0641  	0.30731  	
-0.6184  	0.52198  	-0.5911  	-2.1784  	-1.1468  	-2.0940  	1.30246  	0.02292  	-0.0305  	0.22254  	0.48393  	-0.7242  	0.50703  	-0.2233  	-1.6127  	1.49211  	-0.2902  	0.52719  	-0.1070  	0.82668  	0.19666  	-0.0418  	-0.7915  	0.11207  	0.53476  	-0.2555  	-0.0822  	0.30061  	-0.1472  	0.16568  	0.11845  	0.10787  	0.10988  	-0.0137  	0.26375  	-0.0563  	0.12817  	-0.2580  	-0.3133  	0.32709  	0.28625  	0.08485  	-0.0828  	0.68439  	0.26905  	-0.1012  	0.00342  	0.08297  	0.07145  	-0.0857  	-0.0342  	-0.0188  	-0.0529  	-0.0277  	-0.0604  	-0.0655  	-0.0165  	-0.0129  	-0.0008  	0.01623  	0.00695  	-0.0060  	0.04728  	0.01828  	0.12530  	0.26328  	0.15896  	0.01620  	-0.0641  	0.30731  	
-0.6717  	0.48428  	-0.6347  	-2.1742  	-1.2187  	-2.0439  	1.28954  	0.01270  	-0.0825  	0.21483  	0.50010  	-0.7794  	0.46838  	-0.2747  	-1.6861  	1.45675  	-0.2531  	0.53510  	-0.1039  	0.76229  	0.13253  	-0.0296  	-0.7233  	0.04130  	0.64022  	-0.2597  	-0.0682  	0.34710  	-0.0270  	0.19591  	0.10243  	0.09979  	0.04930  	-0.0312  	0.17144  	-0.0117  	0.09851  	-0.2537  	-0.2613  	0.30863  	0.31293  	0.05964  	-0.0710  	0.70876  	0.28919  	-0.1123  	-0.0024  	0.08353  	0.05299  	-0.0786  	-0.0353  	-0.0190  	-0.0459  	-0.0414  	-0.0598  	-0.0678  	-0.0158  	-0.0092  	-0.0007  	0.01034  	0.00884  	-0.0084  	0.05576  	0.02206  	0.12530  	0.26328  	0.15896  	0.01620  	-0.0641  	0.30731  	
-0.6806  	0.48898  	-0.6308  	-2.1696  	-1.2293  	-2.0258  	1.26744  	0.01153  	-0.0432  	0.15537  	0.43400  	-0.7763  	0.45798  	-0.3406  	-1.6749  	1.49511  	-0.2446  	0.50226  	-0.0704  	0.71889  	0.11179  	-0.0307  	-0.6402  	0.01908  	0.60180  	-0.2339  	-0.0724  	0.33443  	0.00818  	0.20082  	0.10995  	0.09784  	0.05514  	-0.0350  	0.12669  	-0.0389  	0.09783  	-0.2585  	-0.2708  	0.31516  	0.34599  	0.05208  	-0.0402  	0.73601  	0.28063  	-0.1085  	-0.0030  	0.09127  	0.06435  	-0.0888  	-0.0443  	-0.0229  	-0.0424  	-0.0391  	-0.0616  	-0.0638  	-0.0218  	-0.0122  	-0.0032  	0.00517  	0.01441  	-0.0089  	0.04762  	0.02029  	0.12530  	0.26328  	0.15896  	0.01620  	-0.0641  	0.30731  	
-0.6392  	0.50035  	-0.6057  	-2.0827  	-1.1912  	-1.9646  	1.26368  	0.02529  	-0.0310  	0.17205  	0.33217  	-0.7039  	0.51073  	-0.3196  	-1.6048  	1.52762  	-0.2311  	0.51857  	-0.0719  	0.74658  	0.06411  	-0.0254  	-0.6539  	-0.0323  	0.57324  	-0.2258  	-0.1184  	0.39499  	0.05037  	0.19560  	0.13237  	0.07925  	0.05885  	-0.0187  	0.07328  	-0.0388  	0.03200  	-0.2756  	-0.2466  	0.32078  	0.35592  	0.05103  	-0.0296  	0.73609  	0.27291  	-0.1051  	-0.0030  	0.10656  	0.07272  	-0.0905  	-0.0377  	-0.0221  	-0.0481  	-0.0415  	-0.0575  	-0.0664  	-0.0202  	-0.0137  	0.00043  	0.00733  	0.01334  	-0.0057  	0.04937  	0.02279  	0.12530  	0.26328  	0.15896  	0.01620  	-0.0641  	0.30731  	
-0.6416  	0.52367  	-0.6361  	-2.1002  	-1.1677  	-2.0924  	1.25116  	0.03310  	-0.0308  	0.24561  	0.31477  	-0.6542  	0.54603  	-0.1949  	-1.5959  	1.48559  	-0.2846  	0.56231  	-0.0879  	0.74071  	0.00438  	-0.0096  	-0.6678  	-0.0507  	0.53401  	-0.2309  	-0.1530  	0.47078  	0.07635  	0.18433  	0.16937  	0.06831  	0.09484  	-0.0038  	0.09819  	-0.0404  	-0.0345  	-0.3257  	-0.2160  	0.34177  	0.33323  	0.04837  	-0.0322  	0.73406  	0.26731  	-0.1107  	-0.0092  	0.11345  	0.06879  	-0.0852  	-0.0389  	-0.0240  	-0.0525  	-0.0426  	-0.0557  	-0.0681  	-0.0267  	-0.0150  	0.00400  	0.00667  	0.01960  	0.00541  	0.04556  	0.02682  	0.12530  	0.26328  	0.15896  	0.01620  	-0.0641  	0.30731  	
-0.6324  	0.50994  	-0.6462  	-2.1011  	-1.1477  	-2.0780  	1.29861  	0.03377  	-0.0380  	0.19814  	0.39315  	-0.6945  	0.47063  	-0.2456  	-1.5718  	1.49755  	-0.2925  	0.54018  	-0.0946  	0.74649  	0.05851  	-0.0301  	-0.7060  	-0.0212  	0.55101  	-0.2419  	-0.1310  	0.42778  	0.05153  	0.19864  	0.14200  	0.08298  	0.07748  	-0.0124  	0.14269  	-0.0432  	0.02514  	-0.3094  	-0.2507  	0.32193  	0.33478  	0.05707  	-0.0440  	0.72530  	0.28179  	-0.1053  	-0.0131  	0.09468  	0.07148  	-0.0889  	-0.0391  	-0.0224  	-0.0477  	-0.0430  	-0.0624  	-0.0688  	-0.0268  	-0.0142  	0.00092  	0.00580  	0.01249  	0.00608  	0.05073  	0.02144  	0.12530  	0.26328  	0.15896  	0.01620  	-0.0641  	0.30731  	
-0.6794  	0.50385  	-0.6679  	-2.1729  	-1.1967  	-2.0830  	1.29282  	0.01983  	-0.0595  	0.20457  	0.45564  	-0.7098  	0.43112  	-0.3632  	-1.6817  	1.54106  	-0.2813  	0.53524  	-0.0862  	0.75289  	0.08179  	-0.0394  	-0.7006  	-0.0265  	0.54443  	-0.2317  	-0.1133  	0.40322  	0.02117  	0.20214  	0.14268  	0.07871  	0.05587  	-0.0250  	0.12715  	-0.0174  	0.05767  	-0.2838  	-0.2525  	0.31044  	0.36217  	0.05709  	-0.0446  	0.73107  	0.28757  	-0.1078  	-0.0059  	0.08090  	0.06944  	-0.0877  	-0.0437  	-0.0236  	-0.0429  	-0.0461  	-0.0634  	-0.0669  	-0.0235  	-0.0125  	-0.0037  	0.00286  	0.01651  	-0.0051  	0.05432  	0.01973  	0.12530  	0.26328  	0.15896  	0.01620  	-0.0641  	0.30731  	
-0.6066  	0.50564  	-0.6505  	-2.1400  	-1.1942  	-2.0696  	1.25588  	0.03339  	-0.0418  	0.20654  	0.44312  	-0.6723  	0.44811  	-0.3073  	-1.6557  	1.54387  	-0.2521  	0.51661  	-0.0643  	0.73145  	0.13844  	-0.0388  	-0.6956  	-0.0016  	0.52851  	-0.2376  	-0.1205  	0.35434  	-0.0367  	0.18255  	0.11904  	0.08785  	0.05909  	-0.0276  	0.16952  	-0.0584  	0.07211  	-0.2791  	-0.2775  	0.30822  	0.34269  	0.05708  	-0.0477  	0.72203  	0.28494  	-0.1059  	-0.0002  	0.08836  	0.07657  	-0.0879  	-0.0405  	-0.0239  	-0.0437  	-0.0426  	-0.0638  	-0.0665  	-0.0195  	-0.0089  	-0.0072  	0.00475  	0.01100  	-0.0077  	0.05201  	0.01880  	0.12530  	0.26328  	0.15896  	0.01620  	-0.0641  	0.30731  	
-0.5682  	0.49245  	-0.6438  	-2.0486  	-1.1017  	-2.0573  	1.27713  	0.05016  	-0.0356  	0.20612  	0.45519  	-0.6014  	0.48516  	-0.2218  	-1.6303  	1.52004  	-0.2775  	0.56026  	-0.0794  	0.77976  	0.10565  	-0.0388  	-0.7523  	0.01188  	0.46999  	-0.2320  	-0.2007  	0.43467  	0.01174  	0.16099  	0.12880  	0.07085  	0.09272  	-0.0213  	0.14547  	-0.0797  	0.00608  	-0.3035  	-0.2376  	0.33491  	0.33350  	0.04402  	-0.0421  	0.72388  	0.27898  	-0.1087  	-0.0075  	0.09599  	0.07715  	-0.0843  	-0.0347  	-0.0264  	-0.0452  	-0.0492  	-0.0643  	-0.0685  	-0.0188  	-0.0103  	-0.0102  	0.00737  	0.00995  	-0.0064  	0.05161  	0.01670  	0.12530  	0.26328  	0.15896  	0.01620  	-0.0641  	0.30731  	
-0.6905  	0.47361  	-0.7368  	-2.0215  	-1.0889  	-2.1617  	1.26592  	-0.0059  	-0.0275  	0.19768  	0.49489  	-0.6127  	0.49609  	-0.2704  	-1.6497  	1.47729  	-0.2752  	0.57075  	-0.1123  	0.83246  	0.11271  	-0.0326  	-0.8285  	-0.0252  	0.50578  	-0.2275  	-0.1942  	0.47359  	-0.0086  	0.16925  	0.13677  	0.06386  	0.09705  	-0.0181  	0.15111  	-0.0177  	-0.0115  	-0.3202  	-0.2287  	0.32353  	0.28927  	0.06126  	-0.0490  	0.70014  	0.28901  	-0.1069  	-0.0104  	0.10136  	0.07438  	-0.0794  	-0.0255  	-0.0262  	-0.0495  	-0.0457  	-0.0581  	-0.0624  	-0.0105  	-0.0068  	-0.0031  	0.01041  	0.00812  	-0.0074  	0.05072  	0.02001  	0.12530  	0.26328  	0.15896  	0.01620  	-0.0641  	0.30731  	
-0.6021  	0.45912  	-0.7188  	-1.9684  	-1.0130  	-2.1611  	1.29355  	0.09894  	-0.0393  	0.17124  	0.62975  	-0.5895  	0.51810  	-0.1885  	-1.5006  	1.45734  	-0.2931  	0.53898  	-0.1282  	0.84585  	0.25184  	-0.0884  	-0.8792  	0.11849  	0.51379  	-0.2473  	-0.1437  	0.38325  	-0.1209  	0.14738  	0.11304  	0.06125  	0.12640  	-0.0193  	0.26499  	-0.0775  	0.05684  	-0.3005  	-0.2814  	0.31989  	0.27319  	0.07509  	-0.0807  	0.67847  	0.29863  	-0.0982  	0.01323  	0.07418  	0.07044  	-0.0794  	-0.0392  	-0.0282  	-0.0464  	-0.0455  	-0.0703  	-0.0756  	-0.0118  	-0.0109  	-0.0083  	0.01342  	0.00501  	-0.0211  	0.04456  	0.01256  	0.12530  	0.26328  	0.15896  	0.01620  	-0.0641  	0.30731  	
-0.1225  	0.61600  	-0.3747  	-1.7318  	-0.9907  	-1.8518  	1.33324  	0.22178  	0.00315  	0.09302  	0.31207  	-0.5689  	0.67589  	0.18620  	-1.1330  	1.54730  	-0.2895  	0.43114  	-0.0948  	0.70658  	0.37000  	-0.0409  	-0.7494  	0.19943  	0.44715  	-0.2606  	0.04016  	0.20638  	-0.2151  	0.21393  	0.12208  	0.12779  	0.14224  	-0.0432  	0.29474  	-0.2096  	0.14958  	-0.2932  	-0.3139  	0.35319  	0.22895  	0.08278  	-0.0756  	0.70597  	0.28818  	-0.1014  	-0.0038  	0.12746  	0.07611  	-0.0804  	-0.0508  	-0.0258  	-0.0538  	-0.0496  	-0.0826  	-0.0642  	-0.0155  	-0.0285  	-0.0068  	0.00507  	0.01380  	-0.0062  	0.02990  	0.00950  	0.12530  	0.26328  	0.15896  	0.01620  	-0.0641  	0.30731  	
0.09303  	0.70798  	-0.2446  	-1.7407  	-1.0803  	-1.6093  	1.32932  	0.23804  	0.04414  	0.06630  	0.02762  	-0.7365  	0.68632  	0.22337  	-1.0158  	1.50360  	-0.2460  	0.40146  	-0.0994  	0.57129  	0.31718  	0.06591  	-0.6345  	0.10886  	0.56886  	-0.2720  	0.05348  	0.10612  	-0.1517  	0.24058  	0.09119  	0.12327  	0.10254  	-0.0348  	0.29875  	-0.1816  	0.16418  	-0.2598  	-0.3061  	0.32430  	0.25128  	0.04859  	-0.0255  	0.72639  	0.26777  	-0.0997  	-0.0203  	0.12828  	0.09223  	-0.0805  	-0.0423  	-0.0263  	-0.0537  	-0.0505  	-0.0650  	-0.0474  	-0.0298  	-0.0149  	-0.0102  	0.00667  	0.01248  	0.00045  	0.04676  	0.01275  	0.12530  	0.26328  	0.15896  	0.01620  	-0.0641  	0.30731  	
0.13485  	0.68887  	-0.2536  	-1.6548  	-1.0559  	-1.6412  	1.37592  	0.25596  	0.07078  	0.03704  	0.21480  	-0.7792  	0.63151  	0.03304  	-1.2756  	1.60604  	-0.2292  	0.36674  	-0.0632  	0.62721  	0.42604  	0.05444  	-0.7014  	0.17955  	0.65904  	-0.2959  	0.11096  	0.12374  	-0.1768  	0.23331  	0.05703  	0.15351  	0.08812  	-0.0339  	0.34330  	-0.1411  	0.21479  	-0.2362  	-0.3040  	0.32384  	0.23090  	0.07929  	-0.0395  	0.71879  	0.26794  	-0.0935  	-0.0236  	0.11690  	0.09176  	-0.0702  	-0.0216  	-0.0221  	-0.0376  	-0.0417  	-0.0609  	-0.0542  	-0.0247  	-0.0085  	-0.0083  	0.00304  	0.00263  	-0.0020  	0.04544  	0.01511  	0.12530  	0.26328  	0.15896  	0.01620  	-0.0641  	0.30731  	
-0.0755  	0.58745  	-0.3893  	-1.6173  	-0.9596  	-1.7242  	1.31987  	0.12666  	-0.0116  	0.12261  	0.28127  	-0.6632  	0.53623  	-0.0778  	-1.4348  	1.73588  	-0.2621  	0.45648  	-0.0724  	0.79552  	0.26844  	0.00883  	-0.8752  	0.13578  	0.77169  	-0.3361  	0.14465  	0.26749  	-0.0944  	0.28072  	0.02104  	0.13169  	0.04779  	-0.0227  	0.31955  	-0.0325  	0.19900  	-0.2566  	-0.2881  	0.35144  	0.20980  	0.07136  	-0.0562  	0.74505  	0.29522  	-0.1005  	-0.0243  	0.12151  	0.08177  	-0.0939  	-0.0268  	-0.0229  	-0.0447  	-0.0360  	-0.0612  	-0.0537  	-0.0166  	-0.0146  	0.00115  	0.01354  	-0.0011  	-0.0238  	0.05003  	0.00894  	0.12530  	0.26328  	0.15896  	0.01620  	-0.0641  	0.30731  	
-0.1235  	0.58533  	-0.5599  	-1.4744  	-0.8847  	-1.6981  	1.33089  	0.09243  	-0.0260  	0.04711  	0.14920  	-0.5947  	0.56645  	0.04680  	-1.3111  	1.56015  	-0.2653  	0.45613  	-0.1070  	0.75417  	0.13827  	0.03268  	-0.8425  	0.10067  	0.77310  	-0.2911  	0.07949  	0.41407  	0.03210  	0.30834  	0.02335  	0.12904  	0.05684  	-0.0420  	0.27005  	-0.0195  	0.04075  	-0.2997  	-0.2355  	0.37050  	0.21309  	0.08413  	-0.0596  	0.72181  	0.29361  	-0.1022  	-0.0234  	0.10965  	0.07851  	-0.0857  	-0.0217  	-0.0261  	-0.0383  	-0.0404  	-0.0621  	-0.0517  	-0.0039  	-0.0134  	0.00854  	0.00774  	-0.0033  	-0.0211  	0.03939  	0.01658  	0.12530  	0.26328  	0.15896  	0.01620  	-0.0641  	0.30731  	
-0.0925  	0.62016  	-0.4417  	-1.5290  	-0.8819  	-1.6517  	1.33588  	0.11689  	0.01580  	0.05924  	0.13179  	-0.5618  	0.62293  	0.05996  	-1.2900  	1.61411  	-0.2916  	0.47337  	-0.0969  	0.76261  	0.17645  	0.03722  	-0.8153  	0.05470  	0.70554  	-0.2952  	0.01906  	0.39581  	0.02695  	0.28069  	0.04682  	0.10794  	0.08944  	-0.0295  	0.25632  	-0.0621  	0.05600  	-0.2917  	-0.2274  	0.36697  	0.26465  	0.07169  	-0.0548  	0.72323  	0.27538  	-0.1079  	-0.0157  	0.12490  	0.08199  	-0.0861  	-0.0216  	-0.0229  	-0.0457  	-0.0374  	-0.0596  	-0.0607  	-0.0092  	-0.0135  	0.00139  	0.01367  	0.00087  	-0.0206  	0.04914  	0.01950  	0.12530  	0.26328  	0.15896  	0.01620  	-0.0641  	0.30731  	
-0.1464  	0.60798  	-0.4661  	-1.6392  	-0.9296  	-1.7558  	1.35124  	0.16567  	0.01778  	0.10855  	0.22697  	-0.5730  	0.64372  	0.07430  	-1.4145  	1.62384  	-0.3348  	0.47355  	-0.1165  	0.78784  	0.20818  	0.03723  	-0.8081  	0.08401  	0.68799  	-0.2787  	-0.0298  	0.35817  	-0.0205  	0.24250  	0.08060  	0.08975  	0.09319  	-0.0341  	0.28012  	-0.0789  	0.07565  	-0.3064  	-0.2456  	0.33522  	0.26762  	0.07132  	-0.0335  	0.71512  	0.27671  	-0.1064  	-0.0087  	0.11241  	0.08202  	-0.0843  	-0.0181  	-0.0320  	-0.0471  	-0.0501  	-0.0643  	-0.0642  	-0.0081  	-0.0111  	-0.0046  	0.01582  	0.00677  	-0.0151  	0.04779  	0.02627  	0.12530  	0.26328  	0.15896  	0.01620  	-0.0641  	0.30731  	
-0.3970  	0.53370  	-0.5636  	-1.8354  	-1.0176  	-1.9663  	1.36404  	0.10572  	-0.0111  	0.17059  	0.50056  	-0.6232  	0.57451  	0.03340  	-1.5694  	1.57699  	-0.3470  	0.52081  	-0.1067  	0.83825  	0.22150  	-0.0013  	-0.8400  	0.16232  	0.65400  	-0.2960  	-0.0024  	0.29922  	-0.0990  	0.21049  	0.10181  	0.07416  	0.12978  	-0.0311  	0.33100  	-0.0595  	0.13397  	-0.2939  	-0.2950  	0.33294  	0.20929  	0.06799  	-0.0992  	0.70202  	0.29399  	-0.1051  	-0.0086  	0.10278  	0.07021  	-0.0765  	-0.0309  	-0.0261  	-0.0402  	-0.0481  	-0.0701  	-0.0515  	-0.0222  	-0.0180  	0.00019  	0.01918  	0.01043  	-0.0113  	0.03655  	0.00598  	0.12530  	0.26328  	0.15896  	0.01620  	-0.0641  	0.30731  	
-0.7409  	0.42296  	-0.7241  	-2.1058  	-1.0670  	-2.1406  	1.31193  	0.08803  	-0.0666  	0.08322  	0.58141  	-0.6023  	0.50049  	-0.1263  	-1.4693  	1.38275  	-0.2768  	0.46787  	-0.0947  	0.77051  	0.31943  	-0.0778  	-0.7770  	0.16612  	0.56269  	-0.2556  	0.02371  	0.24548  	-0.2062  	0.13820  	0.08873  	0.06845  	0.11230  	-0.0362  	0.33768  	-0.0882  	0.14543  	-0.2736  	-0.3243  	0.30572  	0.24824  	0.09539  	-0.1210  	0.69024  	0.29404  	-0.0966  	0.00462  	0.06847  	0.05349  	-0.0706  	-0.0360  	-0.0266  	-0.0563  	-0.0476  	-0.0720  	-0.0578  	-0.0166  	-0.0103  	-0.0063  	0.00487  	0.00473  	-0.0087  	0.04566  	0.01962  	0.12530  	0.26328  	0.15896  	0.01620  	-0.0641  	0.30731  	
-0.1470  	0.64186  	-0.4135  	-1.8949  	-1.0825  	-1.8461  	1.28554  	0.22328  	0.02711  	0.04771  	0.40901  	-0.5996  	0.63279  	0.07280  	-1.2078  	1.53460  	-0.2807  	0.39947  	-0.0745  	0.68086  	0.44534  	-0.1026  	-0.6986  	0.16840  	0.50869  	-0.2933  	0.06996  	0.10900  	-0.2498  	0.19921  	0.11144  	0.14141  	0.13110  	-0.0545  	0.35161  	-0.1859  	0.19841  	-0.2811  	-0.3004  	0.32184  	0.22419  	0.08435  	-0.0797  	0.71139  	0.29553  	-0.1025  	-0.0105  	0.09399  	0.07733  	-0.0626  	-0.0426  	-0.0292  	-0.0582  	-0.0411  	-0.0658  	-0.0617  	-0.0125  	-0.0159  	-0.0060  	0.00828  	0.01657  	-0.0038  	0.05749  	0.02190  	0.12530  	0.26328  	0.15896  	0.01620  	-0.0641  	0.30731  	
0.12058  	0.73189  	-0.1746  	-1.9460  	-1.2339  	-1.7010  	1.29320  	0.33596  	0.08443  	0.01009  	0.33017  	-0.6492  	0.60570  	0.03422  	-1.2782  	1.72504  	-0.2641  	0.45878  	-0.0533  	0.67599  	0.43839  	0.01638  	-0.6558  	0.07613  	0.54983  	-0.2950  	0.04026  	0.09363  	-0.2265  	0.19040  	0.07993  	0.16049  	0.13525  	-0.0450  	0.31147  	-0.2114  	0.27468  	-0.1945  	-0.3471  	0.28158  	0.25857  	0.03475  	0.00092  	0.73357  	0.27627  	-0.0996  	-0.0122  	0.11774  	0.08559  	-0.0894  	-0.0465  	-0.0286  	-0.0398  	-0.0462  	-0.0609  	-0.0538  	-0.0317  	-0.0159  	-0.0139  	0.01094  	0.01220  	-0.0057  	0.04438  	0.00901  	0.12530  	0.26328  	0.15896  	0.01620  	-0.0641  	0.30731  	
0.10748  	0.70575  	-0.2080  	-1.7986  	-1.0596  	-1.7035  	1.38708  	0.26721  	0.10574  	0.17170  	0.36998  	-0.5674  	0.53760  	0.03768  	-1.4050  	1.74413  	-0.3015  	0.39726  	-0.0629  	0.70662  	0.45576  	0.02525  	-0.6895  	0.07297  	0.66163  	-0.3210  	0.05592  	0.13893  	-0.1927  	0.20779  	0.02091  	0.14772  	0.11557  	-0.0413  	0.30560  	-0.1620  	0.27659  	-0.1963  	-0.2954  	0.34104  	0.23423  	0.05575  	-0.0247  	0.74462  	0.27571  	-0.0992  	-0.0203  	0.12914  	0.08930  	-0.0953  	-0.0345  	-0.0270  	-0.0371  	-0.0407  	-0.0640  	-0.0495  	-0.0277  	-0.0144  	-0.0043  	0.01236  	0.00185  	-0.0052  	0.04269  	0.02025  	0.12530  	0.26328  	0.15896  	0.01620  	-0.0641  	0.30731  	
-0.1715  	0.59096  	-0.3462  	-1.7899  	-1.0245  	-1.7933  	1.35008  	0.12391  	-0.0232  	0.14868  	0.33664  	-0.6909  	0.53391  	-0.0373  	-1.3786  	1.63104  	-0.2363  	0.40865  	-0.0513  	0.72348  	0.32900  	-0.0339  	-0.7007  	0.16850  	0.66611  	-0.2976  	0.13100  	0.06098  	-0.2417  	0.21308  	0.08182  	0.14174  	0.07774  	-0.0439  	0.34104  	-0.0960  	0.23805  	-0.2240  	-0.3567  	0.33365  	0.24714  	0.07428  	-0.0456  	0.75280  	0.27539  	-0.1058  	-0.0107  	0.09051  	0.09065  	-0.0948  	-0.0568  	-0.0218  	-0.0473  	-0.0270  	-0.0749  	-0.0639  	-0.0142  	-0.0161  	-0.0090  	0.00215  	0.00353  	-0.0078  	0.04830  	0.00701  	0.12530  	0.26328  	0.15896  	0.01620  	-0.0641  	0.30731  	
-0.4704  	0.48431  	-0.5582  	-1.9546  	-1.0662  	-1.9248  	1.28310  	0.06698  	-0.0297  	0.13550  	0.44180  	-0.6423  	0.48970  	-0.2153  	-1.5955  	1.55878  	-0.3037  	0.50357  	-0.0912  	0.77946  	0.23599  	-0.0353  	-0.7512  	0.09362  	0.57850  	-0.2707  	-0.0299  	0.31867  	-0.0478  	0.19117  	0.07667  	0.09240  	0.04852  	-0.0417  	0.23718  	-0.0319  	0.10462  	-0.2780  	-0.2855  	0.34426  	0.26261  	0.07291  	-0.0754  	0.70326  	0.29548  	-0.1088  	-0.0094  	0.09295  	0.07105  	-0.0883  	-0.0269  	-0.0257  	-0.0443  	-0.0425  	-0.0604  	-0.0651  	-0.0055  	-0.0087  	0.00424  	0.01130  	0.00430  	-0.0165  	0.04568  	0.02121  	0.12530  	0.26328  	0.15896  	0.01620  	-0.0641  	0.30731  	
-0.5661  	0.50871  	-0.6265  	-1.9575  	-1.0829  	-2.0683  	1.26929  	0.06026  	-0.0201  	0.18602  	0.39319  	-0.6279  	0.54749  	-0.2092  	-1.6439  	1.53374  	-0.2861  	0.57663  	-0.0957  	0.81931  	0.06353  	-0.0610  	-0.7960  	0.00111  	0.53752  	-0.2572  	-0.1551  	0.50105  	0.06203  	0.19537  	0.10768  	0.07126  	0.08456  	-0.0238  	0.17977  	-0.0172  	-0.0168  	-0.3085  	-0.2138  	0.35808  	0.29064  	0.06283  	-0.0617  	0.71564  	0.27637  	-0.1138  	-0.0089  	0.10564  	0.07383  	-0.0813  	-0.0335  	-0.0234  	-0.0479  	-0.0440  	-0.0585  	-0.0648  	-0.0139  	-0.0092  	-0.0008  	0.01075  	0.01522  	-0.0058  	0.04912  	0.01649  	0.12530  	0.26328  	0.15896  	0.01620  	-0.0641  	0.30731  	
-0.6708  	0.44413  	-0.7202  	-2.0178  	-1.0792  	-2.1660  	1.28452  	0.05914  	-0.0332  	0.23394  	0.49409  	-0.6329  	0.52638  	-0.2209  	-1.7273  	1.51537  	-0.3226  	0.56968  	-0.0843  	0.87185  	0.07862  	-0.0891  	-0.8469  	0.00610  	0.52512  	-0.2553  	-0.2033  	0.48209  	-0.0049  	0.18753  	0.09602  	0.07272  	0.08756  	-0.0163  	0.20832  	-0.0165  	-0.0103  	-0.3042  	-0.2246  	0.32730  	0.27119  	0.07005  	-0.0752  	0.71772  	0.27598  	-0.1062  	-0.0124  	0.10304  	0.07600  	-0.0857  	-0.0328  	-0.0276  	-0.0512  	-0.0460  	-0.0650  	-0.0657  	-0.0103  	-0.0047  	-0.0080  	-0.0009  	0.01569  	-0.0154  	0.05452  	0.01807  	0.12530  	0.26328  	0.15896  	0.01620  	-0.0641  	0.30731  	
-0.7215  	0.45766  	-0.7465  	-1.9450  	-1.0467  	-2.1509  	1.29700  	0.09010  	-0.0183  	0.20659  	0.54339  	-0.6135  	0.50794  	-0.1619  	-1.5425  	1.50117  	-0.2987  	0.53440  	-0.1314  	0.88930  	0.18606  	-0.0510  	-0.8673  	0.06920  	0.52240  	-0.2554  	-0.1496  	0.42601  	-0.0783  	0.16717  	0.11530  	0.07194  	0.14010  	-0.0074  	0.26683  	-0.0729  	0.03960  	-0.3084  	-0.2664  	0.32208  	0.24480  	0.08404  	-0.0943  	0.67495  	0.29286  	-0.1046  	-0.0006  	0.09103  	0.07140  	-0.0756  	-0.0348  	-0.0229  	-0.0460  	-0.0412  	-0.0652  	-0.0623  	-0.0127  	-0.0130  	-0.0011  	0.00742  	0.00797  	-0.0116  	0.04387  	0.01474  	0.12530  	0.26328  	0.15896  	0.01620  	-0.0641  	0.30731  	
-0.7280  	0.45499  	-0.7564  	-2.0471  	-1.0654  	-2.2074  	1.30977  	0.08152  	-0.0566  	0.21486  	0.60419  	-0.6276  	0.50716  	-0.1912  	-1.5583  	1.42193  	-0.2971  	0.50771  	-0.1054  	0.84961  	0.26551  	-0.0713  	-0.8124  	0.07786  	0.52521  	-0.2410  	-0.0961  	0.36458  	-0.0908  	0.16659  	0.11392  	0.04676  	0.12295  	-0.0231  	0.27581  	-0.0851  	0.08800  	-0.3016  	-0.2892  	0.31655  	0.26885  	0.08026  	-0.1027  	0.68003  	0.30002  	-0.0975  	-0.0043  	0.08022  	0.05817  	-0.0767  	-0.0389  	-0.0257  	-0.0532  	-0.0489  	-0.0717  	-0.0660  	-0.0133  	-0.0114  	-0.0073  	0.00555  	0.00759  	-0.0110  	0.04310  	0.01347  	0.12530  	0.26328  	0.15896  	0.01620  	-0.0641  	0.30731  	
-0.5795  	0.45268  	-0.6323  	-2.2379  	-1.2794  	-2.0466  	1.31949  	0.08738  	-0.0230  	0.25020  	0.46919  	-0.7538  	0.49720  	-0.2863  	-1.6445  	1.44331  	-0.2151  	0.52060  	-0.0866  	0.76283  	0.16504  	-0.0414  	-0.7026  	0.01453  	0.62080  	-0.2376  	-0.0847  	0.33264  	-0.0616  	0.19941  	0.14974  	0.08356  	0.09110  	-0.0456  	0.18030  	-0.0513  	0.07340  	-0.2875  	-0.2488  	0.33909  	0.33014  	0.05411  	-0.0471  	0.73013  	0.28350  	-0.1016  	-0.0069  	0.09484  	0.07801  	-0.0883  	-0.0389  	-0.0213  	-0.0475  	-0.0454  	-0.0617  	-0.0692  	-0.0224  	-0.0073  	-0.0139  	0.01007  	0.01242  	0.00643  	0.05005  	0.01983  	0.12530  	0.26328  	0.15896  	0.01620  	-0.0641  	0.30731  	
-0.6611  	0.49697  	-0.5647  	-2.3080  	-1.3113  	-2.0550  	1.34406  	0.04123  	-0.0403  	0.25397  	0.37409  	-0.7838  	0.51426  	-0.2852  	-1.6666  	1.45209  	-0.2326  	0.50320  	-0.0726  	0.78300  	0.13451  	-0.0199  	-0.6951  	-0.0154  	0.63037  	-0.2371  	-0.0658  	0.34599  	0.00738  	0.20263  	0.15522  	0.07566  	0.07302  	-0.0358  	0.10488  	-0.0505  	0.05646  	-0.2848  	-0.2464  	0.34150  	0.35792  	0.06373  	-0.0299  	0.73944  	0.29293  	-0.1144  	-0.0008  	0.10929  	0.07464  	-0.0891  	-0.0466  	-0.0232  	-0.0476  	-0.0408  	-0.0703  	-0.0700  	-0.0265  	-0.0148  	-0.0154  	0.00459  	0.01541  	0.00826  	0.05172  	0.01761  	0.12530  	0.26328  	0.15896  	0.01620  	-0.0641  	0.30731  	
-0.6664  	0.52761  	-0.5765  	-2.2407  	-1.2528  	-2.0697  	1.25288  	0.10287  	-0.0613  	0.18112  	0.43046  	-0.7520  	0.52309  	-0.4259  	-1.6382  	1.43159  	-0.1576  	0.33552  	0.01531  	0.48920  	0.19485  	-0.2594  	-0.9252  	0.00744  	0.55566  	-0.1401  	-0.0506  	0.25119  	0.07022  	0.17210  	0.25895  	0.04323  	-0.0205  	-0.1921  	0.04334  	-0.0627  	-0.0161  	-0.2879  	-0.3518  	0.25834  	0.41755  	0.18736  	-0.1566  	0.81079  	0.22646  	-0.0799  	-0.0291  	0.11481  	0.04929  	-0.0911  	-0.0335  	-0.0175  	-0.0430  	-0.0226  	-0.0604  	-0.0700  	-0.0225  	-0.0226  	-0.0033  	0.01682  	0.01586  	-0.0079  	0.03027  	0.01975  	0.12530  	0.26328  	0.15896  	0.01620  	-0.0641  	0.30731  	
-0.5303  	0.54510  	-0.5388  	-2.0927  	-1.1891  	-1.9871  	1.20862  	0.18762  	-0.0690  	0.10135  	0.38259  	-0.6751  	0.62786  	-0.3349  	-1.4534  	1.41231  	-0.0460  	0.18613  	0.06473  	0.26301  	0.29161  	-0.4189  	-1.1464  	0.05729  	0.47664  	-0.0353  	-0.0281  	0.16962  	0.08637  	0.15519  	0.34376  	-0.0025  	-0.0901  	-0.3419  	0.03791  	-0.1113  	-0.0931  	-0.2891  	-0.4647  	0.18427  	0.47447  	0.29038  	-0.2530  	0.85931  	0.17177  	-0.0651  	-0.0491  	0.13948  	0.02645  	-0.1063  	-0.0231  	-0.0114  	-0.0463  	-0.0152  	-0.0557  	-0.0664  	-0.0181  	-0.0391  	-0.0017  	0.02231  	0.02139  	-0.0130  	0.00875  	0.01957  	0.12530  	0.26328  	0.15896  	0.01620  	-0.0641  	0.30731  	
-0.3777  	0.58115  	-0.4274  	-1.9294  	-1.1765  	-1.9185  	1.20600  	0.18290  	-0.0581  	0.07724  	0.31190  	-0.6249  	0.65371  	-0.2963  	-1.3987  	1.41361  	-0.0315  	0.16105  	0.04405  	0.19875  	0.28271  	-0.4782  	-1.1969  	0.03722  	0.43709  	-0.0211  	-0.0813  	0.13613  	0.13458  	0.14663  	0.36455  	0.00513  	-0.0955  	-0.3629  	0.02688  	-0.1370  	-0.1049  	-0.2709  	-0.5005  	0.17736  	0.49787  	0.30350  	-0.2558  	0.89483  	0.15008  	-0.0714  	-0.0516  	0.14721  	0.03612  	-0.1138  	-0.0239  	-0.0146  	-0.0435  	-0.0130  	-0.0488  	-0.0648  	-0.0265  	-0.0388  	-0.0021  	0.02311  	0.01970  	-0.0107  	0.01348  	0.02317  	0.12530  	0.26328  	0.15896  	0.01620  	-0.0641  	0.30731  	
-0.3866  	0.62304  	-0.4231  	-2.0087  	-1.2015  	-1.9644  	1.22345  	0.18486  	-0.0664  	0.11696  	0.36193  	-0.6767  	0.64682  	-0.2532  	-1.4591  	1.41316  	-0.1065  	0.23099  	0.04409  	0.29662  	0.23496  	-0.4017  	-1.1827  	-0.0338  	0.44546  	-0.0618  	-0.1279  	0.23454  	0.17848  	0.13670  	0.33817  	-0.0015  	-0.0690  	-0.3171  	0.01954  	-0.0980  	-0.1252  	-0.2640  	-0.4434  	0.19797  	0.51346  	0.28011  	-0.2356  	0.87767  	0.15481  	-0.0704  	-0.0472  	0.15003  	0.03240  	-0.1129  	-0.0268  	-0.0148  	-0.0417  	-0.0100  	-0.0509  	-0.0734  	-0.0231  	-0.0385  	-0.0060  	0.02278  	0.02127  	-0.0065  	0.02265  	0.02251  	0.12530  	0.26328  	0.15896  	0.01620  	-0.0641  	0.30731  	
-0.4077  	0.58544  	-0.4691  	-2.0052  	-1.1682  	-1.9004  	1.24365  	0.12249  	-0.0293  	0.10888  	0.34201  	-0.7116  	0.56166  	-0.2211  	-1.5032  	1.47846  	-0.1731  	0.33636  	-0.0203  	0.48695  	0.23125  	-0.2521  	-0.9816  	-0.0194  	0.53037  	-0.1578  	-0.0798  	0.25702  	0.07398  	0.17458  	0.23490  	0.05650  	-0.0121  	-0.1888  	0.12879  	-0.0499  	-0.0228  	-0.2755  	-0.3859  	0.24227  	0.41935  	0.19174  	-0.1510  	0.80501  	0.22618  	-0.0864  	-0.0303  	0.11839  	0.05258  	-0.0963  	-0.0271  	-0.0196  	-0.0411  	-0.0251  	-0.0556  	-0.0620  	-0.0212  	-0.0226  	-0.0047  	0.01073  	0.01453  	-0.0035  	0.03533  	0.02284  	0.12530  	0.26328  	0.15896  	0.01620  	-0.0641  	0.30731  	
-0.3759  	0.55095  	-0.5372  	-1.9322  	-1.1488  	-1.8481  	1.24899  	0.09318  	-0.0228  	0.05319  	0.31697  	-0.7036  	0.48515  	-0.2210  	-1.4246  	1.51591  	-0.2450  	0.48473  	-0.0954  	0.71255  	0.22294  	0.00117  	-0.6918  	0.02289  	0.59894  	-0.2539  	-0.0294  	0.31143  	-0.0473  	0.20739  	0.09291  	0.11560  	0.06223  	-0.0299  	0.22521  	-0.0807  	0.12827  	-0.2555  	-0.2895  	0.30333  	0.32045  	0.07359  	-0.0552  	0.71522  	0.29072  	-0.1054  	-0.0057  	0.07543  	0.06464  	-0.0779  	-0.0390  	-0.0250  	-0.0443  	-0.0476  	-0.0653  	-0.0608  	-0.0123  	-0.0084  	-0.0044  	-0.0014  	0.00918  	-0.0009  	0.05297  	0.02032  	0.12530  	0.26328  	0.15896  	0.01620  	-0.0641  	0.30731  	
-0.2999  	0.58537  	-0.4926  	-1.8396  	-1.1071  	-1.8460  	1.24704  	0.12871  	-0.0072  	0.04006  	0.36226  	-0.6771  	0.48568  	-0.1119  	-1.3398  	1.54014  	-0.2542  	0.43028  	-0.1112  	0.68941  	0.32016  	-0.0060  	-0.7172  	0.07509  	0.58104  	-0.2716  	0.00961  	0.21285  	-0.1337  	0.22075  	0.09493  	0.12755  	0.08703  	-0.0320  	0.28964  	-0.1232  	0.20369  	-0.2403  	-0.3297  	0.27401  	0.30287  	0.06796  	-0.0696  	0.70776  	0.28214  	-0.0952  	-0.0021  	0.08387  	0.06083  	-0.0804  	-0.0431  	-0.0267  	-0.0415  	-0.0433  	-0.0673  	-0.0583  	-0.0202  	-0.0121  	-0.0029  	0.00718  	0.00781  	-0.0058  	0.04692  	0.01713  	0.12530  	0.26328  	0.15896  	0.01620  	-0.0641  	0.30731  	
-0.0931  	0.67330  	-0.3577  	-1.7839  	-1.1380  	-1.7550  	1.27122  	0.22696  	0.03325  	0.01531  	0.41175  	-0.6701  	0.53907  	0.02271  	-1.2328  	1.59049  	-0.2396  	0.40085  	-0.0951  	0.61998  	0.48935  	-0.0111  	-0.6801  	0.10321  	0.52504  	-0.2859  	0.08850  	0.07223  	-0.2789  	0.18349  	0.07603  	0.14763  	0.09527  	-0.0400  	0.38264  	-0.1963  	0.30339  	-0.1899  	-0.3804  	0.26278  	0.26325  	0.06332  	-0.0617  	0.71056  	0.28145  	-0.0970  	-0.0024  	0.08410  	0.06383  	-0.0774  	-0.0459  	-0.0195  	-0.0391  	-0.0357  	-0.0637  	-0.0540  	-0.0311  	-0.0143  	-0.0051  	0.00462  	0.01223  	0.00279  	0.04039  	0.01164  	0.12530  	0.26328  	0.15896  	0.01620  	-0.0641  	0.30731  	
0.07412  	0.73653  	-0.2324  	-1.7730  	-1.1764  	-1.6319  	1.28917  	0.32594  	0.10489  	-0.0200  	0.46694  	-0.6290  	0.55927  	0.11539  	-1.2179  	1.69586  	-0.2265  	0.34639  	-0.0819  	0.57169  	0.57251  	0.01460  	-0.5953  	0.19417  	0.51457  	-0.2955  	0.15520  	-0.0480  	-0.3923  	0.18283  	0.08174  	0.17037  	0.11522  	-0.0469  	0.42565  	-0.2377  	0.38506  	-0.1675  	-0.3916  	0.23255  	0.22742  	0.06061  	-0.0511  	0.71068  	0.27091  	-0.1010  	-0.0108  	0.10366  	0.07797  	-0.0780  	-0.0498  	-0.0188  	-0.0394  	-0.0314  	-0.0665  	-0.0463  	-0.0325  	-0.0112  	-0.0101  	0.01366  	0.01358  	0.00109  	0.04656  	0.01713  	0.12530  	0.26328  	0.15896  	0.01620  	-0.0641  	0.30731  	
0.07805  	0.73364  	-0.2311  	-1.7693  	-1.1708  	-1.6253  	1.28971  	0.32914  	0.10576  	-0.0157  	0.46533  	-0.6259  	0.56188  	0.11541  	-1.2196  	1.69992  	-0.2248  	0.34500  	-0.0827  	0.57406  	0.56970  	0.01333  	-0.5940  	0.19519  	0.51364  	-0.2958  	0.15640  	-0.0471  	-0.3927  	0.18468  	0.08026  	0.17131  	0.11506  	-0.0467  	0.42352  	-0.2365  	0.38402  	-0.1661  	-0.3888  	0.23214  	0.22468  	0.06132  	-0.0514  	0.71132  	0.27085  	-0.1002  	-0.0113  	0.10403  	0.07854  	-0.0794  	-0.0495  	-0.0187  	-0.0393  	-0.0316  	-0.0661  	-0.0466  	-0.0326  	-0.0112  	-0.0101  	0.01356  	0.01370  	0.00067  	0.04691  	0.01758  	0.12530  	0.26328  	0.15896  	0.01620  	-0.0641  	0.30731  	
-0.0081  	0.71942  	-0.2778  	-1.8354  	-1.1380  	-1.7092  	1.29254  	0.25233  	0.06840  	0.04826  	0.46656  	-0.6251  	0.56008  	0.04194  	-1.3848  	1.68942  	-0.2626  	0.41998  	-0.1018  	0.65311  	0.47443  	-0.0401  	-0.6920  	0.14337  	0.52451  	-0.2933  	0.06905  	0.09547  	-0.2890  	0.16936  	0.08770  	0.14625  	0.13139  	-0.0400  	0.38425  	-0.1813  	0.28529  	-0.2035  	-0.3570  	0.26506  	0.26771  	0.07224  	-0.0477  	0.69742  	0.26620  	-0.1016  	-0.0066  	0.10646  	0.07259  	-0.0777  	-0.0394  	-0.0197  	-0.0403  	-0.0363  	-0.0633  	-0.0509  	-0.0237  	-0.0124  	-0.0092  	0.00748  	0.01392  	-0.0067  	0.05156  	0.01966  	0.12530  	0.26328  	0.15896  	0.01620  	-0.0641  	0.30731  	
-0.2454  	0.66077  	-0.3927  	-1.9983  	-1.2246  	-1.8766  	1.27328  	0.15975  	0.04588  	0.15605  	0.48366  	-0.6552  	0.56401  	-0.0382  	-1.5541  	1.62205  	-0.2551  	0.49014  	-0.0965  	0.74759  	0.26724  	-0.0577  	-0.7348  	0.06015  	0.50472  	-0.2429  	-0.0546  	0.27317  	-0.1730  	0.14888  	0.13481  	0.09597  	0.16440  	-0.0395  	0.23322  	-0.1454  	0.18041  	-0.2408  	-0.2846  	0.30552  	0.33940  	0.05118  	-0.0163  	0.71056  	0.26925  	-0.1028  	-0.0065  	0.11373  	0.06709  	-0.0844  	-0.0418  	-0.0234  	-0.0429  	-0.0398  	-0.0636  	-0.0563  	-0.0277  	-0.0186  	-0.0098  	0.00890  	0.01457  	0.00453  	0.04931  	0.03091  	0.12530  	0.26328  	0.15896  	0.01620  	-0.0641  	0.30731  	
-0.5424  	0.46726  	-0.6087  	-2.2237  	-1.2868  	-2.0704  	1.31552  	0.02053  	-0.0266  	0.20702  	0.50464  	-0.7273  	0.50061  	-0.2330  	-1.7514  	1.48641  	-0.2320  	0.52490  	-0.1037  	0.78645  	0.12710  	-0.0616  	-0.7533  	0.00831  	0.56961  	-0.2419  	-0.1100  	0.38036  	-0.0414  	0.15934  	0.11034  	0.08993  	0.08149  	-0.0405  	0.15244  	-0.0163  	0.07655  	-0.2615  	-0.2712  	0.29458  	0.36063  	0.05040  	-0.0308  	0.72147  	0.27673  	-0.1135  	-0.0002  	0.09941  	0.07292  	-0.0798  	-0.0449  	-0.0266  	-0.0424  	-0.0427  	-0.0558  	-0.0700  	-0.0139  	-0.0082  	-0.0081  	0.00909  	0.01281  	-0.0016  	0.05883  	0.02211  	0.12530  	0.26328  	0.15896  	0.01620  	-0.0641  	0.30731  	
-0.7184  	0.44752  	-0.6675  	-2.3242  	-1.2622  	-2.1983  	1.30911  	0.00763  	-0.0417  	0.22847  	0.61560  	-0.7900  	0.45365  	-0.2658  	-1.7465  	1.42648  	-0.2558  	0.49044  	-0.1014  	0.74390  	0.21153  	-0.0357  	-0.7270  	0.08009  	0.56843  	-0.2321  	-0.0761  	0.29285  	-0.0900  	0.14697  	0.09669  	0.08694  	0.07762  	-0.0259  	0.18727  	-0.0476  	0.12853  	-0.2414  	-0.3106  	0.29368  	0.34241  	0.05816  	-0.0518  	0.70604  	0.28557  	-0.1069  	-0.0008  	0.09145  	0.05805  	-0.0831  	-0.0492  	-0.0209  	-0.0415  	-0.0364  	-0.0668  	-0.0727  	-0.0200  	-0.0118  	-0.0082  	0.00780  	0.01323  	-0.0042  	0.04978  	0.02048  	0.12530  	0.26328  	0.15896  	0.01620  	-0.0641  	0.30731  	
-0.6735  	0.47805  	-0.5951  	-2.3005  	-1.2794  	-2.1308  	1.31603  	0.04613  	-0.0160  	0.20983  	0.53397  	-0.7945  	0.48684  	-0.2249  	-1.6277  	1.46608  	-0.2286  	0.45845  	-0.1051  	0.73649  	0.21757  	-0.0284  	-0.6909  	0.11098  	0.59074  	-0.2241  	-0.0070  	0.23301  	-0.1033  	0.17273  	0.11154  	0.08572  	0.07286  	-0.0343  	0.19563  	-0.0679  	0.12050  	-0.2530  	-0.3079  	0.30794  	0.33097  	0.06567  	-0.0517  	0.71069  	0.28307  	-0.1078  	0.00192  	0.09190  	0.06014  	-0.0886  	-0.0427  	-0.0218  	-0.0436  	-0.0353  	-0.0683  	-0.0696  	-0.0201  	-0.0129  	-0.0073  	0.01277  	0.01010  	-0.0004  	0.04406  	0.01964  	0.12530  	0.26328  	0.15896  	0.01620  	-0.0641  	0.30731  	
-0.4623  	0.53646  	-0.4864  	-2.0950  	-1.2130  	-1.9205  	1.28694  	0.06636  	0.00072  	0.14748  	0.33488  	-0.7392  	0.52335  	-0.2159  	-1.5668  	1.53137  	-0.2040  	0.48244  	-0.0772  	0.70119  	0.18303  	-0.0318  	-0.6872  	0.05085  	0.56923  	-0.2310  	-0.0304  	0.27259  	-0.0777  	0.18239  	0.13077  	0.11677  	0.09398  	-0.0328  	0.16991  	-0.0944  	0.11897  	-0.2694  	-0.2809  	0.32332  	0.35945  	0.04732  	-0.0409  	0.72550  	0.28050  	-0.1048  	-0.0077  	0.09358  	0.06304  	-0.0808  	-0.0401  	-0.0251  	-0.0438  	-0.0464  	-0.0647  	-0.0673  	-0.0243  	-0.0132  	-0.0087  	0.01166  	0.01022  	0.00554  	0.05354  	0.02151  	0.12530  	0.26328  	0.15896  	0.01620  	-0.0641  	0.30731  	
-0.2841  	0.60703  	-0.3850  	-2.0625  	-1.2548  	-1.8876  	1.29098  	0.10226  	-0.0062  	0.19487  	0.31637  	-0.7242  	0.54967  	-0.1466  	-1.6373  	1.57708  	-0.2619  	0.53490  	-0.0940  	0.75138  	0.15738  	-0.0251  	-0.7322  	0.00479  	0.58572  	-0.2600  	-0.1101  	0.33813  	-0.0245  	0.18206  	0.09524  	0.10340  	0.09917  	-0.0334  	0.16046  	-0.0546  	0.07464  	-0.2609  	-0.2570  	0.33898  	0.35544  	0.04755  	-0.0204  	0.73654  	0.25934  	-0.1019  	-0.0045  	0.12068  	0.07266  	-0.0945  	-0.0279  	-0.0256  	-0.0492  	-0.0441  	-0.0640  	-0.0619  	-0.0221  	-0.0187  	-0.0115  	0.00607  	0.01085  	-0.0071  	0.04963  	0.01903  	0.12530  	0.26328  	0.15896  	0.01620  	-0.0641  	0.30731  	
-0.4225  	0.53956  	-0.5296  	-1.9904  	-1.1737  	-1.8931  	1.24977  	0.04014  	-0.0325  	0.12630  	0.36901  	-0.7412  	0.48854  	-0.2003  	-1.5403  	1.53908  	-0.2508  	0.47383  	-0.0725  	0.72261  	0.24076  	-0.0438  	-0.7658  	0.07815  	0.60968  	-0.2750  	0.02907  	0.27557  	-0.0702  	0.21138  	0.08295  	0.14123  	0.06319  	-0.0404  	0.25647  	-0.0294  	0.14236  	-0.2594  	-0.3266  	0.33454  	0.29724  	0.06715  	-0.0582  	0.71832  	0.27569  	-0.1101  	-0.0086  	0.08337  	0.06445  	-0.0951  	-0.0305  	-0.0229  	-0.0436  	-0.0402  	-0.0593  	-0.0590  	-0.0117  	-0.0125  	-0.0049  	0.00701  	0.00781  	-0.0105  	0.05329  	0.02118  	0.12530  	0.26328  	0.15896  	0.01620  	-0.0641  	0.30731  	
-0.2471  	0.54762  	-0.4657  	-1.8356  	-1.0699  	-1.8585  	1.28922  	0.01811  	-0.0482  	0.19678  	0.31321  	-0.6570  	0.49278  	-0.3117  	-1.6347  	1.72210  	-0.2728  	0.49979  	-0.0693  	0.73793  	0.11016  	-0.0468  	-0.7999  	0.06189  	0.66735  	-0.2875  	0.01717  	0.33100  	-0.0712  	0.24270  	0.06174  	0.13250  	0.02698  	-0.0389  	0.23337  	0.03552  	0.09969  	-0.2622  	-0.2881  	0.35713  	0.27811  	0.07264  	-0.0601  	0.72628  	0.28163  	-0.0994  	-0.0076  	0.10508  	0.08032  	-0.0891  	-0.0272  	-0.0193  	-0.0398  	-0.0414  	-0.0578  	-0.0678  	-0.0130  	-0.0101  	-0.0014  	0.00694  	-0.0055  	-0.0174  	0.06135  	0.01635  	0.12530  	0.26328  	0.15896  	0.01620  	-0.0641  	0.30731  	
-0.2793  	0.54321  	-0.4718  	-1.8893  	-1.0593  	-1.9353  	1.31582  	0.00799  	-0.0518  	0.21701  	0.36194  	-0.6395  	0.47803  	-0.3393  	-1.7291  	1.72453  	-0.2828  	0.56216  	-0.0716  	0.80527  	0.02629  	-0.0206  	-0.8527  	0.02812  	0.69874  	-0.2933  	-0.0266  	0.40974  	0.00094  	0.24344  	0.05929  	0.14185  	0.02625  	-0.0302  	0.20087  	0.06580  	0.06726  	-0.2661  	-0.2513  	0.34237  	0.28865  	0.06581  	-0.0484  	0.71997  	0.28844  	-0.1097  	-0.0127  	0.11078  	0.09049  	-0.0910  	-0.0284  	-0.0217  	-0.0346  	-0.0394  	-0.0572  	-0.0684  	-0.0098  	-0.0085  	-0.0006  	0.01163  	-0.0010  	-0.0214  	0.05458  	0.01823  	0.12530  	0.26328  	0.15896  	0.01620  	-0.0641  	0.30731  	
-0.4837  	0.49098  	-0.5980  	-1.9568  	-1.0982  	-1.9967  	1.29822  	0.01706  	-0.0509  	0.17624  	0.37362  	-0.6805  	0.49643  	-0.2500  	-1.7354  	1.59896  	-0.2805  	0.54500  	-0.0994  	0.83916  	0.07238  	-0.0210  	-0.8517  	0.08941  	0.67186  	-0.2769  	-0.0592  	0.44308  	0.01120  	0.23616  	0.05096  	0.12394  	0.03475  	-0.0174  	0.20567  	0.06581  	0.05533  	-0.2821  	-0.2529  	0.34812  	0.29194  	0.05550  	-0.0637  	0.71222  	0.28599  	-0.1130  	-0.0123  	0.10606  	0.07886  	-0.0900  	-0.0234  	-0.0187  	-0.0456  	-0.0426  	-0.0638  	-0.0667  	-0.0148  	-0.0110  	0.00323  	0.01039  	0.00157  	-0.0194  	0.04813  	0.01313  	0.12530  	0.26328  	0.15896  	0.01620  	-0.0641  	0.30731  	
-0.6763  	0.44140  	-0.7460  	-1.9876  	-1.0560  	-2.0632  	1.29036  	0.08349  	-0.0396  	0.14228  	0.48270  	-0.6818  	0.50816  	-0.1872  	-1.5500  	1.47259  	-0.2855  	0.46654  	-0.1217  	0.80693  	0.21736  	-0.0440  	-0.8061  	0.09373  	0.62128  	-0.2672  	0.00279  	0.35344  	-0.0513  	0.19118  	0.07261  	0.08325  	0.07553  	-0.0201  	0.28538  	-0.0351  	0.10669  	-0.2867  	-0.2803  	0.28949  	0.22228  	0.08416  	-0.1000  	0.68777  	0.29390  	-0.1043  	-0.0006  	0.08161  	0.06975  	-0.0858  	-0.0261  	-0.0260  	-0.0460  	-0.0350  	-0.0641  	-0.0592  	-0.0092  	-0.0109  	0.00210  	0.00492  	0.00621  	-0.0169  	0.04661  	0.02360  	0.12530  	0.26328  	0.15896  	0.01620  	-0.0641  	0.30731  	
-0.5391  	0.46817  	-0.6658  	-1.9451  	-1.0228  	-2.0646  	1.28931  	0.13627  	-0.0325  	0.11189  	0.54676  	-0.5604  	0.55164  	-0.0800  	-1.4235  	1.43216  	-0.3118  	0.44269  	-0.1249  	0.79239  	0.28759  	-0.0895  	-0.7991  	0.14478  	0.56927  	-0.2593  	-0.0062  	0.32231  	-0.1387  	0.18797  	0.09923  	0.09905  	0.11675  	-0.0401  	0.32919  	-0.1034  	0.11942  	-0.3012  	-0.2931  	0.32989  	0.21994  	0.08248  	-0.1192  	0.68068  	0.30605  	-0.1033  	-0.0008  	0.08458  	0.06078  	-0.0757  	-0.0370  	-0.0247  	-0.0495  	-0.0454  	-0.0692  	-0.0667  	-0.0129  	-0.0148  	-0.0066  	0.00566  	0.00730  	-0.0099  	0.05018  	0.01902  	0.12530  	0.26328  	0.15896  	0.01620  	-0.0641  	0.30731  	
-0.0976  	0.66788  	-0.3166  	-1.8404  	-1.1787  	-1.6802  	1.32763  	0.23060  	0.03701  	0.09506  	0.19020  	-0.6982  	0.65854  	0.06953  	-1.1417  	1.46838  	-0.2198  	0.41962  	-0.0905  	0.60714  	0.36674  	0.03797  	-0.6152  	0.12364  	0.55310  	-0.2811  	0.07103  	0.12686  	-0.1857  	0.20723  	0.10395  	0.12047  	0.10089  	-0.0509  	0.28803  	-0.1856  	0.20192  	-0.2696  	-0.3138  	0.35823  	0.26429  	0.06184  	-0.0457  	0.72801  	0.27561  	-0.1093  	-0.0159  	0.09396  	0.09418  	-0.0812  	-0.0406  	-0.0190  	-0.0488  	-0.0411  	-0.0656  	-0.0482  	-0.0328  	-0.0184  	-0.0026  	0.01096  	0.01467  	0.00479  	0.04458  	0.02271  	0.12530  	0.26328  	0.15896  	0.01620  	-0.0641  	0.30731  	
0.05012  	0.67559  	-0.2905  	-1.6399  	-1.0451  	-1.6709  	1.34536  	0.23879  	0.06975  	0.02421  	0.11866  	-0.7438  	0.64372  	0.03515  	-1.1991  	1.60776  	-0.2438  	0.39736  	-0.0779  	0.66444  	0.37965  	0.05287  	-0.7072  	0.14530  	0.56467  	-0.3003  	0.07563  	0.12472  	-0.1528  	0.20943  	0.04955  	0.17663  	0.08884  	-0.0303  	0.34315  	-0.1520  	0.19067  	-0.2315  	-0.3111  	0.32401  	0.23983  	0.07054  	-0.0348  	0.71572  	0.26723  	-0.1022  	-0.0232  	0.10935  	0.10300  	-0.0838  	-0.0328  	-0.0261  	-0.0446  	-0.0365  	-0.0586  	-0.0400  	-0.0177  	-0.0134  	-0.0079  	0.01345  	0.01080  	0.00361  	0.04592  	0.01851  	0.12530  	0.26328  	0.15896  	0.01620  	-0.0641  	0.30731  	
-0.0287  	0.63300  	-0.3342  	-1.7438  	-1.0382  	-1.7245  	1.30658  	0.14895  	-0.0113  	0.14726  	0.34606  	-0.6788  	0.50818  	-0.1517  	-1.4237  	1.67036  	-0.2845  	0.46335  	-0.0498  	0.74829  	0.27947  	-0.0003  	-0.7932  	0.13686  	0.64345  	-0.3043  	0.06832  	0.25340  	-0.1080  	0.21328  	0.04271  	0.14792  	0.06779  	-0.0391  	0.32401  	-0.0500  	0.18225  	-0.2532  	-0.3124  	0.36885  	0.25493  	0.05887  	-0.0569  	0.73770  	0.27886  	-0.1053  	-0.0121  	0.10959  	0.07944  	-0.0821  	-0.0319  	-0.0264  	-0.0444  	-0.0393  	-0.0613  	-0.0614  	-0.0163  	-0.0173  	-0.0080  	0.01766  	0.00289  	-0.0184  	0.05046  	0.01813  	0.12530  	0.26328  	0.15896  	0.01620  	-0.0641  	0.30731  	
-0.1006  	0.57802  	-0.3490  	-1.9367  	-1.1088  	-1.7932  	1.34830  	0.04336  	-0.0250  	0.17901  	0.30606  	-0.7397  	0.51033  	-0.2073  	-1.6441  	1.72773  	-0.3184  	0.53985  	-0.0904  	0.79129  	0.10717  	-0.0343  	-0.8334  	0.02378  	0.65367  	-0.2978  	-0.0008  	0.37059  	-0.0203  	0.22938  	0.07694  	0.14154  	0.06215  	-0.0173  	0.24426  	0.05380  	0.10468  	-0.2671  	-0.2629  	0.36103  	0.30153  	0.07426  	-0.0383  	0.73049  	0.27964  	-0.1037  	-0.0136  	0.11366  	0.09052  	-0.0837  	-0.0201  	-0.0235  	-0.0395  	-0.0413  	-0.0532  	-0.0592  	-0.0132  	-0.0107  	-0.0051  	0.01210  	0.00161  	-0.0116  	0.05352  	0.01989  	0.12530  	0.26328  	0.15896  	0.01620  	-0.0641  	0.30731  	
-0.4017  	0.53142  	-0.4986  	-2.0094  	-1.1616  	-1.9405  	1.27302  	0.09789  	-0.0630  	0.16995  	0.39171  	-0.7286  	0.53583  	-0.3063  	-1.6576  	1.56494  	-0.1918  	0.33408  	-0.0317  	0.49797  	0.23287  	-0.2663  	-1.0561  	0.07917  	0.63906  	-0.1854  	0.01233  	0.26463  	0.05899  	0.21133  	0.18878  	0.08852  	-0.0495  	-0.2086  	0.17492  	0.03075  	0.01917  	-0.2727  	-0.3984  	0.28821  	0.36836  	0.19978  	-0.1788  	0.80478  	0.22341  	-0.0869  	-0.0283  	0.11032  	0.05608  	-0.1025  	-0.0146  	-0.0152  	-0.0403  	-0.0232  	-0.0528  	-0.0680  	-0.0174  	-0.0215  	-0.0024  	0.01768  	0.00566  	-0.0112  	0.03377  	0.02117  	0.12530  	0.26328  	0.15896  	0.01620  	-0.0641  	0.30731  	
-0.5185  	0.47388  	-0.5391  	-2.0882  	-1.1938  	-1.9788  	1.19682  	0.13020  	-0.0854  	0.08019  	0.43536  	-0.7331  	0.57443  	-0.3524  	-1.4995  	1.34310  	-0.0696  	0.16212  	0.02742  	0.25519  	0.33143  	-0.4623  	-1.1554  	0.05081  	0.56095  	-0.0603  	-0.0253  	0.12431  	0.07877  	0.17467  	0.29858  	-0.0022  	-0.1202  	-0.3343  	0.10703  	-0.0589  	-0.0572  	-0.2630  	-0.5008  	0.15890  	0.42548  	0.31316  	-0.2847  	0.85338  	0.18341  	-0.0704  	-0.0467  	0.12751  	0.02334  	-0.1102  	-0.0213  	-0.0142  	-0.0389  	-0.0170  	-0.0539  	-0.0696  	-0.0194  	-0.0271  	-0.0018  	0.02446  	0.01459  	-0.0226  	0.02281  	0.02687  	0.12530  	0.26328  	0.15896  	0.01620  	-0.0641  	0.30731  	
-0.6402  	0.49951  	-0.5419  	-2.1919  	-1.2619  	-2.0934  	1.23277  	0.08716  	-0.1173  	0.15534  	0.47720  	-0.7396  	0.59264  	-0.4805  	-1.5894  	1.34989  	-0.0403  	0.18098  	0.07547  	0.23346  	0.28521  	-0.5223  	-1.1921  	-0.0231  	0.50492  	-0.0441  	-0.0764  	0.17148  	0.15053  	0.16042  	0.35062  	-0.0042  	-0.1382  	-0.3643  	-0.0068  	-0.0516  	-0.0901  	-0.2673  	-0.5068  	0.14252  	0.50447  	0.32471  	-0.2801  	0.88494  	0.17022  	-0.0634  	-0.0530  	0.13097  	0.02608  	-0.1148  	-0.0259  	-0.0134  	-0.0411  	-0.0048  	-0.0520  	-0.0704  	-0.0253  	-0.0343  	-0.0025  	0.02910  	0.02182  	-0.0109  	0.01550  	0.02068  	0.12530  	0.26328  	0.15896  	0.01620  	-0.0641  	0.30731  	
-0.6638  	0.50383  	-0.5546  	-2.1931  	-1.2613  	-2.1098  	1.21973  	0.08398  	-0.0930  	0.14561  	0.48558  	-0.7651  	0.52663  	-0.5279  	-1.6546  	1.37477  	-0.0709  	0.24520  	0.06392  	0.31491  	0.25026  	-0.4931  	-1.1529  	-0.0395  	0.50486  	-0.0617  	-0.1056  	0.23659  	0.14827  	0.14478  	0.32944  	0.02202  	-0.1234  	-0.3234  	-0.0205  	-0.0595  	-0.0737  	-0.2680  	-0.4583  	0.15015  	0.48677  	0.28065  	-0.2605  	0.87640  	0.17920  	-0.0674  	-0.0517  	0.13238  	0.03603  	-0.1073  	-0.0265  	-0.0118  	-0.0386  	-0.0099  	-0.0506  	-0.0688  	-0.0203  	-0.0291  	-0.0023  	0.02183  	0.02031  	-0.0158  	0.01981  	0.02381  	0.12530  	0.26328  	0.15896  	0.01620  	-0.0641  	0.30731  	
-0.7056  	0.50288  	-0.6000  	-2.2075  	-1.2834  	-2.1145  	1.22761  	0.06297  	-0.0846  	0.18947  	0.52342  	-0.7712  	0.47154  	-0.4474  	-1.7178  	1.39634  	-0.1431  	0.34925  	0.01102  	0.49112  	0.24223  	-0.2866  	-0.9231  	-0.0127  	0.54249  	-0.1360  	-0.0761  	0.24257  	0.04338  	0.15673  	0.24479  	0.06272  	-0.0542  	-0.2020  	0.05979  	-0.0539  	0.02920  	-0.2551  	-0.3835  	0.20069  	0.41281  	0.17646  	-0.1802  	0.80610  	0.22895  	-0.0827  	-0.0294  	0.11320  	0.04269  	-0.0927  	-0.0330  	-0.0186  	-0.0370  	-0.0243  	-0.0580  	-0.0688  	-0.0173  	-0.0163  	-0.0025  	0.01578  	0.01603  	-0.0119  	0.03523  	0.02258  	0.12530  	0.26328  	0.15896  	0.01620  	-0.0641  	0.30731  	
-0.6888  	0.49435  	-0.6346  	-2.2417  	-1.2569  	-2.0931  	1.28450  	0.02225  	-0.0753  	0.21732  	0.50807  	-0.8150  	0.45038  	-0.3409  	-1.7616  	1.46318  	-0.2569  	0.49158  	-0.0730  	0.73289  	0.15274  	-0.0284  	-0.6730  	0.01505  	0.63349  	-0.2351  	-0.0569  	0.30890  	-0.0517  	0.18771  	0.11936  	0.09812  	0.04574  	-0.0413  	0.13926  	-0.0293  	0.13091  	-0.2582  	-0.2850  	0.28312  	0.33677  	0.05600  	-0.0585  	0.73133  	0.28618  	-0.1053  	-0.0033  	0.08648  	0.05623  	-0.0798  	-0.0447  	-0.0220  	-0.0394  	-0.0400  	-0.0668  	-0.0661  	-0.0181  	-0.0102  	-0.0036  	0.00441  	0.01365  	-0.0070  	0.04963  	0.02022  	0.12530  	0.26328  	0.15896  	0.01620  	-0.0641  	0.30731  	
-0.4077  	0.51853  	-0.5829  	-1.9710  	-1.0924  	-1.9454  	1.26242  	0.16169  	0.00390  	0.10164  	0.44575  	-0.6122  	0.56304  	-0.1623  	-1.4385  	1.56679  	-0.2481  	0.47861  	-0.0868  	0.80631  	0.24482  	-0.0890  	-0.7621  	0.10672  	0.51859  	-0.2183  	-0.0085  	0.28481  	-0.0974  	0.17370  	0.12876  	0.10325  	0.12911  	-0.0327  	0.25512  	-0.1247  	0.10972  	-0.2723  	-0.2716  	0.36773  	0.25072  	0.07837  	-0.0834  	0.70286  	0.28730  	-0.1088  	-0.0022  	0.08327  	0.06270  	-0.0711  	-0.0260  	-0.0224  	-0.0574  	-0.0430  	-0.0676  	-0.0525  	-0.0258  	-0.0274  	-0.0006  	0.01257  	0.00783  	0.00065  	0.03747  	0.01869  	0.12530  	0.26328  	0.15896  	0.01620  	-0.0641  	0.30731  	
-0.0099  	0.67490  	-0.3139  	-1.6256  	-0.9667  	-1.6823  	1.33135  	0.22161  	0.03948  	0.12058  	0.06454  	-0.5994  	0.68435  	0.20617  	-1.0805  	1.53982  	-0.2628  	0.44597  	-0.0936  	0.69895  	0.28941  	0.05131  	-0.7356  	0.12825  	0.58104  	-0.2910  	0.03095  	0.20800  	-0.0906  	0.24643  	0.10600  	0.13472  	0.12155  	-0.0294  	0.29697  	-0.1556  	0.13336  	-0.2922  	-0.2508  	0.39665  	0.25626  	0.06249  	-0.0585  	0.73136  	0.27995  	-0.1050  	-0.0123  	0.13403  	0.08579  	-0.0919  	-0.0360  	-0.0263  	-0.0535  	-0.0509  	-0.0642  	-0.0494  	-0.0205  	-0.0198  	-0.0069  	0.01111  	0.01355  	-0.0029  	0.02845  	0.01537  	0.12530  	0.26328  	0.15896  	0.01620  	-0.0641  	0.30731  	
0.15151  	0.69687  	-0.2794  	-1.5624  	-1.0044  	-1.5397  	1.37124  	0.24723  	0.04025  	0.02453  	0.11803  	-0.6811  	0.66085  	0.25793  	-1.0413  	1.56006  	-0.2464  	0.38247  	-0.1067  	0.63830  	0.35438  	0.08898  	-0.6958  	0.15025  	0.65705  	-0.3053  	0.12841  	0.08945  	-0.1336  	0.25945  	0.06578  	0.13170  	0.09928  	-0.0324  	0.34839  	-0.1560  	0.18620  	-0.2574  	-0.2801  	0.35919  	0.23898  	0.07916  	-0.0608  	0.72557  	0.26846  	-0.1013  	-0.0241  	0.14592  	0.09571  	-0.0940  	-0.0284  	-0.0186  	-0.0456  	-0.0416  	-0.0659  	-0.0432  	-0.0335  	-0.0144  	-0.0110  	0.01047  	0.00688  	-0.0008  	0.04508  	0.00793  	0.12530  	0.26328  	0.15896  	0.01620  	-0.0641  	0.30731  	
0.13814  	0.70441  	-0.2860  	-1.4943  	-0.9762  	-1.5095  	1.34448  	0.26893  	0.05460  	0.02963  	0.08791  	-0.7139  	0.66312  	0.22223  	-1.0852  	1.58207  	-0.2504  	0.35362  	-0.1051  	0.59930  	0.34491  	0.11278  	-0.6918  	0.12231  	0.71679  	-0.3214  	0.12221  	0.11416  	-0.1155  	0.28719  	0.06087  	0.11567  	0.07842  	-0.0219  	0.34026  	-0.1491  	0.16658  	-0.2747  	-0.2617  	0.34186  	0.22544  	0.08099  	-0.0545  	0.72643  	0.26679  	-0.0979  	-0.0302  	0.14744  	0.10168  	-0.0895  	-0.0242  	-0.0225  	-0.0401  	-0.0409  	-0.0677  	-0.0386  	-0.0240  	-0.0129  	-0.0077  	0.01216  	0.00757  	-0.0033  	0.04583  	0.00672  	0.12530  	0.26328  	0.15896  	0.01620  	-0.0641  	0.30731  	
0.05546  	0.68566  	-0.3615  	-1.6743  	-1.0278  	-1.6485  	1.36143  	0.22519  	0.02953  	0.07487  	0.14844  	-0.7271  	0.66473  	0.21171  	-1.1461  	1.54531  	-0.2522  	0.44582  	-0.0816  	0.63697  	0.27902  	0.06367  	-0.7480  	0.11123  	0.70023  	-0.3148  	0.05888  	0.15626  	-0.0927  	0.25717  	0.07243  	0.09621  	0.09445  	-0.0279  	0.32615  	-0.1322  	0.13128  	-0.2636  	-0.2756  	0.35240  	0.24286  	0.07047  	-0.0542  	0.72376  	0.26230  	-0.0978  	-0.0242  	0.12669  	0.08677  	-0.0885  	-0.0348  	-0.0227  	-0.0483  	-0.0455  	-0.0682  	-0.0509  	-0.0212  	-0.0157  	-0.0062  	0.00836  	0.00685  	-0.0011  	0.03795  	0.00585  	0.12530  	0.26328  	0.15896  	0.01620  	-0.0641  	0.30731  	
-0.3794  	0.55143  	-0.5742  	-2.0130  	-1.1176  	-1.9617  	1.31587  	0.07654  	-0.0114  	0.14860  	0.36814  	-0.6940  	0.54825  	-0.1413  	-1.4877  	1.51484  	-0.2880  	0.54458  	-0.1043  	0.79162  	0.17248  	-0.0322  	-0.7948  	0.04987  	0.60420  	-0.2715  	-0.0652  	0.37654  	-0.0224  	0.22876  	0.12516  	0.10772  	0.11254  	-0.0203  	0.20399  	-0.0696  	0.05446  	-0.2868  	-0.2629  	0.34495  	0.30058  	0.04846  	-0.0753  	0.71382  	0.27714  	-0.1027  	-0.0076  	0.08563  	0.07294  	-0.0859  	-0.0280  	-0.0218  	-0.0428  	-0.0478  	-0.0626  	-0.0664  	-0.0119  	-0.0111  	-3.5058  	0.01396  	0.01033  	-0.0098  	0.04292  	0.01703  	0.12530  	0.26328  	0.15896  	0.01620  	-0.0641  	0.30731  	
-0.4493  	0.52062  	-0.6088  	-1.9971  	-1.1345  	-1.9674  	1.28900  	0.03430  	-0.0559  	0.11881  	0.34433  	-0.7268  	0.50288  	-0.2711  	-1.5377  	1.53353  	-0.2718  	0.53448  	-0.0905  	0.74437  	0.10911  	-0.0369  	-0.7478  	0.01046  	0.59715  	-0.2549  	-0.0506  	0.40255  	0.03097  	0.22955  	0.09797  	0.09570  	0.06289  	-0.0196  	0.18081  	-0.0184  	0.06004  	-0.2696  	-0.2657  	0.32901  	0.31904  	0.05478  	-0.0530  	0.72291  	0.27574  	-0.1048  	-0.0071  	0.08194  	0.06388  	-0.0875  	-0.0329  	-0.0210  	-0.0427  	-0.0447  	-0.0596  	-0.0673  	-0.0158  	-0.0099  	0.00286  	0.01002  	0.01053  	-0.0086  	0.04234  	0.02077  	0.12530  	0.26328  	0.15896  	0.01620  	-0.0641  	0.30731  	
-0.4627  	0.52072  	-0.6082  	-1.9699  	-1.1495  	-1.9525  	1.24897  	0.05949  	-0.0452  	0.10583  	0.35674  	-0.6942  	0.48056  	-0.2784  	-1.5012  	1.54053  	-0.2382  	0.48814  	-0.0942  	0.70786  	0.17471  	-0.0152  	-0.6894  	0.00703  	0.57742  	-0.2389  	-0.0662  	0.34972  	-0.0188  	0.21516  	0.07367  	0.09803  	0.04668  	-0.0319  	0.18816  	-0.0463  	0.11157  	-0.2478  	-0.2876  	0.31094  	0.32508  	0.06106  	-0.0517  	0.72388  	0.28417  	-0.1020  	0.00035  	0.08180  	0.06611  	-0.0870  	-0.0400  	-0.0205  	-0.0387  	-0.0393  	-0.0610  	-0.0695  	-0.0150  	-0.0083  	0.00321  	0.00741  	0.00874  	-0.0100  	0.04327  	0.01927  	0.12530  	0.26328  	0.15896  	0.01620  	-0.0641  	0.30731  	
-0.4765  	0.51824  	-0.6229  	-1.9715  	-1.1282  	-1.9695  	1.24871  	0.05038  	-0.0490  	0.11576  	0.35761  	-0.6764  	0.48524  	-0.2744  	-1.5082  	1.52765  	-0.2456  	0.49421  	-0.0938  	0.71936  	0.16333  	-0.0152  	-0.7004  	0.00290  	0.57733  	-0.2405  	-0.0767  	0.36699  	-0.0183  	0.21257  	0.08239  	0.09337  	0.05060  	-0.0316  	0.18406  	-0.0441  	0.09814  	-0.2578  	-0.2826  	0.31432  	0.32097  	0.05760  	-0.0521  	0.72557  	0.28643  	-0.1036  	0.00116  	0.08265  	0.06631  	-0.0855  	-0.0394  	-0.0213  	-0.0386  	-0.0405  	-0.0617  	-0.0699  	-0.0144  	-0.0075  	0.00208  	0.00729  	0.00775  	-0.0105  	0.04538  	0.01961  	0.12530  	0.26328  	0.15896  	0.01620  	-0.0641  	0.30731  	
-0.4677  	0.52541  	-0.6337  	-1.9167  	-1.0641  	-1.9559  	1.26511  	0.05161  	-0.0401  	0.10765  	0.34105  	-0.6446  	0.49438  	-0.2352  	-1.4863  	1.51015  	-0.2599  	0.50516  	-0.1014  	0.73899  	0.15086  	-0.0268  	-0.7435  	0.00368  	0.56665  	-0.2395  	-0.0844  	0.41733  	0.00933  	0.21218  	0.09279  	0.08609  	0.07292  	-0.0252  	0.18969  	-0.0514  	0.06297  	-0.2860  	-0.2731  	0.33256  	0.31307  	0.05817  	-0.0494  	0.71861  	0.29025  	-0.1056  	0.00237  	0.08045  	0.06570  	-0.0823  	-0.0335  	-0.0240  	-0.0390  	-0.0440  	-0.0658  	-0.0666  	-0.0108  	-0.0083  	-0.0018  	0.00911  	0.00617  	-0.0111  	0.04564  	0.01904  	0.12530  	0.26328  	0.15896  	0.01620  	-0.0641  	0.30731  	
-0.3931  	0.56148  	-0.6053  	-1.7134  	-0.9369  	-1.9055  	1.30203  	0.10028  	0.00369  	0.07740  	0.36365  	-0.5465  	0.51278  	-0.1056  	-1.3732  	1.55134  	-0.2707  	0.50894  	-0.1156  	0.79483  	0.17179  	-0.0341  	-0.8124  	0.05629  	0.52228  	-0.2440  	-0.1144  	0.46115  	-0.0115  	0.20533  	0.08708  	0.08928  	0.10792  	-0.0244  	0.25038  	-0.0905  	0.05458  	-0.3143  	-0.2460  	0.34841  	0.28458  	0.07779  	-0.0712  	0.70275  	0.28792  	-0.1010  	-0.0057  	0.09140  	0.07493  	-0.0783  	-0.0192  	-0.0255  	-0.0428  	-0.0479  	-0.0651  	-0.0545  	-0.0069  	-0.0144  	0.00388  	0.00937  	0.00597  	-0.0083  	0.03860  	0.01604  	0.12530  	0.26328  	0.15896  	0.01620  	-0.0641  	0.30731  	
-0.2697  	0.58157  	-0.5819  	-1.5625  	-0.8413  	-1.8589  	1.29361  	0.15488  	0.00746  	0.08656  	0.27946  	-0.4514  	0.58681  	0.02440  	-1.2069  	1.60895  	-0.2790  	0.51653  	-0.1159  	0.82931  	0.18013  	-0.0324  	-0.8309  	0.08957  	0.53475  	-0.2668  	-0.1360  	0.44628  	0.00335  	0.19577  	0.06812  	0.08180  	0.09784  	-0.0179  	0.29068  	-0.1187  	0.01544  	-0.3076  	-0.2469  	0.37395  	0.25258  	0.07852  	-0.0807  	0.68586  	0.28050  	-0.0969  	-0.0089  	0.09946  	0.07800  	-0.0837  	-0.0305  	-0.0242  	-0.0448  	-0.0492  	-0.0583  	-0.0643  	-0.0147  	-0.0122  	0.00477  	0.00668  	0.00196  	-0.0079  	0.03664  	0.01608  	0.12530  	0.26328  	0.15896  	0.01620  	-0.0641  	0.30731  	
-0.0563  	0.64742  	-0.4546  	-1.5466  	-0.9172  	-1.7300  	1.28530  	0.21728  	0.02033  	0.07954  	0.17479  	-0.5721  	0.65746  	0.14727  	-1.1167  	1.59018  	-0.2850  	0.39419  	-0.1099  	0.74906  	0.26972  	-0.0059  	-0.8180  	0.10609  	0.60071  	-0.2890  	0.03565  	0.26078  	-0.1002  	0.26161  	0.06327  	0.12160  	0.09349  	-0.0211  	0.33377  	-0.1488  	0.13851  	-0.2706  	-0.2930  	0.34091  	0.20772  	0.07399  	-0.0675  	0.71992  	0.28913  	-0.1032  	-0.0105  	0.09667  	0.08264  	-0.0915  	-0.0356  	-0.0273  	-0.0522  	-0.0482  	-0.0622  	-0.0499  	-0.0176  	-0.0129  	-0.0069  	0.00405  	0.01165  	0.00154  	0.04128  	0.01183  	0.12530  	0.26328  	0.15896  	0.01620  	-0.0641  	0.30731  	
-0.1961  	0.65581  	-0.4712  	-1.6042  	-0.9414  	-1.8407  	1.30348  	0.24070  	0.03411  	0.09673  	0.19722  	-0.5742  	0.67534  	0.16526  	-1.2793  	1.64648  	-0.2983  	0.48751  	-0.1137  	0.82121  	0.21702  	-0.0262  	-0.8536  	0.02324  	0.52859  	-0.2594  	-0.1090  	0.41267  	-0.0348  	0.21657  	0.08001  	0.09067  	0.13397  	-0.0156  	0.27983  	-0.1335  	0.04129  	-0.3117  	-0.2398  	0.33806  	0.25278  	0.06796  	-0.0639  	0.71838  	0.29558  	-0.1109  	-0.0048  	0.11000  	0.07739  	-0.0728  	-0.0350  	-0.0255  	-0.0461  	-0.0504  	-0.0667  	-0.0614  	-0.0176  	-0.0181  	-0.0152  	0.00220  	0.02052  	-0.0004  	0.04408  	0.02227  	0.12530  	0.26328  	0.15896  	0.01620  	-0.0641  	0.30731  	
-0.4374  	0.56935  	-0.6409  	-1.6910  	-0.9175  	-1.9892  	1.33779  	0.18190  	0.00797  	0.15166  	0.36312  	-0.5651  	0.66364  	0.15257  	-1.4924  	1.59547  	-0.3667  	0.53381  	-0.1637  	0.88086  	0.12362  	-0.0235  	-0.8856  	0.06014  	0.51790  	-0.2354  	-0.2303  	0.49895  	0.04776  	0.21033  	0.10257  	0.04624  	0.13887  	-0.0112  	0.27553  	-0.0857  	-0.0245  	-0.3503  	-0.2372  	0.36531  	0.25035  	0.08186  	-0.0682  	0.70060  	0.27861  	-0.1137  	-0.0051  	0.09068  	0.08645  	-0.0846  	-0.0349  	-0.0267  	-0.0429  	-0.0416  	-0.0635  	-0.0581  	-0.0142  	-0.0151  	-0.0129  	0.01038  	0.01679  	-0.0004  	0.04829  	0.01847  	0.12530  	0.26328  	0.15896  	0.01620  	-0.0641  	0.30731  	
-0.6291  	0.44206  	-0.7502  	-1.6168  	-0.8552  	-2.1269  	1.30976  	0.09039  	-0.0477  	0.15644  	0.45573  	-0.4221  	0.59176  	-0.0351  	-1.4026  	1.57731  	-0.3310  	0.54864  	-0.1311  	0.92192  	0.16687  	-0.0476  	-0.8586  	0.09150  	0.51230  	-0.2295  	-0.2177  	0.43626  	0.00592  	0.17330  	0.08441  	0.04504  	0.16236  	-0.0103  	0.24125  	-0.0782  	-0.0003  	-0.3282  	-0.2692  	0.32143  	0.22192  	0.08871  	-0.1018  	0.67827  	0.28516  	-0.0956  	0.01516  	0.10037  	0.09479  	-0.1082  	-0.0418  	-0.0239  	-0.0426  	-0.0349  	-0.0659  	-0.0640  	-0.0219  	-0.0115  	0.00127  	0.00729  	0.00609  	-0.0050  	0.02644  	0.00665  	0.12530  	0.26328  	0.15896  	0.01620  	-0.0641  	0.30731  	
-0.6359  	0.44058  	-0.7825  	-1.7100  	-0.8553  	-2.1552  	1.37795  	0.08720  	-0.0471  	0.17575  	0.52857  	-0.4473  	0.58570  	-0.0820  	-1.4341  	1.48607  	-0.3737  	0.55418  	-0.1239  	0.94811  	0.15211  	-0.0485  	-0.8744  	0.08522  	0.54419  	-0.2316  	-0.2112  	0.50844  	0.00073  	0.17693  	0.07741  	0.02268  	0.14496  	-0.0124  	0.25741  	-0.0527  	-0.0084  	-0.3371  	-0.2545  	0.30871  	0.22005  	0.09669  	-0.1021  	0.66796  	0.30505  	-0.1025  	0.00080  	0.09581  	0.09379  	-0.0961  	-0.0293  	-0.0280  	-0.0443  	-0.0445  	-0.0698  	-0.0665  	-0.0091  	-0.0069  	-0.0056  	0.00101  	-0.0020  	-0.0138  	0.04057  	0.01031  	0.12530  	0.26328  	0.15896  	0.01620  	-0.0641  	0.30731  	
-0.4664  	0.50959  	-0.6580  	-1.7772  	-0.9885  	-1.9868  	1.31973  	0.14506  	-0.0337  	0.17963  	0.42957  	-0.5102  	0.56891  	-0.0440  	-1.3572  	1.48321  	-0.3146  	0.54270  	-0.0786  	0.84448  	0.16497  	-0.0174  	-0.7652  	0.05511  	0.58465  	-0.2591  	-0.1537  	0.43118  	-0.0287  	0.23161  	0.09409  	0.05726  	0.10111  	-0.0303  	0.24120  	-0.0865  	0.03492  	-0.2993  	-0.2467  	0.31759  	0.25753  	0.06673  	-0.0640  	0.68240  	0.28695  	-0.0954  	-0.0102  	0.09674  	0.07454  	-0.0973  	-0.0282  	-0.0225  	-0.0428  	-0.0495  	-0.0663  	-0.0603  	-0.0143  	-0.0095  	-0.0022  	0.01344  	0.00924  	-0.0150  	0.03582  	0.00850  	0.12530  	0.26328  	0.15896  	0.01620  	-0.0641  	0.30731  	
-0.3060  	0.54766  	-0.5070  	-1.9143  	-1.1575  	-1.7968  	1.29404  	0.13232  	0.02464  	0.06880  	0.22555  	-0.7306  	0.56030  	-0.1638  	-1.4370  	1.57236  	-0.2405  	0.55671  	-0.0532  	0.75016  	0.18393  	-0.0354  	-0.7464  	0.02452  	0.63593  	-0.2613  	-0.0763  	0.37540  	-0.0357  	0.22819  	0.08396  	0.11254  	0.07648  	-0.0329  	0.20107  	-0.0956  	0.06768  	-0.2683  	-0.2583  	0.32994  	0.29604  	0.05890  	-0.0462  	0.71089  	0.27503  	-0.0926  	-0.0077  	0.10994  	0.07276  	-0.0848  	-0.0337  	-0.0199  	-0.0439  	-0.0453  	-0.0623  	-0.0550  	-0.0134  	-0.0204  	-0.0011  	0.01647  	0.00565  	-0.0140  	0.04320  	0.01781  	0.12530  	0.26328  	0.15896  	0.01620  	-0.0641  	0.30731  	
-0.1866  	0.60228  	-0.4020  	-1.7907  	-1.0721  	-1.7854  	1.24852  	0.14526  	-0.0329  	0.06919  	0.25894  	-0.6628  	0.57877  	-0.2527  	-1.3788  	1.58620  	-0.1760  	0.37725  	-0.0009  	0.52560  	0.23503  	-0.2566  	-1.0484  	0.04859  	0.54675  	-0.1861  	-0.0634  	0.28160  	0.06641  	0.20641  	0.20946  	0.07389  	-0.0225  	-0.1843  	0.15018  	-0.0668  	-0.0029  	-0.2737  	-0.3819  	0.26083  	0.38252  	0.17701  	-0.1581  	0.79875  	0.22340  	-0.0818  	-0.0362  	0.11692  	0.06481  	-0.1125  	-0.0265  	-0.0240  	-0.0430  	-0.0341  	-0.0588  	-0.0627  	-0.0123  	-0.0226  	-0.0009  	0.01793  	0.00762  	-0.0183  	0.03968  	0.01776  	0.12530  	0.26328  	0.15896  	0.01620  	-0.0641  	0.30731  	
-0.1098  	0.61199  	-0.2761  	-1.8747  	-1.0776  	-1.8947  	1.26177  	0.14848  	-0.0629  	0.14887  	0.37038  	-0.6348  	0.57941  	-0.3178  	-1.4999  	1.62736  	-0.1342  	0.24447  	0.03851  	0.33195  	0.24406  	-0.4653  	-1.3099  	0.00482  	0.51588  	-0.1152  	-0.0775  	0.22949  	0.13937  	0.18964  	0.27699  	0.04754  	-0.1091  	-0.3167  	0.12007  	-0.0041  	-0.0592  	-0.2851  	-0.4797  	0.22042  	0.45035  	0.29640  	-0.2548  	0.86888  	0.17476  	-0.0647  	-0.0591  	0.14958  	0.05445  	-0.1127  	-0.0075  	-0.0158  	-0.0348  	-0.0136  	-0.0424  	-0.0612  	-0.0187  	-0.0332  	-0.0047  	0.02824  	0.01471  	-0.0184  	0.02093  	0.02204  	0.12530  	0.26328  	0.15896  	0.01620  	-0.0641  	0.30731  	
-0.3561  	0.56911  	-0.4218  	-1.9911  	-1.1798  	-1.9917  	1.25042  	0.14584  	-0.0877  	0.16770  	0.38765  	-0.7400  	0.60763  	-0.3446  	-1.5860  	1.46901  	-0.1165  	0.20439  	0.04816  	0.25104  	0.26868  	-0.5022  	-1.3420  	0.04652  	0.56340  	-0.0835  	-0.0415  	0.21225  	0.18597  	0.17465  	0.32253  	0.02039  	-0.1422  	-0.3736  	0.07264  	0.00488  	-0.1147  	-0.2838  	-0.5084  	0.20595  	0.47085  	0.32571  	-0.2929  	0.88345  	0.16388  	-0.0706  	-0.0604  	0.13256  	0.03942  	-0.1179  	-0.0089  	-0.0091  	-0.0336  	-0.0063  	-0.0479  	-0.0685  	-0.0170  	-0.0371  	0.00274  	0.02876  	0.01517  	-0.0097  	0.01909  	0.01809  	0.12530  	0.26328  	0.15896  	0.01620  	-0.0641  	0.30731  	
-0.5649  	0.49731  	-0.5819  	-2.0068  	-1.1416  	-2.0488  	1.24946  	0.11851  	-0.0969  	0.09850  	0.45171  	-0.6921  	0.57177  	-0.2988  	-1.4931  	1.35378  	-0.1021  	0.22527  	0.04322  	0.26059  	0.30200  	-0.4501  	-1.2410  	0.05916  	0.59848  	-0.0824  	0.01284  	0.17589  	0.13108  	0.18265  	0.29591  	0.01391  	-0.1130  	-0.3376  	0.11863  	-0.0170  	-0.0514  	-0.2783  	-0.5046  	0.17294  	0.41242  	0.30782  	-0.2860  	0.85924  	0.19414  	-0.0716  	-0.0494  	0.11602  	0.02581  	-0.1099  	-0.0248  	-0.0154  	-0.0347  	-0.0092  	-0.0478  	-0.0663  	-0.0171  	-0.0296  	0.00124  	0.03104  	0.01370  	-0.0287  	0.02425  	0.02074  	0.12530  	0.26328  	0.15896  	0.01620  	-0.0641  	0.30731  	
-0.5905  	0.46672  	-0.5644  	-2.1477  	-1.2259  	-2.0521  	1.25706  	0.06393  	-0.0673  	0.13448  	0.45198  	-0.7726  	0.53872  	-0.3071  	-1.5944  	1.36766  	-0.1469  	0.34221  	-0.0228  	0.51252  	0.27602  	-0.3011  	-0.9924  	0.04933  	0.61364  	-0.1583  	-0.0405  	0.24499  	-0.0075  	0.17724  	0.20629  	0.04154  	-0.0468  	-0.2046  	0.14969  	-0.0434  	0.02245  	-0.2593  	-0.4111  	0.20959  	0.37361  	0.19797  	-0.1902  	0.77792  	0.23328  	-0.0846  	-0.0294  	0.10952  	0.04583  	-0.1014  	-0.0306  	-0.0219  	-0.0413  	-0.0228  	-0.0587  	-0.0689  	-0.0108  	-0.0171  	-0.0072  	0.01760  	0.00895  	-0.0200  	0.03754  	0.02121  	0.12530  	0.26328  	0.15896  	0.01620  	-0.0641  	0.30731  	
-0.6786  	0.48248  	-0.6341  	-2.2875  	-1.3112  	-2.0775  	1.29771  	0.00304  	-0.0488  	0.22978  	0.51960  	-0.8057  	0.48348  	-0.2618  	-1.7297  	1.42480  	-0.2428  	0.50851  	-0.0793  	0.75467  	0.19325  	-0.0499  	-0.7086  	0.03056  	0.63918  	-0.2631  	-0.0704  	0.30764  	-0.0526  	0.18346  	0.09955  	0.09558  	0.05670  	-0.0361  	0.18049  	-0.0381  	0.11989  	-0.2648  	-0.2881  	0.29514  	0.33929  	0.06192  	-0.0529  	0.70836  	0.28687  	-0.1011  	-0.0063  	0.09048  	0.06483  	-0.0815  	-0.0435  	-0.0223  	-0.0419  	-0.0380  	-0.0697  	-0.0651  	-0.0213  	-0.0102  	-0.0099  	0.00072  	0.01396  	-0.0096  	0.05196  	0.01416  	0.12530  	0.26328  	0.15896  	0.01620  	-0.0641  	0.30731  	
-0.7856  	0.42918  	-0.6867  	-2.2552  	-1.2507  	-2.1445  	1.28925  	-0.0160  	-0.0656  	0.19633  	0.58846  	-0.7951  	0.47405  	-0.3023  	-1.6764  	1.44229  	-0.2299  	0.49179  	-0.1117  	0.77893  	0.20645  	-0.0438  	-0.7022  	0.08556  	0.60115  	-0.2436  	-0.0776  	0.29879  	-0.1089  	0.17635  	0.10004  	0.09380  	0.06435  	-0.0309  	0.20358  	-0.0312  	0.10130  	-0.2657  	-0.2906  	0.29678  	0.32023  	0.06978  	-0.0943  	0.68637  	0.28826  	-0.1007  	-0.0021  	0.07459  	0.06426  	-0.0867  	-0.0473  	-0.0211  	-0.0399  	-0.0414  	-0.0680  	-0.0698  	-0.0203  	-0.0133  	-0.0043  	0.00445  	0.01376  	-0.0041  	0.04796  	0.01781  	0.12530  	0.26328  	0.15896  	0.01620  	-0.0641  	0.30731  	
-0.7880  	0.38037  	-0.7792  	-2.1671  	-1.1791  	-2.2034  	1.28325  	0.00799  	-0.0543  	0.17416  	0.61412  	-0.7488  	0.49471  	-0.2655  	-1.6210  	1.45881  	-0.2358  	0.49934  	-0.1212  	0.82373  	0.22926  	-0.0524  	-0.6874  	0.08990  	0.54836  	-0.2353  	-0.1139  	0.31989  	-0.1382  	0.16581  	0.10347  	0.09001  	0.08628  	-0.0353  	0.23806  	-0.0860  	0.10515  	-0.2721  	-0.3040  	0.29604  	0.26787  	0.07073  	-0.0985  	0.68567  	0.28640  	-0.1044  	0.00010  	0.07599  	0.06972  	-0.0813  	-0.0360  	-0.0273  	-0.0493  	-0.0446  	-0.0682  	-0.0655  	-0.0173  	-0.0085  	-0.0085  	0.00175  	0.01093  	-0.0015  	0.04455  	0.01861  	0.12530  	0.26328  	0.15896  	0.01620  	-0.0641  	0.30731  	
-0.7972  	0.39217  	-0.8044  	-2.2133  	-1.1546  	-2.2522  	1.29720  	0.02005  	-0.0627  	0.23352  	0.68937  	-0.7140  	0.49582  	-0.2821  	-1.6367  	1.43047  	-0.2708  	0.48613  	-0.1297  	0.85795  	0.27222  	-0.0786  	-0.7591  	0.09384  	0.51881  	-0.2286  	-0.0903  	0.30875  	-0.1672  	0.16132  	0.12288  	0.07686  	0.10539  	-0.0322  	0.29247  	-0.1099  	0.13104  	-0.2861  	-0.3025  	0.29804  	0.24544  	0.07810  	-0.1108  	0.68034  	0.29970  	-0.1103  	-0.0077  	0.07173  	0.06509  	-0.0754  	-0.0339  	-0.0228  	-0.0522  	-0.0464  	-0.0690  	-0.0611  	-0.0173  	-0.0160  	-0.0124  	0.00422  	0.01098  	-0.0025  	0.04588  	0.01883  	0.12530  	0.26328  	0.15896  	0.01620  	-0.0641  	0.30731  	
-0.5747  	0.43695  	-0.7188  	-1.9943  	-1.0301  	-2.2645  	1.26469  	0.18957  	-0.0526  	0.11847  	0.70625  	-0.5818  	0.52433  	-0.1450  	-1.4123  	1.37247  	-0.2903  	0.44841  	-0.1096  	0.83528  	0.40152  	-0.1313  	-0.8473  	0.19593  	0.50641  	-0.2492  	-0.0415  	0.29371  	-0.2342  	0.12386  	0.09510  	0.06573  	0.14230  	-0.0309  	0.38534  	-0.1307  	0.16175  	-0.2841  	-0.3322  	0.31615  	0.20064  	0.09837  	-0.1373  	0.67161  	0.28925  	-0.0821  	0.01374  	0.06567  	0.03961  	-0.0705  	-0.0443  	-0.0280  	-0.0559  	-0.0496  	-0.0888  	-0.0692  	-0.0083  	-0.0066  	-0.0204  	-0.0002  	0.00383  	-0.0024  	0.03594  	0.01097  	0.12530  	0.26328  	0.15896  	0.01620  	-0.0641  	0.30731  	
-0.0558  	0.64519  	-0.3820  	-1.7667  	-1.0165  	-1.8297  	1.40055  	0.18433  	0.02404  	0.18274  	0.20922  	-0.5967  	0.66263  	0.27284  	-1.0446  	1.42403  	-0.2989  	0.35857  	-0.1445  	0.70515  	0.29343  	0.03198  	-0.8356  	0.18967  	0.49352  	-0.2774  	0.05513  	0.09529  	-0.1461  	0.25050  	0.11265  	0.10587  	0.14205  	-0.0291  	0.31009  	-0.2172  	0.07964  	-0.3002  	-0.3091  	0.35069  	0.24465  	0.09292  	-0.0626  	0.68999  	0.30868  	-0.1047  	-0.0049  	0.11335  	0.07898  	-0.0573  	-0.0472  	-0.0232  	-0.0536  	-0.0304  	-0.0941  	-0.0486  	-0.0251  	-0.0274  	-0.0129  	0.02332  	0.01166  	0.00307  	0.02357  	-0.0017  	0.12530  	0.26328  	0.15896  	0.01620  	-0.0641  	0.30731  	
0.14929  	0.69206  	-0.2328  	-1.6010  	-1.0062  	-1.6221  	1.46296  	0.26434  	0.05371  	0.10843  	-0.2433  	-0.9194  	0.75802  	0.40131  	-0.8967  	1.27802  	-0.2350  	0.30560  	-0.1209  	0.42006  	0.21762  	0.22739  	-0.5272  	0.07290  	0.74636  	-0.2896  	0.19603  	0.05036  	-0.0030  	0.31044  	0.12409  	0.08725  	0.08786  	-0.0323  	0.25168  	-0.1908  	0.12656  	-0.2864  	-0.2590  	0.33451  	0.23850  	0.08032  	-0.0160  	0.74191  	0.27301  	-0.1136  	-0.0342  	0.15209  	0.11575  	-0.0813  	-0.0296  	-0.0211  	-0.0467  	-0.0415  	-0.0640  	-0.0370  	-0.0370  	-0.0230  	-0.0103  	0.01836  	0.01509  	0.00855  	0.05433  	0.01289  	0.12530  	0.26328  	0.15896  	0.01620  	-0.0641  	0.30731  	
-0.2221  	0.75218  	-0.5163  	-1.8714  	-1.1582  	-1.7982  	1.35577  	0.11657  	-0.0241  	0.15845  	-0.0123  	-0.9294  	0.70592  	0.24311  	-1.1505  	1.30979  	-0.2671  	0.36100  	-0.1686  	0.65906  	0.24701  	0.06793  	-0.7760  	0.23769  	0.80418  	-0.3246  	0.27280  	0.03351  	-0.0855  	0.36617  	0.10551  	0.07281  	0.04847  	-0.0266  	0.38048  	-0.1374  	0.15753  	-0.3499  	-0.2788  	0.37322  	0.19340  	0.13825  	-0.1292  	0.68209  	0.25036  	-0.0804  	-0.0439  	0.12388  	0.05329  	-0.0979  	-0.0273  	-0.0309  	-0.0507  	-0.0430  	-0.0978  	-0.0249  	-0.0419  	-0.0269  	-0.0073  	0.00814  	0.02088  	0.00164  	0.03188  	-0.0098  	0.12530  	0.26328  	0.15896  	0.01620  	-0.0641  	0.30731  	
-0.6026  	0.50223  	-0.7289  	-1.8764  	-1.0587  	-1.9672  	1.29684  	0.19393  	-0.0445  	0.10645  	0.47883  	-0.6523  	0.52397  	-0.0709  	-1.3421  	1.48836  	-0.3429  	0.49094  	-0.0885  	0.79101  	0.33250  	-0.0425  	-0.8018  	0.11479  	0.46654  	-0.2932  	-0.1190  	0.28488  	-0.1320  	0.20748  	0.06503  	0.11363  	0.07569  	-0.0407  	0.31404  	-0.1358  	0.13575  	-0.2736  	-0.3226  	0.32808  	0.26254  	0.08710  	-0.1194  	0.70290  	0.27889  	-0.1000  	-0.0009  	0.07803  	0.05797  	-0.0572  	-0.0389  	-0.0313  	-0.0439  	-0.0360  	-0.0703  	-0.0704  	-0.0193  	-0.0192  	-0.0034  	0.00177  	0.00613  	0.00119  	0.02834  	0.00903  	0.12530  	0.26328  	0.15896  	0.01620  	-0.0641  	0.30731  	
-0.6023  	0.46533  	-0.6208  	-2.0461  	-1.0842  	-2.0950  	1.31265  	0.09520  	-0.0424  	0.19660  	0.55177  	-0.6560  	0.50909  	-0.1856  	-1.5215  	1.48416  	-0.3028  	0.48920  	-0.0864  	0.79670  	0.18863  	-0.0233  	-0.7635  	0.08248  	0.59083  	-0.2466  	-0.0446  	0.28466  	-0.1266  	0.18862  	0.13411  	0.10107  	0.09035  	-0.0248  	0.26691  	-0.0700  	0.10708  	-0.2641  	-0.2959  	0.28776  	0.26992  	0.07867  	-0.0881  	0.69870  	0.29965  	-0.1093  	0.00541  	0.06279  	0.05799  	-0.0842  	-0.0358  	-0.0230  	-0.0405  	-0.0420  	-0.0593  	-0.0690  	-0.0168  	-0.0085  	-0.0016  	0.01868  	0.01263  	-0.0065  	0.05047  	0.01818  	0.12530  	0.26328  	0.15896  	0.01620  	-0.0641  	0.30731  	
-0.2768  	0.56887  	-0.4366  	-1.9397  	-1.1812  	-1.7344  	1.28368  	0.16541  	0.02130  	0.04018  	0.28762  	-0.7521  	0.56747  	-0.1153  	-1.4250  	1.57381  	-0.2373  	0.48616  	-0.0711  	0.70068  	0.24779  	-0.0276  	-0.7276  	0.06437  	0.58262  	-0.2735  	0.01204  	0.27223  	-0.1200  	0.19827  	0.08406  	0.12583  	0.11932  	-0.0493  	0.28288  	-0.1082  	0.12779  	-0.2541  	-0.2769  	0.31842  	0.30943  	0.05734  	-0.0463  	0.71110  	0.27349  	-0.0912  	-0.0098  	0.11537  	0.06504  	-0.0860  	-0.0279  	-0.0193  	-0.0430  	-0.0442  	-0.0685  	-0.0566  	-0.0131  	-0.0185  	-0.0033  	0.01459  	0.01390  	-0.0094  	0.05003  	0.02262  	0.12530  	0.26328  	0.15896  	0.01620  	-0.0641  	0.30731  	
-0.1082  	0.61126  	-0.3379  	-1.9172  	-1.1208  	-1.8360  	1.32110  	0.05805  	-0.0040  	0.18245  	0.35745  	-0.6396  	0.52928  	-0.2010  	-1.5738  	1.70539  	-0.2777  	0.50358  	-0.0795  	0.80486  	0.12933  	-0.0388  	-0.8257  	-0.0075  	0.60815  	-0.2821  	-0.1417  	0.37969  	-0.0303  	0.19743  	0.07345  	0.11497  	0.07684  	-0.0045  	0.23123  	-0.0087  	0.08397  	-0.2637  	-0.2649  	0.36044  	0.33075  	0.05824  	-0.0199  	0.71761  	0.26615  	-0.0988  	-0.0112  	0.12221  	0.07477  	-0.0866  	-0.0312  	-0.0220  	-0.0433  	-0.0437  	-0.0579  	-0.0636  	-0.0167  	-0.0156  	-0.0124  	0.00657  	0.00585  	-0.0058  	0.05448  	0.02192  	0.12530  	0.26328  	0.15896  	0.01620  	-0.0641  	0.30731  	
-0.3040  	0.58226  	-0.4537  	-1.9690  	-1.1464  	-1.8798  	1.30075  	0.05521  	-0.0175  	0.23095  	0.37992  	-0.7276  	0.47190  	-0.2291  	-1.6782  	1.67266  	-0.2904  	0.53813  	-0.0871  	0.80440  	0.17543  	-0.0488  	-0.8493  	0.03845  	0.69375  	-0.2899  	-0.0328  	0.36117  	-0.0158  	0.21336  	0.07663  	0.12692  	0.05326  	-0.0311  	0.21844  	0.04233  	0.09638  	-0.2758  	-0.2838  	0.34494  	0.29378  	0.05031  	-0.0535  	0.71917  	0.28450  	-0.1082  	-0.0173  	0.10344  	0.07795  	-0.0861  	-0.0224  	-0.0262  	-0.0371  	-0.0404  	-0.0554  	-0.0611  	-0.0115  	-0.0109  	-0.0039  	0.01422  	0.00784  	-0.0143  	0.05788  	0.02349  	0.12530  	0.26328  	0.15896  	0.01620  	-0.0641  	0.30731  	
-0.4472  	0.50169  	-0.6166  	-1.9431  	-1.1114  	-1.8909  	1.28546  	0.03363  	-0.0422  	0.07964  	0.35445  	-0.7005  	0.47550  	-0.2113  	-1.4931  	1.52117  	-0.2563  	0.47771  	-0.0815  	0.71226  	0.21757  	-0.0170  	-0.7434  	0.10484  	0.71236  	-0.2697  	0.03795  	0.33215  	-0.0527  	0.21571  	0.06701  	0.13168  	0.05278  	-0.0447  	0.24763  	-0.0049  	0.14099  	-0.2668  	-0.3090  	0.33981  	0.26854  	0.07458  	-0.0785  	0.72612  	0.29058  	-0.1106  	-0.0054  	0.08387  	0.06281  	-0.0840  	-0.0295  	-0.0218  	-0.0403  	-0.0393  	-0.0577  	-0.0641  	-0.0128  	-0.0043  	-0.0010  	0.00879  	0.00156  	-0.0168  	0.05371  	0.02152  	0.12530  	0.26328  	0.15896  	0.01620  	-0.0641  	0.30731  	
-0.3354  	0.54996  	-0.5025  	-1.8852  	-1.0966  	-1.8101  	1.23722  	0.08741  	-0.0164  	0.05776  	0.27547  	-0.6794  	0.50404  	-0.1375  	-1.3426  	1.49041  	-0.2276  	0.41672  	-0.0978  	0.65382  	0.29184  	0.01893  	-0.6485  	0.12859  	0.61818  	-0.2722  	0.05980  	0.19692  	-0.1212  	0.22059  	0.08001  	0.12069  	0.07145  	-0.0438  	0.29011  	-0.1027  	0.15878  	-0.2594  	-0.3209  	0.33030  	0.25108  	0.06587  	-0.0796  	0.71064  	0.28607  	-0.0979  	-0.0053  	0.07536  	0.06602  	-0.0921  	-0.0326  	-0.0251  	-0.0501  	-0.0446  	-0.0698  	-0.0624  	-0.0130  	-0.0084  	-0.0015  	0.00391  	0.00736  	-0.0151  	0.05085  	0.02191  	0.12530  	0.26328  	0.15896  	0.01620  	-0.0641  	0.30731  	
-0.2718  	0.59053  	-0.4791  	-1.8852  	-1.1473  	-1.7967  	1.28687  	0.09613  	-0.0326  	0.10343  	0.32043  	-0.6707  	0.51427  	-0.1402  	-1.3982  	1.53904  	-0.2398  	0.48072  	-0.0952  	0.70688  	0.23703  	0.02047  	-0.6800  	0.05398  	0.58627  	-0.2608  	-0.0374  	0.29367  	-0.0588  	0.19764  	0.09522  	0.11480  	0.08712  	-0.0401  	0.21844  	-0.1073  	0.11169  	-0.2548  	-0.2960  	0.34625  	0.30497  	0.05438  	-0.0350  	0.73350  	0.27114  	-0.1108  	-0.0009  	0.08114  	0.06954  	-0.0826  	-0.0383  	-0.0207  	-0.0488  	-0.0403  	-0.0629  	-0.0656  	-0.0205  	-0.0113  	-0.0031  	0.00799  	0.00924  	-0.0060  	0.04646  	0.01921  	0.12530  	0.26328  	0.15896  	0.01620  	-0.0641  	0.30731  	
-0.3407  	0.59643  	-0.5073  	-1.9617  	-1.0986  	-1.9195  	1.30591  	0.04938  	0.00628  	0.20382  	0.31349  	-0.7165  	0.54394  	-0.1191  	-1.6042  	1.55832  	-0.3076  	0.53003  	-0.0785  	0.78084  	0.12986  	-0.0484  	-0.8050  	0.01129  	0.65208  	-0.2656  	-0.1139  	0.39908  	-0.0174  	0.20788  	0.09137  	0.10166  	0.09893  	-0.0249  	0.20602  	-0.0420  	0.07328  	-0.2868  	-0.2572  	0.35244  	0.32717  	0.05996  	-0.0316  	0.72373  	0.28524  	-0.1026  	-0.0089  	0.09272  	0.07054  	-0.0936  	-0.0324  	-0.0213  	-0.0386  	-0.0379  	-0.0610  	-0.0649  	-0.0147  	-0.0129  	-0.0065  	0.00815  	0.00821  	-0.0047  	0.04939  	0.02326  	0.12530  	0.26328  	0.15896  	0.01620  	-0.0641  	0.30731  	
-0.5182  	0.49872  	-0.5568  	-2.1086  	-1.2021  	-1.9612  	1.32629  	0.04471  	-0.0435  	0.17411  	0.43580  	-0.7883  	0.48324  	-0.2109  	-1.6008  	1.51037  	-0.2657  	0.53852  	-0.0889  	0.75916  	0.19601  	-0.0268  	-0.7648  	0.08111  	0.69570  	-0.2943  	-0.0192  	0.29851  	-0.0588  	0.21875  	0.10356  	0.10969  	0.06406  	-0.0383  	0.22464  	-0.0291  	0.12260  	-0.2727  	-0.2918  	0.32924  	0.29516  	0.04633  	-0.0648  	0.72021  	0.28645  	-0.1044  	-0.0042  	0.08158  	0.07027  	-0.0902  	-0.0263  	-0.0285  	-0.0445  	-0.0383  	-0.0581  	-0.0640  	-0.0066  	-0.0071  	-0.0069  	0.01479  	0.00548  	-0.0148  	0.05093  	0.02095  	0.12530  	0.26328  	0.15896  	0.01620  	-0.0641  	0.30731  	
-0.6598  	0.46991  	-0.6238  	-2.2171  	-1.2419  	-2.0245  	1.29653  	0.00286  	-0.0791  	0.20458  	0.48340  	-0.7935  	0.44599  	-0.3245  	-1.6908  	1.45889  	-0.2458  	0.52861  	-0.0826  	0.72836  	0.16655  	-0.0535  	-0.7240  	0.03014  	0.64994  	-0.2623  	-0.0305  	0.33451  	-0.0409  	0.20143  	0.11094  	0.10777  	0.04943  	-0.0336  	0.18622  	-0.0082  	0.11867  	-0.2691  	-0.2821  	0.31240  	0.32661  	0.05264  	-0.0662  	0.71285  	0.29954  	-0.1031  	-0.0090  	0.06742  	0.04897  	-0.0702  	-0.0429  	-0.0200  	-0.0382  	-0.0433  	-0.0655  	-0.0700  	-0.0155  	-0.0070  	-0.0074  	0.00803  	0.00918  	-0.0100  	0.05114  	0.01727  	0.12530  	0.26328  	0.15896  	0.01620  	-0.0641  	0.30731  	
-0.6628  	0.49316  	-0.6246  	-2.2438  	-1.2545  	-2.0166  	1.27912  	0.00364  	-0.0531  	0.17949  	0.46595  	-0.7917  	0.43782  	-0.3553  	-1.7195  	1.48059  	-0.2531  	0.50448  	-0.0675  	0.71999  	0.14412  	-0.0414  	-0.6574  	0.02922  	0.61362  	-0.2391  	-0.0608  	0.34728  	-0.0261  	0.18877  	0.10555  	0.08972  	0.03483  	-0.0293  	0.13060  	-0.0186  	0.10836  	-0.2525  	-0.2851  	0.31042  	0.35887  	0.04867  	-0.0359  	0.72950  	0.28607  	-0.1047  	-0.0055  	0.08090  	0.05518  	-0.0804  	-0.0521  	-0.0210  	-0.0386  	-0.0382  	-0.0684  	-0.0673  	-0.0228  	-0.0103  	-0.0031  	0.00559  	0.01263  	-0.0107  	0.05084  	0.01675  	0.12530  	0.26328  	0.15896  	0.01620  	-0.0641  	0.30731  	
-0.6218  	0.48851  	-0.5808  	-2.1931  	-1.2559  	-2.0052  	1.26591  	0.01559  	-0.0210  	0.16072  	0.42546  	-0.7638  	0.45006  	-0.3426  	-1.6990  	1.53818  	-0.2321  	0.49657  	-0.0688  	0.69647  	0.13915  	-0.0204  	-0.6361  	0.01998  	0.59136  	-0.2263  	-0.0687  	0.33767  	-0.0228  	0.19429  	0.11847  	0.09802  	0.04705  	-0.0330  	0.11700  	-0.0413  	0.09356  	-0.2680  	-0.2816  	0.31162  	0.36431  	0.04787  	-0.0275  	0.73114  	0.28493  	-0.1082  	-0.0088  	0.09124  	0.06321  	-0.0839  	-0.0464  	-0.0238  	-0.0420  	-0.0401  	-0.0594  	-0.0674  	-0.0234  	-0.0103  	-0.0038  	0.00465  	0.01167  	-0.0060  	0.05338  	0.02504  	0.12530  	0.26328  	0.15896  	0.01620  	-0.0641  	0.30731  	
-0.4877  	0.55543  	-0.4968  	-2.1544  	-1.2417  	-1.9914  	1.25121  	0.04126  	-0.0238  	0.19840  	0.46052  	-0.7052  	0.47852  	-0.2861  	-1.7423  	1.59035  	-0.2586  	0.52547  	-0.0659  	0.80555  	0.17042  	-0.0557  	-0.6849  	-0.0081  	0.50839  	-0.2463  	-0.1540  	0.38871  	-0.0386  	0.15188  	0.12185  	0.09535  	0.08048  	-0.0330  	0.13299  	-0.0595  	0.10160  	-0.2574  	-0.2593  	0.32283  	0.37602  	0.03288  	-0.0299  	0.73669  	0.27502  	-0.1094  	-0.0087  	0.10368  	0.06722  	-0.0870  	-0.0344  	-0.0260  	-0.0427  	-0.0414  	-0.0590  	-0.0692  	-0.0204  	-0.0129  	-0.0036  	0.00295  	0.01300  	0.00531  	0.04594  	0.01892  	0.12530  	0.26328  	0.15896  	0.01620  	-0.0641  	0.30731  	
-0.6917  	0.46401  	-0.6419  	-2.2686  	-1.2757  	-2.1576  	1.28732  	-0.0034  	-0.0176  	0.22423  	0.54157  	-0.7265  	0.50945  	-0.2892  	-1.8349  	1.46815  	-0.2680  	0.53969  	-0.0862  	0.79917  	0.13136  	-0.1002  	-0.7260  	-0.0009  	0.51557  	-0.2407  	-0.1583  	0.38924  	-0.0417  	0.13323  	0.11610  	0.09446  	0.07531  	-0.0277  	0.16046  	-0.0344  	0.04821  	-0.2745  	-0.2677  	0.28785  	0.34702  	0.05608  	-0.0414  	0.71836  	0.28423  	-0.1126  	-0.0064  	0.10091  	0.07489  	-0.0868  	-0.0408  	-0.0267  	-0.0403  	-0.0422  	-0.0566  	-0.0624  	-0.0152  	-0.0079  	-0.0063  	8.68296  	0.01952  	-0.0060  	0.05640  	0.01877  	0.12530  	0.26328  	0.15896  	0.01620  	-0.0641  	0.30731  	
-0.7139  	0.45586  	-0.6751  	-2.2529  	-1.2214  	-2.1728  	1.28450  	0.03508  	-0.0311  	0.19038  	0.60984  	-0.7312  	0.48285  	-0.2320  	-1.7119  	1.43403  	-0.2671  	0.50017  	-0.0964  	0.78679  	0.21964  	-0.0832  	-0.7652  	0.10322  	0.58669  	-0.2476  	-0.0884  	0.30757  	-0.0803  	0.14810  	0.08759  	0.07925  	0.07997  	-0.0228  	0.23769  	-0.0559  	0.10548  	-0.2697  	-0.2951  	0.28734  	0.30206  	0.06435  	-0.0686  	0.69620  	0.29174  	-0.1061  	-0.0083  	0.08970  	0.06524  	-0.0855  	-0.0404  	-0.0237  	-0.0404  	-0.0421  	-0.0665  	-0.0656  	-0.0185  	-0.0134  	-0.0070  	0.00428  	0.01141  	-0.0079  	0.04494  	0.01866  	0.12530  	0.26328  	0.15896  	0.01620  	-0.0641  	0.30731  	
-0.7376  	0.45287  	-0.6751  	-2.2707  	-1.2241  	-2.1955  	1.30415  	0.03106  	-0.0362  	0.23176  	0.62168  	-0.7665  	0.45694  	-0.2689  	-1.7424  	1.43328  	-0.2577  	0.46287  	-0.1068  	0.76192  	0.24091  	-0.0431  	-0.7059  	0.10579  	0.57800  	-0.2360  	-0.0708  	0.27545  	-0.0809  	0.14249  	0.10071  	0.09684  	0.07682  	-0.0306  	0.18789  	-0.0719  	0.11674  	-0.2627  	-0.2939  	0.28799  	0.30382  	0.06789  	-0.0645  	0.69963  	0.28942  	-0.1068  	-0.0013  	0.09275  	0.06739  	-0.0813  	-0.0410  	-0.0234  	-0.0412  	-0.0353  	-0.0629  	-0.0692  	-0.0164  	-0.0134  	-0.0070  	0.01011  	0.01050  	-0.0063  	0.04345  	0.01993  	0.12530  	0.26328  	0.15896  	0.01620  	-0.0641  	0.30731  	
-0.6548  	0.46853  	-0.5960  	-2.2539  	-1.1802  	-2.1224  	1.27092  	0.06159  	-0.0324  	0.18528  	0.65040  	-0.7295  	0.48470  	-0.1852  	-1.7223  	1.46847  	-0.2596  	0.46300  	-0.1130  	0.80141  	0.30143  	-0.1257  	-0.7875  	0.12371  	0.54985  	-0.2287  	-0.0985  	0.25560  	-0.1388  	0.13695  	0.12317  	0.09249  	0.07603  	-0.0348  	0.26171  	-0.0989  	0.14045  	-0.2762  	-0.2937  	0.27882  	0.28476  	0.07264  	-0.0738  	0.68538  	0.28328  	-0.1053  	-0.0028  	0.09341  	0.05901  	-0.0836  	-0.0357  	-0.0216  	-0.0463  	-0.0407  	-0.0685  	-0.0590  	-0.0142  	-0.0144  	-0.0123  	0.00802  	0.00992  	0.00437  	0.04591  	0.01825  	0.12530  	0.26328  	0.15896  	0.01620  	-0.0641  	0.30731  	
0.00051  	0.63420  	-0.3813  	-1.5795  	-0.9382  	-1.7076  	1.34127  	0.20928  	0.02415  	0.10009  	0.12490  	-0.5602  	0.67651  	0.17562  	-1.0993  	1.50737  	-0.2664  	0.36616  	-0.0829  	0.72647  	0.27100  	0.03864  	-0.7340  	0.16064  	0.55302  	-0.2865  	0.08629  	0.25165  	-0.1362  	0.22980  	0.09663  	0.12664  	0.12648  	-0.0390  	0.32072  	-0.1533  	0.15075  	-0.2870  	-0.2915  	0.37601  	0.22257  	0.04944  	-0.0671  	0.73684  	0.27702  	-0.1172  	-0.0122  	0.11930  	0.09181  	-0.0904  	-0.0402  	-0.0239  	-0.0559  	-0.0455  	-0.0647  	-0.0515  	-0.0212  	-0.0245  	-0.0045  	0.01747  	0.01235  	-0.0004  	0.02478  	0.00877  	0.12530  	0.26328  	0.15896  	0.01620  	-0.0641  	0.30731  	
0.10269  	0.67763  	-0.3456  	-1.4316  	-0.9014  	-1.5464  	1.37278  	0.22281  	0.02361  	0.03042  	-0.0131  	-0.6985  	0.72107  	0.30568  	-0.9712  	1.49591  	-0.2490  	0.38506  	-0.1146  	0.64993  	0.25307  	0.09751  	-0.7520  	0.11550  	0.71346  	-0.3059  	0.13667  	0.18687  	-0.0275  	0.30007  	0.05793  	0.11624  	0.10339  	-0.0163  	0.33612  	-0.1331  	0.11006  	-0.2908  	-0.2323  	0.37268  	0.22072  	0.09324  	-0.0635  	0.72836  	0.27573  	-0.1052  	-0.0175  	0.14313  	0.10110  	-0.0955  	-0.0284  	-0.0216  	-0.0445  	-0.0445  	-0.0632  	-0.0452  	-0.0303  	-0.0163  	-0.0114  	0.01386  	0.00755  	-0.0010  	0.04116  	0.01027  	0.12530  	0.26328  	0.15896  	0.01620  	-0.0641  	0.30731  	
0.05075  	0.69697  	-0.3827  	-1.4441  	-0.9429  	-1.5588  	1.37507  	0.23985  	0.01976  	0.02693  	0.02277  	-0.7774  	0.66058  	0.24556  	-1.0002  	1.51885  	-0.2365  	0.37898  	-0.1026  	0.58675  	0.31756  	0.10096  	-0.7253  	0.14552  	0.80493  	-0.3095  	0.17934  	0.16299  	-0.0234  	0.29423  	0.03827  	0.10910  	0.07085  	-0.0194  	0.34897  	-0.1190  	0.13078  	-0.2793  	-0.2538  	0.36809  	0.20451  	0.08760  	-0.0622  	0.73317  	0.27465  	-0.0994  	-0.0281  	0.12726  	0.09173  	-0.0905  	-0.0260  	-0.0213  	-0.0419  	-0.0432  	-0.0645  	-0.0446  	-0.0279  	-0.0177  	-0.0019  	0.01175  	0.00874  	-0.0038  	0.03318  	0.00513  	0.12530  	0.26328  	0.15896  	0.01620  	-0.0641  	0.30731  	
-0.2738  	0.60393  	-0.4759  	-1.8352  	-1.0587  	-1.7865  	1.32837  	0.05301  	-0.0107  	0.17606  	0.21629  	-0.6597  	0.58041  	-0.0320  	-1.4396  	1.54173  	-0.2980  	0.52469  	-0.1002  	0.74774  	0.12055  	-0.0059  	-0.8532  	0.00697  	0.70003  	-0.2875  	-0.0627  	0.37517  	0.02962  	0.23981  	0.11469  	0.11012  	0.07722  	-0.0414  	0.21727  	-0.0549  	0.07781  	-0.2969  	-0.2232  	0.36335  	0.29933  	0.03600  	-0.0354  	0.70567  	0.27028  	-0.0960  	-0.0009  	0.11126  	0.07596  	-0.0827  	-0.0145  	-0.0318  	-0.0500  	-0.0506  	-0.0586  	-0.0570  	-0.0152  	-0.0128  	-0.0086  	0.01185  	0.00085  	-0.0085  	0.05270  	0.02418  	0.12530  	0.26328  	0.15896  	0.01620  	-0.0641  	0.30731  	
-0.5295  	0.44689  	-0.6303  	-2.2810  	-1.2517  	-1.9914  	1.31600  	-0.0134  	-0.0469  	0.18889  	0.44957  	-0.7898  	0.47818  	-0.3063  	-1.7108  	1.48641  	-0.2607  	0.57866  	-0.1022  	0.78360  	0.09223  	-0.0678  	-0.7676  	0.04085  	0.67418  	-0.2619  	-0.0639  	0.40239  	0.00207  	0.21314  	0.14336  	0.09014  	0.06143  	-0.0269  	0.17717  	-0.0188  	0.08627  	-0.2759  	-0.2621  	0.30141  	0.31849  	0.06465  	-0.0433  	0.71527  	0.28378  	-0.1121  	-0.0092  	0.08691  	0.05855  	-0.0805  	-0.0304  	-0.0199  	-0.0446  	-0.0454  	-0.0587  	-0.0690  	-0.0118  	-0.0031  	-0.0100  	0.00550  	0.00383  	-0.0091  	0.05610  	0.02821  	0.12530  	0.26328  	0.15896  	0.01620  	-0.0641  	0.30731  	
-0.7313  	0.42287  	-0.7173  	-2.1900  	-1.2443  	-2.1667  	1.33024  	-0.0228  	-0.0432  	0.20236  	0.50846  	-0.7259  	0.47262  	-0.3292  	-1.6914  	1.48069  	-0.2453  	0.53337  	-0.1194  	0.77519  	0.11242  	-0.0453  	-0.7248  	0.07110  	0.58014  	-0.2215  	-0.0852  	0.35285  	0.01514  	0.19006  	0.11303  	0.07940  	0.05677  	-0.0303  	0.16732  	-0.0229  	0.04800  	-0.2570  	-0.2725  	0.34363  	0.34191  	0.06776  	-0.0464  	0.71477  	0.28697  	-0.1102  	0.00277  	0.07927  	0.05945  	-0.0845  	-0.0356  	-0.0197  	-0.0428  	-0.0322  	-0.0572  	-0.0663  	-0.0225  	-0.0115  	-0.0103  	0.01848  	0.01032  	0.00315  	0.03870  	0.01729  	0.12530  	0.26328  	0.15896  	0.01620  	-0.0641  	0.30731  	
-0.4869  	0.49197  	-0.6173  	-2.0576  	-1.1565  	-1.9393  	1.27898  	0.06216  	-0.0425  	0.12847  	0.38768  	-0.6575  	0.55968  	-0.2143  	-1.5571  	1.51522  	-0.2370  	0.51031  	-0.0825  	0.80899  	0.13453  	-0.0157  	-0.7348  	0.02455  	0.61283  	-0.2490  	-0.1179  	0.40635  	-0.0191  	0.20284  	0.11881  	0.08078  	0.06242  	-0.0252  	0.17316  	-0.0313  	0.04471  	-0.2932  	-0.2234  	0.32424  	0.31462  	0.05191  	-0.0446  	0.70979  	0.27823  	-0.1024  	-0.0035  	0.11152  	0.06155  	-0.0811  	-0.0285  	-0.0250  	-0.0432  	-0.0490  	-0.0633  	-0.0609  	-0.0168  	-0.0146  	-0.0036  	0.00554  	0.01100  	-0.0050  	0.03967  	0.01763  	0.12530  	0.26328  	0.15896  	0.01620  	-0.0641  	0.30731  	
-0.2755  	0.59894  	-0.4413  	-1.8707  	-1.1208  	-1.8128  	1.28190  	0.10262  	0.01201  	0.08476  	0.27598  	-0.6728  	0.56238  	-0.1117  	-1.4347  	1.55345  	-0.2437  	0.49755  	-0.0824  	0.74778  	0.17033  	-0.0056  	-0.7496  	0.02829  	0.59375  	-0.2526  	-0.0947  	0.36680  	-0.0324  	0.19756  	0.08941  	0.09733  	0.10654  	-0.0215  	0.20588  	-0.0775  	0.08195  	-0.2807  	-0.2484  	0.35305  	0.31333  	0.05596  	-0.0192  	0.71899  	0.27158  	-0.1126  	-0.0089  	0.10601  	0.07588  	-0.0868  	-0.0291  	-0.0239  	-0.0457  	-0.0424  	-0.0629  	-0.0577  	-0.0156  	-0.0170  	0.00179  	0.01132  	0.00716  	-0.0048  	0.03858  	0.02445  	0.12530  	0.26328  	0.15896  	0.01620  	-0.0641  	0.30731  	
-0.1581  	0.62105  	-0.4350  	-2.0231  	-1.1696  	-1.8826  	1.31166  	0.05792  	0.02437  	0.19224  	0.36333  	-0.6888  	0.55835  	-0.1328  	-1.6295  	1.66236  	-0.3123  	0.52703  	-0.0782  	0.82651  	0.13018  	-0.0318  	-0.8220  	-0.0158  	0.64324  	-0.2768  	-0.1580  	0.42632  	-0.0171  	0.18920  	0.07485  	0.10542  	0.10240  	-0.0354  	0.17856  	-0.0191  	0.09342  	-0.2770  	-0.2484  	0.35577  	0.35742  	0.05575  	-0.0210  	0.72071  	0.27865  	-0.1077  	-0.0035  	0.11879  	0.08284  	-0.0811  	-0.0308  	-0.0266  	-0.0381  	-0.0365  	-0.0605  	-0.0586  	-0.0174  	-0.0227  	-0.0016  	0.01264  	0.00974  	-0.0016  	0.04851  	0.01563  	0.12530  	0.26328  	0.15896  	0.01620  	-0.0641  	0.30731  	
-0.4478  	0.53341  	-0.5392  	-2.1353  	-1.1843  	-1.9908  	1.33433  	0.07069  	-0.0059  	0.20570  	0.50012  	-0.7659  	0.50474  	-0.1264  	-1.7019  	1.61027  	-0.2555  	0.54250  	-0.0572  	0.81988  	0.18701  	-0.1206  	-0.8091  	0.08796  	0.68759  	-0.2854  	-0.0637  	0.26737  	-0.0933  	0.18549  	0.11807  	0.09769  	0.10797  	-0.0300  	0.27849  	-0.0219  	0.12305  	-0.2830  	-0.2949  	0.33759  	0.29290  	0.05724  	-0.0618  	0.72225  	0.29023  	-0.1002  	-0.0079  	0.07917  	0.07242  	-0.0876  	-0.0337  	-0.0272  	-0.0483  	-0.0477  	-0.0654  	-0.0674  	-0.0149  	-0.0108  	-0.0112  	0.00759  	0.00262  	-0.0029  	0.05864  	0.02474  	0.12530  	0.26328  	0.15896  	0.01620  	-0.0641  	0.30731  	
-0.8301  	0.38046  	-0.7193  	-2.2477  	-1.1622  	-2.1875  	1.26511  	0.02068  	-0.0507  	0.18763  	0.67347  	-0.7900  	0.46497  	-0.2875  	-1.6300  	1.42039  	-0.2527  	0.43712  	-0.1359  	0.74147  	0.32402  	-0.0922  	-0.7210  	0.13900  	0.53283  	-0.2619  	0.01532  	0.19894  	-0.2203  	0.15998  	0.10308  	0.10446  	0.12455  	-0.0516  	0.35722  	-0.1038  	0.19535  	-0.2792  	-0.3419  	0.31188  	0.24776  	0.07340  	-0.1285  	0.68393  	0.30014  	-0.1110  	0.00019  	0.05544  	0.06034  	-0.0723  	-0.0369  	-0.0236  	-0.0468  	-0.0457  	-0.0703  	-0.0607  	-0.0228  	-0.0160  	-0.0086  	0.01488  	0.01047  	-0.0020  	0.03987  	0.02146  	0.12530  	0.26328  	0.15896  	0.01620  	-0.0641  	0.30731  	
-0.8265  	0.38932  	-0.7282  	-2.2750  	-1.1729  	-2.2999  	1.27035  	0.02992  	-0.0512  	0.27640  	0.68787  	-0.7074  	0.47965  	-0.2652  	-1.6795  	1.45526  	-0.2687  	0.45629  	-0.1074  	0.77548  	0.27879  	-0.0771  	-0.6666  	0.07628  	0.52568  	-0.2284  	-0.0471  	0.23737  	-0.1731  	0.17045  	0.12966  	0.08781  	0.09781  	-0.0458  	0.26343  	-0.1126  	0.16933  	-0.2662  	-0.3053  	0.28513  	0.26036  	0.06706  	-0.1070  	0.70441  	0.30181  	-0.1012  	-0.0020  	0.06809  	0.06565  	-0.0844  	-0.0379  	-0.0217  	-0.0511  	-0.0426  	-0.0697  	-0.0643  	-0.0212  	-0.0069  	-0.0087  	0.01062  	0.01484  	-0.0045  	0.04786  	0.01548  	0.12530  	0.26328  	0.15896  	0.01620  	-0.0641  	0.30731  	
-0.6726  	0.46666  	-0.7011  	-2.2336  	-1.2042  	-2.1289  	1.29455  	0.06295  	-0.0387  	0.24293  	0.55541  	-0.7352  	0.48768  	-0.2834  	-1.7565  	1.44260  	-0.2225  	0.51767  	-0.1090  	0.78474  	0.18514  	-0.0576  	-0.7070  	0.04279  	0.59938  	-0.2389  	-0.0964  	0.33220  	-0.0812  	0.16190  	0.11499  	0.08084  	0.10450  	-0.0409  	0.18285  	-0.0443  	0.07201  	-0.2929  	-0.2364  	0.30543  	0.29574  	0.07760  	-0.0753  	0.69551  	0.28653  	-0.1009  	-0.0028  	0.09132  	0.07169  	-0.0827  	-0.0402  	-0.0173  	-0.0479  	-0.0411  	-0.0642  	-0.0671  	-0.0197  	-0.0065  	-0.0051  	0.00538  	0.01143  	-0.0074  	0.04414  	0.01586  	0.12530  	0.26328  	0.15896  	0.01620  	-0.0641  	0.30731  	
-0.6211  	0.50913  	-0.6294  	-2.1669  	-1.2075  	-2.0272  	1.31110  	0.06812  	-0.0194  	0.18283  	0.41127  	-0.7372  	0.50397  	-0.2819  	-1.6559  	1.43211  	-0.2391  	0.52133  	-0.0942  	0.78914  	0.15538  	-0.0446  	-0.6976  	0.00848  	0.61999  	-0.2477  	-0.1024  	0.34964  	-0.0250  	0.19003  	0.12138  	0.07501  	0.09207  	-0.0302  	0.14414  	-0.0451  	0.05728  	-0.2905  	-0.2344  	0.33889  	0.32421  	0.05737  	-0.0344  	0.73122  	0.29018  	-0.1066  	-0.0023  	0.09500  	0.07113  	-0.0860  	-0.0416  	-0.0236  	-0.0467  	-0.0360  	-0.0629  	-0.0674  	-0.0182  	-0.0095  	-0.0102  	0.00907  	0.01261  	-9.0297  	0.04846  	0.01530  	0.12530  	0.26328  	0.15896  	0.01620  	-0.0641  	0.30731  	
-0.4755  	0.51046  	-0.5902  	-2.0675  	-1.1885  	-1.9448  	1.26726  	0.06169  	-0.0035  	0.13506  	0.33979  	-0.7197  	0.51296  	-0.2634  	-1.5478  	1.49840  	-0.2360  	0.49907  	-0.0611  	0.76367  	0.17420  	-0.0084  	-0.6771  	0.00314  	0.62316  	-0.2456  	-0.0669  	0.34565  	-0.0445  	0.20706  	0.11289  	0.08420  	0.07262  	-0.0235  	0.13607  	-0.0719  	0.08377  	-0.2755  	-0.2657  	0.33689  	0.32144  	0.04320  	-0.0338  	0.72657  	0.28147  	-0.1067  	-0.0004  	0.09717  	0.06475  	-0.0868  	-0.0455  	-0.0245  	-0.0483  	-0.0360  	-0.0660  	-0.0686  	-0.0179  	-0.0145  	-0.0073  	0.00914  	0.01061  	-0.0091  	0.04811  	0.02060  	0.12530  	0.26328  	0.15896  	0.01620  	-0.0641  	0.30731  	
-0.2584  	0.58666  	-0.4192  	-2.0531  	-1.1625  	-1.8435  	1.31923  	0.12460  	0.00133  	0.12929  	0.33736  	-0.7420  	0.49712  	-0.1757  	-1.6237  	1.63242  	-0.2778  	0.52740  	-0.0715  	0.74428  	0.18301  	-0.0274  	-0.7696  	0.00417  	0.61304  	-0.2854  	-0.0714  	0.34976  	-0.0145  	0.21208  	0.06804  	0.10848  	0.08216  	-0.0346  	0.19170  	-0.0487  	0.13689  	-0.2640  	-0.2607  	0.33786  	0.35927  	0.05865  	-0.0343  	0.73587  	0.27958  	-0.1097  	-0.0250  	0.10045  	0.07946  	-0.0928  	-0.0382  	-0.0260  	-0.0480  	-0.0394  	-0.0601  	-0.0545  	-0.0189  	-0.0153  	-0.0082  	0.00463  	0.00804  	-0.0032  	0.04868  	0.01910  	0.12530  	0.26328  	0.15896  	0.01620  	-0.0641  	0.30731  	
-0.5564  	0.45905  	-0.6110  	-2.1024  	-1.1500  	-2.0240  	1.34854  	0.00810  	-0.0270  	0.19333  	0.53579  	-0.7248  	0.49614  	-0.2040  	-1.6932  	1.52313  	-0.2561  	0.52586  	-0.1075  	0.80044  	0.21047  	-0.0861  	-0.7797  	0.11245  	0.67008  	-0.2710  	-0.0361  	0.31211  	-0.0996  	0.20492  	0.10323  	0.09380  	0.09271  	-0.0214  	0.27539  	-0.0225  	0.13645  	-0.2863  	-0.3071  	0.30980  	0.28941  	0.06949  	-0.0748  	0.70576  	0.29272  	-0.1035  	-0.0084  	0.07217  	0.06805  	-0.0825  	-0.0312  	-0.0296  	-0.0452  	-0.0398  	-0.0566  	-0.0576  	-0.0109  	-0.0081  	-0.0027  	0.01615  	0.00453  	-0.0076  	0.05049  	0.01715  	0.12530  	0.26328  	0.15896  	0.01620  	-0.0641  	0.30731  	
-0.7051  	0.40801  	-0.7029  	-2.1863  	-1.1686  	-2.1406  	1.28810  	0.04207  	-0.0430  	0.15829  	0.57532  	-0.7135  	0.45738  	-0.2787  	-1.5860  	1.42088  	-0.2530  	0.49981  	-0.0782  	0.76025  	0.25094  	-0.0619  	-0.7518  	0.07938  	0.58942  	-0.2654  	0.02625  	0.29174  	-0.1276  	0.17944  	0.08573  	0.08288  	0.08119  	-0.0312  	0.27911  	-0.0549  	0.12550  	-0.2556  	-0.3054  	0.30563  	0.29497  	0.06694  	-0.0950  	0.70952  	0.29221  	-0.1063  	0.00184  	0.06728  	0.05386  	-0.0770  	-0.0421  	-0.0276  	-0.0468  	-0.0407  	-0.0706  	-0.0653  	-0.0161  	-0.0097  	-0.0076  	0.01196  	0.00582  	-0.0190  	0.04916  	0.02116  	0.12530  	0.26328  	0.15896  	0.01620  	-0.0641  	0.30731  	
-0.6165  	0.47176  	-0.5883  	-2.1495  	-1.2255  	-1.9972  	1.28478  	0.09009  	-0.0389  	0.17382  	0.53455  	-0.7165  	0.51047  	-0.2198  	-1.5907  	1.48974  	-0.2395  	0.46651  	-0.1200  	0.77026  	0.19811  	-0.0117  	-0.6818  	0.07600  	0.58855  	-0.2327  	-0.0573  	0.29430  	-0.0771  	0.17062  	0.13226  	0.08636  	0.07858  	-0.0368  	0.18695  	-0.0534  	0.07699  	-0.2593  	-0.2605  	0.30147  	0.30085  	0.06508  	-0.0559  	0.69848  	0.28800  	-0.1056  	0.00833  	0.08391  	0.06134  	-0.0807  	-0.0383  	-0.0210  	-0.0410  	-0.0370  	-0.0622  	-0.0721  	-0.0162  	-0.0116  	-0.0023  	0.01385  	0.01097  	-0.0065  	0.04290  	0.02057  	0.12530  	0.26328  	0.15896  	0.01620  	-0.0641  	0.30731  	
-0.5062  	0.53300  	-0.4989  	-2.0533  	-1.1875  	-1.9252  	1.27117  	0.10703  	-0.0516  	0.14368  	0.33828  	-0.7054  	0.56578  	-0.2968  	-1.5249  	1.44596  	-0.1509  	0.36207  	-0.0292  	0.48398  	0.14747  	-0.2238  	-0.9561  	-0.0238  	0.51715  	-0.1313  	-0.1260  	0.31847  	0.12512  	0.17446  	0.25150  	0.04019  	-0.0149  	-0.1902  	-0.0065  	-0.0894  	-0.0703  	-0.2871  	-0.3398  	0.24560  	0.43656  	0.18100  	-0.1410  	0.80522  	0.21978  	-0.0846  	-0.0290  	0.12549  	0.05783  	-0.0955  	-0.0356  	-0.0153  	-0.0475  	-0.0307  	-0.0573  	-0.0758  	-0.0167  	-0.0267  	-0.0017  	0.01450  	0.02094  	-0.0074  	0.03668  	0.02381  	0.12530  	0.26328  	0.15896  	0.01620  	-0.0641  	0.30731  	
-0.5472  	0.57765  	-0.4829  	-2.1332  	-1.2258  	-1.9642  	1.19754  	0.14456  	-0.0693  	0.10142  	0.38833  	-0.6845  	0.57229  	-0.4843  	-1.5603  	1.42788  	-0.0434  	0.24636  	0.03997  	0.26099  	0.19653  	-0.4424  	-1.1303  	-0.0242  	0.44489  	-0.0284  	-0.1329  	0.26565  	0.19793  	0.13514  	0.33417  	0.01190  	-0.1048  	-0.3251  	-0.0858  	-0.0860  	-0.1205  	-0.2648  	-0.4477  	0.16598  	0.53341  	0.27151  	-0.2303  	0.87991  	0.16946  	-0.0641  	-0.0529  	0.13687  	0.03602  	-0.1115  	-0.0308  	-0.0168  	-0.0335  	-0.0106  	-0.0507  	-0.0769  	-0.0213  	-0.0305  	0.00413  	0.02675  	0.02288  	-0.0037  	0.00821  	0.02765  	0.12530  	0.26328  	0.15896  	0.01620  	-0.0641  	0.30731  	
-0.5636  	0.53867  	-0.4695  	-2.1498  	-1.2721  	-2.0093  	1.20064  	0.13004  	-0.0930  	0.12777  	0.46983  	-0.7361  	0.55840  	-0.4728  	-1.6155  	1.41742  	-0.0288  	0.17761  	0.05767  	0.16386  	0.26311  	-0.5177  	-1.1973  	0.00149  	0.46036  	-0.0356  	-0.0826  	0.17714  	0.15744  	0.14628  	0.33409  	0.01136  	-0.1523  	-0.3739  	-0.0060  	-0.0732  	-0.0805  	-0.2506  	-0.5002  	0.13358  	0.53235  	0.31225  	-0.2591  	0.89762  	0.15798  	-0.0661  	-0.0520  	0.13401  	0.03531  	-0.1127  	-0.0200  	-0.0066  	-0.0399  	-0.0039  	-0.0490  	-0.0699  	-0.0231  	-0.0313  	-0.0061  	0.02583  	0.02144  	-0.0084  	0.01299  	0.02242  	0.12530  	0.26328  	0.15896  	0.01620  	-0.0641  	0.30731  	
-0.5465  	0.54166  	-0.5035  	-2.1718  	-1.2603  	-2.0577  	1.22719  	0.10520  	-0.0812  	0.13722  	0.47912  	-0.7496  	0.54168  	-0.4580  	-1.6401  	1.43155  	-0.0723  	0.22451  	0.06203  	0.25888  	0.23761  	-0.4698  	-1.1722  	0.01951  	0.47681  	-0.0675  	-0.0724  	0.20174  	0.14142  	0.14524  	0.31277  	0.01859  	-0.1208  	-0.3292  	0.02157  	-0.0548  	-0.0653  	-0.2554  	-0.5006  	0.15853  	0.50960  	0.29059  	-0.2428  	0.87867  	0.17054  	-0.0706  	-0.0476  	0.12500  	0.04657  	-0.1068  	-0.0208  	-0.0107  	-0.0410  	-0.0072  	-0.0509  	-0.0661  	-0.0257  	-0.0286  	-0.0035  	0.02612  	0.02051  	-0.0096  	0.01768  	0.01844  	0.12530  	0.26328  	0.15896  	0.01620  	-0.0641  	0.30731  	
-0.6531  	0.48930  	-0.5782  	-2.1549  	-1.2238  	-2.1395  	1.28019  	0.04575  	-0.0687  	0.21112  	0.47006  	-0.7260  	0.52209  	-0.4076  	-1.6756  	1.46469  	-0.1787  	0.38777  	-0.0053  	0.51296  	0.11755  	-0.2600  	-0.9789  	-0.0163  	0.49038  	-0.1384  	-0.1440  	0.34535  	0.11569  	0.15655  	0.24017  	0.04074  	-0.0231  	-0.1914  	0.04253  	-0.0359  	-0.0573  	-0.2916  	-0.3677  	0.24557  	0.44377  	0.18015  	-0.1541  	0.81294  	0.21187  	-0.0883  	-0.0253  	0.12321  	0.05995  	-0.0971  	-0.0297  	-0.0180  	-0.0447  	-0.0254  	-0.0536  	-0.0701  	-0.0204  	-0.0236  	-0.0053  	0.01592  	0.01694  	-0.0094  	0.03490  	0.01990  	0.12530  	0.26328  	0.15896  	0.01620  	-0.0641  	0.30731  	
-0.7482  	0.46668  	-0.6963  	-2.1766  	-1.1933  	-2.1716  	1.31666  	-0.0044  	-0.0517  	0.23153  	0.52620  	-0.7316  	0.48493  	-0.3225  	-1.7038  	1.47452  	-0.2858  	0.51855  	-0.1114  	0.81451  	0.10280  	-0.0004  	-0.7311  	0.01762  	0.58436  	-0.2360  	-0.1210  	0.41951  	0.02137  	0.17879  	0.12319  	0.08090  	0.06806  	-0.0198  	0.14385  	-0.0133  	0.03454  	-0.2916  	-0.2538  	0.32386  	0.33855  	0.05428  	-0.0552  	0.70924  	0.28371  	-0.1065  	-0.0031  	0.09524  	0.07296  	-0.0916  	-0.0398  	-0.0216  	-0.0429  	-0.0408  	-0.0628  	-0.0700  	-0.0185  	-0.0174  	-0.0017  	0.00959  	0.01228  	-0.0057  	0.04651  	0.01716  	0.12530  	0.26328  	0.15896  	0.01620  	-0.0641  	0.30731  	
-0.6534  	0.45750  	-0.7494  	-2.0519  	-1.1218  	-2.1553  	1.24717  	0.07514  	-0.0270  	0.13859  	0.53072  	-0.7031  	0.50623  	-0.2087  	-1.5612  	1.43026  	-0.2556  	0.49739  	-0.1171  	0.80697  	0.22586  	-0.0470  	-0.7534  	0.09301  	0.58919  	-0.2449  	-0.0531  	0.36356  	-0.0706  	0.17943  	0.08660  	0.07939  	0.07249  	-0.0307  	0.27091  	-0.0637  	0.08363  	-0.2789  	-0.2767  	0.32794  	0.25928  	0.06546  	-0.1043  	0.68424  	0.29181  	-0.1112  	0.00051  	0.08753  	0.06173  	-0.0760  	-0.0348  	-0.0214  	-0.0439  	-0.0385  	-0.0620  	-0.0655  	-0.0101  	-0.0130  	-0.0077  	0.01002  	0.00374  	-0.0092  	0.04461  	0.02235  	0.12530  	0.26328  	0.15896  	0.01620  	-0.0641  	0.30731  	
-0.6415  	0.48393  	-0.7042  	-2.0622  	-1.1366  	-2.1180  	1.25618  	0.10876  	-0.0331  	0.12902  	0.59448  	-0.6760  	0.49808  	-0.1538  	-1.5691  	1.44116  	-0.2457  	0.50718  	-0.1205  	0.82966  	0.26714  	-0.0484  	-0.7717  	0.09081  	0.54898  	-0.2558  	-0.0695  	0.34076  	-0.1020  	0.16596  	0.09345  	0.08000  	0.09652  	-0.0337  	0.25609  	-0.0821  	0.09457  	-0.2813  	-0.2723  	0.30272  	0.25409  	0.07872  	-0.0933  	0.67932  	0.29061  	-0.1026  	0.00230  	0.08805  	0.06565  	-0.0846  	-0.0349  	-0.0216  	-0.0474  	-0.0421  	-0.0650  	-0.0641  	-0.0152  	-0.0106  	-0.0043  	0.00916  	0.01044  	-0.0033  	0.04432  	0.01970  	0.12530  	0.26328  	0.15896  	0.01620  	-0.0641  	0.30731  	
-0.6413  	0.48763  	-0.6881  	-2.0807  	-1.1349  	-2.1070  	1.27825  	0.09439  	-0.0337  	0.17059  	0.54370  	-0.6919  	0.50335  	-0.1866  	-1.6038  	1.45755  	-0.2565  	0.51463  	-0.1093  	0.80314  	0.23201  	-0.0454  	-0.7625  	0.05115  	0.55864  	-0.2497  	-0.1080  	0.36178  	-0.0525  	0.16306  	0.10227  	0.07937  	0.09670  	-0.0304  	0.20790  	-0.0725  	0.06718  	-0.2805  	-0.2535  	0.30581  	0.27798  	0.07281  	-0.0774  	0.68581  	0.28424  	-0.1072  	0.00123  	0.09078  	0.06081  	-0.0834  	-0.0396  	-0.0214  	-0.0404  	-0.0414  	-0.0660  	-0.0686  	-0.0164  	-0.0135  	-0.0067  	0.00685  	0.01201  	-0.0013  	0.04379  	0.02197  	0.12530  	0.26328  	0.15896  	0.01620  	-0.0641  	0.30731  	
-0.6844  	0.45821  	-0.6469  	-2.2383  	-1.1980  	-2.1545  	1.30468  	0.05819  	-0.0215  	0.21680  	0.55280  	-0.7617  	0.47816  	-0.2972  	-1.7256  	1.45488  	-0.2396  	0.52514  	-0.0944  	0.80692  	0.19637  	-0.0661  	-0.7380  	0.04434  	0.57441  	-0.2407  	-0.1180  	0.35201  	-0.0334  	0.15520  	0.12112  	0.08538  	0.09212  	-0.0255  	0.17614  	-0.0560  	0.07900  	-0.2817  	-0.2629  	0.29504  	0.31536  	0.05573  	-0.0541  	0.70509  	0.28476  	-0.1087  	-0.0020  	0.09638  	0.06988  	-0.0861  	-0.0410  	-0.0225  	-0.0421  	-0.0394  	-0.0623  	-0.0711  	-0.0174  	-0.0125  	-0.0080  	0.00793  	0.01118  	-0.0029  	0.04850  	0.02251  	0.12530  	0.26328  	0.15896  	0.01620  	-0.0641  	0.30731  	
-0.6681  	0.47326  	-0.6297  	-2.2107  	-1.1961  	-2.0682  	1.32476  	0.03263  	-0.0265  	0.18076  	0.49869  	-0.7359  	0.49270  	-0.3049  	-1.6721  	1.51137  	-0.2384  	0.51664  	-0.1014  	0.78709  	0.12221  	-0.0225  	-0.7025  	0.02350  	0.57654  	-0.2294  	-0.1085  	0.37959  	0.02115  	0.16332  	0.12884  	0.08238  	0.08821  	-0.0218  	0.14136  	-0.0441  	0.06103  	-0.2825  	-0.2558  	0.30378  	0.34792  	0.05192  	-0.0395  	0.71550  	0.28142  	-0.1065  	-0.0022  	0.09792  	0.07015  	-0.0939  	-0.0375  	-0.0207  	-0.0436  	-0.0432  	-0.0625  	-0.0707  	-0.0240  	-0.0148  	-0.0053  	0.00931  	0.01615  	-0.0009  	0.04862  	0.01979  	0.12530  	0.26328  	0.15896  	0.01620  	-0.0641  	0.30731  	
-0.5335  	0.53128  	-0.5629  	-2.0510  	-1.1470  	-1.9749  	1.26674  	0.09868  	-0.0045  	0.15145  	0.37945  	-0.6696  	0.50928  	-0.2397  	-1.5626  	1.53466  	-0.2371  	0.50156  	-0.0613  	0.75274  	0.15114  	-0.0225  	-0.6505  	0.01688  	0.53422  	-0.2399  	-0.1091  	0.35905  	0.00845  	0.17452  	0.11008  	0.07652  	0.07425  	-0.0243  	0.12187  	-0.0861  	0.07169  	-0.2762  	-0.2559  	0.32524  	0.35332  	0.04800  	-0.0332  	0.72566  	0.27743  	-0.1011  	-0.0043  	0.10453  	0.07594  	-0.0938  	-0.0410  	-0.0260  	-0.0489  	-0.0423  	-0.0630  	-0.0694  	-0.0173  	-0.0137  	-0.0026  	0.00626  	0.01197  	-0.0058  	0.04615  	0.02204  	0.12530  	0.26328  	0.15896  	0.01620  	-0.0641  	0.30731  	
-0.4173  	0.57638  	-0.5302  	-1.9144  	-1.0895  	-1.9055  	1.25265  	0.11182  	-0.0096  	0.11143  	0.34253  	-0.6380  	0.51672  	-0.1859  	-1.4661  	1.55554  	-0.2503  	0.48502  	-0.0995  	0.74426  	0.18453  	-0.0155  	-0.6798  	0.00827  	0.52492  	-0.2462  	-0.1172  	0.36914  	-0.0125  	0.19460  	0.10483  	0.09207  	0.08385  	-0.0190  	0.15991  	-0.0938  	0.09243  	-0.2690  	-0.2605  	0.31229  	0.32933  	0.05226  	-0.0293  	0.71437  	0.28137  	-0.0994  	-0.0057  	0.08706  	0.06735  	-0.0811  	-0.0412  	-0.0251  	-0.0434  	-0.0432  	-0.0671  	-0.0676  	-0.0177  	-0.0126  	-0.0048  	0.00755  	0.00757  	-0.0055  	0.04436  	0.01884  	0.12530  	0.26328  	0.15896  	0.01620  	-0.0641  	0.30731  	
-0.2587  	0.62943  	-0.4422  	-1.8177  	-1.0610  	-1.8333  	1.23834  	0.18982  	0.01656  	0.07621  	0.36107  	-0.6111  	0.51934  	-0.0451  	-1.3590  	1.59736  	-0.2664  	0.43345  	-0.1000  	0.73569  	0.31945  	-0.0154  	-0.7045  	0.06910  	0.51091  	-0.2608  	-0.0421  	0.26167  	-0.1229  	0.19427  	0.10364  	0.11533  	0.11158  	-0.0267  	0.28407  	-0.1498  	0.17720  	-0.2447  	-0.3134  	0.29611  	0.30110  	0.06132  	-0.0503  	0.71851  	0.27600  	-0.1013  	4.98257  	0.08618  	0.06315  	-0.0767  	-0.0455  	-0.0261  	-0.0451  	-0.0399  	-0.0670  	-0.0610  	-0.0225  	-0.0160  	-0.0032  	0.00957  	0.00934  	-0.0028  	0.03895  	0.01870  	0.12530  	0.26328  	0.15896  	0.01620  	-0.0641  	0.30731  	
-0.1199  	0.68051  	-0.3594  	-1.8158  	-1.1104  	-1.7783  	1.26387  	0.20399  	0.02115  	0.03484  	0.41436  	-0.6444  	0.53574  	0.01337  	-1.2943  	1.62122  	-0.2568  	0.41762  	-0.0823  	0.66654  	0.46404  	-0.0164  	-0.7201  	0.09524  	0.55059  	-0.2868  	0.05249  	0.12946  	-0.2289  	0.18925  	0.08450  	0.13347  	0.09739  	-0.0388  	0.36421  	-0.1716  	0.26189  	-0.2073  	-0.3585  	0.27369  	0.26689  	0.06730  	-0.0708  	0.70597  	0.27765  	-0.0978  	0.00056  	0.08177  	0.06427  	-0.0792  	-0.0439  	-0.0209  	-0.0394  	-0.0363  	-0.0614  	-0.0587  	-0.0292  	-0.0123  	-0.0049  	0.00713  	0.01019  	0.00195  	0.04331  	0.01366  	0.12530  	0.26328  	0.15896  	0.01620  	-0.0641  	0.30731  	
0.01152  	0.73276  	-0.2821  	-1.7769  	-1.1566  	-1.6869  	1.26156  	0.28136  	0.07674  	0.01309  	0.44328  	-0.6491  	0.55064  	0.07596  	-1.2488  	1.65776  	-0.2330  	0.36817  	-0.0872  	0.60971  	0.55908  	0.00498  	-0.6352  	0.13348  	0.50851  	-0.2897  	0.11455  	0.00434  	-0.3508  	0.17454  	0.07937  	0.16013  	0.10718  	-0.0533  	0.39964  	-0.2223  	0.34812  	-0.1794  	-0.3926  	0.24718  	0.24691  	0.05217  	-0.0569  	0.70969  	0.27050  	-0.0975  	-0.0060  	0.09352  	0.07076  	-0.0698  	-0.0449  	-0.0220  	-0.0412  	-0.0354  	-0.0655  	-0.0454  	-0.0306  	-0.0135  	-0.0051  	0.00987  	0.01321  	0.00508  	0.03883  	0.01286  	0.12530  	0.26328  	0.15896  	0.01620  	-0.0641  	0.30731  	
0.08002  	0.73421  	-0.2299  	-1.7687  	-1.1721  	-1.6232  	1.29006  	0.33060  	0.10631  	-0.0173  	0.46391  	-0.6255  	0.56345  	0.11751  	-1.2183  	1.70097  	-0.2253  	0.34487  	-0.0816  	0.57309  	0.57265  	0.01501  	-0.5929  	0.19681  	0.51484  	-0.2961  	0.15847  	-0.0493  	-0.3936  	0.18477  	0.08035  	0.17122  	0.11506  	-0.0465  	0.42373  	-0.2366  	0.38482  	-0.1661  	-0.3886  	0.23239  	0.22362  	0.06177  	-0.0515  	0.71156  	0.27118  	-0.1001  	-0.0113  	0.10413  	0.07867  	-0.0793  	-0.0495  	-0.0189  	-0.0392  	-0.0316  	-0.0662  	-0.0465  	-0.0328  	-0.0110  	-0.0103  	0.01371  	0.01365  	0.00081  	0.04724  	0.01754  	0.12530  	0.26328  	0.15896  	0.01620  	-0.0641  	0.30731  	
0.07805  	0.73364  	-0.2311  	-1.7693  	-1.1708  	-1.6253  	1.28971  	0.32914  	0.10576  	-0.0157  	0.46533  	-0.6259  	0.56188  	0.11541  	-1.2196  	1.69992  	-0.2248  	0.34500  	-0.0827  	0.57406  	0.56970  	0.01333  	-0.5940  	0.19519  	0.51364  	-0.2958  	0.15640  	-0.0471  	-0.3927  	0.18468  	0.08026  	0.17131  	0.11506  	-0.0467  	0.42352  	-0.2365  	0.38402  	-0.1661  	-0.3888  	0.23214  	0.22468  	0.06132  	-0.0514  	0.71132  	0.27085  	-0.1002  	-0.0113  	0.10403  	0.07854  	-0.0794  	-0.0495  	-0.0187  	-0.0393  	-0.0316  	-0.0661  	-0.0466  	-0.0326  	-0.0112  	-0.0101  	0.01356  	0.01370  	0.00067  	0.04691  	0.01758  	0.12530  	0.26328  	0.15896  	0.01620  	-0.0641  	0.30731  	
0.07805  	0.73364  	-0.2311  	-1.7693  	-1.1708  	-1.6253  	1.28971  	0.32914  	0.10576  	-0.0157  	0.46533  	-0.6259  	0.56188  	0.11541  	-1.2196  	1.69992  	-0.2248  	0.34500  	-0.0827  	0.57406  	0.56970  	0.01333  	-0.5940  	0.19519  	0.51364  	-0.2958  	0.15640  	-0.0471  	-0.3927  	0.18468  	0.08026  	0.17131  	0.11506  	-0.0467  	0.42352  	-0.2365  	0.38402  	-0.1661  	-0.3888  	0.23214  	0.22468  	0.06132  	-0.0514  	0.71132  	0.27085  	-0.1002  	-0.0113  	0.10403  	0.07854  	-0.0794  	-0.0495  	-0.0187  	-0.0393  	-0.0316  	-0.0661  	-0.0466  	-0.0326  	-0.0112  	-0.0101  	0.01356  	0.01370  	0.00067  	0.04691  	0.01758  	0.12530  	0.26328  	0.15896  	0.01620  	-0.0641  	0.30731  	
0.07805  	0.73364  	-0.2311  	-1.7693  	-1.1708  	-1.6253  	1.28971  	0.32914  	0.10576  	-0.0157  	0.46533  	-0.6259  	0.56188  	0.11541  	-1.2196  	1.69992  	-0.2248  	0.34500  	-0.0827  	0.57406  	0.56970  	0.01333  	-0.5940  	0.19519  	0.51364  	-0.2958  	0.15640  	-0.0471  	-0.3927  	0.18468  	0.08026  	0.17131  	0.11506  	-0.0467  	0.42352  	-0.2365  	0.38402  	-0.1661  	-0.3888  	0.23214  	0.22468  	0.06132  	-0.0514  	0.71132  	0.27085  	-0.1002  	-0.0113  	0.10403  	0.07854  	-0.0794  	-0.0495  	-0.0187  	-0.0393  	-0.0316  	-0.0661  	-0.0466  	-0.0326  	-0.0112  	-0.0101  	0.01356  	0.01370  	0.00067  	0.04691  	0.01758  	0.12530  	0.26328  	0.15896  	0.01620  	-0.0641  	0.30731  	
0.07805  	0.73364  	-0.2311  	-1.7693  	-1.1708  	-1.6253  	1.28971  	0.32914  	0.10576  	-0.0157  	0.46533  	-0.6259  	0.56188  	0.11541  	-1.2196  	1.69992  	-0.2248  	0.34500  	-0.0827  	0.57406  	0.56970  	0.01333  	-0.5940  	0.19519  	0.51364  	-0.2958  	0.15640  	-0.0471  	-0.3927  	0.18468  	0.08026  	0.17131  	0.11506  	-0.0467  	0.42352  	-0.2365  	0.38402  	-0.1661  	-0.3888  	0.23214  	0.22468  	0.06132  	-0.0514  	0.71132  	0.27085  	-0.1002  	-0.0113  	0.10403  	0.07854  	-0.0794  	-0.0495  	-0.0187  	-0.0393  	-0.0316  	-0.0661  	-0.0466  	-0.0326  	-0.0112  	-0.0101  	0.01356  	0.01370  	0.00067  	0.04691  	0.01758  	0.12530  	0.26328  	0.15896  	0.01620  	-0.0641  	0.30731  	
0.07805  	0.73364  	-0.2311  	-1.7693  	-1.1708  	-1.6253  	1.28971  	0.32914  	0.10576  	-0.0157  	0.46533  	-0.6259  	0.56188  	0.11541  	-1.2196  	1.69992  	-0.2248  	0.34500  	-0.0827  	0.57406  	0.56970  	0.01333  	-0.5940  	0.19519  	0.51364  	-0.2958  	0.15640  	-0.0471  	-0.3927  	0.18468  	0.08026  	0.17131  	0.11506  	-0.0467  	0.42352  	-0.2365  	0.38402  	-0.1661  	-0.3888  	0.23214  	0.22468  	0.06132  	-0.0514  	0.71132  	0.27085  	-0.1002  	-0.0113  	0.10403  	0.07854  	-0.0794  	-0.0495  	-0.0187  	-0.0393  	-0.0316  	-0.0661  	-0.0466  	-0.0326  	-0.0112  	-0.0101  	0.01356  	0.01370  	0.00067  	0.04691  	0.01758  	0.12530  	0.26328  	0.15896  	0.01620  	-0.0641  	0.30731  	
0.07805  	0.73364  	-0.2311  	-1.7693  	-1.1708  	-1.6253  	1.28971  	0.32914  	0.10576  	-0.0157  	0.46533  	-0.6259  	0.56188  	0.11541  	-1.2196  	1.69992  	-0.2248  	0.34500  	-0.0827  	0.57406  	0.56970  	0.01333  	-0.5940  	0.19519  	0.51364  	-0.2958  	0.15640  	-0.0471  	-0.3927  	0.18468  	0.08026  	0.17131  	0.11506  	-0.0467  	0.42352  	-0.2365  	0.38402  	-0.1661  	-0.3888  	0.23214  	0.22468  	0.06132  	-0.0514  	0.71132  	0.27085  	-0.1002  	-0.0113  	0.10403  	0.07854  	-0.0794  	-0.0495  	-0.0187  	-0.0393  	-0.0316  	-0.0661  	-0.0466  	-0.0326  	-0.0112  	-0.0101  	0.01356  	0.01370  	0.00067  	0.04691  	0.01758  	0.12530  	0.26328  	0.15896  	0.01620  	-0.0641  	0.30731  	
0.07805  	0.73364  	-0.2311  	-1.7693  	-1.1708  	-1.6253  	1.28971  	0.32914  	0.10576  	-0.0157  	0.46533  	-0.6259  	0.56188  	0.11541  	-1.2196  	1.69992  	-0.2248  	0.34500  	-0.0827  	0.57406  	0.56970  	0.01333  	-0.5940  	0.19519  	0.51364  	-0.2958  	0.15640  	-0.0471  	-0.3927  	0.18468  	0.08026  	0.17131  	0.11506  	-0.0467  	0.42352  	-0.2365  	0.38402  	-0.1661  	-0.3888  	0.23214  	0.22468  	0.06132  	-0.0514  	0.71132  	0.27085  	-0.1002  	-0.0113  	0.10403  	0.07854  	-0.0794  	-0.0495  	-0.0187  	-0.0393  	-0.0316  	-0.0661  	-0.0466  	-0.0326  	-0.0112  	-0.0101  	0.01356  	0.01370  	0.00067  	0.04691  	0.01758  	0.12530  	0.26328  	0.15896  	0.01620  	-0.0641  	0.30731  	
0.09062  	0.72475  	-0.2365  	-1.7450  	-1.1374  	-1.6203  	1.31142  	0.29815  	0.10001  	0.01477  	0.44727  	-0.6211  	0.57855  	0.12417  	-1.2816  	1.71969  	-0.2378  	0.35761  	-0.0869  	0.61202  	0.53735  	0.01424  	-0.6387  	0.19399  	0.54059  	-0.2935  	0.15503  	-0.0138  	-0.3515  	0.18631  	0.08139  	0.16780  	0.13011  	-0.0452  	0.41457  	-0.2079  	0.34515  	-0.1886  	-0.3746  	0.24683  	0.22675  	0.06635  	-0.0432  	0.71041  	0.27220  	-0.1005  	-0.0096  	0.10849  	0.08312  	-0.0795  	-0.0461  	-0.0202  	-0.0409  	-0.0318  	-0.0642  	-0.0478  	-0.0317  	-0.0145  	-0.0114  	0.01205  	0.01513  	-0.0015  	0.05203  	0.01619  	0.12530  	0.26328  	0.15896  	0.01620  	-0.0641  	0.30731  	
0.07863  	0.71984  	-0.2091  	-1.7751  	-1.1286  	-1.6525  	1.31049  	0.30621  	0.09069  	0.04081  	0.45405  	-0.6557  	0.57167  	0.09509  	-1.2931  	1.72074  	-0.2425  	0.38222  	-0.0866  	0.63183  	0.51176  	-0.0090  	-0.6422  	0.19055  	0.54825  	-0.2970  	0.11692  	0.01116  	-0.3178  	0.18926  	0.07265  	0.16460  	0.13361  	-0.0447  	0.40873  	-0.2016  	0.32554  	-0.1827  	-0.3598  	0.24466  	0.22847  	0.06167  	-0.0431  	0.70954  	0.26807  	-0.0989  	-0.0124  	0.10913  	0.08169  	-0.0840  	-0.0416  	-0.0189  	-0.0412  	-0.0371  	-0.0640  	-0.0505  	-0.0281  	-0.0152  	-0.0098  	0.01036  	0.01314  	-0.0043  	0.05316  	0.01453  	0.12530  	0.26328  	0.15896  	0.01620  	-0.0641  	0.30731  	
-0.3451  	0.59441  	-0.4715  	-2.0360  	-1.2055  	-1.9129  	1.27698  	0.12580  	0.02549  	0.15549  	0.44135  	-0.6801  	0.54644  	-0.0738  	-1.5995  	1.59350  	-0.2364  	0.51166  	-0.0903  	0.74000  	0.19996  	-0.0760  	-0.7549  	0.03527  	0.53882  	-0.2344  	-0.0542  	0.29220  	-0.1106  	0.16852  	0.12508  	0.10030  	0.13614  	-0.0517  	0.21386  	-0.0864  	0.13884  	-0.2570  	-0.2868  	0.31498  	0.35215  	0.04658  	-0.0213  	0.72199  	0.27688  	-0.1028  	-0.0016  	0.11009  	0.06630  	-0.0803  	-0.0453  	-0.0227  	-0.0428  	-0.0391  	-0.0636  	-0.0615  	-0.0248  	-0.0206  	-0.0112  	0.00511  	0.01100  	0.00589  	0.05072  	0.02706  	0.12530  	0.26328  	0.15896  	0.01620  	-0.0641  	0.30731  	
-0.5582  	0.46272  	-0.6040  	-2.2981  	-1.3152  	-2.0530  	1.29276  	-0.0036  	-0.0360  	0.20146  	0.52911  	-0.7755  	0.43673  	-0.3472  	-1.7966  	1.52244  	-0.2098  	0.51907  	-0.0847  	0.73850  	0.16831  	-0.0797  	-0.7192  	0.01812  	0.57942  	-0.2362  	-0.0769  	0.34568  	-0.0501  	0.16168  	0.10162  	0.10275  	0.05435  	-0.0448  	0.15727  	-0.0207  	0.11085  	-0.2502  	-0.2937  	0.28982  	0.35986  	0.05549  	-0.0334  	0.72643  	0.28754  	-0.1080  	-0.0029  	0.08372  	0.06894  	-0.0757  	-0.0440  	-0.0215  	-0.0424  	-0.0390  	-0.0578  	-0.0672  	-0.0182  	-0.0050  	-0.0069  	0.00801  	0.01242  	-0.0014  	0.05261  	0.02039  	0.12530  	0.26328  	0.15896  	0.01620  	-0.0641  	0.30731  	
-0.5867  	0.49940  	-0.5673  	-2.1662  	-1.2589  	-1.9852  	1.29553  	0.02630  	-0.0401  	0.13300  	0.45476  	-0.7865  	0.45484  	-0.2542  	-1.6196  	1.52319  	-0.2208  	0.47391  	-0.0968  	0.69346  	0.15835  	-0.0346  	-0.6897  	0.09430  	0.60209  	-0.2376  	-0.0109  	0.34634  	-0.0302  	0.17823  	0.11823  	0.10637  	0.05647  	-0.0324  	0.16817  	-0.0288  	0.09005  	-0.2686  	-0.2736  	0.32186  	0.33807  	0.05425  	-0.0506  	0.71800  	0.28223  	-0.1139  	-0.0090  	0.08636  	0.06160  	-0.0807  	-0.0324  	-0.0207  	-0.0447  	-0.0361  	-0.0585  	-0.0643  	-0.0175  	-0.0134  	0.00034  	0.01026  	0.00921  	-0.0004  	0.05275  	0.02428  	0.12530  	0.26328  	0.15896  	0.01620  	-0.0641  	0.30731  	
-0.3216  	0.56107  	-0.4373  	-2.0036  	-1.1605  	-1.8720  	1.31667  	0.08793  	-0.0054  	0.12796  	0.34952  	-0.7333  	0.49897  	-0.2527  	-1.5799  	1.61575  	-0.2628  	0.49152  	-0.0895  	0.74024  	0.13778  	-0.0358  	-0.7406  	0.02464  	0.59596  	-0.2476  	-0.0371  	0.35887  	-0.0458  	0.18038  	0.09424  	0.12842  	0.08008  	-0.0253  	0.20806  	-0.0262  	0.11671  	-0.2672  	-0.2854  	0.32799  	0.33665  	0.05601  	-0.0438  	0.72078  	0.28376  	-0.1029  	-0.0023  	0.10645  	0.07099  	-0.0845  	-0.0312  	-0.0256  	-0.0440  	-0.0478  	-0.0610  	-0.0655  	-0.0159  	-0.0141  	-0.0108  	0.00333  	0.00808  	-0.0120  	0.05379  	0.02681  	0.12530  	0.26328  	0.15896  	0.01620  	-0.0641  	0.30731  	
-0.2311  	0.57228  	-0.3967  	-1.9218  	-1.1223  	-1.8822  	1.31028  	0.08072  	-0.0226  	0.21767  	0.41751  	-0.6769  	0.48902  	-0.2625  	-1.6250  	1.69942  	-0.3046  	0.51749  	-0.0838  	0.80235  	0.12291  	-0.0494  	-0.7995  	0.02286  	0.60818  	-0.2811  	-0.0651  	0.38288  	-0.0452  	0.20717  	0.07185  	0.14161  	0.06774  	-0.0243  	0.25228  	0.00927  	0.09220  	-0.2569  	-0.2822  	0.33073  	0.30687  	0.06225  	-0.0504  	0.72314  	0.27154  	-0.1079  	-0.0099  	0.10395  	0.07804  	-0.0859  	-0.0266  	-0.0252  	-0.0377  	-0.0411  	-0.0577  	-0.0655  	-0.0102  	-0.0118  	-0.0072  	0.00616  	0.00463  	-0.0104  	0.05465  	0.02354  	0.12530  	0.26328  	0.15896  	0.01620  	-0.0641  	0.30731  	
-0.2072  	0.54801  	-0.4469  	-1.9062  	-1.0790  	-1.8205  	1.30642  	0.03841  	-0.0360  	0.22083  	0.42879  	-0.6739  	0.49300  	-0.2697  	-1.6719  	1.73535  	-0.3122  	0.52871  	-0.0860  	0.79036  	0.13126  	-0.0532  	-0.8720  	0.03034  	0.63500  	-0.3013  	-0.0084  	0.37573  	-0.0443  	0.22360  	0.05410  	0.14394  	0.06014  	-0.0254  	0.29196  	0.04781  	0.10496  	-0.2677  	-0.3001  	0.34918  	0.28315  	0.07515  	-0.0566  	0.71848  	0.28678  	-0.1035  	-0.0134  	0.09457  	0.07839  	-0.0869  	-0.0208  	-0.0249  	-0.0379  	-0.0428  	-0.0581  	-0.0548  	-0.0112  	-0.0098  	-0.0049  	0.00935  	0.00278  	-0.0120  	0.05266  	0.01848  	0.12530  	0.26328  	0.15896  	0.01620  	-0.0641  	0.30731  	
-0.1627  	0.54707  	-0.4138  	-1.7739  	-1.0065  	-1.7266  	1.29455  	0.04577  	-0.0399  	0.19607  	0.36862  	-0.6764  	0.46731  	-0.2702  	-1.6454  	1.76319  	-0.2996  	0.49783  	-0.0732  	0.77217  	0.17939  	-0.0120  	-0.8936  	0.14315  	0.72128  	-0.3037  	0.11671  	0.32622  	-0.1081  	0.23818  	0.04868  	0.18409  	0.03821  	-0.0565  	0.29905  	0.05266  	0.15366  	-0.2614  	-0.2981  	0.35539  	0.27770  	0.08308  	-0.0543  	0.71744  	0.29313  	-0.1098  	-0.0225  	0.09754  	0.08784  	-0.0939  	-0.0159  	-0.0269  	-0.0352  	-0.0439  	-0.0555  	-0.0566  	-0.0025  	-0.0087  	-0.0036  	0.01330  	0.00049  	-0.0239  	0.05246  	0.01985  	0.12530  	0.26328  	0.15896  	0.01620  	-0.0641  	0.30731  	
-0.0660  	0.59156  	-0.3839  	-1.5988  	-0.9179  	-1.7263  	1.28944  	0.05754  	-0.0477  	0.15666  	0.24609  	-0.6411  	0.48860  	-0.1498  	-1.5174  	1.74089  	-0.2867  	0.45632  	-0.0962  	0.77752  	0.12979  	0.03047  	-0.9231  	0.12673  	0.81007  	-0.3255  	0.13495  	0.33528  	-0.0442  	0.31074  	0.02766  	0.15397  	0.04898  	-0.0443  	0.31543  	0.02284  	0.11272  	-0.3010  	-0.2543  	0.34635  	0.21786  	0.09675  	-0.0438  	0.71186  	0.28940  	-0.0962  	-0.0284  	0.11397  	0.08743  	-0.1006  	-0.0138  	-0.0328  	-0.0432  	-0.0466  	-0.0596  	-0.0523  	-0.0092  	-0.0139  	-0.0077  	0.01050  	-0.0021  	-0.0217  	0.05320  	0.01841  	0.12530  	0.26328  	0.15896  	0.01620  	-0.0641  	0.30731  	
-0.0116  	0.64038  	-0.4861  	-1.3997  	-0.8456  	-1.7163  	1.34782  	0.11208  	-0.0204  	0.10828  	0.08502  	-0.6409  	0.61378  	0.04736  	-1.2461  	1.60283  	-0.2950  	0.45717  	-0.0888  	0.77247  	0.14523  	0.05863  	-0.9364  	0.11082  	0.84500  	-0.3199  	0.09093  	0.39871  	0.06449  	0.32074  	0.01225  	0.13080  	0.03933  	-0.0158  	0.32848  	-0.0110  	0.05066  	-0.3225  	-0.2158  	0.38751  	0.21423  	0.09589  	-0.0645  	0.72372  	0.29190  	-0.1019  	-0.0299  	0.12379  	0.09758  	-0.0942  	-0.0102  	-0.0257  	-0.0396  	-0.0474  	-0.0640  	-0.0518  	-0.0126  	-0.0080  	0.00141  	0.01140  	-0.0066  	-0.0228  	0.04644  	0.01890  	0.12530  	0.26328  	0.15896  	0.01620  	-0.0641  	0.30731  	
-0.0338  	0.66837  	-0.5612  	-1.1905  	-0.7379  	-1.6331  	1.33878  	0.17272  	0.01604  	0.01743  	-0.0901  	-0.6520  	0.69889  	0.22018  	-0.9794  	1.50956  	-0.2843  	0.42965  	-0.0815  	0.70329  	0.12423  	0.05635  	-0.9086  	0.04027  	0.85955  	-0.3299  	0.07936  	0.45163  	0.16872  	0.36683  	-0.0173  	0.09258  	0.05516  	-0.0115  	0.34583  	-0.0482  	-0.0048  	-0.3402  	-0.1974  	0.37227  	0.17270  	0.10351  	-0.0913  	0.71280  	0.29001  	-0.1055  	-0.0189  	0.10722  	0.10558  	-0.1072  	-0.0225  	-0.0272  	-0.0403  	-0.0510  	-0.0607  	-0.0506  	-0.0129  	-0.0121  	0.01157  	0.00454  	-0.0004  	-0.0076  	0.04274  	0.01818  	0.12530  	0.26328  	0.15896  	0.01620  	-0.0641  	0.30731  	
-0.0517  	0.69070  	-0.5089  	-1.2249  	-0.7475  	-1.6359  	1.30767  	0.15715  	0.03541  	0.00851  	-0.1473  	-0.6133  	0.71830  	0.22641  	-0.9810  	1.54276  	-0.2826  	0.48391  	-0.1200  	0.74771  	0.09188  	0.11888  	-0.8855  	0.04963  	0.78637  	-0.2990  	-0.0347  	0.47196  	0.20199  	0.35311  	0.01074  	0.06291  	0.08502  	0.00047  	0.26620  	-0.0604  	-0.0503  	-0.3327  	-0.1812  	0.38380  	0.22971  	0.07943  	-0.0726  	0.71161  	0.27486  	-0.1057  	-0.0122  	0.12563  	0.09394  	-0.0955  	-0.0271  	-0.0280  	-0.0444  	-0.0457  	-0.0656  	-0.0562  	-0.0167  	-0.0173  	0.00220  	0.01290  	0.00124  	-0.0144  	0.04790  	0.02168  	0.12530  	0.26328  	0.15896  	0.01620  	-0.0641  	0.30731  	
-0.1449  	0.60298  	-0.4253  	-1.5229  	-0.9295  	-1.7172  	1.35174  	0.16600  	0.01577  	0.04968  	0.10724  	-0.6149  	0.65083  	0.07173  	-1.2910  	1.63560  	-0.2651  	0.50662  	-0.1317  	0.75147  	0.18785  	0.04007  	-0.8303  	0.09297  	0.66002  	-0.2822  	-0.0109  	0.39449  	0.02016  	0.24893  	0.04784  	0.11155  	0.09194  	-0.0161  	0.27537  	-0.0958  	0.05822  	-0.2920  	-0.2566  	0.38635  	0.23331  	0.07525  	-0.0415  	0.70751  	0.27816  	-0.1049  	-0.0134  	0.11323  	0.08584  	-0.0856  	-0.0246  	-0.0246  	-0.0449  	-0.0440  	-0.0603  	-0.0657  	-0.0134  	-0.0098  	-0.0009  	0.01447  	-0.0003  	-0.0081  	0.05486  	0.02347  	0.12530  	0.26328  	0.15896  	0.01620  	-0.0641  	0.30731  	
-0.2935  	0.54173  	-0.3846  	-1.7938  	-1.0506  	-1.8473  	1.32933  	0.08394  	-0.0251  	0.07474  	0.37855  	-0.7838  	0.52336  	-0.2045  	-1.5487  	1.70046  	-0.2573  	0.43981  	-0.0793  	0.74372  	0.21415  	-0.0386  	-0.8064  	0.15832  	0.75869  	-0.3009  	0.15162  	0.22382  	-0.0799  	0.26522  	0.02351  	0.15477  	0.02703  	-0.0449  	0.31994  	-0.0208  	0.16563  	-0.2462  	-0.3266  	0.33943  	0.23292  	0.08068  	-0.0940  	0.70977  	0.27681  	-0.1101  	-0.0182  	0.11646  	0.07697  	-0.0960  	-0.0247  	-0.0142  	-0.0395  	-0.0459  	-0.0678  	-0.0602  	-0.0089  	-0.0149  	0.01340  	0.02061  	0.00126  	-0.0265  	0.05810  	0.01632  	0.12530  	0.26328  	0.15896  	0.01620  	-0.0641  	0.30731  	
-0.1983  	0.57107  	-0.5802  	-1.5084  	-0.8493  	-1.7845  	1.30842  	0.13560  	-0.0100  	0.06178  	0.22041  	-0.6526  	0.58236  	-0.0540  	-1.2901  	1.63486  	-0.2594  	0.47945  	-0.0911  	0.81707  	0.18136  	-0.0195  	-0.9019  	0.12997  	0.80314  	-0.3062  	0.07156  	0.37820  	0.03863  	0.31270  	0.03208  	0.08099  	0.03797  	-0.0175  	0.34455  	-0.0405  	0.05812  	-0.3057  	-0.2748  	0.36289  	0.17874  	0.09445  	-0.1097  	0.70047  	0.29944  	-0.1053  	-0.0240  	0.10319  	0.07578  	-0.0875  	-0.0216  	-0.0298  	-0.0455  	-0.0487  	-0.0586  	-0.0514  	0.00077  	-0.0103  	-0.0019  	0.01650  	-0.0066  	-0.0244  	0.04999  	0.02414  	0.12530  	0.26328  	0.15896  	0.01620  	-0.0641  	0.30731  	
-0.1356  	0.64778  	-0.6078  	-1.2701  	-0.7038  	-1.7739  	1.26951  	0.23161  	-0.0545  	-0.0166  	0.04778  	-0.5962  	0.70004  	0.08471  	-0.9660  	1.53520  	-0.2042  	0.26177  	-0.0399  	0.52974  	0.22029  	-0.1809  	-1.1905  	0.05967  	0.75358  	-0.1975  	0.09151  	0.35669  	0.17929  	0.35304  	0.16838  	0.04678  	-0.0278  	-0.1724  	0.29851  	-0.1009  	-0.0782  	-0.3245  	-0.3538  	0.29577  	0.22575  	0.22946  	-0.2168  	0.77629  	0.22084  	-0.0848  	-0.0412  	0.12365  	0.06311  	-0.1011  	-0.0074  	-0.0279  	-0.0441  	-0.0254  	-0.0546  	-0.0458  	-0.0073  	-0.0232  	0.00790  	0.02365  	0.00965  	-0.0135  	0.02379  	0.01324  	0.12530  	0.26328  	0.15896  	0.01620  	-0.0641  	0.30731  	
-0.1023  	0.69442  	-0.4392  	-1.3331  	-0.8147  	-1.7157  	1.24173  	0.25494  	-0.0119  	-0.0227  	0.00915  	-0.6132  	0.77002  	0.07804  	-0.9428  	1.45745  	-0.0806  	0.17331  	0.02621  	0.27322  	0.24881  	-0.3259  	-1.3261  	0.05133  	0.64033  	-0.0996  	-0.0281  	0.29257  	0.27049  	0.30396  	0.24851  	0.00172  	-0.0764  	-0.3010  	0.15401  	-0.1267  	-0.1368  	-0.3222  	-0.4190  	0.24620  	0.34729  	0.30995  	-0.2931  	0.85328  	0.17378  	-0.0659  	-0.0548  	0.14530  	0.04921  	-0.1065  	-0.0093  	-0.0209  	-0.0475  	-0.0066  	-0.0465  	-0.0552  	-0.0188  	-0.0337  	0.00192  	0.03265  	0.00842  	-0.0164  	0.01118  	0.01470  	0.12530  	0.26328  	0.15896  	0.01620  	-0.0641  	0.30731  	
-0.2840  	0.63553  	-0.4493  	-1.7524  	-0.9719  	-1.9206  	1.25513  	0.18205  	-0.0592  	0.08055  	0.21609  	-0.6191  	0.69517  	-0.1691  	-1.3129  	1.41271  	-0.0876  	0.22565  	0.03099  	0.25668  	0.21439  	-0.4777  	-1.3226  	0.05280  	0.52260  	-0.0606  	-0.0931  	0.23744  	0.23429  	0.19485  	0.31936  	-0.0039  	-0.0927  	-0.3426  	0.07797  	-0.0942  	-0.1737  	-0.3149  	-0.4709  	0.23195  	0.41883  	0.30717  	-0.2976  	0.87359  	0.17030  	-0.0659  	-0.0525  	0.13784  	0.04998  	-0.1035  	0.00121  	-0.0176  	-0.0384  	-0.0078  	-0.0518  	-0.0603  	-0.0313  	-0.0351  	0.00543  	0.03759  	0.01580  	-0.0161  	0.01279  	0.01678  	0.12530  	0.26328  	0.15896  	0.01620  	-0.0641  	0.30731  	
-0.4997  	0.52691  	-0.5249  	-2.1299  	-1.2095  	-1.9671  	1.25574  	0.15249  	-0.1065  	0.07633  	0.46684  	-0.7662  	0.54250  	-0.4243  	-1.5159  	1.42450  	-0.0790  	0.21567  	0.04443  	0.28103  	0.32020  	-0.4682  	-1.2296  	0.10499  	0.54556  	-0.0766  	0.03447  	0.14164  	0.12680  	0.15434  	0.29554  	0.02483  	-0.1373  	-0.3447  	0.11189  	-0.0774  	-0.0310  	-0.2684  	-0.4907  	0.19816  	0.44326  	0.31177  	-0.2972  	0.84791  	0.18553  	-0.0746  	-0.0443  	0.11316  	0.03267  	-0.1031  	-0.0221  	-0.0097  	-0.0378  	-0.0158  	-0.0443  	-0.0697  	-0.0180  	-0.0291  	-0.0035  	0.02602  	0.01116  	-0.0180  	0.01304  	0.02661  	0.12530  	0.26328  	0.15896  	0.01620  	-0.0641  	0.30731  	
-0.1692  	0.58599  	-0.4404  	-1.7867  	-0.9428  	-1.8779  	1.25227  	0.24747  	-0.0360  	0.07335  	0.39656  	-0.6350  	0.59768  	-0.0993  	-1.1760  	1.49668  	-0.1683  	0.29688  	-0.0186  	0.43959  	0.40886  	-0.2663  	-1.0440  	0.20056  	0.47188  	-0.1492  	0.05747  	0.13432  	-0.1326  	0.17434  	0.22497  	0.08651  	0.02411  	-0.2128  	0.30557  	-0.1668  	0.11843  	-0.2875  	-0.4469  	0.26399  	0.33700  	0.21111  	-0.1979  	0.78462  	0.23192  	-0.0840  	-0.0248  	0.11731  	0.05904  	-0.1003  	-0.0272  	-0.0208  	-0.0470  	-0.0385  	-0.0695  	-0.0615  	-0.0288  	-0.0309  	-0.0114  	0.01878  	0.01170  	-0.0145  	0.01937  	0.01091  	0.12530  	0.26328  	0.15896  	0.01620  	-0.0641  	0.30731  	
0.17094  	0.70927  	-0.3151  	-1.4729  	-0.9151  	-1.5748  	1.34795  	0.21209  	0.00589  	0.12120  	-0.1171  	-0.7171  	0.74372  	0.32443  	-0.8710  	1.42405  	-0.2617  	0.36607  	-0.0695  	0.54753  	0.24984  	0.12637  	-0.6756  	0.06906  	0.65940  	-0.3122  	0.15771  	0.12610  	-0.0337  	0.29326  	0.08379  	0.08979  	0.08615  	-0.0416  	0.34623  	-0.1293  	0.12397  	-0.3122  	-0.2492  	0.36168  	0.20633  	0.07945  	-0.0555  	0.75294  	0.27431  	-0.1024  	-0.0279  	0.13857  	0.09895  	-0.0844  	-0.0323  	-0.0318  	-0.0517  	-0.0470  	-0.0590  	-0.0334  	-0.0275  	-0.0170  	-0.0100  	0.01346  	0.00974  	0.01225  	0.05080  	0.00568  	0.12530  	0.26328  	0.15896  	0.01620  	-0.0641  	0.30731  	
-0.1257  	0.68674  	-0.4617  	-1.4546  	-0.9062  	-1.8587  	1.30094  	0.17284  	-0.0645  	0.15201  	0.01136  	-0.9081  	0.74609  	0.43242  	-0.9429  	1.36721  	-0.2648  	0.33862  	-0.1163  	0.59852  	0.24914  	0.05427  	-0.8077  	0.19874  	0.77864  	-0.3273  	0.30304  	0.04177  	-0.0568  	0.37323  	0.07160  	0.13541  	0.03182  	-0.0272  	0.43269  	-0.1258  	0.15269  	-0.3189  	-0.2845  	0.35757  	0.16479  	0.11063  	-0.1127  	0.69602  	0.27715  	-0.0989  	-0.0306  	0.10752  	0.08164  	-0.0810  	-0.0273  	-0.0212  	-0.0547  	-0.0441  	-0.0716  	-0.0447  	-0.0224  	-0.0106  	-0.0051  	0.01197  	0.01112  	0.00326  	0.02917  	0.00222  	0.12530  	0.26328  	0.15896  	0.01620  	-0.0641  	0.30731  	
-0.4486  	0.56460  	-0.6424  	-1.8719  	-1.0272  	-2.0068  	1.29020  	0.04738  	-0.0051  	0.10429  	0.38534  	-0.6002  	0.53306  	-0.0938  	-1.3058  	1.48074  	-0.3097  	0.49222  	-0.1045  	0.77384  	0.29631  	-0.0148  	-0.7954  	0.14912  	0.53287  	-0.2878  	-0.0199  	0.25057  	-0.1793  	0.20507  	0.08882  	0.12396  	0.09712  	-0.0282  	0.33593  	-0.1487  	0.14149  	-0.2729  	-0.3059  	0.33011  	0.27530  	0.08339  	-0.1102  	0.67574  	0.27533  	-0.0983  	-0.0037  	0.08892  	0.06268  	-0.0698  	-0.0243  	-0.0275  	-0.0432  	-0.0368  	-0.0698  	-0.0524  	-0.0180  	-0.0107  	0.00343  	0.00542  	0.00666  	-0.0091  	0.03190  	0.00222  	0.12530  	0.26328  	0.15896  	0.01620  	-0.0641  	0.30731  	
-0.4119  	0.52018  	-0.4771  	-2.0177  	-1.1285  	-1.9032  	1.36324  	0.07949  	-0.0071  	0.17466  	0.43959  	-0.6950  	0.47065  	-0.2180  	-1.6382  	1.58957  	-0.2992  	0.54868  	-0.0663  	0.75904  	0.19126  	-0.0521  	-0.7737  	0.12465  	0.60921  	-0.2802  	-0.0338  	0.30129  	-0.0622  	0.20855  	0.11563  	0.09431  	0.06835  	-0.0220  	0.21998  	-0.0673  	0.11718  	-0.2724  	-0.2719  	0.34511  	0.29975  	0.04874  	-0.0594  	0.71919  	0.27748  	-0.0988  	-0.0140  	0.08140  	0.07170  	-0.0811  	-0.0409  	-0.0260  	-0.0451  	-0.0409  	-0.0604  	-0.0675  	-0.0169  	-0.0085  	-0.0058  	0.01331  	0.00805  	-0.0092  	0.04638  	0.01428  	0.12530  	0.26328  	0.15896  	0.01620  	-0.0641  	0.30731  	
-0.6149  	0.46580  	-0.6269  	-2.0535  	-1.1314  	-2.0103  	1.31771  	0.04503  	-0.0568  	0.17367  	0.44590  	-0.7360  	0.45081  	-0.2811  	-1.6101  	1.49581  	-0.2600  	0.52895  	-0.0743  	0.72441  	0.21789  	-0.0655  	-0.7627  	0.08875  	0.65882  	-0.2734  	-0.0067  	0.26479  	-0.0669  	0.20279  	0.08925  	0.09842  	0.04922  	-0.0421  	0.25143  	-0.0370  	0.11170  	-0.2907  	-0.2992  	0.35775  	0.26993  	0.06471  	-0.0872  	0.70754  	0.29614  	-0.1021  	-0.0050  	0.07123  	0.06148  	-0.0876  	-0.0287  	-0.0282  	-0.0488  	-0.0431  	-0.0676  	-0.0636  	-0.0125  	-0.0097  	-0.0109  	0.01499  	0.00708  	-0.0133  	0.05120  	0.01838  	0.12530  	0.26328  	0.15896  	0.01620  	-0.0641  	0.30731  	
-0.4040  	0.50329  	-0.5704  	-1.9534  	-1.1393  	-1.8741  	1.25989  	0.08836  	-0.0095  	0.08756  	0.34530  	-0.7006  	0.51564  	-0.1518  	-1.3708  	1.50675  	-0.2320  	0.40718  	-0.0845  	0.68607  	0.30448  	-0.0200  	-0.6780  	0.13128  	0.60858  	-0.2550  	0.06508  	0.16815  	-0.1564  	0.19758  	0.08772  	0.10277  	0.07736  	-0.0334  	0.28238  	-0.1005  	0.17375  	-0.2652  	-0.3427  	0.34020  	0.26918  	0.07358  	-0.0822  	0.71498  	0.28588  	-0.0999  	0.00098  	0.08605  	0.06137  	-0.0847  	-0.0449  	-0.0276  	-0.0484  	-0.0357  	-0.0679  	-0.0556  	-0.0172  	-0.0202  	-0.0059  	0.00898  	0.01493  	-0.0090  	0.04178  	0.01916  	0.12530  	0.26328  	0.15896  	0.01620  	-0.0641  	0.30731  	
-0.2351  	0.59972  	-0.4137  	-1.8613  	-1.0756  	-1.8175  	1.29076  	0.05690  	-0.0244  	0.18482  	0.32689  	-0.6672  	0.49326  	-0.2278  	-1.5990  	1.67666  	-0.2670  	0.51520  	-0.0559  	0.75467  	0.16445  	-0.0169  	-0.7554  	0.06815  	0.61114  	-0.2786  	-0.0312  	0.30917  	-0.0345  	0.22316  	0.05758  	0.12307  	0.07442  	-0.0311  	0.22505  	-0.0230  	0.13492  	-0.2691  	-0.3037  	0.36538  	0.29694  	0.05989  	-0.0493  	0.74080  	0.28758  	-0.1038  	-0.0085  	0.09992  	0.08430  	-0.0876  	-0.0296  	-0.0261  	-0.0431  	-0.0436  	-0.0618  	-0.0597  	-0.0203  	-0.0130  	-0.0045  	0.01401  	0.00395  	-0.0163  	0.04440  	0.01398  	0.12530  	0.26328  	0.15896  	0.01620  	-0.0641  	0.30731  	
-0.2437  	0.56871  	-0.4308  	-1.8932  	-1.0934  	-1.8525  	1.30459  	0.08435  	-0.0226  	0.22176  	0.43293  	-0.6761  	0.49315  	-0.2277  	-1.6446  	1.69828  	-0.3205  	0.52178  	-0.0967  	0.78917  	0.18493  	-0.0226  	-0.8100  	0.04571  	0.60862  	-0.2843  	-0.0318  	0.35882  	-0.0434  	0.21600  	0.05985  	0.13101  	0.07111  	-0.0300  	0.27995  	0.01003  	0.12083  	-0.2782  	-0.2930  	0.33357  	0.28335  	0.07065  	-0.0598  	0.71907  	0.28785  	-0.1075  	-0.0065  	0.10182  	0.07940  	-0.0927  	-0.0232  	-0.0285  	-0.0390  	-0.0470  	-0.0581  	-0.0637  	-0.0064  	-0.0074  	-0.0049  	0.00516  	0.00158  	-0.0175  	0.05605  	0.02464  	0.12530  	0.26328  	0.15896  	0.01620  	-0.0641  	0.30731  	
-0.2301  	0.56660  	-0.4163  	-1.8995  	-1.1016  	-1.8341  	1.31707  	0.03433  	-0.0243  	0.22295  	0.39250  	-0.6887  	0.48559  	-0.2748  	-1.6449  	1.72784  	-0.3179  	0.53192  	-0.0804  	0.77696  	0.13033  	-0.0185  	-0.8477  	0.01880  	0.66808  	-0.3048  	-0.0320  	0.39677  	-0.0160  	0.23022  	0.06282  	0.13630  	0.04793  	-0.0302  	0.25141  	0.04046  	0.09648  	-0.2779  	-0.2818  	0.35276  	0.29858  	0.06955  	-0.0462  	0.71939  	0.28071  	-0.1027  	-0.0116  	0.10436  	0.08071  	-0.0899  	-0.0177  	-0.0241  	-0.0393  	-0.0453  	-0.0543  	-0.0590  	-0.0099  	-0.0102  	-0.0031  	0.00990  	0.00454  	-0.0175  	0.05423  	0.02048  	0.12530  	0.26328  	0.15896  	0.01620  	-0.0641  	0.30731  	
-0.3415  	0.56356  	-0.4813  	-2.0403  	-1.2124  	-1.9048  	1.30802  	0.04407  	-0.0411  	0.22127  	0.37769  	-0.7572  	0.48338  	-0.2950  	-1.6952  	1.63649  	-0.2980  	0.55797  	-0.0965  	0.76594  	0.09695  	-0.0272  	-0.7904  	-0.0070  	0.66341  	-0.2717  	-0.0918  	0.43059  	0.04456  	0.21813  	0.08168  	0.12220  	0.05035  	-0.0382  	0.17467  	0.03938  	0.05640  	-0.2873  	-0.2545  	0.36700  	0.32807  	0.05706  	-0.0411  	0.72683  	0.27154  	-0.1086  	-0.0093  	0.09980  	0.07541  	-0.0861  	-0.0220  	-0.0267  	-0.0401  	-0.0423  	-0.0557  	-0.0663  	-0.0139  	-0.0114  	-0.0057  	0.01127  	0.00479  	-0.0083  	0.05499  	0.02631  	0.12530  	0.26328  	0.15896  	0.01620  	-0.0641  	0.30731  	
-0.6030  	0.49867  	-0.6155  	-2.1262  	-1.2202  	-2.0049  	1.29953  	0.00588  	-0.0537  	0.19491  	0.40714  	-0.7674  	0.48570  	-0.3014  	-1.6628  	1.53800  	-0.2528  	0.50914  	-0.0827  	0.73993  	0.14911  	-0.0459  	-0.7827  	0.06641  	0.70551  	-0.2819  	0.01493  	0.36521  	-0.0115  	0.22443  	0.08942  	0.12671  	0.04064  	-0.0287  	0.22445  	0.03782  	0.10096  	-0.2698  	-0.3004  	0.33012  	0.30462  	0.06362  	-0.0614  	0.71060  	0.28954  	-0.1111  	-0.0075  	0.07059  	0.06945  	-0.0864  	-0.0223  	-0.0220  	-0.0401  	-0.0363  	-0.0578  	-0.0647  	-0.0129  	-0.0088  	0.00482  	0.00842  	0.00632  	-0.0092  	0.05555  	0.02387  	0.12530  	0.26328  	0.15896  	0.01620  	-0.0641  	0.30731  	
-0.6336  	0.47069  	-0.6307  	-2.2283  	-1.2699  	-2.0272  	1.28163  	0.01445  	-0.0615  	0.19965  	0.49393  	-0.7921  	0.43702  	-0.2829  	-1.6521  	1.43436  	-0.2533  	0.50511  	-0.0955  	0.71528  	0.22931  	-0.0703  	-0.6828  	0.03810  	0.62832  	-0.2530  	-0.0088  	0.27923  	-0.0693  	0.18447  	0.10548  	0.10537  	0.05060  	-0.0407  	0.19525  	-0.0222  	0.13856  	-0.2507  	-0.2988  	0.29897  	0.32647  	0.05789  	-0.0688  	0.71702  	0.29374  	-0.1095  	-0.0056  	0.07140  	0.05315  	-0.0838  	-0.0473  	-0.0199  	-0.0391  	-0.0416  	-0.0659  	-0.0679  	-0.0166  	-0.0102  	-0.0040  	0.00590  	0.01159  	-0.0063  	0.05332  	0.02112  	0.12530  	0.26328  	0.15896  	0.01620  	-0.0641  	0.30731  	
-0.6257  	0.49170  	-0.5890  	-2.1522  	-1.2251  	-2.0041  	1.27973  	0.03382  	-0.0297  	0.17501  	0.41850  	-0.7432  	0.46977  	-0.2992  	-1.6411  	1.52745  	-0.2442  	0.49574  	-0.0800  	0.70894  	0.12418  	-0.0415  	-0.6465  	0.01041  	0.57163  	-0.2384  	-0.0740  	0.33142  	0.00543  	0.20360  	0.10843  	0.10433  	0.04774  	-0.0284  	0.13390  	-0.0340  	0.08946  	-0.2472  	-0.2781  	0.31693  	0.35659  	0.05325  	-0.0255  	0.73062  	0.27702  	-0.1072  	-0.0001  	0.09106  	0.06880  	-0.0886  	-0.0408  	-0.0232  	-0.0433  	-0.0391  	-0.0603  	-0.0685  	-0.0242  	-0.0112  	-0.0038  	0.00261  	0.01342  	-0.0052  	0.05072  	0.02057  	0.12530  	0.26328  	0.15896  	0.01620  	-0.0641  	0.30731  	
-0.6118  	0.50318  	-0.5976  	-2.1068  	-1.1928  	-1.9849  	1.28247  	0.01010  	-0.0274  	0.16399  	0.33852  	-0.7134  	0.50648  	-0.3171  	-1.6532  	1.52421  	-0.2406  	0.53767  	-0.0866  	0.74737  	0.06715  	-0.0481  	-0.6813  	-0.0462  	0.55576  	-0.2341  	-0.1364  	0.44809  	0.05549  	0.18429  	0.12811  	0.08690  	0.05346  	-0.0209  	0.07939  	-0.0331  	0.01083  	-0.2731  	-0.2421  	0.32190  	0.37115  	0.04678  	-0.0196  	0.73145  	0.27530  	-0.1051  	-0.0060  	0.10172  	0.07196  	-0.0912  	-0.0415  	-0.0219  	-0.0430  	-0.0450  	-0.0601  	-0.0708  	-0.0231  	-0.0138  	-0.0003  	0.00211  	0.01506  	-0.0031  	0.04765  	0.01998  	0.12530  	0.26328  	0.15896  	0.01620  	-0.0641  	0.30731  	
-0.5393  	0.52822  	-0.6222  	-2.0639  	-1.1622  	-2.0534  	1.27514  	0.03894  	-0.0379  	0.18902  	0.30720  	-0.6928  	0.53732  	-0.2159  	-1.5742  	1.48523  	-0.2820  	0.55945  	-0.0880  	0.77265  	0.07153  	-0.0179  	-0.7158  	-0.0399  	0.58151  	-0.2419  	-0.1409  	0.43117  	0.05743  	0.19334  	0.14110  	0.07545  	0.08512  	-0.0123  	0.11758  	-0.0440  	-0.0143  	-0.3041  	-0.2432  	0.34690  	0.33680  	0.04866  	-0.0292  	0.73882  	0.27590  	-0.1032  	-0.0099  	0.09843  	0.06615  	-0.0856  	-0.0378  	-0.0264  	-0.0477  	-0.0466  	-0.0592  	-0.0676  	-0.0206  	-0.0135  	0.00240  	0.00591  	0.01360  	8.83340  	0.04527  	0.01947  	0.12530  	0.26328  	0.15896  	0.01620  	-0.0641  	0.30731  	
-0.5614  	0.52572  	-0.6230  	-2.0502  	-1.1580  	-2.0309  	1.26059  	0.05182  	-0.0449  	0.15628  	0.36247  	-0.7093  	0.49386  	-0.2176  	-1.5381  	1.50818  	-0.2750  	0.52841  	-0.0911  	0.74359  	0.12149  	-0.0174  	-0.7029  	0.00320  	0.57123  	-0.2469  	-0.0972  	0.38911  	0.00928  	0.19913  	0.12414  	0.07798  	0.07447  	-0.0147  	0.17876  	-0.0489  	0.04302  	-0.2958  	-0.2707  	0.32374  	0.31866  	0.05858  	-0.0450  	0.71779  	0.27627  	-0.1011  	-0.0083  	0.08799  	0.06324  	-0.0879  	-0.0364  	-0.0234  	-0.0462  	-0.0441  	-0.0641  	-0.0687  	-0.0226  	-0.0110  	0.00260  	0.00798  	0.01115  	-0.0025  	0.04687  	0.02060  	0.12530  	0.26328  	0.15896  	0.01620  	-0.0641  	0.30731  	
-0.5777  	0.50977  	-0.6238  	-2.1217  	-1.2125  	-2.1001  	1.30121  	0.01860  	-0.0422  	0.14563  	0.46206  	-0.7625  	0.43056  	-0.3288  	-1.6176  	1.52221  	-0.2699  	0.49371  	-0.0914  	0.69692  	0.11008  	-0.0176  	-0.6795  	0.00219  	0.59095  	-0.2480  	-0.0872  	0.33124  	0.01202  	0.19705  	0.11377  	0.09581  	0.06171  	-0.0335  	0.15340  	-0.0234  	0.12479  	-0.2654  	-0.2876  	0.32142  	0.35557  	0.06246  	-0.0476  	0.72901  	0.28068  	-0.1074  	-0.0047  	0.08835  	0.06901  	-0.0939  	-0.0450  	-0.0199  	-0.0451  	-0.0368  	-0.0585  	-0.0622  	-0.0244  	-0.0154  	0.00189  	0.00930  	0.01483  	-0.0002  	0.04622  	0.02113  	0.12530  	0.26328  	0.15896  	0.01620  	-0.0641  	0.30731  	
-0.6115  	0.49157  	-0.6411  	-2.1564  	-1.2473  	-2.0983  	1.30039  	0.00631  	-0.0383  	0.14802  	0.48789  	-0.7691  	0.41992  	-0.3594  	-1.6468  	1.51939  	-0.2392  	0.48077  	-0.0894  	0.69663  	0.13453  	-0.0112  	-0.6615  	0.00126  	0.58171  	-0.2333  	-0.0965  	0.31864  	-0.0237  	0.18344  	0.11117  	0.09747  	0.05407  	-0.0357  	0.14973  	-0.0337  	0.14216  	-0.2562  	-0.2919  	0.29785  	0.35883  	0.06431  	-0.0460  	0.72130  	0.28620  	-0.1061  	-0.0041  	0.09050  	0.06750  	-0.0909  	-0.0482  	-0.0185  	-0.0445  	-0.0372  	-0.0590  	-0.0647  	-0.0234  	-0.0150  	0.00080  	0.00793  	0.01483  	-0.0018  	0.04758  	0.02312  	0.12530  	0.26328  	0.15896  	0.01620  	-0.0641  	0.30731  	
-0.6517  	0.49132  	-0.6554  	-2.1887  	-1.2394  	-2.1254  	1.29579  	0.02046  	-0.0430  	0.16270  	0.46927  	-0.7527  	0.43453  	-0.3526  	-1.6824  	1.53485  	-0.2449  	0.49213  	-0.0834  	0.70704  	0.12576  	-0.0045  	-0.6827  	-0.0044  	0.57886  	-0.2312  	-0.0972  	0.34278  	-0.0215  	0.18396  	0.11893  	0.08562  	0.04830  	-0.0374  	0.12899  	-0.0318  	0.10810  	-0.2599  	-0.2723  	0.30551  	0.35696  	0.06254  	-0.0455  	0.71860  	0.28444  	-0.1065  	-0.0034  	0.09299  	0.05768  	-0.0894  	-0.0498  	-0.0175  	-0.0423  	-0.0421  	-0.0640  	-0.0683  	-0.0225  	-0.0154  	-0.0045  	0.00847  	0.01339  	-0.0036  	0.04848  	0.02386  	0.12530  	0.26328  	0.15896  	0.01620  	-0.0641  	0.30731  	
-0.6766  	0.49645  	-0.6659  	-2.1977  	-1.2379  	-2.1353  	1.28816  	0.02992  	-0.0476  	0.16688  	0.46550  	-0.7397  	0.43413  	-0.3595  	-1.6920  	1.53412  	-0.2487  	0.50171  	-0.0840  	0.73075  	0.12202  	-0.0111  	-0.6964  	-0.0107  	0.56525  	-0.2267  	-0.1006  	0.35847  	-0.0272  	0.18339  	0.12723  	0.08172  	0.04918  	-0.0361  	0.12397  	-0.0315  	0.08940  	-0.2674  	-0.2604  	0.30189  	0.35251  	0.06365  	-0.0467  	0.71600  	0.28588  	-0.1072  	-0.0026  	0.09286  	0.05671  	-0.0864  	-0.0483  	-0.0177  	-0.0424  	-0.0444  	-0.0640  	-0.0690  	-0.0191  	-0.0124  	-0.0063  	0.00750  	0.01245  	-0.0057  	0.04822  	0.02333  	0.12530  	0.26328  	0.15896  	0.01620  	-0.0641  	0.30731  	
-0.6491  	0.50940  	-0.6849  	-2.1073  	-1.1698  	-2.1254  	1.26124  	0.06552  	-0.0406  	0.17017  	0.46894  	-0.6659  	0.45978  	-0.3113  	-1.6527  	1.52694  	-0.2657  	0.53294  	-0.0863  	0.78174  	0.14072  	-0.0264  	-0.7449  	-0.0016  	0.51190  	-0.2295  	-0.1112  	0.38805  	-0.0345  	0.17930  	0.13326  	0.07741  	0.06593  	-0.0293  	0.14028  	-0.0429  	0.05320  	-0.2866  	-0.2508  	0.29966  	0.32867  	0.06096  	-0.0556  	0.70597  	0.28707  	-0.1078  	-0.0067  	0.09257  	0.06220  	-0.0810  	-0.0409  	-0.0212  	-0.0448  	-0.0478  	-0.0637  	-0.0692  	-0.0161  	-0.0098  	-0.0050  	0.00721  	0.01090  	-0.0046  	0.04583  	0.02016  	0.12530  	0.26328  	0.15896  	0.01620  	-0.0641  	0.30731  	
-0.6354  	0.50577  	-0.7141  	-2.0141  	-1.0680  	-2.1267  	1.25709  	0.05569  	-0.0378  	0.18367  	0.51554  	-0.5956  	0.50595  	-0.2543  	-1.5809  	1.53006  	-0.2830  	0.57394  	-0.1008  	0.84098  	0.16301  	-0.0505  	-0.8059  	0.00734  	0.42954  	-0.2190  	-0.1804  	0.45914  	-0.0328  	0.15993  	0.14089  	0.06996  	0.10663  	-0.0154  	0.17897  	-0.0524  	-0.0013  	-0.3152  	-0.2462  	0.32257  	0.29247  	0.06733  	-0.0746  	0.69008  	0.27913  	-0.1053  	-0.0121  	0.09685  	0.07340  	-0.0831  	-0.0259  	-0.0240  	-0.0464  	-0.0487  	-0.0627  	-0.0688  	-0.0099  	-0.0075  	5.37149  	0.00931  	0.00774  	-0.0031  	0.04263  	0.01698  	0.12530  	0.26328  	0.15896  	0.01620  	-0.0641  	0.30731  	
-0.7850  	0.43869  	-0.7837  	-2.0588  	-1.0651  	-2.1923  	1.29176  	0.00613  	-0.0509  	0.25952  	0.55905  	-0.6090  	0.50839  	-0.2898  	-1.6878  	1.53268  	-0.2958  	0.58171  	-0.1060  	0.89998  	0.10757  	-0.0709  	-0.8530  	-0.0157  	0.45082  	-0.2219  	-0.2967  	0.51370  	-0.0128  	0.12359  	0.14359  	0.05855  	0.11344  	-0.0088  	0.14669  	-0.0308  	-0.0313  	-0.3223  	-0.2371  	0.31773  	0.30083  	0.06548  	-0.0748  	0.68410  	0.27697  	-0.0960  	0.00256  	0.11579  	0.07308  	-0.0776  	-0.0397  	-0.0253  	-0.0521  	-0.0431  	-0.0590  	-0.0732  	-0.0147  	-0.0063  	-0.0092  	0.00652  	0.00808  	-0.0125  	0.04720  	0.01502  	0.12530  	0.26328  	0.15896  	0.01620  	-0.0641  	0.30731  	
-0.8181  	0.42142  	-0.8340  	-2.0318  	-1.0559  	-2.2365  	1.28798  	0.03951  	-0.0420  	0.30987  	0.53053  	-0.6237  	0.53700  	-0.2087  	-1.7433  	1.51828  	-0.3208  	0.59081  	-0.1103  	0.90850  	0.07153  	-0.0606  	-0.8308  	-0.0186  	0.47184  	-0.2168  	-0.3238  	0.53726  	0.02404  	0.12875  	0.13827  	0.03474  	0.12780  	-0.0113  	0.13886  	-0.0397  	-0.0660  	-0.3377  	-0.2269  	0.34298  	0.27390  	0.07196  	-0.0811  	0.69025  	0.28398  	-0.1072  	0.01145  	0.11927  	0.07136  	-0.0746  	-0.0483  	-0.0230  	-0.0508  	-0.0388  	-0.0609  	-0.0764  	-0.0184  	-0.0085  	-0.0086  	0.00752  	0.00039  	-0.0067  	0.04441  	0.01789  	0.12530  	0.26328  	0.15896  	0.01620  	-0.0641  	0.30731  	
-0.8574  	0.39667  	-0.8177  	-2.0960  	-1.0694  	-2.2803  	1.32780  	0.03917  	-0.0427  	0.31847  	0.64874  	-0.6226  	0.49828  	-0.2236  	-1.7552  	1.43816  	-0.3224  	0.56024  	-0.1300  	0.89744  	0.12352  	-0.0242  	-0.8108  	0.02550  	0.45120  	-0.2235  	-0.2670  	0.48849  	-0.0328  	0.12008  	0.13270  	0.03697  	0.13290  	-0.0132  	0.17558  	-0.0843  	-0.0058  	-0.3393  	-0.2434  	0.32471  	0.26562  	0.08676  	-0.0966  	0.66913  	0.29546  	-0.1055  	-0.0037  	0.10484  	0.07705  	-0.0709  	-0.0431  	-0.0193  	-0.0493  	-0.0459  	-0.0628  	-0.0703  	-0.0244  	-0.0156  	-0.0044  	0.00042  	0.00350  	-0.0008  	0.04079  	0.01809  	0.12530  	0.26328  	0.15896  	0.01620  	-0.0641  	0.30731  	
-0.7552  	0.38760  	-0.7593  	-2.0797  	-1.0424  	-2.3462  	1.31826  	0.10841  	-0.0590  	0.28884  	0.74349  	-0.6543  	0.49014  	-0.1979  	-1.6779  	1.37513  	-0.3212  	0.51853  	-0.1344  	0.87562  	0.24675  	-0.0806  	-0.8079  	0.13142  	0.49701  	-0.2332  	-0.1735  	0.37474  	-0.0994  	0.12715  	0.10910  	0.03928  	0.12682  	-0.0297  	0.26599  	-0.1117  	0.07464  	-0.3196  	-0.2928  	0.31038  	0.24604  	0.09140  	-0.1191  	0.67189  	0.30905  	-0.1019  	-0.0034  	0.07525  	0.06153  	-0.0744  	-0.0373  	-0.0212  	-0.0481  	-0.0534  	-0.0763  	-0.0733  	-0.0132  	-0.0160  	-0.0114  	0.00289  	0.00590  	-0.0008  	0.04018  	0.01727  	0.12530  	0.26328  	0.15896  	0.01620  	-0.0641  	0.30731  	
-0.2656  	0.61679  	-0.4693  	-1.8652  	-1.0764  	-1.9186  	1.35536  	0.20059  	0.03338  	0.17502  	0.30912  	-0.6124  	0.62013  	0.11791  	-1.2528  	1.47658  	-0.3260  	0.42731  	-0.0981  	0.72538  	0.33497  	-0.0160  	-0.8005  	0.15266  	0.52541  	-0.2585  	-0.0097  	0.15912  	-0.1620  	0.21154  	0.09031  	0.08864  	0.12728  	-0.0361  	0.26085  	-0.1994  	0.12287  	-0.2809  	-0.2573  	0.38767  	0.25035  	0.09659  	-0.0742  	0.70662  	0.28912  	-0.0946  	-0.0113  	0.11807  	0.06646  	-0.0693  	-0.0467  	-0.0230  	-0.0644  	-0.0474  	-0.0891  	-0.0607  	-0.0231  	-0.0157  	-0.0201  	0.00325  	0.01004  	-0.0144  	0.03083  	0.00972  	0.12530  	0.26328  	0.15896  	0.01620  	-0.0641  	0.30731  	
0.07946  	0.68806  	-0.2602  	-1.6533  	-1.0199  	-1.5772  	1.35390  	0.24581  	0.03831  	0.02999  	-0.1132  	-0.7519  	0.75408  	0.33244  	-0.9194  	1.38774  	-0.2207  	0.37818  	-0.1190  	0.53647  	0.27713  	0.13306  	-0.6296  	0.10919  	0.65662  	-0.2717  	0.10543  	0.09827  	-0.0688  	0.26139  	0.11468  	0.07577  	0.10509  	-0.0419  	0.26430  	-0.1851  	0.12456  	-0.2695  	-0.2666  	0.35548  	0.27499  	0.07626  	-0.0161  	0.74560  	0.27409  	-0.1088  	-0.0120  	0.14545  	0.10282  	-0.0908  	-0.0478  	-0.0237  	-0.0494  	-0.0452  	-0.0655  	-0.0503  	-0.0311  	-0.0215  	-0.0045  	0.00997  	0.01264  	0.00802  	0.04912  	0.01793  	0.12530  	0.26328  	0.15896  	0.01620  	-0.0641  	0.30731  	
0.06858  	0.68241  	-0.3788  	-1.6497  	-0.9697  	-1.7063  	1.40624  	0.19072  	-0.0163  	0.05601  	-0.0686  	-0.8950  	0.72808  	0.32024  	-1.0091  	1.30558  	-0.2203  	0.34795  	-0.1076  	0.54423  	0.22496  	0.11379  	-0.6989  	0.17182  	0.79980  	-0.2984  	0.22870  	0.07713  	-0.0563  	0.31079  	0.10510  	0.10876  	0.07976  	-0.0398  	0.33717  	-0.1370  	0.12570  	-0.3028  	-0.2609  	0.37761  	0.21336  	0.07626  	-0.0700  	0.74828  	0.27239  	-0.1076  	-0.0270  	0.14724  	0.09456  	-0.0921  	-0.0280  	-0.0250  	-0.0498  	-0.0437  	-0.0699  	-0.0459  	-0.0243  	-0.0145  	-0.0070  	0.01051  	0.01539  	0.00547  	0.04104  	0.00529  	0.12530  	0.26328  	0.15896  	0.01620  	-0.0641  	0.30731  	
-0.3909  	0.52588  	-0.6545  	-1.8874  	-1.0749  	-2.0298  	1.28374  	0.09296  	-0.0210  	0.14117  	0.48477  	-0.6728  	0.60504  	0.00413  	-1.4063  	1.46869  	-0.2803  	0.45959  	-0.0659  	0.82975  	0.31731  	-0.0543  	-0.8573  	0.16937  	0.57359  	-0.2851  	-0.0158  	0.23447  	-0.1848  	0.20540  	0.12426  	0.13677  	0.10152  	-0.0456  	0.36489  	-0.1054  	0.17119  	-0.2885  	-0.3272  	0.33722  	0.25573  	0.08908  	-0.1204  	0.70021  	0.27267  	-0.1036  	-0.0023  	0.08842  	0.07269  	-0.0680  	-0.0267  	-0.0248  	-0.0526  	-0.0405  	-0.0690  	-0.0522  	-0.0187  	-0.0149  	0.01043  	0.01245  	0.00953  	-0.0081  	0.03435  	-0.0021  	0.12530  	0.26328  	0.15896  	0.01620  	-0.0641  	0.30731  	
-0.8540  	0.36244  	-0.7778  	-2.0357  	-1.1133  	-2.1969  	1.29702  	0.05041  	-0.0621  	0.15908  	0.63499  	-0.6869  	0.45698  	-0.2294  	-1.5100  	1.44889  	-0.2677  	0.53006  	-0.1252  	0.91189  	0.29320  	-0.0892  	-0.7869  	0.10777  	0.48736  	-0.2611  	-0.1426  	0.31206  	-0.1661  	0.09727  	0.10317  	0.06904  	0.13816  	-0.0327  	0.31293  	-0.1086  	0.11297  	-0.2813  	-0.3198  	0.29716  	0.24813  	0.08894  	-0.1157  	0.67388  	0.29734  	-0.0946  	-0.0106  	0.08247  	0.04726  	-0.0781  	-0.0370  	-0.0170  	-0.0533  	-0.0466  	-0.0649  	-0.0592  	-0.0138  	-0.0102  	-0.0106  	0.00467  	0.00772  	-0.0034  	0.02922  	0.02104  	0.12530  	0.26328  	0.15896  	0.01620  	-0.0641  	0.30731  	
-0.8895  	0.36517  	-0.8109  	-2.1790  	-1.0676  	-2.3512  	1.33316  	0.03137  	-0.0488  	0.35656  	0.76326  	-0.6636  	0.49196  	-0.2604  	-1.7683  	1.41429  	-0.3271  	0.52137  	-0.1650  	0.87339  	0.21931  	-0.0591  	-0.7636  	0.04851  	0.48285  	-0.2207  	-0.1769  	0.35644  	-0.0926  	0.14058  	0.14452  	0.03184  	0.13606  	-0.0335  	0.26532  	-0.0875  	0.07171  	-0.3189  	-0.2766  	0.28040  	0.23951  	0.08474  	-0.1022  	0.66837  	0.31057  	-0.1005  	-0.0193  	0.07845  	0.05819  	-0.0683  	-0.0355  	-0.0182  	-0.0491  	-0.0552  	-0.0675  	-0.0662  	-0.0250  	-0.0150  	-0.0132  	-0.0085  	0.00384  	0.00070  	0.04871  	0.01955  	0.12530  	0.26328  	0.15896  	0.01620  	-0.0641  	0.30731  	
-0.7222  	0.39627  	-0.7402  	-2.1018  	-1.0741  	-2.2909  	1.30030  	0.13034  	-0.0205  	0.28932  	0.69357  	-0.6919  	0.47801  	-0.2221  	-1.7061  	1.41127  	-0.2980  	0.52868  	-0.1344  	0.86899  	0.25821  	-0.1070  	-0.7783  	0.11436  	0.54567  	-0.2313  	-0.1406  	0.33175  	-0.1293  	0.15114  	0.12017  	0.05303  	0.13522  	-0.0431  	0.29485  	-0.1212  	0.09598  	-0.3135  	-0.2747  	0.30395  	0.23535  	0.08499  	-0.1044  	0.68184  	0.30091  	-0.0960  	-0.0078  	0.07102  	0.05620  	-0.0664  	-0.0344  	-0.0236  	-0.0515  	-0.0515  	-0.0738  	-0.0642  	-0.0208  	-0.0147  	-0.0160  	0.00282  	0.00066  	0.00207  	0.04615  	0.01760  	0.12530  	0.26328  	0.15896  	0.01620  	-0.0641  	0.30731  	
-0.3887  	0.54497  	-0.5442  	-1.8042  	-0.9899  	-2.0012  	1.31744  	0.19030  	0.03772  	0.16023  	0.47177  	-0.5273  	0.55344  	0.08958  	-1.2914  	1.52629  	-0.2616  	0.47634  	-0.0630  	0.85496  	0.35569  	-0.1020  	-0.8519  	0.16716  	0.50564  	-0.2598  	-0.0617  	0.34071  	-0.1713  	0.18189  	0.10421  	0.08964  	0.14925  	-0.0121  	0.27381  	-0.1673  	0.09151  	-0.2882  	-0.2912  	0.38179  	0.22778  	0.08894  	-0.0932  	0.70273  	0.28934  	-0.0930  	-0.0154  	0.09522  	0.07677  	-0.0740  	-0.0306  	-0.0205  	-0.0562  	-0.0458  	-0.0759  	-0.0565  	-0.0362  	-0.0074  	-0.0142  	0.00661  	0.01201  	0.01379  	0.02000  	0.01384  	0.12530  	0.26328  	0.15896  	0.01620  	-0.0641  	0.30731  	
-0.0609  	0.71154  	-0.2912  	-1.8348  	-1.0629  	-1.7129  	1.31076  	0.29827  	0.06958  	0.10122  	0.07860  	-0.7162  	0.69478  	0.23542  	-1.1236  	1.52009  	-0.2292  	0.41659  	-0.0835  	0.67731  	0.33937  	0.04153  	-0.6780  	0.10568  	0.58958  	-0.2618  	0.06521  	0.14480  	-0.1785  	0.25311  	0.10252  	0.09108  	0.12758  	-0.0414  	0.26732  	-0.2237  	0.17735  	-0.2597  	-0.2984  	0.32768  	0.25704  	0.06580  	-0.0435  	0.73570  	0.27326  	-0.1114  	-0.0133  	0.11706  	0.08171  	-0.0794  	-0.0634  	-0.0216  	-0.0505  	-0.0290  	-0.0662  	-0.0565  	-0.0374  	-0.0194  	-0.0079  	0.00687  	0.01615  	0.00691  	0.05502  	0.01065  	0.12530  	0.26328  	0.15896  	0.01620  	-0.0641  	0.30731  	
-0.0643  	0.67982  	-0.3727  	-1.7777  	-1.0110  	-1.7387  	1.34327  	0.28097  	0.02125  	0.05778  	0.10993  	-0.8458  	0.72049  	0.30258  	-1.1518  	1.45563  	-0.2488  	0.38460  	-0.0696  	0.62274  	0.30312  	0.05550  	-0.7083  	0.11824  	0.69414  	-0.2893  	0.18261  	0.10129  	-0.1456  	0.29757  	0.10620  	0.10035  	0.11482  	-0.0350  	0.33290  	-0.1974  	0.15232  	-0.2924  	-0.2854  	0.32957  	0.23836  	0.06450  	-0.0697  	0.73555  	0.27818  	-0.1104  	-0.0199  	0.12860  	0.08865  	-0.0744  	-0.0490  	-0.0271  	-0.0578  	-0.0340  	-0.0704  	-0.0506  	-0.0285  	-0.0125  	-0.0132  	0.00066  	0.01603  	0.00679  	0.05039  	0.00076  	0.12530  	0.26328  	0.15896  	0.01620  	-0.0641  	0.30731  	
-0.6087  	0.46071  	-0.7427  	-1.8143  	-1.0470  	-2.1024  	1.26749  	0.07127  	-0.0439  	0.15737  	0.50951  	-0.5999  	0.54698  	-0.0934  	-1.4113  	1.52161  	-0.2732  	0.50898  	-0.1188  	0.82044  	0.29438  	-0.0359  	-0.8120  	0.14431  	0.52957  	-0.2594  	-0.1337  	0.30236  	-0.1360  	0.19941  	0.09382  	0.09908  	0.10662  	-0.0298  	0.34468  	-0.1032  	0.10535  	-0.3061  	-0.2798  	0.35818  	0.22119  	0.09588  	-0.1290  	0.66849  	0.29218  	-0.1010  	-0.0054  	0.08332  	0.06882  	-0.0676  	-0.0293  	-0.0230  	-0.0421  	-0.0344  	-0.0737  	-0.0640  	-0.0176  	-0.0172  	0.01285  	0.01214  	0.00642  	0.00145  	0.03168  	0.01002  	0.12530  	0.26328  	0.15896  	0.01620  	-0.0641  	0.30731  	
-0.8248  	0.37338  	-0.7795  	-1.9932  	-1.0304  	-2.2397  	1.30055  	0.05365  	-0.0564  	0.24708  	0.64427  	-0.6232  	0.50389  	-0.2413  	-1.6084  	1.45982  	-0.3325  	0.50040  	-0.1554  	0.86763  	0.25543  	-0.0709  	-0.7745  	0.08923  	0.47795  	-0.2440  	-0.1519  	0.32536  	-0.1222  	0.15268  	0.11837  	0.06121  	0.12368  	-0.0266  	0.29761  	-0.1150  	0.08546  	-0.3111  	-0.2898  	0.30051  	0.22985  	0.08721  	-0.1150  	0.66241  	0.30585  	-0.0975  	-0.0147  	0.07606  	0.05648  	-0.0731  	-0.0365  	-0.0179  	-0.0557  	-0.0475  	-0.0690  	-0.0643  	-0.0196  	-0.0132  	-0.0121  	0.00165  	0.00192  	0.00131  	0.03977  	0.01751  	0.12530  	0.26328  	0.15896  	0.01620  	-0.0641  	0.30731  	
-0.8315  	0.38515  	-0.8167  	-2.1434  	-1.0756  	-2.3054  	1.32369  	0.04121  	-0.0477  	0.30518  	0.68396  	-0.6322  	0.49942  	-0.2351  	-1.6906  	1.41893  	-0.3187  	0.50525  	-0.1261  	0.84509  	0.22443  	-0.0496  	-0.7277  	0.04406  	0.50139  	-0.2259  	-0.1223  	0.32274  	-0.0868  	0.17353  	0.12971  	0.04281  	0.12576  	-0.0347  	0.26718  	-0.1064  	0.10681  	-0.2961  	-0.2700  	0.29307  	0.24767  	0.07911  	-0.1074  	0.68602  	0.31191  	-0.0967  	-0.0242  	0.07149  	0.05664  	-0.0699  	-0.0373  	-0.0186  	-0.0534  	-0.0513  	-0.0690  	-0.0630  	-0.0264  	-0.0134  	-0.0113  	-0.0008  	0.00400  	-0.0018  	0.04456  	0.01962  	0.12530  	0.26328  	0.15896  	0.01620  	-0.0641  	0.30731  	
-0.5966  	0.48743  	-0.6851  	-2.1152  	-1.1332  	-2.1747  	1.29272  	0.11796  	-0.0487  	0.19955  	0.50509  	-0.6978  	0.51123  	-0.1889  	-1.5910  	1.39475  	-0.2350  	0.48495  	-0.0868  	0.77228  	0.22750  	-0.0242  	-0.7217  	0.06463  	0.63382  	-0.2592  	-0.0470  	0.29074  	-0.1355  	0.20049  	0.10584  	0.07454  	0.10212  	-0.0427  	0.22597  	-0.0706  	0.11858  	-0.2837  	-0.2277  	0.30702  	0.26494  	0.07086  	-0.1030  	0.69767  	0.28911  	-0.0958  	-0.0077  	0.07686  	0.06677  	-0.0843  	-0.0362  	-0.0182  	-0.0501  	-0.0415  	-0.0624  	-0.0627  	-0.0218  	-0.0094  	-0.0025  	0.01197  	0.00969  	-0.0053  	0.04739  	0.01564  	0.12530  	0.26328  	0.15896  	0.01620  	-0.0641  	0.30731  	
-0.3947  	0.48802  	-0.5248  	-2.0724  	-1.2193  	-1.8969  	1.28690  	0.12683  	0.00686  	0.09796  	0.33078  	-0.8041  	0.50773  	-0.2736  	-1.5772  	1.57248  	-0.2277  	0.55711  	-0.0443  	0.74516  	0.17495  	-0.0604  	-0.7432  	0.02511  	0.64804  	-0.2668  	-0.0361  	0.33133  	-0.0748  	0.21824  	0.08442  	0.13024  	0.08871  	-0.0440  	0.18927  	-0.0646  	0.11406  	-0.2608  	-0.2718  	0.29705  	0.32836  	0.05154  	-0.0381  	0.72138  	0.28242  	-0.0953  	-0.0110  	0.10150  	0.06425  	-0.0766  	-0.0437  	-0.0234  	-0.0465  	-0.0413  	-0.0590  	-0.0616  	-0.0157  	-0.0226  	-0.0031  	0.01457  	0.00483  	0.00039  	0.05561  	0.02586  	0.12530  	0.26328  	0.15896  	0.01620  	-0.0641  	0.30731  	
-0.1719  	0.57597  	-0.3740  	-1.8500  	-1.0893  	-1.8021  	1.33191  	0.07224  	-0.0042  	0.17827  	0.30271  	-0.6515  	0.55293  	-0.2084  	-1.5423  	1.68752  	-0.2791  	0.53766  	-0.0790  	0.81423  	0.07403  	-0.0183  	-0.8273  	0.00570  	0.62364  	-0.2704  	-0.1364  	0.44327  	0.00907  	0.21821  	0.08155  	0.10697  	0.05808  	-0.0218  	0.18047  	0.00163  	0.06201  	-0.2683  	-0.2503  	0.35707  	0.33065  	0.05011  	-0.0275  	0.72229  	0.27390  	-0.1069  	-0.0034  	0.11647  	0.08296  	-0.0829  	-0.0227  	-0.0240  	-0.0374  	-0.0482  	-0.0583  	-0.0669  	-0.0136  	-0.0162  	-0.0025  	0.00996  	0.00296  	-0.0126  	0.05180  	0.01767  	0.12530  	0.26328  	0.15896  	0.01620  	-0.0641  	0.30731  	
-0.1459  	0.59444  	-0.3365  	-1.8782  	-1.0715  	-1.8338  	1.35134  	0.03102  	-0.0179  	0.21133  	0.32078  	-0.6858  	0.51695  	-0.2000  	-1.5860  	1.69163  	-0.3246  	0.56356  	-0.1118  	0.83899  	0.06835  	-0.0328  	-0.8724  	-0.0050  	0.64246  	-0.2898  	-0.1145  	0.43857  	0.06080  	0.22402  	0.06673  	0.12086  	0.06220  	-0.0110  	0.20581  	0.04797  	0.04720  	-0.2902  	-0.2477  	0.38998  	0.30478  	0.05226  	-0.0351  	0.71997  	0.28059  	-0.1056  	-0.0086  	0.11529  	0.08337  	-0.0946  	-0.0205  	-0.0282  	-0.0427  	-0.0501  	-0.0525  	-0.0611  	-0.0096  	-0.0112  	-0.0050  	0.00932  	0.00770  	-0.0207  	0.05547  	0.02358  	0.12530  	0.26328  	0.15896  	0.01620  	-0.0641  	0.30731  	
-0.2334  	0.58414  	-0.5116  	-1.7451  	-1.0033  	-1.8199  	1.31965  	0.02267  	-0.0412  	0.09951  	0.28468  	-0.6662  	0.51786  	-0.1317  	-1.5862  	1.62104  	-0.2976  	0.53227  	-0.0947  	0.80423  	0.12220  	-0.0055  	-0.8654  	0.07789  	0.68346  	-0.2884  	-0.0092  	0.44081  	0.06994  	0.26276  	0.03468  	0.12247  	0.07315  	-0.0160  	0.26254  	0.04895  	0.03829  	-0.2815  	-0.2533  	0.36597  	0.26931  	0.07356  	-0.0545  	0.71022  	0.28392  	-0.1047  	-0.0113  	0.11934  	0.07578  	-0.0934  	-0.0157  	-0.0221  	-0.0374  	-0.0519  	-0.0581  	-0.0641  	-0.0085  	-0.0043  	0.00499  	0.01067  	-0.0005  	-0.0286  	0.05209  	0.01395  	0.12530  	0.26328  	0.15896  	0.01620  	-0.0641  	0.30731  	
-0.4091  	0.49216  	-0.7669  	-1.6465  	-0.8628  	-1.9293  	1.31068  	0.08382  	-0.0506  	0.09412  	0.34193  	-0.6208  	0.58719  	-0.0380  	-1.3824  	1.53988  	-0.2845  	0.50810  	-0.0947  	0.83890  	0.12456  	-0.0466  	-0.9231  	0.07903  	0.68662  	-0.2828  	-0.0777  	0.48114  	0.06906  	0.24181  	0.06118  	0.09589  	0.08373  	-0.0042  	0.28748  	-0.0300  	0.02340  	-0.3245  	-0.2464  	0.33189  	0.24712  	0.06623  	-0.1034  	0.68644  	0.29042  	-0.1055  	-0.0179  	0.08859  	0.06793  	-0.1056  	-0.0269  	-0.0315  	-0.0391  	-0.0485  	-0.0628  	-0.0629  	-0.0081  	-0.0110  	0.00061  	0.01516  	0.01122  	-0.0157  	0.04599  	0.01888  	0.12530  	0.26328  	0.15896  	0.01620  	-0.0641  	0.30731  	
-0.4056  	0.51880  	-0.7805  	-1.4530  	-0.7301  	-1.9544  	1.30495  	0.13979  	0.01826  	0.09786  	0.29293  	-0.5031  	0.67231  	0.14362  	-1.2910  	1.52503  	-0.3314  	0.49477  	-0.1252  	0.87589  	0.06153  	-0.0803  	-0.9739  	0.04321  	0.69613  	-0.2549  	-0.0992  	0.55890  	0.08751  	0.28447  	0.05167  	0.06177  	0.11878  	0.02301  	0.33644  	-0.0461  	-0.0460  	-0.3603  	-0.2215  	0.33756  	0.18310  	0.08670  	-0.1058  	0.69685  	0.29813  	-0.1106  	-0.0175  	0.09321  	0.07733  	-0.0914  	-0.0155  	-0.0358  	-0.0444  	-0.0439  	-0.0648  	-0.0537  	-0.0078  	-0.0114  	-0.0002  	0.01255  	-0.0012  	-0.0128  	0.04954  	0.01565  	0.12530  	0.26328  	0.15896  	0.01620  	-0.0641  	0.30731  	
-0.3425  	0.54749  	-0.6482  	-1.5093  	-0.8279  	-1.7992  	1.28304  	0.16429  	0.01378  	0.06499  	0.13612  	-0.4378  	0.64223  	0.13671  	-1.1587  	1.62128  	-0.3131  	0.49985  	-0.1005  	0.78956  	0.12465  	-0.0035  	-0.8730  	0.07374  	0.64313  	-0.2615  	-0.0452  	0.43769  	0.04178  	0.27488  	0.07152  	0.08263  	0.10898  	0.00434  	0.29284  	-0.1196  	0.02168  	-0.3135  	-0.2477  	0.33856  	0.19413  	0.09072  	-0.0900  	0.72293  	0.28261  	-0.1089  	-0.0022  	0.10664  	0.08143  	-0.0815  	-0.0350  	-0.0309  	-0.0512  	-0.0370  	-0.0667  	-0.0550  	-0.0088  	-0.0097  	-0.0046  	-0.0007  	0.00154  	-0.0145  	0.03888  	0.01206  	0.12530  	0.26328  	0.15896  	0.01620  	-0.0641  	0.30731  	
-0.1647  	0.60718  	-0.4773  	-1.6012  	-1.0050  	-1.6573  	1.29825  	0.16955  	0.01744  	0.03018  	0.05093  	-0.6550  	0.58637  	0.00166  	-1.1404  	1.58989  	-0.2343  	0.47933  	-0.0985  	0.70790  	0.21532  	0.03312  	-0.7278  	0.10056  	0.65038  	-0.2801  	0.00263  	0.28517  	-0.0444  	0.23958  	0.04493  	0.13211  	0.09069  	-0.0385  	0.24649  	-0.1050  	0.07204  	-0.2644  	-0.2670  	0.35507  	0.24609  	0.06337  	-0.0427  	0.72678  	0.27291  	-0.0972  	-0.0068  	0.11332  	0.08301  	-0.0892  	-0.0320  	-0.0207  	-0.0400  	-0.0404  	-0.0577  	-0.0602  	-0.0211  	-0.0084  	0.00329  	0.00374  	0.00402  	-0.0075  	0.03524  	0.01548  	0.12530  	0.26328  	0.15896  	0.01620  	-0.0641  	0.30731  	
0.05019  	0.66591  	-0.3124  	-1.7155  	-1.0586  	-1.7136  	1.31022  	0.15774  	0.03530  	0.09464  	0.18589  	-0.6455  	0.59047  	-0.0426  	-1.3188  	1.62543  	-0.2461  	0.46666  	-0.0879  	0.75477  	0.28440  	0.00101  	-0.7645  	0.07429  	0.61721  	-0.2857  	0.00355  	0.25829  	-0.0842  	0.23020  	0.05821  	0.12277  	0.08565  	-0.0133  	0.29603  	-0.0798  	0.12181  	-0.2740  	-0.2667  	0.34664  	0.26243  	0.06248  	-0.0452  	0.72804  	0.27310  	-0.0967  	-0.0134  	0.11964  	0.09351  	-0.0922  	-0.0259  	-0.0212  	-0.0427  	-0.0409  	-0.0622  	-0.0481  	-0.0269  	-0.0140  	-0.0049  	0.01023  	0.00755  	-0.0070  	0.05113  	0.01120  	0.12530  	0.26328  	0.15896  	0.01620  	-0.0641  	0.30731  	
0.11731  	0.68208  	-0.2544  	-1.8069  	-1.1141  	-1.7459  	1.36970  	0.18834  	0.02567  	0.15954  	0.14487  	-0.8340  	0.65588  	0.16110  	-1.2949  	1.50031  	-0.2451  	0.43832  	-0.0952  	0.64115  	0.29313  	0.06245  	-0.7294  	0.11953  	0.78259  	-0.3326  	0.16110  	0.11515  	-0.1089  	0.26864  	0.08740  	0.13054  	0.06621  	-0.0449  	0.33192  	-0.0753  	0.19617  	-0.2546  	-0.3039  	0.33185  	0.24735  	0.06845  	-0.0488  	0.73211  	0.24589  	-0.1001  	-0.0083  	0.12944  	0.09682  	-0.0912  	-0.0236  	-0.0238  	-0.0442  	-0.0417  	-0.0624  	-0.0482  	-0.0291  	-0.0151  	0.00032  	0.01791  	0.00825  	-0.0073  	0.05347  	0.01004  	0.12530  	0.26328  	0.15896  	0.01620  	-0.0641  	0.30731  	
-0.3130  	0.61269  	-0.4526  	-1.8583  	-1.0641  	-1.8604  	1.33371  	0.18116  	-0.0262  	0.09445  	0.31822  	-0.7851  	0.57325  	0.03212  	-1.3210  	1.51002  	-0.2659  	0.40407  	-0.0816  	0.61632  	0.40916  	0.07594  	-0.6884  	0.23217  	0.70615  	-0.3084  	0.17461  	0.10243  	-0.1882  	0.22621  	0.06590  	0.13155  	0.05714  	-0.0720  	0.34952  	-0.1022  	0.22845  	-0.2553  	-0.3598  	0.34244  	0.21576  	0.09503  	-0.1003  	0.71623  	0.27127  	-0.1008  	-0.0112  	0.08061  	0.07171  	-0.0882  	-0.0439  	-0.0216  	-0.0410  	-0.0435  	-0.0710  	-0.0727  	-0.0249  	-0.0155  	0.01132  	0.01634  	0.01046  	-0.0169  	0.03640  	0.01378  	0.12530  	0.26328  	0.15896  	0.01620  	-0.0641  	0.30731  	
-0.2086  	0.57272  	-0.4572  	-1.9112  	-1.1247  	-1.7857  	1.25998  	0.05643  	-0.0253  	0.11290  	0.34961  	-0.7190  	0.47903  	-0.2489  	-1.5120  	1.68463  	-0.2580  	0.48519  	-0.0330  	0.70865  	0.26762  	-0.0104  	-0.7188  	0.09123  	0.62320  	-0.2845  	0.04074  	0.22552  	-0.1608  	0.20394  	0.07028  	0.14765  	0.06208  	-0.0313  	0.28827  	-0.0324  	0.20662  	-0.2326  	-0.3318  	0.32024  	0.26069  	0.06653  	-0.0613  	0.72440  	0.28393  	-0.1017  	-0.0026  	0.08740  	0.07297  	-0.0868  	-0.0307  	-0.0233  	-0.0425  	-0.0377  	-0.0637  	-0.0625  	-0.0242  	-0.0132  	-0.0046  	0.00993  	0.00151  	-0.0120  	0.05289  	0.01611  	0.12530  	0.26328  	0.15896  	0.01620  	-0.0641  	0.30731  	
-0.2009  	0.56709  	-0.4018  	-1.8571  	-1.0535  	-1.8493  	1.31359  	0.04920  	-0.0295  	0.24794  	0.40501  	-0.6726  	0.45561  	-0.2802  	-1.6267  	1.74949  	-0.3076  	0.52258  	-0.0789  	0.78437  	0.14222  	-0.0295  	-0.8177  	0.05718  	0.66572  	-0.2905  	-0.0009  	0.37532  	-0.0415  	0.22369  	0.04394  	0.14099  	0.05010  	-0.0275  	0.26426  	0.02432  	0.11922  	-0.2631  	-0.2890  	0.35269  	0.28818  	0.07029  	-0.0579  	0.72997  	0.28606  	-0.1037  	-0.0112  	0.11074  	0.08193  	-0.0856  	-0.0253  	-0.0243  	-0.0375  	-0.0443  	-0.0558  	-0.0635  	-0.0100  	-0.0107  	-0.0076  	0.01008  	0.00388  	-0.0232  	0.05654  	0.01948  	0.12530  	0.26328  	0.15896  	0.01620  	-0.0641  	0.30731  	
-0.1916  	0.55169  	-0.3957  	-1.8690  	-1.0714  	-1.7982  	1.31391  	0.04144  	-0.0375  	0.20307  	0.39940  	-0.6950  	0.49332  	-0.2512  	-1.6233  	1.74454  	-0.3112  	0.49965  	-0.0895  	0.78370  	0.14948  	-0.0375  	-0.8419  	0.08784  	0.63446  	-0.3010  	0.00793  	0.32808  	-0.0905  	0.20770  	0.05135  	0.15277  	0.06246  	-0.0334  	0.29341  	0.03579  	0.13250  	-0.2637  	-0.3137  	0.36575  	0.27312  	0.08874  	-0.0557  	0.71095  	0.27823  	-0.1016  	-0.0094  	0.10722  	0.08209  	-0.0847  	-0.0259  	-0.0260  	-0.0396  	-0.0418  	-0.0586  	-0.0619  	-0.0081  	-0.0109  	-0.0074  	0.00937  	0.00066  	-0.0237  	0.05569  	0.01811  	0.12530  	0.26328  	0.15896  	0.01620  	-0.0641  	0.30731  	
0.00021  	0.61341  	-0.2915  	-1.7056  	-1.0257  	-1.7361  	1.31237  	0.16416  	0.00358  	0.12814  	0.30454  	-0.6279  	0.59223  	-0.0458  	-1.4373  	1.71116  	-0.3033  	0.45667  	-0.0755  	0.73442  	0.26776  	-0.0123  	-0.8105  	0.09443  	0.63631  	-0.3219  	0.07366  	0.23292  	-0.1180  	0.20859  	0.07407  	0.14692  	0.09425  	-0.0510  	0.32179  	-0.0747  	0.18071  	-0.2706  	-0.3261  	0.33828  	0.27540  	0.07352  	-0.0701  	0.71820  	0.27293  	-0.1017  	-0.0064  	0.10661  	0.08666  	-0.0942  	-0.0264  	-0.0287  	-0.0385  	-0.0387  	-0.0674  	-0.0522  	-0.0263  	-0.0161  	-0.0010  	0.01715  	0.01316  	-0.0099  	0.03985  	0.00869  	0.12530  	0.26328  	0.15896  	0.01620  	-0.0641  	0.30731  	
-0.0061  	0.66162  	-0.3542  	-1.6087  	-0.9890  	-1.6933  	1.33979  	0.17143  	-0.0001  	0.11858  	0.21003  	-0.6791  	0.64203  	0.14316  	-1.3034  	1.63020  	-0.2736  	0.43645  	-0.0699  	0.72780  	0.28614  	0.01936  	-0.8212  	0.05576  	0.74101  	-0.3253  	0.07424  	0.18670  	-0.0592  	0.30133  	0.05030  	0.10932  	0.07005  	-0.0255  	0.33580  	-0.0624  	0.15770  	-0.2675  	-0.2929  	0.31331  	0.25636  	0.08309  	-0.0350  	0.72731  	0.27248  	-0.1034  	-0.0160  	0.12415  	0.08884  	-0.0929  	-0.0315  	-0.0259  	-0.0364  	-0.0403  	-0.0600  	-0.0470  	-0.0237  	-0.0158  	-0.0102  	0.01389  	0.00762  	-0.0124  	0.04284  	0.01402  	0.12530  	0.26328  	0.15896  	0.01620  	-0.0641  	0.30731  	
-0.2601  	0.60135  	-0.4118  	-1.8843  	-1.0692  	-1.8320  	1.29493  	0.11885  	-0.0217  	0.13683  	0.35103  	-0.7329  	0.53863  	-0.0913  	-1.4205  	1.54521  	-0.2564  	0.42173  	-0.0735  	0.69276  	0.34765  	-0.0076  	-0.7073  	0.16820  	0.65625  	-0.2791  	0.09299  	0.12174  	-0.1972  	0.20239  	0.07408  	0.13061  	0.06321  	-0.0441  	0.35452  	-0.1135  	0.24050  	-0.2333  	-0.3336  	0.34334  	0.25587  	0.07382  	-0.0505  	0.71940  	0.28946  	-0.1107  	-0.0119  	0.08274  	0.08107  	-0.1002  	-0.0557  	-0.0223  	-0.0528  	-0.0352  	-0.0732  	-0.0744  	-0.0212  	-0.0137  	-0.0056  	0.01280  	-0.0062  	-0.0010  	0.05616  	0.01634  	0.12530  	0.26328  	0.15896  	0.01620  	-0.0641  	0.30731  	
-0.5425  	0.52492  	-0.5358  	-2.1576  	-1.2359  	-1.9462  	1.28228  	0.03060  	-0.0784  	0.12578  	0.44012  	-0.8148  	0.43212  	-0.3093  	-1.6009  	1.49794  	-0.2298  	0.50641  	-0.0628  	0.69723  	0.23963  	-0.0067  	-0.6987  	0.06350  	0.66208  	-0.2822  	0.03954  	0.25837  	-0.0754  	0.19522  	0.08619  	0.11483  	0.03127  	-0.0486  	0.21192  	-0.0325  	0.16445  	-0.2529  	-0.3130  	0.31067  	0.30844  	0.05698  	-0.0841  	0.71262  	0.28664  	-0.1042  	-0.0047  	0.08079  	0.06097  	-0.0929  	-0.0422  	-0.0209  	-0.0363  	-0.0380  	-0.0653  	-0.0683  	-0.0112  	-0.0106  	-0.0011  	0.00906  	0.01046  	-0.0145  	0.05130  	0.02112  	0.12530  	0.26328  	0.15896  	0.01620  	-0.0641  	0.30731  	
-0.5762  	0.49251  	-0.6281  	-1.9906  	-1.1582  	-1.9534  	1.26578  	0.04273  	-0.0549  	0.13381  	0.38822  	-0.7280  	0.47835  	-0.2911  	-1.6147  	1.51562  	-0.2352  	0.51751  	-0.0932  	0.74734  	0.11153  	-0.0479  	-0.7358  	0.03193  	0.62753  	-0.2454  	-0.0511  	0.36870  	0.01035  	0.22966  	0.11568  	0.09004  	0.05145  	-0.0369  	0.15823  	-0.0300  	0.05732  	-0.2890  	-0.2480  	0.32869  	0.29898  	0.06463  	-0.0568  	0.72365  	0.28796  	-0.1085  	-0.0048  	0.09112  	0.06489  	-0.0861  	-0.0374  	-0.0216  	-0.0450  	-0.0427  	-0.0638  	-0.0638  	-0.0129  	-0.0147  	-0.0029  	0.00545  	0.01145  	-0.0104  	0.04366  	0.01990  	0.12530  	0.26328  	0.15896  	0.01620  	-0.0641  	0.30731  	
-0.2272  	0.60144  	-0.4838  	-1.6831  	-0.9477  	-1.7839  	1.28464  	0.17972  	0.02754  	0.07726  	0.19628  	-0.5823  	0.60755  	-0.0168  	-1.2637  	1.59178  	-0.2758  	0.46691  	-0.1033  	0.80712  	0.18900  	0.00305  	-0.7987  	0.06629  	0.58082  	-0.2713  	-0.0588  	0.33414  	-0.0299  	0.22511  	0.08880  	0.08273  	0.09181  	-0.0127  	0.28452  	-0.0887  	0.07559  	-0.2918  	-0.2597  	0.37515  	0.24439  	0.04832  	-0.0493  	0.73183  	0.28449  	-0.1104  	-0.0074  	0.11389  	0.07104  	-0.0792  	-0.0213  	-0.0279  	-0.0458  	-0.0443  	-0.0617  	-0.0593  	-0.0140  	-0.0140  	-0.0008  	0.00766  	0.00369  	-0.0023  	0.03991  	0.01892  	0.12530  	0.26328  	0.15896  	0.01620  	-0.0641  	0.30731  	
-0.0391  	0.64073  	-0.4489  	-1.4954  	-0.8454  	-1.7045  	1.30626  	0.18736  	0.04174  	0.07772  	0.12115  	-0.5686  	0.66530  	0.06754  	-1.2232  	1.61553  	-0.3045  	0.46940  	-0.1165  	0.81626  	0.16124  	-0.0157  	-0.8563  	0.06133  	0.63071  	-0.3001  	-0.0419  	0.39535  	-0.0164  	0.26883  	0.08856  	0.10581  	0.10856  	-0.0140  	0.28826  	-0.1064  	0.03700  	-0.3101  	-0.2480  	0.40425  	0.23004  	0.07401  	-0.0567  	0.72099  	0.28018  	-0.1073  	-0.0151  	0.12173  	0.08407  	-0.0814  	-0.0189  	-0.0314  	-0.0524  	-0.0445  	-0.0654  	-0.0455  	-0.0042  	-0.0148  	-0.0046  	0.00979  	0.00159  	0.00455  	0.04681  	0.01186  	0.12530  	0.26328  	0.15896  	0.01620  	-0.0641  	0.30731  	
0.03868  	0.70130  	-0.3688  	-1.3510  	-0.8286  	-1.7086  	1.28274  	0.24603  	-0.0165  	0.04771  	0.04375  	-0.6665  	0.71224  	0.12701  	-1.0305  	1.44615  	-0.2143  	0.28116  	-0.0472  	0.46795  	0.22670  	-0.1899  	-1.1349  	0.06757  	0.64948  	-0.2206  	0.08743  	0.27856  	0.15941  	0.31783  	0.14811  	0.06582  	0.01402  	-0.1649  	0.26825  	-0.1153  	-0.0396  	-0.3196  	-0.3516  	0.28675  	0.29475  	0.22056  	-0.1921  	0.80016  	0.22611  	-0.0811  	-0.0439  	0.13504  	0.07610  	-0.1112  	-0.0172  	-0.0189  	-0.0478  	-0.0269  	-0.0561  	-0.0534  	-0.0255  	-0.0198  	0.00383  	0.01159  	0.01105  	-0.0092  	0.02578  	0.00837  	0.12530  	0.26328  	0.15896  	0.01620  	-0.0641  	0.30731  	
-0.0282  	0.73366  	-0.4047  	-1.2861  	-0.7683  	-1.7817  	1.26717  	0.32469  	-0.0065  	0.03350  	0.01914  	-0.6919  	0.76012  	0.25550  	-0.8527  	1.34205  	-0.1076  	0.05784  	0.00176  	0.24708  	0.35650  	-0.3019  	-1.3431  	0.17372  	0.72162  	-0.1468  	0.15971  	0.09347  	0.18171  	0.29149  	0.20491  	0.02969  	-0.1114  	-0.3221  	0.27948  	-0.1352  	-0.0893  	-0.3228  	-0.4584  	0.25474  	0.28144  	0.34820  	-0.3136  	0.86781  	0.18108  	-0.0690  	-0.0604  	0.17056  	0.07166  	-0.1235  	-0.0070  	-0.0163  	-0.0483  	-0.0163  	-0.0557  	-0.0515  	-0.0128  	-0.0323  	0.00988  	0.03158  	0.01477  	-0.0130  	0.01352  	0.01175  	0.12530  	0.26328  	0.15896  	0.01620  	-0.0641  	0.30731  	
-0.0587  	0.70476  	-0.5618  	-1.0726  	-0.6167  	-1.7640  	1.26342  	0.28505  	-0.0448  	-0.0238  	0.01080  	-0.5578  	0.77878  	0.23872  	-0.7691  	1.36380  	-0.0991  	0.02442  	-0.0039  	0.19159  	0.23330  	-0.3403  	-1.4399  	0.09361  	0.71317  	-0.1062  	0.14027  	0.22989  	0.26822  	0.36133  	0.21814  	-0.0068  	-0.1243  	-0.3365  	0.27371  	-0.1258  	-0.1711  	-0.3457  	-0.4511  	0.22372  	0.24451  	0.38968  	-0.3620  	0.83063  	0.18025  	-0.0574  	-0.0589  	0.15360  	0.04501  	-0.1114  	-0.0026  	-0.0168  	-0.0399  	-0.0122  	-0.0571  	-0.0479  	-0.0039  	-0.0348  	0.01280  	0.02394  	0.01148  	-0.0187  	0.00580  	0.00618  	0.12530  	0.26328  	0.15896  	0.01620  	-0.0641  	0.30731  	
-0.0792  	0.66193  	-0.4495  	-1.1637  	-0.7003  	-1.6904  	1.21419  	0.32059  	-0.0284  	-0.0905  	-0.0454  	-0.5824  	0.80462  	0.20625  	-0.7452  	1.40847  	-0.0997  	0.05810  	0.00982  	0.27365  	0.28577  	-0.3363  	-1.3165  	0.15046  	0.60888  	-0.1055  	0.06952  	0.23029  	0.16577  	0.31316  	0.21740  	0.00418  	-0.0806  	-0.3103  	0.26067  	-0.1847  	-0.0859  	-0.3286  	-0.4614  	0.22898  	0.26980  	0.35406  	-0.2965  	0.84415  	0.17819  	-0.0643  	-0.0511  	0.13765  	0.05294  	-0.1028  	-0.0171  	-0.0169  	-0.0485  	-0.0200  	-0.0519  	-0.0518  	-0.0148  	-0.0377  	0.00107  	0.02351  	0.00877  	-0.0143  	0.00750  	0.00616  	0.12530  	0.26328  	0.15896  	0.01620  	-0.0641  	0.30731  	
0.04879  	0.72185  	-0.3150  	-1.4816  	-0.9482  	-1.6352  	1.26359  	0.30733  	-0.0061  	-0.0036  	0.11822  	-0.6366  	0.72432  	0.19675  	-0.9715  	1.53098  	-0.1619  	0.22876  	-0.0139  	0.40891  	0.38811  	-0.1476  	-1.0532  	0.13757  	0.62343  	-0.2297  	0.10058  	0.13107  	-0.0068  	0.26983  	0.14267  	0.08063  	-0.0176  	-0.1827  	0.28685  	-0.1451  	0.05165  	-0.2646  	-0.3852  	0.25445  	0.27957  	0.22608  	-0.1824  	0.79182  	0.22837  	-0.0733  	-0.0445  	0.14232  	0.07780  	-0.0933  	-0.0306  	-0.0200  	-0.0456  	-0.0239  	-0.0551  	-0.0451  	-0.0249  	-0.0256  	0.00015  	0.01822  	0.01254  	-0.0071  	0.02386  	0.00702  	0.12530  	0.26328  	0.15896  	0.01620  	-0.0641  	0.30731  	
0.10411  	0.72086  	-0.2662  	-1.5786  	-1.0003  	-1.6229  	1.32543  	0.29149  	0.05721  	0.03833  	0.20299  	-0.6407  	0.66135  	0.20118  	-1.1764  	1.65884  	-0.2692  	0.39576  	-0.0679  	0.67727  	0.39850  	0.03470  	-0.7629  	0.14345  	0.68097  	-0.3259  	0.14712  	0.13136  	-0.1535  	0.26738  	0.02406  	0.15092  	0.09245  	-0.0425  	0.36160  	-0.1685  	0.21450  	-0.2397  	-0.2906  	0.30854  	0.22658  	0.09075  	-0.0524  	0.72173  	0.27920  	-0.0958  	-0.0171  	0.12851  	0.09262  	-0.0779  	-0.0334  	-0.0240  	-0.0447  	-0.0369  	-0.0615  	-0.0472  	-0.0275  	-0.0108  	-0.0053  	0.01027  	0.00086  	-0.0058  	0.03564  	0.00840  	0.12530  	0.26328  	0.15896  	0.01620  	-0.0641  	0.30731  	
0.06424  	0.69959  	-0.3251  	-1.4905  	-0.9251  	-1.6772  	1.33304  	0.23657  	0.05371  	0.09588  	0.16948  	-0.6197  	0.67709  	0.21780  	-1.1456  	1.64064  	-0.2689  	0.40250  	-0.0898  	0.73834  	0.31935  	0.05743  	-0.8316  	0.10509  	0.73717  	-0.3434  	0.11349  	0.16472  	-0.1106  	0.30197  	0.01566  	0.12320  	0.09675  	-0.0298  	0.33655  	-0.1322  	0.17735  	-0.2670  	-0.2736  	0.34670  	0.21764  	0.10097  	-0.0546  	0.71673  	0.28816  	-0.0939  	-0.0147  	0.13455  	0.09471  	-0.0875  	-0.0306  	-0.0230  	-0.0464  	-0.0395  	-0.0675  	-0.0512  	-0.0262  	-0.0121  	-0.0037  	0.00893  	0.00030  	-0.0087  	0.03820  	0.00658  	0.12530  	0.26328  	0.15896  	0.01620  	-0.0641  	0.30731  	
-0.0972  	0.65024  	-0.4961  	-1.1998  	-0.7347  	-1.6961  	1.32433  	0.17237  	-0.0049  	0.03911  	-0.0271  	-0.5914  	0.69191  	0.29112  	-0.9139  	1.49945  	-0.2721  	0.36948  	-0.1260  	0.69774  	0.22201  	0.13040  	-0.8029  	0.13812  	0.76953  	-0.3251  	0.14895  	0.28633  	0.01617  	0.34578  	0.01255  	0.10381  	0.06739  	-0.0189  	0.35391  	-0.1246  	0.08144  	-0.3076  	-0.2475  	0.38128  	0.18056  	0.11384  	-0.0800  	0.72607  	0.27360  	-0.1106  	-0.0164  	0.10330  	0.08873  	-0.0938  	-0.0250  	-0.0260  	-0.0459  	-0.0383  	-0.0664  	-0.0493  	-0.0101  	-0.0107  	0.00110  	0.00506  	0.00580  	-0.0027  	0.04090  	0.01648  	0.12530  	0.26328  	0.15896  	0.01620  	-0.0641  	0.30731  	
-0.1688  	0.59470  	-0.4924  	-1.4279  	-0.8521  	-1.6525  	1.29225  	0.13430  	0.01030  	0.07684  	0.02262  	-0.5641  	0.61131  	0.03211  	-1.1591  	1.62387  	-0.2540  	0.44882  	-0.0717  	0.76151  	0.21362  	0.04928  	-0.7605  	0.09213  	0.68254  	-0.2942  	0.03082  	0.36665  	-0.0117  	0.28059  	0.04281  	0.11722  	0.06666  	-0.0069  	0.24358  	-0.1266  	0.10015  	-0.2812  	-0.2524  	0.38361  	0.21525  	0.06982  	-0.0835  	0.74131  	0.27271  	-0.1092  	-0.0203  	0.10618  	0.08329  	-0.0828  	-0.0350  	-0.0338  	-0.0466  	-0.0429  	-0.0638  	-0.0472  	-0.0108  	-0.0108  	0.00041  	0.00656  	0.00511  	-0.0004  	0.04623  	0.01566  	0.12530  	0.26328  	0.15896  	0.01620  	-0.0641  	0.30731  	
-0.0976  	0.58802  	-0.3767  	-1.6519  	-0.9675  	-1.6892  	1.31989  	0.13540  	-0.0077  	0.08184  	0.14301  	-0.6706  	0.57233  	-0.1167  	-1.3646  	1.65802  	-0.2650  	0.45458  	-0.0658  	0.69841  	0.18962  	0.02355  	-0.7944  	0.08734  	0.67041  	-0.2889  	0.06380  	0.27124  	-0.0393  	0.26877  	0.04182  	0.14413  	0.06218  	-0.0208  	0.26514  	-0.0735  	0.13195  	-0.2602  	-0.2664  	0.37189  	0.24696  	0.06657  	-0.0344  	0.72687  	0.27562  	-0.1011  	-0.0202  	0.11683  	0.08168  	-0.0973  	-0.0308  	-0.0232  	-0.0483  	-0.0463  	-0.0585  	-0.0589  	-0.0166  	-0.0190  	-0.0044  	0.00479  	0.00480  	-0.0178  	0.05317  	0.01508  	0.12530  	0.26328  	0.15896  	0.01620  	-0.0641  	0.30731  	
-0.2091  	0.53749  	-0.4558  	-1.7100  	-1.0375  	-1.6914  	1.30966  	0.08391  	-0.0215  	0.07080  	0.21628  	-0.7181  	0.53726  	-0.2051  	-1.4603  	1.58151  	-0.2713  	0.46258  	-0.0838  	0.74418  	0.19687  	-0.0200  	-0.7829  	0.10346  	0.69810  	-0.3010  	0.07077  	0.32844  	-0.0185  	0.27134  	0.03581  	0.16046  	0.06900  	-0.0386  	0.25309  	-0.0349  	0.09731  	-0.2627  	-0.2657  	0.34980  	0.27880  	0.05785  	-0.0344  	0.74629  	0.28385  	-0.1027  	-0.0206  	0.10309  	0.07990  	-0.0943  	-0.0300  	-0.0258  	-0.0418  	-0.0449  	-0.0578  	-0.0583  	-0.0030  	-0.0096  	0.00629  	0.01233  	0.00417  	-0.0227  	0.05385  	0.01962  	0.12530  	0.26328  	0.15896  	0.01620  	-0.0641  	0.30731  	
-0.3110  	0.54732  	-0.4949  	-1.8103  	-1.0482  	-1.7842  	1.31610  	0.01761  	-0.0421  	0.10417  	0.15730  	-0.7113  	0.49434  	-0.1796  	-1.5612  	1.54207  	-0.2930  	0.52618  	-0.0704  	0.77335  	0.07499  	-0.0047  	-0.8421  	0.04848  	0.73978  	-0.3015  	0.03256  	0.41834  	0.06308  	0.27469  	0.04737  	0.13056  	0.04321  	-0.0226  	0.21147  	0.02796  	0.05032  	-0.2757  	-0.2285  	0.35767  	0.30033  	0.06030  	-0.0352  	0.72830  	0.28787  	-0.1082  	-0.0200  	0.11361  	0.07851  	-0.0990  	-0.0228  	-0.0219  	-0.0404  	-0.0409  	-0.0546  	-0.0540  	-0.0064  	-0.0137  	-0.0042  	0.01404  	0.00766  	-0.0196  	0.05299  	0.02304  	0.12530  	0.26328  	0.15896  	0.01620  	-0.0641  	0.30731  	
-0.4775  	0.51050  	-0.6164  	-1.8622  	-0.9826  	-2.0062  	1.34869  	0.05003  	-0.0506  	0.19681  	0.33384  	-0.6115  	0.53358  	-0.0588  	-1.5317  	1.48646  	-0.2916  	0.54791  	-0.1486  	0.80881  	0.04469  	0.01472  	-0.8415  	0.05001  	0.65821  	-0.2871  	-0.0866  	0.47972  	0.10099  	0.26022  	0.08635  	0.07266  	0.08707  	-0.0108  	0.19925  	0.00349  	-0.0160  	-0.3153  	-0.2267  	0.34302  	0.26739  	0.08024  	-0.0538  	0.70202  	0.28814  	-0.1042  	-0.0087  	0.09576  	0.08025  	-0.0924  	-0.0240  	-0.0248  	-0.0470  	-0.0415  	-0.0598  	-0.0655  	-0.0122  	-0.0072  	-0.0021  	0.00340  	0.00546  	-0.0086  	0.05328  	0.02397  	0.12530  	0.26328  	0.15896  	0.01620  	-0.0641  	0.30731  	
-0.6274  	0.48246  	-0.7154  	-1.8890  	-0.9798  	-2.0593  	1.31370  	0.10398  	-0.0316  	0.15101  	0.47468  	-0.6023  	0.55513  	-0.0816  	-1.5707  	1.52315  	-0.3275  	0.49714  	-0.1115  	0.83424  	0.14458  	-0.0300  	-0.8317  	0.07780  	0.60095  	-0.2594  	-0.1009  	0.40644  	-0.0107  	0.21881  	0.09031  	0.06352  	0.12360  	-0.0074  	0.27521  	-0.0404  	0.05983  	-0.3279  	-0.2692  	0.32688  	0.22522  	0.09339  	-0.1066  	0.69183  	0.29661  	-0.1006  	-0.0082  	0.08798  	0.08260  	-0.0818  	-0.0315  	-0.0266  	-0.0503  	-0.0422  	-0.0639  	-0.0654  	-0.0162  	-0.0061  	0.00344  	0.01072  	0.00368  	-0.0047  	0.04687  	0.01656  	0.12530  	0.26328  	0.15896  	0.01620  	-0.0641  	0.30731  	
-0.7614  	0.41696  	-0.7546  	-1.9416  	-1.0370  	-2.1609  	1.30670  	0.03706  	-0.0774  	0.16677  	0.60215  	-0.6156  	0.48923  	-0.1995  	-1.5210  	1.47180  	-0.2915  	0.48586  	-0.1528  	0.88857  	0.26780  	-0.0749  	-0.8218  	0.12046  	0.55216  	-0.2517  	-0.0830  	0.33577  	-0.1430  	0.16339  	0.10048  	0.06776  	0.13232  	-0.0177  	0.33461  	-0.0808  	0.10245  	-0.3329  	-0.3012  	0.32089  	0.21373  	0.09964  	-0.1357  	0.66013  	0.31428  	-0.0957  	-0.0062  	0.07194  	0.06771  	-0.0709  	-0.0236  	-0.0220  	-0.0550  	-0.0449  	-0.0706  	-0.0598  	-0.0158  	-0.0119  	-0.0079  	0.01119  	0.00370  	-0.0061  	0.03933  	0.01713  	0.12530  	0.26328  	0.15896  	0.01620  	-0.0641  	0.30731  	
-0.7313  	0.44403  	-0.7331  	-2.0551  	-1.0492  	-2.2295  	1.30982  	0.10609  	-0.0465  	0.21933  	0.67629  	-0.6159  	0.53020  	-0.1446  	-1.5531  	1.39705  	-0.3027  	0.47279  	-0.1257  	0.82678  	0.28541  	-0.0773  	-0.7733  	0.14106  	0.53898  	-0.2359  	-0.0901  	0.30602  	-0.1418  	0.16480  	0.11044  	0.05586  	0.12884  	-0.0320  	0.29378  	-0.1244  	0.11530  	-0.3059  	-0.2667  	0.29765  	0.24673  	0.09237  	-0.1147  	0.67599  	0.30147  	-0.0885  	-0.0100  	0.07646  	0.05311  	-0.0714  	-0.0412  	-0.0219  	-0.0543  	-0.0501  	-0.0751  	-0.0649  	-0.0234  	-0.0114  	-0.0059  	-0.0015  	0.01031  	-0.0029  	0.04144  	0.01045  	0.12530  	0.26328  	0.15896  	0.01620  	-0.0641  	0.30731  	
-0.4464  	0.59315  	-0.5833  	-1.9653  	-1.1378  	-1.9761  	1.24254  	0.14683  	-0.0210  	0.09038  	0.41572  	-0.5474  	0.53766  	-0.0637  	-1.4530  	1.49740  	-0.2506  	0.48744  	-0.0758  	0.77592  	0.26119  	-0.0531  	-0.7459  	0.08768  	0.59108  	-0.2707  	-0.0166  	0.30860  	-0.1435  	0.21907  	0.12203  	0.06568  	0.08775  	-0.0480  	0.24856  	-0.0750  	0.10124  	-0.2848  	-0.2391  	0.34248  	0.26137  	0.07210  	-0.0717  	0.68836  	0.28565  	-0.0866  	-0.0190  	0.09943  	0.06384  	-0.0789  	-0.0299  	-0.0230  	-0.0533  	-0.0454  	-0.0638  	-0.0511  	-0.0210  	-0.0127  	0.00326  	0.01340  	0.01602  	-0.0025  	0.03618  	0.01538  	0.12530  	0.26328  	0.15896  	0.01620  	-0.0641  	0.30731  	
-0.2025  	0.60987  	-0.4374  	-1.8255  	-1.1250  	-1.7301  	1.28289  	0.20056  	0.07217  	0.05975  	0.19928  	-0.6043  	0.62248  	0.04011  	-1.2814  	1.55917  	-0.2759  	0.47248  	-0.1085  	0.70382  	0.29048  	0.00056  	-0.7121  	0.10121  	0.54411  	-0.2603  	-0.0224  	0.25663  	-0.1085  	0.21148  	0.12768  	0.11709  	0.12637  	-0.0350  	0.26105  	-0.1580  	0.10988  	-0.2807  	-0.2627  	0.33453  	0.31153  	0.05702  	-0.0527  	0.71533  	0.28446  	-0.0939  	-0.0104  	0.11838  	0.07389  	-0.0686  	-0.0399  	-0.0244  	-0.0466  	-0.0452  	-0.0720  	-0.0622  	-0.0240  	-0.0109  	0.00653  	0.00142  	0.00934  	-0.0001  	0.05033  	0.01775  	0.12530  	0.26328  	0.15896  	0.01620  	-0.0641  	0.30731  	
-0.0097  	0.68001  	-0.2795  	-1.6489  	-1.0338  	-1.6464  	1.28922  	0.22085  	0.05479  	0.06736  	0.11331  	-0.6957  	0.66757  	0.12997  	-1.1280  	1.53509  	-0.2201  	0.40720  	-0.0999  	0.65113  	0.32580  	0.02641  	-0.7149  	0.11558  	0.59981  	-0.2729  	0.04414  	0.12785  	-0.1329  	0.23479  	0.08390  	0.12050  	0.08907  	-0.0357  	0.32177  	-0.1367  	0.16437  	-0.2641  	-0.2598  	0.31437  	0.25990  	0.07438  	-0.0379  	0.72377  	0.27334  	-0.0973  	-0.0067  	0.12008  	0.08276  	-0.0832  	-0.0321  	-0.0206  	-0.0377  	-0.0403  	-0.0636  	-0.0459  	-0.0275  	-0.0140  	-0.0077  	0.00904  	0.01860  	0.00349  	0.04835  	0.01997  	0.12530  	0.26328  	0.15896  	0.01620  	-0.0641  	0.30731  	
0.08280  	0.69226  	-0.2556  	-1.7815  	-1.0975  	-1.7133  	1.33959  	0.19934  	0.02665  	0.15173  	0.12460  	-0.7471  	0.63282  	0.13998  	-1.2969  	1.54195  	-0.2600  	0.46530  	-0.0805  	0.62764  	0.28478  	0.03490  	-0.7362  	0.10305  	0.69350  	-0.3040  	0.10760  	0.16957  	-0.0786  	0.24542  	0.08830  	0.13530  	0.07677  	-0.0517  	0.30681  	-0.0905  	0.16983  	-0.2591  	-0.2980  	0.33519  	0.24747  	0.07476  	-0.0330  	0.72245  	0.25521  	-0.1025  	-0.0092  	0.12865  	0.08893  	-0.0853  	-0.0311  	-0.0224  	-0.0438  	-0.0397  	-0.0649  	-0.0530  	-0.0255  	-0.0121  	0.00242  	0.01173  	0.01011  	-0.0039  	0.05956  	0.01430  	0.12530  	0.26328  	0.15896  	0.01620  	-0.0641  	0.30731  	
-0.2847  	0.60900  	-0.5286  	-1.7165  	-0.9834  	-1.8572  	1.34383  	0.19055  	-0.0040  	0.06795  	0.34340  	-0.7309  	0.59764  	0.11129  	-1.4083  	1.58766  	-0.2725  	0.43316  	-0.0718  	0.72788  	0.33414  	0.00715  	-0.8384  	0.20577  	0.76552  	-0.2957  	0.13291  	0.25946  	-0.1002  	0.24631  	0.02518  	0.12437  	0.04551  	-0.0606  	0.39201  	-0.0646  	0.17001  	-0.2887  	-0.3187  	0.35624  	0.21058  	0.10528  	-0.0980  	0.70001  	0.27283  	-0.1038  	-0.0097  	0.09298  	0.08687  	-0.0876  	-0.0423  	-0.0238  	-0.0457  	-0.0359  	-0.0687  	-0.0615  	-0.0205  	-0.0146  	0.01050  	0.01224  	0.00438  	-0.0092  	0.03901  	0.01669  	0.12530  	0.26328  	0.15896  	0.01620  	-0.0641  	0.30731  	
-0.5285  	0.51554  	-0.7492  	-1.6085  	-0.8368  	-2.0494  	1.30354  	0.08577  	-0.0499  	0.15962  	0.36687  	-0.5518  	0.57526  	-0.0171  	-1.2951  	1.53476  	-0.3044  	0.50956  	-0.1316  	0.83826  	0.22502  	-0.0671  	-0.8922  	0.10157  	0.59007  	-0.2610  	-0.0981  	0.43093  	-0.0202  	0.22778  	0.06852  	0.09743  	0.12359  	-0.0250  	0.33081  	-0.1062  	0.03890  	-0.3179  	-0.2870  	0.36211  	0.20122  	0.08894  	-0.1183  	0.68162  	0.29064  	-0.0964  	0.00399  	0.09260  	0.07283  	-0.0858  	-0.0293  	-0.0292  	-0.0469  	-0.0432  	-0.0653  	-0.0562  	-0.0231  	-0.0220  	0.00082  	0.01149  	0.00463  	-0.0135  	0.03742  	0.01100  	0.12530  	0.26328  	0.15896  	0.01620  	-0.0641  	0.30731  	
-0.5005  	0.49127  	-0.7622  	-1.6011  	-0.8102  	-2.0219  	1.34735  	0.10372  	-0.0303  	0.12503  	0.34122  	-0.4031  	0.60579  	0.02616  	-1.2604  	1.54049  	-0.3226  	0.52177  	-0.1251  	0.91374  	0.16135  	-0.0728  	-0.8992  	0.07628  	0.64839  	-0.2563  	-0.1086  	0.51613  	0.01322  	0.23787  	0.06507  	0.04954  	0.11537  	-0.0103  	0.28919  	-0.0720  	-0.0010  	-0.3329  	-0.2749  	0.32141  	0.18132  	0.08863  	-0.1270  	0.68523  	0.29421  	-0.0964  	-0.0091  	0.08887  	0.07400  	-0.0896  	-0.0179  	-0.0363  	-0.0479  	-0.0458  	-0.0737  	-0.0576  	-0.0110  	-0.0130  	-0.0043  	0.00727  	-0.0038  	-0.0068  	0.04718  	0.01511  	0.12530  	0.26328  	0.15896  	0.01620  	-0.0641  	0.30731  	
-0.3700  	0.57786  	-0.6523  	-1.6636  	-0.9201  	-1.8359  	1.29642  	0.18236  	0.00457  	0.05094  	0.31149  	-0.4216  	0.57572  	0.06734  	-1.1893  	1.52968  	-0.2984  	0.51238  	-0.0751  	0.85477  	0.22222  	-0.0311  	-0.8329  	0.11034  	0.60520  	-0.2737  	-0.0641  	0.44766  	0.00209  	0.21069  	0.07214  	0.06366  	0.11044  	-0.0216  	0.29667  	-0.0902  	0.03021  	-0.3294  	-0.2601  	0.34786  	0.19299  	0.09374  	-0.0739  	0.68729  	0.30130  	-0.0943  	-0.0130  	0.10496  	0.07348  	-0.0839  	-0.0327  	-0.0330  	-0.0502  	-0.0472  	-0.0611  	-0.0527  	-0.0081  	-0.0118  	-0.0010  	0.00543  	-0.0009  	-0.0128  	0.03739  	0.01713  	0.12530  	0.26328  	0.15896  	0.01620  	-0.0641  	0.30731  	
-0.1265  	0.63632  	-0.4801  	-1.5483  	-0.9124  	-1.7483  	1.32620  	0.19073  	-0.0087  	0.05787  	0.05404  	-0.5551  	0.67381  	0.22811  	-0.9228  	1.41831  	-0.2926  	0.38795  	-0.1136  	0.72081  	0.26028  	0.06179  	-0.7505  	0.18375  	0.55690  	-0.2994  	0.11057  	0.25690  	-0.1118  	0.25502  	0.05350  	0.11892  	0.11840  	-0.0391  	0.31483  	-0.1559  	0.09683  	-0.3179  	-0.2871  	0.41176  	0.19264  	0.07943  	-0.1012  	0.72583  	0.29068  	-0.1102  	-0.0119  	0.10995  	0.08204  	-0.0892  	-0.0363  	-0.0272  	-0.0520  	-0.0467  	-0.0689  	-0.0508  	-0.0151  	-0.0167  	-0.0004  	0.02073  	0.00967  	-0.0023  	0.03260  	0.00660  	0.12530  	0.26328  	0.15896  	0.01620  	-0.0641  	0.30731  	
0.22952  	0.70922  	-0.2203  	-1.5356  	-0.9681  	-1.5600  	1.36219  	0.22770  	0.05725  	0.11381  	-0.0671  	-0.8821  	0.74898  	0.33026  	-0.9364  	1.45201  	-0.2363  	0.38987  	-0.0899  	0.53461  	0.26384  	0.10217  	-0.6724  	0.06819  	0.79753  	-0.3156  	0.18081  	0.07964  	0.00326  	0.32205  	0.07164  	0.11941  	0.06239  	-0.0170  	0.26704  	-0.1183  	0.10657  	-0.2878  	-0.2127  	0.35282  	0.25991  	0.07722  	-0.0239  	0.73543  	0.27398  	-0.1051  	-0.0319  	0.13964  	0.10864  	-0.1006  	-0.0424  	-0.0259  	-0.0389  	-0.0438  	-0.0564  	-0.0421  	-0.0279  	-0.0086  	-0.0120  	0.01404  	0.01202  	-0.0065  	0.04157  	0.00435  	0.12530  	0.26328  	0.15896  	0.01620  	-0.0641  	0.30731  	
0.10875  	0.75432  	-0.2872  	-1.7323  	-0.9924  	-1.6594  	1.40486  	0.21185  	0.00559  	0.20957  	-0.0907  	-1.0049  	0.80215  	0.43368  	-0.9289  	1.31460  	-0.2557  	0.33487  	-0.1051  	0.46052  	0.20680  	0.21227  	-0.6879  	0.16738  	0.86663  	-0.3137  	0.29570  	0.01282  	-0.0146  	0.34625  	0.11539  	0.11200  	0.05002  	-0.0433  	0.33644  	-0.1174  	0.12304  	-0.2926  	-0.2685  	0.38004  	0.18835  	0.09734  	-0.0296  	0.71978  	0.25296  	-0.0957  	-0.0241  	0.14177  	0.10182  	-0.0935  	-0.0298  	-0.0179  	-0.0491  	-0.0442  	-0.0632  	-0.0505  	-0.0382  	-0.0217  	-0.0140  	0.02219  	0.01089  	0.00412  	0.04225  	0.00640  	0.12530  	0.26328  	0.15896  	0.01620  	-0.0641  	0.30731  	
-0.3604  	0.63049  	-0.5683  	-1.6233  	-0.9134  	-1.9381  	1.36572  	0.15534  	-0.0417  	0.13748  	0.17357  	-0.7926  	0.67252  	0.29702  	-1.0562  	1.39334  	-0.2628  	0.35219  	-0.1548  	0.62284  	0.31628  	0.06804  	-0.8067  	0.30343  	0.73620  	-0.3172  	0.29684  	0.04874  	-0.1600  	0.30271  	0.06026  	0.10139  	0.08855  	-0.0625  	0.48039  	-0.1167  	0.16133  	-0.3172  	-0.3483  	0.44147  	0.12001  	0.16858  	-0.1350  	0.66738  	0.27019  	-0.1102  	0.00781  	0.07844  	0.08100  	-0.0944  	-0.0216  	-0.0263  	-0.0682  	-0.0307  	-0.0829  	-0.0487  	-0.0458  	-0.0219  	0.01484  	0.00635  	0.00263  	0.00749  	0.02023  	-0.0010  	0.12530  	0.26328  	0.15896  	0.01620  	-0.0641  	0.30731  	
-0.5547  	0.46680  	-0.6459  	-1.8464  	-1.0186  	-1.9938  	1.27950  	0.06361  	-0.0163  	0.13223  	0.45875  	-0.5620  	0.55829  	-0.1299  	-1.3672  	1.50402  	-0.3062  	0.46963  	-0.1334  	0.80010  	0.28473  	-0.0166  	-0.7628  	0.12267  	0.44536  	-0.2455  	-0.0912  	0.31820  	-0.1783  	0.19257  	0.10149  	0.10843  	0.12335  	-0.0314  	0.31886  	-0.1528  	0.13234  	-0.2808  	-0.3286  	0.35420  	0.23054  	0.09470  	-0.1076  	0.68467  	0.28541  	-0.1037  	0.00388  	0.06662  	0.06775  	-0.0713  	-0.0505  	-0.0274  	-0.0452  	-0.0372  	-0.0740  	-0.0694  	-0.0211  	-0.0193  	-0.0054  	0.00896  	0.00981  	0.00026  	0.02375  	0.01082  	0.12530  	0.26328  	0.15896  	0.01620  	-0.0641  	0.30731  	
-0.4718  	0.53376  	-0.5298  	-2.0325  	-1.1450  	-1.9127  	1.29703  	0.09310  	-0.0260  	0.14760  	0.44202  	-0.6852  	0.50066  	-0.0959  	-1.5560  	1.42998  	-0.2861  	0.50374  	-0.1145  	0.75480  	0.19924  	0.00637  	-0.7227  	0.07372  	0.59668  	-0.2690  	-0.0866  	0.29988  	-0.0450  	0.20866  	0.11663  	0.05535  	0.06472  	-0.0190  	0.19434  	-0.0691  	0.11287  	-0.2823  	-0.2694  	0.34145  	0.27444  	0.04372  	-0.0621  	0.69589  	0.28801  	-0.0998  	-0.0081  	0.08318  	0.06330  	-0.0749  	-0.0371  	-0.0284  	-0.0473  	-0.0455  	-0.0726  	-0.0656  	-0.0173  	-0.0143  	-0.0018  	0.01642  	0.00676  	-0.0080  	0.04955  	0.01605  	0.12530  	0.26328  	0.15896  	0.01620  	-0.0641  	0.30731  	
-0.5299  	0.46297  	-0.7018  	-2.0067  	-1.0644  	-2.0085  	1.31151  	0.06309  	-0.0355  	0.14885  	0.39469  	-0.6470  	0.54427  	-0.1891  	-1.6147  	1.44750  	-0.2969  	0.56512  	-0.1031  	0.83351  	0.12001  	-0.0645  	-0.7688  	-0.0121  	0.57337  	-0.2450  	-0.1294  	0.46633  	0.05196  	0.21948  	0.12561  	0.06672  	0.09381  	-0.0238  	0.17611  	-0.0563  	0.00048  	-0.3203  	-0.2370  	0.32885  	0.27074  	0.05609  	-0.0666  	0.71375  	0.29484  	-0.1074  	-0.0115  	0.09264  	0.06258  	-0.0822  	-0.0280  	-0.0277  	-0.0502  	-0.0499  	-0.0639  	-0.0618  	-0.0094  	-0.0067  	-0.0142  	0.00530  	0.00690  	-0.0111  	0.04609  	0.01378  	0.12530  	0.26328  	0.15896  	0.01620  	-0.0641  	0.30731  	
-0.5135  	0.49031  	-0.7273  	-1.8442  	-0.9368  	-1.9586  	1.30334  	0.08622  	-0.0427  	0.09730  	0.40657  	-0.5777  	0.52723  	-0.1497  	-1.4945  	1.50196  	-0.3095  	0.55278  	-0.1171  	0.82931  	0.14540  	-0.0599  	-0.8205  	0.02461  	0.54849  	-0.2665  	-0.1287  	0.50256  	0.05518  	0.20104  	0.09467  	0.09208  	0.09503  	-0.0183  	0.23237  	-0.0577  	-0.0137  	-0.3205  	-0.2372  	0.32797  	0.27069  	0.07102  	-0.0862  	0.69297  	0.29764  	-0.1042  	-0.0035  	0.09554  	0.06902  	-0.0912  	-0.0288  	-0.0258  	-0.0557  	-0.0487  	-0.0572  	-0.0679  	-0.0086  	-0.0058  	-0.0057  	-0.0008  	0.00604  	-0.0118  	0.04958  	0.01240  	0.12530  	0.26328  	0.15896  	0.01620  	-0.0641  	0.30731  	
-0.6346  	0.49286  	-0.7839  	-1.8676  	-0.9637  	-2.1211  	1.30138  	0.09300  	-0.0439  	0.18674  	0.41681  	-0.5824  	0.58141  	-0.0895  	-1.5751  	1.51953  	-0.3188  	0.57735  	-0.1118  	0.88404  	0.06892  	-0.0680  	-0.8501  	0.00257  	0.52623  	-0.2490  	-0.2317  	0.53102  	0.09290  	0.17003  	0.08873  	0.06210  	0.11627  	-0.0215  	0.20399  	-0.0574  	-0.0592  	-0.3175  	-0.2352  	0.35521  	0.25736  	0.05966  	-0.0729  	0.69938  	0.28289  	-0.1022  	0.00940  	0.10691  	0.07381  	-0.0878  	-0.0412  	-0.0260  	-0.0601  	-0.0491  	-0.0648  	-0.0700  	-0.0152  	-0.0098  	-0.0117  	0.00161  	0.00916  	-0.0071  	0.05005  	0.01029  	0.12530  	0.26328  	0.15896  	0.01620  	-0.0641  	0.30731  	
-0.6918  	0.45121  	-0.7782  	-1.9078  	-1.0026  	-2.1765  	1.29891  	0.10277  	-0.0422  	0.24265  	0.49561  	-0.6074  	0.55586  	-0.1071  	-1.6164  	1.52992  	-0.3313  	0.56883  	-0.1152  	0.91140  	0.11809  	-0.0715  	-0.8974  	0.03824  	0.53710  	-0.2471  	-0.2432  	0.49054  	0.00322  	0.16563  	0.11012  	0.06902  	0.11531  	-0.0219  	0.20399  	-0.0438  	-0.0099  	-0.3190  	-0.2476  	0.34587  	0.26090  	0.06221  	-0.0859  	0.69084  	0.28295  	-0.1015  	0.00929  	0.09981  	0.07145  	-0.0849  	-0.0460  	-0.0231  	-0.0511  	-0.0477  	-0.0630  	-0.0730  	-0.0138  	-0.0079  	-0.0065  	0.00509  	0.00677  	-0.0049  	0.04456  	0.01230  	0.12530  	0.26328  	0.15896  	0.01620  	-0.0641  	0.30731  	
-0.6009  	0.45827  	-0.7380  	-1.8822  	-0.9424  	-2.2239  	1.33869  	0.08071  	-0.0742  	0.20592  	0.62639  	-0.5541  	0.53499  	-0.1693  	-1.5482  	1.40987  	-0.3651  	0.54423  	-0.1562  	0.89455  	0.22370  	-0.0996  	-0.8797  	0.13612  	0.52005  	-0.2456  	-0.1569  	0.45051  	-0.0442  	0.15212  	0.09226  	0.04023  	0.12861  	-0.0212  	0.28321  	-0.0714  	0.01909  	-0.3395  	-0.2823  	0.34537  	0.23695  	0.10342  	-0.1127  	0.66131  	0.30331  	-0.1006  	0.01056  	0.07675  	0.07198  	-0.0830  	-0.0327  	-0.0263  	-0.0467  	-0.0485  	-0.0748  	-0.0708  	-0.0046  	-0.0164  	-0.0078  	0.00405  	0.00635  	-0.0124  	0.03438  	0.00934  	0.12530  	0.26328  	0.15896  	0.01620  	-0.0641  	0.30731  	
0.03753  	0.66574  	-0.3424  	-1.7285  	-1.0186  	-1.7684  	1.34126  	0.22328  	0.01886  	0.13203  	0.10608  	-0.6621  	0.68278  	0.29114  	-1.0268  	1.43946  	-0.2227  	0.38229  	-0.1233  	0.65595  	0.30136  	0.07872  	-0.7533  	0.22281  	0.57535  	-0.2833  	0.09514  	0.08453  	-0.1616  	0.23926  	0.10178  	0.09972  	0.12410  	-0.0442  	0.32327  	-0.2011  	0.14660  	-0.2928  	-0.2902  	0.37544  	0.22036  	0.08296  	-0.0769  	0.72093  	0.27959  	-0.1117  	-0.0044  	0.10875  	0.07924  	-0.0788  	-0.0542  	-0.0194  	-0.0508  	-0.0330  	-0.0766  	-0.0484  	-0.0310  	-0.0248  	-0.0028  	0.01712  	0.01078  	0.01099  	0.02818  	0.00586  	0.12530  	0.26328  	0.15896  	0.01620  	-0.0641  	0.30731  	
0.11108  	0.67986  	-0.1873  	-1.6760  	-1.0308  	-1.5980  	1.38840  	0.28023  	0.03679  	0.06857  	-0.1497  	-0.8636  	0.74928  	0.41123  	-0.9658  	1.37444  	-0.2286  	0.37465  	-0.1090  	0.48121  	0.29867  	0.15019  	-0.5917  	0.07650  	0.72554  	-0.2945  	0.2083  	0.03152  	-0.0603  	0.29374  	0.13732  	0.09986  	0.09283  	-0.0297  	0.26666  	-0.1816  	0.10785  	-0.2722  	-0.2783  	0.34161  	0.26065  	0.06486  	-0.0214  	0.74510  	0.27430  	-0.1129  	-0.0293  	0.14768  	0.11110  	-0.0801  	-0.0426  	-0.0224  	-0.0485  	-0.0416  	-0.0632  	-0.0418  	-0.0275  	-0.0146  	-0.0159  	0.00983  	0.01787  	-5.5979  	0.05215  	0.01282  	0.12530  	0.26328  	0.15896  	0.01620  	-0.0641  	0.30731  	
-0.2480  	0.60491  	-0.5531  	-1.7230  	-0.9868  	-1.9869  	1.34191  	0.17032  	-0.0285  	0.11542  	0.23457  	-0.7969  	0.65411  	0.17065  	-1.1632  	1.41336  	-0.2584  	0.38327  	-0.1118  	0.68045  	0.33040  	-0.0025  	-0.8186  	0.22147  	0.68578  	-0.2995  	0.22107  	0.04158  	-0.2083  	0.29910  	0.11366  	0.09470  	0.07695  	-0.0387  	0.43855  	-0.1346  	0.17023  	-0.2929  	-0.3528  	0.35545  	0.19733  	0.11793  	-0.1020  	0.69469  	0.27472  	-0.0976  	-0.0256  	0.10969  	0.05702  	-0.0855  	-0.0440  	-0.0239  	-0.0597  	-0.0384  	-0.0789  	-0.0410  	-0.0304  	-0.0295  	-0.0103  	-0.0011  	0.01540  	0.00153  	0.02224  	-0.0053  	0.12530  	0.26328  	0.15896  	0.01620  	-0.0641  	0.30731  	
-0.7419  	0.40871  	-0.7569  	-1.8907  	-1.1187  	-2.1478  	1.25473  	0.08616  	-0.0684  	0.17771  	0.56903  	-0.6875  	0.48798  	-0.1644  	-1.3847  	1.51201  	-0.2608  	0.50928  	-0.1012  	0.84966  	0.33801  	-0.0653  	-0.7833  	0.16030  	0.49207  	-0.2609  	-0.1436  	0.25058  	-0.2031  	0.17300  	0.11549  	0.11539  	0.11293  	-0.0550  	0.35235  	-0.1238  	0.14298  	-0.2937  	-0.3088  	0.32930  	0.21410  	0.08312  	-0.1145  	0.67878  	0.28922  	-0.0912  	-0.0047  	0.08020  	0.04056  	-0.0587  	-0.0275  	-0.0235  	-0.0483  	-0.0358  	-0.0731  	-0.0610  	-0.0202  	-0.0248  	-0.0001  	0.01161  	0.01435  	0.00365  	0.02436  	0.01467  	0.12530  	0.26328  	0.15896  	0.01620  	-0.0641  	0.30731  	
-0.7349  	0.41755  	-0.7259  	-2.0286  	-1.0460  	-2.2100  	1.33302  	0.09057  	-0.0300  	0.23290  	0.66010  	-0.5943  	0.53214  	-0.1831  	-1.5679  	1.46923  	-0.3279  	0.48711  	-0.1353  	0.83199  	0.25682  	-0.0667  	-0.7558  	0.10314  	0.50725  	-0.2416  	-0.1206  	0.31129  	-0.1127  	0.14552  	0.11055  	0.06709  	0.10858  	-0.0244  	0.27621  	-0.1052  	0.09688  	-0.2996  	-0.2832  	0.29617  	0.25288  	0.08452  	-0.1027  	0.67270  	0.29673  	-0.1016  	-0.0005  	0.08355  	0.06178  	-0.0780  	-0.0380  	-0.0222  	-0.0559  	-0.0461  	-0.0672  	-0.0655  	-0.0153  	-0.0104  	-0.0085  	-0.0044  	0.00823  	-0.0081  	0.04265  	0.01402  	0.12530  	0.26328  	0.15896  	0.01620  	-0.0641  	0.30731  	
-0.6029  	0.47153  	-0.7357  	-1.9277  	-1.0300  	-2.1200  	1.28825  	0.09873  	-0.0164  	0.20243  	0.55219  	-0.5928  	0.52858  	-0.1462  	-1.5970  	1.50342  	-0.2948  	0.53165  	-0.1332  	0.86360  	0.19501  	-0.0317  	-0.7857  	0.05279  	0.50505  	-0.2300  	-0.1898  	0.42425  	-0.0380  	0.16716  	0.11596  	0.05561  	0.12506  	-0.0181  	0.20564  	-0.0683  	0.00802  	-0.3223  	-0.2380  	0.33201  	0.25048  	0.09507  	-0.0762  	0.67643  	0.28017  	-0.1021  	0.00367  	0.09477  	0.07824  	-0.0781  	-0.0309  	-0.0244  	-0.0504  	-0.0414  	-0.0642  	-0.0624  	-0.0154  	-0.0094  	-0.0033  	0.00362  	0.00321  	-0.0015  	0.04167  	0.01298  	0.12530  	0.26328  	0.15896  	0.01620  	-0.0641  	0.30731  	
-0.6607  	0.48992  	-0.7404  	-1.9154  	-1.0210  	-2.1022  	1.28104  	0.11670  	-0.0298  	0.19792  	0.50282  	-0.6064  	0.53240  	-0.1408  	-1.5853  	1.48775  	-0.2983  	0.53361  	-0.1092  	0.86834  	0.17667  	-0.0630  	-0.8247  	0.03090  	0.53213  	-0.2324  	-0.1926  	0.48449  	0.01175  	0.16919  	0.10746  	0.05814  	0.11069  	-0.0182  	0.19851  	-0.0666  	0.00073  	-0.3205  	-0.2198  	0.34160  	0.25883  	0.07700  	-0.0778  	0.68496  	0.28905  	-0.1074  	0.00960  	0.10341  	0.06418  	-0.0763  	-0.0392  	-0.0251  	-0.0472  	-0.0392  	-0.0623  	-0.0679  	-0.0145  	-0.0107  	-0.0081  	0.00692  	0.00266  	-0.0012  	0.04085  	0.01904  	0.12530  	0.26328  	0.15896  	0.01620  	-0.0641  	0.30731  	
-0.5997  	0.49146  	-0.7348  	-1.8277  	-0.9723  	-2.1184  	1.32672  	0.12799  	-0.0218  	0.20975  	0.48273  	-0.5364  	0.53806  	-0.1228  	-1.5117  	1.48231  	-0.3160  	0.53302  	-0.0981  	0.87849  	0.18084  	-0.0507  	-0.8619  	0.02384  	0.55410  	-0.2388  	-0.1614  	0.49936  	0.02463  	0.18548  	0.09578  	0.05312  	0.12340  	-0.0105  	0.22618  	-0.0650  	0.01353  	-0.3233  	-0.2380  	0.34176  	0.26709  	0.07595  	-0.0919  	0.68947  	0.29154  	-0.1067  	0.00827  	0.09860  	0.07077  	-0.0809  	-0.0341  	-0.0268  	-0.0501  	-0.0397  	-0.0668  	-0.0641  	-0.0102  	-0.0146  	-0.0050  	0.00840  	0.00719  	-0.0090  	0.04223  	0.01264  	0.12530  	0.26328  	0.15896  	0.01620  	-0.0641  	0.30731  	
-0.4318  	0.54258  	-0.6592  	-1.7502  	-1.0224  	-1.9640  	1.30066  	0.13519  	-0.0215  	0.19787  	0.33246  	-0.5363  	0.60027  	0.00565  	-1.3481  	1.47779  	-0.3086  	0.51184  	-0.0936  	0.82619  	0.13985  	0.00875  	-0.8268  	0.01267  	0.59784  	-0.2666  	-0.1689  	0.48367  	0.03430  	0.24293  	0.08059  	0.08414  	0.10374  	-0.0201  	0.24559  	-0.0967  	-0.0121  	-0.2935  	-0.2303  	0.34978  	0.26672  	0.05843  	-0.0575  	0.69915  	0.28990  	-0.1018  	-0.0013  	0.11806  	0.07227  	-0.0877  	-0.0266  	-0.0208  	-0.0515  	-0.0476  	-0.0662  	-0.0618  	-0.0119  	-0.0157  	-0.0053  	0.00865  	0.01024  	-0.0168  	0.04383  	0.01846  	0.12530  	0.26328  	0.15896  	0.01620  	-0.0641  	0.30731  	
-0.2512  	0.61004  	-0.5166  	-1.7381  	-1.0438  	-1.7771  	1.30471  	0.14652  	0.01395  	0.06442  	0.10554  	-0.6214  	0.58093  	-0.0245  	-1.2716  	1.52232  	-0.2470  	0.53372  	-0.0628  	0.7638  	0.12903  	0.01739  	-0.7889  	0.03111  	0.64335  	-0.2587  	-0.0953  	0.42670  	0.02363  	0.27359  	0.06951  	0.09616  	0.08836  	-0.0163  	0.19320  	-0.0914  	0.02316  	-0.2799  	-0.2410  	0.34011  	0.28664  	0.04631  	-0.0375  	0.72159  	0.26557  	-0.0991  	-0.0030  	0.11548  	0.08910  	-0.0925  	-0.0347  	-0.0231  	-0.0422  	-0.0427  	-0.0641  	-0.0604  	-0.0146  	-0.0165  	0.00101  	0.00680  	0.00577  	-0.0099  	0.03835  	0.01491  	0.12530  	0.26328  	0.15896  	0.01620  	-0.0641  	0.30731  	
-0.2312  	0.64031  	-0.5190  	-1.6324  	-0.9840  	-1.7630  	1.30190  	0.10565  	0.01249  	0.07553  	0.04886  	-0.6127  	0.60959  	-0.0666  	-1.2430  	1.49255  	-0.2474  	0.54265  	-0.0995  	0.78829  	0.07353  	0.01376  	-0.7905  	-0.0133  	0.63910  	-0.2475  	-0.1356  	0.47588  	0.10437  	0.25962  	0.06858  	0.08439  	0.08938  	-0.0027  	0.16821  	-0.0671  	-0.0240  	-0.2935  	-0.2089  	0.38134  	0.32388  	0.02759  	-0.0187  	0.73067  	0.27533  	-0.1075  	-0.0063  	0.11685  	0.08575  	-0.0815  	-0.0222  	-0.0281  	-0.0469  	-0.0480  	-0.0596  	-0.0639  	-0.0119  	-0.0071  	-0.0015  	0.00164  	0.00517  	-0.0102  	0.05099  	0.01731  	0.12530  	0.26328  	0.15896  	0.01620  	-0.0641  	0.30731  	
-0.2305  	0.62978  	-0.4920  	-1.6612  	-1.0138  	-1.6981  	1.29593  	0.11833  	0.01204  	0.07680  	0.09196  	-0.6586  	0.59981  	-0.0484  	-1.3000  	1.52147  	-0.2581  	0.52105  	-0.0937  	0.75192  	0.15268  	0.00701  	-0.7966  	0.00159  	0.64330  	-0.2774  	-0.0907  	0.42488  	0.06313  	0.24757  	0.06627  	0.12265  	0.09357  	-0.0075  	0.20153  	-0.1008  	0.03687  	-0.2974  	-0.2202  	0.37255  	0.31743  	0.03668  	-0.0402  	0.71634  	0.27151  	-0.0969  	-0.0083  	0.11209  	0.07961  	-0.0838  	-0.0240  	-0.0279  	-0.0451  	-0.0422  	-0.0621  	-0.0587  	-0.0199  	-0.0084  	-0.0007  	0.00738  	0.01014  	-0.0079  	0.04824  	0.01603  	0.12530  	0.26328  	0.15896  	0.01620  	-0.0641  	0.30731  	
-0.2734  	0.57080  	-0.5176  	-1.7663  	-0.9820  	-1.8234  	1.33784  	0.08110  	-0.0151  	0.14502  	0.20892  	-0.6264  	0.59093  	-0.0146  	-1.4468  	1.52009  	-0.3143  	0.54501  	-0.1223  	0.80252  	0.10543  	-0.0002  	-0.8647  	0.03256  	0.64656  	-0.2814  	-0.0940  	0.44287  	0.08291  	0.24830  	0.08474  	0.10273  	0.10411  	-0.0240  	0.21826  	-0.0537  	0.02026  	-0.2997  	-0.2396  	0.38803  	0.30147  	0.06057  	-0.0353  	0.71632  	0.27811  	-0.1010  	-0.0012  	0.11684  	0.07977  	-0.0925  	-0.0211  	-0.0250  	-0.0470  	-0.0474  	-0.0624  	-0.0580  	-0.0163  	-0.0172  	-0.0052  	0.01531  	0.00827  	-0.0048  	0.03997  	0.01931  	0.12530  	0.26328  	0.15896  	0.01620  	-0.0641  	0.30731  	
-0.5870  	0.45750  	-0.7015  	-1.9322  	-1.0198  	-2.0505  	1.30092  	0.11516  	-0.0471  	0.09454  	0.48955  	-0.5934  	0.52773  	-0.1080  	-1.4955  	1.49640  	-0.2863  	0.50848  	-0.1198  	0.80378  	0.21527  	-0.0611  	-0.8398  	0.12893  	0.57259  	-0.2658  	-0.0221  	0.35409  	-0.0666  	0.20314  	0.09489  	0.09633  	0.09694  	-0.0337  	0.28946  	-0.0578  	0.08815  	-0.2939  	-0.2659  	0.33168  	0.22233  	0.08889  	-0.0993  	0.69021  	0.29658  	-0.1025  	0.00490  	0.08047  	0.07068  	-0.0768  	-0.0428  	-0.0241  	-0.0420  	-0.0390  	-0.0578  	-0.0641  	-0.0195  	-0.0162  	-0.0053  	0.00712  	-0.0028  	-0.0075  	0.03965  	0.01976  	0.12530  	0.26328  	0.15896  	0.01620  	-0.0641  	0.30731  	
-0.1657  	0.60339  	-0.4587  	-1.8332  	-1.0490  	-1.8471  	1.25029  	0.19154  	0.00488  	0.06822  	0.31528  	-0.6476  	0.61857  	0.03705  	-1.1986  	1.54214  	-0.2739  	0.39909  	-0.1006  	0.68256  	0.41152  	-0.0491  	-0.6661  	0.20029  	0.50872  	-0.2725  	0.06291  	0.12434  	-0.2500  	0.20040  	0.10072  	0.13763  	0.08964  	-0.0486  	0.34918  	-0.1836  	0.22246  	-0.2857  	-0.3379  	0.33132  	0.23131  	0.08375  	-0.0876  	0.70494  	0.29143  	-0.1044  	-0.0054  	0.08392  	0.07346  	-0.0738  	-0.0371  	-0.0273  	-0.0446  	-0.0431  	-0.0698  	-0.0642  	-0.0192  	-0.0120  	-0.0069  	0.00781  	0.01067  	0.00144  	0.04343  	0.01791  	0.12530  	0.26328  	0.15896  	0.01620  	-0.0641  	0.30731  	
0.04313  	0.69749  	-0.1832  	-1.8294  	-1.1599  	-1.6140  	1.28480  	0.29733  	0.07959  	0.05435  	0.26552  	-0.7087  	0.61432  	0.15446  	-1.1825  	1.61550  	-0.2503  	0.38047  	-0.0766  	0.62538  	0.46895  	0.03664  	-0.5908  	0.14130  	0.56655  	-0.2868  	0.11650  	0.02062  	-0.2784  	0.21699  	0.10618  	0.15668  	0.10481  	-0.0361  	0.35444  	-0.1871  	0.28748  	-0.2108  	-0.3362  	0.26194  	0.24939  	0.05982  	-0.0202  	0.72871  	0.27471  	-0.1035  	-0.0131  	0.11575  	0.08832  	-0.0835  	-0.0456  	-0.0220  	-0.0408  	-0.0363  	-0.0612  	-0.0514  	-0.0327  	-0.0119  	-0.0137  	0.00979  	0.01476  	-0.0061  	0.04337  	0.01134  	0.12530  	0.26328  	0.15896  	0.01620  	-0.0641  	0.30731  	
0.13443  	0.70038  	-0.2242  	-1.7028  	-1.0772  	-1.6237  	1.33120  	0.26452  	0.06255  	0.09316  	0.30076  	-0.6893  	0.62222  	0.06806  	-1.2821  	1.64040  	-0.2647  	0.38605  	-0.0424  	0.61925  	0.43496  	0.05545  	-0.6440  	0.13531  	0.63557  	-0.3056  	0.10648  	0.07600  	-0.2469  	0.20838  	0.06913  	0.15165  	0.09670  	-0.0431  	0.33374  	-0.1640  	0.25409  	-0.2172  	-0.3142  	0.29820  	0.24682  	0.05344  	-0.0197  	0.74283  	0.27017  	-0.0966  	-0.0212  	0.12524  	0.09265  	-0.0857  	-0.0353  	-0.0246  	-0.0395  	-0.0388  	-0.0614  	-0.0554  	-0.0248  	-0.0164  	-0.0116  	0.00615  	0.00857  	-0.0022  	0.04379  	0.00649  	0.12530  	0.26328  	0.15896  	0.01620  	-0.0641  	0.30731  	
-0.1648  	0.59821  	-0.3792  	-1.9297  	-1.1676  	-1.7796  	1.31918  	0.16446  	0.00725  	0.18774  	0.36455  	-0.7256  	0.55600  	-0.0979  	-1.5531  	1.71512  	-0.3171  	0.53125  	-0.0762  	0.81888  	0.25372  	-0.0327  	-0.7947  	0.06348  	0.69457  	-0.3062  	-0.0392  	0.28020  	-0.0975  	0.20087  	0.08957  	0.10360  	0.10415  	-0.0158  	0.27798  	-0.0453  	0.14648  	-0.2406  	-0.2869  	0.31020  	0.29471  	0.03990  	-0.0472  	0.71601  	0.27332  	-0.1055  	-0.0042  	0.11544  	0.06973  	-0.0891  	-0.0240  	-0.0296  	-0.0419  	-0.0466  	-0.0628  	-0.0668  	-0.0153  	-0.0070  	-0.0046  	0.00874  	0.00267  	-0.0135  	0.06797  	0.02323  	0.12530  	0.26328  	0.15896  	0.01620  	-0.0641  	0.30731  	
-0.4218  	0.56197  	-0.5107  	-2.0158  	-1.1765  	-1.8748  	1.32398  	0.06868  	-0.0192  	0.17123  	0.36084  	-0.7576  	0.51793  	-0.1902  	-1.6349  	1.58152  	-0.2895  	0.51620  	-0.0613  	0.75341  	0.20266  	-0.0352  	-0.7502  	0.06095  	0.73807  	-0.2955  	0.03590  	0.26807  	-0.0666  	0.21334  	0.09754  	0.12970  	0.08888  	-0.0446  	0.26431  	-0.0099  	0.12681  	-0.2516  	-0.2930  	0.35191  	0.27877  	0.06456  	-0.0566  	0.72567  	0.27943  	-0.1030  	-0.0081  	0.09937  	0.06607  	-0.0946  	-0.0243  	-0.0210  	-0.0448  	-0.0428  	-0.0620  	-0.0606  	-0.0081  	-0.0125  	-0.0040  	0.00531  	0.01669  	-0.0139  	0.04706  	0.02392  	0.12530  	0.26328  	0.15896  	0.01620  	-0.0641  	0.30731  	
-0.4923  	0.49483  	-0.5408  	-2.1793  	-1.2764  	-1.9416  	1.26058  	0.02628  	-0.0431  	0.13881  	0.41993  	-0.7753  	0.47146  	-0.3151  	-1.6514  	1.51473  	-0.2422  	0.50323  	-0.0706  	0.72797  	0.22317  	-0.0400  	-0.6969  	0.04166  	0.65558  	-0.2629  	0.02357  	0.27174  	-0.0736  	0.20879  	0.08415  	0.11552  	0.06444  	-0.0346  	0.20427  	-0.0344  	0.14707  	-0.2400  	-0.3196  	0.30533  	0.32007  	0.05258  	-0.0608  	0.71751  	0.28792  	-0.0975  	0.00027  	0.09488  	0.05582  	-0.0863  	-0.0409  	-0.0223  	-0.0350  	-0.0393  	-0.0645  	-0.0656  	-0.0131  	-0.0102  	-0.0031  	0.01229  	0.01170  	-0.0213  	0.04924  	0.02439  	0.12530  	0.26328  	0.15896  	0.01620  	-0.0641  	0.30731  	
-0.5974  	0.48390  	-0.5952  	-2.2304  	-1.2896  	-1.9736  	1.28346  	-0.0140  	-0.0511  	0.13944  	0.42110  	-0.8181  	0.44832  	-0.3726  	-1.6621  	1.48027  	-0.2187  	0.50000  	-0.0730  	0.70485  	0.12571  	-0.0301  	-0.6290  	-0.0170  	0.61625  	-0.2362  	-0.0545  	0.35441  	-0.0127  	0.19235  	0.11626  	0.08840  	0.04934  	-0.0329  	0.12569  	-0.0280  	0.11928  	-0.2530  	-0.2911  	0.30401  	0.36579  	0.04969  	-0.0340  	0.73252  	0.28006  	-0.1098  	-0.0079  	0.08180  	0.05603  	-0.0830  	-0.0422  	-0.0173  	-0.0444  	-0.0425  	-0.0639  	-0.0661  	-0.0226  	-0.0096  	-0.0031  	0.00662  	0.01305  	-0.0058  	0.05132  	0.01946  	0.12530  	0.26328  	0.15896  	0.01620  	-0.0641  	0.30731  	
-0.6058  	0.50760  	-0.5971  	-2.1227  	-1.2263  	-1.9743  	1.27400  	0.01817  	-0.0344  	0.13232  	0.35900  	-0.7211  	0.47685  	-0.3602  	-1.6159  	1.51657  	-0.2210  	0.52122  	-0.0854  	0.71606  	0.09868  	-0.0146  	-0.6479  	-0.0365  	0.57550  	-0.2277  	-0.1074  	0.38387  	0.02121  	0.19076  	0.12675  	0.08515  	0.06084  	-0.0249  	0.08054  	-0.0450  	0.06634  	-0.2594  	-0.2552  	0.30531  	0.36456  	0.04751  	-0.0215  	0.72993  	0.27707  	-0.1035  	-0.0083  	0.09020  	0.06674  	-0.0849  	-0.0426  	-0.0215  	-0.0446  	-0.0435  	-0.0625  	-0.0703  	-0.0241  	-0.0096  	-0.0014  	0.00434  	0.01234  	-0.0003  	0.05297  	0.02400  	0.12530  	0.26328  	0.15896  	0.01620  	-0.0641  	0.30731  	
-0.5617  	0.51149  	-0.5902  	-2.0802  	-1.1942  	-2.0034  	1.25756  	0.04022  	-0.0298  	0.14092  	0.37152  	-0.7106  	0.49642  	-0.3041  	-1.5818  	1.52986  	-0.2121  	0.50607  	-0.0859  	0.71715  	0.13915  	-0.0391  	-0.6755  	-0.0142  	0.56456  	-0.2406  	-0.0979  	0.35775  	-0.0196  	0.19549  	0.11816  	0.09598  	0.06590  	-0.0254  	0.14355  	-0.0636  	0.08937  	-0.2522  	-0.2708  	0.30604  	0.35017  	0.04821  	-0.0276  	0.72077  	0.27666  	-0.1050  	-0.0017  	0.08665  	0.06981  	-0.0877  	-0.0395  	-0.0239  	-0.0444  	-0.0419  	-0.0635  	-0.0690  	-0.0240  	-0.0068  	-0.0064  	0.00861  	0.01175  	-0.0018  	0.05362  	0.02196  	0.12530  	0.26328  	0.15896  	0.01620  	-0.0641  	0.30731  	
-0.4548  	0.54453  	-0.5369  	-2.0052  	-1.1717  	-1.9050  	1.23326  	0.07744  	-0.0188  	0.10515  	0.35798  	-0.6830  	0.50633  	-0.2591  	-1.5247  	1.57000  	-0.2199  	0.48985  	-0.0805  	0.71310  	0.18302  	-0.0287  	-0.6707  	-0.0121  	0.55169  	-0.2463  	-0.1071  	0.36528  	-0.0254  	0.18560  	0.11122  	0.10056  	0.07154  	-0.0278  	0.16055  	-0.0697  	0.10982  	-0.2499  	-0.2696  	0.30873  	0.33878  	0.04479  	-0.0326  	0.71778  	0.27721  	-0.1039  	-0.0027  	0.09504  	0.06467  	-0.0802  	-0.0404  	-0.0232  	-0.0471  	-0.0434  	-0.0642  	-0.0666  	-0.0200  	-0.0122  	-0.0021  	0.00747  	0.00943  	-0.0081  	0.05184  	0.01873  	0.12530  	0.26328  	0.15896  	0.01620  	-0.0641  	0.30731  	
-0.3651  	0.58300  	-0.5130  	-1.9756  	-1.1434  	-1.8805  	1.25586  	0.10064  	-0.0081  	0.10679  	0.36387  	-0.6982  	0.52151  	-0.1998  	-1.5156  	1.57288  	-0.2647  	0.48572  	-0.0876  	0.74604  	0.21246  	-0.0323  	-0.6859  	-0.0244  	0.52142  	-0.2442  	-0.1032  	0.36821  	-0.0220  	0.17894  	0.10900  	0.09780  	0.09237  	-0.0274  	0.18412  	-0.0715  	0.11207  	-0.2555  	-0.2891  	0.31382  	0.33953  	0.06172  	-0.0261  	0.71026  	0.27610  	-0.1064  	-0.0031  	0.09438  	0.06158  	-0.0781  	-0.0344  	-0.0260  	-0.0464  	-0.0426  	-0.0648  	-0.0599  	-0.0190  	-0.0156  	-0.0013  	0.00566  	0.00400  	-0.0013  	0.04938  	0.02148  	0.12530  	0.26328  	0.15896  	0.01620  	-0.0641  	0.30731  	
-0.3219  	0.58483  	-0.5194  	-1.9419  	-1.1161  	-1.8768  	1.24784  	0.11632  	-0.0023  	0.06396  	0.37814  	-0.6797  	0.50295  	-0.1745  	-1.4323  	1.56601  	-0.2653  	0.47427  	-0.0969  	0.72482  	0.25813  	-0.0354  	-0.6961  	-0.0007  	0.53695  	-0.2526  	-0.0742  	0.32549  	-0.0743  	0.18994  	0.09650  	0.10592  	0.09124  	-0.0291  	0.23527  	-0.0921  	0.15835  	-0.2504  	-0.3105  	0.28664  	0.32429  	0.06678  	-0.0408  	0.70613  	0.28585  	-0.1010  	-0.0001  	0.08322  	0.06191  	-0.0792  	-0.0387  	-0.0272  	-0.0429  	-0.0435  	-0.0658  	-0.0599  	-0.0178  	-0.0118  	-0.0029  	0.00396  	0.00319  	-0.0028  	0.05112  	0.02004  	0.12530  	0.26328  	0.15896  	0.01620  	-0.0641  	0.30731  	
-0.2502  	0.62821  	-0.4350  	-1.8189  	-1.0884  	-1.8694  	1.21433  	0.21717  	-0.0244  	0.01060  	0.40590  	-0.6260  	0.55122  	-0.1414  	-1.2750  	1.49685  	-0.1713  	0.26963  	-0.0277  	0.43178  	0.41378  	-0.2499  	-0.9604  	0.07019  	0.46690  	-0.1699  	-0.0162  	0.13217  	-0.0587  	0.18468  	0.21424  	0.07154  	0.00566  	-0.1959  	0.22837  	-0.1698  	0.11822  	-0.2391  	-0.4546  	0.19509  	0.38608  	0.19757  	-0.1804  	0.78524  	0.21808  	-0.0763  	-0.0239  	0.10073  	0.04450  	-0.0952  	-0.0327  	-0.0213  	-0.0401  	-0.0277  	-0.0608  	-0.0581  	-0.0207  	-0.0271  	-0.0057  	0.01444  	0.01382  	-0.0031  	0.02900  	0.01813  	0.12530  	0.26328  	0.15896  	0.01620  	-0.0641  	0.30731  	
-0.0946  	0.71281  	-0.2892  	-1.7674  	-1.1165  	-1.8206  	1.21037  	0.31878  	-0.0079  	-0.0211  	0.46001  	-0.6201  	0.62118  	-0.0707  	-1.1519  	1.49726  	-0.0859  	0.10630  	0.03494  	0.15510  	0.61234  	-0.4246  	-1.1485  	0.10511  	0.39777  	-0.1008  	0.05983  	-0.0718  	-0.1172  	0.14223  	0.29662  	0.05425  	-0.0771  	-0.3371  	0.26440  	-0.2394  	0.12739  	-0.2012  	-0.5832  	0.12137  	0.40236  	0.30681  	-0.2799  	0.85024  	0.17011  	-0.0614  	-0.0446  	0.11763  	0.03355  	-0.0963  	-0.0327  	-0.0102  	-0.0378  	-0.0043  	-0.0513  	-0.0586  	-0.0361  	-0.0354  	-0.0022  	0.02096  	0.02077  	-0.0016  	0.01171  	0.01397  	0.12530  	0.26328  	0.15896  	0.01620  	-0.0641  	0.30731  	
0.00282  	0.75646  	-0.2151  	-1.7267  	-1.1263  	-1.7588  	1.20435  	0.38783  	0.03584  	-0.0439  	0.47833  	-0.6104  	0.65044  	-0.0288  	-1.1383  	1.52186  	-0.0529  	0.04474  	0.05152  	0.08340  	0.68166  	-0.4640  	-1.1658  	0.13177  	0.36280  	-0.0839  	0.09541  	-0.1589  	-0.1704  	0.13398  	0.31397  	0.05687  	-0.0830  	-0.3773  	0.27612  	-0.2762  	0.15229  	-0.1889  	-0.6245  	0.08516  	0.39947  	0.31989  	-0.2969  	0.86823  	0.15458  	-0.0579  	-0.0542  	0.12926  	0.03780  	-0.0946  	-0.0301  	-0.0121  	-0.0384  	-0.0027  	-0.0534  	-0.0506  	-0.0354  	-0.0360  	-0.0046  	0.02472  	0.02159  	-0.0013  	0.00575  	0.01462  	0.12530  	0.26328  	0.15896  	0.01620  	-0.0641  	0.30731  	
0.08139  	0.76527  	-0.1579  	-1.7344  	-1.1611  	-1.6806  	1.22690  	0.43579  	0.06768  	-0.0673  	0.49748  	-0.5967  	0.64734  	0.02048  	-1.1100  	1.58847  	-0.0578  	0.04357  	0.04902  	0.09334  	0.70411  	-0.3986  	-1.0538  	0.19891  	0.38935  	-0.1124  	0.15029  	-0.2186  	-0.2485  	0.14615  	0.29304  	0.08249  	-0.0559  	-0.3443  	0.30802  	-0.2892  	0.22808  	-0.1694  	-0.6021  	0.07958  	0.36305  	0.29931  	-0.2643  	0.85403  	0.16377  	-0.0638  	-0.0543  	0.13798  	0.04991  	-0.1002  	-0.0386  	-0.0100  	-0.0369  	-0.0010  	-0.0551  	-0.0488  	-0.0371  	-0.0319  	-0.0089  	0.02964  	0.02222  	-0.0049  	0.01709  	0.01822  	0.12530  	0.26328  	0.15896  	0.01620  	-0.0641  	0.30731  	
0.08091  	0.74951  	-0.1904  	-1.7478  	-1.1628  	-1.6532  	1.25509  	0.38945  	0.08484  	-0.0422  	0.48161  	-0.6082  	0.61092  	0.06309  	-1.1591  	1.63898  	-0.1312  	0.17724  	-0.0100  	0.30817  	0.64214  	-0.2159  	-0.8488  	0.19778  	0.44451  	-0.1939  	0.15310  	-0.1412  	-0.3118  	0.16421  	0.19817  	0.12201  	0.01981  	-0.2119  	0.35818  	-0.2651  	0.29608  	-0.1679  	-0.5059  	0.14748  	0.30047  	0.19375  	-0.1696  	0.79082  	0.21139  	-0.0797  	-0.0354  	0.12302  	0.06285  	-0.0914  	-0.0432  	-0.0138  	-0.0380  	-0.0148  	-0.0598  	-0.0480  	-0.0351  	-0.0226  	-0.0095  	0.02237  	0.01841  	-0.0025  	0.03055  	0.01811  	0.12530  	0.26328  	0.15896  	0.01620  	-0.0641  	0.30731  	
0.07805  	0.73364  	-0.2311  	-1.7693  	-1.1708  	-1.6253  	1.28971  	0.32914  	0.10576  	-0.0157  	0.46533  	-0.6259  	0.56188  	0.11541  	-1.2196  	1.69992  	-0.2248  	0.34500  	-0.0827  	0.57406  	0.56970  	0.01333  	-0.5940  	0.19519  	0.51364  	-0.2958  	0.15640  	-0.0471  	-0.3927  	0.18468  	0.08026  	0.17131  	0.11506  	-0.0467  	0.42352  	-0.2365  	0.38402  	-0.1661  	-0.3888  	0.23214  	0.22468  	0.06132  	-0.0514  	0.71132  	0.27085  	-0.1002  	-0.0113  	0.10403  	0.07854  	-0.0794  	-0.0495  	-0.0187  	-0.0393  	-0.0316  	-0.0661  	-0.0466  	-0.0326  	-0.0112  	-0.0101  	0.01356  	0.01370  	0.00067  	0.04691  	0.01758  	0.12530  	0.26328  	0.15896  	0.01620  	-0.0641  	0.30731  	
0.07805  	0.73364  	-0.2311  	-1.7693  	-1.1708  	-1.6253  	1.28971  	0.32914  	0.10576  	-0.0157  	0.46533  	-0.6259  	0.56188  	0.11541  	-1.2196  	1.69992  	-0.2248  	0.34500  	-0.0827  	0.57406  	0.56970  	0.01333  	-0.5940  	0.19519  	0.51364  	-0.2958  	0.15640  	-0.0471  	-0.3927  	0.18468  	0.08026  	0.17131  	0.11506  	-0.0467  	0.42352  	-0.2365  	0.38402  	-0.1661  	-0.3888  	0.23214  	0.22468  	0.06132  	-0.0514  	0.71132  	0.27085  	-0.1002  	-0.0113  	0.10403  	0.07854  	-0.0794  	-0.0495  	-0.0187  	-0.0393  	-0.0316  	-0.0661  	-0.0466  	-0.0326  	-0.0112  	-0.0101  	0.01356  	0.01370  	0.00067  	0.04691  	0.01758  	0.12530  	0.26328  	0.15896  	0.01620  	-0.0641  	0.30731  	
0.07805  	0.73364  	-0.2311  	-1.7693  	-1.1708  	-1.6253  	1.28971  	0.32914  	0.10576  	-0.0157  	0.46533  	-0.6259  	0.56188  	0.11541  	-1.2196  	1.69992  	-0.2248  	0.34500  	-0.0827  	0.57406  	0.56970  	0.01333  	-0.5940  	0.19519  	0.51364  	-0.2958  	0.15640  	-0.0471  	-0.3927  	0.18468  	0.08026  	0.17131  	0.11506  	-0.0467  	0.42352  	-0.2365  	0.38402  	-0.1661  	-0.3888  	0.23214  	0.22468  	0.06132  	-0.0514  	0.71132  	0.27085  	-0.1002  	-0.0113  	0.10403  	0.07854  	-0.0794  	-0.0495  	-0.0187  	-0.0393  	-0.0316  	-0.0661  	-0.0466  	-0.0326  	-0.0112  	-0.0101  	0.01356  	0.01370  	0.00067  	0.04691  	0.01758  	0.12530  	0.26328  	0.15896  	0.01620  	-0.0641  	0.30731  	
0.07805  	0.73364  	-0.2311  	-1.7693  	-1.1708  	-1.6253  	1.28971  	0.32914  	0.10576  	-0.0157  	0.46533  	-0.6259  	0.56188  	0.11541  	-1.2196  	1.69992  	-0.2248  	0.34500  	-0.0827  	0.57406  	0.56970  	0.01333  	-0.5940  	0.19519  	0.51364  	-0.2958  	0.15640  	-0.0471  	-0.3927  	0.18468  	0.08026  	0.17131  	0.11506  	-0.0467  	0.42352  	-0.2365  	0.38402  	-0.1661  	-0.3888  	0.23214  	0.22468  	0.06132  	-0.0514  	0.71132  	0.27085  	-0.1002  	-0.0113  	0.10403  	0.07854  	-0.0794  	-0.0495  	-0.0187  	-0.0393  	-0.0316  	-0.0661  	-0.0466  	-0.0326  	-0.0112  	-0.0101  	0.01356  	0.01370  	0.00067  	0.04691  	0.01758  	0.12530  	0.26328  	0.15896  	0.01620  	-0.0641  	0.30731  	
0.07805  	0.73364  	-0.2311  	-1.7693  	-1.1708  	-1.6253  	1.28971  	0.32914  	0.10576  	-0.0157  	0.46533  	-0.6259  	0.56188  	0.11541  	-1.2196  	1.69992  	-0.2248  	0.34500  	-0.0827  	0.57406  	0.56970  	0.01333  	-0.5940  	0.19519  	0.51364  	-0.2958  	0.15640  	-0.0471  	-0.3927  	0.18468  	0.08026  	0.17131  	0.11506  	-0.0467  	0.42352  	-0.2365  	0.38402  	-0.1661  	-0.3888  	0.23214  	0.22468  	0.06132  	-0.0514  	0.71132  	0.27085  	-0.1002  	-0.0113  	0.10403  	0.07854  	-0.0794  	-0.0495  	-0.0187  	-0.0393  	-0.0316  	-0.0661  	-0.0466  	-0.0326  	-0.0112  	-0.0101  	0.01356  	0.01370  	0.00067  	0.04691  	0.01758  	0.12530  	0.26328  	0.15896  	0.01620  	-0.0641  	0.30731  	
0.07826  	0.73364  	-0.2311  	-1.7691  	-1.1707  	-1.6253  	1.28964  	0.32914  	0.10564  	-0.0158  	0.46526  	-0.6261  	0.56183  	0.11534  	-1.2191  	1.69995  	-0.2247  	0.34504  	-0.0826  	0.57396  	0.56996  	0.01341  	-0.5938  	0.19539  	0.51386  	-0.2959  	0.15673  	-0.0472  	-0.3927  	0.18477  	0.08018  	0.17131  	0.11496  	-0.0467  	0.42377  	-0.2365  	0.38397  	-0.1661  	-0.3889  	0.23216  	0.22436  	0.06139  	-0.0515  	0.71133  	0.27087  	-0.1002  	-0.0113  	0.10396  	0.07852  	-0.0794  	-0.0494  	-0.0187  	-0.0393  	-0.0317  	-0.0661  	-0.0466  	-0.0325  	-0.0112  	-0.0101  	0.01356  	0.01366  	0.00067  	0.04692  	0.01754  	0.12530  	0.26328  	0.15896  	0.01620  	-0.0641  	0.30731  	
0.07440  	0.73391  	-0.2328  	-1.7717  	-1.1723  	-1.6298  	1.28852  	0.32722  	0.10567  	-0.0145  	0.46893  	-0.6241  	0.55989  	0.11367  	-1.2228  	1.69833  	-0.2247  	0.34551  	-0.0841  	0.57422  	0.56842  	0.01207  	-0.5941  	0.19218  	0.51130  	-0.2949  	0.15203  	-0.0433  	-0.3921  	0.18331  	0.08106  	0.17043  	0.11634  	-0.0465  	0.42238  	-0.2375  	0.38452  	-0.1662  	-0.3894  	0.23036  	0.22786  	0.06026  	-0.0511  	0.71110  	0.27070  	-0.1004  	-0.0112  	0.10365  	0.07799  	-0.0789  	-0.0497  	-0.0184  	-0.0393  	-0.0315  	-0.0663  	-0.0466  	-0.0328  	-0.0113  	-0.0098  	0.01363  	0.01391  	0.00080  	0.04628  	0.01754  	0.12530  	0.26328  	0.15896  	0.01620  	-0.0641  	0.30731  	
0.05789  	0.73377  	-0.2455  	-1.7791  	-1.1785  	-1.6491  	1.28572  	0.31904  	0.10203  	-0.0082  	0.47915  	-0.6187  	0.55259  	0.10690  	-1.2301  	1.69113  	-0.2251  	0.34941  	-0.0871  	0.57503  	0.56605  	0.00735  	-0.5934  	0.18664  	0.50778  	-0.2929  	0.14068  	-0.0337  	-0.3896  	0.17513  	0.08488  	0.16577  	0.11876  	-0.0482  	0.41768  	-0.2396  	0.38368  	-0.1681  	-0.3941  	0.22578  	0.23685  	0.05743  	-0.0508  	0.71059  	0.27019  	-0.0999  	-0.0111  	0.10215  	0.07478  	-0.0746  	-0.0498  	-0.0181  	-0.0396  	-0.0318  	-0.0672  	-0.0475  	-0.0330  	-0.0116  	-0.0084  	0.01257  	0.01394  	0.00172  	0.04421  	0.01624  	0.12530  	0.26328  	0.15896  	0.01620  	-0.0641  	0.30731  	
0.05270  	0.73698  	-0.2514  	-1.7821  	-1.1796  	-1.6520  	1.28870  	0.31476  	0.10267  	-0.0092  	0.48180  	-0.6231  	0.54908  	0.10096  	-1.2287  	1.68742  	-0.2232  	0.34839  	-0.0874  	0.57758  	0.56770  	0.00608  	-0.5955  	0.18585  	0.50854  	-0.2921  	0.14185  	-0.0341  	-0.3919  	0.17211  	0.08500  	0.16552  	0.11859  	-0.0494  	0.41955  	-0.2418  	0.38278  	-0.1674  	-0.3978  	0.23067  	0.23624  	0.05663  	-0.0524  	0.71178  	0.26937  	-0.0992  	-0.0115  	0.10099  	0.07305  	-0.0726  	-0.0483  	-0.0181  	-0.0401  	-0.0322  	-0.0673  	-0.0469  	-0.0326  	-0.0123  	-0.0078  	0.01209  	0.01369  	0.00248  	0.04355  	0.01520  	0.12530  	0.26328  	0.15896  	0.01620  	-0.0641  	0.30731  	
0.05278  	0.73464  	-0.2477  	-1.7811  	-1.1770  	-1.6491  	1.29009  	0.31574  	0.10089  	-0.0089  	0.48266  	-0.6318  	0.54794  	0.09500  	-1.2288  	1.68450  	-0.2235  	0.34965  	-0.0854  	0.58210  	0.56784  	0.00451  	-0.5990  	0.18623  	0.51388  	-0.2951  	0.14939  	-0.0339  	-0.3906  	0.17099  	0.08309  	0.16806  	0.11547  	-0.0507  	0.42007  	-0.2383  	0.38377  	-0.1666  	-0.3964  	0.23323  	0.23356  	0.05577  	-0.0524  	0.71259  	0.27119  	-0.0998  	-0.0112  	0.10162  	0.07379  	-0.0726  	-0.0478  	-0.0185  	-0.0399  	-0.0323  	-0.0665  	-0.0470  	-0.0307  	-0.0126  	-0.0078  	0.01235  	0.01326  	0.00160  	0.04406  	0.01545  	0.12530  	0.26328  	0.15896  	0.01620  	-0.0641  	0.30731  	
0.07241  	0.74869  	-0.1959  	-1.7528  	-1.1649  	-1.6653  	1.25493  	0.38277  	0.08185  	-0.0410  	0.48899  	-0.6116  	0.60405  	0.05521  	-1.1614  	1.63191  	-0.1303  	0.17926  	-0.0118  	0.31118  	0.63968  	-0.2202  	-0.8507  	0.19563  	0.44493  	-0.1935  	0.15018  	-0.1365  	-0.3102  	0.16000  	0.19862  	0.12125  	0.01929  	-0.2132  	0.35895  	-0.2659  	0.29566  	-0.1685  	-0.5084  	0.14663  	0.30357  	0.19216  	-0.1694  	0.79049  	0.21196  	-0.0799  	-0.0349  	0.12215  	0.06155  	-0.0897  	-0.0435  	-0.0135  	-0.0384  	-0.0151  	-0.0598  	-0.0484  	-0.0340  	-0.0229  	-0.0093  	0.02156  	0.01819  	-0.0023  	0.02949  	0.01784  	0.12530  	0.26328  	0.15896  	0.01620  	-0.0641  	0.30731  	
0.08200  	0.76359  	-0.1579  	-1.7334  	-1.1608  	-1.6794  	1.22737  	0.43638  	0.06815  	-0.0658  	0.49794  	-0.5960  	0.64771  	0.01953  	-1.1100  	1.58871  	-0.0565  	0.04352  	0.04869  	0.09484  	0.70354  	-0.3993  	-1.0525  	0.20006  	0.38965  	-0.1123  	0.15133  	-0.2180  	-0.2487  	0.14667  	0.29297  	0.08270  	-0.0565  	-0.3441  	0.30744  	-0.2895  	0.22773  	-0.1690  	-0.6017  	0.07927  	0.36160  	0.29935  	-0.2641  	0.85417  	0.16392  	-0.0636  	-0.0543  	0.13787  	0.04992  	-0.1006  	-0.0386  	-0.0099  	-0.0370  	-0.0012  	-0.0551  	-0.0490  	-0.0371  	-0.0317  	-0.0091  	0.02936  	0.02218  	-0.0049  	0.01725  	0.01841  	0.12530  	0.26328  	0.15896  	0.01620  	-0.0641  	0.30731  	
0.08366  	0.76547  	-0.1496  	-1.7266  	-1.1550  	-1.6814  	1.22037  	0.44967  	0.06396  	-0.0688  	0.49808  	-0.5905  	0.65987  	0.01074  	-1.0989  	1.57797  	-0.0377  	0.00948  	0.06272  	0.04215  	0.71473  	-0.4452  	-1.1038  	0.20024  	0.37529  	-0.0921  	0.14983  	-0.2354  	-0.2310  	0.14371  	0.31611  	0.07275  	-0.0754  	-0.3771  	0.29295  	-0.2937  	0.20826  	-0.1699  	-0.6232  	0.06282  	0.37642  	0.32616  	-0.2879  	0.87028  	0.15192  	-0.0592  	-0.0594  	0.14200  	0.04718  	-0.1034  	-0.0370  	-0.0089  	-0.0367  	0.00202  	-0.0536  	-0.0494  	-0.0377  	-0.0341  	-0.0088  	0.03121  	0.02313  	-0.0057  	0.01417  	0.01862  	0.12530  	0.26328  	0.15896  	0.01620  	-0.0641  	0.30731  	
0.08339  	0.76259  	-0.1574  	-1.7311  	-1.1572  	-1.6757  	1.22738  	0.43783  	0.06835  	-0.0639  	0.49485  	-0.5939  	0.65017  	0.02158  	-1.1110  	1.59039  	-0.0566  	0.04297  	0.04842  	0.09497  	0.70101  	-0.3991  	-1.0526  	0.19986  	0.38918  	-0.1125  	0.15085  	-0.2171  	-0.2475  	0.14773  	0.29261  	0.08262  	-0.0563  	-0.3441  	0.30610  	-0.2881  	0.22621  	-0.1694  	-0.6000  	0.07973  	0.36128  	0.29972  	-0.2642  	0.85442  	0.16384  	-0.0633  	-0.0546  	0.13823  	0.05034  	-0.1010  	-0.0383  	-0.0099  	-0.0369  	-0.0013  	-0.0549  	-0.0491  	-0.0372  	-0.0318  	-0.0090  	0.02949  	0.02221  	-0.0051  	0.01748  	0.01851  	0.12530  	0.26328  	0.15896  	0.01620  	-0.0641  	0.30731  	
0.10009  	0.75149  	-0.1977  	-1.6605  	-1.0681  	-1.6326  	1.27169  	0.36814  	0.05198  	-0.0262  	0.34984  	-0.6355  	0.65484  	0.12631  	-1.1326  	1.62796  	-0.1420  	0.19552  	-0.0078  	0.32970  	0.54655  	-0.2066  	-0.9092  	0.19676  	0.53126  	-0.2003  	0.16808  	-0.0757  	-0.2042  	0.19895  	0.18326  	0.10192  	0.00502  	-0.2147  	0.35247  	-0.2276  	0.21236  	-0.2151  	-0.4770  	0.18211  	0.27744  	0.20329  	-0.1766  	0.79531  	0.21364  	-0.0796  	-0.0388  	0.13358  	0.07245  	-0.0871  	-0.0314  	-0.0177  	-0.0400  	-0.0211  	-0.0574  	-0.0468  	-0.0356  	-0.0238  	-0.0089  	0.01945  	0.01469  	0.00052  	0.03388  	0.01360  	0.12530  	0.26328  	0.15896  	0.01620  	-0.0641  	0.30731  	
-0.1368  	0.63065  	-0.4111  	-1.7433  	-1.0341  	-1.7565  	1.31701  	0.10040  	0.02278  	0.13423  	0.36465  	-0.6453  	0.54726  	-0.1024  	-1.4180  	1.65106  	-0.2552  	0.52464  	-0.1088  	0.76856  	0.22333  	-0.0464  	-0.7840  	0.03056  	0.58996  	-0.2752  	-0.0909  	0.35722  	-0.0823  	0.19819  	0.05452  	0.11508  	0.10156  	-0.0261  	0.29097  	-0.0524  	0.10713  	-0.2629  	-0.2874  	0.34273  	0.26760  	0.07881  	-0.0668  	0.70255  	0.28327  	-0.0999  	-0.0006  	0.11240  	0.08246  	-0.0837  	-0.0184  	-0.0225  	-0.0451  	-0.0417  	-0.0624  	-0.0556  	-0.0164  	-0.0063  	-0.0008  	0.00685  	0.00526  	-0.0192  	0.04971  	0.01371  	0.12530  	0.26328  	0.15896  	0.01620  	-0.0641  	0.30731  	
-0.2106  	0.57331  	-0.4193  	-1.8491  	-1.0753  	-1.8061  	1.32109  	0.07894  	0.00673  	0.20518  	0.40186  	-0.6691  	0.51607  	-0.1840  	-1.5812  	1.71587  	-0.2864  	0.56229  	-0.1069  	0.79403  	0.10073  	-0.0411  	-0.8575  	0.04397  	0.61877  	-0.2769  	-0.0813  	0.41844  	-0.0209  	0.20559  	0.07196  	0.12733  	0.09641  	-0.0242  	0.25152  	-0.0151  	0.05793  	-0.2781  	-0.2821  	0.34911  	0.31183  	0.05916  	-0.0309  	0.72326  	0.27176  	-0.1073  	-0.0057  	0.11125  	0.07940  	-0.0930  	-0.0212  	-0.0254  	-0.0428  	-0.0437  	-0.0570  	-0.0651  	-0.0129  	-0.0121  	-0.0034  	0.00935  	0.00550  	-0.0078  	0.05519  	0.02574  	0.12530  	0.26328  	0.15896  	0.01620  	-0.0641  	0.30731  	
-0.3292  	0.51012  	-0.4857  	-1.9319  	-1.1368  	-1.8555  	1.27600  	0.02832  	-0.0517  	0.12932  	0.38627  	-0.7434  	0.47278  	-0.2835  	-1.5453  	1.61961  	-0.2576  	0.50530  	-0.0756  	0.70641  	0.18407  	-0.0338  	-0.7697  	0.09105  	0.70898  	-0.3022  	0.05034  	0.32236  	-0.0720  	0.22742  	0.06458  	0.14862  	0.03804  	-0.0538  	0.27974  	0.02596  	0.14513  	-0.2529  	-0.3109  	0.32488  	0.28760  	0.06572  	-0.0627  	0.73808  	0.27751  	-0.1098  	-0.0083  	0.09256  	0.07485  	-0.0834  	-0.0155  	-0.0225  	-0.0314  	-0.0406  	-0.0574  	-0.0566  	-0.0105  	-0.0085  	-0.0036  	0.01590  	0.00915  	-0.0213  	0.06211  	0.02415  	0.12530  	0.26328  	0.15896  	0.01620  	-0.0641  	0.30731  	
-0.3832  	0.51430  	-0.5342  	-1.9939  	-1.1929  	-1.8518  	1.26285  	-0.0251  	-0.0904  	0.06778  	0.37615  	-0.8029  	0.41921  	-0.3358  	-1.5545  	1.57602  	-0.2219  	0.43685  	-0.0697  	0.65301  	0.24094  	-0.0058  	-0.6929  	0.13570  	0.70115  	-0.3044  	0.09173  	0.21385  	-0.1203  	0.24092  	0.05925  	0.16885  	0.00506  	-0.0536  	0.28230  	0.02409  	0.22437  	-0.2426  	-0.3336  	0.32003  	0.27789  	0.06879  	-0.0744  	0.72781  	0.29031  	-0.1003  	-0.0108  	0.06991  	0.06578  	-0.0791  	-0.0242  	-0.0173  	-0.0403  	-0.0401  	-0.0536  	-0.0533  	-0.0136  	-0.0029  	-0.0030  	0.00354  	0.00576  	-0.0246  	0.05428  	0.01604  	0.12530  	0.26328  	0.15896  	0.01620  	-0.0641  	0.30731  	
-0.2608  	0.54867  	-0.4407  	-1.9497  	-1.1618  	-1.8457  	1.29247  	0.04331  	-0.0436  	0.15881  	0.46094  	-0.7410  	0.44933  	-0.2733  	-1.6013  	1.68445  	-0.2971  	0.47574  	-0.0607  	0.72684  	0.23218  	-0.0205  	-0.7460  	0.09902  	0.63754  	-0.2970  	0.01820  	0.26433  	-0.1467  	0.20655  	0.07077  	0.16936  	0.03671  	-0.0322  	0.30416  	0.01272  	0.21655  	-0.2351  	-0.3369  	0.29921  	0.28395  	0.07219  	-0.0635  	0.71097  	0.28847  	-0.1062  	-0.0141  	0.09112  	0.07399  	-0.0896  	-0.0285  	-0.0222  	-0.0353  	-0.0412  	-0.0576  	-0.0614  	-0.0105  	-0.0089  	-0.0008  	0.00813  	0.00314  	-0.0169  	0.05153  	0.01997  	0.12530  	0.26328  	0.15896  	0.01620  	-0.0641  	0.30731  	
-0.2546  	0.56531  	-0.3893  	-1.9535  	-1.1429  	-1.8541  	1.31759  	0.04352  	-0.0220  	0.21864  	0.45347  	-0.6921  	0.47419  	-0.2731  	-1.7081  	1.71832  	-0.3154  	0.53629  	-0.0865  	0.80401  	0.12000  	-0.0499  	-0.8250  	0.02323  	0.62232  	-0.2943  	-0.0784  	0.39085  	-0.0426  	0.21249  	0.06791  	0.13341  	0.06183  	-0.0274  	0.23635  	0.04098  	0.10890  	-0.2632  	-0.2865  	0.34501  	0.30511  	0.05962  	-0.0505  	0.70810  	0.27775  	-0.1004  	-0.0122  	0.10319  	0.08333  	-0.0848  	-0.0219  	-0.0252  	-0.0385  	-0.0453  	-0.0568  	-0.0629  	-0.0131  	-0.0079  	-0.0067  	0.00961  	0.00307  	-0.0114  	0.05451  	0.02104  	0.12530  	0.26328  	0.15896  	0.01620  	-0.0641  	0.30731  	
-0.3137  	0.58060  	-0.4247  	-2.0885  	-1.2304  	-1.9130  	1.30825  	0.03769  	-0.0429  	0.26887  	0.42082  	-0.7361  	0.46637  	-0.2705  	-1.7544  	1.67135  	-0.3016  	0.55741  	-0.0967  	0.80214  	0.07075  	-0.0579  	-0.8235  	-0.0165  	0.61862  	-0.2708  	-0.1235  	0.42910  	0.01979  	0.20315  	0.08576  	0.11599  	0.06821  	-0.0351  	0.20655  	0.05519  	0.06127  	-0.2886  	-0.2623  	0.35050  	0.33686  	0.05865  	-0.0341  	0.71427  	0.27862  	-0.1091  	-0.0106  	0.09810  	0.08080  	-0.0898  	-0.0224  	-0.0299  	-0.0397  	-0.0438  	-0.0565  	-0.0669  	-0.0102  	-0.0110  	-0.0104  	0.00622  	0.00290  	-0.0066  	0.05572  	0.02507  	0.12530  	0.26328  	0.15896  	0.01620  	-0.0641  	0.30731  	
-0.5599  	0.50378  	-0.5731  	-2.1051  	-1.2212  	-1.9863  	1.30778  	0.00946  	-0.0412  	0.25445  	0.38898  	-0.7924  	0.51216  	-0.2530  	-1.7283  	1.57715  	-0.2832  	0.49387  	-0.0931  	0.75426  	0.12796  	-0.0380  	-0.8016  	0.05166  	0.70181  	-0.2830  	-0.0429  	0.35986  	0.02250  	0.22872  	0.09179  	0.12490  	0.05627  	-0.0463  	0.22613  	0.05564  	0.08352  	-0.2759  	-0.2846  	0.35317  	0.31588  	0.07455  	-0.0557  	0.72211  	0.29105  	-0.1030  	-0.0091  	0.07711  	0.06504  	-0.0990  	-0.0264  	-0.0200  	-0.0426  	-0.0427  	-0.0566  	-0.0676  	-0.0149  	-0.0080  	-0.0031  	0.00723  	0.01019  	-0.0191  	0.04995  	0.02395  	0.12530  	0.26328  	0.15896  	0.01620  	-0.0641  	0.30731  	
-0.6228  	0.46097  	-0.6172  	-2.2663  	-1.3198  	-2.0014  	1.28268  	-0.0052  	-0.0493  	0.17123  	0.44455  	-0.8255  	0.43398  	-0.2966  	-1.6435  	1.43102  	-0.2434  	0.48128  	-0.0815  	0.72162  	0.22085  	-0.0433  	-0.7007  	0.04807  	0.68350  	-0.2564  	0.00296  	0.25500  	-0.1094  	0.18991  	0.11030  	0.10747  	0.03448  	-0.0292  	0.21219  	-0.0112  	0.15721  	-0.2487  	-0.3134  	0.27908  	0.31568  	0.06571  	-0.0711  	0.70829  	0.29456  	-0.1079  	-0.0113  	0.08198  	0.05306  	-0.0781  	-0.0444  	-0.0194  	-0.0367  	-0.0359  	-0.0660  	-0.0673  	-0.0192  	-0.0087  	-0.0079  	0.00524  	0.00979  	-0.0189  	0.05963  	0.02431  	0.12530  	0.26328  	0.15896  	0.01620  	-0.0641  	0.30731  	
-0.6938  	0.45671  	-0.6634  	-2.1814  	-1.2331  	-2.1328  	1.30046  	0.02389  	-0.0326  	0.17688  	0.47331  	-0.7849  	0.50421  	-0.2319  	-1.6421  	1.43004  	-0.2535  	0.49918  	-0.1145  	0.73489  	0.11993  	-0.0404  	-0.6921  	0.03641  	0.61181  	-0.2317  	-0.0877  	0.34421  	0.00900  	0.20500  	0.11349  	0.07754  	0.06019  	-0.0346  	0.19375  	-0.0207  	0.06793  	-0.2850  	-0.2549  	0.32034  	0.31539  	0.07308  	-0.0548  	0.71152  	0.28201  	-0.1096  	-0.0104  	0.09830  	0.06711  	-0.0915  	-0.0346  	-0.0198  	-0.0455  	-0.0398  	-0.0652  	-0.0626  	-0.0169  	-0.0149  	-0.0089  	0.00685  	0.01208  	-0.0061  	0.04287  	0.01920  	0.12530  	0.26328  	0.15896  	0.01620  	-0.0641  	0.30731  	
-0.7320  	0.44501  	-0.7572  	-2.0384  	-1.1395  	-2.1389  	1.27053  	0.03372  	-0.0348  	0.12486  	0.48201  	-0.7233  	0.50156  	-0.2083  	-1.5992  	1.44585  	-0.2619  	0.53338  	-0.1236  	0.81992  	0.12951  	-0.0357  	-0.7232  	0.04384  	0.58124  	-0.2437  	-0.1083  	0.40241  	0.01986  	0.18168  	0.10489  	0.06775  	0.07747  	-0.0343  	0.22221  	-0.0449  	0.01890  	-0.3076  	-0.2453  	0.34240  	0.27486  	0.06609  	-0.0800  	0.70165  	0.29288  	-0.1128  	-0.0072  	0.10030  	0.06606  	-0.0835  	-0.0305  	-0.0219  	-0.0517  	-0.0414  	-0.0627  	-0.0637  	-0.0099  	-0.0083  	-0.0034  	0.01103  	0.00442  	-0.0021  	0.04653  	0.01938  	0.12530  	0.26328  	0.15896  	0.01620  	-0.0641  	0.30731  	
-0.7313  	0.42013  	-0.7438  	-1.9698  	-1.0726  	-2.0988  	1.30096  	0.05642  	-0.0317  	0.13302  	0.54495  	-0.6784  	0.51307  	-0.1449  	-1.5392  	1.46925  	-0.2571  	0.55638  	-0.1346  	0.90124  	0.19206  	-0.0708  	-0.7957  	0.07422  	0.52703  	-0.2495  	-0.1467  	0.41467  	-0.0792  	0.15969  	0.10767  	0.05567  	0.12066  	-0.0162  	0.26984  	-0.0787  	0.02760  	-0.2979  	-0.2693  	0.31495  	0.25713  	0.08650  	-0.0960  	0.68404  	0.28362  	-0.1086  	0.00346  	0.08636  	0.08284  	-0.0888  	-0.0317  	-0.0252  	-0.0522  	-0.0445  	-0.0649  	-0.0609  	-0.0161  	-0.0093  	-0.0076  	0.00135  	0.00925  	-0.0063  	0.04260  	0.01892  	0.12530  	0.26328  	0.15896  	0.01620  	-0.0641  	0.30731  	
-0.8240  	0.41350  	-0.7997  	-2.0499  	-1.0752  	-2.1738  	1.32265  	0.06259  	-0.0317  	0.22219  	0.63655  	-0.6036  	0.51459  	-0.1821  	-1.5778  	1.41891  	-0.2993  	0.56186  	-0.1414  	0.89704  	0.18116  	-0.0241  	-0.7944  	0.04352  	0.48639  	-0.2445  	-0.1700  	0.44151  	-0.1037  	0.14702  	0.13065  	0.03356  	0.15110  	-0.0167  	0.26299  	-0.0958  	0.04449  	-0.3119  	-0.2660  	0.30968  	0.24728  	0.09352  	-0.0973  	0.67141  	0.29902  	-0.1088  	-0.0047  	0.08903  	0.07512  	-0.0739  	-0.0345  	-0.0197  	-0.0562  	-0.0512  	-0.0654  	-0.0599  	-0.0214  	-0.0148  	-0.0087  	-0.0014  	0.00875  	-0.0091  	0.04640  	0.02026  	0.12530  	0.26328  	0.15896  	0.01620  	-0.0641  	0.30731  	
-0.8638  	0.40267  	-0.8189  	-2.0935  	-1.0708  	-2.2749  	1.32426  	0.04250  	-0.0350  	0.30616  	0.70804  	-0.5982  	0.50341  	-0.2235  	-1.6559  	1.42484  	-0.3062  	0.54474  	-0.1526  	0.89747  	0.20545  	-0.0184  	-0.7985  	0.04196  	0.47487  	-0.2349  	-0.1867  	0.39991  	-0.1246  	0.14082  	0.14492  	0.02722  	0.15674  	-0.0252  	0.26326  	-0.0929  	0.06182  	-0.3248  	-0.2681  	0.29840  	0.24835  	0.09470  	-0.0989  	0.65781  	0.30158  	-0.0989  	-0.0158  	0.09332  	0.06653  	-0.0685  	-0.0397  	-0.0162  	-0.0576  	-0.0546  	-0.0665  	-0.0609  	-0.0219  	-0.0134  	-0.0102  	-0.0081  	0.00594  	-0.0075  	0.04782  	0.01755  	0.12530  	0.26328  	0.15896  	0.01620  	-0.0641  	0.30731  	
-0.7253  	0.44860  	-0.7103  	-2.1236  	-1.1355  	-2.2670  	1.25852  	0.15573  	-0.0242  	0.28034  	0.64476  	-0.6670  	0.49675  	-0.1534  	-1.7025  	1.40881  	-0.2756  	0.48731  	-0.0836  	0.82083  	0.26746  	-0.0873  	-0.7440  	0.08048  	0.55241  	-0.2341  	-0.1089  	0.30863  	-0.1012  	0.18101  	0.12883  	0.05053  	0.11590  	-0.0414  	0.26005  	-0.1068  	0.10474  	-0.3088  	-0.2597  	0.29930  	0.27025  	0.08035  	-0.1040  	0.68979  	0.29472  	-0.0948  	-0.0128  	0.08740  	0.05641  	-0.0688  	-0.0363  	-0.0255  	-0.0513  	-0.0484  	-0.0718  	-0.0604  	-0.0231  	-0.0107  	-0.0097  	0.00822  	0.00435  	0.00469  	0.04283  	0.01578  	0.12530  	0.26328  	0.15896  	0.01620  	-0.0641  	0.30731  	
-0.5172  	0.49675  	-0.5958  	-2.2352  	-1.2610  	-2.0261  	1.29294  	0.12086  	-0.0069  	0.26602  	0.42681  	-0.7493  	0.51216  	-0.1767  	-1.5965  	1.42516  	-0.2331  	0.51218  	-0.0959  	0.74944  	0.20907  	-0.0190  	-0.7230  	0.04499  	0.64686  	-0.2573  	-0.0504  	0.29833  	-0.0927  	0.20672  	0.16040  	0.07682  	0.09352  	-0.0449  	0.17893  	-0.0752  	0.07245  	-0.3013  	-0.2427  	0.36100  	0.32190  	0.06125  	-0.0636  	0.73345  	0.26953  	-0.1023  	-0.0107  	0.10930  	0.08513  	-0.0899  	-0.0304  	-0.0220  	-0.0502  	-0.0450  	-0.0664  	-0.0665  	-0.0228  	-0.0138  	-0.0124  	0.00511  	0.01775  	0.01060  	0.04824  	0.02036  	0.12530  	0.26328  	0.15896  	0.01620  	-0.0641  	0.30731  	
-0.6021  	0.50414  	-0.6095  	-2.2799  	-1.2722  	-1.9964  	1.29710  	0.06912  	-0.0324  	0.21635  	0.34156  	-0.7739  	0.50047  	-0.2784  	-1.6884  	1.48321  	-0.2412  	0.57444  	-0.0202  	0.80973  	0.14014  	-0.0177  	-0.6981  	-0.0251  	0.57393  	-0.2385  	-0.1676  	0.46697  	0.00783  	0.18813  	0.17785  	0.09194  	0.06911  	-0.0466  	0.07345  	-0.0984  	0.02367  	-0.3146  	-0.2236  	0.33297  	0.36981  	0.04303  	-0.0287  	0.72286  	0.28232  	-0.1110  	-0.0173  	0.10692  	0.08086  	-0.0937  	-0.0451  	-0.0213  	-0.0601  	-0.0554  	-0.0745  	-0.0663  	-0.0250  	-0.0212  	-0.0102  	0.00493  	0.01708  	0.00725  	0.04545  	0.02106  	0.12530  	0.26328  	0.15896  	0.01620  	-0.0641  	0.30731  	
-0.7608  	0.48799  	-0.7017  	-2.2140  	-1.1884  	-2.1680  	1.32836  	0.00296  	-0.0713  	0.28209  	0.49795  	-0.6984  	0.50449  	-0.2639  	-1.6895  	1.40588  	-0.2819  	0.52192  	-0.1327  	0.83931  	0.07615  	-0.0391  	-0.7759  	0.04675  	0.65840  	-0.2449  	-0.0950  	0.38868  	0.02097  	0.19669  	0.12832  	0.06049  	0.11156  	-0.0269  	0.15201  	-0.0368  	0.00896  	-0.3223  	-0.2224  	0.37007  	0.28852  	0.09155  	-0.0722  	0.72293  	0.29639  	-0.1077  	-0.0157  	0.09125  	0.07563  	-0.0855  	-0.0321  	-0.0230  	-0.0542  	-0.0457  	-0.0679  	-0.0680  	-0.0157  	-0.0129  	-0.0100  	0.00680  	0.01574  	0.00030  	0.05167  	0.02173  	0.12530  	0.26328  	0.15896  	0.01620  	-0.0641  	0.30731  	
-0.7044  	0.46490  	-0.7337  	-2.1126  	-1.1228  	-2.1354  	1.27947  	0.08677  	-0.0547  	0.19664  	0.55775  	-0.6875  	0.50370  	-0.2138  	-1.5861  	1.43512  	-0.2514  	0.46356  	-0.1187  	0.81761  	0.23874  	-0.0541  	-0.7411  	0.10554  	0.58527  	-0.2518  	-0.0023  	0.31093  	-0.0994  	0.21796  	0.10405  	0.07085  	0.09728  	-0.0339  	0.26237  	-0.0747  	0.09524  	-0.2985  	-0.2762  	0.32539  	0.27620  	0.08752  	-0.1047  	0.70612  	0.30004  	-0.0996  	-0.0039  	0.07074  	0.06852  	-0.0734  	-0.0357  	-0.0271  	-0.0486  	-0.0415  	-0.0694  	-0.0623  	-0.0173  	-0.0088  	-0.0058  	0.00833  	0.01136  	-0.0021  	0.04014  	0.01773  	0.12530  	0.26328  	0.15896  	0.01620  	-0.0641  	0.30731  	
-0.3370  	0.58133  	-0.4749  	-1.8538  	-1.0301  	-2.0152  	1.25742  	0.22518  	0.00782  	0.12999  	0.42339  	-0.5691  	0.58834  	0.10122  	-1.2826  	1.52462  	-0.2514  	0.45242  	-0.0815  	0.77731  	0.36218  	-0.0532  	-0.7912  	0.18603  	0.48796  	-0.2589  	-0.0265  	0.27378  	-0.2076  	0.16593  	0.11258  	0.09414  	0.11846  	-0.0514  	0.29244  	-0.1842  	0.11653  	-0.2917  	-0.2820  	0.38719  	0.22097  	0.09025  	-0.0775  	0.69239  	0.30441  	-0.1019  	-0.0035  	0.09439  	0.07583  	-0.0807  	-0.0386  	-0.0254  	-0.0585  	-0.0457  	-0.0796  	-0.0713  	-0.0226  	-0.0169  	-0.0087  	0.01090  	-0.0014  	0.00261  	0.03338  	0.01782  	0.12530  	0.26328  	0.15896  	0.01620  	-0.0641  	0.30731  	
0.11714  	0.70735  	-0.2650  	-1.6349  	-0.9853  	-1.6020  	1.28118  	0.26349  	0.03981  	0.05816  	-0.0504  	-0.7486  	0.72845  	0.28333  	-1.0222  	1.46147  	-0.2143  	0.36584  	-0.0699  	0.52683  	0.28975  	0.10927  	-0.6319  	0.13737  	0.69254  	-0.2858  	0.18498  	0.03391  	-0.1349  	0.29549  	0.10905  	0.09991  	0.08748  	-0.0554  	0.33591  	-0.1650  	0.16063  	-0.2563  	-0.2865  	0.34757  	0.23337  	0.06278  	-0.0340  	0.73945  	0.25704  	-0.1056  	-0.0132  	0.14551  	0.09832  	-0.0856  	-0.0489  	-0.0221  	-0.0445  	-0.0381  	-0.0717  	-0.0502  	-0.0406  	-0.0203  	-0.0133  	0.01387  	0.00717  	0.00077  	0.04897  	0.00822  	0.12530  	0.26328  	0.15896  	0.01620  	-0.0641  	0.30731  	
0.03784  	0.69069  	-0.3096  	-1.6330  	-0.9419  	-1.7216  	1.39674  	0.25998  	-0.0006  	0.10659  	0.02019  	-0.8947  	0.72504  	0.39672  	-1.0554  	1.40491  	-0.2555  	0.35425  	-0.1009  	0.58316  	0.25835  	0.10609  	-0.7654  	0.16206  	0.78691  	-0.3141  	0.24725  	0.04730  	-0.1043  	0.30825  	0.09757  	0.13061  	0.10159  	-0.0474  	0.40436  	-0.1431  	0.16596  	-0.2944  	-0.2832  	0.36516  	0.19983  	0.07272  	-0.0873  	0.73250  	0.26999  	-0.1013  	-0.0143  	0.13301  	0.09493  	-0.0813  	-0.0215  	-0.0227  	-0.0570  	-0.0484  	-0.0673  	-0.0497  	-0.0352  	-0.0162  	-0.0097  	0.01253  	0.01056  	0.00781  	0.04314  	0.00153  	0.12530  	0.26328  	0.15896  	0.01620  	-0.0641  	0.30731  	
-0.5630  	0.50362  	-0.6670  	-1.9897  	-1.1115  	-2.0555  	1.30857  	0.06157  	-0.0192  	0.17960  	0.53237  	-0.6521  	0.52049  	-0.1003  	-1.3797  	1.44358  	-0.2688  	0.42117  	-0.1065  	0.76891  	0.35679  	-0.0346  	-0.7590  	0.19631  	0.54296  	-0.2562  	0.03696  	0.15345  	-0.2527  	0.17965  	0.12054  	0.12555  	0.09921  	-0.0332  	0.34886  	-0.1355  	0.21882  	-0.2509  	-0.3551  	0.34744  	0.23521  	0.07642  	-0.1304  	0.69318  	0.28655  	-0.0996  	-0.0034  	0.07065  	0.07799  	-0.0788  	-0.0358  	-0.0233  	-0.0504  	-0.0323  	-0.0804  	-0.0658  	-0.0200  	-0.0095  	-0.0030  	0.00595  	0.00907  	-0.0077  	0.04243  	0.01225  	0.12530  	0.26328  	0.15896  	0.01620  	-0.0641  	0.30731  	
-0.7489  	0.47195  	-0.6133  	-2.2540  	-1.1743  	-2.1508  	1.27349  	0.02912  	-0.0406  	0.22471  	0.61167  	-0.7473  	0.44514  	-0.2704  	-1.6769  	1.47103  	-0.2817  	0.46990  	-0.1008  	0.75657  	0.25132  	-0.0343  	-0.7495  	0.12204  	0.52076  	-0.2484  	-0.0317  	0.26255  	-0.1726  	0.15751  	0.10079  	0.08087  	0.07871  	-0.0279  	0.28161  	-0.0519  	0.15089  	-0.2645  	-0.3222  	0.30770  	0.28330  	0.06710  	-0.0977  	0.68014  	0.28001  	-0.1003  	0.00070  	0.06573  	0.05896  	-0.0775  	-0.0351  	-0.0214  	-0.0430  	-0.0383  	-0.0685  	-0.0650  	-0.0163  	-0.0091  	-0.0099  	0.00816  	0.01063  	-0.0040  	0.04751  	0.01720  	0.12530  	0.26328  	0.15896  	0.01620  	-0.0641  	0.30731  	
-0.7639  	0.46191  	-0.6921  	-2.3260  	-1.2438  	-2.1376  	1.32162  	-0.0310  	-0.0622  	0.24463  	0.56571  	-0.8169  	0.46762  	-0.3195  	-1.8025  	1.47385  	-0.2545  	0.55015  	-0.1117  	0.77385  	0.13605  	-0.0436  	-0.7083  	0.03266  	0.58374  	-0.2336  	-0.1289  	0.35719  	-0.0273  	0.16709  	0.11251  	0.08447  	0.08230  	-0.0330  	0.15554  	-0.0150  	0.06338  	-0.2763  	-0.2734  	0.30066  	0.33459  	0.07228  	-0.0578  	0.70420  	0.28583  	-0.1056  	-0.0055  	0.09599  	0.05979  	-0.0799  	-0.0421  	-0.0202  	-0.0377  	-0.0407  	-0.0650  	-0.0680  	-0.0176  	-0.0084  	-0.0044  	0.00312  	0.01352  	-0.0074  	0.04524  	0.01636  	0.12530  	0.26328  	0.15896  	0.01620  	-0.0641  	0.30731  	
-0.8222  	0.43675  	-0.7004  	-2.2682  	-1.2107  	-2.1523  	1.32792  	-0.0503  	-0.0665  	0.23549  	0.54095  	-0.7844  	0.47948  	-0.3618  	-1.7474  	1.47835  	-0.2584  	0.53430  	-0.1150  	0.80806  	0.11315  	-0.0342  	-0.7060  	0.02925  	0.56511  	-0.2271  	-0.1534  	0.38094  	-0.0324  	0.15999  	0.12437  	0.08375  	0.07961  	-0.0217  	0.13409  	-0.0347  	0.04427  	-0.2905  	-0.2686  	0.30438  	0.34551  	0.06323  	-0.0592  	0.70345  	0.28750  	-0.1087  	-0.0045  	0.08740  	0.06285  	-0.0843  	-0.0476  	-0.0223  	-0.0406  	-0.0410  	-0.0656  	-0.0713  	-0.0170  	-0.0110  	-0.0057  	0.00216  	0.01436  	-0.0039  	0.04778  	0.01719  	0.12530  	0.26328  	0.15896  	0.01620  	-0.0641  	0.30731  	
-0.7896  	0.41451  	-0.7564  	-2.1515  	-1.1739  	-2.1635  	1.28870  	-0.0028  	-0.0472  	0.19974  	0.55873  	-0.7077  	0.48599  	-0.3082  	-1.6425  	1.47191  	-0.2481  	0.52397  	-0.1154  	0.82831  	0.18340  	-0.0545  	-0.7293  	0.05358  	0.56324  	-0.2411  	-0.1147  	0.36368  	-0.0952  	0.17648  	0.10227  	0.08366  	0.08210  	-0.0274  	0.20860  	-0.0521  	0.07327  	-0.2839  	-0.2813  	0.30727  	0.29299  	0.06916  	-0.0942  	0.68920  	0.29043  	-0.1052  	-0.0058  	0.08044  	0.06596  	-0.0798  	-0.0390  	-0.0266  	-0.0470  	-0.0413  	-0.0656  	-0.0662  	-0.0133  	-0.0101  	-0.0071  	0.00205  	0.01147  	-0.0051  	0.05003  	0.02083  	0.12530  	0.26328  	0.15896  	0.01620  	-0.0641  	0.30731  	
-0.7535  	0.42372  	-0.7715  	-2.1705  	-1.1387  	-2.1958  	1.28850  	0.04002  	-0.0456  	0.20398  	0.63818  	-0.6964  	0.48455  	-0.2744  	-1.5880  	1.43500  	-0.2682  	0.49322  	-0.1212  	0.84696  	0.27734  	-0.0571  	-0.7600  	0.06981  	0.53050  	-0.2382  	-0.0774  	0.32581  	-0.1582  	0.16854  	0.11573  	0.06905  	0.10621  	-0.0248  	0.27948  	-0.1030  	0.13351  	-0.2845  	-0.2885  	0.29337  	0.25284  	0.07671  	-0.0986  	0.69214  	0.29414  	-0.1071  	-0.0062  	0.07275  	0.06738  	-0.0776  	-0.0313  	-0.0257  	-0.0531  	-0.0421  	-0.0696  	-0.0579  	-0.0189  	-0.0133  	-0.0095  	0.00714  	0.00971  	-0.0101  	0.04729  	0.02129  	0.12530  	0.26328  	0.15896  	0.01620  	-0.0641  	0.30731  	
-0.6821  	0.48474  	-0.7110  	-2.1770  	-1.1822  	-2.1629  	1.25994  	0.10594  	-0.0333  	0.22233  	0.57320  	-0.6778  	0.49485  	-0.2078  	-1.6363  	1.42528  	-0.2376  	0.47981  	-0.1006  	0.81141  	0.26104  	-0.0438  	-0.7369  	0.07209  	0.58121  	-0.2513  	-0.0732  	0.30797  	-0.1309  	0.16918  	0.10606  	0.07253  	0.10415  	-0.0374  	0.21933  	-0.0850  	0.11226  	-0.2873  	-0.2383  	0.29859  	0.26573  	0.07042  	-0.0981  	0.69552  	0.28970  	-0.0970  	-0.0049  	0.07675  	0.06606  	-0.0799  	-0.0325  	-0.0220  	-0.0483  	-0.0400  	-0.0710  	-0.0647  	-0.0213  	-0.0088  	-0.0040  	0.01040  	0.00964  	-0.0085  	0.04663  	0.01954  	0.12530  	0.26328  	0.15896  	0.01620  	-0.0641  	0.30731  	
-0.5604  	0.51754  	-0.5426  	-2.2147  	-1.2782  	-1.9856  	1.29683  	0.09268  	-0.0212  	0.21426  	0.40220  	-0.7439  	0.52153  	-0.2309  	-1.5853  	1.46028  	-0.2297  	0.51268  	-0.0813  	0.74481  	0.19828  	0.01336  	-0.6866  	0.02881  	0.61994  	-0.2606  	-0.0224  	0.28258  	-0.0387  	0.19171  	0.12543  	0.07757  	0.07546  	-0.0419  	0.14460  	-0.0760  	0.08450  	-0.2729  	-0.2508  	0.35368  	0.33573  	0.03752  	-0.0440  	0.72256  	0.29218  	-0.1062  	-0.0012  	0.09425  	0.06898  	-0.0831  	-0.0388  	-0.0230  	-0.0421  	-0.0439  	-0.0676  	-0.0712  	-0.0201  	-0.0167  	-0.0046  	0.01590  	0.01092  	-0.0073  	0.04969  	0.01969  	0.12530  	0.26328  	0.15896  	0.01620  	-0.0641  	0.30731  	
-0.4317  	0.53510  	-0.5260  	-2.0344  	-1.2123  	-1.8848  	1.27131  	0.04653  	-0.0169  	0.16001  	0.30131  	-0.7115  	0.50823  	-0.3096  	-1.6096  	1.53000  	-0.2445  	0.52654  	-0.0871  	0.77617  	0.12017  	-0.0265  	-0.7137  	-0.0415  	0.58470  	-0.2335  	-0.0980  	0.39908  	0.00038  	0.18326  	0.13596  	0.10961  	0.07642  	-0.0236  	0.07647  	-0.0640  	0.04792  	-0.2669  	-0.2263  	0.33384  	0.37040  	0.02651  	-0.0021  	0.74003  	0.27617  	-0.1107  	-0.0133  	0.10175  	0.06997  	-0.0827  	-0.0418  	-0.0217  	-0.0443  	-0.0452  	-0.0625  	-0.0713  	-0.0211  	-0.0152  	-0.0061  	0.00363  	0.01047  	0.00318  	0.05091  	0.01743  	0.12530  	0.26328  	0.15896  	0.01620  	-0.0641  	0.30731  	
-0.4852  	0.53821  	-0.5587  	-2.1337  	-1.2333  	-1.9194  	1.25298  	0.01335  	-0.0405  	0.18126  	0.35836  	-0.6972  	0.49142  	-0.3763  	-1.7425  	1.54492  	-0.2570  	0.55238  	-0.0900  	0.79169  	0.06615  	-0.0370  	-0.7348  	-0.0548  	0.57687  	-0.2291  	-0.1453  	0.46354  	0.04503  	0.17556  	0.13028  	0.09092  	0.05823  	-0.0289  	0.07531  	-0.0097  	0.02757  	-0.2930  	-0.2235  	0.34471  	0.37504  	0.03854  	-0.0077  	0.74895  	0.27715  	-0.1092  	-0.0051  	0.09928  	0.07024  	-0.0804  	-0.0356  	-0.0228  	-0.0440  	-0.0462  	-0.0604  	-0.0688  	-0.0179  	-0.0062  	-0.0052  	0.00275  	0.01301  	0.00030  	0.05014  	0.02079  	0.12530  	0.26328  	0.15896  	0.01620  	-0.0641  	0.30731  	
-0.5986  	0.46975  	-0.5963  	-2.2752  	-1.2931  	-1.9959  	1.30379  	-0.0041  	-0.0710  	0.20843  	0.47527  	-0.8020  	0.44472  	-0.3969  	-1.7605  	1.53911  	-0.2399  	0.49916  	-0.0930  	0.71381  	0.12519  	-0.0469  	-0.7239  	0.01450  	0.62744  	-0.2333  	-0.0423  	0.35256  	-0.0152  	0.19166  	0.11658  	0.09727  	0.03803  	-0.0441  	0.14134  	-0.0028  	0.09430  	-0.2654  	-0.2844  	0.29619  	0.36671  	0.06365  	-0.0330  	0.73253  	0.28413  	-0.1080  	-0.0026  	0.08843  	0.06298  	-0.0784  	-0.0371  	-0.0174  	-0.0423  	-0.0411  	-0.0649  	-0.0647  	-0.0213  	-0.0098  	-0.0101  	0.00430  	0.01229  	-0.0065  	0.04617  	0.02259  	0.12530  	0.26328  	0.15896  	0.01620  	-0.0641  	0.30731  	
-0.6448  	0.47896  	-0.6094  	-2.2301  	-1.2763  	-2.0196  	1.29674  	0.02525  	-0.0462  	0.23785  	0.43756  	-0.7668  	0.43700  	-0.3715  	-1.7550  	1.52974  	-0.2381  	0.50080  	-0.0694  	0.70966  	0.08150  	-0.0184  	-0.6628  	0.00961  	0.57318  	-0.2180  	-0.0880  	0.35435  	0.01542  	0.18064  	0.11804  	0.08934  	0.05672  	-0.0394  	0.08720  	-0.0347  	0.06456  	-0.2566  	-0.2611  	0.31998  	0.37873  	0.05486  	-0.0171  	0.74930  	0.27978  	-0.1114  	-0.0041  	0.09911  	0.07367  	-0.0902  	-0.0348  	-0.0199  	-0.0485  	-0.0392  	-0.0603  	-0.0739  	-0.0223  	-0.0089  	-0.0063  	0.01063  	0.01479  	-0.0068  	0.04487  	0.02468  	0.12530  	0.26328  	0.15896  	0.01620  	-0.0641  	0.30731  	
-0.5813  	0.52177  	-0.5673  	-2.1327  	-1.2418  	-1.9696  	1.29704  	0.04235  	-0.0390  	0.17190  	0.35071  	-0.7098  	0.51486  	-0.2980  	-1.6808  	1.53311  	-0.2207  	0.51022  	-0.0871  	0.75415  	0.08076  	0.00399  	-0.6696  	-0.0270  	0.57558  	-0.2190  	-0.1234  	0.42920  	0.02693  	0.19019  	0.13578  	0.09560  	0.06101  	-0.0209  	0.06117  	-0.0406  	0.03029  	-0.2706  	-0.2248  	0.30834  	0.38104  	0.04284  	-0.0175  	0.73377  	0.26798  	-0.1127  	-0.0073  	0.11786  	0.07370  	-0.0870  	-0.0369  	-0.0208  	-0.0471  	-0.0472  	-0.0592  	-0.0706  	-0.0170  	-0.0136  	-0.0034  	0.00447  	0.01602  	0.00357  	0.05446  	0.02655  	0.12530  	0.26328  	0.15896  	0.01620  	-0.0641  	0.30731  	
-0.5753  	0.50620  	-0.6181  	-2.1348  	-1.2220  	-2.0034  	1.27897  	0.02660  	-0.0561  	0.16582  	0.33096  	-0.7179  	0.50148  	-0.3534  	-1.7008  	1.53877  	-0.2361  	0.56664  	-0.0899  	0.75003  	0.05454  	-0.0588  	-0.6545  	-0.0499  	0.58027  	-0.2216  	-0.1311  	0.45687  	0.05091  	0.20228  	0.11634  	0.10660  	0.06416  	-0.0364  	0.08064  	-0.0242  	0.01477  	-0.2804  	-0.2381  	0.34480  	0.37726  	0.04301  	-0.0304  	0.74512  	0.27963  	-0.1071  	-0.0064  	0.11691  	0.06408  	-0.0905  	-0.0330  	-0.0210  	-0.0423  	-0.0462  	-0.0616  	-0.0648  	-0.0132  	-0.0156  	-0.0028  	0.00619  	0.01670  	-0.0010  	0.04055  	0.02236  	0.12530  	0.26328  	0.15896  	0.01620  	-0.0641  	0.30731  	
-0.6679  	0.50543  	-0.5849  	-2.2394  	-1.2623  	-2.0928  	1.28301  	0.01453  	-0.0670  	0.25440  	0.46146  	-0.7841  	0.44839  	-0.3483  	-1.7504  	1.52479  	-0.2572  	0.51669  	-0.0791  	0.75618  	0.11236  	-0.0616  	-0.7421  	-0.0184  	0.60924  	-0.2458  	-0.0966  	0.37811  	-0.0181  	0.20340  	0.12679  	0.08997  	0.05621  	-0.0266  	0.14429  	0.00694  	0.06221  	-0.2909  	-0.2508  	0.31167  	0.35119  	0.06517  	-0.0458  	0.72228  	0.28144  	-0.1026  	-0.0028  	0.09600  	0.06751  	-0.0777  	-0.0305  	-0.0213  	-0.0449  	-0.0445  	-0.0668  	-0.0664  	-0.0211  	-0.0089  	-0.0081  	0.00199  	0.01089  	-0.0076  	0.04642  	0.02319  	0.12530  	0.26328  	0.15896  	0.01620  	-0.0641  	0.30731  	
-0.3836  	0.52360  	-0.5402  	-1.8665  	-1.0171  	-1.8844  	1.24266  	0.23291  	-0.0354  	0.07880  	0.46703  	-0.5742  	0.55948  	-0.0976  	-1.3638  	1.60952  	-0.2488  	0.49751  	-0.0750  	0.79990  	0.31765  	-0.0936  	-0.8117  	0.15904  	0.47942  	-0.2565  	-0.0095  	0.29090  	-0.1768  	0.14672  	0.08716  	0.11003  	0.10790  	-0.0702  	0.32409  	-0.1223  	0.14015  	-0.2805  	-0.2754  	0.37949  	0.24167  	0.06339  	-0.0786  	0.69780  	0.29188  	-0.1059  	0.01087  	0.08786  	0.06847  	-0.0729  	-0.0311  	-0.0291  	-0.0507  	-0.0449  	-0.0626  	-0.0659  	-0.0191  	-0.0289  	-0.0023  	0.01567  	0.00069  	-0.0014  	0.03444  	0.01645  	0.12530  	0.26328  	0.15896  	0.01620  	-0.0641  	0.30731  	
0.08766  	0.67907  	-0.2766  	-1.6415  	-1.0045  	-1.6586  	1.32529  	0.21065  	0.00870  	0.13894  	0.00751  	-0.6923  	0.68640  	0.21759  	-1.0488  	1.49861  	-0.2505  	0.39774  	-0.0880  	0.58324  	0.28484  	0.06254  	-0.6968  	0.18021  	0.59875  	-0.2780  	0.13189  	0.05458  	-0.1612  	0.25074  	0.09936  	0.12922  	0.08296  	-0.0290  	0.35702  	-0.1391  	0.16197  	-0.2735  	-0.2756  	0.36498  	0.21275  	0.07168  	-0.0538  	0.73653  	0.26490  	-0.1044  	-0.0163  	0.12854  	0.07981  	-0.0836  	-0.0263  	-0.0250  	-0.0495  	-0.0426  	-0.0640  	-0.0509  	-0.0264  	-0.0136  	-0.0116  	0.00521  	0.00503  	0.00526  	0.03198  	0.01557  	0.12530  	0.26328  	0.15896  	0.01620  	-0.0641  	0.30731  	
0.07703  	0.69899  	-0.2808  	-1.6268  	-1.0384  	-1.6863  	1.37498  	0.19087  	-0.0099  	0.14426  	0.06863  	-0.8178  	0.71780  	0.16843  	-1.1190  	1.44135  	-0.2419  	0.38608  	-0.0835  	0.56163  	0.28418  	0.10236  	-0.6463  	0.10900  	0.69151  	-0.2855  	0.14424  	0.06201  	-0.1033  	0.27969  	0.09933  	0.11520  	0.06178  	-0.0328  	0.33250  	-0.1314  	0.16383  	-0.2543  	-0.2735  	0.32645  	0.24920  	0.07985  	-0.0291  	0.74615  	0.25161  	-0.1048  	-0.0229  	0.14193  	0.09696  	-0.0911  	-0.0275  	-0.0184  	-0.0427  	-0.0425  	-0.0580  	-0.0437  	-0.0252  	-0.0174  	-0.0122  	0.00857  	0.01253  	-0.0016  	0.03839  	0.00402  	0.12530  	0.26328  	0.15896  	0.01620  	-0.0641  	0.30731  	
-0.0370  	0.64819  	-0.3190  	-1.8088  	-1.0702  	-1.7293  	1.30746  	0.20448  	-0.0225  	0.13780  	0.30768  	-0.7542  	0.56906  	-0.0589  	-1.3541  	1.53756  	-0.2315  	0.39274  	-0.0484  	0.63327  	0.35238  	0.07747  	-0.7196  	0.17316  	0.65677  	-0.3124  	0.17426  	0.07886  	-0.2079  	0.21595  	0.06288  	0.13765  	0.03215  	-0.0339  	0.40275  	-0.0785  	0.25342  	-0.2313  	-0.3497  	0.31678  	0.22781  	0.10011  	-0.0832  	0.72088  	0.27076  	-0.1050  	-0.0173  	0.11327  	0.09078  	-0.0712  	-0.0314  	-0.0198  	-0.0450  	-0.0297  	-0.0608  	-0.0568  	-0.0246  	-0.0133  	-0.0157  	0.01361  	0.00305  	-0.0051  	0.04136  	0.01177  	0.12530  	0.26328  	0.15896  	0.01620  	-0.0641  	0.30731  	
-0.2346  	0.57717  	-0.3991  	-1.8811  	-1.0917  	-1.8315  	1.32632  	0.02664  	-0.0329  	0.20868  	0.35492  	-0.7001  	0.47234  	-0.3088  	-1.6608  	1.71446  	-0.2950  	0.53172  	-0.0910  	0.76816  	0.07764  	-0.0305  	-0.8324  	0.01133  	0.66043  	-0.3036  	-0.0485  	0.42230  	0.03310  	0.23496  	0.04748  	0.13488  	0.04500  	-0.0290  	0.21218  	0.04969  	0.06346  	-0.2735  	-0.2501  	0.36397  	0.31457  	0.06968  	-0.0399  	0.72579  	0.27796  	-0.0991  	-0.0148  	0.10921  	0.08723  	-0.0951  	-0.0221  	-0.0230  	-0.0374  	-0.0469  	-0.0528  	-0.0626  	-0.0135  	-0.0101  	-0.0080  	0.01515  	0.00680  	-0.0152  	0.05395  	0.02301  	0.12530  	0.26328  	0.15896  	0.01620  	-0.0641  	0.30731  	
-0.3451  	0.52918  	-0.5132  	-2.0149  	-1.1732  	-1.9091  	1.31730  	0.03710  	-0.0430  	0.21548  	0.35162  	-0.7411  	0.49814  	-0.3214  	-1.7104  	1.64773  	-0.2960  	0.58106  	-0.0953  	0.76836  	0.06159  	-0.0315  	-0.7999  	0.00676  	0.68008  	-0.2701  	-0.0938  	0.46365  	0.06130  	0.21669  	0.07061  	0.12133  	0.04355  	-0.0442  	0.17361  	0.05666  	0.03244  	-0.2886  	-0.2466  	0.38425  	0.32591  	0.06142  	-0.0355  	0.73190  	0.27209  	-0.1115  	-0.0110  	0.09804  	0.07481  	-0.0873  	-0.0183  	-0.0275  	-0.0391  	-0.0434  	-0.0554  	-0.0652  	-0.0123  	-0.0135  	-0.0014  	0.01506  	0.00319  	-0.0054  	0.04884  	0.02655  	0.12530  	0.26328  	0.15896  	0.01620  	-0.0641  	0.30731  	
-0.5539  	0.50301  	-0.5818  	-2.0792  	-1.2137  	-1.9447  	1.29617  	-0.0311  	-0.0746  	0.17658  	0.27912  	-0.7989  	0.46712  	-0.3447  	-1.6352  	1.55542  	-0.2321  	0.52062  	-0.0859  	0.71950  	0.09585  	-0.0420  	-0.7680  	0.05055  	0.73833  	-0.2766  	0.03677  	0.36423  	0.01578  	0.23215  	0.07965  	0.13143  	0.02994  	-0.0323  	0.19678  	0.04365  	0.07456  	-0.2541  	-0.2863  	0.36016  	0.31677  	0.06628  	-0.0451  	0.73356  	0.28344  	-0.1074  	-0.0128  	0.06972  	0.05898  	-0.0909  	-0.0230  	-0.0184  	-0.0366  	-0.0399  	-0.0576  	-0.0621  	-0.0095  	-0.0100  	0.00215  	0.01466  	0.00943  	-0.0150  	0.05233  	0.02214  	0.12530  	0.26328  	0.15896  	0.01620  	-0.0641  	0.30731  	
-0.4999  	0.49544  	-0.5660  	-2.1338  	-1.2593  	-1.9109  	1.26996  	0.03588  	-0.0724  	0.06196  	0.35635  	-0.8112  	0.42837  	-0.3542  	-1.5679  	1.47868  	-0.2299  	0.49447  	-0.0909  	0.73193  	0.15506  	-0.0002  	-0.6419  	0.04749  	0.64424  	-0.2480  	0.03584  	0.30287  	-0.0208  	0.20735  	0.09351  	0.12510  	0.03991  	-0.0416  	0.17086  	-0.0212  	0.14328  	-0.2313  	-0.3030  	0.30430  	0.34280  	0.05224  	-0.0602  	0.72597  	0.28635  	-0.1043  	-0.0068  	0.07855  	0.05750  	-0.0856  	-0.0422  	-0.0192  	-0.0338  	-0.0486  	-0.0580  	-0.0664  	-0.0189  	-0.0106  	-0.0018  	0.01209  	0.01113  	-0.0175  	0.04982  	0.02531  	0.12530  	0.26328  	0.15896  	0.01620  	-0.0641  	0.30731  	
-0.2890  	0.56625  	-0.5116  	-1.7604  	-1.0723  	-1.8154  	1.25315  	0.15856  	-0.0156  	0.03167  	0.24406  	-0.5882  	0.53877  	-0.1051  	-1.2872  	1.51354  	-0.2292  	0.47978  	-0.1052  	0.70287  	0.20091  	0.01915  	-0.7103  	0.11886  	0.58149  	-0.2468  	0.02397  	0.28332  	-0.0846  	0.20851  	0.09176  	0.11616  	0.10047  	-0.0399  	0.22290  	-0.1188  	0.13151  	-0.2672  	-0.3054  	0.34144  	0.28361  	0.07940  	-0.0430  	0.71999  	0.28264  	-0.1073  	-0.0026  	0.08113  	0.06944  	-0.0811  	-0.0309  	-0.0225  	-0.0473  	-0.0446  	-0.0643  	-0.0597  	-0.0151  	-0.0121  	0.00118  	0.00217  	0.00872  	0.00585  	0.04328  	0.01578  	0.12530  	0.26328  	0.15896  	0.01620  	-0.0641  	0.30731  	
0.10121  	0.70965  	-0.2903  	-1.4621  	-0.9325  	-1.5841  	1.30944  	0.22730  	0.04093  	0.07767  	0.00218  	-0.7066  	0.71270  	0.27051  	-0.9808  	1.50940  	-0.2265  	0.44353  	-0.1023  	0.63956  	0.23517  	0.05603  	-0.7241  	0.10048  	0.71119  	-0.3018  	0.06141  	0.24272  	-0.0259  	0.30053  	0.04424  	0.11401  	0.08689  	-0.0327  	0.32233  	-0.1218  	0.09728  	-0.2985  	-0.2408  	0.37011  	0.21978  	0.08026  	-0.0445  	0.71885  	0.26980  	-0.1059  	-0.0180  	0.13345  	0.10364  	-0.0897  	-0.0229  	-0.0323  	-0.0427  	-0.0493  	-0.0634  	-0.0442  	-0.0207  	-0.0185  	-0.0047  	0.01911  	0.00914  	-0.0009  	0.04509  	0.01076  	0.12530  	0.26328  	0.15896  	0.01620  	-0.0641  	0.30731  	
-0.0084  	0.67827  	-0.3968  	-1.5377  	-0.9273  	-1.7129  	1.35606  	0.18834  	0.05199  	0.10003  	0.07370  	-0.7100  	0.69088  	0.23279  	-1.1747  	1.54491  	-0.2939  	0.45884  	-0.0830  	0.68673  	0.25456  	0.06135  	-0.7759  	0.08805  	0.68815  	-0.3290  	0.06268  	0.20607  	-0.0401  	0.30328  	0.05473  	0.12140  	0.10020  	-0.0211  	0.33621  	-0.1157  	0.10441  	-0.2793  	-0.2721  	0.36991  	0.25548  	0.07814  	-0.0556  	0.71800  	0.27190  	-0.1039  	-0.0110  	0.12404  	0.09440  	-0.0955  	-0.0229  	-0.0287  	-0.0456  	-0.0477  	-0.0637  	-0.0490  	-0.0257  	-0.0134  	-0.0039  	0.01391  	0.00522  	-0.0019  	0.03643  	0.01469  	0.12530  	0.26328  	0.15896  	0.01620  	-0.0641  	0.30731  	
-0.1667  	0.55199  	-0.4624  	-1.6060  	-0.9023  	-1.8182  	1.34278  	0.11539  	-0.0018  	0.13098  	0.17441  	-0.6114  	0.63241  	0.10625  	-1.1940  	1.59284  	-0.2844  	0.45863  	-0.1319  	0.74450  	0.30433  	0.01774  	-0.7936  	0.10995  	0.64075  	-0.2912  	0.05098  	0.25894  	-0.0817  	0.25581  	0.08509  	0.11004  	0.07768  	-0.0150  	0.32975  	-0.1181  	0.15480  	-0.2854  	-0.2887  	0.35292  	0.22726  	0.08544  	-0.0498  	0.70140  	0.28885  	-0.1000  	-0.0098  	0.10073  	0.08610  	-0.0859  	-0.0398  	-0.0322  	-0.0471  	-0.0459  	-0.0633  	-0.0513  	-0.0168  	-0.0191  	0.00082  	0.00940  	0.00824  	-0.0032  	0.03945  	0.02082  	0.12530  	0.26328  	0.15896  	0.01620  	-0.0641  	0.30731  	
-0.4634  	0.53239  	-0.4417  	-2.0806  	-1.1772  	-1.9385  	1.25559  	0.12620  	-0.0505  	0.10524  	0.38466  	-0.7217  	0.54564  	-0.3027  	-1.5339  	1.46332  	-0.1640  	0.37310  	-0.0007  	0.50648  	0.31243  	-0.2689  	-0.9623  	0.09192  	0.54876  	-0.1673  	-0.0200  	0.20087  	0.00603  	0.16815  	0.20666  	0.05486  	-0.0431  	-0.1976  	0.14013  	-0.0861  	0.05076  	-0.2591  	-0.4129  	0.25516  	0.36329  	0.19007  	-0.1772  	0.79691  	0.22054  	-0.0835  	-0.0250  	0.10666  	0.05394  	-0.1032  	-0.0362  	-0.0222  	-0.0432  	-0.0239  	-0.0599  	-0.0704  	-0.0158  	-0.0213  	0.00149  	0.02141  	0.00999  	-0.0171  	0.02685  	0.02164  	0.12530  	0.26328  	0.15896  	0.01620  	-0.0641  	0.30731  	
-0.4829  	0.52634  	-0.4507  	-2.0078  	-1.1838  	-1.9504  	1.22248  	0.14427  	-0.0758  	0.07068  	0.45611  	-0.7424  	0.54335  	-0.4287  	-1.5094  	1.45818  	-0.0741  	0.20093  	0.05079  	0.26128  	0.35489  	-0.4349  	-1.1647  	0.05735  	0.52026  	-0.0802  	-0.0056  	0.13486  	0.08115  	0.15686  	0.28774  	0.03166  	-0.1427  	-0.3346  	0.08227  	-0.0715  	-0.0153  	-0.2622  	-0.4983  	0.17434  	0.46162  	0.29741  	-0.2774  	0.85996  	0.17498  	-0.0700  	-0.0472  	0.12700  	0.03237  	-0.1060  	-0.0231  	-0.0100  	-0.0358  	-0.0099  	-0.0517  	-0.0695  	-0.0201  	-0.0298  	-0.0001  	0.02206  	0.01614  	-0.0200  	0.02007  	0.02325  	0.12530  	0.26328  	0.15896  	0.01620  	-0.0641  	0.30731  	
-0.3115  	0.57461  	-0.4503  	-1.7424  	-1.0216  	-1.9525  	1.22216  	0.12377  	-0.0809  	0.02152  	0.36469  	-0.6923  	0.60416  	-0.3682  	-1.3946  	1.46595  	-0.0561  	0.15494  	0.07308  	0.25265  	0.29222  	-0.4945  	-1.3358  	0.06630  	0.61020  	-0.0806  	0.05921  	0.18759  	0.15335  	0.21776  	0.27056  	0.03887  	-0.1649  	-0.3548  	0.12059  	-0.0553  	-0.0618  	-0.2624  	-0.5286  	0.17887  	0.41135  	0.33660  	-0.3197  	0.88750  	0.16694  	-0.0785  	-0.0568  	0.15274  	0.04430  	-0.1256  	-0.0074  	-0.0090  	-0.0420  	-0.0072  	-0.0526  	-0.0602  	-0.0125  	-0.0362  	0.00915  	0.03350  	0.01190  	-0.0352  	0.03181  	0.01652  	0.12530  	0.26328  	0.15896  	0.01620  	-0.0641  	0.30731  	
-0.1844  	0.61445  	-0.5032  	-1.3950  	-0.7788  	-1.7678  	1.23872  	0.24923  	-0.0414  	-0.0042  	0.17564  	-0.5618  	0.70217  	-0.1066  	-1.1184  	1.54345  	-0.0897  	0.18947  	0.02984  	0.33275  	0.28055  	-0.4274  	-1.3705  	0.09757  	0.66051  	-0.1042  	0.00653  	0.26820  	0.20137  	0.27214  	0.25931  	0.00371  	-0.1126  	-0.3091  	0.18182  	-0.1009  	-0.1410  	-0.3123  	-0.4518  	0.22126  	0.32457  	0.33173  	-0.2900  	0.83982  	0.17920  	-0.0649  	-0.0607  	0.13046  	0.05211  	-0.1061  	-0.0125  	-0.0221  	-0.0451  	-0.0167  	-0.0471  	-0.0574  	-0.0038  	-0.0292  	0.00230  	0.02690  	0.00140  	-0.0263  	0.02007  	0.02671  	0.12530  	0.26328  	0.15896  	0.01620  	-0.0641  	0.30731  	
-0.1616  	0.65482  	-0.6385  	-1.2894  	-0.7194  	-1.7816  	1.27511  	0.24580  	-0.0449  	-0.0546  	0.05315  	-0.5634  	0.69284  	0.12342  	-0.9435  	1.51216  	-0.1980  	0.26731  	-0.0073  	0.51850  	0.22861  	-0.1722  	-1.1623  	0.02797  	0.76415  	-0.1907  	0.09742  	0.35740  	0.20081  	0.36767  	0.15785  	0.04009  	-0.0356  	-0.1763  	0.27005  	-0.0914  	-0.0783  	-0.3143  	-0.3579  	0.26306  	0.24038  	0.22505  	-0.2105  	0.78466  	0.21450  	-0.0842  	-0.0372  	0.12042  	0.07586  	-0.1091  	-0.0148  	-0.0274  	-0.0428  	-0.0256  	-0.0553  	-0.0487  	-0.0099  	-0.0182  	0.01589  	0.02385  	0.00397  	-0.0156  	0.02022  	0.00453  	0.12530  	0.26328  	0.15896  	0.01620  	-0.0641  	0.30731  	
-0.1679  	0.63657  	-0.5025  	-1.5126  	-0.9182  	-1.6729  	1.31418  	0.15629  	-0.0025  	0.03292  	-0.0246  	-0.6703  	0.60765  	-0.0030  	-1.1683  	1.57802  	-0.2348  	0.48458  	-0.0860  	0.72805  	0.18195  	0.05659  	-0.7808  	0.10150  	0.72600  	-0.2829  	0.00832  	0.34953  	0.05018  	0.25655  	0.01854  	0.12967  	0.07127  	-0.0345  	0.24362  	-0.0813  	0.05482  	-0.2814  	-0.2524  	0.39429  	0.21646  	0.07626  	-0.0636  	0.74467  	0.26618  	-0.1077  	-0.0102  	0.12282  	0.08203  	-0.0900  	-0.0313  	-0.0217  	-0.0458  	-0.0347  	-0.0581  	-0.0574  	-0.0118  	-0.0126  	0.00605  	0.00784  	0.00716  	-0.0089  	0.03882  	0.00729  	0.12530  	0.26328  	0.15896  	0.01620  	-0.0641  	0.30731  	
-0.1023  	0.61968  	-0.4123  	-1.7102  	-0.9936  	-1.6741  	1.30506  	0.13065  	0.01359  	0.09760  	0.22818  	-0.6757  	0.49646  	-0.1356  	-1.4144  	1.70383  	-0.2878  	0.48626  	-0.0749  	0.76384  	0.22185  	0.03890  	-0.7707  	0.11912  	0.68515  	-0.2944  	0.03678  	0.28678  	-0.0364  	0.24671  	0.04575  	0.14292  	0.0612  	-0.0255  	0.28274  	-0.0477  	0.14193  	-0.2894  	-0.2818  	0.34635  	0.23511  	0.07183  	-0.0359  	0.73378  	0.29294  	-0.1005  	-0.0198  	0.10129  	0.09200  	-0.0813  	-0.0153  	-0.0258  	-0.0384  	-0.0474  	-0.0648  	-0.0542  	-0.0099  	-0.0144  	0.00075  	0.00240  	-0.0027  	-0.0140  	0.04092  	0.01401  	0.12530  	0.26328  	0.15896  	0.01620  	-0.0641  	0.30731  	
-0.0923  	0.56996  	-0.3664  	-1.7869  	-1.0112  	-1.7777  	1.33410  	0.08070  	-0.0138  	0.18864  	0.30392  	-0.6768  	0.46404  	-0.2253  	-1.5468  	1.73484  	-0.3230  	0.54456  	-0.0959  	0.78617  	0.15508  	0.02449  	-0.8133  	0.09753  	0.70592  	-0.3085  	0.05773  	0.31880  	-0.0247  	0.24021  	0.06761  	0.15224  	0.04842  	-0.0286  	0.26640  	0.01349  	0.12779  	-0.2677  	-0.2790  	0.37276  	0.26561  	0.08084  	-0.0474  	0.74067  	0.27657  	-0.0995  	-0.0103  	0.10602  	0.08640  	-0.0926  	-0.0264  	-0.0246  	-0.0405  	-0.0428  	-0.0542  	-0.0599  	-0.0075  	-0.0137  	-0.0009  	0.00844  	0.00200  	-0.0229  	0.05493  	0.01491  	0.12530  	0.26328  	0.15896  	0.01620  	-0.0641  	0.30731  	
-0.1437  	0.53994  	-0.3938  	-1.9289  	-1.0639  	-1.7847  	1.35568  	0.02642  	-0.0279  	0.18582  	0.28397  	-0.7560  	0.52180  	-0.2272  	-1.6325  	1.71571  	-0.3394  	0.53754  	-0.0995  	0.79962  	0.09883  	-0.0033  	-0.8342  	0.03879  	0.68001  	-0.2933  	0.02588  	0.37995  	-0.0104  	0.22988  	0.07915  	0.13828  	0.06532  	-0.0112  	0.25722  	0.05036  	0.08404  	-0.2607  	-0.2655  	0.37918  	0.30236  	0.07727  	-0.0355  	0.73392  	0.27602  	-0.1019  	-0.0093  	0.10995  	0.07849  	-0.0826  	-0.0188  	-0.0218  	-0.0371  	-0.0420  	-0.0549  	-0.0620  	-0.0148  	-0.0146  	-0.0053  	0.00780  	0.00319  	-0.0186  	0.05016  	0.01602  	0.12530  	0.26328  	0.15896  	0.01620  	-0.0641  	0.30731  	
-0.3363  	0.53180  	-0.5209  	-1.9712  	-1.1236  	-1.9335  	1.35608  	-0.0220  	-0.0563  	0.16284  	0.21074  	-0.7882  	0.54217  	-0.2572  	-1.5998  	1.61256  	-0.3311  	0.51982  	-0.1172  	0.77219  	0.03335  	0.01400  	-0.8044  	-0.0161  	0.69810  	-0.2623  	-0.0513  	0.43723  	0.08103  	0.25422  	0.10619  	0.10943  	0.02906  	-0.0175  	0.20111  	0.09182  	0.02244  	-0.2821  	-0.2442  	0.38019  	0.34106  	0.06112  	-0.0447  	0.72500  	0.27444  	-0.1081  	-0.0121  	0.09736  	0.06956  	-0.0822  	-0.0229  	-0.0225  	-0.0478  	-0.0480  	-0.0560  	-0.0574  	-0.0120  	-0.0141  	0.00630  	0.01154  	0.00250  	-0.0061  	0.04109  	0.01955  	0.12530  	0.26328  	0.15896  	0.01620  	-0.0641  	0.30731  	
-0.4881  	0.51235  	-0.5894  	-1.9128  	-1.1335  	-2.0638  	1.27900  	-0.0100  	-0.0688  	0.12943  	0.22667  	-0.7659  	0.49419  	-0.2132  	-1.4513  	1.49571  	-0.2656  	0.54641  	-0.1226  	0.71055  	0.05975  	0.00911  	-0.7627  	0.03592  	0.71419  	-0.2566  	0.00762  	0.31490  	0.05055  	0.26033  	0.10038  	0.10868  	0.04861  	-0.0352  	0.24201  	0.02562  	0.05493  	-0.2940  	-0.2672  	0.37729  	0.28347  	0.06048  	-0.0744  	0.69961  	0.29235  	-0.0955  	-0.0082  	0.08905  	0.06297  	-0.0948  	-0.0363  	-0.0233  	-0.0446  	-0.0475  	-0.0605  	-0.0674  	-0.0241  	-0.0111  	-0.0042  	0.01310  	0.00595  	-0.0183  	0.05346  	0.02140  	0.12530  	0.26328  	0.15896  	0.01620  	-0.0641  	0.30731  	
-0.4923  	0.51038  	-0.5993  	-1.9466  	-1.1387  	-2.0178  	1.28033  	0.02762  	-0.0518  	0.05412  	0.35247  	-0.7653  	0.46800  	-0.2594  	-1.4903  	1.50933  	-0.2527  	0.48938  	-0.0948  	0.67865  	0.11381  	-0.0272  	-0.7167  	0.05835  	0.63882  	-0.2643  	-0.0374  	0.31763  	0.00406  	0.22267  	0.09590  	0.11071  	0.04922  	-0.0351  	0.21616  	-0.0184  	0.11063  	-0.2682  	-0.2867  	0.32588  	0.29260  	0.07789  	-0.0675  	0.71394  	0.27883  	-0.1037  	-0.0082  	0.08001  	0.06560  	-0.0940  	-0.0318  	-0.0211  	-0.0470  	-0.0412  	-0.0577  	-0.0591  	-0.0120  	-0.0099  	0.00433  	0.01070  	0.01131  	-0.0030  	0.04415  	0.02612  	0.12530  	0.26328  	0.15896  	0.01620  	-0.0641  	0.30731  	
-0.5247  	0.50612  	-0.6376  	-2.0418  	-1.1802  	-2.0504  	1.28044  	0.02421  	-0.0475  	0.09764  	0.37876  	-0.7615  	0.44977  	-0.3307  	-1.5755  	1.51810  	-0.2453  	0.49536  	-0.0818  	0.67934  	0.11088  	-0.0288  	-0.6940  	0.00995  	0.59641  	-0.2378  	-0.0557  	0.33887  	-0.0022  	0.21096  	0.09564  	0.09532  	0.04609  	-0.0406  	0.16872  	-0.0196  	0.10933  	-0.2639  	-0.2883  	0.32254  	0.33119  	0.06685  	-0.0543  	0.72894  	0.28389  	-0.1062  	-0.0039  	0.08543  	0.06304  	-0.0891  	-0.0388  	-0.0208  	-0.0429  	-0.0391  	-0.0566  	-0.0639  	-0.0149  	-0.0099  	0.00057  	0.00762  	0.01068  	-0.0094  	0.04225  	0.02218  	0.12530  	0.26328  	0.15896  	0.01620  	-0.0641  	0.30731  	
-0.6196  	0.50065  	-0.6689  	-2.1025  	-1.1936  	-2.0717  	1.27891  	0.02686  	-0.0442  	0.11889  	0.40643  	-0.7449  	0.43914  	-0.3535  	-1.6179  	1.52653  	-0.2434  	0.49253  	-0.0789  	0.71384  	0.12379  	-0.0247  	-0.6969  	-0.0044  	0.56768  	-0.2284  	-0.0829  	0.36196  	-0.0142  	0.19486  	0.11104  	0.08513  	0.04631  	-0.0360  	0.15002  	-0.0277  	0.09676  	-0.2752  	-0.2742  	0.30793  	0.34236  	0.06398  	-0.0534  	0.72910  	0.28909  	-0.1046  	-0.0050  	0.08463  	0.05791  	-0.0848  	-0.0498  	-0.0189  	-0.0402  	-0.0425  	-0.0607  	-0.0687  	-0.0190  	-0.0099  	-0.0012  	0.00314  	0.01256  	-0.0056  	0.04605  	0.02200  	0.12530  	0.26328  	0.15896  	0.01620  	-0.0641  	0.30731  	
-0.6412  	0.49618  	-0.6702  	-2.1120  	-1.1883  	-2.0842  	1.26827  	0.03433  	-0.0448  	0.11702  	0.40901  	-0.7231  	0.44909  	-0.3470  	-1.6230  	1.53395  	-0.2455  	0.50628  	-0.0817  	0.73592  	0.12558  	-0.0291  	-0.7127  	-0.0008  	0.54829  	-0.2258  	-0.0991  	0.37253  	-0.0298  	0.19405  	0.11907  	0.08037  	0.05328  	-0.0334  	0.14708  	-0.0321  	0.08017  	-0.2787  	-0.2634  	0.30251  	0.34589  	0.05718  	-0.0520  	0.72519  	0.28746  	-0.1054  	-0.0074  	0.08596  	0.05536  	-0.0853  	-0.0497  	-0.0190  	-0.0407  	-0.0461  	-0.0645  	-0.0692  	-0.0188  	-0.0085  	-0.0034  	0.00456  	0.01188  	-0.0072  	0.04760  	0.02171  	0.12530  	0.26328  	0.15896  	0.01620  	-0.0641  	0.30731  	
-0.5218  	0.52043  	-0.6538  	-1.9082  	-1.0481  	-1.9809  	1.24280  	0.10461  	-0.0409  	0.07454  	0.44248  	-0.6143  	0.51630  	-0.2019  	-1.4406  	1.53310  	-0.2550  	0.50332  	-0.0682  	0.78650  	0.18096  	-0.0500  	-0.7594  	0.04386  	0.48763  	-0.2350  	-0.0971  	0.37620  	-0.0488  	0.19155  	0.10187  	0.08783  	0.09837  	-0.0249  	0.24648  	-0.0767  	0.07042  	-0.2985  	-0.2722  	0.32396  	0.29264  	0.05487  	-0.0762  	0.71699  	0.27949  	-0.1002  	-0.0072  	0.07999  	0.06241  	-0.0837  	-0.0322  	-0.0260  	-0.0414  	-0.0499  	-0.0674  	-0.0616  	-0.0136  	-0.0097  	-0.0010  	0.00913  	0.01111  	-0.0088  	0.03923  	0.02049  	0.12530  	0.26328  	0.15896  	0.01620  	-0.0641  	0.30731  	
-0.1337  	0.63334  	-0.4534  	-1.6909  	-0.9501  	-1.8071  	1.31212  	0.12873  	0.00900  	0.07369  	0.32283  	-0.5838  	0.60845  	0.07772  	-1.1939  	1.56714  	-0.2588  	0.41707  	-0.1116  	0.73989  	0.31936  	-0.0561  	-0.7946  	0.15072  	0.53185  	-0.2790  	-0.0306  	0.22259  	-0.1766  	0.19775  	0.07310  	0.11523  	0.10467  	-0.0204  	0.35147  	-0.1703  	0.16578  	-0.2746  	-0.3138  	0.32738  	0.24114  	0.08152  	-0.0753  	0.69778  	0.27945  	-0.0954  	-0.0086  	0.09954  	0.07605  	-0.0833  	-0.0348  	-0.0273  	-0.0534  	-0.0490  	-0.0672  	-0.0525  	-0.0209  	-0.0183  	-0.0036  	0.00565  	0.01325  	-0.0002  	0.03750  	0.01353  	0.12530  	0.26328  	0.15896  	0.01620  	-0.0641  	0.30731  	
0.08375  	0.71202  	-0.2264  	-1.7203  	-1.0781  	-1.6300  	1.31006  	0.25714  	0.03399  	0.03991  	0.25655  	-0.6691  	0.61902  	0.24950  	-1.1359  	1.59917  	-0.2630  	0.41279  	-0.0971  	0.63400  	0.42233  	0.02398  	-0.6995  	0.16140  	0.62743  	-0.3088  	0.11882  	0.08777  	-0.2011  	0.22858  	0.07495  	0.14594  	0.10939  	-0.0505  	0.38570  	-0.1547  	0.23643  	-0.2542  	-0.3203  	0.32670  	0.23911  	0.06611  	-0.0686  	0.71846  	0.28660  	-0.1046  	-0.0166  	0.11598  	0.09568  	-0.0723  	-0.0355  	-0.0285  	-0.0409  	-0.0432  	-0.0664  	-0.0414  	-0.0235  	-0.0147  	-0.0117  	0.01556  	0.01017  	0.00387  	0.04588  	0.01203  	0.12530  	0.26328  	0.15896  	0.01620  	-0.0641  	0.30731  	
0.21738  	0.73055  	-0.1550  	-1.6238  	-1.0520  	-1.5099  	1.35380  	0.29790  	0.07466  	0.06976  	0.07745  	-0.8229  	0.73329  	0.25950  	-1.1251  	1.51882  	-0.2287  	0.39826  	-0.0620  	0.57173  	0.31693  	0.10907  	-0.6920  	0.08803  	0.74017  	-0.3254  	0.15750  	0.07125  	-0.0956  	0.27725  	0.08156  	0.10781  	0.07079  	-0.0384  	0.27140  	-0.1443  	0.18904  	-0.2542  	-0.2589  	0.32604  	0.24371  	0.07399  	-0.0139  	0.73342  	0.26482  	-0.1025  	-0.0380  	0.15334  	0.11507  	-0.0881  	-0.0411  	-0.0241  	-0.0394  	-0.0384  	-0.0642  	-0.0307  	-0.0271  	-0.0194  	-0.0100  	0.01825  	0.00957  	-0.0014  	0.04337  	0.00870  	0.12530  	0.26328  	0.15896  	0.01620  	-0.0641  	0.30731  	
0.11280  	0.76023  	-0.2804  	-1.8204  	-1.0364  	-1.6970  	1.42525  	0.27099  	0.01593  	0.15585  	0.06652  	-0.9693  	0.75455  	0.46453  	-1.0485  	1.36013  	-0.2563  	0.35351  	-0.0951  	0.48762  	0.31457  	0.17704  	-0.7473  	0.22983  	0.81955  	-0.3386  	0.33349  	-0.0361  	-0.0824  	0.29699  	0.12638  	0.11524  	0.08536  	-0.0574  	0.42245  	-0.1396  	0.17759  	-0.2943  	-0.3266  	0.37880  	0.17760  	0.10976  	-0.0520  	0.71745  	0.25457  	-0.0910  	-0.0147  	0.13827  	0.09918  	-0.0969  	-0.0270  	-0.0161  	-0.0576  	-0.0456  	-0.0661  	-0.0446  	-0.0382  	-0.0224  	-0.0108  	0.02154  	0.00942  	0.01739  	0.04102  	0.00317  	0.12530  	0.26328  	0.15896  	0.01620  	-0.0641  	0.30731  	
-0.5316  	0.51434  	-0.6867  	-1.9873  	-1.0703  	-2.0235  	1.29247  	0.08029  	-0.0290  	0.17670  	0.51001  	-0.6712  	0.51488  	-0.0292  	-1.3405  	1.43421  	-0.2759  	0.41657  	-0.1048  	0.79651  	0.36759  	-0.0029  	-0.7763  	0.27669  	0.47865  	-0.2449  	0.02138  	0.17337  	-0.2643  	0.17833  	0.10750  	0.17127  	0.11214  	-0.0572  	0.34335  	-0.1741  	0.22875  	-0.2778  	-0.3985  	0.41490  	0.16481  	0.10026  	-0.1430  	0.71087  	0.27408  	-0.0941  	-0.0050  	0.05221  	0.08233  	-0.0630  	-0.0239  	-0.0060  	-0.0494  	-0.0251  	-0.0820  	-0.0725  	-0.0313  	-0.0281  	0.02691  	0.01729  	-0.0035  	0.00775  	0.03339  	0.00234  	0.12530  	0.26328  	0.15896  	0.01620  	-0.0641  	0.30731  	
-0.9293  	0.26563  	-0.7785  	-2.0016  	-1.1033  	-2.2205  	1.22580  	0.06519  	-0.0689  	0.19768  	0.61629  	-0.6997  	0.45755  	-0.3112  	-1.5322  	1.48230  	-0.2681  	0.47402  	-0.1253  	0.86371  	0.31424  	-0.0911  	-0.7802  	0.10898  	0.43185  	-0.2362  	-0.1892  	0.21876  	-0.2583  	0.13225  	0.13312  	0.09217  	0.12958  	-0.0439  	0.36131  	-0.1487  	0.18318  	-0.2940  	-0.3168  	0.29224  	0.19595  	0.10186  	-0.0990  	0.6768  	0.31476  	-0.0848  	-0.0017  	0.07483  	0.03048  	-0.0422  	-0.0336  	-0.0163  	-0.0542  	-0.0353  	-0.0669  	-0.0723  	-0.0257  	-0.0162  	-0.0254  	0.00835  	-0.0046  	0.00739  	0.04258  	0.02679  	0.12530  	0.26328  	0.15896  	0.01620  	-0.0641  	0.30731  	
-0.8877  	0.38666  	-0.8090  	-2.1903  	-1.0817  	-2.2939  	1.32293  	0.02938  	-0.0556  	0.32989  	0.73071  	-0.6630  	0.48479  	-0.2914  	-1.7291  	1.43220  	-0.3249  	0.49049  	-0.1602  	0.84577  	0.24800  	-0.0635  	-0.7356  	0.07998  	0.48001  	-0.2249  	-0.1147  	0.30325  	-0.1330  	0.15810  	0.12961  	0.04128  	0.11608  	-0.0396  	0.27929  	-0.1112  	0.11174  	-0.2909  	-0.2869  	0.28023  	0.24434  	0.08961  	-0.1079  	0.67128  	0.30638  	-0.1025  	-0.0174  	0.06979  	0.05781  	-0.0706  	-0.0419  	-0.0193  	-0.0517  	-0.0499  	-0.0680  	-0.0714  	-0.0240  	-0.0105  	-0.0127  	-0.0072  	0.00724  	-0.0007  	0.05184  	0.01834  	0.12530  	0.26328  	0.15896  	0.01620  	-0.0641  	0.30731  	
-0.7440  	0.45110  	-0.7102  	-2.1257  	-1.1144  	-2.2764  	1.24725  	0.13872  	-0.0558  	0.20994  	0.65838  	-0.6535  	0.54138  	-0.2770  	-1.5657  	1.37690  	-0.1602  	0.32813  	-0.0334  	0.55599  	0.36463  	-0.3025  	-1.0053  	0.07495  	0.46186  	-0.1256  	-0.1047  	0.20222  	-0.0762  	0.14028  	0.22684  	0.00919  	0.02253  	-0.1947  	0.20051  	-0.1374  	0.03760  	-0.2905  	-0.3920  	0.19636  	0.34414  	0.20440  	-0.2148  	0.76463  	0.22970  	-0.0707  	-0.0339  	0.09622  	0.04087  	-0.0894  	-0.0328  	-0.0196  	-0.0494  	-0.0321  	-0.0671  	-0.0629  	-0.0277  	-0.0187  	-0.0090  	0.01049  	0.01258  	-0.0095  	0.02870  	0.01749  	0.12530  	0.26328  	0.15896  	0.01620  	-0.0641  	0.30731  	
-0.5508  	0.54246  	-0.5198  	-2.2016  	-1.2356  	-2.0901  	1.21931  	0.13817  	-0.0947  	0.05975  	0.54301  	-0.7236  	0.55972  	-0.4032  	-1.5696  	1.38974  	-0.0335  	0.18793  	0.06725  	0.24335  	0.36743  	-0.4354  	-1.1269  	0.09667  	0.50013  	-0.0668  	-7.0232  	0.09788  	0.00016  	0.16147  	0.32243  	-0.0116  	-0.0921  	-0.3333  	0.07649  	-0.0959  	-0.0231  	-0.2555  	-0.4913  	0.15611  	0.44270  	0.31457  	-0.2786  	0.84134  	0.17616  	-0.0637  	-0.0546  	0.10920  	0.01581  	-0.0925  	-0.0280  	-0.0097  	-0.0431  	-0.0095  	-0.0488  	-0.0638  	-0.0302  	-0.0309  	0.00117  	0.03228  	0.01572  	-0.0138  	0.01871  	0.01771  	0.12530  	0.26328  	0.15896  	0.01620  	-0.0641  	0.30731  	
-0.2779  	0.58917  	-0.3186  	-1.9689  	-1.1517  	-1.9313  	1.19173  	0.22143  	-0.0574  	0.08963  	0.38912  	-0.7137  	0.56307  	-0.4398  	-1.5253  	1.56028  	-0.0511  	0.18012  	0.10296  	0.23576  	0.32235  	-0.5180  	-1.2163  	0.02959  	0.47420  	-0.0594  	-0.0667  	0.18026  	0.07816  	0.14703  	0.32290  	0.01425  	-0.1164  	-0.3728  	0.07151  	-0.1004  	-0.0338  	-0.2526  	-0.5234  	0.16632  	0.47514  	0.30632  	-0.2705  	0.89783  	0.16731  	-0.0601  	-0.0612  	0.14543  	0.04022  	-0.1110  	-0.0106  	-0.0144  	-0.0446  	-0.0127  	-0.0436  	-0.0658  	-0.0178  	-0.0351  	-0.0041  	0.02428  	0.02308  	-0.0179  	0.02415  	0.02878  	0.12530  	0.26328  	0.15896  	0.01620  	-0.0641  	0.30731  	
-0.2179  	0.61933  	-0.2829  	-1.9019  	-1.1071  	-1.9295  	1.23887  	0.16314  	-0.0474  	0.17883  	0.40930  	-0.6083  	0.58527  	-0.3906  	-1.5474  	1.61147  	-0.1420  	0.25292  	0.04588  	0.36350  	0.20772  	-0.4629  	-1.3233  	-0.0284  	0.49155  	-0.0940  	-0.1367  	0.26581  	0.13296  	0.17485  	0.29602  	0.03094  	-0.1075  	-0.3112  	0.09464  	-0.0234  	-0.0972  	-0.2747  	-0.4645  	0.19297  	0.45878  	0.30284  	-0.2488  	0.85647  	0.16533  	-0.0655  	-0.0567  	0.14636  	0.05348  	-0.1089  	-0.0153  	-0.0141  	-0.0355  	-0.0121  	-0.0438  	-0.0654  	-0.0154  	-0.0334  	-0.0069  	0.02101  	0.01182  	-0.0129  	0.02176  	0.01929  	0.12530  	0.26328  	0.15896  	0.01620  	-0.0641  	0.30731  	
-0.2967  	0.59776  	-0.3747  	-2.0774  	-1.2122  	-1.9213  	1.27758  	0.09864  	-0.0674  	0.22338  	0.40979  	-0.7527  	0.51757  	-0.3563  	-1.7006  	1.63008  	-0.2151  	0.39249  	-0.0248  	0.52541  	0.17319  	-0.2842  	-1.0617  	-0.0205  	0.56585  	-0.1723  	-0.0953  	0.32815  	0.11114  	0.19542  	0.20359  	0.08277  	-0.0428  	-0.1949  	0.10911  	0.03541  	-0.0275  	-0.2785  	-0.3700  	0.27270  	0.39029  	0.18630  	-0.1589  	0.79755  	0.22146  	-0.0905  	-0.0398  	0.11262  	0.06636  	-0.1004  	-0.0198  	-0.0223  	-0.0371  	-0.0261  	-0.0476  	-0.0691  	-0.0178  	-0.0245  	-0.0064  	0.01617  	0.00916  	-0.0132  	0.04136  	0.02380  	0.12530  	0.26328  	0.15896  	0.01620  	-0.0641  	0.30731  	
-0.6129  	0.46971  	-0.6349  	-1.9758  	-1.0863  	-2.0607  	1.29581  	0.00262  	-0.0692  	0.18029  	0.42478  	-0.7209  	0.47534  	-0.2393  	-1.6315  	1.55448  	-0.2591  	0.53266  	-0.0823  	0.78679  	0.13298  	-0.0614  	-0.8135  	0.08301  	0.68642  	-0.2716  	-0.0175  	0.37215  	-0.0448  	0.22592  	0.07761  	0.11777  	0.05507  	-0.0255  	0.24167  	0.03156  	0.07069  	-0.2853  	-0.2819  	0.32637  	0.27676  	0.07699  	-0.0850  	0.71015  	0.29448  	-0.1135  	-0.0107  	0.07352  	0.06070  	-0.0860  	-0.0325  	-0.0237  	-0.0416  	-0.0402  	-0.0572  	-0.0649  	-0.0041  	-0.0064  	0.00302  	0.01686  	0.00639  	-0.0139  	0.06018  	0.02258  	0.12530  	0.26328  	0.15896  	0.01620  	-0.0641  	0.30731  	
-0.6938  	0.44503  	-0.7364  	-2.0444  	-1.1118  	-2.1057  	1.24490  	0.08389  	-0.0521  	0.16432  	0.49099  	-0.6799  	0.49203  	-0.1530  	-1.4578  	1.40859  	-0.2541  	0.45919  	-0.0938  	0.77324  	0.27737  	-0.0736  	-0.7522  	0.08360  	0.61216  	-0.2606  	-0.0053  	0.30000  	-0.1102  	0.19581  	0.09757  	0.10218  	0.09527  	-0.0300  	0.28121  	-0.0882  	0.12176  	-0.2740  	-0.2910  	0.28950  	0.24212  	0.06777  	-0.1016  	0.69470  	0.29560  	-0.1035  	0.00055  	0.07805  	0.05072  	-0.0812  	-0.0362  	-0.0231  	-0.0438  	-0.0374  	-0.0689  	-0.0615  	-0.0141  	-0.0136  	-0.0026  	0.01262  	0.01201  	-0.0137  	0.04767  	0.02072  	0.12530  	0.26328  	0.15896  	0.01620  	-0.0641  	0.30731  	
-0.5196  	0.50144  	-0.5765  	-2.1734  	-1.2384  	-1.9748  	1.29460  	0.06244  	-0.0221  	0.16191  	0.41770  	-0.7417  	0.53002  	-0.1861  	-1.5423  	1.42096  	-0.2116  	0.47855  	-0.0929  	0.74139  	0.22134  	-0.0164  	-0.6597  	0.06008  	0.60021  	-0.2421  	-0.0543  	0.27742  	-0.0709  	0.19206  	0.10236  	0.07738  	0.06567  	-0.0424  	0.17851  	-0.0785  	0.09446  	-0.2622  	-0.2786  	0.35315  	0.31136  	0.04737  	-0.0457  	0.71229  	0.28652  	-0.1078  	-0.0059  	0.08720  	0.06192  	-0.0867  	-0.0460  	-0.0208  	-0.0514  	-0.0429  	-0.0688  	-0.0720  	-0.0179  	-0.0117  	-0.0088  	0.01408  	0.01073  	-0.0083  	0.05082  	0.01666  	0.12530  	0.26328  	0.15896  	0.01620  	-0.0641  	0.30731  	
-0.5240  	0.53951  	-0.5285  	-2.1425  	-1.2685  	-1.9672  	1.31954  	0.05414  	0.00811  	0.19432  	0.31653  	-0.7853  	0.49116  	-0.2508  	-1.6030  	1.45150  	-0.2299  	0.54116  	-0.0598  	0.75899  	0.14748  	-0.0208  	-0.6811  	-0.0134  	0.58598  	-0.2376  	-0.1130  	0.34200  	-0.0163  	0.20663  	0.13662  	0.09092  	0.05855  	-0.0286  	0.06889  	-0.0749  	0.06535  	-0.2594  	-0.2625  	0.33071  	0.37474  	0.03319  	-0.0230  	0.73856  	0.27452  	-0.1107  	-0.0105  	0.10336  	0.07416  	-0.0825  	-0.0418  	-0.0268  	-0.0420  	-0.0394  	-0.0638  	-0.0638  	-0.0198  	-0.0141  	-0.0076  	0.00921  	0.01346  	0.00121  	0.05076  	0.01959  	0.12530  	0.26328  	0.15896  	0.01620  	-0.0641  	0.30731  	
-0.5099  	0.54070  	-0.5617  	-2.1590  	-1.2669  	-1.9473  	1.28738  	0.01376  	-0.0162  	0.15715  	0.35042  	-0.7983  	0.45622  	-0.3631  	-1.6085  	1.45606  	-0.1970  	0.47395  	-0.0604  	0.68446  	0.19194  	-0.0099  	-0.6536  	-0.0116  	0.61069  	-0.2500  	-0.0016  	0.25537  	-0.0796  	0.21193  	0.10826  	0.09954  	0.05565  	-0.0413  	0.10087  	-0.0537  	0.13638  	-0.2594  	-0.2889  	0.32884  	0.37091  	0.03814  	-0.0283  	0.74201  	0.27716  	-0.1073  	-0.0006  	0.09202  	0.06958  	-0.0879  	-0.0433  	-0.0260  	-0.0434  	-0.0316  	-0.0619  	-0.0618  	-0.0225  	-0.0131  	-0.0098  	0.01259  	0.01019  	-0.0058  	0.04586  	0.02079  	0.12530  	0.26328  	0.15896  	0.01620  	-0.0641  	0.30731  	
-0.4680  	0.51680  	-0.5582  	-2.1032  	-1.2826  	-1.8933  	1.22118  	0.05509  	-0.0516  	0.09122  	0.38008  	-0.7527  	0.44388  	-0.3518  	-1.5813  	1.53847  	-0.2037  	0.46031  	-0.0583  	0.67224  	0.20691  	0.01585  	-0.6181  	0.05749  	0.63396  	-0.2569  	0.02477  	0.25126  	-0.0970  	0.21476  	0.09687  	0.13019  	0.04364  	-0.0456  	0.14289  	-0.0546  	0.15594  	-0.2404  	-0.3056  	0.31267  	0.35297  	0.05303  	-0.0496  	0.73203  	0.27697  	-0.1020  	-0.0051  	0.08578  	0.06126  	-0.0869  	-0.0482  	-0.0218  	-0.0424  	-0.0355  	-0.0654  	-0.0666  	-0.0144  	-0.0110  	-0.0064  	0.00651  	0.00891  	-0.0120  	0.04959  	0.01866  	0.12530  	0.26328  	0.15896  	0.01620  	-0.0641  	0.30731  	
-0.4001  	0.52365  	-0.5353  	-2.0017  	-1.1691  	-1.8756  	1.25991  	0.04936  	-0.0390  	0.13045  	0.34317  	-0.6917  	0.50378  	-0.2667  	-1.5958  	1.55607  	-0.2578  	0.49315  	-0.0796  	0.72700  	0.15070  	-0.0189  	-0.6913  	0.04366  	0.59166  	-0.2448  	-0.0476  	0.33351  	-0.0351  	0.20738  	0.10538  	0.11651  	0.07119  	-0.0350  	0.17032  	-0.0394  	0.10907  	-0.2736  	-0.2936  	0.33295  	0.33349  	0.05131  	-0.0424  	0.73067  	0.27542  	-0.1086  	-0.0073  	0.09780  	0.06571  	-0.0872  	-0.0402  	-0.0258  	-0.0442  	-0.0441  	-0.0629  	-0.0652  	-0.0159  	-0.0126  	-0.0042  	0.00439  	0.00890  	-0.0056  	0.04729  	0.01929  	0.12530  	0.26328  	0.15896  	0.01620  	-0.0641  	0.30731  	
-0.0079  	0.66840  	-0.3038  	-1.8414  	-1.1905  	-1.7612  	1.29489  	0.19618  	0.01141  	0.16455  	0.21373  	-0.7303  	0.64375  	0.07159  	-1.3813  	1.56208  	-0.2391  	0.47295  	-0.1021  	0.63462  	0.26222  	0.01283  	-0.7125  	0.09863  	0.62586  	-0.2912  	0.02977  	0.17418  	-0.1196  	0.21947  	0.11626  	0.12687  	0.10747  	-0.0462  	0.27602  	-0.0934  	0.11300  	-0.2581  	-0.2796  	0.32734  	0.29769  	0.05903  	-0.0256  	0.71946  	0.24270  	-0.0996  	-0.0064  	0.12447  	0.08102  	-0.0834  	-0.0322  	-0.0212  	-0.0403  	-0.0365  	-0.0647  	-0.0590  	-0.0221  	-0.0146  	-0.0019  	0.00622  	0.01587  	0.00409  	0.05854  	0.01598  	0.12530  	0.26328  	0.15896  	0.01620  	-0.0641  	0.30731  	
-0.4338  	0.55142  	-0.5658  	-1.9845  	-1.1158  	-1.9650  	1.31636  	0.10809  	-0.0022  	0.15619  	0.42928  	-0.7471  	0.52589  	-0.0756  	-1.5983  	1.54220  	-0.2640  	0.47959  	-0.0667  	0.75648  	0.22886  	-0.0624  	-0.8193  	0.11292  	0.68900  	-0.2672  	0.01251  	0.23549  	-0.1044  	0.18547  	0.08505  	0.09574  	0.08428  	-0.0461  	0.31173  	-0.0386  	0.12414  	-0.2670  	-0.3085  	0.34366  	0.26110  	0.07417  	-0.0648  	0.70336  	0.28403  	-0.1066  	0.00330  	0.09111  	0.06268  	-0.0820  	-0.0333  	-0.0245  	-0.0550  	-0.0419  	-0.0659  	-0.0716  	-0.0159  	-0.0175  	-0.0065  	0.00660  	0.00555  	-0.0066  	0.04865  	0.01664  	0.12530  	0.26328  	0.15896  	0.01620  	-0.0641  	0.30731  	
-0.6041  	0.47961  	-0.6212  	-2.1427  	-1.1823  	-1.9862  	1.27751  	0.07814  	-0.0504  	0.19026  	0.49875  	-0.7213  	0.48222  	-0.2219  	-1.5824  	1.44472  	-0.2590  	0.47583  	-0.0846  	0.72754  	0.24983  	-0.0547  	-0.7238  	0.06194  	0.57227  	-0.2466  	-0.0206  	0.29393  	-0.0968  	0.19075  	0.10976  	0.09724  	0.08263  	-0.0251  	0.25706  	-0.0667  	0.10188  	-0.2786  	-0.2994  	0.31349  	0.28473  	0.05700  	-0.0707  	0.71404  	0.29572  	-0.0981  	-0.0104  	0.07260  	0.05461  	-0.0774  	-0.0360  	-0.0260  	-0.0404  	-0.0420  	-0.0645  	-0.0653  	-0.0213  	-0.0086  	-0.0064  	0.01024  	0.01225  	-0.0066  	0.05021  	0.02054  	0.12530  	0.26328  	0.15896  	0.01620  	-0.0641  	0.30731  	
-0.5171  	0.51775  	-0.5772  	-2.2044  	-1.2746  	-2.0000  	1.28267  	0.02338  	-0.0144  	0.18461  	0.49427  	-0.7698  	0.43713  	-0.3326  	-1.7402  	1.55390  	-0.2390  	0.52181  	-0.0542  	0.73579  	0.19343  	-0.0566  	-0.6860  	0.04889  	0.60942  	-0.2621  	-0.0309  	0.32101  	-0.0527  	0.19202  	0.08340  	0.10910  	0.03534  	-0.0385  	0.17243  	-0.0111  	0.12093  	-0.2598  	-0.2873  	0.32280  	0.33978  	0.05414  	-0.0381  	0.72185  	0.28166  	-0.1079  	-0.0009  	0.09427  	0.07443  	-0.0838  	-0.0377  	-0.0231  	-0.0382  	-0.0318  	-0.0591  	-0.0654  	-0.0191  	-0.0067  	0.00161  	0.00906  	0.00850  	-0.0113  	0.04795  	0.02110  	0.12530  	0.26328  	0.15896  	0.01620  	-0.0641  	0.30731  	
-0.6807  	0.49086  	-0.6172  	-2.2439  	-1.2484  	-2.1396  	1.32580  	-0.0212  	-0.0412  	0.24553  	0.49648  	-0.7703  	0.47110  	-0.3418  	-1.7369  	1.52585  	-0.2664  	0.56257  	-0.0888  	0.79345  	0.10155  	-0.0555  	-0.7379  	0.02497  	0.60296  	-0.2727  	-0.0902  	0.39767  	-0.0156  	0.19337  	0.11294  	0.09727  	0.07806  	-0.0171  	0.13393  	-0.0108  	0.04921  	-0.2857  	-0.2617  	0.32007  	0.34138  	0.06263  	-0.0482  	0.71548  	0.27445  	-0.1102  	-0.0068  	0.09432  	0.07751  	-0.0840  	-0.0352  	-0.0207  	-0.0468  	-0.0389  	-0.0623  	-0.0660  	-0.0186  	-0.0080  	-0.0010  	0.00367  	0.01427  	-0.0040  	0.05887  	0.02064  	0.12530  	0.26328  	0.15896  	0.01620  	-0.0641  	0.30731  	
-0.7914  	0.42958  	-0.7417  	-2.1179  	-1.1585  	-2.1798  	1.29469  	0.03640  	-0.0321  	0.17826  	0.54171  	-0.7321  	0.48766  	-0.2632  	-1.6155  	1.47716  	-0.2512  	0.49176  	-0.1087  	0.81452  	0.17324  	-0.0223  	-0.7367  	0.08021  	0.57810  	-0.2433  	-0.0630  	0.34974  	-0.0556  	0.18564  	0.09199  	0.08522  	0.07760  	-0.0221  	0.22387  	-0.0390  	0.06234  	-0.2828  	-0.2784  	0.32495  	0.28971  	0.07142  	-0.1009  	0.68459  	0.29218  	-0.1065  	-0.0021  	0.08338  	0.06810  	-0.0851  	-0.0428  	-0.0234  	-0.0438  	-0.0407  	-0.0641  	-0.0693  	-0.0180  	-0.0140  	-0.0012  	0.00934  	0.01063  	-0.0039  	0.04929  	0.01908  	0.12530  	0.26328  	0.15896  	0.01620  	-0.0641  	0.30731  	
-0.7400  	0.42654  	-0.7717  	-2.1990  	-1.1352  	-2.1848  	1.28201  	0.05933  	-0.0390  	0.15023  	0.61460  	-0.7146  	0.50406  	-0.2024  	-1.5202  	1.40920  	-0.2496  	0.47071  	-0.1140  	0.83600  	0.29035  	-0.0911  	-0.7417  	0.13498  	0.56162  	-0.2368  	-0.0331  	0.29868  	-0.1461  	0.18753  	0.10427  	0.06460  	0.10316  	-0.0221  	0.30968  	-0.1187  	0.13485  	-0.2782  	-0.3044  	0.29854  	0.25384  	0.07326  	-0.1036  	0.69609  	0.29656  	-0.1091  	-0.0063  	0.07614  	0.06564  	-0.0825  	-0.0335  	-0.0241  	-0.0523  	-0.0453  	-0.0696  	-0.0572  	-0.0220  	-0.0140  	-0.0119  	0.00696  	0.01079  	-0.0053  	0.04690  	0.01908  	0.12530  	0.26328  	0.15896  	0.01620  	-0.0641  	0.30731  	
-0.6761  	0.49301  	-0.6621  	-2.2421  	-1.2257  	-2.1340  	1.26187  	0.13048  	-0.0238  	0.20527  	0.58189  	-0.7041  	0.49783  	-0.1849  	-1.6387  	1.42834  	-0.2244  	0.47229  	-0.1113  	0.78592  	0.25407  	-0.0383  	-0.7063  	0.09754  	0.58998  	-0.2487  	-0.0457  	0.28762  	-0.1519  	0.14642  	0.12144  	0.07487  	0.10657  	-0.0534  	0.19124  	-0.0788  	0.10855  	-0.2928  	-0.2311  	0.29345  	0.26174  	0.07466  	-0.0958  	0.69012  	0.29173  	-0.0988  	-0.0086  	0.08713  	0.06500  	-0.0787  	-0.0350  	-0.0174  	-0.0481  	-0.0414  	-0.0667  	-0.0661  	-0.0188  	-0.0087  	-0.0014  	0.00791  	0.00972  	-0.0007  	0.04399  	0.01884  	0.12530  	0.26328  	0.15896  	0.01620  	-0.0641  	0.30731  	
-0.4928  	0.53938  	-0.5047  	-2.1295  	-1.2259  	-1.9079  	1.29373  	0.10158  	-0.0022  	0.16201  	0.39175  	-0.7195  	0.52764  	-0.1555  	-1.5636  	1.48261  	-0.2388  	0.50461  	-0.0946  	0.73406  	0.22210  	-0.0067  	-0.6845  	0.05842  	0.59040  	-0.2572  	-0.0521  	0.28754  	-0.0245  	0.19688  	0.11891  	0.08803  	0.07624  	-0.0451  	0.15045  	-0.0882  	0.07322  	-0.2843  	-0.2502  	0.34239  	0.32337  	0.04089  	-0.0488  	0.71539  	0.28454  	-0.1005  	-0.0047  	0.10325  	0.06644  	-0.0881  	-0.0393  	-0.0239  	-0.0461  	-0.0493  	-0.0675  	-0.0689  	-0.0209  	-0.0151  	-0.0058  	0.00779  	0.01060  	-0.0141  	0.04781  	0.02172  	0.12530  	0.26328  	0.15896  	0.01620  	-0.0641  	0.30731  	
-0.3086  	0.57607  	-0.4692  	-1.9777  	-1.1852  	-1.8359  	1.26812  	0.07946  	-0.0162  	0.14880  	0.30252  	-0.7183  	0.52432  	-0.2458  	-1.5704  	1.56134  	-0.2453  	0.52047  	-0.0813  	0.75394  	0.15816  	-0.0409  	-0.7292  	-0.0321  	0.58406  	-0.2605  	-0.0933  	0.35787  	-0.0212  	0.19507  	0.11088  	0.11526  	0.07954  	-0.0311  	0.13815  	-0.0740  	0.07291  	-0.2559  	-0.2406  	0.35737  	0.36573  	0.02581  	-0.0063  	0.74427  	0.27328  	-0.1095  	-0.0192  	0.10025  	0.06833  	-0.0921  	-0.0424  	-0.0192  	-0.0426  	-0.0373  	-0.0617  	-0.0608  	-0.0238  	-0.0185  	-0.0059  	0.00247  	0.00961  	0.00347  	0.04657  	0.01618  	0.12530  	0.26328  	0.15896  	0.01620  	-0.0641  	0.30731  	
-0.4333  	0.53861  	-0.5414  	-2.0868  	-1.2218  	-1.8868  	1.25150  	0.02081  	-0.0352  	0.14949  	0.38334  	-0.7068  	0.48279  	-0.3290  	-1.6597  	1.57366  	-0.2420  	0.52828  	-0.0896  	0.75133  	0.15124  	-0.0512  	-0.7287  	-0.0208  	0.58612  	-0.2445  	-0.0971  	0.39029  	-0.0114  	0.18677  	0.10508  	0.10443  	0.05840  	-0.0361  	0.15594  	-0.0188  	0.08518  	-0.2671  	-0.2617  	0.32125  	0.35428  	0.05426  	-0.0255  	0.72855  	0.27980  	-0.1020  	-0.0041  	0.09588  	0.06345  	-0.0800  	-0.0383  	-0.0225  	-0.0397  	-0.0412  	-0.0624  	-0.0649  	-0.0178  	-0.0066  	-0.0012  	0.00399  	0.00524  	-0.0049  	0.05353  	0.02244  	0.12530  	0.26328  	0.15896  	0.01620  	-0.0641  	0.30731  	
-0.5233  	0.49427  	-0.5611  	-2.1245  	-1.2680  	-1.9408  	1.29243  	-0.0144  	-0.0555  	0.14005  	0.42987  	-0.7692  	0.45125  	-0.3388  	-1.6705  	1.55936  	-0.2185  	0.50676  	-0.0967  	0.72691  	0.13607  	-0.0462  	-0.7219  	0.03113  	0.65923  	-0.2536  	-0.0347  	0.36934  	-0.0142  	0.19305  	0.09192  	0.11655  	0.02285  	-0.0338  	0.17279  	0.01186  	0.11352  	-0.2518  	-0.2859  	0.30272  	0.34883  	0.05511  	-0.0297  	0.73175  	0.28549  	-0.1062  	-0.0019  	0.08926  	0.06698  	-0.0774  	-0.0330  	-0.0225  	-0.0405  	-0.0371  	-0.0584  	-0.0618  	-0.0180  	-0.0075  	-0.0006  	0.00732  	0.00492  	-0.0085  	0.04883  	0.02050  	0.12530  	0.26328  	0.15896  	0.01620  	-0.0641  	0.30731  	
-0.5292  	0.50450  	-0.5835  	-2.0595  	-1.2350  	-1.9655  	1.25513  	0.00449  	-0.0560  	0.14857  	0.44203  	-0.7350  	0.43584  	-0.3438  	-1.6366  	1.55282  	-0.2421  	0.48318  	-0.0907  	0.72524  	0.16332  	-0.0251  	-0.6971  	0.03739  	0.59528  	-0.2664  	-0.0541  	0.35652  	-0.0415  	0.20559  	0.10136  	0.11539  	0.03141  	-0.0269  	0.18186  	-0.0217  	0.11124  	-0.2560  	-0.2949  	0.30328  	0.33055  	0.05749  	-0.0508  	0.72539  	0.28274  	-0.1071  	-0.0081  	0.08743  	0.06746  	-0.0767  	-0.0343  	-0.0227  	-0.0402  	-0.0394  	-0.0607  	-0.0660  	-0.0133  	-0.0051  	-0.0025  	0.00113  	0.00624  	-0.0095  	0.05335  	0.01740  	0.12530  	0.26328  	0.15896  	0.01620  	-0.0641  	0.30731  	
-0.3651  	0.52068  	-0.5187  	-1.9785  	-1.1687  	-1.8932  	1.28920  	0.02193  	-0.0618  	0.18456  	0.39282  	-0.6518  	0.47336  	-0.3339  	-1.6803  	1.65285  	-0.2653  	0.52576  	-0.0940  	0.74208  	0.06994  	-0.0536  	-0.7492  	0.04189  	0.59485  	-0.2668  	-0.0553  	0.40885  	-0.0187  	0.21454  	0.10041  	0.12291  	0.04502  	-0.0429  	0.17267  	0.00718  	0.07835  	-0.2814  	-0.2820  	0.35017  	0.32091  	0.06025  	-0.0458  	0.72295  	0.27311  	-0.1025  	-0.0089  	0.09612  	0.07454  	-0.0882  	-0.0326  	-0.0223  	-0.0386  	-0.0386  	-0.0554  	-0.0644  	-0.0138  	-0.0160  	-0.0032  	0.00410  	0.00269  	-0.0078  	0.04918  	0.02361  	0.12530  	0.26328  	0.15896  	0.01620  	-0.0641  	0.30731  	
-0.3030  	0.56302  	-0.3936  	-1.9923  	-1.1583  	-1.9154  	1.32419  	0.03274  	-0.0469  	0.20307  	0.41847  	-0.7426  	0.44094  	-0.3261  	-1.7310  	1.74685  	-0.3134  	0.56327  	-0.0903  	0.75956  	0.08634  	-0.0165  	-0.8098  	0.02084  	0.63645  	-0.2768  	-0.0469  	0.36738  	-0.0387  	0.20164  	0.08002  	0.14044  	0.05432  	-0.0318  	0.21692  	0.02994  	0.10459  	-0.2650  	-0.2950  	0.33977  	0.31918  	0.06384  	-0.0423  	0.73278  	0.28227  	-0.1033  	-0.0155  	0.10058  	0.08338  	-0.0845  	-0.0235  	-0.0256  	-0.0374  	-0.0450  	-0.0559  	-0.0659  	-0.0141  	-0.0095  	-0.0055  	0.00650  	0.00108  	-0.0124  	0.05102  	0.01895  	0.12530  	0.26328  	0.15896  	0.01620  	-0.0641  	0.30731  	
-0.5862  	0.47526  	-0.6696  	-2.0151  	-1.1136  	-2.0612  	1.29600  	0.00193  	-0.0661  	0.18020  	0.45671  	-0.7285  	0.46369  	-0.2747  	-1.6632  	1.54906  	-0.2651  	0.51777  	-0.0812  	0.79754  	0.15752  	-0.0331  	-0.8006  	0.09605  	0.69755  	-0.2845  	0.00693  	0.36852  	-0.0266  	0.23356  	0.07508  	0.11097  	0.02984  	-0.0344  	0.23133  	0.02130  	0.09440  	-0.2920  	-0.2888  	0.33051  	0.27499  	0.06385  	-0.0873  	0.70932  	0.30050  	-0.1084  	-0.0115  	0.08034  	0.06281  	-0.0873  	-0.0276  	-0.0214  	-0.0429  	-0.0464  	-0.0606  	-0.0604  	-0.0129  	-0.0082  	0.00118  	0.01415  	0.00358  	-0.0172  	0.05208  	0.01978  	0.12530  	0.26328  	0.15896  	0.01620  	-0.0641  	0.30731  	
-0.7044  	0.49818  	-0.6814  	-2.1028  	-1.1544  	-2.1520  	1.28154  	0.08775  	-0.0448  	0.17548  	0.48244  	-0.7302  	0.44406  	-0.1555  	-1.4535  	1.41324  	-0.2501  	0.43478  	-0.0938  	0.71715  	0.22640  	-0.0209  	-0.7517  	0.07461  	0.63166  	-0.2597  	0.01975  	0.27170  	-0.0897  	0.20417  	0.10531  	0.09166  	0.06867  	-0.0499  	0.22842  	-0.0646  	0.14552  	-0.2764  	-0.2963  	0.27919  	0.29022  	0.08082  	-0.0896  	0.69287  	0.29535  	-0.1098  	0.00018  	0.07887  	0.05581  	-0.0772  	-0.0422  	-0.0185  	-0.0415  	-0.0360  	-0.0641  	-0.0636  	-0.0167  	-0.0168  	-0.0023  	0.01380  	0.01027  	0.00046  	0.04226  	0.01747  	0.12530  	0.26328  	0.15896  	0.01620  	-0.0641  	0.30731  	
-0.3642  	0.56373  	-0.4733  	-2.0132  	-1.1577  	-1.8346  	1.26247  	0.10478  	-0.0061  	0.08380  	0.37958  	-0.7368  	0.50639  	-0.1839  	-1.5482  	1.55328  	-0.2422  	0.46421  	-0.0806  	0.71066  	0.22291  	-0.0426  	-0.6852  	0.07878  	0.58485  	-0.2599  	-0.0360  	0.31361  	-0.0476  	0.20579  	0.07416  	0.12182  	0.07750  	-0.0276  	0.20969  	-0.0566  	0.13652  	-0.2593  	-0.2865  	0.32342  	0.31243  	0.05102  	-0.0530  	0.70963  	0.28325  	-0.1010  	-0.0053  	0.10172  	0.06854  	-0.0830  	-0.0356  	-0.0239  	-0.0480  	-0.0414  	-0.0661  	-0.0659  	-0.0142  	-0.0156  	-0.0019  	0.00917  	0.00836  	-0.0125  	0.05098  	0.02313  	0.12530  	0.26328  	0.15896  	0.01620  	-0.0641  	0.30731  	
-0.2147  	0.60361  	-0.3722  	-1.9599  	-1.1610  	-1.8464  	1.30412  	0.08483  	-0.0170  	0.19395  	0.38757  	-0.6505  	0.49560  	-0.2464  	-1.6595  	1.70374  	-0.2797  	0.52268  	-0.0759  	0.78188  	0.14744  	-0.0306  	-0.7543  	0.01773  	0.55518  	-0.2559  	-0.1266  	0.36021  	-0.0350  	0.19342  	0.07417  	0.11657  	0.08369  	-0.0286  	0.19583  	-0.0324  	0.09983  	-0.2672  	-0.2719  	0.34657  	0.32398  	0.06489  	-0.0250  	0.73028  	0.27804  	-0.1000  	-0.0051  	0.11412  	0.08405  	-0.0838  	-0.0250  	-0.0263  	-0.0397  	-0.0469  	-0.0603  	-0.0691  	-0.0124  	-0.0129  	-0.0091  	0.00463  	0.00103  	-0.0136  	0.05310  	0.02117  	0.12530  	0.26328  	0.15896  	0.01620  	-0.0641  	0.30731  	
-0.2441  	0.57211  	-0.3977  	-1.9231  	-1.1737  	-1.8730  	1.30639  	0.07186  	-0.0187  	0.19125  	0.34379  	-0.7086  	0.49248  	-0.2568  	-1.5972  	1.66745  	-0.2991  	0.54011  	-0.0771  	0.79807  	0.13035  	-0.0329  	-0.8102  	-0.0125  	0.62600  	-0.2812  	-0.0802  	0.40406  	0.01084  	0.22437  	0.07062  	0.12764  	0.06174  	-0.0261  	0.22159  	0.02655  	0.07590  	-0.2729  	-0.2634  	0.34883  	0.30281  	0.06832  	-0.0390  	0.72041  	0.27619  	-0.1076  	-0.0092  	0.10638  	0.07788  	-0.0915  	-0.0241  	-0.0258  	-0.0405  	-0.0438  	-0.0570  	-0.0635  	-0.0122  	-0.0107  	-0.0055  	0.00708  	0.00146  	-0.0133  	0.05412  	0.02290  	0.12530  	0.26328  	0.15896  	0.01620  	-0.0641  	0.30731  	
-0.3986  	0.51127  	-0.5583  	-1.9942  	-1.1643  	-1.8489  	1.28447  	0.02810  	-0.0651  	0.06166  	0.32150  	-0.7626  	0.47005  	-0.2579  	-1.5097  	1.56360  	-0.2453  	0.46312  	-0.0773  	0.68368  	0.17815  	-0.0204  	-0.7522  	0.07589  	0.66668  	-0.2895  	0.04566  	0.32263  	-0.0128  	0.22977  	0.06683  	0.14241  	0.03142  	-0.0295  	0.23961  	0.02181  	0.13967  	-0.2486  	-0.3188  	0.32644  	0.30603  	0.06687  	-0.0568  	0.71241  	0.28612  	-0.1073  	-0.0090  	0.08283  	0.06392  	-0.0835  	-0.0312  	-0.0229  	-0.0392  	-0.0381  	-0.0572  	-0.0653  	-0.0067  	-0.0074  	0.00248  	0.00151  	0.00594  	-0.0209  	0.05914  	0.02443  	0.12530  	0.26328  	0.15896  	0.01620  	-0.0641  	0.30731  	
-0.3188  	0.55255  	-0.5206  	-1.9254  	-1.1306  	-1.8340  	1.27024  	0.08527  	-0.0399  	0.00986  	0.30666  	-0.7472  	0.49042  	-0.2170  	-1.3681  	1.52595  	-0.2456  	0.43929  	-0.0947  	0.68573  	0.24088  	0.02151  	-0.6693  	0.08182  	0.64430  	-0.2655  	0.05099  	0.27397  	-0.0908  	0.21100  	0.06861  	0.12752  	0.05507  	-0.0378  	0.28586  	-0.0538  	0.18646  	-0.2522  	-0.3305  	0.29718  	0.27400  	0.08027  	-0.0786  	0.71083  	0.28620  	-0.1050  	0.00068  	0.08588  	0.06613  	-0.0811  	-0.0257  	-0.0230  	-0.0399  	-0.0463  	-0.0645  	-0.0598  	-0.0089  	-0.0082  	-0.0034  	0.00265  	0.00479  	-0.0150  	0.05620  	0.02436  	0.12530  	0.26328  	0.15896  	0.01620  	-0.0641  	0.30731  	
-0.1967  	0.59084  	-0.4560  	-1.8545  	-1.1631  	-1.8406  	1.30773  	0.13142  	0.02634  	0.06320  	0.32736  	-0.6709  	0.56196  	-0.0953  	-1.4590  	1.61611  	-0.2800  	0.49835  	-0.0917  	0.72492  	0.17713  	0.01121  	-0.7554  	0.04275  	0.62678  	-0.2880  	-0.0198  	0.29520  	-0.0415  	0.19558  	0.07437  	0.13158  	0.10250  	-0.0458  	0.26234  	-0.0542  	0.10415  	-0.2614  	-0.2806  	0.34881  	0.28565  	0.07242  	-0.0520  	0.70687  	0.27607  	-0.1090  	-0.0013  	0.10986  	0.07725  	-0.0832  	-0.0301  	-0.0218  	-0.0439  	-0.0441  	-0.0579  	-0.0575  	-0.0213  	-0.0167  	-0.0073  	0.01812  	0.01570  	-0.0073  	0.04663  	0.02227  	0.12530  	0.26328  	0.15896  	0.01620  	-0.0641  	0.30731  	
0.08371  	0.66224  	-0.3159  	-1.8062  	-1.1070  	-1.7889  	1.36990  	0.16576  	0.02626  	0.17223  	0.12508  	-0.8026  	0.66531  	0.17909  	-1.2482  	1.45431  	-0.2544  	0.45467  	-0.1175  	0.65154  	0.24589  	0.03659  	-0.7393  	0.11713  	0.77083  	-0.3292  	0.15583  	0.15415  	-0.0836  	0.26292  	0.09828  	0.11289  	0.07905  	-0.0308  	0.32195  	-0.0707  	0.17363  	-0.2649  	-0.2829  	0.35186  	0.25652  	0.05887  	-0.0524  	0.73153  	0.24736  	-0.1032  	-0.0166  	0.12871  	0.09421  	-0.0841  	-0.0248  	-0.0274  	-0.0384  	-0.0362  	-0.0619  	-0.0445  	-0.0270  	-0.0174  	0.00177  	0.02220  	0.01101  	7.39581  	0.05097  	0.01525  	0.12530  	0.26328  	0.15896  	0.01620  	-0.0641  	0.30731  	
-0.1724  	0.63651  	-0.4284  	-1.7512  	-0.9891  	-1.8253  	1.35769  	0.14624  	-0.0293  	0.10437  	0.10466  	-0.8038  	0.62075  	0.09750  	-1.2158  	1.44926  	-0.2505  	0.40375  	-0.1033  	0.66007  	0.30963  	0.05772  	-0.7065  	0.16420  	0.76740  	-0.3158  	0.19111  	0.17755  	-0.1047  	0.25564  	0.07720  	0.12420  	0.06867  	-0.0322  	0.35010  	-0.1035  	0.19515  	-0.2574  	-0.3381  	0.37769  	0.20533  	0.10009  	-0.0582  	0.72453  	0.27286  	-0.1088  	-0.0187  	0.09582  	0.08542  	-0.0920  	-0.0372  	-0.0267  	-0.0527  	-0.0406  	-0.0613  	-0.0636  	-0.0119  	-0.0136  	-0.0043  	0.00498  	0.00736  	0.00489  	0.04614  	0.01579  	0.12530  	0.26328  	0.15896  	0.01620  	-0.0641  	0.30731  	
-0.4369  	0.53972  	-0.5118  	-2.0416  	-1.1565  	-1.9322  	1.30373  	0.10006  	-0.0131  	0.10923  	0.33298  	-0.7455  	0.53524  	-0.2122  	-1.5407  	1.54864  	-0.2556  	0.49661  	-0.0832  	0.77395  	0.20140  	-0.0375  	-0.7475  	0.11391  	0.60871  	-0.2664  	-0.0266  	0.30716  	-0.0476  	0.17904  	0.08665  	0.09377  	0.07621  	-0.0296  	0.22885  	-0.0488  	0.12477  	-0.2753  	-0.2883  	0.39175  	0.26060  	0.06816  	-0.0760  	0.71142  	0.27227  	-0.1081  	-0.0043  	0.11061  	0.07501  	-0.0825  	-0.0358  	-0.0242  	-0.0516  	-0.0360  	-0.0626  	-0.0665  	-0.0152  	-0.0146  	0.00100  	0.01272  	0.00547  	-0.0128  	0.04804  	0.01406  	0.12530  	0.26328  	0.15896  	0.01620  	-0.0641  	0.30731  	
-0.5252  	0.49809  	-0.5584  	-2.0838  	-1.2066  	-1.9204  	1.28647  	0.04561  	-0.0593  	0.13961  	0.43424  	-0.7657  	0.46229  	-0.3174  	-1.6338  	1.55074  	-0.2564  	0.51197  	-0.0760  	0.72341  	0.19446  	-0.0199  	-0.6974  	0.03550  	0.60462  	-0.2611  	-0.0421  	0.30243  	-0.0294  	0.19232  	0.09299  	0.11094  	0.04450  	-0.0381  	0.16842  	-0.0301  	0.12524  	-0.2637  	-0.2794  	0.31254  	0.33438  	0.06938  	-0.0685  	0.71565  	0.28500  	-0.1028  	-0.0049  	0.08477  	0.06196  	-0.0813  	-0.0332  	-0.0182  	-0.0378  	-0.0443  	-0.0653  	-0.0649  	-0.0120  	-0.0133  	-0.0020  	0.00791  	0.01485  	-0.0086  	0.04472  	0.02199  	0.12530  	0.26328  	0.15896  	0.01620  	-0.0641  	0.30731  	
-0.5077  	0.52219  	-0.5819  	-1.9772  	-1.1403  	-1.9186  	1.27288  	0.00217  	-0.0489  	0.14728  	0.37335  	-0.6787  	0.47135  	-0.3256  	-1.5842  	1.55131  	-0.2673  	0.53004  	-0.0955  	0.75649  	0.11174  	-0.0346  	-0.7582  	-0.0234  	0.61101  	-0.2610  	-0.0992  	0.44155  	0.03516  	0.22510  	0.10915  	0.09923  	0.03909  	-0.0147  	0.14897  	0.00096  	0.05426  	-0.2660  	-0.2443  	0.31006  	0.33282  	0.06109  	-0.0372  	0.72736  	0.27851  	-0.1102  	-0.0115  	0.08966  	0.06160  	-0.0835  	-0.0341  	-0.0205  	-0.0380  	-0.0431  	-0.0580  	-0.0656  	-0.0106  	-0.0065  	0.00099  	0.00165  	0.00811  	-0.0023  	0.05580  	0.02382  	0.12530  	0.26328  	0.15896  	0.01620  	-0.0641  	0.30731  	
-0.4778  	0.53963  	-0.5623  	-1.9846  	-1.1420  	-1.9350  	1.27019  	0.02814  	-0.0384  	0.14666  	0.34600  	-0.6891  	0.48718  	-0.2659  	-1.5609  	1.56819  	-0.2596  	0.51973  	-0.1018  	0.73499  	0.11592  	-0.0188  	-0.7516  	-0.0408  	0.59625  	-0.2542  	-0.1076  	0.43739  	0.05479  	0.20886  	0.10133  	0.09563  	0.04910  	-0.0083  	0.14219  	-0.0106  	0.06162  	-0.2621  	-0.2649  	0.30938  	0.34537  	0.04192  	-0.0285  	0.71479  	0.28123  	-0.1089  	-0.0014  	0.09829  	0.06543  	-0.0774  	-0.0402  	-0.0268  	-0.0413  	-0.0470  	-0.0624  	-0.0685  	-0.0161  	-0.0086  	-0.0015  	-0.0003  	0.00463  	-0.0081  	0.05679  	0.02123  	0.12530  	0.26328  	0.15896  	0.01620  	-0.0641  	0.30731  	
-0.5119  	0.51363  	-0.5765  	-1.9714  	-1.1649  	-1.9879  	1.26993  	0.02167  	-0.0500  	0.15306  	0.37002  	-0.6765  	0.48270  	-0.2877  	-1.5748  	1.56087  	-0.2615  	0.52831  	-0.1002  	0.74617  	0.10741  	-0.0286  	-0.7434  	-0.0169  	0.61662  	-0.2579  	-0.1095  	0.43381  	0.04109  	0.20391  	0.09894  	0.10754  	0.05647  	-0.0155  	0.15103  	-0.0074  	0.04650  	-0.2577  	-0.2583  	0.32034  	0.33946  	0.06036  	-0.0450  	0.72945  	0.28041  	-0.1056  	-0.0053  	0.09044  	0.06226  	-0.0801  	-0.0322  	-0.0242  	-0.0421  	-0.0439  	-0.0613  	-0.0656  	-0.0126  	-0.0106  	4.20846  	0.00401  	0.01169  	-0.0024  	0.05092  	0.02124  	0.12530  	0.26328  	0.15896  	0.01620  	-0.0641  	0.30731  	
