0.61826  	0.17811  	-0.3096  	0.07852  	0.49244  	-0.5932  	-0.2030  	0.33692  	0.21008  	-0.4995  	-0.2698  	0.70224  	0.13252  	0.01939  	-0.4595  	0.09872  	0.25838  	-0.1692  	0.60489  	-0.0066  	0.09240  	0.92743  	0.13260  	0.48781  	0.16917  	0.06443  	0.41337  	-0.8491  	-0.8258  	-0.0908  	-0.0586  	0.27546  	-0.0196  	-0.1855  	0.68708  	0.09222  	0.53056  	0.18105  	-0.5708  	-0.0783  	0.01010  	0.10694  	-0.1697  	0.22323  	0.07356  	-0.0332  	-0.0005  	-0.0582  	-0.0072  	-0.1633  	-0.1453  	-0.0498  	0.00986  	-0.0121  	-0.0207  	0.01323  	-0.0131  	0.01677  	0.03110  	-0.0417  	-0.0202  	0.05189  	0.02917  	0.01246  	0.20158  	-0.0276  	0.00568  	-0.0014  	0.03522  	0.06434  	0.40137  	267.172  	162.321  	
0.52202  	0.16830  	-0.3604  	0.01734  	0.52586  	-0.6795  	-0.2015  	0.26475  	0.18878  	-0.4197  	-0.2913  	0.75769  	0.15721  	-0.0299  	-0.6231  	0.09357  	0.22576  	-0.0932  	0.58316  	0.10710  	-0.0324  	0.88551  	0.02889  	0.41162  	0.18618  	0.08622  	0.28148  	-0.6449  	-0.6773  	-0.1028  	-0.0330  	0.22861  	0.01052  	-0.1796  	0.59501  	0.14850  	0.41196  	0.13266  	-0.5148  	-0.0453  	0.08250  	0.09720  	-0.1541  	0.21849  	0.07315  	-0.0364  	0.00909  	-0.0532  	-0.0086  	-0.1582  	-0.1377  	-0.0540  	0.00634  	-0.0222  	-0.0176  	0.00361  	-0.0078  	0.01529  	0.03340  	-0.0475  	-0.0233  	0.04908  	0.03310  	0.01537  	0.20158  	-0.0276  	0.00568  	-0.0014  	0.03522  	0.06434  	0.40137  	267.172  	162.321  	
0.39847  	0.11732  	-0.4294  	-0.1085  	0.47541  	-0.7689  	-0.2131  	0.20527  	0.15192  	-0.3215  	-0.3285  	0.69238  	0.18502  	-0.0628  	-0.7664  	0.05589  	0.20644  	-0.0425  	0.59527  	0.13871  	-0.1977  	0.87729  	-0.0268  	0.39831  	0.24992  	0.07510  	0.26338  	-0.5464  	-0.5873  	-0.0864  	-0.0203  	0.21465  	0.00638  	-0.1805  	0.53261  	0.20493  	0.36946  	0.11073  	-0.4692  	-0.0199  	0.11539  	0.09860  	-0.1334  	0.21714  	0.07037  	-0.0298  	-0.0016  	-0.0407  	-0.0139  	-0.1575  	-0.1353  	-0.0586  	0.00883  	-0.0218  	-0.0141  	0.00739  	-0.0049  	0.00875  	0.03650  	-0.0418  	-0.0201  	0.04637  	0.03212  	0.02272  	0.20158  	-0.0276  	0.00568  	-0.0014  	0.03522  	0.06434  	0.40137  	267.172  	162.321  	
-0.0075  	-0.0184  	-0.7700  	-0.3733  	0.41843  	-1.0856  	-0.2165  	0.09376  	0.07875  	-0.2074  	-0.2205  	0.61410  	0.11482  	-0.1974  	-0.9934  	-0.1102  	0.20142  	0.00447  	0.60494  	0.16624  	-0.2837  	0.87945  	-0.0211  	0.37795  	0.19558  	0.11029  	0.19481  	-0.5421  	-0.5766  	-0.1175  	-0.0136  	0.18639  	-0.0165  	-0.1768  	0.51209  	0.27448  	0.25506  	0.06898  	-0.4830  	-0.0123  	0.08976  	0.11927  	-0.1489  	0.23655  	0.07798  	-0.0421  	0.00873  	-0.0545  	-0.0113  	-0.1574  	-0.1374  	-0.0614  	-0.0024  	-0.0203  	-0.0190  	-0.0108  	0.00835  	0.02152  	0.03529  	-0.0474  	-0.0318  	0.04707  	0.04098  	0.01875  	0.20158  	-0.0276  	0.00568  	-0.0014  	0.03522  	0.06434  	0.40137  	267.172  	162.321  	
-0.2751  	-0.1005  	-0.8647  	-0.5145  	0.33920  	-1.1733  	-0.2565  	0.00421  	0.03077  	-0.2306  	-0.1495  	0.60283  	0.03300  	-0.3768  	-1.1127  	-0.1500  	0.20251  	0.01329  	0.61606  	0.21340  	-0.3130  	0.88005  	0.00762  	0.32085  	0.18015  	0.13351  	0.14599  	-0.4782  	-0.5047  	-0.1116  	0.00307  	0.18413  	-0.0375  	-0.1666  	0.41961  	0.29937  	0.20912  	0.07227  	-0.4512  	0.00391  	0.08812  	0.11710  	-0.1691  	0.22450  	0.09054  	-0.0379  	0.00127  	-0.0510  	-0.0196  	-0.1619  	-0.1382  	-0.0521  	-0.0006  	-0.0187  	-0.0165  	-0.0049  	0.00666  	0.02408  	0.03527  	-0.0446  	-0.0252  	0.04295  	0.03352  	0.01018  	0.20158  	-0.0276  	0.00568  	-0.0014  	0.03522  	0.06434  	0.40137  	267.172  	162.321  	
-0.3673  	-0.1191  	-0.8899  	-0.5568  	0.31858  	-1.2523  	-0.2864  	-0.0093  	0.00095  	-0.1726  	-0.1087  	0.57656  	0.02083  	-0.4112  	-1.1022  	-0.1614  	0.21303  	0.05426  	0.62004  	0.19262  	-0.3121  	0.88411  	0.03944  	0.30821  	0.17346  	0.13006  	0.14513  	-0.4793  	-0.4892  	-0.1151  	0.02684  	0.18878  	-0.0415  	-0.1728  	0.39923  	0.31962  	0.19403  	0.07491  	-0.4630  	0.01089  	0.11027  	0.10123  	-0.1723  	0.21757  	0.08366  	-0.0332  	0.00267  	-0.0632  	-0.0236  	-0.1543  	-0.1402  	-0.0587  	0.00352  	-0.0214  	-0.0116  	-0.0111  	0.00345  	0.02752  	0.04029  	-0.0360  	-0.0247  	0.04904  	0.03167  	0.00663  	0.20158  	-0.0276  	0.00568  	-0.0014  	0.03522  	0.06434  	0.40137  	267.172  	162.321  	
-0.4208  	-0.0855  	-0.8633  	-0.6562  	0.31926  	-1.2954  	-0.2598  	-0.0170  	0.00066  	-0.1303  	-0.1054  	0.54437  	0.00026  	-0.4659  	-1.1970  	-0.1781  	0.18449  	0.03668  	0.60747  	0.16586  	-0.3331  	0.89047  	0.05686  	0.27493  	0.16256  	0.13817  	0.15292  	-0.4966  	-0.5097  	-0.1238  	0.02873  	0.19163  	-0.0388  	-0.1754  	0.37910  	0.33115  	0.20691  	0.06422  	-0.4443  	-0.0037  	0.13174  	0.10697  	-0.1805  	0.22824  	0.08093  	-0.0350  	0.00143  	-0.0573  	-0.0268  	-0.1523  	-0.1471  	-0.0575  	0.00336  	-0.0176  	-0.0139  	-0.0144  	0.00520  	0.02888  	0.03644  	-0.0413  	-0.0239  	0.05158  	0.03043  	0.00794  	0.20158  	-0.0276  	0.00568  	-0.0014  	0.03522  	0.06434  	0.40137  	267.172  	162.321  	
-0.3089  	-0.0522  	-0.7345  	-0.6341  	0.32508  	-1.2434  	-0.2327  	0.00676  	0.01424  	-0.1176  	-0.1139  	0.51502  	0.00510  	-0.4254  	-1.1816  	-0.1751  	0.19039  	-0.0183  	0.59551  	0.16162  	-0.3177  	0.91391  	0.06914  	0.32377  	0.20988  	0.12788  	0.16706  	-0.5345  	-0.5068  	-0.1172  	0.00261  	0.18166  	-0.0524  	-0.1754  	0.37419  	0.31379  	0.24246  	0.06212  	-0.4430  	-0.0241  	0.14121  	0.10975  	-0.1817  	0.23127  	0.08849  	-0.0414  	0.00699  	-0.0603  	-0.0186  	-0.1574  	-0.1513  	-0.0556  	0.00788  	-0.0210  	-0.0178  	-0.0196  	0.00380  	0.02438  	0.03837  	-0.0480  	-0.0242  	0.04930  	0.03091  	0.01233  	0.20158  	-0.0276  	0.00568  	-0.0014  	0.03522  	0.06434  	0.40137  	267.172  	162.321  	
-0.2657  	-0.0505  	-0.6912  	-0.6177  	0.32659  	-1.2063  	-0.2196  	-0.0009  	0.03009  	-0.1367  	-0.1562  	0.50901  	0.01011  	-0.4382  	-1.1700  	-0.1507  	0.21008  	-0.0277  	0.60657  	0.15393  	-0.3299  	0.91256  	0.08124  	0.32184  	0.22673  	0.13217  	0.18938  	-0.5250  	-0.4973  	-0.1068  	-0.0012  	0.17891  	-0.0699  	-0.1706  	0.36632  	0.30931  	0.24188  	0.06354  	-0.4460  	-0.0276  	0.14551  	0.10348  	-0.1665  	0.23599  	0.08910  	-0.0439  	0.00697  	-0.0554  	-0.0155  	-0.1637  	-0.1462  	-0.0565  	0.00595  	-0.0202  	-0.0207  	-0.0161  	0.00089  	0.02169  	0.03852  	-0.0460  	-0.0260  	0.04419  	0.03482  	0.01576  	0.20158  	-0.0276  	0.00568  	-0.0014  	0.03522  	0.06434  	0.40137  	267.172  	162.321  	
-0.2165  	-0.0388  	-0.6539  	-0.5212  	0.37982  	-1.1011  	-0.2093  	0.01905  	0.03783  	-0.1935  	-0.2686  	0.55518  	0.03068  	-0.4187  	-1.0899  	-0.1249  	0.22400  	-0.0444  	0.63290  	0.11585  	-0.3700  	0.90181  	0.10008  	0.28785  	0.22018  	0.14360  	0.20836  	-0.4825  	-0.4386  	-0.0865  	-0.0030  	0.18470  	-0.0659  	-0.1745  	0.36050  	0.29606  	0.22149  	0.05441  	-0.4185  	-0.0167  	0.14840  	0.09852  	-0.1554  	0.25791  	0.09167  	-0.0438  	0.00331  	-0.0519  	-0.0158  	-0.1678  	-0.1350  	-0.0544  	-5.5800  	-0.0269  	-0.0224  	-0.0092  	0.00272  	0.01760  	0.03694  	-0.0492  	-0.0199  	0.04696  	0.03657  	0.01647  	0.20158  	-0.0276  	0.00568  	-0.0014  	0.03522  	0.06434  	0.40137  	267.172  	162.321  	
-0.1513  	-0.0218  	-0.6257  	-0.4101  	0.39373  	-1.0341  	-0.2314  	0.03596  	0.06509  	-0.2429  	-0.3561  	0.58724  	0.02678  	-0.4249  	-1.0078  	-0.0921  	0.24058  	-0.0316  	0.62645  	0.12310  	-0.3954  	0.91180  	0.12005  	0.26963  	0.18999  	0.14832  	0.15403  	-0.4446  	-0.4117  	-0.0929  	-0.0027  	0.19514  	-0.0684  	-0.1686  	0.30983  	0.27566  	0.20182  	0.06328  	-0.4109  	-0.0054  	0.17937  	0.08402  	-0.1424  	0.26482  	0.08242  	-0.0414  	0.00623  	-0.0481  	-0.0072  	-0.1786  	-0.1343  	-0.0541  	-0.0003  	-0.0248  	-0.0130  	-0.0143  	0.00402  	0.01741  	0.03688  	-0.0509  	-0.0224  	0.04660  	0.03643  	0.02394  	0.20158  	-0.0276  	0.00568  	-0.0014  	0.03522  	0.06434  	0.40137  	267.172  	162.321  	
-0.0727  	-0.0176  	-0.6124  	-0.3002  	0.42746  	-0.9711  	-0.2375  	0.06122  	0.07939  	-0.2643  	-0.3758  	0.65351  	0.04870  	-0.4162  	-0.9392  	-0.0602  	0.24136  	-0.0113  	0.60803  	0.15582  	-0.3826  	0.89570  	0.11483  	0.26377  	0.15801  	0.14318  	0.10466  	-0.4440  	-0.4166  	-0.1038  	0.00661  	0.19155  	-0.0603  	-0.1597  	0.32317  	0.26011  	0.19464  	0.07666  	-0.4200  	-0.0004  	0.17933  	0.08791  	-0.1394  	0.25942  	0.07686  	-0.0404  	0.00693  	-0.0540  	-0.0125  	-0.1701  	-0.1369  	-0.0537  	0.00296  	-0.0245  	-0.0148  	-0.0144  	-0.0004  	0.01720  	0.03300  	-0.0505  	-0.0223  	0.04919  	0.03548  	0.02063  	0.20158  	-0.0276  	0.00568  	-0.0014  	0.03522  	0.06434  	0.40137  	267.172  	162.321  	
0.09807  	0.03635  	-0.5948  	-0.1684  	0.49869  	-0.8982  	-0.2466  	0.11985  	0.11430  	-0.3207  	-0.3691  	0.70798  	0.09435  	-0.2812  	-0.7847  	-0.0265  	0.23960  	-0.0442  	0.60153  	0.14261  	-0.2930  	0.89832  	0.09205  	0.28071  	0.14013  	0.13277  	0.09987  	-0.4741  	-0.4806  	-0.1060  	-0.0058  	0.19293  	-0.0220  	-0.1523  	0.41903  	0.21765  	0.25523  	0.09979  	-0.4608  	-0.0007  	0.15240  	0.08286  	-0.1479  	0.24406  	0.07310  	-0.0316  	0.01061  	-0.0667  	-0.0272  	-0.1655  	-0.1460  	-0.0553  	0.00198  	-0.0211  	-0.0206  	-0.0071  	-0.0092  	0.01289  	0.03019  	-0.0546  	-0.0178  	0.05023  	0.02639  	0.01422  	0.20158  	-0.0276  	0.00568  	-0.0014  	0.03522  	0.06434  	0.40137  	267.172  	162.321  	
0.27989  	0.09369  	-0.4988  	-0.0606  	0.51303  	-0.8332  	-0.2304  	0.18483  	0.13167  	-0.3847  	-0.3205  	0.69988  	0.11992  	-0.1384  	-0.6593  	0.01480  	0.22542  	-0.0668  	0.60511  	0.11690  	-0.1478  	0.88174  	0.05775  	0.33100  	0.15460  	0.10138  	0.19172  	-0.5873  	-0.5893  	-0.1018  	-0.0103  	0.20997  	-0.0146  	-0.1591  	0.53894  	0.16792  	0.32947  	0.11914  	-0.5111  	-0.0184  	0.10711  	0.09523  	-0.1626  	0.23322  	0.07730  	-0.0336  	0.01407  	-0.0739  	-0.0250  	-0.1596  	-0.1436  	-0.0530  	0.01162  	-0.0231  	-0.0229  	-0.0072  	-0.0116  	0.00945  	0.03252  	-0.0494  	-0.0213  	0.05643  	0.03282  	0.01126  	0.20158  	-0.0276  	0.00568  	-0.0014  	0.03522  	0.06434  	0.40137  	267.172  	162.321  	
0.46808  	0.16710  	-0.3979  	0.02404  	0.50391  	-0.7108  	-0.2196  	0.26006  	0.16855  	-0.4609  	-0.2764  	0.68267  	0.12199  	-0.0319  	-0.5672  	0.03769  	0.23149  	-0.1183  	0.59522  	0.04150  	0.02601  	0.90026  	0.07597  	0.39244  	0.14253  	0.08039  	0.30436  	-0.7350  	-0.7159  	-0.1008  	-0.0539  	0.25132  	-0.0186  	-0.1791  	0.63103  	0.11626  	0.43371  	0.16221  	-0.5603  	-0.0521  	0.06492  	0.09214  	-0.1765  	0.21965  	0.07336  	-0.0299  	0.00740  	-0.0684  	-0.0169  	-0.1520  	-0.1398  	-0.0531  	0.00992  	-0.0172  	-0.0206  	0.00574  	-0.0145  	0.01602  	0.03355  	-0.0524  	-0.0214  	0.05555  	0.02485  	0.00561  	0.20158  	-0.0276  	0.00568  	-0.0014  	0.03522  	0.06434  	0.40137  	267.172  	162.321  	
0.61325  	0.18333  	-0.3093  	0.07022  	0.48563  	-0.6052  	-0.2047  	0.33248  	0.20944  	-0.5017  	-0.2674  	0.70292  	0.12965  	0.02383  	-0.4609  	0.09462  	0.25297  	-0.1673  	0.60625  	-0.0107  	0.09573  	0.92986  	0.13137  	0.48296  	0.16903  	0.06512  	0.40850  	-0.8489  	-0.8235  	-0.0944  	-0.0567  	0.27338  	-0.0177  	-0.1864  	0.68768  	0.09238  	0.53207  	0.17870  	-0.5745  	-0.0773  	0.01745  	0.10618  	-0.1690  	0.22287  	0.07369  	-0.0342  	0.00044  	-0.0579  	-0.0077  	-0.1607  	-0.1458  	-0.0503  	0.00989  	-0.0113  	-0.0211  	0.01363  	-0.0134  	0.01656  	0.03189  	-0.0409  	-0.0203  	0.05233  	0.02807  	0.01139  	0.20158  	-0.0276  	0.00568  	-0.0014  	0.03522  	0.06434  	0.40137  	267.172  	162.321  	
0.61826  	0.17811  	-0.3096  	0.07852  	0.49244  	-0.5932  	-0.2030  	0.33692  	0.21008  	-0.4995  	-0.2698  	0.70224  	0.13252  	0.01939  	-0.4595  	0.09872  	0.25838  	-0.1692  	0.60489  	-0.0066  	0.09240  	0.92743  	0.13260  	0.48781  	0.16917  	0.06443  	0.41337  	-0.8491  	-0.8258  	-0.0908  	-0.0586  	0.27546  	-0.0196  	-0.1855  	0.68708  	0.09222  	0.53056  	0.18105  	-0.5708  	-0.0783  	0.01010  	0.10694  	-0.1697  	0.22323  	0.07356  	-0.0332  	-0.0005  	-0.0582  	-0.0072  	-0.1633  	-0.1453  	-0.0498  	0.00986  	-0.0121  	-0.0207  	0.01323  	-0.0131  	0.01677  	0.03110  	-0.0417  	-0.0202  	0.05189  	0.02917  	0.01246  	0.20158  	-0.0276  	0.00568  	-0.0014  	0.03522  	0.06434  	0.40137  	267.172  	162.321  	
0.61826  	0.17811  	-0.3096  	0.07852  	0.49244  	-0.5932  	-0.2030  	0.33692  	0.21008  	-0.4995  	-0.2698  	0.70224  	0.13252  	0.01939  	-0.4595  	0.09872  	0.25838  	-0.1692  	0.60489  	-0.0066  	0.09240  	0.92743  	0.13260  	0.48781  	0.16917  	0.06443  	0.41337  	-0.8491  	-0.8258  	-0.0908  	-0.0586  	0.27546  	-0.0196  	-0.1855  	0.68708  	0.09222  	0.53056  	0.18105  	-0.5708  	-0.0783  	0.01010  	0.10694  	-0.1697  	0.22323  	0.07356  	-0.0332  	-0.0005  	-0.0582  	-0.0072  	-0.1633  	-0.1453  	-0.0498  	0.00986  	-0.0121  	-0.0207  	0.01323  	-0.0131  	0.01677  	0.03110  	-0.0417  	-0.0202  	0.05189  	0.02917  	0.01246  	0.20158  	-0.0276  	0.00568  	-0.0014  	0.03522  	0.06434  	0.40137  	267.172  	162.321  	
0.61826  	0.17811  	-0.3096  	0.07852  	0.49244  	-0.5932  	-0.2030  	0.33692  	0.21008  	-0.4995  	-0.2698  	0.70224  	0.13252  	0.01939  	-0.4595  	0.09872  	0.25838  	-0.1692  	0.60489  	-0.0066  	0.09240  	0.92743  	0.13260  	0.48781  	0.16917  	0.06443  	0.41337  	-0.8491  	-0.8258  	-0.0908  	-0.0586  	0.27546  	-0.0196  	-0.1855  	0.68708  	0.09222  	0.53056  	0.18105  	-0.5708  	-0.0783  	0.01010  	0.10694  	-0.1697  	0.22323  	0.07356  	-0.0332  	-0.0005  	-0.0582  	-0.0072  	-0.1633  	-0.1453  	-0.0498  	0.00986  	-0.0121  	-0.0207  	0.01323  	-0.0131  	0.01677  	0.03110  	-0.0417  	-0.0202  	0.05189  	0.02917  	0.01246  	0.20158  	-0.0276  	0.00568  	-0.0014  	0.03522  	0.06434  	0.40137  	267.172  	162.321  	
0.61826  	0.17811  	-0.3096  	0.07852  	0.49244  	-0.5932  	-0.2030  	0.33692  	0.21008  	-0.4995  	-0.2698  	0.70224  	0.13252  	0.01939  	-0.4595  	0.09872  	0.25838  	-0.1692  	0.60489  	-0.0066  	0.09240  	0.92743  	0.13260  	0.48781  	0.16917  	0.06443  	0.41337  	-0.8491  	-0.8258  	-0.0908  	-0.0586  	0.27546  	-0.0196  	-0.1855  	0.68708  	0.09222  	0.53056  	0.18105  	-0.5708  	-0.0783  	0.01010  	0.10694  	-0.1697  	0.22323  	0.07356  	-0.0332  	-0.0005  	-0.0582  	-0.0072  	-0.1633  	-0.1453  	-0.0498  	0.00986  	-0.0121  	-0.0207  	0.01323  	-0.0131  	0.01677  	0.03110  	-0.0417  	-0.0202  	0.05189  	0.02917  	0.01246  	0.20158  	-0.0276  	0.00568  	-0.0014  	0.03522  	0.06434  	0.40137  	267.172  	162.321  	
0.61826  	0.17811  	-0.3096  	0.07852  	0.49244  	-0.5932  	-0.2030  	0.33692  	0.21008  	-0.4995  	-0.2698  	0.70224  	0.13252  	0.01939  	-0.4595  	0.09872  	0.25838  	-0.1692  	0.60489  	-0.0066  	0.09240  	0.92743  	0.13260  	0.48781  	0.16917  	0.06443  	0.41337  	-0.8491  	-0.8258  	-0.0908  	-0.0586  	0.27546  	-0.0196  	-0.1855  	0.68708  	0.09222  	0.53056  	0.18105  	-0.5708  	-0.0783  	0.01010  	0.10694  	-0.1697  	0.22323  	0.07356  	-0.0332  	-0.0005  	-0.0582  	-0.0072  	-0.1633  	-0.1453  	-0.0498  	0.00986  	-0.0121  	-0.0207  	0.01323  	-0.0131  	0.01677  	0.03110  	-0.0417  	-0.0202  	0.05189  	0.02917  	0.01246  	0.20158  	-0.0276  	0.00568  	-0.0014  	0.03522  	0.06434  	0.40137  	267.172  	162.321  	
0.61826  	0.17811  	-0.3096  	0.07852  	0.49244  	-0.5932  	-0.2030  	0.33692  	0.21008  	-0.4995  	-0.2698  	0.70224  	0.13252  	0.01939  	-0.4595  	0.09872  	0.25838  	-0.1692  	0.60489  	-0.0066  	0.09240  	0.92743  	0.13260  	0.48781  	0.16917  	0.06443  	0.41337  	-0.8491  	-0.8258  	-0.0908  	-0.0586  	0.27546  	-0.0196  	-0.1855  	0.68708  	0.09222  	0.53056  	0.18105  	-0.5708  	-0.0783  	0.01010  	0.10694  	-0.1697  	0.22323  	0.07356  	-0.0332  	-0.0005  	-0.0582  	-0.0072  	-0.1633  	-0.1453  	-0.0498  	0.00986  	-0.0121  	-0.0207  	0.01323  	-0.0131  	0.01677  	0.03110  	-0.0417  	-0.0202  	0.05189  	0.02917  	0.01246  	0.20158  	-0.0276  	0.00568  	-0.0014  	0.03522  	0.06434  	0.40137  	267.172  	162.321  	
0.61826  	0.17811  	-0.3096  	0.07852  	0.49244  	-0.5932  	-0.2030  	0.33692  	0.21008  	-0.4995  	-0.2698  	0.70224  	0.13252  	0.01939  	-0.4595  	0.09872  	0.25838  	-0.1692  	0.60489  	-0.0066  	0.09240  	0.92743  	0.13260  	0.48781  	0.16917  	0.06443  	0.41337  	-0.8491  	-0.8258  	-0.0908  	-0.0586  	0.27546  	-0.0196  	-0.1855  	0.68708  	0.09222  	0.53056  	0.18105  	-0.5708  	-0.0783  	0.01010  	0.10694  	-0.1697  	0.22323  	0.07356  	-0.0332  	-0.0005  	-0.0582  	-0.0072  	-0.1633  	-0.1453  	-0.0498  	0.00986  	-0.0121  	-0.0207  	0.01323  	-0.0131  	0.01677  	0.03110  	-0.0417  	-0.0202  	0.05189  	0.02917  	0.01246  	0.20158  	-0.0276  	0.00568  	-0.0014  	0.03522  	0.06434  	0.40137  	267.172  	162.321  	
0.61826  	0.17811  	-0.3096  	0.07852  	0.49244  	-0.5932  	-0.2030  	0.33692  	0.21008  	-0.4995  	-0.2698  	0.70224  	0.13252  	0.01939  	-0.4595  	0.09872  	0.25838  	-0.1692  	0.60489  	-0.0066  	0.09240  	0.92743  	0.13260  	0.48781  	0.16917  	0.06443  	0.41337  	-0.8491  	-0.8258  	-0.0908  	-0.0586  	0.27546  	-0.0196  	-0.1855  	0.68708  	0.09222  	0.53056  	0.18105  	-0.5708  	-0.0783  	0.01010  	0.10694  	-0.1697  	0.22323  	0.07356  	-0.0332  	-0.0005  	-0.0582  	-0.0072  	-0.1633  	-0.1453  	-0.0498  	0.00986  	-0.0121  	-0.0207  	0.01323  	-0.0131  	0.01677  	0.03110  	-0.0417  	-0.0202  	0.05189  	0.02917  	0.01246  	0.20158  	-0.0276  	0.00568  	-0.0014  	0.03522  	0.06434  	0.40137  	267.172  	162.321  	
0.61826  	0.17811  	-0.3096  	0.07852  	0.49244  	-0.5932  	-0.2030  	0.33692  	0.21008  	-0.4995  	-0.2698  	0.70224  	0.13252  	0.01939  	-0.4595  	0.09872  	0.25838  	-0.1692  	0.60489  	-0.0066  	0.09240  	0.92743  	0.13260  	0.48781  	0.16917  	0.06443  	0.41337  	-0.8491  	-0.8258  	-0.0908  	-0.0586  	0.27546  	-0.0196  	-0.1855  	0.68708  	0.09222  	0.53056  	0.18105  	-0.5708  	-0.0783  	0.01010  	0.10694  	-0.1697  	0.22323  	0.07356  	-0.0332  	-0.0005  	-0.0582  	-0.0072  	-0.1633  	-0.1453  	-0.0498  	0.00986  	-0.0121  	-0.0207  	0.01323  	-0.0131  	0.01677  	0.03110  	-0.0417  	-0.0202  	0.05189  	0.02917  	0.01246  	0.20158  	-0.0276  	0.00568  	-0.0014  	0.03522  	0.06434  	0.40137  	267.172  	162.321  	
0.61826  	0.17811  	-0.3096  	0.07852  	0.49244  	-0.5932  	-0.2030  	0.33692  	0.21008  	-0.4995  	-0.2698  	0.70224  	0.13252  	0.01939  	-0.4595  	0.09872  	0.25838  	-0.1692  	0.60489  	-0.0066  	0.09240  	0.92743  	0.13260  	0.48781  	0.16917  	0.06443  	0.41337  	-0.8491  	-0.8258  	-0.0908  	-0.0586  	0.27546  	-0.0196  	-0.1855  	0.68708  	0.09222  	0.53056  	0.18105  	-0.5708  	-0.0783  	0.01010  	0.10694  	-0.1697  	0.22323  	0.07356  	-0.0332  	-0.0005  	-0.0582  	-0.0072  	-0.1633  	-0.1453  	-0.0498  	0.00986  	-0.0121  	-0.0207  	0.01323  	-0.0131  	0.01677  	0.03110  	-0.0417  	-0.0202  	0.05189  	0.02917  	0.01246  	0.20158  	-0.0276  	0.00568  	-0.0014  	0.03522  	0.06434  	0.40137  	267.172  	162.321  	
0.61826  	0.17811  	-0.3096  	0.07852  	0.49244  	-0.5932  	-0.2030  	0.33692  	0.21008  	-0.4995  	-0.2698  	0.70224  	0.13252  	0.01939  	-0.4595  	0.09872  	0.25838  	-0.1692  	0.60489  	-0.0066  	0.09240  	0.92743  	0.13260  	0.48781  	0.16917  	0.06443  	0.41337  	-0.8491  	-0.8258  	-0.0908  	-0.0586  	0.27546  	-0.0196  	-0.1855  	0.68708  	0.09222  	0.53056  	0.18105  	-0.5708  	-0.0783  	0.01010  	0.10694  	-0.1697  	0.22323  	0.07356  	-0.0332  	-0.0005  	-0.0582  	-0.0072  	-0.1633  	-0.1453  	-0.0498  	0.00986  	-0.0121  	-0.0207  	0.01323  	-0.0131  	0.01677  	0.03110  	-0.0417  	-0.0202  	0.05189  	0.02917  	0.01246  	0.20158  	-0.0276  	0.00568  	-0.0014  	0.03522  	0.06434  	0.40137  	267.172  	162.321  	
0.61826  	0.17811  	-0.3096  	0.07852  	0.49244  	-0.5932  	-0.2030  	0.33692  	0.21008  	-0.4995  	-0.2698  	0.70224  	0.13252  	0.01939  	-0.4595  	0.09872  	0.25838  	-0.1692  	0.60489  	-0.0066  	0.09240  	0.92743  	0.13260  	0.48781  	0.16917  	0.06443  	0.41337  	-0.8491  	-0.8258  	-0.0908  	-0.0586  	0.27546  	-0.0196  	-0.1855  	0.68708  	0.09222  	0.53056  	0.18105  	-0.5708  	-0.0783  	0.01010  	0.10694  	-0.1697  	0.22323  	0.07356  	-0.0332  	-0.0005  	-0.0582  	-0.0072  	-0.1633  	-0.1453  	-0.0498  	0.00986  	-0.0121  	-0.0207  	0.01323  	-0.0131  	0.01677  	0.03110  	-0.0417  	-0.0202  	0.05189  	0.02917  	0.01246  	0.20158  	-0.0276  	0.00568  	-0.0014  	0.03522  	0.06434  	0.40137  	267.172  	162.321  	
0.61826  	0.17811  	-0.3096  	0.07852  	0.49244  	-0.5932  	-0.2030  	0.33692  	0.21008  	-0.4995  	-0.2698  	0.70224  	0.13252  	0.01939  	-0.4595  	0.09872  	0.25838  	-0.1692  	0.60489  	-0.0066  	0.09240  	0.92743  	0.13260  	0.48781  	0.16917  	0.06443  	0.41337  	-0.8491  	-0.8258  	-0.0908  	-0.0586  	0.27546  	-0.0196  	-0.1855  	0.68708  	0.09222  	0.53056  	0.18105  	-0.5708  	-0.0783  	0.01010  	0.10694  	-0.1697  	0.22323  	0.07356  	-0.0332  	-0.0005  	-0.0582  	-0.0072  	-0.1633  	-0.1453  	-0.0498  	0.00986  	-0.0121  	-0.0207  	0.01323  	-0.0131  	0.01677  	0.03110  	-0.0417  	-0.0202  	0.05189  	0.02917  	0.01246  	0.20158  	-0.0276  	0.00568  	-0.0014  	0.03522  	0.06434  	0.40137  	267.172  	162.321  	
0.61826  	0.17811  	-0.3096  	0.07852  	0.49244  	-0.5932  	-0.2030  	0.33692  	0.21008  	-0.4995  	-0.2698  	0.70224  	0.13252  	0.01939  	-0.4595  	0.09872  	0.25838  	-0.1692  	0.60489  	-0.0066  	0.09240  	0.92743  	0.13260  	0.48781  	0.16917  	0.06443  	0.41337  	-0.8491  	-0.8258  	-0.0908  	-0.0586  	0.27546  	-0.0196  	-0.1855  	0.68708  	0.09222  	0.53056  	0.18105  	-0.5708  	-0.0783  	0.01010  	0.10694  	-0.1697  	0.22323  	0.07356  	-0.0332  	-0.0005  	-0.0582  	-0.0072  	-0.1633  	-0.1453  	-0.0498  	0.00986  	-0.0121  	-0.0207  	0.01323  	-0.0131  	0.01677  	0.03110  	-0.0417  	-0.0202  	0.05189  	0.02917  	0.01246  	0.20158  	-0.0276  	0.00568  	-0.0014  	0.03522  	0.06434  	0.40137  	267.172  	162.321  	
0.61826  	0.17811  	-0.3096  	0.07852  	0.49244  	-0.5932  	-0.2030  	0.33692  	0.21008  	-0.4995  	-0.2698  	0.70224  	0.13252  	0.01939  	-0.4595  	0.09872  	0.25838  	-0.1692  	0.60489  	-0.0066  	0.09240  	0.92743  	0.13260  	0.48781  	0.16917  	0.06443  	0.41337  	-0.8491  	-0.8258  	-0.0908  	-0.0586  	0.27546  	-0.0196  	-0.1855  	0.68708  	0.09222  	0.53056  	0.18105  	-0.5708  	-0.0783  	0.01010  	0.10694  	-0.1697  	0.22323  	0.07356  	-0.0332  	-0.0005  	-0.0582  	-0.0072  	-0.1633  	-0.1453  	-0.0498  	0.00986  	-0.0121  	-0.0207  	0.01323  	-0.0131  	0.01677  	0.03110  	-0.0417  	-0.0202  	0.05189  	0.02917  	0.01246  	0.20158  	-0.0276  	0.00568  	-0.0014  	0.03522  	0.06434  	0.40137  	267.172  	162.321  	
0.61826  	0.17811  	-0.3096  	0.07852  	0.49244  	-0.5932  	-0.2030  	0.33692  	0.21008  	-0.4995  	-0.2698  	0.70224  	0.13252  	0.01939  	-0.4595  	0.09872  	0.25838  	-0.1692  	0.60489  	-0.0066  	0.09240  	0.92743  	0.13260  	0.48781  	0.16917  	0.06443  	0.41337  	-0.8491  	-0.8258  	-0.0908  	-0.0586  	0.27546  	-0.0196  	-0.1855  	0.68708  	0.09222  	0.53056  	0.18105  	-0.5708  	-0.0783  	0.01010  	0.10694  	-0.1697  	0.22323  	0.07356  	-0.0332  	-0.0005  	-0.0582  	-0.0072  	-0.1633  	-0.1453  	-0.0498  	0.00986  	-0.0121  	-0.0207  	0.01323  	-0.0131  	0.01677  	0.03110  	-0.0417  	-0.0202  	0.05189  	0.02917  	0.01246  	0.20158  	-0.0276  	0.00568  	-0.0014  	0.03522  	0.06434  	0.40137  	267.172  	162.321  	
0.61826  	0.17811  	-0.3096  	0.07852  	0.49244  	-0.5932  	-0.2030  	0.33692  	0.21008  	-0.4995  	-0.2698  	0.70224  	0.13252  	0.01939  	-0.4595  	0.09872  	0.25838  	-0.1692  	0.60489  	-0.0066  	0.09240  	0.92743  	0.13260  	0.48781  	0.16917  	0.06443  	0.41337  	-0.8491  	-0.8258  	-0.0908  	-0.0586  	0.27546  	-0.0196  	-0.1855  	0.68708  	0.09222  	0.53056  	0.18105  	-0.5708  	-0.0783  	0.01010  	0.10694  	-0.1697  	0.22323  	0.07356  	-0.0332  	-0.0005  	-0.0582  	-0.0072  	-0.1633  	-0.1453  	-0.0498  	0.00986  	-0.0121  	-0.0207  	0.01323  	-0.0131  	0.01677  	0.03110  	-0.0417  	-0.0202  	0.05189  	0.02917  	0.01246  	0.20158  	-0.0276  	0.00568  	-0.0014  	0.03522  	0.06434  	0.40137  	267.172  	162.321  	
0.62740  	0.17608  	-0.3262  	0.20054  	0.61210  	-0.5650  	-0.1830  	0.31644  	0.17174  	-0.4748  	-0.4225  	0.68067  	0.19196  	0.09969  	-0.4351  	0.09293  	0.24198  	-0.1457  	0.60618  	0.03450  	-0.0297  	0.93580  	0.05111  	0.46701  	0.26297  	0.05656  	0.41848  	-0.7416  	-0.6889  	-0.0462  	-0.0797  	0.25375  	-0.0293  	-0.1857  	0.66648  	0.13643  	0.42616  	0.12875  	-0.5321  	-0.0358  	-0.0072  	0.11665  	-0.1719  	0.23240  	0.07965  	-0.0344  	-0.0029  	-0.0451  	0.00032  	-0.1597  	-0.1346  	-0.0537  	0.00736  	-0.0193  	-0.0176  	0.01266  	-0.0129  	0.01344  	0.03104  	-0.0454  	-0.0230  	0.05289  	0.03047  	0.00769  	0.20158  	-0.0276  	0.00568  	-0.0014  	0.03522  	0.06434  	0.40137  	267.172  	162.321  	
0.64188  	0.15678  	-0.3601  	0.37410  	0.72313  	-0.5193  	-0.1553  	0.28914  	0.14879  	-0.4601  	-0.6220  	0.63787  	0.26797  	0.19385  	-0.3767  	-0.0058  	0.23172  	-0.1268  	0.57984  	0.02292  	-0.1699  	0.96937  	-0.0226  	0.41815  	0.38059  	0.03598  	0.41728  	-0.6372  	-0.5340  	0.02174  	-0.0921  	0.22612  	-0.0450  	-0.1756  	0.61956  	0.18928  	0.30680  	0.06450  	-0.4597  	0.00669  	-0.0112  	0.13560  	-0.1826  	0.23540  	0.08560  	-0.0293  	-0.0149  	-0.0322  	0.01119  	-0.1659  	-0.1179  	-0.0561  	0.00708  	-0.0242  	-0.0216  	0.02083  	-0.0071  	0.01555  	0.03612  	-0.0480  	-0.0244  	0.05202  	0.03108  	0.00294  	0.20158  	-0.0276  	0.00568  	-0.0014  	0.03522  	0.06434  	0.40137  	267.172  	162.321  	
0.63129  	0.17620  	-0.5541  	0.73371  	0.97980  	-0.5470  	-0.1193  	0.27188  	0.13841  	-0.4163  	-0.9463  	0.61928  	0.38201  	0.38539  	-0.0665  	-0.1414  	0.19135  	-0.1204  	0.55809  	0.02216  	-0.3671  	1.06045  	-0.0998  	0.37399  	0.47460  	0.02676  	0.47051  	-0.5252  	-0.2655  	0.14757  	-0.1219  	0.18384  	-0.0605  	-0.1679  	0.59365  	0.21635  	0.15625  	0.00855  	-0.3998  	0.06722  	-0.0652  	0.16332  	-0.1956  	0.23005  	0.09288  	-0.0281  	-0.0132  	-0.0300  	0.02308  	-0.1718  	-0.1160  	-0.0548  	0.01205  	-0.0214  	-0.0163  	0.02691  	-0.0057  	0.01028  	0.04364  	-0.0344  	-0.0270  	0.05891  	0.01554  	0.00436  	0.20158  	-0.0276  	0.00568  	-0.0014  	0.03522  	0.06434  	0.40137  	267.172  	162.321  	
0.41752  	0.12337  	-0.7182  	0.68434  	0.99361  	-0.8399  	-0.2022  	0.22567  	0.12226  	-0.3286  	-0.7006  	0.68599  	0.30847  	0.40404  	-0.1353  	-0.1309  	0.15318  	-0.1168  	0.56537  	0.10903  	-0.3189  	1.03193  	-0.2024  	0.44759  	0.46323  	0.05341  	0.36420  	-0.5501  	-0.3973  	0.10185  	-0.0555  	0.17876  	-0.0521  	-0.1573  	0.68905  	0.18569  	0.15022  	0.00342  	-0.4524  	0.08458  	-0.0874  	0.16794  	-0.2288  	0.19483  	0.07119  	-0.0301  	-0.0011  	-0.0610  	-0.0130  	-0.1661  	-0.1233  	-0.0571  	-0.0041  	-0.0209  	-0.0318  	0.01179  	-0.0084  	0.01409  	0.03598  	-0.0415  	-0.0300  	0.06131  	0.01549  	-0.0062  	0.20158  	-0.0276  	0.00568  	-0.0014  	0.03522  	0.06434  	0.40137  	267.172  	162.321  	
-0.0222  	-0.0687  	-0.7689  	-0.1491  	0.59795  	-1.1212  	-0.1487  	0.06446  	0.09692  	-0.2892  	-0.2651  	0.74124  	0.09325  	-0.2369  	-0.7381  	-0.1339  	0.15386  	0.01183  	0.58197  	0.20138  	-0.2374  	0.82936  	-0.0960  	0.41090  	0.15694  	0.07740  	0.23206  	-0.5043  	-0.5727  	-0.0710  	0.01230  	0.21833  	-0.0343  	-0.1689  	0.62415  	0.22005  	0.29484  	0.08525  	-0.5024  	0.02361  	0.01200  	0.13626  	-0.2157  	0.18741  	0.11108  	-0.0344  	-0.0114  	-0.0847  	-0.0096  	-0.1805  	-0.1521  	-0.0473  	-0.0030  	-0.0215  	-0.0254  	-0.0063  	0.00659  	0.01619  	0.03096  	-0.0488  	-0.0149  	0.06261  	0.01826  	0.01219  	0.20158  	-0.0276  	0.00568  	-0.0014  	0.03522  	0.06434  	0.40137  	267.172  	162.321  	
0.07421  	-0.0398  	-0.5889  	-0.3631  	0.43446  	-0.8432  	-0.2687  	0.08858  	0.06180  	-0.3413  	-0.2543  	0.57366  	0.03223  	-0.3279  	-0.7581  	-0.0929  	0.25405  	-0.1023  	0.66255  	0.10190  	-0.1352  	0.88220  	0.07269  	0.42661  	0.24240  	0.08998  	0.37197  	-0.6657  	-0.6544  	-0.0918  	-0.0208  	0.22680  	-0.0691  	-0.1856  	0.58563  	0.24292  	0.34699  	0.10471  	-0.5465  	-0.0022  	0.07840  	0.09867  	-0.1881  	0.22128  	0.09669  	-0.0322  	0.00280  	-0.0884  	-0.0373  	-0.1530  	-0.1305  	-0.0514  	0.00115  	-0.0210  	-0.0228  	-0.0028  	-0.0044  	0.01655  	0.03348  	-0.0435  	-0.0219  	0.04047  	0.02682  	0.01169  	0.20158  	-0.0276  	0.00568  	-0.0014  	0.03522  	0.06434  	0.40137  	267.172  	162.321  	
0.22237  	0.08205  	-0.4647  	-0.2917  	0.40285  	-0.8278  	-0.2797  	0.14672  	0.07142  	-0.3180  	-0.3924  	0.63044  	0.10898  	-0.2441  	-0.8725  	-0.0290  	0.24538  	-0.0666  	0.65472  	0.05282  	-0.2251  	0.90669  	0.11543  	0.36781  	0.22061  	0.07958  	0.31072  	-0.6149  	-0.5739  	-0.0891  	-0.0209  	0.20751  	-0.0381  	-0.1818  	0.44730  	0.20194  	0.34893  	0.11737  	-0.4952  	-0.0243  	0.11912  	0.07190  	-0.1491  	0.24253  	0.07561  	-0.0369  	-0.0013  	-0.0548  	-0.0221  	-0.1751  	-0.1498  	-0.0605  	-0.0035  	-0.0258  	-0.0199  	0.00192  	-0.0084  	0.01591  	0.03474  	-0.0592  	-0.0156  	0.05409  	0.04308  	0.00783  	0.20158  	-0.0276  	0.00568  	-0.0014  	0.03522  	0.06434  	0.40137  	267.172  	162.321  	
0.09716  	0.03280  	-0.5093  	-0.2960  	0.41914  	-0.8702  	-0.2684  	0.11601  	0.07188  	-0.2350  	-0.2993  	0.65621  	0.05128  	-0.2778  	-0.9511  	-0.0779  	0.21232  	-0.0305  	0.63959  	0.10851  	-0.2461  	0.86969  	0.05303  	0.29527  	0.24344  	0.10140  	0.25773  	-0.5735  	-0.5392  	-0.1093  	-0.0236  	0.21553  	-0.0407  	-0.1989  	0.43145  	0.24288  	0.30872  	0.11324  	-0.4777  	-0.0148  	0.15710  	0.09218  	-0.1362  	0.25975  	0.08777  	-0.0382  	0.00565  	-0.0585  	-0.0175  	-0.1762  	-0.1327  	-0.0562  	-0.0028  	-0.0247  	-0.0184  	-0.0041  	0.00145  	0.01573  	0.02907  	-0.0570  	-0.0213  	0.04932  	0.04103  	0.01335  	0.20158  	-0.0276  	0.00568  	-0.0014  	0.03522  	0.06434  	0.40137  	267.172  	162.321  	
0.05433  	-0.0003  	-0.6060  	-0.3066  	0.39033  	-0.8956  	-0.2615  	0.02864  	0.07378  	-0.3044  	-0.2709  	0.60922  	0.02111  	-0.4060  	-0.9190  	-0.0850  	0.25491  	-0.0666  	0.63908  	0.06174  	-0.2472  	0.89193  	0.10233  	0.35838  	0.20458  	0.09777  	0.25940  	-0.6142  	-0.5388  	-0.0910  	-0.0412  	0.23064  	-0.0808  	-0.1802  	0.44573  	0.27572  	0.33535  	0.12442  	-0.4956  	-0.0122  	0.13997  	0.09874  	-0.1601  	0.24353  	0.07977  	-0.0331  	0.00050  	-0.0664  	-0.0229  	-0.1612  	-0.1421  	-0.0544  	0.00815  	-0.0149  	-0.0169  	-0.0075  	-0.0047  	0.02117  	0.04016  	-0.0525  	-0.0231  	0.04556  	0.02467  	0.00625  	0.20158  	-0.0276  	0.00568  	-0.0014  	0.03522  	0.06434  	0.40137  	267.172  	162.321  	
-0.0442  	-0.0661  	-0.6794  	-0.3122  	0.40302  	-0.9248  	-0.1917  	-0.0007  	0.05487  	-0.2947  	-0.3422  	0.58417  	0.02968  	-0.4827  	-0.9525  	-0.0759  	0.23925  	-0.0078  	0.59645  	0.12580  	-0.4236  	0.90611  	0.06791  	0.26035  	0.25721  	0.13152  	0.14905  	-0.4019  	-0.3873  	-0.0734  	-0.0178  	0.19498  	-0.1005  	-0.1652  	0.33997  	0.32959  	0.18920  	0.07434  	-0.4482  	0.02632  	0.16112  	0.08952  	-0.1389  	0.25752  	0.07785  	-0.0429  	0.00214  	-0.0567  	-0.0154  	-0.1635  	-0.1355  	-0.0548  	0.00630  	-0.0245  	-0.0106  	-0.0123  	0.00396  	0.01627  	0.03701  	-0.0511  	-0.0254  	0.04595  	0.03431  	0.02053  	0.20158  	-0.0276  	0.00568  	-0.0014  	0.03522  	0.06434  	0.40137  	267.172  	162.321  	
-0.2583  	-0.0857  	-0.7382  	-0.4413  	0.38536  	-1.1014  	-0.2319  	-0.0182  	0.03976  	-0.1827  	-0.3374  	0.64212  	0.07064  	-0.4659  	-1.0517  	-0.0699  	0.18989  	0.07234  	0.61192  	0.15085  	-0.4926  	0.87444  	0.08497  	0.21290  	0.17862  	0.13829  	0.07065  	-0.3184  	-0.3595  	-0.0934  	0.03475  	0.17898  	-0.0682  	-0.1518  	0.32405  	0.33681  	0.11091  	0.03634  	-0.4192  	0.01045  	0.16037  	0.08106  	-0.1327  	0.25816  	0.08182  	-0.0470  	-0.0013  	-0.0518  	-0.0234  	-0.1636  	-0.1346  	-0.0544  	0.00061  	-0.0258  	-0.0127  	-0.0097  	-0.0007  	0.01720  	0.04243  	-0.0463  	-0.0162  	0.05221  	0.03372  	0.01903  	0.20158  	-0.0276  	0.00568  	-0.0014  	0.03522  	0.06434  	0.40137  	267.172  	162.321  	
-0.3616  	-0.0990  	-0.7768  	-0.5926  	0.34087  	-1.2625  	-0.2218  	-0.0533  	0.02301  	-0.1810  	-0.1706  	0.58035  	0.04339  	-0.4782  	-1.1794  	-0.1221  	0.18389  	0.04218  	0.60927  	0.19706  	-0.4098  	0.87405  	0.05113  	0.25852  	0.16656  	0.14161  	0.05812  	-0.4252  	-0.4319  	-0.1185  	0.03898  	0.16718  	-0.0736  	-0.1605  	0.37653  	0.31620  	0.15734  	0.04290  	-0.4248  	-0.0118  	0.16006  	0.09987  	-0.1507  	0.23838  	0.08915  	-0.0489  	-0.0021  	-0.0568  	-0.0184  	-0.1664  	-0.1385  	-0.0534  	0.00588  	-0.0253  	-0.0217  	-0.0019  	0.00022  	0.01875  	0.03084  	-0.0505  	-0.0180  	0.05145  	0.04137  	0.01031  	0.20158  	-0.0276  	0.00568  	-0.0014  	0.03522  	0.06434  	0.40137  	267.172  	162.321  	
-0.3759  	-0.1105  	-0.7781  	-0.5592  	0.39537  	-1.2724  	-0.2098  	-0.0310  	0.03879  	-0.1831  	-0.1022  	0.58750  	0.00430  	-0.4516  	-1.0719  	-0.1201  	0.20737  	0.01334  	0.59154  	0.19775  	-0.3327  	0.90058  	-0.0019  	0.34223  	0.17431  	0.12195  	0.10367  	-0.4630  	-0.4692  	-0.1198  	0.00191  	0.19052  	-0.0529  	-0.1612  	0.40632  	0.30054  	0.19813  	0.06777  	-0.4479  	0.00246  	0.11968  	0.10809  	-0.1781  	0.21464  	0.08389  	-0.0435  	0.00354  	-0.0704  	-0.0176  	-0.1621  	-0.1379  	-0.0547  	0.00837  	-0.0203  	-0.0129  	-0.0129  	0.00041  	0.01962  	0.03645  	-0.0415  	-0.0231  	0.05766  	0.03195  	0.01366  	0.20158  	-0.0276  	0.00568  	-0.0014  	0.03522  	0.06434  	0.40137  	267.172  	162.321  	
-0.2504  	-0.0891  	-0.7272  	-0.4511  	0.42854  	-1.2108  	-0.2220  	0.05482  	0.05742  	-0.2183  	-0.0899  	0.60206  	0.00239  	-0.4106  	-1.0435  	-0.1636  	0.23415  	-0.0262  	0.58668  	0.23283  	-0.2638  	0.87357  	-0.0134  	0.39459  	0.19490  	0.10717  	0.14978  	-0.5033  	-0.5231  	-0.1124  	-0.0213  	0.18722  	-0.0579  	-0.1715  	0.43083  	0.26844  	0.26496  	0.05822  	-0.4529  	-0.0231  	0.09724  	0.10673  	-0.1987  	0.20781  	0.08784  	-0.0321  	0.00394  	-0.0744  	-0.0175  	-0.1611  	-0.1339  	-0.0552  	0.00344  	-0.0198  	-0.0199  	-0.0098  	0.00284  	0.01785  	0.03835  	-0.0439  	-0.0238  	0.05121  	0.02793  	0.01252  	0.20158  	-0.0276  	0.00568  	-0.0014  	0.03522  	0.06434  	0.40137  	267.172  	162.321  	
0.01927  	0.01548  	-0.6572  	-0.3566  	0.41965  	-1.0190  	-0.2430  	0.12201  	0.07004  	-0.2788  	-0.2891  	0.62371  	0.09753  	-0.2213  	-0.8192  	-0.1933  	0.24934  	-0.0462  	0.59614  	0.14680  	-0.1731  	0.93405  	0.07647  	0.38673  	0.25382  	0.10633  	0.28828  	-0.5888  	-0.5390  	-0.0890  	-0.0299  	0.16398  	-0.0786  	-0.1808  	0.46566  	0.24508  	0.29691  	0.06121  	-0.4735  	0.01135  	0.10230  	0.09723  	-0.1706  	0.22645  	0.08734  	-0.0429  	0.00869  	-0.0651  	-0.0155  	-0.1644  	-0.1320  	-0.0577  	0.00469  	-0.0150  	-0.0333  	-0.0031  	-0.0005  	0.00860  	0.03908  	-0.0401  	-0.0253  	0.05057  	0.02165  	0.00820  	0.20158  	-0.0276  	0.00568  	-0.0014  	0.03522  	0.06434  	0.40137  	267.172  	162.321  	
0.18438  	0.02256  	-0.5642  	-0.1799  	0.47450  	-0.8063  	-0.2698  	0.15136  	0.08732  	-0.3081  	-0.4159  	0.66236  	0.07073  	-0.2887  	-0.8534  	-0.0247  	0.25254  	0.00198  	0.63654  	0.14409  	-0.2460  	0.90416  	0.06300  	0.29586  	0.23766  	0.11017  	0.16783  	-0.5189  	-0.4772  	-0.0806  	-0.0323  	0.19935  	-0.0648  	-0.1725  	0.40352  	0.24167  	0.23190  	0.08676  	-0.4419  	0.02194  	0.14715  	0.06866  	-0.1297  	0.24470  	0.07409  	-0.0430  	0.00110  	-0.0656  	-0.0155  	-0.1637  	-0.1308  	-0.0570  	-3.2614  	-0.0256  	-0.0223  	-2.3304  	0.00193  	0.00928  	0.03834  	-0.0495  	-0.0260  	0.04441  	0.02605  	0.00917  	0.20158  	-0.0276  	0.00568  	-0.0014  	0.03522  	0.06434  	0.40137  	267.172  	162.321  	
0.12125  	0.03432  	-0.5380  	-0.3148  	0.46548  	-0.9439  	-0.2235  	0.06204  	0.06767  	-0.2777  	-0.3845  	0.60937  	0.08121  	-0.3136  	-0.9270  	-0.0302  	0.21995  	-0.0196  	0.61553  	0.18313  	-0.3135  	0.88455  	-0.0205  	0.30653  	0.22896  	0.10398  	0.14369  	-0.4740  	-0.4456  	-0.0810  	-0.0327  	0.20035  	-0.0527  	-0.1617  	0.40630  	0.27200  	0.24354  	0.08781  	-0.4383  	0.04647  	0.17631  	0.08218  	-0.1422  	0.25687  	0.07688  	-0.0420  	0.00073  	-0.0552  	-0.0101  	-0.1756  	-0.1335  	-0.0560  	0.00227  	-0.0264  	-0.0194  	-0.0107  	0.00021  	0.01639  	0.02698  	-0.0567  	-0.0239  	0.04783  	0.03577  	0.01306  	0.20158  	-0.0276  	0.00568  	-0.0014  	0.03522  	0.06434  	0.40137  	267.172  	162.321  	
-0.1602  	-0.0743  	-0.7297  	-0.3643  	0.43398  	-1.0984  	-0.1778  	-0.0216  	0.04109  	-0.2026  	-0.1074  	0.59922  	0.04761  	-0.3416  	-0.9979  	-0.1627  	0.22636  	-0.0403  	0.60513  	0.19091  	-0.2815  	0.87774  	-0.0432  	0.37929  	0.31032  	0.09352  	0.22068  	-0.5375  	-0.4969  	-0.0704  	-0.0228  	0.18915  	-0.0444  	-0.1599  	0.48076  	0.30010  	0.25568  	0.06277  	-0.4741  	0.00726  	0.10591  	0.13411  	-0.1717  	0.21434  	0.09898  	-0.0327  	-0.0103  	-0.0841  	-0.0204  	-0.1685  	-0.1272  	-0.0562  	0.00020  	-0.0221  	-0.0222  	-0.0006  	-0.0022  	0.01423  	0.03953  	-0.0370  	-0.0227  	0.05497  	0.02835  	0.01565  	0.20158  	-0.0276  	0.00568  	-0.0014  	0.03522  	0.06434  	0.40137  	267.172  	162.321  	
-0.2361  	-0.1404  	-0.7718  	-0.5552  	0.34507  	-1.2286  	-0.2389  	0.03085  	0.03923  	-0.3011  	-0.0430  	0.52585  	-0.0030  	-0.3954  	-0.9232  	-0.2217  	0.26368  	-0.0873  	0.60928  	0.14244  	-0.1664  	0.82810  	0.03138  	0.43024  	0.21095  	0.11089  	0.24239  	-0.5959  	-0.6062  	-0.1172  	-0.0244  	0.20732  	-0.0687  	-0.1890  	0.49890  	0.24773  	0.33402  	0.08176  	-0.5065  	-0.0242  	0.07457  	0.10826  	-0.2086  	0.20748  	0.09543  	-0.0311  	0.00914  	-0.0925  	-0.0172  	-0.1565  	-0.1412  	-0.0555  	0.00284  	-0.0221  	-0.0206  	-0.0070  	-0.0044  	0.01535  	0.03373  	-0.0458  	-0.0190  	0.04922  	0.02772  	0.00650  	0.20158  	-0.0276  	0.00568  	-0.0014  	0.03522  	0.06434  	0.40137  	267.172  	162.321  	
0.29124  	0.03183  	-0.4870  	0.07485  	0.67647  	-0.8557  	-0.2056  	0.26804  	0.12906  	-0.4053  	-0.3988  	0.76050  	0.21417  	0.00803  	-0.4466  	-0.0322  	0.20157  	-0.0766  	0.60727  	0.13304  	-0.1193  	0.85096  	-0.0481  	0.49665  	0.09473  	0.12144  	0.25135  	-0.5255  	-0.6416  	-0.0770  	-0.0185  	0.22638  	0.00882  	-0.1787  	0.54707  	0.14116  	0.26551  	0.07174  	-0.4818  	0.05211  	0.03692  	0.13107  	-0.1876  	0.22051  	0.06939  	-0.0457  	0.02339  	-0.0650  	-0.0042  	-0.1601  	-0.1390  	-0.0573  	-0.0201  	-0.0291  	-0.0295  	-0.0062  	0.00301  	0.01416  	0.02929  	-0.0583  	-0.0233  	0.04762  	0.01745  	0.00658  	0.20158  	-0.0276  	0.00568  	-0.0014  	0.03522  	0.06434  	0.40137  	267.172  	162.321  	
0.61036  	0.15236  	-0.4281  	0.36868  	0.78279  	-0.5843  	-0.1617  	0.23782  	0.13224  	-0.4273  	-0.9226  	0.64905  	0.34389  	0.27958  	-0.0809  	-0.1654  	0.22589  	-0.1260  	0.58602  	0.01545  	-0.2951  	1.03399  	-0.0050  	0.35938  	0.32002  	0.07469  	0.35198  	-0.6141  	-0.4769  	0.02619  	-0.0389  	0.18957  	-0.0387  	-0.1594  	0.56404  	0.18252  	0.22248  	0.06005  	-0.4395  	0.03577  	0.00840  	0.12920  	-0.1435  	0.24779  	0.07878  	-0.0368  	0.00288  	-0.0273  	0.02006  	-0.1865  	-0.1351  	-0.0602  	-0.0048  	-0.0264  	-0.0180  	0.01156  	-0.0079  	0.01000  	0.03190  	-0.0491  	-0.0253  	0.05839  	0.02337  	0.00456  	0.20158  	-0.0276  	0.00568  	-0.0014  	0.03522  	0.06434  	0.40137  	267.172  	162.321  	
0.55635  	0.12939  	-0.4694  	0.50091  	0.83915  	-0.6445  	-0.1474  	0.22403  	0.10561  	-0.4211  	-0.8294  	0.52913  	0.31765  	0.30150  	-0.1602  	-0.1853  	0.22679  	-0.1690  	0.57679  	-0.0153  	-0.2768  	1.03623  	-0.0241  	0.40675  	0.44777  	0.05756  	0.48575  	-0.6894  	-0.4751  	0.06364  	-0.0460  	0.23142  	-0.0378  	-0.1736  	0.62645  	0.18218  	0.25781  	0.05489  	-0.4305  	0.04681  	-0.0251  	0.12006  	-0.1970  	0.24949  	0.08006  	-0.0410  	-0.0037  	-0.0405  	0.01372  	-0.1744  	-0.1198  	-0.0570  	0.00713  	-0.0225  	-0.0209  	0.01906  	-0.0115  	0.01131  	0.03466  	-0.0388  	-0.0146  	0.05248  	0.02029  	-0.0009  	0.20158  	-0.0276  	0.00568  	-0.0014  	0.03522  	0.06434  	0.40137  	267.172  	162.321  	
0.20529  	0.01789  	-0.7573  	0.34036  	0.81322  	-0.9632  	-0.1483  	0.14412  	0.07381  	-0.3150  	-0.4206  	0.74020  	0.21708  	0.07426  	-0.3901  	-0.1072  	0.20277  	-0.1097  	0.60400  	0.19397  	-0.2336  	0.90714  	-0.1612  	0.41790  	0.31478  	0.06790  	0.30700  	-0.5682  	-0.5362  	-0.0087  	-0.0710  	0.20977  	-0.0470  	-0.1682  	0.65390  	0.22715  	0.26017  	0.03851  	-0.4801  	0.05862  	-0.0265  	0.15901  	-0.2384  	0.20410  	0.08156  	-0.0372  	0.00261  	-0.0518  	-0.0177  	-0.1548  	-0.1271  	-0.0530  	-0.0078  	-0.0289  	-0.0194  	0.01486  	0.00358  	0.01104  	0.03209  	-0.0491  	-0.0168  	0.04369  	0.01137  	0.00356  	0.20158  	-0.0276  	0.00568  	-0.0014  	0.03522  	0.06434  	0.40137  	267.172  	162.321  	
-0.0831  	-0.0781  	-0.7491  	0.01912  	0.73882  	-1.0393  	-0.2033  	0.08977  	0.07695  	-0.3088  	-0.3016  	0.82645  	0.09410  	-0.1886  	-0.6420  	-0.0799  	0.17641  	-0.0002  	0.61892  	0.23707  	-0.2604  	0.88426  	-0.0564  	0.41510  	0.18332  	0.09515  	0.17541  	-0.4380  	-0.5398  	-0.0747  	-0.0152  	0.20442  	-0.0342  	-0.1623  	0.57792  	0.22965  	0.24151  	0.04395  	-0.4604  	0.03538  	0.03853  	0.12592  	-0.2343  	0.20296  	0.10118  	-0.0352  	0.00980  	-0.0747  	-0.0305  	-0.1585  	-0.1324  	-0.0540  	0.00423  	-0.0237  	-0.0249  	-0.0080  	0.00951  	0.01517  	0.03351  	-0.0379  	-0.0274  	0.04241  	0.01828  	0.00654  	0.20158  	-0.0276  	0.00568  	-0.0014  	0.03522  	0.06434  	0.40137  	267.172  	162.321  	
0.26762  	-0.0086  	-0.5373  	-0.1854  	0.47530  	-0.8017  	-0.2702  	0.09066  	0.09238  	-0.3395  	-0.3740  	0.58930  	0.04511  	-0.4077  	-0.8763  	0.06756  	0.23045  	-0.0006  	0.64605  	0.14349  	-0.2742  	0.85458  	0.02794  	0.33555  	0.26963  	0.09563  	0.21512  	-0.5163  	-0.5404  	-0.0532  	-0.0790  	0.23198  	-0.0590  	-0.1888  	0.46684  	0.28969  	0.28332  	0.08761  	-0.4718  	0.01490  	0.09425  	0.10887  	-0.1582  	0.22957  	0.08193  	-0.0299  	-0.0013  	-0.0595  	-0.0169  	-0.1603  	-0.1296  	-0.0549  	0.00856  	-0.0164  	-0.0170  	0.00145  	0.00361  	0.01747  	0.04250  	-0.0509  	-0.0333  	0.04213  	0.02885  	0.01180  	0.20158  	-0.0276  	0.00568  	-0.0014  	0.03522  	0.06434  	0.40137  	267.172  	162.321  	
0.22489  	0.02942  	-0.5137  	-0.1222  	0.52505  	-0.8162  	-0.2306  	0.08143  	0.09867  	-0.2819  	-0.3615  	0.67583  	0.04664  	-0.3519  	-0.8975  	0.04224  	0.21784  	0.01263  	0.62422  	0.17760  	-0.2792  	0.88394  	-0.0306  	0.31374  	0.25530  	0.08735  	0.19002  	-0.4352  	-0.4555  	-0.0596  	-0.0605  	0.21936  	-0.0684  	-0.1748  	0.46141  	0.30395  	0.26104  	0.08108  	-0.4647  	0.02941  	0.10695  	0.09268  	-0.1611  	0.24886  	0.08261  	-0.0327  	0.00045  	-0.0597  	-0.0137  	-0.1744  	-0.1182  	-0.0595  	0.00703  	-0.0284  	-0.0178  	0.00271  	0.01009  	0.01754  	0.04107  	-0.0468  	-0.0269  	0.03344  	0.03088  	0.01631  	0.20158  	-0.0276  	0.00568  	-0.0014  	0.03522  	0.06434  	0.40137  	267.172  	162.321  	
0.16570  	-0.0084  	-0.5744  	-0.0642  	0.52844  	-0.8242  	-0.2715  	0.02586  	0.04274  	-0.3200  	-0.3086  	0.65152  	0.00061  	-0.3867  	-0.8238  	0.02170  	0.22679  	-0.0513  	0.63081  	0.13153  	-0.2380  	0.89522  	-0.0272  	0.36723  	0.28887  	0.06020  	0.27685  	-0.5209  	-0.5212  	-0.0414  	-0.0722  	0.24612  	-0.0925  	-0.1913  	0.53758  	0.34964  	0.31857  	0.08741  	-0.4917  	0.00243  	0.06753  	0.09862  	-0.1751  	0.22667  	0.08518  	-0.0337  	0.00358  	-0.0741  	-0.0133  	-0.1697  	-0.1147  	-0.0550  	0.01121  	-0.0247  	-0.0153  	0.00554  	0.00797  	0.02585  	0.04186  	-0.0448  	-0.0276  	0.02918  	0.04289  	0.01218  	0.20158  	-0.0276  	0.00568  	-0.0014  	0.03522  	0.06434  	0.40137  	267.172  	162.321  	
0.21296  	-0.0213  	-0.5896  	-0.1304  	0.50805  	-0.8397  	-0.2242  	0.02573  	0.05031  	-0.3279  	-0.2954  	0.59309  	0.03147  	-0.4071  	-0.8590  	0.05943  	0.21786  	-0.0448  	0.63026  	0.12060  	-0.2613  	0.88887  	-0.0305  	0.34990  	0.29404  	0.06461  	0.26405  	-0.5075  	-0.5516  	-0.0486  	-0.0697  	0.25034  	-0.1011  	-0.1790  	0.54985  	0.34699  	0.33557  	0.08928  	-0.5097  	-0.0050  	0.04985  	0.11562  	-0.1791  	0.21884  	0.09168  	-0.0383  	0.00594  	-0.0842  	-0.0141  	-0.1757  	-0.1207  	-0.0547  	0.00927  	-0.0232  	-0.0118  	0.00237  	0.00679  	0.02294  	0.03927  	-0.0485  	-0.0313  	0.03211  	0.03726  	0.01663  	0.20158  	-0.0276  	0.00568  	-0.0014  	0.03522  	0.06434  	0.40137  	267.172  	162.321  	
0.25834  	-0.0253  	-0.5271  	-0.0808  	0.54985  	-0.8042  	-0.2284  	0.04348  	0.07186  	-0.2948  	-0.2998  	0.65312  	0.02960  	-0.4348  	-0.9244  	0.13277  	0.19338  	-0.0291  	0.64868  	0.17511  	-0.2841  	0.90431  	-0.0770  	0.35049  	0.34524  	0.06514  	0.26139  	-0.4781  	-0.5259  	-0.0521  	-0.0836  	0.24329  	-0.1042  	-0.1778  	0.54947  	0.36080  	0.31341  	0.09194  	-0.4900  	0.01519  	0.05498  	0.13320  	-0.1744  	0.22299  	0.09102  	-0.0341  	0.00248  	-0.0680  	-0.0128  	-0.1676  	-0.1113  	-0.0578  	0.00845  	-0.0256  	-0.0093  	0.00388  	0.01017  	0.02223  	0.03833  	-0.0416  	-0.0326  	0.02389  	0.03038  	0.01785  	0.20158  	-0.0276  	0.00568  	-0.0014  	0.03522  	0.06434  	0.40137  	267.172  	162.321  	
0.17392  	-0.0068  	-0.5515  	-0.0484  	0.53036  	-0.8119  	-0.2539  	0.01750  	0.02837  	-0.3740  	-0.3684  	0.57218  	-0.0172  	-0.3780  	-0.8082  	0.03610  	0.23947  	-0.0737  	0.63227  	0.10456  	-0.2296  	0.88645  	-0.0243  	0.40142  	0.34859  	0.05560  	0.36623  	-0.5604  	-0.5847  	-0.0256  	-0.1000  	0.28022  	-0.0958  	-0.1967  	0.57081  	0.36244  	0.36159  	0.09760  	-0.5103  	-0.0172  	0.03627  	0.10857  	-0.1834  	0.22928  	0.08906  	-0.0301  	-0.0014  	-0.0707  	-0.0088  	-0.1638  	-0.1165  	-0.0552  	0.01614  	-0.0210  	-0.0131  	0.00725  	0.00250  	0.02556  	0.04038  	-0.0438  	-0.0337  	0.02934  	0.03500  	0.01031  	0.20158  	-0.0276  	0.00568  	-0.0014  	0.03522  	0.06434  	0.40137  	267.172  	162.321  	
0.20789  	-0.0033  	-0.5630  	-0.0855  	0.51394  	-0.8214  	-0.2343  	0.02151  	0.03747  	-0.3354  	-0.3280  	0.56758  	0.01569  	-0.3583  	-0.8253  	0.05571  	0.21300  	-0.0736  	0.63960  	0.12075  	-0.2292  	0.91722  	-0.0368  	0.38472  	0.34031  	0.05784  	0.32607  	-0.5661  	-0.5959  	-0.0359  	-0.0722  	0.26498  	-0.1127  	-0.1788  	0.57940  	0.35467  	0.37078  	0.09813  	-0.5217  	-0.0164  	0.03597  	0.11148  	-0.1884  	0.21511  	0.09879  	-0.0385  	0.00249  	-0.0827  	-0.0097  	-0.1760  	-0.1184  	-0.0537  	0.01134  	-0.0217  	-0.0132  	0.00404  	0.00606  	0.02325  	0.03757  	-0.0480  	-0.0341  	0.03186  	0.03718  	0.01088  	0.20158  	-0.0276  	0.00568  	-0.0014  	0.03522  	0.06434  	0.40137  	267.172  	162.321  	
0.24068  	0.02504  	-0.4518  	-0.1588  	0.47075  	-0.8639  	-0.2487  	0.08126  	0.06391  	-0.2766  	-0.2719  	0.65271  	0.05529  	-0.4632  	-0.9333  	0.07553  	0.27775  	-0.1772  	0.68876  	-0.0880  	-0.2578  	0.66796  	-0.3206  	0.32515  	0.20514  	0.18608  	0.19667  	-0.5750  	-0.4210  	-0.0892  	0.05281  	0.18825  	-0.1776  	-0.3348  	0.44901  	0.32952  	0.19405  	0.08159  	-0.5925  	-0.0464  	0.16920  	0.24961  	-0.2832  	0.30360  	0.02468  	-0.0124  	-0.0186  	-0.0460  	-0.0221  	-0.1759  	-0.1124  	-0.0535  	0.00701  	-0.0101  	-0.0067  	-0.0027  	0.00100  	0.00742  	0.03545  	-0.0391  	-0.0271  	0.02877  	0.01474  	0.01717  	0.20158  	-0.0276  	0.00568  	-0.0014  	0.03522  	0.06434  	0.40137  	267.172  	162.321  	
0.09117  	0.02859  	-0.5417  	-0.1653  	0.42582  	-1.0360  	-0.2675  	0.12571  	-0.0248  	-0.2409  	-0.3052  	0.64781  	0.15113  	-0.4578  	-0.8789  	-0.1046  	0.33174  	-0.2778  	0.74140  	-0.2985  	-0.2877  	0.50345  	-0.5479  	0.29400  	0.19953  	0.26973  	0.17630  	-0.5952  	-0.2425  	-0.0998  	0.17673  	0.13201  	-0.2676  	-0.4773  	0.33763  	0.36363  	0.03042  	0.05854  	-0.6514  	-0.1201  	0.25321  	0.34675  	-0.3777  	0.37538  	-0.0201  	-0.0140  	-0.0443  	-0.0247  	-0.0347  	-0.2085  	-0.1057  	-0.0442  	0.01263  	0.00553  	-0.0027  	-0.0098  	0.00029  	-0.0086  	0.03910  	-0.0277  	-0.0207  	0.03744  	0.01380  	0.01739  	0.20158  	-0.0276  	0.00568  	-0.0014  	0.03522  	0.06434  	0.40137  	267.172  	162.321  	
-0.1806  	-0.0278  	-0.7037  	-0.3151  	0.47368  	-1.2277  	-0.2504  	0.06881  	-0.0268  	-0.2709  	-0.1977  	0.64556  	0.12273  	-0.4902  	-0.8573  	-0.2040  	0.42790  	-0.3611  	0.75202  	-0.3743  	-0.2094  	0.44566  	-0.5285  	0.37882  	0.17499  	0.30893  	0.21184  	-0.6954  	-0.2958  	-0.0964  	0.19076  	0.10386  	-0.2817  	-0.4937  	0.34027  	0.31394  	0.07560  	0.06198  	-0.7180  	-0.1645  	0.24120  	0.39972  	-0.4480  	0.36892  	-0.0255  	-0.0042  	-0.0476  	-0.0434  	-0.0445  	-0.1932  	-0.1134  	-0.0419  	0.00395  	0.01344  	0.00348  	-0.0005  	-0.0107  	-0.0123  	0.04510  	-0.0269  	-0.0151  	0.05264  	-0.0003  	0.01475  	0.20158  	-0.0276  	0.00568  	-0.0014  	0.03522  	0.06434  	0.40137  	267.172  	162.321  	
-0.1092  	-0.0696  	-0.6823  	-0.1009  	0.58272  	-1.1360  	-0.2815  	0.21106  	0.02120  	-0.3572  	-0.1671  	0.76260  	0.16398  	-0.3101  	-0.6427  	-0.2863  	0.36454  	-0.3412  	0.71437  	-0.2452  	-0.0993  	0.43994  	-0.4790  	0.42120  	0.10006  	0.29232  	0.18936  	-0.6556  	-0.3792  	-0.1105  	0.16427  	0.09245  	-0.2057  	-0.4629  	0.41981  	0.20095  	0.09784  	0.05332  	-0.6726  	-0.1525  	0.17632  	0.37088  	-0.4342  	0.35649  	-0.0154  	0.00135  	-0.0268  	-0.0514  	-0.0413  	-0.1890  	-0.1226  	-0.0503  	0.00547  	0.01371  	-0.0092  	-0.0055  	-0.0024  	-0.0036  	0.03697  	-0.0276  	-0.0157  	0.03463  	0.00076  	0.01370  	0.20158  	-0.0276  	0.00568  	-0.0014  	0.03522  	0.06434  	0.40137  	267.172  	162.321  	
0.04662  	0.02018  	-0.6501  	-0.0570  	0.57609  	-0.9920  	-0.2927  	0.19243  	0.07294  	-0.3451  	-0.3370  	0.80341  	0.18087  	-0.1570  	-0.5997  	-0.1675  	0.31741  	-0.1795  	0.66387  	-0.0794  	-0.1981  	0.65702  	-0.2843  	0.29789  	0.15123  	0.21278  	0.16660  	-0.5522  	-0.3788  	-0.0638  	0.06458  	0.12173  	-0.1190  	-0.3353  	0.45020  	0.21137  	0.13977  	0.07494  	-0.5627  	-0.0855  	0.14062  	0.23808  	-0.2966  	0.28848  	0.04364  	-0.0138  	-0.0151  	-0.0475  	-0.0312  	-0.1843  	-0.1215  	-0.0502  	-0.0026  	-0.0081  	-0.0224  	0.00102  	0.00190  	0.00863  	0.03856  	-0.0310  	-0.0182  	0.03944  	0.01574  	0.01535  	0.20158  	-0.0276  	0.00568  	-0.0014  	0.03522  	0.06434  	0.40137  	267.172  	162.321  	
-0.0150  	-0.0457  	-0.6521  	-0.2715  	0.45539  	-1.0059  	-0.2304  	0.08404  	0.09343  	-0.2265  	-0.3941  	0.65358  	0.09314  	-0.2733  	-0.8516  	-0.1552  	0.24378  	0.00434  	0.63448  	0.13368  	-0.3369  	0.88670  	0.03144  	0.28283  	0.26768  	0.10827  	0.17222  	-0.4695  	-0.4218  	-0.0579  	-0.0296  	0.18736  	-0.0480  	-0.1533  	0.40322  	0.26640  	0.20231  	0.08805  	-0.4342  	0.03013  	0.12960  	0.08962  	-0.1502  	0.24554  	0.08587  	-0.0341  	0.00119  	-0.0612  	-0.0114  	-0.1641  	-0.1395  	-0.0572  	0.00014  	-0.0195  	-0.0189  	-0.0084  	0.00104  	0.01921  	0.03559  	-0.0461  	-0.0210  	0.04422  	0.04021  	0.01824  	0.20158  	-0.0276  	0.00568  	-0.0014  	0.03522  	0.06434  	0.40137  	267.172  	162.321  	
-0.0040  	-0.0293  	-0.6421  	-0.3408  	0.39870  	-0.9534  	-0.2229  	0.07859  	0.09811  	-0.2620  	-0.3338  	0.60896  	0.02636  	-0.3911  	-0.9406  	-0.1066  	0.23307  	-0.0138  	0.64765  	0.11355  	-0.3154  	0.91237  	0.06602  	0.30450  	0.23576  	0.11280  	0.20024  	-0.4644  	-0.4378  	-0.0588  	-0.0447  	0.19949  	-0.0771  	-0.1716  	0.36816  	0.28551  	0.22954  	0.07741  	-0.4447  	0.01634  	0.14307  	0.10228  	-0.1459  	0.24578  	0.08073  	-0.0385  	0.00536  	-0.0497  	-0.0083  	-0.1655  	-0.1399  	-0.0572  	0.00247  	-0.0150  	-0.0163  	-0.0117  	0.00250  	0.01679  	0.03495  	-0.0517  	-0.0271  	0.03871  	0.03225  	0.02059  	0.20158  	-0.0276  	0.00568  	-0.0014  	0.03522  	0.06434  	0.40137  	267.172  	162.321  	
0.14081  	-0.0373  	-0.6494  	-0.1019  	0.55884  	-0.8794  	-0.2491  	0.06491  	0.07633  	-0.3409  	-0.3320  	0.68694  	0.03652  	-0.3935  	-0.8199  	0.02319  	0.24196  	-0.0135  	0.64649  	0.17671  	-0.2573  	0.84580  	-0.0130  	0.36248  	0.27861  	0.10217  	0.26595  	-0.4783  	-0.5249  	-0.0509  	-0.0535  	0.22970  	-0.0732  	-0.1783  	0.49203  	0.29179  	0.26008  	0.07878  	-0.4875  	0.02897  	0.05831  	0.12600  	-0.1889  	0.22508  	0.08374  	-0.0385  	0.00252  	-0.0579  	-0.0194  	-0.1639  	-0.1222  	-0.0519  	0.00535  	-0.0190  	-0.0228  	-0.0044  	0.00705  	0.01793  	0.04111  	-0.0481  	-0.0313  	0.03447  	0.03641  	0.01403  	0.20158  	-0.0276  	0.00568  	-0.0014  	0.03522  	0.06434  	0.40137  	267.172  	162.321  	
0.43280  	0.13359  	-0.5167  	0.32978  	0.78133  	-0.6715  	-0.2170  	0.19178  	0.10474  	-0.4635  	-0.6810  	0.77730  	0.18162  	-0.0604  	-0.4456  	0.06020  	0.23039  	0.00265  	0.61763  	0.20217  	-0.3011  	0.88850  	-0.1139  	0.33583  	0.31872  	0.07104  	0.25617  	-0.4071  	-0.4317  	0.00486  	-0.0686  	0.21883  	-0.0368  	-0.1514  	0.52888  	0.22530  	0.20342  	0.06723  	-0.4287  	0.05604  	0.03230  	0.11283  	-0.1512  	0.22767  	0.08127  	-0.0365  	-0.0103  	-0.0381  	-0.0025  	-0.1779  	-0.1164  	-0.0552  	0.00235  	-0.0310  	-0.0247  	0.01211  	0.00952  	0.01264  	0.03550  	-0.0440  	-0.0315  	0.04340  	0.02818  	0.01134  	0.20158  	-0.0276  	0.00568  	-0.0014  	0.03522  	0.06434  	0.40137  	267.172  	162.321  	
0.48380  	0.07710  	-0.5083  	0.37952  	0.77678  	-0.6348  	-0.1978  	0.20558  	0.09723  	-0.4506  	-0.6216  	0.70890  	0.16170  	0.04653  	-0.3680  	0.02925  	0.23459  	-0.1400  	0.60911  	0.11544  	-0.2099  	0.96595  	-0.0840  	0.42661  	0.37562  	0.04446  	0.40126  	-0.5854  	-0.5102  	0.01396  	-0.1084  	0.23993  	-0.0489  	-0.1495  	0.63046  	0.22537  	0.27236  	0.09379  	-0.4831  	0.04021  	-0.0094  	0.12993  	-0.1818  	0.23851  	0.07238  	-0.0347  	0.00082  	-0.0420  	0.00385  	-0.1782  	-0.1162  	-0.0553  	0.00213  	-0.0141  	-0.0322  	0.01050  	0.00287  	0.01340  	0.03886  	-0.0457  	-0.0294  	0.04559  	0.03087  	0.00316  	0.20158  	-0.0276  	0.00568  	-0.0014  	0.03522  	0.06434  	0.40137  	267.172  	162.321  	
0.54997  	0.07896  	-0.5361  	0.41987  	0.83162  	-0.6240  	-0.1734  	0.21447  	0.12051  	-0.4126  	-0.7525  	0.66942  	0.29306  	0.11289  	-0.1980  	-0.1317  	0.21587  	-0.1517  	0.56418  	0.06952  	-0.2799  	0.98524  	-0.0178  	0.46552  	0.29394  	0.06101  	0.41285  	-0.6124  	-0.4981  	0.02857  	-0.0948  	0.21269  	-0.0413  	-0.1706  	0.59891  	0.20874  	0.27051  	0.04286  	-0.4421  	0.07419  	-0.0159  	0.14336  	-0.1870  	0.23013  	0.08075  	-0.0309  	0.00091  	-0.0400  	0.01263  	-0.1632  	-0.1229  	-0.0587  	0.00393  	-0.0228  	-0.0167  	0.01399  	-0.0018  	0.00978  	0.04090  	-0.0400  	-0.0259  	0.04968  	0.01661  	0.00547  	0.20158  	-0.0276  	0.00568  	-0.0014  	0.03522  	0.06434  	0.40137  	267.172  	162.321  	
0.74390  	0.15179  	-0.2985  	0.09582  	0.64411  	-0.6697  	-0.1350  	0.23082  	0.13459  	-0.3266  	-0.7537  	0.50653  	0.28966  	0.15681  	-0.3021  	-0.1455  	0.23241  	-0.1030  	0.58894  	-0.0664  	-0.2175  	1.00270  	0.05224  	0.37360  	0.38976  	0.03826  	0.45361  	-0.7353  	-0.5035  	0.01804  	-0.0194  	0.22677  	-0.0442  	-0.1672  	0.58057  	0.22230  	0.28114  	0.07710  	-0.4704  	0.05527  	0.01915  	0.10151  	-0.1480  	0.24593  	0.05897  	-0.0320  	-0.0139  	-0.0145  	0.02034  	-0.1751  	-0.1304  	-0.0597  	0.00524  	-0.0272  	-0.0198  	0.01813  	-0.0067  	0.01778  	0.03082  	-0.0386  	-0.0182  	0.04145  	0.03758  	0.00397  	0.20158  	-0.0276  	0.00568  	-0.0014  	0.03522  	0.06434  	0.40137  	267.172  	162.321  	
0.34600  	0.04690  	-0.4783  	-0.1844  	0.52634  	-0.9324  	-0.1012  	0.19704  	0.11229  	-0.2434  	-0.4403  	0.38607  	0.22870  	0.07727  	-0.5423  	-0.2122  	0.20905  	-0.1751  	0.58895  	0.03259  	-0.1315  	0.97142  	-0.0434  	0.50463  	0.45768  	0.04153  	0.54030  	-0.8444  	-0.6760  	-0.0512  	-0.0098  	0.19598  	-0.0366  	-0.1781  	0.66599  	0.26413  	0.36683  	0.08728  	-0.5232  	0.03723  	0.04181  	0.15453  	-0.1854  	0.20319  	0.09598  	-0.0416  	-0.0016  	-0.0642  	0.00734  	-0.1480  	-0.1436  	-0.0582  	-0.0011  	-0.0094  	-0.0238  	-0.0034  	-0.0112  	0.01507  	0.03621  	-0.0369  	-0.0292  	0.05587  	0.04002  	0.01857  	0.20158  	-0.0276  	0.00568  	-0.0014  	0.03522  	0.06434  	0.40137  	267.172  	162.321  	
-0.3367  	-0.1904  	-0.7808  	-0.5869  	0.35508  	-1.1748  	-0.2445  	0.00437  	-0.0091  	-0.3127  	0.00639  	0.46925  	-0.0410  	-0.4180  	-0.8514  	-0.3237  	0.26425  	-0.1440  	0.59141  	0.04281  	-0.0802  	0.85668  	0.05825  	0.46445  	0.14754  	0.11845  	0.33354  	-0.7092  	-0.6869  	-0.1227  	-0.0261  	0.21353  	-0.0388  	-0.1955  	0.58732  	0.19128  	0.37453  	0.09782  	-0.5290  	-0.0065  	0.04020  	0.12254  	-0.2060  	0.22127  	0.09433  	-0.0361  	0.02479  	-0.1199  	-0.0355  	-0.1512  	-0.1413  	-0.0559  	0.00256  	-0.0254  	-0.0236  	-0.0110  	-0.0094  	0.01461  	0.02731  	-0.0441  	-0.0188  	0.04118  	0.03320  	0.01501  	0.20158  	-0.0276  	0.00568  	-0.0014  	0.03522  	0.06434  	0.40137  	267.172  	162.321  	
0.08873  	-0.0060  	-0.6142  	-0.1042  	0.54809  	-0.9362  	-0.2784  	0.20186  	0.10703  	-0.3708  	-0.1829  	0.79559  	0.12555  	-0.0663  	-0.6302  	-0.1249  	0.20051  	-0.1121  	0.59081  	0.22155  	-0.0606  	0.83213  	-0.0473  	0.46610  	0.13078  	0.10296  	0.25447  	-0.5812  	-0.6375  	-0.1044  	0.00880  	0.19362  	-0.0332  	-0.1650  	0.59172  	0.17594  	0.29784  	0.07859  	-0.4806  	0.02023  	0.00619  	0.11263  	-0.2037  	0.20963  	0.10200  	-0.0305  	0.00961  	-0.0887  	-0.0169  	-0.1642  	-0.1298  	-0.0567  	-0.0115  	-0.0269  	-0.0305  	-0.0088  	-0.0019  	0.01657  	0.03181  	-0.0450  	-0.0179  	0.05405  	0.03117  	0.01882  	0.20158  	-0.0276  	0.00568  	-0.0014  	0.03522  	0.06434  	0.40137  	267.172  	162.321  	
0.48950  	0.13422  	-0.3727  	0.11012  	0.60202  	-0.6569  	-0.2109  	0.23103  	0.13972  	-0.4045  	-0.5723  	0.72781  	0.24766  	0.12187  	-0.3158  	-0.0205  	0.25721  	-0.1114  	0.61130  	0.15126  	-0.1975  	0.96097  	-0.0116  	0.38541  	0.17234  	0.09672  	0.23681  	-0.5953  	-0.5729  	-0.0411  	-0.0502  	0.19489  	0.00217  	-0.1751  	0.52579  	0.17832  	0.30779  	0.08159  	-0.4922  	0.03721  	0.04852  	0.09140  	-0.1580  	0.25194  	0.07938  	-0.0458  	0.00882  	-0.0493  	-0.0056  	-0.1640  	-0.1503  	-0.0558  	-0.0061  	-0.0165  	-0.0237  	-0.0028  	-0.0109  	0.00383  	0.02436  	-0.0465  	-0.0282  	0.04951  	0.02602  	0.01023  	0.20158  	-0.0276  	0.00568  	-0.0014  	0.03522  	0.06434  	0.40137  	267.172  	162.321  	
0.59484  	0.15268  	-0.4005  	0.33202  	0.69270  	-0.5956  	-0.1682  	0.23918  	0.16486  	-0.4098  	-0.8389  	0.59559  	0.27480  	0.15176  	-0.1529  	-0.0983  	0.28263  	-0.0984  	0.59543  	0.05205  	-0.1898  	1.01091  	0.05551  	0.30465  	0.38464  	0.06449  	0.34735  	-0.6652  	-0.4978  	0.02477  	-0.0698  	0.20725  	-0.0613  	-0.1700  	0.55728  	0.16830  	0.29130  	0.08200  	-0.4517  	0.02628  	0.01084  	0.09671  	-0.1477  	0.24207  	0.07856  	-0.0378  	-0.0083  	-0.0345  	0.02159  	-0.1695  	-0.1370  	-0.0642  	-0.0015  	-0.0278  	-0.0142  	0.02585  	-0.0091  	0.01921  	0.02745  	-0.0439  	-0.0219  	0.05102  	0.03382  	0.00272  	0.20158  	-0.0276  	0.00568  	-0.0014  	0.03522  	0.06434  	0.40137  	267.172  	162.321  	
0.48856  	0.11392  	-0.5075  	0.46151  	0.76631  	-0.6020  	-0.2061  	0.22014  	0.14404  	-0.4675  	-0.6327  	0.69180  	0.17682  	-0.0242  	-0.2475  	-0.0265  	0.27603  	-0.1608  	0.63661  	0.05534  	-0.1493  	0.97957  	0.06961  	0.41200  	0.30673  	0.06042  	0.43397  	-0.6669  	-0.5740  	-0.0216  	-0.0972  	0.24139  	-0.0537  	-0.1660  	0.61119  	0.16820  	0.34688  	0.10913  	-0.4948  	0.01879  	-0.0367  	0.09679  	-0.1855  	0.27477  	0.07506  	-0.0351  	-0.0047  	-0.0382  	0.00450  	-0.1678  	-0.1206  	-0.0636  	0.00387  	-0.0253  	-0.0079  	0.01303  	-0.0024  	0.01378  	0.04624  	-0.0423  	-0.0265  	0.05079  	0.01978  	0.00800  	0.20158  	-0.0276  	0.00568  	-0.0014  	0.03522  	0.06434  	0.40137  	267.172  	162.321  	
0.51997  	0.15097  	-0.3896  	0.07467  	0.58961  	-0.6127  	-0.1898  	0.21043  	0.10918  	-0.4492  	-0.3985  	0.67373  	0.10676  	-0.0874  	-0.4460  	-0.0176  	0.25812  	-0.1654  	0.62332  	0.01154  	-0.0027  	0.96313  	0.10738  	0.53035  	0.22099  	0.05797  	0.48535  	-0.8226  	-0.7483  	-0.0899  	-0.0839  	0.29384  	-0.0693  	-0.1970  	0.69496  	0.18681  	0.47769  	0.15655  	-0.5484  	0.00245  	0.02204  	0.10686  	-0.1707  	0.23880  	0.08007  	-0.0355  	-0.0070  	-0.0581  	-0.0021  	-0.1760  	-0.1367  	-0.0510  	0.01051  	-0.0247  	-0.0171  	0.01248  	-0.0186  	0.01490  	0.03274  	-0.0396  	-0.0214  	0.04977  	0.03288  	0.01559  	0.20158  	-0.0276  	0.00568  	-0.0014  	0.03522  	0.06434  	0.40137  	267.172  	162.321  	
0.55711  	0.10734  	-0.3483  	-0.0357  	0.50895  	-0.6955  	-0.2322  	0.28324  	0.15718  	-0.4146  	-0.2647  	0.76765  	0.12130  	-0.1882  	-0.7547  	0.13376  	0.20802  	-0.0907  	0.61365  	0.17321  	-0.0296  	0.88086  	-0.0101  	0.37862  	0.24649  	0.02476  	0.34043  	-0.6339  	-0.6988  	-0.0701  	-0.0636  	0.25290  	-0.0179  	-0.1845  	0.63517  	0.20459  	0.42550  	0.13205  	-0.5328  	-0.0109  	0.03361  	0.11072  	-0.1813  	0.22777  	0.07870  	-0.0320  	0.00125  	-0.0550  	-0.0059  	-0.1707  	-0.1228  	-0.0556  	0.00757  	-0.0206  	-0.0229  	0.01149  	-0.0028  	0.01384  	0.02792  	-0.0442  	-0.0270  	0.04829  	0.04446  	0.00541  	0.20158  	-0.0276  	0.00568  	-0.0014  	0.03522  	0.06434  	0.40137  	267.172  	162.321  	
0.55891  	0.07956  	-0.2777  	-0.0644  	0.47851  	-0.6933  	-0.2035  	0.28430  	0.16951  	-0.3447  	-0.2628  	0.69061  	0.10245  	-0.0766  	-0.7481  	0.16558  	0.18458  	-0.0771  	0.63343  	0.14614  	0.05247  	0.88276  	-0.0073  	0.37058  	0.29370  	0.02207  	0.35368  	-0.7466  	-0.7765  	-0.1007  	-0.0539  	0.28038  	-0.0383  	-0.1879  	0.62209  	0.17246  	0.45665  	0.15372  	-0.4946  	-0.0713  	0.03174  	0.11108  	-0.1367  	0.22476  	0.08155  	-0.0309  	-0.0002  	-0.0473  	0.01105  	-0.1631  	-0.1297  	-0.0560  	0.00927  	-0.0118  	-0.0194  	0.01230  	-0.0020  	0.01591  	0.03996  	-0.0350  	-0.0366  	0.04062  	0.03554  	0.00461  	0.20158  	-0.0276  	0.00568  	-0.0014  	0.03522  	0.06434  	0.40137  	267.172  	162.321  	
0.29454  	0.01405  	-0.4218  	-0.0732  	0.50260  	-0.7140  	-0.2744  	0.16105  	0.09570  	-0.3864  	-0.2431  	0.61532  	0.05784  	-0.2521  	-0.8171  	0.07917  	0.22240  	-0.1381  	0.66836  	0.07590  	-0.0404  	0.91415  	0.04583  	0.48107  	0.27133  	0.02481  	0.42662  	-0.8038  	-0.7418  	-0.0814  	-0.0800  	0.29925  	-0.0653  	-0.1996  	0.60607  	0.23340  	0.44653  	0.16106  	-0.5665  	-0.0211  	0.03237  	0.10978  	-0.1687  	0.21907  	0.07657  	-0.0432  	-0.0074  	-0.0642  	0.00068  	-0.1767  	-0.1277  	-0.0533  	0.01000  	-0.0099  	-0.0251  	0.00935  	-0.0006  	0.01454  	0.03954  	-0.0450  	-0.0225  	0.03511  	0.02907  	0.00694  	0.20158  	-0.0276  	0.00568  	-0.0014  	0.03522  	0.06434  	0.40137  	267.172  	162.321  	
0.26588  	-0.0006  	-0.5284  	-0.1998  	0.48533  	-0.7861  	-0.2915  	0.05070  	0.06835  	-0.3791  	-0.2719  	0.60905  	0.02876  	-0.3769  	-0.8882  	0.08090  	0.21694  	-0.0916  	0.67805  	0.05586  	-0.1580  	0.90309  	0.04245  	0.42826  	0.27543  	0.05700  	0.35395  	-0.6762  	-0.6518  	-0.0777  	-0.0752  	0.26704  	-0.0986  	-0.1944  	0.57875  	0.30672  	0.42881  	0.12736  	-0.5541  	-0.0260  	0.04494  	0.12044  	-0.1870  	0.22610  	0.08377  	-0.0308  	0.00361  	-0.0728  	-0.0130  	-0.1671  	-0.1330  	-0.0517  	0.00666  	-0.0114  	-0.0200  	-0.0005  	-0.0025  	0.02212  	0.04408  	-0.0561  	-0.0343  	0.03859  	0.03082  	0.00620  	0.20158  	-0.0276  	0.00568  	-0.0014  	0.03522  	0.06434  	0.40137  	267.172  	162.321  	
0.20368  	-0.0176  	-0.5235  	-0.1597  	0.49093  	-0.8486  	-0.2526  	0.06697  	0.07214  	-0.2478  	-0.2173  	0.68092  	0.01569  	-0.3879  	-1.0146  	0.11059  	0.19974  	-0.0240  	0.64790  	0.12920  	-0.2540  	0.87378  	-0.0218  	0.37273  	0.26470  	0.06901  	0.25807  	-0.5248  	-0.5466  	-0.0725  	-0.0681  	0.24535  	-0.0873  	-0.1913  	0.53988  	0.34049  	0.34573  	0.08495  	-0.5125  	0.00444  	0.07860  	0.11329  	-0.1653  	0.22854  	0.08925  	-0.0368  	0.00229  	-0.0651  	-0.0034  	-0.1732  	-0.1193  	-0.0628  	0.00631  	-0.0225  	-0.0103  	0.00010  	0.00704  	0.02043  	0.03938  	-0.0449  	-0.0294  	0.03642  	0.03742  	0.01579  	0.20158  	-0.0276  	0.00568  	-0.0014  	0.03522  	0.06434  	0.40137  	267.172  	162.321  	
0.1913  	0.01009  	-0.5006  	-0.2148  	0.44100  	-0.8312  	-0.2217  	0.06201  	0.07159  	-0.2671  	-0.2489  	0.64145  	0.00376  	-0.3926  	-1.0336  	0.09873  	0.19272  	0.00634  	0.63659  	0.15443  	-0.2846  	0.87341  	-0.0524  	0.34741  	0.27960  	0.07467  	0.23300  	-0.4759  	-0.5166  	-0.0748  	-0.0654  	0.23983  	-0.0738  	-0.1837  	0.51478  	0.33799  	0.31076  	0.08043  	-0.4879  	0.01168  	0.08160  	0.11586  	-0.1591  	0.22999  	0.09018  	-0.0385  	-0.0004  	-0.0658  	-0.0024  	-0.1739  	-0.1178  	-0.0619  	0.00745  	-0.0197  	-0.0085  	-0.0009  	0.00845  	0.02102  	0.03657  	-0.0456  	-0.0305  	0.04195  	0.03639  	0.01837  	0.20158  	-0.0276  	0.00568  	-0.0014  	0.03522  	0.06434  	0.40137  	267.172  	162.321  	
0.06095  	-0.0335  	-0.6129  	-0.2247  	0.43083  	-0.9226  	-0.2305  	0.01615  	0.04854  	-0.2642  	-0.2688  	0.62530  	-0.0078  	-0.4052  	-0.9942  	-0.0050  	0.23179  	-0.0097  	0.62589  	0.15789  	-0.3059  	0.85658  	-0.0151  	0.35567  	0.27594  	0.09133  	0.23550  	-0.4901  	-0.4748  	-0.0731  	-0.0495  	0.22697  	-0.1021  	-0.1847  	0.48350  	0.34907  	0.28101  	0.07285  	-0.4964  	0.01288  	0.09540  	0.10737  	-0.1755  	0.23868  	0.09281  	-0.0375  	0.00926  	-0.0769  	-0.0153  	-0.1687  	-0.1265  	-0.0575  	0.00822  	-0.0176  	-0.0141  	-0.0056  	0.00660  	0.02120  	0.04042  	-0.0474  	-0.0316  	0.03904  	0.03488  	0.01486  	0.20158  	-0.0276  	0.00568  	-0.0014  	0.03522  	0.06434  	0.40137  	267.172  	162.321  	
-0.0244  	-0.0308  	-0.6593  	-0.3569  	0.35065  	-0.9032  	-0.2457  	-0.0298  	0.02554  	-0.3204  	-0.3003  	0.55746  	-0.0483  	-0.4886  	-0.9419  	-0.0594  	0.25668  	-0.0292  	0.62490  	0.11160  	-0.2833  	0.84531  	0.08065  	0.36025  	0.27865  	0.10662  	0.26900  	-0.5477  	-0.5108  	-0.0906  	-0.0401  	0.22766  	-0.1144  	-0.1761  	0.46665  	0.32285  	0.30526  	0.09245  	-0.4962  	-0.0057  	0.11640  	0.10380  	-0.1678  	0.24878  	0.09269  	-0.0369  	0.00743  	-0.0926  	-0.0266  	-0.1587  	-0.1257  	-0.0526  	0.01189  	-0.0153  	-0.0146  	-0.0030  	0.00035  	0.01906  	0.04576  	-0.0457  	-0.0290  	0.04681  	0.04044  	0.01263  	0.20158  	-0.0276  	0.00568  	-0.0014  	0.03522  	0.06434  	0.40137  	267.172  	162.321  	
-0.1350  	-0.0331  	-0.6565  	-0.3984  	0.34787  	-0.9056  	-0.2520  	-0.0709  	0.04994  	-0.2261  	-0.3395  	0.57890  	-0.0770  	-0.5073  	-0.9988  	-0.0767  	0.24355  	0.00557  	0.59861  	0.11728  	-0.3832  	0.85368  	0.09176  	0.31403  	0.25600  	0.14442  	0.15884  	-0.5066  	-0.4387  	-0.0725  	-0.0124  	0.20967  	-0.1042  	-0.1757  	0.37640  	0.32647  	0.24575  	0.06928  	-0.4564  	0.01680  	0.15148  	0.08634  	-0.1684  	0.24708  	0.09148  	-0.0428  	0.00999  	-0.0834  	-0.0350  	-0.1636  	-0.1371  	-0.0546  	0.01338  	-0.0263  	-0.0170  	-0.0101  	-0.0074  	0.02172  	0.03531  	-0.0436  	-0.0276  	0.04300  	0.03709  	0.01871  	0.20158  	-0.0276  	0.00568  	-0.0014  	0.03522  	0.06434  	0.40137  	267.172  	162.321  	
-0.2862  	-0.0907  	-0.7299  	-0.4833  	0.33656  	-1.1345  	-0.2315  	-0.0123  	0.04037  	-0.1778  	-0.2142  	0.61841  	0.05876  	-0.4456  	-1.0953  	-0.0886  	0.20379  	0.03294  	0.59527  	0.16338  	-0.4054  	0.86473  	0.05426  	0.25971  	0.20899  	0.13365  	0.11250  	-0.4174  	-0.4311  	-0.0839  	-0.0008  	0.19023  	-0.0755  	-0.1593  	0.38020  	0.33535  	0.18937  	0.06341  	-0.4502  	-0.0124  	0.16063  	0.10122  	-0.1409  	0.23603  	0.08738  	-0.0445  	0.00488  	-0.0652  	-0.0210  	-0.1666  	-0.1390  	-0.0539  	0.00700  	-0.0173  	-0.0139  	-0.0043  	-0.0008  	0.01773  	0.03466  	-0.0495  	-0.0184  	0.05214  	0.03416  	0.01479  	0.20158  	-0.0276  	0.00568  	-0.0014  	0.03522  	0.06434  	0.40137  	267.172  	162.321  	
-0.2855  	-0.0737  	-0.7632  	-0.5390  	0.34728  	-1.2505  	-0.2480  	-0.0295  	0.02254  	-0.1657  	-0.1449  	0.55250  	0.02126  	-0.4521  	-1.0703  	-0.1366  	0.20438  	0.01002  	0.59114  	0.18403  	-0.3073  	0.90432  	0.04046  	0.29962  	0.22220  	0.12241  	0.14543  	-0.4758  	-0.4726  	-0.1113  	-0.0005  	0.17940  	-0.0701  	-0.1628  	0.39533  	0.30455  	0.21744  	0.07503  	-0.4574  	-0.0027  	0.12748  	0.09539  	-0.1801  	0.22256  	0.08822  	-0.0404  	0.00783  	-0.0672  	-0.0262  	-0.1638  	-0.1362  	-0.0538  	0.00939  	-0.0188  	-0.0213  	-0.0109  	0.00074  	0.01792  	0.03882  	-0.0424  	-0.0256  	0.04884  	0.02997  	0.01431  	0.20158  	-0.0276  	0.00568  	-0.0014  	0.03522  	0.06434  	0.40137  	267.172  	162.321  	
-0.1763  	-0.0560  	-0.6126  	-0.5841  	0.31777  	-1.1357  	-0.1854  	0.03589  	0.04179  	-0.2033  	-0.1633  	0.47620  	0.00707  	-0.3722  	-1.0813  	-0.1347  	0.22405  	-0.0520  	0.60699  	0.15836  	-0.2893  	0.90369  	0.05289  	0.35427  	0.25882  	0.13178  	0.22019  	-0.5622  	-0.5131  	-0.1130  	-0.0058  	0.18979  	-0.0721  	-0.1707  	0.40854  	0.27823  	0.28545  	0.08694  	-0.4708  	-0.0412  	0.13770  	0.10745  	-0.1699  	0.24285  	0.09406  	-0.0410  	0.00811  	-0.0638  	-0.0258  	-0.1661  	-0.1465  	-0.0511  	0.00527  	-0.0207  	-0.0253  	-0.0096  	-0.0002  	0.01764  	0.03735  	-0.0480  	-0.0223  	0.05214  	0.03245  	0.01646  	0.20158  	-0.0276  	0.00568  	-0.0014  	0.03522  	0.06434  	0.40137  	267.172  	162.321  	
0.00172  	-0.0370  	-0.6261  	-0.2412  	0.46377  	-0.9290  	-0.2221  	0.07794  	0.07700  	-0.3401  	-0.3369  	0.62218  	0.03051  	-0.3828  	-0.8722  	-0.0615  	0.24827  	-0.0289  	0.62123  	0.13337  	-0.3010  	0.89712  	0.03561  	0.36016  	0.25209  	0.11783  	0.24145  	-0.4877  	-0.4736  	-0.0657  	-0.0291  	0.21574  	-0.0680  	-0.1761  	0.40640  	0.29332  	0.26079  	0.07202  	-0.4706  	0.01054  	0.12036  	0.09823  	-0.1790  	0.23828  	0.08450  	-0.0430  	0.00791  	-0.0709  	-0.0195  	-0.1732  	-0.1345  	-0.0573  	0.00649  	-0.0219  	-0.0180  	-0.0108  	0.00671  	0.01744  	0.03378  	-0.0476  	-0.0248  	0.04624  	0.03634  	0.02059  	0.20158  	-0.0276  	0.00568  	-0.0014  	0.03522  	0.06434  	0.40137  	267.172  	162.321  	
0.21199  	0.00064  	-0.5792  	-0.0974  	0.54491  	-0.8426  	-0.2447  	0.06957  	0.06093  	-0.2972  	-0.4421  	0.65945  	0.06558  	-0.4315  	-0.8843  	0.08402  	0.21909  	0.02524  	0.61534  	0.19939  	-0.3735  	0.84882  	-0.0418  	0.30014  	0.24625  	0.09244  	0.17526  	-0.4117  	-0.4426  	-0.0701  	-0.0340  	0.21920  	-0.0649  	-0.1802  	0.43113  	0.32401  	0.19061  	0.05128  	-0.4331  	0.05672  	0.09254  	0.09080  	-0.1558  	0.24706  	0.08125  	-0.0315  	0.01120  	-0.0592  	-0.0105  	-0.1765  	-0.1245  	-0.0594  	0.01105  	-0.0245  	-0.0147  	-0.0081  	0.00619  	0.01490  	0.03934  	-0.0458  	-0.0300  	0.04006  	0.03249  	0.01860  	0.20158  	-0.0276  	0.00568  	-0.0014  	0.03522  	0.06434  	0.40137  	267.172  	162.321  	
0.20719  	-0.0070  	-0.5230  	-0.0484  	0.54171  	-0.8408  	-0.2353  	0.04835  	0.06235  	-0.2610  	-0.3613  	0.63452  	0.03756  	-0.4275  	-0.8807  	0.10749  	0.19901  	-0.0001  	0.64760  	0.17225  	-0.3193  	0.89843  	-0.0777  	0.34195  	0.36480  	0.05728  	0.25591  	-0.4384  	-0.4625  	-0.0280  	-0.0825  	0.24373  	-0.1039  	-0.1871  	0.49239  	0.37250  	0.25538  	0.08130  	-0.4734  	0.02629  	0.06823  	0.10404  	-0.1703  	0.24138  	0.08258  	-0.0349  	-0.0046  	-0.0607  	-0.0081  	-0.1711  	-0.1088  	-0.0589  	0.01210  	-0.0264  	-0.0090  	0.00342  	0.01004  	0.02180  	0.04098  	-0.0410  	-0.0268  	0.02345  	0.03776  	0.01539  	0.20158  	-0.0276  	0.00568  	-0.0014  	0.03522  	0.06434  	0.40137  	267.172  	162.321  	
0.09492  	-0.0464  	-0.6287  	-0.1332  	0.48796  	-0.8155  	-0.2471  	0.00971  	0.02427  	-0.3917  	-0.3976  	0.57933  	0.01114  	-0.4226  	-0.8497  	-0.0242  	0.27082  	-0.0670  	0.63499  	0.08997  	-0.3006  	0.88352  	-0.0091  	0.40948  	0.37298  	0.07470  	0.33546  	-0.5162  	-0.5086  	-0.0227  	-0.0776  	0.26168  	-0.1231  	-0.1828  	0.49639  	0.37028  	0.31977  	0.09281  	-0.4868  	-0.0011  	0.07468  	0.10586  	-0.1793  	0.22950  	0.08534  	-0.0391  	-0.0020  	-0.0854  	-0.0184  	-0.1655  	-0.1211  	-0.0537  	0.01182  	-0.0242  	-0.0142  	-0.0015  	0.01032  	0.02699  	0.04012  	-0.0541  	-0.0315  	0.02302  	0.03684  	0.01849  	0.20158  	-0.0276  	0.00568  	-0.0014  	0.03522  	0.06434  	0.40137  	267.172  	162.321  	
0.21663  	-0.0113  	-0.5971  	-0.1237  	0.49546  	-0.7805  	-0.2317  	0.06226  	0.05121  	-0.4097  	-0.3965  	0.55218  	0.04738  	-0.3441  	-0.7182  	-0.0280  	0.23622  	-0.0632  	0.62887  	0.06533  	-0.2212  	0.92259  	0.02487  	0.38407  	0.30137  	0.08414  	0.32018  	-0.6112  	-0.5653  	-0.0506  	-0.0619  	0.26353  	-0.0959  	-0.1756  	0.53613  	0.30709  	0.35639  	0.11550  	-0.5220  	-0.0032  	0.05848  	0.11351  	-0.1763  	0.23184  	0.08804  	-0.0440  	0.00472  	-0.0915  	-0.0183  	-0.1786  	-0.1344  	-0.0530  	0.00797  	-0.0174  	-0.0130  	-0.0050  	0.00351  	0.01826  	0.04051  	-0.0526  	-0.0296  	0.03669  	0.03498  	0.01494  	0.20158  	-0.0276  	0.00568  	-0.0014  	0.03522  	0.06434  	0.40137  	267.172  	162.321  	
0.23175  	0.02390  	-0.5340  	-0.1639  	0.46530  	-0.7869  	-0.1970  	0.08880  	0.08523  	-0.3473  	-0.3273  	0.62216  	0.05131  	-0.2684  	-0.8068  	0.01152  	0.18950  	-0.0287  	0.62358  	0.12095  	-0.2657  	0.91395  	0.01198  	0.34076  	0.24396  	0.07173  	0.22620  	-0.5189  	-0.5282  	-0.0889  	-0.0523  	0.23932  	-0.0626  	-0.1808  	0.51259  	0.30553  	0.31382  	0.09826  	-0.4884  	0.01103  	0.08580  	0.11007  	-0.1694  	0.22894  	0.07735  	-0.0446  	0.00636  	-0.0653  	-0.0099  	-0.1721  	-0.1318  	-0.0557  	0.00494  	-0.0184  	-0.0152  	-0.0052  	0.00353  	0.01714  	0.03989  	-0.0467  	-0.0285  	0.04462  	0.04225  	0.01577  	0.20158  	-0.0276  	0.00568  	-0.0014  	0.03522  	0.06434  	0.40137  	267.172  	162.321  	
0.25410  	0.01464  	-0.5077  	-0.1286  	0.47214  	-0.8203  	-0.2267  	0.09292  	0.07812  	-0.2748  	-0.2698  	0.66454  	0.06804  	-0.2560  	-0.9243  	0.03912  	0.18911  	-0.0048  	0.61447  	0.15323  	-0.2812  	0.89754  	-0.0251  	0.33780  	0.25385  	0.06703  	0.21517  	-0.5062  	-0.5156  	-0.0734  	-0.0530  	0.21593  	-0.0536  	-0.1814  	0.52144  	0.32272  	0.29348  	0.07102  	-0.4802  	0.00436  	0.08492  	0.10957  	-0.1632  	0.22570  	0.08021  	-0.0366  	0.00999  	-0.0502  	-0.0079  	-0.1692  	-0.1228  	-0.0580  	0.00274  	-0.0239  	-0.0156  	-0.0014  	0.00398  	0.01695  	0.03504  	-0.0464  	-0.0284  	0.03958  	0.03941  	0.01327  	0.20158  	-0.0276  	0.00568  	-0.0014  	0.03522  	0.06434  	0.40137  	267.172  	162.321  	
0.13235  	0.01193  	-0.5832  	-0.2445  	0.40766  	-0.8836  	-0.2242  	0.04709  	0.04804  	-0.2542  	-0.2926  	0.64211  	0.01093  	-0.3708  	-0.9857  	0.00266  	0.21243  	0.01929  	0.62381  	0.18444  	-0.3358  	0.87182  	-0.0116  	0.29792  	0.26453  	0.08610  	0.18480  	-0.4334  	-0.4547  	-0.0776  	-0.0519  	0.21543  	-0.0906  	-0.1766  	0.45342  	0.34131  	0.27225  	0.07533  	-0.4556  	0.01805  	0.10455  	0.09740  	-0.1617  	0.24507  	0.08777  	-0.0364  	0.00747  	-0.0671  	-0.0095  	-0.1749  	-0.1246  	-0.0580  	0.00821  	-0.0202  	-0.0117  	-0.0055  	0.00701  	0.01769  	0.03715  	-0.0447  	-0.0278  	0.04671  	0.03821  	0.01787  	0.20158  	-0.0276  	0.00568  	-0.0014  	0.03522  	0.06434  	0.40137  	267.172  	162.321  	
-0.0175  	-0.0200  	-0.6484  	-0.2958  	0.39414  	-0.9462  	-0.2375  	-0.0001  	0.05725  	-0.2711  	-0.2834  	0.60034  	0.00666  	-0.4369  	-1.0186  	-0.0315  	0.25170  	-0.0195  	0.63075  	0.15524  	-0.3062  	0.83343  	0.00314  	0.35772  	0.28315  	0.10271  	0.24890  	-0.5024  	-0.4867  	-0.0743  	-0.0567  	0.22220  	-0.0897  	-0.1749  	0.48104  	0.34111  	0.28322  	0.08780  	-0.5024  	0.00446  	0.10687  	0.11029  	-0.1590  	0.23157  	0.09885  	-0.0374  	0.00524  	-0.0869  	-0.0184  	-0.1678  	-0.1241  	-0.0570  	0.00618  	-0.0207  	-0.0130  	-0.0034  	0.00373  	0.01866  	0.04456  	-0.0457  	-0.0281  	0.04243  	0.03146  	0.01376  	0.20158  	-0.0276  	0.00568  	-0.0014  	0.03522  	0.06434  	0.40137  	267.172  	162.321  	
-0.0799  	-0.0428  	-0.6683  	-0.4575  	0.33922  	-0.9879  	-0.2577  	-0.0265  	0.03229  	-0.2959  	-0.2448  	0.51874  	-0.0388  	-0.5099  	-0.9905  	-0.1021  	0.24452  	-0.0151  	0.61877  	0.12665  	-0.2867  	0.83032  	0.08900  	0.30957  	0.25733  	0.12559  	0.20678  	-0.5285  	-0.5198  	-0.0974  	-0.0234  	0.21939  	-0.0947  	-0.1775  	0.42304  	0.31050  	0.30072  	0.09592  	-0.4884  	-0.0385  	0.13910  	0.10809  	-0.1633  	0.23284  	0.09640  	-0.0359  	-0.0010  	-0.0876  	-0.0376  	-0.1604  	-0.1376  	-0.0543  	0.01363  	-0.0222  	-0.0150  	-0.0055  	0.00339  	0.02097  	0.04366  	-0.0451  	-0.0257  	0.03796  	0.03318  	0.02002  	0.20158  	-0.0276  	0.00568  	-0.0014  	0.03522  	0.06434  	0.40137  	267.172  	162.321  	
-0.0995  	-0.0497  	-0.6741  	-0.3947  	0.37992  	-0.9934  	-0.2333  	0.00043  	0.04264  	-0.2839  	-0.2792  	0.56390  	-0.0172  	-0.4872  	-0.9704  	-0.0775  	0.24049  	-0.0082  	0.62321  	0.11179  	-0.3448  	0.86517  	0.10602  	0.29110  	0.23250  	0.12676  	0.18143  	-0.5001  	-0.4633  	-0.0833  	-0.0242  	0.21561  	-0.0878  	-0.1775  	0.38194  	0.30966  	0.26858  	0.10173  	-0.4720  	-0.0040  	0.15812  	0.09924  	-0.1540  	0.25365  	0.08538  	-0.0419  	0.00773  	-0.0745  	-0.0234  	-0.1670  	-0.1309  	-0.0521  	0.00715  	-0.0201  	-0.0126  	-0.0096  	0.00378  	0.01925  	0.04253  	-0.0447  	-0.0238  	0.04411  	0.03389  	0.01957  	0.20158  	-0.0276  	0.00568  	-0.0014  	0.03522  	0.06434  	0.40137  	267.172  	162.321  	
-0.1555  	-0.0465  	-0.6661  	-0.3958  	0.36726  	-0.9905  	-0.2306  	0.00285  	0.05467  	-0.2630  	-0.3094  	0.57097  	0.01721  	-0.4728  	-0.9760  	-0.0877  	0.24188  	-0.0073  	0.61180  	0.11415  	-0.4026  	0.88871  	0.09967  	0.25542  	0.21463  	0.13793  	0.14287  	-0.4461  	-0.4266  	-0.0879  	-0.0112  	0.20489  	-0.0797  	-0.1664  	0.34386  	0.30798  	0.22139  	0.09091  	-0.4388  	-0.0032  	0.17319  	0.09482  	-0.1377  	0.26010  	0.08126  	-0.0439  	0.00602  	-0.0640  	-0.0141  	-0.1683  	-0.1333  	-0.0517  	0.00197  	-0.0212  	-0.0110  	-0.0107  	-0.0004  	0.01900  	0.03993  	-0.0482  	-0.0219  	0.05042  	0.03541  	0.02058  	0.20158  	-0.0276  	0.00568  	-0.0014  	0.03522  	0.06434  	0.40137  	267.172  	162.321  	
-0.0982  	-0.0282  	-0.6332  	-0.3609  	0.38681  	-0.9518  	-0.2344  	0.04434  	0.06901  	-0.2689  	-0.3534  	0.59343  	0.04534  	-0.4190  	-0.9496  	-0.0794  	0.25440  	-0.0297  	0.59672  	0.12132  	-0.4063  	0.90271  	0.12260  	0.25812  	0.18278  	0.15212  	0.12968  	-0.4545  	-0.4395  	-0.1042  	0.00611  	0.19617  	-0.0623  	-0.1596  	0.34073  	0.27404  	0.21158  	0.09015  	-0.4311  	-0.0061  	0.18390  	0.08359  	-0.1342  	0.26892  	0.07753  	-0.0427  	0.00442  	-0.0588  	-0.0172  	-0.1673  	-0.1356  	-0.0508  	0.00180  	-0.0222  	-0.0138  	-0.0097  	-0.0034  	0.01727  	0.03591  	-0.0510  	-0.0202  	0.05240  	0.03313  	0.01721  	0.20158  	-0.0276  	0.00568  	-0.0014  	0.03522  	0.06434  	0.40137  	267.172  	162.321  	
0.01346  	0.02988  	-0.5619  	-0.2305  	0.45874  	-0.9564  	-0.2751  	0.14832  	0.06327  	-0.2994  	-0.3425  	0.68229  	0.12438  	-0.3958  	-0.8138  	-0.0988  	0.35109  	-0.2045  	0.65893  	-0.1187  	-0.2735  	0.68039  	-0.1372  	0.28064  	0.07326  	0.25472  	0.08897  	-0.5671  	-0.3916  	-0.1375  	0.12724  	0.13577  	-0.1379  	-0.3184  	0.31063  	0.21700  	0.13957  	0.09590  	-0.5600  	-0.0928  	0.24544  	0.21091  	-0.2575  	0.33097  	0.01205  	-0.0142  	-0.0170  	-0.0403  	-0.0418  	-0.1753  	-0.1406  	-0.0491  	0.00617  	-0.0059  	-0.0133  	-0.0156  	-0.0101  	0.00149  	0.03244  	-0.0479  	-0.0170  	0.04642  	0.01337  	0.01793  	0.20158  	-0.0276  	0.00568  	-0.0014  	0.03522  	0.06434  	0.40137  	267.172  	162.321  	
0.25981  	0.11972  	-0.4071  	-0.0710  	0.49145  	-0.8896  	-0.2828  	0.28807  	0.10179  	-0.3861  	-0.3072  	0.73772  	0.22144  	-0.2715  	-0.6236  	-0.0940  	0.40063  	-0.3570  	0.73986  	-0.3511  	-0.0856  	0.48037  	-0.3577  	0.32384  	0.01327  	0.30564  	0.14554  	-0.7653  	-0.4275  	-0.1447  	0.22024  	0.10358  	-0.1860  	-0.4605  	0.37108  	0.12880  	0.14647  	0.11210  	-0.7102  	-0.1560  	0.26206  	0.32179  	-0.3684  	0.38651  	-0.0386  	0.00212  	-0.0327  	-0.0301  	-0.0522  	-0.1828  	-0.1363  	-0.0452  	0.01180  	0.00991  	-0.0087  	-0.0125  	-0.0180  	-0.0086  	0.02633  	-0.0411  	-0.0110  	0.05449  	0.00507  	0.01560  	0.20158  	-0.0276  	0.00568  	-0.0014  	0.03522  	0.06434  	0.40137  	267.172  	162.321  	
0.39593  	0.17266  	-0.3501  	0.01042  	0.50714  	-0.8199  	-0.2807  	0.35359  	0.10624  	-0.4720  	-0.2629  	0.71209  	0.23632  	-0.1729  	-0.5014  	-0.0969  	0.41542  	-0.4157  	0.74318  	-0.4589  	0.08020  	0.43479  	-0.4358  	0.36300  	0.01848  	0.29460  	0.23648  	-0.8538  	-0.4805  	-0.1388  	0.21099  	0.12197  	-0.2043  	-0.5004  	0.44675  	0.08553  	0.19756  	0.13798  	-0.7647  	-0.2024  	0.23821  	0.35616  	-0.4032  	0.38136  	-0.0466  	0.01192  	-0.0379  	-0.0281  	-0.0530  	-0.1798  	-0.1290  	-0.0430  	0.01247  	0.01231  	-0.0060  	-0.0045  	-0.0201  	-0.0053  	0.03377  	-0.0389  	-0.0120  	0.05307  	-0.0020  	0.00997  	0.20158  	-0.0276  	0.00568  	-0.0014  	0.03522  	0.06434  	0.40137  	267.172  	162.321  	
0.60959  	0.21388  	-0.2241  	0.10012  	0.48780  	-0.6536  	-0.2667  	0.45402  	0.17158  	-0.5354  	-0.2324  	0.74261  	0.21537  	-0.0779  	-0.3749  	-0.0138  	0.40993  	-0.4636  	0.74657  	-0.4803  	0.22723  	0.51445  	-0.3229  	0.46630  	0.02826  	0.24920  	0.38483  	-1.0130  	-0.6699  	-0.1348  	0.15614  	0.19017  	-0.1864  	-0.4834  	0.54818  	0.04596  	0.37223  	0.17942  	-0.7859  	-0.2334  	0.17279  	0.33855  	-0.3747  	0.37070  	-0.0320  	0.00197  	-0.0409  	-0.0226  	-0.0349  	-0.1799  	-0.1393  	-0.0442  	0.01390  	0.02087  	-0.0092  	0.00873  	-0.0181  	-0.0044  	0.03373  	-0.0256  	-0.0111  	0.04605  	-0.0026  	0.00971  	0.20158  	-0.0276  	0.00568  	-0.0014  	0.03522  	0.06434  	0.40137  	267.172  	162.321  	
0.62112  	0.19398  	-0.2688  	0.10003  	0.50049  	-0.6211  	-0.2376  	0.39723  	0.18916  	-0.5260  	-0.2535  	0.71998  	0.18156  	-0.0329  	-0.3990  	0.03779  	0.35194  	-0.3369  	0.67762  	-0.2725  	0.16484  	0.69812  	-0.1222  	0.49041  	0.10003  	0.16632  	0.41007  	-0.9432  	-0.7448  	-0.1113  	0.05922  	0.22616  	-0.1149  	-0.3507  	0.62174  	0.06364  	0.44262  	0.17916  	-0.6880  	-0.1629  	0.08590  	0.23937  	-0.2879  	0.30272  	0.01409  	-0.0127  	-0.0246  	-0.0392  	-0.0229  	-0.1753  	-0.1391  	-0.0449  	0.01118  	0.00470  	-0.0144  	0.01180  	-0.0157  	0.00536  	0.03174  	-0.0329  	-0.0155  	0.04866  	0.01280  	0.01299  	0.20158  	-0.0276  	0.00568  	-0.0014  	0.03522  	0.06434  	0.40137  	267.172  	162.321  	
0.61826  	0.17811  	-0.3096  	0.07852  	0.49244  	-0.5932  	-0.2030  	0.33692  	0.21008  	-0.4995  	-0.2698  	0.70224  	0.13252  	0.01939  	-0.4595  	0.09872  	0.25838  	-0.1692  	0.60489  	-0.0066  	0.09240  	0.92743  	0.13260  	0.48781  	0.16917  	0.06443  	0.41337  	-0.8491  	-0.8258  	-0.0908  	-0.0586  	0.27546  	-0.0196  	-0.1855  	0.68708  	0.09222  	0.53056  	0.18105  	-0.5708  	-0.0783  	0.01010  	0.10694  	-0.1697  	0.22323  	0.07356  	-0.0332  	-0.0005  	-0.0582  	-0.0072  	-0.1633  	-0.1453  	-0.0498  	0.00986  	-0.0121  	-0.0207  	0.01323  	-0.0131  	0.01677  	0.03110  	-0.0417  	-0.0202  	0.05189  	0.02917  	0.01246  	0.20158  	-0.0276  	0.00568  	-0.0014  	0.03522  	0.06434  	0.40137  	267.172  	162.321  	
0.43757  	0.14643  	-0.4042  	-0.0282  	0.52273  	-0.7384  	-0.2070  	0.20578  	0.16226  	-0.3944  	-0.2668  	0.70521  	0.12458  	-0.1186  	-0.7380  	0.10126  	0.21363  	-0.0420  	0.58815  	0.12962  	-0.0979  	0.84652  	-0.0160  	0.39048  	0.18956  	0.08676  	0.25254  	-0.6003  	-0.6568  	-0.1097  	-0.0453  	0.23623  	0.01574  	-0.1752  	0.59871  	0.18799  	0.35488  	0.12041  	-0.5035  	-0.0151  	0.07498  	0.11794  	-0.1615  	0.20865  	0.07544  	-0.0372  	0.00771  	-0.0519  	-0.0139  	-0.1675  	-0.1297  	-0.0511  	0.00697  	-0.0216  	-0.0207  	0.00283  	-0.0018  	0.01764  	0.03624  	-0.0524  	-0.0195  	0.04155  	0.03521  	0.01685  	0.20158  	-0.0276  	0.00568  	-0.0014  	0.03522  	0.06434  	0.40137  	267.172  	162.321  	
0.30912  	0.01629  	-0.5199  	-0.1610  	0.49364  	-0.8594  	-0.1918  	0.05746  	0.09700  	-0.2550  	-0.2705  	0.63596  	0.11965  	-0.2588  	-0.9768  	0.08434  	0.20334  	0.02964  	0.57123  	0.20077  	-0.3989  	0.83185  	-0.0809  	0.30787  	0.24645  	0.11581  	0.11379  	-0.3909  	-0.4917  	-0.0682  	-0.0302  	0.22254  	-0.0203  	-0.1683  	0.47026  	0.30104  	0.21761  	0.07023  	-0.4638  	0.01835  	0.10941  	0.11049  	-0.1373  	0.21726  	0.06786  	-0.0362  	0.01142  	-0.0417  	-0.0052  	-0.1712  	-0.1182  	-0.0517  	0.00513  	-0.0252  	-0.0169  	-0.0088  	0.00097  	0.01366  	0.03281  	-0.0500  	-0.0274  	0.04041  	0.04963  	0.01994  	0.20158  	-0.0276  	0.00568  	-0.0014  	0.03522  	0.06434  	0.40137  	267.172  	162.321  	
-0.0305  	-0.0714  	-0.6573  	-0.3136  	0.41429  	-1.0424  	-0.1960  	0.02565  	0.08329  	-0.2429  	-0.1784  	0.56493  	0.07166  	-0.3353  	-1.0540  	-0.0681  	0.21835  	-0.0100  	0.60002  	0.20554  	-0.3453  	0.83962  	-0.0828  	0.38731  	0.28877  	0.09270  	0.19874  	-0.4455  	-0.5031  	-0.0837  	-0.0422  	0.21071  	-0.0517  	-0.1807  	0.50972  	0.33632  	0.24090  	0.05223  	-0.4877  	0.00523  	0.11810  	0.11240  	-0.1678  	0.21886  	0.09544  	-0.0409  	0.01279  	-0.0678  	-0.0028  	-0.1621  	-0.1257  	-0.0540  	0.00801  	-0.0199  	-0.0240  	-0.0073  	-0.0019  	0.01922  	0.03582  	-0.0475  	-0.0310  	0.04968  	0.03752  	0.01283  	0.20158  	-0.0276  	0.00568  	-0.0014  	0.03522  	0.06434  	0.40137  	267.172  	162.321  	
-0.1018  	-0.0796  	-0.7417  	-0.2311  	0.53651  	-1.0345  	-0.1939  	0.05224  	0.04639  	-0.3153  	-0.2434  	0.66033  	0.02224  	-0.3032  	-0.8833  	-0.1175  	0.22409  	-0.0306  	0.59500  	0.15429  	-0.2984  	0.89487  	-0.0065  	0.35797  	0.24011  	0.10300  	0.24111  	-0.4906  	-0.4671  	-0.0672  	-0.0671  	0.18701  	-0.0801  	-0.1715  	0.45933  	0.30059  	0.24863  	0.05942  	-0.4562  	-0.0051  	0.06721  	0.12484  	-0.1934  	0.21770  	0.09692  	-0.0333  	0.01304  	-0.0796  	-0.0084  	-0.1711  	-0.1243  	-0.0559  	0.00450  	-0.0111  	-0.0192  	-0.0061  	0.00595  	0.01758  	0.04049  	-0.0369  	-0.0275  	0.03709  	0.02585  	0.01028  	0.20158  	-0.0276  	0.00568  	-0.0014  	0.03522  	0.06434  	0.40137  	267.172  	162.321  	
0.10618  	-0.0029  	-0.6646  	-0.1017  	0.60899  	-0.9161  	-0.1922  	0.12106  	0.12337  	-0.2871  	-0.3017  	0.73236  	0.09651  	-0.1963  	-0.7996  	-0.0904  	0.21529  	-0.0335  	0.60933  	0.15776  	-0.2577  	0.89767  	-0.0168  	0.30673  	0.24098  	0.10567  	0.24548  	-0.4828  	-0.4693  	-0.0200  	-0.0667  	0.17234  	-0.0284  	-0.1567  	0.50892  	0.21755  	0.26224  	0.07121  	-0.4628  	0.03303  	0.07679  	0.11316  	-0.1676  	0.22262  	0.10722  	-0.0348  	0.00641  	-0.0762  	-0.0111  	-0.1653  	-0.1269  	-0.0569  	1.76657  	-0.0147  	-0.0249  	0.00922  	-0.0017  	0.01465  	0.02957  	-0.0490  	-0.0280  	0.03794  	0.02944  	0.00332  	0.20158  	-0.0276  	0.00568  	-0.0014  	0.03522  	0.06434  	0.40137  	267.172  	162.321  	
0.04374  	-0.0221  	-0.6800  	-0.1698  	0.60529  	-0.9710  	-0.1871  	0.11837  	0.11097  	-0.2499  	-0.2573  	0.68802  	0.10141  	-0.1807  	-0.9117  	-0.0941  	0.19886  	-0.0201  	0.59611  	0.19659  	-0.2766  	0.88502  	-0.0743  	0.34162  	0.27251  	0.09433  	0.21556  	-0.4801  	-0.4859  	-0.0496  	-0.0420  	0.16460  	-0.0163  	-0.1541  	0.51322  	0.22820  	0.25085  	0.05936  	-0.4414  	0.01991  	0.07231  	0.11559  	-0.1738  	0.22026  	0.09942  	-0.0307  	-0.0053  	-0.0563  	-0.0196  	-0.1578  	-0.1238  	-0.0541  	-0.0019  	-0.0215  	-0.0272  	0.00588  	-0.0085  	0.01466  	0.03408  	-0.0496  	-0.0278  	0.04047  	0.02849  	0.00560  	0.20158  	-0.0276  	0.00568  	-0.0014  	0.03522  	0.06434  	0.40137  	267.172  	162.321  	
-0.3215  	-0.1054  	-0.8142  	-0.5060  	0.39168  	-1.1290  	-0.2269  	0.00771  	0.03116  	-0.2696  	-0.0690  	0.59110  	0.00040  	-0.3340  	-1.0689  	-0.1938  	0.23567  	-0.0244  	0.58215  	0.16791  	-0.2306  	0.88723  	0.00281  	0.40973  	0.19485  	0.11164  	0.19361  	-0.5442  	-0.5671  	-0.1315  	-0.0318  	0.18064  	-0.0655  	-0.1726  	0.49013  	0.27015  	0.22905  	0.05764  	-0.4517  	-0.0108  	0.04730  	0.13784  	-0.2207  	0.18843  	0.09445  	-0.0336  	-0.0021  	-0.0809  	-0.0136  	-0.1639  	-0.1220  	-0.0588  	0.00241  	-0.0218  	-0.0208  	0.00373  	0.00144  	0.01947  	0.04671  	-0.0444  	-0.0207  	0.04669  	0.02304  	0.00556  	0.20158  	-0.0276  	0.00568  	-0.0014  	0.03522  	0.06434  	0.40137  	267.172  	162.321  	
-0.5004  	-0.1852  	-0.8927  	-0.7523  	0.29840  	-1.3312  	-0.2367  	-0.0105  	0.01611  	-0.1691  	0.11080  	0.55354  	-0.0237  	-0.4792  	-1.1139  	-0.2580  	0.23105  	-0.0772  	0.57872  	0.17829  	-0.2287  	0.89702  	0.09783  	0.38151  	0.15810  	0.13550  	0.18747  	-0.5876  	-0.6266  	-0.1534  	-0.0048  	0.19067  	-0.0363  	-0.1816  	0.46349  	0.22984  	0.28156  	0.09070  	-0.4852  	-0.0233  	0.06584  	0.12857  	-0.2188  	0.20540  	0.09062  	-0.0498  	0.00284  	-0.0915  	-0.0144  	-0.1614  	-0.1453  	-0.0573  	3.23914  	-0.0180  	-0.0169  	-0.0116  	-0.0065  	0.01356  	0.03266  	-0.0454  	-0.0138  	0.05783  	0.03123  	0.01647  	0.20158  	-0.0276  	0.00568  	-0.0014  	0.03522  	0.06434  	0.40137  	267.172  	162.321  	
-0.0857  	-0.0407  	-0.6184  	-0.3598  	0.40540  	-1.1473  	-0.2629  	0.19108  	0.11283  	-0.2760  	-0.0534  	0.66462  	0.05963  	-0.2005  	-0.7919  	-0.2002  	0.27927  	-0.1321  	0.61091  	0.16735  	-0.0953  	0.83155  	0.02288  	0.51386  	0.20423  	0.10361  	0.26151  	-0.6996  	-0.6543  	-0.1306  	-0.0205  	0.17917  	-0.0346  	-0.1869  	0.51462  	0.17545  	0.34612  	0.08676  	-0.4767  	0.00634  	0.02213  	0.13100  	-0.2403  	0.20256  	0.08360  	-0.0263  	0.00397  	-0.0773  	-0.0317  	-0.1733  	-0.1407  	-0.0560  	-0.0085  	-0.0211  	-0.0333  	-0.0070  	-0.0050  	0.01166  	0.03332  	-0.0422  	-0.0194  	0.05448  	0.02859  	0.01572  	0.20158  	-0.0276  	0.00568  	-0.0014  	0.03522  	0.06434  	0.40137  	267.172  	162.321  	
0.30015  	0.08783  	-0.4449  	-0.2289  	0.43695  	-0.7448  	-0.2340  	0.26100  	0.17052  	-0.3181  	-0.4262  	0.64755  	0.19122  	-0.1430  	-0.6831  	0.00179  	0.22325  	-0.1023  	0.64460  	0.04870  	-0.1083  	0.92317  	0.17084  	0.37208  	0.18624  	0.09856  	0.35499  	-0.7659  	-0.6652  	-0.0595  	-0.0166  	0.20094  	-0.0088  	-0.1599  	0.53857  	0.12302  	0.38759  	0.12607  	-0.5340  	0.01208  	0.07934  	0.10551  	-0.1548  	0.23072  	0.09724  	-0.0451  	-0.0004  	-0.0613  	-0.0041  	-0.1838  	-0.1501  	-0.0512  	-0.0137  	-0.0185  	-0.0314  	0.01073  	-0.0208  	0.01491  	0.02455  	-0.0601  	-0.0220  	0.05205  	0.04666  	0.00632  	0.20158  	-0.0276  	0.00568  	-0.0014  	0.03522  	0.06434  	0.40137  	267.172  	162.321  	
0.54519  	0.15651  	-0.3401  	0.07273  	0.51592  	-0.7280  	-0.1968  	0.24425  	0.16072  	-0.3518  	-0.5266  	0.60832  	0.18281  	-0.1496  	-0.5621  	-0.0361  	0.22075  	-0.1325  	0.66822  	0.00537  	-0.0755  	0.97745  	0.13519  	0.42671  	0.24369  	0.07631  	0.37035  	-0.7897  	-0.6725  	-0.0525  	-0.0440  	0.23942  	-0.0413  	-0.1699  	0.60646  	0.15828  	0.39254  	0.13718  	-0.5280  	-0.0013  	0.01110  	0.10883  	-0.1448  	0.25821  	0.06992  	-0.0273  	-0.0066  	-0.0485  	0.00707  	-0.1865  	-0.1352  	-0.0513  	0.00252  	-0.0251  	-0.0200  	0.01587  	-0.0168  	0.01823  	0.02678  	-0.0549  	-0.0236  	0.05140  	0.03238  	0.00638  	0.20158  	-0.0276  	0.00568  	-0.0014  	0.03522  	0.06434  	0.40137  	267.172  	162.321  	
0.51589  	0.05598  	-0.3855  	0.04835  	0.57927  	-0.7004  	-0.2459  	0.14617  	0.08570  	-0.3352  	-0.3336  	0.55465  	0.16213  	-0.2304  	-0.7342  	0.00455  	0.23218  	-0.1822  	0.66738  	0.04358  	-0.0879  	0.96858  	-0.0126  	0.52950  	0.35898  	0.02119  	0.48334  	-0.7522  	-0.6949  	-0.0384  	-0.0928  	0.26892  	-0.0920  	-0.1940  	0.68865  	0.26444  	0.41046  	0.12415  	-0.5748  	0.01540  	0.00705  	0.12583  	-0.1672  	0.23412  	0.07540  	-0.0440  	-0.0035  	-0.0486  	0.00526  	-0.1776  	-0.1243  	-0.0554  	0.00778  	-0.0166  	-0.0231  	0.00483  	-0.0088  	0.01357  	0.02772  	-0.0390  	-0.0284  	0.05162  	0.03116  	0.00277  	0.20158  	-0.0276  	0.00568  	-0.0014  	0.03522  	0.06434  	0.40137  	267.172  	162.321  	
0.27496  	-0.0095  	-0.4866  	-0.1399  	0.46610  	-0.7874  	-0.2313  	0.07056  	0.05916  	-0.3444  	-0.2490  	0.63266  	0.01177  	-0.4115  	-0.9462  	0.11346  	0.22026  	-0.0738  	0.65325  	0.12559  	-0.2076  	0.87182  	-0.0277  	0.37676  	0.30688  	0.05756  	0.30901  	-0.5470  	-0.5562  	-0.0602  	-0.0810  	0.24927  	-0.0919  	-0.2038  	0.54426  	0.34281  	0.37391  	0.09851  	-0.4982  	0.01282  	0.04162  	0.12729  	-0.1725  	0.23952  	0.08387  	-0.0313  	0.00324  	-0.0593  	-0.0015  	-0.1772  	-0.1146  	-0.0577  	0.00730  	-0.0163  	-0.0066  	0.00104  	0.00719  	0.01576  	0.03723  	-0.0381  	-0.0373  	0.04442  	0.03467  	0.01579  	0.20158  	-0.0276  	0.00568  	-0.0014  	0.03522  	0.06434  	0.40137  	267.172  	162.321  	
0.17552  	-0.0101  	-0.6095  	-0.0087  	0.56748  	-0.7728  	-0.2546  	0.05820  	0.06053  	-0.3901  	-0.4261  	0.64649  	0.03855  	-0.2859  	-0.8019  	-0.0351  	0.24066  	-0.0500  	0.63156  	0.11090  	-0.2776  	0.89809  	-0.0337  	0.38018  	0.31833  	0.07491  	0.29303  	-0.5044  	-0.4861  	-0.0137  	-0.0790  	0.24364  	-0.1026  	-0.1793  	0.51913  	0.33267  	0.28325  	0.09313  	-0.4780  	0.00099  	0.06287  	0.10814  	-0.1719  	0.22278  	0.07968  	-0.0405  	0.00047  	-0.0661  	-0.0109  	-0.1762  	-0.1208  	-0.0581  	0.01421  	-0.0260  	-0.0112  	-0.0005  	0.00847  	0.01862  	0.04347  	-0.0449  	-0.0278  	0.02674  	0.03203  	0.01714  	0.20158  	-0.0276  	0.00568  	-0.0014  	0.03522  	0.06434  	0.40137  	267.172  	162.321  	
0.24900  	0.02248  	-0.6257  	0.05608  	0.61383  	-0.7925  	-0.2247  	0.06927  	0.09024  	-0.4369  	-0.5107  	0.67844  	0.09550  	-0.2080  	-0.6133  	-0.0996  	0.22831  	-0.0352  	0.59869  	0.13626  	-0.2957  	0.92803  	-0.0147  	0.34032  	0.27854  	0.09514  	0.20181  	-0.4595  	-0.4408  	-0.0220  	-0.0494  	0.20301  	-0.0642  	-0.1587  	0.49786  	0.27320  	0.23612  	0.07627  	-0.4534  	0.01747  	0.08214  	0.10582  	-0.1718  	0.22017  	0.07729  	-0.0344  	0.00898  	-0.0714  	-0.0154  	-0.1709  	-0.1288  	-0.0568  	0.00545  	-0.0264  	-0.0158  	0.00369  	0.00485  	0.01368  	0.04345  	-0.0491  	-0.0290  	0.04574  	0.02807  	0.01185  	0.20158  	-0.0276  	0.00568  	-0.0014  	0.03522  	0.06434  	0.40137  	267.172  	162.321  	
0.28438  	0.05102  	-0.5821  	0.11133  	0.66893  	-0.7913  	-0.2022  	0.05578  	0.09773  	-0.4005  	-0.4992  	0.70531  	0.10448  	-0.1618  	-0.6009  	-0.0681  	0.20306  	-0.0067  	0.60605  	0.17822  	-0.3339  	0.92394  	-0.0963  	0.31546  	0.29738  	0.08714  	0.18787  	-0.4173  	-0.4287  	-0.0192  	-0.0761  	0.20313  	-0.0520  	-0.1496  	0.52879  	0.28007  	0.21949  	0.07414  	-0.4293  	0.03750  	0.07554  	0.11718  	-0.1634  	0.21327  	0.08751  	-0.0349  	0.00903  	-0.0680  	-0.0036  	-0.1642  	-0.1204  	-0.0526  	0.00394  	-0.0196  	-0.0125  	0.00222  	0.00103  	0.01755  	0.04323  	-0.0465  	-0.0345  	0.05353  	0.02410  	0.01046  	0.20158  	-0.0276  	0.00568  	-0.0014  	0.03522  	0.06434  	0.40137  	267.172  	162.321  	
0.33137  	0.05537  	-0.5623  	0.20679  	0.71743  	-0.7185  	-0.2198  	0.12391  	0.11068  	-0.4034  	-0.5216  	0.71729  	0.12439  	-0.1255  	-0.6198  	0.01717  	0.20885  	-0.0463  	0.60639  	0.18635  	-0.2772  	0.88823  	-0.1045  	0.37828  	0.30245  	0.08424  	0.25520  	-0.4696  	-0.4735  	-0.0185  	-0.0865  	0.21834  	-0.0623  	-0.1534  	0.58143  	0.26175  	0.25012  	0.06571  	-0.4601  	0.03022  	0.02603  	0.11697  	-0.1711  	0.21914  	0.09312  	-0.0349  	0.00275  	-0.0663  	-0.0087  	-0.1623  	-0.1205  	-0.0573  	0.00409  	-0.0258  	-0.0194  	0.00481  	0.00985  	0.01479  	0.04047  	-0.0452  	-0.0290  	0.04359  	0.03124  	0.00868  	0.20158  	-0.0276  	0.00568  	-0.0014  	0.03522  	0.06434  	0.40137  	267.172  	162.321  	
0.42419  	0.04392  	-0.5513  	0.38120  	0.78638  	-0.6379  	-0.2094  	0.14504  	0.07693  	-0.4181  	-0.6179  	0.72076  	0.15582  	-0.0903  	-0.4078  	0.01012  	0.20125  	-0.1106  	0.58222  	0.13533  	-0.2525  	0.95468  	-0.0999  	0.42795  	0.32252  	0.05998  	0.33354  	-0.5540  	-0.5151  	-0.0034  	-0.0902  	0.23000  	-0.0781  	-0.1602  	0.57923  	0.22318  	0.26968  	0.07433  	-0.4684  	0.05248  	-0.0190  	0.12622  	-0.1956  	0.22860  	0.08765  	-0.0328  	-0.0134  	-0.0571  	-0.0054  	-0.1725  	-0.1306  	-0.0581  	-0.0008  	-0.0246  	-0.0250  	0.00351  	0.01283  	0.01831  	0.03644  	-0.0481  	-0.0294  	0.03895  	0.02999  	0.01015  	0.20158  	-0.0276  	0.00568  	-0.0014  	0.03522  	0.06434  	0.40137  	267.172  	162.321  	
0.56758  	0.09905  	-0.4451  	0.39020  	0.79993  	-0.6103  	-0.1955  	0.19273  	0.09968  	-0.4435  	-0.7347  	0.60793  	0.24029  	0.10879  	-0.1632  	-0.0838  	0.20048  	-0.1137  	0.58493  	0.09244  	-0.1887  	0.99560  	-0.0377  	0.44947  	0.38195  	0.03966  	0.41058  	-0.6343  	-0.5348  	0.04218  	-0.1005  	0.24224  	-0.0661  	-0.1610  	0.63842  	0.19224  	0.31832  	0.06368  	-0.4807  	0.07404  	-0.0382  	0.14635  	-0.1959  	0.21863  	0.08309  	-0.0353  	-0.0018  	-0.0406  	0.00504  	-0.1736  	-0.1261  	-0.0566  	0.00255  	-0.0195  	-0.0165  	0.01085  	0.00057  	0.01153  	0.03694  	-0.0436  	-0.0331  	0.04709  	0.02087  	0.00404  	0.20158  	-0.0276  	0.00568  	-0.0014  	0.03522  	0.06434  	0.40137  	267.172  	162.321  	
0.76855  	0.13403  	-0.3675  	0.45808  	0.76900  	-0.5115  	-0.1332  	0.19549  	0.12285  	-0.3593  	-0.8425  	0.47668  	0.29684  	0.25854  	-0.1236  	-0.1751  	0.22590  	-0.1196  	0.56155  	-0.0168  	-0.2613  	1.03137  	-0.0066  	0.42961  	0.44926  	0.03344  	0.41556  	-0.6692  	-0.3747  	0.06799  	-0.0973  	0.21729  	-0.0954  	-0.1616  	0.59389  	0.21421  	0.21983  	0.02658  	-0.3974  	0.07854  	-0.0089  	0.13842  	-0.1808  	0.23721  	0.07960  	-0.0283  	-0.0201  	-0.0261  	0.01601  	-0.1834  	-0.1214  	-0.0505  	0.00920  	-0.0274  	-0.0165  	0.01746  	-0.0113  	0.01308  	0.03939  	-0.0442  	-0.0266  	0.04518  	0.02154  	-0.0010  	0.20158  	-0.0276  	0.00568  	-0.0014  	0.03522  	0.06434  	0.40137  	267.172  	162.321  	
0.79433  	0.19245  	-0.2989  	0.28276  	0.72385  	-0.5060  	-0.0975  	0.24114  	0.14661  	-0.3106  	-0.8759  	0.38960  	0.34405  	0.27089  	-0.1505  	-0.1740  	0.19871  	-0.1503  	0.57702  	-0.0910  	-0.2623  	1.10915  	0.07191  	0.39750  	0.54019  	0.03857  	0.47328  	-0.7241  	-0.4097  	0.06519  	-0.0591  	0.20807  	-0.1044  	-0.1630  	0.52394  	0.21460  	0.24990  	0.05452  	-0.3840  	0.06167  	0.00155  	0.12876  	-0.1500  	0.26155  	0.06378  	-0.0362  	-0.0320  	-0.0075  	0.03285  	-0.1794  	-0.1212  	-0.0517  	0.01179  	-0.0259  	-0.0134  	0.02087  	-0.0133  	0.00711  	0.03303  	-0.0362  	-0.0278  	0.04737  	0.02824  	0.00249  	0.20158  	-0.0276  	0.00568  	-0.0014  	0.03522  	0.06434  	0.40137  	267.172  	162.321  	
0.59697  	0.17070  	-0.4702  	0.09292  	0.68462  	-0.8032  	-0.1129  	0.16459  	0.10276  	-0.2169  	-0.8701  	0.29382  	0.32067  	0.18548  	-0.2597  	-0.3278  	0.29444  	-0.2037  	0.58233  	-0.0411  	-0.2928  	1.09706  	-0.0028  	0.49248  	0.64762  	0.04179  	0.65865  	-0.7685  	-0.4293  	0.09063  	-0.0654  	0.22247  	-0.1445  	-0.1843  	0.56669  	0.25274  	0.24593  	0.04931  	-0.3812  	0.08615  	-0.0439  	0.12914  	-0.1817  	0.25295  	0.07606  	-0.0467  	-0.0219  	-0.0243  	0.03293  	-0.1666  	-0.1238  	-0.0581  	0.00118  	-0.0134  	-0.0168  	0.00945  	-0.0195  	0.00825  	0.03659  	-0.0328  	-0.0288  	0.04735  	0.02946  	-0.0007  	0.20158  	-0.0276  	0.00568  	-0.0014  	0.03522  	0.06434  	0.40137  	267.172  	162.321  	
0.44973  	0.07331  	-0.5426  	0.28159  	0.75969  	-0.7779  	-0.1156  	0.19299  	0.10699  	-0.3245  	-0.5948  	0.56512  	0.23593  	0.10560  	-0.2866  	-0.0504  	0.25112  	-0.1112  	0.57821  	0.13027  	-0.1699  	0.94853  	-0.0894  	0.43842  	0.41894  	0.07497  	0.49879  	-0.5924  	-0.5510  	0.04244  	-0.0731  	0.23609  	-0.0488  	-0.1598  	0.68195  	0.20175  	0.30337  	0.05144  	-0.5133  	0.04153  	-0.0645  	0.14837  	-0.2260  	0.24777  	0.08830  	-0.0289  	-0.0071  	-0.0583  	-0.0028  	-0.1669  	-0.1247  	-0.0665  	-0.0002  	-0.0193  	-0.0228  	0.01009  	0.00022  	0.00211  	0.03482  	-0.0505  	-0.0295  	0.04926  	0.02239  	-0.0079  	0.20158  	-0.0276  	0.00568  	-0.0014  	0.03522  	0.06434  	0.40137  	267.172  	162.321  	
0.08396  	-0.0214  	-0.7557  	0.11283  	0.70826  	-1.0067  	-0.1699  	0.12017  	0.08600  	-0.2937  	-0.3538  	0.81211  	0.16842  	-0.0790  	-0.6019  	-0.1118  	0.16285  	0.00621  	0.53705  	0.24147  	-0.2418  	0.87577  	-0.1296  	0.41319  	0.23037  	0.05954  	0.19046  	-0.4387  	-0.5139  	-0.0331  	-0.0532  	0.17724  	-0.0382  	-0.1375  	0.63354  	0.22769  	0.21765  	0.04850  	-0.4712  	0.03004  	-0.0376  	0.13960  	-0.2300  	0.18099  	0.08794  	-0.0384  	0.00526  	-0.0751  	-0.0189  	-0.1547  	-0.1225  	-0.0590  	6.08207  	-0.0227  	-0.0220  	-0.0014  	0.00861  	0.01628  	0.02985  	-0.0510  	-0.0341  	0.05544  	0.03729  	0.00443  	0.20158  	-0.0276  	0.00568  	-0.0014  	0.03522  	0.06434  	0.40137  	267.172  	162.321  	
0.07152  	0.04129  	-0.7200  	0.06817  	0.71296  	-0.9177  	-0.2117  	0.13063  	0.07439  	-0.3586  	-0.4273  	0.74870  	0.06393  	-0.2236  	-0.5880  	-0.0517  	0.21372  	-0.0368  	0.61354  	0.18868  	-0.2307  	0.89331  	-0.0331  	0.40782  	0.32709  	0.06469  	0.31371  	-0.4952  	-0.5203  	-0.0102  	-0.0570  	0.20737  	-0.0616  	-0.1639  	0.56996  	0.24386  	0.25306  	0.06169  	-0.4655  	0.02417  	-0.0120  	0.14460  	-0.2236  	0.22005  	0.08372  	-0.0301  	-0.0007  	-0.0748  	-0.0225  	-0.1686  	-0.1257  	-0.0539  	0.00620  	-0.0249  	-0.0195  	0.00826  	0.00234  	0.01613  	0.03540  	-0.0419  	-0.0248  	0.04718  	0.01654  	0.00368  	0.20158  	-0.0276  	0.00568  	-0.0014  	0.03522  	0.06434  	0.40137  	267.172  	162.321  	
0.27728  	0.06589  	-0.6068  	0.13102  	0.66558  	-0.6995  	-0.2250  	0.12769  	0.08986  	-0.4595  	-0.6053  	0.69426  	0.12383  	-0.1497  	-0.5450  	-0.0762  	0.26852  	-0.0448  	0.61789  	0.16472  	-0.3121  	0.94267  	-0.0558  	0.39232  	0.38681  	0.09313  	0.27532  	-0.4285  	-0.4181  	0.03551  	-0.0886  	0.20899  	-0.0745  	-0.1691  	0.51576  	0.27475  	0.22334  	0.05723  	-0.4429  	0.02989  	0.01582  	0.11232  	-0.1867  	0.23529  	0.08314  	-0.0329  	0.00658  	-0.0489  	-0.0135  	-0.1805  	-0.1307  	-0.0560  	0.00768  	-0.0265  	-0.0181  	-0.0007  	0.00874  	0.01499  	0.04300  	-0.0429  	-0.0330  	0.03805  	0.01769  	0.00727  	0.20158  	-0.0276  	0.00568  	-0.0014  	0.03522  	0.06434  	0.40137  	267.172  	162.321  	
0.34588  	0.04512  	-0.5353  	0.09511  	0.58921  	-0.6884  	-0.2611  	0.12197  	0.08314  	-0.4051  	-0.4944  	0.68449  	0.09590  	-0.2681  	-0.6532  	0.03206  	0.24015  	-0.0354  	0.63458  	0.16046  	-0.2730  	0.90983  	-0.0602  	0.36188  	0.35427  	0.08154  	0.26279  	-0.4947  	-0.4931  	-0.0270  	-0.0834  	0.25496  	-0.0489  	-0.1702  	0.50732  	0.27471  	0.28654  	0.10183  	-0.4462  	0.02427  	0.06858  	0.10231  	-0.1548  	0.24143  	0.07972  	-0.0388  	-0.0014  	-0.0608  	-0.0041  	-0.1809  	-0.1289  	-0.0563  	0.00411  	-0.0205  	-0.0184  	0.00606  	0.00281  	0.01721  	0.03957  	-0.0444  	-0.0305  	0.03705  	0.01881  	0.01289  	0.20158  	-0.0276  	0.00568  	-0.0014  	0.03522  	0.06434  	0.40137  	267.172  	162.321  	
0.43661  	0.05138  	-0.4259  	-0.0320  	0.53882  	-0.7112  	-0.2543  	0.09653  	0.09420  	-0.3098  	-0.2384  	0.72127  	0.07373  	-0.3083  	-0.9266  	0.15527  	0.17364  	-0.0245  	0.64359  	0.17308  	-0.1899  	0.87363  	-0.0818  	0.39975  	0.28950  	0.06715  	0.23594  	-0.5304  	-0.5738  	-0.0693  	-0.0739  	0.24306  	-0.0502  	-0.1867  	0.58622  	0.28320  	0.33930  	0.10279  	-0.5069  	0.02024  	0.07897  	0.09883  	-0.1646  	0.22500  	0.08278  	-0.0334  	-0.0091  	-0.0436  	-0.0090  	-0.1632  	-0.1129  	-0.0536  	0.01747  	-0.0226  	-0.0183  	0.00691  	0.00754  	0.01644  	0.04157  	-0.0345  	-0.0286  	0.03045  	0.02790  	0.00492  	0.20158  	-0.0276  	0.00568  	-0.0014  	0.03522  	0.06434  	0.40137  	267.172  	162.321  	
0.04396  	-0.0250  	-0.6487  	-0.2564  	0.47918  	-0.8992  	-0.1973  	0.03737  	0.06314  	-0.2705  	-0.3185  	0.59822  	0.02831  	-0.3645  	-1.0381  	-0.0003  	0.19702  	0.02350  	0.62377  	0.19973  	-0.3202  	0.86060  	-0.0755  	0.35063  	0.38518  	0.08683  	0.25684  	-0.4811  	-0.4392  	-0.0516  	-0.0683  	0.21927  	-0.0784  	-0.1810  	0.46250  	0.36755  	0.25153  	0.08501  	-0.4476  	0.04583  	0.09063  	0.11112  	-0.1639  	0.23189  	0.08359  	-0.0358  	0.00441  	-0.0702  	-0.0207  	-0.1761  	-0.1186  	-0.0539  	0.00861  	-0.0221  	-0.0149  	-0.0079  	0.01322  	0.02190  	0.03690  	-0.0452  	-0.0277  	0.03282  	0.02910  	0.01812  	0.20158  	-0.0276  	0.00568  	-0.0014  	0.03522  	0.06434  	0.40137  	267.172  	162.321  	
-0.0564  	-0.0568  	-0.6671  	-0.3906  	0.36225  	-0.9164  	-0.2497  	-0.0080  	0.05076  	-0.2816  	-0.2806  	0.55647  	-0.0224  	-0.4244  	-0.9364  	-0.1324  	0.24498  	-0.0270  	0.63096  	0.09190  	-0.2672  	0.88485  	0.05950  	0.31377  	0.30281  	0.11687  	0.25789  	-0.5400  	-0.4989  	-0.0734  	-0.0201  	0.21484  	-0.1053  	-0.1787  	0.41492  	0.32004  	0.28494  	0.09322  	-0.4790  	-0.0183  	0.12461  	0.09283  	-0.1707  	0.23280  	0.09230  	-0.0385  	0.00194  	-0.0755  	-0.0329  	-0.1647  	-0.1319  	-0.0524  	0.01314  	-0.0175  	-0.0172  	-0.0069  	0.00076  	0.01803  	0.03909  	-0.0437  	-0.0241  	0.03850  	0.03218  	0.01632  	0.20158  	-0.0276  	0.00568  	-0.0014  	0.03522  	0.06434  	0.40137  	267.172  	162.321  	
-0.0490  	-0.0535  	-0.6594  	-0.3668  	0.39052  	-0.9118  	-0.2355  	0.02803  	0.04339  	-0.3325  	-0.2806  	0.55976  	0.00509  	-0.4401  	-0.8825  	-0.0979  	0.25513  	-0.0342  	0.61960  	0.11106  	-0.3177  	0.89532  	0.11544  	0.31359  	0.26312  	0.12083  	0.25169  	-0.5148  	-0.4675  	-0.0654  	-0.0256  	0.21125  	-0.0860  	-0.1848  	0.41111  	0.29446  	0.28881  	0.09539  	-0.4860  	-0.0093  	0.13382  	0.09761  	-0.1681  	0.24506  	0.08485  	-0.0429  	0.00619  	-0.0775  	-0.0270  	-0.1709  	-0.1286  	-0.0473  	0.00599  	-0.0230  	-0.0162  	-0.0021  	0.00196  	0.01435  	0.04092  	-0.0471  	-0.0199  	0.04478  	0.02813  	0.01103  	0.20158  	-0.0276  	0.00568  	-0.0014  	0.03522  	0.06434  	0.40137  	267.172  	162.321  	
0.18914  	-0.0375  	-0.6456  	0.08574  	0.63663  	-0.7992  	-0.2629  	0.09924  	0.08331  	-0.3856  	-0.4675  	0.74075  	0.09868  	-0.3102  	-0.6618  	0.01198  	0.19810  	0.00171  	0.62914  	0.20496  	-0.3480  	0.89146  	-0.0426  	0.33361  	0.26017  	0.10793  	0.20087  	-0.4036  	-0.4233  	-0.0494  	-0.0699  	0.23400  	-0.0469  	-0.1655  	0.45810  	0.26644  	0.20537  	0.07855  	-0.4650  	0.04993  	0.06655  	0.11122  	-0.1606  	0.24048  	0.09079  	-0.0428  	0.00978  	-0.0682  	-0.0123  	-0.1727  	-0.1266  	-0.0599  	0.00073  	-0.0205  	-0.0178  	-0.0058  	0.00916  	0.01903  	0.04304  	-0.0402  	-0.0369  	0.04235  	0.03079  	0.01312  	0.20158  	-0.0276  	0.00568  	-0.0014  	0.03522  	0.06434  	0.40137  	267.172  	162.321  	
0.59108  	0.07153  	-0.4297  	0.28995  	0.68651  	-0.6128  	-0.1933  	0.23406  	0.13543  	-0.4348  	-0.5091  	0.78584  	0.18380  	-0.1098  	-0.5433  	0.12235  	0.22778  	-0.0606  	0.62447  	0.13567  	-0.2125  	0.90662  	-0.0528  	0.39412  	0.33644  	0.06482  	0.26581  	-0.5122  	-0.5186  	-0.0256  	-0.0834  	0.26318  	-0.0622  	-0.1790  	0.55641  	0.21035  	0.25495  	0.11414  	-0.4380  	0.04904  	0.04149  	0.10187  	-0.1510  	0.23418  	0.07091  	-0.0374  	-0.0088  	-0.0456  	0.00356  	-0.1651  	-0.1130  	-0.0589  	0.00684  	-0.0245  	-0.0158  	0.00792  	0.00374  	0.01907  	0.04146  	-0.0446  	-0.0379  	0.04063  	0.02730  	0.00832  	0.20158  	-0.0276  	0.00568  	-0.0014  	0.03522  	0.06434  	0.40137  	267.172  	162.321  	
0.60221  	0.13235  	-0.4081  	0.33283  	0.72466  	-0.6306  	-0.1973  	0.19639  	0.15794  	-0.3830  	-0.5137  	0.79584  	0.18443  	-0.0581  	-0.5100  	0.15009  	0.18287  	-0.0902  	0.61101  	0.11821  	-0.2286  	0.98368  	-0.0763  	0.41378  	0.40417  	0.02713  	0.32421  	-0.5693  	-0.5197  	0.03783  	-0.1342  	0.24350  	-0.0703  	-0.1801  	0.59497  	0.22248  	0.30615  	0.09711  	-0.4659  	0.02097  	0.03877  	0.10973  	-0.1327  	0.22210  	0.08994  	-0.0440  	-0.0121  	-0.0266  	0.01734  	-0.1881  	-0.1179  	-0.0605  	0.01345  	-0.0221  	-0.0216  	0.00713  	-0.0041  	0.01425  	0.03691  	-0.0365  	-0.0402  	0.02895  	0.03039  	0.01421  	0.20158  	-0.0276  	0.00568  	-0.0014  	0.03522  	0.06434  	0.40137  	267.172  	162.321  	
0.44005  	0.00940  	-0.4689  	0.40937  	0.78717  	-0.6669  	-0.1725  	0.14038  	0.13910  	-0.3456  	-0.5893  	0.82988  	0.18034  	-0.0020  	-0.5021  	0.12258  	0.18852  	-0.0644  	0.59704  	0.17546  	-0.2415  	0.95236  	-0.0836  	0.39689  	0.32302  	0.06548  	0.27357  	-0.5062  	-0.5252  	-0.0004  	-0.0712  	0.23285  	-0.0497  	-0.1522  	0.55511  	0.19342  	0.29371  	0.08075  	-0.4475  	0.02902  	0.03883  	0.11129  	-0.1704  	0.22868  	0.07402  	-0.0316  	-0.0049  	-0.0433  	-0.0016  	-0.1694  	-0.1256  	-0.0635  	0.00212  	-0.0247  	-0.0244  	0.00289  	0.00616  	0.02006  	0.04001  	-0.0489  	-0.0287  	0.04091  	0.03200  	0.00822  	0.20158  	-0.0276  	0.00568  	-0.0014  	0.03522  	0.06434  	0.40137  	267.172  	162.321  	
0.12549  	-0.0146  	-0.6570  	-0.0804  	0.59758  	-0.9612  	-0.1946  	0.05295  	0.07290  	-0.2751  	-0.3634  	0.67372  	0.07780  	-0.2751  	-0.7289  	-0.0387  	0.17834  	0.04233  	0.60296  	0.20649  	-0.2378  	0.88185  	-0.0496  	0.37493  	0.27065  	0.09153  	0.18065  	-0.4809  	-0.5208  	-0.0764  	-0.0354  	0.20187  	-0.0598  	-0.1665  	0.50585  	0.29789  	0.26062  	0.06122  	-0.4569  	0.03888  	0.06160  	0.11119  	-0.1839  	0.23086  	0.08007  	-0.0287  	0.00054  	-0.0634  	-0.0151  	-0.1674  	-0.1269  	-0.0597  	0.01043  	-0.0195  	-0.0163  	-0.0034  	0.00588  	0.01871  	0.03639  	-0.0484  	-0.0256  	0.04679  	0.02278  	0.01598  	0.20158  	-0.0276  	0.00568  	-0.0014  	0.03522  	0.06434  	0.40137  	267.172  	162.321  	
-0.0267  	-0.0366  	-0.6480  	-0.2924  	0.47256  	-0.9713  	-0.2214  	0.01601  	0.04891  	-0.2879  	-0.3146  	0.58082  	0.00867  	-0.4469  	-0.9300  	-0.1044  	0.21661  	0.03137  	0.62007  	0.17664  	-0.2471  	0.84697  	0.01348  	0.36126  	0.25493  	0.09229  	0.23175  	-0.4952  	-0.4840  	-0.0906  	-0.0511  	0.21074  	-0.0866  	-0.1706  	0.44438  	0.31656  	0.26603  	0.08193  	-0.4710  	0.03858  	0.08401  	0.11006  	-0.1841  	0.22299  	0.08714  	-0.0346  	0.00064  	-0.0847  	-0.0198  	-0.1731  	-0.1384  	-0.0556  	0.00081  	-0.0176  	-0.0195  	-0.0108  	0.00340  	0.01985  	0.04651  	-0.0494  	-0.0284  	0.03578  	0.03317  	0.01205  	0.20158  	-0.0276  	0.00568  	-0.0014  	0.03522  	0.06434  	0.40137  	267.172  	162.321  	
-0.1109  	-0.0728  	-0.6801  	-0.4139  	0.36736  	-0.9772  	-0.2072  	-0.0127  	0.02253  	-0.2649  	-0.2243  	0.49635  	-0.0127  	-0.5214  	-1.0448  	-0.1073  	0.22684  	-0.0085  	0.61872  	0.13228  	-0.3199  	0.85990  	0.06788  	0.29137  	0.29848  	0.10609  	0.19938  	-0.4979  	-0.4720  	-0.0742  	-0.0236  	0.20827  	-0.1002  	-0.1767  	0.38705  	0.33379  	0.28441  	0.08874  	-0.4442  	-0.0195  	0.13701  	0.10376  	-0.1706  	0.24569  	0.09601  	-0.0430  	0.00374  	-0.0817  	-0.0281  	-0.1602  	-0.1369  	-0.0522  	0.00759  	-0.0186  	-0.0181  	-0.0075  	0.00397  	0.02046  	0.03641  	-0.0520  	-0.0232  	0.04063  	0.03630  	0.01816  	0.20158  	-0.0276  	0.00568  	-0.0014  	0.03522  	0.06434  	0.40137  	267.172  	162.321  	
-0.1458  	-0.0831  	-0.6946  	-0.4358  	0.32731  	-0.9863  	-0.2044  	-0.0296  	0.05362  	-0.2668  	-0.3164  	0.53203  	0.02049  	-0.5154  	-1.0322  	-0.1039  	0.23309  	0.01240  	0.60979  	0.13324  	-0.4292  	0.87996  	0.06221  	0.21433  	0.26082  	0.13744  	0.14973  	-0.4220  	-0.3918  	-0.0712  	-0.0029  	0.19308  	-0.0963  	-0.1619  	0.31262  	0.34554  	0.19821  	0.08342  	-0.4271  	0.00044  	0.17603  	0.09683  	-0.1322  	0.26071  	0.08651  	-0.0463  	0.00584  	-0.0641  	-0.0148  	-0.1680  	-0.1329  	-0.0533  	0.00421  	-0.0197  	-0.0107  	-0.0094  	-0.0027  	0.01753  	0.03279  	-0.0499  	-0.0183  	0.04600  	0.03216  	0.01994  	0.20158  	-0.0276  	0.00568  	-0.0014  	0.03522  	0.06434  	0.40137  	267.172  	162.321  	
-0.0429  	0.00338  	-0.5858  	-0.4121  	0.36672  	-0.9354  	-0.2255  	0.02687  	0.06935  	-0.2696  	-0.3312  	0.58714  	0.05305  	-0.3862  	-1.0030  	-0.1039  	0.25047  	-0.0253  	0.60361  	0.11051  	-0.3627  	0.90505  	0.09678  	0.26920  	0.21653  	0.13713  	0.17517  	-0.4565  	-0.4539  	-0.0899  	-0.0110  	0.19295  	-0.0754  	-0.1689  	0.33346  	0.29246  	0.23919  	0.08465  	-0.4435  	-0.0073  	0.18984  	0.08118  	-0.1172  	0.25871  	0.07607  	-0.0485  	0.00745  	-0.0564  	-0.0089  	-0.1643  	-0.1339  	-0.0603  	0.00818  	-0.0236  	-0.0116  	-0.0113  	-0.0056  	0.01864  	0.03359  	-0.0561  	-0.0240  	0.05686  	0.03581  	0.02080  	0.20158  	-0.0276  	0.00568  	-0.0014  	0.03522  	0.06434  	0.40137  	267.172  	162.321  	
-0.1055  	0.00820  	-0.6236  	-0.4033  	0.36299  	-0.9964  	-0.2332  	0.01278  	0.06349  	-0.2508  	-0.2978  	0.57360  	0.01192  	-0.4333  	-0.9995  	-0.1103  	0.25102  	-0.0245  	0.62624  	0.10211  	-0.3417  	0.89317  	0.10043  	0.27728  	0.21769  	0.11921  	0.20373  	-0.4914  	-0.4628  	-0.0913  	-0.0212  	0.20622  	-0.0831  	-0.1635  	0.36609  	0.31319  	0.25937  	0.09913  	-0.4610  	-0.0281  	0.17595  	0.08448  	-0.1366  	0.25495  	0.08067  	-0.0429  	0.00738  	-0.0629  	-0.0157  	-0.1715  	-0.1297  	-0.0579  	0.00537  	-0.0148  	-0.0158  	-0.0098  	0.00402  	0.02074  	0.04094  	-0.0465  	-0.0210  	0.05197  	0.03075  	0.01713  	0.20158  	-0.0276  	0.00568  	-0.0014  	0.03522  	0.06434  	0.40137  	267.172  	162.321  	
-0.0642  	-0.0359  	-0.6484  	-0.3584  	0.37554  	-0.9276  	-0.2349  	0.00981  	0.06017  	-0.3129  	-0.3421  	0.55193  	0.00080  	-0.4685  	-0.9748  	-0.0757  	0.25120  	-0.0083  	0.63332  	0.11188  	-0.3945  	0.88022  	0.08717  	0.27771  	0.26324  	0.13728  	0.18832  	-0.4486  	-0.4312  	-0.0826  	-0.0365  	0.20613  	-0.0950  	-0.1682  	0.35172  	0.32712  	0.23626  	0.09372  	-0.4471  	-0.0019  	0.16105  	0.09425  	-0.1461  	0.25965  	0.07690  	-0.0374  	0.00537  	-0.0572  	-0.0197  	-0.1747  	-0.1327  	-0.0476  	0.00757  	-0.0171  	-0.0161  	-0.0107  	0.00457  	0.01675  	0.04197  	-0.0473  	-0.0173  	0.04597  	0.02947  	0.01538  	0.20158  	-0.0276  	0.00568  	-0.0014  	0.03522  	0.06434  	0.40137  	267.172  	162.321  	
-0.1643  	-0.0507  	-0.6751  	-0.3777  	0.38348  	-1.0169  	-0.2175  	-0.0035  	0.05212  	-0.2549  	-0.3210  	0.62879  	0.04473  	-0.4571  	-0.9755  	-0.0809  	0.23058  	0.02004  	0.62561  	0.11119  	-0.4649  	0.88553  	0.09489  	0.24672  	0.20916  	0.13933  	0.12874  	-0.4075  	-0.4009  	-0.0870  	0.00180  	0.20057  	-0.0805  	-0.1610  	0.34259  	0.32701  	0.19337  	0.07983  	-0.4458  	0.00818  	0.17994  	0.08957  	-0.1446  	0.26003  	0.07869  	-0.0448  	0.01051  	-0.0467  	-0.0184  	-0.1678  	-0.1338  	-0.0514  	0.00501  	-0.0214  	-0.0095  	-0.0131  	0.00127  	0.01642  	0.04057  	-0.0470  	-0.0177  	0.05148  	0.03040  	0.01757  	0.20158  	-0.0276  	0.00568  	-0.0014  	0.03522  	0.06434  	0.40137  	267.172  	162.321  	
-0.3802  	-0.0972  	-0.8274  	-0.5449  	0.34402  	-1.2368  	-0.2014  	-0.0338  	0.02009  	-0.2050  	-0.2112  	0.55927  	0.07398  	-0.3807  	-1.0745  	-0.1683  	0.18934  	0.03033  	0.59700  	0.17869  	-0.4036  	0.88733  	0.02761  	0.28973  	0.22725  	0.13164  	0.13207  	-0.4373  	-0.4205  	-0.0986  	0.02596  	0.15918  	-0.0735  	-0.1677  	0.40730  	0.31680  	0.14993  	0.02883  	-0.4234  	0.00716  	0.12541  	0.11244  	-0.1619  	0.22868  	0.09882  	-0.0499  	0.00079  	-0.0570  	-0.0236  	-0.1650  	-0.1393  	-0.0535  	0.00340  	-0.0251  	-0.0194  	-0.0054  	0.00270  	0.02027  	0.03125  	-0.0501  	-0.0194  	0.04923  	0.03591  	0.01258  	0.20158  	-0.0276  	0.00568  	-0.0014  	0.03522  	0.06434  	0.40137  	267.172  	162.321  	
-0.3291  	-0.1235  	-0.8496  	-0.5301  	0.33778  	-1.2191  	-0.2446  	0.01057  	0.02658  	-0.2307  	-0.0687  	0.61436  	0.02887  	-0.3974  	-1.0007  	-0.1761  	0.24645  	-0.0216  	0.59307  	0.21293  	-0.2844  	0.88570  	0.02361  	0.36154  	0.19922  	0.12044  	0.13192  	-0.4783  	-0.5222  	-0.1128  	-0.0103  	0.18896  	-0.0593  	-0.1734  	0.42325  	0.26101  	0.20960  	0.06357  	-0.4398  	0.00261  	0.07991  	0.11783  	-0.1881  	0.20044  	0.09387  	-0.0366  	0.00690  	-0.0813  	-0.0157  	-0.1613  	-0.1380  	-0.0521  	0.00238  	-0.0240  	-0.0146  	-0.0128  	-0.0062  	0.01729  	0.03621  	-0.0449  	-0.0176  	0.06118  	0.02732  	0.01402  	0.20158  	-0.0276  	0.00568  	-0.0014  	0.03522  	0.06434  	0.40137  	267.172  	162.321  	
-0.1970  	-0.0998  	-0.7660  	-0.3151  	0.44349  	-1.1757  	-0.2327  	0.09264  	0.06675  	-0.2609  	-0.0568  	0.69258  	0.05395  	-0.3117  	-0.8655  	-0.2018  	0.24236  	-0.0396  	0.58243  	0.24654  	-0.2359  	0.88164  	-0.0181  	0.41689  	0.20590  	0.11168  	0.14709  	-0.4830  	-0.5741  	-0.1129  	-0.0117  	0.17634  	-0.0359  	-0.1804  	0.46735  	0.21804  	0.23668  	0.04551  	-0.4332  	-0.0145  	0.05666  	0.12681  	-0.1994  	0.20263  	0.09208  	-0.0312  	0.01096  	-0.0795  	-0.0119  	-0.1599  	-0.1355  	-0.0573  	-0.0027  	-0.0229  	-0.0231  	-0.0111  	-0.0055  	0.01617  	0.03152  	-0.0461  	-0.0216  	0.04971  	0.03029  	0.01117  	0.20158  	-0.0276  	0.00568  	-0.0014  	0.03522  	0.06434  	0.40137  	267.172  	162.321  	
0.18255  	0.04581  	-0.5489  	-0.1356  	0.50959  	-0.9024  	-0.2243  	0.15825  	0.12350  	-0.3527  	-0.3508  	0.76551  	0.13224  	-0.0658  	-0.6979  	-0.1006  	0.22754  	-0.0210  	0.60052  	0.16445  	-0.2024  	0.90697  	0.05610  	0.37558  	0.16794  	0.11625  	0.17017  	-0.5305  	-0.5656  	-0.0829  	-0.0066  	0.16834  	-0.0367  	-0.1727  	0.47683  	0.19832  	0.27195  	0.06948  	-0.4548  	0.01558  	0.09897  	0.08743  	-0.1660  	0.22544  	0.07358  	-0.0323  	0.00761  	-0.0592  	-0.0181  	-0.1532  	-0.1350  	-0.0659  	0.00334  	-0.0253  	-0.0328  	0.01301  	-0.0131  	0.01259  	0.03247  	-0.0415  	-0.0166  	0.05535  	0.01589  	0.00592  	0.20158  	-0.0276  	0.00568  	-0.0014  	0.03522  	0.06434  	0.40137  	267.172  	162.321  	
0.30860  	0.11982  	-0.4576  	-0.0068  	0.58138  	-0.7406  	-0.2504  	0.24311  	0.11257  	-0.3811  	-0.5032  	0.68915  	0.14068  	-0.0416  	-0.5683  	-0.0110  	0.25485  	-0.0492  	0.62097  	0.12474  	-0.1469  	0.91384  	0.05878  	0.38594  	0.25049  	0.08212  	0.21601  	-0.5629  	-0.5120  	-0.0698  	-0.0485  	0.18531  	-0.0422  	-0.1785  	0.47120  	0.16199  	0.29058  	0.09282  	-0.4730  	-0.0072  	0.10017  	0.07146  	-0.1373  	0.22141  	0.07148  	-0.0439  	0.01031  	-0.0556  	-0.0086  	-0.1519  	-0.1314  	-0.0656  	0.00014  	-0.0266  	-0.0238  	0.00437  	-0.0043  	0.01018  	0.03835  	-0.0514  	-0.0226  	0.04644  	0.02665  	0.01027  	0.20158  	-0.0276  	0.00568  	-0.0014  	0.03522  	0.06434  	0.40137  	267.172  	162.321  	
0.13161  	-0.0224  	-0.6732  	-0.0395  	0.65101  	-0.9293  	-0.1907  	0.05937  	0.07182  	-0.3381  	-0.3119  	0.68100  	0.08623  	-0.2528  	-0.7832  	-0.0316  	0.22219  	-0.0798  	0.61777  	0.15988  	-0.2088  	0.84631  	-0.0921  	0.43282  	0.32859  	0.09026  	0.32665  	-0.5386  	-0.5382  	-0.0190  	-0.0722  	0.23248  	-0.0602  	-0.1872  	0.58072  	0.24495  	0.31127  	0.07078  	-0.5049  	0.02810  	0.00877  	0.15262  	-0.2210  	0.21464  	0.10498  	-0.0382  	-0.0032  	-0.0796  	-0.0078  	-0.1754  	-0.1285  	-0.0548  	-0.0037  	-0.0099  	-0.0220  	0.00613  	0.00314  	0.01062  	0.04966  	-0.0465  	-0.0313  	0.04158  	0.02998  	0.01160  	0.20158  	-0.0276  	0.00568  	-0.0014  	0.03522  	0.06434  	0.40137  	267.172  	162.321  	
0.19119  	0.03066  	-0.5620  	0.03438  	0.60878  	-0.9022  	-0.2912  	0.13294  	0.07288  	-0.4483  	-0.3987  	0.77719  	0.16321  	-0.1960  	-0.5108  	-0.1491  	0.33882  	-0.2469  	0.67170  	-0.0910  	-0.1249  	0.65157  	-0.2103  	0.40112  	0.14306  	0.19918  	0.24430  	-0.5687  	-0.4862  	-0.0711  	0.07915  	0.16293  	-0.1510  	-0.3412  	0.46263  	0.18525  	0.19430  	0.05900  	-0.6107  	-0.0767  	0.13622  	0.24944  	-0.3116  	0.29322  	0.03328  	-0.0095  	-0.0201  	-0.0483  	-0.0436  	-0.1705  	-0.1269  	-0.0511  	0.00354  	-0.0056  	-0.0230  	0.00497  	0.00114  	-0.0029  	0.04345  	-0.0386  	-0.0201  	0.04397  	0.00293  	0.00889  	0.20158  	-0.0276  	0.00568  	-0.0014  	0.03522  	0.06434  	0.40137  	267.172  	162.321  	
0.24192  	0.10519  	-0.4726  	-0.0301  	0.59849  	-0.9093  	-0.2725  	0.24589  	0.04177  	-0.3843  	-0.4302  	0.72262  	0.23959  	-0.1845  	-0.5234  	-0.1998  	0.39348  	-0.3246  	0.74103  	-0.3306  	-0.1512  	0.49478  	-0.4261  	0.37387  	0.10123  	0.29674  	0.15065  	-0.6189  	-0.3111  	-0.1087  	0.18904  	0.08702  	-0.2165  	-0.4805  	0.34302  	0.14902  	0.07580  	0.06011  	-0.6638  	-0.1345  	0.22345  	0.32108  	-0.3512  	0.37554  	-0.0371  	-0.0069  	-0.0366  	-0.0269  	-0.0420  	-0.1835  	-0.1185  	-0.0524  	0.00791  	0.00104  	-0.0032  	-0.0021  	0.00211  	-0.0113  	0.04508  	-0.0288  	-0.0164  	0.04631  	-0.0054  	0.01700  	0.20158  	-0.0276  	0.00568  	-0.0014  	0.03522  	0.06434  	0.40137  	267.172  	162.321  	
0.17899  	0.08980  	-0.5296  	-0.0697  	0.64630  	-0.9841  	-0.2371  	0.19617  	0.04488  	-0.3379  	-0.4747  	0.70676  	0.27410  	-0.1785  	-0.5133  	-0.2102  	0.39290  	-0.3287  	0.78164  	-0.3743  	-0.2712  	0.44128  	-0.5611  	0.31887  	0.13957  	0.32596  	0.11184  	-0.5995  	-0.2190  	-0.0923  	0.19633  	0.06471  	-0.2360  	-0.5136  	0.31379  	0.19724  	-0.0164  	0.04547  	-0.6670  	-0.1154  	0.26215  	0.36943  	-0.3723  	0.38512  	-0.0396  	0.00219  	-0.0415  	-0.0233  	-0.0324  	-0.1893  	-0.1219  	-0.0483  	0.00737  	0.00611  	-0.0011  	-0.0071  	-0.0056  	-0.0134  	0.04248  	-0.0336  	-0.0174  	0.05123  	-0.0138  	0.00934  	0.20158  	-0.0276  	0.00568  	-0.0014  	0.03522  	0.06434  	0.40137  	267.172  	162.321  	
-0.0002  	-0.0430  	-0.6423  	-0.1630  	0.57952  	-1.0527  	-0.2161  	0.14778  	0.03673  	-0.3224  	-0.2176  	0.70451  	0.18316  	-0.3199  	-0.7432  	-0.2142  	0.35775  	-0.2985  	0.70952  	-0.2693  	-0.1942  	0.45905  	-0.5494  	0.37475  	0.17462  	0.27340  	0.16625  	-0.6245  	-0.3028  	-0.0998  	0.19275  	0.08448  	-0.2134  	-0.4625  	0.39626  	0.23546  	0.06853  	0.05157  	-0.6699  	-0.1147  	0.19587  	0.36876  	-0.3901  	0.37312  	-0.0200  	-0.0074  	-0.0375  	-0.0437  	-0.0351  	-0.1882  	-0.1088  	-0.0498  	0.00027  	0.00685  	0.00089  	-0.0044  	-0.0020  	-0.0004  	0.03818  	-0.0343  	-0.0231  	0.04004  	0.01143  	0.01824  	0.20158  	-0.0276  	0.00568  	-0.0014  	0.03522  	0.06434  	0.40137  	267.172  	162.321  	
-0.1520  	-0.0659  	-0.7132  	-0.3372  	0.47025  	-1.1385  	-0.2329  	0.12589  	0.03574  	-0.2745  	-0.1650  	0.64204  	0.09233  	-0.3921  	-0.8228  	-0.1990  	0.32400  	-0.2022  	0.67219  	-0.0794  	-0.2031  	0.66520  	-0.2674  	0.35515  	0.17616  	0.19903  	0.17913  	-0.5835  	-0.4166  	-0.1147  	0.08979  	0.14725  	-0.1619  	-0.3354  	0.39968  	0.26170  	0.16171  	0.07518  	-0.5721  	-0.0956  	0.16616  	0.24561  	-0.3105  	0.29059  	0.03413  	-0.0175  	-0.0178  	-0.0543  	-0.0434  	-0.1732  	-0.1328  	-0.0458  	0.00880  	-0.0014  	-0.0092  	-0.0092  	0.00140  	0.00293  	0.03404  	-0.0405  	-0.0185  	0.04472  	0.01586  	0.01312  	0.20158  	-0.0276  	0.00568  	-0.0014  	0.03522  	0.06434  	0.40137  	267.172  	162.321  	
0.01127  	-0.0664  	-0.7174  	-0.2143  	0.51699  	-1.0190  	-0.2280  	0.10097  	0.08682  	-0.3186  	-0.2339  	0.71333  	0.11005  	-0.2186  	-0.7388  	-0.1405  	0.22836  	-0.0490  	0.58021  	0.17181  	-0.2095  	0.84794  	-0.0063  	0.38188  	0.20726  	0.10240  	0.23381  	-0.5213  	-0.5495  	-0.0821  	-0.0285  	0.19017  	-0.0455  	-0.1821  	0.52638  	0.24100  	0.25931  	0.06932  	-0.4793  	0.01236  	0.03821  	0.12384  	-0.1862  	0.21111  	0.09051  	-0.0389  	0.00713  	-0.0703  	-0.0251  	-0.1598  	-0.1293  	-0.0595  	-0.0057  	-0.0194  	-0.0236  	-0.0071  	0.00419  	0.01263  	0.03267  	-0.0491  	-0.0266  	0.04628  	0.03464  	0.01453  	0.20158  	-0.0276  	0.00568  	-0.0014  	0.03522  	0.06434  	0.40137  	267.172  	162.321  	
0.47542  	0.08922  	-0.4599  	0.06301  	0.63497  	-0.7361  	-0.1609  	0.18200  	0.12706  	-0.3420  	-0.5096  	0.72427  	0.22793  	0.08142  	-0.3870  	-0.1409  	0.21510  	-0.1044  	0.57074  	0.04843  	-0.1633  	0.92824  	0.02750  	0.44181  	0.16615  	0.09497  	0.30600  	-0.6458  	-0.6283  	-0.0691  	-0.0046  	0.23292  	-0.0046  	-0.1942  	0.56606  	0.13644  	0.31520  	0.05302  	-0.4912  	0.03734  	0.05223  	0.10955  	-0.1634  	0.22536  	0.09236  	-0.0330  	0.00331  	-0.0359  	0.00026  	-0.1499  	-0.1339  	-0.0592  	-0.0066  	-0.0357  	-0.0271  	0.00783  	0.00060  	0.00567  	0.03619  	-0.0413  	-0.0177  	0.04506  	0.01833  	0.00655  	0.20158  	-0.0276  	0.00568  	-0.0014  	0.03522  	0.06434  	0.40137  	267.172  	162.321  	
0.67472  	0.12173  	-0.3041  	0.19112  	0.64062  	-0.5172  	-0.1309  	0.26204  	0.16981  	-0.4175  	-0.6976  	0.64360  	0.26393  	0.20915  	-0.2013  	-0.0855  	0.23515  	-0.1350  	0.56329  	0.00987  	-0.1662  	1.02256  	0.10433  	0.43783  	0.25226  	0.09359  	0.31600  	-0.7224  	-0.5692  	-0.0257  	-0.0324  	0.23044  	-0.0220  	-0.1747  	0.53691  	0.14768  	0.31948  	0.09708  	-0.4753  	0.03494  	0.04957  	0.10350  	-0.1411  	0.24076  	0.06674  	-0.0366  	-0.0076  	-0.0210  	0.00817  	-0.1654  	-0.1354  	-0.0553  	0.00057  	-0.0273  	-0.0233  	0.01260  	-0.0164  	0.01285  	0.02777  	-0.0475  	-0.0218  	0.05524  	0.02417  	0.00704  	0.20158  	-0.0276  	0.00568  	-0.0014  	0.03522  	0.06434  	0.40137  	267.172  	162.321  	
0.65351  	0.15315  	-0.3344  	0.21798  	0.62879  	-0.5915  	-0.1609  	0.28823  	0.15138  	-0.3989  	-0.5919  	0.58739  	0.23585  	0.05649  	-0.3453  	-0.0282  	0.20497  	-0.1454  	0.60659  	-0.0333  	-0.0620  	1.03194  	0.08423  	0.40922  	0.30299  	0.06595  	0.40015  	-0.7890  	-0.6475  	-0.0419  	-0.0537  	0.24969  	-0.0335  	-0.1745  	0.61808  	0.16244  	0.40650  	0.13010  	-0.5074  	-0.0167  	0.00737  	0.11971  	-0.1540  	0.24099  	0.07263  	-0.0389  	-0.0119  	-0.0337  	0.00984  	-0.1648  	-0.1399  	-0.0558  	0.00721  	-0.0214  	-0.0120  	0.01368  	-0.0101  	0.01205  	0.03355  	-0.0422  	-0.0233  	0.05257  	0.02687  	0.00889  	0.20158  	-0.0276  	0.00568  	-0.0014  	0.03522  	0.06434  	0.40137  	267.172  	162.321  	
0.55441  	0.15227  	-0.3394  	0.00886  	0.55007  	-0.6401  	-0.1699  	0.27726  	0.11156  	-0.3575  	-0.4164  	0.60700  	0.16555  	-0.0446  	-0.6093  	0.03709  	0.18513  	-0.0975  	0.63529  	0.05586  	-0.0576  	0.95844  	0.01412  	0.44085  	0.31104  	0.03435  	0.41178  	-0.7244  	-0.6637  	-0.0757  	-0.0473  	0.24709  	-0.0560  	-0.1746  	0.65934  	0.23531  	0.42795  	0.12814  	-0.5277  	-0.0109  	0.02066  	0.12278  	-0.1823  	0.22738  	0.06346  	-0.0304  	-0.0062  	-0.0507  	-0.0010  	-0.1634  	-0.1293  	-0.0536  	0.01034  	-0.0140  	-0.0225  	0.01262  	-0.0088  	0.01738  	0.03589  	-0.0445  	-0.0255  	0.05275  	0.02961  	0.00170  	0.20158  	-0.0276  	0.00568  	-0.0014  	0.03522  	0.06434  	0.40137  	267.172  	162.321  	
0.37882  	0.07272  	-0.4887  	-0.0714  	0.49901  	-0.7699  	-0.1976  	0.18136  	0.07528  	-0.3233  	-0.2022  	0.60865  	0.05228  	-0.2240  	-0.8250  	0.07106  	0.17912  	-0.0471  	0.62545  	0.07500  	-0.1522  	0.92418  	-0.0396  	0.43399  	0.27610  	0.04942  	0.38621  	-0.6588  	-0.6300  	-0.0698  	-0.0658  	0.25941  	-0.0455  	-0.1924  	0.62957  	0.27698  	0.37422  	0.10115  	-0.5213  	-0.0141  	0.02178  	0.12803  	-0.1766  	0.22547  	0.09180  	-0.0388  	0.00378  	-0.0556  	-0.0090  	-0.1685  	-0.1219  	-0.0558  	0.00670  	-0.0177  	-0.0142  	-0.0019  	0.00060  	0.01793  	0.03371  	-0.0487  	-0.0325  	0.04338  	0.03358  	0.01240  	0.20158  	-0.0276  	0.00568  	-0.0014  	0.03522  	0.06434  	0.40137  	267.172  	162.321  	
0.25240  	0.03262  	-0.5276  	-0.1660  	0.40999  	-0.8455  	-0.2307  	0.08018  	0.07424  	-0.3269  	-0.1926  	0.61258  	0.02110  	-0.2968  	-0.9021  	0.05261  	0.19719  	-0.0610  	0.63776  	0.05976  	-0.1717  	0.89132  	0.05326  	0.40292  	0.22123  	0.06884  	0.31560  	-0.6144  	-0.6040  	-0.0640  	-0.0521  	0.23541  	-0.0810  	-0.1931  	0.56731  	0.29395  	0.38119  	0.10745  	-0.5383  	-0.0167  	0.04835  	0.12992  	-0.1815  	0.22309  	0.09128  	-0.0337  	0.00452  	-0.0625  	-0.0048  	-0.1653  	-0.1217  	-0.0572  	0.01279  	-0.0133  	-0.0126  	-0.0062  	-0.0022  	0.01652  	0.03817  	-0.0468  	-0.0375  	0.04607  	0.04064  	0.01315  	0.20158  	-0.0276  	0.00568  	-0.0014  	0.03522  	0.06434  	0.40137  	267.172  	162.321  	
0.27834  	0.04769  	-0.5099  	-0.1485  	0.46326  	-0.8029  	-0.2389  	0.09175  	0.06652  	-0.3535  	-0.2398  	0.64212  	0.03608  	-0.2525  	-0.8539  	0.02449  	0.19042  	-0.0563  	0.63812  	0.08157  	-0.1681  	0.88345  	0.03973  	0.38934  	0.20600  	0.07543  	0.27217  	-0.5987  	-0.6102  	-0.0785  	-0.0506  	0.23182  	-0.0713  	-0.1833  	0.57463  	0.28923  	0.38466  	0.10836  	-0.5446  	-0.0215  	0.06654  	0.12099  	-0.1801  	0.21835  	0.08872  	-0.0381  	0.00511  	-0.0714  	-0.0134  	-0.1694  	-0.1292  	-0.0549  	0.00902  	-0.0173  	-0.0174  	-0.0027  	0.00208  	0.01970  	0.03683  	-0.0479  	-0.0334  	0.04387  	0.03669  	0.01138  	0.20158  	-0.0276  	0.00568  	-0.0014  	0.03522  	0.06434  	0.40137  	267.172  	162.321  	
0.35337  	0.06738  	-0.4668  	-0.1083  	0.46934  	-0.7860  	-0.2265  	0.14409  	0.07366  	-0.3751  	-0.2536  	0.62716  	0.04247  	-0.2039  	-0.7237  	-0.0022  	0.18268  	-0.0581  	0.62778  	0.07088  	-0.1099  	0.89124  	0.05923  	0.40090  	0.19082  	0.08017  	0.25908  	-0.6725  	-0.6417  	-0.1012  	-0.0466  	0.24778  	-0.0498  	-0.1843  	0.61438  	0.23886  	0.38520  	0.12235  	-0.5492  	-0.0151  	0.07150  	0.10798  	-0.1789  	0.22268  	0.07919  	-0.0369  	0.00953  	-0.0727  	-0.0194  	-0.1640  	-0.1338  	-0.0541  	0.00986  	-0.0205  	-0.0211  	-0.0049  	0.00089  	0.01762  	0.03062  	-0.0468  	-0.0287  	0.04960  	0.03440  	0.01142  	0.20158  	-0.0276  	0.00568  	-0.0014  	0.03522  	0.06434  	0.40137  	267.172  	162.321  	
0.49622  	0.13729  	-0.3880  	-0.0230  	0.48139  	-0.7070  	-0.2301  	0.23403  	0.13803  	-0.4563  	-0.2431  	0.64658  	0.09294  	-0.0878  	-0.5720  	0.03378  	0.21637  	-0.1059  	0.61010  	0.01632  	0.02320  	0.87926  	0.07383  	0.44872  	0.16030  	0.06325  	0.32766  	-0.8015  	-0.7576  	-0.1077  	-0.0531  	0.27667  	-0.0415  	-0.1775  	0.67660  	0.14753  	0.46751  	0.16658  	-0.5732  	-0.0451  	0.06464  	0.11587  	-0.1696  	0.20989  	0.07526  	-0.0283  	0.00143  	-0.0678  	-0.0146  	-0.1521  	-0.1465  	-0.0475  	0.01276  	-0.0117  	-0.0153  	0.00327  	-0.0113  	0.01417  	0.03580  	-0.0456  	-0.0194  	0.05233  	0.02042  	0.00687  	0.20158  	-0.0276  	0.00568  	-0.0014  	0.03522  	0.06434  	0.40137  	267.172  	162.321  	
0.54628  	0.17040  	-0.3663  	0.03426  	0.48297  	-0.6675  	-0.2152  	0.27719  	0.18290  	-0.4825  	-0.2528  	0.66250  	0.12039  	-0.0076  	-0.5214  	0.04717  	0.24029  	-0.1467  	0.60065  	-0.0074  	0.08355  	0.90433  	0.09031  	0.46755  	0.15795  	0.06416  	0.37961  	-0.8437  	-0.8234  	-0.1020  	-0.0521  	0.27790  	-0.0269  	-0.1874  	0.69673  	0.09947  	0.50208  	0.16911  	-0.5991  	-0.0702  	0.03220  	0.10621  	-0.1758  	0.21854  	0.07256  	-0.0301  	0.00185  	-0.0733  	-0.0120  	-0.1539  	-0.1490  	-0.0535  	0.00966  	-0.0140  	-0.0220  	0.01154  	-0.0128  	0.01524  	0.03064  	-0.0486  	-0.0203  	0.05558  	0.02184  	0.00443  	0.20158  	-0.0276  	0.00568  	-0.0014  	0.03522  	0.06434  	0.40137  	267.172  	162.321  	
0.61483  	0.17067  	-0.3360  	0.19034  	0.60439  	-0.5747  	-0.1709  	0.31620  	0.17698  	-0.4667  	-0.4177  	0.68110  	0.18902  	0.07032  	-0.4458  	0.09864  	0.23737  	-0.1337  	0.60926  	0.05590  	-0.0400  	0.92883  	0.03867  	0.43795  	0.24959  	0.06118  	0.38532  	-0.7074  	-0.6682  	-0.0541  	-0.0787  	0.25516  	-0.0230  	-0.1851  	0.64206  	0.14084  	0.41558  	0.13654  	-0.5279  	-0.0319  	0.00752  	0.10880  	-0.1647  	0.23489  	0.07857  	-0.0365  	-0.0018  	-0.0462  	-0.0037  	-0.1617  	-0.1359  	-0.0531  	0.00693  	-0.0200  	-0.0182  	0.01039  	-0.0106  	0.01016  	0.03219  	-0.0443  	-0.0213  	0.04806  	0.02857  	0.01080  	0.20158  	-0.0276  	0.00568  	-0.0014  	0.03522  	0.06434  	0.40137  	267.172  	162.321  	
0.55511  	0.13752  	-0.3959  	0.20583  	0.61955  	-0.5986  	-0.1687  	0.27900  	0.17367  	-0.4224  	-0.5072  	0.67621  	0.19443  	0.03265  	-0.4627  	0.05036  	0.23723  	-0.0728  	0.59741  	0.08116  	-0.1761  	0.91696  	0.00787  	0.36501  	0.25785  	0.08477  	0.29260  	-0.6055  	-0.5285  	-0.0351  	-0.0647  	0.24060  	-0.0097  	-0.1780  	0.55984  	0.18357  	0.30500  	0.09961  	-0.4587  	-0.0061  	0.04576  	0.10568  	-0.1500  	0.23390  	0.08032  	-0.0345  	-0.0023  	-0.0395  	0.00202  	-0.1718  	-0.1345  	-0.0509  	0.00250  	-0.0207  	-0.0164  	0.00784  	-0.0072  	0.01416  	0.03686  	-0.0465  	-0.0216  	0.04775  	0.03446  	0.01109  	0.20158  	-0.0276  	0.00568  	-0.0014  	0.03522  	0.06434  	0.40137  	267.172  	162.321  	
0.42812  	0.08935  	-0.5187  	0.15289  	0.64298  	-0.7655  	-0.1528  	0.15093  	0.14493  	-0.3833  	-0.5681  	0.67676  	0.23992  	0.01188  	-0.5091  	0.01425  	0.20146  	0.00160  	0.56990  	0.17889  	-0.3374  	0.88793  	-0.1106  	0.33772  	0.25646  	0.07600  	0.13577  	-0.4570  	-0.3871  	-0.0128  	-0.0683  	0.21173  	-0.0123  	-0.1765  	0.50866  	0.20541  	0.18323  	0.06572  	-0.4386  	0.04769  	0.07614  	0.10586  	-0.1386  	0.22167  	0.08014  	-0.0315  	0.00584  	-0.0496  	0.00287  	-0.1685  	-0.1268  	-0.0601  	-0.0015  	-0.0422  	-0.0182  	0.00489  	-0.0037  	0.01069  	0.03603  	-0.0509  	-0.0264  	0.05500  	0.02508  	0.01285  	0.20158  	-0.0276  	0.00568  	-0.0014  	0.03522  	0.06434  	0.40137  	267.172  	162.321  	
0.12455  	-0.0166  	-0.7165  	0.03896  	0.66992  	-0.9784  	-0.1527  	0.12849  	0.07926  	-0.3396  	-0.2843  	0.75611  	0.16469  	0.00885  	-0.7133  	-0.0771  	0.20492  	-0.0055  	0.59849  	0.18513  	-0.2479  	0.91738  	-0.1290  	0.41705  	0.29851  	0.07403  	0.24071  	-0.5011  	-0.5029  	-0.0554  	-0.0309  	0.16172  	-0.0100  	-0.1876  	0.57992  	0.26699  	0.30866  	0.02953  	-0.4467  	0.04492  	0.03121  	0.14118  	-0.2116  	0.20589  	0.09939  	-0.0364  	-0.0008  	-0.0650  	-0.0145  	-0.1578  	-0.1379  	-0.0605  	-0.0107  	-0.0230  	-0.0253  	0.01053  	-0.0017  	0.01115  	0.04154  	-0.0381  	-0.0351  	0.05068  	0.01413  	0.00975  	0.20158  	-0.0276  	0.00568  	-0.0014  	0.03522  	0.06434  	0.40137  	267.172  	162.321  	
-0.0978  	-0.0965  	-0.8087  	-0.0388  	0.69703  	-1.1199  	-0.2013  	0.06346  	0.05832  	-0.3230  	-0.2409  	0.76711  	0.09718  	-0.2211  	-0.7341  	-0.1297  	0.19632  	-0.0030  	0.58657  	0.20788  	-0.2558  	0.84579  	-0.0411  	0.41055  	0.21097  	0.09206  	0.19165  	-0.4581  	-0.4884  	-0.0656  	-0.0262  	0.17046  	-0.0158  	-0.1719  	0.56045  	0.25981  	0.23074  	0.04117  	-0.4628  	0.02738  	0.02714  	0.14640  	-0.2317  	0.19919  	0.09123  	-0.0423  	0.00352  	-0.0824  	-0.0060  	-0.1707  	-0.1278  	-0.0581  	-0.0033  	-0.0162  	-0.0243  	-0.0020  	0.00633  	0.01137  	0.03832  	-0.0416  	-0.0279  	0.04463  	0.02276  	0.01048  	0.20158  	-0.0276  	0.00568  	-0.0014  	0.03522  	0.06434  	0.40137  	267.172  	162.321  	
-0.0386  	-0.0615  	-0.7266  	-0.1606  	0.61541  	-1.0930  	-0.1914  	0.09437  	0.06657  	-0.2911  	-0.2349  	0.74654  	0.08582  	-0.2284  	-0.7852  	-0.1469  	0.20522  	-0.0048  	0.60815  	0.20804  	-0.2611  	0.88320  	-0.0280  	0.35958  	0.25311  	0.10762  	0.19852  	-0.4852  	-0.5025  	-0.0498  	-0.0444  	0.16733  	-0.0540  	-0.1614  	0.53088  	0.27136  	0.26542  	0.05548  	-0.4520  	0.00654  	0.05423  	0.11928  	-0.2208  	0.21128  	0.09347  	-0.0407  	0.00610  	-0.0764  	-0.0079  	-0.1707  	-0.1179  	-0.0586  	-0.0047  	-0.0198  	-0.0248  	0.01124  	0.00376  	0.01806  	0.03218  	-0.0420  	-0.0259  	0.03400  	0.02875  	0.00427  	0.20158  	-0.0276  	0.00568  	-0.0014  	0.03522  	0.06434  	0.40137  	267.172  	162.321  	
0.08923  	-0.0424  	-0.6517  	-0.2030  	0.49083  	-0.8767  	-0.2713  	0.08295  	0.05229  	-0.3663  	-0.3129  	0.59060  	0.02402  	-0.3889  	-0.8592  	-0.0497  	0.23974  	-0.0098  	0.64876  	0.13974  	-0.2371  	0.87817  	0.05435  	0.35012  	0.29910  	0.09348  	0.21694  	-0.5076  	-0.4886  	-0.0519  	-0.0527  	0.20287  	-0.0848  	-0.1916  	0.41357  	0.26837  	0.28390  	0.09054  	-0.4727  	0.00252  	0.07445  	0.09737  	-0.1811  	0.24169  	0.08671  	-0.0393  	0.00477  	-0.0800  	-0.0305  	-0.1607  	-0.1351  	-0.0526  	-0.0010  	-0.0264  	-0.0142  	-0.0061  	0.00754  	0.01606  	0.03153  	-0.0454  	-0.0304  	0.03709  	0.03276  	0.01724  	0.20158  	-0.0276  	0.00568  	-0.0014  	0.03522  	0.06434  	0.40137  	267.172  	162.321  	
0.23650  	-0.0189  	-0.5835  	-0.0543  	0.55809  	-0.8298  	-0.2631  	0.05461  	0.04222  	-0.3548  	-0.4105  	0.69195  	0.02105  	-0.4652  	-0.8469  	0.07246  	0.23069  	0.02978  	0.62846  	0.22142  	-0.3662  	0.86392  	-0.0246  	0.34359  	0.27582  	0.09336  	0.18358  	-0.3982  	-0.4437  	-0.0480  	-0.0530  	0.20381  	-0.0923  	-0.1748  	0.44785  	0.32533  	0.21439  	0.07155  	-0.4438  	0.05489  	0.08666  	0.09266  	-0.1618  	0.25363  	0.08617  	-0.0323  	0.00545  	-0.0647  	-0.0092  	-0.1696  	-0.1220  	-0.0527  	0.00673  	-0.0265  	-0.0070  	-0.0068  	0.01011  	0.02705  	0.03719  	-0.0503  	-0.0320  	0.03786  	0.03119  	0.01150  	0.20158  	-0.0276  	0.00568  	-0.0014  	0.03522  	0.06434  	0.40137  	267.172  	162.321  	
0.33020  	-0.0061  	-0.5074  	0.08329  	0.65323  	-0.7972  	-0.1848  	0.05943  	0.07922  	-0.2761  	-0.4558  	0.67883  	0.06756  	-0.3985  	-0.8443  	0.14678  	0.18009  	0.02120  	0.63171  	0.19269  	-0.3994  	0.89385  	-0.1431  	0.34157  	0.39391  	0.05813  	0.27525  	-0.3686  	-0.4033  	-0.0031  	-0.0967  	0.24949  	-0.1015  	-0.1807  	0.49192  	0.40380  	0.21618  	0.07370  	-0.4403  	0.03979  	0.05656  	0.12691  	-0.1641  	0.24298  	0.08345  	-0.0377  	-0.0049  	-0.0504  	0.00113  	-0.1769  	-0.1113  	-0.0545  	0.01046  	-0.0263  	-0.0084  	0.00187  	0.01022  	0.01868  	0.04044  	-0.0440  	-0.0305  	0.02960  	0.03492  	0.01178  	0.20158  	-0.0276  	0.00568  	-0.0014  	0.03522  	0.06434  	0.40137  	267.172  	162.321  	
0.25539  	0.03141  	-0.5558  	0.09908  	0.60433  	-0.8330  	-0.1800  	0.06791  	0.06684  	-0.3002  	-0.4971  	0.66278  	0.09000  	-0.2543  	-0.7615  	-0.0021  	0.21968  	0.02573  	0.59530  	0.19391  	-0.4096  	0.89994  	-0.0735  	0.32750  	0.30678  	0.07136  	0.22927  	-0.4191  	-0.3715  	-0.0256  	-0.0988  	0.23549  	-0.0711  	-0.1598  	0.48169  	0.35062  	0.17407  	0.06017  	-0.4221  	0.06090  	0.07740  	0.10987  	-0.1646  	0.23496  	0.08372  	-0.0340  	0.00522  	-0.0488  	-0.0037  	-0.1719  	-0.1218  	-0.0569  	0.00325  	-0.0263  	-0.0062  	-0.0001  	0.00171  	0.01981  	0.04221  	-0.0447  	-0.0257  	0.03307  	0.03340  	0.01264  	0.20158  	-0.0276  	0.00568  	-0.0014  	0.03522  	0.06434  	0.40137  	267.172  	162.321  	
0.20231  	0.01910  	-0.7268  	0.06246  	0.65297  	-0.9212  	-0.1554  	0.08819  	0.05575  	-0.3045  	-0.4801  	0.68881  	0.19264  	-0.0888  	-0.6357  	-0.0733  	0.17601  	-0.0054  	0.56614  	0.18018  	-0.4014  	0.91703  	-0.0888  	0.33585  	0.35237  	0.05020  	0.19631  	-0.4064  	-0.3692  	-0.0123  	-0.0426  	0.18796  	-0.0618  	-0.1866  	0.50454  	0.29159  	0.15279  	0.03704  	-0.4207  	0.07104  	0.07255  	0.11223  	-0.1677  	0.20544  	0.07653  	-0.0339  	0.00170  	-0.0652  	-0.0061  	-0.1552  	-0.1199  	-0.0660  	0.00617  	-0.0270  	-0.0128  	0.00409  	0.00639  	0.01237  	0.04075  	-0.0442  	-0.0326  	0.05130  	0.02689  	0.01739  	0.20158  	-0.0276  	0.00568  	-0.0014  	0.03522  	0.06434  	0.40137  	267.172  	162.321  	
-0.0682  	-0.0189  	-0.8020  	-0.0428  	0.60679  	-1.0898  	-0.2339  	0.09356  	0.07843  	-0.2978  	-0.2914  	0.70370  	0.12228  	-0.1543  	-0.7520  	-0.1309  	0.20668  	-0.0107  	0.59401  	0.20070  	-0.2589  	0.87710  	-0.0919  	0.40337  	0.27380  	0.09590  	0.21498  	-0.4885  	-0.5000  	-0.0538  	0.00280  	0.18888  	-0.0199  	-0.1682  	0.56122  	0.26284  	0.25894  	0.05282  	-0.4525  	0.01670  	0.03305  	0.12475  	-0.2130  	0.18718  	0.09915  	-0.0441  	0.00234  	-0.0708  	-0.0169  	-0.1637  	-0.1371  	-0.0548  	0.00346  	-0.0181  	-0.0218  	-0.0025  	0.00835  	0.01405  	0.04657  	-0.0337  	-0.0256  	0.04142  	0.02889  	0.01484  	0.20158  	-0.0276  	0.00568  	-0.0014  	0.03522  	0.06434  	0.40137  	267.172  	162.321  	
-0.1655  	-0.0522  	-0.7745  	-0.3267  	0.50193  	-1.1655  	-0.2345  	0.04533  	0.05949  	-0.2617  	-0.1575  	0.66168  	0.07413  	-0.3083  	-0.8747  	-0.1541  	0.19490  	-0.0037  	0.59748  	0.20296  	-0.2359  	0.86852  	-0.0299  	0.36459  	0.19735  	0.11439  	0.19165  	-0.4971  	-0.5272  	-0.0868  	-0.0125  	0.20101  	-0.0466  	-0.1582  	0.50130  	0.27503  	0.26082  	0.08138  	-0.4689  	0.00220  	0.08819  	0.10033  	-0.2123  	0.20712  	0.08412  	-0.0408  	0.00524  	-0.0874  	-0.0231  	-0.1731  	-0.1312  	-0.0578  	0.00459  	-0.0159  	-0.0200  	0.00402  	0.00040  	0.01598  	0.03528  	-0.0426  	-0.0220  	0.04985  	0.02315  	0.01172  	0.20158  	-0.0276  	0.00568  	-0.0014  	0.03522  	0.06434  	0.40137  	267.172  	162.321  	
-0.1620  	-0.0613  	-0.6644  	-0.5789  	0.30365  	-1.0767  	-0.1976  	0.00577  	0.04690  	-0.1937  	-0.2011  	0.50878  	0.03083  	-0.4085  	-1.0473  	-0.1527  	0.24482  	-0.0064  	0.60943  	0.16195  	-0.3238  	0.88737  	0.03115  	0.32825  	0.28926  	0.11692  	0.20251  	-0.5139  	-0.4789  	-0.0980  	-0.0090  	0.18663  	-0.0690  	-0.1818  	0.39131  	0.31053  	0.24746  	0.07911  	-0.4456  	0.00445  	0.11914  	0.11011  	-0.1713  	0.23820  	0.09683  	-0.0387  	0.00642  	-0.0734  	-0.0280  	-0.1579  	-0.1415  	-0.0514  	0.00271  	-0.0194  	-0.0176  	-0.0082  	0.00330  	0.02019  	0.03695  	-0.0472  	-0.0235  	0.04486  	0.03033  	0.01298  	0.20158  	-0.0276  	0.00568  	-0.0014  	0.03522  	0.06434  	0.40137  	267.172  	162.321  	
0.10639  	-0.0167  	-0.6442  	-0.1241  	0.55208  	-0.9214  	-0.1999  	0.13793  	0.11260  	-0.3413  	-0.3743  	0.70396  	0.11854  	-0.2123  	-0.6822  	-0.1047  	0.22735  	-0.0269  	0.59193  	0.18111  	-0.2828  	0.89329  	0.00114  	0.39271  	0.20635  	0.13969  	0.22998  	-0.4983  	-0.5098  	-0.1025  	-0.0347  	0.19801  	-0.0091  	-0.1837  	0.44324  	0.20363  	0.25401  	0.06001  	-0.4661  	0.05332  	0.06728  	0.12332  	-0.1803  	0.22309  	0.08978  	-0.0356  	0.01007  	-0.0698  	-0.0243  	-0.1517  	-0.1277  	-0.0577  	-0.0123  	-0.0223  	-0.0243  	0.00145  	0.00182  	0.00277  	0.03873  	-0.0484  	-0.0270  	0.05076  	0.01927  	0.00958  	0.20158  	-0.0276  	0.00568  	-0.0014  	0.03522  	0.06434  	0.40137  	267.172  	162.321  	
0.60478  	0.15532  	-0.4280  	0.35884  	0.77729  	-0.5520  	-0.1552  	0.23788  	0.12537  	-0.4211  	-0.8887  	0.56392  	0.33494  	0.22273  	-0.1113  	-0.1665  	0.25995  	-0.1129  	0.60860  	0.00861  	-0.2548  	1.03483  	0.02210  	0.36679  	0.38666  	0.07191  	0.38329  	-0.6415  	-0.3993  	0.03969  	-0.0468  	0.19592  	-0.0582  	-0.1687  	0.53774  	0.18440  	0.24784  	0.03816  	-0.3973  	0.04889  	-0.0090  	0.11675  	-0.1569  	0.24077  	0.07856  	-0.0424  	-0.0018  	-0.0276  	0.02003  	-0.1848  	-0.1312  	-0.0605  	0.00097  	-0.0299  	-0.0170  	0.01240  	-0.0120  	0.01034  	0.03192  	-0.0420  	-0.0219  	0.05526  	0.02291  	0.00376  	0.20158  	-0.0276  	0.00568  	-0.0014  	0.03522  	0.06434  	0.40137  	267.172  	162.321  	
0.56234  	0.12079  	-0.5764  	0.69801  	0.98046  	-0.7055  	-0.1523  	0.14239  	0.09063  	-0.3913  	-0.9491  	0.59057  	0.30693  	0.28329  	-0.0900  	-0.2121  	0.22644  	-0.1213  	0.58672  	0.03004  	-0.4071  	1.02381  	-0.0652  	0.34726  	0.50315  	0.04570  	0.44669  	-0.5667  	-0.3263  	0.10953  	-0.0962  	0.20334  	-0.0651  	-0.1508  	0.60048  	0.25020  	0.17377  	0.02902  	-0.3990  	0.07503  	-0.0516  	0.14314  	-0.1878  	0.23268  	0.09416  	-0.0396  	-0.0028  	-0.0383  	0.00747  	-0.1738  	-0.1170  	-0.0606  	0.00724  	-0.0276  	-0.0155  	0.02396  	-0.0061  	0.01221  	0.04233  	-0.0305  	-0.0208  	0.04404  	0.02078  	0.00676  	0.20158  	-0.0276  	0.00568  	-0.0014  	0.03522  	0.06434  	0.40137  	267.172  	162.321  	
0.31155  	-0.0008  	-0.6214  	0.32516  	0.82396  	-0.8924  	-0.1539  	0.10393  	0.09639  	-0.3370  	-0.6019  	0.72854  	0.22041  	0.08447  	-0.3671  	-0.0897  	0.18662  	-0.0936  	0.58302  	0.16712  	-0.2537  	0.94199  	-0.1036  	0.43305  	0.33896  	0.06633  	0.33199  	-0.5372  	-0.4865  	-0.0122  	-0.0858  	0.21250  	-0.0608  	-0.1563  	0.62146  	0.22546  	0.24584  	0.04645  	-0.4814  	0.07852  	-0.0310  	0.15350  	-0.2007  	0.22074  	0.10189  	-0.0424  	0.00340  	-0.0553  	0.00811  	-0.1709  	-0.1331  	-0.0645  	-0.0034  	-0.0213  	-0.0184  	0.00484  	0.00371  	0.00972  	0.04517  	-0.0377  	-0.0313  	0.04700  	0.01322  	0.01672  	0.20158  	-0.0276  	0.00568  	-0.0014  	0.03522  	0.06434  	0.40137  	267.172  	162.321  	
0.22659  	-0.0720  	-0.5390  	-0.0284  	0.61560  	-0.8069  	-0.2029  	0.05003  	0.05768  	-0.4151  	-0.4349  	0.65529  	0.08009  	-0.3722  	-0.8277  	0.09750  	0.20102  	-0.0204  	0.62595  	0.09925  	-0.3424  	0.88742  	-0.0433  	0.39929  	0.28147  	0.06949  	0.33322  	-0.5414  	-0.5292  	-0.0453  	-0.0960  	0.26054  	-0.0879  	-0.1868  	0.52200  	0.32393  	0.27546  	0.10364  	-0.4910  	0.01364  	0.06588  	0.12162  	-0.2041  	0.22743  	0.07190  	-0.0417  	5.81699  	-0.0687  	-0.0150  	-0.1765  	-0.1256  	-0.0503  	0.00711  	-0.0268  	-0.0158  	0.00291  	0.01419  	0.02140  	0.04734  	-0.0533  	-0.0282  	0.03714  	0.03623  	0.01159  	0.20158  	-0.0276  	0.00568  	-0.0014  	0.03522  	0.06434  	0.40137  	267.172  	162.321  	
0.31812  	-0.0201  	-0.4771  	0.10367  	0.66792  	-0.8576  	-0.2303  	0.08181  	0.01776  	-0.2755  	-0.3823  	0.70611  	0.09774  	-0.5137  	-0.8436  	0.10413  	0.28631  	-0.1508  	0.69627  	-0.0762  	-0.3327  	0.65301  	-0.3709  	0.38524  	0.30164  	0.16347  	0.28263  	-0.5435  	-0.4156  	-0.0394  	0.03222  	0.19931  	-0.2104  	-0.3545  	0.43786  	0.36532  	0.16230  	0.08167  	-0.5759  	-0.0425  	0.13943  	0.25204  	-0.2916  	0.31520  	0.03297  	-0.0148  	-0.0225  	-0.0377  	-0.0223  	-0.1869  	-0.1162  	-0.0487  	0.01527  	-0.0089  	-0.0054  	-0.0065  	0.00762  	0.00506  	0.04010  	-0.0344  	-0.0256  	0.02020  	0.02348  	0.01192  	0.20158  	-0.0276  	0.00568  	-0.0014  	0.03522  	0.06434  	0.40137  	267.172  	162.321  	
0.32038  	0.00158  	-0.4732  	0.13367  	0.66495  	-0.8492  	-0.2323  	0.14296  	0.01081  	-0.3330  	-0.4020  	0.69583  	0.15708  	-0.4862  	-0.7379  	0.04011  	0.35485  	-0.3038  	0.75379  	-0.2964  	-0.2713  	0.48801  	-0.6084  	0.37632  	0.29291  	0.23797  	0.32835  	-0.5640  	-0.2958  	-0.0382  	0.11345  	0.17872  	-0.2815  	-0.4825  	0.39384  	0.36511  	0.05745  	0.06974  	-0.6658  	-0.1278  	0.18169  	0.37405  	-0.3810  	0.37472  	-0.0200  	-0.0032  	-0.0465  	-0.0156  	-0.0290  	-0.1973  	-0.0963  	-0.0487  	0.01330  	0.00824  	0.00091  	-0.0038  	0.01005  	-0.0006  	0.04240  	-0.0280  	-0.0252  	0.01981  	0.00952  	0.01421  	0.20158  	-0.0276  	0.00568  	-0.0014  	0.03522  	0.06434  	0.40137  	267.172  	162.321  	
0.52936  	0.15188  	-0.3408  	0.24045  	0.66027  	-0.7050  	-0.2226  	0.29704  	0.06502  	-0.4454  	-0.5444  	0.70393  	0.27295  	-0.1923  	-0.4142  	-0.1530  	0.39879  	-0.4062  	0.74145  	-0.3946  	-0.0986  	0.49331  	-0.5554  	0.37240  	0.19942  	0.24717  	0.33436  	-0.7004  	-0.2996  	-0.0689  	0.15957  	0.12877  	-0.2691  	-0.5060  	0.42359  	0.21510  	0.12227  	0.07216  	-0.7110  	-0.1397  	0.19996  	0.37706  	-0.3966  	0.39508  	-0.0379  	0.00043  	-0.0524  	-0.0046  	-0.0224  	-0.1918  	-0.1082  	-0.0493  	0.00528  	0.01093  	-0.0030  	0.01149  	-0.0012  	-0.0058  	0.04425  	-0.0263  	-0.0190  	0.03993  	-0.0017  	0.01379  	0.20158  	-0.0276  	0.00568  	-0.0014  	0.03522  	0.06434  	0.40137  	267.172  	162.321  	
0.51396  	0.12646  	-0.4308  	0.16615  	0.65146  	-0.8023  	-0.1873  	0.29558  	0.04309  	-0.4059  	-0.4880  	0.54077  	0.35453  	0.06109  	-0.3532  	-0.2781  	0.39063  	-0.3977  	0.71460  	-0.3651  	-0.0799  	0.55016  	-0.5441  	0.47524  	0.27853  	0.20969  	0.39077  	-0.8270  	-0.4075  	-0.0366  	0.14578  	0.13308  	-0.2118  	-0.4537  	0.51400  	0.18985  	0.13488  	0.04573  	-0.7124  	-0.0938  	0.15028  	0.37827  	-0.4111  	0.37018  	-0.0279  	0.00201  	-0.0432  	-0.0187  	-0.0321  	-0.1968  	-0.1204  	-0.0446  	0.00456  	0.00851  	-0.0115  	0.00152  	-0.0059  	-0.0103  	0.03563  	-0.0358  	-0.0108  	0.03751  	-0.0151  	0.00258  	0.20158  	-0.0276  	0.00568  	-0.0014  	0.03522  	0.06434  	0.40137  	267.172  	162.321  	
-0.0705  	-0.0278  	-0.7497  	-0.0001  	0.65855  	-1.0878  	-0.2469  	0.14044  	0.02673  	-0.3394  	-0.2017  	0.75052  	0.11974  	-0.2634  	-0.5503  	-0.1963  	0.27413  	-0.1982  	0.65197  	0.00197  	-0.0799  	0.63004  	-0.3373  	0.44394  	0.13914  	0.19898  	0.19448  	-0.5925  	-0.4738  	-0.1285  	0.07930  	0.14601  	-0.0855  	-0.3257  	0.51484  	0.20059  	0.19869  	0.04780  	-0.5944  	-0.0325  	0.10176  	0.26288  	-0.3471  	0.29253  	0.03104  	-0.0133  	-0.0051  	-0.0603  	-0.0466  	-0.1727  	-0.1253  	-0.0511  	0.00150  	0.00233  	-0.0171  	-0.0059  	0.00156  	-0.0027  	0.03544  	-0.0319  	-0.0169  	0.03172  	0.00405  	0.01053  	0.20158  	-0.0276  	0.00568  	-0.0014  	0.03522  	0.06434  	0.40137  	267.172  	162.321  	
-0.1106  	-0.1142  	-0.7848  	-0.1977  	0.59446  	-1.1303  	-0.1949  	0.07369  	0.06058  	-0.2910  	-0.1478  	0.72730  	0.07666  	-0.2584  	-0.7812  	-0.1484  	0.17909  	-0.0288  	0.57186  	0.24037  	-0.2170  	0.84467  	-0.0763  	0.40450  	0.20856  	0.10828  	0.20461  	-0.4938  	-0.5455  	-0.0885  	-0.0180  	0.18265  	-0.0353  	-0.1629  	0.56965  	0.24791  	0.25237  	0.06507  	-0.4810  	0.00304  	0.03225  	0.12610  	-0.2094  	0.20956  	0.09651  	-0.0415  	0.01864  	-0.0917  	-0.0263  	-0.1624  	-0.1287  	-0.0558  	-0.0009  	-0.0214  	-0.0216  	-0.0044  	0.00590  	0.01518  	0.03134  	-0.0480  	-0.0238  	0.03862  	0.03256  	0.00956  	0.20158  	-0.0276  	0.00568  	-0.0014  	0.03522  	0.06434  	0.40137  	267.172  	162.321  	
0.04284  	-0.0497  	-0.6411  	-0.2335  	0.48773  	-0.9488  	-0.1855  	0.08493  	0.08875  	-0.2748  	-0.2783  	0.63718  	0.13933  	-0.2218  	-0.7263  	-0.1508  	0.24848  	-0.0289  	0.57320  	0.22391  	-0.2599  	0.87971  	-0.0024  	0.37843  	0.24702  	0.11011  	0.15967  	-0.4791  	-0.5176  	-0.0823  	-0.0117  	0.17689  	-0.0299  	-0.1657  	0.48127  	0.25769  	0.22002  	0.05953  	-0.4587  	0.02857  	0.09036  	0.10807  	-0.1689  	0.21558  	0.08067  	-0.0374  	0.01034  	-0.0649  	-0.0175  	-0.1664  	-0.1380  	-0.0554  	0.00298  	-0.0205  	-0.0217  	-0.0110  	0.00501  	0.01308  	0.03429  	-0.0434  	-0.0212  	0.05087  	0.03151  	0.01290  	0.20158  	-0.0276  	0.00568  	-0.0014  	0.03522  	0.06434  	0.40137  	267.172  	162.321  	
0.06471  	0.00957  	-0.6165  	-0.2246  	0.46222  	-0.9202  	-0.1944  	0.11897  	0.08396  	-0.2810  	-0.3899  	0.64920  	0.12103  	-0.2420  	-0.7941  	-0.1297  	0.22609  	0.02920  	0.59253  	0.22960  	-0.3410  	0.93111  	-0.0096  	0.30945  	0.23862  	0.11603  	0.11746  	-0.3837  	-0.4191  	-0.0705  	-0.0055  	0.17783  	-0.0555  	-0.1617  	0.36107  	0.26441  	0.15911  	0.03974  	-0.3940  	0.02806  	0.11890  	0.08848  	-0.1374  	0.22564  	0.07736  	-0.0347  	0.00226  	-0.0515  	-0.0059  	-0.1637  	-0.1345  	-0.0575  	-0.0011  	-0.0235  	-0.0235  	-0.0078  	-0.0006  	0.00782  	0.03749  	-0.0479  	-0.0257  	0.04973  	0.03227  	0.01423  	0.20158  	-0.0276  	0.00568  	-0.0014  	0.03522  	0.06434  	0.40137  	267.172  	162.321  	
0.18400  	0.02559  	-0.6579  	0.19073  	0.70553  	-0.8420  	-0.2072  	0.12641  	0.08621  	-0.3758  	-0.5119  	0.78543  	0.13334  	-0.1823  	-0.5742  	-0.0721  	0.24375  	0.02506  	0.60484  	0.20226  	-0.3793  	0.90407  	-0.0360  	0.29344  	0.24421  	0.12299  	0.11476  	-0.3211  	-0.3688  	-0.0445  	-0.0585  	0.18001  	-0.0464  	-0.1572  	0.43172  	0.23756  	0.14364  	0.05659  	-0.4087  	0.02775  	0.10763  	0.08095  	-0.1462  	0.23463  	0.09089  	-0.0325  	0.01517  	-0.0562  	-0.0115  	-0.1690  	-0.1318  	-0.0601  	-0.0013  	-0.0290  	-0.0158  	-0.0125  	-0.0003  	0.01587  	0.03915  	-0.0502  	-0.0329  	0.03746  	0.02630  	0.00939  	0.20158  	-0.0276  	0.00568  	-0.0014  	0.03522  	0.06434  	0.40137  	267.172  	162.321  	
0.26187  	0.05684  	-0.6157  	0.25516  	0.72288  	-0.7572  	-0.2308  	0.16655  	0.12284  	-0.4544  	-0.6000  	0.80953  	0.13795  	-0.0828  	-0.4411  	-0.0684  	0.25739  	-0.0181  	0.58906  	0.17711  	-0.2929  	0.90844  	-0.0416  	0.30747  	0.22915  	0.11411  	0.15976  	-0.3619  	-0.4141  	-0.0241  	-0.0899  	0.19848  	-0.0503  	-0.1609  	0.49970  	0.23981  	0.16662  	0.06329  	-0.3993  	0.03774  	0.05231  	0.09401  	-0.1706  	0.22748  	0.08193  	-0.0364  	0.00781  	-0.0565  	-0.0033  	-0.1758  	-0.1257  	-0.0573  	0.00593  	-0.0226  	-0.0162  	-0.0040  	-0.0010  	0.01587  	0.04804  	-0.0442  	-0.0314  	0.04319  	0.01926  	0.01010  	0.20158  	-0.0276  	0.00568  	-0.0014  	0.03522  	0.06434  	0.40137  	267.172  	162.321  	
0.29303  	0.06181  	-0.5744  	0.13764  	0.62691  	-0.7179  	-0.2440  	0.12980  	0.10846  	-0.4456  	-0.5595  	0.71274  	0.13092  	-0.1571  	-0.5387  	-0.0680  	0.25159  	-0.0264  	0.62209  	0.19781  	-0.2899  	0.92006  	-0.0578  	0.35527  	0.30455  	0.09955  	0.19505  	-0.4002  	-0.4670  	-0.0248  	-0.0841  	0.21257  	-0.0483  	-0.1530  	0.52469  	0.25824  	0.23385  	0.06820  	-0.4468  	0.01667  	0.04017  	0.10898  	-0.1751  	0.21814  	0.08507  	-0.0361  	0.00746  	-0.0569  	-0.0035  	-0.1739  	-0.1210  	-0.0575  	0.00019  	-0.0281  	-0.0215  	0.00223  	0.00521  	0.01952  	0.04050  	-0.0565  	-0.0315  	0.04307  	0.01379  	0.01077  	0.20158  	-0.0276  	0.00568  	-0.0014  	0.03522  	0.06434  	0.40137  	267.172  	162.321  	
0.37645  	0.07995  	-0.4855  	0.07863  	0.63150  	-0.7472  	-0.2309  	0.14485  	0.10748  	-0.3663  	-0.4263  	0.72200  	0.09719  	-0.2107  	-0.6979  	0.09402  	0.18618  	-0.0116  	0.62703  	0.16268  	-0.2188  	0.88676  	-0.0828  	0.35561  	0.25182  	0.06610  	0.22947  	-0.5347  	-0.5338  	-0.0442  	-0.0870  	0.23807  	-0.0329  	-0.1577  	0.57157  	0.26714  	0.30585  	0.10113  	-0.4767  	0.02139  	0.06360  	0.11827  	-0.1733  	0.22026  	0.08582  	-0.0279  	-0.0012  	-0.0642  	-0.0058  	-0.1796  	-0.1341  	-0.0560  	0.00503  	-0.0235  	-0.0179  	0.00133  	0.00194  	0.02014  	0.03814  	-0.0502  	-0.0313  	0.03791  	0.02554  	0.00850  	0.20158  	-0.0276  	0.00568  	-0.0014  	0.03522  	0.06434  	0.40137  	267.172  	162.321  	
0.33221  	0.03195  	-0.5110  	-0.0295  	0.58946  	-0.7971  	-0.2175  	0.10051  	0.08066  	-0.2824  	-0.3173  	0.66696  	0.07925  	-0.2882  	-0.8731  	0.11922  	0.17532  	-0.0026  	0.62160  	0.18859  	-0.2451  	0.87510  	-0.0771  	0.35686  	0.28328  	0.06708  	0.25734  	-0.5044  	-0.5361  	-0.0544  	-0.0693  	0.23682  	-0.0612  	-0.1738  	0.56688  	0.32366  	0.30519  	0.08115  	-0.4921  	2.40746  	0.04704  	0.11962  	-0.1711  	0.22922  	0.09834  	-0.0338  	0.00229  	-0.0625  	-0.0054  	-0.1728  	-0.1187  	-0.0542  	0.01257  	-0.0277  	-0.0165  	-0.0009  	0.00861  	0.01881  	0.03913  	-0.0506  	-0.0299  	0.02635  	0.03689  	0.01033  	0.20158  	-0.0276  	0.00568  	-0.0014  	0.03522  	0.06434  	0.40137  	267.172  	162.321  	
0.31026  	0.02407  	-0.5036  	-0.1016  	0.49796  	-0.8030  	-0.2247  	0.09141  	0.07904  	-0.2971  	-0.2593  	0.63950  	0.03342  	-0.3048  	-0.9010  	0.09806  	0.18715  	-0.0295  	0.63775  	0.13084  	-0.2117  	0.88239  	-0.0202  	0.37110  	0.26497  	0.06379  	0.29092  	-0.5493  	-0.5496  	-0.0646  	-0.0690  	0.25076  	-0.0735  	-0.1812  	0.57283  	0.32426  	0.34209  	0.09127  	-0.5050  	-0.0096  	0.05111  	0.12148  	-0.1670  	0.23061  	0.09281  	-0.0378  	0.00329  	-0.0673  	-0.0068  	-0.1677  	-0.1180  	-0.0614  	0.00812  	-0.0209  	-0.0139  	0.00183  	0.00689  	0.01658  	0.03645  	-0.0494  	-0.0335  	0.03689  	0.03752  	0.01667  	0.20158  	-0.0276  	0.00568  	-0.0014  	0.03522  	0.06434  	0.40137  	267.172  	162.321  	
0.27291  	0.03141  	-0.5172  	-0.1398  	0.47240  	-0.7942  	-0.2189  	0.05916  	0.06535  	-0.3562  	-0.2811  	0.62529  	0.03841  	-0.2664  	-0.8489  	0.02112  	0.19502  	-0.0543  	0.62500  	0.11614  	-0.2216  	0.88642  	0.01233  	0.36933  	0.23789  	0.07323  	0.25377  	-0.5497  	-0.5703  	-0.0755  	-0.0527  	0.22701  	-0.0815  	-0.1761  	0.56563  	0.31274  	0.35451  	0.09356  	-0.5148  	-0.0102  	0.06710  	0.12002  	-0.1763  	0.22313  	0.09104  	-0.0368  	0.00727  	-0.0652  	-0.0104  	-0.1677  	-0.1254  	-0.0555  	0.00705  	-0.0203  	-0.0146  	0.00023  	0.00436  	0.01832  	0.03262  	-0.0484  	-0.0354  	0.04132  	0.03583  	0.01311  	0.20158  	-0.0276  	0.00568  	-0.0014  	0.03522  	0.06434  	0.40137  	267.172  	162.321  	
0.32584  	0.05874  	-0.4918  	-0.1200  	0.46275  	-0.7753  	-0.2090  	0.11172  	0.06646  	-0.3921  	-0.2762  	0.60529  	0.03615  	-0.2140  	-0.7060  	-0.0204  	0.18205  	-0.0622  	0.62535  	0.09654  	-0.1521  	0.90295  	0.04146  	0.38897  	0.22452  	0.07564  	0.25176  	-0.6179  	-0.6116  	-0.0998  	-0.0467  	0.23934  	-0.0681  	-0.1865  	0.59745  	0.26352  	0.37627  	0.10898  	-0.5352  	-0.0147  	0.07630  	0.11081  	-0.1828  	0.22437  	0.08164  	-0.0380  	0.00692  	-0.0743  	-0.0185  	-0.1669  	-0.1362  	-0.0529  	0.00926  	-0.0217  	-0.0209  	-0.0041  	0.00562  	0.01823  	0.02923  	-0.0485  	-0.0286  	0.04815  	0.03511  	0.01291  	0.20158  	-0.0276  	0.00568  	-0.0014  	0.03522  	0.06434  	0.40137  	267.172  	162.321  	
0.37221  	0.08706  	-0.4462  	-0.0839  	0.46544  	-0.7760  	-0.2096  	0.15879  	0.09666  	-0.4424  	-0.2674  	0.61956  	0.03940  	-0.1801  	-0.5994  	-0.0067  	0.19675  	-0.0730  	0.61012  	0.06427  	-0.0614  	0.88573  	0.06116  	0.41911  	0.18852  	0.07192  	0.25634  	-0.7207  	-0.6582  	-0.1041  	-0.0412  	0.26021  	-0.0532  	-0.1793  	0.62469  	0.19541  	0.40311  	0.14284  	-0.5558  	-0.0214  	0.07530  	0.10922  	-0.1932  	0.21410  	0.07095  	-0.0325  	0.00029  	-0.0770  	-0.0237  	-0.1622  	-0.1436  	-0.0477  	0.01158  	-0.0163  	-0.0165  	-0.0026  	-0.0037  	0.01384  	0.03081  	-0.0468  	-0.0209  	0.04783  	0.02528  	0.01282  	0.20158  	-0.0276  	0.00568  	-0.0014  	0.03522  	0.06434  	0.40137  	267.172  	162.321  	
0.47529  	0.13314  	-0.4057  	0.00982  	0.48067  	-0.7006  	-0.2222  	0.24458  	0.15441  	-0.4694  	-0.2795  	0.62059  	0.10343  	-0.0747  	-0.5186  	0.01464  	0.23640  	-0.1116  	0.60471  	0.01168  	0.03532  	0.89301  	0.06370  	0.45304  	0.17681  	0.07057  	0.34682  	-0.8006  	-0.7596  	-0.1047  	-0.0540  	0.27096  	-0.0345  	-0.1826  	0.67249  	0.13107  	0.47066  	0.16142  	-0.5900  	-0.0483  	0.04867  	0.11040  	-0.1811  	0.21482  	0.07790  	-0.0285  	0.00494  	-0.0781  	-0.0193  	-0.1541  	-0.1449  	-0.0501  	0.01074  	-0.0149  	-0.0192  	0.00361  	-0.0134  	0.01645  	0.03460  	-0.0481  	-0.0192  	0.05399  	0.02223  	0.00522  	0.20158  	-0.0276  	0.00568  	-0.0014  	0.03522  	0.06434  	0.40137  	267.172  	162.321  	
0.57981  	0.17714  	-0.3452  	0.06735  	0.48646  	-0.6321  	-0.2073  	0.30892  	0.20446  	-0.5075  	-0.2876  	0.67298  	0.12730  	0.00249  	-0.4663  	0.06319  	0.25006  	-0.1570  	0.60827  	-0.0099  	0.09296  	0.92162  	0.11028  	0.46880  	0.17696  	0.06168  	0.40487  	-0.8526  	-0.8209  	-0.0977  	-0.0561  	0.27259  	-0.0253  	-0.1925  	0.69384  	0.09345  	0.51750  	0.17133  	-0.5881  	-0.0672  	0.02174  	0.10633  	-0.1741  	0.22046  	0.07422  	-0.0315  	0.00095  	-0.0657  	-0.0109  	-0.1554  	-0.1474  	-0.0530  	0.00694  	-0.0140  	-0.0214  	0.01343  	-0.0115  	0.01523  	0.03067  	-0.0451  	-0.0209  	0.05360  	0.02286  	0.00694  	0.20158  	-0.0276  	0.00568  	-0.0014  	0.03522  	0.06434  	0.40137  	267.172  	162.321  	
0.75503  	0.16535  	-0.2824  	0.15938  	0.60453  	-0.5927  	-0.1518  	0.25004  	0.15392  	-0.3085  	-0.5997  	0.47459  	0.30385  	0.13346  	-0.4368  	-0.0679  	0.22148  	-0.1205  	0.61871  	-0.0368  	-0.1868  	1.01692  	0.05945  	0.41846  	0.46892  	0.03387  	0.45615  	-0.7977  	-0.5528  	0.02216  	-0.0259  	0.21644  	-0.0863  	-0.1887  	0.56415  	0.19715  	0.33352  	0.09823  	-0.4379  	0.01974  	0.02483  	0.11216  	-0.1308  	0.26038  	0.06064  	-0.0337  	-0.0310  	-0.0066  	0.02393  	-0.1787  	-0.1272  	-0.0529  	0.01117  	-0.0219  	-0.0138  	0.03133  	-0.0147  	0.00396  	0.03053  	-0.0346  	-0.0219  	0.05207  	0.02605  	0.00590  	0.20158  	-0.0276  	0.00568  	-0.0014  	0.03522  	0.06434  	0.40137  	267.172  	162.321  	
0.55076  	0.13554  	-0.4575  	-0.0434  	0.59604  	-0.8486  	-0.0870  	0.17039  	0.10891  	-0.2113  	-0.6962  	0.29540  	0.34672  	0.30573  	-0.3329  	-0.2835  	0.24933  	-0.2213  	0.56528  	0.01919  	-0.2657  	1.09540  	-0.0848  	0.49915  	0.57970  	0.02943  	0.61173  	-0.8249  	-0.5171  	0.06050  	-0.0226  	0.21610  	-0.0928  	-0.1670  	0.62871  	0.24904  	0.30453  	0.05760  	-0.4536  	0.07007  	-0.0159  	0.12629  	-0.1733  	0.23687  	0.08008  	-0.0471  	0.00427  	-0.0223  	0.02233  	-0.1680  	-0.1303  	-0.0630  	-0.0097  	-0.0192  	-0.0195  	0.00682  	-0.0134  	0.01233  	0.03009  	-0.0366  	-0.0244  	0.05557  	0.03462  	0.01151  	0.20158  	-0.0276  	0.00568  	-0.0014  	0.03522  	0.06434  	0.40137  	267.172  	162.321  	
0.14181  	0.01717  	-0.7197  	-0.0480  	0.62308  	-1.0498  	-0.1763  	0.17423  	0.07947  	-0.3102  	-0.4232  	0.59356  	0.18114  	0.04421  	-0.5816  	-0.1413  	0.19633  	-0.0724  	0.56511  	0.14533  	-0.1378  	0.89444  	-0.1254  	0.47926  	0.23584  	0.07980  	0.41405  	-0.6784  	-0.5579  	-0.0169  	-0.0433  	0.20013  	-0.0470  	-0.1693  	0.64529  	0.18763  	0.27696  	0.05950  	-0.5428  	0.06870  	-0.0451  	0.16725  	-0.1947  	0.22704  	0.07257  	-0.0456  	0.01898  	-0.0719  	-0.0113  	-0.1767  	-0.1260  	-0.0581  	-0.0157  	-0.0149  	-0.0201  	0.00224  	-0.0103  	-0.0005  	0.02150  	-0.0415  	-0.0363  	0.04781  	-0.0021  	-0.0015  	0.20158  	-0.0276  	0.00568  	-0.0014  	0.03522  	0.06434  	0.40137  	267.172  	162.321  	
-0.2375  	-0.1387  	-0.7963  	-0.2759  	0.48878  	-1.2301  	-0.2539  	0.09076  	0.03429  	-0.2652  	-0.1074  	0.64473  	0.04359  	-0.2740  	-0.8605  	-0.2149  	0.18088  	-0.0200  	0.58982  	0.19102  	-0.1847  	0.85794  	0.00073  	0.42060  	0.10457  	0.09935  	0.19210  	-0.5848  	-0.5984  	-0.1133  	-0.0114  	0.20238  	-0.0265  	-0.1723  	0.55908  	0.21794  	0.30534  	0.08403  	-0.4862  	0.01279  	0.03887  	0.13711  	-0.2265  	0.20545  	0.09352  	-0.0296  	0.01338  	-0.0813  	-0.0300  	-0.1612  	-0.1351  	-0.0561  	0.00439  	-0.0189  	-0.0219  	-0.0093  	-0.0081  	0.01701  	0.03492  	-0.0458  	-0.0314  	0.05700  	0.01808  	0.01011  	0.20158  	-0.0276  	0.00568  	-0.0014  	0.03522  	0.06434  	0.40137  	267.172  	162.321  	
-0.1681  	-0.0684  	-0.6541  	-0.5581  	0.25206  	-1.1631  	-0.2246  	0.09471  	0.02801  	-0.1944  	-0.0834  	0.52117  	0.01983  	-0.3404  	-0.9984  	-0.2027  	0.28195  	-0.0138  	0.61206  	0.13046  	-0.2482  	0.90616  	0.04808  	0.38541  	0.25910  	0.10534  	0.25351  	-0.6102  	-0.5552  	-0.1227  	-0.0057  	0.18509  	-0.0669  	-0.1968  	0.40279  	0.26724  	0.28814  	0.09752  	-0.4333  	-0.0019  	0.09704  	0.10997  	-0.2057  	0.21572  	0.09757  	-0.0249  	0.00548  	-0.0880  	-0.0211  	-0.1678  	-0.1439  	-0.0553  	0.00433  	-0.0252  	-0.0178  	-0.0130  	-0.0008  	0.01493  	0.04344  	-0.0435  	-0.0203  	0.04566  	0.03211  	0.01443  	0.20158  	-0.0276  	0.00568  	-0.0014  	0.03522  	0.06434  	0.40137  	267.172  	162.321  	
0.06364  	0.00890  	-0.5679  	-0.3552  	0.37461  	-0.9236  	-0.2581  	0.08326  	0.08148  	-0.3011  	-0.3196  	0.57972  	0.02416  	-0.4206  	-0.9980  	-0.0182  	0.23768  	0.00804  	0.64843  	0.15571  	-0.2876  	0.86865  	0.08170  	0.29413  	0.20029  	0.12045  	0.15440  	-0.4885  	-0.5098  	-0.0922  	-0.0045  	0.23149  	-0.0522  	-0.1806  	0.35489  	0.23997  	0.25834  	0.08700  	-0.4140  	-0.0032  	0.16440  	0.08913  	-0.1293  	0.24415  	0.08911  	-0.0393  	0.00037  	-0.0647  	-0.0145  	-0.1579  	-0.1330  	-0.0548  	0.00156  	-0.0223  	-0.0201  	-0.0084  	-0.0067  	0.01648  	0.03971  	-0.0512  	-0.0241  	0.05464  	0.03158  	0.01496  	0.20158  	-0.0276  	0.00568  	-0.0014  	0.03522  	0.06434  	0.40137  	267.172  	162.321  	
0.12192  	0.04413  	-0.5155  	-0.2966  	0.45373  	-0.9503  	-0.2341  	0.07087  	0.09119  	-0.2605  	-0.3452  	0.62297  	0.09033  	-0.3274  	-0.9715  	-0.0096  	0.22247  	-0.0039  	0.61155  	0.19629  	-0.3290  	0.88455  	0.03524  	0.28576  	0.17714  	0.11540  	0.09968  	-0.4488  	-0.4551  	-0.0871  	-0.0386  	0.18674  	-0.0429  	-0.1668  	0.37760  	0.26698  	0.22909  	0.08477  	-0.4116  	0.02524  	0.16808  	0.09744  	-0.1374  	0.23311  	0.06469  	-0.0431  	0.00050  	-0.0434  	-0.0126  	-0.1769  	-0.1328  	-0.0571  	-0.0020  	-0.0197  	-0.0205  	-0.0052  	-0.0061  	0.01611  	0.02845  	-0.0560  	-0.0250  	0.04782  	0.03590  	0.01447  	0.20158  	-0.0276  	0.00568  	-0.0014  	0.03522  	0.06434  	0.40137  	267.172  	162.321  	
0.07690  	0.01700  	-0.6243  	-0.1571  	0.56323  	-0.9211  	-0.2106  	0.10692  	0.10018  	-0.3218  	-0.2304  	0.66087  	0.02472  	-0.2447  	-0.9296  	-0.0001  	0.20805  	-0.0209  	0.63906  	0.18960  	-0.2098  	0.86389  	-0.0630  	0.41464  	0.29753  	0.08541  	0.25796  	-0.5251  	-0.5370  	-0.0706  	-0.0587  	0.21002  	-0.0621  	-0.1850  	0.54222  	0.30017  	0.30265  	0.08735  	-0.4778  	0.01227  	0.07424  	0.10923  	-0.1697  	0.22341  	0.08216  	-0.0341  	0.00249  	-0.0594  	-0.0168  	-0.1617  	-0.1210  	-0.0570  	0.00748  	-0.0221  	-0.0173  	-0.0092  	0.00416  	0.02130  	0.04185  	-0.0474  	-0.0294  	0.04253  	0.03541  	0.01383  	0.20158  	-0.0276  	0.00568  	-0.0014  	0.03522  	0.06434  	0.40137  	267.172  	162.321  	
-0.0722  	-0.0779  	-0.7599  	-0.1174  	0.59295  	-1.0396  	-0.2252  	0.10181  	0.05778  	-0.3164  	-0.2664  	0.73694  	0.07337  	-0.2740  	-0.7475  	-0.1416  	0.20330  	-0.0151  	0.60566  	0.19498  	-0.2185  	0.84201  	-0.0578  	0.35934  	0.25641  	0.09076  	0.24853  	-0.4961  	-0.4932  	-0.0563  	-0.0676  	0.19376  	-0.0610  	-0.1618  	0.55071  	0.26211  	0.24782  	0.05644  	-0.4677  	0.02217  	0.02315  	0.11358  	-0.2270  	0.21358  	0.10505  	-0.0393  	0.01172  	-0.0817  	-0.0253  	-0.1592  	-0.1241  	-0.0609  	0.00371  	-0.0167  	-0.0196  	0.00056  	0.00573  	0.01109  	0.03658  	-0.0421  	-0.0302  	0.03434  	0.02997  	0.01209  	0.20158  	-0.0276  	0.00568  	-0.0014  	0.03522  	0.06434  	0.40137  	267.172  	162.321  	
0.05574  	-0.0190  	-0.6497  	-0.2020  	0.50147  	-0.9117  	-0.2356  	0.09037  	0.07018  	-0.3771  	-0.3447  	0.64067  	0.07673  	-0.2651  	-0.7436  	-0.1651  	0.25305  	-0.0427  	0.60952  	0.14539  	-0.2263  	0.88786  	0.06284  	0.37707  	0.27285  	0.08916  	0.24148  	-0.5368  	-0.5275  	-0.0495  	-0.0448  	0.19215  	-0.0765  	-0.1817  	0.49413  	0.24663  	0.26859  	0.07952  	-0.4790  	0.01317  	0.06979  	0.10325  	-0.1772  	0.22124  	0.09665  	-0.0379  	0.00963  	-0.0787  	-0.0165  	-0.1674  	-0.1348  	-0.0550  	-0.0015  	-0.0185  	-0.0273  	-0.0075  	0.00131  	0.01526  	0.03697  	-0.0428  	-0.0261  	0.03908  	0.03188  	0.00808  	0.20158  	-0.0276  	0.00568  	-0.0014  	0.03522  	0.06434  	0.40137  	267.172  	162.321  	
0.23836  	0.02117  	-0.5549  	-0.1363  	0.51784  	-0.8024  	-0.2369  	0.08469  	0.08160  	-0.3069  	-0.4131  	0.67078  	0.06233  	-0.3693  	-0.8764  	0.02550  	0.23282  	0.01528  	0.61643  	0.18540  	-0.3297  	0.85738  	-0.0293  	0.29071  	0.24826  	0.09680  	0.16033  	-0.4389  	-0.4574  	-0.0685  	-0.0494  	0.20890  	-0.0523  	-0.1680  	0.44113  	0.29512  	0.22218  	0.07993  	-0.4402  	0.03570  	0.11974  	0.09098  	-0.1448  	0.24779  	0.07890  	-0.0418  	-0.0019  	-0.0613  	-0.0092  	-0.1694  	-0.1330  	-0.0553  	0.00238  	-0.0206  	-0.0140  	-0.0038  	0.00537  	0.01535  	0.03760  	-0.0551  	-0.0307  	0.04057  	0.03184  	0.01656  	0.20158  	-0.0276  	0.00568  	-0.0014  	0.03522  	0.06434  	0.40137  	267.172  	162.321  	
0.19608  	0.00533  	-0.5387  	-0.1561  	0.50714  	-0.8504  	-0.2246  	0.08445  	0.08793  	-0.2574  	-0.3314  	0.68095  	0.06417  	-0.3338  	-0.9302  	0.03692  	0.20197  	0.03045  	0.61050  	0.19510  	-0.3247  	0.86347  	-0.0540  	0.28917  	0.24735  	0.08928  	0.16399  	-0.3989  	-0.4116  	-0.0558  	-0.0491  	0.21166  	-0.0655  	-0.1781  	0.45882  	0.32733  	0.22110  	0.06232  	-0.4552  	0.03920  	0.11151  	0.10510  	-0.1535  	0.24581  	0.07496  	-0.0363  	0.00264  	-0.0545  	-0.0087  	-0.1742  	-0.1186  	-0.0600  	0.01135  	-0.0276  	-0.0122  	-0.0019  	0.01074  	0.01925  	0.04154  	-0.0443  	-0.0290  	0.03884  	0.03530  	0.01800  	0.20158  	-0.0276  	0.00568  	-0.0014  	0.03522  	0.06434  	0.40137  	267.172  	162.321  	
0.12267  	-0.0332  	-0.5907  	-0.1395  	0.46170  	-0.8155  	-0.2720  	0.05785  	0.04544  	-0.3787  	-0.2868  	0.63354  	0.00295  	-0.4010  	-0.8327  	0.00187  	0.24154  	-0.0732  	0.64438  	0.11494  	-0.2306  	0.85446  	-0.0177  	0.40814  	0.26885  	0.08326  	0.31383  	-0.5440  	-0.5349  	-0.0608  	-0.0564  	0.25853  	-0.0815  	-0.1864  	0.54983  	0.30999  	0.33428  	0.09086  	-0.5216  	-0.0026  	0.07247  	0.10269  	-0.1823  	0.22740  	0.08578  	-0.0360  	0.00371  	-0.0788  	-0.0209  	-0.1779  	-0.1317  	-0.0542  	0.00976  	-0.0270  	-0.0155  	-0.0026  	0.00870  	0.01832  	0.03616  	-0.0492  	-0.0302  	0.02909  	0.03483  	0.01822  	0.20158  	-0.0276  	0.00568  	-0.0014  	0.03522  	0.06434  	0.40137  	267.172  	162.321  	
0.58738  	0.09921  	-0.4013  	0.05128  	0.57469  	-0.7003  	-0.1802  	0.15637  	0.12094  	-0.3534  	-0.4996  	0.59975  	0.22852  	-0.0491  	-0.4031  	-0.0367  	0.25970  	-0.1395  	0.60432  	-0.0163  	-0.0813  	0.96042  	0.04539  	0.50773  	0.24485  	0.08586  	0.41368  	-0.7941  	-0.7200  	-0.0569  	-0.0303  	0.25874  	-0.0696  	-0.1948  	0.66096  	0.18579  	0.43308  	0.08541  	-0.5140  	0.03401  	0.01115  	0.12732  	-0.1701  	0.21553  	0.08164  	-0.0307  	-0.0012  	-0.0660  	-0.0006  	-0.1583  	-0.1210  	-0.0511  	0.00504  	-0.0230  	-0.0263  	0.01538  	-0.0144  	0.00969  	0.03272  	-0.0450  	-0.0264  	0.05443  	0.01633  	0.00935  	0.20158  	-0.0276  	0.00568  	-0.0014  	0.03522  	0.06434  	0.40137  	267.172  	162.321  	
0.74094  	0.17230  	-0.2671  	0.05836  	0.61358  	-0.6257  	-0.1359  	0.27815  	0.14233  	-0.3157  	-0.6650  	0.55671  	0.27181  	0.12245  	-0.3970  	-0.1254  	0.23206  	-0.1263  	0.61750  	-0.0641  	-0.1848  	1.01483  	0.09805  	0.39963  	0.36680  	0.03926  	0.42820  	-0.7707  	-0.5603  	-0.0203  	-0.0240  	0.22716  	-0.0427  	-0.1838  	0.57599  	0.20182  	0.33178  	0.08709  	-0.4577  	0.02185  	0.00510  	0.10779  	-0.1399  	0.24866  	0.05954  	-0.0357  	-0.0165  	-0.0103  	0.02463  	-0.1772  	-0.1273  	-0.0572  	0.00480  	-0.0263  	-0.0177  	0.02685  	-0.0139  	0.01496  	0.02618  	-0.0360  	-0.0182  	0.05291  	0.03384  	0.00305  	0.20158  	-0.0276  	0.00568  	-0.0014  	0.03522  	0.06434  	0.40137  	267.172  	162.321  	
0.26751  	0.08579  	-0.5784  	-0.0864  	0.56656  	-0.8510  	-0.1455  	0.20815  	0.07561  	-0.3478  	-0.5456  	0.49840  	0.22767  	0.09011  	-0.5071  	-0.1912  	0.24491  	-0.1377  	0.56571  	0.04387  	-0.1210  	0.95000  	-0.0183  	0.59076  	0.36583  	0.02711  	0.52726  	-0.8112  	-0.6364  	-0.0076  	-0.0157  	0.19083  	-0.0696  	-0.2018  	0.69679  	0.21047  	0.37151  	0.06238  	-0.5192  	0.09395  	-0.0132  	0.17589  	-0.2263  	0.20138  	0.07147  	-0.0340  	-0.0127  	-0.0701  	-0.0234  	-0.1495  	-0.1267  	-0.0661  	-0.0149  	-0.0150  	-0.0402  	0.02076  	-0.0144  	-0.0006  	0.03583  	-0.0398  	-0.0307  	0.07560  	0.01425  	0.00706  	0.20158  	-0.0276  	0.00568  	-0.0014  	0.03522  	0.06434  	0.40137  	267.172  	162.321  	
-0.2721  	-0.1235  	-0.8150  	-0.3555  	0.50175  	-1.1370  	-0.2456  	0.06558  	0.02745  	-0.2723  	-0.1283  	0.57036  	0.03981  	-0.3384  	-0.7221  	-0.2042  	0.23958  	-0.0519  	0.59137  	0.13080  	-0.1151  	0.81674  	0.00438  	0.42512  	0.13776  	0.10642  	0.29455  	-0.6581  	-0.6384  	-0.0826  	-0.0081  	0.22444  	-0.0390  	-0.1761  	0.60872  	0.21478  	0.33788  	0.10597  	-0.5130  	0.02240  	0.04467  	0.12643  	-0.2126  	0.21334  	0.10664  	-0.0274  	0.02039  	-0.1118  	-0.0515  	-0.1690  	-0.1509  	-0.0542  	-0.0051  	-0.0171  	-0.0206  	-0.0141  	-0.0042  	0.01780  	0.02931  	-0.0478  	-0.0221  	0.04660  	0.03047  	0.01280  	0.20158  	-0.0276  	0.00568  	-0.0014  	0.03522  	0.06434  	0.40137  	267.172  	162.321  	
-0.2056  	-0.0875  	-0.6714  	-0.5668  	0.31256  	-1.1720  	-0.2180  	0.04231  	0.04084  	-0.1897  	-0.0943  	0.53216  	0.02730  	-0.3750  	-1.0088  	-0.1872  	0.27069  	-0.0185  	0.60161  	0.12484  	-0.2854  	0.87868  	0.04051  	0.37979  	0.25151  	0.11327  	0.24308  	-0.5954  	-0.5227  	-0.0986  	0.00187  	0.17877  	-0.0465  	-0.1850  	0.40465  	0.30360  	0.27754  	0.09246  	-0.4434  	0.00460  	0.09696  	0.12230  	-0.2090  	0.21835  	0.09269  	-0.0259  	0.00811  	-0.0790  	-0.0115  	-0.1709  	-0.1378  	-0.0537  	0.00100  	-0.0220  	-0.0133  	-0.0162  	0.00141  	0.02257  	0.04233  	-0.0411  	-0.0227  	0.04682  	0.03601  	0.01595  	0.20158  	-0.0276  	0.00568  	-0.0014  	0.03522  	0.06434  	0.40137  	267.172  	162.321  	
-0.1582  	-0.0729  	-0.6722  	-0.6297  	0.26388  	-0.9734  	-0.2249  	-0.0359  	0.04890  	-0.1927  	-0.2354  	0.52954  	-0.0046  	-0.5221  	-1.1470  	-0.1553  	0.23789  	0.02734  	0.63568  	0.11890  	-0.3982  	0.88473  	0.13336  	0.25887  	0.22772  	0.14998  	0.09523  	-0.4289  	-0.4158  	-0.0992  	0.05053  	0.18440  	-0.0761  	-0.1861  	0.24957  	0.28323  	0.21376  	0.07295  	-0.4114  	-0.0241  	0.17237  	0.07422  	-0.1084  	0.26829  	0.09688  	-0.0568  	-0.0007  	-0.0588  	-0.0089  	-0.1694  	-0.1378  	-0.0538  	-0.0005  	-0.0224  	-0.0185  	-0.0099  	0.00468  	0.01597  	0.03297  	-0.0503  	-0.0247  	0.04028  	0.03719  	0.01365  	0.20158  	-0.0276  	0.00568  	-0.0014  	0.03522  	0.06434  	0.40137  	267.172  	162.321  	
-0.2007  	-0.0523  	-0.6829  	-0.5169  	0.34266  	-1.0215  	-0.2408  	-0.0119  	0.06217  	-0.2178  	-0.3089  	0.63722  	0.03044  	-0.5499  	-1.1140  	-0.0635  	0.26198  	0.02884  	0.61756  	0.14723  	-0.4402  	0.87632  	0.11376  	0.22759  	0.17034  	0.17613  	0.07670  	-0.3684  	-0.4094  	-0.1207  	0.04345  	0.17568  	-0.0649  	-0.1619  	0.25010  	0.29725  	0.17056  	0.04941  	-0.3963  	-0.0250  	0.17345  	0.08357  	-0.1155  	0.24997  	0.08903  	-0.0423  	0.00080  	-0.0587  	-0.0186  	-0.1701  	-0.1403  	-0.0546  	0.00030  	-0.0237  	-0.0146  	-0.0135  	-0.0002  	0.02143  	0.03764  	-0.0488  	-0.0195  	0.05889  	0.03406  	0.02144  	0.20158  	-0.0276  	0.00568  	-0.0014  	0.03522  	0.06434  	0.40137  	267.172  	162.321  	
-0.2658  	-0.0736  	-0.7502  	-0.5202  	0.32916  	-1.1758  	-0.2330  	-0.0399  	0.02863  	-0.1918  	-0.1512  	0.54890  	0.01934  	-0.5116  	-1.0964  	-0.1373  	0.22919  	0.00602  	0.61989  	0.16867  	-0.3323  	0.86333  	0.05475  	0.29793  	0.23819  	0.12937  	0.17408  	-0.4493  	-0.4764  	-0.1127  	-0.0037  	0.19522  	-0.0814  	-0.1699  	0.38829  	0.31589  	0.24003  	0.07961  	-0.4625  	-0.0192  	0.16091  	0.09312  	-0.1664  	0.23720  	0.09527  	-0.0418  	0.00467  	-0.0686  	-0.0325  	-0.1669  	-0.1362  	-0.0528  	0.01039  	-0.0210  	-0.0227  	-0.0089  	-0.0016  	0.01746  	0.03902  	-0.0413  	-0.0185  	0.04871  	0.03185  	0.01443  	0.20158  	-0.0276  	0.00568  	-0.0014  	0.03522  	0.06434  	0.40137  	267.172  	162.321  	
-0.2391  	-0.0714  	-0.7143  	-0.5132  	0.34128  	-1.1758  	-0.2348  	-0.0211  	0.02591  	-0.1989  	-0.1394  	0.53298  	-0.0002  	-0.4790  	-1.1261  	-0.1377  	0.20219  	-0.0204  	0.59749  	0.19076  	-0.3417  	0.89975  	0.04599  	0.29418  	0.21178  	0.14630  	0.15177  	-0.4642  	-0.4789  	-0.1253  	0.00539  	0.20449  	-0.0623  	-0.1696  	0.38744  	0.32359  	0.23571  	0.08362  	-0.4549  	-0.0382  	0.14621  	0.10260  	-0.1724  	0.23960  	0.08704  	-0.0433  	0.01154  	-0.0598  	-0.0274  	-0.1665  	-0.1364  	-0.0492  	0.00871  	-0.0225  	-0.0188  	-0.0128  	-0.0028  	0.01922  	0.04039  	-0.0458  	-0.0218  	0.05370  	0.03277  	0.01626  	0.20158  	-0.0276  	0.00568  	-0.0014  	0.03522  	0.06434  	0.40137  	267.172  	162.321  	
-0.2143  	-0.0652  	-0.6790  	-0.4463  	0.34921  	-1.0451  	-0.2140  	-0.0177  	0.05502  	-0.2372  	-0.2538  	0.54978  	0.00133  	-0.4967  	-1.0493  	-0.1011  	0.23532  	-0.0124  	0.61223  	0.14596  	-0.4074  	0.88211  	0.08817  	0.25933  	0.23934  	0.13662  	0.14154  	-0.4449  	-0.4097  	-0.0956  	-0.0046  	0.20244  	-0.0828  	-0.1666  	0.34080  	0.32652  	0.21990  	0.07412  	-0.4388  	-0.0072  	0.15549  	0.08963  	-0.1530  	0.26248  	0.08818  	-0.0404  	0.00567  	-0.0641  	-0.0162  	-0.1661  	-0.1325  	-0.0509  	0.00322  	-0.0224  	-0.0131  	-0.0073  	-0.0019  	0.02143  	0.03963  	-0.0514  	-0.0210  	0.04967  	0.03757  	0.01531  	0.20158  	-0.0276  	0.00568  	-0.0014  	0.03522  	0.06434  	0.40137  	267.172  	162.321  	
-0.0911  	-0.0430  	-0.6274  	-0.2991  	0.40181  	-0.9429  	-0.2224  	0.03689  	0.07251  	-0.2934  	-0.3641  	0.59774  	0.05820  	-0.4211  	-0.9094  	-0.0689  	0.25769  	-0.0103  	0.59904  	0.12397  	-0.4066  	0.89758  	0.09455  	0.25575  	0.20303  	0.14608  	0.11814  	-0.4390  	-0.4071  	-0.0982  	-0.0046  	0.19872  	-0.0643  	-0.1654  	0.33804  	0.27583  	0.19656  	0.08608  	-0.4271  	0.00716  	0.17303  	0.09475  	-0.1397  	0.26059  	0.07583  	-0.0388  	0.00256  	-0.0628  	-0.0190  	-0.1657  	-0.1368  	-0.0496  	0.00144  	-0.0235  	-0.0129  	-0.0104  	-0.0022  	0.01674  	0.03927  	-0.0501  	-0.0216  	0.05132  	0.03265  	0.01588  	0.20158  	-0.0276  	0.00568  	-0.0014  	0.03522  	0.06434  	0.40137  	267.172  	162.321  	
0.25743  	0.07421  	-0.5124  	-0.0213  	0.50820  	-0.7971  	-0.1757  	0.16364  	0.12696  	-0.3576  	-0.4363  	0.68384  	0.16991  	-0.1677  	-0.6326  	-0.0327  	0.24433  	-0.0595  	0.58504  	0.15332  	-0.2811  	0.94014  	0.04649  	0.31076  	0.16693  	0.12314  	0.14395  	-0.5464  	-0.4899  	-0.1013  	0.00470  	0.19482  	-0.0176  	-0.1560  	0.45295  	0.21926  	0.25903  	0.10849  	-0.4627  	0.01135  	0.12459  	0.08201  	-0.1400  	0.23718  	0.08462  	-0.0331  	0.00777  	-0.0536  	-0.0234  	-0.1651  	-0.1447  	-0.0544  	0.01269  	-0.0294  	-0.0186  	-0.0083  	-0.0070  	0.01400  	0.03810  	-0.0547  	-0.0211  	0.06027  	0.03353  	0.01546  	0.20158  	-0.0276  	0.00568  	-0.0014  	0.03522  	0.06434  	0.40137  	267.172  	162.321  	
0.62490  	0.13189  	-0.3285  	0.14674  	0.55849  	-0.5314  	-0.1698  	0.33235  	0.14966  	-0.4623  	-0.4080  	0.67509  	0.16244  	0.02217  	-0.4749  	0.06333  	0.22711  	-0.1348  	0.61876  	0.05461  	-0.0138  	0.96511  	0.07412  	0.40681  	0.23634  	0.07358  	0.35560  	-0.7646  	-0.6620  	-0.0749  	-0.0415  	0.25750  	-0.0291  	-0.1834  	0.60862  	0.16901  	0.41925  	0.14481  	-0.5177  	-0.0325  	0.04548  	0.09683  	-0.1501  	0.24163  	0.08853  	-0.0329  	-0.0011  	-0.0394  	0.00226  	-0.1608  	-0.1410  	-0.0556  	0.01251  	-0.0175  	-0.0179  	0.00752  	-0.0088  	0.01541  	0.03120  	-0.0411  	-0.0305  	0.05155  	0.03627  	0.00918  	0.20158  	-0.0276  	0.00568  	-0.0014  	0.03522  	0.06434  	0.40137  	267.172  	162.321  	
0.65421  	0.15505  	-0.2519  	0.13246  	0.53071  	-0.4932  	-0.1790  	0.32447  	0.16397  	-0.4679  	-0.3812  	0.61923  	0.17107  	0.07619  	-0.4390  	0.07474  	0.25087  	-0.1708  	0.61023  	-0.0023  	0.09067  	0.96220  	0.09044  	0.48144  	0.26349  	0.04334  	0.43794  	-0.8453  	-0.7401  	-0.0636  	-0.0596  	0.27685  	-0.0523  	-0.1847  	0.67290  	0.14273  	0.49036  	0.13836  	-0.5496  	-0.0558  	0.00945  	0.11490  	-0.1790  	0.21486  	0.08082  	-0.0323  	-0.0050  	-0.0397  	0.00820  	-0.1612  	-0.1372  	-0.0522  	0.01137  	-0.0152  	-0.0188  	0.01777  	-0.0112  	0.01764  	0.03302  	-0.0384  	-0.0215  	0.04955  	0.03714  	0.00793  	0.20158  	-0.0276  	0.00568  	-0.0014  	0.03522  	0.06434  	0.40137  	267.172  	162.321  	
0.62310  	0.16847  	-0.2557  	0.10380  	0.50770  	-0.5312  	-0.1855  	0.33060  	0.17812  	-0.4569  	-0.3246  	0.65754  	0.16160  	0.06836  	-0.4655  	0.09532  	0.23727  	-0.1652  	0.61823  	0.00764  	0.09857  	0.93755  	0.08962  	0.49423  	0.23651  	0.04972  	0.43112  	-0.8640  	-0.7790  	-0.0889  	-0.0669  	0.27795  	-0.0299  	-0.1793  	0.67571  	0.12448  	0.50808  	0.16101  	-0.5509  	-0.0630  	0.00441  	0.11398  	-0.1732  	0.22194  	0.07888  	-0.0339  	-0.0016  	-0.0441  	-0.0015  	-0.1611  	-0.1397  	-0.0518  	0.01122  	-0.0105  	-0.0197  	0.01399  	-0.0112  	0.01746  	0.02749  	-0.0402  	-0.0203  	0.04926  	0.03655  	0.01077  	0.20158  	-0.0276  	0.00568  	-0.0014  	0.03522  	0.06434  	0.40137  	267.172  	162.321  	
0.48892  	0.14467  	-0.3554  	-0.0130  	0.54052  	-0.6844  	-0.1882  	0.21819  	0.14864  	-0.3793  	-0.2497  	0.68441  	0.10943  	-0.1184  	-0.7597  	0.11896  	0.18781  	-0.0598  	0.60380  	0.12833  	-0.0601  	0.86550  	-0.0158  	0.41656  	0.20569  	0.06569  	0.29954  	-0.6562  	-0.6930  	-0.0945  	-0.0555  	0.24813  	-0.0147  	-0.1702  	0.66910  	0.21474  	0.42214  	0.12353  	-0.5366  	-0.0190  	0.04941  	0.13146  	-0.1846  	0.20764  	0.08499  	-0.0307  	0.00579  	-0.0555  	-0.0154  	-0.1569  	-0.1249  	-0.0532  	0.00936  	-0.0197  	-0.0191  	0.01216  	-0.0029  	0.01928  	0.03458  	-0.0487  	-0.0225  	0.04169  	0.02929  	0.00743  	0.20158  	-0.0276  	0.00568  	-0.0014  	0.03522  	0.06434  	0.40137  	267.172  	162.321  	
0.33122  	0.03756  	-0.4778  	-0.0457  	0.51943  	-0.7757  	-0.2170  	0.10999  	0.09674  	-0.2750  	-0.2658  	0.63957  	0.05275  	-0.2599  	-0.8545  	0.09617  	0.19950  	0.00357  	0.60017  	0.14083  	-0.2531  	0.87556  	-0.0328  	0.36028  	0.22026  	0.08075  	0.22739  	-0.5156  	-0.5663  	-0.0742  	-0.0603  	0.24159  	-0.0333  	-0.1779  	0.56392  	0.27957  	0.29702  	0.08265  	-0.5045  	-0.0018  	0.06664  	0.11507  	-0.1657  	0.23322  	0.07824  	-0.0364  	0.00811  	-0.0567  	-0.0115  	-0.1691  	-0.1196  	-0.0550  	0.00520  	-0.0235  	-0.0160  	-0.0023  	0.00060  	0.01643  	0.03196  	-0.0485  	-0.0274  	0.03378  	0.03631  	0.01754  	0.20158  	-0.0276  	0.00568  	-0.0014  	0.03522  	0.06434  	0.40137  	267.172  	162.321  	
0.30445  	0.01016  	-0.4971  	-0.0254  	0.51928  	-0.8216  	-0.1988  	0.09676  	0.07602  	-0.2569  	-0.2739  	0.60981  	0.02885  	-0.3278  	-0.8942  	0.09687  	0.19107  	0.00476  	0.60721  	0.14588  	-0.2726  	0.88689  	-0.0479  	0.34904  	0.27227  	0.06938  	0.27007  	-0.4894  	-0.5162  	-0.0597  	-0.0886  	0.25759  	-0.0682  	-0.1827  	0.55456  	0.32125  	0.28260  	0.08640  	-0.4921  	-0.0068  	0.06834  	0.12172  	-0.1684  	0.23410  	0.08948  	-0.0411  	-0.0003  	-0.0594  	-0.0041  	-0.1676  	-0.1152  	-0.0604  	0.00918  	-0.0217  	-0.0112  	-0.0010  	0.00990  	0.01733  	0.03467  	-0.0475  	-0.0300  	0.03612  	0.04023  	0.02032  	0.20158  	-0.0276  	0.00568  	-0.0014  	0.03522  	0.06434  	0.40137  	267.172  	162.321  	
0.29944  	-0.0092  	-0.5286  	-0.0339  	0.60189  	-0.8246  	-0.1969  	0.03950  	0.05305  	-0.2313  	-0.2886  	0.65410  	0.02721  	-0.4076  	-0.9073  	0.15071  	0.18379  	0.01480  	0.61384  	0.15557  	-0.3415  	0.88355  	-0.0997  	0.34077  	0.31334  	0.05547  	0.26718  	-0.4348  	-0.4829  	-0.0389  	-0.0911  	0.26480  	-0.0926  	-0.1741  	0.54296  	0.37786  	0.27193  	0.08567  	-0.4793  	0.02869  	0.06700  	0.11884  	-0.1764  	0.23516  	0.08973  	-0.0379  	-0.0072  	-0.0684  	-0.0005  	-0.1775  	-0.1188  	-0.0561  	0.01396  	-0.0209  	-0.0102  	-0.0009  	0.00560  	0.01686  	0.03784  	-0.0463  	-0.0307  	0.03855  	0.03902  	0.01564  	0.20158  	-0.0276  	0.00568  	-0.0014  	0.03522  	0.06434  	0.40137  	267.172  	162.321  	
0.31001  	-0.0059  	-0.4930  	0.03477  	0.63551  	-0.8005  	-0.2055  	0.03190  	0.02568  	-0.2518  	-0.3283  	0.66408  	0.01847  	-0.4384  	-0.9351  	0.20763  	0.18131  	-0.0123  	0.62370  	0.15560  	-0.3604  	0.89552  	-0.1359  	0.39827  	0.35676  	0.05212  	0.33910  	-0.4733  	-0.5055  	-0.0245  	-0.0970  	0.28308  	-0.1033  	-0.1835  	0.54251  	0.39654  	0.26659  	0.09617  	-0.4735  	0.03470  	0.05801  	0.13101  	-0.1777  	0.24260  	0.09450  	-0.0402  	-0.0106  	-0.0593  	0.00286  	-0.1829  	-0.1157  	-0.0560  	0.01873  	-0.0215  	-0.0082  	-0.0022  	0.01089  	0.01549  	0.03785  	-0.0423  	-0.0284  	0.02936  	0.03970  	0.01659  	0.20158  	-0.0276  	0.00568  	-0.0014  	0.03522  	0.06434  	0.40137  	267.172  	162.321  	
0.35651  	0.04361  	-0.5449  	0.11033  	0.65416  	-0.7336  	-0.2149  	0.04690  	0.05207  	-0.3094  	-0.3930  	0.72283  	0.01880  	-0.3489  	-0.8836  	0.13783  	0.20739  	-0.0376  	0.64274  	0.19547  	-0.3039  	0.92026  	-0.1457  	0.40440  	0.41842  	0.05277  	0.37044  	-0.4565  	-0.5061  	0.00423  	-0.1118  	0.26500  	-0.0997  	-0.2074  	0.54865  	0.38846  	0.28286  	0.08270  	-0.4656  	0.00990  	0.03038  	0.14002  	-0.1686  	0.23473  	0.08838  	-0.0402  	-0.0135  	-0.0496  	-0.0004  	-0.1786  	-0.1038  	-0.0576  	0.01192  	-0.0285  	-0.0111  	0.00925  	0.01165  	0.01836  	0.03862  	-0.0404  	-0.0355  	0.03146  	0.03410  	0.00838  	0.20158  	-0.0276  	0.00568  	-0.0014  	0.03522  	0.06434  	0.40137  	267.172  	162.321  	
0.49962  	0.09235  	-0.4614  	0.32076  	0.74961  	-0.6359  	-0.1950  	0.17673  	0.11199  	-0.3836  	-0.5938  	0.75841  	0.17606  	-0.0850  	-0.5839  	0.08333  	0.21352  	-0.0589  	0.63327  	0.14100  	-0.2545  	0.91267  	-0.1094  	0.33505  	0.43364  	0.03314  	0.34472  	-0.5237  	-0.4385  	0.04936  	-0.1104  	0.22367  	-0.0910  	-0.1673  	0.53727  	0.26343  	0.26015  	0.07201  	-0.4321  	0.01028  	0.01143  	0.12210  	-0.1472  	0.22598  	0.08100  	-0.0391  	-0.0128  	-0.0430  	0.01347  	-0.1849  	-0.1132  	-0.0573  	0.00682  	-0.0261  	-0.0163  	0.01527  	0.00549  	0.01314  	0.03957  	-0.0445  	-0.0352  	0.03154  	0.02748  	0.01274  	0.20158  	-0.0276  	0.00568  	-0.0014  	0.03522  	0.06434  	0.40137  	267.172  	162.321  	
0.20476  	0.04263  	-0.5687  	0.06154  	0.66474  	-0.8126  	-0.1901  	0.11113  	0.05663  	-0.3811  	-0.4441  	0.68913  	0.10571  	-0.1602  	-0.6470  	-0.0309  	0.22644  	-0.0560  	0.62784  	0.11754  	-0.2510  	0.91519  	-0.0746  	0.45038  	0.41215  	0.04638  	0.36850  	-0.5165  	-0.4771  	0.01666  	-0.1049  	0.23162  	-0.0708  	-0.1980  	0.55513  	0.27462  	0.31192  	0.06336  	-0.4730  	0.04766  	-0.0063  	0.13876  	-0.2215  	0.22642  	0.09030  	-0.0301  	-0.0178  	-0.0675  	-0.0097  	-0.1928  	-0.1348  	-0.0579  	0.00537  	-0.0224  	-0.0239  	0.00094  	0.00538  	0.01363  	0.03922  	-0.0475  	-0.0261  	0.04174  	0.02263  	0.01322  	0.20158  	-0.0276  	0.00568  	-0.0014  	0.03522  	0.06434  	0.40137  	267.172  	162.321  	
0.19010  	0.03054  	-0.5718  	-0.0087  	0.60158  	-0.7539  	-0.2691  	0.10383  	0.08753  	-0.4598  	-0.4487  	0.64536  	0.06749  	-0.2630  	-0.5903  	-0.0249  	0.25416  	-0.1230  	0.61830  	0.09026  	-0.1827  	0.94808  	0.05080  	0.47811  	0.28597  	0.09676  	0.38740  	-0.6324  	-0.6035  	-0.0517  	-0.0743  	0.23159  	-0.0789  	-0.1896  	0.59141  	0.22738  	0.36582  	0.07895  	-0.5145  	0.02718  	0.02586  	0.13714  	-0.2122  	0.22275  	0.09159  	-0.0338  	-0.0002  	-0.0715  	-0.0220  	-0.1625  	-0.1380  	-0.0535  	0.00224  	-0.0200  	-0.0223  	0.00048  	0.00673  	0.01517  	0.04463  	-0.0525  	-0.0246  	0.03735  	0.02542  	0.00881  	0.20158  	-0.0276  	0.00568  	-0.0014  	0.03522  	0.06434  	0.40137  	267.172  	162.321  	
0.20637  	0.03418  	-0.6193  	0.02029  	0.58381  	-0.8223  	-0.1799  	0.10492  	0.08257  	-0.3874  	-0.5510  	0.73395  	0.16091  	-0.1679  	-0.5951  	-0.0841  	0.24078  	-0.0284  	0.56765  	0.13765  	-0.3756  	0.94958  	0.04276  	0.31354  	0.21669  	0.10656  	0.13097  	-0.4412  	-0.4004  	-0.0458  	-0.0357  	0.17772  	-0.0513  	-0.1558  	0.43371  	0.24722  	0.19324  	0.07323  	-0.4500  	0.04258  	0.11157  	0.08479  	-0.1328  	0.24930  	0.07545  	-0.0448  	0.00619  	-0.0610  	-0.0139  	-0.1666  	-0.1394  	-0.0586  	0.00161  	-0.0209  	-0.0115  	-0.0013  	0.00484  	0.01171  	0.03894  	-0.0573  	-0.0203  	0.05149  	0.02581  	0.01518  	0.20158  	-0.0276  	0.00568  	-0.0014  	0.03522  	0.06434  	0.40137  	267.172  	162.321  	
0.28681  	0.06934  	-0.5788  	0.16606  	0.64740  	-0.7996  	-0.1731  	0.15384  	0.13331  	-0.3528  	-0.5913  	0.74023  	0.21054  	-0.0280  	-0.5428  	-0.0392  	0.22020  	-0.0155  	0.58956  	0.16561  	-0.3743  	0.93806  	-0.0156  	0.30544  	0.19823  	0.13316  	0.10328  	-0.4183  	-0.3776  	-0.0535  	-0.0659  	0.18799  	-0.0056  	-0.1691  	0.46502  	0.23193  	0.11680  	0.05221  	-0.4269  	0.05252  	0.11028  	0.10622  	-0.1469  	0.23212  	0.08712  	-0.0378  	0.01216  	-0.0505  	-0.0048  	-0.1716  	-0.1277  	-0.0613  	0.00455  	-0.0258  	-0.0210  	0.00212  	0.00295  	0.00938  	0.03893  	-0.0539  	-0.0154  	0.06037  	0.02083  	0.00774  	0.20158  	-0.0276  	0.00568  	-0.0014  	0.03522  	0.06434  	0.40137  	267.172  	162.321  	
0.17360  	0.03733  	-0.6728  	-0.0171  	0.66468  	-0.9400  	-0.1741  	0.11067  	0.08988  	-0.2939  	-0.4410  	0.74435  	0.18153  	-0.0251  	-0.6655  	-0.0517  	0.16276  	0.01198  	0.59159  	0.16405  	-0.3566  	0.87418  	-0.0882  	0.33182  	0.25614  	0.09036  	0.11147  	-0.4162  	-0.4039  	-0.0511  	-0.0353  	0.16810  	-0.0285  	-0.1779  	0.50550  	0.25392  	0.15659  	0.04698  	-0.4322  	0.05164  	0.08585  	0.11211  	-0.1564  	0.22089  	0.08376  	-0.0390  	0.00798  	-0.0736  	-0.0023  	-0.1581  	-0.1321  	-0.0648  	-7.4414  	-0.0275  	-0.0130  	-0.0041  	0.00659  	0.01549  	0.03493  	-0.0597  	-0.0254  	0.04837  	0.03262  	0.01329  	0.20158  	-0.0276  	0.00568  	-0.0014  	0.03522  	0.06434  	0.40137  	267.172  	162.321  	
-0.0347  	-0.0258  	-0.6668  	-0.2147  	0.55451  	-0.9829  	-0.2608  	0.15921  	0.03343  	-0.3244  	-0.2477  	0.69851  	0.10106  	-0.3637  	-0.7890  	-0.1796  	0.28765  	-0.1800  	0.69220  	-0.0882  	-0.2096  	0.64458  	-0.2716  	0.34938  	0.17563  	0.20342  	0.20278  	-0.5681  	-0.4111  	-0.0827  	0.07679  	0.13445  	-0.1678  	-0.3389  	0.43120  	0.24909  	0.15730  	0.06452  	-0.5767  	-0.0659  	0.13379  	0.24084  	-0.3113  	0.30267  	0.03427  	-0.0168  	-0.0271  	-0.0652  	-0.0456  	-0.1681  	-0.1248  	-0.0502  	0.00331  	-0.0057  	-0.0155  	-0.0069  	0.00437  	0.00971  	0.03564  	-0.0355  	-0.0230  	0.03482  	0.01115  	0.01252  	0.20158  	-0.0276  	0.00568  	-0.0014  	0.03522  	0.06434  	0.40137  	267.172  	162.321  	
0.04638  	0.03551  	-0.5121  	-0.2906  	0.44657  	-0.9654  	-0.2831  	0.16717  	0.04080  	-0.3439  	-0.2625  	0.63394  	0.09980  	-0.4485  	-0.8556  	-0.1490  	0.38975  	-0.2935  	0.75130  	-0.3346  	-0.1750  	0.46293  	-0.4052  	0.34985  	0.10797  	0.27384  	0.18421  	-0.6470  	-0.3054  	-0.1140  	0.16280  	0.11117  	-0.2572  	-0.4715  	0.29459  	0.24629  	0.07481  	0.07942  	-0.6595  	-0.1173  	0.27021  	0.33821  	-0.3632  	0.37879  	-0.0278  	-0.0022  	-0.0411  	-0.0278  	-0.0426  	-0.1866  	-0.1184  	-0.0456  	0.00997  	0.01036  	-0.0054  	-0.0125  	-0.0011  	0.00011  	0.04181  	-0.0351  	-0.0171  	0.03581  	0.00203  	0.01471  	0.20158  	-0.0276  	0.00568  	-0.0014  	0.03522  	0.06434  	0.40137  	267.172  	162.321  	
-0.0624  	0.01607  	-0.5409  	-0.3981  	0.42160  	-1.1468  	-0.2652  	0.13627  	0.02649  	-0.2814  	-0.2082  	0.59565  	0.13644  	-0.4444  	-0.9331  	-0.2072  	0.39383  	-0.3367  	0.78887  	-0.3646  	-0.1893  	0.41003  	-0.5194  	0.34470  	0.14584  	0.28786  	0.19638  	-0.6746  	-0.3006  	-0.1086  	0.21674  	0.09422  	-0.2538  	-0.5088  	0.28747  	0.25906  	0.06556  	0.05876  	-0.7019  	-0.1557  	0.29491  	0.36184  	-0.4099  	0.40242  	-0.0311  	-0.0023  	-0.0420  	-0.0204  	-0.0336  	-0.1897  	-0.1165  	-0.0520  	0.00713  	0.01277  	-0.0057  	-0.0139  	-0.0034  	-0.0014  	0.03169  	-0.0325  	-0.0175  	0.04577  	0.00984  	0.01458  	0.20158  	-0.0276  	0.00568  	-0.0014  	0.03522  	0.06434  	0.40137  	267.172  	162.321  	
-0.3157  	-0.0968  	-0.6756  	-0.5018  	0.34814  	-1.2128  	-0.2634  	0.09934  	-0.0033  	-0.2162  	-0.0459  	0.61643  	0.10383  	-0.4462  	-0.9061  	-0.3214  	0.39975  	-0.3731  	0.74502  	-0.3432  	-0.1271  	0.51424  	-0.4267  	0.40751  	0.14143  	0.30375  	0.23071  	-0.7735  	-0.3985  	-0.1338  	0.19481  	0.10200  	-0.2386  	-0.4701  	0.33602  	0.23375  	0.11106  	0.07663  	-0.6880  	-0.1728  	0.24261  	0.36483  	-0.4029  	0.35063  	-0.0059  	-0.0012  	-0.0446  	-0.0461  	-0.0533  	-0.1776  	-0.1319  	-0.0486  	0.01081  	0.01421  	-0.0106  	-0.0104  	-0.0129  	-0.0062  	0.03969  	-0.0306  	-0.0092  	0.04213  	0.00703  	0.00841  	0.20158  	-0.0276  	0.00568  	-0.0014  	0.03522  	0.06434  	0.40137  	267.172  	162.321  	
-0.4082  	-0.1441  	-0.7365  	-0.6265  	0.34103  	-1.3067  	-0.2627  	0.04133  	0.00302  	-0.2604  	0.00925  	0.55760  	0.03808  	-0.4883  	-0.9815  	-0.2745  	0.34529  	-0.2468  	0.67253  	-0.1436  	-0.1427  	0.65426  	-0.1674  	0.40916  	0.08134  	0.22874  	0.20522  	-0.7221  	-0.5381  	-0.1471  	0.11849  	0.16256  	-0.1568  	-0.3511  	0.37671  	0.22298  	0.22818  	0.07550  	-0.6034  	-0.1241  	0.18894  	0.25289  	-0.3208  	0.29115  	0.02365  	-0.0144  	-0.0181  	-0.0702  	-0.0248  	-0.1703  	-0.1471  	-0.0566  	0.00410  	0.00051  	-0.0113  	-0.0133  	-0.0102  	0.00727  	0.03612  	-0.0386  	-0.0112  	0.05483  	0.01650  	0.00679  	0.20158  	-0.0276  	0.00568  	-0.0014  	0.03522  	0.06434  	0.40137  	267.172  	162.321  	
-0.2408  	-0.0980  	-0.7127  	-0.4565  	0.37722  	-1.2007  	-0.2543  	0.16028  	0.08760  	-0.2310  	0.01448  	0.57628  	0.00192  	-0.3388  	-1.0091  	-0.2169  	0.25108  	-0.1013  	0.60982  	0.22604  	-0.1532  	0.85173  	0.02274  	0.47358  	0.17591  	0.10250  	0.19359  	-0.6001  	-0.5949  	-0.1338  	-0.0266  	0.19495  	-0.0506  	-0.1834  	0.50174  	0.20878  	0.33470  	0.05859  	-0.4787  	-0.0337  	0.05986  	0.12380  	-0.2263  	0.20592  	0.09280  	-0.0268  	0.00555  	-0.0854  	-0.0198  	-0.1605  	-0.1385  	-0.0572  	-0.0021  	-0.0235  	-0.0267  	-0.0072  	0.00081  	0.02063  	0.03636  	-0.0467  	-0.0183  	0.05073  	0.02614  	0.00812  	0.20158  	-0.0276  	0.00568  	-0.0014  	0.03522  	0.06434  	0.40137  	267.172  	162.321  	
0.06507  	0.03213  	-0.5227  	-0.1283  	0.52260  	-0.9904  	-0.2587  	0.24880  	0.14034  	-0.3344  	-0.2264  	0.76021  	0.10983  	-0.0198  	-0.6064  	-0.0914  	0.23727  	-0.0589  	0.58825  	0.23418  	-0.0775  	0.83662  	-0.0189  	0.48274  	0.13648  	0.09800  	0.24655  	-0.6156  	-0.6266  	-0.1018  	0.01219  	0.17114  	-0.0363  	-0.1574  	0.55203  	0.16076  	0.29072  	0.07179  	-0.4838  	0.03782  	0.04519  	0.08408  	-0.1944  	0.20282  	0.08469  	-0.0358  	-0.0059  	-0.0693  	-0.0184  	-0.1624  	-0.1124  	-0.0530  	-0.0161  	-0.0314  	-0.0315  	0.01124  	-0.0135  	0.00640  	0.02717  	-0.0427  	-0.0169  	0.06250  	0.02795  	0.00958  	0.20158  	-0.0276  	0.00568  	-0.0014  	0.03522  	0.06434  	0.40137  	267.172  	162.321  	
0.43858  	0.11901  	-0.4185  	-0.1372  	0.50136  	-0.7011  	-0.2260  	0.22674  	0.17789  	-0.3510  	-0.4938  	0.63852  	0.22274  	-0.0878  	-0.5349  	-0.0501  	0.22026  	-0.1180  	0.62116  	0.02905  	-0.1152  	0.94811  	0.14475  	0.36028  	0.18687  	0.10944  	0.29366  	-0.7416  	-0.6686  	-0.0659  	-0.0153  	0.20087  	-0.0081  	-0.1767  	0.53677  	0.12610  	0.38975  	0.11050  	-0.5285  	0.02827  	0.08134  	0.10875  	-0.1364  	0.23191  	0.08003  	-0.0398  	-0.0039  	-0.0512  	0.00577  	-0.1615  	-0.1470  	-0.0538  	-0.0131  	-0.0166  	-0.0229  	0.00922  	-0.0157  	0.00950  	0.02436  	-0.0511  	-0.0246  	0.04719  	0.04106  	0.01220  	0.20158  	-0.0276  	0.00568  	-0.0014  	0.03522  	0.06434  	0.40137  	267.172  	162.321  	
0.56977  	0.15307  	-0.3565  	0.11819  	0.55306  	-0.7069  	-0.1785  	0.20790  	0.16818  	-0.3760  	-0.5905  	0.60779  	0.21746  	-0.0881  	-0.4172  	-0.0840  	0.22541  	-0.1464  	0.64631  	0.01903  	-0.0952  	1.00506  	0.11960  	0.40792  	0.23456  	0.07861  	0.31682  	-0.7614  	-0.6478  	-0.0553  	-0.0449  	0.25073  	-0.0352  	-0.1711  	0.57579  	0.14575  	0.38274  	0.12594  	-0.5040  	0.00157  	0.03199  	0.10920  	-0.1244  	0.25076  	0.06962  	-0.0342  	-0.0042  	-0.0447  	0.01012  	-0.1716  	-0.1398  	-0.0525  	-0.0020  	-0.0210  	-0.0122  	0.01117  	-0.0092  	0.01403  	0.02551  	-0.0518  	-0.0230  	0.05296  	0.03421  	0.00621  	0.20158  	-0.0276  	0.00568  	-0.0014  	0.03522  	0.06434  	0.40137  	267.172  	162.321  	
0.60213  	0.09713  	-0.3816  	0.12279  	0.60680  	-0.6991  	-0.1873  	0.20762  	0.10225  	-0.3266  	-0.4527  	0.52879  	0.19014  	-0.1500  	-0.5697  	-0.0387  	0.24073  	-0.1851  	0.67192  	0.01992  	-0.0663  	0.98003  	0.03543  	0.49756  	0.38730  	0.05071  	0.50403  	-0.7960  	-0.7186  	-0.0378  	-0.0667  	0.25821  	-0.0874  	-0.1716  	0.69617  	0.24812  	0.42429  	0.13999  	-0.5440  	0.00203  	-0.0123  	0.13559  	-0.1731  	0.23971  	0.07249  	-0.0328  	-0.0100  	-0.0494  	0.00187  	-0.1797  	-0.1379  	-0.0475  	0.00590  	-0.0116  	-0.0193  	0.00828  	-0.0104  	0.01463  	0.02301  	-0.0474  	-0.0290  	0.04888  	0.02864  	-0.0026  	0.20158  	-0.0276  	0.00568  	-0.0014  	0.03522  	0.06434  	0.40137  	267.172  	162.321  	
0.34134  	0.02100  	-0.4891  	-0.1298  	0.47441  	-0.7631  	-0.2422  	0.11302  	0.07467  	-0.3380  	-0.1994  	0.63393  	0.01979  	-0.3591  	-0.9090  	0.13371  	0.18714  	-0.0545  	0.65222  	0.09594  	-0.1547  	0.90333  	0.00302  	0.42746  	0.27114  	0.05007  	0.35221  	-0.6242  	-0.6362  	-0.0978  	-0.0781  	0.26822  	-0.0666  	-0.1925  	0.60951  	0.30922  	0.40725  	0.11572  	-0.5281  	-0.0107  	0.03085  	0.12916  	-0.1718  	0.22426  	0.09410  	-0.0387  	0.00316  	-0.0724  	-0.0076  	-0.1756  	-0.1176  	-0.0609  	0.00913  	-0.0136  	-0.0148  	-0.0028  	0.00474  	0.01901  	0.04137  	-0.0473  	-0.0371  	0.04765  	0.03127  	0.01593  	0.20158  	-0.0276  	0.00568  	-0.0014  	0.03522  	0.06434  	0.40137  	267.172  	162.321  	
0.25576  	0.00317  	-0.5415  	-0.1866  	0.43719  	-0.8265  	-0.2251  	0.06245  	0.05254  	-0.3403  	-0.2156  	0.62291  	0.01130  	-0.3464  	-0.9156  	0.06368  	0.20548  	-0.0469  	0.64038  	0.08568  	-0.2125  	0.88524  	0.03798  	0.39150  	0.24623  	0.06020  	0.30324  	-0.5527  	-0.5598  	-0.0745  	-0.0651  	0.24469  	-0.0927  	-0.1877  	0.55684  	0.32886  	0.36840  	0.10291  	-0.5223  	-0.0122  	0.06186  	0.12990  	-0.1759  	0.22322  	0.08575  	-0.0407  	0.00370  	-0.0693  	-0.0059  	-0.1738  	-0.1275  	-0.0583  	0.00982  	-0.0158  	-0.0125  	-0.0045  	0.00644  	0.01891  	0.03788  	-0.0475  	-0.0330  	0.04199  	0.04351  	0.01598  	0.20158  	-0.0276  	0.00568  	-0.0014  	0.03522  	0.06434  	0.40137  	267.172  	162.321  	
0.26445  	0.03247  	-0.5142  	-0.1718  	0.45517  	-0.8126  	-0.2148  	0.08460  	0.06329  	-0.3501  	-0.2346  	0.62828  	0.03547  	-0.2554  	-0.8351  	0.00476  	0.17822  	-0.0453  	0.62753  	0.11486  	-0.2165  	0.88675  	0.03937  	0.37979  	0.21718  	0.07511  	0.24172  	-0.5575  	-0.5850  	-0.0961  	-0.0485  	0.23191  	-0.0708  	-0.1838  	0.57052  	0.30063  	0.36472  	0.10285  	-0.5290  	-0.0158  	0.07069  	0.12482  	-0.1774  	0.21793  	0.08350  	-0.0402  	0.00520  	-0.0726  	-0.0108  	-0.1689  	-0.1275  	-0.0550  	0.01020  	-0.0194  	-0.0170  	-0.0055  	0.00595  	0.01934  	0.03632  	-0.0503  	-0.0336  	0.05055  	0.03873  	0.01375  	0.20158  	-0.0276  	0.00568  	-0.0014  	0.03522  	0.06434  	0.40137  	267.172  	162.321  	
0.32079  	0.06632  	-0.4791  	-0.1482  	0.45214  	-0.8152  	-0.2180  	0.12881  	0.06986  	-0.3735  	-0.2375  	0.61294  	0.03450  	-0.2173  	-0.7259  	-0.0184  	0.17309  	-0.0561  	0.62713  	0.08913  	-0.1389  	0.88715  	0.05901  	0.37669  	0.18304  	0.08250  	0.22979  	-0.6505  	-0.6398  	-0.1077  	-0.0397  	0.24528  	-0.0503  	-0.1859  	0.59853  	0.24044  	0.37925  	0.12250  	-0.5420  	-0.0210  	0.07994  	0.10862  	-0.1801  	0.21512  	0.07950  	-0.0360  	0.01018  	-0.0748  	-0.0190  	-0.1638  	-0.1353  	-0.0529  	0.00991  	-0.0204  	-0.0222  	-0.0083  	0.00148  	0.01916  	0.02746  	-0.0488  	-0.0287  	0.05186  	0.03623  	0.01208  	0.20158  	-0.0276  	0.00568  	-0.0014  	0.03522  	0.06434  	0.40137  	267.172  	162.321  	
0.40203  	0.10963  	-0.4213  	-0.0740  	0.45844  	-0.7550  	-0.2299  	0.18463  	0.12718  	-0.4295  	-0.2485  	0.63790  	0.06838  	-0.1482  	-0.6051  	0.01588  	0.20473  	-0.0903  	0.61549  	0.03611  	-0.0247  	0.88061  	0.07893  	0.43464  	0.16424  	0.07786  	0.27795  	-0.7682  	-0.7080  	-0.1094  	-0.0411  	0.26248  	-0.0469  	-0.1817  	0.64548  	0.16240  	0.42753  	0.15100  	-0.5739  	-0.0291  	0.07125  	0.10899  	-0.1866  	0.21352  	0.07177  	-0.0314  	0.00390  	-0.0790  	-0.0226  	-0.1549  	-0.1441  	-0.0485  	0.01298  	-0.0145  	-0.0183  	-0.0039  	-0.0104  	0.01529  	0.03531  	-0.0450  	-0.0207  	0.05089  	0.02550  	0.00861  	0.20158  	-0.0276  	0.00568  	-0.0014  	0.03522  	0.06434  	0.40137  	267.172  	162.321  	
0.11469  	0.05983  	-0.5462  	-0.1174  	0.54584  	-0.9313  	-0.2659  	0.15086  	0.15752  	-0.2922  	-0.3026  	0.74736  	0.15609  	-0.1338  	-0.7676  	0.05194  	0.20613  	-0.0067  	0.59325  	0.20632  	-0.2428  	0.84088  	-0.0192  	0.29915  	0.06888  	0.14087  	0.03264  	-0.3562  	-0.5346  	-0.1301  	-0.0037  	0.19352  	0.00117  	-0.1715  	0.47859  	0.19887  	0.22067  	0.06040  	-0.4579  	-0.0112  	0.14001  	0.09853  	-0.1559  	0.21116  	0.07717  	-0.0330  	0.00893  	-0.0735  	-0.0080  	-0.1623  	-0.1450  	-0.0498  	0.00636  	-0.0234  	-0.0157  	0.00022  	-0.0059  	0.00900  	0.04242  	-0.0498  	-0.0171  	0.06315  	0.02059  	0.01349  	0.20158  	-0.0276  	0.00568  	-0.0014  	0.03522  	0.06434  	0.40137  	267.172  	162.321  	
-0.3198  	-0.1195  	-0.9011  	-0.3923  	0.49783  	-1.1722  	-0.2088  	-0.0013  	0.06845  	-0.2490  	-0.1193  	0.70492  	0.04376  	-0.3802  	-1.1269  	-0.0357  	0.18651  	0.03273  	0.60862  	0.25751  	-0.4227  	0.85431  	-0.0621  	0.26683  	0.07287  	0.16939  	-0.0635  	-0.2843  	-0.4447  	-0.1583  	0.02603  	0.16583  	-0.0315  	-0.1715  	0.36938  	0.35179  	0.13838  	0.02243  	-0.4250  	-0.0364  	0.13000  	0.10544  	-0.2045  	0.21920  	0.06807  	-0.0316  	0.00110  	-0.0427  	-0.0067  	-0.1667  	-0.1404  	-0.0585  	-0.0026  	-0.0316  	-0.0116  	-0.0070  	0.00520  	0.02561  	0.03324  	-0.0516  	-0.0131  	0.04519  	0.03261  	0.01383  	0.20158  	-0.0276  	0.00568  	-0.0014  	0.03522  	0.06434  	0.40137  	267.172  	162.321  	
-0.2777  	-0.1446  	-0.9141  	-0.3219  	0.58374  	-1.2270  	-0.1654  	0.04252  	0.07711  	-0.1786  	-0.1040  	0.69040  	0.06806  	-0.3527  	-1.0261  	-0.1706  	0.16333  	0.00946  	0.58609  	0.27815  	-0.3380  	0.86808  	-0.0745  	0.30587  	0.13555  	0.13945  	0.02343  	-0.3194  	-0.4374  	-0.1434  	-0.0062  	0.15532  	-0.0208  	-0.1660  	0.42868  	0.27873  	0.15458  	0.01915  	-0.4256  	0.00325  	0.06156  	0.12313  	-0.1989  	0.18515  	0.10207  	-0.0428  	0.00630  	-0.0550  	-0.0148  	-0.1538  	-0.1299  	-0.0520  	0.00060  	-0.0251  	-0.0147  	-0.0116  	0.00394  	0.01334  	0.03764  	-0.0442  	-0.0297  	0.03941  	0.03266  	0.01389  	0.20158  	-0.0276  	0.00568  	-0.0014  	0.03522  	0.06434  	0.40137  	267.172  	162.321  	
-0.1290  	-0.0655  	-0.7896  	-0.0650  	0.63738  	-1.1268  	-0.2081  	0.16742  	0.09784  	-0.2435  	-0.1279  	0.81374  	0.09992  	-0.1553  	-0.7952  	-0.1600  	0.15854  	-0.0301  	0.59276  	0.24977  	-0.2940  	0.88417  	-0.0831  	0.40550  	0.16927  	0.13516  	0.06956  	-0.3868  	-0.4797  	-0.0975  	-0.0162  	0.17481  	0.00172  	-0.1614  	0.49432  	0.23742  	0.17183  	0.01722  	-0.4179  	0.01698  	0.05850  	0.13971  	-0.2216  	0.18176  	0.09127  	-0.0256  	0.01051  	-0.0556  	-0.0241  	-0.1611  	-0.1273  	-0.0538  	0.00254  	-0.0244  	-0.0244  	-0.0077  	0.00339  	0.02048  	0.04146  	-0.0420  	-0.0265  	0.04575  	0.01618  	0.00524  	0.20158  	-0.0276  	0.00568  	-0.0014  	0.03522  	0.06434  	0.40137  	267.172  	162.321  	
0.21486  	0.08762  	-0.5151  	0.05456  	0.61511  	-0.8135  	-0.1988  	0.22859  	0.12511  	-0.4425  	-0.3975  	0.85385  	0.16604  	0.04016  	-0.5176  	-0.0427  	0.20814  	-0.0279  	0.60205  	0.19128  	-0.1690  	0.84874  	-0.0214  	0.41089  	0.12050  	0.08914  	0.16799  	-0.4994  	-0.5211  	-0.0679  	-0.0428  	0.18962  	-0.0174  	-0.1810  	0.50839  	0.20690  	0.23006  	0.06235  	-0.4121  	0.03227  	0.06442  	0.09913  	-0.1964  	0.21178  	0.09165  	-0.0139  	0.00113  	-0.0444  	-0.0157  	-0.1696  	-0.1391  	-0.0603  	0.00114  	-0.0264  	-0.0307  	-0.0011  	-6.5186  	0.01117  	0.03953  	-0.0522  	-0.0199  	0.04092  	0.02427  	0.01048  	0.20158  	-0.0276  	0.00568  	-0.0014  	0.03522  	0.06434  	0.40137  	267.172  	162.321  	
0.62546  	0.19372  	-0.2582  	-0.0087  	0.47512  	-0.6890  	-0.2144  	0.27286  	0.19038  	-0.4433  	-0.4152  	0.73139  	0.18044  	-0.0108  	-0.5659  	0.11703  	0.22452  	-0.0573  	0.63693  	0.09626  	-0.0486  	0.92156  	0.03576  	0.39489  	0.22264  	0.06942  	0.29060  	-0.7282  	-0.6440  	-0.0636  	-0.0544  	0.24775  	-0.0144  	-0.1761  	0.59403  	0.13222  	0.40477  	0.14395  	-0.5101  	-0.0353  	0.06491  	0.11244  	-0.1338  	0.22769  	0.07683  	-0.0326  	-7.9675  	-0.0409  	-0.0014  	-0.1698  	-0.1472  	-0.0551  	0.00607  	-0.0170  	-0.0234  	0.00866  	-0.0160  	0.01524  	0.03042  	-0.0520  	-0.0251  	0.05202  	0.02758  	0.00804  	0.20158  	-0.0276  	0.00568  	-0.0014  	0.03522  	0.06434  	0.40137  	267.172  	162.321  	
0.61945  	0.16813  	-0.2486  	0.06353  	0.54852  	-0.6644  	-0.1772  	0.28833  	0.20022  	-0.3867  	-0.3030  	0.74683  	0.14830  	-0.0007  	-0.6677  	0.14814  	0.19101  	-0.1063  	0.63543  	0.12216  	-0.0021  	0.90195  	0.04578  	0.37908  	0.27372  	0.03895  	0.34131  	-0.7117  	-0.6660  	-0.0448  	-0.0897  	0.26899  	-0.0231  	-0.1886  	0.56190  	0.13962  	0.45185  	0.14529  	-0.4754  	-0.0447  	0.04311  	0.09643  	-0.1353  	0.25127  	0.07817  	-0.0335  	-0.0095  	-0.0315  	0.00912  	-0.1739  	-0.1451  	-0.0554  	0.00978  	-0.0171  	-0.0212  	0.00974  	-0.0048  	0.01178  	0.03420  	-0.0470  	-0.0280  	0.04098  	0.02323  	0.00637  	0.20158  	-0.0276  	0.00568  	-0.0014  	0.03522  	0.06434  	0.40137  	267.172  	162.321  	
0.36657  	0.05333  	-0.5380  	0.30907  	0.69768  	-0.7002  	-0.1894  	0.22535  	0.12911  	-0.3685  	-0.4181  	0.80052  	0.18456  	0.06292  	-0.5743  	0.12260  	0.20003  	-0.0654  	0.62855  	0.17860  	-0.1656  	0.93026  	-0.0959  	0.39447  	0.30554  	0.05755  	0.27929  	-0.5489  	-0.5513  	-0.0165  	-0.0817  	0.22192  	-0.0304  	-0.1839  	0.59881  	0.19964  	0.29277  	0.08116  	-0.4834  	0.00922  	0.00516  	0.10631  	-0.1733  	0.22080  	0.09110  	-0.0288  	0.00448  	-0.0673  	-0.0027  	-0.1693  	-0.1405  	-0.0623  	-6.3888  	-0.0241  	-0.0291  	-0.0035  	0.00016  	0.01400  	0.04159  	-0.0424  	-0.0284  	0.04041  	0.02558  	0.00852  	0.20158  	-0.0276  	0.00568  	-0.0014  	0.03522  	0.06434  	0.40137  	267.172  	162.321  	
-0.0707  	-0.0730  	-0.7617  	0.01945  	0.67483  	-1.0745  	-0.2102  	0.03793  	0.06518  	-0.2649  	-0.2838  	0.80726  	0.10255  	-0.1910  	-0.7061  	-0.1269  	0.18162  	0.01105  	0.59567  	0.22947  	-0.2696  	0.86688  	-0.0870  	0.40208  	0.21771  	0.10240  	0.16185  	-0.4447  	-0.5121  	-0.0688  	-0.0246  	0.18981  	-0.0301  	-0.1500  	0.53825  	0.25739  	0.22996  	0.05940  	-0.4598  	0.02056  	0.02412  	0.13182  	-0.2123  	0.19176  	0.09461  	-0.0375  	0.00560  	-0.0686  	-0.0167  	-0.1663  	-0.1374  	-0.0572  	0.00241  	-0.0112  	-0.0277  	-0.0092  	0.00610  	0.01519  	0.04544  	-0.0427  	-0.0320  	0.03870  	0.02138  	0.00748  	0.20158  	-0.0276  	0.00568  	-0.0014  	0.03522  	0.06434  	0.40137  	267.172  	162.321  	
-0.1533  	-0.0478  	-0.6585  	-0.3857  	0.45051  	-1.1157  	-0.2590  	0.14276  	0.01467  	-0.2617  	-0.1501  	0.58546  	0.07627  	-0.3965  	-0.8738  	-0.2151  	0.33612  	-0.1623  	0.67733  	-0.1050  	-0.2081  	0.66655  	-0.2573  	0.34741  	0.17085  	0.21423  	0.19530  	-0.5700  	-0.4317  	-0.1040  	0.08068  	0.15010  	-0.1693  	-0.3445  	0.38399  	0.27331  	0.17351  	0.07915  	-0.5675  	-0.1105  	0.17582  	0.22555  	-0.3142  	0.28332  	0.03379  	-0.0118  	-0.0217  	-0.0663  	-0.0440  	-0.1693  	-0.1299  	-0.0476  	0.01238  	-0.0032  	-0.0147  	-0.0126  	-0.0028  	0.00731  	0.03882  	-0.0366  	-0.0204  	0.04494  	0.01284  	0.01365  	0.20158  	-0.0276  	0.00568  	-0.0014  	0.03522  	0.06434  	0.40137  	267.172  	162.321  	
-0.0833  	-0.0327  	-0.6002  	-0.4043  	0.34535  	-1.0290  	-0.2733  	0.08666  	0.03512  	-0.3612  	-0.2238  	0.55932  	0.06605  	-0.6154  	-0.9043  	-0.2078  	0.42719  	-0.3126  	0.75520  	-0.3511  	-0.1597  	0.47201  	-0.3626  	0.33182  	0.13425  	0.32043  	0.22824  	-0.6617  	-0.3306  	-0.1212  	0.19629  	0.11587  	-0.2579  	-0.4816  	0.26060  	0.24723  	0.10873  	0.07313  	-0.6771  	-0.1417  	0.27268  	0.34050  	-0.3699  	0.39176  	-0.0104  	-0.0033  	-0.0437  	-0.0436  	-0.0556  	-0.1849  	-0.1282  	-0.0455  	0.00896  	0.01413  	-0.0068  	-0.0043  	-0.0083  	-0.0037  	0.03687  	-0.0295  	-0.0176  	0.04006  	0.00170  	0.01738  	0.20158  	-0.0276  	0.00568  	-0.0014  	0.03522  	0.06434  	0.40137  	267.172  	162.321  	
0.16049  	0.00953  	-0.5295  	-0.0860  	0.52374  	-0.9437  	-0.3172  	0.17081  	0.00957  	-0.3645  	-0.3455  	0.71712  	0.13498  	-0.5524  	-0.7946  	-0.1132  	0.41489  	-0.3374  	0.76121  	-0.3456  	-0.2125  	0.41180  	-0.5153  	0.32966  	0.11530  	0.31308  	0.21350  	-0.6127  	-0.3041  	-0.0938  	0.18143  	0.12335  	-0.2810  	-0.5026  	0.29910  	0.25946  	0.05809  	0.06827  	-0.6978  	-0.1399  	0.24148  	0.36100  	-0.3893  	0.40538  	-0.0402  	0.00246  	-0.0439  	-0.0291  	-0.0425  	-0.1953  	-0.1223  	-0.0451  	0.00648  	0.01430  	-0.0009  	-0.0107  	0.00381  	-0.0015  	0.03937  	-0.0408  	-0.0224  	0.03655  	0.00016  	0.00830  	0.20158  	-0.0276  	0.00568  	-0.0014  	0.03522  	0.06434  	0.40137  	267.172  	162.321  	
0.26182  	0.06082  	-0.4537  	-0.0197  	0.59520  	-0.9223  	-0.2652  	0.17799  	0.02695  	-0.2429  	-0.2911  	0.76491  	0.14089  	-0.5174  	-0.8789  	0.03275  	0.33222  	-0.2398  	0.72739  	-0.2400  	-0.2981  	0.47714  	-0.5935  	0.30078  	0.17921  	0.26231  	0.15682  	-0.5299  	-0.2467  	-0.0964  	0.13934  	0.14178  	-0.2504  	-0.4700  	0.33790  	0.33180  	0.03045  	0.06786  	-0.6325  	-0.1061  	0.23986  	0.33410  	-0.3566  	0.39157  	-0.0140  	-0.0026  	-0.0433  	-0.0153  	-0.0245  	-0.2044  	-0.1094  	-0.0505  	0.01489  	0.00110  	0.00555  	-0.0097  	0.00553  	-0.0044  	0.04279  	-0.0329  	-0.0235  	0.03076  	0.00364  	0.01760  	0.20158  	-0.0276  	0.00568  	-0.0014  	0.03522  	0.06434  	0.40137  	267.172  	162.321  	
0.20580  	0.02452  	-0.5105  	-0.1167  	0.50611  	-0.9263  	-0.2392  	0.07786  	0.00528  	-0.2359  	-0.3275  	0.65951  	0.09103  	-0.4973  	-0.9622  	0.06056  	0.26233  	-0.1036  	0.68262  	-0.0754  	-0.3476  	0.67833  	-0.3930  	0.28840  	0.28436  	0.16880  	0.18249  	-0.4998  	-0.3247  	-0.0553  	0.04928  	0.18865  	-0.2017  	-0.3398  	0.38922  	0.38120  	0.11446  	0.05556  	-0.5532  	-0.0470  	0.18189  	0.23622  	-0.2766  	0.31529  	0.03306  	-0.0175  	-0.0268  	-0.0400  	-0.0187  	-0.1889  	-0.1076  	-0.0510  	0.01388  	-0.0101  	-0.0033  	-0.0094  	0.00315  	0.00542  	0.03815  	-0.0382  	-0.0287  	0.02872  	0.02171  	0.01181  	0.20158  	-0.0276  	0.00568  	-0.0014  	0.03522  	0.06434  	0.40137  	267.172  	162.321  	
-0.0680  	-0.0385  	-0.7308  	-0.3487  	0.45131  	-1.0635  	-0.1623  	-0.0139  	0.01878  	-0.2616  	-0.2896  	0.57212  	0.04076  	-0.4026  	-1.0514  	0.01013  	0.22428  	0.01860  	0.60290  	0.18398  	-0.3830  	0.88891  	-0.0538  	0.35617  	0.35841  	0.08869  	0.24161  	-0.4716  	-0.4572  	-0.0427  	-0.0498  	0.20491  	-0.1101  	-0.1629  	0.50150  	0.40496  	0.23204  	0.06910  	-0.4631  	-0.0088  	0.09316  	0.12421  	-0.1976  	0.22345  	0.09084  	-0.0488  	0.00132  	-0.0838  	-0.0020  	-0.1599  	-0.1206  	-0.0539  	0.00247  	-0.0215  	-0.0108  	0.00141  	-0.0011  	0.02088  	0.04466  	-0.0492  	-0.0331  	0.05016  	0.03877  	0.00803  	0.20158  	-0.0276  	0.00568  	-0.0014  	0.03522  	0.06434  	0.40137  	267.172  	162.321  	
-0.4390  	-0.1872  	-0.8037  	-0.6937  	0.33014  	-1.2574  	-0.2404  	-0.0159  	0.02869  	-0.2347  	0.00381  	0.52080  	-0.0066  	-0.4487  	-1.0025  	-0.2043  	0.25003  	-0.1042  	0.61443  	0.15617  	-0.1951  	0.84929  	0.07425  	0.41903  	0.21844  	0.13329  	0.24264  	-0.5839  	-0.6047  	-0.1209  	0.01577  	0.20254  	-0.0529  	-0.1850  	0.46941  	0.25595  	0.30920  	0.08338  	-0.5078  	-0.0591  	0.06080  	0.11727  	-0.2061  	0.21480  	0.09868  	-0.0370  	0.00310  	-0.0985  	-0.0206  	-0.1580  	-0.1513  	-0.0584  	0.00507  	-0.0173  	-0.0176  	-0.0138  	-0.0035  	0.01934  	0.03285  	-0.0447  	-0.0149  	0.05432  	0.03398  	0.00902  	0.20158  	-0.0276  	0.00568  	-0.0014  	0.03522  	0.06434  	0.40137  	267.172  	162.321  	
-0.2021  	-0.0877  	-0.6495  	-0.4275  	0.39644  	-1.1720  	-0.2526  	0.14537  	0.08130  	-0.2779  	-0.0114  	0.62959  	0.01857  	-0.2512  	-0.8441  	-0.2306  	0.27779  	-0.1739  	0.60749  	0.12640  	-0.0741  	0.86218  	0.05169  	0.48708  	0.16748  	0.10335  	0.30288  	-0.7003  	-0.6988  	-0.1181  	-0.0269  	0.20404  	-0.0523  	-0.1988  	0.52216  	0.17850  	0.39788  	0.07516  	-0.5084  	-0.0468  	0.05008  	0.13506  	-0.2379  	0.21058  	0.08266  	-0.0258  	0.00709  	-0.0862  	-0.0235  	-0.1656  	-0.1444  	-0.0562  	-0.0053  	-0.0213  	-0.0331  	-0.0034  	-0.0103  	0.01482  	0.03297  	-0.0524  	-0.0168  	0.05951  	0.02261  	0.00496  	0.20158  	-0.0276  	0.00568  	-0.0014  	0.03522  	0.06434  	0.40137  	267.172  	162.321  	
0.31365  	0.05349  	-0.4233  	-0.0334  	0.61627  	-0.8820  	-0.2296  	0.25746  	0.13968  	-0.3430  	-0.3508  	0.70133  	0.18186  	0.03914  	-0.5438  	-0.0383  	0.24707  	-0.0912  	0.62606  	0.07649  	-0.0933  	0.83936  	0.01917  	0.51650  	0.06721  	0.14984  	0.31732  	-0.7075  	-0.7448  	-0.0635  	0.02248  	0.22336  	0.02439  	-0.1927  	0.56918  	0.12609  	0.31917  	0.09720  	-0.4968  	0.01168  	0.06099  	0.11921  	-0.1801  	0.23747  	0.08543  	-0.0323  	0.01433  	-0.0545  	-0.0231  	-0.1666  	-0.1599  	-0.0520  	-0.0231  	-0.0329  	-0.0416  	-0.0131  	-0.0094  	0.01435  	0.00739  	-0.0577  	-0.0159  	0.04772  	0.01876  	-0.0015  	0.20158  	-0.0276  	0.00568  	-0.0014  	0.03522  	0.06434  	0.40137  	267.172  	162.321  	
0.71388  	0.13729  	-0.2663  	0.08948  	0.60944  	-0.6318  	-0.1996  	0.20179  	0.15720  	-0.3839  	-0.7190  	0.62377  	0.27861  	0.14908  	-0.3221  	-0.1678  	0.26625  	-0.1546  	0.58322  	-0.0264  	-0.1821  	0.96156  	0.06970  	0.44358  	0.21262  	0.08510  	0.39256  	-0.7718  	-0.6505  	-0.0180  	-0.0115  	0.22180  	-0.0178  	-0.1789  	0.57876  	0.16035  	0.34503  	0.10569  	-0.4895  	0.00988  	0.05322  	0.10688  	-0.1415  	0.25807  	0.06030  	-0.0375  	0.00446  	-0.0209  	0.00634  	-0.1613  	-0.1439  	-0.0476  	0.00058  	-0.0204  	-0.0229  	0.00746  	-0.0217  	0.00071  	0.03156  	-0.0511  	-0.0211  	0.06230  	0.03164  	0.00189  	0.20158  	-0.0276  	0.00568  	-0.0014  	0.03522  	0.06434  	0.40137  	267.172  	162.321  	
0.72460  	0.19124  	-0.2859  	0.06402  	0.58220  	-0.6370  	-0.0608  	0.24400  	0.14558  	-0.2916  	-0.8375  	0.41038  	0.29779  	0.17231  	-0.3355  	-0.2535  	0.26914  	-0.1519  	0.61981  	-0.1527  	-0.2445  	1.10692  	0.13845  	0.42733  	0.42507  	0.04496  	0.49892  	-0.7880  	-0.5112  	0.02471  	-0.0382  	0.21744  	-0.0578  	-0.1905  	0.52415  	0.15452  	0.36652  	0.08650  	-0.4695  	0.03388  	-0.0133  	0.12445  	-0.1357  	0.24057  	0.05045  	-0.0354  	-0.0174  	-0.0010  	0.02094  	-0.1843  	-0.1385  	-0.0540  	0.00216  	-0.0213  	-0.0289  	0.02736  	-0.0268  	0.00567  	0.03245  	-0.0344  	-0.0187  	0.05843  	0.02954  	-0.0036  	0.20158  	-0.0276  	0.00568  	-0.0014  	0.03522  	0.06434  	0.40137  	267.172  	162.321  	
0.25489  	0.07303  	-0.5506  	-0.0443  	0.58296  	-0.8420  	-0.1354  	0.19388  	0.05898  	-0.3791  	-0.4971  	0.52929  	0.18864  	0.05351  	-0.4932  	-0.1335  	0.23790  	-0.1183  	0.55717  	0.08489  	-0.1085  	0.95949  	-0.0515  	0.55832  	0.31911  	0.03306  	0.48838  	-0.7692  	-0.6259  	-0.0163  	-0.0348  	0.20732  	-0.0546  	-0.1897  	0.68831  	0.19751  	0.36590  	0.06487  	-0.5421  	0.10129  	-0.0398  	0.17272  	-0.2253  	0.21339  	0.07147  	-0.0322  	-0.0067  	-0.0714  	-0.0289  	-0.1609  	-0.1226  	-0.0641  	-0.0145  	-0.0171  	-0.0376  	0.01416  	-0.0110  	0.00200  	0.03488  	-0.0505  	-0.0267  	0.05781  	0.01198  	0.00401  	0.20158  	-0.0276  	0.00568  	-0.0014  	0.03522  	0.06434  	0.40137  	267.172  	162.321  	
-0.2047  	-0.1863  	-0.8366  	-0.2312  	0.47501  	-1.0598  	-0.2484  	0.13737  	0.05808  	-0.3057  	-0.1416  	0.55545  	0.06277  	-0.3280  	-0.7341  	-0.1296  	0.21136  	-0.0486  	0.58565  	0.23280  	-0.1478  	0.85114  	-0.0230  	0.37476  	0.13214  	0.10296  	0.17457  	-0.6016  	-0.6494  	-0.0975  	-0.0307  	0.22570  	-0.0430  	-0.1788  	0.62884  	0.21043  	0.30079  	0.06968  	-0.5086  	0.02739  	-0.0119  	0.13327  	-0.2141  	0.21213  	0.10588  	-0.0259  	0.01542  	-0.0975  	-0.0406  	-0.1491  	-0.1374  	-0.0492  	0.00107  	-0.0174  	-0.0177  	-0.0128  	-0.0060  	0.01255  	0.03087  	-0.0441  	-0.0272  	0.05146  	0.01756  	0.01433  	0.20158  	-0.0276  	0.00568  	-0.0014  	0.03522  	0.06434  	0.40137  	267.172  	162.321  	
-0.2870  	-0.1320  	-0.8408  	-0.4504  	0.46074  	-1.2086  	-0.2254  	0.10004  	0.06635  	-0.2327  	-0.0176  	0.63811  	0.02500  	-0.4119  	-0.9892  	-0.1698  	0.19904  	-0.0510  	0.58311  	0.21129  	-0.2084  	0.87336  	0.03037  	0.36284  	0.14037  	0.11978  	0.21622  	-0.5495  	-0.5829  	-0.1099  	-0.0181  	0.17680  	-0.0315  	-0.1839  	0.52148  	0.22879  	0.29244  	0.07789  	-0.4746  	-0.0157  	0.04688  	0.12948  	-0.2131  	0.20566  	0.09329  	-0.0377  	0.01072  	-0.0874  	-0.0174  	-0.1607  	-0.1327  	-0.0535  	-0.0007  	-0.0195  	-0.0194  	-0.0101  	-0.0001  	0.01753  	0.03484  	-0.0455  	-0.0242  	0.04128  	0.03030  	0.01402  	0.20158  	-0.0276  	0.00568  	-0.0014  	0.03522  	0.06434  	0.40137  	267.172  	162.321  	
-0.1434  	-0.0895  	-0.7397  	-0.3970  	0.40344  	-1.1794  	-0.2469  	0.12950  	0.05391  	-0.2284  	-0.1207  	0.62256  	0.05460  	-0.3020  	-0.9338  	-0.2098  	0.24434  	-0.0410  	0.61316  	0.19569  	-0.2273  	0.87625  	0.03245  	0.38002  	0.24297  	0.09997  	0.18958  	-0.5426  	-0.5419  	-0.1068  	-0.0211  	0.17699  	-0.0440  	-0.1856  	0.45982  	0.26247  	0.26713  	0.07069  	-0.4323  	-0.0240  	0.06500  	0.12453  	-0.2070  	0.20512  	0.09493  	-0.0327  	0.01283  	-0.0810  	-0.0201  	-0.1690  	-0.1400  	-0.0573  	-0.0007  	-0.0239  	-0.0236  	-0.0134  	-0.0014  	0.01898  	0.03864  	-0.0462  	-0.0226  	0.04076  	0.03368  	0.01495  	0.20158  	-0.0276  	0.00568  	-0.0014  	0.03522  	0.06434  	0.40137  	267.172  	162.321  	
0.03583  	-0.0235  	-0.6053  	-0.3716  	0.38296  	-0.9998  	-0.2190  	0.11664  	0.06568  	-0.2765  	-0.2746  	0.60572  	0.09785  	-0.2386  	-0.7790  	-0.1884  	0.26501  	-0.0432  	0.59292  	0.12988  	-0.2123  	0.92716  	0.05203  	0.37657  	0.28912  	0.09349  	0.28454  	-0.6136  	-0.5673  	-0.0800  	-0.0119  	0.17504  	-0.0588  	-0.1779  	0.46285  	0.23231  	0.29625  	0.08113  	-0.4693  	0.02140  	0.10890  	0.09267  	-0.1640  	0.23111  	0.08981  	-0.0423  	0.00974  	-0.0703  	-0.0258  	-0.1617  	-0.1365  	-0.0552  	0.00643  	-0.0171  	-0.0287  	-0.0084  	-0.0027  	0.00830  	0.03571  	-0.0397  	-0.0232  	0.05319  	0.02704  	0.00925  	0.20158  	-0.0276  	0.00568  	-0.0014  	0.03522  	0.06434  	0.40137  	267.172  	162.321  	
0.29974  	0.03569  	-0.4983  	-0.1556  	0.48932  	-0.7792  	-0.2552  	0.14820  	0.09068  	-0.3284  	-0.3568  	0.64209  	0.08251  	-0.3117  	-0.8703  	0.05798  	0.22353  	-0.0122  	0.64204  	0.15779  	-0.2626  	0.89193  	0.02366  	0.29969  	0.23023  	0.08573  	0.17432  	-0.5240  	-0.5372  	-0.0807  	-0.0532  	0.19790  	-0.0494  	-0.1810  	0.45372  	0.25636  	0.32387  	0.10485  	-0.4712  	0.01322  	0.13167  	0.08061  	-0.1302  	0.24295  	0.08311  	-0.0426  	0.00175  	-0.0641  	-0.0083  	-0.1729  	-0.1370  	-0.0538  	0.00352  	-0.0190  	-0.0197  	0.00173  	-0.0021  	0.01175  	0.03370  	-0.0485  	-0.0312  	0.04223  	0.03004  	0.01318  	0.20158  	-0.0276  	0.00568  	-0.0014  	0.03522  	0.06434  	0.40137  	267.172  	162.321  	
0.29173  	0.04982  	-0.5046  	-0.1391  	0.48495  	-0.8326  	-0.2324  	0.12130  	0.11198  	-0.2654  	-0.3154  	0.68875  	0.09126  	-0.2784  	-0.8761  	-0.0143  	0.19336  	-0.0150  	0.59882  	0.17487  	-0.2740  	0.87439  	-0.0290  	0.28568  	0.19665  	0.09278  	0.17451  	-0.4587  	-0.4668  	-0.0828  	-0.0368  	0.20648  	-0.0389  	-0.1713  	0.47095  	0.29103  	0.25727  	0.08125  	-0.4606  	0.01996  	0.11167  	0.10437  	-0.1496  	0.23819  	0.07058  	-0.0419  	0.00797  	-0.0501  	-0.0141  	-0.1720  	-0.1316  	-0.0563  	0.00404  	-0.0218  	-0.0211  	-0.0020  	0.00268  	0.01484  	0.03985  	-0.0490  	-0.0288  	0.04305  	0.03865  	0.01397  	0.20158  	-0.0276  	0.00568  	-0.0014  	0.03522  	0.06434  	0.40137  	267.172  	162.321  	
0.25167  	0.03002  	-0.5362  	-0.1162  	0.48086  	-0.8214  	-0.2373  	0.08612  	0.07122  	-0.3240  	-0.2636  	0.65436  	0.02823  	-0.2528  	-0.8543  	0.03736  	0.18711  	-0.0414  	0.62808  	0.11433  	-0.2015  	0.88957  	0.01082  	0.36378  	0.21578  	0.06340  	0.26644  	-0.5559  	-0.5477  	-0.0685  	-0.0584  	0.23409  	-0.0641  	-0.1754  	0.55856  	0.31186  	0.34232  	0.08893  	-0.5192  	-0.0104  	0.06559  	0.11183  	-0.1762  	0.22588  	0.08349  	-0.0387  	0.00605  	-0.0632  	-0.0122  	-0.1688  	-0.1295  	-0.0588  	0.00371  	-0.0184  	-0.0168  	0.00093  	0.00266  	0.01603  	0.03759  	-0.0464  	-0.0293  	0.03961  	0.03960  	0.01097  	0.20158  	-0.0276  	0.00568  	-0.0014  	0.03522  	0.06434  	0.40137  	267.172  	162.321  	
0.27458  	0.03319  	-0.5171  	-0.0934  	0.50382  	-0.8131  	-0.2394  	0.10155  	0.06811  	-0.3293  	-0.2879  	0.64620  	0.03880  	-0.2077  	-0.7927  	0.02584  	0.17891  	-0.0629  	0.63515  	0.09822  	-0.1954  	0.89480  	0.03327  	0.37813  	0.21487  	0.06772  	0.26268  	-0.5933  	-0.6064  	-0.0778  	-0.0567  	0.23447  	-0.0641  	-0.1750  	0.58591  	0.28907  	0.36235  	0.09555  	-0.5348  	-0.0176  	0.05797  	0.11340  	-0.1889  	0.22402  	0.08670  	-0.0387  	0.00928  	-0.0619  	-0.0079  	-0.1670  	-0.1316  	-0.0554  	0.00575  	-0.0183  	-0.0160  	1.41491  	-0.0013  	0.01706  	0.03351  	-0.0488  	-0.0322  	0.04706  	0.03436  	0.00703  	0.20158  	-0.0276  	0.00568  	-0.0014  	0.03522  	0.06434  	0.40137  	267.172  	162.321  	
0.34648  	0.07231  	-0.4574  	-0.0931  	0.47943  	-0.7725  	-0.2349  	0.13528  	0.08027  	-0.3468  	-0.2544  	0.62968  	0.03910  	-0.1835  	-0.7316  	0.03544  	0.18527  	-0.0712  	0.62678  	0.07537  	-0.1202  	0.88890  	0.05867  	0.41657  	0.20299  	0.08302  	0.28347  	-0.6821  	-0.6607  	-0.1032  	-0.0487  	0.25681  	-0.0567  	-0.1827  	0.62408  	0.23507  	0.39488  	0.11879  	-0.5476  	-0.0186  	0.05726  	0.10339  	-0.1741  	0.23015  	0.08445  	-0.0348  	0.01127  	-0.0679  	-0.0156  	-0.1652  	-0.1348  	-0.0514  	0.00625  	-0.0203  	-0.0183  	-0.0018  	-0.0022  	0.01502  	0.03040  	-0.0484  	-0.0257  	0.04756  	0.02958  	0.01141  	0.20158  	-0.0276  	0.00568  	-0.0014  	0.03522  	0.06434  	0.40137  	267.172  	162.321  	
0.50670  	0.14954  	-0.3659  	-0.0346  	0.47443  	-0.6676  	-0.2295  	0.23628  	0.13806  	-0.4279  	-0.2518  	0.62937  	0.09195  	-0.0982  	-0.6061  	0.04724  	0.22680  	-0.1230  	0.62302  	0.01458  	0.03208  	0.89211  	0.09654  	0.48470  	0.16631  	0.06769  	0.35422  	-0.8346  	-0.7927  	-0.1091  	-0.0420  	0.27625  	-0.0432  	-0.1858  	0.68051  	0.15581  	0.48141  	0.15945  	-0.5789  	-0.0452  	0.05407  	0.12299  	-0.1655  	0.21307  	0.07493  	-0.0280  	0.00143  	-0.0626  	-0.0122  	-0.1488  	-0.1409  	-0.0483  	0.01077  	-0.0100  	-0.0152  	0.00244  	-0.0082  	0.01347  	0.03621  	-0.0435  	-0.0240  	0.04905  	0.01969  	0.00510  	0.20158  	-0.0276  	0.00568  	-0.0014  	0.03522  	0.06434  	0.40137  	267.172  	162.321  	
0.51520  	0.15902  	-0.3650  	-0.0067  	0.47494  	-0.6755  	-0.2168  	0.26634  	0.15795  	-0.4516  	-0.2460  	0.65298  	0.10742  	-0.0433  	-0.5751  	0.04397  	0.22861  	-0.1292  	0.60621  	0.00580  	0.04327  	0.87903  	0.08367  	0.46466  	0.15123  	0.06519  	0.36413  	-0.8219  	-0.7887  	-0.1025  	-0.0517  	0.27815  	-0.0302  	-0.1820  	0.67933  	0.12671  	0.47960  	0.16881  	-0.5873  	-0.0652  	0.05159  	0.11265  	-0.1672  	0.21934  	0.07436  	-0.0305  	0.00163  	-0.0685  	-0.0127  	-0.1574  	-0.1498  	-0.0510  	0.01126  	-0.0124  	-0.0195  	0.00497  	-0.0106  	0.01481  	0.03096  	-0.0492  	-0.0194  	0.05276  	0.02383  	0.00614  	0.20158  	-0.0276  	0.00568  	-0.0014  	0.03522  	0.06434  	0.40137  	267.172  	162.321  	
0.36298  	0.14978  	-0.4384  	-0.0806  	0.48078  	-0.8136  	-0.2250  	0.20588  	0.18380  	-0.3228  	-0.2390  	0.73034  	0.16585  	-0.0477  	-0.7688  	0.10025  	0.20170  	-0.0408  	0.57646  	0.17482  	-0.1235  	0.84548  	-0.0127  	0.36289  	0.14122  	0.11107  	0.16117  	-0.5650  	-0.6397  	-0.1068  	-0.0090  	0.21323  	0.03381  	-0.1799  	0.55400  	0.16629  	0.30193  	0.09690  	-0.4774  	-0.0310  	0.10652  	0.10449  	-0.1502  	0.19375  	0.08151  	-0.0264  	0.00796  	-0.0596  	-0.0145  	-0.1534  	-0.1370  	-0.0577  	0.01451  	-0.0199  	-0.0220  	-0.0032  	-0.0106  	0.01625  	0.03379  	-0.0491  	-0.0205  	0.05625  	0.02828  	0.01192  	0.20158  	-0.0276  	0.00568  	-0.0014  	0.03522  	0.06434  	0.40137  	267.172  	162.321  	
-0.0750  	-0.0766  	-0.7589  	-0.3887  	0.41582  	-1.1239  	-0.2402  	0.02777  	0.10594  	-0.2020  	-0.1504  	0.67634  	0.10230  	-0.2913  	-1.0843  	-0.0187  	0.21351  	-0.0147  	0.60747  	0.19050  	-0.3596  	0.83164  	-0.0216  	0.30749  	0.11893  	0.16631  	0.05449  	-0.4229  	-0.5700  	-0.1577  	0.03411  	0.18432  	-0.0219  	-0.1843  	0.42243  	0.26629  	0.21199  	0.05775  	-0.4351  	-0.0364  	0.16685  	0.10437  	-0.1499  	0.21776  	0.06950  	-0.0440  	0.01065  	-0.0477  	-0.0032  	-0.1446  	-0.1379  	-0.0564  	0.00293  	-0.0210  	-0.0111  	-0.0055  	0.00020  	0.01919  	0.03232  	-0.0469  	-0.0169  	0.04978  	0.04808  	0.01652  	0.20158  	-0.0276  	0.00568  	-0.0014  	0.03522  	0.06434  	0.40137  	267.172  	162.321  	
-0.1867  	-0.1116  	-0.8184  	-0.3894  	0.50155  	-1.1984  	-0.2043  	0.00175  	0.06795  	-0.2565  	-0.1253  	0.60950  	0.04178  	-0.3583  	-1.0243  	-0.1630  	0.21825  	0.00137  	0.57753  	0.20814  	-0.3091  	0.84481  	-0.0679  	0.36048  	0.23586  	0.12617  	0.08510  	-0.4287  	-0.4629  	-0.1128  	-0.0324  	0.17337  	-0.0374  	-0.1729  	0.42367  	0.29270  	0.19933  	0.04900  	-0.4373  	-0.0067  	0.09266  	0.10911  	-0.1821  	0.20109  	0.09449  	-0.0373  	0.00396  	-0.0616  	-0.0193  	-0.1628  	-0.1284  	-0.0509  	0.00401  	-0.0222  	-0.0180  	-0.0058  	0.00368  	0.01495  	0.03634  	-0.0426  	-0.0233  	0.04559  	0.02397  	0.01112  	0.20158  	-0.0276  	0.00568  	-0.0014  	0.03522  	0.06434  	0.40137  	267.172  	162.321  	
0.03600  	-0.0140  	-0.5966  	-0.3562  	0.37425  	-0.9636  	-0.2358  	0.08373  	0.08420  	-0.3285  	-0.2466  	0.56751  	0.01005  	-0.3458  	-0.9649  	-0.0925  	0.25847  	-0.0251  	0.61229  	0.11953  	-0.2495  	0.87196  	0.08345  	0.38062  	0.22040  	0.11994  	0.24189  	-0.5563  	-0.5138  	-0.0831  	-0.0329  	0.21078  	-0.0627  	-0.1828  	0.43135  	0.27573  	0.30581  	0.08337  	-0.4712  	-0.0176  	0.14111  	0.08931  	-0.1645  	0.24487  	0.08368  	-0.0413  	0.00860  	-0.0653  	-0.0190  	-0.1653  	-0.1349  	-0.0615  	0.00898  	-0.0234  	-0.0189  	-0.0077  	-0.0002  	0.01935  	0.03874  	-0.0452  	-0.0277  	0.04632  	0.03180  	0.01997  	0.20158  	-0.0276  	0.00568  	-0.0014  	0.03522  	0.06434  	0.40137  	267.172  	162.321  	
0.18859  	0.00116  	-0.5537  	-0.1907  	0.47432  	-0.8298  	-0.2495  	0.07878  	0.06549  	-0.3108  	-0.3251  	0.66903  	0.03922  	-0.3857  	-0.9195  	-0.0037  	0.24052  	-0.0131  	0.61680  	0.14541  	-0.2759  	0.87805  	0.04725  	0.33504  	0.23456  	0.09663  	0.19204  	-0.5044  	-0.4982  	-0.0772  	-0.0473  	0.21752  	-0.0642  	-0.1853  	0.44230  	0.27054  	0.28704  	0.08423  	-0.4640  	0.02598  	0.13163  	0.08359  	-0.1513  	0.24828  	0.08103  	-0.0465  	-0.0012  	-0.0665  	-0.0108  	-0.1732  	-0.1407  	-0.0549  	0.00092  	-0.0222  	-0.0153  	-0.0026  	0.00401  	0.01698  	0.03379  	-0.0601  	-0.0268  	0.04514  	0.03495  	0.01390  	0.20158  	-0.0276  	0.00568  	-0.0014  	0.03522  	0.06434  	0.40137  	267.172  	162.321  	
0.21863  	0.02445  	-0.5095  	-0.1430  	0.51127  	-0.8592  	-0.2498  	0.10372  	0.07931  	-0.2299  	-0.2352  	0.70180  	0.03726  	-0.3102  	-0.9922  	0.09280  	0.18621  	-0.0118  	0.61379  	0.16899  	-0.2528  	0.86820  	-0.0294  	0.33355  	0.22217  	0.07933  	0.19999  	-0.5052  	-0.5071  	-0.0726  	-0.0518  	0.22899  	-0.0615  	-0.1800  	0.51092  	0.32231  	0.31166  	0.07390  	-0.4874  	0.01567  	0.09092  	0.09468  	-0.1594  	0.23827  	0.08632  	-0.0355  	0.00705  	-0.0578  	-0.0077  	-0.1749  	-0.1249  	-0.0597  	0.00809  	-0.0269  	-0.0168  	-0.0012  	0.00447  	0.01840  	0.03658  	-0.0506  	-0.0289  	0.03426  	0.03646  	0.01532  	0.20158  	-0.0276  	0.00568  	-0.0014  	0.03522  	0.06434  	0.40137  	267.172  	162.321  	
0.26002  	0.02402  	-0.4893  	-0.1406  	0.47776  	-0.8397  	-0.2582  	0.09984  	0.08382  	-0.2646  	-0.1994  	0.68854  	0.02252  	-0.2835  	-0.9709  	0.08809  	0.19307  	-0.0338  	0.64418  	0.13485  	-0.2220  	0.89372  	-0.0013  	0.37041  	0.25577  	0.06262  	0.26427  	-0.5677  	-0.5863  	-0.0640  	-0.0658  	0.24536  	-0.0703  	-0.1833  	0.56632  	0.30779  	0.36122  	0.09105  	-0.5209  	-0.0202  	0.07199  	0.09809  	-0.1607  	0.22448  	0.09211  	-0.0406  	0.01178  	-0.0603  	-0.0048  	-0.1727  	-0.1202  	-0.0587  	0.00581  	-0.0208  	-0.0144  	0.00141  	0.00271  	0.01892  	0.03175  	-0.0473  	-0.0271  	0.03480  	0.03363  	0.00966  	0.20158  	-0.0276  	0.00568  	-0.0014  	0.03522  	0.06434  	0.40137  	267.172  	162.321  	
0.25803  	0.02077  	-0.5214  	-0.1198  	0.49967  	-0.8367  	-0.2317  	0.06847  	0.08503  	-0.2995  	-0.2646  	0.66999  	0.04412  	-0.2677  	-0.9441  	0.06936  	0.20854  	-0.0365  	0.64274  	0.13957  	-0.2327  	0.87808  	-0.0336  	0.36026  	0.25530  	0.07726  	0.23114  	-0.5232  	-0.5618  	-0.0550  	-0.0686  	0.23704  	-0.0664  	-0.1818  	0.55063  	0.30811  	0.33560  	0.08164  	-0.4967  	-0.0024  	0.06776  	0.11653  	-0.1742  	0.22554  	0.09300  	-0.0307  	0.00132  	-0.0625  	-0.0063  	-0.1604  	-0.1190  	-0.0559  	0.00508  	-0.0175  	-0.0158  	0.00290  	-0.0013  	0.02019  	0.03301  	-0.0444  	-0.0346  	0.03413  	0.02856  	0.00828  	0.20158  	-0.0276  	0.00568  	-0.0014  	0.03522  	0.06434  	0.40137  	267.172  	162.321  	
0.07228  	-0.0230  	-0.6363  	-0.0261  	0.60581  	-0.8981  	-0.2333  	0.05330  	0.04247  	-0.3392  	-0.3228  	0.70305  	0.02724  	-0.2915  	-0.7706  	-0.0322  	0.20698  	-0.0165  	0.63591  	0.18394  	-0.2599  	0.88388  	-0.1037  	0.40861  	0.27862  	0.09069  	0.24692  	-0.4503  	-0.4828  	-0.0466  	-0.0579  	0.22091  	-0.0796  	-0.1747  	0.52523  	0.32963  	0.26507  	0.06307  	-0.4869  	0.00910  	0.03633  	0.12434  	-0.1990  	0.21883  	0.08808  	-0.0420  	-0.0030  	-0.0723  	-0.0116  	-0.1713  	-0.1224  	-0.0613  	0.00522  	-0.0226  	-0.0117  	-0.0025  	0.01688  	0.02393  	0.03918  	-0.0530  	-0.0271  	0.03746  	0.03710  	0.01581  	0.20158  	-0.0276  	0.00568  	-0.0014  	0.03522  	0.06434  	0.40137  	267.172  	162.321  	
0.24139  	0.02425  	-0.5721  	0.14468  	0.68542  	-0.8061  	-0.2433  	0.12360  	0.10096  	-0.4520  	-0.4958  	0.80186  	0.09544  	-0.0870  	-0.4606  	-0.0876  	0.24340  	-0.0595  	0.60055  	0.13388  	-0.2258  	0.91040  	0.00197  	0.40758  	0.20136  	0.09139  	0.25138  	-0.4596  	-0.5140  	-0.0373  	-0.0611  	0.20803  	-0.0614  	-0.1674  	0.54424  	0.22019  	0.26425  	0.05795  	-0.5049  	-0.0016  	0.03196  	0.11188  	-0.1998  	0.21596  	0.09414  	-0.0278  	0.01012  	-0.0685  	-0.0157  	-0.1760  	-0.1236  	-0.0569  	0.00011  	-0.0254  	-0.0263  	8.77906  	0.00912  	0.01623  	0.04759  	-0.0505  	-0.0282  	0.04443  	0.02223  	0.00729  	0.20158  	-0.0276  	0.00568  	-0.0014  	0.03522  	0.06434  	0.40137  	267.172  	162.321  	
0.41346  	0.09584  	-0.4752  	0.08870  	0.64845  	-0.7406  	-0.2116  	0.19625  	0.11673  	-0.3720  	-0.5490  	0.69375  	0.15896  	-0.0450  	-0.5205  	-0.0468  	0.26983  	-0.0684  	0.61237  	0.09188  	-0.2172  	0.92796  	-0.0071  	0.40388  	0.26473  	0.07711  	0.25275  	-0.5778  	-0.5452  	-0.0717  	-0.0597  	0.21836  	-0.0330  	-0.1814  	0.55391  	0.20182  	0.29527  	0.08911  	-0.4777  	0.02610  	0.04038  	0.09395  	-0.1479  	0.23832  	0.07545  	-0.0395  	0.01286  	-0.0630  	-0.0084  	-0.1644  	-0.1228  	-0.0602  	0.00123  	-0.0248  	-0.0215  	0.00411  	-0.0018  	0.00704  	0.04124  	-0.0419  	-0.0297  	0.05151  	0.02244  	0.01048  	0.20158  	-0.0276  	0.00568  	-0.0014  	0.03522  	0.06434  	0.40137  	267.172  	162.321  	
0.39817  	0.08737  	-0.5089  	0.15083  	0.68613  	-0.7299  	-0.1724  	0.17492  	0.10679  	-0.3407  	-0.5352  	0.65941  	0.16089  	-0.0289  	-0.5303  	0.02003  	0.21686  	-0.0429  	0.62154  	0.11757  	-0.2689  	0.91836  	-0.0770  	0.34358  	0.31679  	0.07729  	0.24544  	-0.5345  	-0.4535  	-0.0357  	-0.0784  	0.20747  	-0.0221  	-0.1750  	0.55168  	0.23295  	0.24507  	0.07652  	-0.4554  	0.02538  	0.06240  	0.10849  	-0.1592  	0.23356  	0.08512  	-0.0362  	0.00678  	-0.0610  	-0.0123  	-0.1674  	-0.1266  	-0.0601  	0.00456  	-0.0207  	-0.0181  	-0.0011  	-0.0039  	0.01533  	0.03864  	-0.0496  	-0.0337  	0.04824  	0.02382  	0.00987  	0.20158  	-0.0276  	0.00568  	-0.0014  	0.03522  	0.06434  	0.40137  	267.172  	162.321  	
0.15280  	0.01613  	-0.6390  	0.01034  	0.66293  	-0.8867  	-0.2003  	0.09074  	0.08596  	-0.3757  	-0.4031  	0.68665  	0.08490  	-0.1414  	-0.6707  	-0.0533  	0.22619  	-0.0567  	0.61419  	0.12033  	-0.1992  	0.91777  	-0.0653  	0.43223  	0.32088  	0.06792  	0.31907  	-0.5723  	-0.5436  	-0.0350  	-0.0840  	0.23078  	-0.0658  	-0.1929  	0.57870  	0.26625  	0.30888  	0.08056  	-0.4993  	0.03282  	0.01128  	0.13531  	-0.2125  	0.21712  	0.08801  	-0.0318  	0.00767  	-0.0726  	-0.0006  	-0.1737  	-0.1325  	-0.0579  	0.00189  	-0.0134  	-0.0237  	-0.0022  	0.00299  	0.02183  	0.04658  	-0.0391  	-0.0285  	0.03782  	0.02539  	0.01251  	0.20158  	-0.0276  	0.00568  	-0.0014  	0.03522  	0.06434  	0.40137  	267.172  	162.321  	
0.17776  	-0.0213  	-0.5935  	-0.0674  	0.55407  	-0.8229  	-0.2666  	0.06270  	0.07812  	-0.3558  	-0.3860  	0.62705  	0.04685  	-0.3370  	-0.8336  	0.01847  	0.21921  	-0.0545  	0.62634  	0.10784  	-0.2806  	0.88087  	-0.0107  	0.36427  	0.30212  	0.08928  	0.27355  	-0.5271  	-0.5289  	-0.0202  	-0.0751  	0.23633  	-0.0908  	-0.1772  	0.48188  	0.30629  	0.28263  	0.08689  	-0.4761  	0.00483  	0.04839  	0.09891  	-0.1951  	0.22557  	0.07588  	-0.0414  	0.00556  	-0.0685  	-0.0143  	-0.1678  	-0.1230  	-0.0546  	0.00626  	-0.0190  	-0.0152  	-0.0032  	0.00875  	0.02084  	0.04017  	-0.0527  	-0.0331  	0.03379  	0.03360  	0.01156  	0.20158  	-0.0276  	0.00568  	-0.0014  	0.03522  	0.06434  	0.40137  	267.172  	162.321  	
0.30614  	0.03091  	-0.5149  	0.05991  	0.64469  	-0.8273  	-0.2223  	0.05594  	0.05243  	-0.2545  	-0.4340  	0.70929  	0.07685  	-0.3822  	-0.9229  	0.14319  	0.18889  	0.00913  	0.63174  	0.20939  	-0.4325  	0.87948  	-0.1173  	0.34164  	0.33587  	0.06945  	0.22520  	-0.4103  	-0.4155  	-0.0151  	-0.0708  	0.21994  	-0.0913  	-0.1788  	0.46386  	0.37734  	0.18012  	0.06953  	-0.4235  	0.05791  	0.06675  	0.11888  	-0.1495  	0.24071  	0.09518  	-0.0340  	0.00387  	-0.0433  	0.00293  	-0.1763  	-0.1178  	-0.0565  	0.01348  	-0.0320  	-0.0137  	-0.0073  	0.00883  	0.01971  	0.04080  	-0.0444  	-0.0352  	0.02914  	0.04181  	0.01385  	0.20158  	-0.0276  	0.00568  	-0.0014  	0.03522  	0.06434  	0.40137  	267.172  	162.321  	
0.32941  	0.00324  	-0.4871  	0.06293  	0.60984  	-0.7966  	-0.2024  	0.06746  	0.06165  	-0.2740  	-0.3835  	0.70529  	0.05245  	-0.3902  	-0.8767  	0.17254  	0.19071  	-0.0238  	0.644  	0.17369  	-0.3297  	0.88011  	-0.1289  	0.37495  	0.36840  	0.05570  	0.33069  	-0.4628  	-0.4886  	-0.0199  	-0.0981  	0.26687  	-0.1052  	-0.1869  	0.53210  	0.39290  	0.26639  	0.09846  	-0.4662  	0.02166  	0.03217  	0.12487  	-0.1693  	0.23883  	0.09150  	-0.0409  	-0.0072  	-0.0524  	0.00228  	-0.1744  	-0.1154  	-0.0590  	0.01238  	-0.0210  	-0.0112  	-0.0009  	0.01139  	0.01985  	0.04226  	-0.0451  	-0.0336  	0.02515  	0.04111  	0.01468  	0.20158  	-0.0276  	0.00568  	-0.0014  	0.03522  	0.06434  	0.40137  	267.172  	162.321  	
0.40428  	0.03227  	-0.4520  	0.21610  	0.68284  	-0.7447  	-0.2065  	0.08469  	0.06227  	-0.3725  	-0.5736  	0.63257  	0.11282  	-0.1979  	-0.5974  	0.06391  	0.20364  	-0.0916  	0.60555  	0.15173  	-0.2619  	0.93650  	-0.0833  	0.43616  	0.40309  	0.04250  	0.38792  	-0.5698  	-0.4888  	0.00147  	-0.1134  	0.24618  	-0.1024  	-0.1618  	0.60065  	0.32054  	0.29917  	0.08677  	-0.4810  	0.04328  	-0.0025  	0.13463  	-0.1793  	0.23656  	0.08797  	-0.0390  	-0.0098  	-0.0566  	-0.0030  	-0.1831  	-0.1120  	-0.0536  	0.00766  	-0.0193  	-0.0140  	0.00688  	0.00700  	0.01410  	0.04287  	-0.0409  	-0.0280  	0.03294  	0.03213  	0.01946  	0.20158  	-0.0276  	0.00568  	-0.0014  	0.03522  	0.06434  	0.40137  	267.172  	162.321  	
0.54224  	0.10982  	-0.4527  	0.22057  	0.68893  	-0.7003  	-0.1493  	0.14329  	0.10387  	-0.3907  	-0.6178  	0.60828  	0.17938  	-0.0577  	-0.5078  	-0.0353  	0.20281  	-0.0606  	0.57691  	0.15410  	-0.2507  	0.95125  	-0.1098  	0.38159  	0.38389  	0.04913  	0.37367  	-0.5438  	-0.4640  	0.00054  	-0.0849  	0.24546  	-0.0707  	-0.1500  	0.58497  	0.28156  	0.28755  	0.07744  	-0.4719  	0.04054  	0.02465  	0.13677  	-0.1648  	0.23313  	0.07868  	-0.0420  	-0.0168  	-0.0408  	0.00588  	-0.1695  	-0.1195  	-0.0549  	0.00624  	-0.0191  	-0.0153  	0.01156  	0.00728  	0.01272  	0.03994  	-0.0479  	-0.0287  	0.03724  	0.02614  	0.01536  	0.20158  	-0.0276  	0.00568  	-0.0014  	0.03522  	0.06434  	0.40137  	267.172  	162.321  	
0.44870  	0.12945  	-0.5852  	0.41806  	0.80190  	-0.7182  	-0.1747  	0.21633  	0.10939  	-0.4327  	-0.5980  	0.64197  	0.22127  	0.16732  	-0.3202  	-0.1284  	0.19901  	-0.1211  	0.54686  	0.16600  	-0.2006  	0.98454  	-0.1482  	0.46395  	0.43844  	0.03081  	0.38628  	-0.5220  	-0.4312  	0.03050  	-0.1184  	0.22244  	-0.0781  	-0.1711  	0.64054  	0.23206  	0.25023  	0.03478  	-0.4502  	0.04494  	-0.0372  	0.13995  	-0.2193  	0.21207  	0.09347  	-0.0324  	-0.0135  	-0.0548  	-0.0028  	-0.1770  	-0.1196  	-0.0578  	0.00480  	-0.0295  	-0.0193  	0.00969  	0.00573  	0.01811  	0.04490  	-0.0474  	-0.0237  	0.04132  	0.02146  	0.00865  	0.20158  	-0.0276  	0.00568  	-0.0014  	0.03522  	0.06434  	0.40137  	267.172  	162.321  	
0.37609  	0.05680  	-0.7767  	0.60721  	0.98984  	-0.7579  	-0.1578  	0.16687  	0.07914  	-0.4271  	-0.5942  	0.80990  	0.26359  	0.16495  	-0.2632  	-0.0659  	0.17668  	-0.1020  	0.56492  	0.17343  	-0.3226  	0.99358  	-0.1941  	0.40565  	0.43477  	0.06066  	0.32091  	-0.4038  	-0.3702  	0.08199  	-0.1111  	0.22070  	-0.0533  	-0.1552  	0.65263  	0.24674  	0.17785  	0.03211  	-0.4351  	0.03918  	-0.0533  	0.13773  	-0.2181  	0.19407  	0.09235  	-0.0276  	0.00175  	-0.0680  	0.00378  	-0.1722  	-0.1206  	-0.0579  	0.00240  	-0.0278  	-0.0183  	0.00733  	-0.0003  	0.01318  	0.05023  	-0.0459  	-0.0252  	0.03961  	0.00879  	-0.0028  	0.20158  	-0.0276  	0.00568  	-0.0014  	0.03522  	0.06434  	0.40137  	267.172  	162.321  	
0.35415  	0.07348  	-0.7483  	0.62011  	1.01959  	-0.8096  	-0.1447  	0.17685  	0.08870  	-0.4124  	-0.6398  	0.88468  	0.29733  	0.19403  	-0.3247  	-0.0300  	0.14396  	-0.0463  	0.54036  	0.21008  	-0.3495  	0.96157  	-0.2547  	0.36295  	0.40844  	0.05144  	0.28505  	-0.3349  	-0.3375  	0.08200  	-0.1211  	0.18939  	-0.0175  	-0.1407  	0.63149  	0.22922  	0.14131  	0.02061  	-0.4185  	0.07350  	-0.0630  	0.14135  	-0.2102  	0.20719  	0.09196  	-0.0321  	0.00404  	-0.0591  	0.00624  	-0.1827  	-0.1268  	-0.0629  	-0.0052  	-0.0234  	-0.0213  	0.00684  	-0.0019  	0.00549  	0.03860  	-0.0516  	-0.0241  	0.03733  	0.01791  	0.00557  	0.20158  	-0.0276  	0.00568  	-0.0014  	0.03522  	0.06434  	0.40137  	267.172  	162.321  	
0.23959  	0.00767  	-0.7560  	0.33566  	0.89512  	-0.9173  	-0.1400  	0.11076  	0.10188  	-0.3110  	-0.4680  	0.89992  	0.23213  	0.05177  	-0.5326  	-0.0178  	0.13423  	-0.0173  	0.51851  	0.21684  	-0.3169  	0.89908  	-0.2193  	0.39769  	0.29218  	0.08286  	0.24267  	-0.3750  	-0.4337  	0.01832  	-0.0900  	0.18897  	-0.0159  	-0.1351  	0.62417  	0.22686  	0.17831  	0.02632  	-0.4447  	0.06477  	-0.0330  	0.14594  	-0.2162  	0.21660  	0.09354  	-0.0435  	-0.0008  	-0.0721  	-0.0009  	-0.1668  	-0.1265  	-0.0613  	-0.0011  	-0.0146  	-0.0247  	0.00147  	-0.0027  	0.01126  	0.03233  	-0.0504  	-0.0330  	0.04330  	0.02171  	0.01519  	0.20158  	-0.0276  	0.00568  	-0.0014  	0.03522  	0.06434  	0.40137  	267.172  	162.321  	
0.03420  	-0.0505  	-0.7270  	-0.0173  	0.73723  	-0.9639  	-0.1481  	0.08818  	0.07573  	-0.2933  	-0.3025  	0.77350  	0.07777  	-0.2523  	-0.7077  	-0.0423  	0.17630  	-0.0055  	0.57417  	0.25403  	-0.2686  	0.85973  	-0.0901  	0.37575  	0.24978  	0.09775  	0.18950  	-0.4031  	-0.4839  	-0.0644  	-0.0616  	0.16012  	-0.0507  	-0.1495  	0.54655  	0.26485  	0.18327  	0.04407  	-0.4604  	0.00019  	0.02232  	0.14230  	-0.1952  	0.19899  	0.08822  	-0.0388  	0.00547  	-0.0728  	-0.0065  	-0.1682  	-0.1152  	-0.0612  	0.00528  	-0.0219  	-0.0196  	9.30954  	0.01223  	0.01525  	0.03262  	-0.0501  	-0.0277  	0.03655  	0.02757  	0.01302  	0.20158  	-0.0276  	0.00568  	-0.0014  	0.03522  	0.06434  	0.40137  	267.172  	162.321  	
0.01571  	-0.0011  	-0.6868  	-0.0826  	0.56706  	-0.9016  	-0.2176  	0.10952  	0.07526  	-0.3395  	-0.3574  	0.68331  	0.06949  	-0.2373  	-0.7245  	-0.1058  	0.22011  	-0.0184  	0.57569  	0.17733  	-0.2537  	0.91221  	0.02190  	0.34272  	0.24704  	0.10583  	0.17459  	-0.4718  	-0.4443  	-0.0386  	-0.0407  	0.17996  	-0.0626  	-0.1659  	0.46139  	0.26112  	0.21939  	0.04869  	-0.4259  	0.01392  	0.06955  	0.12233  	-0.1724  	0.21205  	0.09819  	-0.0317  	0.00769  	-0.0800  	-0.0105  	-0.1714  	-0.1292  	-0.0507  	0.00318  	-0.0207  	-0.0178  	-0.0046  	0.00688  	0.01755  	0.04029  	-0.0463  	-0.0309  	0.03645  	0.03003  	0.01321  	0.20158  	-0.0276  	0.00568  	-0.0014  	0.03522  	0.06434  	0.40137  	267.172  	162.321  	
0.12628  	0.00937  	-0.6390  	-0.0176  	0.58256  	-0.8365  	-0.2451  	0.12602  	0.07834  	-0.3896  	-0.4626  	0.67915  	0.08154  	-0.2344  	-0.6477  	-0.0916  	0.24348  	-0.0141  	0.59191  	0.14160  	-0.2561  	0.92194  	0.03415  	0.31173  	0.25688  	0.10890  	0.21324  	-0.4803  	-0.4520  	-0.0479  	-0.0409  	0.18402  	-0.0576  	-0.1617  	0.45834  	0.23080  	0.24106  	0.07579  	-0.4460  	-0.0059  	0.08700  	0.10386  	-0.1648  	0.22860  	0.08901  	-0.0325  	0.01061  	-0.0643  	-0.0207  	-0.1704  	-0.1319  	-0.0525  	-0.0008  	-0.0276  	-0.0163  	-0.0014  	0.00383  	0.01895  	0.03764  	-0.0545  	-0.0253  	0.02785  	0.03161  	0.01554  	0.20158  	-0.0276  	0.00568  	-0.0014  	0.03522  	0.06434  	0.40137  	267.172  	162.321  	
0.18841  	0.04900  	-0.5711  	0.03134  	0.58160  	-0.8042  	-0.2451  	0.13153  	0.09434  	-0.3988  	-0.5106  	0.68933  	0.10569  	-0.2423  	-0.5976  	-0.1041  	0.24026  	-0.0244  	0.59728  	0.13929  	-0.2477  	0.91245  	0.05516  	0.31466  	0.22381  	0.11640  	0.19243  	-0.4883  	-0.4638  	-0.0629  	-0.0439  	0.19420  	-0.0545  	-0.1565  	0.45559  	0.21853  	0.26038  	0.08346  	-0.4442  	0.00237  	0.11984  	0.08476  	-0.1569  	0.24906  	0.08074  	-0.0398  	0.01127  	-0.0635  	-0.0126  	-0.1745  	-0.1385  	-0.0524  	0.00683  	-0.0262  	-0.0126  	-0.0075  	-0.0021  	0.02179  	0.03440  	-0.0506  	-0.0272  	0.03650  	0.02660  	0.01412  	0.20158  	-0.0276  	0.00568  	-0.0014  	0.03522  	0.06434  	0.40137  	267.172  	162.321  	
0.28295  	0.10006  	-0.4959  	0.05951  	0.55748  	-0.7576  	-0.2620  	0.17189  	0.10144  	-0.4092  	-0.4804  	0.70460  	0.12562  	-0.2057  	-0.5556  	-0.0714  	0.24294  	-0.0550  	0.58117  	0.15986  	-0.1722  	0.89681  	0.05896  	0.31696  	0.20405  	0.10889  	0.18139  	-0.5120  	-0.5094  	-0.0839  	-0.0379  	0.20329  	-0.0412  	-0.1573  	0.48521  	0.17670  	0.29341  	0.10039  	-0.4521  	0.01139  	0.10496  	0.08329  	-0.1478  	0.24157  	0.07445  	-0.0405  	0.00598  	-0.0550  	-0.0161  	-0.1643  	-0.1323  	-0.0531  	0.00931  	-0.0212  	-0.0123  	0.00416  	-0.0038  	0.01257  	0.03494  	-0.0469  	-0.0239  	0.04511  	0.02079  	0.01555  	0.20158  	-0.0276  	0.00568  	-0.0014  	0.03522  	0.06434  	0.40137  	267.172  	162.321  	
0.41375  	0.13313  	-0.4119  	0.04557  	0.54449  	-0.6975  	-0.2629  	0.21595  	0.12069  	-0.4424  	-0.3900  	0.67265  	0.10739  	-0.1231  	-0.5208  	-0.0116  	0.25096  	-0.1075  	0.60698  	0.08952  	-0.0315  	0.90582  	0.05266  	0.38450  	0.20061  	0.07376  	0.30201  	-0.6655  	-0.6520  	-0.0868  	-0.0533  	0.24140  	-0.0385  	-0.1734  	0.58091  	0.14809  	0.42843  	0.13314  	-0.5095  	-0.0326  	0.06999  	0.09740  	-0.1669  	0.23777  	0.08030  	-0.0302  	0.00660  	-0.0647  	-0.0175  	-0.1577  	-0.1367  	-0.0539  	0.01143  	-0.0193  	-0.0178  	0.00986  	-0.0044  	0.01411  	0.03518  	-0.0469  	-0.0246  	0.05101  	0.02378  	0.01047  	0.20158  	-0.0276  	0.00568  	-0.0014  	0.03522  	0.06434  	0.40137  	267.172  	162.321  	
0.54395  	0.17103  	-0.3459  	0.08467  	0.52288  	-0.6425  	-0.2305  	0.29513  	0.18152  	-0.4787  	-0.3134  	0.68744  	0.12270  	-0.0244  	-0.5025  	0.05287  	0.23020  	-0.1292  	0.59378  	0.03264  	0.05451  	0.90580  	0.07928  	0.41160  	0.16258  	0.06082  	0.34859  	-0.7709  	-0.7505  	-0.0970  	-0.0593  	0.26110  	-0.0232  	-0.1820  	0.65843  	0.11392  	0.48183  	0.16598  	-0.5626  	-0.0632  	0.04771  	0.09537  	-0.1696  	0.22670  	0.07446  	-0.0330  	0.00264  	-0.0651  	-0.0125  	-0.1531  	-0.1403  	-0.0554  	0.01081  	-0.0146  	-0.0202  	0.01434  	-0.0085  	0.01400  	0.03391  	-0.0452  	-0.0224  	0.05479  	0.02406  	0.00880  	0.20158  	-0.0276  	0.00568  	-0.0014  	0.03522  	0.06434  	0.40137  	267.172  	162.321  	
0.59288  	0.18000  	-0.3286  	0.07677  	0.49990  	-0.6247  	-0.2095  	0.31497  	0.20134  	-0.4943  	-0.2791  	0.69253  	0.11764  	0.00125  	-0.4714  	0.07272  	0.25205  	-0.1554  	0.60098  	0.00691  	0.08523  	0.91793  	0.11445  	0.45904  	0.16567  	0.06401  	0.39476  	-0.8229  	-0.8048  	-0.1055  	-0.0623  	0.27030  	-0.0189  	-0.1915  	0.68058  	0.09579  	0.51444  	0.17479  	-0.5759  	-0.0736  	0.02802  	0.09945  	-0.1692  	0.22525  	0.07476  	-0.0319  	0.00125  	-0.0614  	-0.0115  	-0.1569  	-0.1429  	-0.0516  	0.00849  	-0.0146  	-0.0209  	0.01313  	-0.0107  	0.01614  	0.03279  	-0.0446  	-0.0210  	0.05249  	0.02326  	0.00955  	0.20158  	-0.0276  	0.00568  	-0.0014  	0.03522  	0.06434  	0.40137  	267.172  	162.321  	
0.61826  	0.17811  	-0.3096  	0.07852  	0.49244  	-0.5932  	-0.2030  	0.33692  	0.21008  	-0.4995  	-0.2698  	0.70224  	0.13252  	0.01939  	-0.4595  	0.09872  	0.25838  	-0.1692  	0.60489  	-0.0066  	0.09240  	0.92743  	0.13260  	0.48781  	0.16917  	0.06443  	0.41337  	-0.8491  	-0.8258  	-0.0908  	-0.0586  	0.27546  	-0.0196  	-0.1855  	0.68708  	0.09222  	0.53056  	0.18105  	-0.5708  	-0.0783  	0.01010  	0.10694  	-0.1697  	0.22323  	0.07356  	-0.0332  	-0.0005  	-0.0582  	-0.0072  	-0.1633  	-0.1453  	-0.0498  	0.00986  	-0.0121  	-0.0207  	0.01323  	-0.0131  	0.01677  	0.03110  	-0.0417  	-0.0202  	0.05189  	0.02917  	0.01246  	0.20158  	-0.0276  	0.00568  	-0.0014  	0.03522  	0.06434  	0.40137  	267.172  	162.321  	
0.61826  	0.17811  	-0.3096  	0.07852  	0.49244  	-0.5932  	-0.2030  	0.33692  	0.21008  	-0.4995  	-0.2698  	0.70224  	0.13252  	0.01939  	-0.4595  	0.09872  	0.25838  	-0.1692  	0.60489  	-0.0066  	0.09240  	0.92743  	0.13260  	0.48781  	0.16917  	0.06443  	0.41337  	-0.8491  	-0.8258  	-0.0908  	-0.0586  	0.27546  	-0.0196  	-0.1855  	0.68708  	0.09222  	0.53056  	0.18105  	-0.5708  	-0.0783  	0.01010  	0.10694  	-0.1697  	0.22323  	0.07356  	-0.0332  	-0.0005  	-0.0582  	-0.0072  	-0.1633  	-0.1453  	-0.0498  	0.00986  	-0.0121  	-0.0207  	0.01323  	-0.0131  	0.01677  	0.03110  	-0.0417  	-0.0202  	0.05189  	0.02917  	0.01246  	0.20158  	-0.0276  	0.00568  	-0.0014  	0.03522  	0.06434  	0.40137  	267.172  	162.321  	
0.61826  	0.17811  	-0.3096  	0.07852  	0.49244  	-0.5932  	-0.2030  	0.33692  	0.21008  	-0.4995  	-0.2698  	0.70224  	0.13252  	0.01939  	-0.4595  	0.09872  	0.25838  	-0.1692  	0.60489  	-0.0066  	0.09240  	0.92743  	0.13260  	0.48781  	0.16917  	0.06443  	0.41337  	-0.8491  	-0.8258  	-0.0908  	-0.0586  	0.27546  	-0.0196  	-0.1855  	0.68708  	0.09222  	0.53056  	0.18105  	-0.5708  	-0.0783  	0.01010  	0.10694  	-0.1697  	0.22323  	0.07356  	-0.0332  	-0.0005  	-0.0582  	-0.0072  	-0.1633  	-0.1453  	-0.0498  	0.00986  	-0.0121  	-0.0207  	0.01323  	-0.0131  	0.01677  	0.03110  	-0.0417  	-0.0202  	0.05189  	0.02917  	0.01246  	0.20158  	-0.0276  	0.00568  	-0.0014  	0.03522  	0.06434  	0.40137  	267.172  	162.321  	
0.61826  	0.17811  	-0.3096  	0.07852  	0.49244  	-0.5932  	-0.2030  	0.33692  	0.21008  	-0.4995  	-0.2698  	0.70224  	0.13252  	0.01939  	-0.4595  	0.09872  	0.25838  	-0.1692  	0.60489  	-0.0066  	0.09240  	0.92743  	0.13260  	0.48781  	0.16917  	0.06443  	0.41337  	-0.8491  	-0.8258  	-0.0908  	-0.0586  	0.27546  	-0.0196  	-0.1855  	0.68708  	0.09222  	0.53056  	0.18105  	-0.5708  	-0.0783  	0.01010  	0.10694  	-0.1697  	0.22323  	0.07356  	-0.0332  	-0.0005  	-0.0582  	-0.0072  	-0.1633  	-0.1453  	-0.0498  	0.00986  	-0.0121  	-0.0207  	0.01323  	-0.0131  	0.01677  	0.03110  	-0.0417  	-0.0202  	0.05189  	0.02917  	0.01246  	0.20158  	-0.0276  	0.00568  	-0.0014  	0.03522  	0.06434  	0.40137  	267.172  	162.321  	
0.61826  	0.17811  	-0.3096  	0.07852  	0.49244  	-0.5932  	-0.2030  	0.33692  	0.21008  	-0.4995  	-0.2698  	0.70224  	0.13252  	0.01939  	-0.4595  	0.09872  	0.25838  	-0.1692  	0.60489  	-0.0066  	0.09240  	0.92743  	0.13260  	0.48781  	0.16917  	0.06443  	0.41337  	-0.8491  	-0.8258  	-0.0908  	-0.0586  	0.27546  	-0.0196  	-0.1855  	0.68708  	0.09222  	0.53056  	0.18105  	-0.5708  	-0.0783  	0.01010  	0.10694  	-0.1697  	0.22323  	0.07356  	-0.0332  	-0.0005  	-0.0582  	-0.0072  	-0.1633  	-0.1453  	-0.0498  	0.00986  	-0.0121  	-0.0207  	0.01323  	-0.0131  	0.01677  	0.03110  	-0.0417  	-0.0202  	0.05189  	0.02917  	0.01246  	0.20158  	-0.0276  	0.00568  	-0.0014  	0.03522  	0.06434  	0.40137  	267.172  	162.321  	
0.61826  	0.17811  	-0.3096  	0.07852  	0.49244  	-0.5932  	-0.2030  	0.33692  	0.21008  	-0.4995  	-0.2698  	0.70224  	0.13252  	0.01939  	-0.4595  	0.09872  	0.25838  	-0.1692  	0.60489  	-0.0066  	0.09240  	0.92743  	0.13260  	0.48781  	0.16917  	0.06443  	0.41337  	-0.8491  	-0.8258  	-0.0908  	-0.0586  	0.27546  	-0.0196  	-0.1855  	0.68708  	0.09222  	0.53056  	0.18105  	-0.5708  	-0.0783  	0.01010  	0.10694  	-0.1697  	0.22323  	0.07356  	-0.0332  	-0.0005  	-0.0582  	-0.0072  	-0.1633  	-0.1453  	-0.0498  	0.00986  	-0.0121  	-0.0207  	0.01323  	-0.0131  	0.01677  	0.03110  	-0.0417  	-0.0202  	0.05189  	0.02917  	0.01246  	0.20158  	-0.0276  	0.00568  	-0.0014  	0.03522  	0.06434  	0.40137  	267.172  	162.321  	
0.61826  	0.17811  	-0.3096  	0.07852  	0.49244  	-0.5932  	-0.2030  	0.33692  	0.21008  	-0.4995  	-0.2698  	0.70224  	0.13252  	0.01939  	-0.4595  	0.09872  	0.25838  	-0.1692  	0.60489  	-0.0066  	0.09240  	0.92743  	0.13260  	0.48781  	0.16917  	0.06443  	0.41337  	-0.8491  	-0.8258  	-0.0908  	-0.0586  	0.27546  	-0.0196  	-0.1855  	0.68708  	0.09222  	0.53056  	0.18105  	-0.5708  	-0.0783  	0.01010  	0.10694  	-0.1697  	0.22323  	0.07356  	-0.0332  	-0.0005  	-0.0582  	-0.0072  	-0.1633  	-0.1453  	-0.0498  	0.00986  	-0.0121  	-0.0207  	0.01323  	-0.0131  	0.01677  	0.03110  	-0.0417  	-0.0202  	0.05189  	0.02917  	0.01246  	0.20158  	-0.0276  	0.00568  	-0.0014  	0.03522  	0.06434  	0.40137  	267.172  	162.321  	
0.61826  	0.17811  	-0.3096  	0.07852  	0.49244  	-0.5932  	-0.2030  	0.33692  	0.21008  	-0.4995  	-0.2698  	0.70224  	0.13252  	0.01939  	-0.4595  	0.09872  	0.25838  	-0.1692  	0.60489  	-0.0066  	0.09240  	0.92743  	0.13260  	0.48781  	0.16917  	0.06443  	0.41337  	-0.8491  	-0.8258  	-0.0908  	-0.0586  	0.27546  	-0.0196  	-0.1855  	0.68708  	0.09222  	0.53056  	0.18105  	-0.5708  	-0.0783  	0.01010  	0.10694  	-0.1697  	0.22323  	0.07356  	-0.0332  	-0.0005  	-0.0582  	-0.0072  	-0.1633  	-0.1453  	-0.0498  	0.00986  	-0.0121  	-0.0207  	0.01323  	-0.0131  	0.01677  	0.03110  	-0.0417  	-0.0202  	0.05189  	0.02917  	0.01246  	0.20158  	-0.0276  	0.00568  	-0.0014  	0.03522  	0.06434  	0.40137  	267.172  	162.321  	
0.61826  	0.17811  	-0.3096  	0.07852  	0.49244  	-0.5932  	-0.2030  	0.33692  	0.21008  	-0.4995  	-0.2698  	0.70224  	0.13252  	0.01939  	-0.4595  	0.09872  	0.25838  	-0.1692  	0.60489  	-0.0066  	0.09240  	0.92743  	0.13260  	0.48781  	0.16917  	0.06443  	0.41337  	-0.8491  	-0.8258  	-0.0908  	-0.0586  	0.27546  	-0.0196  	-0.1855  	0.68708  	0.09222  	0.53056  	0.18105  	-0.5708  	-0.0783  	0.01010  	0.10694  	-0.1697  	0.22323  	0.07356  	-0.0332  	-0.0005  	-0.0582  	-0.0072  	-0.1633  	-0.1453  	-0.0498  	0.00986  	-0.0121  	-0.0207  	0.01323  	-0.0131  	0.01677  	0.03110  	-0.0417  	-0.0202  	0.05189  	0.02917  	0.01246  	0.20158  	-0.0276  	0.00568  	-0.0014  	0.03522  	0.06434  	0.40137  	267.172  	162.321  	
0.61826  	0.17811  	-0.3096  	0.07852  	0.49244  	-0.5932  	-0.2030  	0.33692  	0.21008  	-0.4995  	-0.2698  	0.70224  	0.13252  	0.01939  	-0.4595  	0.09872  	0.25838  	-0.1692  	0.60489  	-0.0066  	0.09240  	0.92743  	0.13260  	0.48781  	0.16917  	0.06443  	0.41337  	-0.8491  	-0.8258  	-0.0908  	-0.0586  	0.27546  	-0.0196  	-0.1855  	0.68708  	0.09222  	0.53056  	0.18105  	-0.5708  	-0.0783  	0.01010  	0.10694  	-0.1697  	0.22323  	0.07356  	-0.0332  	-0.0005  	-0.0582  	-0.0072  	-0.1633  	-0.1453  	-0.0498  	0.00986  	-0.0121  	-0.0207  	0.01323  	-0.0131  	0.01677  	0.03110  	-0.0417  	-0.0202  	0.05189  	0.02917  	0.01246  	0.20158  	-0.0276  	0.00568  	-0.0014  	0.03522  	0.06434  	0.40137  	267.172  	162.321  	
0.61826  	0.17811  	-0.3096  	0.07852  	0.49244  	-0.5932  	-0.2030  	0.33692  	0.21008  	-0.4995  	-0.2698  	0.70224  	0.13252  	0.01939  	-0.4595  	0.09872  	0.25838  	-0.1692  	0.60489  	-0.0066  	0.09240  	0.92743  	0.13260  	0.48781  	0.16917  	0.06443  	0.41337  	-0.8491  	-0.8258  	-0.0908  	-0.0586  	0.27546  	-0.0196  	-0.1855  	0.68708  	0.09222  	0.53056  	0.18105  	-0.5708  	-0.0783  	0.01010  	0.10694  	-0.1697  	0.22323  	0.07356  	-0.0332  	-0.0005  	-0.0582  	-0.0072  	-0.1633  	-0.1453  	-0.0498  	0.00986  	-0.0121  	-0.0207  	0.01323  	-0.0131  	0.01677  	0.03110  	-0.0417  	-0.0202  	0.05189  	0.02917  	0.01246  	0.20158  	-0.0276  	0.00568  	-0.0014  	0.03522  	0.06434  	0.40137  	267.172  	162.321  	
0.61826  	0.17811  	-0.3096  	0.07852  	0.49244  	-0.5932  	-0.2030  	0.33692  	0.21008  	-0.4995  	-0.2698  	0.70224  	0.13252  	0.01939  	-0.4595  	0.09872  	0.25838  	-0.1692  	0.60489  	-0.0066  	0.09240  	0.92743  	0.13260  	0.48781  	0.16917  	0.06443  	0.41337  	-0.8491  	-0.8258  	-0.0908  	-0.0586  	0.27546  	-0.0196  	-0.1855  	0.68708  	0.09222  	0.53056  	0.18105  	-0.5708  	-0.0783  	0.01010  	0.10694  	-0.1697  	0.22323  	0.07356  	-0.0332  	-0.0005  	-0.0582  	-0.0072  	-0.1633  	-0.1453  	-0.0498  	0.00986  	-0.0121  	-0.0207  	0.01323  	-0.0131  	0.01677  	0.03110  	-0.0417  	-0.0202  	0.05189  	0.02917  	0.01246  	0.20158  	-0.0276  	0.00568  	-0.0014  	0.03522  	0.06434  	0.40137  	267.172  	162.321  	
0.61826  	0.17811  	-0.3096  	0.07852  	0.49244  	-0.5932  	-0.2030  	0.33692  	0.21008  	-0.4995  	-0.2698  	0.70224  	0.13252  	0.01939  	-0.4595  	0.09872  	0.25838  	-0.1692  	0.60489  	-0.0066  	0.09240  	0.92743  	0.13260  	0.48781  	0.16917  	0.06443  	0.41337  	-0.8491  	-0.8258  	-0.0908  	-0.0586  	0.27546  	-0.0196  	-0.1855  	0.68708  	0.09222  	0.53056  	0.18105  	-0.5708  	-0.0783  	0.01010  	0.10694  	-0.1697  	0.22323  	0.07356  	-0.0332  	-0.0005  	-0.0582  	-0.0072  	-0.1633  	-0.1453  	-0.0498  	0.00986  	-0.0121  	-0.0207  	0.01323  	-0.0131  	0.01677  	0.03110  	-0.0417  	-0.0202  	0.05189  	0.02917  	0.01246  	0.20158  	-0.0276  	0.00568  	-0.0014  	0.03522  	0.06434  	0.40137  	267.172  	162.321  	
0.61826  	0.17811  	-0.3096  	0.07852  	0.49244  	-0.5932  	-0.2030  	0.33692  	0.21008  	-0.4995  	-0.2698  	0.70224  	0.13252  	0.01939  	-0.4595  	0.09872  	0.25838  	-0.1692  	0.60489  	-0.0066  	0.09240  	0.92743  	0.13260  	0.48781  	0.16917  	0.06443  	0.41337  	-0.8491  	-0.8258  	-0.0908  	-0.0586  	0.27546  	-0.0196  	-0.1855  	0.68708  	0.09222  	0.53056  	0.18105  	-0.5708  	-0.0783  	0.01010  	0.10694  	-0.1697  	0.22323  	0.07356  	-0.0332  	-0.0005  	-0.0582  	-0.0072  	-0.1633  	-0.1453  	-0.0498  	0.00986  	-0.0121  	-0.0207  	0.01323  	-0.0131  	0.01677  	0.03110  	-0.0417  	-0.0202  	0.05189  	0.02917  	0.01246  	0.20158  	-0.0276  	0.00568  	-0.0014  	0.03522  	0.06434  	0.40137  	267.172  	162.321  	
0.61826  	0.17811  	-0.3096  	0.07852  	0.49244  	-0.5932  	-0.2030  	0.33692  	0.21008  	-0.4995  	-0.2698  	0.70224  	0.13252  	0.01939  	-0.4595  	0.09872  	0.25838  	-0.1692  	0.60489  	-0.0066  	0.09240  	0.92743  	0.13260  	0.48781  	0.16917  	0.06443  	0.41337  	-0.8491  	-0.8258  	-0.0908  	-0.0586  	0.27546  	-0.0196  	-0.1855  	0.68708  	0.09222  	0.53056  	0.18105  	-0.5708  	-0.0783  	0.01010  	0.10694  	-0.1697  	0.22323  	0.07356  	-0.0332  	-0.0005  	-0.0582  	-0.0072  	-0.1633  	-0.1453  	-0.0498  	0.00986  	-0.0121  	-0.0207  	0.01323  	-0.0131  	0.01677  	0.03110  	-0.0417  	-0.0202  	0.05189  	0.02917  	0.01246  	0.20158  	-0.0276  	0.00568  	-0.0014  	0.03522  	0.06434  	0.40137  	267.172  	162.321  	
0.61826  	0.17811  	-0.3096  	0.07852  	0.49244  	-0.5932  	-0.2030  	0.33692  	0.21008  	-0.4995  	-0.2698  	0.70224  	0.13252  	0.01939  	-0.4595  	0.09872  	0.25838  	-0.1692  	0.60489  	-0.0066  	0.09240  	0.92743  	0.13260  	0.48781  	0.16917  	0.06443  	0.41337  	-0.8491  	-0.8258  	-0.0908  	-0.0586  	0.27546  	-0.0196  	-0.1855  	0.68708  	0.09222  	0.53056  	0.18105  	-0.5708  	-0.0783  	0.01010  	0.10694  	-0.1697  	0.22323  	0.07356  	-0.0332  	-0.0005  	-0.0582  	-0.0072  	-0.1633  	-0.1453  	-0.0498  	0.00986  	-0.0121  	-0.0207  	0.01323  	-0.0131  	0.01677  	0.03110  	-0.0417  	-0.0202  	0.05189  	0.02917  	0.01246  	0.20158  	-0.0276  	0.00568  	-0.0014  	0.03522  	0.06434  	0.40137  	267.172  	162.321  	
0.61826  	0.17811  	-0.3096  	0.07852  	0.49244  	-0.5932  	-0.2030  	0.33692  	0.21008  	-0.4995  	-0.2698  	0.70224  	0.13252  	0.01939  	-0.4595  	0.09872  	0.25838  	-0.1692  	0.60489  	-0.0066  	0.09240  	0.92743  	0.13260  	0.48781  	0.16917  	0.06443  	0.41337  	-0.8491  	-0.8258  	-0.0908  	-0.0586  	0.27546  	-0.0196  	-0.1855  	0.68708  	0.09222  	0.53056  	0.18105  	-0.5708  	-0.0783  	0.01010  	0.10694  	-0.1697  	0.22323  	0.07356  	-0.0332  	-0.0005  	-0.0582  	-0.0072  	-0.1633  	-0.1453  	-0.0498  	0.00986  	-0.0121  	-0.0207  	0.01323  	-0.0131  	0.01677  	0.03110  	-0.0417  	-0.0202  	0.05189  	0.02917  	0.01246  	0.20158  	-0.0276  	0.00568  	-0.0014  	0.03522  	0.06434  	0.40137  	267.172  	162.321  	
0.61826  	0.17811  	-0.3096  	0.07852  	0.49244  	-0.5932  	-0.2030  	0.33692  	0.21008  	-0.4995  	-0.2698  	0.70224  	0.13252  	0.01939  	-0.4595  	0.09872  	0.25838  	-0.1692  	0.60489  	-0.0066  	0.09240  	0.92743  	0.13260  	0.48781  	0.16917  	0.06443  	0.41337  	-0.8491  	-0.8258  	-0.0908  	-0.0586  	0.27546  	-0.0196  	-0.1855  	0.68708  	0.09222  	0.53056  	0.18105  	-0.5708  	-0.0783  	0.01010  	0.10694  	-0.1697  	0.22323  	0.07356  	-0.0332  	-0.0005  	-0.0582  	-0.0072  	-0.1633  	-0.1453  	-0.0498  	0.00986  	-0.0121  	-0.0207  	0.01323  	-0.0131  	0.01677  	0.03110  	-0.0417  	-0.0202  	0.05189  	0.02917  	0.01246  	0.20158  	-0.0276  	0.00568  	-0.0014  	0.03522  	0.06434  	0.40137  	267.172  	162.321  	
0.62207  	0.17794  	-0.3084  	0.08647  	0.49867  	-0.5886  	-0.2017  	0.33591  	0.20730  	-0.5024  	-0.2801  	0.69628  	0.13691  	0.02355  	-0.4548  	0.09836  	0.25834  	-0.1658  	0.60752  	-0.0046  	0.08812  	0.93008  	0.12821  	0.49247  	0.17562  	0.06389  	0.41829  	-0.8510  	-0.8199  	-0.0889  	-0.0604  	0.27426  	-0.0205  	-0.1855  	0.68940  	0.09559  	0.52440  	0.17822  	-0.5672  	-0.0756  	0.00439  	0.10769  	-0.1709  	0.22328  	0.07412  	-0.0326  	-0.0005  	-0.0572  	-0.0065  	-0.1635  	-0.1437  	-0.0504  	0.00996  	-0.0130  	-0.0206  	0.01303  	-0.0130  	0.01737  	0.03056  	-0.0421  	-0.0213  	0.05195  	0.03062  	0.01213  	0.20158  	-0.0276  	0.00568  	-0.0014  	0.03522  	0.06434  	0.40137  	267.172  	162.321  	
0.62808  	0.17021  	-0.3410  	0.31070  	0.70700  	-0.5179  	-0.1731  	0.30205  	0.14575  	-0.4634  	-0.5613  	0.66554  	0.25525  	0.17739  	-0.4135  	0.03850  	0.23502  	-0.1287  	0.58899  	0.03462  	-0.1427  	0.95246  	-0.0132  	0.43477  	0.35557  	0.03661  	0.41892  	-0.6408  	-0.5801  	0.00733  	-0.0850  	0.23211  	-0.0365  	-0.1793  	0.62887  	0.17763  	0.33596  	0.07508  	-0.4853  	-0.0067  	-0.0126  	0.13251  	-0.1820  	0.23427  	0.08287  	-0.0294  	-0.0129  	-0.0380  	0.00517  	-0.1664  	-0.1218  	-0.0552  	0.00708  	-0.0242  	-0.0235  	0.01795  	-0.0077  	0.01423  	0.03526  	-0.0489  	-0.0222  	0.05059  	0.03038  	0.00213  	0.20158  	-0.0276  	0.00568  	-0.0014  	0.03522  	0.06434  	0.40137  	267.172  	162.321  	
0.65576  	0.19906  	-0.4852  	0.64440  	0.93686  	-0.6149  	-0.1553  	0.31673  	0.12175  	-0.4059  	-0.9012  	0.58514  	0.42508  	0.29100  	-0.0402  	-0.1930  	0.29062  	-0.2955  	0.64744  	-0.2643  	-0.2777  	0.82200  	-0.3398  	0.37475  	0.41672  	0.12140  	0.48913  	-0.6656  	-0.2172  	0.12137  	0.00590  	0.14708  	-0.1636  	-0.3334  	0.52550  	0.18624  	0.09525  	0.01233  	-0.5224  	-0.0226  	0.02227  	0.28308  	-0.3026  	0.31869  	0.02996  	-0.0067  	-0.0409  	-0.0064  	0.01113  	-0.1835  	-0.1103  	-0.0474  	0.01397  	-0.0033  	-0.0086  	0.02804  	-0.0128  	-0.0030  	0.04047  	-0.0259  	-0.0175  	0.05517  	0.00047  	0.00300  	0.20158  	-0.0276  	0.00568  	-0.0014  	0.03522  	0.06434  	0.40137  	267.172  	162.321  	
0.46132  	0.15337  	-0.5937  	0.74417  	1.00828  	-0.8830  	-0.2537  	0.32935  	0.08739  	-0.3699  	-0.7117  	0.65939  	0.40724  	0.33122  	0.00153  	-0.2556  	0.31838  	-0.4328  	0.67170  	-0.3934  	-0.1968  	0.62850  	-0.6519  	0.47285  	0.35765  	0.22216  	0.40029  	-0.7631  	-0.2439  	0.08023  	0.15798  	0.10497  	-0.2408  	-0.4558  	0.57653  	0.12904  	0.00696  	-0.0045  	-0.6650  	-0.0707  	0.04617  	0.40603  	-0.4401  	0.33539  	-0.0240  	0.00112  	-0.0403  	-0.0267  	-0.0286  	-0.1895  	-0.1129  	-0.0507  	0.00314  	0.00963  	-0.0150  	0.00904  	-0.0113  	-0.0051  	0.03444  	-0.0260  	-0.0217  	0.05350  	-0.0214  	0.00802  	0.20158  	-0.0276  	0.00568  	-0.0014  	0.03522  	0.06434  	0.40137  	267.172  	162.321  	
0.19142  	0.02314  	-0.6011  	0.27756  	0.78130  	-1.0494  	-0.2156  	0.23726  	0.05344  	-0.3881  	-0.4791  	0.83458  	0.28147  	-0.0866  	-0.3387  	-0.1989  	0.36098  	-0.3944  	0.72077  	-0.3149  	-0.1168  	0.46653  	-0.6730  	0.44085  	0.15225  	0.25754  	0.26343  	-0.7085  	-0.3291  	-0.0716  	0.17456  	0.09393  	-0.2383  	-0.4901  	0.47957  	0.15802  	0.06459  	0.06210  	-0.7239  	-0.0972  	0.12254  	0.39747  	-0.4557  	0.37938  	-0.0273  	1.39893  	-0.0488  	-0.0262  	-0.0351  	-0.1969  	-0.1186  	-0.0476  	-0.0023  	0.01234  	-0.0012  	-0.0018  	0.00678  	-0.0111  	0.02881  	-0.0218  	-0.0162  	0.04131  	-0.0108  	0.01847  	0.20158  	-0.0276  	0.00568  	-0.0014  	0.03522  	0.06434  	0.40137  	267.172  	162.321  	
0.20924  	-7.5139  	-0.4802  	-0.1327  	0.55161  	-0.8586  	-0.2683  	0.14160  	0.04736  	-0.3898  	-0.3008  	0.66779  	0.14263  	-0.4484  	-0.7909  	-0.1211  	0.36241  	-0.3151  	0.77033  	-0.3482  	-0.2054  	0.47151  	-0.4858  	0.35023  	0.15316  	0.27799  	0.20827  	-0.6569  	-0.3869  	-0.0777  	0.17670  	0.12596  	-0.2532  	-0.4457  	0.36239  	0.23392  	0.12524  	0.08239  	-0.6673  	-0.1455  	0.24646  	0.34420  	-0.3785  	0.35469  	-0.0287  	-0.0009  	-0.0429  	-0.0324  	-0.0474  	-0.1749  	-0.1116  	-0.0458  	0.01155  	0.00661  	-0.0109  	-0.0020  	-0.0073  	-0.0001  	0.03702  	-0.0293  	-0.0205  	0.03480  	0.00244  	0.01323  	0.20158  	-0.0276  	0.00568  	-0.0014  	0.03522  	0.06434  	0.40137  	267.172  	162.321  	
0.09852  	0.02358  	-0.5721  	-0.1164  	0.56796  	-0.8817  	-0.2849  	0.08963  	0.05758  	-0.3426  	-0.3706  	0.65883  	0.06133  	-0.4194  	-0.8586  	-0.0883  	0.32972  	-0.1762  	0.72575  	-0.1260  	-0.2560  	0.64509  	-0.3039  	0.31991  	0.25764  	0.19682  	0.25797  	-0.5474  	-0.3792  	-0.0441  	0.04600  	0.17967  	-0.1806  	-0.3272  	0.38060  	0.30881  	0.15842  	0.07808  	-0.5559  	-0.0535  	0.19511  	0.23456  	-0.2641  	0.31172  	0.03084  	-0.0253  	-0.0287  	-0.0501  	-0.0311  	-0.1864  	-0.1195  	-0.0514  	0.00380  	-0.0045  	-0.0107  	-0.0038  	0.00571  	0.00859  	0.04083  	-0.0403  	-0.0222  	0.03027  	0.01868  	0.01369  	0.20158  	-0.0276  	0.00568  	-0.0014  	0.03522  	0.06434  	0.40137  	267.172  	162.321  	
-0.0111  	-0.0289  	-0.6560  	-0.1875  	0.47451  	-0.9118  	-0.2278  	0.00913  	0.06898  	-0.2882  	-0.3159  	0.64554  	0.00837  	-0.4121  	-0.8744  	-0.0955  	0.24048  	0.01191  	0.63201  	0.13554  	-0.2993  	0.87737  	-0.0189  	0.30432  	0.32775  	0.09571  	0.23500  	-0.4904  	-0.4494  	-0.0406  	-0.0395  	0.21245  	-0.0898  	-0.1665  	0.42523  	0.31797  	0.23849  	0.09941  	-0.4457  	-0.0026  	0.10551  	0.10712  	-0.1798  	0.22731  	0.08585  	-0.0381  	-0.0097  	-0.0696  	-0.0223  	-0.1731  	-0.1258  	-0.0579  	0.01665  	-0.0136  	-0.0135  	-0.0033  	0.00889  	0.01960  	0.04015  	-0.0482  	-0.0255  	0.03993  	0.03787  	0.02389  	0.20158  	-0.0276  	0.00568  	-0.0014  	0.03522  	0.06434  	0.40137  	267.172  	162.321  	
-0.0044  	-0.0342  	-0.6975  	-0.2066  	0.52866  	-0.9655  	-0.2176  	0.01030  	0.05686  	-0.2831  	-0.3317  	0.63735  	0.02209  	-0.3946  	-0.8463  	-0.1182  	0.21875  	0.00033  	0.60856  	0.16171  	-0.3102  	0.89048  	-0.0337  	0.29632  	0.31628  	0.08988  	0.19218  	-0.4710  	-0.4362  	-0.0576  	-0.0459  	0.19862  	-0.0843  	-0.1568  	0.43144  	0.30637  	0.22706  	0.08642  	-0.4553  	0.00660  	0.09745  	0.09991  	-0.1791  	0.22874  	0.08821  	-0.0417  	-0.0011  	-0.0735  	-0.0196  	-0.1770  	-0.1255  	-0.0555  	0.00626  	-0.0213  	-0.0175  	-0.0047  	0.00696  	0.02040  	0.03628  	-0.0519  	-0.0270  	0.03328  	0.03986  	0.01770  	0.20158  	-0.0276  	0.00568  	-0.0014  	0.03522  	0.06434  	0.40137  	267.172  	162.321  	
-0.0739  	-0.0417  	-0.6963  	-0.3080  	0.42438  	-0.9593  	-0.2228  	0.00990  	0.05497  	-0.2877  	-0.2793  	0.58384  	-0.0056  	-0.4979  	-0.9506  	-0.1058  	0.22377  	0.02153  	0.61699  	0.16620  	-0.2993  	0.86986  	0.01475  	0.28716  	0.27478  	0.10324  	0.18817  	-0.4692  	-0.4369  	-0.0774  	-0.0473  	0.20146  	-0.0968  	-0.1646  	0.39001  	0.32625  	0.23920  	0.08538  	-0.4427  	0.00731  	0.11947  	0.10334  	-0.1704  	0.23555  	0.09166  	-0.0376  	0.00179  	-0.0800  	-0.0169  	-0.1703  	-0.1317  	-0.0521  	0.00880  	-0.0182  	-0.0158  	-0.0065  	0.00145  	0.01819  	0.03915  	-0.0497  	-0.0265  	0.03938  	0.03166  	0.01765  	0.20158  	-0.0276  	0.00568  	-0.0014  	0.03522  	0.06434  	0.40137  	267.172  	162.321  	
-0.1040  	-0.0492  	-0.6918  	-0.3610  	0.42956  	-0.9880  	-0.2078  	0.05572  	0.05196  	-0.2936  	-0.2949  	0.56466  	0.02633  	-0.4169  	-0.9175  	-0.0834  	0.22950  	-0.0319  	0.63661  	0.12670  	-0.3321  	0.88460  	0.07123  	0.33077  	0.25078  	0.12088  	0.22093  	-0.5020  	-0.4612  	-0.0650  	-0.0269  	0.20461  	-0.0709  	-0.1780  	0.41128  	0.28813  	0.25883  	0.07917  	-0.4666  	0.00756  	0.13554  	0.11228  	-0.1650  	0.24589  	0.08095  	-0.0374  	0.00898  	-0.0715  	-0.0190  	-0.1696  	-0.1377  	-0.0541  	0.00241  	-0.0187  	-0.0194  	-0.0084  	0.00116  	0.01632  	0.03456  	-0.0501  	-0.0220  	0.04279  	0.02555  	0.01286  	0.20158  	-0.0276  	0.00568  	-0.0014  	0.03522  	0.06434  	0.40137  	267.172  	162.321  	
0.12728  	0.03470  	-0.6336  	-0.1518  	0.51089  	-0.8733  	-0.2331  	0.13141  	0.07889  	-0.3494  	-0.4157  	0.69289  	0.08500  	-0.2829  	-0.7669  	-0.0788  	0.24589  	-0.0346  	0.59373  	0.13266  	-0.2944  	0.93065  	0.07266  	0.34559  	0.20445  	0.12490  	0.20913  	-0.5152  	-0.4970  	-0.0778  	-0.0159  	0.18972  	-0.0573  	-0.1742  	0.43643  	0.23862  	0.23321  	0.07584  	-0.4591  	0.02242  	0.10884  	0.08819  	-0.1561  	0.25026  	0.07370  	-0.0360  	0.00707  	-0.0644  	-0.0275  	-0.1599  	-0.1364  	-0.0555  	0.00030  	-0.0256  	-0.0240  	-0.0067  	-0.0039  	0.01097  	0.02552  	-0.0531  	-0.0243  	0.04717  	0.03050  	0.00907  	0.20158  	-0.0276  	0.00568  	-0.0014  	0.03522  	0.06434  	0.40137  	267.172  	162.321  	
0.04975  	0.05289  	-0.5920  	-0.2465  	0.43832  	-0.9009  	-0.2350  	0.06215  	0.11372  	-0.2365  	-0.4692  	0.69289  	0.15365  	-0.2552  	-0.8226  	-0.0774  	0.25887  	-0.0110  	0.63235  	0.12929  	-0.4526  	0.94462  	0.11338  	0.27151  	0.17419  	0.14944  	0.04954  	-0.4297  	-0.4319  	-0.0920  	0.03005  	0.18470  	-0.0444  	-0.1696  	0.31932  	0.24266  	0.14195  	0.08242  	-0.4196  	0.02640  	0.17322  	0.05313  	-0.1075  	0.23853  	0.05600  	-0.0431  	-0.0011  	-0.0339  	-0.0095  	-0.1783  	-0.1380  	-0.0547  	0.00170  	-0.0319  	-0.0199  	-0.0066  	-0.0051  	0.01544  	0.04183  	-0.0557  	-0.0173  	0.04931  	0.02980  	0.01590  	0.20158  	-0.0276  	0.00568  	-0.0014  	0.03522  	0.06434  	0.40137  	267.172  	162.321  	
0.02510  	0.04961  	-0.6165  	-0.2888  	0.46510  	-0.9578  	-0.2431  	0.05823  	0.08607  	-0.2449  	-0.3517  	0.67934  	0.10351  	-0.2614  	-0.8714  	-0.1310  	0.22820  	-0.0149  	0.63435  	0.12338  	-0.3868  	0.92028  	0.06611  	0.28524  	0.19928  	0.12423  	0.12413  	-0.4470  	-0.4403  	-0.1011  	-0.0033  	0.19985  	-0.0481  	-0.1675  	0.38705  	0.26931  	0.20538  	0.07923  	-0.4478  	0.02890  	0.16991  	0.07126  	-0.1289  	0.24023  	0.06762  	-0.0401  	0.00301  	-0.0557  	-0.0099  	-0.1746  	-0.1371  	-0.0580  	-0.0039  	-0.0263  	-0.0172  	-0.0093  	-0.0032  	0.01638  	0.03580  	-0.0564  	-0.0230  	0.05443  	0.03130  	0.01521  	0.20158  	-0.0276  	0.00568  	-0.0014  	0.03522  	0.06434  	0.40137  	267.172  	162.321  	
-0.0362  	-0.0090  	-0.6476  	-0.4200  	0.37079  	-1.0267  	-0.2328  	0.02911  	0.05519  	-0.2460  	-0.2815  	0.54361  	0.00968  	-0.3984  	-0.9352  	-0.1239  	0.24106  	-0.0307  	0.63643  	0.08561  	-0.3302  	0.90385  	0.08128  	0.27977  	0.23336  	0.12102  	0.19846  	-0.5274  	-0.4766  	-0.0876  	-0.0191  	0.20091  	-0.0808  	-0.1713  	0.37375  	0.30171  	0.27991  	0.09386  	-0.4695  	-0.0095  	0.15377  	0.09192  	-0.1416  	0.25385  	0.07939  	-0.0401  	0.00707  	-0.0683  	-0.0157  	-0.1692  	-0.1327  	-0.0507  	0.00126  	-0.0159  	-0.0149  	-0.0086  	-0.0016  	0.01788  	0.04174  	-0.0504  	-0.0256  	0.05035  	0.03669  	0.01619  	0.20158  	-0.0276  	0.00568  	-0.0014  	0.03522  	0.06434  	0.40137  	267.172  	162.321  	
-0.0240  	-0.0155  	-0.6382  	-0.3839  	0.34362  	-0.9592  	-0.2576  	0.07039  	0.03556  	-0.3488  	-0.2600  	0.57211  	-0.0128  	-0.4155  	-0.9056  	-0.0820  	0.23901  	-0.0564  	0.64480  	0.05650  	-0.2961  	0.93434  	0.13809  	0.36608  	0.23670  	0.12005  	0.25074  	-0.5571  	-0.5396  	-0.0813  	-0.0263  	0.21139  	-0.0861  	-0.1914  	0.41881  	0.27530  	0.31037  	0.10430  	-0.4973  	-0.0199  	0.15640  	0.10529  	-0.1675  	0.25430  	0.07856  	-0.0406  	0.00440  	-0.0748  	-0.0254  	-0.1656  	-0.1391  	-0.0570  	0.00393  	-0.0200  	-0.0182  	-0.0111  	0.00424  	0.01897  	0.03729  	-0.0493  	-0.0250  	0.04832  	0.03166  	0.01683  	0.20158  	-0.0276  	0.00568  	-0.0014  	0.03522  	0.06434  	0.40137  	267.172  	162.321  	
0.06831  	-0.0234  	-0.6063  	-0.2566  	0.44408  	-0.8627  	-0.2613  	0.08738  	0.07110  	-0.3088  	-0.3173  	0.66732  	0.04664  	-0.3620  	-0.9319  	-0.0432  	0.23841  	-0.0331  	0.61293  	0.11544  	-0.3098  	0.86149  	0.07787  	0.34345  	0.21957  	0.12492  	0.20570  	-0.5041  	-0.4868  	-0.0920  	-0.0205  	0.21650  	-0.0492  	-0.1859  	0.44960  	0.28229  	0.26540  	0.07285  	-0.4747  	0.00224  	0.12935  	0.09636  	-0.1505  	0.24715  	0.08680  	-0.0418  	0.00319  	-0.0682  	-0.0157  	-0.1738  	-0.1386  	-0.0589  	0.00365  	-0.0309  	-0.0174  	-0.0129  	0.00420  	0.02055  	0.03408  	-0.0591  	-0.0231  	0.04632  	0.04359  	0.01825  	0.20158  	-0.0276  	0.00568  	-0.0014  	0.03522  	0.06434  	0.40137  	267.172  	162.321  	
0.20413  	0.04948  	-0.5070  	-0.2244  	0.43190  	-0.8557  	-0.2513  	0.10335  	0.09526  	-0.2240  	-0.3131  	0.67107  	0.05206  	-0.3020  	-0.9416  	-0.0202  	0.18690  	-0.0262  	0.61448  	0.14162  	-0.2854  	0.89918  	0.04685  	0.33736  	0.21141  	0.10617  	0.18071  	-0.5116  	-0.5106  	-0.1003  	-0.0202  	0.21546  	-0.0543  	-0.1798  	0.45428  	0.27880  	0.28573  	0.08204  	-0.4754  	0.00343  	0.10857  	0.09650  	-0.1525  	0.23948  	0.07619  	-0.0449  	0.01129  	-0.0567  	-0.0042  	-0.1746  	-0.1288  	-0.0575  	0.00277  	-0.0232  	-0.0215  	-0.0073  	0.00141  	0.01470  	0.03686  	-0.0582  	-0.0270  	0.04205  	0.04449  	0.01564  	0.20158  	-0.0276  	0.00568  	-0.0014  	0.03522  	0.06434  	0.40137  	267.172  	162.321  	
0.22643  	0.02869  	-0.5103  	-0.1646  	0.47450  	-0.8618  	-0.2571  	0.09077  	0.05786  	-0.2492  	-0.2103  	0.70013  	0.02340  	-0.3297  	-0.9795  	0.08640  	0.18381  	-0.0175  	0.62185  	0.15166  	-0.2611  	0.85752  	-0.0096  	0.37562  	0.19130  	0.08560  	0.21855  	-0.5311  	-0.5166  	-0.0798  	-0.0508  	0.23203  	-0.0622  	-0.1902  	0.54039  	0.31062  	0.30297  	0.07213  	-0.5064  	0.00134  	0.07957  	0.12174  	-0.1699  	0.22489  	0.08461  	-0.0361  	0.00277  	-0.0621  	-0.0043  	-0.1721  	-0.1232  	-0.0607  	0.00925  	-0.0239  	-0.0150  	-0.0046  	0.00611  	0.01436  	0.03528  	-0.0504  	-0.0316  	0.04381  	0.03655  	0.01497  	0.20158  	-0.0276  	0.00568  	-0.0014  	0.03522  	0.06434  	0.40137  	267.172  	162.321  	
0.37428  	0.05734  	-0.5005  	0.07617  	0.64655  	-0.7484  	-0.2389  	0.13465  	0.08851  	-0.3440  	-0.3991  	0.71797  	0.08110  	-0.2445  	-0.7669  	0.13571  	0.18077  	-0.0579  	0.65128  	0.17562  	-0.2054  	0.87545  	-0.0817  	0.37605  	0.22317  	0.06794  	0.24683  	-0.5361  	-0.5814  	-0.0584  	-0.0991  	0.24071  	-0.0564  	-0.1786  	0.60384  	0.28916  	0.31847  	0.09358  	-0.5065  	0.02063  	0.04390  	0.12818  	-0.1837  	0.22688  	0.08479  	-0.0327  	-0.0005  	-0.0541  	-0.0065  	-0.1715  	-0.1211  	-0.0580  	0.00082  	-0.0208  	-0.0136  	-0.0015  	0.00512  	0.02136  	0.03517  	-0.0448  	-0.0381  	0.04250  	0.02942  	0.01063  	0.20158  	-0.0276  	0.00568  	-0.0014  	0.03522  	0.06434  	0.40137  	267.172  	162.321  	
0.42176  	0.09698  	-0.4338  	0.02888  	0.58981  	-0.7129  	-0.1712  	0.14035  	0.12536  	-0.3646  	-0.4242  	0.74107  	0.11988  	-0.1912  	-0.7279  	0.08586  	0.19305  	-0.0290  	0.60922  	0.20004  	-0.2680  	0.91201  	-0.0379  	0.34672  	0.20878  	0.07821  	0.19325  	-0.4890  	-0.5136  	-0.0878  	-0.0693  	0.23005  	-0.0308  	-0.1792  	0.50863  	0.26241  	0.27950  	0.10340  	-0.4750  	0.04446  	0.09576  	0.10994  	-0.1576  	0.21704  	0.07945  	-0.0367  	0.00780  	-0.0496  	-0.0008  	-0.1699  	-0.1335  	-0.0521  	0.00127  	-0.0205  	-0.0158  	-0.0034  	0.00091  	0.01516  	0.03360  	-0.0427  	-0.0242  	0.03387  	0.03021  	0.01605  	0.20158  	-0.0276  	0.00568  	-0.0014  	0.03522  	0.06434  	0.40137  	267.172  	162.321  	
0.31848  	0.08006  	-0.5648  	0.04288  	0.63601  	-0.8128  	-0.1572  	0.14630  	0.11070  	-0.3532  	-0.4111  	0.66606  	0.17699  	-0.0510  	-0.6922  	-0.0262  	0.18713  	-0.0145  	0.57480  	0.21835  	-0.2747  	0.90958  	-0.1196  	0.37161  	0.33511  	0.07176  	0.21347  	-0.4548  	-0.4583  	-0.0467  	-0.0757  	0.19319  	-0.0372  	-0.1751  	0.54199  	0.27816  	0.24315  	0.06272  	-0.4552  	0.02879  	0.04694  	0.11449  	-0.1704  	0.21187  	0.08150  	-0.0361  	-0.0014  	-0.0634  	-0.0083  	-0.1718  	-0.1224  	-0.0618  	0.00648  	-0.0263  	-0.0160  	0.00725  	-0.0020  	0.01237  	0.03656  	-0.0495  	-0.0273  	0.04300  	0.02115  	0.01551  	0.20158  	-0.0276  	0.00568  	-0.0014  	0.03522  	0.06434  	0.40137  	267.172  	162.321  	
0.10572  	0.00126  	-0.7624  	0.13119  	0.72319  	-0.9626  	-0.1970  	0.12300  	0.09757  	-0.3515  	-0.2986  	0.77548  	0.14237  	-0.1033  	-0.6718  	-0.0734  	0.18653  	-0.0102  	0.57561  	0.24305  	-0.2401  	0.89335  	-0.0971  	0.41163  	0.28217  	0.07458  	0.20648  	-0.4231  	-0.4754  	-0.0605  	-0.0446  	0.18354  	-0.0144  	-0.1617  	0.56445  	0.25154  	0.24899  	0.02794  	-0.4474  	0.04824  	0.02547  	0.13120  	-0.2266  	0.20059  	0.09803  	-0.0363  	0.01146  	-0.0761  	-0.0100  	-0.1706  	-0.1322  	-0.0623  	0.00332  	-0.0203  	-0.0218  	0.00069  	0.00305  	0.00969  	0.04582  	-0.0388  	-0.0268  	0.04404  	0.01761  	0.01096  	0.20158  	-0.0276  	0.00568  	-0.0014  	0.03522  	0.06434  	0.40137  	267.172  	162.321  	
-0.0053  	-0.0249  	-0.7511  	0.00333  	0.70195  	-1.0697  	-0.1856  	0.06300  	0.06724  	-0.2951  	-0.2433  	0.80892  	0.10378  	-0.1817  	-0.7047  	-0.1382  	0.18333  	0.01240  	0.59813  	0.24032  	-0.2595  	0.88232  	-0.0995  	0.38339  	0.23754  	0.09635  	0.20876  	-0.4647  	-0.5499  	-0.0758  	-0.0529  	0.16919  	-0.0139  	-0.1519  	0.56383  	0.25324  	0.23544  	0.06464  	-0.4547  	0.02721  	0.02051  	0.14063  	-0.2173  	0.20328  	0.08816  	-0.0351  	0.00815  	-0.0803  	-0.0058  	-0.1766  	-0.1264  	-0.0589  	0.00356  	-0.0149  	-0.0203  	0.00370  	0.00150  	0.01175  	0.02924  	-0.0412  	-0.0260  	0.03913  	0.01951  	0.00831  	0.20158  	-0.0276  	0.00568  	-0.0014  	0.03522  	0.06434  	0.40137  	267.172  	162.321  	
0.03422  	0.00456  	-0.6914  	-0.1510  	0.56191  	-0.9138  	-0.2114  	0.08053  	0.07129  	-0.2766  	-0.3044  	0.67862  	0.02987  	-0.3249  	-0.7997  	-0.0977  	0.20694  	0.02158  	0.60496  	0.20681  	-0.2575  	0.89929  	-0.0320  	0.35766  	0.29667  	0.09102  	0.21582  	-0.5136  	-0.5012  	-0.0444  	-0.0489  	0.17798  	-0.0855  	-0.1684  	0.47613  	0.27425  	0.24954  	0.06586  	-0.4580  	0.04058  	0.03657  	0.11719  	-0.1752  	0.21157  	0.10531  	-0.0293  	-0.0015  	-0.0965  	-0.0221  	-0.1630  	-0.1278  	-0.0566  	0.00447  	-0.0188  	-0.0137  	-0.0008  	0.00935  	0.02280  	0.02531  	-0.0423  	-0.0364  	0.03091  	0.02286  	0.00846  	0.20158  	-0.0276  	0.00568  	-0.0014  	0.03522  	0.06434  	0.40137  	267.172  	162.321  	
-0.0131  	-0.0194  	-0.6426  	-0.3436  	0.46728  	-0.9488  	-0.2099  	0.03378  	0.06224  	-0.2804  	-0.3075  	0.60656  	0.02371  	-0.3984  	-1.0203  	-0.1552  	0.19549  	0.04328  	0.60494  	0.18739  	-0.2978  	0.87216  	-9.5007  	0.32680  	0.26066  	0.11733  	0.16212  	-0.4412  	-0.4406  	-0.0979  	-0.0246  	0.16722  	-0.0889  	-0.1644  	0.39325  	0.31880  	0.22119  	0.06425  	-0.4182  	0.03499  	0.10158  	0.09891  	-0.1628  	0.22829  	0.08562  	-0.0385  	-0.0046  	-0.0754  	-0.0181  	-0.1663  	-0.1234  	-0.0593  	0.00440  	-0.0238  	-0.0184  	-0.0061  	0.00509  	0.02288  	0.03665  	-0.0437  	-0.0326  	0.03895  	0.03050  	0.01641  	0.20158  	-0.0276  	0.00568  	-0.0014  	0.03522  	0.06434  	0.40137  	267.172  	162.321  	
-0.1383  	-0.0464  	-0.6838  	-0.4128  	0.39956  	-1.0303  	-0.2216  	0.00492  	0.04270  	-0.2294  	-0.2091  	0.56788  	-0.0218  	-0.4729  	-1.0697  	-0.1412  	0.21478  	0.01287  	0.61262  	0.15865  	-0.2807  	0.83862  	-0.0066  	0.29845  	0.27483  	0.10352  	0.22536  	-0.4720  	-0.4768  	-0.0961  	-0.0399  	0.20600  	-0.0809  	-0.1762  	0.41176  	0.33618  	0.25037  	0.07186  	-0.4312  	0.00736  	0.10288  	0.10471  	-0.1714  	0.23290  	0.09743  	-0.0346  	-0.0022  	-0.0776  	-0.0232  	-0.1595  	-0.1267  	-0.0583  	0.00754  	-0.0198  	-0.0182  	-0.0069  	0.00178  	0.02411  	0.04123  	-0.0444  	-0.0294  	0.03664  	0.03034  	0.01442  	0.20158  	-0.0276  	0.00568  	-0.0014  	0.03522  	0.06434  	0.40137  	267.172  	162.321  	
-0.2310  	-0.0609  	-0.7065  	-0.6150  	0.29225  	-1.1028  	-0.2120  	-0.0320  	0.01658  	-0.1822  	-0.1509  	0.48183  	-0.0058  	-0.4668  	-1.1200  	-0.1559  	0.21040  	0.01401  	0.62452  	0.15692  	-0.3081  	0.87572  	0.04530  	0.30313  	0.23925  	0.12508  	0.18368  	-0.4936  	-0.5027  	-0.1112  	-0.0155  	0.19449  	-0.0753  	-0.1687  	0.37434  	0.32411  	0.24331  	0.09340  	-0.4493  	-0.0192  	0.15303  	0.11391  	-0.1688  	0.23161  	0.08536  	-0.0375  	0.00566  	-0.0731  	-0.0316  	-0.1565  	-0.1434  	-0.0527  	0.00895  	-0.0161  	-0.0259  	-0.0155  	0.00088  	0.02261  	0.03298  	-0.0482  	-0.0220  	0.04142  	0.03157  	0.01419  	0.20158  	-0.0276  	0.00568  	-0.0014  	0.03522  	0.06434  	0.40137  	267.172  	162.321  	
-0.2835  	-0.0744  	-0.7558  	-0.5640  	0.33911  	-1.1398  	-0.1930  	-0.0638  	0.02362  	-0.2051  	-0.1771  	0.53354  	0.03178  	-0.4521  	-1.1268  	-0.1557  	0.19087  	0.02959  	0.60963  	0.18930  	-0.4029  	0.88306  	0.03916  	0.28428  	0.22213  	0.13440  	0.10371  	-0.4395  	-0.4494  	-0.1162  	-0.0084  	0.17772  	-0.0639  	-0.1594  	0.35808  	0.32621  	0.18807  	0.06546  	-0.4309  	-0.0045  	0.15453  	0.11234  	-0.1576  	0.22722  	0.08963  	-0.0436  	0.00329  	-0.0666  	-0.0246  	-0.1646  	-0.1398  	-0.0529  	0.00716  	-0.0220  	-0.0260  	-0.0109  	0.00131  	0.01911  	0.03312  	-0.0489  	-0.0168  	0.04396  	0.03322  	0.01085  	0.20158  	-0.0276  	0.00568  	-0.0014  	0.03522  	0.06434  	0.40137  	267.172  	162.321  	
-0.3662  	-0.1067  	-0.7846  	-0.5498  	0.36447  	-1.2080  	-0.1983  	-0.0604  	0.03344  	-0.1892  	-0.1621  	0.57950  	0.03708  	-0.4303  	-1.1138  	-0.1635  	0.20579  	0.02088  	0.58506  	0.19876  	-0.3806  	0.90700  	0.04987  	0.30058  	0.21107  	0.14439  	0.09895  	-0.4655  	-0.4645  	-0.1179  	0.01036  	0.17079  	-0.0562  	-0.1627  	0.36353  	0.31159  	0.17605  	0.05561  	-0.4310  	-0.0067  	0.13852  	0.11551  	-0.1656  	0.21766  	0.09044  	-0.0453  	0.00351  	-0.0626  	-0.0197  	-0.1617  	-0.1415  	-0.0561  	0.00862  	-0.0196  	-0.0201  	-0.0095  	0.00102  	0.01566  	0.03410  	-0.0484  	-0.0177  	0.04798  	0.03402  	0.01127  	0.20158  	-0.0276  	0.00568  	-0.0014  	0.03522  	0.06434  	0.40137  	267.172  	162.321  	
-0.3001  	-0.1240  	-0.8351  	-0.4989  	0.41125  	-1.2007  	-0.2245  	-0.0010  	0.04495  	-0.2567  	-0.1034  	0.57869  	0.03428  	-0.4267  	-0.9846  	-0.1534  	0.25252  	-0.0247  	0.59877  	0.20886  	-0.2246  	0.85652  	0.03311  	0.34294  	0.17754  	0.12587  	0.16834  	-0.4929  	-0.5430  	-0.0931  	-0.0090  	0.19433  	-0.0633  	-0.1667  	0.47364  	0.26867  	0.26311  	0.07338  	-0.4740  	-0.0204  	0.09275  	0.10408  	-0.1981  	0.20147  	0.09177  	-0.0369  	0.00566  	-0.0827  	-0.0175  	-0.1691  	-0.1346  	-0.0587  	0.00166  	-0.0207  	-0.0184  	-0.0049  	-0.0018  	0.01804  	0.03515  	-0.0445  	-0.0227  	0.04800  	0.03474  	0.01153  	0.20158  	-0.0276  	0.00568  	-0.0014  	0.03522  	0.06434  	0.40137  	267.172  	162.321  	
-0.2585  	-0.0717  	-0.7665  	-0.5475  	0.35950  	-1.2275  	-0.2393  	0.06487  	0.04073  	-0.2147  	-0.0811  	0.56353  	0.02415  	-0.3754  	-0.9767  	-0.1747  	0.25212  	-0.0371  	0.61256  	0.20641  	-0.2008  	0.86175  	0.02582  	0.35704  	0.19982  	0.11631  	0.18729  	-0.5519  	-0.5381  	-0.1151  	-0.0179  	0.18602  	-0.0489  	-0.1751  	0.46278  	0.26120  	0.29978  	0.06948  	-0.4615  	-0.0240  	0.09042  	0.09934  	-0.2111  	0.21073  	0.09304  	-0.0279  	0.00439  	-0.0800  	-0.0172  	-0.1691  	-0.1350  	-0.0578  	0.00346  	-0.0253  	-0.0225  	-0.0078  	0.00017  	0.02119  	0.03932  	-0.0444  	-0.0236  	0.04627  	0.03127  	0.00979  	0.20158  	-0.0276  	0.00568  	-0.0014  	0.03522  	0.06434  	0.40137  	267.172  	162.321  	
-0.0914  	-0.0410  	-0.6184  	-0.4754  	0.31346  	-1.0552  	-0.2235  	0.05455  	0.05320  	-0.2677  	-0.1794  	0.55766  	0.01525  	-0.3882  	-1.0423  	-0.1232  	0.24692  	-0.0362  	0.62620  	0.14074  	-0.2227  	0.88561  	0.08574  	0.37220  	0.23831  	0.12413  	0.26658  	-0.5706  	-0.5133  	-0.0922  	-0.0105  	0.18793  	-0.0724  	-0.1922  	0.42598  	0.27561  	0.29797  	0.06906  	-0.4758  	0.00707  	0.12062  	0.10290  	-0.1790  	0.24431  	0.10695  	-0.0407  	0.00806  	-0.0829  	-0.0268  	-0.1561  	-0.1352  	-0.0592  	0.00682  	-0.0218  	-0.0214  	-0.0032  	-0.0026  	0.01530  	0.03859  	-0.0462  	-0.0263  	0.05057  	0.03164  	0.01494  	0.20158  	-0.0276  	0.00568  	-0.0014  	0.03522  	0.06434  	0.40137  	267.172  	162.321  	
0.15957  	-0.0109  	-0.5748  	-0.2710  	0.42523  	-0.8763  	-0.2567  	0.10529  	0.08086  	-0.3264  	-0.3248  	0.62100  	0.03477  	-0.4223  	-0.9860  	0.00024  	0.26647  	-0.0089  	0.64430  	0.16189  	-0.2808  	0.85455  	0.05132  	0.32849  	0.23579  	0.11996  	0.21135  	-0.4993  	-0.4935  	-0.0821  	-0.0440  	0.21748  	-0.0607  	-0.1855  	0.44006  	0.27908  	0.27692  	0.07715  	-0.4622  	0.00619  	0.13136  	0.09537  	-0.1510  	0.24893  	0.09461  	-0.0371  	0.00415  	-0.0620  	-0.0163  	-0.1632  	-0.1341  	-0.0578  	0.00225  	-0.0220  	-0.0135  	-0.0039  	0.00291  	0.01839  	0.03552  	-0.0566  	-0.0307  	0.04884  	0.03593  	0.01273  	0.20158  	-0.0276  	0.00568  	-0.0014  	0.03522  	0.06434  	0.40137  	267.172  	162.321  	
0.23169  	0.04681  	-0.4817  	-0.1770  	0.46963  	-0.8661  	-0.2511  	0.10175  	0.08191  	-0.2442  	-0.2546  	0.69017  	0.02984  	-0.3567  	-0.9282  	0.01385  	0.20369  	-0.0357  	0.62057  	0.17395  	-0.2494  	0.87753  	0.01821  	0.34051  	0.17927  	0.10494  	0.18867  	-0.5162  	-0.4994  	-0.0921  	-0.0439  	0.22441  	-0.0614  	-0.1793  	0.48239  	0.29428  	0.30827  	0.09788  	-0.4871  	0.01326  	0.11303  	0.09748  	-0.1569  	0.24534  	0.07612  	-0.0383  	0.00600  	-0.0580  	-0.0073  	-0.1734  	-0.1243  	-0.0583  	0.00647  	-0.0218  	-0.0159  	-0.0044  	0.00439  	0.01586  	0.03773  	-0.0519  	-0.0296  	0.04547  	0.03469  	0.01414  	0.20158  	-0.0276  	0.00568  	-0.0014  	0.03522  	0.06434  	0.40137  	267.172  	162.321  	
0.22733  	-0.0131  	-0.5294  	-0.1464  	0.47674  	-0.8491  	-0.2264  	0.06115  	0.06151  	-0.2834  	-0.2845  	0.64752  	0.03530  	-0.3961  	-0.9304  	0.09011  	0.19015  	-0.0083  	0.62568  	0.14245  	-0.2880  	0.86603  	-0.0501  	0.34120  	0.28257  	0.07022  	0.24533  	-0.4597  	-0.4962  	-0.0625  	-0.0695  	0.24868  	-0.0818  	-0.1837  	0.51630  	0.34385  	0.29690  	0.08345  	-0.4874  	0.01246  	0.07624  	0.12097  	-0.1745  	0.22756  	0.08308  	-0.0377  	0.00038  	-0.0661  	-0.0042  	-0.1693  	-0.1185  	-0.0594  	0.00876  	-0.0199  	-0.0100  	0.00152  	0.00772  	0.01729  	0.03690  	-0.0460  	-0.0277  	0.03848  	0.03663  	0.01644  	0.20158  	-0.0276  	0.00568  	-0.0014  	0.03522  	0.06434  	0.40137  	267.172  	162.321  	
0.09783  	-0.0320  	-0.6133  	-0.1449  	0.49817  	-0.8964  	-0.2630  	0.03736  	0.04894  	-0.3440  	-0.2861  	0.64231  	-0.0041  	-0.3745  	-0.8968  	0.00934  	0.24945  	-0.0523  	0.63582  	0.12400  	-0.2579  	0.86457  	-0.0311  	0.38815  	0.28083  	0.07973  	0.26868  	-0.5047  	-0.5136  	-0.0543  	-0.0693  	0.25147  	-0.0935  	-0.1888  	0.52323  	0.34591  	0.32905  	0.08242  	-0.5131  	-0.0055  	0.07414  	0.10906  	-0.1807  	0.22782  	0.08358  	-0.0375  	0.00658  	-0.0745  	-0.0177  	-0.1723  	-0.1261  	-0.0574  	0.00823  	-0.0252  	-0.0161  	-0.0039  	0.00776  	0.02058  	0.03864  	-0.0462  	-0.0325  	0.03454  	0.03176  	0.01981  	0.20158  	-0.0276  	0.00568  	-0.0014  	0.03522  	0.06434  	0.40137  	267.172  	162.321  	
0.22272  	0.00814  	-0.5586  	0.02356  	0.59962  	-0.7782  	-0.2563  	0.10397  	0.10098  	-0.4494  	-0.4712  	0.70219  	0.06843  	-0.2108  	-0.5899  	-0.0678  	0.25344  	-0.0883  	0.61042  	0.08526  	-0.2226  	0.92077  	0.02317  	0.40516  	0.26368  	0.09507  	0.28927  	-0.5315  	-0.5333  	-0.0484  	-0.0577  	0.22962  	-0.0700  	-0.1738  	0.53786  	0.24738  	0.31154  	0.07841  	-0.5150  	-0.0010  	0.05016  	0.11448  	-0.1862  	0.21574  	0.08144  	-0.0322  	0.00168  	-0.0761  	-0.0186  	-0.1698  	-0.1278  	-0.0593  	0.00238  	-0.0248  	-0.0211  	0.00265  	0.00858  	0.01615  	0.04264  	-0.0487  	-0.0266  	0.04588  	0.03068  	0.01666  	0.20158  	-0.0276  	0.00568  	-0.0014  	0.03522  	0.06434  	0.40137  	267.172  	162.321  	
0.25289  	0.04515  	-0.5732  	0.08036  	0.62499  	-0.8349  	-0.2393  	0.11131  	0.12160  	-0.4189  	-0.5119  	0.72796  	0.12600  	-0.1599  	-0.5578  	-0.0976  	0.24680  	-0.0395  	0.59058  	0.11559  	-0.2891  	0.88818  	-0.0044  	0.32645  	0.24725  	0.10624  	0.19672  	-0.4533  	-0.4499  	-0.0446  	-0.0437  	0.19678  	-0.0386  	-0.1676  	0.51519  	0.23097  	0.22390  	0.07334  	-0.4603  	0.01769  	0.07373  	0.09368  	-0.1520  	0.21680  	0.07869  	-0.0386  	0.01287  	-0.0743  	-0.0062  	-0.1708  	-0.1251  	-0.0552  	0.00544  	-0.0246  	-0.0183  	0.00104  	-0.0017  	0.01234  	0.04852  	-0.0385  	-0.0288  	0.05117  	0.02900  	0.01378  	0.20158  	-0.0276  	0.00568  	-0.0014  	0.03522  	0.06434  	0.40137  	267.172  	162.321  	
0.30777  	0.08148  	-0.5560  	0.11378  	0.62382  	-0.8069  	-0.2172  	0.13630  	0.12626  	-0.4226  	-0.5081  	0.73115  	0.14368  	-0.1225  	-0.5753  	-0.0725  	0.23396  	-0.0197  	0.60901  	0.13791  	-0.2568  	0.89370  	-0.0358  	0.32894  	0.24795  	0.10931  	0.19967  	-0.4832  	-0.4814  	-0.0398  	-0.0707  	0.21058  	-0.0376  	-0.1708  	0.53878  	0.21261  	0.23659  	0.07575  	-0.4553  	0.01644  	0.06287  	0.10991  	-0.1573  	0.21499  	0.09139  	-0.0379  	0.01084  	-0.0782  	-0.0071  	-0.1706  	-0.1264  	-0.0580  	0.00887  	-0.0263  	-0.0196  	0.00234  	0.00585  	0.01513  	0.04044  	-0.0500  	-0.0296  	0.05096  	0.02580  	0.01094  	0.20158  	-0.0276  	0.00568  	-0.0014  	0.03522  	0.06434  	0.40137  	267.172  	162.321  	
0.20490  	0.02054  	-0.5844  	0.10478  	0.63008  	-0.7184  	-0.2467  	0.11442  	0.08330  	-0.4419  	-0.4828  	0.67881  	0.07450  	-0.2670  	-0.6061  	-0.0394  	0.23235  	-0.0523  	0.60787  	0.11831  	-0.2122  	0.92500  	-0.0065  	0.39213  	0.25711  	0.08578  	0.26914  	-0.5210  	-0.5380  	-0.0295  	-0.0659  	0.23420  	-0.0588  	-0.1637  	0.53083  	0.23599  	0.27792  	0.08557  	-0.4815  	0.00923  	0.05439  	0.11284  	-0.1731  	0.23202  	0.07683  	-0.0361  	0.00092  	-0.0781  	-0.0107  	-0.1759  	-0.1316  	-0.0570  	0.00718  	-0.0207  	-0.0225  	-0.0016  	0.00856  	0.01804  	0.04224  	-0.0529  	-0.0292  	0.03647  	0.03022  	0.01044  	0.20158  	-0.0276  	0.00568  	-0.0014  	0.03522  	0.06434  	0.40137  	267.172  	162.321  	
0.25968  	0.01157  	-0.5588  	0.12300  	0.63915  	-0.7653  	-0.2217  	0.08248  	0.06689  	-0.4090  	-0.4882  	0.65515  	0.08044  	-0.2706  	-0.6604  	0.00145  	0.21188  	-0.0452  	0.59853  	0.14970  	-0.2901  	0.90983  	-0.0512  	0.38719  	0.32024  	0.08886  	0.29102  	-0.5050  	-0.5005  	-0.0216  	-0.0957  	0.24254  	-0.0676  	-0.1628  	0.52546  	0.30148  	0.26075  	0.09037  	-0.4824  	0.01317  	0.03541  	0.11283  	-0.1748  	0.22779  	0.08600  	-0.0408  	0.00069  	-0.0595  	-0.0045  	-0.1849  	-0.1204  	-0.0546  	0.01109  	-0.0271  	-0.0180  	0.00174  	0.00879  	0.01766  	0.04386  	-0.0481  	-0.0321  	0.02973  	0.03384  	0.01086  	0.20158  	-0.0276  	0.00568  	-0.0014  	0.03522  	0.06434  	0.40137  	267.172  	162.321  	
0.31599  	-0.0044  	-0.5481  	0.16771  	0.67537  	-0.8265  	-0.2090  	0.01880  	0.05208  	-0.3109  	-0.4591  	0.69315  	0.04805  	-0.3333  	-0.7881  	0.08753  	0.19897  	-0.0230  	0.60871  	0.17521  	-0.3763  	0.91532  	-0.1058  	0.38635  	0.38202  	0.05528  	0.27467  	-0.4595  	-0.4509  	0.00067  	-0.0989  	0.24111  	-0.1046  	-0.1824  	0.52291  	0.37762  	0.23860  	0.06672  	-0.4666  	0.02929  	0.05190  	0.11981  	-0.1767  	0.23255  	0.08541  	-0.0349  	-0.0029  	-0.0511  	0.00130  	-0.1764  	-0.1065  	-0.0535  	0.00969  	-0.0281  	-0.0136  	0.00489  	0.01387  	0.02462  	0.04249  	-0.0451  	-0.0374  	0.02692  	0.03444  	0.00533  	0.20158  	-0.0276  	0.00568  	-0.0014  	0.03522  	0.06434  	0.40137  	267.172  	162.321  	
0.32668  	0.00714  	-0.4544  	0.11554  	0.69366  	-0.8641  	-0.2220  	0.11147  	0.03733  	-0.2405  	-0.3550  	0.71199  	0.10542  	-0.4380  	-0.8753  	0.14786  	0.25165  	-0.1393  	0.69950  	-0.0764  	-0.3431  	0.68381  	-0.4325  	0.37547  	0.33823  	0.15253  	0.30192  	-0.5358  	-0.3633  	-0.0339  	0.01108  	0.19825  	-0.1957  	-0.3483  	0.45770  	0.38116  	0.13131  	0.08474  	-0.5694  	-0.0434  	0.12852  	0.27025  	-0.2867  	0.31451  	0.02338  	-0.0156  	-0.0314  	-0.0235  	-0.0099  	-0.1919  	-0.1034  	-0.0490  	0.01427  	-0.0059  	-0.0043  	0.00121  	0.00467  	0.00453  	0.04317  	-0.0330  	-0.0278  	0.02265  	0.02355  	0.01176  	0.20158  	-0.0276  	0.00568  	-0.0014  	0.03522  	0.06434  	0.40137  	267.172  	162.321  	
0.24625  	0.02187  	-0.4561  	-0.0909  	0.59579  	-0.8903  	-0.2295  	0.11287  	0.00719  	-0.2856  	-0.3540  	0.60406  	0.13048  	-0.5427  	-0.8736  	0.03877  	0.34213  	-0.2577  	0.74365  	-0.3333  	-0.2632  	0.48975  	-0.5798  	0.33873  	0.26359  	0.24912  	0.29983  	-0.5725  	-0.2880  	-0.0525  	0.12923  	0.16789  	-0.2913  	-0.4657  	0.37097  	0.36881  	0.08391  	0.06935  	-0.6578  	-0.1069  	0.21339  	0.35936  	-0.3800  	0.39363  	-0.0159  	-0.0002  	-0.0550  	-0.0248  	-0.0296  	-0.1992  	-0.1020  	-0.0437  	0.01624  	0.01130  	0.00020  	-0.0018  	-0.0016  	-0.0059  	0.04376  	-0.0290  	-0.0221  	0.02511  	0.00296  	0.01288  	0.20158  	-0.0276  	0.00568  	-0.0014  	0.03522  	0.06434  	0.40137  	267.172  	162.321  	
-0.0146  	-0.0486  	-0.6195  	-0.1122  	0.53076  	-0.9964  	-0.2859  	0.13847  	-0.0174  	-0.3813  	-0.3887  	0.58331  	0.13213  	-0.5134  	-0.7540  	-0.1610  	0.43847  	-0.3249  	0.76816  	-0.4168  	-0.2074  	0.40689  	-0.5523  	0.41495  	0.25668  	0.27644  	0.31747  	-0.6505  	-0.2997  	-0.0777  	0.15541  	0.14549  	-0.3113  	-0.5064  	0.35975  	0.30904  	0.07599  	0.08290  	-0.7122  	-0.1223  	0.21489  	0.37182  	-0.4231  	0.39546  	-0.0284  	-0.0037  	-0.0450  	-0.0472  	-0.0468  	-0.1888  	-0.1119  	-0.0407  	0.00912  	0.00997  	-0.0033  	-0.0112  	0.00462  	-0.0020  	0.04567  	-0.0274  	-0.0226  	0.02714  	0.00354  	0.01528  	0.20158  	-0.0276  	0.00568  	-0.0014  	0.03522  	0.06434  	0.40137  	267.172  	162.321  	
0.03676  	-0.0329  	-0.6305  	-0.1297  	0.51136  	-0.9372  	-0.3033  	0.14328  	-0.0007  	-0.4441  	-0.3841  	0.59836  	0.10488  	-0.4472  	-0.6356  	-0.2432  	0.42857  	-0.3365  	0.73855  	-0.3717  	-0.1478  	0.49113  	-0.4207  	0.36047  	0.22549  	0.27299  	0.30396  	-0.6888  	-0.3418  	-0.0822  	0.14403  	0.13386  	-0.2830  	-0.4744  	0.37464  	0.26400  	0.12328  	0.08425  	-0.6999  	-0.1681  	0.20275  	0.35466  	-0.4086  	0.37077  	-0.0043  	-0.0045  	-0.0435  	-0.0498  	-0.0557  	-0.1917  	-0.1202  	-0.0434  	0.01115  	0.00801  	-0.0063  	-0.0092  	0.00629  	0.00257  	0.04720  	-0.0334  	-0.0195  	0.02568  	0.00666  	0.01860  	0.20158  	-0.0276  	0.00568  	-0.0014  	0.03522  	0.06434  	0.40137  	267.172  	162.321  	
0.17269  	0.03371  	-0.5329  	-0.0700  	0.53664  	-0.8247  	-0.3080  	0.15614  	0.05006  	-0.4031  	-0.3776  	0.64928  	0.11176  	-0.3314  	-0.6914  	-0.1249  	0.32604  	-0.2127  	0.69675  	-0.1551  	-0.1613  	0.68651  	-0.2098  	0.34275  	0.19363  	0.19753  	0.25231  	-0.6379  	-0.4464  	-0.0730  	0.05468  	0.17857  	-0.1559  	-0.3353  	0.44393  	0.24507  	0.22132  	0.09749  	-0.6111  	-0.0948  	0.15081  	0.23909  	-0.2862  	0.30803  	0.02205  	-0.0268  	-0.0208  	-0.0572  	-0.0313  	-0.1859  	-0.1215  	-0.0513  	0.00413  	-0.0034  	-0.0146  	0.00171  	0.00167  	0.00414  	0.04428  	-0.0403  	-0.0248  	0.03837  	0.01269  	0.01310  	0.20158  	-0.0276  	0.00568  	-0.0014  	0.03522  	0.06434  	0.40137  	267.172  	162.321  	
0.19750  	0.03958  	-0.5757  	-0.1305  	0.52583  	-0.8228  	-0.2471  	0.11864  	0.09387  	-0.3254  	-0.3744  	0.68121  	0.08402  	-0.2743  	-0.8864  	0.03112  	0.19163  	-0.0059  	0.61327  	0.17637  	-0.2863  	0.86802  	-0.0133  	0.30301  	0.19662  	0.09389  	0.16762  	-0.4538  	-0.4547  	-0.0738  	-0.0346  	0.20623  	-0.0536  	-0.1640  	0.46254  	0.29512  	0.24976  	0.08322  	-0.4577  	0.01148  	0.10739  	0.09441  	-0.1493  	0.21965  	0.07777  	-0.0356  	0.00207  	-0.0574  	-0.0161  	-0.1695  	-0.1337  	-0.0589  	0.00445  	-0.0247  	-0.0183  	-0.0049  	0.00435  	0.01550  	0.03936  	-0.0556  	-0.0344  	0.04170  	0.03633  	0.01583  	0.20158  	-0.0276  	0.00568  	-0.0014  	0.03522  	0.06434  	0.40137  	267.172  	162.321  	
0.23155  	0.01292  	-0.5263  	-0.1770  	0.46737  	-0.8513  	-0.2170  	0.08660  	0.08752  	-0.2848  	-0.3154  	0.67259  	0.08072  	-0.2864  	-0.9153  	0.03461  	0.17299  	0.02466  	0.61230  	0.21747  	-0.3295  	0.88414  	-0.0495  	0.28741  	0.25132  	0.07507  	0.14796  	-0.4118  	-0.4442  	-0.0706  	-0.0475  	0.20837  	-0.0491  	-0.1725  	0.47960  	0.32712  	0.24975  	0.08084  	-0.4665  	0.02085  	0.10525  	0.10739  	-0.1551  	0.22859  	0.07523  	-0.0383  	0.00613  	-0.0506  	-0.0096  	-0.1781  	-0.1230  	-0.0566  	0.01158  	-0.0263  	-0.0155  	-0.0069  	0.00990  	0.01921  	0.03758  	-0.0479  	-0.0276  	0.03646  	0.04130  	0.01627  	0.20158  	-0.0276  	0.00568  	-0.0014  	0.03522  	0.06434  	0.40137  	267.172  	162.321  	
0.11290  	-0.0262  	-0.6408  	-0.0571  	0.58883  	-0.8693  	-0.2574  	0.04091  	0.06008  	-0.3565  	-0.3701  	0.67986  	0.03248  	-0.3247  	-0.8051  	0.00976  	0.21375  	-0.0088  	0.63225  	0.20646  	-0.2879  	0.86898  	-0.0752  	0.36034  	0.29280  	0.09115  	0.22137  	-0.4034  	-0.4661  	-0.0512  	-0.0601  	0.23422  	-0.0782  	-0.1696  	0.49387  	0.34296  	0.27472  	0.06668  	-0.4776  	0.01410  	0.06596  	0.11431  	-0.1789  	0.22321  	0.08321  	-0.0390  	-0.0009  	-0.0682  	-0.0176  	-0.1709  	-0.1234  	-0.0571  	0.00545  	-0.0238  	-0.0157  	-0.0003  	0.00999  	0.01613  	0.04238  	-0.0408  	-0.0309  	0.03388  	0.03461  	0.01939  	0.20158  	-0.0276  	0.00568  	-0.0014  	0.03522  	0.06434  	0.40137  	267.172  	162.321  	
0.34679  	0.06026  	-0.5477  	0.26593  	0.71580  	-0.7114  	-0.2064  	0.16312  	0.12781  	-0.4501  	-0.6039  	0.74129  	0.17475  	-0.0510  	-0.4348  	-0.0209  	0.25634  	-0.0436  	0.59058  	0.12652  	-0.2626  	0.89878  	-0.0656  	0.33634  	0.31700  	0.06515  	0.29576  	-0.4938  	-0.4747  	-0.0010  	-0.0825  	0.21705  	-0.0408  	-0.1673  	0.56089  	0.22625  	0.24000  	0.08521  	-0.4499  	0.01653  	0.02350  	0.10918  	-0.1597  	0.21437  	0.08612  	-0.0391  	0.00528  	-0.0649  	-0.0004  	-0.1731  	-0.1211  	-0.0587  	-0.0009  	-0.0217  	-0.0149  	0.00739  	0.00680  	0.01041  	0.04431  	-0.0478  	-0.0304  	0.04136  	0.03422  	0.01517  	0.20158  	-0.0276  	0.00568  	-0.0014  	0.03522  	0.06434  	0.40137  	267.172  	162.321  	
0.44846  	0.09125  	-0.5270  	0.29510  	0.68848  	-0.6101  	-0.2247  	0.19979  	0.10236  	-0.4731  	-0.5542  	0.70881  	0.15703  	-0.0788  	-0.4403  	0.00102  	0.24868  	-0.0948  	0.61740  	0.05591  	-0.1458  	0.93760  	0.01207  	0.38715  	0.31328  	0.04745  	0.37089  	-0.6006  	-0.5659  	-0.0102  	-0.1025  	0.23917  	-0.0625  	-0.1698  	0.59227  	0.18590  	0.33385  	0.10101  	-0.4878  	0.01514  	0.00597  	0.10258  	-0.1690  	0.23626  	0.08425  	-0.0362  	-0.0067  	-0.0737  	-0.0073  	-0.1729  	-0.1289  	-0.0592  	0.00469  	-0.0240  	-0.0234  	0.00746  	0.00536  	0.01535  	0.03508  	-0.0495  	-0.0297  	0.03926  	0.03165  	0.00828  	0.20158  	-0.0276  	0.00568  	-0.0014  	0.03522  	0.06434  	0.40137  	267.172  	162.321  	
0.36858  	0.05154  	-0.5083  	0.11655  	0.66501  	-0.6977  	-0.2236  	0.10352  	0.06987  	-0.4440  	-0.4613  	0.69902  	0.07634  	-0.2523  	-0.6309  	0.06419  	0.20444  	-0.0664  	0.62886  	0.13634  	-0.2332  	0.93850  	-0.0426  	0.41251  	0.28034  	0.07032  	0.32994  	-0.5481  	-0.5333  	-0.0377  	-0.1043  	0.26290  	-0.0529  	-0.1752  	0.55428  	0.27886  	0.33020  	0.09882  	-0.4973  	0.00564  	0.03911  	0.11954  	-0.1825  	0.24773  	0.08189  	-0.0422  	0.00472  	-0.0535  	0.00059  	-0.1758  	-0.1259  	-0.0562  	0.00984  	-0.0171  	-0.0174  	0.00274  	0.01084  	0.01505  	0.04582  	-0.0424  	-0.0356  	0.03021  	0.03196  	0.00813  	0.20158  	-0.0276  	0.00568  	-0.0014  	0.03522  	0.06434  	0.40137  	267.172  	162.321  	
0.37341  	0.02832  	-0.4935  	-0.0314  	0.56402  	-0.7672  	-0.2304  	0.05337  	0.06784  	-0.3387  	-0.3843  	0.63931  	0.04813  	-0.3691  	-0.8227  	0.10559  	0.20240  	-0.0119  	0.63879  	0.15189  	-0.2561  	0.87861  	-0.0172  	0.40557  	0.28606  	0.06257  	0.30280  	-0.5263  	-0.5606  	-0.0418  	-0.0794  	0.25101  	-0.0885  	-0.1798  	0.56719  	0.32013  	0.32687  	0.09411  	-0.5121  	0.02149  	0.04672  	0.11810  	-0.1848  	0.23935  	0.08795  	-0.0308  	0.00211  	-0.0685  	-0.0087  	-0.1733  	-0.1179  	-0.0511  	0.01466  	-0.0249  	-0.0178  	-0.0007  	0.00487  	0.01878  	0.04008  	-0.0410  	-0.0301  	0.02889  	0.04220  	0.00802  	0.20158  	-0.0276  	0.00568  	-0.0014  	0.03522  	0.06434  	0.40137  	267.172  	162.321  	
0.36486  	0.03037  	-0.4970  	-0.0325  	0.54508  	-0.7509  	-0.2202  	0.06221  	0.06386  	-0.3404  	-0.3319  	0.64480  	0.04302  	-0.2971  	-0.8190  	0.08406  	0.19378  	-0.0575  	0.64640  	0.10891  	-0.1919  	0.89321  	-0.0222  	0.41537  	0.26689  	0.05097  	0.32891  	-0.5787  	-0.5853  	-0.0593  	-0.0809  	0.25442  	-0.0935  	-0.1805  	0.58624  	0.32673  	0.36672  	0.09917  	-0.5312  	0.00586  	0.04842  	0.12574  	-0.1790  	0.23471  	0.09740  	-0.0387  	-0.0023  	-0.0708  	-0.0043  	-0.1670  	-0.1200  	-0.0545  	0.00753  	-0.0198  	-0.0168  	0.00175  	0.00640  	0.01764  	0.03658  	-0.0488  	-0.0363  	0.04045  	0.03288  	0.00882  	0.20158  	-0.0276  	0.00568  	-0.0014  	0.03522  	0.06434  	0.40137  	267.172  	162.321  	
0.53856  	0.11606  	-0.3501  	0.03929  	0.55457  	-0.7185  	-0.2102  	0.25427  	0.14990  	-0.3551  	-0.2991  	0.73278  	0.11437  	-0.1358  	-0.7408  	0.16411  	0.17283  	-0.0688  	0.64791  	0.14703  	-0.0934  	0.89893  	-0.0343  	0.37171  	0.24445  	0.03772  	0.33004  	-0.6306  	-0.6443  	-0.0628  	-0.0768  	0.26780  	-0.0444  	-0.1949  	0.60419  	0.21730  	0.38955  	0.11962  	-0.5150  	-0.0098  	0.05478  	0.11613  	-0.1658  	0.21622  	0.08280  	-0.0345  	0.00062  	-0.0592  	0.00787  	-0.1717  	-0.1280  	-0.0559  	0.00882  	-0.0154  	-0.0238  	0.01061  	-0.0090  	0.01633  	0.03598  	-0.0400  	-0.0254  	0.04664  	0.03757  	0.00187  	0.20158  	-0.0276  	0.00568  	-0.0014  	0.03522  	0.06434  	0.40137  	267.172  	162.321  	
0.20758  	0.03824  	-0.5746  	-0.1210  	0.55057  	-0.8699  	-0.2094  	0.08966  	0.10858  	-0.2395  	-0.3322  	0.68864  	0.06077  	-0.2288  	-0.9101  	0.03859  	0.18612  	-0.0006  	0.61309  	0.19229  	-0.3069  	0.85798  	-0.0513  	0.31159  	0.31350  	0.07592  	0.19377  	-0.4749  	-0.4720  	-0.0574  	-0.0589  	0.21262  	-0.0529  	-0.1778  	0.50804  	0.29639  	0.25127  	0.08010  	-0.4599  	0.01505  	0.07938  	0.11127  	-0.1640  	0.21232  	0.09384  	-0.0337  	0.00977  	-0.0635  	-0.0161  	-0.1704  	-0.1209  	-0.0563  	0.00413  	-0.0276  	-0.0151  	-0.0016  	0.00588  	0.01655  	0.02890  	-0.0450  	-0.0286  	0.03587  	0.04251  	0.01572  	0.20158  	-0.0276  	0.00568  	-0.0014  	0.03522  	0.06434  	0.40137  	267.172  	162.321  	
0.03316  	-0.0205  	-0.6417  	-0.2387  	0.46729  	-0.9229  	-0.2214  	0.05315  	0.05424  	-0.3078  	-0.3130  	0.61626  	0.04691  	-0.2788  	-0.8170  	-0.1120  	0.22868  	-0.0232  	0.61257  	0.13305  	-0.2406  	0.88318  	-0.0006  	0.34462  	0.26956  	0.08379  	0.24025  	-0.5437  	-0.5004  	-0.0778  	-0.0397  	0.20433  	-0.0686  	-0.1768  	0.47638  	0.27023  	0.27551  	0.08545  	-0.4727  	0.00279  	0.07669  	0.10850  	-0.1705  	0.22571  	0.09145  	-0.0396  	0.00599  	-0.0748  	-0.0231  	-0.1628  	-0.1254  	-0.0569  	0.00503  	-0.0163  	-0.0148  	-0.0063  	0.00831  	0.01928  	0.03930  	-0.0453  	-0.0293  	0.04160  	0.03311  	0.01912  	0.20158  	-0.0276  	0.00568  	-0.0014  	0.03522  	0.06434  	0.40137  	267.172  	162.321  	
-0.0270  	-0.0365  	-0.6385  	-0.3290  	0.38811  	-0.8916  	-0.2612  	0.04488  	0.05576  	-0.3310  	-0.2926  	0.55619  	-0.0100  	-0.4117  	-0.8937  	-0.0593  	0.24265  	-0.0431  	0.62606  	0.08659  	-0.2837  	0.90929  	0.10708  	0.33218  	0.24408  	0.10963  	0.24615  	-0.5479  	-0.5021  	-0.0780  	-0.0284  	0.22265  	-0.0914  	-0.1741  	0.42673  	0.29005  	0.28662  	0.09971  	-0.4818  	0.00439  	0.14014  	0.09924  	-0.1639  	0.24073  	0.08472  	-0.0348  	0.00924  	-0.0764  	-0.0232  	-0.1699  	-0.1361  	-0.0506  	0.00447  	-0.0189  	-0.0160  	-0.0085  	0.00452  	0.01755  	0.03784  	-0.0496  	-0.0210  	0.04372  	0.03077  	0.01656  	0.20158  	-0.0276  	0.00568  	-0.0014  	0.03522  	0.06434  	0.40137  	267.172  	162.321  	
-0.2217  	-0.0866  	-0.6831  	-0.5510  	0.31526  	-0.9710  	-0.2534  	-0.0881  	0.05221  	-0.1630  	-0.2970  	0.61064  	0.00469  	-0.5432  	-1.1695  	-0.0835  	0.24063  	0.02693  	0.61636  	0.14345  	-0.4697  	0.84870  	0.11376  	0.24168  	0.14670  	0.16722  	0.03096  	-0.3492  	-0.4047  	-0.1118  	0.06465  	0.18979  	-0.0881  	-0.1591  	0.27570  	0.33147  	0.14516  	0.04160  	-0.4385  	-0.0250  	0.19136  	0.07787  	-0.1216  	0.26460  	0.09581  	-0.0484  	0.00212  	-0.0701  	-0.0092  	-0.1628  	-0.1327  	-0.0565  	-0.0007  	-0.0282  	-0.0100  	-0.0124  	0.00819  	0.02300  	0.04727  	-0.0519  	-0.0213  	0.05521  	0.03432  	0.02246  	0.20158  	-0.0276  	0.00568  	-0.0014  	0.03522  	0.06434  	0.40137  	267.172  	162.321  	
-0.2658  	-0.1033  	-0.7001  	-0.6302  	0.28042  	-1.1458  	-0.2457  	-0.0610  	0.01816  	-0.1251  	-0.2497  	0.61281  	0.04741  	-0.4688  	-1.1646  	-0.1364  	0.23010  	0.01064  	0.62670  	0.13874  	-0.4083  	0.87025  	0.10396  	0.26860  	0.19946  	0.14034  	0.08854  	-0.4424  	-0.4393  	-0.1035  	0.04321  	0.17055  	-0.0768  	-0.1812  	0.33598  	0.32291  	0.17809  	0.03561  	-0.4547  	-0.0041  	0.17789  	0.10129  	-0.1322  	0.25892  	0.10090  	-0.0483  	0.00425  	-0.0605  	-0.0119  	-0.1546  	-0.1375  	-0.0557  	0.00175  	-0.0228  	-0.0127  	-0.0089  	0.01146  	0.01879  	0.03655  	-0.0470  	-0.0247  	0.05440  	0.03938  	0.02080  	0.20158  	-0.0276  	0.00568  	-0.0014  	0.03522  	0.06434  	0.40137  	267.172  	162.321  	
-0.4562  	-0.1276  	-0.7918  	-0.6362  	0.28185  	-1.3605  	-0.2195  	-0.0580  	-0.0103  	-0.1314  	-0.0510  	0.58628  	0.04678  	-0.3993  	-1.1319  	-0.1883  	0.20132  	-0.0404  	0.58448  	0.14515  	-0.3643  	0.94856  	0.07542  	0.40100  	0.22922  	0.15726  	0.13914  	-0.5812  	-0.4843  	-0.1122  	0.02279  	0.15586  	-0.0541  	-0.1760  	0.41853  	0.31595  	0.19931  	0.06315  	-0.4588  	0.02336  	0.12199  	0.13827  	-0.1792  	0.20861  	0.08660  	-0.0412  	0.01455  	-0.0627  	-0.0118  	-0.1615  	-0.1354  	-0.0570  	0.00324  	-0.0226  	-0.0208  	-0.0123  	-0.0106  	0.01553  	0.03738  	-0.0392  	-0.0229  	0.05707  	0.03341  	0.01511  	0.20158  	-0.0276  	0.00568  	-0.0014  	0.03522  	0.06434  	0.40137  	267.172  	162.321  	
-0.4812  	-0.1423  	-0.8047  	-0.6998  	0.30658  	-1.3455  	-0.2138  	-0.0165  	0.02119  	-0.1805  	0.04307  	0.52261  	-0.0197  	-0.4537  	-1.1068  	-0.2025  	0.27673  	-0.0911  	0.58690  	0.16395  	-0.2264  	0.90403  	0.09698  	0.40111  	0.16355  	0.15290  	0.16581  	-0.6056  	-0.6013  	-0.1405  	-0.0002  	0.20580  	-0.0484  	-0.1718  	0.40062  	0.25729  	0.27040  	0.07772  	-0.4806  	-0.0259  	0.10395  	0.11012  	-0.2056  	0.21024  	0.08445  	-0.0360  	0.00944  	-0.0788  	-0.0103  	-0.1620  	-0.1467  	-0.0591  	0.00220  	-0.0167  	-0.0163  	-0.0214  	-0.0071  	0.02491  	0.03053  	-0.0437  	-0.0199  	0.06706  	0.03308  	0.01180  	0.20158  	-0.0276  	0.00568  	-0.0014  	0.03522  	0.06434  	0.40137  	267.172  	162.321  	
-0.3696  	-0.0989  	-0.7220  	-0.5572  	0.39406  	-1.2637  	-0.2288  	0.06598  	0.05992  	-0.2086  	0.02103  	0.53108  	-0.0096  	-0.4014  	-1.0934  	-0.1946  	0.24981  	-0.0787  	0.59005  	0.22052  	-0.1806  	0.85621  	0.01316  	0.44123  	0.14060  	0.13150  	0.15601  	-0.5737  	-0.5926  	-0.1296  	-0.0218  	0.19442  	-0.0564  	-0.1556  	0.47397  	0.23814  	0.30789  	0.05866  	-0.4644  	-0.0457  	0.09320  	0.10843  	-0.2216  	0.20236  	0.08289  	-0.0315  	0.00248  	-0.0858  	-0.0136  	-0.1729  	-0.1374  	-0.0567  	0.00254  	-0.0164  	-0.0251  	-0.0097  	0.00172  	0.02243  	0.03354  	-0.0437  	-0.0201  	0.05793  	0.02888  	0.01338  	0.20158  	-0.0276  	0.00568  	-0.0014  	0.03522  	0.06434  	0.40137  	267.172  	162.321  	
0.01942  	-0.0003  	-0.6211  	-0.2486  	0.45122  	-1.0206  	-0.2612  	0.22598  	0.12829  	-0.3395  	-0.1637  	0.70139  	0.10824  	-0.1580  	-0.7575  	-0.1494  	0.23847  	-0.0624  	0.58870  	0.22145  	-0.1325  	0.82831  	-0.0308  	0.47179  	0.19777  	0.09075  	0.22815  	-0.6034  	-0.5798  	-0.0985  	-0.0026  	0.17994  	-0.0448  	-0.1689  	0.52366  	0.20905  	0.28662  	0.05368  	-0.4474  	0.00281  	0.04343  	0.11262  	-0.2106  	0.19024  	0.08643  	-0.0281  	-0.0063  	-0.0711  	-0.0205  	-0.1642  	-0.1202  	-0.0557  	-0.0059  	-0.0257  	-0.0344  	0.00136  	-0.0044  	0.00907  	0.03348  	-0.0430  	-0.0253  	0.05264  	0.02787  	0.01489  	0.20158  	-0.0276  	0.00568  	-0.0014  	0.03522  	0.06434  	0.40137  	267.172  	162.321  	
0.35063  	0.07339  	-0.4962  	-0.0931  	0.53177  	-0.7689  	-0.2186  	0.21992  	0.18080  	-0.3559  	-0.4455  	0.66362  	0.23800  	-0.0343  	-0.5370  	-0.0762  	0.22724  	-0.0766  	0.59259  	0.07463  	-0.1606  	0.90633  	0.06852  	0.40461  	0.18079  	0.11640  	0.28492  	-0.6891  	-0.6434  	-0.0756  	0.02434  	0.19492  	-0.0023  	-0.1804  	0.56101  	0.16212  	0.31489  	0.07596  	-0.4962  	0.03200  	0.09193  	0.10548  	-0.1610  	0.23137  	0.08832  	-0.0374  	0.00461  	-0.0546  	-0.0073  	-0.1490  	-0.1349  	-0.0610  	-0.0113  	-0.0281  	-0.0277  	0.00975  	-0.0080  	0.01280  	0.03602  	-0.0401  	-0.0202  	0.04502  	0.03285  	0.01022  	0.20158  	-0.0276  	0.00568  	-0.0014  	0.03522  	0.06434  	0.40137  	267.172  	162.321  	
0.54533  	0.15107  	-0.3515  	0.13677  	0.55080  	-0.6803  	-0.1947  	0.22459  	0.17235  	-0.3880  	-0.6039  	0.61305  	0.21785  	-0.0910  	-0.3685  	-0.0741  	0.22905  	-0.1578  	0.64422  	-0.0069  	-0.1086  	1.00546  	0.12158  	0.39734  	0.23071  	0.07738  	0.32236  	-0.7951  	-0.6617  	-0.0538  	-0.0438  	0.26192  	-0.0312  	-0.1787  	0.57144  	0.13710  	0.39081  	0.13179  	-0.5168  	-0.0004  	0.03956  	0.10410  	-0.1153  	0.25307  	0.06846  	-0.0359  	-0.0018  	-0.0324  	0.01274  	-0.1741  	-0.1465  	-0.0552  	-0.0018  	-0.0190  	-0.0124  	0.01279  	-0.0072  	0.00999  	0.02116  	-0.0518  	-0.0197  	0.05389  	0.03909  	0.01026  	0.20158  	-0.0276  	0.00568  	-0.0014  	0.03522  	0.06434  	0.40137  	267.172  	162.321  	
0.56845  	0.10413  	-0.3879  	0.09910  	0.57984  	-0.7148  	-0.1746  	0.20752  	0.12648  	-0.3437  	-0.5162  	0.50909  	0.22341  	-0.1210  	-0.5708  	-0.0637  	0.22405  	-0.1510  	0.64047  	0.04761  	-0.1250  	0.97874  	0.01871  	0.46568  	0.37240  	0.04751  	0.43747  	-0.7514  	-0.6479  	-0.0224  	-0.0548  	0.23973  	-0.0700  	-0.1726  	0.65900  	0.24087  	0.37355  	0.12751  	-0.5228  	-0.0086  	0.01075  	0.13184  	-0.1700  	0.22954  	0.06558  	-0.0335  	-0.0080  	-0.0497  	0.00037  	-0.1805  	-0.1310  	-0.0519  	0.00496  	-0.0176  	-0.0201  	0.00808  	-0.0085  	0.01865  	0.03244  	-0.0516  	-0.0296  	0.05320  	0.03047  	0.00104  	0.20158  	-0.0276  	0.00568  	-0.0014  	0.03522  	0.06434  	0.40137  	267.172  	162.321  	
0.41106  	0.07128  	-0.4294  	-0.0491  	0.52010  	-0.7422  	-0.2289  	0.15011  	0.07337  	-0.3362  	-0.2360  	0.59836  	0.08022  	-0.2584  	-0.8367  	0.05290  	0.19203  	-0.1371  	0.64143  	0.04927  	-0.1089  	0.91271  	-0.0058  	0.46356  	0.29053  	0.06169  	0.44231  	-0.6967  	-0.6942  	-0.0824  	-0.0710  	0.27285  	-0.0607  	-0.2029  	0.63703  	0.26260  	0.42096  	0.12309  	-0.5402  	-0.0013  	0.01576  	0.12382  	-0.1745  	0.23371  	0.08287  	-0.0460  	-0.0063  	-0.0467  	-0.0109  	-0.1596  	-0.1250  	-0.0586  	0.00036  	-0.0115  	-0.0186  	7.35227  	-0.0078  	0.00934  	0.04138  	-0.0443  	-0.0323  	0.05582  	0.03388  	0.00498  	0.20158  	-0.0276  	0.00568  	-0.0014  	0.03522  	0.06434  	0.40137  	267.172  	162.321  	
0.27951  	0.02325  	-0.5115  	-0.1721  	0.44025  	-0.7978  	-0.2325  	0.08436  	0.07360  	-0.3573  	-0.2809  	0.59413  	0.04331  	-0.2747  	-0.8793  	0.04174  	0.19643  	-0.0614  	0.66201  	0.07741  	-0.1852  	0.88022  	0.04472  	0.42794  	0.22441  	0.06991  	0.33553  	-0.6003  	-0.6005  	-0.0742  	-0.0589  	0.24485  	-0.0823  	-0.1871  	0.57463  	0.31208  	0.38433  	0.10351  	-0.5401  	-0.0045  	0.03959  	0.13070  	-0.1814  	0.23019  	0.08916  	-0.0406  	0.00465  	-0.0654  	-0.0047  	-0.1690  	-0.1297  	-0.0574  	0.00826  	-0.0142  	-0.0152  	-0.0033  	0.00065  	0.01691  	0.03906  	-0.0498  	-0.0347  	0.04549  	0.03673  	0.01110  	0.20158  	-0.0276  	0.00568  	-0.0014  	0.03522  	0.06434  	0.40137  	267.172  	162.321  	
0.26796  	0.04896  	-0.4799  	-0.1346  	0.46176  	-0.8073  	-0.2235  	0.09738  	0.04765  	-0.3207  	-0.2525  	0.61887  	0.01800  	-0.2201  	-0.8290  	0.03903  	0.17972  	-0.0662  	0.63797  	0.10351  	-0.1911  	0.90082  	0.04768  	0.40806  	0.20547  	0.08882  	0.27093  	-0.6340  	-0.6306  	-0.1064  	-0.0404  	0.23935  	-0.0695  	-0.1826  	0.59734  	0.29336  	0.38098  	0.09933  	-0.5382  	-0.0067  	0.06426  	0.11201  	-0.1813  	0.23503  	0.09108  	-0.0340  	0.01263  	-0.0680  	-0.0151  	-0.1652  	-0.1319  	-0.0535  	0.00676  	-0.0225  	-0.0220  	-0.0051  	0.00108  	0.01961  	0.02879  	-0.0503  	-0.0326  	0.04573  	0.02951  	0.01048  	0.20158  	-0.0276  	0.00568  	-0.0014  	0.03522  	0.06434  	0.40137  	267.172  	162.321  	
0.36587  	0.09050  	-0.4175  	-0.0716  	0.46096  	-0.7269  	-0.2302  	0.14797  	0.08749  	-0.3734  	-0.2861  	0.62177  	0.05766  	-0.1823  	-0.6935  	0.02566  	0.19845  	-0.0898  	0.64358  	0.05745  	-0.0725  	0.90130  	0.07618  	0.43032  	0.18600  	0.08001  	0.28148  	-0.7269  	-0.6908  	-0.1014  	-0.0408  	0.26597  	-0.0676  	-0.1854  	0.63406  	0.21292  	0.40885  	0.12921  	-0.5443  	-0.0203  	0.05526  	0.11342  	-0.1727  	0.21947  	0.08210  	-0.0289  	0.00439  	-0.0648  	-0.0159  	-0.1539  	-0.1353  	-0.0487  	0.01095  	-0.0169  	-0.0174  	-0.0008  	-0.0058  	0.01314  	0.03171  	-0.0439  	-0.0235  	0.04736  	0.02066  	0.01090  	0.20158  	-0.0276  	0.00568  	-0.0014  	0.03522  	0.06434  	0.40137  	267.172  	162.321  	
0.44340  	0.12994  	-0.4014  	-0.0393  	0.46353  	-0.7227  	-0.2246  	0.22545  	0.14091  	-0.4340  	-0.2653  	0.63308  	0.09258  	-0.0985  	-0.5853  	0.03548  	0.22143  	-0.1017  	0.61210  	0.02977  	0.00125  	0.88138  	0.06589  	0.44653  	0.16877  	0.07520  	0.32056  	-0.7868  	-0.7402  	-0.1029  	-0.0436  	0.26423  	-0.0347  	-0.1789  	0.65725  	0.15032  	0.44687  	0.15326  	-0.5712  	-0.0440  	0.06686  	0.11724  	-0.1805  	0.21515  	0.07588  	-0.0281  	0.00311  	-0.0725  	-0.0191  	-0.1514  	-0.1475  	-0.0475  	0.01176  	-0.0128  	-0.0173  	6.82147  	-0.0127  	0.01688  	0.03375  	-0.0487  	-0.0190  	0.05114  	0.02348  	0.00678  	0.20158  	-0.0276  	0.00568  	-0.0014  	0.03522  	0.06434  	0.40137  	267.172  	162.321  	
0.55146  	0.17250  	-0.3661  	0.03604  	0.48355  	-0.6587  	-0.2120  	0.28289  	0.18414  	-0.4864  	-0.2627  	0.66503  	0.11946  	-0.0085  	-0.5132  	0.05039  	0.24028  	-0.1496  	0.60222  	-0.0065  	0.07964  	0.90280  	0.09364  	0.46704  	0.16116  	0.06517  	0.38191  	-0.8389  	-0.8182  	-0.1012  	-0.0533  	0.27536  	-0.0260  	-0.1881  	0.69516  	0.10226  	0.49951  	0.16660  	-0.5952  	-0.0698  	0.03123  	0.10676  	-0.1775  	0.22192  	0.07340  	-0.0302  	0.00068  	-0.0730  	-0.0112  	-0.1541  	-0.1483  	-0.0535  	0.00912  	-0.0141  	-0.0213  	0.01156  	-0.0123  	0.01515  	0.03048  	-0.0490  	-0.0199  	0.05491  	0.02193  	0.00514  	0.20158  	-0.0276  	0.00568  	-0.0014  	0.03522  	0.06434  	0.40137  	267.172  	162.321  	
0.57859  	0.17383  	-0.3308  	0.05423  	0.50242  	-0.6449  	-0.2053  	0.30092  	0.19469  	-0.4701  	-0.2526  	0.71400  	0.12265  	-0.0085  	-0.5241  	0.08786  	0.24635  	-0.1387  	0.58970  	0.02755  	0.06029  	0.89935  	0.09662  	0.45579  	0.16488  	0.07088  	0.36615  	-0.7895  	-0.7894  	-0.1034  	-0.0527  	0.26093  	-0.0077  	-0.1855  	0.66908  	0.10625  	0.50009  	0.16709  	-0.5697  	-0.0785  	0.03744  	0.10565  	-0.1652  	0.21905  	0.07207  	-0.0328  	0.00313  	-0.0604  	-0.0110  	-0.1592  	-0.1444  	-0.0505  	0.00918  	-0.0135  	-0.0199  	0.01081  	-0.0119  	0.01503  	0.03205  	-0.0449  	-0.0211  	0.05036  	0.02740  	0.01093  	0.20158  	-0.0276  	0.00568  	-0.0014  	0.03522  	0.06434  	0.40137  	267.172  	162.321  	
0.57336  	0.14172  	-0.3416  	0.00475  	0.52580  	-0.6920  	-0.1916  	0.25867  	0.20177  	-0.3861  	-0.3339  	0.70285  	0.18210  	-0.0483  	-0.7000  	0.11952  	0.23646  	-0.0570  	0.60373  	0.11420  	-0.1118  	0.85985  	-0.0050  	0.38759  	0.20260  	0.07082  	0.26913  	-0.6420  	-0.6359  	-0.0842  	-0.0388  	0.24182  	0.01073  	-0.1825  	0.58657  	0.17068  	0.36140  	0.13424  	-0.5001  	-0.0328  	0.07650  	0.09423  	-0.1300  	0.21423  	0.06724  	-0.0359  	0.00213  	-0.0454  	-0.0023  	-0.1617  	-0.1293  	-0.0573  	0.00752  	-0.0171  	-0.0141  	0.00842  	-0.0068  	0.01246  	0.03553  	-0.0471  	-0.0203  	0.04463  	0.04010  	0.01689  	0.20158  	-0.0276  	0.00568  	-0.0014  	0.03522  	0.06434  	0.40137  	267.172  	162.321  	
0.32070  	0.05061  	-0.5251  	-0.2210  	0.44419  	-0.8915  	-0.1692  	0.10511  	0.12554  	-0.2027  	-0.3146  	0.63653  	0.11542  	-0.1755  	-0.9499  	0.06826  	0.22332  	0.02996  	0.61237  	0.21026  	-0.3320  	0.79336  	-0.0699  	0.30929  	0.33194  	0.08203  	0.17863  	-0.4359  	-0.4962  	-0.0782  	-0.0548  	0.20430  	-0.0458  	-0.1798  	0.47557  	0.30468  	0.24423  	0.07833  	-0.4424  	0.00793  	0.11078  	0.11599  	-0.1305  	0.21268  	0.08420  	-0.0320  	0.01442  	-0.0269  	-0.0241  	-0.1565  	-0.1276  	-0.0611  	0.00149  	-0.0251  	-0.0170  	-0.0059  	0.00276  	0.01106  	0.03226  	-0.0487  	-0.0218  	0.03788  	0.04169  	0.02084  	0.20158  	-0.0276  	0.00568  	-0.0014  	0.03522  	0.06434  	0.40137  	267.172  	162.321  	
0.02688  	-0.0407  	-0.6745  	-0.2995  	0.41621  	-1.0077  	-0.1898  	0.06472  	0.10267  	-0.2817  	-0.1594  	0.55601  	0.02258  	-0.2649  	-0.9274  	-0.0978  	0.21325  	-0.0313  	0.61926  	0.15888  	-0.2192  	0.86006  	-0.0748  	0.41817  	0.33728  	0.06382  	0.27554  	-0.6100  	-0.5330  	-0.0852  	-0.0386  	0.21208  	-0.0718  	-0.1874  	0.54504  	0.31243  	0.30662  	0.09122  	-0.4972  	0.00702  	0.07615  	0.09438  	-0.1894  	0.22270  	0.08522  	-0.0348  	0.00631  	-0.0650  	-0.0190  	-0.1700  	-0.1271  	-0.0583  	0.00574  	-0.0186  	-0.0120  	-0.0019  	0.00163  	0.02092  	0.03849  	-0.0476  	-0.0286  	0.04404  	0.03614  	0.01858  	0.20158  	-0.0276  	0.00568  	-0.0014  	0.03522  	0.06434  	0.40137  	267.172  	162.321  	
0.18795  	-0.0432  	-0.6295  	-0.1993  	0.52805  	-0.8791  	-0.2821  	0.11624  	0.06714  	-0.3518  	-0.2892  	0.65145  	0.09727  	-0.2517  	-0.6782  	-0.0787  	0.22487  	-0.1179  	0.62282  	0.10433  	-0.1141  	0.85233  	0.02873  	0.46015  	0.19315  	0.09938  	0.40498  	-0.6936  	-0.6780  	-0.0921  	-0.0515  	0.24712  	-0.0685  	-0.2125  	0.59420  	0.20741  	0.37026  	0.10185  	-0.5611  	0.04182  	0.04417  	0.10926  	-0.2156  	0.21578  	0.09452  	-0.0295  	0.01026  	-0.0785  	-0.0149  	-0.1657  	-0.1421  	-0.0571  	-0.0030  	-0.0208  	-0.0254  	0.00291  	-0.0102  	0.00677  	0.04168  	-0.0448  	-0.0248  	0.03301  	0.02053  	0.00386  	0.20158  	-0.0276  	0.00568  	-0.0014  	0.03522  	0.06434  	0.40137  	267.172  	162.321  	
0.49104  	0.11074  	-0.3579  	-0.0045  	0.52036  	-0.6396  	-0.2348  	0.26320  	0.14593  	-0.3615  	-0.4584  	0.70457  	0.17504  	-0.0385  	-0.5478  	0.01905  	0.23429  	-0.0959  	0.61098  	0.08483  	-0.0867  	0.93657  	0.05474  	0.40976  	0.23735  	0.06738  	0.29797  	-0.6733  	-0.6463  	-0.0895  	-0.0291  	0.24593  	-0.0165  	-0.1851  	0.55200  	0.18198  	0.35657  	0.11918  	-0.4962  	-0.0013  	0.07327  	0.10482  	-0.1385  	0.22624  	0.07276  	-0.0299  	0.00822  	-0.0452  	-0.0102  	-0.1648  	-0.1337  	-0.0501  	0.00499  	-0.0171  	-0.0256  	0.00427  	-0.0111  	0.01257  	0.02878  	-0.0477  	-0.0252  	0.04423  	0.03834  	0.00504  	0.20158  	-0.0276  	0.00568  	-0.0014  	0.03522  	0.06434  	0.40137  	267.172  	162.321  	
0.37236  	0.07012  	-0.4509  	-0.1559  	0.49514  	-0.8125  	-0.1934  	0.06561  	0.11706  	-0.2328  	-0.3427  	0.68571  	0.09771  	-0.2148  	-0.9161  	0.08317  	0.18884  	0.00033  	0.60792  	0.18662  	-0.3164  	0.87930  	-0.0512  	0.33183  	0.28654  	0.09406  	0.15452  	-0.4754  	-0.4992  	-0.0522  	-0.0436  	0.22403  	-0.0242  	-0.1769  	0.46837  	0.29355  	0.25595  	0.08490  	-0.4609  	0.00720  	0.11034  	0.09884  	-0.1286  	0.23077  	0.08611  	-0.0356  	0.00899  	-0.0478  	0.00029  	-0.1735  	-0.1267  	-0.0565  	0.01170  	-0.0202  	-0.0208  	-0.0046  	0.00068  	0.01226  	0.03904  	-0.0519  	-0.0278  	0.03587  	0.03976  	0.01145  	0.20158  	-0.0276  	0.00568  	-0.0014  	0.03522  	0.06434  	0.40137  	267.172  	162.321  	
-0.0616  	-0.0259  	-0.6900  	-0.2419  	0.50540  	-1.0755  	-0.2000  	0.05901  	0.07902  	-0.2487  	-0.1329  	0.64606  	0.02183  	-0.2372  	-0.9310  	-0.0716  	0.19095  	-0.0380  	0.58299  	0.21672  	-0.2506  	0.90069  	-0.0674  	0.42127  	0.30894  	0.08121  	0.25373  	-0.5323  	-0.5013  	-0.0711  	-0.0396  	0.20629  	-0.0623  	-0.1811  	0.52602  	0.33734  	0.27100  	0.06691  	-0.4752  	0.00422  	0.06691  	0.10688  	-0.1972  	0.21260  	0.07534  	-0.0416  	0.01918  	-0.0651  	-0.0026  	-0.1746  	-0.1182  	-0.0566  	0.01012  	-0.0207  	-0.0140  	-0.0029  	-0.0063  	0.02091  	0.04369  	-0.0435  	-0.0256  	0.04141  	0.03579  	0.00856  	0.20158  	-0.0276  	0.00568  	-0.0014  	0.03522  	0.06434  	0.40137  	267.172  	162.321  	
-0.1326  	-0.0463  	-0.7699  	-0.1745  	0.53520  	-1.0424  	-0.2697  	0.11758  	0.04810  	-0.3306  	-0.2272  	0.72605  	0.05717  	-0.1992  	-0.7340  	-0.1775  	0.25089  	-0.0922  	0.58369  	0.14486  	-0.2136  	0.85729  	-0.0038  	0.39398  	0.26813  	0.10332  	0.29936  	-0.5465  	-0.5480  	-0.0396  	-0.0143  	0.20181  	-0.0554  	-0.1817  	0.54579  	0.24009  	0.26806  	0.05463  	-0.4696  	-0.0016  	0.02115  	0.12653  	-0.2163  	0.20178  	0.10660  	-0.0389  	0.01309  	-0.0851  	-0.0254  	-0.1492  	-0.1260  	-0.0575  	-0.0022  	-0.0161  	-0.0245  	-0.0031  	-0.0031  	0.01445  	0.03842  	-0.0379  	-0.0277  	0.05072  	0.02838  	0.01417  	0.20158  	-0.0276  	0.00568  	-0.0014  	0.03522  	0.06434  	0.40137  	267.172  	162.321  	
0.30723  	0.09513  	-0.4842  	-0.1155  	0.54603  	-0.8421  	-0.2591  	0.19415  	0.13227  	-0.3764  	-0.3792  	0.68393  	0.11449  	-0.1072  	-0.6290  	-0.0365  	0.23923  	-0.0997  	0.61171  	0.10014  	-0.1494  	0.88674  	0.03967  	0.41885  	0.22000  	0.08570  	0.26625  	-0.6193  	-0.6106  	-0.0686  	-0.0432  	0.20924  	-0.0365  	-0.1897  	0.57472  	0.17708  	0.35384  	0.09028  	-0.5052  	0.00536  	0.05544  	0.09962  	-0.1803  	0.21646  	0.07932  	-0.0391  	0.01915  	-0.0589  	-0.0069  	-0.1647  	-0.1233  	-0.0567  	-0.0040  	-0.0229  	-0.0247  	-0.0059  	0.00091  	0.00929  	0.04075  	-0.0408  	-0.0279  	0.04604  	0.03434  	0.01731  	0.20158  	-0.0276  	0.00568  	-0.0014  	0.03522  	0.06434  	0.40137  	267.172  	162.321  	
0.55669  	0.10325  	-0.3344  	-0.0419  	0.47407  	-0.7493  	-0.1865  	0.23976  	0.12887  	-0.3474  	-0.4319  	0.65836  	0.15296  	-0.1132  	-0.6790  	0.02479  	0.21924  	-0.0413  	0.62911  	0.10314  	-0.1548  	0.91679  	0.02407  	0.34164  	0.30195  	0.05608  	0.26201  	-0.6657  	-0.5682  	-0.0554  	-0.0677  	0.23014  	-0.0322  	-0.1858  	0.56915  	0.22052  	0.32876  	0.12205  	-0.5051  	-0.0141  	0.05952  	0.10254  	-0.1394  	0.23309  	0.07054  	-0.0392  	0.00331  	-0.0385  	-0.0016  	-0.1757  	-0.1139  	-0.0595  	0.00783  	-0.0222  	-0.0209  	0.00836  	-0.0026  	0.01239  	0.03377  	-0.0495  	-0.0287  	0.04720  	0.03733  	0.01004  	0.20158  	-0.0276  	0.00568  	-0.0014  	0.03522  	0.06434  	0.40137  	267.172  	162.321  	
0.27169  	0.00459  	-0.4903  	-0.0894  	0.53219  	-0.7836  	-0.2678  	0.09039  	0.08651  	-0.3531  	-0.3463  	0.58206  	0.06969  	-0.2622  	-0.7280  	-0.0572  	0.24529  	-0.0985  	0.64231  	0.05542  	-0.1465  	0.92356  	0.02228  	0.42410  	0.30449  	0.05417  	0.38002  	-0.7307  	-0.6351  	-0.0656  	-0.0650  	0.28949  	-0.0666  	-0.1977  	0.59210  	0.26406  	0.38030  	0.13135  	-0.5388  	-0.0121  	0.08111  	0.11257  	-0.1816  	0.23066  	0.08258  	-0.0404  	0.00203  	-0.0620  	-0.0112  	-0.1601  	-0.1271  	-0.0535  	0.01145  	-0.0178  	-0.0184  	0.00289  	0.00094  	0.01817  	0.04051  	-0.0378  	-0.0219  	0.03429  	0.03474  	0.00561  	0.20158  	-0.0276  	0.00568  	-0.0014  	0.03522  	0.06434  	0.40137  	267.172  	162.321  	
0.23425  	0.00698  	-0.5868  	-0.2061  	0.48393  	-0.7971  	-0.2691  	0.06621  	0.05572  	-0.3686  	-0.2628  	0.59774  	0.02675  	-0.3345  	-0.8949  	0.03533  	0.20601  	-0.0593  	0.65044  	0.06397  	-0.1946  	0.87459  	0.03692  	0.36799  	0.25445  	0.07662  	0.30940  	-0.6302  	-0.6043  	-0.0747  	-0.0480  	0.25102  	-0.0773  	-0.1804  	0.57689  	0.29546  	0.37702  	0.11718  	-0.5228  	-0.0274  	0.07819  	0.11160  	-0.1745  	0.22769  	0.08617  	-0.0295  	0.00527  	-0.0728  	-0.0228  	-0.1694  	-0.1308  	-0.0515  	0.00564  	-0.0173  	-0.0191  	-0.0006  	-0.0028  	0.02023  	0.03854  	-0.0525  	-0.0324  	0.03863  	0.03691  	0.00862  	0.20158  	-0.0276  	0.00568  	-0.0014  	0.03522  	0.06434  	0.40137  	267.172  	162.321  	
0.23036  	-0.0054  	-0.5388  	-0.1719  	0.46345  	-0.8519  	-0.2396  	0.07635  	0.06966  	-0.2706  	-0.2112  	0.66199  	0.01556  	-0.3774  	-0.9834  	0.08584  	0.20143  	-0.0246  	0.63836  	0.11618  	-0.2419  	0.86647  	0.01995  	0.36342  	0.24456  	0.07978  	0.24883  	-0.5490  	-0.5826  	-0.0700  	-0.0515  	0.24456  	-0.0856  	-0.1817  	0.54404  	0.32305  	0.36279  	0.10049  	-0.5249  	-0.0095  	0.06311  	0.11222  	-0.1700  	0.23093  	0.08992  	-0.0353  	0.00494  	-0.0702  	-0.0133  	-0.1769  	-0.1275  	-0.0586  	0.00834  	-0.0255  	-0.0144  	-0.0057  	0.00416  	0.02114  	0.04081  	-0.0497  	-0.0312  	0.03829  	0.03744  	0.01593  	0.20158  	-0.0276  	0.00568  	-0.0014  	0.03522  	0.06434  	0.40137  	267.172  	162.321  	
0.17813  	0.00119  	-0.5160  	-0.1969  	0.45422  	-0.8811  	-0.2426  	0.07648  	0.06188  	-0.2559  	-0.1748  	0.68018  	0.00480  	-0.3139  	-1.0188  	0.06940  	0.19076  	-0.0292  	0.61852  	0.12882  	-0.2409  	0.87226  	0.01521  	0.37165  	0.21649  	0.08040  	0.24042  	-0.5482  	-0.5528  	-0.0776  	-0.0543  	0.23854  	-0.0711  	-0.1889  	0.53570  	0.31976  	0.34625  	0.09206  	-0.5204  	-0.0050  	0.08122  	0.11317  	-0.1701  	0.22355  	0.08674  	-0.0359  	0.01036  	-0.0622  	-0.0038  	-0.1733  	-0.1245  	-0.0618  	0.00641  	-0.0226  	-0.0144  	-0.0051  	0.00691  	0.01955  	0.03576  	-0.0479  	-0.0297  	0.04150  	0.04106  	0.01467  	0.20158  	-0.0276  	0.00568  	-0.0014  	0.03522  	0.06434  	0.40137  	267.172  	162.321  	
0.17704  	0.02578  	-0.5104  	-0.2041  	0.42788  	-0.8495  	-0.2247  	0.04931  	0.06540  	-0.2744  	-0.2175  	0.65834  	0.00215  	-0.3416  	-1.0007  	0.06629  	0.19867  	-0.0064  	0.62400  	0.16581  	-0.2851  	0.85778  	-0.0206  	0.32731  	0.23251  	0.08455  	0.18696  	-0.4863  	-0.5176  	-0.0849  	-0.0567  	0.22656  	-0.0729  	-0.1818  	0.50718  	0.32158  	0.30789  	0.09049  	-0.4934  	0.00178  	0.09078  	0.11120  	-0.1651  	0.22247  	0.08762  	-0.0403  	0.00472  	-0.0675  	-0.0035  	-0.1689  	-0.1240  	-0.0598  	0.00702  	-0.0200  	-0.0105  	-0.0050  	0.00434  	0.01916  	0.03682  	-0.0446  	-0.0323  	0.04613  	0.04099  	0.01739  	0.20158  	-0.0276  	0.00568  	-0.0014  	0.03522  	0.06434  	0.40137  	267.172  	162.321  	
0.00279  	-0.0064  	-0.6111  	-0.3114  	0.35438  	-0.9331  	-0.2395  	0.00233  	0.03729  	-0.2478  	-0.2328  	0.62159  	0.00823  	-0.4061  	-1.1026  	-0.0066  	0.23210  	0.00747  	0.61915  	0.21963  	-0.3254  	0.83976  	0.02478  	0.30907  	0.22268  	0.11800  	0.14202  	-0.4400  	-0.4985  	-0.1068  	-0.0335  	0.20973  	-0.0775  	-0.1795  	0.45171  	0.34373  	0.26557  	0.07135  	-0.4580  	0.00729  	0.10034  	0.11149  	-0.1602  	0.23036  	0.09861  	-0.0399  	0.01023  	-0.0705  	-0.0126  	-0.1707  	-0.1272  	-0.0609  	0.00942  	-0.0156  	-0.0125  	-0.0077  	0.00106  	0.01739  	0.03856  	-0.0437  	-0.0299  	0.04284  	0.03797  	0.01932  	0.20158  	-0.0276  	0.00568  	-0.0014  	0.03522  	0.06434  	0.40137  	267.172  	162.321  	
-0.0393  	-0.0370  	-0.6444  	-0.3181  	0.40788  	-1.0202  	-0.2400  	-0.0023  	0.03228  	-0.2817  	-0.2478  	0.60104  	0.00427  	-0.4518  	-0.9801  	-0.0668  	0.25277  	-0.0090  	0.61922  	0.19463  	-0.3018  	0.87061  	0.04168  	0.35849  	0.25016  	0.09823  	0.19527  	-0.4694  	-0.4951  	-0.0898  	-0.0523  	0.21353  	-0.0912  	-0.1667  	0.45178  	0.31642  	0.26409  	0.07364  	-0.4903  	-0.0108  	0.10566  	0.10642  	-0.1706  	0.24006  	0.08982  	-0.0437  	0.01012  	-0.0721  	-0.0129  	-0.1585  	-0.1197  	-0.0543  	0.00846  	-0.0199  	-0.0163  	-0.0016  	0.00405  	0.02249  	0.04198  	-0.0454  	-0.0273  	0.04296  	0.02954  	0.00961  	0.20158  	-0.0276  	0.00568  	-0.0014  	0.03522  	0.06434  	0.40137  	267.172  	162.321  	
-0.2194  	-0.0564  	-0.7537  	-0.2845  	0.49977  	-1.0683  	-0.2106  	0.01375  	0.03044  	-0.2322  	-0.2545  	0.67283  	0.05260  	-0.3787  	-0.8842  	-0.1053  	0.20169  	0.01607  	0.59107  	0.17658  	-0.3588  	0.87978  	0.00425  	0.34479  	0.21370  	0.11772  	0.16888  	-0.4450  	-0.4508  	-0.0736  	-0.0169  	0.18442  	-0.0542  	-0.1677  	0.43189  	0.30022  	0.18752  	0.04625  	-0.4425  	0.01977  	0.10478  	0.11628  	-0.1839  	0.22577  	0.09319  	-0.0379  	0.00561  	-0.0869  	-0.0196  	-0.1642  	-0.1276  	-0.0577  	0.00758  	-0.0230  	-0.0183  	-0.0116  	0.00163  	0.01828  	0.04023  	-0.0457  	-0.0184  	0.04949  	0.02915  	0.01196  	0.20158  	-0.0276  	0.00568  	-0.0014  	0.03522  	0.06434  	0.40137  	267.172  	162.321  	
0.01540  	-0.0092  	-0.7337  	-0.0811  	0.55262  	-0.9531  	-0.2393  	0.08782  	0.06288  	-0.3630  	-0.3474  	0.74946  	0.12064  	-0.2832  	-0.7155  	-0.1178  	0.24332  	-0.0055  	0.62996  	0.18942  	-0.3318  	0.90286  	0.00018  	0.31680  	0.24423  	0.10725  	0.14782  	-0.4154  	-0.4213  	-0.0277  	-0.0199  	0.17881  	-0.0676  	-0.1707  	0.45066  	0.28636  	0.19671  	0.05070  	-0.4321  	0.02086  	0.08734  	0.09262  	-0.1745  	0.21672  	0.08513  	-0.0366  	0.00622  	-0.0615  	-0.0194  	-0.1607  	-0.1207  	-0.0559  	-0.0014  	-0.0243  	-0.0207  	-0.0009  	0.00570  	0.01415  	0.03192  	-0.0452  	-0.0242  	0.04250  	0.02525  	0.00522  	0.20158  	-0.0276  	0.00568  	-0.0014  	0.03522  	0.06434  	0.40137  	267.172  	162.321  	
0.33700  	0.09316  	-0.5208  	0.15537  	0.60386  	-0.7075  	-0.2463  	0.15344  	0.10554  	-0.4286  	-0.5763  	0.73171  	0.13323  	-0.1734  	-0.5300  	-0.0467  	0.26628  	-0.0232  	0.61832  	0.15880  	-0.2552  	0.88819  	-0.0316  	0.33791  	0.30517  	0.08892  	0.23204  	-0.4885  	-0.4813  	-0.0236  	-0.0769  	0.23022  	-0.0431  	-0.1735  	0.53475  	0.24902  	0.24675  	0.09659  	-0.4452  	0.01959  	0.06769  	0.07933  	-0.1606  	0.23042  	0.08267  	-0.0440  	0.00936  	-0.0553  	-0.0013  	-0.1798  	-0.1169  	-0.0571  	0.00504  	-0.0285  	-0.0237  	0.00540  	-0.0035  	0.01452  	0.04498  	-0.0473  	-0.0307  	0.04346  	0.02379  	0.00518  	0.20158  	-0.0276  	0.00568  	-0.0014  	0.03522  	0.06434  	0.40137  	267.172  	162.321  	
0.31745  	0.07024  	-0.4907  	0.07410  	0.63273  	-0.7796  	-0.2361  	0.12807  	0.08589  	-0.3220  	-0.4497  	0.73566  	0.09718  	-0.2065  	-0.7556  	0.08685  	0.18167  	-0.0050  	0.64683  	0.18179  	-0.2953  	0.89573  	-0.0956  	0.31710  	0.26968  	0.06001  	0.20772  	-0.5000  	-0.4764  	-0.0365  	-0.0966  	0.22730  	-0.0367  	-0.1594  	0.54777  	0.29856  	0.27105  	0.09340  	-0.4497  	0.03488  	0.08774  	0.10852  	-0.1601  	0.22786  	0.08411  	-0.0305  	0.00202  	-0.0569  	-0.0055  	-0.1811  	-0.1291  	-0.0596  	0.00581  	-0.0230  	-0.0173  	0.00349  	0.00367  	0.01910  	0.03723  	-0.0443  	-0.0310  	0.03933  	0.02503  	0.00664  	0.20158  	-0.0276  	0.00568  	-0.0014  	0.03522  	0.06434  	0.40137  	267.172  	162.321  	
0.41108  	0.05456  	-0.4663  	0.04510  	0.63426  	-0.7437  	-0.2311  	0.11160  	0.08181  	-0.3080  	-0.3243  	0.69624  	0.06534  	-0.2642  	-0.7846  	0.13139  	0.17578  	-0.0329  	0.63508  	0.15029  	-0.1822  	0.89323  	-0.0720  	0.40534  	0.28954  	0.05906  	0.33272  	-0.5817  	-0.5979  	-0.0525  	-0.0834  	0.25471  	-0.0558  	-0.1860  	0.60340  	0.28995  	0.35639  	0.09895  	-0.5192  	0.01736  	0.03359  	0.11599  	-0.1763  	0.23642  	0.09360  	-0.0367  	0.00198  	-0.0600  	-0.0006  	-0.1719  	-0.1147  	-0.0559  	0.01310  	-0.0219  	-0.0174  	0.00546  	0.00671  	0.01474  	0.03688  	-0.0409  	-0.0303  	0.03462  	0.03203  	0.00574  	0.20158  	-0.0276  	0.00568  	-0.0014  	0.03522  	0.06434  	0.40137  	267.172  	162.321  	
0.36240  	0.04665  	-0.4511  	-0.0022  	0.59176  	-0.7496  	-0.2110  	0.08432  	0.06780  	-0.2955  	-0.3202  	0.65612  	0.04289  	-0.3284  	-0.8589  	0.14495  	0.20065  	-0.0441  	0.65002  	0.15108  	-0.2167  	0.89657  	-0.0852  	0.40820  	0.32643  	0.04396  	0.33157  	-0.5356  	-0.5566  	-0.0435  	-0.0992  	0.25358  	-0.0829  	-0.1872  	0.56750  	0.33855  	0.33334  	0.08949  	-0.5016  	0.02529  	0.04051  	0.12208  	-0.1762  	0.23375  	0.09183  	-0.0380  	-0.0053  	-0.0577  	-0.0008  	-0.1725  	-0.1146  	-0.0551  	0.01054  	-0.0230  	-0.0142  	0.00490  	0.00796  	0.01413  	0.03708  	-0.0453  	-0.0288  	0.03144  	0.03570  	0.01327  	0.20158  	-0.0276  	0.00568  	-0.0014  	0.03522  	0.06434  	0.40137  	267.172  	162.321  	
0.30007  	-0.0359  	-0.4756  	-0.1154  	0.49909  	-0.7869  	-0.2283  	0.07196  	0.05504  	-0.3232  	-0.2615  	0.62808  	0.02025  	-0.3885  	-0.9382  	0.16450  	0.19931  	-0.0682  	0.65786  	0.12331  	-0.2071  	0.85534  	-0.0978  	0.44368  	0.34220  	0.05645  	0.36488  	-0.5537  	-0.6398  	-0.0617  	-0.0775  	0.28387  	-0.1039  	-0.2014  	0.58169  	0.34589  	0.38156  	0.10435  	-0.5345  	-0.0022  	0.02942  	0.12432  	-0.1894  	0.23355  	0.09376  	-0.0363  	-0.0052  	-0.0675  	-0.0038  	-0.1626  	-0.1181  	-0.0574  	0.01324  	-0.0167  	-0.0108  	0.00254  	0.00947  	0.01641  	0.03790  	-0.0385  	-0.0343  	0.03093  	0.03428  	0.01374  	0.20158  	-0.0276  	0.00568  	-0.0014  	0.03522  	0.06434  	0.40137  	267.172  	162.321  	
0.53829  	0.11991  	-0.4047  	0.22687  	0.72751  	-0.6759  	-0.1850  	0.17790  	0.09697  	-0.3865  	-0.6041  	0.66770  	0.20849  	-0.0170  	-0.3183  	-0.0097  	0.24148  	-0.1434  	0.61137  	0.08449  	-0.1245  	0.94516  	-0.0054  	0.50381  	0.25402  	0.07840  	0.43688  	-0.6785  	-0.6700  	-0.0592  	-0.0766  	0.26756  	-0.0520  	-0.2041  	0.67248  	0.23607  	0.37636  	0.07174  	-0.5145  	0.05870  	-0.0269  	0.14404  	-0.1940  	0.23600  	0.08722  	-0.0353  	-0.0015  	-0.0536  	0.00724  	-0.1714  	-0.1319  	-0.0591  	-0.0016  	-0.0241  	-0.0159  	0.00784  	0.00249  	0.01072  	0.03706  	-0.0412  	-0.0276  	0.04373  	0.01382  	0.00527  	0.20158  	-0.0276  	0.00568  	-0.0014  	0.03522  	0.06434  	0.40137  	267.172  	162.321  	
0.70462  	0.16447  	-0.2928  	0.30679  	0.68202  	-0.5804  	-0.1490  	0.22096  	0.13812  	-0.3497  	-0.7009  	0.57332  	0.30281  	0.15468  	-0.2753  	-0.0934  	0.23658  	-0.1170  	0.60570  	0.01742  	-0.2258  	1.00579  	0.01226  	0.35605  	0.34552  	0.04277  	0.38119  	-0.7063  	-0.4917  	0.01383  	-0.0516  	0.21372  	-0.0699  	-0.1638  	0.56707  	0.21225  	0.28250  	0.07532  	-0.4264  	0.02891  	0.03367  	0.11725  	-0.1401  	0.24562  	0.07596  	-0.0402  	-0.0106  	-0.0124  	0.01226  	-0.1760  	-0.1302  	-0.0585  	0.00931  	-0.0202  	-0.0137  	0.01372  	-0.0048  	0.01170  	0.02966  	-0.0463  	-0.0253  	0.05079  	0.02053  	0.00080  	0.20158  	-0.0276  	0.00568  	-0.0014  	0.03522  	0.06434  	0.40137  	267.172  	162.321  	
0.58728  	0.16901  	-0.4073  	0.41904  	0.80709  	-0.6339  	-0.1151  	0.19796  	0.12551  	-0.3527  	-0.7562  	0.61188  	0.33090  	0.21685  	-0.2165  	-0.1443  	0.23236  	-0.1807  	0.55976  	0.03950  	-0.2937  	1.05370  	-0.0424  	0.36175  	0.47620  	0.04485  	0.44080  	-0.6256  	-0.4490  	0.08049  	-0.0723  	0.22754  	-0.0530  	-0.1662  	0.58996  	0.23372  	0.24222  	0.06192  	-0.4060  	0.05011  	0.00170  	0.13264  	-0.1611  	0.23306  	0.07214  	-0.0351  	-0.0180  	-0.0341  	0.01440  	-0.1794  	-0.1238  	-0.0571  	0.00062  	-0.0271  	-0.0169  	0.01103  	-0.0014  	0.00923  	0.03539  	-0.0429  	-0.0235  	0.04594  	0.03237  	0.00080  	0.20158  	-0.0276  	0.00568  	-0.0014  	0.03522  	0.06434  	0.40137  	267.172  	162.321  	
0.36452  	0.03000  	-0.5780  	0.43185  	0.87149  	-0.7238  	-0.0822  	0.18661  	0.12286  	-0.3013  	-0.5890  	0.68144  	0.23024  	0.15015  	-0.1944  	-0.0647  	0.19007  	-0.1486  	0.57133  	0.14017  	-0.2486  	1.00837  	-0.0620  	0.48826  	0.32345  	0.06372  	0.34300  	-0.6067  	-0.5698  	-0.0050  	-0.0836  	0.24347  	-0.0061  	-0.1615  	0.69124  	0.20098  	0.29584  	0.04224  	-0.4856  	0.09245  	-0.0536  	0.16221  	-0.2155  	0.23543  	0.08606  	-0.0249  	-0.0023  	-0.0554  	-0.0039  	-0.1727  	-0.1285  	-0.0469  	-0.0008  	-0.0272  	-0.0237  	-0.0021  	-0.0074  	0.00996  	0.04911  	-0.0430  	-0.0302  	0.05257  	0.01687  	0.00138  	0.20158  	-0.0276  	0.00568  	-0.0014  	0.03522  	0.06434  	0.40137  	267.172  	162.321  	
0.16201  	-0.0296  	-0.6862  	-0.1045  	0.62776  	-1.0180  	-0.1281  	0.03822  	0.09580  	-0.2710  	-0.3417  	0.72959  	0.13929  	-0.2547  	-0.7492  	-0.0894  	0.16050  	0.02896  	0.57558  	0.20747  	-0.2828  	0.85312  	-0.0309  	0.38237  	0.20153  	0.09559  	0.16730  	-0.4404  	-0.5879  	-0.0896  	-0.0269  	0.19291  	-0.0349  	-0.1542  	0.55243  	0.25987  	0.23771  	0.07236  	-0.4659  	0.01614  	0.06425  	0.10465  	-0.1905  	0.21588  	0.07269  	-0.0302  	0.00595  	-0.0576  	-0.0124  	-0.1585  	-0.1392  	-0.0600  	0.00573  	-0.0161  	-0.0217  	-0.0122  	0.00565  	0.01774  	0.03305  	-0.0531  	-0.0248  	0.04500  	0.02040  	0.00495  	0.20158  	-0.0276  	0.00568  	-0.0014  	0.03522  	0.06434  	0.40137  	267.172  	162.321  	
0.06709  	-0.0399  	-0.5995  	-0.1701  	0.46545  	-0.8630  	-0.2134  	0.00989  	0.07292  	-0.3750  	-0.3765  	0.56818  	0.00204  	-0.4305  	-0.8421  	-0.0459  	0.24599  	-0.0185  	0.62417  	0.14058  	-0.2720  	0.89507  	0.04094  	0.34366  	0.28832  	0.10658  	0.27497  	-0.5381  	-0.5106  	-0.0539  	-0.0660  	0.22132  	-0.1128  	-0.1833  	0.44839  	0.32046  	0.29489  	0.09044  	-0.4746  	0.03280  	0.11029  	0.10276  	-0.1742  	0.24461  	0.07927  	-0.0420  	0.00801  	-0.0781  	-0.0210  	-0.1747  	-0.1338  	-0.0513  	0.01231  	-0.0186  	-0.0123  	-0.0049  	-0.0008  	0.02164  	0.03864  	-0.0454  	-0.0296  	0.04052  	0.03062  	0.01496  	0.20158  	-0.0276  	0.00568  	-0.0014  	0.03522  	0.06434  	0.40137  	267.172  	162.321  	
0.00433  	-0.0426  	-0.6575  	-0.2602  	0.46385  	-0.9355  	-0.1758  	0.00257  	0.06406  	-0.3303  	-0.3505  	0.54842  	0.03257  	-0.4420  	-0.8894  	-0.0484  	0.23841  	0.01551  	0.60632  	0.16880  	-0.3581  	0.89932  	-0.0044  	0.29105  	0.29682  	0.09859  	0.20795  	-0.4321  	-0.4239  	-0.0507  	-0.0500  	0.21146  	-0.0950  	-0.1629  	0.38475  	0.34065  	0.22996  	0.07915  	-0.4477  	0.00373  	0.13921  	0.09314  	-0.1625  	0.24591  	0.07704  	-0.0412  	0.00681  	-0.0626  	-0.0108  	-0.1699  	-0.1345  	-0.0516  	0.01210  	-0.0182  	-0.0132  	-0.0079  	-0.0023  	0.02119  	0.04146  	-0.0497  	-0.0259  	0.03788  	0.03036  	0.01407  	0.20158  	-0.0276  	0.00568  	-0.0014  	0.03522  	0.06434  	0.40137  	267.172  	162.321  	
-0.0361  	-0.0657  	-0.7514  	-0.1140  	0.59577  	-0.9719  	-0.2103  	0.01728  	0.05523  	-0.3067  	-0.3611  	0.64998  	0.02983  	-0.3475  	-0.7786  	-0.0738  	0.22461  	0.01978  	0.60193  	0.15762  	-0.3499  	0.87827  	-0.0400  	0.32259  	0.26702  	0.10882  	0.21307  	-0.4200  	-0.4157  	-0.0440  	-0.0378  	0.20416  	-0.0771  	-0.1719  	0.45036  	0.30653  	0.19714  	0.04816  	-0.4457  	0.02036  	0.08595  	0.11338  	-0.1793  	0.23250  	0.08912  	-0.0380  	0.00799  	-0.0736  	-0.0127  	-0.1734  	-0.1295  	-0.0548  	0.00347  	-0.0216  	-0.0162  	-0.0065  	0.00326  	0.01509  	0.03911  	-0.0493  	-0.0311  	0.03891  	0.03406  	0.01594  	0.20158  	-0.0276  	0.00568  	-0.0014  	0.03522  	0.06434  	0.40137  	267.172  	162.321  	
0.16939  	-0.0076  	-0.6924  	0.05603  	0.67866  	-0.8872  	-0.2188  	0.12594  	0.10276  	-0.3894  	-0.3735  	0.79565  	0.08474  	-0.1714  	-0.6359  	-0.0480  	0.22739  	-0.0208  	0.60035  	0.17180  	-0.2599  	0.90430  	-0.0587  	0.32937  	0.25107  	0.09358  	0.20244  	-0.4165  	-0.4024  	-0.0384  	-0.0684  	0.18590  	-0.0502  	-0.1530  	0.50812  	0.24946  	0.21970  	0.05066  	-0.4409  	0.01326  	0.07507  	0.11858  	-0.1904  	0.21458  	0.08711  	-0.0341  	-0.0009  	-0.0661  	-0.0137  	-0.1735  	-0.1235  	-0.0583  	0.00215  	-0.0221  	-0.0165  	0.00853  	0.00995  	0.01358  	0.04108  	-0.0462  	-0.0313  	0.04648  	0.02748  	0.01619  	0.20158  	-0.0276  	0.00568  	-0.0014  	0.03522  	0.06434  	0.40137  	267.172  	162.321  	
0.32711  	0.01713  	-0.5670  	0.10158  	0.69672  	-0.8230  	-0.2004  	0.15804  	0.12886  	-0.3573  	-0.3930  	0.84585  	0.12426  	-0.1441  	-0.6298  	0.01520  	0.19112  	-0.0161  	0.65812  	0.17398  	-0.1934  	0.92424  	-0.0413  	0.32243  	0.30158  	0.08612  	0.22891  	-0.4863  	-0.5069  	-0.0321  	-0.0535  	0.18227  	-0.0433  	-0.1670  	0.50357  	0.20564  	0.28301  	0.07387  	-0.4460  	-0.0059  	0.08162  	0.11993  	-0.1776  	0.22870  	0.08323  	-0.0224  	0.00135  	-0.0596  	-0.0150  	-0.1769  	-0.1187  	-0.0607  	0.00030  	-0.0301  	-0.0272  	0.00732  	0.01966  	0.02653  	0.02997  	-0.0513  	-0.0340  	0.04361  	0.02771  	0.00855  	0.20158  	-0.0276  	0.00568  	-0.0014  	0.03522  	0.06434  	0.40137  	267.172  	162.321  	
-0.0117  	0.00439  	-0.7577  	-0.1836  	0.61149  	-1.0090  	-0.2109  	0.05718  	0.08396  	-0.2726  	-0.2934  	0.71720  	0.03728  	-0.3195  	-0.7865  	-0.1022  	0.18035  	0.02270  	0.62529  	0.20560  	-0.2477  	0.87274  	-0.0671  	0.33890  	0.24336  	0.08892  	0.18490  	-0.4289  	-0.4786  	-0.0863  	-0.0523  	0.19433  	-0.0703  	-0.1564  	0.48128  	0.27311  	0.23094  	0.05637  	-0.4358  	0.02858  	0.06222  	0.11371  	-0.1959  	0.21216  	0.09137  	-0.0263  	-0.0100  	-0.0789  	-0.0143  	-0.1703  	-0.1213  	-0.0558  	-0.0010  	-0.0179  	-0.0166  	3.74023  	0.00806  	0.02451  	0.03895  	-0.0476  	-0.0301  	0.03500  	0.02148  	0.00916  	0.20158  	-0.0276  	0.00568  	-0.0014  	0.03522  	0.06434  	0.40137  	267.172  	162.321  	
-0.1128  	-0.0303  	-0.6974  	-0.4281  	0.43963  	-1.0044  	-0.2427  	0.01097  	0.03404  	-0.2450  	-0.2428  	0.54891  	-0.0130  	-0.4716  	-0.9460  	-0.1639  	0.22501  	-0.0162  	0.62077  	0.13306  	-0.2548  	0.87358  	0.02823  	0.32388  	0.28995  	0.10087  	0.24043  	-0.4676  	-0.5046  	-0.1019  	-0.0365  	0.20831  	-0.0878  	-0.1690  	0.43341  	0.29497  	0.26257  	0.06792  	-0.4575  	-0.0039  	0.09119  	0.08991  	-0.1901  	0.22372  	0.09914  	-0.0327  	0.00263  	-0.0978  	-0.0304  	-0.1597  	-0.1309  	-0.0573  	0.00679  	-0.0174  	-0.0213  	-0.0105  	0.00423  	0.02250  	0.03849  	-0.0419  	-0.0263  	0.03425  	0.03376  	0.01516  	0.20158  	-0.0276  	0.00568  	-0.0014  	0.03522  	0.06434  	0.40137  	267.172  	162.321  	
0.04190  	-0.0280  	-0.6422  	-0.2976  	0.39986  	-0.8947  	-0.2071  	0.01311  	0.06643  	-0.3494  	-0.2772  	0.55580  	-0.0184  	-0.4782  	-0.9151  	-0.0673  	0.25219  	-0.0100  	0.61478  	0.15105  	-0.2463  	0.87817  	0.06376  	0.35356  	0.26962  	0.11568  	0.25889  	-0.4780  	-0.5000  	-0.0691  	-0.0397  	0.22629  	-0.0790  	-0.1806  	0.42823  	0.29771  	0.28932  	0.06350  	-0.4776  	0.01221  	0.11248  	0.09989  	-0.1717  	0.24542  	0.09534  	-0.0337  	0.00555  	-0.0816  	-0.0250  	-0.1720  	-0.1316  	-0.0562  	0.00896  	-0.0191  	-0.0161  	-0.0050  	-0.0023  	0.01971  	0.03375  	-0.0448  	-0.0321  	0.04397  	0.03223  	0.02226  	0.20158  	-0.0276  	0.00568  	-0.0014  	0.03522  	0.06434  	0.40137  	267.172  	162.321  	
0.15706  	0.00367  	-0.5681  	-0.2492  	0.43818  	-0.8695  	-0.2428  	0.05389  	0.07439  	-0.2670  	-0.3232  	0.64448  	0.01570  	-0.5154  	-1.0472  	0.05191  	0.23918  	0.03329  	0.62451  	0.17157  	-0.3375  	0.83538  	0.01856  	0.29642  	0.22780  	0.12083  	0.18078  	-0.4273  	-0.4618  	-0.0618  	-0.0303  	0.21449  	-0.0683  	-0.1746  	0.42284  	0.31406  	0.24788  	0.07047  	-0.4382  	0.04158  	0.12323  	0.10498  	-0.1422  	0.25550  	0.08745  	-0.0328  	-0.0020  	-0.0668  	-0.0144  	-0.1793  	-0.1274  	-0.0571  	0.00746  	-0.0210  	-0.0057  	-0.0035  	0.00327  	0.01638  	0.03804  	-0.0530  	-0.0331  	0.05008  	0.03017  	0.02330  	0.20158  	-0.0276  	0.00568  	-0.0014  	0.03522  	0.06434  	0.40137  	267.172  	162.321  	
0.08641  	-0.0129  	-0.5703  	-0.2392  	0.41813  	-0.9096  	-0.2330  	0.04990  	0.07155  	-0.2493  	-0.3007  	0.62729  	0.01431  	-0.4259  	-0.9978  	-0.0161  	0.22272  	0.01416  	0.61000  	0.19452  	-0.3369  	0.86091  	-0.0156  	0.28861  	0.26408  	0.10865  	0.17466  	-0.4144  	-0.4480  	-0.0762  	-0.0419  	0.22449  	-0.0792  	-0.1754  	0.42856  	0.32042  	0.23424  	0.07430  	-0.4533  	0.02389  	0.13644  	0.09775  	-0.1334  	0.25768  	0.08864  	-0.0388  	0.00472  	-0.0653  	-0.0153  	-0.1838  	-0.1220  	-0.0564  	0.00592  	-0.0208  	-0.0128  	-0.0035  	0.00780  	0.01700  	0.03949  	-0.0468  	-0.0245  	0.03713  	0.03304  	0.02063  	0.20158  	-0.0276  	0.00568  	-0.0014  	0.03522  	0.06434  	0.40137  	267.172  	162.321  	
0.01715  	-0.0178  	-0.6267  	-0.3212  	0.37307  	-0.9332  	-0.2266  	-0.0271  	0.04714  	-0.3082  	-0.3199  	0.55972  	-0.0041  	-0.4927  	-0.9833  	-0.0293  	0.26134  	-0.0054  	0.62755  	0.18991  	-0.3198  	0.83937  	0.01651  	0.34496  	0.29252  	0.10545  	0.22435  	-0.4788  	-0.4928  	-0.0886  	-0.0571  	0.21836  	-0.0937  	-0.1735  	0.46687  	0.33588  	0.28805  	0.08237  	-0.4971  	0.00385  	0.11257  	0.10553  	-0.1610  	0.24379  	0.09756  	-0.0368  	0.00595  	-0.0878  	-0.0171  	-0.1606  	-0.1184  	-0.0567  	0.00684  	-0.0164  	-0.0157  	0.00109  	0.00252  	0.01812  	0.04718  	-0.0465  	-0.0298  	0.04429  	0.03405  	0.00895  	0.20158  	-0.0276  	0.00568  	-0.0014  	0.03522  	0.06434  	0.40137  	267.172  	162.321  	
-0.1354  	-0.0362  	-0.6754  	-0.4209  	0.36888  	-1.0376  	-0.2313  	0.00090  	0.03560  	-0.2695  	-0.2977  	0.54878  	-0.0080  	-0.4214  	-0.9487  	-0.1073  	0.23518  	0.00123  	0.61885  	0.13990  	-0.3317  	0.85509  	0.06104  	0.30138  	0.25480  	0.10294  	0.20799  	-0.4934  	-0.4496  	-0.0759  	-0.0402  	0.20911  	-0.0941  	-0.1592  	0.40817  	0.32186  	0.24750  	0.08044  	-0.4689  	-0.0006  	0.12178  	0.11432  	-0.1686  	0.23606  	0.08312  	-0.0409  	0.00767  	-0.0792  	-0.0171  	-0.1738  	-0.1317  	-0.0515  	0.00532  	-0.0178  	-0.0206  	-0.0076  	0.00053  	0.01767  	0.03997  	-0.0528  	-0.0220  	0.04293  	0.03580  	0.01260  	0.20158  	-0.0276  	0.00568  	-0.0014  	0.03522  	0.06434  	0.40137  	267.172  	162.321  	
-0.1173  	-0.0072  	-0.6609  	-0.2619  	0.45951  	-1.0691  	-0.3071  	0.09394  	0.01899  	-0.3279  	-0.2468  	0.64155  	0.03754  	-0.4652  	-0.8063  	-0.1544  	0.32938  	-0.1991  	0.70332  	-0.1801  	-0.2096  	0.66033  	-0.1634  	0.33378  	0.16575  	0.21723  	0.22883  	-0.6383  	-0.4195  	-0.0710  	0.09208  	0.15358  	-0.1790  	-0.3304  	0.36559  	0.25686  	0.17878  	0.07920  	-0.6020  	-0.0859  	0.19834  	0.23494  	-0.2935  	0.31929  	0.03252  	-0.0161  	-0.0177  	-0.0708  	-0.0360  	-0.1764  	-0.1312  	-0.0518  	0.01004  	-0.0012  	-0.0178  	-0.0104  	-0.0016  	0.00567  	0.04125  	-0.0414  	-0.0168  	0.04464  	0.01752  	0.01281  	0.20158  	-0.0276  	0.00568  	-0.0014  	0.03522  	0.06434  	0.40137  	267.172  	162.321  	
0.05630  	0.00954  	-0.5299  	-0.2155  	0.44979  	-1.0010  	-0.3331  	0.16703  	0.03936  	-0.3646  	-0.2748  	0.65666  	0.10780  	-0.4990  	-0.8682  	-0.1546  	0.41136  	-0.3257  	0.76171  	-0.3528  	-0.1564  	0.44259  	-0.3945  	0.35417  	0.09023  	0.30230  	0.21134  	-0.6416  	-0.3306  	-0.1145  	0.17350  	0.13192  	-0.2443  	-0.4818  	0.32868  	0.24043  	0.11163  	0.06244  	-0.6920  	-0.1567  	0.24322  	0.33384  	-0.3844  	0.38745  	-0.0155  	-0.0064  	-0.0319  	-0.0350  	-0.0421  	-0.1847  	-0.1183  	-0.0508  	0.00866  	0.00799  	-0.0047  	-0.0112  	0.00302  	0.00134  	0.03638  	-0.0396  	-0.0194  	0.04098  	0.00783  	0.01625  	0.20158  	-0.0276  	0.00568  	-0.0014  	0.03522  	0.06434  	0.40137  	267.172  	162.321  	
0.21640  	0.05984  	-0.4379  	-0.1270  	0.51443  	-0.8891  	-0.3097  	0.21215  	0.04393  	-0.3210  	-0.2658  	0.70747  	0.14521  	-0.4529  	-0.8369  	-0.0604  	0.38540  	-0.3483  	0.77547  	-0.3761  	-0.1202  	0.40255  	-0.5123  	0.33900  	0.07315  	0.29023  	0.20066  	-0.6833  	-0.3398  	-0.1194  	0.18109  	0.13455  	-0.2538  	-0.5087  	0.35850  	0.25951  	0.13078  	0.07898  	-0.7231  	-0.1537  	0.25585  	0.36043  	-0.4003  	0.39825  	-0.0358  	0.00375  	-0.0460  	-0.0249  	-0.0369  	-0.1991  	-0.1146  	-0.0508  	0.01281  	0.00829  	-0.0015  	-0.0046  	-0.0006  	-0.0055  	0.03990  	-0.0288  	-0.0183  	0.03108  	0.00350  	0.01783  	0.20158  	-0.0276  	0.00568  	-0.0014  	0.03522  	0.06434  	0.40137  	267.172  	162.321  	
0.27747  	0.04376  	-0.4015  	-0.0739  	0.56879  	-0.8716  	-0.2778  	0.18006  	0.04661  	-0.2822  	-0.2256  	0.71965  	0.11606  	-0.4866  	-0.8473  	0.05655  	0.33102  	-0.3012  	0.75057  	-0.2703  	-0.1729  	0.45659  	-0.5719  	0.34380  	0.14767  	0.25204  	0.21881  	-0.6373  	-0.3623  	-0.1114  	0.13049  	0.15642  	-0.2412  	-0.4716  	0.42070  	0.30391  	0.13118  	0.08147  	-0.6999  	-0.1274  	0.21327  	0.35171  	-0.3760  	0.36437  	-0.0198  	-0.0012  	-0.0454  	-0.0309  	-0.0315  	-0.1950  	-0.1060  	-0.0502  	0.01140  	0.00730  	0.00082  	-0.0054  	0.00439  	-0.0006  	0.03804  	-0.0350  	-0.0242  	0.02808  	0.00833  	0.01769  	0.20158  	-0.0276  	0.00568  	-0.0014  	0.03522  	0.06434  	0.40137  	267.172  	162.321  	
0.24845  	0.01444  	-0.4704  	-0.1338  	0.51031  	-0.8215  	-0.2444  	0.11037  	0.04128  	-0.3132  	-0.2876  	0.64367  	0.07485  	-0.4794  	-0.8976  	0.07033  	0.27502  	-0.1653  	0.69857  	-0.1090  	-0.2370  	0.66533  	-0.3400  	0.33416  	0.25499  	0.17510  	0.25760  	-0.5494  	-0.4131  	-0.0739  	0.05193  	0.18932  	-0.1846  	-0.3389  	0.45488  	0.33074  	0.19621  	0.08145  	-0.5930  	-0.0626  	0.15087  	0.25072  	-0.2868  	0.31167  	0.02815  	-0.0180  	-0.0245  	-0.0487  	-0.0225  	-0.1826  	-0.1087  	-0.0521  	0.01311  	-0.0076  	-0.0045  	-0.0005  	0.00375  	0.00760  	0.03747  	-0.0384  	-0.0270  	0.02993  	0.02086  	0.01681  	0.20158  	-0.0276  	0.00568  	-0.0014  	0.03522  	0.06434  	0.40137  	267.172  	162.321  	
0.12222  	-0.0336  	-0.6116  	-0.1487  	0.50825  	-0.8853  	-0.2403  	0.01471  	0.04452  	-0.3369  	-0.3243  	0.62439  	-0.0022  	-0.4106  	-0.9169  	0.02534  	0.24459  	-0.0502  	0.62459  	0.14542  	-0.2833  	0.87294  	-0.0421  	0.37259  	0.32500  	0.06975  	0.26765  	-0.4654  	-0.5125  	-0.0368  	-0.0822  	0.26465  	-0.1074  	-0.1864  	0.51187  	0.36675  	0.30952  	0.08461  	-0.4852  	0.01217  	0.07523  	0.10838  	-0.1818  	0.23424  	0.08641  	-0.0373  	-0.0025  	-0.0755  	-0.0162  	-0.1699  	-0.1214  	-0.0526  	0.00556  	-0.0242  	-0.0148  	-0.0019  	0.00656  	0.02158  	0.03569  	-0.0511  	-0.0310  	0.03459  	0.03596  	0.01792  	0.20158  	-0.0276  	0.00568  	-0.0014  	0.03522  	0.06434  	0.40137  	267.172  	162.321  	
0.19243  	-0.0058  	-0.6011  	0.01711  	0.57552  	-0.7718  	-0.2559  	0.08917  	0.07925  	-0.4696  	-0.4833  	0.67541  	0.08378  	-0.2564  	-0.6268  	-0.0888  	0.25429  	-0.0777  	0.62623  	0.07374  	-0.2427  	0.93542  	0.03694  	0.37965  	0.28372  	0.08691  	0.32062  	-0.5227  	-0.5230  	-0.0354  	-0.0525  	0.22292  	-0.0921  	-0.1705  	0.52529  	0.28907  	0.30094  	0.08541  	-0.5095  	-0.0046  	0.05030  	0.12254  	-0.1912  	0.22109  	0.08219  	-0.0356  	-0.0025  	-0.0726  	-0.0174  	-0.1652  	-0.1257  	-0.0583  	0.00760  	-0.0255  	-0.0154  	0.00354  	0.01172  	0.02025  	0.04749  	-0.0488  	-0.0248  	0.04401  	0.03606  	0.01606  	0.20158  	-0.0276  	0.00568  	-0.0014  	0.03522  	0.06434  	0.40137  	267.172  	162.321  	
0.23072  	0.02453  	-0.5537  	-0.0311  	0.55432  	-0.8276  	-0.2363  	0.07750  	0.10119  	-0.4208  	-0.4424  	0.66562  	0.06669  	-0.2315  	-0.6432  	-0.0736  	0.23687  	-0.0553  	0.60528  	0.11448  	-0.2497  	0.91107  	0.01703  	0.36096  	0.26986  	0.09646  	0.23990  	-0.4994  	-0.4737  	-0.0492  	-0.0607  	0.21277  	-0.0508  	-0.1732  	0.52485  	0.25397  	0.28565  	0.07452  	-0.4799  	0.01622  	0.06121  	0.10041  	-0.1751  	0.22451  	0.08076  	-0.0414  	0.00783  	-0.0740  	-0.0134  	-0.1788  	-0.1235  	-0.0545  	0.00552  	-0.0231  	-0.0194  	0.00312  	0.00320  	0.00832  	0.04784  	-0.0358  	-0.0296  	0.04165  	0.02310  	0.01750  	0.20158  	-0.0276  	0.00568  	-0.0014  	0.03522  	0.06434  	0.40137  	267.172  	162.321  	
0.25009  	0.06730  	-0.6006  	-0.0045  	0.66303  	-0.8899  	-0.1421  	0.03319  	0.08764  	-0.2967  	-0.5275  	0.70611  	0.15285  	-0.0616  	-0.6249  	-0.0433  	0.18231  	0.01610  	0.62284  	0.13929  	-0.4613  	0.91856  	-0.1011  	0.31488  	0.32866  	0.09715  	0.11146  	-0.3510  	-0.3220  	-0.0154  	-0.0433  	0.18942  	-0.0550  	-0.1808  	0.45979  	0.29081  	0.14828  	0.03960  	-0.4110  	0.08611  	0.08449  	0.11436  	-0.1443  	0.22145  	0.07267  	-0.0357  	0.00600  	-0.0497  	-0.0045  	-0.1697  	-0.1248  	-0.0567  	0.00876  	-0.0257  	-0.0090  	-0.0014  	-0.0072  	0.00970  	0.04821  	-0.0453  	-0.0322  	0.05224  	0.01988  	0.01290  	0.20158  	-0.0276  	0.00568  	-0.0014  	0.03522  	0.06434  	0.40137  	267.172  	162.321  	
0.03093  	-0.0563  	-0.7357  	-0.1712  	0.57377  	-1.0990  	-0.1649  	0.05395  	0.08398  	-0.2729  	-0.2428  	0.69334  	0.12980  	-0.1067  	-0.8343  	-0.1019  	0.21692  	0.02703  	0.61725  	0.20276  	-0.3489  	0.86664  	-0.1359  	0.37472  	0.31652  	0.09379  	0.14480  	-0.4747  	-0.5197  	-0.0819  	-0.0039  	0.15730  	-0.0197  	-0.1939  	0.55526  	0.29313  	0.25117  	0.03813  	-0.4457  	0.02533  	0.05919  	0.14269  	-0.1751  	0.21650  	0.09202  	-0.0446  	0.00979  	-0.0793  	-0.0063  	-0.1537  	-0.1321  	-0.0583  	-0.0030  	-0.0235  	-0.0145  	0.00073  	-0.0003  	0.00800  	0.03808  	-0.0380  	-0.0389  	0.05692  	0.03101  	0.01326  	0.20158  	-0.0276  	0.00568  	-0.0014  	0.03522  	0.06434  	0.40137  	267.172  	162.321  	
-0.1566  	-0.0766  	-0.7990  	-0.2570  	0.58076  	-1.1434  	-0.2195  	0.03989  	0.07086  	-0.2871  	-0.1854  	0.69445  	0.10291  	-0.2421  	-0.7932  	-0.1585  	0.24237  	-0.0156  	0.60001  	0.18124  	-0.2487  	0.86104  	-0.0150  	0.36368  	0.22582  	0.10668  	0.21292  	-0.4776  	-0.5108  	-0.0468  	-0.0026  	0.19170  	-0.0355  	-0.1563  	0.52864  	0.27285  	0.25575  	0.06557  	-0.4727  	0.00245  	0.06442  	0.11310  	-0.2137  	0.19712  	0.08434  	-0.0438  	0.00020  	-0.0860  	-0.0217  	-0.1737  	-0.1280  	-0.0566  	-0.0055  	-0.0191  	-0.0239  	0.01034  	-0.0028  	0.01570  	0.03537  	-0.0439  	-0.0207  	0.04980  	0.02466  	0.00787  	0.20158  	-0.0276  	0.00568  	-0.0014  	0.03522  	0.06434  	0.40137  	267.172  	162.321  	
-0.1246  	-0.0440  	-0.6721  	-0.4448  	0.36175  	-1.1085  	-0.2356  	0.13965  	0.05162  	-0.2593  	-0.1533  	0.58371  	0.04953  	-0.2518  	-0.8479  	-0.1824  	0.26687  	-0.0532  	0.61259  	0.15796  	-0.2230  	0.89709  	0.01109  	0.37524  	0.26179  	0.10766  	0.23786  	-0.5810  	-0.5670  	-0.1109  	-0.0145  	0.18314  	-0.0582  	-0.1868  	0.45246  	0.26937  	0.29142  	0.08287  	-0.4349  	-0.0331  	0.07503  	0.11817  	-0.2056  	0.20203  	0.08882  	-0.0305  	0.00041  	-0.0780  	-0.0247  	-0.1662  	-0.1360  	-0.0522  	0.00187  	-0.0236  	-0.0208  	-0.0029  	-0.0023  	0.01727  	0.03877  	-0.0477  	-0.0251  	0.05048  	0.02942  	0.01168  	0.20158  	-0.0276  	0.00568  	-0.0014  	0.03522  	0.06434  	0.40137  	267.172  	162.321  	
0.22335  	0.04938  	-0.4956  	-0.1998  	0.44162  	-0.8275  	-0.2367  	0.20101  	0.10955  	-0.4014  	-0.2901  	0.67831  	0.10367  	-0.1848  	-0.7707  	-0.0298  	0.25002  	-0.0357  	0.63180  	0.14460  	-0.1353  	0.84972  	0.05884  	0.41535  	0.18022  	0.08602  	0.27434  	-0.6427  	-0.6174  	-0.1043  	-0.0173  	0.22471  	-0.0238  	-0.1913  	0.49098  	0.17899  	0.34988  	0.10012  	-0.4788  	-0.0159  	0.09170  	0.08457  	-0.1654  	0.23412  	0.08789  	-0.0340  	0.00995  	-0.0726  	-0.0249  	-0.1604  	-0.1392  	-0.0569  	0.00343  	-0.0203  	-0.0209  	-0.0013  	-0.0037  	0.01593  	0.03149  	-0.0450  	-0.0202  	0.05354  	0.02905  	0.01382  	0.20158  	-0.0276  	0.00568  	-0.0014  	0.03522  	0.06434  	0.40137  	267.172  	162.321  	
0.71470  	0.19321  	-0.2698  	-0.0596  	0.46105  	-0.6345  	-0.2060  	0.33287  	0.18775  	-0.4596  	-0.3346  	0.81980  	0.15105  	-0.0870  	-0.6099  	0.17505  	0.19896  	-0.1021  	0.62565  	0.11057  	-0.0047  	0.95986  	0.06580  	0.39575  	0.17059  	0.07786  	0.23831  	-0.6950  	-0.6811  	-0.0896  	-0.0526  	0.25578  	-0.0113  	-0.1802  	0.57317  	0.13195  	0.44799  	0.15804  	-0.5066  	-0.0538  	0.05606  	0.11143  	-0.1180  	0.22393  	0.07220  	-0.0217  	0.00177  	-0.0380  	-0.0043  	-0.1757  	-0.1428  	-0.0492  	0.01305  	-0.0224  	-0.0228  	0.00611  	-0.0163  	0.01092  	0.03543  	-0.0465  	-0.0303  	0.05169  	0.02540  	0.00741  	0.20158  	-0.0276  	0.00568  	-0.0014  	0.03522  	0.06434  	0.40137  	267.172  	162.321  	
0.68202  	0.13551  	-0.2607  	0.04568  	0.56872  	-0.6945  	-0.1239  	0.26559  	0.19009  	-0.3243  	-0.2719  	0.76087  	0.10788  	-0.0426  	-0.6118  	0.18343  	0.20543  	-0.1482  	0.63553  	0.11652  	0.03427  	0.91550  	0.02927  	0.41131  	0.30511  	0.04247  	0.36155  	-0.7435  	-0.7015  	-0.0811  	-0.1204  	0.26797  	-0.0136  	-0.1745  	0.61524  	0.16223  	0.47497  	0.17468  	-0.4715  	-0.0231  	0.02341  	0.11270  	-0.1400  	0.24695  	0.08227  	-0.0336  	-0.0138  	-0.0259  	0.00613  	-0.1764  	-0.1261  	-0.0536  	0.00909  	-0.0116  	-0.0188  	0.01941  	-0.0120  	0.01504  	0.03878  	-0.0417  	-0.0275  	0.04142  	0.03247  	0.01201  	0.20158  	-0.0276  	0.00568  	-0.0014  	0.03522  	0.06434  	0.40137  	267.172  	162.321  	
0.45108  	0.05682  	-0.3649  	0.18171  	0.67079  	-0.6985  	-0.1826  	0.14143  	0.08835  	-0.3389  	-0.4296  	0.66272  	0.10694  	-0.0943  	-0.5287  	0.07865  	0.27975  	-0.1290  	0.64071  	0.11331  	-0.1383  	0.93384  	-0.0046  	0.45057  	0.35274  	0.04262  	0.45234  	-0.7603  	-0.6769  	-0.0227  	-0.0949  	0.27013  	-0.0953  	-0.1890  	0.56724  	0.21890  	0.43373  	0.12582  	-0.5357  	0.01628  	0.02143  	0.11519  	-0.1735  	0.26129  	0.07917  	-0.0367  	0.00079  	-0.0412  	0.01261  	-0.1628  	-0.1362  	-0.0533  	0.00309  	-0.0111  	-0.0146  	0.00247  	-0.0001  	0.01230  	0.03754  	-0.0371  	-0.0280  	0.03801  	0.03610  	0.00131  	0.20158  	-0.0276  	0.00568  	-0.0014  	0.03522  	0.06434  	0.40137  	267.172  	162.321  	
0.46991  	0.03753  	-0.4306  	0.12243  	0.61154  	-0.6206  	-0.2212  	0.16227  	0.10513  	-0.4702  	-0.4524  	0.61979  	0.14234  	-0.1044  	-0.5193  	-0.0166  	0.26442  	-0.2235  	0.62198  	0.01633  	-0.0626  	0.94866  	0.08311  	0.50724  	0.24452  	0.07837  	0.45371  	-0.8129  	-0.7091  	-0.0375  	-0.0857  	0.28051  	-0.0964  	-0.1845  	0.65448  	0.18598  	0.45163  	0.13189  	-0.5729  	-0.0408  	0.00621  	0.13846  	-0.1666  	0.23021  	0.09455  	-0.0356  	-0.0007  	-0.0652  	0.00783  	-0.1577  	-0.1414  	-0.0552  	0.01262  	-0.0204  	-0.0212  	0.00316  	-0.0165  	0.02002  	0.03971  	-0.0391  	-0.0232  	0.04398  	0.02408  	0.00851  	0.20158  	-0.0276  	0.00568  	-0.0014  	0.03522  	0.06434  	0.40137  	267.172  	162.321  	
0.69882  	0.11273  	-0.3402  	0.26395  	0.63364  	-0.5907  	-0.1356  	0.23158  	0.12338  	-0.3552  	-0.6099  	0.55268  	0.25006  	0.16362  	-0.2959  	-0.0855  	0.20204  	-0.1545  	0.56510  	-0.0081  	-0.1463  	1.00875  	0.00472  	0.45727  	0.38081  	0.05751  	0.45101  	-0.7537  	-0.5793  	0.00112  	-0.0782  	0.24815  	-0.0665  	-0.1865  	0.66183  	0.21390  	0.34605  	0.09932  	-0.4745  	0.04493  	0.01285  	0.12960  	-0.1659  	0.23675  	0.07254  	-0.0344  	-0.0054  	-0.0269  	0.01274  	-0.1759  	-0.1161  	-0.0508  	0.00920  	-0.0228  	-0.0147  	0.00804  	-0.0091  	0.00761  	0.03028  	-0.0378  	-0.0298  	0.05200  	0.02876  	0.00850  	0.20158  	-0.0276  	0.00568  	-0.0014  	0.03522  	0.06434  	0.40137  	267.172  	162.321  	
0.68157  	0.16159  	-0.3683  	0.07127  	0.63721  	-0.6727  	-0.0758  	0.20226  	0.11218  	-0.2372  	-0.7025  	0.42178  	0.30390  	0.19262  	-0.3192  	-0.2489  	0.21363  	-0.1390  	0.60115  	-0.0179  	-0.2192  	1.05656  	0.03280  	0.43889  	0.52708  	0.02524  	0.51167  	-0.7130  	-0.4916  	0.02103  	-0.0695  	0.21294  	-0.1027  	-0.1801  	0.57968  	0.24729  	0.29671  	0.06792  	-0.4140  	0.07869  	0.00468  	0.11916  	-0.1592  	0.25861  	0.06461  	-0.0365  	-0.0217  	-0.0202  	0.01787  	-0.1832  	-0.1123  	-0.0554  	0.00291  	-0.0263  	-0.0187  	0.01030  	-0.0116  	0.01082  	0.03818  	-0.0370  	-0.0245  	0.04193  	0.02711  	0.00344  	0.20158  	-0.0276  	0.00568  	-0.0014  	0.03522  	0.06434  	0.40137  	267.172  	162.321  	
0.46224  	0.11075  	-0.5201  	0.26448  	0.69797  	-0.7425  	-0.1837  	0.15930  	0.08292  	-0.3571  	-0.6400  	0.55588  	0.22754  	0.08163  	-0.2546  	-0.1140  	0.24618  	-0.1448  	0.57794  	0.04330  	-0.1905  	1.04012  	0.02549  	0.47227  	0.39546  	0.06940  	0.47416  	-0.7101  	-0.5724  	0.01047  	-0.0690  	0.23835  	-0.0708  	-0.1743  	0.61719  	0.18832  	0.32467  	0.07110  	-0.4987  	0.04222  	-0.0060  	0.13341  	-0.1971  	0.24685  	0.07087  	-0.0374  	-0.0113  	-0.0530  	-0.0001  	-0.1719  	-0.1256  	-0.0544  	-0.0025  	-0.0260  	-0.0237  	-0.0010  	-0.0063  	0.01462  	0.03823  	-0.0491  	-0.0295  	0.05128  	0.01886  	0.00324  	0.20158  	-0.0276  	0.00568  	-0.0014  	0.03522  	0.06434  	0.40137  	267.172  	162.321  	
0.32074  	0.06038  	-0.5308  	0.15247  	0.67716  	-0.7074  	-0.1681  	0.16203  	0.08957  	-0.4613  	-0.4838  	0.69619  	0.12175  	-0.1436  	-0.5221  	-0.0204  	0.22807  	-0.1008  	0.62480  	0.11247  	-0.1383  	0.93012  	-0.0287  	0.43365  	0.26224  	0.06789  	0.34707  	-0.5743  	-0.5655  	-0.0566  	-0.0683  	0.25447  	-0.0666  	-0.1903  	0.56101  	0.18395  	0.37771  	0.09513  	-0.5108  	0.02919  	0.02721  	0.11359  	-0.1955  	0.24474  	0.08393  	-0.0371  	-0.0050  	-0.0707  	0.00092  	-0.1737  	-0.1381  	-0.0594  	-0.0034  	-0.0262  	-0.0226  	0.00228  	0.00143  	0.01124  	0.04417  	-0.0459  	-0.0305  	0.04964  	0.02523  	0.00426  	0.20158  	-0.0276  	0.00568  	-0.0014  	0.03522  	0.06434  	0.40137  	267.172  	162.321  	
0.31166  	0.04223  	-0.4811  	-0.1114  	0.51469  	-0.7663  	-0.2386  	0.08084  	0.08646  	-0.4000  	-0.3246  	0.64011  	0.04023  	-0.3426  	-0.8199  	0.06617  	0.19055  	-0.0574  	0.65468  	0.10005  	-0.1938  	0.90605  	0.01990  	0.39321  	0.25527  	0.07327  	0.30349  	-0.6075  	-0.6158  	-0.0792  	-0.0761  	0.25312  	-0.0709  	-0.1743  	0.56926  	0.27917  	0.40276  	0.12146  	-0.5216  	0.00235  	0.06176  	0.12239  	-0.1820  	0.22432  	0.08101  	-0.0360  	-0.0042  	-0.0673  	-0.0128  	-0.1708  	-0.1372  	-0.0506  	0.00401  	-0.0152  	-0.0217  	0.00037  	-0.0042  	0.01751  	0.04256  	-0.0541  	-0.0329  	0.04041  	0.03454  	0.00918  	0.20158  	-0.0276  	0.00568  	-0.0014  	0.03522  	0.06434  	0.40137  	267.172  	162.321  	
0.32014  	0.02011  	-0.5142  	-0.1325  	0.46983  	-0.7717  	-0.2390  	0.05047  	0.06357  	-0.3343  	-0.2434  	0.65057  	0.03082  	-0.3603  	-0.9480  	0.08481  	0.20680  	-0.0249  	0.64979  	0.11498  	-0.2200  	0.91088  	-0.0134  	0.38840  	0.27434  	0.05774  	0.28276  	-0.5369  	-0.5408  	-0.0670  	-0.0778  	0.23980  	-0.0772  	-0.1931  	0.54115  	0.33080  	0.35209  	0.08203  	-0.5016  	0.01263  	0.07258  	0.12107  	-0.1697  	0.23672  	0.09143  	-0.0367  	-0.0003  	-0.0651  	-0.0034  	-0.1705  	-0.1151  	-0.0581  	0.00926  	-0.0205  	-0.0147  	0.00481  	0.00544  	0.01704  	0.04021  	-0.0400  	-0.0323  	0.04570  	0.02965  	0.01108  	0.20158  	-0.0276  	0.00568  	-0.0014  	0.03522  	0.06434  	0.40137  	267.172  	162.321  	
0.18864  	0.00802  	-0.5675  	-0.2199  	0.42727  	-0.8337  	-0.2221  	0.05432  	0.06151  	-0.2952  	-0.2708  	0.62703  	0.00153  	-0.3982  	-0.9962  	0.05037  	0.21637  	-0.0110  	0.63396  	0.12845  	-0.2670  	0.88395  	-0.0143  	0.33638  	0.30479  	0.06759  	0.26773  	-0.4875  	-0.4973  	-0.0656  	-0.0662  	0.22929  	-0.0969  	-0.1887  	0.49594  	0.34824  	0.31593  	0.08235  	-0.4765  	0.00499  	0.09108  	0.11315  	-0.1687  	0.23899  	0.08515  	-0.0364  	0.00278  	-0.0654  	-0.0050  	-0.1668  	-0.1185  	-0.0601  	0.01038  	-0.0160  	-0.0079  	0.00065  	0.00750  	0.02076  	0.03914  	-0.0383  	-0.0302  	0.04565  	0.03888  	0.01667  	0.20158  	-0.0276  	0.00568  	-0.0014  	0.03522  	0.06434  	0.40137  	267.172  	162.321  	
0.02084  	-0.0425  	-0.6452  	-0.2010  	0.46495  	-0.9183  	-0.2734  	0.01758  	0.02973  	-0.3716  	-0.2907  	0.59880  	-0.0236  	-0.4137  	-0.8805  	-0.0166  	0.26267  	-0.0668  	0.64015  	0.07667  	-0.2336  	0.88916  	0.01044  	0.40490  	0.30042  	0.07274  	0.31723  	-0.5900  	-0.5507  	-0.0483  	-0.0679  	0.24574  	-0.1105  	-0.1851  	0.53156  	0.33143  	0.34593  	0.09780  	-0.5226  	-0.0127  	0.09010  	0.11594  	-0.1832  	0.22117  	0.08820  	-0.0323  	0.00704  	-0.0860  	-0.0188  	-0.1616  	-0.1290  	-0.0540  	0.00949  	-0.0198  	-0.0142  	-0.0023  	0.01146  	0.02283  	0.04219  	-0.0484  	-0.0294  	0.02916  	0.03503  	0.01450  	0.20158  	-0.0276  	0.00568  	-0.0014  	0.03522  	0.06434  	0.40137  	267.172  	162.321  	
0.13944  	-0.0410  	-0.6501  	-0.1659  	0.46261  	-0.8702  	-0.2733  	0.00186  	0.04216  	-0.3356  	-0.3047  	0.61759  	0.01888  	-0.4526  	-0.9134  	0.01825  	0.23331  	-0.0636  	0.61437  	0.12191  	-0.2691  	0.88587  	0.02274  	0.35234  	0.26772  	0.08957  	0.22865  	-0.5190  	-0.5436  	-0.0580  	-0.0630  	0.24082  	-0.1118  	-0.1770  	0.50357  	0.32162  	0.32901  	0.09186  	-0.5088  	-0.0007  	0.08138  	0.11233  	-0.1729  	0.23617  	0.08399  	-0.0327  	0.00506  	-0.0756  	-0.0137  	-0.1589  	-0.1323  	-0.0555  	0.00331  	-0.0162  	-0.0117  	0.00294  	0.00190  	0.01805  	0.03909  	-0.0545  	-0.0314  	0.03167  	0.03021  	0.01195  	0.20158  	-0.0276  	0.00568  	-0.0014  	0.03522  	0.06434  	0.40137  	267.172  	162.321  	
0.20609  	-0.0211  	-0.5465  	-0.0018  	0.60323  	-0.8612  	-0.2078  	0.02075  	0.03596  	-0.2261  	-0.2973  	0.69892  	0.01350  	-0.4487  	-0.9725  	0.18569  	0.19032  	0.02632  	0.62201  	0.17055  	-0.3961  	0.88081  	-0.1157  	0.34410  	0.34526  	0.07809  	0.22804  	-0.4435  	-0.4855  	-0.0385  	-0.0814  	0.24249  	-0.1135  	-0.1839  	0.49079  	0.39889  	0.24199  	0.09391  	-0.4744  	0.03559  	0.07153  	0.12406  	-0.1709  	0.23016  	0.09046  	-0.0378  	0.00682  	-0.0626  	-0.0061  	-0.1739  	-0.1179  	-0.0552  	0.00892  	-0.0222  	-0.0075  	-0.0074  	0.00844  	0.01815  	0.03589  	-0.0417  	-0.0360  	0.02649  	0.03528  	0.01480  	0.20158  	-0.0276  	0.00568  	-0.0014  	0.03522  	0.06434  	0.40137  	267.172  	162.321  	
0.22165  	0.00072  	-0.5108  	-0.0941  	0.59668  	-0.8764  	-0.1871  	0.02958  	0.05473  	-0.2131  	-0.3288  	0.64748  	0.02254  	-0.4592  	-1.0179  	0.18923  	0.16492  	0.04953  	0.62044  	0.17122  	-0.4119  	0.90679  	-0.1211  	0.32971  	0.37144  	0.07696  	0.25026  	-0.4091  	-0.4212  	-0.0205  	-0.0849  	0.24918  	-0.1083  	-0.1724  	0.48200  	0.40867  	0.23108  	0.07501  	-0.4561  	0.05297  	0.07670  	0.12016  	-0.1641  	0.24636  	0.09329  	-0.0384  	-0.0078  	-0.0578  	0.00064  	-0.1774  	-0.1114  	-0.0585  	0.01042  	-0.0221  	-0.0086  	-0.0010  	0.00398  	0.01734  	0.04082  	-0.0456  	-0.0296  	0.02920  	0.03066  	0.01345  	0.20158  	-0.0276  	0.00568  	-0.0014  	0.03522  	0.06434  	0.40137  	267.172  	162.321  	
-0.0355  	-0.0789  	-0.7014  	-0.1754  	0.49300  	-0.9482  	-0.2344  	-0.0135  	0.02309  	-0.3131  	-0.3762  	0.58984  	0.01453  	-0.4642  	-0.9154  	-0.0161  	0.25193  	0.00042  	0.64057  	0.13046  	-0.3591  	0.85706  	-0.0317  	0.39972  	0.37466  	0.08484  	0.30055  	-0.4261  	-0.4703  	-0.0382  	-0.0622  	0.24662  	-0.1192  	-0.1690  	0.47158  	0.37331  	0.25074  	0.07197  	-0.4750  	0.03045  	0.06987  	0.10370  	-0.1864  	0.23796  	0.09134  	-0.0431  	-0.0026  	-0.0907  	-0.0156  	-0.1608  	-0.1200  	-0.0520  	0.00959  	-0.0215  	-0.0193  	-0.0057  	0.00656  	0.02055  	0.04728  	-0.0491  	-0.0282  	0.04034  	0.03631  	0.01018  	0.20158  	-0.0276  	0.00568  	-0.0014  	0.03522  	0.06434  	0.40137  	267.172  	162.321  	
-0.0236  	-0.0515  	-0.7366  	-0.2111  	0.48422  	-0.9359  	-0.2422  	0.01989  	0.03563  	-0.3451  	-0.4039  	0.56965  	-0.0028  	-0.3948  	-0.7908  	-0.1387  	0.26023  	-0.0207  	0.62482  	0.10345  	-0.2944  	0.87988  	0.00978  	0.35098  	0.35419  	0.08461  	0.31128  	-0.5298  	-0.4919  	-0.0328  	-0.0547  	0.22365  	-0.1165  	-0.1781  	0.47313  	0.32435  	0.27779  	0.08176  	-0.4889  	-0.0009  	0.06944  	0.11812  	-0.1954  	0.22974  	0.10153  	-0.0394  	-0.0026  	-0.0883  	-0.0255  	-0.1705  	-0.1331  	-0.0510  	0.00593  	-0.0188  	-0.0220  	-0.0075  	0.00705  	0.02224  	0.03868  	-0.0512  	-0.0308  	0.03201  	0.03441  	0.01250  	0.20158  	-0.0276  	0.00568  	-0.0014  	0.03522  	0.06434  	0.40137  	267.172  	162.321  	
0.09514  	-0.0089  	-0.6080  	-0.2105  	0.51005  	-0.8734  	-0.2309  	0.07928  	0.08672  	-0.3209  	-0.4131  	0.66019  	0.05507  	-0.3219  	-0.8114  	-0.0836  	0.24660  	-0.0274  	0.59417  	0.10830  	-0.3011  	0.89917  	0.06325  	0.30299  	0.24931  	0.11468  	0.19283  	-0.4695  	-0.4444  	-0.0621  	-0.0523  	0.18907  	-0.0752  	-0.1732  	0.41090  	0.27805  	0.22462  	0.07924  	-0.4455  	0.00727  	0.12614  	0.09280  	-0.1509  	0.24521  	0.07591  	-0.0484  	0.01364  	-0.0666  	-0.0116  	-0.1703  	-0.1309  	-0.0525  	0.00191  	-0.0232  	-0.0171  	-0.0124  	0.00605  	0.02150  	0.03725  	-0.0543  	-0.0271  	0.03910  	0.03857  	0.01508  	0.20158  	-0.0276  	0.00568  	-0.0014  	0.03522  	0.06434  	0.40137  	267.172  	162.321  	
0.01859  	0.01310  	-0.5841  	-0.2690  	0.49170  	-0.9458  	-0.2010  	0.07157  	0.07023  	-0.2760  	-0.3668  	0.65071  	0.07665  	-0.3250  	-0.9064  	-0.0646  	0.22309  	0.00860  	0.60327  	0.17838  	-0.3749  	0.89897  	0.03306  	0.27440  	0.21874  	0.10600  	0.12712  	-0.4031  	-0.3877  	-0.0772  	-0.0311  	0.16888  	-0.0631  	-0.1697  	0.37576  	0.29323  	0.20457  	0.06921  	-0.4295  	0.02331  	0.14914  	0.09011  	-0.1377  	0.24608  	0.07325  	-0.0451  	0.01095  	-0.0526  	-0.0080  	-0.1667  	-0.1316  	-0.0572  	0.00036  	-0.0240  	-0.0161  	-0.0104  	0.00051  	0.01448  	0.03392  	-0.0502  	-0.0253  	0.04424  	0.03265  	0.01326  	0.20158  	-0.0276  	0.00568  	-0.0014  	0.03522  	0.06434  	0.40137  	267.172  	162.321  	
-0.1532  	-0.0715  	-0.7629  	-0.3599  	0.43895  	-1.1141  	-0.1960  	0.01160  	0.05764  	-0.2300  	-0.2379  	0.60078  	0.07633  	-0.3237  	-0.9278  	-0.1902  	0.22130  	-0.0114  	0.59906  	0.17922  	-0.3474  	0.88016  	-0.0129  	0.32437  	0.29116  	0.11996  	0.18390  	-0.4494  	-0.4255  	-0.0744  	-0.0063  	0.16819  	-0.0627  	-0.1644  	0.44722  	0.30108  	0.18677  	0.04487  	-0.4400  	0.00996  	0.10333  	0.11303  	-0.1560  	0.22899  	0.08959  	-0.0372  	-0.0040  	-0.0644  	-0.0209  	-0.1689  	-0.1335  	-0.0516  	-0.0026  	-0.0256  	-0.0233  	-0.0079  	0.00219  	0.01544  	0.03202  	-0.0509  	-0.0228  	0.04914  	0.03580  	0.01321  	0.20158  	-0.0276  	0.00568  	-0.0014  	0.03522  	0.06434  	0.40137  	267.172  	162.321  	
-0.2223  	-0.0964  	-0.8013  	-0.5385  	0.36345  	-1.1849  	-0.2570  	0.00508  	0.03893  	-0.2489  	-0.1259  	0.57712  	0.02883  	-0.4065  	-1.0152  	-0.1718  	0.23699  	-0.0106  	0.60985  	0.15390  	-0.2864  	0.86282  	-0.0037  	0.32350  	0.23171  	0.11257  	0.16945  	-0.4807  	-0.5028  	-0.0941  	-0.0090  	0.18805  	-0.0734  	-0.1748  	0.43044  	0.31446  	0.23024  	0.07547  	-0.4541  	-0.0072  	0.10810  	0.10627  	-0.1829  	0.20054  	0.08787  	-0.0385  	0.00615  	-0.0761  	-0.0240  	-0.1606  	-0.1373  	-0.0510  	0.00441  	-0.0237  	-0.0175  	-0.0083  	-0.0010  	0.01767  	0.03203  	-0.0425  	-0.0215  	0.04783  	0.03117  	0.01395  	0.20158  	-0.0276  	0.00568  	-0.0014  	0.03522  	0.06434  	0.40137  	267.172  	162.321  	
-0.1414  	-0.0661  	-0.6865  	-0.5056  	0.33836  	-1.1759  	-0.2052  	0.06607  	0.08352  	-0.1989  	-0.1530  	0.56352  	0.05369  	-0.3263  	-0.9857  	-0.1444  	0.24193  	-0.0381  	0.58888  	0.15170  	-0.2822  	0.88599  	0.00457  	0.37857  	0.24958  	0.13744  	0.22666  	-0.5790  	-0.5408  	-0.1055  	0.01371  	0.17162  	-0.0488  	-0.1753  	0.44537  	0.26613  	0.23613  	0.07348  	-0.4613  	-0.0024  	0.10263  	0.11848  	-0.1681  	0.22086  	0.09143  	-0.0430  	0.00396  	-0.0635  	-0.0229  	-0.1653  	-0.1302  	-0.0542  	-0.0016  	-0.0183  	-0.0241  	-0.0078  	-0.0019  	0.01905  	0.03173  	-0.0428  	-0.0255  	0.04721  	0.03340  	0.01478  	0.20158  	-0.0276  	0.00568  	-0.0014  	0.03522  	0.06434  	0.40137  	267.172  	162.321  	
0.19138  	0.05092  	-0.5168  	-0.1843  	0.49542  	-0.8178  	-0.2109  	0.17637  	0.13737  	-0.3172  	-0.3848  	0.63133  	0.15642  	-0.1286  	-0.7494  	-0.0744  	0.26464  	-0.0521  	0.60480  	0.13786  	-0.2077  	0.89511  	0.04326  	0.39370  	0.18557  	0.11643  	0.24091  	-0.6330  	-0.5774  	-0.0873  	0.00020  	0.19372  	-0.0134  	-0.1806  	0.50413  	0.20786  	0.29508  	0.06928  	-0.4811  	0.00974  	0.09957  	0.09327  	-0.1686  	0.22555  	0.08475  	-0.0297  	0.00726  	-0.0628  	-0.0239  	-0.1558  	-0.1262  	-0.0587  	-8.4608  	-0.0293  	-0.0288  	0.00243  	-0.0115  	0.01908  	0.03230  	-0.0461  	-0.0184  	0.05049  	0.02367  	0.01248  	0.20158  	-0.0276  	0.00568  	-0.0014  	0.03522  	0.06434  	0.40137  	267.172  	162.321  	
0.22488  	0.03666  	-0.5704  	0.09587  	0.61476  	-0.7289  	-0.2318  	0.14934  	0.11871  	-0.3853  	-0.5462  	0.73873  	0.15561  	-0.2061  	-0.6712  	-0.0446  	0.21289  	0.00663  	0.60312  	0.21774  	-0.3686  	0.92776  	-0.0361  	0.31616  	0.25284  	0.10878  	0.09751  	-0.3734  	-0.4070  	-0.0619  	-0.0358  	0.18682  	-0.0432  	-0.1562  	0.40423  	0.25588  	0.14769  	0.05214  	-0.4050  	0.05176  	0.11588  	0.06470  	-0.1377  	0.24201  	0.07233  	-0.0381  	0.01046  	-0.0370  	-0.0070  	-0.1742  	-0.1255  	-0.0584  	0.00337  	-0.0253  	-0.0247  	-0.0047  	0.00090  	0.01815  	0.04016  	-0.0507  	-0.0271  	0.03914  	0.01769  	0.00412  	0.20158  	-0.0276  	0.00568  	-0.0014  	0.03522  	0.06434  	0.40137  	267.172  	162.321  	
0.29336  	0.02344  	-0.5566  	0.20104  	0.69393  	-0.7311  	-0.2364  	0.13309  	0.10216  	-0.4240  	-0.5716  	0.73030  	0.13603  	-0.1945  	-0.6423  	-0.0332  	0.18231  	0.01784  	0.61330  	0.24880  	-0.3663  	0.89599  	-0.1053  	0.32031  	0.27186  	0.08841  	0.17351  	-0.3686  	-0.3934  	-0.0420  	-0.0819  	0.23612  	-0.0398  	-0.1638  	0.47416  	0.26459  	0.17700  	0.09081  	-0.4092  	0.05975  	0.09253  	0.08859  	-0.1507  	0.25579  	0.08044  	-0.0305  	0.00592  	-0.0524  	-0.0094  	-0.1843  	-0.1229  	-0.0551  	0.00152  	-0.0187  	-0.0076  	0.00014  	0.00491  	0.01783  	0.03434  	-0.0428  	-0.0258  	0.03849  	0.02255  	0.00699  	0.20158  	-0.0276  	0.00568  	-0.0014  	0.03522  	0.06434  	0.40137  	267.172  	162.321  	
0.55834  	0.07190  	-0.4792  	0.36736  	0.75057  	-0.5842  	-0.1817  	0.21619  	0.14805  	-0.3950  	-0.5170  	0.78806  	0.18007  	-0.1059  	-0.5123  	0.14017  	0.21281  	-0.0607  	0.61880  	0.13185  	-0.2968  	0.98146  	-0.0638  	0.39128  	0.41338  	0.05240  	0.25779  	-0.4657  	-0.4215  	0.02024  	-0.1107  	0.22983  	-0.0991  	-0.1729  	0.52260  	0.25365  	0.20288  	0.07638  	-0.4258  	0.01476  	0.05767  	0.09114  	-0.1339  	0.21629  	0.07570  	-0.0389  	-0.0054  	-0.0399  	0.01495  	-0.1799  	-0.1151  	-0.0597  	0.01168  	-0.0232  	-0.0166  	-0.0010  	0.00826  	0.02410  	0.04535  	-0.0406  	-0.0467  	0.03011  	0.03278  	0.01437  	0.20158  	-0.0276  	0.00568  	-0.0014  	0.03522  	0.06434  	0.40137  	267.172  	162.321  	
0.49275  	0.06419  	-0.4655  	0.34195  	0.77160  	-0.6480  	-0.1715  	0.17188  	0.15147  	-0.3674  	-0.5636  	0.79688  	0.18712  	-0.0280  	-0.5293  	0.11987  	0.17897  	-0.0547  	0.61057  	0.13666  	-0.2403  	0.98322  	-0.0683  	0.37267  	0.34279  	0.05097  	0.29085  	-0.5369  	-0.5134  	-0.0076  	-0.0924  	0.22833  	-0.0554  	-0.1614  	0.53891  	0.20974  	0.28487  	0.09158  	-0.4547  	0.03419  	0.05081  	0.10583  	-0.1564  	0.23263  	0.08225  	-0.0350  	0.00273  	-0.0386  	0.00149  	-0.1879  	-0.1277  	-0.0599  	0.00075  	-0.0195  	-0.0201  	-0.0033  	0.00206  	0.01569  	0.04090  	-0.0413  	-0.0315  	0.02832  	0.03458  	0.01503  	0.20158  	-0.0276  	0.00568  	-0.0014  	0.03522  	0.06434  	0.40137  	267.172  	162.321  	
0.24409  	0.00823  	-0.6292  	0.12783  	0.69512  	-0.8870  	-0.1742  	0.06809  	0.08543  	-0.3127  	-0.4027  	0.77484  	0.12334  	-0.1414  	-0.6109  	-0.0008  	0.15853  	0.00122  	0.59314  	0.20987  	-0.2267  	0.91761  	-0.0662  	0.40341  	0.29123  	0.08449  	0.19634  	-0.4955  	-0.5248  	-0.0484  	-0.0379  	0.19743  	-0.0444  	-0.1666  	0.53843  	0.26199  	0.28745  	0.06475  	-0.4472  	0.02758  	0.05320  	0.12437  	-0.1832  	0.22799  	0.07996  	-0.0281  	-0.0011  	-0.0598  	-0.0172  	-0.1710  	-0.1234  	-0.0619  	0.00580  	-0.0216  	-0.0234  	0.00731  	0.01223  	0.02086  	0.03600  	-0.0460  	-0.0268  	0.04699  	0.02489  	0.01349  	0.20158  	-0.0276  	0.00568  	-0.0014  	0.03522  	0.06434  	0.40137  	267.172  	162.321  	
0.02331  	-0.0180  	-0.6470  	-0.3179  	0.50192  	-0.9887  	-0.2152  	0.02145  	0.05675  	-0.2358  	-0.3224  	0.59356  	0.02557  	-0.4247  	-0.8708  	-0.0782  	0.21025  	0.03158  	0.63722  	0.16941  	-0.2397  	0.84847  	0.00888  	0.36109  	0.24668  	0.10491  	0.20958  	-0.5191  	-0.5340  	-0.1067  	-0.0529  	0.20169  	-0.0848  	-0.1673  	0.46749  	0.31335  	0.27401  	0.07872  	-0.4718  	0.03765  	0.06284  	0.10639  	-0.1741  	0.22105  	0.08539  	-0.0346  	0.00080  	-0.0752  	-0.0183  	-0.1626  	-0.1357  	-0.0572  	0.00320  	-0.0103  	-0.0158  	-0.0091  	-0.0058  	0.01280  	0.04592  	-0.0508  	-0.0320  	0.03867  	0.02979  	0.01105  	0.20158  	-0.0276  	0.00568  	-0.0014  	0.03522  	0.06434  	0.40137  	267.172  	162.321  	
-0.0932  	-0.0525  	-0.6464  	-0.3668  	0.39795  	-0.9647  	-0.2349  	-0.0096  	0.02571  	-0.2850  	-0.2315  	0.51079  	-0.0301  	-0.5066  	-0.9742  	-0.1166  	0.24180  	-0.0168  	0.62796  	0.10416  	-0.2593  	0.88030  	0.08154  	0.32119  	0.30068  	0.10028  	0.23867  	-0.5369  	-0.5021  	-0.0771  	-0.0348  	0.21396  	-0.1028  	-0.1832  	0.41652  	0.32080  	0.31280  	0.08945  	-0.4605  	-0.0086  	0.11645  	0.10090  	-0.1850  	0.22944  	0.09899  	-0.0393  	0.00797  	-0.0907  	-0.0327  	-0.1611  	-0.1369  	-0.0537  	0.00663  	-0.0168  	-0.0189  	-0.0070  	0.00493  	0.02015  	0.03895  	-0.0487  	-0.0258  	0.03929  	0.03809  	0.01679  	0.20158  	-0.0276  	0.00568  	-0.0014  	0.03522  	0.06434  	0.40137  	267.172  	162.321  	
-0.0057  	-0.0554  	-0.6646  	-0.2559  	0.40749  	-0.9470  	-0.2402  	0.01110  	0.05476  	-0.3382  	-0.2955  	0.56840  	0.00360  	-0.4861  	-0.9541  	-0.0667  	0.24137  	-0.0246  	0.61241  	0.14066  	-0.2953  	0.88543  	0.06977  	0.33312  	0.24969  	0.11382  	0.23667  	-0.4533  	-0.4659  	-0.0619  	-0.0300  	0.22587  	-0.0905  	-0.1766  	0.42383  	0.31392  	0.27412  	0.06785  	-0.4863  	-0.0096  	0.11771  	0.09913  	-0.1678  	0.25148  	0.09273  	-0.0390  	0.00514  	-0.0877  	-0.0200  	-0.1691  	-0.1340  	-0.0594  	0.01018  	-0.0184  	-0.0139  	-0.0070  	0.00431  	0.02506  	0.03596  	-0.0485  	-0.0287  	0.04282  	0.03114  	0.01706  	0.20158  	-0.0276  	0.00568  	-0.0014  	0.03522  	0.06434  	0.40137  	267.172  	162.321  	
0.15143  	0.00964  	-0.5778  	-0.2293  	0.45445  	-0.8471  	-0.2545  	0.08241  	0.07003  	-0.2803  	-0.3147  	0.65575  	0.02778  	-0.4427  	-0.9682  	0.03466  	0.22035  	0.00023  	0.61367  	0.16349  	-0.3010  	0.84814  	0.02830  	0.31342  	0.20125  	0.10771  	0.19574  	-0.4717  	-0.4677  	-0.0895  	-0.0260  	0.21577  	-0.0674  	-0.1814  	0.45447  	0.31258  	0.26019  	0.07054  	-0.4616  	0.02450  	0.11845  	0.09937  	-0.1518  	0.25116  	0.08494  	-0.0363  	0.00283  	-0.0704  	-0.0144  	-0.1797  	-0.1321  	-0.0572  	0.00974  	-0.0219  	-0.0114  	-0.0049  	0.00374  	0.01521  	0.03791  	-0.0527  	-0.0295  	0.04682  	0.03265  	0.02266  	0.20158  	-0.0276  	0.00568  	-0.0014  	0.03522  	0.06434  	0.40137  	267.172  	162.321  	
0.17558  	0.00572  	-0.4672  	-0.2527  	0.40175  	-0.8970  	-0.2555  	0.06190  	0.04465  	-0.2367  	-0.2797  	0.62815  	0.03129  	-0.4101  	-1.0258  	0.09317  	0.17868  	0.03142  	0.61929  	0.17162  	-0.3488  	0.86698  	-0.0517  	0.30724  	0.25222  	0.09835  	0.16914  	-0.4939  	-0.4879  	-0.0817  	-0.0415  	0.22933  	-0.0633  	-0.1788  	0.47896  	0.33632  	0.25966  	0.08318  	-0.4749  	0.01364  	0.11966  	0.10721  	-0.1451  	0.23988  	0.07441  	-0.0376  	0.00419  	-0.0566  	-0.0054  	-0.1742  	-0.1194  	-0.0596  	0.00882  	-0.0242  	-0.0140  	-0.0101  	0.00592  	0.01762  	0.03165  	-0.0528  	-0.0332  	0.04190  	0.04046  	0.01498  	0.20158  	-0.0276  	0.00568  	-0.0014  	0.03522  	0.06434  	0.40137  	267.172  	162.321  	
-0.0155  	-0.0491  	-0.6505  	-0.2186  	0.44738  	-1.0033  	-0.2367  	0.00885  	0.02727  	-0.2907  	-0.2602  	0.60322  	0.00091  	-0.4559  	-0.9873  	0.00852  	0.23027  	-0.0278  	0.64502  	0.16241  	-0.3284  	0.85646  	-0.0659  	0.37461  	0.31021  	0.09146  	0.26023  	-0.4443  	-0.4914  	-0.0333  	-0.0583  	0.23683  	-0.1045  	-0.1796  	0.49722  	0.38944  	0.28818  	0.05391  	-0.4871  	0.01332  	0.08081  	0.11452  	-0.1763  	0.22625  	0.08771  	-0.0357  	-0.0014  	-0.0776  	-0.0112  	-0.1710  	-0.1254  	-0.0584  	0.00454  	-0.0270  	-0.0146  	0.00210  	0.00653  	0.01941  	0.03981  	-0.0452  	-0.0343  	0.03759  	0.03081  	0.01372  	0.20158  	-0.0276  	0.00568  	-0.0014  	0.03522  	0.06434  	0.40137  	267.172  	162.321  	
0.16911  	-0.0161  	-0.6186  	-0.1529  	0.54036  	-0.8965  	-0.2604  	0.14661  	0.09586  	-0.3791  	-0.3268  	0.70363  	0.05501  	-0.2654  	-0.7157  	-0.0460  	0.25279  	-0.0758  	0.62631  	0.08910  	-0.1560  	0.82913  	0.05374  	0.42225  	0.17718  	0.09770  	0.30529  	-0.6131  	-0.6308  	-0.0990  	-0.0574  	0.24967  	-0.0816  	-0.1984  	0.54962  	0.20747  	0.34471  	0.10051  	-0.5114  	0.02099  	0.04930  	0.09971  	-0.1991  	0.23246  	0.08678  	-0.0365  	0.00317  	-0.0819  	-0.0219  	-0.1572  	-0.1295  	-0.0580  	0.00750  	-0.0225  	-0.0166  	-0.0039  	-0.0062  	0.02027  	0.04144  	-0.0446  	-0.0276  	0.04493  	0.03116  	0.01500  	0.20158  	-0.0276  	0.00568  	-0.0014  	0.03522  	0.06434  	0.40137  	267.172  	162.321  	
0.28080  	0.05423  	-0.4151  	-0.1876  	0.44415  	-0.7875  	-0.2310  	0.21715  	0.12466  	-0.3366  	-0.3418  	0.67627  	0.08787  	-0.1944  	-0.8129  	0.05751  	0.21278  	-0.0341  	0.65551  	0.14663  	-0.1739  	0.85614  	0.00723  	0.31664  	0.28014  	0.05753  	0.26593  	-0.5958  	-0.5814  	-0.0860  	-0.0621  	0.20884  	-0.0119  	-0.1838  	0.51699  	0.21431  	0.35288  	0.11764  	-0.5112  	-0.0502  	0.09759  	0.11435  	-0.1420  	0.23213  	0.08482  	-0.0345  	0.00299  	-0.0665  	-0.0093  	-0.1694  	-0.1334  	-0.0580  	0.00499  	-0.0160  	-0.0255  	0.00647  	-0.0053  	0.01290  	0.02701  	-0.0468  	-0.0258  	0.04683  	0.03402  	0.01448  	0.20158  	-0.0276  	0.00568  	-0.0014  	0.03522  	0.06434  	0.40137  	267.172  	162.321  	
0.10444  	0.05436  	-0.5410  	-0.1717  	0.51068  	-0.8117  	-0.2539  	0.11073  	0.08604  	-0.3307  	-0.3615  	0.64315  	0.03246  	-0.2770  	-0.8775  	-0.0737  	0.23423  	-0.0413  	0.66611  	0.09975  	-0.2116  	0.89351  	0.03232  	0.32020  	0.25625  	0.09168  	0.28448  	-0.5878  	-0.5245  	-0.0796  	-0.0604  	0.21374  	-0.0553  	-0.1773  	0.49140  	0.26583  	0.31085  	0.11161  	-0.4712  	0.00580  	0.11277  	0.09656  	-0.1554  	0.25212  	0.08288  	-0.0423  	-0.0009  	-0.0724  	-0.0247  	-0.1694  	-0.1297  	-0.0540  	0.00189  	-0.0253  	-0.0189  	-0.0053  	0.00151  	0.01914  	0.03474  	-0.0531  	-0.0245  	0.04476  	0.03570  	0.01049  	0.20158  	-0.0276  	0.00568  	-0.0014  	0.03522  	0.06434  	0.40137  	267.172  	162.321  	
0.03663  	-0.0257  	-0.6298  	-0.3842  	0.36347  	-0.8847  	-0.2577  	0.00766  	0.07279  	-0.3132  	-0.3295  	0.53825  	0.02606  	-0.4516  	-0.9352  	-0.0974  	0.26120  	-0.0232  	0.64509  	0.07208  	-0.2592  	0.89937  	0.08543  	0.32491  	0.29798  	0.11500  	0.25315  	-0.5719  	-0.5143  	-0.0880  	-0.0413  	0.20959  	-0.0980  	-0.1826  	0.38782  	0.30733  	0.29570  	0.10251  	-0.4780  	0.00940  	0.13041  	0.10296  	-0.1666  	0.23568  	0.08217  	-0.0359  	0.00811  	-0.0656  	-0.0213  	-0.1662  	-0.1269  	-0.0565  	0.01146  	-0.0119  	-0.0182  	-0.0078  	0.00833  	0.02013  	0.04079  	-0.0443  	-0.0262  	0.04226  	0.02537  	0.01618  	0.20158  	-0.0276  	0.00568  	-0.0014  	0.03522  	0.06434  	0.40137  	267.172  	162.321  	
-0.1027  	-0.0500  	-0.6348  	-0.4681  	0.31775  	-0.9638  	-0.2199  	-0.0398  	0.03877  	-0.2604  	-0.2857  	0.52290  	0.00982  	-0.4782  	-1.0124  	-0.1376  	0.26402  	-0.0194  	0.63858  	0.07429  	-0.3233  	0.88854  	0.07552  	0.25062  	0.29521  	0.11114  	0.23219  	-0.5292  	-0.4811  	-0.0870  	-0.0140  	0.19868  	-0.1091  	-0.1830  	0.36000  	0.33842  	0.27859  	0.09820  	-0.4703  	-0.0299  	0.17719  	0.09649  	-0.1527  	0.24332  	0.09294  	-0.0445  	0.00479  	-0.0734  	-0.0224  	-0.1635  	-0.1269  	-0.0550  	0.00287  	-0.0141  	-0.0116  	-0.0043  	0.00389  	0.02169  	0.04139  	-0.0411  	-0.0234  	0.05008  	0.03639  	0.01509  	0.20158  	-0.0276  	0.00568  	-0.0014  	0.03522  	0.06434  	0.40137  	267.172  	162.321  	
-0.1532  	-0.0734  	-0.6844  	-0.4627  	0.32433  	-0.9748  	-0.2264  	-0.0380  	0.04300  	-0.2699  	-0.2771  	0.52055  	-0.0189  	-0.5497  	-1.0348  	-0.1048  	0.25610  	0.00236  	0.62288  	0.12016  	-0.3834  	0.85006  	0.07646  	0.23699  	0.27412  	0.13215  	0.17916  	-0.4456  	-0.4160  	-0.0916  	-0.0112  	0.20799  	-0.0976  	-0.1698  	0.32567  	0.34611  	0.23912  	0.09372  	-0.4373  	-0.0299  	0.18124  	0.08784  	-0.1410  	0.25860  	0.08329  	-0.0383  	0.00334  	-0.0714  	-0.0253  	-0.1675  	-0.1327  	-0.0498  	0.00648  	-0.0184  	-0.0111  	-0.0077  	0.00097  	0.01938  	0.03921  	-0.0471  	-0.0214  	0.04356  	0.03795  	0.01942  	0.20158  	-0.0276  	0.00568  	-0.0014  	0.03522  	0.06434  	0.40137  	267.172  	162.321  	
-0.1780  	-0.0657  	-0.7137  	-0.4507  	0.32454  	-1.0126  	-0.2386  	-0.0296  	0.04353  	-0.2634  	-0.2566  	0.55207  	-0.0077  	-0.5445  	-1.0293  	-0.0988  	0.23413  	0.00413  	0.62698  	0.13252  	-0.4072  	0.86119  	0.10674  	0.24912  	0.24593  	0.13606  	0.15209  	-0.4401  	-0.4186  	-0.0900  	-0.0109  	0.20840  	-0.0935  	-0.1669  	0.33263  	0.33884  	0.23997  	0.08974  	-0.4509  	-0.0102  	0.17003  	0.08950  	-0.1438  	0.26803  	0.08570  	-0.0426  	0.00619  	-0.0697  	-0.0183  	-0.1690  	-0.1361  	-0.0511  	0.00584  	-0.0201  	-0.0086  	-0.0095  	0.00112  	0.01939  	0.04207  	-0.0474  	-0.0208  	0.04783  	0.03525  	0.02075  	0.20158  	-0.0276  	0.00568  	-0.0014  	0.03522  	0.06434  	0.40137  	267.172  	162.321  	
-0.1704  	-0.0555  	-0.6585  	-0.3580  	0.39371  	-1.0423  	-0.2663  	0.03789  	0.02330  	-0.2723  	-0.3185  	0.60956  	0.08624  	-0.5592  	-0.9294  	-0.1492  	0.33376  	-0.1656  	0.67753  	-0.1293  	-0.3859  	0.63501  	-0.1680  	0.23198  	0.14833  	0.24054  	0.11596  	-0.4948  	-0.2983  	-0.1100  	0.11561  	0.15150  	-0.1800  	-0.3239  	0.26077  	0.29503  	0.08387  	0.07304  	-0.5377  	-0.0773  	0.25728  	0.21660  	-0.2534  	0.34514  	0.02383  	-0.0211  	-0.0201  	-0.0400  	-0.0302  	-0.1824  	-0.1277  	-0.0456  	0.00378  	-0.0088  	-0.0020  	-0.0123  	-0.0039  	0.00817  	0.03957  	-0.0437  	-0.0151  	0.04436  	0.01912  	0.02183  	0.20158  	-0.0276  	0.00568  	-0.0014  	0.03522  	0.06434  	0.40137  	267.172  	162.321  	
-0.0886  	-0.0255  	-0.5711  	-0.2812  	0.42196  	-1.0304  	-0.2956  	0.13743  	0.02354  	-0.3011  	-0.3241  	0.65055  	0.14470  	-0.5312  	-0.8424  	-0.1703  	0.41222  	-0.3013  	0.72213  	-0.3346  	-0.3047  	0.46785  	-0.3666  	0.25648  	0.05289  	0.32906  	0.08766  	-0.5899  	-0.2602  	-0.1465  	0.22494  	0.10895  	-0.2369  	-0.4517  	0.23104  	0.22966  	0.02027  	0.07846  	-0.6326  	-0.1495  	0.32417  	0.32369  	-0.3523  	0.40586  	-0.0325  	-0.0040  	-0.0407  	-0.0222  	-0.0480  	-0.1851  	-0.1294  	-0.0398  	0.00525  	0.00518  	-0.0009  	-0.0147  	-0.0103  	-0.0046  	0.03696  	-0.0387  	-0.0100  	0.04659  	0.00594  	0.01953  	0.20158  	-0.0276  	0.00568  	-0.0014  	0.03522  	0.06434  	0.40137  	267.172  	162.321  	
0.20284  	0.08900  	-0.4663  	-0.0707  	0.51658  	-0.9238  	-0.2843  	0.26411  	0.07450  	-0.3814  	-0.3328  	0.72400  	0.20626  	-0.3530  	-0.6344  	-0.1154  	0.40855  	-0.3832  	0.73199  	-0.3703  	-0.1141  	0.43748  	-0.4391  	0.33029  	0.00912  	0.32780  	0.13650  	-0.7273  	-0.3615  	-0.1524  	0.23038  	0.09962  	-0.2153  	-0.4887  	0.33719  	0.16599  	0.09010  	0.09014  	-0.7112  	-0.1628  	0.28218  	0.36292  	-0.3972  	0.39794  	-0.0469  	0.00632  	-0.0367  	-0.0204  	-0.0585  	-0.1858  	-0.1379  	-0.0445  	0.01249  	0.00853  	-0.0102  	-0.0108  	-0.0114  	-0.0110  	0.03061  	-0.0371  	-0.0100  	0.04889  	-0.0016  	0.01641  	0.20158  	-0.0276  	0.00568  	-0.0014  	0.03522  	0.06434  	0.40137  	267.172  	162.321  	
0.37930  	0.17110  	-0.3492  	-0.0250  	0.50848  	-0.8457  	-0.2754  	0.31404  	0.11300  	-0.4267  	-0.2697  	0.72358  	0.22459  	-0.2075  	-0.5808  	-0.0652  	0.39029  	-0.3634  	0.73671  	-0.3771  	0.01131  	0.47033  	-0.3860  	0.35588  	0.02808  	0.28207  	0.20349  	-0.8083  	-0.4797  	-0.1391  	0.20053  	0.12512  	-0.1835  	-0.4637  	0.43113  	0.11811  	0.19191  	0.12702  	-0.7232  	-0.1665  	0.23080  	0.33183  	-0.3775  	0.37135  	-0.0381  	0.00486  	-0.0326  	-0.0295  	-0.0524  	-0.1771  	-0.1312  	-0.0432  	0.01412  	0.01274  	-0.0086  	-0.0093  	-0.0183  	-0.0019  	0.03557  	-0.0393  	-0.0128  	0.05232  	0.00341  	0.01303  	0.20158  	-0.0276  	0.00568  	-0.0014  	0.03522  	0.06434  	0.40137  	267.172  	162.321  	
0.57490  	0.19942  	-0.2845  	0.07714  	0.48854  	-0.6674  	-0.2441  	0.38022  	0.17730  	-0.5037  	-0.2498  	0.71842  	0.17207  	-0.0528  	-0.4432  	0.01645  	0.32853  	-0.3190  	0.67585  	-0.2559  	0.14728  	0.68426  	-0.1328  	0.44889  	0.07720  	0.17240  	0.35901  	-0.9090  	-0.7138  	-0.1219  	0.06256  	0.21782  	-0.1083  	-0.3503  	0.59915  	0.06816  	0.40967  	0.17056  	-0.6895  	-0.1654  	0.11910  	0.23137  	-0.2846  	0.30765  	0.01551  	-0.0136  	-0.0202  	-0.0462  	-0.0256  	-0.1705  	-0.1431  	-0.0486  	0.01222  	0.00454  	-0.0155  	0.00735  	-0.0157  	0.00483  	0.03221  	-0.0376  	-0.0147  	0.05190  	0.00824  	0.00867  	0.20158  	-0.0276  	0.00568  	-0.0014  	0.03522  	0.06434  	0.40137  	267.172  	162.321  	
0.61864  	0.17900  	-0.3086  	0.07726  	0.49133  	-0.5940  	-0.2032  	0.33694  	0.21040  	-0.4998  	-0.2696  	0.70271  	0.13254  	0.02053  	-0.4597  	0.09874  	0.25753  	-0.1692  	0.60522  	-0.0073  	0.09351  	0.92796  	0.13290  	0.48713  	0.16886  	0.06448  	0.41320  	-0.8494  	-0.8258  	-0.0910  	-0.0585  	0.27535  	-0.0192  	-0.1855  	0.68717  	0.09209  	0.53120  	0.18097  	-0.5713  	-0.0781  	0.01078  	0.10702  	-0.1697  	0.22333  	0.07355  	-0.0334  	-0.0004  	-0.0581  	-0.0072  	-0.1631  	-0.1454  	-0.0499  	0.00991  	-0.0119  	-0.0207  	0.01338  	-0.0132  	0.01673  	0.03119  	-0.0414  	-0.0202  	0.05191  	0.02906  	0.01239  	0.20158  	-0.0276  	0.00568  	-0.0014  	0.03522  	0.06434  	0.40137  	267.172  	162.321  	
0.61826  	0.17811  	-0.3096  	0.07852  	0.49244  	-0.5932  	-0.2030  	0.33692  	0.21008  	-0.4995  	-0.2698  	0.70224  	0.13252  	0.01939  	-0.4595  	0.09872  	0.25838  	-0.1692  	0.60489  	-0.0066  	0.09240  	0.92743  	0.13260  	0.48781  	0.16917  	0.06443  	0.41337  	-0.8491  	-0.8258  	-0.0908  	-0.0586  	0.27546  	-0.0196  	-0.1855  	0.68708  	0.09222  	0.53056  	0.18105  	-0.5708  	-0.0783  	0.01010  	0.10694  	-0.1697  	0.22323  	0.07356  	-0.0332  	-0.0005  	-0.0582  	-0.0072  	-0.1633  	-0.1453  	-0.0498  	0.00986  	-0.0121  	-0.0207  	0.01323  	-0.0131  	0.01677  	0.03110  	-0.0417  	-0.0202  	0.05189  	0.02917  	0.01246  	0.20158  	-0.0276  	0.00568  	-0.0014  	0.03522  	0.06434  	0.40137  	267.172  	162.321  	
0.61826  	0.17811  	-0.3096  	0.07852  	0.49244  	-0.5932  	-0.2030  	0.33692  	0.21008  	-0.4995  	-0.2698  	0.70224  	0.13252  	0.01939  	-0.4595  	0.09872  	0.25838  	-0.1692  	0.60489  	-0.0066  	0.09240  	0.92743  	0.13260  	0.48781  	0.16917  	0.06443  	0.41337  	-0.8491  	-0.8258  	-0.0908  	-0.0586  	0.27546  	-0.0196  	-0.1855  	0.68708  	0.09222  	0.53056  	0.18105  	-0.5708  	-0.0783  	0.01010  	0.10694  	-0.1697  	0.22323  	0.07356  	-0.0332  	-0.0005  	-0.0582  	-0.0072  	-0.1633  	-0.1453  	-0.0498  	0.00986  	-0.0121  	-0.0207  	0.01323  	-0.0131  	0.01677  	0.03110  	-0.0417  	-0.0202  	0.05189  	0.02917  	0.01246  	0.20158  	-0.0276  	0.00568  	-0.0014  	0.03522  	0.06434  	0.40137  	267.172  	162.321  	
0.61826  	0.17811  	-0.3096  	0.07852  	0.49244  	-0.5932  	-0.2030  	0.33692  	0.21008  	-0.4995  	-0.2698  	0.70224  	0.13252  	0.01939  	-0.4595  	0.09872  	0.25838  	-0.1692  	0.60489  	-0.0066  	0.09240  	0.92743  	0.13260  	0.48781  	0.16917  	0.06443  	0.41337  	-0.8491  	-0.8258  	-0.0908  	-0.0586  	0.27546  	-0.0196  	-0.1855  	0.68708  	0.09222  	0.53056  	0.18105  	-0.5708  	-0.0783  	0.01010  	0.10694  	-0.1697  	0.22323  	0.07356  	-0.0332  	-0.0005  	-0.0582  	-0.0072  	-0.1633  	-0.1453  	-0.0498  	0.00986  	-0.0121  	-0.0207  	0.01323  	-0.0131  	0.01677  	0.03110  	-0.0417  	-0.0202  	0.05189  	0.02917  	0.01246  	0.20158  	-0.0276  	0.00568  	-0.0014  	0.03522  	0.06434  	0.40137  	267.172  	162.321  	
0.61826  	0.17811  	-0.3096  	0.07852  	0.49244  	-0.5932  	-0.2030  	0.33692  	0.21008  	-0.4995  	-0.2698  	0.70224  	0.13252  	0.01939  	-0.4595  	0.09872  	0.25838  	-0.1692  	0.60489  	-0.0066  	0.09240  	0.92743  	0.13260  	0.48781  	0.16917  	0.06443  	0.41337  	-0.8491  	-0.8258  	-0.0908  	-0.0586  	0.27546  	-0.0196  	-0.1855  	0.68708  	0.09222  	0.53056  	0.18105  	-0.5708  	-0.0783  	0.01010  	0.10694  	-0.1697  	0.22323  	0.07356  	-0.0332  	-0.0005  	-0.0582  	-0.0072  	-0.1633  	-0.1453  	-0.0498  	0.00986  	-0.0121  	-0.0207  	0.01323  	-0.0131  	0.01677  	0.03110  	-0.0417  	-0.0202  	0.05189  	0.02917  	0.01246  	0.20158  	-0.0276  	0.00568  	-0.0014  	0.03522  	0.06434  	0.40137  	267.172  	162.321  	
0.61826  	0.17811  	-0.3096  	0.07852  	0.49244  	-0.5932  	-0.2030  	0.33692  	0.21008  	-0.4995  	-0.2698  	0.70224  	0.13252  	0.01939  	-0.4595  	0.09872  	0.25838  	-0.1692  	0.60489  	-0.0066  	0.09240  	0.92743  	0.13260  	0.48781  	0.16917  	0.06443  	0.41337  	-0.8491  	-0.8258  	-0.0908  	-0.0586  	0.27546  	-0.0196  	-0.1855  	0.68708  	0.09222  	0.53056  	0.18105  	-0.5708  	-0.0783  	0.01010  	0.10694  	-0.1697  	0.22323  	0.07356  	-0.0332  	-0.0005  	-0.0582  	-0.0072  	-0.1633  	-0.1453  	-0.0498  	0.00986  	-0.0121  	-0.0207  	0.01323  	-0.0131  	0.01677  	0.03110  	-0.0417  	-0.0202  	0.05189  	0.02917  	0.01246  	0.20158  	-0.0276  	0.00568  	-0.0014  	0.03522  	0.06434  	0.40137  	267.172  	162.321  	
0.61826  	0.17811  	-0.3096  	0.07852  	0.49244  	-0.5932  	-0.2030  	0.33692  	0.21008  	-0.4995  	-0.2698  	0.70224  	0.13252  	0.01939  	-0.4595  	0.09872  	0.25838  	-0.1692  	0.60489  	-0.0066  	0.09240  	0.92743  	0.13260  	0.48781  	0.16917  	0.06443  	0.41337  	-0.8491  	-0.8258  	-0.0908  	-0.0586  	0.27546  	-0.0196  	-0.1855  	0.68708  	0.09222  	0.53056  	0.18105  	-0.5708  	-0.0783  	0.01010  	0.10694  	-0.1697  	0.22323  	0.07356  	-0.0332  	-0.0005  	-0.0582  	-0.0072  	-0.1633  	-0.1453  	-0.0498  	0.00986  	-0.0121  	-0.0207  	0.01323  	-0.0131  	0.01677  	0.03110  	-0.0417  	-0.0202  	0.05189  	0.02917  	0.01246  	0.20158  	-0.0276  	0.00568  	-0.0014  	0.03522  	0.06434  	0.40137  	267.172  	162.321  	
0.61826  	0.17811  	-0.3096  	0.07852  	0.49244  	-0.5932  	-0.2030  	0.33692  	0.21008  	-0.4995  	-0.2698  	0.70224  	0.13252  	0.01939  	-0.4595  	0.09872  	0.25838  	-0.1692  	0.60489  	-0.0066  	0.09240  	0.92743  	0.13260  	0.48781  	0.16917  	0.06443  	0.41337  	-0.8491  	-0.8258  	-0.0908  	-0.0586  	0.27546  	-0.0196  	-0.1855  	0.68708  	0.09222  	0.53056  	0.18105  	-0.5708  	-0.0783  	0.01010  	0.10694  	-0.1697  	0.22323  	0.07356  	-0.0332  	-0.0005  	-0.0582  	-0.0072  	-0.1633  	-0.1453  	-0.0498  	0.00986  	-0.0121  	-0.0207  	0.01323  	-0.0131  	0.01677  	0.03110  	-0.0417  	-0.0202  	0.05189  	0.02917  	0.01246  	0.20158  	-0.0276  	0.00568  	-0.0014  	0.03522  	0.06434  	0.40137  	267.172  	162.321  	
0.61826  	0.17811  	-0.3096  	0.07852  	0.49244  	-0.5932  	-0.2030  	0.33692  	0.21008  	-0.4995  	-0.2698  	0.70224  	0.13252  	0.01939  	-0.4595  	0.09872  	0.25838  	-0.1692  	0.60489  	-0.0066  	0.09240  	0.92743  	0.13260  	0.48781  	0.16917  	0.06443  	0.41337  	-0.8491  	-0.8258  	-0.0908  	-0.0586  	0.27546  	-0.0196  	-0.1855  	0.68708  	0.09222  	0.53056  	0.18105  	-0.5708  	-0.0783  	0.01010  	0.10694  	-0.1697  	0.22323  	0.07356  	-0.0332  	-0.0005  	-0.0582  	-0.0072  	-0.1633  	-0.1453  	-0.0498  	0.00986  	-0.0121  	-0.0207  	0.01323  	-0.0131  	0.01677  	0.03110  	-0.0417  	-0.0202  	0.05189  	0.02917  	0.01246  	0.20158  	-0.0276  	0.00568  	-0.0014  	0.03522  	0.06434  	0.40137  	267.172  	162.321  	
0.61826  	0.17811  	-0.3096  	0.07852  	0.49244  	-0.5932  	-0.2030  	0.33692  	0.21008  	-0.4995  	-0.2698  	0.70224  	0.13252  	0.01939  	-0.4595  	0.09872  	0.25838  	-0.1692  	0.60489  	-0.0066  	0.09240  	0.92743  	0.13260  	0.48781  	0.16917  	0.06443  	0.41337  	-0.8491  	-0.8258  	-0.0908  	-0.0586  	0.27546  	-0.0196  	-0.1855  	0.68708  	0.09222  	0.53056  	0.18105  	-0.5708  	-0.0783  	0.01010  	0.10694  	-0.1697  	0.22323  	0.07356  	-0.0332  	-0.0005  	-0.0582  	-0.0072  	-0.1633  	-0.1453  	-0.0498  	0.00986  	-0.0121  	-0.0207  	0.01323  	-0.0131  	0.01677  	0.03110  	-0.0417  	-0.0202  	0.05189  	0.02917  	0.01246  	0.20158  	-0.0276  	0.00568  	-0.0014  	0.03522  	0.06434  	0.40137  	267.172  	162.321  	
0.61826  	0.17811  	-0.3096  	0.07852  	0.49244  	-0.5932  	-0.2030  	0.33692  	0.21008  	-0.4995  	-0.2698  	0.70224  	0.13252  	0.01939  	-0.4595  	0.09872  	0.25838  	-0.1692  	0.60489  	-0.0066  	0.09240  	0.92743  	0.13260  	0.48781  	0.16917  	0.06443  	0.41337  	-0.8491  	-0.8258  	-0.0908  	-0.0586  	0.27546  	-0.0196  	-0.1855  	0.68708  	0.09222  	0.53056  	0.18105  	-0.5708  	-0.0783  	0.01010  	0.10694  	-0.1697  	0.22323  	0.07356  	-0.0332  	-0.0005  	-0.0582  	-0.0072  	-0.1633  	-0.1453  	-0.0498  	0.00986  	-0.0121  	-0.0207  	0.01323  	-0.0131  	0.01677  	0.03110  	-0.0417  	-0.0202  	0.05189  	0.02917  	0.01246  	0.20158  	-0.0276  	0.00568  	-0.0014  	0.03522  	0.06434  	0.40137  	267.172  	162.321  	
0.61826  	0.17811  	-0.3096  	0.07852  	0.49244  	-0.5932  	-0.2030  	0.33692  	0.21008  	-0.4995  	-0.2698  	0.70224  	0.13252  	0.01939  	-0.4595  	0.09872  	0.25838  	-0.1692  	0.60489  	-0.0066  	0.09240  	0.92743  	0.13260  	0.48781  	0.16917  	0.06443  	0.41337  	-0.8491  	-0.8258  	-0.0908  	-0.0586  	0.27546  	-0.0196  	-0.1855  	0.68708  	0.09222  	0.53056  	0.18105  	-0.5708  	-0.0783  	0.01010  	0.10694  	-0.1697  	0.22323  	0.07356  	-0.0332  	-0.0005  	-0.0582  	-0.0072  	-0.1633  	-0.1453  	-0.0498  	0.00986  	-0.0121  	-0.0207  	0.01323  	-0.0131  	0.01677  	0.03110  	-0.0417  	-0.0202  	0.05189  	0.02917  	0.01246  	0.20158  	-0.0276  	0.00568  	-0.0014  	0.03522  	0.06434  	0.40137  	267.172  	162.321  	
0.61826  	0.17811  	-0.3096  	0.07852  	0.49244  	-0.5932  	-0.2030  	0.33692  	0.21008  	-0.4995  	-0.2698  	0.70224  	0.13252  	0.01939  	-0.4595  	0.09872  	0.25838  	-0.1692  	0.60489  	-0.0066  	0.09240  	0.92743  	0.13260  	0.48781  	0.16917  	0.06443  	0.41337  	-0.8491  	-0.8258  	-0.0908  	-0.0586  	0.27546  	-0.0196  	-0.1855  	0.68708  	0.09222  	0.53056  	0.18105  	-0.5708  	-0.0783  	0.01010  	0.10694  	-0.1697  	0.22323  	0.07356  	-0.0332  	-0.0005  	-0.0582  	-0.0072  	-0.1633  	-0.1453  	-0.0498  	0.00986  	-0.0121  	-0.0207  	0.01323  	-0.0131  	0.01677  	0.03110  	-0.0417  	-0.0202  	0.05189  	0.02917  	0.01246  	0.20158  	-0.0276  	0.00568  	-0.0014  	0.03522  	0.06434  	0.40137  	267.172  	162.321  	
0.61826  	0.17811  	-0.3096  	0.07852  	0.49244  	-0.5932  	-0.2030  	0.33692  	0.21008  	-0.4995  	-0.2698  	0.70224  	0.13252  	0.01939  	-0.4595  	0.09872  	0.25838  	-0.1692  	0.60489  	-0.0066  	0.09240  	0.92743  	0.13260  	0.48781  	0.16917  	0.06443  	0.41337  	-0.8491  	-0.8258  	-0.0908  	-0.0586  	0.27546  	-0.0196  	-0.1855  	0.68708  	0.09222  	0.53056  	0.18105  	-0.5708  	-0.0783  	0.01010  	0.10694  	-0.1697  	0.22323  	0.07356  	-0.0332  	-0.0005  	-0.0582  	-0.0072  	-0.1633  	-0.1453  	-0.0498  	0.00986  	-0.0121  	-0.0207  	0.01323  	-0.0131  	0.01677  	0.03110  	-0.0417  	-0.0202  	0.05189  	0.02917  	0.01246  	0.20158  	-0.0276  	0.00568  	-0.0014  	0.03522  	0.06434  	0.40137  	267.172  	162.321  	
0.61826  	0.17811  	-0.3096  	0.07852  	0.49244  	-0.5932  	-0.2030  	0.33692  	0.21008  	-0.4995  	-0.2698  	0.70224  	0.13252  	0.01939  	-0.4595  	0.09872  	0.25838  	-0.1692  	0.60489  	-0.0066  	0.09240  	0.92743  	0.13260  	0.48781  	0.16917  	0.06443  	0.41337  	-0.8491  	-0.8258  	-0.0908  	-0.0586  	0.27546  	-0.0196  	-0.1855  	0.68708  	0.09222  	0.53056  	0.18105  	-0.5708  	-0.0783  	0.01010  	0.10694  	-0.1697  	0.22323  	0.07356  	-0.0332  	-0.0005  	-0.0582  	-0.0072  	-0.1633  	-0.1453  	-0.0498  	0.00986  	-0.0121  	-0.0207  	0.01323  	-0.0131  	0.01677  	0.03110  	-0.0417  	-0.0202  	0.05189  	0.02917  	0.01246  	0.20158  	-0.0276  	0.00568  	-0.0014  	0.03522  	0.06434  	0.40137  	267.172  	162.321  	
0.61826  	0.17811  	-0.3096  	0.07852  	0.49244  	-0.5932  	-0.2030  	0.33692  	0.21008  	-0.4995  	-0.2698  	0.70224  	0.13252  	0.01939  	-0.4595  	0.09872  	0.25838  	-0.1692  	0.60489  	-0.0066  	0.09240  	0.92743  	0.13260  	0.48781  	0.16917  	0.06443  	0.41337  	-0.8491  	-0.8258  	-0.0908  	-0.0586  	0.27546  	-0.0196  	-0.1855  	0.68708  	0.09222  	0.53056  	0.18105  	-0.5708  	-0.0783  	0.01010  	0.10694  	-0.1697  	0.22323  	0.07356  	-0.0332  	-0.0005  	-0.0582  	-0.0072  	-0.1633  	-0.1453  	-0.0498  	0.00986  	-0.0121  	-0.0207  	0.01323  	-0.0131  	0.01677  	0.03110  	-0.0417  	-0.0202  	0.05189  	0.02917  	0.01246  	0.20158  	-0.0276  	0.00568  	-0.0014  	0.03522  	0.06434  	0.40137  	267.172  	162.321  	
0.61826  	0.17811  	-0.3096  	0.07852  	0.49244  	-0.5932  	-0.2030  	0.33692  	0.21008  	-0.4995  	-0.2698  	0.70224  	0.13252  	0.01939  	-0.4595  	0.09872  	0.25838  	-0.1692  	0.60489  	-0.0066  	0.09240  	0.92743  	0.13260  	0.48781  	0.16917  	0.06443  	0.41337  	-0.8491  	-0.8258  	-0.0908  	-0.0586  	0.27546  	-0.0196  	-0.1855  	0.68708  	0.09222  	0.53056  	0.18105  	-0.5708  	-0.0783  	0.01010  	0.10694  	-0.1697  	0.22323  	0.07356  	-0.0332  	-0.0005  	-0.0582  	-0.0072  	-0.1633  	-0.1453  	-0.0498  	0.00986  	-0.0121  	-0.0207  	0.01323  	-0.0131  	0.01677  	0.03110  	-0.0417  	-0.0202  	0.05189  	0.02917  	0.01246  	0.20158  	-0.0276  	0.00568  	-0.0014  	0.03522  	0.06434  	0.40137  	267.172  	162.321  	
0.61826  	0.17811  	-0.3096  	0.07852  	0.49244  	-0.5932  	-0.2030  	0.33692  	0.21008  	-0.4995  	-0.2698  	0.70224  	0.13252  	0.01939  	-0.4595  	0.09872  	0.25838  	-0.1692  	0.60489  	-0.0066  	0.09240  	0.92743  	0.13260  	0.48781  	0.16917  	0.06443  	0.41337  	-0.8491  	-0.8258  	-0.0908  	-0.0586  	0.27546  	-0.0196  	-0.1855  	0.68708  	0.09222  	0.53056  	0.18105  	-0.5708  	-0.0783  	0.01010  	0.10694  	-0.1697  	0.22323  	0.07356  	-0.0332  	-0.0005  	-0.0582  	-0.0072  	-0.1633  	-0.1453  	-0.0498  	0.00986  	-0.0121  	-0.0207  	0.01323  	-0.0131  	0.01677  	0.03110  	-0.0417  	-0.0202  	0.05189  	0.02917  	0.01246  	0.20158  	-0.0276  	0.00568  	-0.0014  	0.03522  	0.06434  	0.40137  	267.172  	162.321  	
0.61826  	0.17811  	-0.3096  	0.07852  	0.49244  	-0.5932  	-0.2030  	0.33692  	0.21008  	-0.4995  	-0.2698  	0.70224  	0.13252  	0.01939  	-0.4595  	0.09872  	0.25838  	-0.1692  	0.60489  	-0.0066  	0.09240  	0.92743  	0.13260  	0.48781  	0.16917  	0.06443  	0.41337  	-0.8491  	-0.8258  	-0.0908  	-0.0586  	0.27546  	-0.0196  	-0.1855  	0.68708  	0.09222  	0.53056  	0.18105  	-0.5708  	-0.0783  	0.01010  	0.10694  	-0.1697  	0.22323  	0.07356  	-0.0332  	-0.0005  	-0.0582  	-0.0072  	-0.1633  	-0.1453  	-0.0498  	0.00986  	-0.0121  	-0.0207  	0.01323  	-0.0131  	0.01677  	0.03110  	-0.0417  	-0.0202  	0.05189  	0.02917  	0.01246  	0.20158  	-0.0276  	0.00568  	-0.0014  	0.03522  	0.06434  	0.40137  	267.172  	162.321  	
0.38098  	0.13946  	-0.4767  	-0.0260  	0.50004  	-0.7849  	-0.2227  	0.18266  	0.15515  	-0.3910  	-0.2703  	0.72413  	0.13862  	-0.0854  	-0.6840  	0.05530  	0.22324  	-0.0436  	0.58252  	0.13112  	-0.0951  	0.86236  	0.00734  	0.37360  	0.17146  	0.11346  	0.22159  	-0.5732  	-0.6405  	-0.1093  	-0.0303  	0.21898  	0.01648  	-0.1778  	0.57049  	0.16718  	0.34515  	0.12031  	-0.4903  	-0.0189  	0.09381  	0.10951  	-0.1592  	0.21266  	0.07483  	-0.0329  	0.01255  	-0.0616  	-0.0210  	-0.1535  	-0.1332  	-0.0499  	0.00886  	-0.0157  	-0.0182  	0.00049  	-0.0128  	0.01703  	0.03893  	-0.0500  	-0.0216  	0.05235  	0.02821  	0.01370  	0.20158  	-0.0276  	0.00568  	-0.0014  	0.03522  	0.06434  	0.40137  	267.172  	162.321  	
-0.1347  	-0.0805  	-0.7738  	-0.4105  	0.40571  	-1.1217  	-0.2431  	-0.0105  	0.08187  	-0.1579  	-0.2114  	0.70976  	0.07921  	-0.3638  	-1.1153  	0.02532  	0.23195  	0.00189  	0.61313  	0.14192  	-0.4594  	0.83573  	0.04307  	0.20045  	0.08674  	0.19466  	-0.0108  	-0.3419  	-0.4796  	-0.1411  	0.06579  	0.19364  	-0.0531  	-0.1797  	0.33771  	0.30443  	0.12434  	0.04976  	-0.3975  	-0.0503  	0.19808  	0.08506  	-0.1279  	0.23444  	0.07443  	-0.0424  	0.00592  	-0.0474  	-0.0054  	-0.1519  	-0.1369  	-0.0592  	0.00680  	-0.0273  	-0.0057  	-0.0010  	0.00582  	0.02606  	0.03013  	-0.0466  	-0.0144  	0.05460  	0.04633  	0.02463  	0.20158  	-0.0276  	0.00568  	-0.0014  	0.03522  	0.06434  	0.40137  	267.172  	162.321  	
-0.1949  	-0.1163  	-0.8016  	-0.4881  	0.38186  	-1.1776  	-0.2254  	-0.0386  	0.01659  	-0.1805  	-0.1706  	0.61257  	0.02941  	-0.4630  	-1.1313  	-0.1114  	0.22425  	0.01821  	0.59590  	0.16936  	-0.4095  	0.86806  	0.01132  	0.25090  	0.21668  	0.14421  	0.07367  	-0.4090  	-0.4477  	-0.1021  	0.00211  	0.17703  	-0.0774  	-0.1885  	0.38594  	0.33619  	0.15294  	0.05493  	-0.4370  	-0.0236  	0.14814  	0.10594  	-0.1490  	0.23002  	0.09332  	-0.0469  	0.00539  	-0.0661  	-0.0122  	-0.1606  	-0.1333  	-0.0578  	0.00139  	-0.0270  	-0.0124  	-0.0089  	0.00706  	0.02037  	0.03549  	-0.0542  	-0.0228  	0.05277  	0.03863  	0.01432  	0.20158  	-0.0276  	0.00568  	-0.0014  	0.03522  	0.06434  	0.40137  	267.172  	162.321  	
0.11413  	0.00307  	-0.6114  	-0.2361  	0.47543  	-0.9166  	-0.2306  	0.17382  	0.09627  	-0.3471  	-0.2489  	0.65457  	0.08318  	-0.2472  	-0.7887  	-0.0111  	0.27820  	-0.0621  	0.59677  	0.14493  	-0.1765  	0.81155  	0.00863  	0.43730  	0.16962  	0.11556  	0.28413  	-0.5881  	-0.5921  	-0.1245  	-0.0186  	0.23433  	-0.0330  	-0.1925  	0.51021  	0.20531  	0.29785  	0.09403  	-0.4727  	0.01986  	0.09194  	0.09305  	-0.1762  	0.20993  	0.08178  	-0.0337  	0.00922  	-0.0719  	-0.0227  	-0.1648  	-0.1348  	-0.0563  	0.00135  	-0.0198  	-0.0185  	-0.0041  	-0.0065  	0.01258  	0.04084  	-0.0426  	-0.0206  	0.04478  	0.02646  	0.01693  	0.20158  	-0.0276  	0.00568  	-0.0014  	0.03522  	0.06434  	0.40137  	267.172  	162.321  	
0.41028  	0.09163  	-0.3397  	-0.1370  	0.43826  	-0.7216  	-0.2683  	0.22593  	0.14203  	-0.3583  	-0.3768  	0.76375  	0.15646  	-0.2157  	-0.8061  	0.07069  	0.22540  	-0.0948  	0.67068  	0.16341  	-0.1167  	0.89507  	0.09485  	0.39167  	0.14407  	0.06792  	0.27080  	-0.6395  	-0.6884  	-0.1173  	-0.0277  	0.21653  	-0.0143  	-0.1688  	0.52745  	0.16689  	0.41072  	0.15301  	-0.5408  	-0.0259  	0.08794  	0.07571  	-0.1455  	0.23089  	0.08555  	-0.0315  	0.00880  	-0.0563  	-0.0051  	-0.1771  	-0.1359  	-0.0532  	0.00256  	-0.0222  	-0.0269  	0.00809  	-0.0216  	0.00923  	0.02972  	-0.0517  	-0.0284  	0.04610  	0.02938  	0.00796  	0.20158  	-0.0276  	0.00568  	-0.0014  	0.03522  	0.06434  	0.40137  	267.172  	162.321  	
0.27938  	0.04947  	-0.4866  	-0.0283  	0.57566  	-0.7720  	-0.2320  	0.12125  	0.10141  	-0.2910  	-0.2998  	0.71066  	0.06154  	-0.3182  	-0.9107  	0.13009  	0.21355  	-0.0593  	0.66992  	0.18948  	-0.1941  	0.84163  	-0.0847  	0.40156  	0.31180  	0.05469  	0.31550  	-0.5513  	-0.5961  	-0.0564  	-0.0772  	0.25893  	-0.0668  	-0.1755  	0.56306  	0.31287  	0.33418  	0.12526  	-0.5075  	0.02008  	0.03660  	0.10709  	-0.1767  	0.23211  	0.08342  	-0.0280  	-0.0053  	-0.0606  	-0.0010  	-0.1696  	-0.1194  	-0.0528  	0.00467  	-0.0123  	-0.0148  	0.00779  	-0.0067  	0.01794  	0.03674  	-0.0393  	-0.0302  	0.03209  	0.03870  	0.00599  	0.20158  	-0.0276  	0.00568  	-0.0014  	0.03522  	0.06434  	0.40137  	267.172  	162.321  	
0.21168  	-0.0051  	-0.5755  	0.12586  	0.65941  	-0.8053  	-0.2434  	0.04933  	0.03865  	-0.3853  	-0.4497  	0.65842  	0.07253  	-0.3068  	-0.7478  	0.00713  	0.22617  	-0.0676  	0.63639  	0.19028  	-0.3163  	0.86956  	-0.1190  	0.41560  	0.39862  	0.06541  	0.35189  	-0.4499  	-0.4750  	0.02186  	-0.1086  	0.25548  	-0.0884  	-0.1630  	0.54737  	0.34087  	0.25208  	0.08954  	-0.4788  	0.01350  	0.01175  	0.12449  	-0.1822  	0.23075  	0.09219  	-0.0345  	-0.0095  	-0.0492  	-0.0089  	-0.1816  	-0.1263  	-0.0590  	0.00992  	-0.0227  	-0.0224  	0.00566  	0.01305  	0.01704  	0.04424  	-0.0414  	-0.0312  	0.02655  	0.03322  	0.01091  	0.20158  	-0.0276  	0.00568  	-0.0014  	0.03522  	0.06434  	0.40137  	267.172  	162.321  	
0.27002  	0.03924  	-0.6256  	0.29814  	0.74642  	-0.7179  	-0.2316  	0.08591  	0.02908  	-0.4427  	-0.5835  	0.69959  	0.11031  	-0.1533  	-0.4984  	-0.0772  	0.22542  	-0.1078  	0.59668  	0.16883  	-0.2982  	0.94418  	-0.0803  	0.38436  	0.37625  	0.05939  	0.30677  	-0.4519  	-0.4495  	0.02616  	-0.1037  	0.20418  	-0.0858  	-0.1539  	0.57583  	0.30827  	0.22192  	0.06056  	-0.4664  	0.01682  	0.00784  	0.11453  	-0.1964  	0.23401  	0.09648  	-0.0239  	-0.0075  	-0.0601  	-0.0144  	-0.1704  	-0.1196  	-0.0630  	0.00815  	-0.0238  	-0.0224  	0.00682  	0.01098  	0.01680  	0.04552  	-0.0444  	-0.0320  	0.04422  	0.02413  	0.00662  	0.20158  	-0.0276  	0.00568  	-0.0014  	0.03522  	0.06434  	0.40137  	267.172  	162.321  	
0.27233  	0.07826  	-0.5604  	0.17470  	0.69269  	-0.6995  	-0.2392  	0.12284  	0.08958  	-0.4479  	-0.5578  	0.74886  	0.11350  	-0.1338  	-0.5159  	-0.0798  	0.24298  	-0.0445  	0.60430  	0.18217  	-0.3065  	0.93260  	-0.0519  	0.36034  	0.30233  	0.08941  	0.21780  	-0.4323  	-0.4255  	-0.0253  	-0.0630  	0.18368  	-0.0438  	-0.1458  	0.54074  	0.26531  	0.21391  	0.05984  	-0.4420  	0.03092  	0.05052  	0.09464  	-0.1785  	0.23890  	0.07619  	-0.0367  	0.00707  	-0.0509  	-0.0089  	-0.1680  	-0.1185  	-0.0586  	0.00176  	-0.0236  	-0.0148  	0.00491  	0.00183  	0.01201  	0.04145  	-0.0441  	-0.0276  	0.04051  	0.02452  	0.00901  	0.20158  	-0.0276  	0.00568  	-0.0014  	0.03522  	0.06434  	0.40137  	267.172  	162.321  	
0.41342  	0.09170  	-0.5520  	0.18132  	0.72504  	-0.7285  	-0.1774  	0.12930  	0.11171  	-0.3839  	-0.5965  	0.71346  	0.18435  	-0.0486  	-0.5652  	0.00816  	0.19732  	0.00111  	0.59683  	0.17191  	-0.3249  	0.90885  	-0.0814  	0.31380  	0.32622  	0.07497  	0.17964  	-0.4258  	-0.3922  	-0.0144  	-0.0899  	0.21147  	-0.0299  	-0.1738  	0.52982  	0.25383  	0.18045  	0.06423  	-0.4074  	0.06027  	0.03913  	0.12940  	-0.1606  	0.22466  	0.07690  	-0.0327  	0.00281  	-0.0563  	-0.0066  	-0.1570  	-0.1144  	-0.0616  	0.00154  	-0.0187  	-0.0129  	0.00815  	-0.0004  	0.01378  	0.04598  	-0.0505  	-0.0269  	0.05230  	0.02865  	0.00705  	0.20158  	-0.0276  	0.00568  	-0.0014  	0.03522  	0.06434  	0.40137  	267.172  	162.321  	
0.36097  	0.08932  	-0.5015  	0.17382  	0.69576  	-0.7954  	-0.2395  	0.18376  	0.07200  	-0.4202  	-0.5003  	0.68319  	0.17449  	-0.1757  	-0.4855  	-0.0979  	0.34019  	-0.2612  	0.69175  	-0.1882  	-0.1707  	0.67905  	-0.2796  	0.40391  	0.23949  	0.18847  	0.33432  	-0.6811  	-0.4832  	-0.0438  	0.04864  	0.20272  	-0.1490  	-0.3525  	0.50905  	0.19668  	0.24324  	0.09937  	-0.6144  	-0.0713  	0.09674  	0.24944  	-0.2832  	0.31446  	0.02047  	-0.0132  	-0.0190  	-0.0428  	-0.0179  	-0.1781  	-0.1206  	-0.0522  	0.00200  	-0.0021  	-0.0124  	-0.0007  	-0.0001  	-0.0003  	0.04639  	-0.0346  	-0.0226  	0.04108  	0.00576  	0.00317  	0.20158  	-0.0276  	0.00568  	-0.0014  	0.03522  	0.06434  	0.40137  	267.172  	162.321  	
0.21808  	0.06326  	-0.4888  	0.12627  	0.68825  	-0.7879  	-0.2667  	0.21531  	0.05009  	-0.4547  	-0.4111  	0.75245  	0.17825  	-0.3342  	-0.5170  	-0.1188  	0.35488  	-0.3765  	0.74692  	-0.3592  	-0.0935  	0.53149  	-0.4743  	0.43596  	0.12649  	0.25631  	0.28152  	-0.7241  	-0.3831  	-0.0673  	0.14893  	0.13575  	-0.2267  	-0.4597  	0.43560  	0.20206  	0.14546  	0.08050  	-0.7120  	-0.1300  	0.17226  	0.36345  	-0.4097  	0.38271  	-0.0245  	-0.0036  	-0.0471  	-0.0396  	-0.0336  	-0.1981  	-0.1217  	-0.0508  	0.01106  	0.00723  	-0.0135  	-0.0007  	0.00424  	8.47143  	0.04987  	-0.0356  	-0.0215  	0.03439  	-0.0049  	0.00625  	0.20158  	-0.0276  	0.00568  	-0.0014  	0.03522  	0.06434  	0.40137  	267.172  	162.321  	
0.03948  	-0.0161  	-0.5329  	-0.1484  	0.48078  	-0.9319  	-0.2959  	0.12423  	0.01083  	-0.3633  	-0.3611  	0.67793  	0.16416  	-0.5188  	-0.7668  	-0.1899  	0.43146  	-0.2951  	0.75646  	-0.3766  	-0.2854  	0.42885  	-0.5043  	0.31966  	0.10394  	0.31190  	0.11273  	-0.6224  	-0.2081  	-0.1267  	0.21945  	0.09745  	-0.2753  	-0.4839  	0.24691  	0.27687  	-0.0100  	0.06966  	-0.6694  	-0.1319  	0.31799  	0.34042  	-0.3852  	0.41213  	-0.0347  	-0.0039  	-0.0485  	-0.0261  	-0.0496  	-0.1920  	-0.1179  	-0.0458  	0.01115  	0.00991  	0.00115  	-0.0121  	-0.0023  	-0.0021  	0.04191  	-0.0291  	-0.0161  	0.04251  	-0.0016  	0.01995  	0.20158  	-0.0276  	0.00568  	-0.0014  	0.03522  	0.06434  	0.40137  	267.172  	162.321  	
-0.0957  	-0.0314  	-0.6166  	-0.3174  	0.40932  	-1.0129  	-0.2767  	0.07804  	0.00502  	-0.2921  	-0.2620  	0.66742  	0.12078  	-0.5949  	-0.9476  	-0.1301  	0.42225  	-0.2457  	0.72069  	-0.3183  	-0.3273  	0.43551  	-0.4279  	0.25915  	0.09922  	0.31398  	0.07393  	-0.4943  	-0.2170  	-0.1090  	0.20290  	0.11355  	-0.2680  	-0.4497  	0.23150  	0.29929  	-0.0101  	0.05991  	-0.6383  	-0.1508  	0.30156  	0.32462  	-0.3541  	0.38983  	-0.0170  	0.00204  	-0.0471  	-0.0326  	-0.0493  	-0.1847  	-0.1203  	-0.0440  	0.01564  	0.00792  	-0.0009  	-0.0061  	0.00192  	0.00183  	0.04446  	-0.0323  	-0.0084  	0.04990  	-8.1285  	0.01930  	0.20158  	-0.0276  	0.00568  	-0.0014  	0.03522  	0.06434  	0.40137  	267.172  	162.321  	
-0.1050  	-0.0748  	-0.6669  	-0.2964  	0.42185  	-1.0354  	-0.2496  	0.03249  	-0.0147  	-0.2681  	-0.2407  	0.60898  	0.05624  	-0.5549  	-0.9726  	-0.0908  	0.31990  	-0.1300  	0.67504  	-0.0947  	-0.3189  	0.60915  	-0.2563  	0.27781  	0.17622  	0.21319  	0.08901  	-0.4549  	-0.3199  	-0.0994  	0.08995  	0.15985  	-0.2041  	-0.3342  	0.33666  	0.31926  	0.09399  	0.05614  	-0.5521  	-0.0835  	0.22684  	0.22301  	-0.2774  	0.33335  	0.02986  	-0.0208  	-0.0227  	-0.0449  	-0.0352  	-0.1762  	-0.1173  	-0.0423  	0.00721  	-0.0099  	-0.0053  	-0.0039  	0.00788  	0.01387  	0.03638  	-0.0459  	-0.0167  	0.04301  	0.01933  	0.01607  	0.20158  	-0.0276  	0.00568  	-0.0014  	0.03522  	0.06434  	0.40137  	267.172  	162.321  	
0.04976  	-0.0200  	-0.6308  	-0.2386  	0.45626  	-0.9585  	-0.2340  	0.08399  	0.06158  	-0.2871  	-0.3070  	0.60952  	0.06517  	-0.2983  	-0.8640  	-0.0498  	0.24670  	-0.0410  	0.58818  	0.13001  	-0.3241  	0.87935  	0.08458  	0.36090  	0.17333  	0.11609  	0.14442  	-0.5068  	-0.5005  	-0.1006  	-0.0128  	0.21402  	-0.0533  	-0.1803  	0.45421  	0.25603  	0.26045  	0.09735  	-0.4817  	0.00613  	0.14100  	0.08118  	-0.1527  	0.24278  	0.07108  	-0.0279  	0.00251  	-0.0655  	-0.0251  	-0.1686  	-0.1416  	-0.0582  	-0.0004  	-0.0258  	-0.0184  	-0.0117  	0.00097  	0.01470  	0.03665  	-0.0546  	-0.0236  	0.04767  	0.02928  	0.01271  	0.20158  	-0.0276  	0.00568  	-0.0014  	0.03522  	0.06434  	0.40137  	267.172  	162.321  	
0.53649  	0.14956  	-0.3180  	0.03910  	0.55312  	-0.6455  	-0.2185  	0.28598  	0.15557  	-0.3976  	-0.3637  	0.74653  	0.16481  	-0.0155  	-0.6096  	0.12337  	0.21715  	-0.0662  	0.64105  	0.12430  	-0.0538  	0.91092  	0.02815  	0.41519  	0.20193  	0.06109  	0.30987  	-0.7164  	-0.7106  	-0.0737  	-0.0489  	0.24009  	-0.0221  	-0.1904  	0.61021  	0.18391  	0.42455  	0.12408  	-0.5282  	-0.0282  	0.04798  	0.10518  	-0.1541  	0.23507  	0.08315  	-0.0274  	0.00274  	-0.0629  	-0.0022  	-0.1566  	-0.1368  	-0.0555  	0.01395  	-0.0189  	-0.0209  	0.00572  	-0.0067  	0.01322  	0.03270  	-0.0480  	-0.0288  	0.04988  	0.02681  	0.00163  	0.20158  	-0.0276  	0.00568  	-0.0014  	0.03522  	0.06434  	0.40137  	267.172  	162.321  	
0.69152  	0.16707  	-0.2048  	0.00993  	0.50879  	-0.6109  	-0.1878  	0.34772  	0.17463  	-0.4251  	-0.2686  	0.77710  	0.13070  	-0.0555  	-0.6819  	0.21072  	0.20307  	-0.0998  	0.64473  	0.14221  	-0.0085  	0.91672  	0.03642  	0.37891  	0.20058  	0.06592  	0.27802  	-0.6957  	-0.7111  	-0.0913  	-0.0680  	0.25056  	-0.0156  	-0.1773  	0.59852  	0.15815  	0.43711  	0.14064  	-0.5045  	-0.0579  	0.04982  	0.10722  	-0.1226  	0.24608  	0.08614  	-0.0317  	-0.0051  	-0.0332  	0.00703  	-0.1725  	-0.1370  	-0.0530  	0.01569  	-0.0240  	-0.0214  	0.01113  	-0.0085  	0.00761  	0.03166  	-0.0471  	-0.0275  	0.04688  	0.03041  	0.00404  	0.20158  	-0.0276  	0.00568  	-0.0014  	0.03522  	0.06434  	0.40137  	267.172  	162.321  	
0.61489  	0.16033  	-0.2545  	0.03845  	0.59321  	-0.6861  	-0.1236  	0.28057  	0.19308  	-0.3222  	-0.2950  	0.78971  	0.12744  	-0.0597  	-0.7166  	0.22107  	0.18690  	-0.0952  	0.62676  	0.18248  	-0.0347  	0.90596  	-0.0523  	0.36106  	0.36612  	0.02708  	0.34848  	-0.6842  	-0.6359  	-0.0630  	-0.1083  	0.25381  	-0.0273  	-0.1727  	0.58988  	0.22463  	0.40258  	0.14401  	-0.4522  	-0.0007  	0.05230  	0.10777  	-0.1333  	0.24807  	0.07789  	-0.0434  	-0.0121  	-0.0276  	0.00916  	-0.1759  	-0.1296  	-0.0622  	0.01136  	-0.0177  	-0.0149  	0.01513  	0.00134  	0.01167  	0.03256  	-0.0428  	-0.0311  	0.03910  	0.02998  	0.01030  	0.20158  	-0.0276  	0.00568  	-0.0014  	0.03522  	0.06434  	0.40137  	267.172  	162.321  	
0.45361  	0.03361  	-0.4010  	0.24979  	0.71837  	-0.6966  	-0.1751  	0.14977  	0.12723  	-0.3490  	-0.4489  	0.74429  	0.11346  	-0.0688  	-0.5775  	0.13104  	0.23772  	-0.0668  	0.63996  	0.16086  	-0.1887  	0.91499  	-0.0323  	0.41231  	0.31836  	0.05197  	0.34696  	-0.6381  	-0.6282  	-0.0269  	-0.0817  	0.25476  	-0.0520  	-0.1685  	0.58166  	0.20017  	0.36175  	0.11988  	-0.5113  	-0.0099  	0.03741  	0.10144  	-0.1504  	0.23609  	0.08921  	-0.0316  	0.00470  	-0.0479  	0.01007  	-0.1769  	-0.1298  	-0.0561  	0.00286  	-0.0140  	-0.0238  	0.00038  	-0.0011  	0.01412  	0.03370  	-0.0485  	-0.0298  	0.03064  	0.03447  	-0.0015  	0.20158  	-0.0276  	0.00568  	-0.0014  	0.03522  	0.06434  	0.40137  	267.172  	162.321  	
0.24562  	-0.0034  	-0.5331  	-0.0687  	0.57431  	-0.7823  	-0.2671  	0.05009  	0.05575  	-0.4238  	-0.3746  	0.61323  	0.04173  	-0.3733  	-0.7625  	0.04270  	0.21407  	-0.0505  	0.64713  	0.12448  	-0.1924  	0.92201  	0.01007  	0.43111  	0.30775  	0.07139  	0.36542  	-0.6207  	-0.6016  	-0.0541  	-0.0890  	0.27570  	-0.0802  	-0.1807  	0.54840  	0.28385  	0.38164  	0.12400  	-0.5139  	-0.0021  	0.04698  	0.12411  	-0.1781  	0.23190  	0.08698  	-0.0402  	-0.0002  	-0.0703  	-0.0154  	-0.1611  	-0.1344  	-0.0494  	0.00602  	-0.0205  	-0.0186  	-0.0011  	0.00716  	0.02333  	0.04748  	-0.0498  	-0.0325  	0.03656  	0.02753  	0.00775  	0.20158  	-0.0276  	0.00568  	-0.0014  	0.03522  	0.06434  	0.40137  	267.172  	162.321  	
0.28231  	0.03479  	-0.5203  	-0.1490  	0.49299  	-0.7927  	-0.2327  	0.02780  	0.06207  	-0.2891  	-0.3325  	0.62544  	0.01274  	-0.4548  	-0.9699  	0.12635  	0.21378  	0.01505  	0.63696  	0.15495  	-0.2888  	0.88177  	-0.0237  	0.37059  	0.28744  	0.07583  	0.25127  	-0.4854  	-0.4817  	-0.0567  	-0.0737  	0.22330  	-0.0973  	-0.1839  	0.47972  	0.34722  	0.29166  	0.07465  	-0.4681  	0.04497  	0.07826  	0.11655  	-0.1798  	0.25793  	0.09175  	-0.0296  	0.00606  	-0.0619  	-0.0079  	-0.1739  	-0.1261  	-0.0541  	0.01367  	-0.0302  	-0.0101  	-0.0034  	0.00233  	0.01504  	0.03702  	-0.0443  	-0.0318  	0.03220  	0.03640  	0.01522  	0.20158  	-0.0276  	0.00568  	-0.0014  	0.03522  	0.06434  	0.40137  	267.172  	162.321  	
0.19455  	0.00067  	-0.5165  	-0.2093  	0.40249  	-0.9276  	-0.1967  	0.02373  	0.01097  	-0.2393  	-0.3493  	0.58044  	0.01935  	-0.4417  	-1.0236  	0.07763  	0.17311  	0.06346  	0.59762  	0.16253  	-0.4054  	0.87469  	-0.0754  	0.29054  	0.32479  	0.07712  	0.20506  	-0.4537  	-0.4171  	-0.0539  	-0.0565  	0.24688  	-0.0910  	-0.1777  	0.44888  	0.40526  	0.21783  	0.07115  	-0.4484  	0.02744  	0.11308  	0.09884  	-0.1590  	0.24798  	0.08769  	-0.0435  	-0.0003  	-0.0611  	0.00137  	-0.1755  	-0.1214  	-0.0604  	0.01136  	-0.0273  	-0.0098  	-0.0097  	0.00318  	0.01674  	0.03175  	-0.0464  	-0.0332  	0.03868  	0.04464  	0.01460  	0.20158  	-0.0276  	0.00568  	-0.0014  	0.03522  	0.06434  	0.40137  	267.172  	162.321  	
-0.1309  	-0.0495  	-0.7408  	-0.2875  	0.45523  	-1.1307  	-0.1633  	-0.0283  	0.01984  	-0.2055  	-0.2797  	0.55770  	0.03971  	-0.3790  	-0.9910  	-0.0451  	0.23922  	-0.0320  	0.60967  	0.15923  	-0.3730  	0.92409  	-0.0548  	0.37048  	0.33786  	0.09983  	0.24820  	-0.5297  	-0.4827  	-0.0248  	-0.0573  	0.21846  	-0.1007  	-0.1722  	0.49096  	0.39962  	0.24151  	0.06631  	-0.4915  	-0.0043  	0.09749  	0.13106  	-0.1983  	0.20701  	0.08922  	-0.0427  	0.00622  	-0.0811  	-0.0024  	-0.1663  	-0.1302  	-0.0569  	-0.0009  	-0.0196  	-0.0135  	0.00346  	-0.0012  	0.01230  	0.04080  	-0.0464  	-0.0266  	0.05002  	0.03711  	0.00886  	0.20158  	-0.0276  	0.00568  	-0.0014  	0.03522  	0.06434  	0.40137  	267.172  	162.321  	
-0.3317  	-0.1660  	-0.8069  	-0.4971  	0.39076  	-1.2505  	-0.2812  	0.00389  	0.02481  	-0.2109  	-0.0913  	0.58512  	0.02716  	-0.3610  	-0.8992  	-0.1808  	0.24397  	-0.0540  	0.63726  	0.15518  	-0.2645  	0.84312  	0.05082  	0.41329  	0.24164  	0.11926  	0.21742  	-0.5650  	-0.5266  	-0.0752  	0.00250  	0.19723  	-0.0559  	-0.1771  	0.49420  	0.28870  	0.28099  	0.06999  	-0.5090  	-0.0216  	0.06099  	0.12311  	-0.2130  	0.21851  	0.10156  	-0.0295  	0.01209  	-0.1035  	-0.0176  	-0.1728  	-0.1457  	-0.0579  	0.00659  	-0.0219  	-0.0170  	-0.0124  	-0.0088  	0.01687  	0.03574  	-0.0407  	-0.0184  	0.04756  	0.02933  	0.00639  	0.20158  	-0.0276  	0.00568  	-0.0014  	0.03522  	0.06434  	0.40137  	267.172  	162.321  	
-0.1447  	-0.0736  	-0.7125  	-0.4793  	0.32437  	-1.1146  	-0.2340  	0.08566  	0.05300  	-0.2482  	-0.1266  	0.61834  	0.09544  	-0.2795  	-0.8798  	-0.1711  	0.25511  	-0.0009  	0.59719  	0.15910  	-0.2660  	0.87793  	0.09130  	0.38274  	0.23266  	0.12187  	0.19245  	-0.5838  	-0.5344  	-0.1135  	-0.0188  	0.16144  	-0.0446  	-0.1916  	0.42404  	0.26684  	0.26756  	0.06626  	-0.4463  	-0.0084  	0.08022  	0.11704  	-0.1973  	0.21235  	0.08694  	-0.0293  	0.00795  	-0.0736  	-0.0070  	-0.1765  	-0.1309  	-0.0563  	-0.0016  	-0.0259  	-0.0206  	-0.0083  	-0.0012  	0.01507  	0.03846  	-0.0491  	-0.0238  	0.05243  	0.03374  	0.01339  	0.20158  	-0.0276  	0.00568  	-0.0014  	0.03522  	0.06434  	0.40137  	267.172  	162.321  	
-0.1338  	-0.0207  	-0.6715  	-0.4699  	0.38338  	-0.9104  	-0.2185  	0.07058  	0.06386  	-0.2696  	-0.2947  	0.58838  	0.08283  	-0.3728  	-0.9343  	-0.1245  	0.23726  	0.00366  	0.61518  	0.13216  	-0.3571  	0.89816  	0.11089  	0.32453  	0.25874  	0.13330  	0.18348  	-0.4514  	-0.4272  	-0.0956  	0.01132  	0.17381  	-0.0607  	-0.1974  	0.35243  	0.25540  	0.19927  	0.04165  	-0.3953  	0.01054  	0.12212  	0.09240  	-0.1461  	0.24386  	0.08911  	-0.0471  	0.00036  	-0.0556  	-0.0160  	-0.1666  	-0.1337  	-0.0552  	-0.0002  	-0.0278  	-0.0203  	-0.0045  	0.00686  	0.01389  	0.04023  	-0.0498  	-0.0221  	0.03956  	0.03113  	0.00644  	0.20158  	-0.0276  	0.00568  	-0.0014  	0.03522  	0.06434  	0.40137  	267.172  	162.321  	
0.10106  	0.02975  	-0.6480  	-0.1153  	0.49617  	-0.8492  	-0.2560  	0.14704  	0.08859  	-0.3659  	-0.4821  	0.71642  	0.13690  	-0.3254  	-0.7405  	-0.0711  	0.25469  	0.04123  	0.61601  	0.20125  	-0.3320  	0.95101  	0.01186  	0.29342  	0.22689  	0.12570  	0.13766  	-0.3999  	-0.4397  	-0.0775  	-0.0064  	0.19532  	-0.0407  	-0.1852  	0.34929  	0.23959  	0.15982  	0.04335  	-0.3848  	0.04937  	0.12027  	0.09306  	-0.1432  	0.22546  	0.07793  	-0.0325  	0.00668  	-0.0586  	-0.0165  	-0.1733  	-0.1209  	-0.0592  	-0.0002  	-0.0244  	-0.0255  	-0.0014  	0.00741  	0.01446  	0.04175  	-0.0485  	-0.0276  	0.04999  	0.01621  	0.01283  	0.20158  	-0.0276  	0.00568  	-0.0014  	0.03522  	0.06434  	0.40137  	267.172  	162.321  	
0.36724  	0.08330  	-0.5259  	0.21356  	0.63515  	-0.7076  	-0.2142  	0.21481  	0.15132  	-0.3712  	-0.5753  	0.79270  	0.22359  	-0.0417  	-0.4736  	-0.0163  	0.25608  	-0.0312  	0.59670  	0.15604  	-0.3091  	0.93139  	0.01605  	0.37181  	0.18915  	0.11970  	0.15323  	-0.4777  	-0.4219  	-0.0602  	-0.0295  	0.19955  	0.00391  	-0.1767  	0.48998  	0.18763  	0.16834  	0.06237  	-0.4319  	0.03984  	0.09959  	0.08669  	-0.1440  	0.23057  	0.08874  	-0.0362  	0.00989  	-0.0472  	-0.0097  	-0.1705  	-0.1293  	-0.0580  	0.00664  	-0.0339  	-0.0183  	-0.0064  	-0.0014  	0.01481  	0.03393  	-0.0521  	-0.0233  	0.05037  	0.03203  	0.01687  	0.20158  	-0.0276  	0.00568  	-0.0014  	0.03522  	0.06434  	0.40137  	267.172  	162.321  	
0.51674  	0.13920  	-0.4897  	0.16247  	0.67130  	-0.6709  	-0.1921  	0.22865  	0.11790  	-0.3625  	-0.5904  	0.65727  	0.27415  	0.10416  	-0.4747  	-0.0972  	0.19832  	-0.0478  	0.62543  	0.11516  	-0.2292  	0.93131  	-0.0355  	0.36078  	0.30368  	0.04604  	0.33268  	-0.5900  	-0.5067  	0.01309  	-0.0285  	0.20036  	-0.0442  	-0.1605  	0.60349  	0.20313  	0.25752  	0.05804  	-0.4639  	0.03575  	0.02747  	0.10494  	-0.1701  	0.25429  	0.07293  	-0.0372  	-0.0055  	-0.0408  	0.00242  	-0.1774  	-0.1285  	-0.0594  	0.00296  	-0.0274  	-0.0217  	0.01210  	-0.0068  	0.01789  	0.02460  	-0.0468  	-0.0259  	0.04998  	0.02320  	0.01002  	0.20158  	-0.0276  	0.00568  	-0.0014  	0.03522  	0.06434  	0.40137  	267.172  	162.321  	
-0.1321  	-0.0335  	-0.7641  	-0.3326  	0.50560  	-1.1563  	-0.2191  	0.04051  	0.05234  	-0.2722  	-0.1468  	0.57157  	0.06728  	-0.2028  	-0.7668  	-0.2118  	0.20919  	-0.0742  	0.56771  	0.20214  	-0.0752  	0.81401  	-0.0294  	0.48996  	0.18813  	0.10665  	0.28697  	-0.6286  	-0.6180  	-0.1078  	-0.0150  	0.18943  	-0.0416  	-0.1597  	0.61030  	0.23592  	0.34879  	0.06978  	-0.5177  	0.04575  	0.01937  	0.12616  	-0.2442  	0.20732  	0.09523  	-0.0312  	0.01376  	-0.0850  	-0.0345  	-0.1755  	-0.1350  	-0.0574  	-0.0015  	-0.0191  	-0.0309  	0.00360  	-0.0051  	0.01224  	0.03348  	-0.0477  	-0.0165  	0.05148  	0.02201  	0.00972  	0.20158  	-0.0276  	0.00568  	-0.0014  	0.03522  	0.06434  	0.40137  	267.172  	162.321  	
-0.2820  	-0.1238  	-0.7717  	-0.5199  	0.39965  	-1.2057  	-0.2392  	0.02176  	0.03433  	-0.2401  	-0.0002  	0.58054  	0.00233  	-0.3788  	-0.9481  	-0.2131  	0.21287  	-0.0902  	0.56606  	0.16107  	-0.1799  	0.87918  	0.02671  	0.41046  	0.18027  	0.12140  	0.24008  	-0.5786  	-0.6004  	-0.0873  	-0.0084  	0.19949  	-0.0579  	-0.1817  	0.51716  	0.23076  	0.32698  	0.07787  	-0.5001  	-0.0215  	0.06758  	0.10656  	-0.2083  	0.21309  	0.10036  	-0.0401  	0.00768  	-0.1032  	-0.0222  	-0.1649  	-0.1351  	-0.0548  	0.00607  	-0.0220  	-0.0216  	-0.0088  	-0.0062  	0.01261  	0.03470  	-0.0457  	-0.0187  	0.05580  	0.02142  	0.00739  	0.20158  	-0.0276  	0.00568  	-0.0014  	0.03522  	0.06434  	0.40137  	267.172  	162.321  	
-0.1501  	-0.1117  	-0.6702  	-0.4895  	0.31829  	-1.1877  	-0.1954  	0.06938  	0.06572  	-0.1945  	-0.1172  	0.54300  	0.04711  	-0.3263  	-0.9582  	-0.1931  	0.25496  	-0.0578  	0.59625  	0.17307  	-0.2580  	0.88638  	0.03179  	0.40905  	0.26502  	0.11138  	0.24801  	-0.6136  	-0.5456  	-0.1073  	-0.0198  	0.19227  	-0.0519  	-0.1914  	0.42796  	0.26966  	0.29174  	0.09072  	-0.4718  	-0.0026  	0.08093  	0.11721  	-0.2173  	0.22151  	0.10421  	-0.0358  	0.00494  	-0.0767  	-0.0200  	-0.1695  	-0.1357  	-0.0554  	0.00061  	-0.0240  	-0.0181  	-0.0124  	-0.0029  	0.01953  	0.03931  	-0.0457  	-0.0223  	0.04890  	0.02865  	0.01456  	0.20158  	-0.0276  	0.00568  	-0.0014  	0.03522  	0.06434  	0.40137  	267.172  	162.321  	
0.12705  	-0.0389  	-0.5673  	-0.2377  	0.43370  	-0.8559  	-0.2271  	0.11126  	0.09757  	-0.3511  	-0.3592  	0.61480  	0.05317  	-0.3751  	-0.9076  	0.00113  	0.27148  	-0.0046  	0.63172  	0.13634  	-0.2959  	0.86892  	0.02241  	0.34685  	0.25630  	0.10650  	0.23838  	-0.5014  	-0.5122  	-0.0834  	-0.0440  	0.22675  	-0.0579  	-0.1769  	0.43938  	0.28317  	0.25750  	0.07500  	-0.4665  	0.00437  	0.11434  	0.08557  	-0.1655  	0.23754  	0.08492  	-0.0321  	0.00632  	-0.0656  	-0.0151  	-0.1606  	-0.1297  	-0.0528  	0.00363  	-0.0226  	-0.0192  	-0.0057  	0.00118  	0.01635  	0.03811  	-0.0495  	-0.0288  	0.05173  	0.03355  	0.01145  	0.20158  	-0.0276  	0.00568  	-0.0014  	0.03522  	0.06434  	0.40137  	267.172  	162.321  	
0.26558  	0.05967  	-0.4808  	-0.1202  	0.53783  	-0.8275  	-0.2169  	0.07353  	0.07576  	-0.2553  	-0.3586  	0.68193  	0.05504  	-0.3783  	-0.9339  	0.11244  	0.19787  	0.00271  	0.62364  	0.20213  	-0.3436  	0.89279  	-0.0736  	0.31178  	0.25064  	0.09213  	0.17738  	-0.4467  	-0.4381  	-0.0703  	-0.0661  	0.21941  	-0.0678  	-0.1708  	0.46242  	0.32778  	0.22571  	0.07652  	-0.4395  	0.05052  	0.10514  	0.10745  	-0.1386  	0.25853  	0.08764  	-0.0338  	0.00075  	-0.0484  	-0.0002  	-0.1783  	-0.1197  	-0.0586  	0.01127  	-0.0329  	-0.0078  	-0.0100  	0.00449  	0.01744  	0.03501  	-0.0509  	-0.0345  	0.04088  	0.03421  	0.01716  	0.20158  	-0.0276  	0.00568  	-0.0014  	0.03522  	0.06434  	0.40137  	267.172  	162.321  	
0.03371  	-0.0323  	-0.6059  	-0.2187  	0.45143  	-0.9349  	-0.2340  	0.02140  	0.03294  	-0.2852  	-0.2791  	0.60611  	-0.0065  	-0.4615  	-1.0471  	0.05577  	0.21706  	0.00846  	0.64082  	0.19528  	-0.3392  	0.86368  	-0.0795  	0.37326  	0.35012  	0.07485  	0.26612  	-0.4628  	-0.4759  	-0.0406  	-0.0781  	0.24396  	-0.1082  	-0.1827  	0.48673  	0.40785  	0.25670  	0.06768  	-0.4603  	0.04472  	0.08305  	0.10564  	-0.1859  	0.24221  	0.09347  	-0.0353  	-0.0026  	-0.0711  	-0.0073  	-0.1727  	-0.1255  	-0.0554  	0.00871  	-0.0199  	-0.0175  	-0.0014  	0.00159  	0.02533  	0.03465  	-0.0490  	-0.0279  	0.03216  	0.03706  	0.01174  	0.20158  	-0.0276  	0.00568  	-0.0014  	0.03522  	0.06434  	0.40137  	267.172  	162.321  	
-0.1944  	-0.0993  	-0.8000  	-0.2990  	0.47506  	-1.0734  	-0.2277  	0.03648  	0.03543  	-0.3018  	-0.2691  	0.61128  	0.01049  	-0.3676  	-0.8305  	-0.1656  	0.25101  	-0.0554  	0.61364  	0.13252  	-0.2760  	0.86030  	0.00018  	0.36533  	0.32198  	0.09439  	0.28997  	-0.5116  	-0.4631  	-0.0471  	-0.0433  	0.20986  	-0.0840  	-0.1798  	0.49111  	0.33082  	0.28565  	0.06706  	-0.4704  	-0.0212  	0.06761  	0.12473  	-0.2077  	0.22612  	0.10385  	-0.0343  	0.01069  	-0.1001  	-0.0220  	-0.1683  	-0.1244  	-0.0551  	0.00523  	-0.0145  	-0.0175  	-0.0077  	0.00374  	0.02314  	0.04124  	-0.0365  	-0.0270  	0.03880  	0.02605  	0.01032  	0.20158  	-0.0276  	0.00568  	-0.0014  	0.03522  	0.06434  	0.40137  	267.172  	162.321  	
-0.0632  	-0.0521  	-0.7135  	-0.3623  	0.40003  	-0.9929  	-0.2455  	0.11871  	0.05881  	-0.2984  	-0.1909  	0.60215  	0.06070  	-0.2730  	-0.8339  	-0.1612  	0.23957  	-0.0373  	0.59636  	0.16046  	-0.2469  	0.86152  	0.03815  	0.34253  	0.26790  	0.10870  	0.25408  	-0.5267  	-0.4977  	-0.0896  	-0.0368  	0.18983  	-0.0662  	-0.1934  	0.45142  	0.28266  	0.27470  	0.06529  	-0.4639  	-0.0357  	0.08364  	0.10450  	-0.1855  	0.21613  	0.09391  	-0.0381  	0.01491  	-0.0766  	-0.0132  	-0.1698  	-0.1248  	-0.0552  	0.00404  	-0.0168  	-0.0187  	-0.0023  	0.00538  	0.01250  	0.03782  	-0.0436  	-0.0222  	0.04626  	0.02378  	0.01297  	0.20158  	-0.0276  	0.00568  	-0.0014  	0.03522  	0.06434  	0.40137  	267.172  	162.321  	
0.09616  	-0.0030  	-0.5766  	-0.1669  	0.47429  	-0.8580  	-0.2261  	0.12139  	0.09773  	-0.3304  	-0.3465  	0.71096  	0.08425  	-0.2783  	-0.7924  	-0.0371  	0.24739  	-0.0065  	0.59461  	0.13859  	-0.2785  	0.90471  	0.04515  	0.33706  	0.19983  	0.12192  	0.17913  	-0.5083  	-0.4657  	-0.0920  	-0.0133  	0.20801  	-0.0463  	-0.1892  	0.40935  	0.23029  	0.22424  	0.07762  	-0.4423  	0.02049  	0.12705  	0.09708  	-0.1504  	0.23159  	0.07916  	-0.0351  	0.01448  	-0.0604  	-0.0156  	-0.1730  	-0.1343  	-0.0526  	0.00340  	-0.0287  	-0.0212  	-0.0093  	-0.0019  	0.01662  	0.03531  	-0.0519  	-0.0213  	0.04188  	0.02964  	0.01222  	0.20158  	-0.0276  	0.00568  	-0.0014  	0.03522  	0.06434  	0.40137  	267.172  	162.321  	
0.25160  	0.08124  	-0.5119  	-0.1783  	0.48958  	-0.8657  	-0.2575  	0.11725  	0.09548  	-0.2993  	-0.3147  	0.72174  	0.06917  	-0.2691  	-0.8927  	0.06459  	0.21912  	-0.0033  	0.63163  	0.16372  	-0.2568  	0.86943  	-0.0019  	0.29955  	0.18099  	0.09469  	0.14421  	-0.4877  	-0.5051  	-0.0855  	-0.0347  	0.21151  	-0.0102  	-0.1623  	0.47491  	0.24719  	0.28545  	0.08867  	-0.4621  	0.00020  	0.13296  	0.08919  	-0.1415  	0.23069  	0.07858  	-0.0334  	0.00048  	-0.0636  	-0.0170  	-0.1791  	-0.1407  	-0.0554  	0.00985  	-0.0199  	-0.0217  	-0.0031  	-0.0044  	0.01152  	0.03135  	-0.0485  	-0.0283  	0.04508  	0.02494  	0.01422  	0.20158  	-0.0276  	0.00568  	-0.0014  	0.03522  	0.06434  	0.40137  	267.172  	162.321  	
0.24835  	0.04520  	-0.5602  	-0.2595  	0.44426  	-0.8618  	-0.2062  	0.11445  	0.11031  	-0.2214  	-0.2890  	0.65859  	0.09406  	-0.2420  	-1.0264  	0.07801  	0.17871  	0.01502  	0.62136  	0.23906  	-0.3219  	0.81169  	-0.0911  	0.32017  	0.30986  	0.07465  	0.19865  	-0.4813  	-0.5183  	-0.0882  	-0.0387  	0.20532  	-0.0290  	-0.1755  	0.49574  	0.30812  	0.27993  	0.09064  	-0.4365  	0.00658  	0.12676  	0.10801  	-0.1398  	0.23237  	0.09252  	-0.0376  	0.00579  	-0.0463  	-0.0174  	-0.1765  	-0.1276  	-0.0543  	0.00808  	-0.0188  	-0.0180  	-0.0024  	-0.0024  	0.01148  	0.02746  	-0.0525  	-0.0247  	0.03953  	0.04641  	0.01861  	0.20158  	-0.0276  	0.00568  	-0.0014  	0.03522  	0.06434  	0.40137  	267.172  	162.321  	
-0.0975  	-0.0887  	-0.7378  	-0.3049  	0.45421  	-1.0614  	-0.1964  	0.02158  	0.05637  	-0.2501  	-0.1179  	0.63335  	0.03704  	-0.2800  	-0.9432  	-0.1182  	0.23439  	-0.0065  	0.60835  	0.17547  	-0.2387  	0.86637  	-0.0849  	0.40370  	0.34886  	0.07892  	0.27024  	-0.5808  	-0.5474  	-0.0770  	-0.0337  	0.18817  	-0.0474  	-0.1860  	0.52791  	0.31034  	0.32399  	0.07665  	-0.4930  	9.57348  	0.05789  	0.12470  	-0.1940  	0.20276  	0.10724  	-0.0398  	0.00105  	-0.0820  	-0.0292  	-0.1547  	-0.1273  	-0.0586  	0.00750  	-0.0172  	-0.0156  	0.00088  	-0.0026  	0.00909  	0.03812  	-0.0399  	-0.0317  	0.04930  	0.03066  	0.01315  	0.20158  	-0.0276  	0.00568  	-0.0014  	0.03522  	0.06434  	0.40137  	267.172  	162.321  	
-0.1573  	-0.0727  	-0.6861  	-0.4929  	0.34988  	-1.1107  	-0.2355  	0.08184  	0.05704  	-0.2434  	-0.1286  	0.55139  	-0.0025  	-0.3051  	-0.8717  	-0.2177  	0.26355  	-0.0649  	0.61416  	0.12096  	-0.1625  	0.85914  	0.03120  	0.39999  	0.28258  	0.10744  	0.32332  	-0.5764  	-0.5856  	-0.1062  	-0.0494  	0.19410  	-0.0725  	-0.1942  	0.47763  	0.24831  	0.33471  	0.08347  	-0.5030  	-0.0347  	0.05934  	0.11058  	-0.2148  	0.21169  	0.09977  	-0.0323  	0.00605  	-0.0915  	-0.0259  	-0.1562  	-0.1377  	-0.0548  	0.00646  	-0.0153  	-0.0250  	-0.0078  	-0.0043  	0.01112  	0.03749  	-0.0421  	-0.0264  	0.04806  	0.02404  	0.01401  	0.20158  	-0.0276  	0.00568  	-0.0014  	0.03522  	0.06434  	0.40137  	267.172  	162.321  	
0.13785  	-0.0259  	-0.5692  	-0.2060  	0.44789  	-0.9030  	-0.2418  	0.05667  	0.05974  	-0.3243  	-0.2703  	0.61994  	0.00243  	-0.4191  	-0.9497  	0.00835  	0.25413  	-0.0250  	0.62387  	0.12396  	-0.2714  	0.86254  	0.05720  	0.37569  	0.25105  	0.10372  	0.26776  	-0.5243  	-0.5439  	-0.0627  	-0.0562  	0.23189  	-0.0842  	-0.1816  	0.45027  	0.29630  	0.30619  	0.08246  	-0.5052  	0.00817  	0.09769  	0.09771  	-0.1769  	0.23813  	0.08164  	-0.0407  	0.01002  	-0.0734  	-0.0136  	-0.1603  	-0.1296  	-0.0544  	0.00525  	-0.0160  	-0.0155  	-0.0052  	0.00172  	0.02213  	0.03737  	-0.0506  	-0.0323  	0.04872  	0.02995  	0.00813  	0.20158  	-0.0276  	0.00568  	-0.0014  	0.03522  	0.06434  	0.40137  	267.172  	162.321  	
0.29000  	0.04894  	-0.4931  	-0.0272  	0.59796  	-0.8256  	-0.2317  	0.07282  	0.07627  	-0.2505  	-0.3634  	0.69963  	0.07855  	-0.3960  	-0.9522  	0.12695  	0.21100  	-0.0007  	0.63673  	0.20405  	-0.3562  	0.86982  	-0.0854  	0.35546  	0.28389  	0.07415  	0.20372  	-0.4405  	-0.4545  	-0.0590  	-0.0799  	0.22826  	-0.0768  	-0.1828  	0.46732  	0.34227  	0.23170  	0.08054  	-0.4382  	0.05590  	0.08994  	0.10305  	-0.1530  	0.25284  	0.08845  	-0.0305  	0.00230  	-0.0475  	0.00213  	-0.1714  	-0.1188  	-0.0569  	0.01132  	-0.0310  	-0.0096  	-0.0090  	0.00336  	0.01565  	0.04005  	-0.0453  	-0.0316  	0.03663  	0.03413  	0.01483  	0.20158  	-0.0276  	0.00568  	-0.0014  	0.03522  	0.06434  	0.40137  	267.172  	162.321  	
0.21724  	0.01744  	-0.4957  	-0.0679  	0.55384  	-0.8253  	-0.2168  	0.06126  	0.05059  	-0.2298  	-0.3953  	0.60590  	0.03310  	-0.4093  	-0.9289  	0.13408  	0.18024  	0.00268  	0.65407  	0.17576  	-0.3265  	0.91880  	-0.1096  	0.34335  	0.42242  	0.05102  	0.33285  	-0.4403  	-0.4790  	-0.0091  	-0.0939  	0.25441  	-0.1138  	-0.1900  	0.49763  	0.40941  	0.27258  	0.08210  	-0.4572  	0.02272  	0.04312  	0.11952  	-0.1768  	0.24597  	0.08655  	-0.0375  	-0.0114  	-0.0563  	-0.0018  	-0.1773  	-0.1084  	-0.0569  	0.01608  	-0.0260  	-0.0099  	0.00368  	0.00693  	0.01777  	0.04109  	-0.0418  	-0.0251  	0.02500  	0.03890  	0.01378  	0.20158  	-0.0276  	0.00568  	-0.0014  	0.03522  	0.06434  	0.40137  	267.172  	162.321  	
0.07649  	-0.0341  	-0.6317  	-0.0508  	0.52109  	-0.8368  	-0.2517  	-0.0153  	-0.0013  	-0.3757  	-0.3929  	0.56350  	-0.0074  	-0.3904  	-0.8303  	-0.0416  	0.27263  	-0.0902  	0.61840  	0.07284  	-0.2804  	0.90658  	-0.0098  	0.43033  	0.39514  	0.06669  	0.37478  	-0.5369  	-0.5270  	0.01078  	-0.0994  	0.27991  	-0.1298  	-0.1854  	0.51723  	0.37302  	0.32945  	0.08850  	-0.4871  	0.01776  	0.04088  	0.11015  	-0.1890  	0.23733  	0.08936  	-0.0312  	0.00223  	-0.0825  	-0.0168  	-0.1670  	-0.1122  	-0.0555  	0.01209  	-0.0241  	-0.0139  	0.00345  	0.01015  	0.02755  	0.04212  	-0.0487  	-0.0327  	0.02105  	0.03390  	0.01444  	0.20158  	-0.0276  	0.00568  	-0.0014  	0.03522  	0.06434  	0.40137  	267.172  	162.321  	
0.17135  	-0.0201  	-0.5856  	-0.1404  	0.46172  	-0.8007  	-0.2752  	0.05836  	0.04818  	-0.4045  	-0.3658  	0.57601  	0.02728  	-0.3744  	-0.7959  	0.02539  	0.24387  	-0.0930  	0.64484  	0.06034  	-0.2227  	0.91155  	0.05136  	0.40774  	0.30241  	0.07742  	0.33430  	-0.6102  	-0.5927  	-0.0432  	-0.0757  	0.26722  	-0.1056  	-0.1863  	0.53575  	0.31450  	0.38216  	0.11108  	-0.5247  	-0.0072  	0.06026  	0.12133  	-0.1941  	0.23735  	0.08062  	-0.0364  	0.00360  	-0.0722  	-0.0110  	-0.1709  	-0.1349  	-0.0546  	0.01124  	-0.0159  	-0.0092  	0.00206  	0.00144  	0.01540  	0.04051  	-0.0518  	-0.0306  	0.03354  	0.03256  	0.01626  	0.20158  	-0.0276  	0.00568  	-0.0014  	0.03522  	0.06434  	0.40137  	267.172  	162.321  	
0.27231  	-0.0047  	-0.5099  	-0.1077  	0.51661  	-0.7988  	-0.2237  	0.06631  	0.07360  	-0.3045  	-0.3086  	0.66375  	0.04953  	-0.3623  	-0.9088  	0.10227  	0.18680  	-0.0358  	0.63343  	0.16038  	-0.2669  	0.88894  	-0.0208  	0.36567  	0.25719  	0.07942  	0.23934  	-0.5092  	-0.5462  	-0.0692  	-0.0659  	0.24203  	-0.0869  	-0.1783  	0.53219  	0.34152  	0.32728  	0.08916  	-0.5079  	0.01682  	0.06981  	0.12207  	-0.1718  	0.22857  	0.08884  	-0.0391  	0.00105  	-0.0660  	-0.0076  	-0.1730  	-0.1228  	-0.0556  	0.00963  	-0.0235  	-0.0146  	-0.0042  	0.00691  	0.02157  	0.03667  	-0.0476  	-0.0320  	0.03192  	0.03571  	0.01845  	0.20158  	-0.0276  	0.00568  	-0.0014  	0.03522  	0.06434  	0.40137  	267.172  	162.321  	
0.37876  	0.01021  	-0.4541  	0.03035  	0.58420  	-0.6776  	-0.2617  	0.13891  	0.05314  	-0.3203  	-0.3258  	0.71560  	0.06813  	-0.3024  	-0.7808  	0.16034  	0.19085  	-0.0823  	0.65048  	0.15873  	-0.1376  	0.87517  	-0.0863  	0.46642  	0.25237  	0.06678  	0.36312  	-0.5893  	-0.6551  	-0.0875  	-0.0902  	0.28114  	-0.0791  	-0.2048  	0.61630  	0.31998  	0.34916  	0.10767  	-0.5375  	0.02044  	0.00693  	0.12842  	-0.2000  	0.23363  	0.09440  	-0.0342  	-0.0017  	-0.0708  	-0.0075  	-0.1614  	-0.1208  	-0.0586  	0.00832  	-0.0241  	-0.0204  	-0.0002  	0.00861  	0.01963  	0.03852  	-0.0466  	-0.0354  	0.03491  	0.03467  	0.01271  	0.20158  	-0.0276  	0.00568  	-0.0014  	0.03522  	0.06434  	0.40137  	267.172  	162.321  	
0.59624  	0.10342  	-0.4114  	0.27015  	0.75686  	-0.6653  	-0.1842  	0.20782  	0.11202  	-0.3697  	-0.6148  	0.63151  	0.23689  	0.00036  	-0.3334  	-0.0457  	0.21058  	-0.1266  	0.60415  	0.05705  	-0.1920  	0.97923  	-0.0310  	0.47924  	0.29401  	0.04799  	0.41649  	-0.6535  	-0.5657  	-0.0233  	-0.0835  	0.26406  	-0.0566  	-0.1903  	0.64490  	0.22715  	0.33459  	0.06677  	-0.5052  	0.06966  	-0.0144  	0.14220  	-0.1774  	0.24427  	0.08191  	-0.0469  	-0.0023  	-0.0406  	0.01025  	-0.1766  	-0.1230  	-0.0564  	-0.0029  	-0.0255  	-0.0148  	0.00587  	0.00648  	0.00683  	0.03392  	-0.0446  	-0.0270  	0.04223  	0.01873  	0.00793  	0.20158  	-0.0276  	0.00568  	-0.0014  	0.03522  	0.06434  	0.40137  	267.172  	162.321  	
0.65309  	0.18030  	-0.3836  	0.42217  	0.78387  	-0.5524  	-0.1363  	0.24034  	0.13119  	-0.3985  	-0.7448  	0.58066  	0.29689  	0.16770  	-0.2403  	-0.0716  	0.21211  	-0.1311  	0.58669  	0.06226  	-0.2502  	1.03650  	-0.0878  	0.36015  	0.41421  	0.04598  	0.41283  	-0.6590  	-0.4301  	0.05485  	-0.0933  	0.22013  	-0.0606  	-0.1647  	0.58300  	0.21257  	0.26580  	0.04953  	-0.4018  	0.04289  	-0.0070  	0.14060  	-0.1725  	0.25118  	0.08266  	-0.0333  	-0.0207  	-0.0259  	0.01802  	-0.1785  	-0.1218  	-0.0530  	0.00782  	-0.0244  	-0.0125  	0.01493  	-0.0087  	0.01168  	0.03456  	-0.0485  	-0.0283  	0.04595  	0.02010  	0.00497  	0.20158  	-0.0276  	0.00568  	-0.0014  	0.03522  	0.06434  	0.40137  	267.172  	162.321  	
0.68170  	0.16531  	-0.5007  	0.67873  	0.93284  	-0.5643  	-0.1277  	0.28370  	0.13058  	-0.4096  	-0.9589  	0.51114  	0.40601  	0.39036  	-0.0104  	-0.1473  	0.19823  	-0.1445  	0.54668  	-0.0221  	-0.3373  	1.10811  	-0.0641  	0.37043  	0.50662  	0.02863  	0.42059  	-0.6421  	-0.3088  	0.13541  	-0.0952  	0.19886  	-0.0721  	-0.1703  	0.59959  	0.21167  	0.17659  	0.03889  	-0.3727  	0.07791  	-0.0593  	0.14916  	-0.1939  	0.24792  	0.08469  	-0.0285  	-0.0140  	-0.0313  	0.02517  	-0.1826  	-0.1244  	-0.0555  	0.01195  	-0.0277  	-0.0055  	0.02007  	-0.0083  	0.00821  	0.03448  	-0.0370  	-0.0256  	0.05936  	0.02151  	0.00368  	0.20158  	-0.0276  	0.00568  	-0.0014  	0.03522  	0.06434  	0.40137  	267.172  	162.321  	
0.42468  	0.07932  	-0.6185  	0.81805  	1.06083  	-0.7452  	-0.1678  	0.20222  	0.11960  	-0.3109  	-0.6861  	0.66918  	0.28410  	0.38826  	-0.0731  	-0.1216  	0.19734  	-0.1375  	0.56854  	0.11676  	-0.2823  	0.98369  	-0.2083  	0.54609  	0.51798  	0.02532  	0.43095  	-0.5794  	-0.4586  	0.08545  	-0.1014  	0.22253  	-0.0555  	-0.1738  	0.74885  	0.18777  	0.24876  	-0.0023  	-0.4764  	0.09873  	-0.1287  	0.17827  	-0.2586  	0.18525  	0.09167  	-0.0366  	-0.0053  	-0.0649  	-0.0059  	-0.1614  	-0.1272  	-0.0627  	-0.0062  	-0.0243  	-0.0301  	0.01058  	0.00248  	0.00479  	0.03158  	-0.0451  	-0.0305  	0.05521  	0.02160  	-0.0007  	0.20158  	-0.0276  	0.00568  	-0.0014  	0.03522  	0.06434  	0.40137  	267.172  	162.321  	
0.23751  	-0.0414  	-0.6543  	0.42180  	0.88437  	-1.0082  	-0.1602  	0.15656  	0.07797  	-0.2956  	-0.4875  	0.82733  	0.21228  	0.05843  	-0.3784  	-0.0501  	0.14651  	-0.0466  	0.55558  	0.30634  	-0.2679  	0.90909  	-0.1823  	0.45485  	0.30315  	0.03664  	0.24278  	-0.4823  	-0.5016  	-0.0058  	-0.0715  	0.19796  	-0.0222  	-0.1635  	0.65545  	0.21683  	0.21500  	0.03806  	-0.4870  	0.08340  	-0.0664  	0.14152  	-0.2549  	0.21062  	0.09807  	-0.0490  	0.00160  	-0.0659  	-0.0120  	-0.1771  	-0.1335  	-0.0614  	-0.0014  	-0.0224  	-0.0115  	-0.0064  	0.01272  	0.01078  	0.02065  	-0.0464  	-0.0259  	0.04991  	0.03497  	0.01872  	0.20158  	-0.0276  	0.00568  	-0.0014  	0.03522  	0.06434  	0.40137  	267.172  	162.321  	
0.13212  	0.00807  	-0.7128  	0.04132  	0.72701  	-0.9631  	-0.1294  	0.10124  	0.09431  	-0.3097  	-0.3581  	0.80437  	0.12270  	-0.1699  	-0.6291  	-0.0822  	0.18064  	0.05522  	0.56070  	0.25615  	-0.2789  	0.89735  	-0.1225  	0.40076  	0.25061  	0.08692  	0.21023  	-0.4234  	-0.5212  	-0.0534  	-0.0557  	0.16553  	-0.0443  	-0.1376  	0.59558  	0.24992  	0.19114  	0.06140  	-0.4578  	0.00195  	-0.0002  	0.14254  	-0.1945  	0.18597  	0.08254  	-0.0357  	-0.0032  	-0.0675  	-0.0130  	-0.1643  	-0.1121  	-0.0624  	0.00415  	-0.0205  	-0.0205  	0.00258  	0.00873  	0.01450  	0.02443  	-0.0532  	-0.0333  	0.04626  	0.02321  	0.00969  	0.20158  	-0.0276  	0.00568  	-0.0014  	0.03522  	0.06434  	0.40137  	267.172  	162.321  	
0.14205  	0.04509  	-0.6219  	0.05569  	0.62935  	-0.8515  	-0.2635  	0.17662  	0.06355  	-0.4057  	-0.4158  	0.71781  	0.11109  	-0.3109  	-0.5594  	-0.1213  	0.32130  	-0.1664  	0.68133  	-0.0893  	-0.1504  	0.67965  	-0.2644  	0.38434  	0.23291  	0.19107  	0.23888  	-0.6034  	-0.4251  	-0.0555  	0.05911  	0.14892  	-0.1746  	-0.3395  	0.43313  	0.21453  	0.15232  	0.06137  	-0.5683  	-0.0703  	0.10297  	0.26327  	-0.2935  	0.29020  	0.03200  	-0.0064  	-0.0177  	-0.0610  	-0.0305  	-0.1824  	-0.1267  	-0.0489  	0.00456  	-0.0072  	-0.0106  	-0.0003  	0.00588  	0.00530  	0.03627  	-0.0433  	-0.0280  	0.03043  	0.00513  	0.00767  	0.20158  	-0.0276  	0.00568  	-0.0014  	0.03522  	0.06434  	0.40137  	267.172  	162.321  	
0.30909  	0.09239  	-0.4873  	0.12883  	0.61761  	-0.7690  	-0.2811  	0.24337  	0.06241  	-0.5118  	-0.5783  	0.71661  	0.20826  	-0.2686  	-0.3398  	-0.2162  	0.42736  	-0.3364  	0.72847  	-0.3445  	-0.1106  	0.50622  	-0.4327  	0.38431  	0.15516  	0.28386  	0.28249  	-0.6927  	-0.3512  	-0.0526  	0.13562  	0.11050  	-0.2330  	-0.4635  	0.38658  	0.16833  	0.11930  	0.07268  	-0.6697  	-0.1501  	0.19687  	0.34158  	-0.3761  	0.39102  	-0.0288  	0.00366  	-0.0294  	-0.0193  	-0.0385  	-0.1990  	-0.1265  	-0.0424  	0.01452  	0.00646  	-0.0052  	-0.0024  	-0.0047  	-0.0034  	0.03846  	-0.0339  	-0.0217  	0.03175  	-0.0116  	0.01242  	0.20158  	-0.0276  	0.00568  	-0.0014  	0.03522  	0.06434  	0.40137  	267.172  	162.321  	
0.21529  	0.07290  	-0.4885  	0.05890  	0.58477  	-0.8709  	-0.3134  	0.20382  	0.02957  	-0.4413  	-0.5188  	0.66067  	0.20629  	-0.3873  	-0.5292  	-0.2607  	0.41270  	-0.3335  	0.75052  	-0.3601  	-0.2012  	0.44787  	-0.5135  	0.28689  	0.15112  	0.30092  	0.16912  	-0.6000  	-0.2362  	-0.0913  	0.17362  	0.11141  	-0.2433  	-0.4816  	0.30759  	0.20067  	0.04568  	0.07217  	-0.6652  	-0.1230  	0.27137  	0.34763  	-0.3878  	0.41538  	-0.0367  	0.00149  	-0.0482  	-0.0219  	-0.0460  	-0.1929  	-0.1208  	-0.0441  	0.01356  	0.01105  	-0.0028  	-0.0054  	-0.0046  	-0.0066  	0.03694  	-0.0287  	-0.0140  	0.03441  	-0.0069  	0.01578  	0.20158  	-0.0276  	0.00568  	-0.0014  	0.03522  	0.06434  	0.40137  	267.172  	162.321  	
0.28536  	0.06660  	-0.5126  	-0.0191  	0.55296  	-0.8411  	-0.2888  	0.17735  	0.03356  	-0.4049  	-0.4151  	0.67303  	0.16336  	-0.4206  	-0.6636  	-0.1406  	0.38307  	-0.2991  	0.73354  	-0.3061  	-0.1826  	0.46942  	-0.4862  	0.32015  	0.15614  	0.25567  	0.20698  	-0.5984  	-0.3094  	-0.0885  	0.15821  	0.13409  	-0.2371  	-0.4669  	0.36266  	0.24627  	0.08351  	0.07151  	-0.6496  	-0.1136  	0.23255  	0.34913  	-0.3643  	0.38413  	-0.0202  	0.00380  	-0.0414  	-0.0295  	-0.0370  	-0.1915  	-0.1194  	-0.0459  	0.00730  	0.00716  	-0.0051  	0.00036  	0.00118  	-0.0034  	0.04287  	-0.0304  	-0.0205  	0.03114  	0.00089  	0.01324  	0.20158  	-0.0276  	0.00568  	-0.0014  	0.03522  	0.06434  	0.40137  	267.172  	162.321  	
0.27919  	0.07332  	-0.4884  	-0.0615  	0.52299  	-0.8482  	-0.2594  	0.16488  	0.06673  	-0.3390  	-0.2961  	0.68691  	0.08899  	-0.2978  	-0.7331  	-0.0248  	0.28209  	-0.1902  	0.69330  	-0.1597  	-0.1567  	0.66880  	-0.2414  	0.34405  	0.14005  	0.17307  	0.24724  	-0.6421  	-0.4539  	-0.0899  	0.05565  	0.18331  	-0.1505  	-0.3377  	0.48417  	0.26074  	0.22906  	0.08765  	-0.6203  	-0.0880  	0.14601  	0.25504  	-0.2937  	0.31949  	0.02526  	-0.0202  	-0.0182  	-0.0476  	-0.0263  	-0.1829  	-0.1236  	-0.0543  	0.00802  	0.00077  	-0.0096  	-0.0032  	-0.0026  	0.00483  	0.03677  	-0.0358  	-0.0247  	0.04174  	0.01851  	0.01209  	0.20158  	-0.0276  	0.00568  	-0.0014  	0.03522  	0.06434  	0.40137  	267.172  	162.321  	
0.23101  	0.02133  	-0.5239  	-0.1506  	0.46277  	-0.8692  	-0.2457  	0.06330  	0.06490  	-0.3017  	-0.1974  	0.66470  	0.02341  	-0.3291  	-0.9585  	0.06812  	0.20499  	-0.0141  	0.61437  	0.10810  	-0.2310  	0.85650  	0.02197  	0.35767  	0.18650  	0.07500  	0.24287  	-0.5185  	-0.5501  	-0.0691  	-0.0638  	0.23374  	-0.0658  	-0.1922  	0.55276  	0.30766  	0.33532  	0.09443  	-0.5104  	-0.0101  	0.07154  	0.13126  	-0.1729  	0.22476  	0.08874  	-0.0349  	0.00428  	-0.0631  	-0.0093  	-0.1743  	-0.1243  	-0.0584  	0.00986  	-0.0201  	-0.0128  	-0.0038  	0.00528  	0.01828  	0.03513  	-0.0472  	-0.0308  	0.04687  	0.04253  	0.01813  	0.20158  	-0.0276  	0.00568  	-0.0014  	0.03522  	0.06434  	0.40137  	267.172  	162.321  	
0.23249  	0.02612  	-0.5145  	-0.1906  	0.45514  	-0.8420  	-0.2305  	0.05895  	0.06939  	-0.3136  	-0.2203  	0.63609  	0.02901  	-0.3182  	-0.9883  	0.06664  	0.20029  	-0.0471  	0.63007  	0.10190  	-0.2216  	0.87054  	0.03078  	0.36675  	0.22066  	0.07774  	0.24939  	-0.5304  	-0.5529  	-0.0598  	-0.0605  	0.22982  	-0.0848  	-0.1860  	0.53345  	0.32877  	0.35954  	0.09701  	-0.5166  	-0.0136  	0.07007  	0.11994  	-0.1678  	0.22050  	0.09303  	-0.0372  	0.00409  	-0.0625  	-0.0048  	-0.1695  	-0.1245  	-0.0597  	0.00861  	-0.0195  	-0.0124  	-0.0055  	0.00376  	0.02130  	0.03655  	-0.0469  	-0.0353  	0.03962  	0.04311  	0.01551  	0.20158  	-0.0276  	0.00568  	-0.0014  	0.03522  	0.06434  	0.40137  	267.172  	162.321  	
0.25183  	0.03561  	-0.5366  	-0.1657  	0.45711  	-0.8066  	-0.2297  	0.08202  	0.07185  	-0.3562  	-0.2679  	0.61586  	0.04453  	-0.2796  	-0.8523  	-0.0050  	0.20663  	-0.0504  	0.62657  	0.10793  	-0.1868  	0.87879  	0.03640  	0.35722  	0.20979  	0.08879  	0.22876  	-0.5597  	-0.5701  	-0.0845  	-0.0467  	0.22163  	-0.0814  	-0.1859  	0.54576  	0.29461  	0.35385  	0.10440  	-0.5228  	-0.0147  	0.07315  	0.11646  	-0.1673  	0.22332  	0.08859  	-0.0386  	0.00802  	-0.0765  	-0.0161  	-0.1653  	-0.1261  	-0.0562  	0.00747  	-0.0212  	-0.0156  	-0.0046  	0.00440  	0.01994  	0.03634  	-0.0495  	-0.0336  	0.04314  	0.04008  	0.01541  	0.20158  	-0.0276  	0.00568  	-0.0014  	0.03522  	0.06434  	0.40137  	267.172  	162.321  	
0.30571  	0.05045  	-0.5232  	-0.1176  	0.48875  	-0.7967  	-0.2349  	0.12368  	0.08290  	-0.4016  	-0.2905  	0.62349  	0.04499  	-0.2491  	-0.7143  	-0.0356  	0.19707  	-0.0657  	0.62629  	0.09298  	-0.1300  	0.89338  	0.03482  	0.36152  	0.19490  	0.08820  	0.24114  	-0.6189  	-0.6117  	-0.0861  	-0.0462  	0.23919  	-0.0531  	-0.1781  	0.57795  	0.24030  	0.36914  	0.11758  	-0.5275  	-0.0218  	0.08141  	0.11467  	-0.1786  	0.21816  	0.08704  	-0.0391  	0.00702  	-0.0813  	-0.0239  	-0.1692  	-0.1355  	-0.0526  	0.00965  	-0.0224  	-0.0184  	-0.0069  	0.00365  	0.02015  	0.03203  	-0.0516  	-0.0274  	0.04604  	0.03748  	0.01432  	0.20158  	-0.0276  	0.00568  	-0.0014  	0.03522  	0.06434  	0.40137  	267.172  	162.321  	
0.42197  	0.10556  	-0.4386  	-0.0283  	0.49725  	-0.7582  	-0.2132  	0.20200  	0.13529  	-0.4434  	-0.2957  	0.64419  	0.09057  	-0.1260  	-0.5507  	0.00551  	0.22018  	-0.0839  	0.60740  	0.03351  	-0.0386  	0.88814  	0.06018  	0.41900  	0.17258  	0.08222  	0.29320  	-0.7426  	-0.6923  	-0.1018  	-0.0401  	0.25484  	-0.0366  	-0.1775  	0.63520  	0.15743  	0.41970  	0.15088  	-0.5641  	-0.0219  	0.07052  	0.10843  	-0.1812  	0.22557  	0.07583  	-0.0330  	0.00851  	-0.0817  	-0.0219  	-0.1587  	-0.1438  	-0.0481  	0.01031  	-0.0149  	-0.0167  	-0.0047  	-0.0156  	0.01552  	0.03819  	-0.0487  	-0.0204  	0.05133  	0.02528  	0.00639  	0.20158  	-0.0276  	0.00568  	-0.0014  	0.03522  	0.06434  	0.40137  	267.172  	162.321  	
0.54149  	0.17380  	-0.3696  	0.05745  	0.49583  	-0.6712  	-0.2116  	0.28166  	0.19131  	-0.4844  	-0.2648  	0.67481  	0.12142  	-0.0166  	-0.5026  	0.03877  	0.24313  	-0.1393  	0.59426  	-0.0004  	0.07933  	0.90822  	0.09041  	0.43616  	0.14807  	0.06919  	0.36977  	-0.8138  	-0.7996  	-0.1041  	-0.0558  	0.26595  	-0.0236  	-0.1870  	0.68309  	0.09724  	0.49305  	0.16811  	-0.5925  	-0.0618  	0.03352  	0.10090  	-0.1792  	0.22255  	0.07282  	-0.0308  	0.00382  	-0.0737  	-0.0176  	-0.1543  	-0.1432  	-0.0533  	0.00899  	-0.0151  	-0.0220  	0.01105  	-0.0137  	0.01537  	0.03391  	-0.0483  	-0.0202  	0.05755  	0.02105  	0.00606  	0.20158  	-0.0276  	0.00568  	-0.0014  	0.03522  	0.06434  	0.40137  	267.172  	162.321  	
0.63811  	0.18257  	-0.3169  	0.11680  	0.53637  	-0.5859  	-0.1962  	0.32002  	0.19741  	-0.5041  	-0.3322  	0.68330  	0.15661  	0.04492  	-0.4434  	0.09139  	0.25672  	-0.1599  	0.60636  	0.00027  	0.05736  	0.93989  	0.11031  	0.50281  	0.20989  	0.06409  	0.43067  	-0.8331  	-0.7840  	-0.0797  	-0.0671  	0.26354  	-0.0256  	-0.1899  	0.69686  	0.10861  	0.49115  	0.15557  	-0.5565  	-0.0597  	-0.0114  	0.11299  	-0.1754  	0.22286  	0.07481  	-0.0333  	-0.0017  	-0.0544  	-0.0032  	-0.1595  	-0.1363  	-0.0516  	0.00847  	-0.0171  	-0.0202  	0.01423  	-0.0120  	0.01720  	0.02977  	-0.0441  	-0.0239  	0.05357  	0.03231  	0.00999  	0.20158  	-0.0276  	0.00568  	-0.0014  	0.03522  	0.06434  	0.40137  	267.172  	162.321  	
0.68825  	0.16822  	-0.2496  	0.17899  	0.61130  	-0.5517  	-0.1659  	0.30326  	0.19182  	-0.4102  	-0.5140  	0.60024  	0.24690  	0.09416  	-0.5234  	0.04192  	0.24320  	-0.1276  	0.61005  	0.01838  	-0.1261  	0.97929  	0.01190  	0.39606  	0.36483  	0.04167  	0.39317  	-0.6947  	-0.6208  	-0.0164  	-0.0750  	0.23832  	-0.0359  	-0.1779  	0.58639  	0.19833  	0.36775  	0.10280  	-0.4627  	-0.0093  	0.02243  	0.11136  	-0.1432  	0.24046  	0.07952  	-0.0361  	-0.0208  	-0.0215  	0.01622  	-0.1664  	-0.1244  	-0.0576  	0.00763  	-0.0208  	-0.0179  	0.02600  	-0.0061  	0.01089  	0.03319  	-0.0409  	-0.0232  	0.04817  	0.03257  	0.01056  	0.20158  	-0.0276  	0.00568  	-0.0014  	0.03522  	0.06434  	0.40137  	267.172  	162.321  	
0.62046  	0.14641  	-0.4146  	0.30097  	0.73391  	-0.6152  	-0.1207  	0.23800  	0.17631  	-0.3539  	-0.6550  	0.62671  	0.28454  	0.19782  	-0.3911  	-0.0734  	0.22825  	-0.1303  	0.57964  	0.08807  	-0.1810  	0.98585  	-0.0278  	0.37717  	0.41082  	0.01746  	0.41981  	-0.6342  	-0.5044  	0.01872  	-0.0893  	0.21214  	-0.0490  	-0.1701  	0.60755  	0.22768  	0.29346  	0.06769  	-0.4523  	0.05046  	0.01157  	0.13397  	-0.1714  	0.23997  	0.08751  	-0.0345  	-0.0103  	-0.0306  	0.01425  	-0.1704  	-0.1231  	-0.0603  	0.00743  	-0.0253  	-0.0188  	0.02346  	0.00112  	0.01226  	0.03436  	-0.0408  	-0.0249  	0.05254  	0.02609  	0.00876  	0.20158  	-0.0276  	0.00568  	-0.0014  	0.03522  	0.06434  	0.40137  	267.172  	162.321  	
0.33722  	0.01727  	-0.5433  	0.27882  	0.76373  	-0.7440  	-0.1972  	0.14436  	0.07770  	-0.4214  	-0.5600  	0.77677  	0.14924  	-0.0486  	-0.3979  	-0.0171  	0.23090  	-0.0850  	0.62161  	0.09301  	-0.1777  	0.95920  	-0.0039  	0.45288  	0.28177  	0.05921  	0.35558  	-0.5931  	-0.5599  	-0.0191  	-0.0642  	0.23970  	-0.0726  	-0.1862  	0.59604  	0.17485  	0.34528  	0.08664  	-0.4993  	0.02808  	0.00298  	0.12206  	-0.1861  	0.23874  	0.08771  	-0.0360  	-0.0064  	-0.0710  	-0.0005  	-0.1756  	-0.1273  	-0.0612  	0.00397  	-0.0294  	-0.0183  	0.01076  	0.00331  	0.01015  	0.05021  	-0.0317  	-0.0322  	0.05095  	0.01900  	0.00806  	0.20158  	-0.0276  	0.00568  	-0.0014  	0.03522  	0.06434  	0.40137  	267.172  	162.321  	
0.44917  	0.08965  	-0.4347  	0.09211  	0.59927  	-0.6286  	-0.2162  	0.17776  	0.10070  	-0.4530  	-0.4139  	0.67558  	0.11320  	-0.1051  	-0.4843  	-0.0201  	0.26762  	-0.1499  	0.62610  	0.03861  	-0.0569  	0.96137  	0.07626  	0.51673  	0.25655  	0.06378  	0.43154  	-0.7515  	-0.6929  	-0.0771  	-0.0873  	0.27098  	-0.0663  	-0.1894  	0.65505  	0.20876  	0.44524  	0.13481  	-0.5341  	-0.0080  	0.03006  	0.11347  	-0.1796  	0.23797  	0.07639  	-0.0401  	0.00025  	-0.0603  	-0.0025  	-0.1775  	-0.1399  	-0.0482  	0.01086  	-0.0209  	-0.0187  	0.00430  	-0.0122  	0.01775  	0.03769  	-0.0390  	-0.0262  	0.03982  	0.03718  	0.01376  	0.20158  	-0.0276  	0.00568  	-0.0014  	0.03522  	0.06434  	0.40137  	267.172  	162.321  	
0.51651  	0.08750  	-0.3831  	-0.0511  	0.50688  	-0.7194  	-0.2176  	0.23917  	0.13730  	-0.4041  	-0.2342  	0.76055  	0.09535  	-0.2528  	-0.8081  	0.14800  	0.19751  	-0.0638  	0.63169  	0.21187  	-0.0809  	0.85242  	-0.0262  	0.38605  	0.27242  	0.02340  	0.31042  	-0.5646  	-0.6487  	-0.0716  	-0.0688  	0.23589  	-0.0253  	-0.1787  	0.62197  	0.24189  	0.41950  	0.11851  	-0.5359  	-0.0036  	0.04745  	0.10534  	-0.1926  	0.23504  	0.08473  	-0.0291  	-0.0049  	-0.0588  	-0.0075  	-0.1722  	-0.1274  	-0.0581  	0.00813  	-0.0249  	-0.0177  	0.01247  	-0.0007  	0.01470  	0.02533  	-0.0464  	-0.0280  	0.04507  	0.04274  	0.00705  	0.20158  	-0.0276  	0.00568  	-0.0014  	0.03522  	0.06434  	0.40137  	267.172  	162.321  	
0.55120  	0.11017  	-0.3195  	-0.1227  	0.47883  	-0.6937  	-0.2078  	0.28434  	0.17184  	-0.3584  	-0.2452  	0.73832  	0.09945  	-0.1375  	-0.8477  	0.20941  	0.17609  	-0.0564  	0.63712  	0.20657  	-0.0191  	0.86540  	-0.0635  	0.34507  	0.28937  	0.02115  	0.30784  	-0.6345  	-0.6853  	-0.0850  	-0.0584  	0.25694  	-0.0291  	-0.1812  	0.60692  	0.21886  	0.40607  	0.14447  	-0.4984  	-0.0479  	0.04254  	0.10049  	-0.1489  	0.21237  	0.06966  	-0.0362  	0.00117  	-0.0486  	-0.0008  	-0.1726  	-0.1265  	-0.0539  	0.00937  	-0.0113  	-0.0234  	0.00752  	-0.0051  	0.01523  	0.03817  	-0.0348  	-0.0342  	0.04563  	0.04648  	0.00936  	0.20158  	-0.0276  	0.00568  	-0.0014  	0.03522  	0.06434  	0.40137  	267.172  	162.321  	
0.24140  	0.01990  	-0.4252  	-0.1182  	0.48685  	-0.7492  	-0.2708  	0.19158  	0.10409  	-0.3424  	-0.2748  	0.59811  	0.05138  	-0.2127  	-0.8373  	0.06913  	0.21681  	-0.0885  	0.65115  	0.10867  	-0.0678  	0.89468  	0.02096  	0.45144  	0.28895  	0.03134  	0.38088  	-0.7503  	-0.7179  	-0.0899  	-0.0742  	0.27663  	-0.0593  	-0.2024  	0.58692  	0.24604  	0.42520  	0.15526  	-0.5552  	-0.0109  	0.03387  	0.09808  	-0.1738  	0.22140  	0.07611  	-0.0413  	0.00066  	-0.0661  	-0.0042  	-0.1748  	-0.1205  	-0.0574  	0.00873  	-0.0146  	-0.0294  	0.00732  	7.23658  	0.01290  	0.04005  	-0.0438  	-0.0273  	0.03442  	0.03489  	0.00603  	0.20158  	-0.0276  	0.00568  	-0.0014  	0.03522  	0.06434  	0.40137  	267.172  	162.321  	
0.23602  	0.02294  	-0.5410  	-0.2043  	0.48988  	-0.8026  	-0.2996  	0.04850  	0.05991  	-0.3873  	-0.2690  	0.62110  	0.01420  	-0.3924  	-0.8882  	0.05323  	0.20977  	-0.0792  	0.67827  	0.05936  	-0.1710  	0.88625  	0.06505  	0.39966  	0.25960  	0.06984  	0.33476  	-0.6509  	-0.6252  	-0.0790  	-0.0810  	0.25939  	-0.0872  	-0.1878  	0.55927  	0.29595  	0.40786  	0.11742  	-0.5291  	-0.0090  	0.05282  	0.12093  	-0.1808  	0.22194  	0.08545  	-0.0321  	-5.0695  	-0.0674  	-0.0169  	-0.1604  	-0.1363  	-0.0574  	0.00363  	-0.0173  	-0.0205  	0.00205  	-0.0025  	0.02275  	0.04694  	-0.0572  	-0.0348  	0.04294  	0.02920  	0.00501  	0.20158  	-0.0276  	0.00568  	-0.0014  	0.03522  	0.06434  	0.40137  	267.172  	162.321  	
0.21677  	-0.0197  	-0.5357  	-0.1500  	0.48790  	-0.8280  	-0.2592  	0.05996  	0.06192  	-0.2684  	-0.2425  	0.67138  	0.02013  	-0.3967  	-0.9860  	0.10021  	0.20354  	-0.0350  	0.66818  	0.10673  	-0.2569  	0.87655  	0.00288  	0.39776  	0.26249  	0.06341  	0.28771  	-0.5460  	-0.5710  	-0.0713  	-0.0676  	0.25271  	-0.0979  	-0.1934  	0.53966  	0.34520  	0.36311  	0.09333  	-0.5221  	0.00462  	0.07754  	0.11070  	-0.1754  	0.23347  	0.08656  	-0.0357  	0.00251  	-0.0665  	-0.0061  	-0.1734  	-0.1205  	-0.0599  	0.00962  	-0.0210  	-0.0128  	-0.0027  	0.00378  	0.02126  	0.04070  	-0.0429  	-0.0305  	0.03296  	0.03596  	0.01176  	0.20158  	-0.0276  	0.00568  	-0.0014  	0.03522  	0.06434  	0.40137  	267.172  	162.321  	
0.19534  	-0.0019  	-0.4998  	-0.1921  	0.47509  	-0.8494  	-0.2420  	0.04711  	0.07072  	-0.2371  	-0.2250  	0.67252  	0.00198  	-0.4371  	-1.0738  	0.14431  	0.19723  	0.00975  	0.63977  	0.16730  	-0.3073  	0.86522  	-0.0837  	0.34609  	0.27376  	0.08033  	0.20814  	-0.4780  	-0.5171  	-0.0733  	-0.0668  	0.24735  	-0.0697  	-0.1854  	0.52103  	0.34656  	0.30068  	0.07534  	-0.4872  	0.01516  	0.09239  	0.11656  	-0.1483  	0.22732  	0.09138  	-0.0374  	-0.0009  	-0.0648  	-3.1192  	-0.1737  	-0.1188  	-0.0625  	0.00535  	-0.0226  	-0.0065  	-0.0006  	0.00850  	0.01778  	0.03293  	-0.0473  	-0.0295  	0.03801  	0.03416  	0.01869  	0.20158  	-0.0276  	0.00568  	-0.0014  	0.03522  	0.06434  	0.40137  	267.172  	162.321  	
0.10054  	-0.0140  	-0.5939  	-0.2241  	0.43726  	-0.8837  	-0.2324  	0.03133  	0.04724  	-0.2247  	-0.2985  	0.64852  	-0.0005  	-0.4057  	-0.9780  	0.03211  	0.20598  	0.00943  	0.63350  	0.17158  	-0.3518  	0.87524  	-0.0256  	0.31928  	0.28203  	0.09793  	0.19257  	-0.4249  	-0.4559  	-0.0749  	-0.0596  	0.22903  	-0.0950  	-0.1817  	0.46684  	0.34108  	0.24271  	0.08017  	-0.4716  	0.02714  	0.09667  	0.10573  	-0.1555  	0.24032  	0.08432  	-0.0406  	0.00709  	-0.0716  	-0.0122  	-0.1688  	-0.1226  	-0.0582  	0.00887  	-0.0183  	-0.0121  	-0.0084  	0.00658  	0.02034  	0.03968  	-0.0425  	-0.0286  	0.03944  	0.03196  	0.01656  	0.20158  	-0.0276  	0.00568  	-0.0014  	0.03522  	0.06434  	0.40137  	267.172  	162.321  	
-0.0545  	-0.0169  	-0.6434  	-0.2831  	0.38047  	-0.9579  	-0.2513  	-0.0030  	0.03805  	-0.2558  	-0.2946  	0.61042  	-0.0218  	-0.4258  	-0.9991  	-0.0303  	0.25976  	-0.0483  	0.63195  	0.12817  	-0.2754  	0.84551  	0.02539  	0.38024  	0.27628  	0.09699  	0.26593  	-0.5561  	-0.5149  	-0.0785  	-0.0517  	0.22547  	-0.1014  	-0.1785  	0.49027  	0.33074  	0.29154  	0.08340  	-0.5048  	-0.0042  	0.10508  	0.10451  	-0.1692  	0.22717  	0.09422  	-0.0332  	0.00901  	-0.0909  	-0.0204  	-0.1599  	-0.1246  	-0.0569  	0.00606  	-0.0171  	-0.0182  	-0.0060  	0.00719  	0.01969  	0.04331  	-0.0503  	-0.0269  	0.04069  	0.03619  	0.01100  	0.20158  	-0.0276  	0.00568  	-0.0014  	0.03522  	0.06434  	0.40137  	267.172  	162.321  	
-0.1497  	-0.0267  	-0.6566  	-0.4501  	0.33303  	-0.9279  	-0.2533  	-0.0912  	0.04185  	-0.2176  	-0.3372  	0.55470  	-0.0878  	-0.5313  	-1.0272  	-0.0741  	0.24710  	0.00104  	0.61365  	0.10784  	-0.3848  	0.83698  	0.09850  	0.31129  	0.28251  	0.14017  	0.17551  	-0.5170  	-0.4601  	-0.0702  	-0.0139  	0.21606  	-0.1075  	-0.1751  	0.38658  	0.34084  	0.26716  	0.06917  	-0.4656  	0.00601  	0.14567  	0.08796  	-0.1760  	0.24646  	0.09545  	-0.0422  	0.00596  	-0.0823  	-0.0389  	-0.1610  	-0.1348  	-0.0540  	0.01415  	-0.0272  	-0.0176  	-0.0096  	-0.0050  	0.02099  	0.03736  	-0.0406  	-0.0262  	0.03948  	0.03642  	0.01792  	0.20158  	-0.0276  	0.00568  	-0.0014  	0.03522  	0.06434  	0.40137  	267.172  	162.321  	
-0.2840  	-0.0912  	-0.7132  	-0.5298  	0.29714  	-1.0941  	-0.2456  	-0.0242  	0.03999  	-0.1532  	-0.2313  	0.62551  	0.03752  	-0.4833  	-1.1523  	-0.0751  	0.21940  	0.03949  	0.62031  	0.13248  	-0.4262  	0.83486  	0.09965  	0.23959  	0.18360  	0.13996  	0.08751  	-0.4419  	-0.4328  	-0.0865  	0.00702  	0.19123  	-0.0775  	-0.1593  	0.33444  	0.34137  	0.18645  	0.07218  	-0.4435  	-0.0056  	0.16849  	0.09364  	-0.1321  	0.24759  	0.08998  	-0.0462  	0.00306  	-0.0671  	-0.0238  	-0.1651  	-0.1403  	-0.0540  	0.00099  	-0.0175  	-0.0106  	-0.0054  	-0.0001  	0.01962  	0.03502  	-0.0467  	-0.0186  	0.05160  	0.03920  	0.01670  	0.20158  	-0.0276  	0.00568  	-0.0014  	0.03522  	0.06434  	0.40137  	267.172  	162.321  	
-0.3036  	-0.0719  	-0.7804  	-0.5485  	0.33285  	-1.2373  	-0.2599  	-0.0497  	0.01120  	-0.1448  	-0.1533  	0.59316  	0.03832  	-0.4913  	-1.1332  	-0.1205  	0.19007  	0.02369  	0.61474  	0.16796  	-0.3587  	0.89132  	0.04208  	0.26081  	0.21400  	0.13047  	0.12929  	-0.4553  	-0.4581  	-0.1017  	0.01623  	0.17385  	-0.0737  	-0.1655  	0.37411  	0.33796  	0.19490  	0.07028  	-0.4448  	-0.0072  	0.14756  	0.09740  	-0.1611  	0.23317  	0.09285  	-0.0454  	0.00581  	-0.0648  	-0.0279  	-0.1627  	-0.1342  	-0.0531  	0.00652  	-0.0218  	-0.0198  	-0.0092  	-0.0022  	0.01973  	0.03780  	-0.0404  	-0.0261  	0.04911  	0.03299  	0.01377  	0.20158  	-0.0276  	0.00568  	-0.0014  	0.03522  	0.06434  	0.40137  	267.172  	162.321  	
-0.2295  	-0.0226  	-0.6125  	-0.5966  	0.33852  	-1.2343  	-0.2371  	0.07620  	-0.0011  	-0.1944  	-0.0890  	0.49937  	0.04864  	-0.4575  	-1.0665  	-0.2029  	0.29291  	-0.2035  	0.65846  	-0.0800  	-0.2202  	0.70053  	-0.2291  	0.35443  	0.17092  	0.23849  	0.19630  	-0.6352  	-0.4430  	-0.1437  	0.11148  	0.13849  	-0.1475  	-0.3444  	0.33591  	0.27415  	0.18905  	0.07130  	-0.5856  	-0.1299  	0.21287  	0.24855  	-0.3109  	0.30311  	0.03203  	-0.0205  	-0.0124  	-0.0414  	-0.0388  	-0.1752  	-0.1392  	-0.0461  	0.01330  	-0.0032  	-0.0180  	-0.0178  	-0.0051  	0.00493  	0.04228  	-0.0356  	-0.0197  	0.04964  	0.01112  	0.01601  	0.20158  	-0.0276  	0.00568  	-0.0014  	0.03522  	0.06434  	0.40137  	267.172  	162.321  	
-0.1603  	-0.0345  	-0.5704  	-0.3862  	0.38976  	-1.1121  	-0.2775  	0.13635  	0.00518  	-0.3415  	-0.2218  	0.58001  	0.08338  	-0.5259  	-0.8998  	-0.1926  	0.40003  	-0.3424  	0.75940  	-0.3654  	-0.1896  	0.48173  	-0.3720  	0.34708  	0.11453  	0.31828  	0.22530  	-0.6896  	-0.3325  	-0.1121  	0.20632  	0.11134  	-0.2443  	-0.4820  	0.28358  	0.24962  	0.10846  	0.06724  	-0.6809  	-0.1561  	0.28451  	0.34708  	-0.3867  	0.39295  	-0.0151  	-0.0049  	-0.0373  	-0.0394  	-0.0532  	-0.1898  	-0.1235  	-0.0490  	0.00458  	0.00901  	-0.0089  	-0.0096  	-0.0007  	-0.0031  	0.03454  	-0.0338  	-0.0139  	0.04274  	0.00544  	0.01955  	0.20158  	-0.0276  	0.00568  	-0.0014  	0.03522  	0.06434  	0.40137  	267.172  	162.321  	
0.18970  	0.02012  	-0.5110  	-0.0750  	0.53725  	-0.9112  	-0.3307  	0.18842  	0.01543  	-0.3447  	-0.3982  	0.70089  	0.14944  	-0.5698  	-0.8142  	-0.0337  	0.41545  	-0.3137  	0.76639  	-0.3343  	-0.2318  	0.38062  	-0.5380  	0.30657  	0.10302  	0.30078  	0.17045  	-0.6048  	-0.2822  	-0.1194  	0.20328  	0.11790  	-0.2573  	-0.5166  	0.30240  	0.27024  	0.00740  	0.04846  	-0.6663  	-0.1133  	0.24811  	0.35316  	-0.3885  	0.41006  	-0.0357  	0.00593  	-0.0373  	-0.0209  	-0.0404  	-0.1985  	-0.1070  	-0.0484  	0.01403  	0.00939  	-0.0001  	-0.0105  	0.00266  	-0.0065  	0.03879  	-0.0288  	-0.0186  	0.03321  	0.00089  	0.02268  	0.20158  	-0.0276  	0.00568  	-0.0014  	0.03522  	0.06434  	0.40137  	267.172  	162.321  	
0.19441  	0.04692  	-0.4096  	-0.0355  	0.56150  	-0.9194  	-0.2870  	0.17914  	0.03340  	-0.2698  	-0.3022  	0.68098  	0.11286  	-0.5249  	-0.8429  	0.03735  	0.36727  	-0.2800  	0.77714  	-0.2885  	-0.2041  	0.47477  	-0.5509  	0.33867  	0.23314  	0.25692  	0.24451  	-0.6126  	-0.3148  	-0.0807  	0.13371  	0.14702  	-0.2719  	-0.4890  	0.36219  	0.32263  	0.09765  	0.08124  	-0.6867  	-0.1240  	0.20362  	0.34893  	-0.3756  	0.38728  	-0.0233  	0.00322  	-0.0459  	-0.0235  	-0.0361  	-0.1931  	-0.0988  	-0.0528  	0.01100  	0.00454  	0.00421  	-0.0019  	0.00457  	-0.0007  	0.04086  	-0.0274  	-0.0205  	0.02268  	0.00334  	0.01677  	0.20158  	-0.0276  	0.00568  	-0.0014  	0.03522  	0.06434  	0.40137  	267.172  	162.321  	
0.13830  	-0.0239  	-0.5745  	-0.0933  	0.52358  	-0.8582  	-0.2908  	0.05313  	-0.0042  	-0.3690  	-0.3480  	0.60195  	0.03964  	-0.5171  	-0.8326  	-0.0151  	0.34953  	-0.2072  	0.71250  	-0.1621  	-0.2455  	0.64951  	-0.2960  	0.37114  	0.31885  	0.15080  	0.30768  	-0.5721  	-0.4061  	-0.0227  	0.03051  	0.21570  	-0.2213  	-0.3516  	0.42023  	0.36970  	0.20710  	0.09416  	-0.5908  	-0.0718  	0.14353  	0.22714  	-0.2898  	0.32106  	0.02379  	-0.0147  	-0.0302  	-0.0607  	-0.0281  	-0.1764  	-0.1080  	-0.0477  	0.01331  	-0.0043  	-0.0050  	0.00147  	0.00358  	0.01482  	0.03903  	-0.0363  	-0.0214  	0.02010  	0.02893  	0.01475  	0.20158  	-0.0276  	0.00568  	-0.0014  	0.03522  	0.06434  	0.40137  	267.172  	162.321  	
0.15498  	-0.0261  	-0.6194  	-0.1217  	0.48647  	-0.8012  	-0.2460  	0.00455  	0.03662  	-0.3981  	-0.3914  	0.55511  	0.02302  	-0.4131  	-0.7999  	-0.0432  	0.26912  	-0.0677  	0.63215  	0.06971  	-0.2597  	0.89887  	0.01762  	0.37361  	0.32902  	0.08001  	0.31415  	-0.5618  	-0.5348  	-0.0308  	-0.0667  	0.26577  	-0.1245  	-0.1739  	0.50774  	0.32705  	0.33899  	0.11218  	-0.5036  	-0.0070  	0.08002  	0.09959  	-0.1713  	0.23306  	0.08935  	-0.0411  	0.00329  	-0.0908  	-0.0172  	-0.1738  	-0.1289  	-0.0520  	0.00863  	-0.0165  	-0.0092  	-0.0043  	0.00463  	0.02369  	0.04145  	-0.0546  	-0.0309  	0.03143  	0.03495  	0.01313  	0.20158  	-0.0276  	0.00568  	-0.0014  	0.03522  	0.06434  	0.40137  	267.172  	162.321  	
0.22235  	0.00278  	-0.5794  	-0.1099  	0.51641  	-0.7902  	-0.2468  	0.06104  	0.04988  	-0.4015  	-0.3753  	0.62418  	0.04838  	-0.3002  	-0.7825  	0.02232  	0.21080  	-0.0602  	0.63044  	0.08832  	-0.2332  	0.89463  	0.00383  	0.34659  	0.26990  	0.06698  	0.26960  	-0.5748  	-0.5508  	-0.0493  	-0.0590  	0.25510  	-0.0890  	-0.1754  	0.53920  	0.31253  	0.33793  	0.11310  	-0.5136  	-0.0012  	0.06965  	0.11280  	-0.1739  	0.22024  	0.08213  	-0.0424  	0.00554  	-0.0766  	-0.0133  	-0.1760  	-0.1318  	-0.0551  	0.00543  	-0.0152  	-0.0119  	-0.0056  	0.00713  	0.02025  	0.04162  	-0.0480  	-0.0313  	0.03693  	0.03722  	0.01362  	0.20158  	-0.0276  	0.00568  	-0.0014  	0.03522  	0.06434  	0.40137  	267.172  	162.321  	
0.23754  	0.01226  	-0.5229  	-0.1448  	0.48279  	-0.8498  	-0.2272  	0.07559  	0.08262  	-0.2717  	-0.2581  	0.69853  	0.05614  	-0.2841  	-0.9730  	0.07178  	0.17993  	0.01305  	0.61541  	0.18405  	-0.2964  	0.87685  	-0.0488  	0.31900  	0.24410  	0.06878  	0.17859  	-0.4625  	-0.5008  	-0.0719  	-0.0612  	0.22358  	-0.0533  	-0.1775  	0.51259  	0.32529  	0.28712  	0.07658  	-0.4790  	0.01048  	0.10131  	0.10575  	-0.1567  	0.22581  	0.08419  	-0.0365  	0.00825  	-0.0523  	-0.0046  	-0.1752  	-0.1253  	-0.0570  	0.00616  	-0.0230  	-0.0139  	-0.0037  	0.00728  	0.01879  	0.03785  	-0.0457  	-0.0297  	0.03852  	0.03557  	0.01398  	0.20158  	-0.0276  	0.00568  	-0.0014  	0.03522  	0.06434  	0.40137  	267.172  	162.321  	
0.20809  	0.02593  	-0.5492  	-0.2292  	0.42592  	-0.8355  	-0.2373  	0.07654  	0.06632  	-0.2690  	-0.2788  	0.68051  	0.03553  	-0.3274  	-0.9641  	0.03149  	0.20139  	0.00337  	0.63670  	0.16331  	-0.3011  	0.87395  	-0.0143  	0.30478  	0.25394  	0.07698  	0.20563  	-0.4650  	-0.4895  	-0.0756  	-0.0533  	0.22573  	-0.0656  	-0.1836  	0.48283  	0.33058  	0.28456  	0.07627  	-0.4603  	0.00870  	0.10127  	0.10977  	-0.1630  	0.23511  	0.07811  	-0.0338  	0.00617  	-0.0576  	-0.0074  	-0.1716  	-0.1210  	-0.0577  	0.01085  	-0.0155  	-0.0115  	-0.0040  	0.00626  	0.01896  	0.03709  	-0.0410  	-0.0299  	0.04896  	0.03582  	0.01515  	0.20158  	-0.0276  	0.00568  	-0.0014  	0.03522  	0.06434  	0.40137  	267.172  	162.321  	
0.04444  	-0.0143  	-0.6346  	-0.2798  	0.42047  	-0.9260  	-0.2104  	0.03458  	0.06076  	-0.2735  	-0.2779  	0.60387  	0.01290  	-0.4037  	-1.0438  	-0.0320  	0.22593  	0.00579  	0.62462  	0.18001  	-0.3155  	0.84419  	-0.0284  	0.34197  	0.30259  	0.09673  	0.23405  	-0.4834  	-0.4562  	-0.0632  	-0.0593  	0.21878  	-0.0865  	-0.1794  	0.46767  	0.34767  	0.27392  	0.08342  	-0.4706  	0.01909  	0.10170  	0.10847  	-0.1575  	0.23774  	0.09302  	-0.0367  	0.00379  	-0.0754  	-0.0162  	-0.1770  	-0.1268  	-0.0559  	0.00588  	-0.0240  	-0.0112  	-0.0037  	0.00735  	0.01896  	0.03820  	-0.0479  	-0.0299  	0.04066  	0.03046  	0.01615  	0.20158  	-0.0276  	0.00568  	-0.0014  	0.03522  	0.06434  	0.40137  	267.172  	162.321  	
-0.0711  	-0.0275  	-0.6533  	-0.4290  	0.33975  	-0.9692  	-0.2386  	-0.0239  	0.03634  	-0.3055  	-0.2564  	0.50375  	-0.0343  	-0.5188  	-0.9824  	-0.0852  	0.25688  	-0.0156  	0.62760  	0.13110  	-0.2729  	0.83626  	0.07066  	0.32098  	0.28054  	0.11320  	0.22549  	-0.5409  	-0.5234  	-0.0981  	-0.0352  	0.21555  	-0.1084  	-0.1828  	0.42617  	0.31378  	0.30594  	0.09080  	-0.4931  	-0.0330  	0.13913  	0.10709  	-0.1641  	0.23417  	0.09515  	-0.0353  	2.78223  	-0.0891  	-0.0330  	-0.1598  	-0.1326  	-0.0560  	0.01297  	-0.0195  	-0.0146  	0.00168  	0.00105  	0.01932  	0.04607  	-0.0427  	-0.0274  	0.04383  	0.03789  	0.01714  	0.20158  	-0.0276  	0.00568  	-0.0014  	0.03522  	0.06434  	0.40137  	267.172  	162.321  	
-0.0670  	-0.0269  	-0.6486  	-0.4538  	0.34908  	-0.9831  	-0.2492  	-0.0076  	0.03392  	-0.2998  	-0.2822  	0.50657  	-0.0396  	-0.4797  	-0.9617  	-0.0886  	0.25042  	-0.0012  	0.63642  	0.11866  	-0.2864  	0.84301  	0.09547  	0.29464  	0.24822  	0.11674  	0.20513  	-0.5400  	-0.5028  	-0.0878  	-0.0374  	0.21646  	-0.0935  	-0.1722  	0.40608  	0.30669  	0.29265  	0.10065  	-0.4950  	-0.0179  	0.14367  	0.10818  	-0.1672  	0.24223  	0.08601  	-0.0410  	0.00900  	-0.0810  	-0.0270  	-0.1678  	-0.1327  	-0.0514  	0.01047  	-0.0190  	-0.0213  	-0.0054  	0.00310  	0.02138  	0.04039  	-0.0500  	-0.0239  	0.04031  	0.03563  	0.01421  	0.20158  	-0.0276  	0.00568  	-0.0014  	0.03522  	0.06434  	0.40137  	267.172  	162.321  	
-0.1197  	-0.0331  	-0.6811  	-0.3519  	0.40383  	-1.0304  	-0.2575  	0.03312  	0.04839  	-0.2964  	-0.2701  	0.58579  	-0.0165  	-0.4536  	-0.9392  	-0.0821  	0.22511  	-0.0172  	0.63835  	0.11015  	-0.3298  	0.89461  	0.10207  	0.31681  	0.23511  	0.11620  	0.20120  	-0.4948  	-0.4548  	-0.0617  	-0.0317  	0.20413  	-0.0832  	-0.1662  	0.38795  	0.29872  	0.25280  	0.08645  	-0.4734  	-0.0001  	0.14803  	0.10462  	-0.1633  	0.24995  	0.08380  	-0.0385  	0.00807  	-0.0806  	-0.0167  	-0.1686  	-0.1366  	-0.0551  	0.00541  	-0.0176  	-0.0201  	-0.0115  	-0.0001  	0.01773  	0.04075  	-0.0510  	-0.0233  	0.04489  	0.03221  	0.01571  	0.20158  	-0.0276  	0.00568  	-0.0014  	0.03522  	0.06434  	0.40137  	267.172  	162.321  	
-0.0154  	-0.0379  	-0.6430  	-0.2496  	0.43753  	-0.9674  	-0.2565  	0.06459  	0.06666  	-0.3219  	-0.3177  	0.61368  	0.02093  	-0.4041  	-0.9291  	-0.0545  	0.23663  	-0.0290  	0.62110  	0.12815  	-0.3081  	0.88402  	0.06289  	0.34865  	0.22006  	0.11616  	0.21323  	-0.4546  	-0.4567  	-0.0664  	-0.0200  	0.22041  	-0.0823  	-0.1832  	0.41704  	0.29530  	0.25590  	0.06778  	-0.4656  	-0.0077  	0.12437  	0.09125  	-0.1711  	0.24559  	0.08420  	-0.0441  	0.00521  	-0.0723  	-0.0148  	-0.1657  	-0.1347  	-0.0602  	0.00722  	-0.0219  	-0.0141  	-0.0111  	0.01008  	0.02156  	0.03439  	-0.0518  	-0.0263  	0.04606  	0.03911  	0.01774  	0.20158  	-0.0276  	0.00568  	-0.0014  	0.03522  	0.06434  	0.40137  	267.172  	162.321  	
0.15146  	0.00587  	-0.5428  	-0.1764  	0.47416  	-0.8268  	-0.2557  	0.10807  	0.08675  	-0.3136  	-0.3482  	0.68536  	0.07085  	-0.3278  	-0.9306  	0.04590  	0.20666  	-0.0206  	0.61685  	0.17918  	-0.3227  	0.85641  	-0.0045  	0.31507  	0.19506  	0.09768  	0.16687  	-0.4575  	-0.4794  	-0.0772  	-0.0249  	0.21917  	-0.0551  	-0.1749  	0.46909  	0.29946  	0.25676  	0.07161  	-0.4592  	0.00835  	0.10944  	0.10131  	-0.1634  	0.22702  	0.07435  	-0.0401  	0.00096  	-0.0580  	-0.0116  	-0.1749  	-0.1315  	-0.0543  	0.00432  	-0.0235  	-0.0132  	-0.0019  	0.00507  	0.01164  	0.03058  	-0.0539  	-0.0287  	0.04329  	0.03609  	0.01952  	0.20158  	-0.0276  	0.00568  	-0.0014  	0.03522  	0.06434  	0.40137  	267.172  	162.321  	
0.50225  	0.02022  	-0.4188  	0.08438  	0.65385  	-0.6589  	-0.2504  	0.16057  	0.10274  	-0.3472  	-0.3204  	0.74693  	0.10727  	-0.2259  	-0.7767  	0.14697  	0.17620  	-0.0988  	0.63253  	0.17954  	-0.1252  	0.86664  	-0.1277  	0.44039  	0.19330  	0.08197  	0.30469  	-0.5987  	-0.6858  	-0.0859  	-0.0919  	0.26940  	-0.0419  	-0.1840  	0.65749  	0.25188  	0.36247  	0.10515  	-0.5425  	0.00260  	0.01529  	0.13132  	-0.1889  	0.22382  	0.10085  	-0.0345  	0.00482  	-0.0658  	0.00310  	-0.1664  	-0.1263  	-0.0630  	0.00309  	-0.0235  	-0.0225  	-0.0004  	0.00393  	0.01993  	0.03338  	-0.0505  	-0.0355  	0.03865  	0.03052  	0.00813  	0.20158  	-0.0276  	0.00568  	-0.0014  	0.03522  	0.06434  	0.40137  	267.172  	162.321  	
0.70565  	0.16303  	-0.3030  	0.22088  	0.69217  	-0.6345  	-0.1881  	0.22029  	0.14702  	-0.3636  	-0.4899  	0.70334  	0.20114  	0.00674  	-0.4293  	0.07291  	0.21901  	-0.1175  	0.64208  	0.09974  	-0.1475  	0.92588  	-0.0779  	0.43438  	0.29965  	0.06395  	0.36342  	-0.6974  	-0.6322  	-0.0408  	-0.0717  	0.26699  	-0.0396  	-0.1713  	0.64939  	0.22021  	0.36558  	0.10779  	-0.4895  	0.01377  	0.01998  	0.12423  	-0.1559  	0.22741  	0.07996  	-0.0393  	-0.0122  	-0.0214  	0.00555  	-0.1595  	-0.1203  	-0.0598  	0.00734  	-0.0247  	-0.0174  	0.01279  	0.00162  	0.01332  	0.03282  	-0.0442  	-0.0349  	0.04454  	0.03048  	0.00380  	0.20158  	-0.0276  	0.00568  	-0.0014  	0.03522  	0.06434  	0.40137  	267.172  	162.321  	
0.62241  	0.15054  	-0.4099  	0.45847  	0.83428  	-0.5781  	-0.1252  	0.25386  	0.15123  	-0.4008  	-0.6588  	0.70484  	0.27857  	0.21701  	-0.3071  	0.00352  	0.23979  	-0.1347  	0.59140  	0.09846  	-0.1726  	0.99041  	-0.0699  	0.36687  	0.43726  	0.02180  	0.41906  	-0.5946  	-0.4842  	0.02857  	-0.1051  	0.21778  	-0.0355  	-0.1590  	0.63359  	0.25164  	0.27119  	0.07157  	-0.4375  	0.05584  	-0.0098  	0.13095  	-0.1682  	0.24167  	0.08837  	-0.0416  	-0.0081  	-0.0367  	0.01665  	-0.1831  	-0.1263  	-0.0595  	0.01485  	-0.0239  	-0.0195  	0.02337  	0.00693  	0.01182  	0.03657  	-0.0418  	-0.0212  	0.04667  	0.03263  	0.00762  	0.20158  	-0.0276  	0.00568  	-0.0014  	0.03522  	0.06434  	0.40137  	267.172  	162.321  	
0.36346  	-0.0297  	-0.6117  	0.43555  	0.88818  	-0.8205  	-0.1401  	0.15564  	0.10699  	-0.3050  	-0.5159  	0.84086  	0.22894  	0.12558  	-0.3085  	0.00292  	0.15794  	-0.0765  	0.56920  	0.23381  	-0.2370  	0.96033  	-0.1361  	0.42297  	0.30475  	0.05738  	0.26064  	-0.5465  	-0.5417  	-0.0123  	-0.0731  	0.22090  	-0.0215  	-0.1441  	0.64412  	0.20530  	0.26330  	0.06633  	-0.4803  	0.04238  	-0.0286  	0.13233  	-0.1993  	0.22010  	0.09874  	-0.0347  	-6.7900  	-0.0501  	-0.0003  	-0.1636  	-0.1305  	-0.0592  	-0.0009  	-0.0304  	-0.0146  	0.00377  	0.00524  	0.01159  	0.03148  	-0.0491  	-0.0255  	0.04882  	0.02966  	0.01988  	0.20158  	-0.0276  	0.00568  	-0.0014  	0.03522  	0.06434  	0.40137  	267.172  	162.321  	
0.15127  	-0.0002  	-0.7471  	0.05964  	0.72308  	-1.0418  	-0.1260  	0.03106  	0.09019  	-0.2574  	-0.3773  	0.85137  	0.13525  	-0.1784  	-0.6331  	-0.1277  	0.15711  	0.07262  	0.56081  	0.27262  	-0.2909  	0.88451  	-0.1176  	0.38496  	0.22526  	0.08309  	0.14046  	-0.4207  	-0.5273  	-0.0545  	-0.0454  	0.17655  	-0.0423  	-0.1419  	0.56421  	0.25475  	0.19285  	0.07119  	-0.4403  	0.03592  	0.01172  	0.11920  	-0.2010  	0.19740  	0.08787  	-0.0437  	-0.0019  	-0.0625  	-0.0178  	-0.1627  	-0.1193  	-0.0577  	0.00333  	-0.0154  	-0.0246  	-0.0070  	0.01150  	0.01397  	0.02314  	-0.0537  	-0.0323  	0.04839  	0.03175  	0.00554  	0.20158  	-0.0276  	0.00568  	-0.0014  	0.03522  	0.06434  	0.40137  	267.172  	162.321  	
0.01773  	0.01359  	-0.7155  	-0.1720  	0.61500  	-1.0203  	-0.1916  	0.04630  	0.07377  	-0.2627  	-0.3157  	0.70453  	0.06067  	-0.2919  	-0.8089  	-0.1504  	0.17113  	0.02229  	0.62770  	0.23335  	-0.2914  	0.86184  	-0.0842  	0.36307  	0.25615  	0.08207  	0.19970  	-0.4268  	-0.4720  	-0.0635  	-0.0491  	0.18943  	-0.0739  	-0.1494  	0.49917  	0.29293  	0.22301  	0.05039  	-0.4467  	0.04065  	0.03783  	0.12061  	-0.1906  	0.20800  	0.09719  	-0.0334  	-0.0055  	-0.0850  	-0.0120  	-0.1701  	-0.1210  	-0.0569  	-0.0011  	-0.0178  	-0.0197  	-0.0010  	0.00722  	0.02559  	0.03382  	-0.0508  	-0.0324  	0.03580  	0.01897  	0.00321  	0.20158  	-0.0276  	0.00568  	-0.0014  	0.03522  	0.06434  	0.40137  	267.172  	162.321  	
-0.0711  	-0.0193  	-0.6791  	-0.3025  	0.46797  	-0.9767  	-0.2547  	0.01582  	0.03738  	-0.3032  	-0.2921  	0.55783  	0.00555  	-0.4506  	-0.8818  	-0.1576  	0.23707  	-0.0214  	0.62643  	0.12775  	-0.2387  	0.86527  	0.05170  	0.35000  	0.30348  	0.08884  	0.25302  	-0.5054  	-0.5068  	-0.0764  	-0.0666  	0.21980  	-0.0917  	-0.1735  	0.45731  	0.28111  	0.28936  	0.06809  	-0.4683  	0.02955  	0.05297  	0.09945  	-0.1967  	0.22474  	0.10217  	-0.0314  	0.00678  	-0.0970  	-0.0319  	-0.1550  	-0.1333  	-0.0578  	0.00776  	-0.0140  	-0.0205  	-0.0089  	0.00534  	0.02190  	0.04323  	-0.0419  	-0.0301  	0.03668  	0.02823  	0.01414  	0.20158  	-0.0276  	0.00568  	-0.0014  	0.03522  	0.06434  	0.40137  	267.172  	162.321  	
-0.0239  	-0.0115  	-0.6317  	-0.3644  	0.36595  	-0.9051  	-0.1984  	0.03012  	0.08359  	-0.3051  	-0.3388  	0.54965  	0.01413  	-0.4275  	-0.9347  	-0.1057  	0.24612  	0.00109  	0.61765  	0.16463  	-0.3262  	0.89033  	0.05412  	0.27333  	0.25229  	0.11340  	0.17841  	-0.4571  	-0.4155  	-0.0702  	-0.0272  	0.19454  	-0.0896  	-0.1695  	0.33381  	0.31226  	0.22804  	0.07609  	-0.4309  	0.01993  	0.15161  	0.08802  	-0.1463  	0.25231  	0.08593  	-0.0440  	0.00644  	-0.0656  	-0.0088  	-0.1703  	-0.1368  	-0.0584  	0.00504  	-0.0176  	-0.0116  	-0.0068  	0.00145  	0.01880  	0.03602  	-0.0459  	-0.0211  	0.04512  	0.02889  	0.01580  	0.20158  	-0.0276  	0.00568  	-0.0014  	0.03522  	0.06434  	0.40137  	267.172  	162.321  	
0.02418  	-0.0308  	-0.6435  	-0.2223  	0.48953  	-0.9411  	-0.2367  	0.07370  	0.05622  	-0.2959  	-0.2833  	0.69146  	0.02092  	-0.3442  	-0.8664  	-0.0433  	0.23130  	-0.0141  	0.62569  	0.15515  	-0.2928  	0.89015  	-0.0235  	0.36443  	0.25221  	0.08298  	0.22464  	-0.4866  	-0.4946  	-0.0550  	-0.0187  	0.20648  	-0.0759  	-0.1776  	0.45105  	0.30101  	0.26642  	0.06802  	-0.4735  	-0.0043  	0.10860  	0.09277  	-0.1637  	0.23637  	0.08175  	-0.0404  	0.01666  	-0.0637  	-0.0098  	-0.1576  	-0.1343  	-0.0601  	0.01085  	-0.0151  	-0.0190  	-0.0102  	0.00204  	0.01924  	0.03482  	-0.0448  	-0.0274  	0.04183  	0.02858  	0.01295  	0.20158  	-0.0276  	0.00568  	-0.0014  	0.03522  	0.06434  	0.40137  	267.172  	162.321  	
0.42687  	0.12401  	-0.3997  	0.15190  	0.69733  	-0.7979  	-0.2686  	0.29505  	0.08635  	-0.4772  	-0.4175  	0.76326  	0.22842  	-0.0856  	-0.4332  	-0.0068  	0.32082  	-0.2366  	0.68345  	-0.1338  	-0.0476  	0.59167  	-0.2450  	0.51153  	0.04558  	0.22248  	0.28710  	-0.7103  	-0.5686  	-0.1217  	0.09071  	0.18600  	-0.0853  	-0.3454  	0.51777  	0.13932  	0.23864  	0.09782  	-0.6048  	-0.0895  	0.11887  	0.24500  	-0.2820  	0.32023  	0.01500  	-0.0125  	-0.0184  	-0.0388  	-0.0305  	-0.1915  	-0.1351  	-0.0513  	-0.0022  	-0.0096  	-0.0203  	-0.0031  	0.00055  	0.00332  	0.03392  	-0.0463  	-0.0114  	0.05865  	0.01374  	0.00622  	0.20158  	-0.0276  	0.00568  	-0.0014  	0.03522  	0.06434  	0.40137  	267.172  	162.321  	
0.71039  	0.21637  	-0.1928  	0.01958  	0.55789  	-0.6586  	-0.2607  	0.39497  	0.12035  	-0.4487  	-0.4999  	0.69179  	0.32967  	-0.0494  	-0.3381  	-0.1040  	0.39998  	-0.4220  	0.79155  	-0.4905  	0.00571  	0.54212  	-0.3685  	0.41070  	0.10974  	0.24962  	0.34987  	-0.8856  	-0.4890  	-0.1039  	0.17351  	0.15379  	-0.1979  	-0.4937  	0.47252  	0.12882  	0.23813  	0.11361  	-0.6899  	-0.1670  	0.16838  	0.32455  	-0.3598  	0.38001  	-0.0493  	0.00459  	-0.0514  	0.01619  	-0.0252  	-0.1871  	-0.1210  	-0.0448  	0.01521  	0.00449  	-0.0127  	0.01182  	-0.0227  	-0.0079  	0.03041  	-0.0258  	-0.0088  	0.04543  	-0.0015  	0.00460  	0.20158  	-0.0276  	0.00568  	-0.0014  	0.03522  	0.06434  	0.40137  	267.172  	162.321  	
0.58030  	0.20969  	-0.2556  	0.10903  	0.60589  	-0.7365  	-0.2050  	0.38435  	0.12800  	-0.3623  	-0.4276  	0.70213  	0.28582  	-0.0121  	-0.4013  	-0.1522  	0.40113  	-0.5029  	0.76208  	-0.4824  	0.05469  	0.51026  	-0.4562  	0.43925  	0.18344  	0.25086  	0.36455  	-0.9258  	-0.4603  	-0.0796  	0.16697  	0.15562  	-0.2105  	-0.5308  	0.49510  	0.11573  	0.23396  	0.12078  	-0.7214  	-0.1221  	0.17537  	0.37509  	-0.4000  	0.42939  	-0.0504  	0.01570  	-0.0537  	0.00688  	-0.0352  	-0.1962  	-0.1062  	-0.0432  	0.00722  	0.00823  	-0.0077  	0.00506  	-0.0202  	-0.0132  	0.04225  	-0.0243  	-0.0181  	0.04776  	-0.0160  	0.01074  	0.20158  	-0.0276  	0.00568  	-0.0014  	0.03522  	0.06434  	0.40137  	267.172  	162.321  	
-0.0601  	0.01466  	-0.6073  	-0.3411  	0.44000  	-1.0066  	-0.2841  	0.21162  	0.02881  	-0.3280  	-0.1483  	0.60128  	0.14898  	-0.4068  	-0.7255  	-0.2131  	0.36512  	-0.3864  	0.71563  	-0.3399  	0.03006  	0.41298  	-0.4452  	0.36702  	0.06436  	0.25765  	0.30849  	-0.8470  	-0.4491  	-0.1184  	0.15819  	0.11556  	-0.2424  	-0.4751  	0.45744  	0.18298  	0.22913  	0.11022  	-0.7442  	-0.1757  	0.21228  	0.34874  	-0.4140  	0.34931  	-0.0118  	0.00870  	-0.0390  	-0.0544  	-0.0538  	-0.1837  	-0.1301  	-0.0477  	2.47454  	0.01445  	-0.0113  	0.00110  	-0.0028  	-0.0044  	0.03551  	-0.0306  	-0.0125  	0.04278  	0.00483  	0.01174  	0.20158  	-0.0276  	0.00568  	-0.0014  	0.03522  	0.06434  	0.40137  	267.172  	162.321  	
-0.0350  	-0.0434  	-0.5812  	-0.4097  	0.36756  	-0.9868  	-0.2725  	0.06282  	0.01170  	-0.3686  	-0.1482  	0.51247  	0.03180  	-0.5126  	-0.9074  	-0.1547  	0.36177  	-0.2134  	0.70452  	-0.1771  	-0.1125  	0.65841  	-0.1816  	0.39283  	0.20820  	0.20865  	0.28976  	-0.6776  	-0.5004  	-0.0962  	0.09611  	0.16409  	-0.1839  	-0.3475  	0.38639  	0.27843  	0.25298  	0.09244  	-0.6465  	-0.1043  	0.17978  	0.24320  	-0.3068  	0.30093  	0.03865  	-0.0187  	-0.0195  	-0.0829  	-0.0463  	-0.1746  	-0.1273  	-0.0542  	0.00459  	0.00663  	-0.0129  	-0.0025  	0.00038  	0.00465  	0.03566  	-0.0281  	-0.0250  	0.03845  	0.01283  	0.01511  	0.20158  	-0.0276  	0.00568  	-0.0014  	0.03522  	0.06434  	0.40137  	267.172  	162.321  	
0.13532  	-0.0615  	-0.6044  	-0.1381  	0.52148  	-0.9253  	-0.2058  	0.01613  	0.05818  	-0.3303  	-0.4134  	0.64433  	0.02806  	-0.4740  	-0.9282  	0.05811  	0.26090  	0.01594  	0.61263  	0.15191  	-0.4031  	0.85316  	-0.0333  	0.32695  	0.29804  	0.11023  	0.24497  	-0.3911  	-0.4587  	-0.0562  	-0.0440  	0.22105  	-0.0858  	-0.1732  	0.44723  	0.34871  	0.21746  	0.06457  	-0.4649  	0.03870  	0.10531  	0.09275  	-0.1630  	0.24956  	0.09347  	-0.0365  	0.00780  	-0.0654  	-0.0102  	-0.1608  	-0.1193  	-0.0575  	0.00686  	-0.0216  	-0.0072  	-0.0103  	0.00660  	0.02328  	0.02970  	-0.0493  	-0.0309  	0.04654  	0.04254  	0.02181  	0.20158  	-0.0276  	0.00568  	-0.0014  	0.03522  	0.06434  	0.40137  	267.172  	162.321  	
0.24194  	0.01293  	-0.4817  	-0.0230  	0.61509  	-0.9019  	-0.2005  	0.03289  	0.05434  	-0.2076  	-0.3251  	0.71408  	0.03833  	-0.4610  	-0.9674  	0.18286  	0.17416  	0.05900  	0.60377  	0.23033  	-0.4278  	0.87272  	-0.1331  	0.29591  	0.31539  	0.09675  	0.15673  	-0.3835  	-0.4345  	-0.0634  	-0.0660  	0.21764  	-0.0884  	-0.1699  	0.45508  	0.37493  	0.18429  	0.07260  	-0.4293  	0.04189  	0.10487  	0.11910  	-0.1473  	0.23551  	0.08326  	-0.0310  	0.00744  	-0.0432  	-0.0117  	-0.1657  	-0.1161  	-0.0545  	0.01182  	-0.0235  	-0.0084  	-0.0076  	0.00968  	0.01395  	0.03374  	-0.0463  	-0.0313  	0.03151  	0.03325  	0.01550  	0.20158  	-0.0276  	0.00568  	-0.0014  	0.03522  	0.06434  	0.40137  	267.172  	162.321  	
0.23023  	-0.0160  	-0.5262  	-0.0786  	0.59027  	-0.8423  	-0.1879  	0.01584  	0.04237  	-0.2540  	-0.3474  	0.61786  	0.04352  	-0.4629  	-0.9621  	0.16314  	0.17790  	0.02133  	0.63196  	0.14871  	-0.3890  	0.89099  	-0.1196  	0.33461  	0.38173  	0.06218  	0.28487  	-0.4073  	-0.4484  	-0.0131  	-0.0883  	0.26607  	-0.1127  	-0.1746  	0.48531  	0.41120  	0.24504  	0.08787  	-0.4597  	0.02992  	0.06746  	0.11709  	-0.1698  	0.24687  	0.09174  	-0.0404  	-0.0066  	-0.0616  	-0.0030  	-0.1760  	-0.1103  	-0.0532  	0.01273  	-0.0171  	-0.0097  	-0.0018  	0.00439  	0.01530  	0.04040  	-0.0461  	-0.0295  	0.02871  	0.03532  	0.01076  	0.20158  	-0.0276  	0.00568  	-0.0014  	0.03522  	0.06434  	0.40137  	267.172  	162.321  	
0.09408  	-0.0654  	-0.6181  	-0.0871  	0.52671  	-0.8265  	-0.2269  	0.01757  	0.01545  	-0.4120  	-0.4753  	0.54315  	0.00051  	-0.4347  	-0.8105  	-0.0144  	0.28910  	-0.0528  	0.64062  	0.07679  	-0.3422  	0.86233  	-0.0195  	0.43920  	0.39513  	0.07263  	0.38785  	-0.5179  	-0.5127  	-0.0312  	-0.0867  	0.27556  	-0.1266  	-0.1940  	0.50494  	0.37075  	0.30389  	0.10598  	-0.4979  	0.01547  	0.06195  	0.11829  	-0.1740  	0.24562  	0.08273  	-0.0446  	-0.0052  	-0.0840  	-0.0188  	-0.1673  	-0.1193  	-0.0499  	0.01025  	-0.0205  	-0.0111  	-0.0022  	0.01277  	0.02003  	0.03971  	-0.0515  	-0.0304  	0.02815  	0.03517  	0.01869  	0.20158  	-0.0276  	0.00568  	-0.0014  	0.03522  	0.06434  	0.40137  	267.172  	162.321  	
0.24253  	-0.0132  	-0.5588  	-0.1026  	0.49758  	-0.7617  	-0.2527  	0.09843  	0.08117  	-0.4122  	-0.4458  	0.57341  	0.07170  	-0.3187  	-0.6478  	-0.0525  	0.27089  	-0.0897  	0.63705  	0.04757  	-0.1526  	0.92811  	0.06911  	0.41800  	0.27033  	0.09472  	0.36942  	-0.7028  	-0.6497  	-0.0651  	-0.0632  	0.26910  	-0.0760  	-0.1898  	0.57153  	0.25488  	0.38692  	0.12788  	-0.5416  	-0.0208  	0.04651  	0.13135  	-0.1814  	0.23192  	0.08201  	-0.0344  	0.00776  	-0.0815  	-0.0144  	-0.1771  	-0.1408  	-0.0556  	0.00776  	-0.0172  	-0.0162  	-0.0048  	-0.0035  	0.01510  	0.03827  	-0.0491  	-0.0294  	0.04068  	0.03604  	0.01812  	0.20158  	-0.0276  	0.00568  	-0.0014  	0.03522  	0.06434  	0.40137  	267.172  	162.321  	
0.41198  	0.10639  	-0.4726  	-0.0331  	0.50473  	-0.7043  	-0.2159  	0.22354  	0.14032  	-0.3893  	-0.4587  	0.64887  	0.16057  	-0.1016  	-0.5816  	-0.0350  	0.26921  	-0.0384  	0.63707  	0.07306  	-0.1706  	0.90463  	0.03333  	0.36367  	0.25255  	0.06929  	0.29871  	-0.5986  	-0.5659  	-0.0820  	-0.0479  	0.23541  	-0.0284  	-0.1999  	0.55139  	0.22007  	0.30364  	0.09220  	-0.4792  	-0.0070  	0.06416  	0.09794  	-0.1570  	0.21806  	0.07398  	-0.0332  	-0.0038  	-0.0658  	-0.0118  	-0.1638  	-0.1336  	-0.0524  	0.00685  	-0.0192  	-0.0208  	0.00614  	-0.0054  	0.02135  	0.04197  	-0.0412  	-0.0197  	0.05212  	0.03180  	0.00606  	0.20158  	-0.0276  	0.00568  	-0.0014  	0.03522  	0.06434  	0.40137  	267.172  	162.321  	
0.44510  	0.12053  	-0.4886  	-0.0275  	0.55309  	-0.7178  	-0.1511  	0.21331  	0.10571  	-0.3711  	-0.4760  	0.57843  	0.17734  	0.01687  	-0.5197  	-0.1321  	0.24597  	-0.0774  	0.59211  	0.05432  	-0.1678  	0.92108  	-0.0010  	0.37661  	0.34814  	0.05549  	0.37720  	-0.6916  	-0.5916  	-0.0393  	-0.0594  	0.23349  	-0.0411  	-0.1953  	0.58840  	0.20539  	0.34312  	0.10184  	-0.4839  	0.01390  	0.05633  	0.10419  	-0.1643  	0.23521  	0.07211  	-0.0303  	-0.0095  	-0.0558  	0.00091  	-0.1573  	-0.1349  	-0.0577  	0.00544  	-0.0169  	-0.0125  	0.00880  	-0.0099  	0.01664  	0.04011  	-0.0456  	-0.0229  	0.05088  	0.02483  	0.00703  	0.20158  	-0.0276  	0.00568  	-0.0014  	0.03522  	0.06434  	0.40137  	267.172  	162.321  	
0.15418  	-0.0038  	-0.5816  	-0.2473  	0.49765  	-0.8631  	-0.2568  	0.09866  	0.05778  	-0.3743  	-0.3081  	0.54922  	0.07753  	-0.3155  	-0.7943  	-0.0986  	0.25237  	-0.0802  	0.65707  	0.04358  	-0.1152  	0.89893  	0.04627  	0.41249  	0.22718  	0.08898  	0.36161  	-0.6647  	-0.6309  	-0.0894  	-0.0314  	0.24620  	-0.0738  	-0.2131  	0.56818  	0.20540  	0.40841  	0.08581  	-0.5525  	-0.0027  	0.08114  	0.10530  	-0.1754  	0.23000  	0.09515  	-0.0380  	-0.0026  	-0.0781  	-0.0257  	-0.1710  	-0.1342  	-0.0579  	-0.0053  	-0.0220  	-0.0173  	0.01018  	0.00430  	0.01022  	0.03361  	-0.0364  	-0.0303  	0.04957  	0.02460  	0.01101  	0.20158  	-0.0276  	0.00568  	-0.0014  	0.03522  	0.06434  	0.40137  	267.172  	162.321  	
0.11242  	-0.0164  	-0.6138  	-0.2536  	0.42775  	-0.8077  	-0.2411  	0.03587  	0.05221  	-0.3759  	-0.2928  	0.60391  	0.01208  	-0.4144  	-0.8799  	-0.0461  	0.23869  	-0.0677  	0.62371  	0.08056  	-0.2417  	0.89148  	0.09172  	0.38457  	0.24406  	0.10739  	0.29557  	-0.5379  	-0.5190  	-0.0838  	-0.0513  	0.23691  	-0.0683  	-0.1817  	0.47750  	0.29979  	0.30897  	0.07872  	-0.4966  	0.01202  	0.11744  	0.11989  	-0.1630  	0.24350  	0.08876  	-0.0322  	0.00905  	-0.0800  	-0.0219  	-0.1701  	-0.1393  	-0.0551  	0.00710  	-0.0207  	-0.0187  	-0.0081  	-0.0008  	0.02234  	0.03991  	-0.0529  	-0.0266  	0.04554  	0.03018  	0.01325  	0.20158  	-0.0276  	0.00568  	-0.0014  	0.03522  	0.06434  	0.40137  	267.172  	162.321  	
0.23319  	0.01492  	-0.5076  	-0.1778  	0.49648  	-0.8387  	-0.2184  	0.08289  	0.08677  	-0.2502  	-0.3464  	0.66735  	0.05857  	-0.4011  	-0.9669  	0.10613  	0.17878  	0.00266  	0.61427  	0.18735  	-0.3485  	0.86487  	-0.0458  	0.31934  	0.22154  	0.10388  	0.19647  	-0.4404  	-0.4772  	-0.0806  	-0.0393  	0.22595  	-0.0680  	-0.1743  	0.47797  	0.33388  	0.25817  	0.07325  	-0.4691  	0.03663  	0.09750  	0.10891  	-0.1647  	0.24473  	0.08369  	-0.0349  	0.00550  	-0.0545  	-0.0082  	-0.1731  	-0.1213  	-0.0577  	0.01160  	-0.0268  	-0.0133  	-0.0077  	0.00381  	0.01592  	0.03855  	-0.0497  	-0.0338  	0.03888  	0.03275  	0.01851  	0.20158  	-0.0276  	0.00568  	-0.0014  	0.03522  	0.06434  	0.40137  	267.172  	162.321  	
0.41310  	0.03957  	-0.4342  	0.07595  	0.62967  	-0.6999  	-0.2627  	0.10227  	0.07929  	-0.3330  	-0.3418  	0.70872  	0.08272  	-0.2763  	-0.8408  	0.16022  	0.18227  	-0.0663  	0.63855  	0.19104  	-0.1864  	0.87163  	-0.1030  	0.42093  	0.26634  	0.06747  	0.32344  	-0.5334  	-0.5927  	-0.0567  	-0.0944  	0.26255  	-0.0676  	-0.1956  	0.60520  	0.29512  	0.32970  	0.09939  	-0.5107  	-0.0037  	0.02178  	0.13051  	-0.1744  	0.22278  	0.09088  	-0.0331  	-0.0039  	-0.0606  	-0.0058  	-0.1726  	-0.1198  	-0.0606  	0.00916  	-0.0290  	-0.0214  	0.00572  	0.00125  	0.02173  	0.03691  	-0.0474  	-0.0322  	0.03518  	0.03165  	0.00951  	0.20158  	-0.0276  	0.00568  	-0.0014  	0.03522  	0.06434  	0.40137  	267.172  	162.321  	
0.44488  	0.13284  	-0.3914  	0.08230  	0.55272  	-0.6848  	-0.1865  	0.19275  	0.12488  	-0.3441  	-0.4859  	0.69531  	0.17092  	-0.0708  	-0.5985  	0.05552  	0.23064  	-0.0666  	0.62043  	0.11718  	-0.2106  	0.92697  	-0.0289  	0.37309  	0.33054  	0.05750  	0.30513  	-0.5984  	-0.5603  	-0.0219  	-0.0566  	0.23957  	-0.0524  	-0.1846  	0.57353  	0.24875  	0.35713  	0.10137  	-0.4914  	-0.0220  	0.07328  	0.11382  	-0.1416  	0.22700  	0.07482  	-0.0398  	0.00668  	-0.0454  	0.00193  	-0.1734  	-0.1279  	-0.0526  	0.00337  	-0.0170  	-0.0162  	0.01007  	-0.0077  	0.00520  	0.03429  	-0.0436  	-0.0233  	0.04295  	0.02596  	0.00357  	0.20158  	-0.0276  	0.00568  	-0.0014  	0.03522  	0.06434  	0.40137  	267.172  	162.321  	
0.32529  	0.04207  	-0.5304  	0.12590  	0.69673  	-0.7917  	-0.1849  	0.16228  	0.08760  	-0.4095  	-0.4491  	0.65922  	0.16303  	-0.0364  	-0.6103  	-0.0253  	0.21631  	-0.1164  	0.59287  	0.13064  	-0.1800  	0.93252  	-0.0815  	0.48609  	0.42918  	0.04840  	0.40396  	-0.5789  	-0.5518  	-0.0025  	-0.1032  	0.22372  	-0.0799  	-0.1923  	0.63473  	0.25327  	0.31768  	0.07164  	-0.4846  	0.02401  	0.01282  	0.14802  	-0.1940  	0.22047  	0.08187  	-0.0386  	-0.0016  	-0.0568  	-0.0029  	-0.1703  	-0.1298  	-0.0524  	0.00399  	-0.0176  	-0.0275  	-0.0013  	0.00146  	0.00887  	0.03808  	-0.0483  	-0.0243  	0.04224  	0.02754  	0.00440  	0.20158  	-0.0276  	0.00568  	-0.0014  	0.03522  	0.06434  	0.40137  	267.172  	162.321  	
0.12977  	-0.0012  	-0.6507  	-0.0477  	0.60407  	-0.8764  	-0.2136  	0.07746  	0.06862  	-0.4096  	-0.4144  	0.69354  	0.09874  	-0.2428  	-0.6942  	-0.0629  	0.21702  	-0.0298  	0.59477  	0.15711  	-0.2618  	0.91545  	0.01089  	0.36540  	0.29091  	0.09166  	0.24329  	-0.4697  	-0.4493  	-0.0324  	-0.0637  	0.19499  	-0.0478  	-0.1666  	0.48832  	0.26250  	0.24996  	0.07196  	-0.4595  	0.02501  	0.06658  	0.11475  	-0.1937  	0.22568  	0.09165  	-0.0349  	0.00536  	-0.0642  	-0.0177  	-0.1756  	-0.1215  	-0.0492  	0.00242  	-0.0231  	-0.0169  	-0.0004  	0.00447  	0.01696  	0.04623  	-0.0427  	-0.0267  	0.04007  	0.02614  	0.01060  	0.20158  	-0.0276  	0.00568  	-0.0014  	0.03522  	0.06434  	0.40137  	267.172  	162.321  	
-0.0257  	-0.0241  	-0.6624  	-0.2527  	0.54994  	-1.0067  	-0.2022  	0.02647  	0.03619  	-0.2722  	-0.4410  	0.66984  	0.10919  	-0.2476  	-0.8485  	-0.1054  	0.18295  	0.05143  	0.60552  	0.22697  	-0.4784  	0.90181  	-0.0389  	0.29790  	0.30544  	0.09703  	0.15420  	-0.3186  	-0.3623  	-0.0331  	-0.0080  	0.17074  	-0.0540  	-0.1614  	0.38764  	0.33637  	0.15287  	0.03363  	-0.4073  	0.04810  	0.08641  	0.10466  	-0.1751  	0.24466  	0.07973  	-0.0450  	0.00313  	-0.0662  	-0.0143  	-0.1677  	-0.1325  	-0.0542  	-0.0016  	-0.0220  	-0.0166  	-0.0099  	0.00501  	0.01893  	0.04633  	-0.0389  	-0.0234  	0.05026  	0.02992  	0.01356  	0.20158  	-0.0276  	0.00568  	-0.0014  	0.03522  	0.06434  	0.40137  	267.172  	162.321  	
-0.1344  	-0.0992  	-0.7638  	-0.2655  	0.50381  	-1.1434  	-0.2038  	0.00881  	0.03666  	-0.2323  	-0.2650  	0.66410  	0.11779  	-0.2791  	-0.9120  	-0.1907  	0.18877  	0.01443  	0.55612  	0.25901  	-0.3958  	0.86357  	-0.0648  	0.29927  	0.28700  	0.12243  	0.11557  	-0.3976  	-0.4117  	-0.0600  	0.00253  	0.15196  	-0.0494  	-0.1656  	0.45598  	0.33098  	0.15345  	0.04370  	-0.4112  	0.02629  	0.07422  	0.12462  	-0.1659  	0.22005  	0.09260  	-0.0402  	0.00680  	-0.0650  	-0.0209  	-0.1600  	-0.1338  	-0.0540  	-0.0029  	-0.0256  	-0.0183  	-0.0110  	0.00706  	0.02046  	0.02443  	-0.0480  	-0.0295  	0.04130  	0.03914  	0.01432  	0.20158  	-0.0276  	0.00568  	-0.0014  	0.03522  	0.06434  	0.40137  	267.172  	162.321  	
-0.1552  	-0.0759  	-0.7920  	-0.3018  	0.45130  	-1.1305  	-0.2605  	0.07340  	0.05645  	-0.2343  	-0.2243  	0.67532  	0.08231  	-0.2887  	-0.8628  	-0.1419  	0.25853  	-0.0118  	0.59852  	0.19539  	-0.2509  	0.89012  	0.00452  	0.29839  	0.20940  	0.10534  	0.16860  	-0.4608  	-0.4889  	-0.0607  	-0.0023  	0.18469  	-0.0625  	-0.1640  	0.45019  	0.29341  	0.21661  	0.07647  	-0.4172  	-0.0048  	0.07534  	0.11549  	-0.1820  	0.19104  	0.08377  	-0.0285  	0.01015  	-0.0766  	-0.0227  	-0.1599  	-0.1346  	-0.0562  	0.00407  	-0.0203  	-0.0192  	-0.0050  	-0.0013  	0.02033  	0.03616  	-0.0474  	-0.0273  	0.04775  	0.03149  	0.01243  	0.20158  	-0.0276  	0.00568  	-0.0014  	0.03522  	0.06434  	0.40137  	267.172  	162.321  	
-0.1399  	-0.0547  	-0.7026  	-0.4698  	0.38297  	-1.1070  	-0.2368  	0.09538  	0.04111  	-0.2290  	-0.1829  	0.57813  	0.03843  	-0.3117  	-0.9473  	-0.1679  	0.25226  	-0.0255  	0.62187  	0.15071  	-0.2545  	0.89127  	0.02009  	0.33835  	0.25102  	0.09878  	0.19179  	-0.5363  	-0.5089  	-0.0929  	-0.0266  	0.18747  	-0.0762  	-0.1891  	0.42991  	0.30526  	0.26210  	0.07703  	-0.4336  	-0.0245  	0.09632  	0.11285  	-0.1968  	0.21312  	0.08573  	-0.0283  	0.00324  	-0.0733  	-0.0201  	-0.1631  	-0.1377  	-0.0553  	0.00761  	-0.0258  	-0.0196  	-0.0074  	-0.0009  	0.02052  	0.04016  	-0.0499  	-0.0232  	0.04811  	0.02767  	0.01366  	0.20158  	-0.0276  	0.00568  	-0.0014  	0.03522  	0.06434  	0.40137  	267.172  	162.321  	
0.05174  	-0.0092  	-0.6463  	-0.2563  	0.45611  	-0.9507  	-0.2270  	0.11759  	0.08978  	-0.3316  	-0.3042  	0.68608  	0.11941  	-0.2290  	-0.7691  	-0.1355  	0.23746  	-0.0410  	0.58932  	0.19190  	-0.1858  	0.86191  	0.01880  	0.39188  	0.21490  	0.12701  	0.27067  	-0.5606  	-0.5820  	-0.1147  	-0.0158  	0.18345  	-0.0349  	-0.1889  	0.48582  	0.22773  	0.26954  	0.06571  	-0.4568  	0.03867  	0.07789  	0.10908  	-0.1743  	0.22141  	0.08616  	-0.0391  	0.00696  	-0.0728  	-0.0334  	-0.1498  	-0.1291  	-0.0581  	-0.0022  	-0.0219  	-0.0301  	-0.0006  	0.00181  	0.00580  	0.03499  	-0.0451  	-0.0242  	0.04927  	0.02576  	0.01009  	0.20158  	-0.0276  	0.00568  	-0.0014  	0.03522  	0.06434  	0.40137  	267.172  	162.321  	
0.48909  	0.11914  	-0.3851  	0.00066  	0.54868  	-0.6506  	-0.2139  	0.24181  	0.15035  	-0.3892  	-0.5633  	0.63737  	0.23546  	-0.0237  	-0.4763  	-0.0668  	0.26723  	-0.0964  	0.60522  	0.06797  	-0.1846  	0.94026  	0.06437  	0.37439  	0.22186  	0.08305  	0.28832  	-0.6390  	-0.6080  	-0.0575  	-0.0165  	0.21559  	-0.0177  	-0.1770  	0.53560  	0.17236  	0.35529  	0.08931  	-0.4737  	0.01683  	0.06799  	0.09062  	-0.1394  	0.24195  	0.06542  	-0.0395  	0.00089  	-0.0548  	-0.0019  	-0.1730  	-0.1376  	-0.0546  	0.00312  	-0.0148  	-0.0206  	0.01360  	-0.0179  	0.00589  	0.03495  	-0.0395  	-0.0167  	0.05806  	0.02575  	0.01250  	0.20158  	-0.0276  	0.00568  	-0.0014  	0.03522  	0.06434  	0.40137  	267.172  	162.321  	
0.46757  	0.09676  	-0.3720  	-0.1031  	0.44126  	-0.7269  	-0.1999  	0.19414  	0.13694  	-0.3221  	-0.4756  	0.63144  	0.16346  	-0.1337  	-0.7135  	-0.0001  	0.21211  	-0.0498  	0.62484  	0.08929  	-0.1990  	0.94186  	0.03470  	0.35813  	0.26793  	0.07382  	0.21220  	-0.5879  	-0.5598  	-0.0632  	-0.0341  	0.23033  	-0.0271  	-0.1824  	0.50092  	0.21897  	0.29109  	0.10343  	-0.4729  	0.01159  	0.09794  	0.09446  	-0.1315  	0.23807  	0.06996  	-0.0334  	8.06571  	-0.0425  	-0.0057  	-0.1861  	-0.1239  	-0.0546  	0.00814  	-0.0251  	-0.0295  	0.00568  	-0.0019  	0.01639  	0.04015  	-0.0495  	-0.0276  	0.04521  	0.03411  	0.01062  	0.20158  	-0.0276  	0.00568  	-0.0014  	0.03522  	0.06434  	0.40137  	267.172  	162.321  	
0.25413  	0.05031  	-0.4968  	-0.1360  	0.53935  	-0.8340  	-0.1777  	0.16459  	0.07644  	-0.2980  	-0.3720  	0.47515  	0.15496  	-0.1126  	-0.7304  	-0.1132  	0.23353  	-0.1283  	0.63474  	0.05969  	-0.1383  	0.93706  	-0.0067  	0.45196  	0.41339  	0.04428  	0.46615  	-0.7513  	-0.6499  	-0.0611  	-0.0672  	0.22865  	-0.0690  	-0.1817  	0.60935  	0.24794  	0.38601  	0.12949  	-0.5426  	0.02677  	0.04524  	0.12623  	-0.1777  	0.21471  	0.08125  	-0.0409  	0.00655  	-0.0575  	-0.0109  	-0.1784  	-0.1416  	-0.0516  	-0.0096  	-0.0188  	-0.0254  	-0.0081  	-0.0033  	0.01115  	0.03347  	-0.0498  	-0.0186  	0.03578  	0.03498  	-0.0053  	0.20158  	-0.0276  	0.00568  	-0.0014  	0.03522  	0.06434  	0.40137  	267.172  	162.321  	
-0.0703  	-0.0655  	-0.7050  	-0.2838  	0.49217  	-0.9794  	-0.2518  	0.07348  	0.03770  	-0.3030  	-0.2500  	0.62569  	0.05789  	-0.3286  	-0.8130  	-0.1122  	0.23827  	-0.0544  	0.62334  	0.09151  	-0.1906  	0.85928  	0.03612  	0.40838  	0.25720  	0.09640  	0.31543  	-0.5760  	-0.5421  	-0.0570  	-0.0515  	0.21551  	-0.0664  	-0.1818  	0.52713  	0.25370  	0.26279  	0.05530  	-0.4919  	0.03693  	0.02148  	0.12688  	-0.2165  	0.21869  	0.10523  	-0.0321  	-8.8830  	-0.0947  	-0.0270  	-0.1513  	-0.1280  	-0.0600  	0.00149  	-0.0190  	-0.0194  	-0.0074  	0.00017  	0.01368  	0.04154  	-0.0410  	-0.0244  	0.04275  	0.03630  	0.01485  	0.20158  	-0.0276  	0.00568  	-0.0014  	0.03522  	0.06434  	0.40137  	267.172  	162.321  	
0.21917  	0.03892  	-0.6193  	-0.0237  	0.60663  	-0.8780  	-0.2293  	0.09758  	0.09405  	-0.3887  	-0.4842  	0.71373  	0.11029  	-0.1692  	-0.6116  	-0.0960  	0.23008  	-0.0319  	0.60778  	0.12567  	-0.2919  	0.89914  	0.00097  	0.32233  	0.27260  	0.09863  	0.21232  	-0.4479  	-0.4201  	-0.0287  	-0.0441  	0.18609  	-0.0646  	-0.1621  	0.49984  	0.23815  	0.22677  	0.06480  	-0.4703  	0.02486  	0.06464  	0.08680  	-0.1664  	0.23149  	0.07984  	-0.0401  	0.01666  	-0.0716  	-0.0068  	-0.1618  	-0.1230  	-0.0604  	0.00170  	-0.0240  	-0.0140  	-0.0037  	0.00458  	0.01455  	0.04127  	-0.0462  	-0.0306  	0.04903  	0.03198  	0.01465  	0.20158  	-0.0276  	0.00568  	-0.0014  	0.03522  	0.06434  	0.40137  	267.172  	162.321  	
0.20201  	0.05725  	-0.5922  	-0.0304  	0.61765  	-0.8802  	-0.2256  	0.08779  	0.09323  	-0.3548  	-0.5113  	0.71238  	0.10077  	-0.1882  	-0.7021  	-0.0569  	0.22292  	0.00366  	0.64896  	0.15494  	-0.3327  	0.86963  	-0.0409  	0.28558  	0.28246  	0.10205  	0.18970  	-0.4503  	-0.4260  	-0.0390  	-0.0657  	0.18593  	-0.0529  	-0.1570  	0.49309  	0.25697  	0.21961  	0.06911  	-0.4413  	0.02979  	0.08449  	0.10695  	-0.1470  	0.23035  	0.09783  	-0.0410  	0.01430  	-0.0737  	-0.0046  	-0.1663  	-0.1290  	-0.0603  	-0.0001  	-0.0239  	-0.0162  	-0.0036  	0.00605  	0.01762  	0.03990  	-0.0500  	-0.0286  	0.04939  	0.03214  	0.01286  	0.20158  	-0.0276  	0.00568  	-0.0014  	0.03522  	0.06434  	0.40137  	267.172  	162.321  	
0.14176  	0.03078  	-0.6032  	-0.0412  	0.62414  	-0.8289  	-0.2350  	0.08027  	0.09791  	-0.3194  	-0.4247  	0.71460  	0.05282  	-0.2824  	-0.7802  	-0.0377  	0.19778  	-0.0084  	0.62135  	0.15439  	-0.2700  	0.88265  	-0.0276  	0.30401  	0.23858  	0.10154  	0.16462  	-0.4581  	-0.4657  	-0.0525  	-0.0425  	0.19592  	-0.0548  	-0.1563  	0.47703  	0.25995  	0.23326  	0.08161  	-0.4525  	0.03048  	0.10792  	0.09945  	-0.1604  	0.24307  	0.07769  	-0.0405  	0.00616  	-0.0722  	-0.0133  	-0.1790  	-0.1265  	-0.0568  	0.00575  	-0.0237  	-0.0199  	-0.0073  	0.00905  	0.02585  	0.03602  	-0.0521  	-0.0287  	0.04239  	0.04163  	0.01324  	0.20158  	-0.0276  	0.00568  	-0.0014  	0.03522  	0.06434  	0.40137  	267.172  	162.321  	
0.04608  	-0.0399  	-0.5937  	-0.2961  	0.40084  	-0.8672  	-0.2317  	0.03616  	0.08335  	-0.3016  	-0.3269  	0.57206  	0.01815  	-0.4240  	-0.9725  	-0.0685  	0.23680  	0.00191  	0.62512  	0.14100  	-0.2955  	0.88015  	0.04552  	0.30936  	0.26342  	0.11153  	0.20552  	-0.4887  	-0.4793  	-0.0736  	-0.0318  	0.20487  	-0.1025  	-0.1682  	0.39570  	0.31572  	0.26021  	0.09313  	-0.4600  	0.01017  	0.14747  	0.09374  	-0.1459  	0.24388  	0.08137  	-0.0414  	0.00466  	-0.0657  	-0.0196  	-0.1574  	-0.1301  	-0.0551  	0.01325  	-0.0191  	-0.0159  	-0.0112  	0.00447  	0.02238  	0.03573  	-0.0519  	-0.0309  	0.04650  	0.03343  	0.01759  	0.20158  	-0.0276  	0.00568  	-0.0014  	0.03522  	0.06434  	0.40137  	267.172  	162.321  	
-0.0419  	-0.0256  	-0.6144  	-0.3750  	0.36218  	-0.9481  	-0.2009  	-0.0002  	0.06816  	-0.2841  	-0.2815  	0.53526  	0.00551  	-0.4485  	-1.0014  	-0.1044  	0.24354  	-0.0128  	0.61514  	0.12450  	-0.3318  	0.89259  	0.03737  	0.27563  	0.27930  	0.10660  	0.21160  	-0.4918  	-0.4594  	-0.0851  	-0.0294  	0.19901  	-0.0949  	-0.1700  	0.37277  	0.33083  	0.27038  	0.09404  	-0.4577  	-0.0227  	0.17233  	0.09341  	-0.1417  	0.24898  	0.09103  	-0.0418  	0.00409  	-0.0714  	-0.0179  	-0.1610  	-0.1291  	-0.0580  	0.00958  	-0.0156  	-0.0129  	-0.0044  	0.00145  	0.02311  	0.04098  	-0.0429  	-0.0262  	0.04691  	0.03265  	0.01751  	0.20158  	-0.0276  	0.00568  	-0.0014  	0.03522  	0.06434  	0.40137  	267.172  	162.321  	
-0.1378  	-0.0526  	-0.6745  	-0.4614  	0.32132  	-0.9743  	-0.2438  	-0.0345  	0.04830  	-0.2740  	-0.2555  	0.52353  	-0.0441  	-0.5289  	-1.0413  	-0.0998  	0.24898  	-0.0011  	0.63138  	0.11933  	-0.3461  	0.84387  	0.09370  	0.26187  	0.26390  	0.12489  	0.18662  	-0.4819  	-0.4543  	-0.0939  	-0.0231  	0.20804  	-0.1054  	-0.1685  	0.35969  	0.33895  	0.27122  	0.09660  	-0.4612  	-0.0247  	0.16760  	0.09212  	-0.1529  	0.25633  	0.08556  	-0.0366  	0.00510  	-0.0751  	-0.0229  	-0.1684  	-0.1349  	-0.0501  	0.00946  	-0.0165  	-0.0133  	-0.0071  	0.00263  	0.02044  	0.04236  	-0.0471  	-0.0220  	0.04388  	0.03617  	0.01734  	0.20158  	-0.0276  	0.00568  	-0.0014  	0.03522  	0.06434  	0.40137  	267.172  	162.321  	
-0.1740  	-0.0548  	-0.6949  	-0.4529  	0.33216  	-1.0079  	-0.2341  	-0.0145  	0.04306  	-0.2565  	-0.2610  	0.54602  	-0.0062  	-0.5233  	-1.0146  	-0.0951  	0.22775  	-0.0045  	0.62410  	0.12556  	-0.3995  	0.86918  	0.09807  	0.25528  	0.24691  	0.13330  	0.16075  	-0.4515  	-0.4214  	-0.0857  	-0.0137  	0.20659  	-0.0884  	-0.1681  	0.34261  	0.33114  	0.24286  	0.08801  	-0.4486  	-0.0092  	0.16519  	0.09413  	-0.1459  	0.26532  	0.08509  	-0.0429  	0.00756  	-0.0707  	-0.0176  	-0.1677  	-0.1352  	-0.0511  	0.00470  	-0.0207  	-0.0096  	-0.0089  	0.00152  	0.01881  	0.04106  	-0.0484  	-0.0216  	0.04663  	0.03539  	0.02119  	0.20158  	-0.0276  	0.00568  	-0.0014  	0.03522  	0.06434  	0.40137  	267.172  	162.321  	
-0.1574  	-0.0719  	-0.6925  	-0.3714  	0.37995  	-0.9973  	-0.2295  	-0.0180  	0.04587  	-0.2569  	-0.3287  	0.58780  	0.03178  	-0.5052  	-0.9861  	-0.0867  	0.23949  	-0.0004  	0.60557  	0.14192  	-0.4511  	0.87223  	0.08632  	0.23700  	0.22333  	0.13788  	0.12284  	-0.4080  	-0.3841  	-0.0869  	-0.0039  	0.20162  	-0.0851  	-0.1606  	0.32757  	0.32120  	0.17902  	0.07741  	-0.4244  	0.00610  	0.17834  	0.08756  	-0.1355  	0.26462  	0.08346  	-0.0427  	0.00476  	-0.0608  	-0.0129  	-0.1705  	-0.1329  	-0.0508  	0.00257  	-0.0251  	-0.0089  	-0.0112  	-0.0004  	0.01947  	0.03860  	-0.0516  	-0.0206  	0.04816  	0.03444  	0.02108  	0.20158  	-0.0276  	0.00568  	-0.0014  	0.03522  	0.06434  	0.40137  	267.172  	162.321  	
-0.0920  	-0.0578  	-0.6451  	-0.3125  	0.41109  	-0.9775  	-0.2332  	0.02600  	0.06212  	-0.2602  	-0.3565  	0.62330  	0.05697  	-0.4438  	-0.9420  	-0.0567  	0.24439  	0.00519  	0.58920  	0.14741  	-0.4340  	0.88128  	0.08750  	0.24769  	0.17945  	0.14514  	0.08822  	-0.4087  	-0.3998  	-0.1082  	0.01454  	0.19845  	-0.0660  	-0.1529  	0.34305  	0.28574  	0.17658  	0.08305  	-0.4208  	0.00257  	0.18784  	0.08392  	-0.1390  	0.26049  	0.07313  	-0.0415  	0.00202  	-0.0574  	-0.0186  	-0.1644  	-0.1391  	-0.0486  	0.00354  	-0.0254  	-0.0122  	-0.0123  	-0.0056  	0.01537  	0.03676  	-0.0535  	-0.0188  	0.05390  	0.03624  	0.01922  	0.20158  	-0.0276  	0.00568  	-0.0014  	0.03522  	0.06434  	0.40137  	267.172  	162.321  	
0.15357  	0.03756  	-0.5813  	-0.1526  	0.49607  	-0.8858  	-0.2223  	0.11849  	0.11186  	-0.3112  	-0.3713  	0.69019  	0.09886  	-0.2828  	-0.7955  	-0.0157  	0.23109  	-0.0472  	0.58153  	0.16418  	-0.2954  	0.89485  	0.08018  	0.30081  	0.15237  	0.13341  	0.12505  	-0.5020  	-0.4965  	-0.1103  	-0.0039  	0.19276  	-0.0246  	-0.1602  	0.43399  	0.23447  	0.24643  	0.09506  	-0.4664  	0.00634  	0.14593  	0.08712  	-0.1518  	0.24234  	0.07072  	-0.0361  	0.01289  	-0.0553  	-0.0260  	-0.1629  	-0.1501  	-0.0552  	0.00597  	-0.0223  	-0.0221  	-0.0075  	-0.0079  	0.01141  	0.02791  	-0.0556  	-0.0189  	0.05142  	0.03226  	0.01448  	0.20158  	-0.0276  	0.00568  	-0.0014  	0.03522  	0.06434  	0.40137  	267.172  	162.321  	
0.44409  	0.15674  	-0.3919  	-0.0211  	0.50780  	-0.7429  	-0.2076  	0.23802  	0.16351  	-0.4097  	-0.2914  	0.68626  	0.13618  	-0.0720  	-0.6442  	0.05395  	0.22838  	-0.0844  	0.60076  	0.07166  	-0.0575  	0.88915  	0.07311  	0.37999  	0.14776  	0.09038  	0.24833  	-0.6945  	-0.6691  	-0.0976  	-0.0288  	0.23297  	-0.0148  	-0.1706  	0.58335  	0.14842  	0.38723  	0.14817  	-0.5311  	-0.0290  	0.08516  	0.09391  	-0.1635  	0.22273  	0.06970  	-0.0318  	0.00889  	-0.0599  	-0.0190  	-0.1525  	-0.1400  	-0.0524  	0.01022  	-0.0185  	-0.0192  	-0.0010  	-0.0146  	0.01980  	0.03377  	-0.0548  	-0.0218  	0.05526  	0.03051  	0.00853  	0.20158  	-0.0276  	0.00568  	-0.0014  	0.03522  	0.06434  	0.40137  	267.172  	162.321  	
0.55193  	0.18394  	-0.3362  	0.05072  	0.48298  	-0.6535  	-0.2118  	0.30682  	0.19734  	-0.4760  	-0.2687  	0.69579  	0.12682  	-0.0069  	-0.5207  	0.07024  	0.23183  	-0.1446  	0.59909  	0.01880  	0.06864  	0.91172  	0.11184  	0.43613  	0.14280  	0.07193  	0.34566  	-0.8008  	-0.7820  	-0.1020  	-0.0531  	0.26147  	-0.0119  	-0.1830  	0.66008  	0.09847  	0.48248  	0.16917  	-0.5713  	-0.0754  	0.04947  	0.09759  	-0.1696  	0.22639  	0.07393  	-0.0339  	0.00431  	-0.0666  	-0.0123  	-0.1558  	-0.1464  	-0.0540  	0.01107  	-0.0139  	-0.0225  	0.00831  	-0.0128  	0.01642  	0.03155  	-0.0478  	-0.0193  	0.05558  	0.02492  	0.00771  	0.20158  	-0.0276  	0.00568  	-0.0014  	0.03522  	0.06434  	0.40137  	267.172  	162.321  	
0.61861  	0.18109  	-0.3070  	0.07380  	0.48838  	-0.5969  	-0.2038  	0.33633  	0.21106  	-0.5010  	-0.2695  	0.70332  	0.13238  	0.02323  	-0.4599  	0.09854  	0.25567  	-0.1692  	0.60581  	-0.0090  	0.09571  	0.92972  	0.13312  	0.48563  	0.16856  	0.06471  	0.41242  	-0.8503  	-0.8259  	-0.0914  	-0.0579  	0.27507  	-0.0185  	-0.1855  	0.68786  	0.09178  	0.53246  	0.18047  	-0.5723  	-0.0777  	0.01300  	0.10703  	-0.1695  	0.22327  	0.07333  	-0.0339  	-0.0001  	-0.0577  	-0.0070  	-0.1625  	-0.1455  	-0.0501  	0.00997  	-0.0115  	-0.0209  	0.01381  	-0.0135  	0.01658  	0.03144  	-0.0409  	-0.0200  	0.05205  	0.02877  	0.01217  	0.20158  	-0.0276  	0.00568  	-0.0014  	0.03522  	0.06434  	0.40137  	267.172  	162.321  	
0.61826  	0.17811  	-0.3096  	0.07852  	0.49244  	-0.5932  	-0.2030  	0.33692  	0.21008  	-0.4995  	-0.2698  	0.70224  	0.13252  	0.01939  	-0.4595  	0.09872  	0.25838  	-0.1692  	0.60489  	-0.0066  	0.09240  	0.92743  	0.13260  	0.48781  	0.16917  	0.06443  	0.41337  	-0.8491  	-0.8258  	-0.0908  	-0.0586  	0.27546  	-0.0196  	-0.1855  	0.68708  	0.09222  	0.53056  	0.18105  	-0.5708  	-0.0783  	0.01010  	0.10694  	-0.1697  	0.22323  	0.07356  	-0.0332  	-0.0005  	-0.0582  	-0.0072  	-0.1633  	-0.1453  	-0.0498  	0.00986  	-0.0121  	-0.0207  	0.01323  	-0.0131  	0.01677  	0.03110  	-0.0417  	-0.0202  	0.05189  	0.02917  	0.01246  	0.20158  	-0.0276  	0.00568  	-0.0014  	0.03522  	0.06434  	0.40137  	267.172  	162.321  	
0.61826  	0.17811  	-0.3096  	0.07852  	0.49244  	-0.5932  	-0.2030  	0.33692  	0.21008  	-0.4995  	-0.2698  	0.70224  	0.13252  	0.01939  	-0.4595  	0.09872  	0.25838  	-0.1692  	0.60489  	-0.0066  	0.09240  	0.92743  	0.13260  	0.48781  	0.16917  	0.06443  	0.41337  	-0.8491  	-0.8258  	-0.0908  	-0.0586  	0.27546  	-0.0196  	-0.1855  	0.68708  	0.09222  	0.53056  	0.18105  	-0.5708  	-0.0783  	0.01010  	0.10694  	-0.1697  	0.22323  	0.07356  	-0.0332  	-0.0005  	-0.0582  	-0.0072  	-0.1633  	-0.1453  	-0.0498  	0.00986  	-0.0121  	-0.0207  	0.01323  	-0.0131  	0.01677  	0.03110  	-0.0417  	-0.0202  	0.05189  	0.02917  	0.01246  	0.20158  	-0.0276  	0.00568  	-0.0014  	0.03522  	0.06434  	0.40137  	267.172  	162.321  	
0.61826  	0.17811  	-0.3096  	0.07852  	0.49244  	-0.5932  	-0.2030  	0.33692  	0.21008  	-0.4995  	-0.2698  	0.70224  	0.13252  	0.01939  	-0.4595  	0.09872  	0.25838  	-0.1692  	0.60489  	-0.0066  	0.09240  	0.92743  	0.13260  	0.48781  	0.16917  	0.06443  	0.41337  	-0.8491  	-0.8258  	-0.0908  	-0.0586  	0.27546  	-0.0196  	-0.1855  	0.68708  	0.09222  	0.53056  	0.18105  	-0.5708  	-0.0783  	0.01010  	0.10694  	-0.1697  	0.22323  	0.07356  	-0.0332  	-0.0005  	-0.0582  	-0.0072  	-0.1633  	-0.1453  	-0.0498  	0.00986  	-0.0121  	-0.0207  	0.01323  	-0.0131  	0.01677  	0.03110  	-0.0417  	-0.0202  	0.05189  	0.02917  	0.01246  	0.20158  	-0.0276  	0.00568  	-0.0014  	0.03522  	0.06434  	0.40137  	267.172  	162.321  	
0.61826  	0.17811  	-0.3096  	0.07852  	0.49244  	-0.5932  	-0.2030  	0.33692  	0.21008  	-0.4995  	-0.2698  	0.70224  	0.13252  	0.01939  	-0.4595  	0.09872  	0.25838  	-0.1692  	0.60489  	-0.0066  	0.09240  	0.92743  	0.13260  	0.48781  	0.16917  	0.06443  	0.41337  	-0.8491  	-0.8258  	-0.0908  	-0.0586  	0.27546  	-0.0196  	-0.1855  	0.68708  	0.09222  	0.53056  	0.18105  	-0.5708  	-0.0783  	0.01010  	0.10694  	-0.1697  	0.22323  	0.07356  	-0.0332  	-0.0005  	-0.0582  	-0.0072  	-0.1633  	-0.1453  	-0.0498  	0.00986  	-0.0121  	-0.0207  	0.01323  	-0.0131  	0.01677  	0.03110  	-0.0417  	-0.0202  	0.05189  	0.02917  	0.01246  	0.20158  	-0.0276  	0.00568  	-0.0014  	0.03522  	0.06434  	0.40137  	267.172  	162.321  	
0.61826  	0.17811  	-0.3096  	0.07852  	0.49244  	-0.5932  	-0.2030  	0.33692  	0.21008  	-0.4995  	-0.2698  	0.70224  	0.13252  	0.01939  	-0.4595  	0.09872  	0.25838  	-0.1692  	0.60489  	-0.0066  	0.09240  	0.92743  	0.13260  	0.48781  	0.16917  	0.06443  	0.41337  	-0.8491  	-0.8258  	-0.0908  	-0.0586  	0.27546  	-0.0196  	-0.1855  	0.68708  	0.09222  	0.53056  	0.18105  	-0.5708  	-0.0783  	0.01010  	0.10694  	-0.1697  	0.22323  	0.07356  	-0.0332  	-0.0005  	-0.0582  	-0.0072  	-0.1633  	-0.1453  	-0.0498  	0.00986  	-0.0121  	-0.0207  	0.01323  	-0.0131  	0.01677  	0.03110  	-0.0417  	-0.0202  	0.05189  	0.02917  	0.01246  	0.20158  	-0.0276  	0.00568  	-0.0014  	0.03522  	0.06434  	0.40137  	267.172  	162.321  	
0.61826  	0.17811  	-0.3096  	0.07852  	0.49244  	-0.5932  	-0.2030  	0.33692  	0.21008  	-0.4995  	-0.2698  	0.70224  	0.13252  	0.01939  	-0.4595  	0.09872  	0.25838  	-0.1692  	0.60489  	-0.0066  	0.09240  	0.92743  	0.13260  	0.48781  	0.16917  	0.06443  	0.41337  	-0.8491  	-0.8258  	-0.0908  	-0.0586  	0.27546  	-0.0196  	-0.1855  	0.68708  	0.09222  	0.53056  	0.18105  	-0.5708  	-0.0783  	0.01010  	0.10694  	-0.1697  	0.22323  	0.07356  	-0.0332  	-0.0005  	-0.0582  	-0.0072  	-0.1633  	-0.1453  	-0.0498  	0.00986  	-0.0121  	-0.0207  	0.01323  	-0.0131  	0.01677  	0.03110  	-0.0417  	-0.0202  	0.05189  	0.02917  	0.01246  	0.20158  	-0.0276  	0.00568  	-0.0014  	0.03522  	0.06434  	0.40137  	267.172  	162.321  	
0.61826  	0.17811  	-0.3096  	0.07852  	0.49244  	-0.5932  	-0.2030  	0.33692  	0.21008  	-0.4995  	-0.2698  	0.70224  	0.13252  	0.01939  	-0.4595  	0.09872  	0.25838  	-0.1692  	0.60489  	-0.0066  	0.09240  	0.92743  	0.13260  	0.48781  	0.16917  	0.06443  	0.41337  	-0.8491  	-0.8258  	-0.0908  	-0.0586  	0.27546  	-0.0196  	-0.1855  	0.68708  	0.09222  	0.53056  	0.18105  	-0.5708  	-0.0783  	0.01010  	0.10694  	-0.1697  	0.22323  	0.07356  	-0.0332  	-0.0005  	-0.0582  	-0.0072  	-0.1633  	-0.1453  	-0.0498  	0.00986  	-0.0121  	-0.0207  	0.01323  	-0.0131  	0.01677  	0.03110  	-0.0417  	-0.0202  	0.05189  	0.02917  	0.01246  	0.20158  	-0.0276  	0.00568  	-0.0014  	0.03522  	0.06434  	0.40137  	267.172  	162.321  	
0.61826  	0.17811  	-0.3096  	0.07852  	0.49244  	-0.5932  	-0.2030  	0.33692  	0.21008  	-0.4995  	-0.2698  	0.70224  	0.13252  	0.01939  	-0.4595  	0.09872  	0.25838  	-0.1692  	0.60489  	-0.0066  	0.09240  	0.92743  	0.13260  	0.48781  	0.16917  	0.06443  	0.41337  	-0.8491  	-0.8258  	-0.0908  	-0.0586  	0.27546  	-0.0196  	-0.1855  	0.68708  	0.09222  	0.53056  	0.18105  	-0.5708  	-0.0783  	0.01010  	0.10694  	-0.1697  	0.22323  	0.07356  	-0.0332  	-0.0005  	-0.0582  	-0.0072  	-0.1633  	-0.1453  	-0.0498  	0.00986  	-0.0121  	-0.0207  	0.01323  	-0.0131  	0.01677  	0.03110  	-0.0417  	-0.0202  	0.05189  	0.02917  	0.01246  	0.20158  	-0.0276  	0.00568  	-0.0014  	0.03522  	0.06434  	0.40137  	267.172  	162.321  	
0.61826  	0.17811  	-0.3096  	0.07852  	0.49244  	-0.5932  	-0.2030  	0.33692  	0.21008  	-0.4995  	-0.2698  	0.70224  	0.13252  	0.01939  	-0.4595  	0.09872  	0.25838  	-0.1692  	0.60489  	-0.0066  	0.09240  	0.92743  	0.13260  	0.48781  	0.16917  	0.06443  	0.41337  	-0.8491  	-0.8258  	-0.0908  	-0.0586  	0.27546  	-0.0196  	-0.1855  	0.68708  	0.09222  	0.53056  	0.18105  	-0.5708  	-0.0783  	0.01010  	0.10694  	-0.1697  	0.22323  	0.07356  	-0.0332  	-0.0005  	-0.0582  	-0.0072  	-0.1633  	-0.1453  	-0.0498  	0.00986  	-0.0121  	-0.0207  	0.01323  	-0.0131  	0.01677  	0.03110  	-0.0417  	-0.0202  	0.05189  	0.02917  	0.01246  	0.20158  	-0.0276  	0.00568  	-0.0014  	0.03522  	0.06434  	0.40137  	267.172  	162.321  	
0.61826  	0.17811  	-0.3096  	0.07852  	0.49244  	-0.5932  	-0.2030  	0.33692  	0.21008  	-0.4995  	-0.2698  	0.70224  	0.13252  	0.01939  	-0.4595  	0.09872  	0.25838  	-0.1692  	0.60489  	-0.0066  	0.09240  	0.92743  	0.13260  	0.48781  	0.16917  	0.06443  	0.41337  	-0.8491  	-0.8258  	-0.0908  	-0.0586  	0.27546  	-0.0196  	-0.1855  	0.68708  	0.09222  	0.53056  	0.18105  	-0.5708  	-0.0783  	0.01010  	0.10694  	-0.1697  	0.22323  	0.07356  	-0.0332  	-0.0005  	-0.0582  	-0.0072  	-0.1633  	-0.1453  	-0.0498  	0.00986  	-0.0121  	-0.0207  	0.01323  	-0.0131  	0.01677  	0.03110  	-0.0417  	-0.0202  	0.05189  	0.02917  	0.01246  	0.20158  	-0.0276  	0.00568  	-0.0014  	0.03522  	0.06434  	0.40137  	267.172  	162.321  	
0.61826  	0.17811  	-0.3096  	0.07852  	0.49244  	-0.5932  	-0.2030  	0.33692  	0.21008  	-0.4995  	-0.2698  	0.70224  	0.13252  	0.01939  	-0.4595  	0.09872  	0.25838  	-0.1692  	0.60489  	-0.0066  	0.09240  	0.92743  	0.13260  	0.48781  	0.16917  	0.06443  	0.41337  	-0.8491  	-0.8258  	-0.0908  	-0.0586  	0.27546  	-0.0196  	-0.1855  	0.68708  	0.09222  	0.53056  	0.18105  	-0.5708  	-0.0783  	0.01010  	0.10694  	-0.1697  	0.22323  	0.07356  	-0.0332  	-0.0005  	-0.0582  	-0.0072  	-0.1633  	-0.1453  	-0.0498  	0.00986  	-0.0121  	-0.0207  	0.01323  	-0.0131  	0.01677  	0.03110  	-0.0417  	-0.0202  	0.05189  	0.02917  	0.01246  	0.20158  	-0.0276  	0.00568  	-0.0014  	0.03522  	0.06434  	0.40137  	267.172  	162.321  	
0.61826  	0.17811  	-0.3096  	0.07852  	0.49244  	-0.5932  	-0.2030  	0.33692  	0.21008  	-0.4995  	-0.2698  	0.70224  	0.13252  	0.01939  	-0.4595  	0.09872  	0.25838  	-0.1692  	0.60489  	-0.0066  	0.09240  	0.92743  	0.13260  	0.48781  	0.16917  	0.06443  	0.41337  	-0.8491  	-0.8258  	-0.0908  	-0.0586  	0.27546  	-0.0196  	-0.1855  	0.68708  	0.09222  	0.53056  	0.18105  	-0.5708  	-0.0783  	0.01010  	0.10694  	-0.1697  	0.22323  	0.07356  	-0.0332  	-0.0005  	-0.0582  	-0.0072  	-0.1633  	-0.1453  	-0.0498  	0.00986  	-0.0121  	-0.0207  	0.01323  	-0.0131  	0.01677  	0.03110  	-0.0417  	-0.0202  	0.05189  	0.02917  	0.01246  	0.20158  	-0.0276  	0.00568  	-0.0014  	0.03522  	0.06434  	0.40137  	267.172  	162.321  	
0.61826  	0.17811  	-0.3096  	0.07852  	0.49244  	-0.5932  	-0.2030  	0.33692  	0.21008  	-0.4995  	-0.2698  	0.70224  	0.13252  	0.01939  	-0.4595  	0.09872  	0.25838  	-0.1692  	0.60489  	-0.0066  	0.09240  	0.92743  	0.13260  	0.48781  	0.16917  	0.06443  	0.41337  	-0.8491  	-0.8258  	-0.0908  	-0.0586  	0.27546  	-0.0196  	-0.1855  	0.68708  	0.09222  	0.53056  	0.18105  	-0.5708  	-0.0783  	0.01010  	0.10694  	-0.1697  	0.22323  	0.07356  	-0.0332  	-0.0005  	-0.0582  	-0.0072  	-0.1633  	-0.1453  	-0.0498  	0.00986  	-0.0121  	-0.0207  	0.01323  	-0.0131  	0.01677  	0.03110  	-0.0417  	-0.0202  	0.05189  	0.02917  	0.01246  	0.20158  	-0.0276  	0.00568  	-0.0014  	0.03522  	0.06434  	0.40137  	267.172  	162.321  	
0.61826  	0.17811  	-0.3096  	0.07852  	0.49244  	-0.5932  	-0.2030  	0.33692  	0.21008  	-0.4995  	-0.2698  	0.70224  	0.13252  	0.01939  	-0.4595  	0.09872  	0.25838  	-0.1692  	0.60489  	-0.0066  	0.09240  	0.92743  	0.13260  	0.48781  	0.16917  	0.06443  	0.41337  	-0.8491  	-0.8258  	-0.0908  	-0.0586  	0.27546  	-0.0196  	-0.1855  	0.68708  	0.09222  	0.53056  	0.18105  	-0.5708  	-0.0783  	0.01010  	0.10694  	-0.1697  	0.22323  	0.07356  	-0.0332  	-0.0005  	-0.0582  	-0.0072  	-0.1633  	-0.1453  	-0.0498  	0.00986  	-0.0121  	-0.0207  	0.01323  	-0.0131  	0.01677  	0.03110  	-0.0417  	-0.0202  	0.05189  	0.02917  	0.01246  	0.20158  	-0.0276  	0.00568  	-0.0014  	0.03522  	0.06434  	0.40137  	267.172  	162.321  	
0.61826  	0.17811  	-0.3096  	0.07852  	0.49244  	-0.5932  	-0.2030  	0.33692  	0.21008  	-0.4995  	-0.2698  	0.70224  	0.13252  	0.01939  	-0.4595  	0.09872  	0.25838  	-0.1692  	0.60489  	-0.0066  	0.09240  	0.92743  	0.13260  	0.48781  	0.16917  	0.06443  	0.41337  	-0.8491  	-0.8258  	-0.0908  	-0.0586  	0.27546  	-0.0196  	-0.1855  	0.68708  	0.09222  	0.53056  	0.18105  	-0.5708  	-0.0783  	0.01010  	0.10694  	-0.1697  	0.22323  	0.07356  	-0.0332  	-0.0005  	-0.0582  	-0.0072  	-0.1633  	-0.1453  	-0.0498  	0.00986  	-0.0121  	-0.0207  	0.01323  	-0.0131  	0.01677  	0.03110  	-0.0417  	-0.0202  	0.05189  	0.02917  	0.01246  	0.20158  	-0.0276  	0.00568  	-0.0014  	0.03522  	0.06434  	0.40137  	267.172  	162.321  	
0.61826  	0.17811  	-0.3096  	0.07852  	0.49244  	-0.5932  	-0.2030  	0.33692  	0.21008  	-0.4995  	-0.2698  	0.70224  	0.13252  	0.01939  	-0.4595  	0.09872  	0.25838  	-0.1692  	0.60489  	-0.0066  	0.09240  	0.92743  	0.13260  	0.48781  	0.16917  	0.06443  	0.41337  	-0.8491  	-0.8258  	-0.0908  	-0.0586  	0.27546  	-0.0196  	-0.1855  	0.68708  	0.09222  	0.53056  	0.18105  	-0.5708  	-0.0783  	0.01010  	0.10694  	-0.1697  	0.22323  	0.07356  	-0.0332  	-0.0005  	-0.0582  	-0.0072  	-0.1633  	-0.1453  	-0.0498  	0.00986  	-0.0121  	-0.0207  	0.01323  	-0.0131  	0.01677  	0.03110  	-0.0417  	-0.0202  	0.05189  	0.02917  	0.01246  	0.20158  	-0.0276  	0.00568  	-0.0014  	0.03522  	0.06434  	0.40137  	267.172  	162.321  	
0.61826  	0.17811  	-0.3096  	0.07852  	0.49244  	-0.5932  	-0.2030  	0.33692  	0.21008  	-0.4995  	-0.2698  	0.70224  	0.13252  	0.01939  	-0.4595  	0.09872  	0.25838  	-0.1692  	0.60489  	-0.0066  	0.09240  	0.92743  	0.13260  	0.48781  	0.16917  	0.06443  	0.41337  	-0.8491  	-0.8258  	-0.0908  	-0.0586  	0.27546  	-0.0196  	-0.1855  	0.68708  	0.09222  	0.53056  	0.18105  	-0.5708  	-0.0783  	0.01010  	0.10694  	-0.1697  	0.22323  	0.07356  	-0.0332  	-0.0005  	-0.0582  	-0.0072  	-0.1633  	-0.1453  	-0.0498  	0.00986  	-0.0121  	-0.0207  	0.01323  	-0.0131  	0.01677  	0.03110  	-0.0417  	-0.0202  	0.05189  	0.02917  	0.01246  	0.20158  	-0.0276  	0.00568  	-0.0014  	0.03522  	0.06434  	0.40137  	267.172  	162.321  	
0.61826  	0.17811  	-0.3096  	0.07852  	0.49244  	-0.5932  	-0.2030  	0.33692  	0.21008  	-0.4995  	-0.2698  	0.70224  	0.13252  	0.01939  	-0.4595  	0.09872  	0.25838  	-0.1692  	0.60489  	-0.0066  	0.09240  	0.92743  	0.13260  	0.48781  	0.16917  	0.06443  	0.41337  	-0.8491  	-0.8258  	-0.0908  	-0.0586  	0.27546  	-0.0196  	-0.1855  	0.68708  	0.09222  	0.53056  	0.18105  	-0.5708  	-0.0783  	0.01010  	0.10694  	-0.1697  	0.22323  	0.07356  	-0.0332  	-0.0005  	-0.0582  	-0.0072  	-0.1633  	-0.1453  	-0.0498  	0.00986  	-0.0121  	-0.0207  	0.01323  	-0.0131  	0.01677  	0.03110  	-0.0417  	-0.0202  	0.05189  	0.02917  	0.01246  	0.20158  	-0.0276  	0.00568  	-0.0014  	0.03522  	0.06434  	0.40137  	267.172  	162.321  	
0.64780  	0.18959  	-0.2979  	0.12712  	0.55223  	-0.5754  	-0.1883  	0.32114  	0.19557  	-0.4875  	-0.3406  	0.68256  	0.15985  	0.05176  	-0.4573  	0.10245  	0.24964  	-0.1557  	0.60329  	0.01221  	0.04477  	0.94017  	0.10040  	0.49897  	0.21545  	0.06717  	0.43106  	-0.8250  	-0.7711  	-0.0793  	-0.0675  	0.25887  	-0.0228  	-0.1891  	0.68635  	0.11777  	0.48081  	0.15065  	-0.5528  	-0.0555  	-0.0134  	0.11174  	-0.1714  	0.22526  	0.07647  	-0.0339  	-0.0017  	-0.0524  	-0.0009  	-0.1603  	-0.1349  	-0.0527  	0.00949  	-0.0180  	-0.0197  	0.01307  	-0.0126  	0.01703  	0.03050  	-0.0444  	-0.0235  	0.05353  	0.03437  	0.00967  	0.20158  	-0.0276  	0.00568  	-0.0014  	0.03522  	0.06434  	0.40137  	267.172  	162.321  	
0.71184  	0.20092  	-0.2257  	0.28321  	0.66325  	-0.5664  	-0.1958  	0.37781  	0.18480  	-0.4626  	-0.5640  	0.59517  	0.31808  	0.08581  	-0.3951  	-0.0164  	0.34585  	-0.2999  	0.68560  	-0.2451  	-0.0944  	0.76195  	-0.2817  	0.40660  	0.32305  	0.14420  	0.40660  	-0.7810  	-0.4825  	-0.0041  	0.02829  	0.18806  	-0.1402  	-0.3416  	0.50674  	0.17180  	0.24085  	0.09594  	-0.5591  	-0.0850  	0.10266  	0.25185  	-0.2588  	0.31601  	0.01460  	-0.0142  	-0.0513  	0.01155  	0.00801  	-0.1825  	-0.1205  	-0.0519  	0.01024  	-0.0012  	-0.0097  	0.02707  	-0.0098  	-0.0031  	0.03710  	-0.0315  	-0.0215  	0.04626  	0.01185  	0.01063  	0.20158  	-0.0276  	0.00568  	-0.0014  	0.03522  	0.06434  	0.40137  	267.172  	162.321  	
0.63779  	0.19520  	-0.4202  	0.53906  	0.85974  	-0.6684  	-0.2039  	0.38638  	0.12314  	-0.4279  	-0.7219  	0.66049  	0.43694  	0.19980  	-0.1504  	-0.1730  	0.38510  	-0.4179  	0.71141  	-0.4248  	-0.1307  	0.59806  	-0.5281  	0.37147  	0.34275  	0.20214  	0.43644  	-0.7911  	-0.2574  	0.05050  	0.12484  	0.12686  	-0.2239  	-0.4602  	0.51639  	0.19067  	0.05339  	0.04312  	-0.6434  	-0.0967  	0.10703  	0.36953  	-0.3839  	0.37713  	-0.0200  	0.00719  	-0.0585  	0.00420  	-0.0115  	-0.1958  	-0.1133  	-0.0498  	0.00998  	0.00250  	-0.0039  	0.02934  	-0.0089  	-0.0083  	0.03351  	-0.0199  	-0.0150  	0.05174  	-0.0095  	0.00025  	0.20158  	-0.0276  	0.00568  	-0.0014  	0.03522  	0.06434  	0.40137  	267.172  	162.321  	
0.25110  	0.07049  	-0.6221  	0.50365  	0.89661  	-0.9437  	-0.1961  	0.31407  	0.04560  	-0.3217  	-0.5214  	0.73294  	0.35669  	0.17102  	-0.0431  	-0.2577  	0.36379  	-0.4832  	0.71921  	-0.4178  	-0.0847  	0.57608  	-0.6573  	0.50854  	0.22930  	0.25228  	0.38141  	-0.8531  	-0.3807  	-0.0230  	0.17969  	0.09085  	-0.1901  	-0.5060  	0.61598  	0.14273  	0.11359  	5.21894  	-0.7575  	-0.0752  	0.04091  	0.46277  	-0.4726  	0.36332  	-0.0366  	0.00604  	-0.0381  	-0.0327  	-0.0408  	-0.1928  	-0.1166  	-0.0417  	-0.0159  	0.00963  	-0.0254  	0.00121  	-0.0226  	-0.0216  	0.04305  	-0.0268  	-0.0233  	0.06195  	-0.0310  	-0.0009  	0.20158  	-0.0276  	0.00568  	-0.0014  	0.03522  	0.06434  	0.40137  	267.172  	162.321  	
-0.0961  	-0.0240  	-0.6513  	-0.3330  	0.58625  	-1.1521  	-0.2284  	0.12057  	0.06253  	-0.3017  	-0.2214  	0.64120  	0.14078  	-0.4103  	-0.7185  	-0.2712  	0.37130  	-0.3202  	0.71040  	-0.3143  	-0.1657  	0.43530  	-0.4987  	0.39678  	0.03973  	0.31150  	0.21058  	-0.6832  	-0.4450  	-0.1435  	0.20552  	0.12327  	-0.1901  	-0.4550  	0.46846  	0.21974  	0.13812  	0.09162  	-0.7210  	-0.1506  	0.18383  	0.36937  	-0.4266  	0.35155  	-0.0202  	0.01526  	-0.0411  	-0.0536  	-0.0373  	-0.1903  	-0.1316  	-0.0399  	-0.0007  	0.00956  	-0.0084  	-0.0111  	-0.0078  	0.00107  	0.03923  	-0.0311  	-0.0065  	0.05191  	-0.0079  	0.01239  	0.20158  	-0.0276  	0.00568  	-0.0014  	0.03522  	0.06434  	0.40137  	267.172  	162.321  	
-0.0729  	-0.0579  	-0.6028  	-0.4209  	0.34198  	-1.0340  	-0.2345  	0.01895  	0.03473  	-0.2662  	-0.2372  	0.54417  	0.06783  	-0.4882  	-0.9646  	-0.2227  	0.35377  	-0.1523  	0.70530  	-0.1389  	-0.2341  	0.62753  	-0.2179  	0.32729  	0.22261  	0.21743  	0.17909  	-0.6149  	-0.4202  	-0.0951  	0.10813  	0.13350  	-0.2038  	-0.3413  	0.29997  	0.29757  	0.18759  	0.08841  	-0.5698  	-0.0707  	0.21058  	0.23206  	-0.2867  	0.30533  	0.03804  	-0.0265  	-0.0232  	-0.0549  	-0.0360  	-0.1664  	-0.1232  	-0.0541  	-0.0027  	-0.0029  	-0.0108  	-0.0056  	-0.0011  	0.00854  	0.02732  	-0.0345  	-0.0221  	0.03954  	0.02450  	0.01608  	0.20158  	-0.0276  	0.00568  	-0.0014  	0.03522  	0.06434  	0.40137  	267.172  	162.321  	
-0.0763  	-0.0427  	-0.6596  	-0.3584  	0.36735  	-0.9349  	-0.2202  	-0.0242  	0.06845  	-0.2988  	-0.2947  	0.57071  	-0.0056  	-0.5148  	-0.9611  	-0.0993  	0.25833  	-0.0075  	0.61482  	0.12376  	-0.3091  	0.87901  	0.05943  	0.28087  	0.25069  	0.11508  	0.21227  	-0.4808  	-0.4345  	-0.0656  	-0.0133  	0.20749  	-0.0951  	-0.1721  	0.36244  	0.32662  	0.24582  	0.08024  	-0.4547  	0.00071  	0.16083  	0.09094  	-0.1548  	0.24589  	0.09363  	-0.0412  	0.00920  	-0.0729  	-0.0180  	-0.1673  	-0.1298  	-0.0582  	0.00679  	-0.0189  	-0.0128  	-0.0054  	-0.0032  	0.01977  	0.03317  	-0.0451  	-0.0216  	0.04335  	0.03295  	0.01974  	0.20158  	-0.0276  	0.00568  	-0.0014  	0.03522  	0.06434  	0.40137  	267.172  	162.321  	
0.08230  	-0.0193  	-0.6480  	-0.2147  	0.44278  	-0.8723  	-0.2885  	0.00014  	0.03602  	-0.3344  	-0.2816  	0.64326  	-0.0166  	-0.5170  	-0.9666  	-0.0311  	0.24357  	-0.0361  	0.64848  	0.12645  	-0.2657  	0.87691  	0.07203  	0.35388  	0.26755  	0.10582  	0.27241  	-0.5053  	-0.5143  	-0.0547  	-0.0505  	0.23102  	-0.1024  	-0.1817  	0.45354  	0.31552  	0.30222  	0.08705  	-0.4854  	0.00552  	0.09603  	0.10559  	-0.1673  	0.24528  	0.08468  	-0.0348  	0.00287  	-0.0777  	-0.0212  	-0.1698  	-0.1326  	-0.0556  	0.00608  	-0.0188  	-0.0151  	-0.0029  	0.00596  	0.02604  	0.04036  	-0.0569  	-0.0298  	0.04109  	0.03277  	0.00702  	0.20158  	-0.0276  	0.00568  	-0.0014  	0.03522  	0.06434  	0.40137  	267.172  	162.321  	
0.15427  	-0.0326  	-0.6082  	-0.1698  	0.46202  	-0.8408  	-0.2770  	0.02071  	0.05605  	-0.2426  	-0.2523  	0.65129  	0.01023  	-0.5192  	-1.0929  	0.11348  	0.22845  	0.00410  	0.63644  	0.14402  	-0.3274  	0.84037  	-0.0055  	0.33439  	0.28133  	0.09403  	0.22268  	-0.4852  	-0.5236  	-0.0578  	-0.0440  	0.23736  	-0.0910  	-0.1918  	0.47507  	0.34797  	0.29062  	0.07444  	-0.4740  	0.01722  	0.08403  	0.10298  	-0.1564  	0.24134  	0.09467  	-0.0292  	0.00657  	-0.0719  	-0.0144  	-0.1651  	-0.1217  	-0.0574  	0.01121  	-0.0238  	-0.0121  	-0.0023  	0.00075  	0.01867  	0.03570  	-0.0451  	-0.0346  	0.03084  	0.03017  	0.01960  	0.20158  	-0.0276  	0.00568  	-0.0014  	0.03522  	0.06434  	0.40137  	267.172  	162.321  	
0.14405  	-0.0394  	-0.5944  	-0.1104  	0.53151  	-0.8534  	-0.2464  	0.01160  	0.04496  	-0.2609  	-0.3059  	0.62629  	0.02828  	-0.4680  	-0.9553  	0.09033  	0.23012  	-0.0240  	0.64124  	0.12250  	-0.3000  	0.89555  	-0.0516  	0.35947  	0.37530  	0.06008  	0.28428  	-0.4574  	-0.4845  	-0.0119  	-0.0746  	0.25364  	-0.1203  	-0.1955  	0.47999  	0.38113  	0.28273  	0.07985  	-0.4859  	0.01576  	0.05994  	0.10546  	-0.1742  	0.24279  	0.08613  	-0.0354  	0.00070  	-0.0708  	-0.0076  	-0.1705  	-0.1130  	-0.0587  	0.01147  	-0.0218  	-0.0100  	0.00233  	0.00752  	0.02429  	0.03686  	-0.0412  	-0.0261  	0.02045  	0.03913  	0.01669  	0.20158  	-0.0276  	0.00568  	-0.0014  	0.03522  	0.06434  	0.40137  	267.172  	162.321  	
0.12144  	-0.0480  	-0.6601  	-0.0773  	0.53871  	-0.8257  	-0.2534  	-0.0340  	0.00048  	-0.3347  	-0.3351  	0.58743  	-0.0048  	-0.4627  	-0.9063  	0.02957  	0.25206  	-0.0635  	0.62916  	0.10181  	-0.2976  	0.87874  	-0.0327  	0.38984  	0.37074  	0.05660  	0.32382  	-0.4884  	-0.5225  	0.00911  	-0.0851  	0.26903  	-0.1318  	-0.1843  	0.52319  	0.39046  	0.30409  	0.08319  	-0.4943  	0.00100  	0.04216  	0.10567  	-0.1869  	0.22218  	0.09126  	-0.0317  	-0.0029  	-0.0870  	-0.0140  	-0.1633  	-0.1115  	-0.0523  	0.00802  	-0.0195  	-0.0103  	0.00407  	0.00720  	0.02861  	0.04050  	-0.0490  	-0.0343  	0.01978  	0.03950  	0.00974  	0.20158  	-0.0276  	0.00568  	-0.0014  	0.03522  	0.06434  	0.40137  	267.172  	162.321  	
0.23422  	-0.0201  	-0.5586  	-0.0187  	0.60970  	-0.8438  	-0.2143  	0.00860  	0.01818  	-0.2497  	-0.3374  	0.64808  	0.01959  	-0.4709  	-0.9397  	0.16395  	0.20635  	-0.0336  	0.63153  	0.14627  	-0.3541  	0.87541  	-0.0947  	0.37319  	0.37227  	0.05157  	0.31959  	-0.4659  	-0.5436  	-0.0158  	-0.0816  	0.26717  	-0.1293  	-0.1906  	0.51286  	0.39711  	0.28985  	0.08616  	-0.4779  	0.02784  	0.03826  	0.13110  	-0.1852  	0.22625  	0.09675  	-0.0350  	-0.0042  	-0.0714  	-0.0068  	-0.1749  	-0.1191  	-0.0547  	0.01445  	-0.0186  	-0.0124  	-0.0003  	0.01171  	0.02016  	0.03815  	-0.0463  	-0.0337  	0.02871  	0.03683  	0.01456  	0.20158  	-0.0276  	0.00568  	-0.0014  	0.03522  	0.06434  	0.40137  	267.172  	162.321  	
0.28284  	0.01571  	-0.5195  	0.04936  	0.62004  	-0.8164  	-0.2086  	0.03978  	0.03056  	-0.2813  	-0.3567  	0.70096  	0.00954  	-0.4397  	-0.9130  	0.17236  	0.21161  	-0.0332  	0.65143  	0.16313  	-0.3256  	0.90402  	-0.1292  	0.39771  	0.39192  	0.04754  	0.36034  	-0.4763  	-0.5142  	-0.0124  	-0.1102  	0.27649  	-0.1196  	-0.1959  	0.52502  	0.40546  	0.28513  	0.09434  	-0.4684  	0.02078  	0.02784  	0.13112  	-0.1850  	0.23171  	0.08710  	-0.0386  	-0.0103  	-0.0578  	-0.0001  	-0.1772  	-0.1164  	-0.0612  	0.01176  	-0.0188  	-0.0130  	-0.0009  	0.01130  	0.02151  	0.03825  	-0.0450  	-0.0333  	0.02455  	0.04206  	0.01441  	0.20158  	-0.0276  	0.00568  	-0.0014  	0.03522  	0.06434  	0.40137  	267.172  	162.321  	
0.29802  	0.03711  	-0.5747  	0.15377  	0.65703  	-0.7642  	-0.2518  	0.08832  	0.04117  	-0.3515  	-0.5060  	0.70310  	0.03683  	-0.2577  	-0.7874  	0.04786  	0.24348  	-0.0837  	0.63789  	0.14990  	-0.3122  	0.90407  	-0.0850  	0.42448  	0.42185  	0.06420  	0.39519  	-0.4612  	-0.4295  	0.01866  	-0.1398  	0.25803  	-0.0917  	-0.1810  	0.51530  	0.37025  	0.24967  	0.07732  	-0.4377  	0.00795  	0.01378  	0.12900  	-0.1528  	0.23603  	0.09548  	-0.0293  	-0.0108  	-0.0504  	-0.0041  	-0.1923  	-0.1147  	-0.0577  	0.01227  	-0.0229  	-0.0206  	0.00829  	0.00660  	0.01961  	0.04314  	-0.0427  	-0.0320  	0.03062  	0.01869  	0.01900  	0.20158  	-0.0276  	0.00568  	-0.0014  	0.03522  	0.06434  	0.40137  	267.172  	162.321  	
0.31994  	0.03852  	-0.5913  	0.23344  	0.76648  	-0.7715  	-0.1925  	0.13192  	0.07629  	-0.3976  	-0.5522  	0.74321  	0.15125  	-0.0737  	-0.5304  	-0.0580  	0.23332  	-0.0553  	0.61718  	0.11367  	-0.2951  	0.93268  	-0.0941  	0.36319  	0.43401  	0.06480  	0.34958  	-0.4708  	-0.4266  	0.03105  	-0.0902  	0.20492  	-0.0655  	-0.1713  	0.53721  	0.26498  	0.22344  	0.05838  	-0.4381  	0.03194  	-0.0096  	0.13648  	-0.1908  	0.22804  	0.09262  	-0.0384  	0.00306  	-0.0621  	-0.0049  	-0.1829  	-0.1266  	-0.0612  	0.00058  	-0.0271  	-0.0198  	-0.0013  	0.01429  	0.01660  	0.03640  	-0.0444  	-0.0313  	0.03628  	0.03662  	0.01554  	0.20158  	-0.0276  	0.00568  	-0.0014  	0.03522  	0.06434  	0.40137  	267.172  	162.321  	
0.32865  	0.06858  	-0.5450  	0.12920  	0.69292  	-0.6793  	-0.2082  	0.15112  	0.08355  	-0.4316  	-0.5316  	0.72721  	0.13902  	-0.1330  	-0.5328  	-0.0289  	0.24691  	-0.0709  	0.62130  	0.14124  	-0.2552  	0.93689  	-0.0311  	0.32694  	0.37394  	0.08678  	0.31845  	-0.4653  	-0.4616  	-0.0037  	-0.0917  	0.20141  	-0.0492  	-0.1635  	0.52057  	0.24686  	0.26383  	0.07713  	-0.4594  	0.02005  	0.02751  	0.12427  	-0.1800  	0.23431  	0.08195  	-0.0397  	0.00810  	-0.0567  	-0.0095  	-0.1707  	-0.1274  	-0.0584  	-0.0014  	-0.0211  	-0.0249  	0.00671  	0.00934  	0.01511  	0.03735  	-0.0499  	-0.0287  	0.03666  	0.02667  	0.00435  	0.20158  	-0.0276  	0.00568  	-0.0014  	0.03522  	0.06434  	0.40137  	267.172  	162.321  	
0.07762  	-0.0185  	-0.6024  	-0.1718  	0.49192  	-0.8534  	-0.2062  	0.05742  	0.06801  	-0.3613  	-0.3448  	0.58271  	0.00091  	-0.4015  	-0.8240  	-0.0275  	0.21997  	-0.0099  	0.62623  	0.16664  	-0.2807  	0.90622  	-0.0138  	0.35019  	0.31956  	0.08658  	0.28148  	-0.5166  	-0.4798  	-0.0505  	-0.0683  	0.22745  	-0.0929  	-0.1777  	0.46861  	0.30897  	0.28403  	0.09413  	-0.4730  	0.02325  	0.08329  	0.10360  	-0.1809  	0.24695  	0.08054  	-0.0428  	0.00388  	-0.0739  	-0.0153  	-0.1743  	-0.1261  	-0.0506  	0.01141  	-0.0156  	-0.0132  	-0.0032  	0.00293  	0.02224  	0.03723  	-0.0454  	-0.0296  	0.03324  	0.03541  	0.01424  	0.20158  	-0.0276  	0.00568  	-0.0014  	0.03522  	0.06434  	0.40137  	267.172  	162.321  	
0.07338  	-0.0291  	-0.6363  	-0.1125  	0.53396  	-0.8852  	-0.2287  	0.02165  	0.06127  	-0.3598  	-0.3548  	0.60993  	0.02148  	-0.4448  	-0.8084  	-0.0181  	0.24080  	-0.0006  	0.62791  	0.17556  	-0.2862  	0.88403  	-0.0334  	0.34405  	0.32731  	0.09439  	0.27626  	-0.4578  	-0.4822  	-0.0311  	-0.0562  	0.24536  	-0.0890  	-0.1729  	0.46742  	0.31867  	0.26217  	0.08337  	-0.4740  	0.01333  	0.07619  	0.11961  	-0.1954  	0.22786  	0.08546  	-0.0375  	-0.0010  	-0.0648  	-0.0169  	-0.1715  	-0.1267  	-0.0493  	0.01683  	-0.0175  	-0.0204  	-0.0039  	0.00504  	0.02069  	0.04090  	-0.0508  	-0.0289  	0.03194  	0.03754  	0.01395  	0.20158  	-0.0276  	0.00568  	-0.0014  	0.03522  	0.06434  	0.40137  	267.172  	162.321  	
0.07503  	-0.0500  	-0.7234  	0.00187  	0.59420  	-0.9002  	-0.2651  	0.07358  	0.07395  	-0.3901  	-0.3804  	0.73351  	0.06485  	-0.3128  	-0.6884  	-0.0564  	0.24104  	-0.0131  	0.62741  	0.16274  	-0.2977  	0.85979  	-0.0339  	0.33374  	0.26436  	0.10387  	0.23067  	-0.4803  	-0.4679  	-0.0332  	-0.0521  	0.20777  	-0.0677  	-0.1736  	0.49580  	0.27104  	0.23224  	0.05472  	-0.4595  	0.01049  	0.05475  	0.11536  	-0.1903  	0.22522  	0.09769  	-0.0337  	0.00152  	-0.0749  	-0.0212  	-0.1629  	-0.1223  	-0.0592  	0.00103  	-0.0214  	-0.0208  	0.00487  	0.00953  	0.01260  	0.04215  	-0.0424  	-0.0273  	0.04384  	0.02797  	0.01645  	0.20158  	-0.0276  	0.00568  	-0.0014  	0.03522  	0.06434  	0.40137  	267.172  	162.321  	
0.53068  	0.15075  	-0.3635  	0.14369  	0.66861  	-0.6166  	-0.1900  	0.24849  	0.15670  	-0.3986  	-0.6280  	0.68404  	0.22190  	0.09789  	-0.2895  	-0.0171  	0.24767  	-0.0964  	0.60791  	0.07840  	-0.1392  	0.96908  	0.02951  	0.44881  	0.22671  	0.08099  	0.35425  	-0.6678  	-0.6152  	-0.0426  	-0.0267  	0.24457  	-0.0161  	-0.1753  	0.59711  	0.16508  	0.34919  	0.08184  	-0.4925  	0.03210  	0.02805  	0.11033  	-0.1644  	0.23601  	0.07189  	-0.0336  	0.00498  	-0.0389  	0.00087  	-0.1708  	-0.1354  	-0.0579  	0.00203  	-0.0242  	-0.0244  	0.01146  	-0.0023  	0.00565  	0.03107  	-0.0433  	-0.0200  	0.05050  	0.02108  	0.00589  	0.20158  	-0.0276  	0.00568  	-0.0014  	0.03522  	0.06434  	0.40137  	267.172  	162.321  	
0.68838  	0.16127  	-0.2668  	0.14700  	0.60854  	-0.5692  	-0.1965  	0.29645  	0.15924  	-0.3866  	-0.6012  	0.61912  	0.24631  	0.08527  	-0.3998  	0.00491  	0.23746  	-0.0811  	0.60423  	0.01515  	-0.1464  	0.95820  	0.03666  	0.35109  	0.29698  	0.06348  	0.33331  	-0.6948  	-0.5539  	-0.0220  	-0.0487  	0.23162  	-0.0315  	-0.1706  	0.57999  	0.19719  	0.32528  	0.08640  	-0.4616  	0.00794  	0.03584  	0.09860  	-0.1444  	0.23868  	0.06663  	-0.0300  	-0.0076  	-0.0292  	0.01668  	-0.1783  	-0.1335  	-0.0571  	0.00965  	-0.0268  	-0.0195  	0.01728  	-0.0083  	0.01326  	0.03308  	-0.0458  	-0.0179  	0.04862  	0.02952  	0.00143  	0.20158  	-0.0276  	0.00568  	-0.0014  	0.03522  	0.06434  	0.40137  	267.172  	162.321  	
0.54123  	0.15970  	-0.3584  	0.07987  	0.62429  	-0.7124  	-0.1395  	0.20288  	0.14710  	-0.2970  	-0.5575  	0.54067  	0.22884  	0.11592  	-0.4580  	-0.0833  	0.23000  	-0.1450  	0.61613  	0.04016  	-0.1194  	0.95936  	-0.0055  	0.40459  	0.39143  	0.02770  	0.45388  	-0.7557  	-0.6037  	-0.0203  	-0.0556  	0.23959  	-0.0466  	-0.1813  	0.64725  	0.21837  	0.38782  	0.09802  	-0.4791  	0.02704  	0.02430  	0.10872  	-0.1717  	0.25477  	0.07629  	-0.0383  	-0.0018  	-0.0373  	0.00546  	-0.1705  	-0.1270  	-0.0573  	0.00357  	-0.0234  	-0.0110  	0.01388  	-0.0089  	0.01009  	0.03477  	-0.0377  	-0.0220  	0.05312  	0.02457  	0.01106  	0.20158  	-0.0276  	0.00568  	-0.0014  	0.03522  	0.06434  	0.40137  	267.172  	162.321  	
0.09049  	0.02763  	-0.6182  	-0.1817  	0.51699  	-0.8443  	-0.2334  	0.15796  	0.09034  	-0.3619  	-0.2360  	0.58338  	0.06955  	-0.2355  	-0.6802  	-0.0714  	0.21577  	-0.0933  	0.63234  	0.11439  	-0.0531  	0.91300  	0.00337  	0.45632  	0.25065  	0.05379  	0.37580  	-0.7189  	-0.6469  	-0.0814  	-0.0609  	0.23739  	-0.0755  	-0.1959  	0.63305  	0.18462  	0.40803  	0.10909  	-0.5501  	0.00395  	0.03004  	0.10112  	-0.2221  	0.21987  	0.09515  	-0.0257  	-0.0066  	-0.0754  	-0.0314  	-0.1617  	-0.1317  	-0.0530  	0.00210  	-0.0252  	-0.0168  	0.00092  	-0.0029  	0.01164  	0.03448  	-0.0425  	-0.0273  	0.03989  	0.02187  	0.01627  	0.20158  	-0.0276  	0.00568  	-0.0014  	0.03522  	0.06434  	0.40137  	267.172  	162.321  	
0.09345  	-0.0559  	-0.6282  	-0.2266  	0.45516  	-0.8279  	-0.2178  	0.01662  	0.06511  	-0.3881  	-0.2569  	0.56097  	0.00639  	-0.4273  	-0.8900  	-0.0346  	0.24863  	-0.0528  	0.60548  	0.07795  	-0.2497  	0.88171  	0.07278  	0.37885  	0.28276  	0.10353  	0.28812  	-0.5085  	-0.5503  	-0.0670  	-0.0422  	0.24233  	-0.0938  	-0.1797  	0.47808  	0.32284  	0.31693  	0.08328  	-0.4950  	0.00256  	0.09293  	0.10932  	-0.1790  	0.23505  	0.10116  	-0.0356  	0.00582  	-0.0955  	-0.0193  	-0.1601  	-0.1326  	-0.0549  	0.00817  	-0.0145  	-0.0093  	0.00078  	-0.0004  	0.02177  	0.04153  	-0.0438  	-0.0353  	0.04471  	0.03098  	0.01803  	0.20158  	-0.0276  	0.00568  	-0.0014  	0.03522  	0.06434  	0.40137  	267.172  	162.321  	
0.25421  	-0.0208  	-0.5239  	-0.0089  	0.63134  	-0.8844  	-0.1976  	0.02640  	0.06512  	-0.2365  	-0.3399  	0.69136  	0.03616  	-0.4810  	-0.9502  	0.18429  	0.18575  	0.06055  	0.60754  	0.20348  	-0.4117  	0.86871  	-0.1176  	0.32086  	0.35044  	0.08867  	0.19752  	-0.3795  	-0.4500  	-0.0411  	-0.0768  	0.22650  	-0.1081  	-0.1769  	0.47488  	0.38158  	0.21744  	0.08258  	-0.4609  	0.04497  	0.07990  	0.12285  	-0.1622  	0.24184  	0.08503  	-0.0338  	0.00460  	-0.0546  	-0.0099  	-0.1690  	-0.1121  	-0.0536  	0.01025  	-0.0220  	-0.0082  	-0.0052  	0.00761  	0.01413  	0.03591  	-0.0432  	-0.0320  	0.02913  	0.03002  	0.01307  	0.20158  	-0.0276  	0.00568  	-0.0014  	0.03522  	0.06434  	0.40137  	267.172  	162.321  	
0.21715  	-0.0469  	-0.5992  	-0.0385  	0.59794  	-0.8261  	-0.2109  	-0.0041  	0.03354  	-0.2712  	-0.3767  	0.62146  	0.05191  	-0.4582  	-0.8879  	0.10886  	0.19853  	0.00463  	0.62415  	0.15760  	-0.3797  	0.89471  	-0.1145  	0.34294  	0.39435  	0.05244  	0.26631  	-0.3861  	-0.4486  	-0.0144  	-0.0897  	0.25974  	-0.1183  	-0.1766  	0.49242  	0.40950  	0.23908  	0.07959  	-0.4604  	0.02305  	0.05236  	0.11462  	-0.1728  	0.23249  	0.08538  	-0.0371  	-0.0053  	-0.0682  	-0.0077  	-0.1675  	-0.1063  	-0.0524  	0.01361  	-0.0194  	-0.0119  	0.00222  	0.01093  	0.02022  	0.04080  	-0.0434  	-0.0271  	0.02777  	0.03562  	0.01015  	0.20158  	-0.0276  	0.00568  	-0.0014  	0.03522  	0.06434  	0.40137  	267.172  	162.321  	
0.13167  	-0.0277  	-0.5972  	-0.0974  	0.51821  	-0.8059  	-0.2185  	0.03002  	0.04372  	-0.3738  	-0.4643  	0.59773  	0.02104  	-0.4240  	-0.8748  	0.03473  	0.25680  	-0.0197  	0.62832  	0.14427  	-0.3611  	0.86595  	-0.0503  	0.37462  	0.37140  	0.07420  	0.26469  	-0.4460  	-0.4471  	-0.0265  	-0.0897  	0.24210  	-0.1227  	-0.1793  	0.47541  	0.37635  	0.26606  	0.09149  	-0.4694  	0.02347  	0.08448  	0.10722  	-0.1713  	0.23752  	0.07933  	-0.0372  	-0.0073  	-0.0775  	-0.0203  	-0.1733  	-0.1179  	-0.0542  	0.00638  	-0.0251  	-0.0090  	-0.0024  	0.01434  	0.01939  	0.04056  	-0.0536  	-0.0384  	0.03060  	0.03198  	0.02182  	0.20158  	-0.0276  	0.00568  	-0.0014  	0.03522  	0.06434  	0.40137  	267.172  	162.321  	
0.05645  	-0.0265  	-0.6153  	-0.2395  	0.46094  	-0.8864  	-0.2322  	0.00606  	0.04757  	-0.3911  	-0.3883  	0.53122  	0.03159  	-0.4326  	-0.8547  	-0.0500  	0.26619  	-0.0285  	0.62343  	0.14256  	-0.3010  	0.87009  	0.01379  	0.34907  	0.33975  	0.08730  	0.25946  	-0.4745  	-0.4620  	-0.0541  	-0.0633  	0.23042  	-0.1095  	-0.1724  	0.46650  	0.33530  	0.29520  	0.09496  	-0.4837  	-0.0014  	0.09949  	0.10884  	-0.1741  	0.22591  	0.08640  	-0.0434  	0.00247  	-0.0843  	-0.0191  	-0.1678  	-0.1203  	-0.0573  	0.00727  	-0.0211  	-0.0130  	-0.0022  	0.01086  	0.02159  	0.04520  	-0.0459  	-0.0320  	0.03481  	0.03440  	0.02040  	0.20158  	-0.0276  	0.00568  	-0.0014  	0.03522  	0.06434  	0.40137  	267.172  	162.321  	
0.01216  	-0.0136  	-0.6479  	-0.2299  	0.44826  	-0.9154  	-0.2651  	0.04915  	0.04849  	-0.3528  	-0.3792  	0.60888  	0.00950  	-0.3879  	-0.8257  	-0.0837  	0.26394  	-0.0344  	0.62563  	0.08042  	-0.3136  	0.89687  	0.06849  	0.31877  	0.26184  	0.10844  	0.25490  	-0.5172  	-0.4856  	-0.0561  	-0.0392  	0.21770  	-0.0880  	-0.1730  	0.42908  	0.28390  	0.26837  	0.08782  	-0.4673  	0.00700  	0.11910  	0.11015  	-0.1625  	0.23665  	0.08370  	-0.0354  	0.00710  	-0.0792  	-0.0199  	-0.1672  	-0.1315  	-0.0515  	0.00296  	-0.0175  	-0.0201  	-0.0079  	0.00392  	0.01770  	0.04231  	-0.0488  	-0.0261  	0.04773  	0.02880  	0.01049  	0.20158  	-0.0276  	0.00568  	-0.0014  	0.03522  	0.06434  	0.40137  	267.172  	162.321  	
0.18189  	-0.0100  	-0.5939  	-0.0730  	0.54273  	-0.8474  	-0.2488  	0.05173  	0.05757  	-0.3149  	-0.4183  	0.66602  	0.06788  	-0.3540  	-0.8475  	0.01352  	0.22149  	-0.0284  	0.61881  	0.14417  	-0.3467  	0.88350  	-0.0293  	0.32854  	0.27293  	0.10044  	0.23018  	-0.4587  	-0.4824  	-0.0490  	-0.0614  	0.22595  	-0.0741  	-0.1741  	0.48030  	0.32848  	0.24777  	0.06910  	-0.4852  	0.02028  	0.07598  	0.10653  	-0.1605  	0.23842  	0.07726  	-0.0413  	0.00407  	-0.0713  	-0.0118  	-0.1724  	-0.1253  	-0.0583  	0.00523  	-0.0162  	-0.0138  	-0.0009  	0.00628  	0.01857  	0.04043  	-0.0507  	-0.0345  	0.03908  	0.02476  	0.01384  	0.20158  	-0.0276  	0.00568  	-0.0014  	0.03522  	0.06434  	0.40137  	267.172  	162.321  	
0.27508  	0.02019  	-0.5434  	0.01174  	0.62740  	-0.8357  	-0.2046  	0.07999  	0.04259  	-0.2415  	-0.3943  	0.70685  	0.06801  	-0.3919  	-0.9309  	0.16917  	0.17271  	0.00400  	0.62195  	0.19024  	-0.4000  	0.88492  	-0.1422  	0.35832  	0.34462  	0.06254  	0.26643  	-0.4177  	-0.4468  	-0.0326  	-0.0864  	0.24167  	-0.0949  	-0.1856  	0.49905  	0.38535  	0.21950  	0.07020  	-0.4436  	0.05158  	0.05194  	0.12130  	-0.1667  	0.23641  	0.09462  	-0.0368  	-0.0018  	-0.0557  	0.00341  	-0.1751  	-0.1146  	-0.0608  	0.01467  	-0.0289  	-0.0120  	-0.0045  	0.01229  	0.01958  	0.04054  	-0.0467  	-0.0370  	0.02985  	0.03741  	0.01677  	0.20158  	-0.0276  	0.00568  	-0.0014  	0.03522  	0.06434  	0.40137  	267.172  	162.321  	
0.30463  	0.01285  	-0.5273  	0.06739  	0.61360  	-0.7308  	-0.2473  	0.07649  	0.04136  	-0.3293  	-0.3486  	0.70137  	0.02686  	-0.3574  	-0.8184  	0.15579  	0.22021  	-0.0373  	0.64319  	0.18215  	-0.2242  	0.88653  	-0.1108  	0.43875  	0.32018  	0.06509  	0.36932  	-0.5308  	-0.5790  	-0.0417  	-0.0955  	0.26797  	-0.0905  	-0.2083  	0.59156  	0.36230  	0.30084  	0.09116  	-0.5091  	0.01942  	0.01060  	0.13083  	-0.1977  	0.23850  	0.08860  	-0.0336  	-0.0046  	-0.0613  	-0.0145  	-0.1672  	-0.1132  	-0.0596  	0.00962  	-0.0298  	-0.0178  	0.00455  	0.00798  	0.02255  	0.03888  	-0.0432  	-0.0324  	0.02717  	0.03778  	0.01152  	0.20158  	-0.0276  	0.00568  	-0.0014  	0.03522  	0.06434  	0.40137  	267.172  	162.321  	
0.49483  	0.06963  	-0.4699  	0.22215  	0.69283  	-0.7839  	-0.1910  	0.12751  	0.07621  	-0.3775  	-0.5958  	0.67708  	0.15754  	-0.0670  	-0.4417  	-0.0042  	0.22997  	-0.1036  	0.59596  	0.10824  	-0.1858  	0.92224  	-0.0611  	0.48082  	0.29398  	0.07026  	0.36376  	-0.6151  	-0.5957  	-0.0445  	-0.0723  	0.26799  	-0.0669  	-0.1651  	0.65766  	0.26701  	0.33631  	0.08119  	-0.4928  	0.05572  	0.01274  	0.14385  	-0.1841  	0.23917  	0.07930  	-0.0400  	-0.0035  	-0.0581  	-0.0013  	-0.1640  	-0.1200  	-0.0526  	0.00181  	-0.0178  	-0.0185  	0.00427  	0.00074  	0.01777  	0.04587  	-0.0429  	-0.0345  	0.04799  	0.01777  	0.00926  	0.20158  	-0.0276  	0.00568  	-0.0014  	0.03522  	0.06434  	0.40137  	267.172  	162.321  	
0.58789  	0.17695  	-0.4152  	0.41747  	0.77115  	-0.5597  	-0.1449  	0.27350  	0.14567  	-0.4163  	-0.6978  	0.71773  	0.27285  	0.14052  	-0.3046  	-0.0196  	0.20866  	-0.0814  	0.61457  	0.07154  	-0.2531  	0.99107  	-0.0747  	0.35532  	0.36505  	0.05092  	0.37260  	-0.5833  	-0.4649  	-0.0006  	-0.1130  	0.19846  	-0.0423  	-0.1707  	0.61167  	0.21876  	0.24144  	0.05989  	-0.4262  	0.04857  	-0.0091  	0.14481  	-0.1740  	0.22956  	0.07920  	-0.0421  	-0.0111  	-0.0303  	0.01478  	-0.1857  	-0.1228  	-0.0548  	0.00435  	-0.0225  	-0.0163  	0.00926  	0.00218  	0.01033  	0.04095  	-0.0470  	-0.0257  	0.05149  	0.02902  	0.00637  	0.20158  	-0.0276  	0.00568  	-0.0014  	0.03522  	0.06434  	0.40137  	267.172  	162.321  	
0.53727  	0.13164  	-0.4683  	0.48396  	0.81246  	-0.6153  	-0.1973  	0.24299  	0.11770  	-0.4056  	-0.6067  	0.75366  	0.20285  	0.10375  	-0.2724  	0.03480  	0.23632  	-0.1095  	0.60872  	0.07475  	-0.1702  	0.98987  	-0.0555  	0.41363  	0.31790  	0.04788  	0.36093  	-0.6431  	-0.5806  	-0.0035  	-0.0786  	0.23881  	-0.0367  	-0.1740  	0.63727  	0.19448  	0.33744  	0.08707  	-0.4769  	0.03347  	-0.0208  	0.11600  	-0.1816  	0.25484  	0.07356  	-0.0314  	-0.0011  	-0.0411  	0.00247  	-0.1766  	-0.1261  	-0.0556  	0.00125  	-0.0226  	-0.0150  	0.00731  	-0.0012  	0.00876  	0.03931  	-0.0419  	-0.0261  	0.04660  	0.02094  	0.00607  	0.20158  	-0.0276  	0.00568  	-0.0014  	0.03522  	0.06434  	0.40137  	267.172  	162.321  	
0.28032  	0.00454  	-0.6028  	0.08478  	0.67897  	-0.8797  	-0.1396  	0.09637  	0.10319  	-0.3311  	-0.3530  	0.74856  	0.14468  	-0.1700  	-0.6306  	0.00019  	0.16110  	-0.0103  	0.58087  	0.20777  	-0.2139  	0.89890  	-0.0498  	0.40869  	0.25193  	0.07190  	0.20257  	-0.5174  	-0.5624  	-0.0608  	-0.0421  	0.20065  	-0.0308  	-0.1602  	0.56483  	0.24295  	0.30369  	0.08267  	-0.4651  	0.01414  	0.06996  	0.10273  	-0.1892  	0.21459  	0.07204  	-0.0259  	-0.0037  	-0.0617  	-0.0035  	-0.1828  	-0.1303  	-0.0646  	0.00363  	-0.0238  	-0.0230  	0.00844  	0.00792  	0.02276  	0.04175  	-0.0506  	-0.0283  	0.04373  	0.02665  	0.01145  	0.20158  	-0.0276  	0.00568  	-0.0014  	0.03522  	0.06434  	0.40137  	267.172  	162.321  	
-0.0302  	-0.0259  	-0.6544  	-0.4062  	0.45485  	-1.0061  	-0.1873  	-0.0336  	0.07591  	-0.2263  	-0.2847  	0.61061  	0.04839  	-0.3535  	-0.9721  	-0.1573  	0.19267  	0.00600  	0.60916  	0.18990  	-0.2954  	0.82923  	-0.0718  	0.39590  	0.27440  	0.10815  	0.19432  	-0.5041  	-0.5263  	-0.1037  	-0.0158  	0.20413  	-0.0571  	-0.1554  	0.45701  	0.30122  	0.23111  	0.07468  	-0.4628  	0.02303  	0.06637  	0.11639  	-0.1878  	0.20667  	0.08361  	-0.0340  	-0.0139  	-0.0760  	-0.0125  	-0.1692  	-0.1285  	-0.0543  	-0.0033  	-0.0193  	-0.0266  	-0.0037  	-0.0018  	0.01997  	0.03616  	-0.0535  	-0.0261  	0.03903  	0.03387  	0.00587  	0.20158  	-0.0276  	0.00568  	-0.0014  	0.03522  	0.06434  	0.40137  	267.172  	162.321  	
-0.3376  	-0.1156  	-0.7762  	-0.5571  	0.32977  	-1.1823  	-0.2220  	-0.0542  	-0.0034  	-0.2192  	-0.0783  	0.52589  	0.02374  	-0.3560  	-1.0421  	-0.2019  	0.25122  	-0.0471  	0.59521  	0.09212  	-0.2780  	0.91545  	0.06068  	0.39149  	0.24574  	0.11385  	0.20957  	-0.5773  	-0.5538  	-0.0992  	-0.0235  	0.19345  	-0.0886  	-0.1758  	0.42830  	0.31337  	0.24906  	0.08911  	-0.4524  	-0.0013  	0.10237  	0.12777  	-0.2069  	0.19415  	0.09087  	-0.0352  	0.00200  	-0.0888  	-0.0212  	-0.1603  	-0.1430  	-0.0530  	0.00603  	-0.0197  	-0.0207  	-0.0149  	-0.0097  	0.01639  	0.04211  	-0.0505  	-0.0193  	0.05300  	0.03420  	0.01315  	0.20158  	-0.0276  	0.00568  	-0.0014  	0.03522  	0.06434  	0.40137  	267.172  	162.321  	
-0.3450  	-0.1595  	-0.7952  	-0.5870  	0.33668  	-1.2418  	-0.2261  	0.00209  	0.02927  	-0.2358  	-0.0285  	0.55447  	0.02045  	-0.4270  	-0.9882  	-0.1852  	0.25682  	-0.0792  	0.60867  	0.17571  	-0.2374  	0.86270  	0.07579  	0.38847  	0.17447  	0.12395  	0.20081  	-0.5618  	-0.5767  	-0.1145  	-0.0239  	0.20668  	-0.0615  	-0.1769  	0.43951  	0.22653  	0.27612  	0.07954  	-0.4713  	-0.0273  	0.08900  	0.11831  	-0.1988  	0.22294  	0.09326  	-0.0348  	0.00587  	-0.0880  	-0.0135  	-0.1604  	-0.1432  	-0.0581  	0.00228  	-0.0221  	-0.0199  	-0.0138  	-0.0111  	0.01823  	0.03611  	-0.0522  	-0.0127  	0.05805  	0.02952  	0.01362  	0.20158  	-0.0276  	0.00568  	-0.0014  	0.03522  	0.06434  	0.40137  	267.172  	162.321  	
0.03459  	0.00820  	-0.7165  	-0.2835  	0.43867  	-0.9986  	-0.2548  	0.14692  	0.08151  	-0.2377  	-0.3024  	0.69788  	0.11089  	-0.1554  	-0.8031  	-0.1523  	0.22850  	-0.0075  	0.63385  	0.16939  	-0.2577  	0.94763  	0.06473  	0.35650  	0.24549  	0.11445  	0.18022  	-0.4860  	-0.4761  	-0.0558  	0.00240  	0.17068  	-0.0818  	-0.1696  	0.43822  	0.25480  	0.22115  	0.06191  	-0.4458  	0.03061  	0.09347  	0.09395  	-0.1554  	0.21399  	0.08305  	-0.0405  	0.00168  	-0.0670  	-0.0109  	-0.1670  	-0.1313  	-0.0592  	0.00402  	-0.0235  	-0.0244  	-0.0061  	-0.0064  	0.01394  	0.03360  	-0.0436  	-0.0245  	0.05092  	0.02516  	0.00837  	0.20158  	-0.0276  	0.00568  	-0.0014  	0.03522  	0.06434  	0.40137  	267.172  	162.321  	
0.18344  	0.06148  	-0.5149  	-0.0714  	0.54642  	-0.8980  	-0.2524  	0.15013  	0.08970  	-0.3308  	-0.4354  	0.76077  	0.07743  	-0.1287  	-0.7065  	-0.0587  	0.23315  	0.00273  	0.64198  	0.17364  	-0.2365  	0.88897  	0.02693  	0.33040  	0.24897  	0.10429  	0.14227  	-0.4849  	-0.4812  	-0.0696  	-0.0352  	0.17216  	-0.0574  	-0.1820  	0.46173  	0.23752  	0.22279  	0.09146  	-0.4545  	0.02407  	0.11345  	0.07638  	-0.1508  	0.24201  	0.06482  	-0.0344  	0.00958  	-0.0514  	-0.0052  	-0.1685  	-0.1247  	-0.0660  	0.00214  	-0.0176  	-0.0233  	-0.0035  	0.00698  	0.01339  	0.04103  	-0.0401  	-0.0308  	0.05405  	0.02974  	0.01216  	0.20158  	-0.0276  	0.00568  	-0.0014  	0.03522  	0.06434  	0.40137  	267.172  	162.321  	
0.14307  	0.01830  	-0.5586  	-0.0977  	0.53933  	-0.8632  	-0.2583  	0.10640  	0.11372  	-0.3224  	-0.3941  	0.72247  	0.03702  	-0.2540  	-0.7725  	-0.0728  	0.22764  	-0.0175  	0.64049  	0.16588  	-0.2588  	0.86784  	0.02586  	0.30340  	0.24316  	0.10293  	0.11816  	-0.4590  	-0.5048  	-0.0542  	-0.0273  	0.19120  	-0.0516  	-0.1629  	0.45958  	0.23763  	0.23866  	0.08607  	-0.4471  	0.00295  	0.13142  	0.07660  	-0.1511  	0.24441  	0.07705  	-0.0384  	0.00600  	-0.0675  	-0.0094  	-0.1719  	-0.1292  	-0.0588  	0.00209  	-0.0244  	-0.0197  	-0.0084  	0.01156  	0.02305  	0.03141  	-0.0493  	-0.0259  	0.04616  	0.04433  	0.01459  	0.20158  	-0.0276  	0.00568  	-0.0014  	0.03522  	0.06434  	0.40137  	267.172  	162.321  	
0.13727  	0.01047  	-0.5811  	-0.2393  	0.46364  	-0.8387  	-0.2463  	0.08620  	0.09445  	-0.2986  	-0.3421  	0.63692  	0.02560  	-0.3630  	-0.9164  	-0.0517  	0.21900  	-0.0015  	0.63419  	0.16058  	-0.2577  	0.84893  	0.05160  	0.28294  	0.23316  	0.10688  	0.17748  	-0.4690  	-0.4803  	-0.0716  	-0.0253  	0.19615  	-0.0587  	-0.1660  	0.40900  	0.27206  	0.24777  	0.09275  	-0.4417  	0.02299  	0.13299  	0.09195  	-0.1385  	0.24401  	0.07272  	-0.0403  	-0.0010  	-0.0615  	-0.0231  	-0.1637  	-0.1263  	-0.0563  	0.00706  	-0.0194  	-0.0197  	-0.0062  	0.00455  	0.01809  	0.03705  	-0.0532  	-0.0287  	0.04870  	0.04182  	0.01650  	0.20158  	-0.0276  	0.00568  	-0.0014  	0.03522  	0.06434  	0.40137  	267.172  	162.321  	
0.01796  	0.00972  	-0.5996  	-0.3072  	0.43226  	-0.9286  	-0.2279  	0.03030  	0.08241  	-0.2695  	-0.3308  	0.58559  	0.01051  	-0.4116  	-0.9684  	-0.0891  	0.24245  	-0.0230  	0.64497  	0.12641  	-0.2989  	0.88097  	0.02961  	0.27504  	0.27169  	0.10206  	0.23040  	-0.5051  	-0.4653  	-0.0715  	-0.0418  	0.20339  	-0.0766  	-0.1715  	0.38975  	0.29866  	0.26553  	0.08674  	-0.4392  	0.00415  	0.16169  	0.09071  	-0.1336  	0.25087  	0.08046  	-0.0399  	0.00081  	-0.0598  	-0.0185  	-0.1700  	-0.1327  	-0.0550  	0.00906  	-0.0194  	-0.0197  	-0.0070  	-0.0028  	0.02041  	0.03692  	-0.0456  	-0.0233  	0.04650  	0.03543  	0.01508  	0.20158  	-0.0276  	0.00568  	-0.0014  	0.03522  	0.06434  	0.40137  	267.172  	162.321  	
-0.1651  	-0.0492  	-0.6874  	-0.4871  	0.29664  	-1.0179  	-0.2512  	-0.0396  	0.03954  	-0.2449  	-0.2351  	0.52638  	-0.0423  	-0.5343  	-1.0740  	-0.1138  	0.24744  	0.01452  	0.63941  	0.13106  	-0.3481  	0.84114  	0.08089  	0.24749  	0.26618  	0.12874  	0.16875  	-0.4829  	-0.4566  	-0.0988  	-0.0167  	0.20389  	-0.0993  	-0.1699  	0.35842  	0.34436  	0.26015  	0.08676  	-0.4571  	-0.0265  	0.16217  	0.09404  	-0.1522  	0.25376  	0.09141  	-0.0337  	0.00478  	-0.0725  	-0.0245  	-0.1667  	-0.1344  	-0.0516  	0.00866  	-0.0162  	-0.0142  	-0.0062  	0.00516  	0.02104  	0.04057  	-0.0456  	-0.0228  	0.04286  	0.03503  	0.01701  	0.20158  	-0.0276  	0.00568  	-0.0014  	0.03522  	0.06434  	0.40137  	267.172  	162.321  	
-0.2088  	-0.0754  	-0.7230  	-0.5275  	0.30343  	-1.0712  	-0.2314  	-0.0695  	0.02047  	-0.2146  	-0.2187  	0.53036  	-0.0239  	-0.5749  	-1.0843  	-0.1041  	0.22877  	0.00272  	0.63753  	0.12886  	-0.4009  	0.84802  	0.10227  	0.23479  	0.25010  	0.13802  	0.14582  	-0.4561  	-0.4371  	-0.0851  	0.00976  	0.20276  	-0.0923  	-0.1691  	0.34713  	0.34703  	0.25397  	0.08344  	-0.4597  	-0.0205  	0.16847  	0.09206  	-0.1489  	0.26673  	0.09526  	-0.0418  	0.00600  	-0.0737  	-0.0276  	-0.1555  	-0.1337  	-0.0499  	0.00342  	-0.0219  	-0.0152  	-0.0091  	0.00179  	0.02327  	0.03437  	-0.0483  	-0.0217  	0.04364  	0.03768  	0.01497  	0.20158  	-0.0276  	0.00568  	-0.0014  	0.03522  	0.06434  	0.40137  	267.172  	162.321  	
-0.2295  	-0.0450  	-0.6539  	-0.4751  	0.34173  	-1.0772  	-0.2787  	0.02730  	0.02962  	-0.2526  	-0.2315  	0.57499  	0.04661  	-0.5932  	-1.0126  	-0.1634  	0.32869  	-0.1748  	0.69625  	-0.1651  	-0.3339  	0.63506  	-0.1146  	0.24576  	0.12438  	0.25313  	0.12685  	-0.5391  	-0.3549  	-0.1191  	0.12950  	0.14818  	-0.1755  	-0.3296  	0.27276  	0.28259  	0.14145  	0.07525  	-0.5634  	-0.1073  	0.24469  	0.21976  	-0.2619  	0.35084  	0.03275  	-0.0250  	-0.0185  	-0.0464  	-0.0356  	-0.1714  	-0.1301  	-0.0462  	0.00543  	-0.0054  	-0.0081  	-0.0110  	-0.0050  	0.01014  	0.03776  	-0.0457  	-0.0168  	0.04518  	0.02314  	0.01748  	0.20158  	-0.0276  	0.00568  	-0.0014  	0.03522  	0.06434  	0.40137  	267.172  	162.321  	
-0.1304  	0.00888  	-0.5822  	-0.3263  	0.41431  	-1.0730  	-0.3204  	0.16152  	0.03846  	-0.2941  	-0.2789  	0.65842  	0.12390  	-0.5195  	-0.8402  	-0.1780  	0.41599  	-0.3069  	0.73847  	-0.3560  	-0.2290  	0.48027  	-0.3222  	0.28196  	0.02681  	0.32823  	0.10108  	-0.6248  	-0.3070  	-0.1505  	0.21699  	0.10160  	-0.2356  	-0.4584  	0.24028  	0.21401  	0.06328  	0.08008  	-0.6593  	-0.1622  	0.30309  	0.32976  	-0.3541  	0.39365  	-0.0314  	-0.0052  	-0.0334  	-0.0307  	-0.0419  	-0.1856  	-0.1244  	-0.0433  	0.00430  	0.01032  	-0.0049  	-0.0162  	-0.0088  	-0.0026  	0.04137  	-0.0336  	-0.0121  	0.04861  	0.00778  	0.02024  	0.20158  	-0.0276  	0.00568  	-0.0014  	0.03522  	0.06434  	0.40137  	267.172  	162.321  	
0.05927  	0.06874  	-0.5249  	-0.1987  	0.48681  	-1.0009  	-0.3187  	0.23128  	0.05795  	-0.3503  	-0.3063  	0.73790  	0.17847  	-0.4007  	-0.7081  	-0.1490  	0.43499  	-0.3825  	0.75244  	-0.4021  	-0.1516  	0.44045  	-0.3883  	0.29407  	-0.0003  	0.33845  	0.09112  	-0.6903  	-0.3367  	-0.1472  	0.23407  	0.09208  	-0.2210  	-0.4823  	0.28917  	0.16179  	0.09575  	0.10230  	-0.7059  	-0.1854  	0.30460  	0.33882  	-0.3772  	0.40700  	-0.0467  	0.01297  	-0.0368  	-0.0300  	-0.0572  	-0.1938  	-0.1365  	-0.0476  	0.00551  	0.01458  	-0.0079  	-0.0143  	-0.0153  	-0.0097  	0.03156  	-0.0371  	-0.0104  	0.04214  	-0.0053  	0.01350  	0.20158  	-0.0276  	0.00568  	-0.0014  	0.03522  	0.06434  	0.40137  	267.172  	162.321  	
0.33953  	0.14552  	-0.4077  	0.00034  	0.51869  	-0.8495  	-0.2863  	0.31267  	0.09553  	-0.4630  	-0.2785  	0.72125  	0.21177  	-0.1899  	-0.5066  	-0.0996  	0.39319  	-0.3771  	0.73309  	-0.3927  	0.03798  	0.47466  	-0.3943  	0.34899  	0.02852  	0.27706  	0.21820  	-0.8038  	-0.4759  	-0.1360  	0.19227  	0.13117  	-0.1893  	-0.4624  	0.44933  	0.09804  	0.19851  	0.12945  	-0.7394  	-0.1834  	0.22804  	0.33721  	-0.3785  	0.36667  	-0.0304  	0.00775  	-0.0299  	-0.0402  	-0.0518  	-0.1791  	-0.1331  	-0.0438  	0.01247  	0.00890  	-0.0102  	-0.0086  	-0.0192  	-0.0091  	0.03275  	-0.0382  	-0.0115  	0.05236  	0.00100  	0.00929  	0.20158  	-0.0276  	0.00568  	-0.0014  	0.03522  	0.06434  	0.40137  	267.172  	162.321  	
0.54285  	0.20187  	-0.3102  	0.07451  	0.50794  	-0.6898  	-0.2529  	0.35226  	0.17030  	-0.4988  	-0.2488  	0.70956  	0.16526  	-0.0626  	-0.4687  	-0.0017  	0.33331  	-0.3070  	0.66466  	-0.2492  	0.13926  	0.67962  	-0.1561  	0.43490  	0.07188  	0.17330  	0.34837  	-0.8791  	-0.6937  	-0.1233  	0.06216  	0.21219  	-0.1100  	-0.3484  	0.59902  	0.06936  	0.39492  	0.16504  	-0.6947  	-0.1515  	0.12467  	0.22657  	-0.2905  	0.30549  	0.01044  	-0.0121  	-0.0197  	-0.0477  	-0.0317  	-0.1664  	-0.1344  	-0.0479  	0.01143  	0.00134  	-0.0160  	0.00861  	-0.0150  	0.00332  	0.03437  	-0.0381  	-0.0161  	0.05348  	0.00794  	0.00760  	0.20158  	-0.0276  	0.00568  	-0.0014  	0.03522  	0.06434  	0.40137  	267.172  	162.321  	
0.61830  	0.17817  	-0.3095  	0.07843  	0.49237  	-0.5932  	-0.2030  	0.33693  	0.21011  	-0.4995  	-0.2698  	0.70228  	0.13254  	0.01949  	-0.4595  	0.09875  	0.25832  	-0.1692  	0.60492  	-0.0067  	0.09248  	0.92748  	0.13261  	0.48778  	0.16916  	0.06443  	0.41338  	-0.8491  	-0.8258  	-0.0908  	-0.0586  	0.27545  	-0.0196  	-0.1855  	0.68709  	0.09222  	0.53061  	0.18105  	-0.5708  	-0.0782  	0.01014  	0.10695  	-0.1697  	0.22323  	0.07355  	-0.0332  	-0.0005  	-0.0582  	-0.0072  	-0.1633  	-0.1453  	-0.0498  	0.00986  	-0.0121  	-0.0207  	0.01324  	-0.0131  	0.01677  	0.03111  	-0.0416  	-0.0202  	0.05188  	0.02916  	0.01246  	0.20158  	-0.0276  	0.00568  	-0.0014  	0.03522  	0.06434  	0.40137  	267.172  	162.321  	
0.61826  	0.17811  	-0.3096  	0.07852  	0.49244  	-0.5932  	-0.2030  	0.33692  	0.21008  	-0.4995  	-0.2698  	0.70224  	0.13252  	0.01939  	-0.4595  	0.09872  	0.25838  	-0.1692  	0.60489  	-0.0066  	0.09240  	0.92743  	0.13260  	0.48781  	0.16917  	0.06443  	0.41337  	-0.8491  	-0.8258  	-0.0908  	-0.0586  	0.27546  	-0.0196  	-0.1855  	0.68708  	0.09222  	0.53056  	0.18105  	-0.5708  	-0.0783  	0.01010  	0.10694  	-0.1697  	0.22323  	0.07356  	-0.0332  	-0.0005  	-0.0582  	-0.0072  	-0.1633  	-0.1453  	-0.0498  	0.00986  	-0.0121  	-0.0207  	0.01323  	-0.0131  	0.01677  	0.03110  	-0.0417  	-0.0202  	0.05189  	0.02917  	0.01246  	0.20158  	-0.0276  	0.00568  	-0.0014  	0.03522  	0.06434  	0.40137  	267.172  	162.321  	
0.61826  	0.17811  	-0.3096  	0.07852  	0.49244  	-0.5932  	-0.2030  	0.33692  	0.21008  	-0.4995  	-0.2698  	0.70224  	0.13252  	0.01939  	-0.4595  	0.09872  	0.25838  	-0.1692  	0.60489  	-0.0066  	0.09240  	0.92743  	0.13260  	0.48781  	0.16917  	0.06443  	0.41337  	-0.8491  	-0.8258  	-0.0908  	-0.0586  	0.27546  	-0.0196  	-0.1855  	0.68708  	0.09222  	0.53056  	0.18105  	-0.5708  	-0.0783  	0.01010  	0.10694  	-0.1697  	0.22323  	0.07356  	-0.0332  	-0.0005  	-0.0582  	-0.0072  	-0.1633  	-0.1453  	-0.0498  	0.00986  	-0.0121  	-0.0207  	0.01323  	-0.0131  	0.01677  	0.03110  	-0.0417  	-0.0202  	0.05189  	0.02917  	0.01246  	0.20158  	-0.0276  	0.00568  	-0.0014  	0.03522  	0.06434  	0.40137  	267.172  	162.321  	
0.61826  	0.17811  	-0.3096  	0.07852  	0.49244  	-0.5932  	-0.2030  	0.33692  	0.21008  	-0.4995  	-0.2698  	0.70224  	0.13252  	0.01939  	-0.4595  	0.09872  	0.25838  	-0.1692  	0.60489  	-0.0066  	0.09240  	0.92743  	0.13260  	0.48781  	0.16917  	0.06443  	0.41337  	-0.8491  	-0.8258  	-0.0908  	-0.0586  	0.27546  	-0.0196  	-0.1855  	0.68708  	0.09222  	0.53056  	0.18105  	-0.5708  	-0.0783  	0.01010  	0.10694  	-0.1697  	0.22323  	0.07356  	-0.0332  	-0.0005  	-0.0582  	-0.0072  	-0.1633  	-0.1453  	-0.0498  	0.00986  	-0.0121  	-0.0207  	0.01323  	-0.0131  	0.01677  	0.03110  	-0.0417  	-0.0202  	0.05189  	0.02917  	0.01246  	0.20158  	-0.0276  	0.00568  	-0.0014  	0.03522  	0.06434  	0.40137  	267.172  	162.321  	
0.61826  	0.17811  	-0.3096  	0.07852  	0.49244  	-0.5932  	-0.2030  	0.33692  	0.21008  	-0.4995  	-0.2698  	0.70224  	0.13252  	0.01939  	-0.4595  	0.09872  	0.25838  	-0.1692  	0.60489  	-0.0066  	0.09240  	0.92743  	0.13260  	0.48781  	0.16917  	0.06443  	0.41337  	-0.8491  	-0.8258  	-0.0908  	-0.0586  	0.27546  	-0.0196  	-0.1855  	0.68708  	0.09222  	0.53056  	0.18105  	-0.5708  	-0.0783  	0.01010  	0.10694  	-0.1697  	0.22323  	0.07356  	-0.0332  	-0.0005  	-0.0582  	-0.0072  	-0.1633  	-0.1453  	-0.0498  	0.00986  	-0.0121  	-0.0207  	0.01323  	-0.0131  	0.01677  	0.03110  	-0.0417  	-0.0202  	0.05189  	0.02917  	0.01246  	0.20158  	-0.0276  	0.00568  	-0.0014  	0.03522  	0.06434  	0.40137  	267.172  	162.321  	
0.61826  	0.17811  	-0.3096  	0.07852  	0.49244  	-0.5932  	-0.2030  	0.33692  	0.21008  	-0.4995  	-0.2698  	0.70224  	0.13252  	0.01939  	-0.4595  	0.09872  	0.25838  	-0.1692  	0.60489  	-0.0066  	0.09240  	0.92743  	0.13260  	0.48781  	0.16917  	0.06443  	0.41337  	-0.8491  	-0.8258  	-0.0908  	-0.0586  	0.27546  	-0.0196  	-0.1855  	0.68708  	0.09222  	0.53056  	0.18105  	-0.5708  	-0.0783  	0.01010  	0.10694  	-0.1697  	0.22323  	0.07356  	-0.0332  	-0.0005  	-0.0582  	-0.0072  	-0.1633  	-0.1453  	-0.0498  	0.00986  	-0.0121  	-0.0207  	0.01323  	-0.0131  	0.01677  	0.03110  	-0.0417  	-0.0202  	0.05189  	0.02917  	0.01246  	0.20158  	-0.0276  	0.00568  	-0.0014  	0.03522  	0.06434  	0.40137  	267.172  	162.321  	
0.61826  	0.17811  	-0.3096  	0.07852  	0.49244  	-0.5932  	-0.2030  	0.33692  	0.21008  	-0.4995  	-0.2698  	0.70224  	0.13252  	0.01939  	-0.4595  	0.09872  	0.25838  	-0.1692  	0.60489  	-0.0066  	0.09240  	0.92743  	0.13260  	0.48781  	0.16917  	0.06443  	0.41337  	-0.8491  	-0.8258  	-0.0908  	-0.0586  	0.27546  	-0.0196  	-0.1855  	0.68708  	0.09222  	0.53056  	0.18105  	-0.5708  	-0.0783  	0.01010  	0.10694  	-0.1697  	0.22323  	0.07356  	-0.0332  	-0.0005  	-0.0582  	-0.0072  	-0.1633  	-0.1453  	-0.0498  	0.00986  	-0.0121  	-0.0207  	0.01323  	-0.0131  	0.01677  	0.03110  	-0.0417  	-0.0202  	0.05189  	0.02917  	0.01246  	0.20158  	-0.0276  	0.00568  	-0.0014  	0.03522  	0.06434  	0.40137  	267.172  	162.321  	
0.61826  	0.17811  	-0.3096  	0.07852  	0.49244  	-0.5932  	-0.2030  	0.33692  	0.21008  	-0.4995  	-0.2698  	0.70224  	0.13252  	0.01939  	-0.4595  	0.09872  	0.25838  	-0.1692  	0.60489  	-0.0066  	0.09240  	0.92743  	0.13260  	0.48781  	0.16917  	0.06443  	0.41337  	-0.8491  	-0.8258  	-0.0908  	-0.0586  	0.27546  	-0.0196  	-0.1855  	0.68708  	0.09222  	0.53056  	0.18105  	-0.5708  	-0.0783  	0.01010  	0.10694  	-0.1697  	0.22323  	0.07356  	-0.0332  	-0.0005  	-0.0582  	-0.0072  	-0.1633  	-0.1453  	-0.0498  	0.00986  	-0.0121  	-0.0207  	0.01323  	-0.0131  	0.01677  	0.03110  	-0.0417  	-0.0202  	0.05189  	0.02917  	0.01246  	0.20158  	-0.0276  	0.00568  	-0.0014  	0.03522  	0.06434  	0.40137  	267.172  	162.321  	
0.61826  	0.17811  	-0.3096  	0.07852  	0.49244  	-0.5932  	-0.2030  	0.33692  	0.21008  	-0.4995  	-0.2698  	0.70224  	0.13252  	0.01939  	-0.4595  	0.09872  	0.25838  	-0.1692  	0.60489  	-0.0066  	0.09240  	0.92743  	0.13260  	0.48781  	0.16917  	0.06443  	0.41337  	-0.8491  	-0.8258  	-0.0908  	-0.0586  	0.27546  	-0.0196  	-0.1855  	0.68708  	0.09222  	0.53056  	0.18105  	-0.5708  	-0.0783  	0.01010  	0.10694  	-0.1697  	0.22323  	0.07356  	-0.0332  	-0.0005  	-0.0582  	-0.0072  	-0.1633  	-0.1453  	-0.0498  	0.00986  	-0.0121  	-0.0207  	0.01323  	-0.0131  	0.01677  	0.03110  	-0.0417  	-0.0202  	0.05189  	0.02917  	0.01246  	0.20158  	-0.0276  	0.00568  	-0.0014  	0.03522  	0.06434  	0.40137  	267.172  	162.321  	
0.61826  	0.17811  	-0.3096  	0.07852  	0.49244  	-0.5932  	-0.2030  	0.33692  	0.21008  	-0.4995  	-0.2698  	0.70224  	0.13252  	0.01939  	-0.4595  	0.09872  	0.25838  	-0.1692  	0.60489  	-0.0066  	0.09240  	0.92743  	0.13260  	0.48781  	0.16917  	0.06443  	0.41337  	-0.8491  	-0.8258  	-0.0908  	-0.0586  	0.27546  	-0.0196  	-0.1855  	0.68708  	0.09222  	0.53056  	0.18105  	-0.5708  	-0.0783  	0.01010  	0.10694  	-0.1697  	0.22323  	0.07356  	-0.0332  	-0.0005  	-0.0582  	-0.0072  	-0.1633  	-0.1453  	-0.0498  	0.00986  	-0.0121  	-0.0207  	0.01323  	-0.0131  	0.01677  	0.03110  	-0.0417  	-0.0202  	0.05189  	0.02917  	0.01246  	0.20158  	-0.0276  	0.00568  	-0.0014  	0.03522  	0.06434  	0.40137  	267.172  	162.321  	
0.61826  	0.17811  	-0.3096  	0.07852  	0.49244  	-0.5932  	-0.2030  	0.33692  	0.21008  	-0.4995  	-0.2698  	0.70224  	0.13252  	0.01939  	-0.4595  	0.09872  	0.25838  	-0.1692  	0.60489  	-0.0066  	0.09240  	0.92743  	0.13260  	0.48781  	0.16917  	0.06443  	0.41337  	-0.8491  	-0.8258  	-0.0908  	-0.0586  	0.27546  	-0.0196  	-0.1855  	0.68708  	0.09222  	0.53056  	0.18105  	-0.5708  	-0.0783  	0.01010  	0.10694  	-0.1697  	0.22323  	0.07356  	-0.0332  	-0.0005  	-0.0582  	-0.0072  	-0.1633  	-0.1453  	-0.0498  	0.00986  	-0.0121  	-0.0207  	0.01323  	-0.0131  	0.01677  	0.03110  	-0.0417  	-0.0202  	0.05189  	0.02917  	0.01246  	0.20158  	-0.0276  	0.00568  	-0.0014  	0.03522  	0.06434  	0.40137  	267.172  	162.321  	
0.61826  	0.17811  	-0.3096  	0.07852  	0.49244  	-0.5932  	-0.2030  	0.33692  	0.21008  	-0.4995  	-0.2698  	0.70224  	0.13252  	0.01939  	-0.4595  	0.09872  	0.25838  	-0.1692  	0.60489  	-0.0066  	0.09240  	0.92743  	0.13260  	0.48781  	0.16917  	0.06443  	0.41337  	-0.8491  	-0.8258  	-0.0908  	-0.0586  	0.27546  	-0.0196  	-0.1855  	0.68708  	0.09222  	0.53056  	0.18105  	-0.5708  	-0.0783  	0.01010  	0.10694  	-0.1697  	0.22323  	0.07356  	-0.0332  	-0.0005  	-0.0582  	-0.0072  	-0.1633  	-0.1453  	-0.0498  	0.00986  	-0.0121  	-0.0207  	0.01323  	-0.0131  	0.01677  	0.03110  	-0.0417  	-0.0202  	0.05189  	0.02917  	0.01246  	0.20158  	-0.0276  	0.00568  	-0.0014  	0.03522  	0.06434  	0.40137  	267.172  	162.321  	
0.61826  	0.17811  	-0.3096  	0.07852  	0.49244  	-0.5932  	-0.2030  	0.33692  	0.21008  	-0.4995  	-0.2698  	0.70224  	0.13252  	0.01939  	-0.4595  	0.09872  	0.25838  	-0.1692  	0.60489  	-0.0066  	0.09240  	0.92743  	0.13260  	0.48781  	0.16917  	0.06443  	0.41337  	-0.8491  	-0.8258  	-0.0908  	-0.0586  	0.27546  	-0.0196  	-0.1855  	0.68708  	0.09222  	0.53056  	0.18105  	-0.5708  	-0.0783  	0.01010  	0.10694  	-0.1697  	0.22323  	0.07356  	-0.0332  	-0.0005  	-0.0582  	-0.0072  	-0.1633  	-0.1453  	-0.0498  	0.00986  	-0.0121  	-0.0207  	0.01323  	-0.0131  	0.01677  	0.03110  	-0.0417  	-0.0202  	0.05189  	0.02917  	0.01246  	0.20158  	-0.0276  	0.00568  	-0.0014  	0.03522  	0.06434  	0.40137  	267.172  	162.321  	
0.61826  	0.17811  	-0.3096  	0.07852  	0.49244  	-0.5932  	-0.2030  	0.33692  	0.21008  	-0.4995  	-0.2698  	0.70224  	0.13252  	0.01939  	-0.4595  	0.09872  	0.25838  	-0.1692  	0.60489  	-0.0066  	0.09240  	0.92743  	0.13260  	0.48781  	0.16917  	0.06443  	0.41337  	-0.8491  	-0.8258  	-0.0908  	-0.0586  	0.27546  	-0.0196  	-0.1855  	0.68708  	0.09222  	0.53056  	0.18105  	-0.5708  	-0.0783  	0.01010  	0.10694  	-0.1697  	0.22323  	0.07356  	-0.0332  	-0.0005  	-0.0582  	-0.0072  	-0.1633  	-0.1453  	-0.0498  	0.00986  	-0.0121  	-0.0207  	0.01323  	-0.0131  	0.01677  	0.03110  	-0.0417  	-0.0202  	0.05189  	0.02917  	0.01246  	0.20158  	-0.0276  	0.00568  	-0.0014  	0.03522  	0.06434  	0.40137  	267.172  	162.321  	
0.61826  	0.17811  	-0.3096  	0.07852  	0.49244  	-0.5932  	-0.2030  	0.33692  	0.21008  	-0.4995  	-0.2698  	0.70224  	0.13252  	0.01939  	-0.4595  	0.09872  	0.25838  	-0.1692  	0.60489  	-0.0066  	0.09240  	0.92743  	0.13260  	0.48781  	0.16917  	0.06443  	0.41337  	-0.8491  	-0.8258  	-0.0908  	-0.0586  	0.27546  	-0.0196  	-0.1855  	0.68708  	0.09222  	0.53056  	0.18105  	-0.5708  	-0.0783  	0.01010  	0.10694  	-0.1697  	0.22323  	0.07356  	-0.0332  	-0.0005  	-0.0582  	-0.0072  	-0.1633  	-0.1453  	-0.0498  	0.00986  	-0.0121  	-0.0207  	0.01323  	-0.0131  	0.01677  	0.03110  	-0.0417  	-0.0202  	0.05189  	0.02917  	0.01246  	0.20158  	-0.0276  	0.00568  	-0.0014  	0.03522  	0.06434  	0.40137  	267.172  	162.321  	
0.61826  	0.17811  	-0.3096  	0.07852  	0.49244  	-0.5932  	-0.2030  	0.33692  	0.21008  	-0.4995  	-0.2698  	0.70224  	0.13252  	0.01939  	-0.4595  	0.09872  	0.25838  	-0.1692  	0.60489  	-0.0066  	0.09240  	0.92743  	0.13260  	0.48781  	0.16917  	0.06443  	0.41337  	-0.8491  	-0.8258  	-0.0908  	-0.0586  	0.27546  	-0.0196  	-0.1855  	0.68708  	0.09222  	0.53056  	0.18105  	-0.5708  	-0.0783  	0.01010  	0.10694  	-0.1697  	0.22323  	0.07356  	-0.0332  	-0.0005  	-0.0582  	-0.0072  	-0.1633  	-0.1453  	-0.0498  	0.00986  	-0.0121  	-0.0207  	0.01323  	-0.0131  	0.01677  	0.03110  	-0.0417  	-0.0202  	0.05189  	0.02917  	0.01246  	0.20158  	-0.0276  	0.00568  	-0.0014  	0.03522  	0.06434  	0.40137  	267.172  	162.321  	
0.61826  	0.17811  	-0.3096  	0.07852  	0.49244  	-0.5932  	-0.2030  	0.33692  	0.21008  	-0.4995  	-0.2698  	0.70224  	0.13252  	0.01939  	-0.4595  	0.09872  	0.25838  	-0.1692  	0.60489  	-0.0066  	0.09240  	0.92743  	0.13260  	0.48781  	0.16917  	0.06443  	0.41337  	-0.8491  	-0.8258  	-0.0908  	-0.0586  	0.27546  	-0.0196  	-0.1855  	0.68708  	0.09222  	0.53056  	0.18105  	-0.5708  	-0.0783  	0.01010  	0.10694  	-0.1697  	0.22323  	0.07356  	-0.0332  	-0.0005  	-0.0582  	-0.0072  	-0.1633  	-0.1453  	-0.0498  	0.00986  	-0.0121  	-0.0207  	0.01323  	-0.0131  	0.01677  	0.03110  	-0.0417  	-0.0202  	0.05189  	0.02917  	0.01246  	0.20158  	-0.0276  	0.00568  	-0.0014  	0.03522  	0.06434  	0.40137  	267.172  	162.321  	
0.61826  	0.17811  	-0.3096  	0.07852  	0.49244  	-0.5932  	-0.2030  	0.33692  	0.21008  	-0.4995  	-0.2698  	0.70224  	0.13252  	0.01939  	-0.4595  	0.09872  	0.25838  	-0.1692  	0.60489  	-0.0066  	0.09240  	0.92743  	0.13260  	0.48781  	0.16917  	0.06443  	0.41337  	-0.8491  	-0.8258  	-0.0908  	-0.0586  	0.27546  	-0.0196  	-0.1855  	0.68708  	0.09222  	0.53056  	0.18105  	-0.5708  	-0.0783  	0.01010  	0.10694  	-0.1697  	0.22323  	0.07356  	-0.0332  	-0.0005  	-0.0582  	-0.0072  	-0.1633  	-0.1453  	-0.0498  	0.00986  	-0.0121  	-0.0207  	0.01323  	-0.0131  	0.01677  	0.03110  	-0.0417  	-0.0202  	0.05189  	0.02917  	0.01246  	0.20158  	-0.0276  	0.00568  	-0.0014  	0.03522  	0.06434  	0.40137  	267.172  	162.321  	
0.63735  	0.18250  	-0.3140  	0.11034  	0.52797  	-0.5871  	-0.1960  	0.32367  	0.20004  	-0.5059  	-0.3216  	0.68426  	0.15356  	0.03976  	-0.4481  	0.09443  	0.25651  	-0.1611  	0.60732  	0.00026  	0.06332  	0.93863  	0.11364  	0.50004  	0.20050  	0.06435  	0.42854  	-0.8379  	-0.7904  	-0.0834  	-0.0651  	0.26528  	-0.0235  	-0.1888  	0.69510  	0.10598  	0.49630  	0.15935  	-0.5570  	-0.0621  	-0.0079  	0.11076  	-0.1745  	0.22340  	0.07487  	-0.0337  	-0.0014  	-0.0544  	-0.0037  	-0.1606  	-0.1371  	-0.0514  	0.00895  	-0.0165  	-0.0204  	0.01382  	-0.0116  	0.01718  	0.02972  	-0.0437  	-0.0233  	0.05320  	0.03277  	0.01060  	0.20158  	-0.0276  	0.00568  	-0.0014  	0.03522  	0.06434  	0.40137  	267.172  	162.321  	
0.68235  	0.16171  	-0.2490  	0.18501  	0.60944  	-0.5403  	-0.1733  	0.30442  	0.19071  	-0.4068  	-0.5065  	0.62362  	0.24360  	0.08993  	-0.5373  	0.04646  	0.24437  	-0.1219  	0.60708  	0.02940  	-0.1225  	0.96217  	0.02285  	0.39500  	0.33846  	0.04287  	0.37838  	-0.6863  	-0.6291  	-0.0272  	-0.0701  	0.24202  	-0.0338  	-0.1780  	0.58090  	0.18645  	0.37177  	0.10200  	-0.4653  	-0.0143  	0.02715  	0.10740  	-0.1410  	0.24194  	0.08127  	-0.0343  	-0.0207  	-0.0257  	0.01455  	-0.1657  	-0.1262  	-0.0584  	0.00660  	-0.0232  	-0.0188  	0.02408  	-0.0068  	0.01164  	0.03351  	-0.0425  	-0.0216  	0.04746  	0.03225  	0.00994  	0.20158  	-0.0276  	0.00568  	-0.0014  	0.03522  	0.06434  	0.40137  	267.172  	162.321  	
0.61360  	0.14421  	-0.4060  	0.26631  	0.70040  	-0.6192  	-0.1368  	0.23324  	0.17960  	-0.3470  	-0.6017  	0.63405  	0.27345  	0.16320  	-0.4540  	-0.0550  	0.22424  	-0.1079  	0.58937  	0.09413  	-0.1740  	0.96227  	-0.0227  	0.37736  	0.37653  	0.01874  	0.38977  	-0.6306  	-0.5258  	0.00978  	-0.0854  	0.21838  	-0.0451  	-0.1728  	0.60153  	0.22433  	0.30796  	0.07239  	-0.4558  	0.03843  	0.02262  	0.12346  	-0.1664  	0.24501  	0.08801  	-0.0336  	-0.0093  	-0.0337  	0.01213  	-0.1676  	-0.1247  	-0.0609  	0.00906  	-0.0260  	-0.0183  	0.02120  	0.00022  	0.01218  	0.03469  	-0.0406  	-0.0248  	0.05124  	0.02726  	0.01022  	0.20158  	-0.0276  	0.00568  	-0.0014  	0.03522  	0.06434  	0.40137  	267.172  	162.321  	
0.38841  	0.05040  	-0.5797  	0.36627  	0.78971  	-0.7515  	-0.1544  	0.18080  	0.12544  	-0.3733  	-0.5694  	0.76868  	0.21781  	0.12161  	-0.3385  	-0.0203  	0.20247  	-0.0921  	0.58837  	0.11681  	-0.1745  	0.99630  	-0.0445  	0.43728  	0.31609  	0.06230  	0.37990  	-0.5602  	-0.5399  	0.00308  	-0.0756  	0.22626  	-0.0485  	-0.1652  	0.63121  	0.17680  	0.29941  	0.05997  	-0.4726  	0.04971  	-0.0307  	0.12913  	-0.1934  	0.23427  	0.09250  	-0.0353  	-0.0043  	-0.0641  	-0.0009  	-0.1654  	-0.1245  	-0.0633  	0.00363  	-0.0261  	-0.0198  	0.00858  	-0.0028  	0.01087  	0.04411  	-0.0399  	-0.0283  	0.05186  	0.01714  	0.01477  	0.20158  	-0.0276  	0.00568  	-0.0014  	0.03522  	0.06434  	0.40137  	267.172  	162.321  	
0.26472  	0.04068  	-0.5598  	0.09940  	0.66988  	-0.7278  	-0.2112  	0.11214  	0.06200  	-0.4574  	-0.4274  	0.69919  	0.07744  	-0.1672  	-0.5055  	-0.0117  	0.23640  	-0.0956  	0.60869  	0.09796  	-0.1614  	0.95553  	0.02306  	0.47055  	0.27955  	0.07609  	0.34194  	-0.6235  	-0.5716  	-0.0231  	-0.0821  	0.23675  	-0.0519  	-0.1869  	0.57615  	0.21086  	0.36517  	0.08460  	-0.5075  	0.01402  	0.02390  	0.11907  	-0.2100  	0.24212  	0.09139  	-0.0311  	0.01109  	-0.0762  	-0.0208  	-0.1705  	-0.1340  	-0.0576  	0.00605  	-0.0254  	-0.0244  	-0.0038  	0.00253  	0.01564  	0.03627  	-0.0418  	-0.0314  	0.03778  	0.02941  	0.00707  	0.20158  	-0.0276  	0.00568  	-0.0014  	0.03522  	0.06434  	0.40137  	267.172  	162.321  	
0.45248  	0.05078  	-0.3990  	-0.0421  	0.53594  	-0.7401  	-0.2301  	0.15915  	0.11744  	-0.3550  	-0.2917  	0.76278  	0.07970  	-0.2959  	-0.8469  	0.13399  	0.21162  	-0.0368  	0.65439  	0.18816  	-0.1559  	0.85223  	-0.0243  	0.38997  	0.26605  	0.05093  	0.29247  	-0.5398  	-0.5879  	-0.0713  	-0.0696  	0.23803  	-0.0421  	-0.1787  	0.56367  	0.26708  	0.37898  	0.11954  	-0.5226  	0.00686  	0.06620  	0.10312  	-0.1800  	0.23455  	0.08939  	-0.0273  	0.00165  	-0.0557  	-0.0110  	-0.1694  	-0.1308  	-0.0558  	0.00228  	-0.0274  	-0.0166  	0.00303  	-0.0045  	0.01418  	0.02558  	-0.0454  	-0.0294  	0.03713  	0.03669  	0.00936  	0.20158  	-0.0276  	0.00568  	-0.0014  	0.03522  	0.06434  	0.40137  	267.172  	162.321  	
0.50060  	0.10822  	-0.3871  	-0.1075  	0.50052  	-0.6933  	-0.2029  	0.27535  	0.15088  	-0.3605  	-0.2414  	0.74791  	0.10363  	-0.2118  	-0.9065  	0.18831  	0.15409  	-0.0269  	0.64278  	0.23475  	-0.0654  	0.85789  	-0.0974  	0.34042  	0.31508  	0.02987  	0.32057  	-0.5607  	-0.6450  	-0.0725  	-0.0598  	0.24201  	-0.0082  	-0.1706  	0.60167  	0.25666  	0.37845  	0.13064  	-0.5105  	-0.0321  	0.05306  	0.11305  	-0.1600  	0.22275  	0.08732  	-0.0426  	0.00683  	-0.0546  	-0.0052  	-0.1827  	-0.1312  	-0.0562  	0.00799  	-0.0154  	-0.0275  	-0.0001  	-0.0007  	0.02199  	0.03529  	-0.0472  	-0.0352  	0.04246  	0.05056  	0.00649  	0.20158  	-0.0276  	0.00568  	-0.0014  	0.03522  	0.06434  	0.40137  	267.172  	162.321  	
0.28521  	0.03174  	-0.3966  	-0.0719  	0.50561  	-0.7219  	-0.2684  	0.20821  	0.10619  	-0.3427  	-0.2848  	0.60855  	0.05792  	-0.2002  	-0.8387  	0.11118  	0.20944  	-0.1058  	0.63815  	0.10602  	-0.0431  	0.87982  	-0.0046  	0.46432  	0.30292  	0.02687  	0.40102  	-0.7348  	-0.7288  	-0.0804  	-0.0839  	0.28909  	-0.0535  	-0.1987  	0.59950  	0.24163  	0.43875  	0.15464  	-0.5478  	-0.0106  	0.01718  	0.10324  	-0.1758  	0.22459  	0.07637  	-0.0398  	0.00079  	-0.0653  	0.00062  	-0.1824  	-0.1216  	-0.0598  	0.00913  	-0.0154  	-0.0328  	0.00949  	-0.0032  	0.01421  	0.04256  	-0.0425  	-0.0289  	0.03845  	0.03577  	0.00595  	0.20158  	-0.0276  	0.00568  	-0.0014  	0.03522  	0.06434  	0.40137  	267.172  	162.321  	
0.10521  	0.00098  	-0.5783  	-0.2889  	0.46080  	-0.8727  	-0.2675  	0.02238  	0.06407  	-0.3562  	-0.2123  	0.60749  	0.00987  	-0.4040  	-0.9076  	-0.0205  	0.19701  	-0.0658  	0.65762  	0.07671  	-0.1608  	0.89457  	0.04945  	0.44002  	0.25794  	0.05844  	0.34135  	-0.6422  	-0.5982  	-0.0995  	-0.0637  	0.25704  	-0.0862  	-0.1992  	0.53938  	0.30322  	0.38918  	0.10046  	-0.5211  	0.00318  	0.05202  	0.11781  	-0.1853  	0.23163  	0.09050  	-0.0344  	0.00236  	-0.0735  	-0.0107  	-0.1582  	-0.1359  	-0.0610  	0.01035  	-0.0126  	-0.0157  	-0.0059  	-0.0023  	0.02999  	0.05103  	-0.0543  	-0.0321  	0.04493  	0.02543  	0.00486  	0.20158  	-0.0276  	0.00568  	-0.0014  	0.03522  	0.06434  	0.40137  	267.172  	162.321  	
0.16343  	-0.0128  	-0.5408  	-0.2021  	0.42234  	-0.8773  	-0.2628  	0.07135  	0.05738  	-0.3262  	-0.2650  	0.62072  	0.01386  	-0.3504  	-0.9712  	0.03165  	0.20827  	-0.0441  	0.65324  	0.07263  	-0.2582  	0.88535  	0.06426  	0.39782  	0.22710  	0.08914  	0.29644  	-0.5849  	-0.5610  	-0.0558  	-0.0698  	0.23035  	-0.0841  	-0.1860  	0.51235  	0.30471  	0.35220  	0.08761  	-0.5125  	0.00755  	0.10329  	0.12854  	-0.1817  	0.24131  	0.08557  	-0.0351  	0.00356  	-0.0626  	-0.0085  	-0.1694  	-0.1369  	-0.0602  	0.00267  	-0.0218  	-0.0151  	0.00079  	-0.0005  	0.01950  	0.03449  	-0.0524  	-0.0312  	0.04626  	0.03550  	0.00839  	0.20158  	-0.0276  	0.00568  	-0.0014  	0.03522  	0.06434  	0.40137  	267.172  	162.321  	
0.20407  	0.01947  	-0.4961  	-0.2303  	0.43764  	-0.8823  	-0.2500  	0.04802  	0.06384  	-0.2350  	-0.2208  	0.67451  	0.00866  	-0.4213  	-1.0945  	0.11751  	0.19760  	0.01973  	0.63668  	0.17626  	-0.3154  	0.86058  	-0.0630  	0.32353  	0.23746  	0.09096  	0.17595  	-0.4669  	-0.5060  	-0.0788  	-0.0594  	0.24422  	-0.0646  	-0.1837  	0.50534  	0.34240  	0.29070  	0.07336  	-0.4795  	0.00831  	0.10025  	0.10962  	-0.1421  	0.22817  	0.09377  	-0.0397  	0.00173  	-0.0593  	0.00164  	-0.1744  	-0.1190  	-0.0649  	0.00439  	-0.0244  	-0.0072  	-0.0043  	0.00855  	0.01904  	0.03169  	-0.0488  	-0.0311  	0.04295  	0.03312  	0.01725  	0.20158  	-0.0276  	0.00568  	-0.0014  	0.03522  	0.06434  	0.40137  	267.172  	162.321  	
0.09106  	0.01481  	-0.5630  	-0.2361  	0.43048  	-0.9336  	-0.2664  	0.08830  	0.01537  	-0.2215  	-0.2732  	0.66931  	0.04706  	-0.4315  	-0.9625  	-0.0501  	0.29858  	-0.1542  	0.70679  	-0.1032  	-0.2767  	0.64327  	-0.2784  	0.32536  	0.21423  	0.19890  	0.20650  	-0.5277  	-0.3743  	-0.1062  	0.06377  	0.17889  	-0.1885  	-0.3483  	0.39719  	0.31545  	0.14990  	0.07597  	-0.5847  	-0.0642  	0.18425  	0.23730  	-0.2732  	0.32251  	0.03146  	-0.0234  	-0.0175  	-0.0499  	-0.0271  	-0.1889  	-0.1155  	-0.0542  	0.00866  	0.00024  	-0.0046  	-0.0123  	0.00715  	0.00707  	0.03864  	-0.0364  	-0.0231  	0.03971  	0.01901  	0.01588  	0.20158  	-0.0276  	0.00568  	-0.0014  	0.03522  	0.06434  	0.40137  	267.172  	162.321  	
-0.0528  	0.01231  	-0.5751  	-0.2956  	0.37116  	-0.9893  	-0.3109  	0.09234  	0.00377  	-0.3057  	-0.2591  	0.62173  	0.05744  	-0.5365  	-0.8800  	-0.1621  	0.43266  	-0.3518  	0.76225  	-0.3584  	-0.1306  	0.42997  	-0.4129  	0.38265  	0.14806  	0.28401  	0.27614  	-0.7315  	-0.3777  	-0.1187  	0.16833  	0.13573  	-0.2773  	-0.4732  	0.36910  	0.27722  	0.13520  	0.08117  	-0.7213  	-0.1674  	0.24698  	0.34413  	-0.3824  	0.37839  	-0.0125  	0.00633  	-0.0369  	-0.0533  	-0.0539  	-0.1806  	-0.1126  	-0.0480  	0.01369  	0.01762  	-0.0082  	-0.0063  	0.00229  	-0.0012  	0.04757  	-0.0334  	-0.0194  	0.04027  	0.00626  	0.01251  	0.20158  	-0.0276  	0.00568  	-0.0014  	0.03522  	0.06434  	0.40137  	267.172  	162.321  	
-0.1351  	0.00331  	-0.5634  	-0.4223  	0.33031  	-0.9580  	-0.3172  	0.01355  	-0.0036  	-0.2880  	-0.2790  	0.56117  	-0.0047  	-0.6465  	-0.9208  	-0.2116  	0.43782  	-0.3525  	0.75851  	-0.4366  	-0.2371  	0.38184  	-0.4099  	0.32806  	0.15865  	0.34255  	0.18846  	-0.7061  	-0.2956  	-0.1188  	0.23583  	0.10897  	-0.3105  	-0.5032  	0.25443  	0.28908  	0.09441  	0.06509  	-0.7006  	-0.1722  	0.30115  	0.35309  	-0.4064  	0.41096  	-0.0248  	-0.0008  	-0.0434  	-0.0435  	-0.0671  	-0.1840  	-0.1222  	-0.0433  	0.01545  	0.00656  	-0.0063  	-0.0109  	-0.0119  	-0.0012  	0.04080  	-0.0276  	-0.0159  	0.03428  	0.00798  	0.01759  	0.20158  	-0.0276  	0.00568  	-0.0014  	0.03522  	0.06434  	0.40137  	267.172  	162.321  	
-0.2378  	-0.0509  	-0.6135  	-0.4346  	0.32427  	-1.0947  	-0.2934  	0.06646  	-0.0036  	-0.2226  	-0.2138  	0.63394  	0.08469  	-0.5957  	-1.0087  	-0.1907  	0.41676  	-0.2726  	0.74731  	-0.3655  	-0.2727  	0.42472  	-0.3561  	0.26772  	0.07396  	0.32441  	0.11268  	-0.6327  	-0.2995  	-0.1168  	0.20846  	0.11441  	-0.2669  	-0.4638  	0.23187  	0.29166  	0.05330  	0.07171  	-0.6663  	-0.1632  	0.29401  	0.33608  	-0.3478  	0.39485  	-0.0144  	-0.0081  	-0.0320  	-0.0370  	-0.0494  	-0.1825  	-0.1192  	-0.0441  	0.00289  	0.01490  	0.00320  	-0.0063  	-0.0041  	-0.0008  	0.03882  	-0.0332  	-0.0133  	0.04690  	0.00673  	0.01736  	0.20158  	-0.0276  	0.00568  	-0.0014  	0.03522  	0.06434  	0.40137  	267.172  	162.321  	
-0.2430  	-0.0571  	-0.6966  	-0.4824  	0.38119  	-1.2083  	-0.2657  	0.03543  	0.00340  	-0.1913  	-0.1554  	0.57308  	0.08490  	-0.5189  	-1.0480  	-0.1804  	0.29182  	-0.1596  	0.68149  	-0.0880  	-0.2680  	0.64958  	-0.2302  	0.29153  	0.15999  	0.23585  	0.14413  	-0.5444  	-0.3972  	-0.1265  	0.11923  	0.13639  	-0.1682  	-0.3308  	0.32692  	0.29464  	0.12445  	0.06767  	-0.5739  	-0.1041  	0.21950  	0.22988  	-0.2864  	0.31474  	0.03178  	-0.0219  	-0.0191  	-0.0467  	-0.0438  	-0.1780  	-0.1282  	-0.0471  	0.01059  	-0.0052  	-0.0168  	-0.0109  	-0.0041  	0.00664  	0.03971  	-0.0363  	-0.0160  	0.04437  	0.01587  	0.01361  	0.20158  	-0.0276  	0.00568  	-0.0014  	0.03522  	0.06434  	0.40137  	267.172  	162.321  	
-0.1552  	-0.0498  	-0.6566  	-0.4716  	0.36868  	-1.0927  	-0.2099  	0.03550  	0.03752  	-0.2596  	-0.2359  	0.51165  	0.00514  	-0.4058  	-0.9918  	-0.1244  	0.23165  	-0.0390  	0.62622  	0.13685  	-0.3052  	0.88050  	0.07416  	0.34637  	0.24337  	0.12097  	0.21504  	-0.5317  	-0.4949  	-0.0858  	-0.0173  	0.20029  	-0.0719  	-0.1724  	0.42536  	0.28987  	0.28258  	0.08212  	-0.4801  	-0.0112  	0.13940  	0.10150  	-0.1699  	0.25142  	0.08947  	-0.0357  	0.00883  	-0.0796  	-0.0201  	-0.1666  	-0.1403  	-0.0556  	0.00236  	-0.0205  	-0.0227  	-0.0110  	0.00340  	0.02043  	0.03612  	-0.0514  	-0.0209  	0.04782  	0.03318  	0.01225  	0.20158  	-0.0276  	0.00568  	-0.0014  	0.03522  	0.06434  	0.40137  	267.172  	162.321  	
0.04743  	-0.0480  	-0.6377  	-0.2103  	0.47149  	-0.9220  	-0.2343  	0.05996  	0.07398  	-0.3286  	-0.3581  	0.64895  	0.02596  	-0.4283  	-0.9119  	-0.0395  	0.25226  	-0.0178  	0.61969  	0.13995  	-0.3279  	0.86665  	0.02489  	0.36585  	0.23627  	0.12026  	0.24878  	-0.4557  	-0.4516  	-0.0666  	-0.0365  	0.21901  	-0.0787  	-0.1743  	0.42329  	0.30621  	0.23010  	0.06539  	-0.4869  	0.01299  	0.10980  	0.09674  	-0.1681  	0.25091  	0.08280  	-0.0452  	0.00842  	-0.0771  	-0.0137  	-0.1714  	-0.1352  	-0.0570  	0.00795  	-0.0237  	-0.0145  	-0.0142  	0.00662  	0.02272  	0.03498  	-0.0545  	-0.0277  	0.04922  	0.03633  	0.01422  	0.20158  	-0.0276  	0.00568  	-0.0014  	0.03522  	0.06434  	0.40137  	267.172  	162.321  	
0.21057  	0.03225  	-0.5306  	-0.1040  	0.53582  	-0.8520  	-0.2366  	0.06142  	0.06564  	-0.2347  	-0.3340  	0.67658  	0.02900  	-0.4496  	-0.9831  	0.13592  	0.21118  	0.03202  	0.63169  	0.18667  	-0.3394  	0.86084  	-0.0536  	0.32851  	0.27330  	0.08279  	0.20471  	-0.4344  	-0.4542  	-0.0601  	-0.0633  	0.22586  	-0.0876  	-0.1864  	0.45776  	0.34694  	0.23476  	0.06948  	-0.4594  	0.04211  	0.08813  	0.10036  	-0.1621  	0.25062  	0.08600  	-0.0298  	0.00296  	-0.0616  	-0.0082  	-0.1740  	-0.1205  	-0.0587  	0.01209  	-0.0284  	-0.0107  	-0.0063  	0.00613  	0.01508  	0.03756  	-0.0475  	-0.0293  	0.03302  	0.03236  	0.01709  	0.20158  	-0.0276  	0.00568  	-0.0014  	0.03522  	0.06434  	0.40137  	267.172  	162.321  	
0.18613  	-0.0190  	-0.5355  	-0.0742  	0.55248  	-0.8614  	-0.2384  	0.03610  	0.05132  	-0.2449  	-0.3347  	0.62298  	0.02707  	-0.4621  	-0.9323  	0.14071  	0.20055  	-0.0052  	0.65793  	0.14656  	-0.3233  	0.90303  	-0.0759  	0.35514  	0.38067  	0.05924  	0.28069  	-0.4527  	-0.4684  	-0.0168  	-0.0864  	0.25348  	-0.1137  	-0.1947  	0.48863  	0.38921  	0.27271  	0.08480  	-0.4793  	0.02538  	0.05902  	0.11345  	-0.1730  	0.24321  	0.08430  	-0.0327  	-0.0042  	-0.0650  	-0.0079  	-0.1713  	-0.1095  	-0.0583  	0.01089  	-0.0248  	-0.0079  	0.00104  	0.00773  	0.02209  	0.03977  	-0.0416  	-0.0265  	0.02274  	0.03644  	0.01464  	0.20158  	-0.0276  	0.00568  	-0.0014  	0.03522  	0.06434  	0.40137  	267.172  	162.321  	
0.12010  	-0.0251  	-0.6137  	-0.1082  	0.49560  	-0.8022  	-0.2619  	-0.0077  	0.02918  	-0.3752  	-0.3654  	0.56793  	0.01275  	-0.4124  	-0.8456  	-0.0391  	0.27650  	-0.0849  	0.64165  	0.05265  	-0.2554  	0.90674  	0.01611  	0.40428  	0.34186  	0.07400  	0.33718  	-0.5677  	-0.5535  	-0.0193  	-0.0663  	0.26536  	-0.1271  	-0.1753  	0.51258  	0.34694  	0.35565  	0.09709  	-0.5052  	-0.0181  	0.06163  	0.10077  	-0.1819  	0.22661  	0.09085  	-0.0390  	0.00128  	-0.0885  	-0.0133  	-0.1706  	-0.1251  	-0.0518  	0.00909  	-0.0161  	-0.0126  	-0.0014  	0.00365  	0.02605  	0.04105  	-0.0554  	-0.0301  	0.02626  	0.03600  	0.01237  	0.20158  	-0.0276  	0.00568  	-0.0014  	0.03522  	0.06434  	0.40137  	267.172  	162.321  	
0.20473  	-0.0088  	-0.5986  	-0.0776  	0.53613  	-0.7941  	-0.2408  	0.03768  	0.03817  	-0.4027  	-0.4029  	0.58951  	0.04326  	-0.3257  	-0.7501  	-0.0162  	0.23000  	-0.0608  	0.62646  	0.08600  	-0.2418  	0.91022  	-0.0093  	0.35833  	0.31745  	0.06512  	0.30086  	-0.5680  	-0.5443  	-0.0262  	-0.0714  	0.26285  	-0.1033  	-0.1705  	0.54575  	0.33123  	0.33071  	0.10943  	-0.5127  	-0.0064  	0.05916  	0.10971  	-0.1779  	0.22149  	0.08603  	-0.0440  	0.00316  	-0.0879  	-0.0143  	-0.1766  	-0.1272  	-0.0546  	0.00926  	-0.0170  	-0.0105  	-0.0032  	0.00721  	0.02322  	0.04225  	-0.0489  	-0.0333  	0.03429  	0.03572  	0.01279  	0.20158  	-0.0276  	0.00568  	-0.0014  	0.03522  	0.06434  	0.40137  	267.172  	162.321  	
0.21761  	0.00394  	-0.5600  	-0.1542  	0.46685  	-0.8161  	-0.2039  	0.08161  	0.08286  	-0.3321  	-0.3244  	0.65728  	0.05993  	-0.2668  	-0.8515  	0.01006  	0.18945  	-0.0133  	0.62212  	0.16929  	-0.3066  	0.90735  	-0.0226  	0.31256  	0.25827  	0.06853  	0.18737  	-0.4800  	-0.4930  	-0.0786  	-0.0459  	0.23522  	-0.0638  	-0.1703  	0.49288  	0.31008  	0.28418  	0.10211  	-0.4722  	0.01112  	0.10871  	0.10110  	-0.1528  	0.22949  	0.08099  	-0.0422  	0.00882  	-0.0595  	-0.0100  	-0.1749  	-0.1340  	-0.0547  	0.00776  	-0.0203  	-0.0123  	-0.0065  	0.00470  	0.01670  	0.03857  	-0.0485  	-0.0244  	0.04223  	0.03918  	0.01478  	0.20158  	-0.0276  	0.00568  	-0.0014  	0.03522  	0.06434  	0.40137  	267.172  	162.321  	
0.19517  	0.01237  	-0.5560  	-0.1737  	0.44224  	-0.8339  	-0.2471  	0.07759  	0.06589  	-0.2820  	-0.2828  	0.69043  	0.05348  	-0.2789  	-0.9477  	0.03231  	0.20652  	0.02236  	0.62142  	0.18881  	-0.3043  	0.88059  	-0.0260  	0.29890  	0.24091  	0.07656  	0.16893  	-0.4594  	-0.4901  	-0.0773  	-0.0471  	0.22091  	-0.0456  	-0.1761  	0.47849  	0.31849  	0.26356  	0.08307  	-0.4556  	0.00374  	0.11056  	0.10335  	-0.1639  	0.22828  	0.07949  	-0.0336  	0.01101  	-0.0507  	-0.0091  	-0.1740  	-0.1280  	-0.0557  	0.01300  	-0.0157  	-0.0151  	-0.0070  	0.00299  	0.01811  	0.03881  	-0.0423  	-0.0275  	0.04095  	0.03902  	0.01373  	0.20158  	-0.0276  	0.00568  	-0.0014  	0.03522  	0.06434  	0.40137  	267.172  	162.321  	
0.11537  	0.00400  	-0.5916  	-0.2249  	0.41551  	-0.8692  	-0.2235  	0.05045  	0.05692  	-0.2808  	-0.2869  	0.65325  	0.01019  	-0.3470  	-0.9820  	-0.0066  	0.22417  	0.01092  	0.62205  	0.18835  	-0.3365  	0.86588  	0.00088  	0.30713  	0.25569  	0.09118  	0.17437  	-0.4426  	-0.4626  	-0.0687  	-0.0532  	0.21495  	-0.0816  	-0.1761  	0.45723  	0.33070  	0.26720  	0.07714  	-0.4577  	0.01598  	0.10732  	0.10768  	-0.1560  	0.24210  	0.08586  	-0.0348  	0.00886  	-0.0605  	-0.0114  	-0.1803  	-0.1258  	-0.0550  	0.00750  	-0.0178  	-0.0135  	-0.0059  	0.00453  	0.01639  	0.03383  	-0.0471  	-0.0288  	0.03986  	0.03527  	0.01784  	0.20158  	-0.0276  	0.00568  	-0.0014  	0.03522  	0.06434  	0.40137  	267.172  	162.321  	
-0.0552  	-0.0199  	-0.6493  	-0.3620  	0.36389  	-0.9837  	-0.2364  	-0.0159  	0.05528  	-0.2803  	-0.2556  	0.57102  	-0.0216  	-0.4974  	-1.0157  	-0.0339  	0.26439  	-0.0181  	0.62787  	0.13030  	-0.2872  	0.83395  	0.04891  	0.35939  	0.27332  	0.10702  	0.24219  	-0.5228  	-0.5124  	-0.0930  	-0.0464  	0.21871  	-0.0961  	-0.1849  	0.45402  	0.31666  	0.29637  	0.09115  	-0.5103  	-0.0141  	0.13017  	0.10527  	-0.1618  	0.23632  	0.09417  	-0.0355  	0.00417  	-0.0876  	-0.0233  	-0.1595  	-0.1272  	-0.0562  	0.01063  	-0.0163  	-0.0123  	-0.0009  	0.00251  	0.01957  	0.04867  	-0.0443  	-0.0296  	0.04946  	0.03688  	0.01424  	0.20158  	-0.0276  	0.00568  	-0.0014  	0.03522  	0.06434  	0.40137  	267.172  	162.321  	
-0.0608  	-0.0368  	-0.6668  	-0.4380  	0.35873  	-0.9792  	-0.2456  	-0.0222  	0.03617  	-0.3075  	-0.2754  	0.50843  	-0.0378  	-0.5292  	-0.9732  	-0.0833  	0.25178  	-0.0167  	0.61462  	0.11294  	-0.2972  	0.84539  	0.09381  	0.29369  	0.24806  	0.12859  	0.20364  	-0.5156  	-0.5106  	-0.0972  	-0.0289  	0.21493  	-0.0938  	-0.1784  	0.41061  	0.30863  	0.28633  	0.09445  	-0.4843  	-0.0248  	0.14396  	0.10968  	-0.1574  	0.23948  	0.09092  	-0.0385  	0.00307  	-0.0826  	-0.0320  	-0.1636  	-0.1330  	-0.0539  	0.01076  	-0.0226  	-0.0182  	-0.0042  	0.00094  	0.02148  	0.04232  	-0.0464  	-0.0253  	0.03935  	0.03458  	0.01900  	0.20158  	-0.0276  	0.00568  	-0.0014  	0.03522  	0.06434  	0.40137  	267.172  	162.321  	
-0.0998  	-0.0289  	-0.6617  	-0.3624  	0.40156  	-0.9920  	-0.2349  	0.01035  	0.06393  	-0.2867  	-0.3257  	0.59185  	-0.0084  	-0.4906  	-0.9494  	-0.0633  	0.24725  	0.01291  	0.62059  	0.10885  	-0.3607  	0.86284  	0.09552  	0.25472  	0.21081  	0.12948  	0.15298  	-0.4820  	-0.4347  	-0.0807  	-0.0295  	0.20707  	-0.0862  	-0.1693  	0.34893  	0.30918  	0.23754  	0.10033  	-0.4630  	0.00983  	0.16020  	0.10075  	-0.1465  	0.24979  	0.08045  	-0.0426  	0.01223  	-0.0679  	-0.0193  	-0.1708  	-0.1305  	-0.0534  	0.00669  	-0.0176  	-0.0176  	-0.0099  	0.00128  	0.01734  	0.03854  	-0.0467  	-0.0230  	0.04502  	0.03483  	0.01851  	0.20158  	-0.0276  	0.00568  	-0.0014  	0.03522  	0.06434  	0.40137  	267.172  	162.321  	
-0.1832  	-0.0746  	-0.6883  	-0.4642  	0.35245  	-1.0678  	-0.2011  	-0.0202  	0.03937  	-0.2304  	-0.2933  	0.53609  	0.04515  	-0.4609  	-1.0626  	-0.1185  	0.20654  	0.02776  	0.61111  	0.17002  	-0.4390  	0.86467  	0.03559  	0.22075  	0.22794  	0.12793  	0.11500  	-0.3818  	-0.3919  	-0.0968  	0.00791  	0.19229  	-0.0832  	-0.1583  	0.33670  	0.34103  	0.18406  	0.06280  	-0.4326  	-0.0096  	0.16830  	0.09542  	-0.1472  	0.25318  	0.08534  	-0.0472  	0.00672  	-0.0609  	-0.0145  	-0.1686  	-0.1337  	-0.0542  	0.00330  	-0.0251  	-0.0131  	-0.0103  	-0.0018  	0.01576  	0.03504  	-0.0543  	-0.0182  	0.04729  	0.03458  	0.01952  	0.20158  	-0.0276  	0.00568  	-0.0014  	0.03522  	0.06434  	0.40137  	267.172  	162.321  	
-0.2686  	-0.0856  	-0.7271  	-0.5973  	0.28580  	-1.1647  	-0.2293  	-0.0505  	0.02295  	-0.2073  	-0.1514  	0.54168  	0.01097  	-0.4861  	-1.1604  	-0.1172  	0.20991  	0.02262  	0.60498  	0.17025  	-0.3863  	0.86765  	0.06671  	0.25232  	0.17805  	0.14458  	0.08303  	-0.4124  	-0.4437  	-0.1323  	0.03314  	0.17882  	-0.0833  	-0.1656  	0.34191  	0.31986  	0.19528  	0.06188  	-0.4399  	-0.0300  	0.17395  	0.09845  	-0.1472  	0.23673  	0.09282  	-0.0483  	0.00231  	-0.0721  	-0.0230  	-0.1681  	-0.1432  	-0.0543  	0.00937  	-0.0244  	-0.0200  	-0.0072  	-0.0028  	0.01642  	0.03892  	-0.0467  	-0.0177  	0.05698  	0.03643  	0.01581  	0.20158  	-0.0276  	0.00568  	-0.0014  	0.03522  	0.06434  	0.40137  	267.172  	162.321  	
-0.2277  	-0.0501  	-0.7173  	-0.5312  	0.34053  	-1.2239  	-0.2349  	0.01025  	0.03617  	-0.2251  	-0.1664  	0.53053  	-0.0123  	-0.4294  	-1.0460  	-0.1220  	0.23482  	-0.0230  	0.60923  	0.13826  	-0.3042  	0.89938  	0.04379  	0.35737  	0.23126  	0.14135  	0.22991  	-0.5190  	-0.5195  	-0.0901  	0.00337  	0.18502  	-0.0724  	-0.1713  	0.42722  	0.31616  	0.23188  	0.05786  	-0.4646  	-0.0100  	0.13438  	0.11417  	-0.1796  	0.22336  	0.09302  	-0.0397  	0.00541  	-0.0780  	-0.0241  	-0.1604  	-0.1364  	-0.0568  	0.00699  	-0.0171  	-0.0247  	-0.0100  	-0.0002  	0.01741  	0.03811  	-0.0460  	-0.0231  	0.05806  	0.03390  	0.01681  	0.20158  	-0.0276  	0.00568  	-0.0014  	0.03522  	0.06434  	0.40137  	267.172  	162.321  	
0.02553  	-0.0513  	-0.6165  	-0.2774  	0.45028  	-0.9135  	-0.2159  	0.05520  	0.07574  	-0.3280  	-0.3671  	0.60461  	0.05958  	-0.3750  	-0.9305  	-0.0102  	0.29022  	-0.0244  	0.59796  	0.09733  	-0.3578  	0.86096  	-0.0003  	0.36832  	0.24359  	0.13175  	0.23249  	-0.4782  	-0.5037  	-0.0845  	-0.0159  	0.22897  	-0.0507  	-0.1739  	0.44769  	0.30010  	0.22347  	0.04565  	-0.4606  	0.01089  	0.12547  	0.09914  	-0.1706  	0.23807  	0.09548  	-0.0351  	0.00994  	-0.0782  	-0.0191  	-0.1566  	-0.1294  	-0.0583  	0.00557  	-0.0275  	-0.0174  	-0.0069  	-0.0006  	0.01980  	0.03224  	-0.0469  	-0.0266  	0.05337  	0.04186  	0.01970  	0.20158  	-0.0276  	0.00568  	-0.0014  	0.03522  	0.06434  	0.40137  	267.172  	162.321  	
0.27258  	0.00561  	-0.4728  	-0.0659  	0.57005  	-0.8688  	-0.1906  	0.03788  	0.07328  	-0.2718  	-0.3442  	0.69655  	0.07676  	-0.4144  	-1.0074  	0.16927  	0.19434  	0.03155  	0.61757  	0.24371  	-0.4121  	0.85954  	-0.1336  	0.32527  	0.25102  	0.10956  	0.14425  	-0.4103  	-0.4810  	-0.0904  	-0.0509  	0.22418  	-0.0660  	-0.1612  	0.47609  	0.34569  	0.21359  	0.07450  	-0.4454  	0.02225  	0.10370  	0.11555  	-0.1392  	0.22611  	0.08748  	-0.0309  	0.00886  	-0.0408  	-0.0042  	-0.1632  	-0.1087  	-0.0555  	0.00986  	-0.0272  	-0.0108  	-0.0110  	0.00775  	0.01616  	0.03542  	-0.0491  	-0.0350  	0.03737  	0.03427  	0.01674  	0.20158  	-0.0276  	0.00568  	-0.0014  	0.03522  	0.06434  	0.40137  	267.172  	162.321  	
0.27943  	0.01556  	-0.5087  	-0.0410  	0.60661  	-0.8684  	-0.1907  	0.04225  	0.05493  	-0.2402  	-0.3285  	0.69560  	0.05434  	-0.4018  	-0.9767  	0.16610  	0.16407  	0.03067  	0.61706  	0.22826  	-0.3925  	0.86484  	-0.1714  	0.33853  	0.33959  	0.06330  	0.24129  	-0.4080  	-0.4590  	-0.0474  	-0.0887  	0.24937  	-0.0962  	-0.1710  	0.50108  	0.39766  	0.23301  	0.08445  	-0.4641  	0.03137  	0.06628  	0.11413  	-0.1646  	0.22460  	0.09656  	-0.0409  	-0.0017  	-0.0554  	0.00294  	-0.1737  	-0.1138  	-0.0567  	0.01217  	-0.0193  	-0.0077  	-0.0068  	0.01172  	0.01847  	0.04093  	-0.0472  	-0.0357  	0.03418  	0.03776  	0.01271  	0.20158  	-0.0276  	0.00568  	-0.0014  	0.03522  	0.06434  	0.40137  	267.172  	162.321  	
0.19473  	0.00515  	-0.6007  	0.01842  	0.59380  	-0.8149  	-0.2164  	0.00719  	0.02525  	-0.3509  	-0.4392  	0.64213  	-0.0005  	-0.3693  	-0.9101  	0.05260  	0.24515  	-0.0111  	0.62611  	0.19766  	-0.3754  	0.87459  	-0.1252  	0.38264  	0.39983  	0.06590  	0.31409  	-0.3914  	-0.4303  	0.01292  	-0.1126  	0.27769  	-0.1055  	-0.1778  	0.49000  	0.40496  	0.22801  	0.07866  	-0.4420  	0.02726  	0.04832  	0.10448  	-0.1685  	0.24187  	0.08796  	-0.0434  	-0.0087  	-0.0611  	-0.0060  	-0.1783  	-0.1082  	-0.0539  	0.00927  	-0.0190  	-0.0116  	0.00030  	0.01253  	0.02007  	0.04315  	-0.0445  	-0.0345  	0.02778  	0.03449  	0.01059  	0.20158  	-0.0276  	0.00568  	-0.0014  	0.03522  	0.06434  	0.40137  	267.172  	162.321  	
0.19228  	-0.0186  	-0.6594  	0.22433  	0.75208  	-0.8225  	-0.2167  	0.08787  	0.03898  	-0.4120  	-0.4964  	0.73116  	0.10501  	-0.1594  	-0.5587  	-0.0675  	0.21530  	-0.0552  	0.58585  	0.18334  	-0.2991  	0.92532  	-0.0921  	0.40841  	0.33725  	0.07950  	0.29131  	-0.4191  	-0.4472  	0.01457  	-0.0975  	0.21948  	-0.0708  	-0.1664  	0.55437  	0.29580  	0.23003  	0.04922  	-0.4661  	0.01611  	0.00056  	0.12633  	-0.2011  	0.21922  	0.09670  	-0.0389  	0.00098  	-0.0724  	-0.0079  	-0.1894  	-0.1226  	-0.0584  	0.00428  	-0.0268  	-0.0202  	-0.0061  	0.01241  	0.02250  	0.04190  	-0.0536  	-0.0343  	0.03847  	0.02167  	0.01288  	0.20158  	-0.0276  	0.00568  	-0.0014  	0.03522  	0.06434  	0.40137  	267.172  	162.321  	
0.22942  	-0.0087  	-0.7065  	0.22380  	0.82150  	-0.7989  	-0.2009  	0.12283  	0.08983  	-0.3492  	-0.4864  	0.80587  	0.18097  	-0.0152  	-0.5768  	-0.0558  	0.21147  	-0.0241  	0.56205  	0.22002  	-0.3326  	0.89749  	-0.1544  	0.32328  	0.32848  	0.08037  	0.21298  	-0.3190  	-0.3863  	-0.0023  	-0.0830  	0.18586  	-0.0282  	-0.1559  	0.57206  	0.27744  	0.16597  	0.01670  	-0.4257  	0.03422  	-0.0081  	0.12183  	-0.1873  	0.21407  	0.10145  	-0.0400  	0.00014  	-0.0735  	-0.0055  	-0.1648  	-0.1156  	-0.0585  	-0.0026  	-0.0205  	-0.0216  	-0.0080  	0.01235  	0.01785  	0.04587  	-0.0440  	-0.0353  	0.04243  	0.04120  	0.01901  	0.20158  	-0.0276  	0.00568  	-0.0014  	0.03522  	0.06434  	0.40137  	267.172  	162.321  	
-0.0025  	-0.0703  	-0.8826  	0.23810  	0.88366  	-0.9325  	-0.1614  	0.11976  	0.06707  	-0.3743  	-0.3807  	0.86657  	0.16430  	-0.0920  	-0.6151  	-0.1038  	0.16814  	0.02356  	0.53854  	0.30389  	-0.4138  	0.82815  	-0.1567  	0.33481  	0.29723  	0.10288  	0.09679  	-0.2064  	-0.3233  	-0.0599  	-0.0684  	0.15510  	-0.0050  	-0.1525  	0.52765  	0.26833  	0.04921  	-0.0050  	-0.4124  	0.04046  	0.00993  	0.12657  	-0.2434  	0.18407  	0.10078  	-0.0419  	0.00673  	-0.0619  	-0.0052  	-0.1824  	-0.1223  	-0.0624  	-0.0145  	-0.0276  	-0.0219  	-0.0053  	0.01485  	0.01851  	0.03406  	-0.0473  	-0.0273  	0.04603  	0.03806  	0.01099  	0.20158  	-0.0276  	0.00568  	-0.0014  	0.03522  	0.06434  	0.40137  	267.172  	162.321  	
0.01074  	-0.0808  	-0.9322  	0.27190  	0.85850  	-1.0373  	-0.1374  	0.12311  	0.07380  	-0.3041  	-0.3132  	0.90399  	0.18218  	-0.0928  	-0.6332  	-0.1111  	0.12719  	0.04751  	0.53652  	0.33288  	-0.3899  	0.87141  	-0.1556  	0.29842  	0.26688  	0.11267  	0.04867  	-0.1711  	-0.2985  	-0.0484  	-0.0855  	0.12768  	0.02278  	-0.1471  	0.52619  	0.26678  	0.05725  	-0.0065  	-0.4146  	0.06262  	0.01247  	0.11982  	-0.2470  	0.19733  	0.10170  	-0.0397  	0.01154  	-0.0530  	-0.0047  	-0.1854  	-0.1247  	-0.0606  	-0.0044  	-0.0277  	-0.0191  	-0.0009  	0.00901  	0.01654  	0.03044  	-0.0509  	-0.0299  	0.03967  	0.02598  	0.01160  	0.20158  	-0.0276  	0.00568  	-0.0014  	0.03522  	0.06434  	0.40137  	267.172  	162.321  	
0.07106  	-0.0158  	-0.8754  	0.32207  	0.87041  	-0.9339  	-0.1962  	0.16963  	0.07413  	-0.3261  	-0.4209  	0.93246  	0.21803  	-1.6141  	-0.5431  	-0.0816  	0.12675  	-0.0133  	0.57094  	0.33492  	-0.3740  	0.87943  	-0.2221  	0.30997  	0.28986  	0.12836  	0.10823  	-0.2316  	-0.3450  	-0.0198  	-0.0659  	0.15458  	-0.0063  	-0.1456  	0.57030  	0.27154  	0.07817  	-0.0009  	-0.4037  	0.06834  	-0.0176  	0.13410  	-0.2350  	0.22126  	0.10124  	-0.0381  	0.01727  	-0.0608  	-0.0163  	-0.1629  	-0.1135  	-0.0664  	-0.0056  	-0.0220  	-0.0221  	-0.0011  	0.01474  	0.02089  	0.03975  	-0.0433  	-0.0427  	0.03800  	0.02175  	0.00296  	0.20158  	-0.0276  	0.00568  	-0.0014  	0.03522  	0.06434  	0.40137  	267.172  	162.321  	
0.34405  	0.02638  	-0.5769  	0.11482  	0.62550  	-0.7288  	-0.2143  	0.12700  	0.10874  	-0.3767  	-0.5927  	0.68564  	0.13649  	-0.2666  	-0.6057  	0.05309  	0.22510  	0.02478  	0.63853  	0.19613  	-0.3421  	0.90893  	-0.0511  	0.32444  	0.34564  	0.07987  	0.19143  	-0.4245  	-0.4501  	-0.0105  	-0.0795  	0.22544  	-0.0518  	-0.1678  	0.46569  	0.27489  	0.20088  	0.07069  	-0.4352  	0.02340  	0.06442  	0.11111  	-0.1667  	0.23227  	0.08432  	-0.0335  	-0.0019  	-0.0554  	0.00112  	-0.1773  	-0.1247  	-0.0555  	0.00451  	-0.0216  	-0.0176  	0.00077  	0.00563  	0.02180  	0.04292  	-0.0562  	-0.0344  	0.03787  	0.01957  	0.00613  	0.20158  	-0.0276  	0.00568  	-0.0014  	0.03522  	0.06434  	0.40137  	267.172  	162.321  	
0.38722  	0.07583  	-0.4766  	0.11428  	0.66914  	-0.7539  	-0.2241  	0.04572  	0.08969  	-0.2734  	-0.4705  	0.74516  	0.10429  	-0.3180  	-0.8355  	0.09682  	0.20055  	0.01015  	0.63581  	0.20869  	-0.3724  	0.91266  	-0.1288  	0.35037  	0.32366  	0.05409  	0.22797  	-0.4188  	-0.4254  	-0.0059  	-0.0899  	0.22196  	-0.0679  	-0.1808  	0.49967  	0.34075  	0.20947  	0.05783  	-0.4274  	0.05784  	0.07399  	0.12666  	-0.1696  	0.23253  	0.08984  	-0.0284  	-0.0052  	-0.0443  	0.00325  	-0.1756  	-0.1164  	-0.0542  	0.01425  	-0.0305  	-0.0173  	0.00495  	0.00842  	0.01675  	0.04417  	-0.0419  	-0.0281  	0.03136  	0.03191  	0.00885  	0.20158  	-0.0276  	0.00568  	-0.0014  	0.03522  	0.06434  	0.40137  	267.172  	162.321  	
0.30327  	0.00194  	-0.5174  	0.10583  	0.63751  	-0.7524  	-0.2126  	0.03236  	0.03728  	-0.3457  	-0.4059  	0.67910  	0.03985  	-0.3597  	-0.8410  	0.11368  	0.20598  	-0.0637  	0.62487  	0.15171  	-0.2868  	0.89340  	-0.1091  	0.41482  	0.36787  	0.04117  	0.35179  	-0.4882  	-0.4963  	0.02531  	-0.1006  	0.26159  	-0.0900  	-0.1979  	0.55429  	0.37401  	0.27458  	0.07863  	-0.4787  	0.03483  	0.02597  	0.12824  	-0.1862  	0.23786  	0.08220  	-0.0302  	-0.0078  	-0.0549  	-0.0036  	-0.1738  	-0.1090  	-0.0548  	0.00866  	-0.0281  	-0.0157  	0.00608  	0.01046  	0.02207  	0.04304  	-0.0454  	-0.0346  	0.02161  	0.03994  	0.00406  	0.20158  	-0.0276  	0.00568  	-0.0014  	0.03522  	0.06434  	0.40137  	267.172  	162.321  	
0.54418  	0.09288  	-0.4425  	0.24149  	0.69985  	-0.7123  	-0.1633  	0.15424  	0.10918  	-0.3590  	-0.5716  	0.62721  	0.18714  	-0.0663  	-0.4408  	-0.0060  	0.24866  	-0.1089  	0.61568  	0.04204  	-0.2033  	0.96168  	-0.0104  	0.44227  	0.34207  	0.04595  	0.39291  	-0.6651  	-0.5766  	-0.0071  	-0.0753  	0.26273  	-0.0790  	-0.1836  	0.62969  	0.23072  	0.34229  	0.08695  	-0.5092  	0.05173  	-0.0042  	0.11878  	-0.1801  	0.22473  	0.07174  	-0.0375  	-0.0042  	-0.0506  	0.01120  	-0.1703  	-0.1215  	-0.0536  	0.00423  	-0.0186  	-0.0156  	0.01288  	-0.0044  	0.00596  	0.05127  	-0.0393  	-0.0244  	0.04468  	0.02495  	0.00131  	0.20158  	-0.0276  	0.00568  	-0.0014  	0.03522  	0.06434  	0.40137  	267.172  	162.321  	
0.63474  	0.14274  	-0.4666  	0.43997  	0.85627  	-0.5672  	-0.1579  	0.23506  	0.10634  	-0.3815  	-0.7971  	0.58113  	0.31084  	0.19992  	-0.2409  	-0.1403  	0.21418  	-0.1516  	0.60698  	-0.0014  	-0.2479  	1.04136  	-0.0148  	0.37064  	0.44926  	0.01844  	0.47762  	-0.6822  	-0.4327  	0.08635  	-0.0649  	0.19256  	-0.0788  	-0.1518  	0.63237  	0.24056  	0.24510  	0.04569  	-0.4326  	0.07196  	-0.0368  	0.12731  	-0.1720  	0.24854  	0.07989  	-0.0346  	-0.0145  	-0.0239  	0.01166  	-0.1757  	-0.1254  	-0.0562  	0.00636  	-0.0283  	-0.0155  	0.02065  	-0.0096  	0.02031  	0.02967  	-0.0410  	-0.0239  	0.04746  	0.02607  	0.00368  	0.20158  	-0.0276  	0.00568  	-0.0014  	0.03522  	0.06434  	0.40137  	267.172  	162.321  	
0.11317  	-0.0255  	-0.7353  	-0.0806  	0.62680  	-1.0004  	-0.2006  	0.08976  	0.10257  	-0.3257  	-0.3437  	0.65936  	0.17235  	-0.1260  	-0.5963  	-0.1596  	0.18495  	-0.0787  	0.59026  	0.15639  	-0.1727  	0.86734  	-0.0707  	0.44484  	0.21131  	0.09619  	0.32428  	-0.6192  	-0.6515  	-0.0615  	-0.0066  	0.24333  	-0.0479  	-0.1701  	0.62270  	0.21658  	0.32749  	0.07487  	-0.5341  	0.01840  	0.02131  	0.12526  	-0.2225  	0.21321  	0.09197  	-0.0341  	0.01087  	-0.0850  	-0.0054  	-0.1694  	-0.1352  	-0.0572  	-0.0038  	-0.0149  	-0.0236  	-0.0080  	-0.0007  	0.02075  	0.04168  	-0.0489  	-0.0294  	0.04193  	0.02679  	0.00459  	0.20158  	-0.0276  	0.00568  	-0.0014  	0.03522  	0.06434  	0.40137  	267.172  	162.321  	
-0.1079  	-0.0392  	-0.6246  	-0.5749  	0.32286  	-0.9772  	-0.2067  	0.00799  	0.06987  	-0.2592  	-0.1362  	0.51123  	0.01845  	-0.4290  	-0.8902  	-0.1707  	0.22484  	-0.0576  	0.62102  	0.14163  	-0.1626  	0.87162  	0.03604  	0.40280  	0.20463  	0.10561  	0.30434  	-0.6184  	-0.5789  	-0.1039  	-0.0392  	0.21146  	-0.0411  	-0.1749  	0.52538  	0.25256  	0.32950  	0.10622  	-0.5269  	0.00774  	0.07947  	0.11801  	-0.1956  	0.21519  	0.10269  	-0.0309  	0.01171  	-0.1149  	-0.0348  	-0.1614  	-0.1370  	-0.0543  	0.00875  	-0.0097  	-0.0207  	-0.0049  	-0.0057  	0.01406  	0.03748  	-0.0360  	-0.0251  	0.05182  	0.02337  	0.01400  	0.20158  	-0.0276  	0.00568  	-0.0014  	0.03522  	0.06434  	0.40137  	267.172  	162.321  	
-0.0972  	-0.0987  	-0.7137  	-0.4593  	0.30228  	-0.9167  	-0.2071  	-0.0703  	0.03863  	-0.2448  	-0.2678  	0.54713  	0.01586  	-0.5552  	-1.0863  	-0.1092  	0.26421  	0.03393  	0.61189  	0.15711  	-0.4062  	0.85053  	0.06242  	0.24889  	0.25568  	0.14806  	0.14168  	-0.4023  	-0.4017  	-0.0863  	0.00244  	0.19176  	-0.0928  	-0.1726  	0.29957  	0.35582  	0.20129  	0.07765  	-0.4421  	0.00392  	0.16767  	0.09977  	-0.1390  	0.25147  	0.09754  	-0.0412  	0.00429  	-0.0714  	-0.0181  	-0.1585  	-0.1323  	-0.0517  	0.00137  	-0.0245  	-0.0109  	-0.0081  	-0.0008  	0.01648  	0.04027  	-0.0457  	-0.0227  	0.05010  	0.02864  	0.01829  	0.20158  	-0.0276  	0.00568  	-0.0014  	0.03522  	0.06434  	0.40137  	267.172  	162.321  	
-0.2937  	-0.1026  	-0.7482  	-0.5245  	0.30796  	-1.0718  	-0.2617  	-0.0720  	0.03497  	-0.1773  	-0.2954  	0.63212  	0.03428  	-0.5619  	-1.1664  	-0.0410  	0.22124  	0.08626  	0.60629  	0.16751  	-0.4804  	0.81986  	0.09935  	0.20347  	0.13833  	0.16553  	0.03862  	-0.3215  	-0.3806  	-0.1033  	0.05113  	0.18690  	-0.0789  	-0.1531  	0.30473  	0.35360  	0.12385  	0.03695  	-0.4316  	-0.0109  	0.17172  	0.08098  	-0.1276  	0.26008  	0.09185  	-0.0451  	0.00434  	-0.0723  	-0.0262  	-0.1649  	-0.1373  	-0.0572  	0.00421  	-0.0257  	-0.0079  	-0.0091  	0.00183  	0.02478  	0.04245  	-0.0485  	-0.0179  	0.06222  	0.03373  	0.02077  	0.20158  	-0.0276  	0.00568  	-0.0014  	0.03522  	0.06434  	0.40137  	267.172  	162.321  	
-0.2514  	-0.0941  	-0.7513  	-0.4618  	0.37479  	-1.1480  	-0.2183  	-0.0350  	0.02031  	-0.1789  	-0.2513  	0.58726  	0.04386  	-0.5221  	-1.1093  	-0.0834  	0.20236  	0.03835  	0.59587  	0.17463  	-0.4238  	0.85442  	0.02040  	0.26062  	0.23098  	0.12877  	0.11941  	-0.3663  	-0.4105  	-0.0935  	-0.0084  	0.18495  	-0.0764  	-0.1598  	0.38383  	0.34347  	0.16204  	0.04461  	-0.4425  	0.00194  	0.15175  	0.09451  	-0.1437  	0.25571  	0.09011  	-0.0451  	0.00677  	-0.0586  	-0.0234  	-0.1682  	-0.1283  	-0.0527  	0.00209  	-0.0244  	-0.0143  	-0.0052  	0.00167  	0.01916  	0.03479  	-0.0501  	-0.0212  	0.04620  	0.03321  	0.02047  	0.20158  	-0.0276  	0.00568  	-0.0014  	0.03522  	0.06434  	0.40137  	267.172  	162.321  	
-0.1397  	-0.0353  	-0.6528  	-0.3694  	0.45584  	-1.0583  	-0.1929  	0.07690  	0.04848  	-0.2528  	-0.2324  	0.55420  	0.03047  	-0.3476  	-0.9421  	-0.0903  	0.20667  	-0.0426  	0.60539  	0.16420  	-0.3188  	0.88580  	0.03656  	0.37736  	0.23722  	0.12857  	0.21368  	-0.5100  	-0.4946  	-0.0998  	-0.0272  	0.20108  	-0.0524  	-0.1746  	0.43934  	0.26610  	0.27193  	0.07710  	-0.4735  	-0.0020  	0.12020  	0.11344  	-0.1821  	0.24419  	0.08512  	-0.0390  	0.01066  	-0.0646  	-0.0199  	-0.1722  	-0.1319  	-0.0551  	0.00490  	-0.0218  	-0.0239  	-0.0108  	0.00216  	0.01892  	0.03735  	-0.0491  	-0.0201  	0.05008  	0.02534  	0.01604  	0.20158  	-0.0276  	0.00568  	-0.0014  	0.03522  	0.06434  	0.40137  	267.172  	162.321  	
0.19358  	0.02855  	-0.5672  	-0.0751  	0.56260  	-0.8170  	-0.1931  	0.20514  	0.12305  	-0.3016  	-0.4348  	0.74026  	0.12677  	-0.1469  	-0.6562  	-0.0690  	0.22673  	-0.0242  	0.58454  	0.17551  	-0.2634  	0.91478  	-0.0211  	0.39158  	0.20099  	0.09743  	0.19644  	-0.5356  	-0.5262  	-0.0900  	-0.0189  	0.19253  	-0.0294  	-0.1576  	0.47573  	0.20604  	0.24316  	0.07356  	-0.4451  	0.06118  	0.07569  	0.09821  	-0.1774  	0.22781  	0.07700  	-0.0352  	0.00376  	-0.0599  	-0.0199  	-0.1607  	-0.1236  	-0.0553  	-0.0071  	-0.0251  	-0.0268  	-0.0040  	-0.0057  	0.01904  	0.02894  	-0.0525  	-0.0257  	0.05085  	0.03014  	0.00583  	0.20158  	-0.0276  	0.00568  	-0.0014  	0.03522  	0.06434  	0.40137  	267.172  	162.321  	
0.44031  	0.07977  	-0.4833  	0.13859  	0.62977  	-0.6895  	-0.1936  	0.14937  	0.10718  	-0.3935  	-0.5061  	0.72527  	0.16580  	-0.1592  	-0.5795  	0.01835  	0.20157  	-0.0440  	0.62393  	0.16463  	-0.1847  	0.92595  	-0.0239  	0.38035  	0.28764  	0.06043  	0.25633  	-0.5660  	-0.5475  	-0.0547  	-0.0673  	0.24688  	-0.0400  	-0.1735  	0.56614  	0.23743  	0.29342  	0.10244  	-0.4724  	0.02350  	0.03660  	0.11866  	-0.1666  	0.23370  	0.08628  	-0.0352  	-0.0049  	-0.0551  	-0.0062  	-0.1686  	-0.1216  	-0.0597  	0.00587  	-0.0240  	-0.0185  	0.00862  	-0.0005  	0.01732  	0.04441  	-0.0490  	-0.0302  	0.04105  	0.02206  	0.00785  	0.20158  	-0.0276  	0.00568  	-0.0014  	0.03522  	0.06434  	0.40137  	267.172  	162.321  	
0.40180  	0.06447  	-0.4993  	0.16716  	0.72511  	-0.7745  	-0.1573  	0.07169  	0.08016  	-0.2139  	-0.4450  	0.70944  	0.11066  	-0.2487  	-0.7993  	0.10771  	0.16002  	0.01619  	0.60968  	0.24400  	-0.4484  	0.90529  	-0.1518  	0.32961  	0.34690  	0.04089  	0.23960  	-0.3816  	-0.3986  	-0.0229  	-0.1026  	0.23565  	-0.0674  	-0.1650  	0.50737  	0.37186  	0.19640  	0.06061  	-0.4130  	0.07472  	0.07080  	0.10804  	-0.1590  	0.23812  	0.09313  	-0.0334  	-0.0048  	-0.0349  	0.00718  	-0.1722  	-0.1204  	-0.0584  	0.01167  	-0.0237  	-0.0084  	0.00092  	0.00445  	0.01348  	0.04298  	-0.0416  	-0.0328  	0.03683  	0.03196  	0.01167  	0.20158  	-0.0276  	0.00568  	-0.0014  	0.03522  	0.06434  	0.40137  	267.172  	162.321  	
0.32818  	0.02474  	-0.5048  	0.07338  	0.63439  	-0.8179  	-0.1767  	0.06214  	0.04378  	-0.2313  	-0.4047  	0.66631  	0.07985  	-0.3469  	-0.8882  	0.13337  	0.17023  	0.00849  	0.64073  	0.20349  	-0.4125  	0.92562  	-0.1401  	0.35894  	0.40385  	0.04768  	0.27845  	-0.4364  	-0.4283  	-0.0109  	-0.0858  	0.23926  	-0.1036  	-0.1702  	0.51061  	0.41887  	0.21574  	0.07573  	-0.4320  	0.03440  	0.05301  	0.12404  	-0.1694  	0.23722  	0.08863  	-0.0365  	-0.0056  	-0.0378  	0.00417  	-0.1768  	-0.1128  	-0.0547  	0.01633  	-0.0281  	-0.0097  	-0.0033  	0.00645  	0.01746  	0.04349  	-0.0435  	-0.0319  	0.02539  	0.04255  	0.01389  	0.20158  	-0.0276  	0.00568  	-0.0014  	0.03522  	0.06434  	0.40137  	267.172  	162.321  	
0.05389  	-0.0255  	-0.6492  	-0.1344  	0.50191  	-0.8769  	-0.1835  	0.02081  	0.02649  	-0.3222  	-0.4393  	0.60632  	0.01584  	-0.4075  	-0.9257  	0.00323  	0.22944  	0.00401  	0.59966  	0.20087  	-0.3891  	0.89376  	-0.0707  	0.37679  	0.39443  	0.08106  	0.27335  	-0.4226  	-0.4035  	-0.0170  	-0.0839  	0.22957  	-0.1167  	-0.1728  	0.46205  	0.40661  	0.21675  	0.08388  	-0.4362  	0.04112  	0.08043  	0.11791  	-0.1678  	0.24247  	0.08169  	-0.0361  	-0.0029  	-0.0756  	-0.0143  	-0.1772  	-0.1189  	-0.0503  	0.00702  	-0.0229  	-0.0087  	-0.0060  	0.01376  	0.02109  	0.03726  	-0.0511  	-0.0324  	0.02904  	0.03210  	0.01699  	0.20158  	-0.0276  	0.00568  	-0.0014  	0.03522  	0.06434  	0.40137  	267.172  	162.321  	
-0.0285  	-0.0554  	-0.6853  	-0.2537  	0.43243  	-0.9243  	-0.2219  	-0.0082  	0.02358  	-0.3600  	-0.3370  	0.56245  	-0.0041  	-0.4496  	-0.8686  	-0.0997  	0.24353  	-0.0074  	0.59989  	0.14043  	-0.3231  	0.88189  	0.01915  	0.32496  	0.33000  	0.09843  	0.24271  	-0.4611  	-0.4324  	-0.0693  	-0.0592  	0.22945  	-0.1123  	-0.1712  	0.42237  	0.34490  	0.26697  	0.08683  	-0.4642  	-0.0119  	0.11655  	0.10618  	-0.1730  	0.23716  	0.09743  	-0.0379  	0.00318  	-0.0840  	-0.0238  	-0.1748  	-0.1264  	-0.0540  	0.01154  	-0.0233  	-0.0114  	-0.0059  	0.00911  	0.01962  	0.04425  	-0.0474  	-0.0279  	0.03351  	0.02682  	0.01759  	0.20158  	-0.0276  	0.00568  	-0.0014  	0.03522  	0.06434  	0.40137  	267.172  	162.321  	
-0.0012  	-0.0476  	-0.6667  	-0.2023  	0.45930  	-0.9210  	-0.2393  	-0.0124  	0.04627  	-0.3561  	-0.3698  	0.58774  	0.00630  	-0.4642  	-0.8093  	-0.0623  	0.24108  	-0.0195  	0.59997  	0.13719  	-0.3221  	0.89035  	0.06417  	0.26315  	0.27085  	0.11270  	0.18579  	-0.4498  	-0.4380  	-0.0618  	-0.0439  	0.22058  	-0.0962  	-0.1540  	0.39933  	0.31759  	0.24709  	0.09897  	-0.4693  	-0.0184  	0.12595  	0.10697  	-0.1697  	0.23492  	0.08503  	-0.0429  	0.00116  	-0.0788  	-0.0219  	-0.1739  	-0.1300  	-0.0526  	0.01319  	-0.0222  	-0.0125  	-0.0072  	0.00586  	0.01747  	0.04379  	-0.0489  	-0.0255  	0.04335  	0.03474  	0.02209  	0.20158  	-0.0276  	0.00568  	-0.0014  	0.03522  	0.06434  	0.40137  	267.172  	162.321  	
0.13913  	-0.0306  	-0.6388  	-0.0510  	0.53865  	-0.8733  	-0.2482  	0.01374  	0.03740  	-0.3061  	-0.3632  	0.67896  	0.04696  	-0.4334  	-0.8519  	0.02682  	0.22343  	-0.0394  	0.60563  	0.15588  	-0.3497  	0.89525  	-0.0214  	0.33393  	0.28360  	0.10382  	0.25056  	-0.4420  	-0.4987  	-0.0303  	-0.0631  	0.23941  	-0.0877  	-0.1726  	0.47366  	0.33435  	0.25030  	0.07523  	-0.4851  	0.00852  	0.06068  	0.11135  	-0.1734  	0.23031  	0.08146  	-0.0372  	0.00149  	-0.0763  	-0.0159  	-0.1691  	-0.1249  	-0.0560  	0.01215  	-0.0203  	-0.0125  	-0.0025  	0.00938  	0.02230  	0.04216  	-0.0548  	-0.0337  	0.03561  	0.03334  	0.01199  	0.20158  	-0.0276  	0.00568  	-0.0014  	0.03522  	0.06434  	0.40137  	267.172  	162.321  	
0.22247  	0.02224  	-0.5250  	-0.0672  	0.57851  	-0.8663  	-0.2018  	0.07713  	0.05566  	-0.2361  	-0.3321  	0.69205  	0.05446  	-0.4325  	-1.0202  	0.17879  	0.17241  	0.05299  	0.61802  	0.18125  	-0.4010  	0.87707  	-0.1150  	0.32539  	0.34569  	0.06511  	0.24247  	-0.4069  	-0.4548  	-0.0434  	-0.0738  	0.24034  	-0.0851  	-0.1856  	0.46866  	0.37861  	0.23447  	0.08011  	-0.4446  	0.03197  	0.07714  	0.10927  	-0.1549  	0.24448  	0.08951  	-0.0321  	-0.0038  	-0.0553  	0.00284  	-0.1817  	-0.1229  	-0.0584  	0.01447  	-0.0255  	-0.0079  	-0.0058  	0.00882  	0.01691  	0.04326  	-0.0510  	-0.0314  	0.03186  	0.03320  	0.01531  	0.20158  	-0.0276  	0.00568  	-0.0014  	0.03522  	0.06434  	0.40137  	267.172  	162.321  	
0.11631  	-0.0061  	-0.6116  	-0.0967  	0.53623  	-0.8593  	-0.2331  	0.00955  	0.03221  	-0.3051  	-0.4077  	0.64418  	-0.0175  	-0.4378  	-0.9748  	0.08631  	0.23864  	-0.0144  	0.63293  	0.16805  	-0.3746  	0.86180  	-0.0663  	0.36968  	0.39993  	0.05790  	0.32711  	-0.4319  	-0.4969  	0.00079  	-0.0948  	0.28168  	-0.1198  	-0.1822  	0.47449  	0.40231  	0.25669  	0.07410  	-0.4375  	0.03994  	0.05516  	0.10935  	-0.1806  	0.25306  	0.08306  	-0.0362  	-0.0078  	-0.0636  	-0.0136  	-0.1710  	-0.1177  	-0.0501  	0.00535  	-0.0168  	-0.0193  	-0.0013  	0.00473  	0.01949  	0.03465  	-0.0542  	-0.0302  	0.02536  	0.03609  	0.01090  	0.20158  	-0.0276  	0.00568  	-0.0014  	0.03522  	0.06434  	0.40137  	267.172  	162.321  	
0.02869  	-0.0476  	-0.7291  	-0.0105  	0.61855  	-0.9158  	-0.2148  	0.05291  	0.04173  	-0.3588  	-0.4066  	0.67729  	0.02306  	-0.2903  	-0.7646  	-0.0600  	0.23124  	-0.0177  	0.61846  	0.15691  	-0.3113  	0.89946  	-0.0674  	0.36405  	0.35346  	0.07461  	0.31636  	-0.4354  	-0.4737  	-0.0364  	-0.0803  	0.23210  	-0.0985  	-0.1839  	0.47623  	0.32931  	0.25867  	0.04814  	-0.4657  	-0.0067  	0.02713  	0.13736  	-0.2075  	0.23164  	0.10243  	-0.0334  	-0.0090  	-0.0769  	-0.0192  	-0.1712  	-0.1276  	-0.0564  	0.01054  	-0.0178  	-0.0116  	-0.0022  	0.01775  	0.02142  	0.04682  	-0.0459  	-0.0340  	0.03262  	0.03199  	0.01670  	0.20158  	-0.0276  	0.00568  	-0.0014  	0.03522  	0.06434  	0.40137  	267.172  	162.321  	
0.18938  	0.00851  	-0.6496  	0.05110  	0.66638  	-0.8032  	-0.2444  	0.10834  	0.09168  	-0.3987  	-0.4147  	0.75500  	0.06600  	-0.2119  	-0.6191  	-0.0533  	0.25425  	-0.0430  	0.61804  	0.14292  	-0.2103  	0.89103  	-0.0286  	0.37891  	0.30481  	0.08104  	0.27449  	-0.4575  	-0.4528  	-0.0283  	-0.0767  	0.20319  	-0.0691  	-0.1624  	0.51860  	0.25202  	0.27162  	0.05630  	-0.4506  	0.00306  	0.04680  	0.12507  	-0.2002  	0.21280  	0.09214  	-0.0335  	-0.0094  	-0.0753  	-0.0183  	-0.1715  	-0.1277  	-0.0575  	0.01046  	-0.0192  	-0.0168  	0.01082  	0.00868  	0.01390  	0.04640  	-0.0444  	-0.0313  	0.04383  	0.02334  	0.01680  	0.20158  	-0.0276  	0.00568  	-0.0014  	0.03522  	0.06434  	0.40137  	267.172  	162.321  	
0.26329  	0.04809  	-0.5914  	0.09292  	0.65277  	-0.7596  	-0.2434  	0.16545  	0.11579  	-0.4119  	-0.4795  	0.77842  	0.10729  	-0.1466  	-0.5263  	-0.0453  	0.26113  	-0.0182  	0.60976  	0.14940  	-0.1999  	0.91380  	0.00263  	0.34845  	0.24296  	0.10450  	0.22586  	-0.4711  	-0.4695  	-0.0451  	-0.0769  	0.19628  	-0.0447  	-0.1661  	0.52173  	0.21047  	0.25211  	0.07421  	-0.4426  	0.00164  	0.05580  	0.11278  	-0.1783  	0.21948  	0.08381  	-0.0319  	0.01116  	-0.0651  	-0.0162  	-0.1717  	-0.1276  	-0.0557  	0.00743  	-0.0291  	-0.0172  	-0.0001  	-0.0003  	0.02150  	0.03660  	-0.0506  	-0.0302  	0.03854  	0.02286  	0.01030  	0.20158  	-0.0276  	0.00568  	-0.0014  	0.03522  	0.06434  	0.40137  	267.172  	162.321  	
0.30946  	0.07794  	-0.5467  	0.13509  	0.62900  	-0.7404  	-0.2555  	0.16394  	0.12112  	-0.4427  	-0.5036  	0.72541  	0.10805  	-0.1542  	-0.4610  	-0.0909  	0.25567  	-0.0641  	0.59073  	0.12945  	-0.1940  	0.90702  	0.04640  	0.33114  	0.21207  	0.09789  	0.21887  	-0.5046  	-0.5223  	-0.0586  	-0.0595  	0.20756  	-0.0438  	-0.1614  	0.53601  	0.17604  	0.30133  	0.09862  	-0.4632  	-0.0200  	0.06934  	0.09393  	-0.1646  	0.23131  	0.07505  	-0.0361  	0.01310  	-0.0616  	-0.0130  	-0.1652  	-0.1306  	-0.0541  	0.00716  	-0.0224  	-0.0162  	0.00455  	0.00036  	0.01900  	0.03785  	-0.0459  	-0.0231  	0.04335  	0.02330  	0.00949  	0.20158  	-0.0276  	0.00568  	-0.0014  	0.03522  	0.06434  	0.40137  	267.172  	162.321  	
0.32208  	0.12020  	-0.4794  	0.08506  	0.57964  	-0.7323  	-0.2737  	0.20222  	0.11501  	-0.4256  	-0.4704  	0.70693  	0.12472  	-0.1638  	-0.5153  	-0.0539  	0.24705  	-0.0665  	0.57715  	0.14881  	-0.1378  	0.89378  	0.05384  	0.32941  	0.17926  	0.10435  	0.18886  	-0.5391  	-0.5511  	-0.0929  	-0.0381  	0.21276  	-0.0281  	-0.1621  	0.51691  	0.14673  	0.31348  	0.10457  	-0.4750  	-0.0036  	0.08865  	0.09088  	-0.1427  	0.23620  	0.07526  	-0.0423  	0.01127  	-0.0625  	-0.0142  	-0.1595  	-0.1307  	-0.0542  	0.00757  	-0.0187  	-0.0132  	0.00595  	-0.0018  	0.01091  	0.03341  	-0.0437  	-0.0245  	0.05217  	0.02112  	0.01461  	0.20158  	-0.0276  	0.00568  	-0.0014  	0.03522  	0.06434  	0.40137  	267.172  	162.321  	
0.43850  	0.15099  	-0.4070  	0.06965  	0.54125  	-0.6898  	-0.2625  	0.23261  	0.13249  	-0.4512  	-0.4044  	0.68604  	0.12155  	-0.1147  	-0.4898  	-0.0142  	0.25503  	-0.1141  	0.59243  	0.09662  	-0.0266  	0.90682  	0.06340  	0.38507  	0.18968  	0.07797  	0.29096  	-0.6636  	-0.6580  	-0.0861  	-0.0470  	0.23783  	-0.0320  	-0.1731  	0.57605  	0.13007  	0.42485  	0.13120  	-0.5099  	-0.0360  	0.06640  	0.09426  	-0.1629  	0.23467  	0.07825  	-0.0313  	0.00707  	-0.0641  	-0.0173  	-0.1606  	-0.1365  	-0.0551  	0.01147  	-0.0172  	-0.0194  	0.01059  	-0.0017  	0.01448  	0.03557  	-0.0467  	-0.0259  	0.05472  	0.02613  	0.01144  	0.20158  	-0.0276  	0.00568  	-0.0014  	0.03522  	0.06434  	0.40137  	267.172  	162.321  	
0.52922  	0.17419  	-0.3468  	0.05919  	0.51234  	-0.6586  	-0.2430  	0.27732  	0.16658  	-0.4609  	-0.3150  	0.67153  	0.11490  	-0.0545  	-0.5250  	0.05481  	0.23394  	-0.1198  	0.59852  	0.04498  	0.05848  	0.90655  	0.07431  	0.41884  	0.17547  	0.05507  	0.35448  	-0.7730  	-0.7504  	-0.0980  	-0.0578  	0.26681  	-0.0254  	-0.1829  	0.64734  	0.12501  	0.49086  	0.16495  	-0.5542  	-0.0548  	0.05341  	0.09649  	-0.1655  	0.22662  	0.07476  	-0.0327  	0.00200  	-0.0609  	-0.0134  	-0.1518  	-0.1390  	-0.0547  	0.01169  	-0.0137  	-0.0199  	0.01547  	-0.0069  	0.01382  	0.03559  	-0.0434  	-0.0235  	0.05240  	0.02423  	0.00837  	0.20158  	-0.0276  	0.00568  	-0.0014  	0.03522  	0.06434  	0.40137  	267.172  	162.321  	
0.51469  	0.16319  	-0.3727  	0.08797  	0.52578  	-0.6599  	-0.2263  	0.28163  	0.17694  	-0.4735  	-0.3172  	0.67937  	0.12665  	-0.0247  	-0.4933  	0.02738  	0.23701  	-0.1256  	0.59068  	0.04170  	0.04248  	0.91219  	0.07141  	0.40121  	0.16389  	0.06822  	0.33561  	-0.7469  	-0.7256  	-0.0978  	-0.0601  	0.25534  	-0.0228  	-0.1811  	0.64985  	0.11346  	0.46164  	0.15878  	-0.5595  	-0.0551  	0.04943  	0.09274  	-0.1730  	0.22636  	0.07545  	-0.0336  	0.00449  	-0.0680  	-0.0155  	-0.1551  	-0.1386  	-0.0550  	0.00936  	-0.0176  	-0.0204  	0.01283  	-0.0081  	0.01345  	0.03487  	-0.0468  	-0.0223  	0.05754  	0.02309  	0.00834  	0.20158  	-0.0276  	0.00568  	-0.0014  	0.03522  	0.06434  	0.40137  	267.172  	162.321  	
0.60952  	0.18313  	-0.3160  	0.07577  	0.49443  	-0.6081  	-0.2043  	0.32679  	0.20396  	-0.5047  	-0.2767  	0.69524  	0.12244  	0.01178  	-0.4521  	0.08186  	0.25558  	-0.1638  	0.60838  	0.00103  	0.09136  	0.92510  	0.12416  	0.47296  	0.17324  	0.06355  	0.40673  	-0.8403  	-0.8131  	-0.0986  	-0.0611  	0.27319  	-0.0201  	-0.1894  	0.68533  	0.09511  	0.52565  	0.17879  	-0.5739  	-0.0759  	0.01910  	0.10309  	-0.1683  	0.22495  	0.07513  	-0.0334  	0.00065  	-0.0568  	-0.0090  	-0.1590  	-0.1458  	-0.0507  	0.00832  	-0.0140  	-0.0203  	0.01329  	-0.0099  	0.01590  	0.03084  	-0.0436  	-0.0212  	0.05054  	0.02569  	0.01075  	0.20158  	-0.0276  	0.00568  	-0.0014  	0.03522  	0.06434  	0.40137  	267.172  	162.321  	
0.61826  	0.17811  	-0.3096  	0.07852  	0.49244  	-0.5932  	-0.2030  	0.33692  	0.21008  	-0.4995  	-0.2698  	0.70224  	0.13252  	0.01939  	-0.4595  	0.09872  	0.25838  	-0.1692  	0.60489  	-0.0066  	0.09240  	0.92743  	0.13260  	0.48781  	0.16917  	0.06443  	0.41337  	-0.8491  	-0.8258  	-0.0908  	-0.0586  	0.27546  	-0.0196  	-0.1855  	0.68708  	0.09222  	0.53056  	0.18105  	-0.5708  	-0.0783  	0.01010  	0.10694  	-0.1697  	0.22323  	0.07356  	-0.0332  	-0.0005  	-0.0582  	-0.0072  	-0.1633  	-0.1453  	-0.0498  	0.00986  	-0.0121  	-0.0207  	0.01323  	-0.0131  	0.01677  	0.03110  	-0.0417  	-0.0202  	0.05189  	0.02917  	0.01246  	0.20158  	-0.0276  	0.00568  	-0.0014  	0.03522  	0.06434  	0.40137  	267.172  	162.321  	
0.62112  	0.19398  	-0.2688  	0.10003  	0.50049  	-0.6211  	-0.2376  	0.39723  	0.18916  	-0.5260  	-0.2535  	0.71998  	0.18156  	-0.0329  	-0.3990  	0.03779  	0.35194  	-0.3369  	0.67762  	-0.2725  	0.16484  	0.69812  	-0.1222  	0.49041  	0.10003  	0.16632  	0.41007  	-0.9432  	-0.7448  	-0.1113  	0.05922  	0.22616  	-0.1149  	-0.3507  	0.62174  	0.06364  	0.44262  	0.17916  	-0.6880  	-0.1629  	0.08590  	0.23937  	-0.2879  	0.30272  	0.01409  	-0.0127  	-0.0246  	-0.0392  	-0.0229  	-0.1753  	-0.1391  	-0.0449  	0.01118  	0.00470  	-0.0144  	0.01180  	-0.0157  	0.00536  	0.03174  	-0.0329  	-0.0155  	0.04866  	0.01280  	0.01299  	0.20158  	-0.0276  	0.00568  	-0.0014  	0.03522  	0.06434  	0.40137  	267.172  	162.321  	
0.62340  	0.20668  	-0.2363  	0.11724  	0.50692  	-0.6434  	-0.2653  	0.44548  	0.17242  	-0.5472  	-0.2405  	0.73417  	0.22080  	-0.0747  	-0.3506  	-0.0109  	0.42680  	-0.4712  	0.73581  	-0.4852  	0.22279  	0.51466  	-0.3261  	0.49249  	0.04473  	0.24783  	0.40743  	-1.0185  	-0.6801  	-0.1277  	0.15355  	0.18672  	-0.1911  	-0.4829  	0.56947  	0.04078  	0.37227  	0.17764  	-0.7817  	-0.2307  	0.14653  	0.34531  	-0.3825  	0.36631  	-0.0334  	0.00369  	-0.0438  	-0.0240  	-0.0355  	-0.1849  	-0.1341  	-0.0410  	0.01223  	0.01817  	-0.0094  	0.01067  	-0.0177  	-0.0037  	0.03225  	-0.0258  	-0.0117  	0.04608  	-0.0002  	0.01341  	0.20158  	-0.0276  	0.00568  	-0.0014  	0.03522  	0.06434  	0.40137  	267.172  	162.321  	
0.62397  	0.20986  	-0.2281  	0.12155  	0.50853  	-0.6489  	-0.2723  	0.45754  	0.16824  	-0.5525  	-0.2372  	0.73771  	0.23060  	-0.0852  	-0.3385  	-0.0231  	0.44551  	-0.5047  	0.75036  	-0.5384  	0.23728  	0.46880  	-0.3771  	0.49300  	0.03090  	0.26820  	0.40678  	-1.0373  	-0.6639  	-0.1318  	0.17713  	0.17686  	-0.2101  	-0.5159  	0.55640  	0.03507  	0.35468  	0.17726  	-0.8052  	-0.2476  	0.16169  	0.37180  	-0.4062  	0.38221  	-0.0453  	0.00780  	-0.0486  	-0.0202  	-0.0386  	-0.1874  	-0.1328  	-0.0400  	0.01249  	0.02154  	-0.0081  	0.01038  	-0.0182  	-0.0060  	0.03237  	-0.0240  	-0.0108  	0.04543  	-0.0035  	0.01351  	0.20158  	-0.0276  	0.00568  	-0.0014  	0.03522  	0.06434  	0.40137  	267.172  	162.321  	
0.62340  	0.20668  	-0.2363  	0.11724  	0.50692  	-0.6434  	-0.2653  	0.44548  	0.17242  	-0.5472  	-0.2405  	0.73417  	0.22080  	-0.0747  	-0.3506  	-0.0109  	0.42680  	-0.4712  	0.73581  	-0.4852  	0.22279  	0.51466  	-0.3261  	0.49249  	0.04473  	0.24783  	0.40743  	-1.0185  	-0.6801  	-0.1277  	0.15355  	0.18672  	-0.1911  	-0.4829  	0.56947  	0.04078  	0.37227  	0.17764  	-0.7817  	-0.2307  	0.14653  	0.34531  	-0.3825  	0.36631  	-0.0334  	0.00369  	-0.0438  	-0.0240  	-0.0355  	-0.1849  	-0.1341  	-0.0410  	0.01223  	0.01817  	-0.0094  	0.01067  	-0.0177  	-0.0037  	0.03225  	-0.0258  	-0.0117  	0.04608  	-0.0002  	0.01341  	0.20158  	-0.0276  	0.00568  	-0.0014  	0.03522  	0.06434  	0.40137  	267.172  	162.321  	
0.62112  	0.19398  	-0.2688  	0.10003  	0.50049  	-0.6211  	-0.2376  	0.39723  	0.18916  	-0.5260  	-0.2535  	0.71998  	0.18156  	-0.0329  	-0.3990  	0.03779  	0.35194  	-0.3369  	0.67762  	-0.2725  	0.16484  	0.69812  	-0.1222  	0.49041  	0.10003  	0.16632  	0.41007  	-0.9432  	-0.7448  	-0.1113  	0.05922  	0.22616  	-0.1149  	-0.3507  	0.62174  	0.06364  	0.44262  	0.17916  	-0.6880  	-0.1629  	0.08590  	0.23937  	-0.2879  	0.30272  	0.01409  	-0.0127  	-0.0246  	-0.0392  	-0.0229  	-0.1753  	-0.1391  	-0.0449  	0.01118  	0.00470  	-0.0144  	0.01180  	-0.0157  	0.00536  	0.03174  	-0.0329  	-0.0155  	0.04866  	0.01280  	0.01299  	0.20158  	-0.0276  	0.00568  	-0.0014  	0.03522  	0.06434  	0.40137  	267.172  	162.321  	
0.61826  	0.17811  	-0.3096  	0.07852  	0.49244  	-0.5932  	-0.2030  	0.33692  	0.21008  	-0.4995  	-0.2698  	0.70224  	0.13252  	0.01939  	-0.4595  	0.09872  	0.25838  	-0.1692  	0.60489  	-0.0066  	0.09240  	0.92743  	0.13260  	0.48781  	0.16917  	0.06443  	0.41337  	-0.8491  	-0.8258  	-0.0908  	-0.0586  	0.27546  	-0.0196  	-0.1855  	0.68708  	0.09222  	0.53056  	0.18105  	-0.5708  	-0.0783  	0.01010  	0.10694  	-0.1697  	0.22323  	0.07356  	-0.0332  	-0.0005  	-0.0582  	-0.0072  	-0.1633  	-0.1453  	-0.0498  	0.00986  	-0.0121  	-0.0207  	0.01323  	-0.0131  	0.01677  	0.03110  	-0.0417  	-0.0202  	0.05189  	0.02917  	0.01246  	0.20158  	-0.0276  	0.00568  	-0.0014  	0.03522  	0.06434  	0.40137  	267.172  	162.321  	
0.61826  	0.17811  	-0.3096  	0.07852  	0.49244  	-0.5932  	-0.2030  	0.33692  	0.21008  	-0.4995  	-0.2698  	0.70224  	0.13252  	0.01939  	-0.4595  	0.09872  	0.25838  	-0.1692  	0.60489  	-0.0066  	0.09240  	0.92743  	0.13260  	0.48781  	0.16917  	0.06443  	0.41337  	-0.8491  	-0.8258  	-0.0908  	-0.0586  	0.27546  	-0.0196  	-0.1855  	0.68708  	0.09222  	0.53056  	0.18105  	-0.5708  	-0.0783  	0.01010  	0.10694  	-0.1697  	0.22323  	0.07356  	-0.0332  	-0.0005  	-0.0582  	-0.0072  	-0.1633  	-0.1453  	-0.0498  	0.00986  	-0.0121  	-0.0207  	0.01323  	-0.0131  	0.01677  	0.03110  	-0.0417  	-0.0202  	0.05189  	0.02917  	0.01246  	0.20158  	-0.0276  	0.00568  	-0.0014  	0.03522  	0.06434  	0.40137  	267.172  	162.321  	
0.61826  	0.17811  	-0.3096  	0.07852  	0.49244  	-0.5932  	-0.2030  	0.33692  	0.21008  	-0.4995  	-0.2698  	0.70224  	0.13252  	0.01939  	-0.4595  	0.09872  	0.25838  	-0.1692  	0.60489  	-0.0066  	0.09240  	0.92743  	0.13260  	0.48781  	0.16917  	0.06443  	0.41337  	-0.8491  	-0.8258  	-0.0908  	-0.0586  	0.27546  	-0.0196  	-0.1855  	0.68708  	0.09222  	0.53056  	0.18105  	-0.5708  	-0.0783  	0.01010  	0.10694  	-0.1697  	0.22323  	0.07356  	-0.0332  	-0.0005  	-0.0582  	-0.0072  	-0.1633  	-0.1453  	-0.0498  	0.00986  	-0.0121  	-0.0207  	0.01323  	-0.0131  	0.01677  	0.03110  	-0.0417  	-0.0202  	0.05189  	0.02917  	0.01246  	0.20158  	-0.0276  	0.00568  	-0.0014  	0.03522  	0.06434  	0.40137  	267.172  	162.321  	
0.61826  	0.17811  	-0.3096  	0.07852  	0.49244  	-0.5932  	-0.2030  	0.33692  	0.21008  	-0.4995  	-0.2698  	0.70224  	0.13252  	0.01939  	-0.4595  	0.09872  	0.25838  	-0.1692  	0.60489  	-0.0066  	0.09240  	0.92743  	0.13260  	0.48781  	0.16917  	0.06443  	0.41337  	-0.8491  	-0.8258  	-0.0908  	-0.0586  	0.27546  	-0.0196  	-0.1855  	0.68708  	0.09222  	0.53056  	0.18105  	-0.5708  	-0.0783  	0.01010  	0.10694  	-0.1697  	0.22323  	0.07356  	-0.0332  	-0.0005  	-0.0582  	-0.0072  	-0.1633  	-0.1453  	-0.0498  	0.00986  	-0.0121  	-0.0207  	0.01323  	-0.0131  	0.01677  	0.03110  	-0.0417  	-0.0202  	0.05189  	0.02917  	0.01246  	0.20158  	-0.0276  	0.00568  	-0.0014  	0.03522  	0.06434  	0.40137  	267.172  	162.321  	
0.61826  	0.17811  	-0.3096  	0.07852  	0.49244  	-0.5932  	-0.2030  	0.33692  	0.21008  	-0.4995  	-0.2698  	0.70224  	0.13252  	0.01939  	-0.4595  	0.09872  	0.25838  	-0.1692  	0.60489  	-0.0066  	0.09240  	0.92743  	0.13260  	0.48781  	0.16917  	0.06443  	0.41337  	-0.8491  	-0.8258  	-0.0908  	-0.0586  	0.27546  	-0.0196  	-0.1855  	0.68708  	0.09222  	0.53056  	0.18105  	-0.5708  	-0.0783  	0.01010  	0.10694  	-0.1697  	0.22323  	0.07356  	-0.0332  	-0.0005  	-0.0582  	-0.0072  	-0.1633  	-0.1453  	-0.0498  	0.00986  	-0.0121  	-0.0207  	0.01323  	-0.0131  	0.01677  	0.03110  	-0.0417  	-0.0202  	0.05189  	0.02917  	0.01246  	0.20158  	-0.0276  	0.00568  	-0.0014  	0.03522  	0.06434  	0.40137  	267.172  	162.321  	
0.61826  	0.17811  	-0.3096  	0.07852  	0.49244  	-0.5932  	-0.2030  	0.33692  	0.21008  	-0.4995  	-0.2698  	0.70224  	0.13252  	0.01939  	-0.4595  	0.09872  	0.25838  	-0.1692  	0.60489  	-0.0066  	0.09240  	0.92743  	0.13260  	0.48781  	0.16917  	0.06443  	0.41337  	-0.8491  	-0.8258  	-0.0908  	-0.0586  	0.27546  	-0.0196  	-0.1855  	0.68708  	0.09222  	0.53056  	0.18105  	-0.5708  	-0.0783  	0.01010  	0.10694  	-0.1697  	0.22323  	0.07356  	-0.0332  	-0.0005  	-0.0582  	-0.0072  	-0.1633  	-0.1453  	-0.0498  	0.00986  	-0.0121  	-0.0207  	0.01323  	-0.0131  	0.01677  	0.03110  	-0.0417  	-0.0202  	0.05189  	0.02917  	0.01246  	0.20158  	-0.0276  	0.00568  	-0.0014  	0.03522  	0.06434  	0.40137  	267.172  	162.321  	
0.61826  	0.17811  	-0.3096  	0.07852  	0.49244  	-0.5932  	-0.2030  	0.33692  	0.21008  	-0.4995  	-0.2698  	0.70224  	0.13252  	0.01939  	-0.4595  	0.09872  	0.25838  	-0.1692  	0.60489  	-0.0066  	0.09240  	0.92743  	0.13260  	0.48781  	0.16917  	0.06443  	0.41337  	-0.8491  	-0.8258  	-0.0908  	-0.0586  	0.27546  	-0.0196  	-0.1855  	0.68708  	0.09222  	0.53056  	0.18105  	-0.5708  	-0.0783  	0.01010  	0.10694  	-0.1697  	0.22323  	0.07356  	-0.0332  	-0.0005  	-0.0582  	-0.0072  	-0.1633  	-0.1453  	-0.0498  	0.00986  	-0.0121  	-0.0207  	0.01323  	-0.0131  	0.01677  	0.03110  	-0.0417  	-0.0202  	0.05189  	0.02917  	0.01246  	0.20158  	-0.0276  	0.00568  	-0.0014  	0.03522  	0.06434  	0.40137  	267.172  	162.321  	
0.61826  	0.17811  	-0.3096  	0.07852  	0.49244  	-0.5932  	-0.2030  	0.33692  	0.21008  	-0.4995  	-0.2698  	0.70224  	0.13252  	0.01939  	-0.4595  	0.09872  	0.25838  	-0.1692  	0.60489  	-0.0066  	0.09240  	0.92743  	0.13260  	0.48781  	0.16917  	0.06443  	0.41337  	-0.8491  	-0.8258  	-0.0908  	-0.0586  	0.27546  	-0.0196  	-0.1855  	0.68708  	0.09222  	0.53056  	0.18105  	-0.5708  	-0.0783  	0.01010  	0.10694  	-0.1697  	0.22323  	0.07356  	-0.0332  	-0.0005  	-0.0582  	-0.0072  	-0.1633  	-0.1453  	-0.0498  	0.00986  	-0.0121  	-0.0207  	0.01323  	-0.0131  	0.01677  	0.03110  	-0.0417  	-0.0202  	0.05189  	0.02917  	0.01246  	0.20158  	-0.0276  	0.00568  	-0.0014  	0.03522  	0.06434  	0.40137  	267.172  	162.321  	
0.61826  	0.17811  	-0.3096  	0.07852  	0.49244  	-0.5932  	-0.2030  	0.33692  	0.21008  	-0.4995  	-0.2698  	0.70224  	0.13252  	0.01939  	-0.4595  	0.09872  	0.25838  	-0.1692  	0.60489  	-0.0066  	0.09240  	0.92743  	0.13260  	0.48781  	0.16917  	0.06443  	0.41337  	-0.8491  	-0.8258  	-0.0908  	-0.0586  	0.27546  	-0.0196  	-0.1855  	0.68708  	0.09222  	0.53056  	0.18105  	-0.5708  	-0.0783  	0.01010  	0.10694  	-0.1697  	0.22323  	0.07356  	-0.0332  	-0.0005  	-0.0582  	-0.0072  	-0.1633  	-0.1453  	-0.0498  	0.00986  	-0.0121  	-0.0207  	0.01323  	-0.0131  	0.01677  	0.03110  	-0.0417  	-0.0202  	0.05189  	0.02917  	0.01246  	0.20158  	-0.0276  	0.00568  	-0.0014  	0.03522  	0.06434  	0.40137  	267.172  	162.321  	
0.61826  	0.17811  	-0.3096  	0.07852  	0.49244  	-0.5932  	-0.2030  	0.33692  	0.21008  	-0.4995  	-0.2698  	0.70224  	0.13252  	0.01939  	-0.4595  	0.09872  	0.25838  	-0.1692  	0.60489  	-0.0066  	0.09240  	0.92743  	0.13260  	0.48781  	0.16917  	0.06443  	0.41337  	-0.8491  	-0.8258  	-0.0908  	-0.0586  	0.27546  	-0.0196  	-0.1855  	0.68708  	0.09222  	0.53056  	0.18105  	-0.5708  	-0.0783  	0.01010  	0.10694  	-0.1697  	0.22323  	0.07356  	-0.0332  	-0.0005  	-0.0582  	-0.0072  	-0.1633  	-0.1453  	-0.0498  	0.00986  	-0.0121  	-0.0207  	0.01323  	-0.0131  	0.01677  	0.03110  	-0.0417  	-0.0202  	0.05189  	0.02917  	0.01246  	0.20158  	-0.0276  	0.00568  	-0.0014  	0.03522  	0.06434  	0.40137  	267.172  	162.321  	
0.61826  	0.17811  	-0.3096  	0.07852  	0.49244  	-0.5932  	-0.2030  	0.33692  	0.21008  	-0.4995  	-0.2698  	0.70224  	0.13252  	0.01939  	-0.4595  	0.09872  	0.25838  	-0.1692  	0.60489  	-0.0066  	0.09240  	0.92743  	0.13260  	0.48781  	0.16917  	0.06443  	0.41337  	-0.8491  	-0.8258  	-0.0908  	-0.0586  	0.27546  	-0.0196  	-0.1855  	0.68708  	0.09222  	0.53056  	0.18105  	-0.5708  	-0.0783  	0.01010  	0.10694  	-0.1697  	0.22323  	0.07356  	-0.0332  	-0.0005  	-0.0582  	-0.0072  	-0.1633  	-0.1453  	-0.0498  	0.00986  	-0.0121  	-0.0207  	0.01323  	-0.0131  	0.01677  	0.03110  	-0.0417  	-0.0202  	0.05189  	0.02917  	0.01246  	0.20158  	-0.0276  	0.00568  	-0.0014  	0.03522  	0.06434  	0.40137  	267.172  	162.321  	
0.61826  	0.17811  	-0.3096  	0.07852  	0.49244  	-0.5932  	-0.2030  	0.33692  	0.21008  	-0.4995  	-0.2698  	0.70224  	0.13252  	0.01939  	-0.4595  	0.09872  	0.25838  	-0.1692  	0.60489  	-0.0066  	0.09240  	0.92743  	0.13260  	0.48781  	0.16917  	0.06443  	0.41337  	-0.8491  	-0.8258  	-0.0908  	-0.0586  	0.27546  	-0.0196  	-0.1855  	0.68708  	0.09222  	0.53056  	0.18105  	-0.5708  	-0.0783  	0.01010  	0.10694  	-0.1697  	0.22323  	0.07356  	-0.0332  	-0.0005  	-0.0582  	-0.0072  	-0.1633  	-0.1453  	-0.0498  	0.00986  	-0.0121  	-0.0207  	0.01323  	-0.0131  	0.01677  	0.03110  	-0.0417  	-0.0202  	0.05189  	0.02917  	0.01246  	0.20158  	-0.0276  	0.00568  	-0.0014  	0.03522  	0.06434  	0.40137  	267.172  	162.321  	
0.64359  	0.18154  	-0.3090  	0.17714  	0.59760  	-0.5699  	-0.1825  	0.30759  	0.17740  	-0.4777  	-0.3979  	0.67348  	0.17655  	0.08964  	-0.4334  	0.09289  	0.24551  	-0.1570  	0.60641  	0.01447  	0.00732  	0.93866  	0.06867  	0.49571  	0.25990  	0.05579  	0.43894  	-0.7853  	-0.7301  	-0.0572  	-0.0794  	0.25698  	-0.0342  	-0.1886  	0.68740  	0.12954  	0.45392  	0.13519  	-0.5467  	-0.0383  	-0.0186  	0.11931  	-0.1750  	0.23154  	0.07842  	-0.0335  	-0.0051  	-0.0473  	-0.0016  	-0.1579  	-0.1336  	-0.0534  	0.00728  	-0.0199  	-0.0190  	0.01380  	-0.0121  	0.01517  	0.02899  	-0.0460  	-0.0245  	0.05319  	0.03147  	0.00867  	0.20158  	-0.0276  	0.00568  	-0.0014  	0.03522  	0.06434  	0.40137  	267.172  	162.321  	
0.70914  	0.15498  	-0.2532  	0.23941  	0.64322  	-0.5257  	-0.1579  	0.32675  	0.18659  	-0.4286  	-0.5791  	0.60393  	0.25046  	0.13267  	-0.4533  	0.03740  	0.25343  	-0.1291  	0.60826  	0.00797  	-0.1431  	0.98787  	0.01011  	0.41060  	0.36796  	0.04825  	0.41776  	-0.7062  	-0.6002  	-0.0136  	-0.0868  	0.24568  	-0.0494  	-0.1780  	0.58097  	0.18535  	0.35424  	0.10166  	-0.4548  	-0.0072  	0.01326  	0.11958  	-0.1499  	0.24204  	0.07862  	-0.0372  	-0.0255  	-0.0133  	0.01877  	-0.1671  	-0.1251  	-0.0566  	0.00956  	-0.0200  	-0.0179  	0.02682  	-0.0076  	0.00997  	0.03531  	-0.0413  	-0.0232  	0.04805  	0.03253  	0.01099  	0.20158  	-0.0276  	0.00568  	-0.0014  	0.03522  	0.06434  	0.40137  	267.172  	162.321  	
0.63794  	0.14964  	-0.4209  	0.36598  	0.77016  	-0.5697  	-0.1140  	0.30089  	0.18693  	-0.3937  	-0.6773  	0.63767  	0.34253  	0.29628  	-0.3572  	-0.0043  	0.22615  	-0.1148  	0.57408  	0.06727  	-0.1799  	0.99460  	-0.0726  	0.39442  	0.43801  	0.00759  	0.44325  	-0.6270  	-0.5031  	0.03964  	-0.0685  	0.21806  	-0.0394  	-0.1560  	0.63475  	0.22092  	0.24830  	0.07043  	-0.4667  	0.05653  	-0.0169  	0.13117  	-0.1746  	0.24281  	0.08410  	-0.0448  	-0.0040  	-0.0317  	0.02556  	-0.1729  	-0.1230  	-0.0584  	0.00870  	-0.0226  	-0.0148  	0.03347  	-0.0009  	0.01128  	0.02913  	-0.0412  	-0.0180  	0.05848  	0.03061  	0.00084  	0.20158  	-0.0276  	0.00568  	-0.0014  	0.03522  	0.06434  	0.40137  	267.172  	162.321  	
0.20076  	0.01876  	-0.6692  	0.30095  	0.80205  	-0.9638  	-0.1064  	0.20655  	0.04940  	-0.3159  	-0.3640  	0.73159  	0.22449  	0.16122  	-0.3392  	-0.0946  	0.20889  	-0.0852  	0.60978  	0.19876  	-0.1847  	1.00445  	-0.1611  	0.50995  	0.31047  	0.06041  	0.37076  	-0.6598  	-0.5980  	-0.0155  	-0.0607  	0.20843  	0.00857  	-0.1878  	0.69831  	0.22866  	0.32613  	0.04907  	-0.5032  	0.08289  	-0.0644  	0.18757  	-0.2469  	0.20832  	0.07354  	-0.0391  	0.01883  	-0.0453  	-0.0162  	-0.1693  	-0.1330  	-0.0439  	-0.0043  	-0.0267  	-0.0244  	0.00349  	-0.0156  	0.00681  	0.03126  	-0.0419  	-0.0216  	0.05725  	-0.0076  	-0.0058  	0.20158  	-0.0276  	0.00568  	-0.0014  	0.03522  	0.06434  	0.40137  	267.172  	162.321  	
-0.2453  	-0.1485  	-0.8567  	-0.1269  	0.65539  	-1.2202  	-0.2071  	-0.0085  	0.04057  	-0.2971  	-0.1920  	0.73098  	0.06802  	-0.2417  	-0.7158  	-0.1688  	0.22006  	0.03088  	0.57466  	0.23437  	-0.2474  	0.82911  	-0.0525  	0.44659  	0.15071  	0.10605  	0.16860  	-0.4942  	-0.6084  	-0.1050  	0.00691  	0.22259  	-0.0051  	-0.1911  	0.61962  	0.20709  	0.28286  	0.06854  	-0.4907  	0.02995  	0.00049  	0.14197  	-0.2426  	0.18361  	0.10987  	-0.0283  	0.00087  	-0.0940  	-0.0386  	-0.1661  	-0.1370  	-0.0509  	-0.0115  	-0.0231  	-0.0218  	-0.0094  	-0.0040  	0.01050  	0.02787  	-0.0430  	-0.0188  	0.05899  	0.01681  	0.01733  	0.20158  	-0.0276  	0.00568  	-0.0014  	0.03522  	0.06434  	0.40137  	267.172  	162.321  	
-0.0325  	-0.0770  	-0.6915  	-0.3419  	0.47111  	-1.0623  	-0.2224  	0.11302  	0.05453  	-0.3126  	-0.1455  	0.62858  	0.07788  	-0.2503  	-0.7282  	-0.1781  	0.27068  	-0.0651  	0.60993  	0.12734  	-0.2147  	0.89430  	0.03571  	0.40849  	0.27004  	0.09659  	0.24317  	-0.5667  	-0.6037  	-0.0903  	-0.0074  	0.21039  	-0.0435  	-0.1965  	0.49003  	0.23233  	0.29790  	0.08438  	-0.4769  	-0.0180  	0.04223  	0.11426  	-0.2138  	0.20520  	0.09792  	-0.0271  	0.00826  	-0.1009  	-0.0209  	-0.1738  	-0.1326  	-0.0534  	-0.0066  	-0.0241  	-0.0191  	-0.0135  	-0.0054  	0.01567  	0.04464  	-0.0385  	-0.0239  	0.04524  	0.03190  	0.01579  	0.20158  	-0.0276  	0.00568  	-0.0014  	0.03522  	0.06434  	0.40137  	267.172  	162.321  	
0.20665  	-0.0025  	-0.4751  	-0.2667  	0.41379  	-0.8428  	-0.2389  	0.16154  	0.10155  	-0.3467  	-0.3609  	0.59304  	0.08544  	-0.2834  	-0.9261  	0.00947  	0.23769  	-0.0052  	0.63152  	0.12710  	-0.2487  	0.84933  	0.01176  	0.35257  	0.25481  	0.08824  	0.22792  	-0.5903  	-0.5368  	-0.0717  	-0.0335  	0.22420  	-0.0562  	-0.1846  	0.45779  	0.21015  	0.29515  	0.10574  	-0.4520  	0.01027  	0.13300  	0.09360  	-0.1496  	0.22750  	0.07696  	-0.0342  	0.00297  	-0.0605  	-0.0167  	-0.1512  	-0.1296  	-0.0595  	0.00027  	-0.0250  	-0.0197  	0.00808  	0.00173  	0.01109  	0.03233  	-0.0448  	-0.0286  	0.05157  	0.02632  	0.01796  	0.20158  	-0.0276  	0.00568  	-0.0014  	0.03522  	0.06434  	0.40137  	267.172  	162.321  	
0.02868  	0.00689  	-0.5615  	-0.3091  	0.41407  	-0.9682  	-0.2449  	0.07061  	0.09370  	-0.2673  	-0.2950  	0.59690  	0.04710  	-0.3390  	-1.0117  	-0.0735  	0.24636  	0.01140  	0.64689  	0.19761  	-0.2783  	0.85861  	0.00851  	0.33955  	0.22933  	0.10578  	0.17451  	-0.4761  	-0.4543  	-0.0909  	-0.0415  	0.20492  	-0.0652  	-0.1851  	0.39721  	0.27272  	0.22681  	0.08738  	-0.4404  	0.01969  	0.15178  	0.10709  	-0.1448  	0.23797  	0.07255  	-0.0393  	0.00123  	-0.0463  	-0.0122  	-0.1675  	-0.1301  	-0.0548  	0.00265  	-0.0186  	-0.0192  	-0.0029  	0.00141  	0.01536  	0.03880  	-0.0521  	-0.0183  	0.04601  	0.02342  	0.01252  	0.20158  	-0.0276  	0.00568  	-0.0014  	0.03522  	0.06434  	0.40137  	267.172  	162.321  	
-0.0652  	-0.0441  	-0.7269  	-0.3718  	0.41799  	-1.0345  	-0.2522  	0.06684  	0.07601  	-0.2589  	-0.2542  	0.63768  	0.02517  	-0.3645  	-0.9156  	-0.1178  	0.24664  	-0.0260  	0.63744  	0.09802  	-0.2673  	0.87784  	0.05092  	0.36528  	0.24471  	0.12569  	0.24475  	-0.5501  	-0.5172  	-0.0784  	-0.0206  	0.19349  	-0.0758  	-0.1866  	0.44410  	0.26220  	0.26199  	0.07702  	-0.4680  	0.01858  	0.11640  	0.11537  	-0.1556  	0.23976  	0.08871  	-0.0363  	0.00486  	-0.0788  	-0.0167  	-0.1606  	-0.1381  	-0.0595  	0.00266  	-0.0164  	-0.0195  	-0.0062  	-0.0023  	0.01837  	0.03555  	-0.0482  	-0.0248  	0.04977  	0.02241  	0.01171  	0.20158  	-0.0276  	0.00568  	-0.0014  	0.03522  	0.06434  	0.40137  	267.172  	162.321  	
0.21227  	0.03946  	-0.5251  	-0.1755  	0.47951  	-0.8379  	-0.2480  	0.15285  	0.09716  	-0.3637  	-0.3010  	0.67892  	0.07277  	-0.2432  	-0.7683  	-0.0445  	0.26277  	-0.0799  	0.61892  	0.09056  	-0.1708  	0.86632  	0.09196  	0.40617  	0.16012  	0.10309  	0.25415  	-0.6182  	-0.5897  	-0.1063  	-0.0243  	0.23133  	-0.0377  	-0.2037  	0.52332  	0.20010  	0.33998  	0.09694  	-0.5000  	0.00345  	0.09316  	0.08040  	-0.1670  	0.23053  	0.08387  	-0.0361  	0.01044  	-0.0648  	-0.0174  	-0.1688  	-0.1264  	-0.0573  	-0.0016  	-0.0271  	-0.0222  	-0.0020  	-0.0035  	0.00967  	0.03380  	-0.0431  	-0.0244  	0.05088  	0.03483  	0.01629  	0.20158  	-0.0276  	0.00568  	-0.0014  	0.03522  	0.06434  	0.40137  	267.172  	162.321  	
0.57840  	0.18660  	-0.2800  	0.00195  	0.52596  	-0.6491  	-0.2407  	0.30231  	0.18000  	-0.4136  	-0.3953  	0.74742  	0.15444  	-0.0293  	-0.5417  	0.10428  	0.23539  	-0.1179  	0.64041  	0.07332  	-0.0017  	0.91530  	0.09115  	0.42512  	0.17199  	0.07455  	0.35592  	-0.7856  	-0.7559  	-0.0824  	-0.0364  	0.25756  	-0.0149  	-0.1928  	0.63305  	0.14694  	0.45441  	0.14101  	-0.5514  	-0.0310  	0.03699  	0.10490  	-0.1514  	0.24975  	0.07718  	-0.0322  	0.00648  	-0.0591  	0.00111  	-0.1584  	-0.1421  	-0.0574  	0.01142  	-0.0157  	-0.0195  	0.01445  	-0.0088  	0.01008  	0.02777  	-0.0417  	-0.0218  	0.05339  	0.02379  	0.00532  	0.20158  	-0.0276  	0.00568  	-0.0014  	0.03522  	0.06434  	0.40137  	267.172  	162.321  	
0.66648  	0.17098  	-0.2688  	0.00816  	0.51461  	-0.6628  	-0.2161  	0.30332  	0.16569  	-0.4054  	-0.2331  	0.76085  	0.11831  	-0.0585  	-0.6553  	0.20418  	0.22449  	-0.1196  	0.65818  	0.08569  	0.03072  	0.90265  	0.04636  	0.45652  	0.21867  	0.06433  	0.37955  	-0.8062  	-0.7869  	-0.0723  	-0.0709  	0.25443  	-0.0322  	-0.1766  	0.66784  	0.15636  	0.48517  	0.15412  	-0.5416  	-0.0626  	0.01191  	0.12283  	-0.1512  	0.23012  	0.07664  	-0.0296  	-0.0046  	-0.0509  	0.00274  	-0.1628  	-0.1403  	-0.0538  	0.01103  	-0.0174  	-0.0190  	0.01259  	-0.0055  	0.01157  	0.02985  	-0.0445  	-0.0307  	0.04946  	0.03251  	0.00659  	0.20158  	-0.0276  	0.00568  	-0.0014  	0.03522  	0.06434  	0.40137  	267.172  	162.321  	
0.70273  	0.17661  	-0.2168  	-0.2209  	0.41655  	-0.6989  	-0.1207  	0.38966  	0.22558  	-0.3107  	-0.0890  	0.83420  	0.06782  	-0.0687  	-0.8618  	0.30386  	0.18466  	-0.0753  	0.67463  	0.09787  	0.10283  	0.87275  	0.01633  	0.38240  	0.26712  	0.01776  	0.35316  	-0.7684  	-0.7223  	-0.1337  	-0.1088  	0.27456  	0.00823  	-0.1955  	0.60568  	0.13509  	0.52320  	0.17349  	-0.4954  	-0.0044  	0.02906  	0.09765  	-0.1379  	0.26851  	0.08699  	-0.0332  	-0.0197  	-0.0372  	0.00703  	-0.1669  	-0.1343  	-0.0551  	0.00673  	-0.0147  	-0.0244  	0.02251  	-0.0234  	0.01562  	0.03453  	-0.0374  	-0.0262  	0.04598  	0.02754  	0.00827  	0.20158  	-0.0276  	0.00568  	-0.0014  	0.03522  	0.06434  	0.40137  	267.172  	162.321  	
0.56531  	0.09374  	-0.2724  	-0.0330  	0.53329  	-0.7509  	-0.1292  	0.27162  	0.23442  	-0.2595  	-0.2007  	0.85199  	0.10138  	0.08809  	-0.7756  	0.27992  	0.21479  	-0.1195  	0.65950  	0.25197  	-0.0918  	0.91210  	-0.0821  	0.39255  	0.32561  	0.05131  	0.30083  	-0.6785  	-0.6438  	-0.1128  	-0.0806  	0.23922  	0.02994  	-0.1952  	0.62005  	0.18785  	0.41233  	0.09087  	-0.4602  	0.04758  	0.06444  	0.09769  	-0.1838  	0.27372  	0.11331  	-0.0271  	-0.0003  	-0.0360  	-0.0055  	-0.1615  	-0.1082  	-0.0579  	0.00520  	-0.0169  	-0.0314  	0.01043  	-0.0081  	0.00707  	0.04240  	-0.0366  	-0.0214  	0.04216  	0.05084  	0.00928  	0.20158  	-0.0276  	0.00568  	-0.0014  	0.03522  	0.06434  	0.40137  	267.172  	162.321  	
-0.0549  	-0.0632  	-0.6996  	0.07740  	0.59843  	-0.9735  	-0.1771  	0.07284  	0.04767  	-0.2913  	-0.1455  	0.85453  	0.08313  	-0.1478  	-0.7717  	-0.0745  	0.15475  	-0.0365  	0.57678  	0.28172  	-0.2471  	0.90083  	-0.0756  	0.41909  	0.22315  	0.08061  	0.17237  	-0.5698  	-0.5619  	-0.0818  	-0.0308  	0.16346  	-0.0402  	-0.1747  	0.52367  	0.24467  	0.28296  	0.09157  	-0.4696  	-0.0415  	0.04789  	0.10723  	-0.2278  	0.20048  	0.09422  	-0.0295  	0.00354  	-0.0569  	-0.0285  	-0.1492  	-0.1349  	-0.0547  	0.00593  	-0.0191  	-0.0367  	-0.0073  	0.01021  	0.00956  	0.03769  	-0.0408  	-0.0206  	0.03128  	0.02000  	0.00678  	0.20158  	-0.0276  	0.00568  	-0.0014  	0.03522  	0.06434  	0.40137  	267.172  	162.321  	
-0.2958  	-0.0838  	-0.7760  	-0.4355  	0.47867  	-1.1928  	-0.2464  	0.06024  	0.03949  	-0.2204  	-0.0547  	0.64782  	0.02014  	-0.3721  	-0.9935  	-0.2418  	0.17577  	-0.0332  	0.59569  	0.18092  	-0.1623  	0.86277  	0.01493  	0.38710  	0.13739  	0.09886  	0.21814  	-0.5389  	-0.5341  	-0.1031  	-0.0279  	0.16468  	-0.0616  	-0.1645  	0.50821  	0.23264  	0.30246  	0.06418  	-0.4720  	-0.0393  	0.06950  	0.11713  	-0.2249  	0.19854  	0.09734  	-0.0316  	-0.0023  	-0.0928  	-0.0278  	-0.1649  	-0.1334  	-0.0584  	0.00470  	-0.0186  	-0.0291  	-0.0072  	-0.0013  	0.01294  	0.04054  	-0.0501  	-0.0259  	0.04919  	0.02142  	0.00669  	0.20158  	-0.0276  	0.00568  	-0.0014  	0.03522  	0.06434  	0.40137  	267.172  	162.321  	
-0.2264  	-0.0829  	-0.7356  	-0.5692  	0.33093  	-1.1859  	-0.2589  	0.06188  	0.03508  	-0.1936  	-0.1133  	0.53941  	0.01717  	-0.3653  	-1.0692  	-0.2024  	0.25138  	-0.0169  	0.61474  	0.15048  	-0.2388  	0.87484  	0.06778  	0.34781  	0.22518  	0.11404  	0.21234  	-0.5515  	-0.5276  	-0.1054  	-0.0182  	0.18501  	-0.0636  	-0.1965  	0.43965  	0.28913  	0.28285  	0.07270  	-0.4468  	-0.0145  	0.07781  	0.12197  	-0.2003  	0.21441  	0.09057  	-0.0313  	0.00478  	-0.0787  	-0.0192  	-0.1607  	-0.1368  	-0.0592  	0.00215  	-0.0235  	-0.0196  	-0.0068  	0.00116  	0.02239  	0.04151  	-0.0479  	-0.0233  	0.04622  	0.03417  	0.01349  	0.20158  	-0.0276  	0.00568  	-0.0014  	0.03522  	0.06434  	0.40137  	267.172  	162.321  	
-0.1873  	-0.0862  	-0.7056  	-0.4992  	0.42257  	-1.0797  	-0.1909  	0.00877  	0.06489  	-0.2205  	-0.2207  	0.55695  	0.04169  	-0.3917  	-1.0329  	-0.1408  	0.22829  	-0.0160  	0.60153  	0.17279  	-0.3419  	0.87182  	0.05482  	0.33590  	0.22619  	0.12963  	0.14050  	-0.4792  	-0.4611  	-0.1079  	-0.0030  	0.17792  	-0.0562  	-0.1615  	0.38367  	0.27797  	0.20481  	0.06037  	-0.4323  	0.00125  	0.12485  	0.11527  	-0.1597  	0.22867  	0.08054  	-0.0424  	0.00720  	-0.0672  	-0.0154  	-0.1662  	-0.1412  	-0.0537  	0.00345  	-0.0183  	-0.0209  	-0.0084  	-0.0026  	0.01543  	0.03187  	-0.0502  	-0.0207  	0.04685  	0.03388  	0.01537  	0.20158  	-0.0276  	0.00568  	-0.0014  	0.03522  	0.06434  	0.40137  	267.172  	162.321  	
-0.1063  	-0.0433  	-0.6903  	-0.3160  	0.50087  	-1.0576  	-0.2261  	0.13555  	0.07899  	-0.2772  	-0.2127  	0.64991  	0.12027  	-0.3626  	-0.8376  	-0.1781  	0.31174  	-0.1789  	0.67580  	-0.0848  	-0.2496  	0.65763  	-0.2161  	0.36955  	0.12875  	0.22511  	0.14044  	-0.5545  	-0.3661  	-0.1221  	0.08921  	0.12967  	-0.1565  	-0.3265  	0.35575  	0.23515  	0.11470  	0.06703  	-0.5602  	-0.0766  	0.18975  	0.24022  	-0.2720  	0.30339  	0.01154  	-0.0236  	-0.0160  	-0.0525  	-0.0237  	-0.1819  	-0.1236  	-0.0532  	0.00384  	-0.0015  	-0.0113  	-0.0077  	-0.0043  	0.00054  	0.03738  	-0.0362  	-0.0177  	0.04147  	0.01609  	0.01653  	0.20158  	-0.0276  	0.00568  	-0.0014  	0.03522  	0.06434  	0.40137  	267.172  	162.321  	
0.08295  	0.05527  	-0.5841  	-0.0909  	0.54296  	-1.0003  	-0.3015  	0.28684  	0.07983  	-0.3692  	-0.2443  	0.80578  	0.17431  	-0.3529  	-0.6387  	-0.1593  	0.39941  	-0.3189  	0.75243  	-0.2887  	-0.0745  	0.44707  	-0.4100  	0.36062  	0.03698  	0.30637  	0.13770  	-0.6014  	-0.2944  	-0.1145  	0.17435  	0.08295  	-0.2211  	-0.4582  	0.32509  	0.18771  	0.05357  	0.04382  	-0.6553  	-0.1432  	0.24770  	0.31884  	-0.3683  	0.36170  	-0.0275  	-0.0018  	-0.0347  	-0.0404  	-0.0357  	-0.1899  	-0.1103  	-0.0513  	0.00704  	0.01168  	-0.0079  	-0.0015  	-0.0031  	-0.0144  	0.04145  	-0.0236  	-0.0212  	0.03482  	-0.0123  	0.01103  	0.20158  	-0.0276  	0.00568  	-0.0014  	0.03522  	0.06434  	0.40137  	267.172  	162.321  	
0.21372  	0.07868  	-0.4716  	0.01768  	0.60809  	-0.9092  	-0.3167  	0.28434  	0.06806  	-0.4236  	-0.3636  	0.85506  	0.20472  	-0.2927  	-0.5349  	-0.1351  	0.42586  	-0.3315  	0.78994  	-0.3947  	-0.0459  	0.42490  	-0.4536  	0.33601  	0.04759  	0.32003  	0.16430  	-0.6820  	-0.3214  	-0.1107  	0.19449  	0.06515  	-0.2263  	-0.4925  	0.34230  	0.15100  	0.06545  	0.07785  	-0.6742  	-0.1600  	0.27899  	0.36663  	-0.3912  	0.38589  	-0.0377  	0.00777  	-0.0447  	-0.0197  	-0.0460  	-0.1976  	-0.1150  	-0.0500  	0.00286  	0.00685  	-0.0080  	0.00878  	-0.0061  	-0.0103  	0.03765  	-0.0312  	-0.0170  	0.03279  	-0.0068  	0.01132  	0.20158  	-0.0276  	0.00568  	-0.0014  	0.03522  	0.06434  	0.40137  	267.172  	162.321  	
0.23010  	0.08716  	-0.4661  	0.11003  	0.62944  	-0.8411  	-0.3023  	0.26359  	0.07211  	-0.4311  	-0.4555  	0.80521  	0.19812  	-0.2742  	-0.4803  	-0.1561  	0.41147  	-0.3092  	0.73866  	-0.3444  	-0.1077  	0.49266  	-0.4204  	0.30434  	0.06847  	0.30447  	0.14837  	-0.6420  	-0.3220  	-0.0973  	0.16314  	0.09604  	-0.2107  	-0.4640  	0.34107  	0.16283  	0.07851  	0.07526  	-0.6402  	-0.1501  	0.25458  	0.32779  	-0.3689  	0.37911  	-0.0308  	0.00283  	-0.0315  	-0.0180  	-0.0420  	-0.1968  	-0.1180  	-0.0449  	0.00908  	-0.0002  	-0.0079  	-0.0059  	-0.0040  	0.00195  	0.03638  	-0.0349  	-0.0165  	0.02775  	-0.0014  	0.01215  	0.20158  	-0.0276  	0.00568  	-0.0014  	0.03522  	0.06434  	0.40137  	267.172  	162.321  	
0.25101  	0.09225  	-0.4985  	0.11847  	0.61109  	-0.7737  	-0.2976  	0.22096  	0.08831  	-0.4365  	-0.4988  	0.74705  	0.16751  	-0.2623  	-0.5012  	-0.1288  	0.33473  	-0.1970  	0.66101  	-0.1076  	-0.1535  	0.67137  	-0.2176  	0.30934  	0.13656  	0.21601  	0.16015  	-0.5752  	-0.3958  	-0.0951  	0.07605  	0.14656  	-0.1385  	-0.3131  	0.41044  	0.16770  	0.16601  	0.08627  	-0.5580  	-0.0675  	0.18967  	0.21667  	-0.2684  	0.32312  	0.01475  	-0.0205  	-0.0103  	-0.0420  	-0.0302  	-0.1786  	-0.1277  	-0.0483  	0.00884  	-0.0078  	-0.0090  	-0.0029  	-0.0058  	0.00655  	0.03322  	-0.0403  	-0.0197  	0.03965  	0.00734  	0.01308  	0.20158  	-0.0276  	0.00568  	-0.0014  	0.03522  	0.06434  	0.40137  	267.172  	162.321  	
0.36374  	0.11285  	-0.4736  	0.13152  	0.58550  	-0.7014  	-0.2589  	0.18550  	0.10846  	-0.4449  	-0.4821  	0.71759  	0.12332  	-0.1524  	-0.4813  	-0.0532  	0.24793  	-0.0762  	0.58170  	0.13463  	-0.1368  	0.89283  	0.04702  	0.35481  	0.21193  	0.09950  	0.23307  	-0.5566  	-0.5691  	-0.0763  	-0.0526  	0.21499  	-0.0407  	-0.1638  	0.54073  	0.16845  	0.33205  	0.10346  	-0.4660  	0.00080  	0.07537  	0.09560  	-0.1557  	0.23591  	0.07138  	-0.0357  	0.00996  	-0.0543  	-0.0160  	-0.1601  	-0.1317  	-0.0546  	0.01019  	-0.0175  	-0.0136  	0.00370  	-0.0038  	0.01375  	0.03542  	-0.0457  	-0.0278  	0.05076  	0.02456  	0.01448  	0.20158  	-0.0276  	0.00568  	-0.0014  	0.03522  	0.06434  	0.40137  	267.172  	162.321  	
0.44534  	0.13493  	-0.3996  	0.05759  	0.53592  	-0.6939  	-0.2482  	0.22506  	0.13138  	-0.4580  	-0.3649  	0.66491  	0.10080  	-0.1026  	-0.4986  	-0.0024  	0.25004  	-0.1161  	0.59858  	0.06133  	-0.0022  	0.90961  	0.05530  	0.39936  	0.20029  	0.06543  	0.33252  	-0.7049  	-0.6807  	-0.0829  	-0.0580  	0.25035  	-0.0415  	-0.1738  	0.61389  	0.14619  	0.44867  	0.14278  	-0.5302  	-0.0389  	0.05908  	0.10135  	-0.1737  	0.23056  	0.07754  	-0.0322  	0.00768  	-0.0660  	-0.0207  	-0.1582  	-0.1381  	-0.0525  	0.01181  	-0.0171  	-0.0185  	0.01137  	-0.0060  	0.01454  	0.03570  	-0.0456  	-0.0214  	0.05084  	0.02513  	0.00966  	0.20158  	-0.0276  	0.00568  	-0.0014  	0.03522  	0.06434  	0.40137  	267.172  	162.321  	
0.55855  	0.17757  	-0.3365  	0.08301  	0.52218  	-0.6404  	-0.2320  	0.29068  	0.18105  	-0.4805  	-0.3096  	0.68382  	0.12303  	-0.0200  	-0.4925  	0.05773  	0.22810  	-0.1353  	0.59170  	0.03554  	0.06449  	0.91171  	0.07831  	0.42008  	0.16749  	0.06098  	0.35726  	-0.7807  	-0.7564  	-0.0976  	-0.0587  	0.26278  	-0.0215  	-0.1808  	0.66459  	0.11501  	0.49403  	0.16655  	-0.5598  	-0.0611  	0.04495  	0.09868  	-0.1684  	0.22384  	0.07491  	-0.0329  	0.00344  	-0.0629  	-0.0122  	-0.1551  	-0.1398  	-0.0542  	0.00997  	-0.0147  	-0.0193  	0.01586  	-0.0080  	0.01401  	0.03360  	-0.0440  	-0.0214  	0.05241  	0.02220  	0.01067  	0.20158  	-0.0276  	0.00568  	-0.0014  	0.03522  	0.06434  	0.40137  	267.172  	162.321  	
0.58713  	0.18194  	-0.3230  	0.09054  	0.50439  	-0.6192  	-0.2159  	0.31475  	0.20010  	-0.4972  	-0.2988  	0.69043  	0.11950  	-0.0002  	-0.4578  	0.06921  	0.24519  	-0.1517  	0.60244  	0.01960  	0.09219  	0.92267  	0.10869  	0.44415  	0.16834  	0.06448  	0.38298  	-0.8127  	-0.7911  	-0.1041  	-0.0637  	0.26717  	-0.0201  	-0.1902  	0.67230  	0.09866  	0.51280  	0.17263  	-0.5718  	-0.0711  	0.02881  	0.09871  	-0.1695  	0.22740  	0.07660  	-0.0324  	0.00219  	-0.0617  	-0.0116  	-0.1560  	-0.1432  	-0.0537  	0.00847  	-0.0154  	-0.0209  	0.01412  	-0.0100  	0.01609  	0.03236  	-0.0447  	-0.0210  	0.05341  	0.02262  	0.00996  	0.20158  	-0.0276  	0.00568  	-0.0014  	0.03522  	0.06434  	0.40137  	267.172  	162.321  	
0.61826  	0.17811  	-0.3096  	0.07852  	0.49244  	-0.5932  	-0.2030  	0.33692  	0.21008  	-0.4995  	-0.2698  	0.70224  	0.13252  	0.01939  	-0.4595  	0.09872  	0.25838  	-0.1692  	0.60489  	-0.0066  	0.09240  	0.92743  	0.13260  	0.48781  	0.16917  	0.06443  	0.41337  	-0.8491  	-0.8258  	-0.0908  	-0.0586  	0.27546  	-0.0196  	-0.1855  	0.68708  	0.09222  	0.53056  	0.18105  	-0.5708  	-0.0783  	0.01010  	0.10694  	-0.1697  	0.22323  	0.07356  	-0.0332  	-0.0005  	-0.0582  	-0.0072  	-0.1633  	-0.1453  	-0.0498  	0.00986  	-0.0121  	-0.0207  	0.01323  	-0.0131  	0.01677  	0.03110  	-0.0417  	-0.0202  	0.05189  	0.02917  	0.01246  	0.20158  	-0.0276  	0.00568  	-0.0014  	0.03522  	0.06434  	0.40137  	267.172  	162.321  	
0.61826  	0.17811  	-0.3096  	0.07852  	0.49244  	-0.5932  	-0.2030  	0.33692  	0.21008  	-0.4995  	-0.2698  	0.70224  	0.13252  	0.01939  	-0.4595  	0.09872  	0.25838  	-0.1692  	0.60489  	-0.0066  	0.09240  	0.92743  	0.13260  	0.48781  	0.16917  	0.06443  	0.41337  	-0.8491  	-0.8258  	-0.0908  	-0.0586  	0.27546  	-0.0196  	-0.1855  	0.68708  	0.09222  	0.53056  	0.18105  	-0.5708  	-0.0783  	0.01010  	0.10694  	-0.1697  	0.22323  	0.07356  	-0.0332  	-0.0005  	-0.0582  	-0.0072  	-0.1633  	-0.1453  	-0.0498  	0.00986  	-0.0121  	-0.0207  	0.01323  	-0.0131  	0.01677  	0.03110  	-0.0417  	-0.0202  	0.05189  	0.02917  	0.01246  	0.20158  	-0.0276  	0.00568  	-0.0014  	0.03522  	0.06434  	0.40137  	267.172  	162.321  	
0.61826  	0.17811  	-0.3096  	0.07852  	0.49244  	-0.5932  	-0.2030  	0.33692  	0.21008  	-0.4995  	-0.2698  	0.70224  	0.13252  	0.01939  	-0.4595  	0.09872  	0.25838  	-0.1692  	0.60489  	-0.0066  	0.09240  	0.92743  	0.13260  	0.48781  	0.16917  	0.06443  	0.41337  	-0.8491  	-0.8258  	-0.0908  	-0.0586  	0.27546  	-0.0196  	-0.1855  	0.68708  	0.09222  	0.53056  	0.18105  	-0.5708  	-0.0783  	0.01010  	0.10694  	-0.1697  	0.22323  	0.07356  	-0.0332  	-0.0005  	-0.0582  	-0.0072  	-0.1633  	-0.1453  	-0.0498  	0.00986  	-0.0121  	-0.0207  	0.01323  	-0.0131  	0.01677  	0.03110  	-0.0417  	-0.0202  	0.05189  	0.02917  	0.01246  	0.20158  	-0.0276  	0.00568  	-0.0014  	0.03522  	0.06434  	0.40137  	267.172  	162.321  	
0.61826  	0.17811  	-0.3096  	0.07852  	0.49244  	-0.5932  	-0.2030  	0.33692  	0.21008  	-0.4995  	-0.2698  	0.70224  	0.13252  	0.01939  	-0.4595  	0.09872  	0.25838  	-0.1692  	0.60489  	-0.0066  	0.09240  	0.92743  	0.13260  	0.48781  	0.16917  	0.06443  	0.41337  	-0.8491  	-0.8258  	-0.0908  	-0.0586  	0.27546  	-0.0196  	-0.1855  	0.68708  	0.09222  	0.53056  	0.18105  	-0.5708  	-0.0783  	0.01010  	0.10694  	-0.1697  	0.22323  	0.07356  	-0.0332  	-0.0005  	-0.0582  	-0.0072  	-0.1633  	-0.1453  	-0.0498  	0.00986  	-0.0121  	-0.0207  	0.01323  	-0.0131  	0.01677  	0.03110  	-0.0417  	-0.0202  	0.05189  	0.02917  	0.01246  	0.20158  	-0.0276  	0.00568  	-0.0014  	0.03522  	0.06434  	0.40137  	267.172  	162.321  	
0.61826  	0.17811  	-0.3096  	0.07852  	0.49244  	-0.5932  	-0.2030  	0.33692  	0.21008  	-0.4995  	-0.2698  	0.70224  	0.13252  	0.01939  	-0.4595  	0.09872  	0.25838  	-0.1692  	0.60489  	-0.0066  	0.09240  	0.92743  	0.13260  	0.48781  	0.16917  	0.06443  	0.41337  	-0.8491  	-0.8258  	-0.0908  	-0.0586  	0.27546  	-0.0196  	-0.1855  	0.68708  	0.09222  	0.53056  	0.18105  	-0.5708  	-0.0783  	0.01010  	0.10694  	-0.1697  	0.22323  	0.07356  	-0.0332  	-0.0005  	-0.0582  	-0.0072  	-0.1633  	-0.1453  	-0.0498  	0.00986  	-0.0121  	-0.0207  	0.01323  	-0.0131  	0.01677  	0.03110  	-0.0417  	-0.0202  	0.05189  	0.02917  	0.01246  	0.20158  	-0.0276  	0.00568  	-0.0014  	0.03522  	0.06434  	0.40137  	267.172  	162.321  	
0.61826  	0.17811  	-0.3096  	0.07852  	0.49244  	-0.5932  	-0.2030  	0.33692  	0.21008  	-0.4995  	-0.2698  	0.70224  	0.13252  	0.01939  	-0.4595  	0.09872  	0.25838  	-0.1692  	0.60489  	-0.0066  	0.09240  	0.92743  	0.13260  	0.48781  	0.16917  	0.06443  	0.41337  	-0.8491  	-0.8258  	-0.0908  	-0.0586  	0.27546  	-0.0196  	-0.1855  	0.68708  	0.09222  	0.53056  	0.18105  	-0.5708  	-0.0783  	0.01010  	0.10694  	-0.1697  	0.22323  	0.07356  	-0.0332  	-0.0005  	-0.0582  	-0.0072  	-0.1633  	-0.1453  	-0.0498  	0.00986  	-0.0121  	-0.0207  	0.01323  	-0.0131  	0.01677  	0.03110  	-0.0417  	-0.0202  	0.05189  	0.02917  	0.01246  	0.20158  	-0.0276  	0.00568  	-0.0014  	0.03522  	0.06434  	0.40137  	267.172  	162.321  	
0.61826  	0.17811  	-0.3096  	0.07852  	0.49244  	-0.5932  	-0.2030  	0.33692  	0.21008  	-0.4995  	-0.2698  	0.70224  	0.13252  	0.01939  	-0.4595  	0.09872  	0.25838  	-0.1692  	0.60489  	-0.0066  	0.09240  	0.92743  	0.13260  	0.48781  	0.16917  	0.06443  	0.41337  	-0.8491  	-0.8258  	-0.0908  	-0.0586  	0.27546  	-0.0196  	-0.1855  	0.68708  	0.09222  	0.53056  	0.18105  	-0.5708  	-0.0783  	0.01010  	0.10694  	-0.1697  	0.22323  	0.07356  	-0.0332  	-0.0005  	-0.0582  	-0.0072  	-0.1633  	-0.1453  	-0.0498  	0.00986  	-0.0121  	-0.0207  	0.01323  	-0.0131  	0.01677  	0.03110  	-0.0417  	-0.0202  	0.05189  	0.02917  	0.01246  	0.20158  	-0.0276  	0.00568  	-0.0014  	0.03522  	0.06434  	0.40137  	267.172  	162.321  	
0.61826  	0.17811  	-0.3096  	0.07852  	0.49244  	-0.5932  	-0.2030  	0.33692  	0.21008  	-0.4995  	-0.2698  	0.70224  	0.13252  	0.01939  	-0.4595  	0.09872  	0.25838  	-0.1692  	0.60489  	-0.0066  	0.09240  	0.92743  	0.13260  	0.48781  	0.16917  	0.06443  	0.41337  	-0.8491  	-0.8258  	-0.0908  	-0.0586  	0.27546  	-0.0196  	-0.1855  	0.68708  	0.09222  	0.53056  	0.18105  	-0.5708  	-0.0783  	0.01010  	0.10694  	-0.1697  	0.22323  	0.07356  	-0.0332  	-0.0005  	-0.0582  	-0.0072  	-0.1633  	-0.1453  	-0.0498  	0.00986  	-0.0121  	-0.0207  	0.01323  	-0.0131  	0.01677  	0.03110  	-0.0417  	-0.0202  	0.05189  	0.02917  	0.01246  	0.20158  	-0.0276  	0.00568  	-0.0014  	0.03522  	0.06434  	0.40137  	267.172  	162.321  	
0.61826  	0.17811  	-0.3096  	0.07852  	0.49244  	-0.5932  	-0.2030  	0.33692  	0.21008  	-0.4995  	-0.2698  	0.70224  	0.13252  	0.01939  	-0.4595  	0.09872  	0.25838  	-0.1692  	0.60489  	-0.0066  	0.09240  	0.92743  	0.13260  	0.48781  	0.16917  	0.06443  	0.41337  	-0.8491  	-0.8258  	-0.0908  	-0.0586  	0.27546  	-0.0196  	-0.1855  	0.68708  	0.09222  	0.53056  	0.18105  	-0.5708  	-0.0783  	0.01010  	0.10694  	-0.1697  	0.22323  	0.07356  	-0.0332  	-0.0005  	-0.0582  	-0.0072  	-0.1633  	-0.1453  	-0.0498  	0.00986  	-0.0121  	-0.0207  	0.01323  	-0.0131  	0.01677  	0.03110  	-0.0417  	-0.0202  	0.05189  	0.02917  	0.01246  	0.20158  	-0.0276  	0.00568  	-0.0014  	0.03522  	0.06434  	0.40137  	267.172  	162.321  	
0.61826  	0.17811  	-0.3096  	0.07852  	0.49244  	-0.5932  	-0.2030  	0.33692  	0.21008  	-0.4995  	-0.2698  	0.70224  	0.13252  	0.01939  	-0.4595  	0.09872  	0.25838  	-0.1692  	0.60489  	-0.0066  	0.09240  	0.92743  	0.13260  	0.48781  	0.16917  	0.06443  	0.41337  	-0.8491  	-0.8258  	-0.0908  	-0.0586  	0.27546  	-0.0196  	-0.1855  	0.68708  	0.09222  	0.53056  	0.18105  	-0.5708  	-0.0783  	0.01010  	0.10694  	-0.1697  	0.22323  	0.07356  	-0.0332  	-0.0005  	-0.0582  	-0.0072  	-0.1633  	-0.1453  	-0.0498  	0.00986  	-0.0121  	-0.0207  	0.01323  	-0.0131  	0.01677  	0.03110  	-0.0417  	-0.0202  	0.05189  	0.02917  	0.01246  	0.20158  	-0.0276  	0.00568  	-0.0014  	0.03522  	0.06434  	0.40137  	267.172  	162.321  	
0.61826  	0.17811  	-0.3096  	0.07852  	0.49244  	-0.5932  	-0.2030  	0.33692  	0.21008  	-0.4995  	-0.2698  	0.70224  	0.13252  	0.01939  	-0.4595  	0.09872  	0.25838  	-0.1692  	0.60489  	-0.0066  	0.09240  	0.92743  	0.13260  	0.48781  	0.16917  	0.06443  	0.41337  	-0.8491  	-0.8258  	-0.0908  	-0.0586  	0.27546  	-0.0196  	-0.1855  	0.68708  	0.09222  	0.53056  	0.18105  	-0.5708  	-0.0783  	0.01010  	0.10694  	-0.1697  	0.22323  	0.07356  	-0.0332  	-0.0005  	-0.0582  	-0.0072  	-0.1633  	-0.1453  	-0.0498  	0.00986  	-0.0121  	-0.0207  	0.01323  	-0.0131  	0.01677  	0.03110  	-0.0417  	-0.0202  	0.05189  	0.02917  	0.01246  	0.20158  	-0.0276  	0.00568  	-0.0014  	0.03522  	0.06434  	0.40137  	267.172  	162.321  	
0.61826  	0.17811  	-0.3096  	0.07852  	0.49244  	-0.5932  	-0.2030  	0.33692  	0.21008  	-0.4995  	-0.2698  	0.70224  	0.13252  	0.01939  	-0.4595  	0.09872  	0.25838  	-0.1692  	0.60489  	-0.0066  	0.09240  	0.92743  	0.13260  	0.48781  	0.16917  	0.06443  	0.41337  	-0.8491  	-0.8258  	-0.0908  	-0.0586  	0.27546  	-0.0196  	-0.1855  	0.68708  	0.09222  	0.53056  	0.18105  	-0.5708  	-0.0783  	0.01010  	0.10694  	-0.1697  	0.22323  	0.07356  	-0.0332  	-0.0005  	-0.0582  	-0.0072  	-0.1633  	-0.1453  	-0.0498  	0.00986  	-0.0121  	-0.0207  	0.01323  	-0.0131  	0.01677  	0.03110  	-0.0417  	-0.0202  	0.05189  	0.02917  	0.01246  	0.20158  	-0.0276  	0.00568  	-0.0014  	0.03522  	0.06434  	0.40137  	267.172  	162.321  	
0.61826  	0.17811  	-0.3096  	0.07852  	0.49244  	-0.5932  	-0.2030  	0.33692  	0.21008  	-0.4995  	-0.2698  	0.70224  	0.13252  	0.01939  	-0.4595  	0.09872  	0.25838  	-0.1692  	0.60489  	-0.0066  	0.09240  	0.92743  	0.13260  	0.48781  	0.16917  	0.06443  	0.41337  	-0.8491  	-0.8258  	-0.0908  	-0.0586  	0.27546  	-0.0196  	-0.1855  	0.68708  	0.09222  	0.53056  	0.18105  	-0.5708  	-0.0783  	0.01010  	0.10694  	-0.1697  	0.22323  	0.07356  	-0.0332  	-0.0005  	-0.0582  	-0.0072  	-0.1633  	-0.1453  	-0.0498  	0.00986  	-0.0121  	-0.0207  	0.01323  	-0.0131  	0.01677  	0.03110  	-0.0417  	-0.0202  	0.05189  	0.02917  	0.01246  	0.20158  	-0.0276  	0.00568  	-0.0014  	0.03522  	0.06434  	0.40137  	267.172  	162.321  	
0.61826  	0.17811  	-0.3096  	0.07851  	0.49243  	-0.5932  	-0.2030  	0.33691  	0.21008  	-0.4995  	-0.2698  	0.70224  	0.13252  	0.01941  	-0.4595  	0.09872  	0.25837  	-0.1692  	0.60489  	-0.0066  	0.09241  	0.92744  	0.13259  	0.48781  	0.16918  	0.06443  	0.41338  	-0.8491  	-0.8258  	-0.0908  	-0.0586  	0.27546  	-0.0196  	-0.1855  	0.68709  	0.09222  	0.53057  	0.18105  	-0.5708  	-0.0783  	0.01010  	0.10694  	-0.1697  	0.22323  	0.07355  	-0.0332  	-0.0005  	-0.0582  	-0.0072  	-0.1633  	-0.1453  	-0.0498  	0.00986  	-0.0121  	-0.0207  	0.01323  	-0.0131  	0.01677  	0.03110  	-0.0417  	-0.0202  	0.05189  	0.02917  	0.01246  	0.20158  	-0.0276  	0.00568  	-0.0014  	0.03522  	0.06434  	0.40137  	267.172  	162.321  	
0.61826  	0.17811  	-0.3096  	0.07851  	0.49243  	-0.5932  	-0.2030  	0.33691  	0.21008  	-0.4995  	-0.2698  	0.70224  	0.13252  	0.01941  	-0.4595  	0.09872  	0.25837  	-0.1692  	0.60489  	-0.0066  	0.09241  	0.92744  	0.13259  	0.48781  	0.16918  	0.06443  	0.41338  	-0.8491  	-0.8258  	-0.0908  	-0.0586  	0.27546  	-0.0196  	-0.1855  	0.68709  	0.09222  	0.53057  	0.18105  	-0.5708  	-0.0783  	0.01010  	0.10694  	-0.1697  	0.22323  	0.07355  	-0.0332  	-0.0005  	-0.0582  	-0.0072  	-0.1633  	-0.1453  	-0.0498  	0.00986  	-0.0121  	-0.0207  	0.01323  	-0.0131  	0.01677  	0.03110  	-0.0417  	-0.0202  	0.05189  	0.02917  	0.01246  	0.20158  	-0.0276  	0.00568  	-0.0014  	0.03522  	0.06434  	0.40137  	267.172  	162.321  	
0.61826  	0.17811  	-0.3096  	0.07851  	0.49243  	-0.5932  	-0.2030  	0.33691  	0.21008  	-0.4995  	-0.2698  	0.70224  	0.13252  	0.01941  	-0.4595  	0.09872  	0.25837  	-0.1692  	0.60489  	-0.0066  	0.09241  	0.92744  	0.13259  	0.48781  	0.16918  	0.06443  	0.41338  	-0.8491  	-0.8258  	-0.0908  	-0.0586  	0.27546  	-0.0196  	-0.1855  	0.68709  	0.09222  	0.53057  	0.18105  	-0.5708  	-0.0783  	0.01010  	0.10694  	-0.1697  	0.22323  	0.07355  	-0.0332  	-0.0005  	-0.0582  	-0.0072  	-0.1633  	-0.1453  	-0.0498  	0.00986  	-0.0121  	-0.0207  	0.01323  	-0.0131  	0.01677  	0.03110  	-0.0417  	-0.0202  	0.05189  	0.02917  	0.01246  	0.20158  	-0.0276  	0.00568  	-0.0014  	0.03522  	0.06434  	0.40137  	267.172  	162.321  	
0.61826  	0.17811  	-0.3096  	0.07851  	0.49243  	-0.5932  	-0.2030  	0.33691  	0.21008  	-0.4995  	-0.2698  	0.70224  	0.13252  	0.01941  	-0.4595  	0.09872  	0.25837  	-0.1692  	0.60489  	-0.0066  	0.09241  	0.92744  	0.13259  	0.48781  	0.16918  	0.06443  	0.41338  	-0.8491  	-0.8258  	-0.0908  	-0.0586  	0.27546  	-0.0196  	-0.1855  	0.68709  	0.09222  	0.53057  	0.18105  	-0.5708  	-0.0783  	0.01010  	0.10694  	-0.1697  	0.22323  	0.07355  	-0.0332  	-0.0005  	-0.0582  	-0.0072  	-0.1633  	-0.1453  	-0.0498  	0.00986  	-0.0121  	-0.0207  	0.01323  	-0.0131  	0.01677  	0.03110  	-0.0417  	-0.0202  	0.05189  	0.02917  	0.01246  	0.20158  	-0.0276  	0.00568  	-0.0014  	0.03522  	0.06434  	0.40137  	267.172  	162.321  	
0.61826  	0.17811  	-0.3096  	0.07851  	0.49243  	-0.5932  	-0.2030  	0.33691  	0.21008  	-0.4995  	-0.2698  	0.70224  	0.13252  	0.01941  	-0.4595  	0.09872  	0.25837  	-0.1692  	0.60489  	-0.0066  	0.09241  	0.92744  	0.13259  	0.48781  	0.16918  	0.06443  	0.41338  	-0.8491  	-0.8258  	-0.0908  	-0.0586  	0.27546  	-0.0196  	-0.1855  	0.68709  	0.09222  	0.53057  	0.18105  	-0.5708  	-0.0783  	0.01010  	0.10694  	-0.1697  	0.22323  	0.07355  	-0.0332  	-0.0005  	-0.0582  	-0.0072  	-0.1633  	-0.1453  	-0.0498  	0.00986  	-0.0121  	-0.0207  	0.01323  	-0.0131  	0.01677  	0.03110  	-0.0417  	-0.0202  	0.05189  	0.02917  	0.01246  	0.20158  	-0.0276  	0.00568  	-0.0014  	0.03522  	0.06434  	0.40137  	267.172  	162.321  	
