-0.5149  	-0.5177  	0.42942  	-0.5721  	0.92617  	-1.2131  	-1.8721  	-0.9582  	0.55800  	-0.9558  	-0.9434  	2.85580  	-0.5908  	-1.4865  	-2.5283  	1.04466  	0.38362  	0.04576  	1.07264  	-0.2681  	-1.3968  	0.87239  	0.73149  	0.82469  	0.22782  	0.43753  	0.79870  	-1.8333  	-0.4163  	-0.6601  	-0.5411  	0.17822  	-0.0832  	-0.1840  	0.41618  	0.62839  	0.85743  	0.47355  	-1.0128  	-0.3530  	0.96758  	0.27041  	0.19791  	0.84734  	-0.0601  	-0.1488  	-0.0945  	0.49870  	0.29115  	-0.0349  	0.08387  	-0.0405  	-0.0127  	0.08153  	0.12302  	-0.0380  	0.05485  	-0.0690  	-0.0676  	-0.0309  	-0.1605  	-0.2016  	0.29186  	-0.0314  	0.10438  	-0.4137  	-0.0561  	0.02400  	0.00541  	0.62820  	0.50885  	265.059  	212.284  	
-0.6587  	-0.4893  	0.27657  	-0.0784  	1.10087  	-0.9928  	-2.0761  	-0.9921  	0.47298  	-1.2034  	-1.1717  	2.9638  	-0.7305  	-1.1237  	-2.4129  	0.82973  	0.52447  	-0.0785  	1.07637  	-0.3688  	-1.2711  	0.92688  	0.88483  	1.09849  	0.19970  	0.47176  	0.90890  	-2.0255  	-0.3501  	-0.5947  	-0.6446  	0.15649  	-0.1599  	-0.2527  	0.47181  	0.59088  	0.86689  	0.45434  	-0.9903  	-0.3326  	0.90122  	0.29949  	0.23348  	0.84044  	-0.0040  	-0.1082  	-0.1089  	0.47260  	0.25147  	-0.0469  	0.08088  	-0.0423  	-0.0177  	0.07270  	0.11573  	-0.0055  	0.06265  	-0.0664  	-0.0528  	-0.0211  	-0.1770  	-0.1988  	0.23702  	-0.0230  	0.10438  	-0.4137  	-0.0561  	0.02400  	0.00541  	0.62820  	0.50885  	265.059  	212.284  	
-0.2477  	-0.3438  	0.37716  	0.35412  	1.44695  	-0.8780  	-1.9573  	-0.7536  	0.62562  	-1.3997  	-1.5818  	3.05326  	-0.3165  	-0.4343  	-1.4651  	0.57408  	0.56063  	-0.1063  	0.97557  	-0.4493  	-1.2181  	0.91455  	0.79093  	0.85401  	0.28745  	0.45001  	0.82988  	-2.0185  	-0.2818  	-0.4839  	-0.5966  	0.01266  	-0.0886  	-0.1164  	0.60945  	0.23821  	0.79525  	0.34754  	-0.9554  	-0.3038  	0.82540  	0.28679  	0.20048  	0.77976  	-0.0450  	-0.1447  	-0.1006  	0.43542  	0.27876  	-0.0263  	0.06197  	-0.0545  	-0.0447  	0.07437  	0.09684  	-0.0041  	0.06073  	-0.0818  	-0.0755  	-0.0382  	-0.2005  	-0.1594  	0.25355  	-0.0157  	0.10438  	-0.4137  	-0.0561  	0.02400  	0.00541  	0.62820  	0.50885  	265.059  	212.284  	
-0.4363  	-0.4362  	0.30924  	0.22131  	1.52795  	-0.9913  	-1.8975  	-0.6732  	0.65930  	-1.4374  	-1.5342  	3.18282  	-0.2786  	-0.3312  	-1.2925  	0.51047  	0.56904  	-0.0947  	0.98506  	-0.4856  	-1.1459  	0.93458  	0.90987  	0.89214  	0.18804  	0.49994  	0.81821  	-2.0489  	-0.2420  	-0.5498  	-0.5599  	-0.0339  	0.04456  	-0.1538  	0.60256  	0.15932  	0.79386  	0.36001  	-0.9814  	-0.3066  	0.73043  	0.33386  	0.13248  	0.79799  	-0.0339  	-0.1117  	-0.0627  	0.43971  	0.25516  	-0.0424  	0.04124  	-0.0556  	-0.0430  	0.07407  	0.11410  	-0.0303  	0.06810  	-0.0665  	-0.0804  	-0.0220  	-0.1769  	-0.1679  	0.25226  	-0.0156  	0.10438  	-0.4137  	-0.0561  	0.02400  	0.00541  	0.62820  	0.50885  	265.059  	212.284  	
-0.8653  	-0.4067  	0.26510  	-0.5884  	1.11990  	-1.1372  	-1.9614  	-0.8744  	0.67009  	-1.2886  	-1.2809  	3.01082  	-0.5327  	-0.9575  	-1.7147  	0.42465  	0.53227  	0.09258  	1.01744  	-0.3945  	-1.1483  	0.90506  	1.14964  	0.80428  	-0.1395  	0.54419  	0.54203  	-2.0833  	-0.4025  	-0.7225  	-0.4902  	-0.0447  	0.06597  	-0.1342  	0.36265  	0.17948  	0.86247  	0.40626  	-1.0317  	-0.3135  	0.97541  	0.23265  	0.17230  	0.83216  	-0.0379  	-0.1185  	-0.0638  	0.42188  	0.24152  	-0.0310  	0.04438  	-0.0322  	-0.0220  	0.07958  	0.10830  	-0.0258  	0.03015  	-0.0674  	-0.0752  	-0.0296  	-0.1647  	-0.1881  	0.22622  	-0.0343  	0.10438  	-0.4137  	-0.0561  	0.02400  	0.00541  	0.62820  	0.50885  	265.059  	212.284  	
-0.8030  	-0.5617  	0.45420  	-0.5664  	0.93518  	-1.1530  	-2.0314  	-0.9111  	0.62377  	-1.2286  	-1.2341  	2.69249  	-0.5753  	-1.2745  	-2.1451  	0.70384  	0.53691  	-0.0021  	1.11685  	-0.3011  	-1.3158  	0.78775  	1.11512  	0.80516  	-0.0114  	0.53966  	0.63379  	-2.1065  	-0.4110  	-0.6303  	-0.4927  	0.06232  	-0.0221  	-0.1581  	0.36644  	0.34215  	0.81067  	0.50044  	-1.0760  	-0.2756  	1.03800  	0.21348  	0.17790  	0.85736  	-0.0930  	-0.1300  	-0.0715  	0.45316  	0.24940  	-0.0191  	0.05925  	-0.0336  	-0.0359  	0.08669  	0.11176  	-0.0072  	0.04524  	-0.0724  	-0.0669  	-0.0352  	-0.1728  	-0.1885  	0.26720  	-0.0481  	0.10438  	-0.4137  	-0.0561  	0.02400  	0.00541  	0.62820  	0.50885  	265.059  	212.284  	
-0.8740  	-0.4996  	0.38791  	-0.4567  	0.99354  	-1.2047  	-2.0052  	-1.0574  	0.56931  	-1.3540  	-1.1391  	2.66414  	-0.6091  	-1.4233  	-2.0987  	0.57321  	0.58902  	-0.0529  	1.08343  	-0.2234  	-1.2294  	0.76699  	1.02479  	0.80491  	0.14544  	0.54039  	0.76095  	-1.9303  	-0.4005  	-0.5898  	-0.5498  	0.09176  	-0.0536  	-0.1302  	0.38471  	0.45754  	0.86377  	0.48653  	-1.0493  	-0.3404  	0.96720  	0.23917  	0.14817  	0.84889  	-0.0598  	-0.1328  	-0.0795  	0.48341  	0.25010  	-0.0446  	0.06355  	-0.0326  	-0.0115  	0.09248  	0.10414  	-0.0099  	0.06596  	-0.0631  	-0.0450  	-0.0296  	-0.1687  	-0.2093  	0.28665  	-0.0470  	0.10438  	-0.4137  	-0.0561  	0.02400  	0.00541  	0.62820  	0.50885  	265.059  	212.284  	
-0.6620  	-0.4872  	0.26174  	0.26694  	1.45491  	-0.9069  	-1.9980  	-0.6571  	0.61622  	-1.5056  	-1.5518  	3.05036  	-0.4241  	-0.8003  	-1.3628  	0.64676  	0.62187  	0.02164  	1.06609  	-0.2874  	-1.2433  	0.78074  	0.87799  	0.88278  	0.17409  	0.53071  	0.73096  	-1.8814  	-0.1565  	-0.4738  	-0.5559  	-0.0403  	0.01904  	-0.1215  	0.44895  	0.23269  	0.66807  	0.39469  	-1.0060  	-0.3165  	0.83116  	0.28985  	0.09439  	0.72309  	-0.0175  	-0.1178  	-0.0703  	0.41194  	0.27305  	-0.0849  	0.05939  	-0.0502  	-0.0465  	0.05965  	0.09898  	-0.0123  	0.07438  	-0.0682  	-0.0623  	-0.0165  	-0.1789  	-0.1830  	0.27031  	-0.0360  	0.10438  	-0.4137  	-0.0561  	0.02400  	0.00541  	0.62820  	0.50885  	265.059  	212.284  	
-0.6625  	-0.3786  	0.34577  	0.21215  	1.39733  	-0.8156  	-2.0263  	-0.6999  	0.66842  	-1.4597  	-1.6253  	3.15694  	-0.3572  	-0.5845  	-1.2535  	0.53026  	0.56300  	0.00699  	0.97707  	-0.2650  	-1.1917  	0.90535  	0.89644  	0.70494  	0.02385  	0.53518  	0.56617  	-1.8527  	-0.1985  	-0.5312  	-0.4479  	-0.0779  	0.05838  	-0.1057  	0.42254  	0.20201  	0.72610  	0.36626  	-0.9399  	-0.3221  	0.85706  	0.25489  	0.13561  	0.76023  	-0.0443  	-0.1260  	-0.0632  	0.45304  	0.23570  	-0.0289  	0.07717  	-0.0573  	-0.0414  	0.07547  	0.09676  	-0.0123  	0.07508  	-0.0657  	-0.0734  	-0.0265  	-0.1667  	-0.1683  	0.25392  	-0.0331  	0.10438  	-0.4137  	-0.0561  	0.02400  	0.00541  	0.62820  	0.50885  	265.059  	212.284  	
-0.4102  	-0.3725  	0.55573  	-0.1938  	1.12243  	-0.6507  	-2.0543  	-0.6242  	0.60569  	-1.4668  	-1.4451  	3.00704  	-0.4726  	-0.9157  	-1.4265  	0.59620  	0.58847  	-0.0645  	1.06959  	-0.4287  	-1.0659  	0.95529  	1.24008  	0.92227  	0.06347  	0.52670  	0.64481  	-2.1220  	-0.4305  	-0.7062  	-0.5068  	-0.0184  	0.02779  	-0.1506  	0.38950  	0.19278  	0.96436  	0.43729  	-1.0559  	-0.3375  	0.99970  	0.25588  	0.20695  	0.86502  	-0.0676  	-0.1269  	-0.0487  	0.48384  	0.23424  	-0.0048  	0.01596  	-0.0466  	-0.0276  	0.07845  	0.09051  	-0.0157  	0.06743  	-0.0587  	-0.0759  	-0.0500  	-0.1732  	-0.1855  	0.22227  	-0.0687  	0.10438  	-0.4137  	-0.0561  	0.02400  	0.00541  	0.62820  	0.50885  	265.059  	212.284  	
-0.3636  	-0.2280  	0.85294  	-0.4252  	1.06765  	-0.9456  	-2.0914  	-0.8636  	0.52613  	-1.1196  	-0.8807  	2.94717  	-0.6829  	-1.2700  	-2.3716  	1.11689  	0.41024  	0.03351  	1.11141  	-0.3548  	-1.1039  	0.92646  	0.92492  	1.07170  	-0.1340  	0.44710  	0.62768  	-2.2511  	-0.4220  	-0.7804  	-0.5391  	0.02551  	-0.0369  	-0.2139  	0.57438  	0.45375  	0.96899  	0.46460  	-1.0700  	-0.3323  	0.97461  	0.27181  	0.19412  	0.82488  	-0.0162  	-0.1174  	-0.0863  	0.47494  	0.26884  	-0.0160  	0.07406  	-0.0418  	0.01074  	0.05447  	0.11125  	-0.0163  	0.06327  	-0.0752  	-0.0651  	-0.0321  	-0.1642  	-0.1919  	0.27200  	-0.0380  	0.10438  	-0.4137  	-0.0561  	0.02400  	0.00541  	0.62820  	0.50885  	265.059  	212.284  	
-0.8356  	-0.4796  	0.64778  	-1.1281  	0.47078  	-1.3142  	-1.9947  	-0.9636  	0.44543  	-0.9614  	-0.7709  	2.69977  	-0.7990  	-1.5667  	-2.9618  	1.02360  	0.38851  	0.28643  	1.03300  	-0.3459  	-1.2683  	0.80197  	0.91981  	0.81041  	-0.0652  	0.51423  	0.51024  	-2.1995  	-0.4071  	-0.8391  	-0.4546  	0.06956  	-0.0696  	-0.1704  	0.32268  	0.56256  	0.90011  	0.47971  	-1.0196  	-0.3300  	1.15667  	0.24118  	0.20349  	0.84087  	-0.0377  	-0.1112  	-0.0747  	0.46038  	0.27109  	-0.0197  	0.05208  	-0.0357  	-0.0068  	0.08704  	0.12643  	-0.0544  	0.03641  	-0.0725  	-0.0952  	-0.0444  	-0.1823  	-0.1841  	0.27427  	-0.0367  	0.10438  	-0.4137  	-0.0561  	0.02400  	0.00541  	0.62820  	0.50885  	265.059  	212.284  	
-2.0609  	-0.7935  	-0.3194  	-1.6194  	0.67312  	-2.1510  	-1.8960  	-1.2286  	0.35741  	-0.8749  	-0.4491  	2.66724  	-0.7777  	-1.5114  	-3.0428  	0.48934  	0.54828  	0.01369  	1.02294  	-0.2942  	-1.4317  	0.84528  	1.12035  	0.88632  	0.01917  	0.55806  	0.41693  	-2.1125  	-0.4081  	-0.7710  	-0.4066  	-0.0695  	-0.0434  	-0.1680  	0.30714  	0.58076  	0.84132  	0.36555  	-1.0991  	-0.4117  	1.12862  	0.31746  	0.08163  	0.73726  	-0.0027  	-0.1261  	-0.0668  	0.40678  	0.22581  	0.03645  	0.04217  	-0.0141  	-0.0538  	0.05961  	0.09909  	-0.0151  	0.01466  	-0.0993  	-0.0736  	-0.0183  	-0.1524  	-0.1109  	0.25488  	-0.0536  	0.10438  	-0.4137  	-0.0561  	0.02400  	0.00541  	0.62820  	0.50885  	265.059  	212.284  	
-2.5491  	-1.0351  	-0.2208  	-2.3505  	0.19414  	-2.5261  	-2.3190  	-1.1161  	0.50252  	-0.7608  	-0.0163  	2.59405  	-0.6917  	-1.4505  	-2.7201  	0.05032  	0.59892  	-0.0558  	1.11358  	-0.3800  	-0.9339  	0.65737  	1.40267  	0.92456  	-0.4687  	0.62852  	0.39947  	-2.2980  	-0.6798  	-0.8667  	-0.2054  	-0.0403  	0.07216  	-0.1899  	0.30404  	0.24903  	1.00702  	0.44905  	-1.2112  	-0.5457  	1.03162  	0.24038  	0.09637  	0.74319  	-0.0035  	-0.1048  	-0.0511  	0.35588  	0.23163  	-0.0072  	-0.0111  	-0.0489  	-0.0350  	0.08106  	0.09644  	-0.0566  	0.01006  	-0.0677  	-0.0760  	-0.0166  	-0.1356  	-0.1212  	0.23338  	-0.0581  	0.10438  	-0.4137  	-0.0561  	0.02400  	0.00541  	0.62820  	0.50885  	265.059  	212.284  	
-2.1930  	-0.7665  	0.01164  	-2.2206  	0.06951  	-2.3054  	-2.1183  	-0.9437  	0.47756  	-0.7049  	-0.0671  	2.55861  	-0.7354  	-1.2504  	-2.7215  	-0.0643  	0.66363  	-0.0425  	1.00012  	-0.4131  	-0.9309  	0.78967  	1.37017  	0.90735  	-0.4587  	0.62069  	0.38557  	-2.4865  	-0.6848  	-0.9580  	-0.2745  	-0.0811  	0.07126  	-0.2357  	0.13619  	0.25812  	1.03301  	0.40215  	-1.0402  	-0.5075  	1.10550  	0.24462  	0.10820  	0.72769  	-0.0194  	-0.0766  	-0.0474  	0.40131  	0.19919  	0.00581  	-0.0040  	-0.0374  	-0.0404  	0.05331  	0.09263  	-0.0806  	0.02914  	-0.0542  	-0.0716  	-0.0478  	-0.1391  	-0.1202  	0.23968  	-0.0411  	0.10438  	-0.4137  	-0.0561  	0.02400  	0.00541  	0.62820  	0.50885  	265.059  	212.284  	
-1.6377  	-0.6530  	0.39893  	-2.0167  	0.10896  	-1.6757  	-2.0814  	-0.8627  	0.53642  	-1.0764  	-0.4802  	2.53043  	-0.6909  	-1.2201  	-2.8330  	0.35725  	0.66576  	-0.0357  	1.15700  	-0.6378  	-0.9341  	0.83089  	1.52441  	1.01673  	-0.3189  	0.61855  	0.65806  	-2.5690  	-0.8070  	-0.8774  	-0.3154  	-0.0311  	0.00781  	-0.2528  	0.20475  	0.14496  	1.05749  	0.48485  	-1.0764  	-0.3933  	1.25298  	0.20101  	0.19924  	0.81191  	-0.0364  	-0.1533  	-0.0548  	0.40800  	0.14689  	0.05090  	0.01785  	-0.0218  	-0.0504  	0.05187  	0.07697  	-0.0474  	0.03430  	-0.0795  	-0.0951  	-0.0347  	-0.1502  	-0.1235  	0.26702  	-0.0325  	0.10438  	-0.4137  	-0.0561  	0.02400  	0.00541  	0.62820  	0.50885  	265.059  	212.284  	
-1.0331  	-0.5040  	0.45193  	-1.1478  	0.59944  	-1.2756  	-2.1345  	-0.7245  	0.66653  	-1.1712  	-1.0424  	2.82280  	-0.5646  	-1.2616  	-2.4247  	0.56969  	0.58635  	0.05667  	1.09705  	-0.4652  	-1.2495  	0.81098  	1.36742  	0.74903  	-0.3731  	0.64320  	0.35986  	-2.1627  	-0.3966  	-0.8666  	-0.3757  	0.00546  	0.06196  	-0.1899  	0.13975  	0.19296  	0.82034  	0.46737  	-0.9797  	-0.2818  	1.25730  	0.21078  	0.32219  	0.82461  	-0.0636  	-0.1246  	-0.0520  	0.48408  	0.23177  	-0.0163  	0.00993  	-0.0449  	-0.0557  	0.07336  	0.09904  	-0.0454  	0.04659  	-0.0827  	-0.0891  	-0.0582  	-0.1492  	-0.1634  	0.26593  	-0.0332  	0.10438  	-0.4137  	-0.0561  	0.02400  	0.00541  	0.62820  	0.50885  	265.059  	212.284  	
-0.7091  	-0.4191  	0.63962  	-0.9443  	0.73770  	-1.2274  	-2.1041  	-0.9276  	0.65938  	-0.9028  	-0.7451  	3.00375  	-0.7164  	-1.4904  	-2.6279  	0.81863  	0.48253  	0.07714  	1.00775  	-0.3159  	-1.1802  	0.72985  	1.12640  	0.70870  	-0.4434  	0.53015  	0.29855  	-2.0335  	-0.4094  	-0.8619  	-0.4321  	0.04554  	0.00668  	-0.1671  	0.34547  	0.38689  	0.92013  	0.42966  	-1.0575  	-0.3070  	1.16871  	0.19307  	0.25107  	0.85109  	-0.0634  	-0.1123  	-0.0559  	0.45663  	0.25032  	-0.0290  	0.05761  	-0.0486  	-0.0121  	0.08151  	0.11616  	-0.0347  	0.04984  	-0.0736  	-0.0721  	-0.0306  	-0.1640  	-0.1680  	0.26135  	-0.0206  	0.10438  	-0.4137  	-0.0561  	0.02400  	0.00541  	0.62820  	0.50885  	265.059  	212.284  	
-0.6604  	-0.5029  	0.69320  	-1.0132  	0.73737  	-1.1079  	-2.0100  	-1.0116  	0.59955  	-0.9628  	-0.6658  	2.77937  	-0.8176  	-1.6304  	-2.8429  	1.17319  	0.42181  	0.19052  	1.00000  	-0.3339  	-1.2932  	0.73073  	0.93772  	0.76808  	-0.2441  	0.49022  	0.43060  	-1.9731  	-0.4175  	-0.8508  	-0.4985  	0.10914  	-0.0162  	-0.1376  	0.49113  	0.52447  	0.89521  	0.43780  	-1.0614  	-0.2932  	1.10979  	0.24491  	0.24712  	0.81269  	-0.0411  	-0.1145  	-0.0807  	0.41747  	0.26698  	-0.0145  	0.07240  	-0.0511  	-0.0149  	0.08800  	0.12454  	-0.0229  	0.05322  	-0.0678  	-0.0744  	-0.0436  	-0.1656  	-0.1710  	0.26569  	-0.0126  	0.10438  	-0.4137  	-0.0561  	0.02400  	0.00541  	0.62820  	0.50885  	265.059  	212.284  	
-0.9983  	-0.5895  	0.40032  	-1.2491  	0.49358  	-1.2053  	-2.0217  	-0.9680  	0.47578  	-1.0743  	-0.6880  	2.58542  	-0.7609  	-1.5508  	-2.6313  	0.77760  	0.44272  	0.08589  	1.05935  	-0.4743  	-1.1252  	0.85044  	1.12237  	0.81997  	-0.1300  	0.51673  	0.58217  	-2.0837  	-0.4392  	-0.8396  	-0.4597  	0.07343  	-0.1148  	-0.1768  	0.41963  	0.50349  	0.99444  	0.46432  	-1.1201  	-0.3307  	1.11322  	0.25526  	0.22322  	0.84076  	-0.0629  	-0.1269  	-0.0687  	0.40283  	0.24042  	0.00426  	0.07549  	-0.0457  	-0.0171  	0.09514  	0.12044  	-0.0356  	0.05138  	-0.0578  	-0.0670  	-0.0271  	-0.1668  	-0.1638  	0.26028  	-0.0223  	0.10438  	-0.4137  	-0.0561  	0.02400  	0.00541  	0.62820  	0.50885  	265.059  	212.284  	
-1.5197  	-0.7200  	0.15482  	-1.4135  	0.34318  	-1.5328  	-2.1398  	-1.2275  	0.45794  	-1.2429  	-0.7113  	2.52830  	-0.9114  	-1.8042  	-2.5304  	0.45730  	0.71331  	-0.0551  	1.09502  	-0.6773  	-1.1031  	0.73311  	1.34173  	0.87475  	-0.1406  	0.57306  	0.60796  	-2.1992  	-0.5873  	-0.8282  	-0.4119  	0.06192  	-0.1620  	-0.1734  	0.32365  	0.39443  	1.10994  	0.48277  	-1.1828  	-0.4538  	1.17130  	0.22300  	0.20203  	0.81902  	-0.0399  	-0.1268  	-0.0624  	0.34863  	0.19025  	0.04706  	0.03986  	-0.0294  	-0.0214  	0.10782  	0.10224  	-0.0296  	0.03393  	-0.0532  	-0.0457  	-0.0430  	-0.1699  	-0.1642  	0.26696  	-0.0430  	0.10438  	-0.4137  	-0.0561  	0.02400  	0.00541  	0.62820  	0.50885  	265.059  	212.284  	
-1.1489  	-0.6351  	0.25411  	-1.0533  	0.58402  	-1.2875  	-2.1566  	-1.0782  	0.53980  	-1.2317  	-0.8454  	2.68021  	-0.7593  	-1.5336  	-2.2848  	0.51238  	0.58029  	-0.0954  	1.03199  	-0.6065  	-1.1076  	0.82628  	1.34901  	0.85024  	-0.2777  	0.56915  	0.54818  	-2.3022  	-0.6411  	-0.8086  	-0.4334  	0.07662  	-0.0752  	-0.1761  	0.42140  	0.32724  	1.10763  	0.46586  	-1.2097  	-0.4013  	1.08422  	0.24762  	0.20908  	0.82184  	-0.0692  	-0.1292  	-0.0542  	0.38402  	0.22214  	-0.0089  	0.02916  	-0.0419  	-0.0272  	0.09748  	0.12219  	-0.0318  	0.04398  	-0.0618  	-0.0739  	-0.0537  	-0.1741  	-0.1647  	0.25411  	-0.0229  	0.10438  	-0.4137  	-0.0561  	0.02400  	0.00541  	0.62820  	0.50885  	265.059  	212.284  	
-0.8345  	-0.5546  	0.59557  	-0.5055  	1.04099  	-1.2522  	-1.9714  	-0.9570  	0.52282  	-0.8587  	-0.8852  	2.93178  	-0.7280  	-1.4987  	-2.6488  	1.14492  	0.41075  	0.11030  	1.08312  	-0.3095  	-1.4294  	0.83416  	0.81780  	0.84250  	0.03211  	0.45605  	0.60017  	-1.9419  	-0.4134  	-0.7223  	-0.5456  	0.10027  	-0.1043  	-0.2104  	0.40222  	0.58549  	0.86893  	0.43574  	-1.0530  	-0.2692  	0.99928  	0.26613  	0.21493  	0.80763  	-0.0386  	-0.1213  	-0.0757  	0.44700  	0.27039  	-0.0245  	0.08992  	-0.0555  	-0.0150  	0.06836  	0.13117  	-0.0258  	0.06447  	-0.0670  	-0.0795  	-0.0242  	-0.1770  	-0.2012  	0.26246  	-0.0213  	0.10438  	-0.4137  	-0.0561  	0.02400  	0.00541  	0.62820  	0.50885  	265.059  	212.284  	
-0.9164  	-0.6815  	0.48658  	-0.5136  	0.97762  	-1.1597  	-2.0863  	-1.0669  	0.47491  	-1.0430  	-0.9291  	2.71679  	-0.7352  	-1.5963  	-2.3498  	0.88646  	0.50135  	-0.0348  	1.12703  	-0.4519  	-1.2685  	0.83150  	1.03319  	0.88596  	0.14942  	0.43378  	0.66348  	-1.9842  	-0.4713  	-0.6717  	-0.5231  	0.12015  	-0.1411  	-0.2221  	0.45614  	0.63039  	0.92957  	0.45237  	-1.0650  	-0.3490  	0.96018  	0.25332  	0.22399  	0.82363  	-0.0612  	-0.1173  	-0.0795  	0.44012  	0.24240  	-0.0063  	0.10179  	-0.0440  	-0.0026  	0.06624  	0.12502  	-0.0119  	0.05419  	-0.0534  	-0.0720  	-0.0111  	-0.1580  	-0.2137  	0.28440  	-0.0220  	0.10438  	-0.4137  	-0.0561  	0.02400  	0.00541  	0.62820  	0.50885  	265.059  	212.284  	
-1.0035  	-0.6317  	0.26357  	-0.8546  	0.71997  	-1.1719  	-2.0967  	-1.2374  	0.44040  	-1.2758  	-0.9580  	2.50826  	-0.8813  	-1.6000  	-2.2923  	0.54469  	0.62261  	-0.1025  	1.06708  	-0.5030  	-1.1118  	0.88215  	1.18375  	0.95480  	0.01877  	0.46309  	0.73172  	-2.2275  	-0.6270  	-0.6926  	-0.5040  	0.14956  	-0.1403  	-0.1739  	0.52237  	0.53896  	1.10244  	0.46005  	-1.1400  	-0.4028  	1.00052  	0.21393  	0.17302  	0.79496  	-0.0188  	-0.1145  	-0.0815  	0.36444  	0.21995  	0.00842  	0.07725  	-0.0246  	-0.0176  	0.08258  	0.11519  	-0.0050  	0.04210  	-0.0432  	-0.0698  	-0.0395  	-0.1676  	-0.2012  	0.26781  	-0.0403  	0.10438  	-0.4137  	-0.0561  	0.02400  	0.00541  	0.62820  	0.50885  	265.059  	212.284  	
-0.7585  	-0.6118  	0.42147  	-0.7350  	0.75218  	-1.1343  	-2.0012  	-1.0418  	0.50046  	-1.2213  	-0.8213  	2.52801  	-0.7430  	-1.4058  	-2.1772  	0.74461  	0.50828  	-0.0366  	1.03080  	-0.4548  	-0.9937  	0.87227  	1.11361  	0.92943  	-0.0897  	0.44847  	0.67544  	-2.2762  	-0.6834  	-0.7687  	-0.4694  	0.14043  	-0.1228  	-0.1585  	0.59249  	0.46463  	1.13527  	0.48734  	-1.2097  	-0.4056  	0.97601  	0.23359  	0.16931  	0.75775  	-0.0284  	-0.1324  	-0.0726  	0.36856  	0.22641  	-0.0194  	0.07347  	-0.0373  	-0.0031  	0.07869  	0.11960  	-0.0103  	0.05718  	-0.0599  	-0.0744  	-0.0290  	-0.1782  	-0.1918  	0.26474  	-0.0332  	0.10438  	-0.4137  	-0.0561  	0.02400  	0.00541  	0.62820  	0.50885  	265.059  	212.284  	
-0.5418  	-0.5683  	0.60217  	-0.6857  	0.96508  	-1.0623  	-1.9345  	-0.9894  	0.61087  	-0.9494  	-0.7368  	2.89368  	-0.6714  	-1.4844  	-2.4460  	1.00270  	0.36269  	0.14019  	1.03101  	-0.2828  	-1.3380  	0.79722  	0.84778  	0.79580  	-0.1006  	0.46007  	0.46793  	-1.9245  	-0.3971  	-0.8150  	-0.5084  	0.08477  	-0.0560  	-0.1427  	0.49583  	0.54147  	0.87696  	0.46814  	-1.0847  	-0.2576  	1.08038  	0.23348  	0.19637  	0.81441  	-0.0569  	-0.1275  	-0.0768  	0.42721  	0.24259  	-0.0160  	0.07621  	-0.0411  	-0.0147  	0.07108  	0.12955  	-0.0188  	0.05712  	-0.0741  	-0.0774  	-0.0262  	-0.1635  	-0.1867  	0.26669  	-0.0243  	0.10438  	-0.4137  	-0.0561  	0.02400  	0.00541  	0.62820  	0.50885  	265.059  	212.284  	
-0.5948  	-0.5629  	0.68717  	-0.6802  	0.96885  	-1.1743  	-2.0391  	-0.8453  	0.49845  	-1.1253  	-0.8375  	2.80245  	-0.4978  	-1.6126  	-2.4028  	0.85363  	0.67631  	-0.4365  	1.23089  	-1.1179  	-1.0855  	0.07849  	0.05180  	0.86251  	-0.3202  	0.76808  	0.60292  	-2.2898  	-0.2406  	-0.8624  	-0.1478  	-0.0211  	-0.3365  	-0.6353  	0.34930  	0.44915  	0.64507  	0.43435  	-1.4442  	-0.5156  	1.27331  	0.67335  	-0.1519  	1.05739  	-0.2223  	-0.0583  	-0.1508  	0.49712  	0.21029  	-0.0432  	0.09316  	-0.0224  	-0.0110  	0.13088  	0.13996  	-0.0268  	0.05113  	-0.1016  	-0.0721  	-0.0096  	-0.1611  	-0.1948  	0.22122  	-0.0270  	0.10438  	-0.4137  	-0.0561  	0.02400  	0.00541  	0.62820  	0.50885  	265.059  	212.284  	
-0.5940  	-0.2954  	1.04361  	-0.3642  	0.93654  	-1.1999  	-2.1302  	-0.4629  	0.43337  	-1.1898  	-1.1303  	3.02887  	-0.3557  	-1.3099  	-1.8396  	0.41658  	1.01522  	-0.8196  	1.42159  	-1.8018  	-0.7940  	-0.3686  	-0.3220  	0.88662  	-0.7179  	1.07415  	0.61850  	-2.8048  	-0.0340  	-1.0591  	0.13357  	-0.2139  	-0.4860  	-1.0629  	0.12665  	0.18668  	0.46613  	0.48852  	-1.7734  	-0.7272  	1.47773  	0.94478  	-0.4275  	1.26572  	-0.3544  	0.02332  	-0.1723  	0.56644  	0.18475  	-0.0875  	0.07263  	-0.0396  	-0.0086  	0.16589  	0.15178  	-0.0373  	0.00177  	-0.1074  	-0.1043  	0.02866  	-0.1203  	-0.1783  	0.13981  	-0.0239  	0.10438  	-0.4137  	-0.0561  	0.02400  	0.00541  	0.62820  	0.50885  	265.059  	212.284  	
-0.3692  	-0.2105  	0.96794  	-0.3016  	0.87902  	-1.1363  	-2.0888  	-0.2839  	0.51281  	-1.2048  	-1.3107  	2.83608  	-0.1396  	-0.8303  	-1.4309  	0.02542  	1.18907  	-1.0296  	1.44557  	-2.0467  	-0.5630  	-0.4631  	-0.3688  	0.85881  	-0.3528  	1.02802  	0.86833  	-2.9797  	-0.0098  	-0.8340  	0.29850  	-0.3356  	-0.5419  	-1.1443  	0.14039  	0.10854  	0.48021  	0.43439  	-1.8445  	-0.9033  	1.38665  	1.03543  	-0.4882  	1.28871  	-0.4097  	0.02673  	-0.2123  	0.61000  	0.16988  	-0.0553  	0.09501  	-0.0044  	-0.0252  	0.17570  	0.16065  	0.00342  	-0.0065  	-0.1416  	-0.0791  	0.03119  	-0.1022  	-0.1506  	0.16325  	-0.0410  	0.10438  	-0.4137  	-0.0561  	0.02400  	0.00541  	0.62820  	0.50885  	265.059  	212.284  	
-0.9804  	-0.3274  	0.51487  	-0.9323  	0.77671  	-1.5304  	-2.1948  	-0.4460  	0.57024  	-1.3654  	-0.8962  	2.73221  	-0.2134  	-1.2427  	-1.7837  	-0.1317  	1.09781  	-0.9499  	1.40583  	-1.9015  	-0.4865  	-0.4729  	-0.1481  	1.08221  	-0.5527  	1.06408  	0.66729  	-2.9533  	-0.2255  	-1.0093  	0.21642  	-0.2647  	-0.4955  	-1.0402  	0.15190  	-0.0353  	0.59786  	0.46627  	-1.7210  	-0.7256  	1.37762  	0.91135  	-0.4555  	1.20053  	-0.3863  	-0.0006  	-0.2058  	0.56552  	0.13654  	-0.0750  	0.06337  	-0.0232  	-0.0483  	0.18399  	0.13940  	-0.0469  	0.00201  	-0.1454  	-0.0713  	0.01010  	-0.1305  	-0.1601  	0.16311  	-0.0376  	0.10438  	-0.4137  	-0.0561  	0.02400  	0.00541  	0.62820  	0.50885  	265.059  	212.284  	
-1.6487  	-0.6371  	0.35993  	-1.7799  	0.30037  	-1.6283  	-2.1796  	-0.9614  	0.46594  	-1.2394  	-0.6888  	2.42753  	-0.6416  	-1.9264  	-2.5439  	0.06046  	0.87155  	-0.4413  	1.33742  	-1.3044  	-0.8303  	0.02650  	0.57248  	0.79692  	-0.4515  	0.89061  	0.50921  	-2.5128  	-0.2657  	-0.9809  	-0.0550  	-0.1045  	-0.3074  	-0.6842  	-0.0404  	0.24866  	0.73892  	0.47165  	-1.4703  	-0.6666  	1.39234  	0.62878  	-0.1693  	1.05030  	-0.1944  	-0.0595  	-0.1418  	0.43912  	0.14296  	-0.0463  	0.02817  	-0.0160  	-0.0226  	0.13467  	0.11095  	-0.0563  	0.03944  	-0.0951  	-0.0670  	-0.0255  	-0.1326  	-0.1671  	0.19202  	-0.0272  	0.10438  	-0.4137  	-0.0561  	0.02400  	0.00541  	0.62820  	0.50885  	265.059  	212.284  	
-1.6671  	-0.7170  	0.11710  	-1.6003  	0.31222  	-1.5409  	-2.0215  	-1.1522  	0.55624  	-1.1751  	-0.7344  	2.53883  	-0.8614  	-1.8438  	-2.7385  	0.36497  	0.58145  	0.04399  	1.01753  	-0.5146  	-1.3784  	0.81894  	1.48874  	0.67393  	-0.2683  	0.66016  	0.35651  	-1.9465  	-0.2897  	-0.8462  	-0.3154  	-0.0318  	-0.0790  	-0.1669  	0.02409  	0.36023  	0.83934  	0.43655  	-1.0761  	-0.3916  	1.28750  	0.20099  	0.27393  	0.90077  	-0.0345  	-0.1219  	-0.0560  	0.41013  	0.21768  	-0.0043  	0.03556  	-0.0356  	-0.0372  	0.08488  	0.10876  	-0.0414  	0.03525  	-0.0698  	-0.0743  	-0.0416  	-0.1529  	-0.1455  	0.24399  	-0.0152  	0.10438  	-0.4137  	-0.0561  	0.02400  	0.00541  	0.62820  	0.50885  	265.059  	212.284  	
-0.9554  	-0.6803  	0.27466  	-0.7252  	0.78516  	-1.3664  	-2.0177  	-1.0709  	0.50381  	-1.0501  	-0.9886  	2.94914  	-0.6739  	-1.6356  	-2.5910  	0.72427  	0.54377  	0.09068  	0.96599  	-0.3431  	-1.4690  	0.74765  	1.06892  	0.76367  	-0.1889  	0.58314  	0.49327  	-1.8726  	-0.4438  	-0.7846  	-0.4098  	0.04628  	-0.0811  	-0.1812  	0.26362  	0.44368  	0.80293  	0.39466  	-1.1013  	-0.3043  	1.08195  	0.17969  	0.20496  	0.85301  	-0.0704  	-0.1123  	-0.0590  	0.42304  	0.23297  	-0.0018  	0.04757  	-0.0338  	-0.0209  	0.08726  	0.11850  	-0.0406  	0.05552  	-0.0658  	-0.0799  	-0.0645  	-0.1700  	-0.1638  	0.24994  	-0.0275  	0.10438  	-0.4137  	-0.0561  	0.02400  	0.00541  	0.62820  	0.50885  	265.059  	212.284  	
-0.7128  	-0.4941  	0.57211  	-0.5114  	1.10677  	-1.3907  	-1.9056  	-0.9697  	0.54680  	-0.8030  	-0.9074  	2.98890  	-0.6450  	-1.5249  	-2.6696  	1.07747  	0.37610  	0.21302  	0.97885  	-0.1740  	-1.6171  	0.80782  	0.75122  	0.73715  	-0.0378  	0.52281  	0.43671  	-1.7499  	-0.2653  	-0.8067  	-0.5067  	0.06603  	-0.0499  	-0.1757  	0.28321  	0.58917  	0.66095  	0.43761  	-0.9583  	-0.2658  	1.08786  	0.23431  	0.26367  	0.84860  	-0.0549  	-0.1357  	-0.0570  	0.48328  	0.26306  	-0.0291  	0.06140  	-0.0475  	-0.0145  	0.06948  	0.13029  	-0.0530  	0.06723  	-0.0692  	-0.0763  	-0.0400  	-0.1772  	-0.1805  	0.26262  	-0.0163  	0.10438  	-0.4137  	-0.0561  	0.02400  	0.00541  	0.62820  	0.50885  	265.059  	212.284  	
-0.6783  	-0.5434  	0.56719  	-0.4716  	1.15407  	-1.2902  	-1.8693  	-1.0768  	0.55597  	-0.8676  	-1.0777  	2.85488  	-0.6437  	-1.5201  	-2.6084  	1.11517  	0.36834  	0.17329  	1.03645  	-0.3108  	-1.6586  	0.89034  	0.71554  	0.74616  	0.16475  	0.47429  	0.61594  	-1.7569  	-0.1548  	-0.6449  	-0.5317  	0.13057  	-0.1186  	-0.1345  	0.31086  	0.69258  	0.67185  	0.45748  	-0.9697  	-0.2382  	1.08540  	0.26536  	0.26256  	0.85356  	-0.0534  	-0.1230  	-0.0933  	0.48910  	0.27803  	-0.0522  	0.09409  	-0.0357  	0.00188  	0.08583  	0.13348  	-0.0405  	0.04932  	-0.0775  	-0.0481  	-0.0322  	-0.1737  	-0.1999  	0.25629  	-0.0359  	0.10438  	-0.4137  	-0.0561  	0.02400  	0.00541  	0.62820  	0.50885  	265.059  	212.284  	
-0.9793  	-0.4821  	0.33298  	-0.6532  	0.96016  	-1.2061  	-1.8955  	-1.0894  	0.47612  	-1.1625  	-1.1815  	2.71935  	-0.7319  	-1.4222  	-2.4369  	0.70004  	0.56258  	0.07165  	1.00520  	-0.3362  	-1.5836  	0.83142  	0.88864  	0.76347  	0.19457  	0.45688  	0.53641  	-1.8279  	-0.1463  	-0.6307  	-0.5304  	0.07463  	-0.1490  	-0.1314  	0.26442  	0.64613  	0.71236  	0.44944  	-0.9497  	-0.3327  	1.10284  	0.20442  	0.21919  	0.83061  	-0.0527  	-0.1226  	-0.0932  	0.43864  	0.25864  	-0.0206  	0.08006  	-0.0326  	-0.0137  	0.09088  	0.13322  	-0.0368  	0.06140  	-0.0579  	-0.0556  	-0.0483  	-0.1704  	-0.1748  	0.28111  	-0.0373  	0.10438  	-0.4137  	-0.0561  	0.02400  	0.00541  	0.62820  	0.50885  	265.059  	212.284  	
-1.1310  	-0.5958  	0.31512  	-0.7972  	0.80680  	-1.1651  	-1.9695  	-1.1083  	0.52128  	-1.3982  	-1.0920  	2.52976  	-0.7489  	-1.5334  	-2.2396  	0.54556  	0.65581  	0.00079  	1.05000  	-0.3970  	-1.2860  	0.69853  	1.12315  	0.91646  	0.10732  	0.51418  	0.69525  	-1.9403  	-0.4035  	-0.7146  	-0.5268  	0.10454  	-0.1591  	-0.1864  	0.36529  	0.49375  	0.94837  	0.48935  	-1.0909  	-0.3992  	1.08469  	0.19806  	0.18595  	0.84775  	-0.0621  	-0.1348  	-0.0939  	0.39838  	0.21975  	-0.0494  	0.07680  	-0.0211  	-0.0106  	0.08602  	0.11511  	-0.0261  	0.06579  	-0.0670  	-0.0541  	-0.0465  	-0.1769  	-0.1848  	0.28369  	-0.0263  	0.10438  	-0.4137  	-0.0561  	0.02400  	0.00541  	0.62820  	0.50885  	265.059  	212.284  	
-0.8852  	-0.5152  	0.40945  	-0.1938  	1.06753  	-1.0244  	-2.0708  	-1.0553  	0.47186  	-1.5450  	-1.2896  	2.71396  	-0.6229  	-1.3930  	-1.8960  	0.51972  	0.64819  	-0.1547  	1.08371  	-0.4370  	-1.1680  	0.77385  	1.13684  	0.95598  	0.15543  	0.49595  	0.96286  	-2.0448  	-0.4085  	-0.5742  	-0.5987  	0.11591  	-0.1168  	-0.1545  	0.43273  	0.42463  	0.93349  	0.49281  	-1.1389  	-0.3955  	0.87406  	0.31485  	0.13803  	0.82667  	-0.0324  	-0.1278  	-0.1039  	0.48312  	0.24002  	-0.0642  	0.04633  	-0.0452  	-0.0104  	0.05848  	0.09409  	-0.0168  	0.09125  	-0.0664  	-0.0398  	-0.0356  	-0.1729  	-0.1992  	0.27703  	-0.0224  	0.10438  	-0.4137  	-0.0561  	0.02400  	0.00541  	0.62820  	0.50885  	265.059  	212.284  	
-0.3644  	-0.3125  	0.50991  	0.35113  	1.37343  	-0.6968  	-2.0302  	-0.7181  	0.56036  	-1.5881  	-1.9416  	2.70454  	-0.4762  	-0.8364  	-1.0425  	0.46132  	0.69948  	-0.2021  	1.09756  	-0.6594  	-1.1115  	0.97639  	1.18389  	0.96438  	0.31251  	0.47006  	1.05619  	-2.1988  	-0.2688  	-0.4710  	-0.6162  	0.10610  	-0.0922  	-0.1648  	0.53379  	0.23873  	0.78948  	0.46564  	-1.0352  	-0.2050  	0.81376  	0.25916  	0.20105  	0.87024  	-0.0870  	-0.1206  	-0.0620  	0.48047  	0.27325  	-0.0838  	0.05502  	-0.0233  	-0.0121  	0.09760  	0.07787  	-0.0116  	0.03061  	-0.0895  	-0.0397  	0.01242  	-0.1645  	-0.2110  	0.26314  	-0.0746  	0.10438  	-0.4137  	-0.0561  	0.02400  	0.00541  	0.62820  	0.50885  	265.059  	212.284  	
-0.2930  	-0.3147  	0.62029  	0.14737  	1.24883  	-0.5126  	-2.0199  	-0.6338  	0.64618  	-1.5136  	-1.6221  	2.78457  	-0.4960  	-0.8170  	-1.1808  	0.53949  	0.57892  	-0.2260  	1.01520  	-0.5693  	-0.9414  	1.04161  	1.18383  	0.97136  	0.18374  	0.44582  	0.88854  	-2.2908  	-0.4368  	-0.6214  	-0.5060  	0.08206  	0.00413  	-0.1196  	0.56145  	0.25633  	1.00082  	0.42544  	-1.0268  	-0.2884  	0.90360  	0.24144  	0.20116  	0.90381  	-0.0807  	-0.1431  	-0.0840  	0.45022  	0.24960  	-0.0172  	0.03100  	-0.0514  	-0.0204  	0.09339  	0.08611  	0.00760  	0.04062  	-0.0828  	-0.0510  	-0.0244  	-0.1539  	-0.1844  	0.23810  	-0.0617  	0.10438  	-0.4137  	-0.0561  	0.02400  	0.00541  	0.62820  	0.50885  	265.059  	212.284  	
-0.2034  	-0.3200  	0.84307  	-0.3325  	1.05561  	-0.7960  	-2.0104  	-0.7356  	0.54090  	-1.2181  	-0.8289  	3.03111  	-0.6025  	-0.9800  	-2.1336  	0.95723  	0.39319  	0.07857  	1.11929  	-0.3585  	-1.1115  	0.94877  	0.88472  	0.93353  	-0.1213  	0.36237  	0.53778  	-2.2170  	-0.3825  	-0.7993  	-0.5597  	0.02025  	0.01340  	-0.2279  	0.62483  	0.38583  	0.98699  	0.44013  	-1.1199  	-0.2960  	1.12892  	0.24453  	0.20840  	0.81002  	-0.0592  	-0.1202  	-0.1016  	0.47582  	0.24755  	0.00338  	0.07041  	-0.0454  	-0.0028  	0.07629  	0.11313  	0.00791  	0.06125  	-0.0794  	-0.0808  	-0.0092  	-0.1501  	-0.1819  	0.23451  	-0.0475  	0.10438  	-0.4137  	-0.0561  	0.02400  	0.00541  	0.62820  	0.50885  	265.059  	212.284  	
-1.1743  	-0.6172  	0.28311  	-1.1869  	0.50368  	-1.3732  	-2.0132  	-1.0122  	0.49464  	-0.9374  	-0.8343  	2.64127  	-0.6958  	-1.4247  	-2.7821  	0.69050  	0.43859  	0.11867  	1.05711  	-0.3561  	-1.3603  	0.79735  	0.95896  	0.81388  	0.01263  	0.50451  	0.52745  	-1.9895  	-0.2261  	-0.8582  	-0.4324  	0.01783  	-0.0455  	-0.2144  	0.31549  	0.59363  	0.74809  	0.41126  	-1.0156  	-0.2419  	1.17013  	0.22429  	0.24611  	0.82893  	-0.0479  	-0.1264  	-0.0496  	0.42950  	0.21764  	0.00036  	0.09166  	-0.0327  	-0.0071  	0.09006  	0.11090  	-0.0458  	0.05027  	-0.0571  	-0.0582  	-0.0065  	-0.1643  	-0.1761  	0.26557  	-0.0172  	0.10438  	-0.4137  	-0.0561  	0.02400  	0.00541  	0.62820  	0.50885  	265.059  	212.284  	
-1.8003  	-0.6587  	0.13364  	-1.7321  	0.11841  	-1.6184  	-2.1007  	-1.1844  	0.51009  	-1.0545  	-0.7028  	2.45709  	-0.9418  	-1.6384  	-2.5289  	0.23911  	0.64749  	-0.0621  	1.07624  	-0.6694  	-1.0779  	0.68839  	1.39994  	0.76106  	-0.1620  	0.61231  	0.65902  	-2.3826  	-0.6001  	-0.8725  	-0.3396  	0.06855  	-0.1123  	-0.1836  	0.25341  	0.36983  	1.03927  	0.49015  	-1.1386  	-0.4780  	1.22550  	0.21091  	0.22423  	0.83774  	-0.0178  	-0.1203  	-0.0841  	0.36617  	0.13343  	0.02634  	0.00495  	-0.0218  	-0.0042  	0.10141  	0.10859  	-0.0404  	0.01694  	-0.0696  	-0.0515  	-0.0251  	-0.1552  	-0.1601  	0.27379  	-0.0188  	0.10438  	-0.4137  	-0.0561  	0.02400  	0.00541  	0.62820  	0.50885  	265.059  	212.284  	
-1.3935  	-0.6088  	0.26705  	-1.5729  	0.33190  	-1.4742  	-2.1519  	-1.0225  	0.54478  	-1.2771  	-0.8085  	2.58067  	-0.8876  	-1.6085  	-2.3991  	0.36985  	0.64278  	-0.0570  	1.04105  	-0.7466  	-1.1564  	0.87967  	1.67965  	0.76002  	-0.4010  	0.68064  	0.50973  	-2.3043  	-0.6147  	-0.9305  	-0.3465  	0.04494  	-0.0797  	-0.1753  	0.21183  	0.25190  	1.02853  	0.56571  	-1.1348  	-0.4420  	1.28568  	0.20749  	0.24000  	0.85926  	-0.0704  	-0.1208  	-0.0707  	0.40981  	0.18585  	0.01092  	0.00726  	-0.0283  	-0.0211  	0.07740  	0.10905  	-0.0512  	0.01956  	-0.0668  	-0.0579  	-0.0432  	-0.1546  	-0.1314  	0.25820  	-0.0262  	0.10438  	-0.4137  	-0.0561  	0.02400  	0.00541  	0.62820  	0.50885  	265.059  	212.284  	
-1.2222  	-0.5381  	0.32848  	-1.1619  	0.51860  	-1.3515  	-2.0394  	-0.9901  	0.67113  	-1.1955  	-0.9384  	2.83800  	-0.6556  	-1.2183  	-2.3771  	0.35054  	0.61434  	0.05302  	1.00364  	-0.5322  	-1.3428  	0.87693  	1.48029  	0.68561  	-0.4678  	0.67248  	0.19362  	-1.9786  	-0.3329  	-0.9391  	-0.3091  	-0.0462  	0.08888  	-0.1585  	0.06103  	0.20940  	0.82835  	0.48414  	-1.0516  	-0.3551  	1.26383  	0.14009  	0.31994  	0.85957  	-0.0984  	-0.1422  	-0.0578  	0.45284  	0.20904  	-0.0002  	-0.0006  	-0.0291  	-0.0318  	0.08321  	0.10320  	-0.0567  	0.00920  	-0.0898  	-0.0784  	-0.0498  	-0.1561  	-0.1308  	0.26329  	-0.0199  	0.10438  	-0.4137  	-0.0561  	0.02400  	0.00541  	0.62820  	0.50885  	265.059  	212.284  	
-0.7460  	-0.4186  	0.45190  	-0.6274  	0.87880  	-1.1763  	-2.0094  	-0.8455  	0.75543  	-1.1094  	-1.1869  	3.06382  	-0.3573  	-0.9585  	-2.0091  	0.57675  	0.48487  	0.09173  	0.98858  	-0.2735  	-1.4094  	0.89157  	1.16561  	0.56008  	-0.3786  	0.63560  	0.02452  	-1.8645  	-0.3083  	-0.8963  	-0.2777  	-0.0607  	0.15987  	-0.0956  	0.19770  	0.18758  	0.67069  	0.41889  	-0.9413  	-0.3185  	1.28776  	0.13927  	0.31185  	0.84735  	-0.0875  	-0.1147  	-0.0254  	0.48434  	0.23966  	0.01401  	0.01675  	-0.0373  	-0.0257  	0.08049  	0.10503  	-0.0464  	0.00367  	-0.0797  	-0.0924  	-0.0612  	-0.1440  	-0.1216  	0.25135  	-0.0188  	0.10438  	-0.4137  	-0.0561  	0.02400  	0.00541  	0.62820  	0.50885  	265.059  	212.284  	
-1.2237  	-0.5860  	-0.0244  	-0.7548  	0.97521  	-1.7371  	-1.9118  	-0.7651  	0.69910  	-1.0361  	-0.6653  	2.95502  	-0.3854  	-0.6226  	-2.2535  	0.48045  	0.32152  	0.08494  	0.92657  	-0.1785  	-1.2151  	0.94516  	0.85897  	0.94734  	-0.4243  	0.61162  	0.18432  	-2.0218  	-0.3519  	-0.8438  	-0.4079  	-0.0811  	0.06925  	-0.1183  	0.44817  	0.20597  	0.67655  	0.35474  	-1.0234  	-0.3397  	1.02616  	0.23158  	0.19402  	0.75257  	-0.0548  	-0.1306  	-0.0611  	0.43428  	0.25952  	0.03501  	0.03577  	-0.0414  	-0.0329  	0.07582  	0.11063  	-0.0439  	0.05377  	-0.0657  	-0.0634  	-0.0152  	-0.1608  	-0.1592  	0.23937  	-0.0214  	0.10438  	-0.4137  	-0.0561  	0.02400  	0.00541  	0.62820  	0.50885  	265.059  	212.284  	
-2.1328  	-0.7370  	-0.3035  	-1.2843  	0.84383  	-2.1007  	-1.9471  	-0.8348  	0.60344  	-0.9465  	-0.4489  	3.06081  	-0.5934  	-0.9731  	-2.5613  	0.19703  	0.43624  	0.15452  	0.98109  	-0.0337  	-1.2670  	0.82451  	1.04133  	0.81745  	-0.6891  	0.65619  	0.03908  	-1.7088  	-0.3299  	-0.9426  	-0.2905  	-0.1707  	0.17844  	-0.0966  	0.30800  	0.16717  	0.60091  	0.31222  	-0.9797  	-0.3371  	1.00597  	0.28471  	0.10871  	0.74749  	-0.0440  	-0.1341  	-0.0105  	0.45807  	0.23772  	0.01916  	0.01321  	-0.0437  	-0.0359  	0.07335  	0.10020  	-0.0516  	0.03540  	-0.0709  	-0.0922  	-0.0302  	-0.1574  	-0.1520  	0.20623  	-0.0511  	0.10438  	-0.4137  	-0.0561  	0.02400  	0.00541  	0.62820  	0.50885  	265.059  	212.284  	
-2.1156  	-0.7496  	-0.1965  	-1.4407  	0.73744  	-2.3883  	-2.0293  	-0.7098  	0.60203  	-0.8224  	-0.2049  	2.96455  	-0.6270  	-0.8666  	-2.5472  	0.12394  	0.47613  	-0.0169  	1.11432  	-0.1923  	-1.0398  	0.77899  	1.13046  	0.92361  	-0.7062  	0.63987  	0.17467  	-2.0482  	-0.5157  	-0.9617  	-0.3152  	-0.1201  	0.12784  	-0.1230  	0.37505  	0.04882  	0.80116  	0.37639  	-1.0212  	-0.3907  	1.09339  	0.29707  	0.07468  	0.71949  	-0.0521  	-0.1110  	-0.0546  	0.44807  	0.20271  	0.00547  	-0.0009  	-0.0363  	-0.0319  	0.06184  	0.07950  	-0.0487  	0.01803  	-0.0744  	-0.0594  	-0.0202  	-0.1318  	-0.1328  	0.20979  	-0.0611  	0.10438  	-0.4137  	-0.0561  	0.02400  	0.00541  	0.62820  	0.50885  	265.059  	212.284  	
-1.5735  	-0.6747  	0.14770  	-1.7318  	0.33833  	-2.0503  	-2.1686  	-0.6056  	0.61509  	-0.7706  	-0.4687  	2.75569  	-0.5456  	-0.8975  	-2.6394  	0.03829  	0.59826  	0.05342  	1.10457  	-0.4972  	-1.0395  	0.89435  	1.34877  	0.90301  	-0.3977  	0.63644  	0.36813  	-2.2827  	-0.6524  	-0.8848  	-0.2045  	-0.1376  	0.02803  	-0.2101  	0.19610  	0.14516  	0.83667  	0.44342  	-0.9556  	-0.4025  	1.15112  	0.23369  	0.19033  	0.74829  	-0.0864  	-0.1233  	-0.0751  	0.44874  	0.23730  	-0.0485  	-0.0054  	-0.0411  	-0.0395  	0.06806  	0.08400  	-0.0589  	0.02523  	-0.0860  	-0.0578  	-0.0439  	-0.1463  	-0.1414  	0.23894  	-0.0315  	0.10438  	-0.4137  	-0.0561  	0.02400  	0.00541  	0.62820  	0.50885  	265.059  	212.284  	
-1.6797  	-0.6258  	0.32394  	-2.2034  	0.04489  	-1.8104  	-2.0067  	-0.8973  	0.61139  	-0.7660  	-0.6528  	2.47071  	-0.6953  	-1.2929  	-2.9590  	0.05542  	0.58504  	0.06293  	1.15376  	-0.4327  	-1.1900  	0.84130  	1.48736  	0.69096  	-0.3361  	0.63285  	0.31010  	-2.1739  	-0.3753  	-0.8698  	-0.2182  	-0.0780  	0.00278  	-0.1844  	-0.0795  	0.17515  	0.82492  	0.45864  	-0.9484  	-0.3832  	1.27695  	0.15398  	0.33530  	0.88278  	-0.0262  	-0.1621  	-0.0619  	0.44255  	0.24111  	-0.0099  	-0.0099  	-0.0563  	-0.0457  	0.08140  	0.08817  	-0.0714  	0.03644  	-0.0758  	-0.1111  	-0.0294  	-0.1337  	-0.1349  	0.28065  	-0.0213  	0.10438  	-0.4137  	-0.0561  	0.02400  	0.00541  	0.62820  	0.50885  	265.059  	212.284  	
-1.5981  	-0.4952  	0.29397  	-1.9043  	0.09354  	-1.6543  	-2.1650  	-0.9838  	0.65419  	-0.9765  	-0.7384  	2.50889  	-0.7907  	-1.6293  	-2.7038  	0.20832  	0.69117  	-0.0369  	1.14431  	-0.6085  	-1.1629  	0.91850  	1.63803  	0.66791  	-0.4096  	0.68055  	0.45723  	-2.2787  	-0.4328  	-0.9119  	-0.3159  	-0.0408  	-0.0287  	-0.1819  	-0.0988  	0.16471  	0.95028  	0.48414  	-1.0221  	-0.4012  	1.37384  	0.14726  	0.33011  	0.88343  	-0.0625  	-0.1448  	-0.0571  	0.47260  	0.21473  	-0.0150  	-0.0015  	-0.0301  	-0.0429  	0.10374  	0.09760  	-0.0615  	0.03088  	-0.0818  	-0.0768  	-0.0229  	-0.1445  	-0.1385  	0.25652  	-0.0092  	0.10438  	-0.4137  	-0.0561  	0.02400  	0.00541  	0.62820  	0.50885  	265.059  	212.284  	
-1.4819  	-0.5683  	0.26219  	-1.5695  	0.30492  	-1.5216  	-2.1307  	-1.0301  	0.62337  	-1.1611  	-0.7716  	2.72318  	-0.8294  	-1.6536  	-2.6819  	0.36593  	0.62023  	-0.0208  	1.05165  	-0.5766  	-1.2649  	0.84317  	1.60577  	0.72792  	-0.4018  	0.67692  	0.34370  	-2.1084  	-0.4417  	-0.8865  	-0.3124  	-0.0213  	-0.0233  	-0.1611  	-0.0094  	0.25864  	0.94167  	0.47898  	-1.0566  	-0.4261  	1.32735  	0.15344  	0.30655  	0.89591  	-0.0733  	-0.1316  	-0.0511  	0.44298  	0.21356  	0.01471  	0.00015  	-0.0462  	-0.0285  	0.08187  	0.10455  	-0.0723  	0.02744  	-0.0542  	-0.0846  	-0.0454  	-0.1563  	-0.1319  	0.27133  	-0.0153  	0.10438  	-0.4137  	-0.0561  	0.02400  	0.00541  	0.62820  	0.50885  	265.059  	212.284  	
-1.5368  	-0.5275  	0.31483  	-1.5116  	0.40140  	-1.5099  	-2.0585  	-1.1047  	0.60631  	-0.9612  	-0.8639  	2.78925  	-0.6780  	-1.4149  	-2.8166  	0.37648  	0.57466  	0.01283  	1.01867  	-0.4643  	-1.5143  	0.88366  	1.52612  	0.59940  	-0.5592  	0.71790  	0.12353  	-1.9074  	-0.2678  	-0.9475  	-0.2800  	-0.0513  	0.03147  	-0.1445  	-0.0577  	0.28854  	0.75232  	0.43754  	-0.9985  	-0.3369  	1.39176  	0.09892  	0.38710  	0.89342  	-0.0803  	-0.1393  	-0.0538  	0.48517  	0.23360  	-0.0033  	0.01086  	-0.0558  	-0.0418  	0.06876  	0.11690  	-0.0789  	0.01968  	-0.0672  	-0.0844  	-0.0650  	-0.1484  	-0.1218  	0.26129  	-0.0223  	0.10438  	-0.4137  	-0.0561  	0.02400  	0.00541  	0.62820  	0.50885  	265.059  	212.284  	
-1.8661  	-0.6594  	0.13484  	-1.7627  	0.37448  	-1.8367  	-2.0164  	-1.1689  	0.54498  	-0.7558  	-0.7355  	2.62176  	-0.5975  	-1.3429  	-2.9322  	0.35122  	0.49583  	0.14568  	1.02736  	-0.3881  	-1.5450  	0.71619  	1.24939  	0.63365  	-0.4022  	0.60771  	0.15301  	-1.8734  	-0.3304  	-0.8820  	-0.2293  	0.01122  	0.03935  	-0.1192  	0.10082  	0.42082  	0.60584  	0.34042  	-0.9737  	-0.3854  	1.33908  	0.14873  	0.32321  	0.84261  	-0.0538  	-0.1204  	-0.0451  	0.48123  	0.26238  	0.00583  	0.04712  	-0.0569  	-0.0329  	0.07373  	0.12179  	-0.0481  	0.03819  	-0.0505  	-0.0611  	-0.0516  	-0.1471  	-0.1306  	0.26460  	-0.0071  	0.10438  	-0.4137  	-0.0561  	0.02400  	0.00541  	0.62820  	0.50885  	265.059  	212.284  	
-2.4049  	-0.8552  	-0.2711  	-2.0118  	0.32394  	-2.3824  	-2.0688  	-1.2260  	0.41932  	-0.6816  	-0.2986  	2.65832  	-0.6539  	-1.3169  	-2.9227  	0.12590  	0.41713  	0.11929  	1.00459  	-0.3148  	-1.3876  	0.79471  	1.17202  	0.75674  	-0.3820  	0.64097  	0.13343  	-1.9996  	-0.3993  	-0.8908  	-0.2486  	-0.1222  	0.01438  	-0.1250  	0.22970  	0.42764  	0.64177  	0.35251  	-0.9927  	-0.3904  	1.16553  	0.25337  	0.19340  	0.74002  	-0.0350  	-0.1351  	-0.0722  	0.42362  	0.21548  	0.01327  	0.00948  	-0.0319  	-0.0301  	0.06871  	0.09894  	-0.0473  	0.03276  	-0.0725  	-0.0734  	-0.0377  	-0.1438  	-0.1362  	0.26783  	-0.0350  	0.10438  	-0.4137  	-0.0561  	0.02400  	0.00541  	0.62820  	0.50885  	265.059  	212.284  	
-2.3290  	-0.7698  	-0.1819  	-2.1690  	0.30372  	-2.5096  	-1.9653  	-1.1715  	0.41424  	-0.6485  	-0.1375  	2.54695  	-0.7376  	-1.3529  	-2.8931  	0.06566  	0.46667  	0.10728  	0.92704  	-0.3852  	-1.3149  	0.93448  	1.20496  	0.83017  	-0.4372  	0.62548  	0.19508  	-2.1579  	-0.4657  	-0.9199  	-0.2912  	-0.0904  	0.10697  	-0.1725  	0.10531  	0.37663  	0.80122  	0.37513  	-1.0251  	-0.3759  	1.16972  	0.25970  	0.14796  	0.74837  	-0.0329  	-0.1206  	-0.0490  	0.42739  	0.20825  	0.03145  	0.00519  	-0.0418  	-0.0267  	0.07432  	0.10766  	-0.0856  	0.03281  	-0.0652  	-0.0670  	-0.0360  	-0.1418  	-0.1032  	0.23792  	-0.0347  	0.10438  	-0.4137  	-0.0561  	0.02400  	0.00541  	0.62820  	0.50885  	265.059  	212.284  	
-1.9167  	-0.6757  	0.28984  	-2.1824  	0.17694  	-2.3076  	-1.9902  	-0.9534  	0.57649  	-0.7710  	-0.5510  	2.41105  	-0.7044  	-1.2352  	-2.8644  	0.10991  	0.59247  	-0.0968  	1.08228  	-0.5261  	-1.0451  	0.91373  	1.44548  	0.98584  	-0.3659  	0.67011  	0.64983  	-2.5032  	-0.6317  	-0.9008  	-0.3059  	-0.1166  	-0.0285  	-0.1925  	0.16319  	0.22515  	0.96379  	0.42664  	-1.1095  	-0.3783  	1.27339  	0.22957  	0.18261  	0.82213  	-0.0300  	-0.1398  	-0.0481  	0.44423  	0.20114  	-0.0034  	-0.0136  	-0.0332  	-0.0454  	0.10594  	0.06998  	-0.0717  	0.01917  	-0.0810  	-0.0712  	-0.0218  	-0.1605  	-0.1233  	0.24312  	-0.0299  	0.10438  	-0.4137  	-0.0561  	0.02400  	0.00541  	0.62820  	0.50885  	265.059  	212.284  	
-1.1421  	-0.6451  	0.46841  	-1.1928  	0.57011  	-1.2770  	-2.0390  	-0.7757  	0.67172  	-1.1875  	-1.1085  	2.69295  	-0.6206  	-1.2691  	-2.5949  	0.74003  	0.70408  	0.13259  	1.12025  	-0.4708  	-1.3576  	0.76452  	1.21166  	0.79806  	-0.2942  	0.63060  	0.43842  	-2.1043  	-0.5661  	-0.8828  	-0.4022  	0.01580  	0.07131  	-0.2001  	0.24181  	0.29984  	0.82557  	0.37285  	-1.0226  	-0.3291  	1.17302  	0.18938  	0.24420  	0.81572  	-0.0449  	-0.0954  	-0.0532  	0.45497  	0.22495  	0.02188  	0.04213  	-0.0433  	-0.0250  	0.07490  	0.11106  	-0.0384  	0.02918  	-0.0633  	-0.0817  	-0.0322  	-0.1689  	-0.1113  	0.27084  	-0.0279  	0.10438  	-0.4137  	-0.0561  	0.02400  	0.00541  	0.62820  	0.50885  	265.059  	212.284  	
-0.6887  	-0.4517  	0.68817  	-0.6965  	0.94420  	-1.2580  	-1.9588  	-0.9321  	0.68570  	-1.0339  	-0.9610  	2.99934  	-0.6161  	-1.4361  	-2.4625  	1.00105  	0.45146  	0.14895  	0.99396  	-0.1282  	-1.4513  	0.82087  	0.92669  	0.67584  	-0.3277  	0.58578  	0.14328  	-1.8429  	-0.3287  	-0.8866  	-0.4236  	-0.0137  	0.02899  	-0.1360  	0.26065  	0.38982  	0.71778  	0.41255  	-0.9737  	-0.2322  	1.14965  	0.20207  	0.30957  	0.85475  	-0.0637  	-0.1077  	-0.0398  	0.49429  	0.24732  	-0.0110  	0.09191  	-0.0476  	-0.0141  	0.05437  	0.12112  	-0.0509  	0.04752  	-0.0775  	-0.0727  	-0.0335  	-0.1725  	-0.1635  	0.25587  	-0.0201  	0.10438  	-0.4137  	-0.0561  	0.02400  	0.00541  	0.62820  	0.50885  	265.059  	212.284  	
-0.9460  	-0.4358  	0.57113  	-0.8231  	0.82538  	-1.2934  	-2.0024  	-0.9917  	0.56432  	-0.9421  	-0.8937  	2.80204  	-0.7662  	-1.4973  	-2.6930  	0.93027  	0.48810  	0.22949  	1.08000  	-0.2137  	-1.3832  	0.76413  	0.84149  	0.80871  	-0.0258  	0.47333  	0.49953  	-1.8539  	-0.2839  	-0.7568  	-0.4960  	0.12211  	-0.0806  	-0.1795  	0.24628  	0.56626  	0.78185  	0.42331  	-0.9913  	-0.2503  	1.09492  	0.17939  	0.24085  	0.85561  	-0.0616  	-0.1344  	-0.1038  	0.45862  	0.27168  	-0.0254  	0.06440  	-0.0537  	-0.0006  	0.08305  	0.13004  	-0.0228  	0.04754  	-0.0740  	-0.0520  	-0.0141  	-0.1514  	-0.1689  	0.27130  	-0.0224  	0.10438  	-0.4137  	-0.0561  	0.02400  	0.00541  	0.62820  	0.50885  	265.059  	212.284  	
-1.6648  	-0.7054  	-0.1395  	-1.0490  	0.73406  	-1.6841  	-1.9775  	-1.0344  	0.51529  	-1.0924  	-0.8076  	2.78916  	-0.7264  	-1.2780  	-2.4095  	0.23796  	0.46445  	0.14385  	0.97265  	-0.3726  	-1.3911  	0.84525  	1.09584  	0.72955  	-0.1030  	0.55862  	0.45125  	-1.8958  	-0.2108  	-0.7571  	-0.4064  	-0.0198  	-0.0544  	-0.1353  	0.24897  	0.47057  	0.75437  	0.39433  	-0.9681  	-0.3372  	1.07710  	0.24058  	0.15011  	0.79653  	-0.0269  	-0.1282  	-0.0686  	0.38799  	0.20581  	-0.0388  	0.05684  	-0.0436  	-0.0234  	0.07971  	0.11079  	-0.0480  	0.05708  	-0.0673  	-0.0720  	-0.0406  	-0.1631  	-0.1656  	0.24957  	-0.0172  	0.10438  	-0.4137  	-0.0561  	0.02400  	0.00541  	0.62820  	0.50885  	265.059  	212.284  	
-1.8182  	-0.7128  	-0.0007  	-1.6292  	0.44028  	-1.7997  	-1.9963  	-1.0737  	0.50165  	-0.9504  	-0.5687  	2.62661  	-0.7524  	-1.3896  	-2.6643  	0.15903  	0.51786  	0.07529  	0.97946  	-0.2956  	-1.2047  	0.70483  	1.24783  	0.70682  	-0.2707  	0.59737  	0.35618  	-1.9961  	-0.3241  	-0.9005  	-0.3601  	-0.0414  	-0.0163  	-0.1267  	0.18457  	0.32372  	0.83780  	0.41842  	-1.0173  	-0.4079  	1.15859  	0.19914  	0.19132  	0.82599  	-0.0284  	-0.1221  	-0.0574  	0.38528  	0.20620  	-0.0192  	0.02720  	-0.0380  	-0.0279  	0.07328  	0.09867  	-0.0465  	0.03690  	-0.0745  	-0.0820  	-0.0479  	-0.1379  	-0.1468  	0.25917  	-0.0263  	0.10438  	-0.4137  	-0.0561  	0.02400  	0.00541  	0.62820  	0.50885  	265.059  	212.284  	
-2.1880  	-0.7137  	-0.0878  	-2.0017  	0.28465  	-2.0042  	-1.9780  	-1.2420  	0.47040  	-0.8547  	-0.4677  	2.64784  	-0.7095  	-1.5373  	-3.0155  	0.14780  	0.45693  	0.14842  	1.03636  	-0.2860  	-1.4446  	0.77409  	1.32588  	0.59187  	-0.3891  	0.65681  	0.08945  	-1.9416  	-0.2911  	-0.9635  	-0.2992  	-0.1161  	0.01043  	-0.1121  	0.02301  	0.34154  	0.67825  	0.36561  	-0.9207  	-0.4201  	1.26131  	0.22997  	0.24863  	0.82088  	-0.0326  	-0.1269  	-0.0720  	0.43103  	0.20211  	0.00633  	0.01085  	-0.0353  	-0.0332  	0.07499  	0.08759  	-0.0439  	0.03301  	-0.0709  	-0.0799  	-0.0486  	-0.1287  	-0.1516  	0.26353  	-0.0447  	0.10438  	-0.4137  	-0.0561  	0.02400  	0.00541  	0.62820  	0.50885  	265.059  	212.284  	
-2.7684  	-0.9336  	-0.3558  	-2.2850  	0.23621  	-2.4359  	-2.0531  	-1.3002  	0.46636  	-0.7204  	-0.1105  	2.71103  	-0.7609  	-1.6367  	-3.2351  	0.04389  	0.50273  	0.15345  	0.96180  	-0.2381  	-1.3613  	0.83996  	1.36843  	0.74973  	-0.5555  	0.71081  	0.02260  	-2.0215  	-0.4792  	-0.9985  	-0.2141  	-0.1169  	0.02432  	-0.1260  	0.04019  	0.34619  	0.62573  	0.34317  	-0.9794  	-0.3881  	1.23334  	0.25317  	0.16673  	0.72848  	-0.0501  	-0.1386  	-0.0682  	0.42863  	0.21631  	0.02078  	-0.0064  	-0.0420  	-0.0294  	0.08442  	0.10954  	-0.0594  	0.03284  	-0.0727  	-0.0782  	-0.0297  	-0.1365  	-0.1127  	0.25586  	-0.0426  	0.10438  	-0.4137  	-0.0561  	0.02400  	0.00541  	0.62820  	0.50885  	265.059  	212.284  	
-2.5115  	-0.9441  	-0.4190  	-2.0066  	0.41940  	-2.3499  	-2.0348  	-1.0791  	0.54963  	-0.7361  	-0.1333  	2.79438  	-0.6736  	-1.4749  	-2.9474  	-0.0137  	0.55183  	-0.0219  	1.02391  	-0.2406  	-1.0909  	0.79855  	1.33639  	0.81528  	-0.6099  	0.66088  	0.17248  	-2.0206  	-0.5803  	-0.9130  	-0.3065  	-0.0875  	0.02956  	-0.1445  	0.20937  	0.20926  	0.78797  	0.34781  	-1.0418  	-0.4203  	1.10304  	0.23982  	0.11728  	0.72481  	-0.0387  	-0.1229  	-0.0506  	0.43325  	0.21588  	0.02068  	0.01896  	-0.0427  	-0.0337  	0.08557  	0.09784  	-0.0532  	0.01685  	-0.0754  	-0.0740  	-0.0267  	-0.1381  	-0.1320  	0.24240  	-0.0478  	0.10438  	-0.4137  	-0.0561  	0.02400  	0.00541  	0.62820  	0.50885  	265.059  	212.284  	
-2.1743  	-0.6574  	0.05794  	-2.0788  	0.22624  	-2.3280  	-2.2026  	-0.8017  	0.47343  	-0.5573  	-0.1932  	2.68520  	-0.7317  	-1.1274  	-3.0954  	-0.1535  	0.60165  	-0.1118  	1.08451  	-0.3950  	-0.9726  	0.90808  	1.38798  	0.94871  	-0.4210  	0.61121  	0.33396  	-2.3673  	-0.5852  	-0.9391  	-0.2381  	-0.1217  	-0.0137  	-0.1760  	0.12314  	0.21336  	0.95358  	0.41283  	-0.9167  	-0.5013  	1.15642  	0.24660  	0.14535  	0.71385  	-0.0554  	-0.1030  	-0.0704  	0.44887  	0.19574  	-0.0040  	-0.0230  	-0.0315  	-0.0420  	0.07201  	0.08079  	-0.0724  	0.02838  	-0.0582  	-0.0612  	-0.0469  	-0.1498  	-0.1532  	0.23937  	-0.0526  	0.10438  	-0.4137  	-0.0561  	0.02400  	0.00541  	0.62820  	0.50885  	265.059  	212.284  	
-1.6744  	-0.6993  	0.22716  	-2.2358  	0.05213  	-2.0574  	-2.1665  	-0.6711  	0.65149  	-0.5193  	-0.5800  	2.52590  	-0.6354  	-1.0344  	-2.7900  	-0.1230  	0.60226  	-0.0281  	1.18043  	-0.5537  	-0.9585  	0.88251  	1.44429  	0.94425  	-0.1755  	0.56105  	0.62850  	-2.5211  	-0.6026  	-0.8389  	-0.2571  	-0.1620  	-0.0887  	-0.1891  	0.11096  	0.12470  	0.96875  	0.45166  	-1.0893  	-0.3405  	1.16927  	0.21495  	0.20444  	0.82457  	-0.0533  	-0.1516  	-0.0478  	0.43666  	0.24038  	0.00703  	-0.0060  	-0.0515  	-0.0635  	0.10072  	0.06346  	-0.0669  	0.00399  	-0.0871  	-0.0946  	-0.0222  	-0.1644  	-0.1288  	0.25082  	-0.0449  	0.10438  	-0.4137  	-0.0561  	0.02400  	0.00541  	0.62820  	0.50885  	265.059  	212.284  	
-1.2023  	-0.4135  	0.47741  	-0.9991  	0.74823  	-1.2722  	-2.0339  	-0.4310  	0.77152  	-1.3530  	-0.6727  	3.03256  	-0.5285  	-0.6778  	-1.8914  	0.34349  	0.60559  	-0.0454  	1.16715  	-0.2969  	-0.6975  	0.68812  	1.17222  	1.12946  	-0.6405  	0.57528  	0.75774  	-2.4503  	-0.8780  	-1.0120  	-0.3638  	-0.0644  	0.13593  	-0.1803  	0.53151  	-0.0679  	1.03121  	0.48835  	-1.1125  	-0.2563  	1.07594  	0.13369  	0.20671  	0.80038  	-0.0335  	-0.1409  	-0.0723  	0.43993  	0.18334  	0.03489  	0.03426  	-0.0342  	-0.0825  	0.08666  	0.05943  	0.00027  	-0.0350  	-0.1121  	-0.1039  	-0.0328  	-0.1285  	-0.1218  	0.21238  	-0.0725  	0.10438  	-0.4137  	-0.0561  	0.02400  	0.00541  	0.62820  	0.50885  	265.059  	212.284  	
0.23379  	-0.1101  	1.18545  	0.10474  	1.17201  	-0.3310  	-1.9602  	-0.4344  	0.86085  	-1.5883  	-1.5207  	3.12908  	-0.1028  	0.05890  	-0.7510  	0.62020  	0.58858  	-0.2076  	0.93902  	-0.4599  	-0.7942  	0.94956  	1.26376  	0.80298  	-0.7730  	0.58150  	0.37379  	-2.3651  	-0.6609  	-0.8299  	-0.3035  	-0.0132  	0.23797  	-0.1569  	0.55744  	-0.0590  	1.07429  	0.44478  	-1.1462  	-0.3945  	1.06707  	0.09127  	0.35142  	0.87393  	-0.0298  	-0.1213  	-0.0284  	0.54257  	0.28360  	0.01502  	-0.0161  	-0.0825  	-0.0449  	0.04762  	0.07127  	-0.0325  	-0.0153  	-0.1059  	-0.0997  	-0.0259  	-0.1671  	-0.1260  	0.22729  	-0.0429  	0.10438  	-0.4137  	-0.0561  	0.02400  	0.00541  	0.62820  	0.50885  	265.059  	212.284  	
0.71965  	0.01574  	1.32658  	-0.1561  	1.00052  	-0.5825  	-1.7282  	-0.3508  	0.77300  	-1.5579  	-1.6215  	2.86056  	-0.0008  	0.08823  	-0.8976  	0.51272  	0.49443  	-0.1283  	1.00370  	-0.8214  	-0.8862  	1.09629  	1.16419  	0.85141  	-0.2926  	0.47970  	0.57849  	-2.5605  	-0.5424  	-0.7436  	-0.3716  	0.05494  	0.16128  	-0.1791  	0.52517  	-0.0283  	1.07867  	0.45192  	-0.9682  	-0.3673  	1.03172  	0.21305  	0.29540  	0.82989  	-0.1441  	-0.1025  	-0.1228  	0.61680  	0.29593  	-0.0432  	0.04638  	-0.0302  	-0.0136  	0.05490  	0.08529  	0.02237  	0.01181  	-0.0988  	-0.0761  	-0.0439  	-0.1418  	-0.1134  	0.23175  	-0.0639  	0.10438  	-0.4137  	-0.0561  	0.02400  	0.00541  	0.62820  	0.50885  	265.059  	212.284  	
0.18269  	0.00959  	0.78235  	1.01578  	1.73990  	-0.6840  	-1.9957  	-0.5000  	0.71558  	-1.3691  	-1.9835  	2.78064  	-0.0675  	0.24697  	-0.4157  	0.58493  	0.59958  	-0.5182  	1.01461  	-0.6826  	-0.8386  	1.10357  	0.92642  	1.06775  	0.38879  	0.39229  	1.26045  	-2.5668  	-0.4317  	-0.3844  	-0.6037  	-0.0104  	-0.0484  	-0.1147  	1.00923  	0.06694  	1.07596  	0.32725  	-1.0389  	-0.2997  	0.56888  	0.39181  	0.15172  	0.76723  	-0.0916  	-0.1305  	-0.0891  	0.56281  	0.31646  	-0.0728  	0.08989  	-0.0489  	-0.0527  	0.06361  	0.08890  	0.04569  	0.04678  	-0.0713  	-0.0572  	-0.0455  	-0.1689  	-0.1594  	0.22953  	-0.0678  	0.10438  	-0.4137  	-0.0561  	0.02400  	0.00541  	0.62820  	0.50885  	265.059  	212.284  	
-0.0605  	-0.2510  	0.15168  	2.42996  	2.60753  	-0.5330  	-1.8257  	-0.5348  	0.74994  	-1.5475  	-2.3321  	3.31616  	0.07667  	0.67320  	-0.0511  	0.30331  	0.45259  	-0.3883  	0.84881  	-0.4167  	-1.4125  	1.18610  	0.65468  	0.97098  	0.33238  	0.41921  	0.84337  	-1.8378  	-0.0850  	-0.3033  	-0.7245  	-0.0146  	0.03762  	-0.0939  	0.87763  	0.12235  	0.55084  	0.26444  	-0.8421  	-0.1357  	0.54046  	0.36680  	0.04148  	0.75198  	0.01676  	-0.1418  	-0.0953  	0.42598  	0.26651  	0.00233  	0.02898  	-0.0542  	-0.0457  	0.05600  	0.08445  	-0.0320  	0.09919  	-0.0686  	-0.0765  	-0.0646  	-0.1802  	-0.1404  	0.24913  	-0.0168  	0.10438  	-0.4137  	-0.0561  	0.02400  	0.00541  	0.62820  	0.50885  	265.059  	212.284  	
-0.1630  	-0.2365  	0.25071  	1.53207  	2.27711  	-0.8302  	-1.8756  	-0.5909  	0.68188  	-1.5357  	-2.4313  	3.36196  	0.13878  	0.48568  	-0.5166  	0.41794  	0.39202  	-0.1189  	0.84185  	-0.2863  	-1.5606  	1.23652  	0.56302  	0.78001  	0.29157  	0.45795  	0.67268  	-1.6447  	0.15959  	-0.3395  	-0.6315  	-0.0961  	0.08113  	0.00947  	0.64362  	0.14827  	0.44432  	0.24637  	-0.8403  	-0.1538  	0.66385  	0.34372  	0.12205  	0.76238  	-0.0011  	-0.1355  	-0.0702  	0.50696  	0.29224  	-0.0488  	0.02870  	-0.0598  	-0.0293  	0.04632  	0.09203  	-0.0068  	0.06014  	-0.0831  	-0.0523  	-0.0357  	-0.1889  	-0.1472  	0.23306  	-0.0447  	0.10438  	-0.4137  	-0.0561  	0.02400  	0.00541  	0.62820  	0.50885  	265.059  	212.284  	
-0.6368  	-0.5420  	0.40984  	-0.4478  	1.18004  	-1.0579  	-1.7997  	-0.7632  	0.69134  	-1.4852  	-1.5751  	2.82805  	-0.3864  	-0.9451  	-1.5936  	0.58513  	0.55352  	0.05416  	1.01059  	-0.4336  	-1.1392  	0.82338  	1.05402  	0.95228  	-0.2458  	0.52616  	0.67870  	-2.1212  	-0.4324  	-0.7827  	-0.4626  	0.09375  	0.11221  	-0.1518  	0.51578  	0.08678  	0.94031  	0.43828  	-1.0881  	-0.2412  	0.94842  	0.27304  	0.20525  	0.86059  	-0.0404  	-0.1333  	-0.0644  	0.44332  	0.26430  	-0.0211  	0.02160  	-0.0373  	-0.0538  	0.06523  	0.11014  	0.01257  	0.07273  	-0.0738  	-0.0603  	-0.0290  	-0.1589  	-0.1472  	0.24844  	-0.0366  	0.10438  	-0.4137  	-0.0561  	0.02400  	0.00541  	0.62820  	0.50885  	265.059  	212.284  	
-0.8671  	-0.6564  	0.47881  	-1.1291  	0.69919  	-1.0878  	-2.0162  	-1.1270  	0.55133  	-1.4285  	-1.0304  	2.51230  	-0.7376  	-1.4820  	-2.3472  	0.59793  	0.55995  	0.01866  	1.09651  	-0.5695  	-1.1088  	0.81676  	1.28560  	0.97909  	-0.1914  	0.51114  	0.76163  	-2.3428  	-0.6224  	-0.8352  	-0.5210  	0.12598  	-0.0198  	-0.2011  	0.39410  	0.42155  	0.94664  	0.44898  	-1.0964  	-0.2532  	1.14985  	0.25502  	0.19426  	0.86304  	-0.0579  	-0.0979  	-0.0737  	0.40337  	0.20353  	0.00094  	0.01782  	-0.0166  	-0.0067  	0.08940  	0.09922  	-0.0377  	0.03958  	-0.0565  	-0.0682  	-0.0496  	-0.1506  	-0.1771  	0.23832  	-0.0407  	0.10438  	-0.4137  	-0.0561  	0.02400  	0.00541  	0.62820  	0.50885  	265.059  	212.284  	
-0.5195  	-0.5285  	0.71427  	-0.6797  	0.90628  	-1.1138  	-1.9165  	-0.9865  	0.60785  	-0.9249  	-0.8128  	2.89228  	-0.7151  	-1.5307  	-2.4852  	1.03849  	0.43398  	0.15068  	1.04572  	-0.2400  	-1.4448  	0.76230  	0.89310  	0.78817  	-0.1376  	0.47223  	0.40527  	-1.9032  	-0.3577  	-0.8224  	-0.5264  	0.06353  	-0.0545  	-0.1611  	0.42295  	0.54256  	0.80868  	0.44620  	-1.0339  	-0.2682  	1.14605  	0.25677  	0.23023  	0.81438  	-0.0749  	-0.1231  	-0.0728  	0.47037  	0.25446  	0.01881  	0.06801  	-0.0331  	-0.0205  	0.08133  	0.13527  	-0.0248  	0.05322  	-0.0851  	-0.1024  	-0.0324  	-0.1550  	-0.1843  	0.26734  	-0.0256  	0.10438  	-0.4137  	-0.0561  	0.02400  	0.00541  	0.62820  	0.50885  	265.059  	212.284  	
-0.7181  	-0.5536  	0.69316  	-1.0449  	0.66111  	-1.1206  	-1.9775  	-0.9487  	0.64029  	-1.0255  	-0.8812  	2.71649  	-0.6667  	-1.5287  	-2.6866  	0.95055  	0.42172  	0.16138  	1.05996  	-0.2178  	-1.4035  	0.73791  	0.91327  	0.69267  	-0.1552  	0.50442  	0.39437  	-1.9133  	-0.3457  	-0.8457  	-0.4554  	0.09450  	-0.0272  	-0.1327  	0.37615  	0.50950  	0.83549  	0.45115  	-1.0104  	-0.2674  	1.14117  	0.22726  	0.25072  	0.82798  	-0.0760  	-0.1255  	-0.0749  	0.44681  	0.25042  	0.00474  	0.08090  	-0.0416  	-0.0293  	0.08253  	0.12538  	-0.0223  	0.04614  	-0.0661  	-0.0780  	-0.0431  	-0.1560  	-0.1698  	0.26076  	-0.0214  	0.10438  	-0.4137  	-0.0561  	0.02400  	0.00541  	0.62820  	0.50885  	265.059  	212.284  	
-1.1974  	-0.6970  	0.20558  	-0.9933  	0.63230  	-1.2895  	-2.0210  	-1.1071  	0.47994  	-1.2603  	-0.9368  	2.69169  	-0.7974  	-1.5814  	-2.4424  	0.62165  	0.64075  	0.02783  	1.06091  	-0.4680  	-1.2759  	0.73388  	1.03194  	0.87981  	-0.0828  	0.52235  	0.60452  	-2.0277  	-0.4088  	-0.7517  	-0.4457  	0.08627  	-0.1613  	-0.1659  	0.35865  	0.52185  	0.93591  	0.44604  	-1.1458  	-0.3380  	1.09947  	0.21386  	0.23665  	0.81955  	-0.0486  	-0.1310  	-0.0779  	0.37708  	0.21893  	0.00014  	0.03984  	-0.0404  	-0.0234  	0.08195  	0.12856  	-0.0387  	0.06083  	-0.0626  	-0.0639  	-0.0478  	-0.1823  	-0.1771  	0.26319  	-0.0182  	0.10438  	-0.4137  	-0.0561  	0.02400  	0.00541  	0.62820  	0.50885  	265.059  	212.284  	
-1.2317  	-0.6221  	0.27165  	-1.1817  	0.52902  	-1.3320  	-2.1923  	-1.0969  	0.50522  	-1.4079  	-0.8491  	2.58495  	-0.8388  	-1.5163  	-2.0620  	0.37463  	0.69074  	-0.1274  	1.01369  	-0.6938  	-0.9593  	0.87090  	1.37374  	0.88537  	-0.2412  	0.54895  	0.60466  	-2.4553  	-0.7267  	-0.8656  	-0.4177  	0.10265  	-0.0822  	-0.1694  	0.44825  	0.24540  	1.21861  	0.55390  	-1.2427  	-0.5110  	1.16754  	0.22102  	0.19425  	0.80625  	-0.0448  	-0.1398  	-0.0481  	0.34918  	0.21890  	-0.0019  	0.02279  	-0.0326  	-0.0260  	0.11730  	0.11388  	-0.0403  	0.04954  	-0.0752  	-0.0638  	-0.0338  	-0.1645  	-0.1576  	0.25846  	-0.0292  	0.10438  	-0.4137  	-0.0561  	0.02400  	0.00541  	0.62820  	0.50885  	265.059  	212.284  	
-0.9429  	-0.5654  	0.37893  	-0.8378  	0.73302  	-1.1444  	-2.0877  	-0.9011  	0.59138  	-1.3219  	-0.9351  	2.69887  	-0.7232  	-1.3217  	-2.1414  	0.62031  	0.51893  	-0.0098  	1.02874  	-0.4956  	-1.0716  	0.82463  	1.14928  	0.72643  	-0.2503  	0.52353  	0.52316  	-2.2078  	-0.5453  	-0.8127  	-0.4466  	0.07388  	-0.0445  	-0.1300  	0.47724  	0.34939  	1.02609  	0.48292  	-1.1285  	-0.4170  	1.07650  	0.23104  	0.22208  	0.79273  	-0.0618  	-0.1253  	-0.0526  	0.40387  	0.21292  	-0.0313  	0.04134  	-0.0412  	-0.0420  	0.06999  	0.12297  	-0.0302  	0.05278  	-0.0593  	-0.0827  	-0.0497  	-0.1734  	-0.1725  	0.26383  	-0.0182  	0.10438  	-0.4137  	-0.0561  	0.02400  	0.00541  	0.62820  	0.50885  	265.059  	212.284  	
-0.5095  	-0.4926  	0.61551  	-0.5810  	0.99087  	-0.9706  	-1.9793  	-0.8831  	0.62461  	-1.1226  	-0.9913  	3.00196  	-0.5557  	-1.1650  	-2.3378  	0.91123  	0.36903  	0.08952  	1.00413  	-0.1437  	-1.2654  	0.70520  	0.81444  	0.83310  	-0.3495  	0.52328  	0.45369  	-1.9052  	-0.4184  	-0.8537  	-0.4740  	0.06446  	0.02671  	-0.1269  	0.55603  	0.45046  	0.84071  	0.41790  	-1.0844  	-0.2565  	1.04050  	0.25513  	0.21164  	0.79886  	-0.0354  	-0.1324  	-0.0580  	0.45797  	0.25420  	-0.0141  	0.08186  	-0.0426  	-0.0122  	0.06383  	0.11773  	-0.0256  	0.06484  	-0.0663  	-0.0802  	-0.0336  	-0.1782  	-0.1834  	0.25749  	-0.0248  	0.10438  	-0.4137  	-0.0561  	0.02400  	0.00541  	0.62820  	0.50885  	265.059  	212.284  	
0.20595  	-0.3884  	0.88903  	-0.0790  	1.31949  	-0.7812  	-1.8560  	-0.7554  	0.62684  	-1.1598  	-1.1959  	2.73938  	-0.4352  	-0.7717  	-1.6413  	0.91985  	0.41534  	-0.2536  	0.98007  	-0.4768  	-0.8775  	0.92356  	0.81419  	1.06684  	-0.2492  	0.41672  	0.84635  	-2.5062  	-0.9088  	-0.7773  	-0.5530  	0.24083  	0.05897  	-0.1692  	0.86956  	0.16725  	1.16512  	0.42803  	-1.1897  	-0.2250  	0.92975  	0.30774  	0.14449  	0.77147  	-0.0623  	-0.1174  	-0.0664  	0.45239  	0.29432  	-0.0105  	0.07568  	-0.0366  	-0.0470  	0.07338  	0.09533  	-0.0511  	0.00962  	-0.0863  	-0.0856  	-0.0436  	-0.1603  	-0.1587  	0.24626  	-0.0717  	0.10438  	-0.4137  	-0.0561  	0.02400  	0.00541  	0.62820  	0.50885  	265.059  	212.284  	
0.41521  	0.09100  	0.88200  	0.70850  	1.62419  	-0.5623  	-1.8024  	-0.5365  	0.76367  	-1.2769  	-1.9884  	2.83842  	0.00274  	0.01020  	-0.5593  	0.39566  	0.43226  	-0.2665  	1.10070  	-0.5547  	-1.1636  	1.15762  	0.85994  	0.81405  	0.16221  	0.39680  	0.93094  	-2.3714  	-0.1599  	-0.4736  	-0.5596  	-0.0093  	0.01563  	-0.0918  	0.75944  	0.13515  	0.79128  	0.33489  	-0.9045  	-0.2166  	0.80615  	0.30544  	0.22802  	0.83539  	-0.0514  	-0.1301  	-0.1380  	0.55532  	0.31017  	-0.0354  	0.09023  	-0.0542  	-0.0405  	0.05837  	0.11081  	0.00817  	0.05558  	-0.0798  	-0.0786  	-0.0321  	-0.1751  	-0.1465  	0.23106  	-0.0450  	0.10438  	-0.4137  	-0.0561  	0.02400  	0.00541  	0.62820  	0.50885  	265.059  	212.284  	
0.35294  	-0.0904  	0.09142  	2.07868  	2.34935  	-0.8892  	-1.9201  	-0.4609  	0.71960  	-1.3789  	-2.8255  	2.71558  	0.36953  	0.96168  	0.23291  	-0.0419  	0.39690  	-0.3460  	0.95681  	-0.8361  	-1.5690  	1.41716  	0.85768  	0.93745  	0.47182  	0.36437  	1.10441  	-2.3857  	0.28363  	-0.1587  	-0.6068  	-0.1102  	-0.0144  	-0.0458  	0.95330  	0.11663  	0.43769  	0.19807  	-0.7802  	-0.0950  	0.61570  	0.37772  	0.12048  	0.81685  	-0.0374  	-0.1047  	-0.1172  	0.49826  	0.31074  	-0.0620  	0.05532  	-0.0560  	-0.0039  	0.03995  	0.10030  	0.05335  	0.03749  	-0.0823  	-0.0609  	0.00710  	-0.1589  	-0.1095  	0.17203  	-0.0566  	0.10438  	-0.4137  	-0.0561  	0.02400  	0.00541  	0.62820  	0.50885  	265.059  	212.284  	
-0.5912  	-0.5402  	0.17777  	0.99856  	1.98676  	-1.3409  	-1.7204  	-0.6904  	0.65335  	-0.9765  	-1.7904  	2.92006  	-0.0593  	0.21191  	-0.4007  	0.22946  	0.44592  	-0.3801  	0.99553  	-0.3177  	-1.2512  	0.98495  	0.82609  	1.15957  	0.03840  	0.44449  	0.86185  	-2.3453  	-0.4878  	-0.6364  	-0.5612  	0.05234  	0.06424  	-0.1124  	0.86429  	0.07750  	0.77980  	0.29720  	-1.1375  	-0.1081  	0.64862  	0.40982  	0.03336  	0.81666  	0.02052  	-0.1192  	-0.1036  	0.44251  	0.27791  	0.00872  	-0.0234  	-0.0340  	-0.0570  	0.09395  	0.09403  	-0.0399  	0.03814  	-0.1049  	-0.0422  	-0.0091  	-0.1773  	-0.1260  	0.17734  	-0.0477  	0.10438  	-0.4137  	-0.0561  	0.02400  	0.00541  	0.62820  	0.50885  	265.059  	212.284  	
-0.6528  	-0.5203  	0.78041  	-0.8835  	0.87881  	-1.1373  	-1.8701  	-0.6917  	0.60196  	-1.2536  	-0.8795  	2.94095  	-0.3210  	-1.3471  	-2.2675  	0.51523  	0.71880  	-0.4801  	1.30992  	-1.0880  	-1.0736  	0.12454  	0.18502  	0.92362  	-0.3853  	0.86003  	0.57822  	-2.4341  	-0.3319  	-0.8947  	-0.0438  	-0.0716  	-0.3020  	-0.5628  	0.24948  	0.21041  	0.73669  	0.50867  	-1.3876  	-0.5280  	1.32511  	0.63736  	-0.1336  	1.01190  	-0.2244  	-0.0759  	-0.1615  	0.53059  	0.19247  	0.00535  	0.04163  	-0.0051  	-0.0375  	0.14904  	0.11881  	-0.0339  	0.01936  	-0.0998  	-0.0444  	-0.0217  	-0.1443  	-0.1541  	0.18555  	-0.0542  	0.10438  	-0.4137  	-0.0561  	0.02400  	0.00541  	0.62820  	0.50885  	265.059  	212.284  	
-1.4124  	-0.5908  	0.58714  	-1.1385  	0.79291  	-1.5087  	-2.1394  	-0.7080  	0.49556  	-1.3317  	-0.5826  	2.75491  	-0.5717  	-1.6643  	-2.2741  	0.19714  	0.98931  	-0.8337  	1.52331  	-2.0165  	-0.7999  	-0.4456  	-0.3228  	0.97536  	-0.3682  	0.99352  	0.72894  	-2.8463  	-0.0632  	-0.8726  	0.21032  	-0.2212  	-0.5536  	-1.0803  	0.01490  	0.31819  	0.55422  	0.43639  	-1.7750  	-0.7901  	1.54856  	0.88846  	-0.4415  	1.24253  	-0.3438  	-0.0058  	-0.1759  	0.47573  	0.14017  	-0.0458  	0.08136  	-0.0268  	-0.0030  	0.18431  	0.14111  	-0.0459  	0.04222  	-0.1100  	-0.0543  	0.06559  	-0.1457  	-0.1905  	0.14457  	-0.0303  	0.10438  	-0.4137  	-0.0561  	0.02400  	0.00541  	0.62820  	0.50885  	265.059  	212.284  	
-1.4359  	-0.5756  	0.48431  	-1.3951  	0.45465  	-1.4751  	-2.2843  	-0.6769  	0.45747  	-1.2728  	-0.6491  	2.70562  	-0.5053  	-1.7916  	-2.3567  	0.01988  	1.13481  	-0.9776  	1.51136  	-2.0985  	-0.7141  	-0.5969  	-0.1668  	0.79992  	-0.6194  	1.21829  	0.45969  	-2.7928  	0.04177  	-0.9721  	0.29996  	-0.3228  	-0.6466  	-1.1653  	-0.2074  	0.20234  	0.40581  	0.44711  	-1.7548  	-0.8911  	1.66718  	0.98482  	-0.4720  	1.32378  	-0.3926  	-0.0041  	-0.1827  	0.54193  	0.12595  	-0.0765  	0.07982  	-0.0069  	-0.0125  	0.19957  	0.14667  	-0.0608  	0.03836  	-0.1173  	-0.0758  	0.01730  	-0.1277  	-0.1867  	0.14978  	-0.0306  	0.10438  	-0.4137  	-0.0561  	0.02400  	0.00541  	0.62820  	0.50885  	265.059  	212.284  	
-1.7398  	-0.6469  	0.36040  	-1.5430  	0.48810  	-2.0786  	-2.2496  	-0.7380  	0.38837  	-0.9872  	-0.4204  	2.80411  	-0.4881  	-1.6602  	-2.5237  	-0.0485  	1.05783  	-0.8451  	1.48637  	-1.7941  	-0.7974  	-0.5135  	-0.2556  	0.83625  	-0.5298  	1.11367  	0.48923  	-2.6216  	-0.0140  	-0.9434  	0.26996  	-0.3055  	-0.5783  	-1.0879  	-0.1161  	0.23518  	0.37587  	0.35420  	-1.6751  	-0.8512  	1.53804  	0.94765  	-0.4343  	1.22676  	-0.3525  	-0.0205  	-0.1765  	0.52737  	0.14916  	-0.0507  	0.08832  	-0.0253  	-0.0506  	0.18269  	0.14530  	-0.0346  	0.01460  	-0.1384  	-0.0720  	0.02075  	-0.1376  	-0.1756  	0.14890  	-0.0371  	0.10438  	-0.4137  	-0.0561  	0.02400  	0.00541  	0.62820  	0.50885  	265.059  	212.284  	
-1.3425  	-0.5376  	0.28563  	-0.6646  	1.03826  	-1.5819  	-2.3209  	-0.4765  	0.46859  	-1.2983  	-0.6204  	3.15752  	-0.3848  	-0.9001  	-1.5776  	0.17368  	0.78832  	-0.7553  	1.19075  	-1.0560  	-0.6278  	-0.0184  	0.21640  	1.05126  	-0.7747  	0.84897  	0.57994  	-2.5996  	-0.6491  	-0.8854  	-0.0442  	-0.1207  	-0.2572  	-0.6475  	0.59491  	0.05695  	0.71156  	0.41870  	-1.4455  	-0.5618  	1.10531  	0.65799  	-0.2439  	0.95882  	-0.1907  	-0.0627  	-0.0989  	0.44774  	0.15106  	0.00827  	0.06498  	-0.0286  	-0.0725  	0.15047  	0.08629  	-0.0690  	0.04201  	-0.0840  	-0.0959  	-0.0008  	-0.1625  	-0.1699  	0.23102  	-0.0270  	0.10438  	-0.4137  	-0.0561  	0.02400  	0.00541  	0.62820  	0.50885  	265.059  	212.284  	
0.52934  	-0.0842  	1.25631  	-0.1569  	1.11953  	-0.4611  	-1.9317  	-0.3717  	0.91310  	-1.2475  	-2.1673  	2.75519  	0.11797  	0.34595  	-0.8085  	0.27586  	0.56452  	-0.4048  	0.94440  	-0.9108  	-0.8807  	1.09075  	1.42379  	1.10292  	-0.2029  	0.57392  	0.99595  	-2.9220  	-0.9094  	-0.7264  	-0.2738  	0.01496  	0.10240  	-0.1920  	0.68017  	-0.1145  	1.12146  	0.48470  	-1.0287  	-0.3571  	0.88956  	0.23656  	0.33220  	0.84452  	-0.0891  	-0.1227  	-0.0840  	0.57254  	0.28589  	0.05654  	0.03426  	-0.0375  	-0.0591  	0.06836  	0.09996  	0.01759  	-0.0187  	-0.1062  	-0.0768  	-0.0390  	-0.1612  	-0.1011  	0.22684  	-0.0214  	0.10438  	-0.4137  	-0.0561  	0.02400  	0.00541  	0.62820  	0.50885  	265.059  	212.284  	
0.34437  	-0.1974  	1.05753  	-0.1023  	1.02932  	-0.5917  	-1.7238  	-0.3534  	0.82153  	-1.3750  	-2.1247  	2.28200  	0.08073  	0.25451  	-0.8059  	0.01656  	0.60317  	-0.3548  	0.98419  	-1.0586  	-0.8579  	1.14831  	1.48113  	0.92505  	-0.0235  	0.51146  	1.09992  	-2.8472  	-0.6058  	-0.6510  	-0.3129  	-0.0256  	0.04683  	-0.1907  	0.72242  	-0.0558  	1.02996  	0.44427  	-1.0566  	-0.3335  	0.92548  	0.19942  	0.27366  	0.91689  	-0.0734  	-0.1420  	-0.0914  	0.55710  	0.31163  	0.03431  	0.07427  	-0.0516  	-0.0478  	0.04863  	0.11657  	0.00521  	-0.0158  	-0.0707  	-0.0937  	-0.0260  	-0.1431  	-0.1334  	0.23265  	-0.0477  	0.10438  	-0.4137  	-0.0561  	0.02400  	0.00541  	0.62820  	0.50885  	265.059  	212.284  	
-1.1896  	-0.5364  	0.22041  	-1.4349  	0.76850  	-1.6426  	-2.0145  	-0.8995  	0.59042  	-1.0826  	-0.4904  	2.50113  	-0.4447  	-0.8744  	-2.1893  	0.12321  	0.59887  	-0.1638  	1.05333  	-0.4877  	-0.5823  	0.61969  	1.09942  	1.14004  	-0.2455  	0.57063  	1.08012  	-2.8614  	-1.0689  	-0.8104  	-0.2834  	0.08001  	0.01410  	-0.2109  	0.87738  	0.04696  	1.27945  	0.50018  	-1.3544  	-0.3421  	0.94163  	0.25049  	0.07914  	0.74111  	0.04579  	-0.1247  	-0.0436  	0.36508  	0.20771  	-0.0177  	0.01566  	-0.0191  	-0.0731  	0.07899  	0.06951  	-0.0486  	-0.0107  	-0.0853  	-0.0806  	-0.0103  	-0.1621  	-0.1378  	0.27245  	-0.0646  	0.10438  	-0.4137  	-0.0561  	0.02400  	0.00541  	0.62820  	0.50885  	265.059  	212.284  	
-2.0240  	-0.9125  	-0.1381  	-1.5045  	0.68169  	-2.0185  	-1.9705  	-0.9909  	0.57265  	-1.1106  	-0.2721  	2.82951  	-0.7066  	-1.2108  	-2.4505  	0.07589  	0.53406  	0.03463  	1.00221  	-0.2984  	-0.9900  	0.73588  	1.20651  	1.00806  	-0.4406  	0.58309  	0.49903  	-2.2024  	-0.6606  	-0.9330  	-0.3862  	-0.0937  	0.02084  	-0.1431  	0.51946  	0.17766  	0.93174  	0.40858  	-1.1066  	-0.3857  	0.99455  	0.28134  	0.07935  	0.74299  	-0.0468  	-0.1196  	-0.0389  	0.37222  	0.23810  	0.02167  	0.04025  	-0.0476  	-0.0403  	0.07717  	0.09821  	-0.0270  	0.02078  	-0.0766  	-0.0778  	-0.0360  	-0.1474  	-0.1641  	0.22814  	-0.0456  	0.10438  	-0.4137  	-0.0561  	0.02400  	0.00541  	0.62820  	0.50885  	265.059  	212.284  	
-1.5579  	-0.5938  	-0.0704  	-0.9368  	0.84517  	-1.8361  	-2.0265  	-0.6892  	0.62661  	-1.1089  	-0.4604  	3.12338  	-0.5107  	-0.7795  	-2.1904  	0.11507  	0.41498  	-0.0109  	0.97984  	-0.2342  	-1.0370  	0.81272  	1.11090  	0.80178  	-0.3801  	0.59593  	0.27112  	-2.0876  	-0.3347  	-0.8484  	-0.4508  	-0.1825  	0.12336  	-0.1415  	0.40048  	0.17312  	0.91145  	0.37874  	-0.9757  	-0.3745  	1.06180  	0.26069  	0.09815  	0.76930  	-0.0141  	-0.1306  	-0.0375  	0.41492  	0.21778  	-0.0288  	0.01295  	-0.0567  	-0.0361  	0.09821  	0.09746  	-0.0153  	0.03535  	-0.0813  	-0.0558  	-0.0016  	-0.1475  	-0.1349  	0.21025  	-0.0396  	0.10438  	-0.4137  	-0.0561  	0.02400  	0.00541  	0.62820  	0.50885  	265.059  	212.284  	
-1.7112  	-0.5537  	0.01642  	-1.5175  	0.59390  	-1.7056  	-2.0364  	-0.7155  	0.60751  	-0.9967  	-0.6531  	2.78508  	-0.5695  	-1.0499  	-2.4000  	0.04987  	0.53779  	0.01993  	0.98634  	-0.3268  	-1.0790  	0.76730  	1.25454  	0.77005  	-0.3256  	0.60573  	0.39432  	-2.1094  	-0.3754  	-0.9088  	-0.3805  	-0.1366  	0.08076  	-0.1568  	0.20122  	0.17787  	0.81947  	0.37126  	-0.9285  	-0.3366  	1.08901  	0.20975  	0.17140  	0.79768  	-0.0184  	-0.1240  	-0.0470  	0.40652  	0.22526  	0.00330  	0.02603  	-0.0464  	-0.0495  	0.08174  	0.10053  	-0.0511  	0.04841  	-0.0716  	-0.0802  	-0.0344  	-0.1555  	-0.1591  	0.24983  	-0.0329  	0.10438  	-0.4137  	-0.0561  	0.02400  	0.00541  	0.62820  	0.50885  	265.059  	212.284  	
-1.7129  	-0.6843  	0.12842  	-1.8468  	0.29603  	-1.4951  	-2.0073  	-1.0467  	0.61247  	-1.0202  	-0.7186  	2.56109  	-0.7336  	-1.6124  	-2.7568  	0.13018  	0.58543  	0.13221  	1.04361  	-0.3578  	-1.3236  	0.77293  	1.48835  	0.67610  	-0.2565  	0.67235  	0.28566  	-1.9022  	-0.2180  	-0.9133  	-0.3029  	-0.0949  	-0.0177  	-0.1715  	-0.1210  	0.29693  	0.73624  	0.39804  	-0.8963  	-0.3584  	1.26127  	0.16600  	0.30843  	0.87470  	-0.0265  	-0.1287  	-0.0583  	0.45483  	0.22136  	0.01505  	0.00583  	-0.0330  	-0.0369  	0.08621  	0.11164  	-0.0569  	0.04605  	-0.0676  	-0.0682  	-0.0493  	-0.1495  	-0.1768  	0.25212  	-0.0356  	0.10438  	-0.4137  	-0.0561  	0.02400  	0.00541  	0.62820  	0.50885  	265.059  	212.284  	
-1.8756  	-0.6869  	0.21401  	-2.01  	0.26779  	-1.4157  	-2.0252  	-1.1924  	0.56746  	-1.0221  	-0.8423  	2.62783  	-0.8026  	-1.8196  	-3.0598  	0.30749  	0.65890  	0.19396  	1.07215  	-0.4705  	-1.6109  	0.74129  	1.44014  	0.54626  	-0.3909  	0.75691  	0.10572  	-1.7575  	-0.1404  	-0.9725  	-0.2250  	-0.0948  	-0.0311  	-0.1802  	-0.3470  	0.37600  	0.67022  	0.40613  	-0.8915  	-0.4544  	1.34977  	0.15174  	0.34385  	0.90884  	-0.0345  	-0.1630  	-0.0554  	0.47380  	0.21893  	-0.0027  	0.01825  	-0.0308  	-0.0428  	0.07118  	0.12858  	-0.0657  	0.04455  	-0.0653  	-0.0498  	-0.0417  	-0.1432  	-0.1433  	0.24485  	-0.0091  	0.10438  	-0.4137  	-0.0561  	0.02400  	0.00541  	0.62820  	0.50885  	265.059  	212.284  	
-1.8483  	-0.7593  	-0.0715  	-1.8598  	0.24118  	-1.7252  	-2.0684  	-1.2146  	0.55084  	-0.9789  	-0.7083  	2.54308  	-0.7678  	-2.0307  	-2.8674  	0.34174  	0.66468  	0.11655  	1.05291  	-0.4712  	-1.4032  	0.72934  	1.47404  	0.56943  	-0.3317  	0.68836  	0.30297  	-2.0438  	-0.3020  	-0.8302  	-0.2712  	-0.0653  	-0.0428  	-0.1415  	-0.0853  	0.32786  	0.83030  	0.42604  	-1.0118  	-0.4365  	1.35500  	0.18851  	0.32661  	0.87224  	-0.0330  	-0.1195  	-0.0638  	0.42656  	0.19554  	0.00709  	0.00379  	-0.0307  	-0.0344  	0.09056  	0.10425  	-0.0434  	0.02697  	-0.0634  	-0.0856  	-0.0528  	-0.1414  	-0.1525  	0.24433  	-0.0138  	0.10438  	-0.4137  	-0.0561  	0.02400  	0.00541  	0.62820  	0.50885  	265.059  	212.284  	
-1.8288  	-0.6616  	0.05416  	-1.8960  	0.24465  	-1.8218  	-2.1513  	-1.1073  	0.59159  	-0.9130  	-0.5931  	2.60242  	-0.8416  	-1.6942  	-2.7937  	0.30077  	0.61205  	-0.0135  	1.11516  	-0.5899  	-1.2518  	0.85803  	1.57099  	0.73463  	-0.4578  	0.71971  	0.35181  	-2.1571  	-0.4508  	-0.8621  	-0.2783  	-0.0904  	-0.0358  	-0.1595  	0.09099  	0.23367  	0.88255  	0.45605  	-1.0929  	-0.4420  	1.36760  	0.20681  	0.31169  	0.89006  	-0.0402  	-0.1356  	-0.0527  	0.42762  	0.21322  	0.01030  	0.01460  	-0.0300  	-0.0336  	0.10008  	0.07854  	-0.0512  	0.02182  	-0.0664  	-0.0867  	-0.0436  	-0.1338  	-0.1410  	0.22964  	-0.0309  	0.10438  	-0.4137  	-0.0561  	0.02400  	0.00541  	0.62820  	0.50885  	265.059  	212.284  	
-1.5307  	-0.5836  	0.35709  	-1.6810  	0.30663  	-1.5402  	-2.1062  	-1.0712  	0.62059  	-1.0305  	-0.9128  	2.74188  	-0.6591  	-1.3922  	-2.7704  	0.35029  	0.65222  	0.03133  	1.01328  	-0.5327  	-1.3739  	0.86078  	1.51822  	0.61248  	-0.4591  	0.70448  	0.15309  	-1.9673  	-0.3586  	-0.9256  	-0.2813  	-0.0370  	0.02093  	-0.1419  	-0.1149  	0.20878  	0.80182  	0.45775  	-0.9559  	-0.4046  	1.41040  	0.14160  	0.36850  	0.85178  	-0.0955  	-0.1527  	-0.0597  	0.45843  	0.23121  	0.01330  	0.00076  	-0.0432  	-0.0293  	0.06558  	0.11185  	-0.0570  	0.01853  	-0.0681  	-0.0803  	-0.0567  	-0.1338  	-0.1119  	0.28135  	-0.0163  	0.10438  	-0.4137  	-0.0561  	0.02400  	0.00541  	0.62820  	0.50885  	265.059  	212.284  	
-1.5120  	-0.4753  	0.33510  	-1.2960  	0.53786  	-1.5246  	-2.1637  	-0.9706  	0.58754  	-0.9982  	-0.9843  	2.88793  	-0.6477  	-1.3276  	-2.6213  	0.36749  	0.62293  	0.05569  	1.06565  	-0.4882  	-1.3936  	0.82551  	1.42817  	0.59688  	-0.4567  	0.66891  	0.18383  	-1.9409  	-0.2866  	-0.9045  	-0.3281  	-0.0445  	-0.0071  	-0.1399  	-0.0071  	0.30256  	0.68936  	0.44780  	-0.9670  	-0.3664  	1.32561  	0.12548  	0.35594  	0.87666  	-0.0843  	-0.1301  	-0.0410  	0.48705  	0.21153  	-0.0070  	0.02676  	-0.0478  	-0.0275  	0.07750  	0.10878  	-0.0760  	0.04671  	-0.0712  	-0.0838  	-0.0399  	-0.1464  	-0.1375  	0.24441  	-0.0137  	0.10438  	-0.4137  	-0.0561  	0.02400  	0.00541  	0.62820  	0.50885  	265.059  	212.284  	
-1.6359  	-0.5669  	0.28755  	-1.6326  	0.29392  	-1.6368  	-2.1314  	-1.0100  	0.57371  	-0.9751  	-0.8727  	2.5866  	-0.8166  	-1.5778  	-2.7576  	0.34704  	0.61829  	0.08079  	1.10545  	-0.5594  	-1.3750  	0.75348  	1.54350  	0.57858  	-0.4239  	0.66322  	0.27745  	-2.0680  	-0.3845  	-0.8940  	-0.3558  	0.00271  	-0.0560  	-0.1494  	-0.0494  	0.30442  	0.82639  	0.49208  	-1.0123  	-0.4198  	1.33010  	0.15207  	0.32065  	0.92564  	-0.0748  	-0.1369  	-0.0492  	0.45826  	0.22766  	-0.0199  	0.01696  	-0.0271  	-0.0357  	0.09032  	0.11094  	-0.0694  	0.05820  	-0.0617  	-0.0735  	-0.0513  	-0.1478  	-0.1379  	0.26358  	-0.0134  	0.10438  	-0.4137  	-0.0561  	0.02400  	0.00541  	0.62820  	0.50885  	265.059  	212.284  	
-1.4886  	-0.6041  	0.22353  	-1.2643  	0.47636  	-1.5577  	-2.0968  	-1.0301  	0.51932  	-1.1310  	-0.8841  	2.70070  	-0.7605  	-1.4295  	-2.3745  	0.39812  	0.56105  	0.01714  	1.05589  	-0.5992  	-1.3822  	0.88125  	1.55073  	0.69022  	-0.3500  	0.61300  	0.30761  	-2.0990  	-0.3342  	-0.8127  	-0.3647  	-0.0124  	-0.0579  	-0.1228  	0.10199  	0.27338  	0.83517  	0.48010  	-1.0690  	-0.3717  	1.27156  	0.21316  	0.27198  	0.87662  	-0.0632  	-0.1366  	-0.0611  	0.40515  	0.22449  	-0.0144  	0.01898  	-0.0222  	-0.0495  	0.08860  	0.10490  	-0.0582  	0.05303  	-0.0650  	-0.0733  	-0.0584  	-0.1517  	-0.1263  	0.25945  	-0.0263  	0.10438  	-0.4137  	-0.0561  	0.02400  	0.00541  	0.62820  	0.50885  	265.059  	212.284  	
-1.1613  	-0.4609  	0.22950  	-0.9438  	0.71976  	-1.4434  	-2.1044  	-0.9776  	0.58318  	-1.1796  	-1.0611  	2.89836  	-0.5910  	-1.1861  	-2.2386  	0.37673  	0.57439  	0.02655  	1.02259  	-0.4956  	-1.3725  	0.91652  	1.42434  	0.74215  	-0.3860  	0.61234  	0.23562  	-1.9279  	-0.2600  	-0.8324  	-0.3674  	-0.0391  	0.04584  	-0.1143  	0.13143  	0.27754  	0.75304  	0.42746  	-1.0240  	-0.3058  	1.19714  	0.15724  	0.25538  	0.85070  	-0.0962  	-0.1299  	-0.0622  	0.45505  	0.20559  	0.00615  	-0.0071  	-0.0411  	-0.0302  	0.08353  	0.09034  	-0.0602  	0.01838  	-0.0831  	-0.0608  	-0.0527  	-0.1472  	-0.1417  	0.25043  	-0.0400  	0.10438  	-0.4137  	-0.0561  	0.02400  	0.00541  	0.62820  	0.50885  	265.059  	212.284  	
0.14006  	-0.1979  	0.85120  	-0.1333  	0.99356  	-0.8433  	-1.7769  	-0.5404  	0.81249  	-1.2798  	-1.3488  	2.93813  	-0.2922  	-0.4698  	-1.5875  	0.70838  	0.37905  	-0.0123  	0.93607  	-0.4429  	-0.9676  	0.95198  	1.09497  	0.68383  	-0.1822  	0.45787  	0.38807  	-2.2899  	-0.4009  	-0.7754  	-0.4846  	0.07362  	0.04850  	-0.1922  	0.48257  	0.16439  	0.87050  	0.50028  	-0.9647  	-0.2732  	1.08443  	0.21166  	0.29154  	0.81960  	-0.0862  	-0.1365  	-0.0923  	0.51576  	0.27648  	0.02319  	0.04530  	-0.0541  	-0.0310  	0.08384  	0.10314  	-0.0070  	0.03666  	-0.0751  	-0.0764  	-0.0604  	-0.1557  	-0.1350  	0.27781  	-0.0409  	0.10438  	-0.4137  	-0.0561  	0.02400  	0.00541  	0.62820  	0.50885  	265.059  	212.284  	
-0.1958  	-0.3239  	0.42291  	0.30798  	1.42904  	-1.0197  	-1.8180  	-0.7174  	0.75503  	-1.1872  	-1.4799  	3.10533  	-0.2326  	-0.4017  	-1.5184  	0.63800  	0.36485  	0.05893  	0.97073  	-0.3044  	-1.3173  	0.84461  	0.80379  	0.72203  	-0.0174  	0.51076  	0.33964  	-2.0143  	-0.2472  	-0.6338  	-0.5572  	-0.0357  	0.06432  	-0.1598  	0.53122  	0.20559  	0.69444  	0.39685  	-0.8892  	-0.2320  	0.98863  	0.27582  	0.23088  	0.80083  	-0.0608  	-0.1197  	-0.0670  	0.48559  	0.26609  	0.02139  	0.05638  	-0.0575  	-0.0310  	0.08038  	0.12601  	-0.0224  	0.03884  	-0.0824  	-0.0629  	-0.0538  	-0.1889  	-0.1320  	0.28426  	-0.0514  	0.10438  	-0.4137  	-0.0561  	0.02400  	0.00541  	0.62820  	0.50885  	265.059  	212.284  	
-0.5025  	-0.4640  	0.21764  	0.19243  	1.43733  	-1.0542  	-1.8116  	-0.7702  	0.68444  	-1.3519  	-1.5783  	3.08046  	-0.2805  	-0.4046  	-1.3521  	0.47647  	0.49305  	0.06335  	0.95341  	-0.4703  	-1.2313  	0.86819  	0.90121  	0.79600  	-0.0816  	0.56136  	0.51323  	-1.8888  	-0.2128  	-0.6583  	-0.4910  	-0.0030  	0.08132  	-0.1448  	0.49794  	0.17686  	0.73990  	0.35784  	-0.9093  	-0.1595  	0.96888  	0.27669  	0.22885  	0.79084  	-0.0206  	-0.1213  	-0.0673  	0.46858  	0.24205  	0.01853  	0.03979  	-0.0503  	-0.0575  	0.08075  	0.11804  	-0.0218  	0.04054  	-0.0769  	-0.0510  	-0.0517  	-0.1785  	-0.1452  	0.24483  	-0.0377  	0.10438  	-0.4137  	-0.0561  	0.02400  	0.00541  	0.62820  	0.50885  	265.059  	212.284  	
-1.0993  	-0.5543  	0.25046  	-0.7459  	0.95734  	-1.0693  	-1.9555  	-0.9081  	0.57392  	-1.3667  	-1.1086  	2.78385  	-0.6063  	-1.1758  	-1.9674  	0.45012  	0.51599  	0.06607  	0.95100  	-0.4133  	-1.0769  	0.90145  	1.07155  	0.92519  	-0.1947  	0.55768  	0.49534  	-2.0777  	-0.3531  	-0.8105  	-0.4504  	-0.0057  	-0.0171  	-0.1627  	0.39673  	0.21964  	0.84303  	0.42262  	-1.0841  	-0.2572  	1.03980  	0.27015  	0.17793  	0.79573  	-0.0621  	-0.1175  	-0.0775  	0.39868  	0.21190  	-0.0114  	0.06193  	-0.0406  	-0.0264  	0.07278  	0.10103  	-0.0174  	0.06338  	-0.0845  	-0.0792  	-0.0339  	-0.1591  	-0.1584  	0.24948  	-0.0198  	0.10438  	-0.4137  	-0.0561  	0.02400  	0.00541  	0.62820  	0.50885  	265.059  	212.284  	
-0.7899  	-0.6913  	0.32720  	-0.5697  	0.94671  	-1.1934  	-2.0410  	-1.1388  	0.44587  	-1.2043  	-1.0873  	2.89141  	-0.6516  	-1.4603  	-2.3176  	0.74556  	0.46508  	0.02972  	0.96360  	-0.4397  	-1.3775  	0.82046  	1.03495  	0.87966  	-0.1505  	0.55067  	0.55294  	-2.0051  	-0.4868  	-0.7381  	-0.5002  	0.08826  	-0.0844  	-0.1510  	0.30776  	0.43301  	0.83000  	0.45369  	-1.0417  	-0.2913  	1.05594  	0.22833  	0.18945  	0.83937  	-0.0886  	-0.1191  	-0.0667  	0.42110  	0.22256  	-0.0162  	0.05123  	-0.0256  	-0.0299  	0.07320  	0.12330  	-0.0503  	0.06255  	-0.0536  	-0.0676  	-0.0759  	-0.1759  	-0.1814  	0.27376  	-0.0335  	0.10438  	-0.4137  	-0.0561  	0.02400  	0.00541  	0.62820  	0.50885  	265.059  	212.284  	
-0.6682  	-0.4646  	0.69777  	-0.7271  	0.97891  	-1.3014  	-1.8793  	-1.0167  	0.56557  	-0.9064  	-0.9867  	2.80348  	-0.7072  	-1.5918  	-2.7814  	1.10149  	0.36376  	0.23499  	1.03475  	-0.3521  	-1.5780  	0.86181  	0.88706  	0.70218  	0.00417  	0.51267  	0.47817  	-1.8527  	-0.2688  	-0.7195  	-0.4908  	0.06165  	-0.0931  	-0.1431  	0.31019  	0.62096  	0.76627  	0.42504  	-0.9888  	-0.2900  	1.08261  	0.25284  	0.23323  	0.87399  	-0.0275  	-0.1218  	-0.0872  	0.47112  	0.28238  	-0.0332  	0.07147  	-0.0360  	-0.0110  	0.06756  	0.13457  	-0.0524  	0.04161  	-0.0685  	-0.0702  	-0.0434  	-0.1760  	-0.1922  	0.25816  	-0.0280  	0.10438  	-0.4137  	-0.0561  	0.02400  	0.00541  	0.62820  	0.50885  	265.059  	212.284  	
-1.1693  	-0.5019  	0.25306  	-1.1854  	0.66175  	-1.5601  	-1.9531  	-1.2010  	0.39150  	-0.9595  	-1.0557  	2.57524  	-0.7158  	-1.5915  	-2.9370  	0.80642  	0.41921  	0.22106  	1.00434  	-0.2956  	-1.4900  	0.89496  	0.91327  	0.71004  	-0.0073  	0.51218  	0.42698  	-1.8964  	-0.1151  	-0.7566  	-0.4765  	0.05155  	-0.1284  	-0.1614  	0.25108  	0.71025  	0.65670  	0.41458  	-0.9557  	-0.2123  	1.14236  	0.19257  	0.20277  	0.84070  	-0.0223  	-0.1365  	-0.0771  	0.43890  	0.23116  	-0.0389  	0.06975  	-0.0290  	-0.0178  	0.08520  	0.12025  	-0.0501  	0.03850  	-0.0733  	-0.0749  	-0.0270  	-0.1596  	-0.1896  	0.26793  	-0.0330  	0.10438  	-0.4137  	-0.0561  	0.02400  	0.00541  	0.62820  	0.50885  	265.059  	212.284  	
-2.2693  	-0.7568  	-0.2353  	-1.8785  	0.53158  	-2.2434  	-1.8644  	-1.2031  	0.41487  	-0.8491  	-0.3081  	2.56022  	-0.8294  	-1.5163  	-3.0335  	0.34923  	0.53337  	-0.1101  	1.01011  	-0.3477  	-1.2513  	0.80801  	1.23815  	0.96320  	-0.0940  	0.58616  	0.46759  	-2.2824  	-0.4157  	-0.8443  	-0.3538  	-0.0754  	0.03482  	-0.1707  	0.29558  	0.46431  	0.93295  	0.38263  	-1.0964  	-0.4489  	1.07633  	0.31989  	0.03671  	0.75616  	0.02502  	-0.1250  	-0.0592  	0.39135  	0.23131  	0.01887  	0.03172  	-0.0175  	-0.0209  	0.10034  	0.10688  	-0.0618  	0.02148  	-0.0773  	-0.0413  	-0.0093  	-0.1322  	-0.1036  	0.23865  	-0.0378  	0.10438  	-0.4137  	-0.0561  	0.02400  	0.00541  	0.62820  	0.50885  	265.059  	212.284  	
-2.8385  	-0.9578  	-0.3146  	-2.6581  	0.26211  	-2.4595  	-2.0964  	-1.1046  	0.52681  	-0.7650  	0.19864  	2.57249  	-0.7628  	-1.4378  	-2.8427  	-0.1221  	0.57959  	-0.2095  	1.03745  	-0.4216  	-0.8467  	0.69149  	1.44757  	1.00698  	-0.5893  	0.68044  	0.43752  	-2.3710  	-0.7420  	-0.9522  	-0.2551  	-0.0540  	0.08760  	-0.1395  	0.33601  	0.08523  	1.01864  	0.42335  	-1.1209  	-0.5324  	1.04752  	0.25517  	0.07221  	0.75009  	-0.0139  	-0.1352  	-0.0640  	0.37493  	0.19269  	0.00977  	-0.0110  	-0.0385  	-0.0329  	0.09416  	0.08806  	-0.0489  	0.02465  	-0.0725  	-0.0949  	-0.0336  	-0.1063  	-0.1033  	0.24663  	-0.0517  	0.10438  	-0.4137  	-0.0561  	0.02400  	0.00541  	0.62820  	0.50885  	265.059  	212.284  	
-2.1376  	-0.7931  	0.05532  	-2.0608  	0.18632  	-2.3382  	-2.0483  	-0.9595  	0.51151  	-0.7174  	-0.0545  	2.60132  	-0.6589  	-1.1097  	-2.5120  	-0.1067  	0.70011  	-0.1166  	0.95366  	-0.4306  	-0.9217  	0.73713  	1.31617  	1.06534  	-0.4154  	0.60928  	0.47140  	-2.6038  	-0.7561  	-0.9982  	-0.1933  	-0.1193  	0.09403  	-0.2067  	0.18321  	0.12351  	1.06563  	0.42029  	-1.0509  	-0.4791  	1.08483  	0.26507  	0.11844  	0.71821  	-0.0033  	-0.1054  	-0.0657  	0.41434  	0.17455  	0.00161  	-0.0139  	-0.0311  	-0.0629  	0.07712  	0.09442  	-0.0668  	0.01704  	-0.0676  	-0.0782  	-0.0543  	-0.1394  	-0.1145  	0.26759  	-0.0442  	0.10438  	-0.4137  	-0.0561  	0.02400  	0.00541  	0.62820  	0.50885  	265.059  	212.284  	
-1.2949  	-0.5813  	0.33659  	-1.6205  	0.32219  	-1.5291  	-2.1279  	-0.7582  	0.63744  	-1.0963  	-0.6911  	2.67147  	-0.6359  	-1.2585  	-2.7810  	0.43690  	0.61825  	0.08634  	1.17718  	-0.5042  	-1.0916  	0.80706  	1.48095  	0.87199  	-0.4137  	0.60848  	0.36697  	-2.2452  	-0.5392  	-0.8844  	-0.3928  	0.02781  	0.03522  	-0.2038  	0.12761  	0.20737  	0.90774  	0.46226  	-1.0196  	-0.4323  	1.33270  	0.16869  	0.26948  	0.84100  	-0.0580  	-0.1275  	-0.0412  	0.47216  	0.22272  	0.01051  	0.00426  	-0.0440  	-0.0463  	0.05907  	0.09069  	-0.0703  	0.05224  	-0.0670  	-0.0685  	-0.0714  	-0.1428  	-0.1480  	0.26207  	-0.0198  	0.10438  	-0.4137  	-0.0561  	0.02400  	0.00541  	0.62820  	0.50885  	265.059  	212.284  	
-0.8816  	-0.4771  	0.46656  	-0.9671  	0.58772  	-1.2195  	-2.0887  	-0.7383  	0.71471  	-1.0449  	-0.9892  	2.80751  	-0.5682  	-1.3065  	-2.3636  	0.51848  	0.53206  	0.00581  	1.02551  	-0.3529  	-1.2999  	0.83193  	1.21521  	0.76119  	-0.3705  	0.61899  	0.34281  	-2.0304  	-0.3208  	-0.8957  	-0.3514  	-0.0089  	0.02643  	-0.1748  	0.14484  	0.26958  	0.75033  	0.44855  	-0.9679  	-0.2915  	1.25985  	0.16669  	0.29927  	0.84174  	-0.0798  	-0.1299  	-0.0475  	0.48128  	0.25140  	-0.0233  	0.03599  	-0.0534  	-0.0473  	0.06316  	0.10143  	-0.0440  	0.03573  	-0.0813  	-0.0838  	-0.0593  	-0.1559  	-0.1684  	0.27500  	-0.0209  	0.10438  	-0.4137  	-0.0561  	0.02400  	0.00541  	0.62820  	0.50885  	265.059  	212.284  	
-0.5839  	-0.3736  	0.69482  	-0.7780  	0.85676  	-1.1396  	-2.0060  	-0.9143  	0.64527  	-0.9194  	-0.7990  	3.02298  	-0.7331  	-1.4296  	-2.4251  	0.91640  	0.43063  	0.13574  	0.98715  	-0.2128  	-1.3161  	0.75154  	0.99115  	0.67430  	-0.3682  	0.50556  	0.25727  	-1.8551  	-0.3085  	-0.8577  	-0.4790  	0.04883  	0.02746  	-0.1516  	0.35172  	0.39633  	0.78459  	0.41106  	-0.9961  	-0.2876  	1.15681  	0.20848  	0.23948  	0.82779  	-0.0716  	-0.1152  	-0.0603  	0.46232  	0.25506  	-0.0090  	0.06660  	-0.0427  	-0.0082  	0.07955  	0.12176  	-0.0382  	0.05548  	-0.0822  	-0.0835  	-0.0352  	-0.1615  	-0.1782  	0.26372  	-0.0235  	0.10438  	-0.4137  	-0.0561  	0.02400  	0.00541  	0.62820  	0.50885  	265.059  	212.284  	
-0.7840  	-0.5267  	0.73838  	-1.0801  	0.59344  	-1.2761  	-1.9557  	-0.9999  	0.54442  	-0.9771  	-0.7679  	2.66388  	-0.7618  	-1.5219  	-2.7709  	0.98982  	0.41068  	0.21950  	0.98476  	-0.3161  	-1.4821  	0.71537  	1.00460  	0.62074  	-0.3252  	0.52339  	0.24431  	-1.9300  	-0.3227  	-0.8299  	-0.4199  	0.09512  	-0.0008  	-0.1334  	0.32487  	0.52853  	0.82308  	0.42710  	-1.0082  	-0.2800  	1.16745  	0.20472  	0.23953  	0.82659  	-0.0640  	-0.1143  	-0.0699  	0.43608  	0.26748  	0.00528  	0.05489  	-0.0474  	-0.0175  	0.07749  	0.12159  	-0.0345  	0.03672  	-0.0708  	-0.0931  	-0.0426  	-0.1582  	-0.1523  	0.28078  	-0.0184  	0.10438  	-0.4137  	-0.0561  	0.02400  	0.00541  	0.62820  	0.50885  	265.059  	212.284  	
-1.5836  	-0.6535  	0.09581  	-1.2896  	0.59763  	-1.7499  	-1.9820  	-1.1714  	0.50980  	-0.8648  	-0.6722  	2.72414  	-0.7157  	-1.5028  	-2.8856  	0.65058  	0.46265  	0.03271  	0.99525  	-0.2813  	-1.3968  	0.79153  	1.05932  	0.81826  	-0.1410  	0.59472  	0.39922  	-1.9312  	-0.3466  	-0.7706  	-0.4135  	0.02224  	-0.0459  	-0.1698  	0.37944  	0.63070  	0.81168  	0.38703  	-1.0826  	-0.3138  	1.11428  	0.28072  	0.19391  	0.80895  	-0.0299  	-0.1340  	-0.0667  	0.40041  	0.22720  	-0.0072  	0.05241  	-0.0301  	-0.0420  	0.08536  	0.12874  	-0.0474  	0.02943  	-0.0629  	-0.0718  	-0.0318  	-0.1763  	-0.1626  	0.25880  	-0.0307  	0.10438  	-0.4137  	-0.0561  	0.02400  	0.00541  	0.62820  	0.50885  	265.059  	212.284  	
-1.9302  	-0.6982  	0.07161  	-1.8069  	0.23587  	-1.9568  	-2.1425  	-1.0931  	0.50343  	-0.9106  	-0.6289  	2.62687  	-0.8307  	-1.0582  	-2.2749  	-0.1133  	0.68349  	-0.1298  	1.02217  	-0.7054  	-0.9954  	0.78773  	1.43025  	0.77126  	-0.2159  	0.65141  	0.58907  	-2.4731  	-0.5957  	-0.8185  	-0.2888  	-0.0755  	-0.0622  	-0.1742  	0.27419  	0.23483  	0.94106  	0.45091  	-1.1370  	-0.4868  	1.11533  	0.25055  	0.25693  	0.81376  	-0.0279  	-0.1458  	-0.0466  	0.40118  	0.15003  	-0.0006  	0.00607  	-0.0358  	-0.0499  	0.10261  	0.07515  	-0.0461  	0.02954  	-0.0707  	-0.0788  	-0.0360  	-0.1523  	-0.1622  	0.25255  	-0.0452  	0.10438  	-0.4137  	-0.0561  	0.02400  	0.00541  	0.62820  	0.50885  	265.059  	212.284  	
-1.2542  	-0.4865  	0.50027  	-1.5613  	0.42898  	-1.4102  	-2.0817  	-0.7930  	0.65274  	-1.1585  	-0.7614  	2.74791  	-0.6998  	-1.0438  	-2.3050  	0.30936  	0.65268  	-0.0590  	1.01813  	-0.6494  	-0.9125  	0.85919  	1.57676  	0.9303  	-0.4515  	0.60675  	0.45471  	-2.4849  	-0.6916  	-0.8805  	-0.3391  	-0.0178  	-0.0022  	-0.2170  	0.25254  	0.13164  	1.04658  	0.46239  	-1.0829  	-0.3909  	1.22995  	0.16384  	0.19519  	0.80981  	-0.0820  	-0.1122  	-0.0394  	0.42632  	0.20246  	-0.0022  	0.01969  	-0.0415  	-0.0322  	0.06962  	0.09018  	-0.0603  	0.01445  	-0.0666  	-0.0795  	-0.0395  	-0.1610  	-0.1423  	0.27643  	-0.0187  	0.10438  	-0.4137  	-0.0561  	0.02400  	0.00541  	0.62820  	0.50885  	265.059  	212.284  	
-0.8069  	-0.4873  	0.65687  	-1.0055  	0.67172  	-1.1701  	-2.0520  	-0.7716  	0.64885  	-1.0940  	-0.9325  	2.75854  	-0.6173  	-1.2121  	-2.4220  	0.56172  	0.53814  	0.09103  	1.05356  	-0.4428  	-1.2290  	0.83295  	1.28870  	0.71165  	-0.4261  	0.59950  	0.33008  	-2.1513  	-0.5011  	-0.8915  	-0.3651  	-0.0196  	0.10001  	-0.1817  	0.23514  	0.20037  	0.98846  	0.43656  	-1.1049  	-0.3434  	1.14945  	0.18410  	0.31205  	0.84844  	-0.0373  	-0.1394  	-0.0307  	0.43767  	0.25229  	-0.0229  	0.02055  	-0.0461  	-0.0431  	0.07856  	0.09603  	-0.0462  	0.02677  	-0.0772  	-0.0820  	-0.0463  	-0.1714  	-0.1661  	0.24502  	-0.0294  	0.10438  	-0.4137  	-0.0561  	0.02400  	0.00541  	0.62820  	0.50885  	265.059  	212.284  	
-0.6382  	-0.3687  	0.74748  	-0.9069  	0.80357  	-1.2007  	-1.9791  	-0.8200  	0.68355  	-0.8816  	-0.7730  	2.87782  	-0.6421  	-1.2079  	-2.4839  	0.85826  	0.35499  	0.00772  	1.04459  	-0.2259  	-1.2722  	0.80167  	0.95547  	0.71854  	-0.3481  	0.56453  	0.29964  	-1.9910  	-0.3477  	-0.8656  	-0.4439  	0.01475  	0.06015  	-0.1668  	0.41667  	0.41302  	0.87238  	0.38508  	-1.0238  	-0.2730  	1.13235  	0.19358  	0.26028  	0.85406  	-0.0638  	-0.1299  	-0.0486  	0.48468  	0.24557  	-0.0222  	0.06596  	-0.0525  	-0.0232  	0.05737  	0.11957  	-0.0436  	0.04810  	-0.0801  	-0.0948  	-0.0511  	-0.1805  	-0.1716  	0.25741  	-0.0229  	0.10438  	-0.4137  	-0.0561  	0.02400  	0.00541  	0.62820  	0.50885  	265.059  	212.284  	
-0.4659  	-0.3756  	0.63943  	-0.5227  	0.93055  	-1.0136  	-2.0287  	-0.8432  	0.65234  	-1.1672  	-0.8827  	2.84249  	-0.6258  	-1.0718  	-2.0734  	0.88659  	0.39873  	-0.0306  	1.07620  	-0.2614  	-0.9578  	0.84355  	1.01042  	0.96957  	-0.3327  	0.54558  	0.57562  	-2.2443  	-0.6852  	-0.9491  	-0.4465  	0.07919  	0.04838  	-0.1501  	0.71416  	0.32813  	1.03768  	0.45612  	-1.1973  	-0.3190  	0.99598  	0.25741  	0.19922  	0.84182  	-0.0359  	-0.1189  	-0.0582  	0.46607  	0.22960  	0.00498  	0.07298  	-0.0387  	-0.0255  	0.06836  	0.10641  	-0.0339  	0.04335  	-0.0676  	-0.0711  	-0.0345  	-0.1707  	-0.1655  	0.25513  	-0.0323  	0.10438  	-0.4137  	-0.0561  	0.02400  	0.00541  	0.62820  	0.50885  	265.059  	212.284  	
-0.3911  	-0.2503  	0.79012  	-0.5164  	0.71650  	-1.0331  	-2.0117  	-0.6894  	0.80713  	-1.2686  	-1.0551  	2.72930  	-0.4777  	-0.7925  	-1.3573  	0.51605  	0.63211  	-0.2063  	1.04939  	-0.6618  	-0.6546  	0.91365  	1.33265  	1.10908  	-0.2958  	0.52471  	0.84052  	-2.9347  	-0.9578  	-0.7979  	-0.3900  	0.12256  	0.06433  	-0.1549  	0.73682  	0.10243  	1.32164  	0.59119  	-1.2874  	-0.4111  	1.07912  	0.28713  	0.19507  	0.79847  	-0.0555  	-0.1025  	-0.0409  	0.44987  	0.21164  	-0.0028  	-0.0123  	-0.0150  	-0.0233  	0.11450  	0.11612  	-0.0235  	0.00845  	-0.0512  	-0.0907  	-0.0321  	-0.1321  	-0.1546  	0.22784  	-0.0449  	0.10438  	-0.4137  	-0.0561  	0.02400  	0.00541  	0.62820  	0.50885  	265.059  	212.284  	
-0.1895  	-0.1934  	0.81409  	-0.4485  	0.74587  	-0.8684  	-2.0295  	-0.4290  	0.84874  	-1.4808  	-0.8981  	2.79759  	-0.3951  	-0.4644  	-1.2468  	0.57336  	0.66706  	-0.2488  	1.00286  	-0.7711  	-0.3774  	0.86971  	1.31798  	1.11087  	-0.3925  	0.52712  	0.87896  	-2.9438  	-1.0768  	-0.8345  	-0.3846  	0.13270  	0.12418  	-0.1816  	0.82279  	-0.1497  	1.39163  	0.61924  	-1.3357  	-0.5218  	1.00210  	0.23939  	0.19144  	0.78519  	-0.0669  	-0.1089  	-0.0487  	0.37518  	0.22118  	0.00093  	-0.0203  	-0.0202  	-0.0223  	0.10505  	0.10710  	-0.0238  	-0.0095  	-0.0682  	-0.0814  	-0.0479  	-0.1284  	-0.1182  	0.24032  	-0.0532  	0.10438  	-0.4137  	-0.0561  	0.02400  	0.00541  	0.62820  	0.50885  	265.059  	212.284  	
0.21722  	0.01866  	1.12149  	-0.3479  	0.62974  	-0.5959  	-1.9785  	-0.1757  	0.99135  	-1.6740  	-0.7220  	2.92980  	-0.4288  	-0.2813  	-1.2871  	0.74926  	0.60722  	-0.3410  	0.99589  	-0.8548  	-0.0442  	0.89495  	1.53473  	1.09723  	-0.5734  	0.48705  	0.92982  	-3.0796  	-1.3606  	-0.9208  	-0.4236  	0.15335  	0.16317  	-0.2177  	0.90721  	-0.3016  	1.61110  	0.68880  	-1.3986  	-0.6032  	0.95515  	0.19414  	0.21229  	0.80312  	-0.0908  	-0.1080  	-0.0615  	0.42829  	0.23542  	0.02873  	-0.0166  	-0.0373  	-0.0250  	0.09665  	0.09372  	0.01082  	-0.0065  	-0.0765  	-0.0924  	-0.0335  	-0.1348  	-0.1147  	0.22781  	-0.0509  	0.10438  	-0.4137  	-0.0561  	0.02400  	0.00541  	0.62820  	0.50885  	265.059  	212.284  	
0.24432  	0.03071  	1.10573  	-0.3084  	0.66925  	-0.6535  	-1.9828  	-0.2155  	1.01216  	-1.6498  	-0.6751  	2.97077  	-0.4399  	-0.2691  	-1.3061  	0.77974  	0.58551  	-0.3424  	0.97835  	-0.7990  	-0.0355  	0.87953  	1.48940  	1.06963  	-0.6177  	0.50625  	0.87563  	-3.0526  	-1.3899  	-0.9418  	-0.4232  	0.13896  	0.16614  	-0.2081  	0.92151  	-0.3116  	1.59296  	0.69408  	-1.4059  	-0.5968  	0.94023  	0.20096  	0.20662  	0.78517  	-0.0795  	-0.1058  	-0.0604  	0.42896  	0.22625  	0.04845  	-0.0124  	-0.0366  	-0.0251  	0.09898  	0.08882  	0.01143  	-0.0088  	-0.0748  	-0.0891  	-0.0357  	-0.1398  	-0.1050  	0.22165  	-0.0512  	0.10438  	-0.4137  	-0.0561  	0.02400  	0.00541  	0.62820  	0.50885  	265.059  	212.284  	
0.40754  	-0.0005  	1.23268  	-0.2816  	0.67435  	-0.4748  	-1.9619  	-0.1120  	1.02856  	-1.6944  	-0.6822  	2.98421  	-0.4101  	-0.2016  	-1.2024  	0.89796  	0.63811  	-0.3986  	0.99582  	-0.8596  	-0.0318  	0.91474  	1.58495  	1.22168  	-0.5631  	0.48178  	0.99019  	-3.1642  	-1.4568  	-0.9115  	-0.4346  	0.17292  	0.16046  	-0.1907  	0.95249  	-0.3158  	1.68351  	0.73714  	-1.3576  	-0.6294  	0.87940  	0.21518  	0.22676  	0.79319  	-0.0845  	-0.1119  	-0.0726  	0.46058  	0.24972  	0.01137  	-0.0124  	-0.0226  	-0.0197  	0.10749  	0.09621  	0.01336  	-0.0076  	-0.0726  	-0.0966  	-0.0217  	-0.1383  	-0.1260  	0.24473  	-0.0319  	0.10438  	-0.4137  	-0.0561  	0.02400  	0.00541  	0.62820  	0.50885  	265.059  	212.284  	
-0.3723  	-0.1599  	0.75623  	-0.5146  	0.72432  	-1.0507  	-2.0076  	-0.5719  	0.77988  	-1.3966  	-0.7277  	2.99175  	-0.4830  	-0.6673  	-1.8328  	0.65334  	0.52017  	0.01898  	0.90866  	-0.4087  	-0.6600  	0.76815  	1.22775  	0.82645  	-0.5057  	0.56771  	0.43872  	-2.2678  	-0.7661  	-0.9251  	-0.4042  	0.00400  	0.20289  	-0.1499  	0.57885  	0.00143  	1.06951  	0.52782  	-1.0818  	-0.3886  	1.06882  	0.25038  	0.20233  	0.79399  	-0.0527  	-0.1193  	-0.0392  	0.45784  	0.21597  	0.01847  	0.04257  	-0.0230  	-0.0107  	0.08784  	0.10282  	-0.0119  	0.01753  	-0.0647  	-0.0682  	-0.0421  	-0.1331  	-0.1516  	0.23374  	-0.0258  	0.10438  	-0.4137  	-0.0561  	0.02400  	0.00541  	0.62820  	0.50885  	265.059  	212.284  	
-0.7800  	-0.5746  	0.20847  	-0.6831  	0.88444  	-1.3516  	-1.8674  	-1.0824  	0.57849  	-1.0722  	-0.8337  	2.96169  	-0.5680  	-1.2859  	-2.2548  	0.59357  	0.51602  	0.13243  	0.83717  	-0.1686  	-1.5380  	0.78486  	0.91101  	0.67030  	-0.2269  	0.60237  	0.10330  	-1.5940  	-0.2529  	-0.8391  	-0.4148  	0.01535  	0.01445  	-0.1509  	0.23110  	0.42783  	0.59279  	0.36340  	-0.9601  	-0.2322  	1.10231  	0.21348  	0.21241  	0.77437  	-0.0567  	-0.1220  	-0.0475  	0.47417  	0.26479  	-0.0065  	0.06622  	-0.0452  	-0.0257  	0.07775  	0.11054  	-0.0513  	0.06408  	-0.0697  	-0.0625  	-0.0296  	-0.1688  	-0.1537  	0.25698  	-0.0043  	0.10438  	-0.4137  	-0.0561  	0.02400  	0.00541  	0.62820  	0.50885  	265.059  	212.284  	
-0.8833  	-0.6906  	0.19615  	-0.5692  	0.93733  	-1.2756  	-1.9091  	-1.0534  	0.53546  	-1.1707  	-0.8119  	2.83915  	-0.6440  	-1.5964  	-2.3840  	0.87107  	0.51068  	0.11660  	0.91975  	-0.2302  	-1.5158  	0.79543  	0.79165  	0.91105  	-0.0608  	0.54237  	0.31107  	-1.7564  	-0.3828  	-0.8134  	-0.5060  	0.15649  	-0.0473  	-0.2001  	0.28887  	0.46569  	0.67008  	0.43299  	-1.0124  	-0.2210  	1.13007  	0.17027  	0.20167  	0.82451  	-0.0617  	-0.1153  	-0.0559  	0.44545  	0.26624  	-0.0211  	0.07224  	-0.0447  	-0.0163  	0.06913  	0.10464  	-0.0521  	0.06075  	-0.0666  	-0.0718  	-0.0231  	-0.1664  	-0.2007  	0.25642  	-0.0070  	0.10438  	-0.4137  	-0.0561  	0.02400  	0.00541  	0.62820  	0.50885  	265.059  	212.284  	
-1.1066  	-0.6493  	0.18818  	-0.6345  	0.90181  	-1.3413  	-2.0716  	-1.0493  	0.47184  	-1.2653  	-1.0862  	2.70470  	-0.6917  	-1.7389  	-2.3354  	0.71247  	0.57189  	0.03103  	1.13097  	-0.3559  	-1.4185  	0.70728  	0.95206  	0.92103  	0.18722  	0.54273  	0.85852  	-1.8640  	-0.3845  	-0.6270  	-0.5613  	0.16670  	-0.1395  	-0.2003  	0.30272  	0.50751  	0.83693  	0.46236  	-1.1035  	-0.3354  	1.00717  	0.23351  	0.11347  	0.86205  	-0.0576  	-0.1240  	-0.0978  	0.44135  	0.24331  	-0.0460  	0.05642  	-0.0269  	-0.0081  	0.07231  	0.10064  	-0.0469  	0.07529  	-0.0531  	-0.0590  	-0.0399  	-0.1841  	-0.1865  	0.28348  	-0.0507  	0.10438  	-0.4137  	-0.0561  	0.02400  	0.00541  	0.62820  	0.50885  	265.059  	212.284  	
-0.8447  	-0.5223  	0.21373  	0.00314  	1.25709  	-1.0346  	-2.1064  	-0.9318  	0.44911  	-1.5106  	-1.3416  	2.90172  	-0.5638  	-1.2298  	-1.9218  	0.59756  	0.58742  	-0.1254  	1.13510  	-0.4407  	-1.2974  	0.75448  	0.93731  	1.02521  	0.24769  	0.49242  	1.00318  	-1.8673  	-0.2621  	-0.4916  	-0.5948  	0.06003  	-0.1171  	-0.1680  	0.44327  	0.40090  	0.75256  	0.42576  	-1.0618  	-0.3366  	0.81282  	0.38117  	0.11951  	0.74107  	-0.0108  	-0.1169  	-0.1237  	0.46631  	0.24917  	-0.0457  	0.04123  	-0.0459  	-0.0103  	0.04955  	0.08834  	-0.0218  	0.09520  	-0.0683  	-0.0345  	-0.0253  	-0.1887  	-0.1569  	0.25581  	-0.0207  	0.10438  	-0.4137  	-0.0561  	0.02400  	0.00541  	0.62820  	0.50885  	265.059  	212.284  	
-0.3056  	-0.3062  	0.51179  	0.25768  	1.34036  	-0.5769  	-2.0242  	-0.5986  	0.55770  	-1.5274  	-1.8586  	2.69541  	-0.5143  	-0.7064  	-1.0052  	0.42299  	0.65114  	-0.1941  	1.06161  	-0.7194  	-1.0150  	1.06140  	1.22836  	0.94414  	0.30348  	0.42963  	0.99753  	-2.3376  	-0.2996  	-0.5263  	-0.5748  	0.13229  	-0.0659  	-0.1648  	0.57653  	0.23702  	0.85498  	0.48442  	-1.0357  	-0.2456  	0.87438  	0.22723  	0.20492  	0.91298  	-0.1019  	-0.1298  	-0.0652  	0.47164  	0.26852  	-0.0475  	0.05432  	-0.0281  	-0.0239  	0.09246  	0.07960  	-0.0018  	0.02602  	-0.0860  	-0.0552  	-0.0132  	-0.1689  	-0.1883  	0.24305  	-0.0799  	0.10438  	-0.4137  	-0.0561  	0.02400  	0.00541  	0.62820  	0.50885  	265.059  	212.284  	
-0.2162  	-0.2744  	0.73190  	0.02846  	1.28461  	-0.6179  	-2.0698  	-0.6297  	0.65807  	-1.3152  	-1.2365  	2.89253  	-0.5374  	-0.8634  	-1.5747  	0.82150  	0.44722  	-0.1930  	1.03946  	-0.6106  	-0.9125  	1.08700  	1.04203  	1.02655  	-0.0073  	0.38907  	0.79029  	-2.3849  	-0.5609  	-0.6933  	-0.5780  	0.08944  	0.02635  	-0.1676  	0.65195  	0.28274  	1.07257  	0.43917  	-1.1288  	-0.2982  	0.97207  	0.26286  	0.21454  	0.84566  	-0.0778  	-0.1341  	-0.0991  	0.46290  	0.27527  	-0.0072  	0.03463  	-0.0618  	-0.0187  	0.09031  	0.09728  	0.00960  	0.03764  	-0.0781  	-0.0604  	-0.0218  	-0.1529  	-0.1710  	0.21458  	-0.0520  	0.10438  	-0.4137  	-0.0561  	0.02400  	0.00541  	0.62820  	0.50885  	265.059  	212.284  	
-0.5418  	-0.4866  	0.76574  	-0.7762  	0.82132  	-1.0764  	-2.0431  	-0.8613  	0.54130  	-0.9756  	-0.6509  	2.88014  	-0.7041  	-1.3529  	-2.7688  	1.12322  	0.36436  	0.18471  	1.08228  	-0.3025  	-1.2376  	0.76601  	0.81190  	0.79553  	-0.0814  	0.43711  	0.48981  	-2.1168  	-0.4582  	-0.8396  	-0.4800  	0.05851  	0.00242  	-0.2116  	0.55098  	0.54098  	0.90867  	0.43424  	-1.0923  	-0.3148  	1.09403  	0.27983  	0.23706  	0.77445  	-0.0611  	-0.1179  	-0.0907  	0.48475  	0.25659  	-0.0004  	0.09920  	-0.0437  	-0.0058  	0.08015  	0.12434  	0.00083  	0.06859  	-0.0730  	-0.0728  	-0.0310  	-0.1604  	-0.1870  	0.26857  	-0.0427  	0.10438  	-0.4137  	-0.0561  	0.02400  	0.00541  	0.62820  	0.50885  	265.059  	212.284  	
-1.0815  	-0.6708  	0.38284  	-1.1555  	0.56224  	-1.2615  	-2.0731  	-0.9763  	0.47654  	-1.0375  	-0.7098  	2.66566  	-0.7492  	-1.5940  	-2.7435  	0.89112  	0.48144  	-0.0092  	1.14966  	-0.4272  	-1.1576  	0.83127  	0.94809  	0.98706  	0.00212  	0.48349  	0.66683  	-2.1374  	-0.4881  	-0.8473  	-0.4622  	0.11359  	-0.1167  	-0.2280  	0.41952  	0.56598  	0.99515  	0.41680  	-1.1010  	-0.3113  	1.04037  	0.24087  	0.18267  	0.79730  	-0.0552  	-0.1100  	-0.0710  	0.40651  	0.25180  	0.02920  	0.08551  	-0.0510  	-0.0100  	0.08279  	0.11394  	-0.0322  	0.05754  	-0.0611  	-0.0678  	-0.0080  	-0.1627  	-0.1873  	0.27261  	-0.0159  	0.10438  	-0.4137  	-0.0561  	0.02400  	0.00541  	0.62820  	0.50885  	265.059  	212.284  	
-1.2376  	-0.6557  	0.28331  	-1.1500  	0.45312  	-1.2562  	-2.2584  	-0.8746  	0.45638  	-1.4461  	-0.6861  	2.67116  	-0.8001  	-1.5317  	-2.1784  	0.57533  	0.66055  	-0.2551  	1.14597  	-0.7280  	-0.8622  	0.74339  	1.32765  	1.07677  	-0.2806  	0.53814  	0.83794  	-2.5827  	-0.8927  	-0.9096  	-0.3904  	0.18756  	-0.0652  	-0.1901  	0.55503  	0.25925  	1.32515  	0.59606  	-1.3302  	-0.4644  	1.05385  	0.20893  	0.16838  	0.79087  	-0.0695  	-0.1224  	-0.0354  	0.36346  	0.21754  	0.02506  	0.02000  	-0.0460  	-0.0153  	0.11426  	0.10581  	-0.0419  	0.03939  	-0.0812  	-0.0564  	-0.0301  	-0.1623  	-0.1725  	0.24825  	-0.0372  	0.10438  	-0.4137  	-0.0561  	0.02400  	0.00541  	0.62820  	0.50885  	265.059  	212.284  	
-0.0019  	-0.0653  	1.24470  	-0.5534  	0.89529  	-0.6355  	-2.0403  	-0.2603  	0.81782  	-1.3398  	-1.1728  	2.97221  	-0.3485  	-0.4392  	-1.3984  	0.81863  	0.56631  	-0.3190  	1.15494  	-0.6748  	-0.3258  	0.91653  	1.34399  	1.21536  	-0.4685  	0.50820  	0.99553  	-2.9788  	-1.2766  	-0.9442  	-0.4181  	0.17869  	0.10703  	-0.1955  	0.82677  	-0.0599  	1.46060  	0.61540  	-1.2845  	-0.4398  	0.92812  	0.27185  	0.23215  	0.83499  	-0.0578  	-0.1076  	-0.0636  	0.45524  	0.25585  	-0.0330  	0.00223  	-0.0171  	-0.0285  	0.08400  	0.07615  	-0.0021  	-0.0020  	-0.0970  	-0.0945  	-0.0307  	-0.1293  	-0.1445  	0.21799  	-0.0492  	0.10438  	-0.4137  	-0.0561  	0.02400  	0.00541  	0.62820  	0.50885  	265.059  	212.284  	
0.51790  	0.04817  	1.40437  	-0.4602  	0.81930  	-0.5617  	-1.9918  	-0.1234  	0.87367  	-1.4856  	-0.8077  	3.08176  	-0.4543  	-0.2966  	-1.3461  	1.01533  	0.57383  	-0.3110  	1.09505  	-0.6307  	-0.1339  	0.88332  	1.32094  	1.14612  	-0.3842  	0.47647  	1.02692  	-3.0843  	-1.2894  	-0.8562  	-0.4643  	0.18004  	0.12467  	-0.2058  	0.90238  	-0.0864  	1.55310  	0.64839  	-1.3030  	-0.5636  	0.88767  	0.27060  	0.26343  	0.80449  	-0.0740  	-0.1056  	-0.0733  	0.51031  	0.28063  	0.00817  	-0.0021  	-0.0360  	-0.0115  	0.08729  	0.09298  	0.02077  	0.01979  	-0.0890  	-0.0997  	-0.0178  	-0.1522  	-0.1459  	0.25022  	-0.0489  	0.10438  	-0.4137  	-0.0561  	0.02400  	0.00541  	0.62820  	0.50885  	265.059  	212.284  	
0.67029  	-0.0430  	1.55775  	-0.5076  	0.70556  	-0.5929  	-1.8586  	-0.0794  	0.95474  	-1.3874  	-0.4390  	3.20828  	-0.5350  	-0.5306  	-1.9508  	1.38634  	0.49323  	-0.2935  	1.16556  	-0.5195  	-0.1744  	0.90417  	1.17174  	1.04552  	-0.1422  	0.40451  	0.92891  	-2.9226  	-1.2261  	-0.9049  	-0.5311  	0.14274  	0.13442  	-0.1722  	0.79508  	-0.0824  	1.56197  	0.69022  	-1.1758  	-0.5375  	0.93457  	0.22338  	0.31583  	0.84203  	-0.0557  	-0.1171  	-0.1268  	0.53982  	0.30210  	0.00195  	0.03024  	-0.0421  	-0.0139  	0.09351  	0.09934  	0.02818  	0.00547  	-0.0790  	-0.0948  	-0.0146  	-0.1740  	-0.1667  	0.26191  	-0.0395  	0.10438  	-0.4137  	-0.0561  	0.02400  	0.00541  	0.62820  	0.50885  	265.059  	212.284  	
0.23130  	-0.0707  	1.35960  	-0.7109  	0.77022  	-0.7720  	-1.7614  	-0.2314  	0.97623  	-1.1190  	-0.7542  	3.00930  	-0.4526  	-0.2821  	-1.5241  	1.24617  	0.55675  	-0.2594  	1.10335  	-0.4073  	-0.1730  	0.90536  	0.92332  	0.95246  	0.17593  	0.38824  	1.05135  	-2.9221  	-0.9213  	-0.8706  	-0.5566  	0.15628  	0.08869  	-0.1515  	0.78592  	0.03388  	1.39452  	0.61666  	-1.0237  	-0.3397  	0.90705  	0.23933  	0.27016  	0.86451  	-0.0510  	-0.1624  	-0.1131  	0.55430  	0.31986  	-0.0219  	0.06179  	-0.0496  	-0.0309  	0.11344  	0.12126  	0.02525  	0.01327  	-0.0746  	-0.0914  	-0.0005  	-0.1614  	-0.1671  	0.25423  	-0.0293  	0.10438  	-0.4137  	-0.0561  	0.02400  	0.00541  	0.62820  	0.50885  	265.059  	212.284  	
-0.0804  	-0.3020  	0.94903  	0.65271  	1.32096  	-0.6844  	-1.7448  	-0.5857  	0.77461  	-1.1454  	-1.3334  	3.12230  	-0.3597  	-0.0289  	-1.0021  	0.92872  	0.61024  	-0.2648  	1.03680  	-0.2540  	-0.7203  	1.10736  	0.86412  	1.10083  	0.18300  	0.42474  	1.12402  	-2.6750  	-0.7231  	-0.6457  	-0.7068  	0.12291  	-0.0078  	-0.1561  	0.70442  	0.03025  	1.21776  	0.54232  	-1.1180  	-0.1611  	0.73117  	0.24969  	0.15137  	0.88596  	-0.0441  	-0.1144  	-0.1306  	0.52911  	0.29415  	-0.0203  	0.10277  	-0.0406  	-0.0556  	0.11845  	0.10139  	0.01687  	0.02931  	-0.0844  	-0.0559  	-0.0072  	-0.1542  	-0.1809  	0.22146  	-0.0502  	0.10438  	-0.4137  	-0.0561  	0.02400  	0.00541  	0.62820  	0.50885  	265.059  	212.284  	
-0.1187  	-0.2503  	0.39397  	0.81004  	1.66996  	-0.6467  	-1.9452  	-0.6672  	0.64636  	-1.6553  	-1.9219  	3.02940  	-0.2546  	-0.1011  	-0.6736  	0.45751  	0.53414  	-0.1962  	0.89648  	-0.4617  	-1.0130  	1.04869  	0.92923  	1.05871  	0.19151  	0.46487  	0.92914  	-2.1048  	-0.2100  	-0.4772  	-0.6488  	-0.0063  	-0.0147  	-0.1055  	0.75394  	0.02786  	0.78603  	0.36851  	-0.9903  	-0.2301  	0.64148  	0.28688  	0.11449  	0.79866  	-0.0122  	-0.1175  	-0.0960  	0.45638  	0.24759  	-0.0215  	0.05762  	-0.0612  	-0.0201  	0.05765  	0.11254  	0.00972  	0.03953  	-0.0696  	-0.0561  	-0.0176  	-0.1684  	-0.1510  	0.24222  	-0.0418  	0.10438  	-0.4137  	-0.0561  	0.02400  	0.00541  	0.62820  	0.50885  	265.059  	212.284  	
0.11619  	-0.2257  	0.63270  	0.69251  	1.58292  	-0.4905  	-1.9012  	-0.5018  	0.72392  	-1.6197  	-1.9547  	2.87933  	-0.0539  	0.10518  	-0.3324  	0.36749  	0.48232  	-0.1879  	0.90725  	-0.4898  	-0.9754  	1.07101  	0.85390  	1.04529  	0.14254  	0.40948  	0.86317  	-2.2751  	-0.3557  	-0.5480  	-0.6273  	0.00943  	0.05961  	-0.1107  	0.75483  	0.04931  	0.84605  	0.38515  	-1.0039  	-0.2004  	0.76989  	0.32432  	0.13704  	0.78168  	-0.0192  	-0.1104  	-0.0896  	0.47150  	0.27547  	-0.0159  	0.06374  	-0.0490  	-0.0347  	0.07741  	0.10451  	0.00455  	0.02230  	-0.0659  	-0.0678  	-0.0371  	-0.1657  	-0.1373  	0.21960  	-0.0543  	0.10438  	-0.4137  	-0.0561  	0.02400  	0.00541  	0.62820  	0.50885  	265.059  	212.284  	
0.37660  	-0.0628  	0.85317  	0.80092  	1.56186  	-0.2297  	-1.7282  	-0.3892  	0.78079  	-1.5569  	-2.2468  	2.61279  	0.05200  	0.39498  	-0.3922  	0.25788  	0.54028  	-0.2591  	0.87760  	-0.7078  	-0.9949  	1.19383  	1.03333  	0.91712  	0.31207  	0.39840  	0.94279  	-2.2607  	-0.1414  	-0.4801  	-0.6132  	-0.0314  	0.04787  	-0.0872  	0.61939  	0.01991  	0.77408  	0.32467  	-0.8815  	-0.1964  	0.80819  	0.33346  	0.20060  	0.80200  	-0.0453  	-0.1057  	-0.1094  	0.51891  	0.30475  	-0.0170  	0.07380  	-0.0557  	-0.0225  	0.06447  	0.09004  	0.02929  	0.02053  	-0.0707  	-0.0725  	-0.0262  	-0.1525  	-0.1471  	0.22465  	-0.0625  	0.10438  	-0.4137  	-0.0561  	0.02400  	0.00541  	0.62820  	0.50885  	265.059  	212.284  	
0.38628  	-0.1109  	0.52863  	1.34487  	2.00143  	-0.5497  	-1.7541  	-0.4395  	0.76904  	-1.3685  	-2.5111  	2.73053  	0.14679  	0.68302  	-0.0917  	0.19615  	0.46971  	-0.3611  	0.86053  	-0.7102  	-1.1062  	1.31146  	0.94185  	1.03387  	0.55367  	0.36047  	1.04180  	-2.3379  	-0.0829  	-0.4027  	-0.6520  	-0.0645  	0.03197  	-0.0950  	0.76367  	0.07584  	0.67171  	0.27501  	-0.8339  	-0.1244  	0.60296  	0.40558  	0.09329  	0.80847  	-0.0297  	-0.1106  	-0.0993  	0.51340  	0.29277  	-0.0292  	0.09264  	-0.0453  	-0.0276  	0.06520  	0.09771  	0.02554  	0.01803  	-0.0776  	-0.0455  	-0.0179  	-0.1717  	-0.1362  	0.21753  	-0.0584  	0.10438  	-0.4137  	-0.0561  	0.02400  	0.00541  	0.62820  	0.50885  	265.059  	212.284  	
-0.2599  	-0.4404  	0.19333  	1.16736  	2.01038  	-1.1154  	-1.7391  	-0.5552  	0.72102  	-1.3355  	-1.7165  	3.14674  	-0.0553  	0.42221  	-0.5781  	0.33628  	0.42330  	-0.2324  	0.89622  	-0.3539  	-1.0426  	1.05098  	0.61312  	1.16951  	0.21877  	0.39723  	0.93527  	-2.0131  	-0.3457  	-0.5040  	-0.6248  	0.03369  	0.06814  	-0.1018  	0.95584  	0.02081  	0.80711  	0.24517  	-1.0353  	-0.1754  	0.66161  	0.35768  	0.03919  	0.76440  	-0.0024  	-0.1177  	-0.0716  	0.45689  	0.26025  	-0.0052  	0.05410  	-0.0548  	-0.0437  	0.07243  	0.07055  	-0.0052  	0.03053  	-0.0931  	-0.0645  	-0.0254  	-0.1784  	-0.1417  	0.20736  	-0.0657  	0.10438  	-0.4137  	-0.0561  	0.02400  	0.00541  	0.62820  	0.50885  	265.059  	212.284  	
-0.7856  	-0.4700  	0.17307  	0.28310  	1.65486  	-1.6399  	-1.8988  	-0.5939  	0.57390  	-1.2139  	-1.2079  	3.44551  	-0.1744  	-0.5364  	-1.2460  	0.16111  	0.54970  	-0.3114  	1.07022  	-0.8888  	-1.0358  	0.26199  	-0.1354  	1.06559  	-0.4700  	0.76403  	0.28392  	-2.0943  	-0.1263  	-0.7605  	-0.1653  	-0.1860  	-0.1755  	-0.5620  	0.47595  	0.03091  	0.38986  	0.34153  	-1.3481  	-0.4182  	1.01479  	0.70969  	-0.2764  	1.03985  	-0.2128  	-0.0619  	-0.1513  	0.55373  	0.19615  	-0.0943  	0.02943  	-0.0527  	-0.0594  	0.13575  	0.11112  	-0.0495  	0.04422  	-0.1122  	-0.1097  	-0.0309  	-0.1580  	-0.1852  	0.17008  	-0.0266  	0.10438  	-0.4137  	-0.0561  	0.02400  	0.00541  	0.62820  	0.50885  	265.059  	212.284  	
-0.9455  	-0.4238  	0.26289  	-0.1389  	1.41676  	-1.3511  	-2.0754  	-0.3863  	0.47003  	-1.4645  	-1.1594  	3.15437  	-0.2745  	-1.0859  	-1.3730  	0.00688  	0.92881  	-0.6922  	1.31214  	-1.6017  	-0.8473  	-0.3122  	-0.4571  	0.89270  	-0.5917  	1.05682  	0.28766  	-2.2738  	0.32134  	-0.8677  	0.16290  	-0.3094  	-0.4662  	-0.9937  	0.10255  	0.02057  	0.14069  	0.33823  	-1.5903  	-0.7410  	1.35090  	0.95507  	-0.4709  	1.21979  	-0.3550  	0.00221  	-0.1814  	0.52259  	0.14035  	-0.1014  	0.10349  	-0.0120  	-0.0268  	0.13566  	0.12993  	-0.0340  	0.04333  	-0.1375  	-0.0673  	0.01752  	-0.1167  	-0.1973  	0.15476  	-0.0325  	0.10438  	-0.4137  	-0.0561  	0.02400  	0.00541  	0.62820  	0.50885  	265.059  	212.284  	
-1.0116  	-0.5276  	0.34409  	-0.2134  	1.19101  	-1.2760  	-2.1677  	-0.5313  	0.46825  	-1.4416  	-1.3756  	3.06889  	-0.2089  	-1.3550  	-1.4451  	-0.0929  	1.09301  	-0.7538  	1.31557  	-1.8312  	-0.9822  	-0.5475  	-0.4914  	0.66702  	-0.6542  	1.18203  	0.15122  	-2.1320  	0.57712  	-0.8583  	0.30910  	-0.4070  	-0.5390  	-1.0606  	-0.2259  	0.08519  	-0.0484  	0.32298  	-1.6355  	-0.7775  	1.56960  	0.96117  	-0.4584  	1.29519  	-0.3763  	-0.0028  	-0.1965  	0.53277  	0.12865  	-0.0968  	0.10411  	-0.0095  	-0.0270  	0.15026  	0.15499  	-0.0495  	0.05212  	-0.1323  	-0.0712  	0.01053  	-0.1329  	-0.1968  	0.15824  	-0.0144  	0.10438  	-0.4137  	-0.0561  	0.02400  	0.00541  	0.62820  	0.50885  	265.059  	212.284  	
-1.0105  	-0.4898  	0.52295  	-0.4828  	1.04869  	-1.3164  	-2.0997  	-0.5985  	0.50641  	-1.3348  	-1.4354  	3.02098  	-0.2098  	-1.4620  	-1.6743  	-0.0318  	0.98747  	-0.6078  	1.33866  	-1.6975  	-1.2387  	-0.3805  	-0.3923  	0.60281  	-0.6116  	1.14072  	0.19003  	-2.1495  	0.51364  	-0.8401  	0.29279  	-0.3606  	-0.4578  	-0.9283  	-0.3270  	0.16017  	0.02965  	0.35488  	-1.5695  	-0.6833  	1.65705  	0.83499  	-0.3468  	1.28581  	-0.3589  	-0.0231  	-0.1861  	0.53107  	0.14633  	-0.0878  	0.08718  	-0.0132  	-0.0167  	0.14530  	0.14691  	-0.0468  	0.02417  	-0.1334  	-0.0900  	0.01552  	-0.1207  	-0.1666  	0.14994  	-0.0102  	0.10438  	-0.4137  	-0.0561  	0.02400  	0.00541  	0.62820  	0.50885  	265.059  	212.284  	
-1.1491  	-0.5698  	0.35711  	-1.0436  	0.73016  	-1.2320  	-2.1493  	-0.7794  	0.54376  	-1.3662  	-1.2523  	2.75672  	-0.3933  	-1.6267  	-2.0322  	0.24667  	0.88595  	-0.2546  	1.19810  	-1.1591  	-1.2897  	0.08256  	0.39261  	0.56676  	-0.4996  	0.91928  	0.24277  	-2.0334  	0.14151  	-0.8956  	0.00675  	-0.1909  	-0.2850  	-0.6073  	-0.2200  	0.23751  	0.35381  	0.43143  	-1.2801  	-0.5424  	1.54049  	0.54682  	-0.0709  	1.09812  	-0.2464  	-0.0570  	-0.1297  	0.47719  	0.16029  	-0.0293  	0.03627  	-0.0244  	-0.0180  	0.12335  	0.12059  	-0.0581  	0.03416  	-0.0928  	-0.0781  	-0.0194  	-0.1332  	-0.1543  	0.20682  	-0.0245  	0.10438  	-0.4137  	-0.0561  	0.02400  	0.00541  	0.62820  	0.50885  	265.059  	212.284  	
-1.0715  	-0.5518  	0.30487  	-0.7743  	0.77165  	-1.2036  	-2.1057  	-0.8268  	0.59566  	-1.4229  	-1.0422  	2.81589  	-0.7265  	-1.2304  	-1.8505  	0.43466  	0.56527  	-0.0628  	0.96145  	-0.5470  	-0.9921  	0.87778  	1.40514  	0.75140  	-0.3919  	0.63175  	0.49334  	-2.2917  	-0.5298  	-0.8604  	-0.4074  	0.01351  	-0.0081  	-0.1627  	0.35969  	0.14024  	1.00551  	0.52213  	-1.1031  	-0.4055  	1.13064  	0.25025  	0.21615  	0.84369  	-0.0385  	-0.1263  	-0.0651  	0.38037  	0.18598  	0.01389  	-0.0083  	-0.0377  	-0.0331  	0.08189  	0.10165  	-0.0402  	0.04590  	-0.0682  	-0.0843  	-0.0656  	-0.1585  	-0.1325  	0.25162  	-0.0191  	0.10438  	-0.4137  	-0.0561  	0.02400  	0.00541  	0.62820  	0.50885  	265.059  	212.284  	
-0.6642  	-0.3715  	0.55541  	-0.5162  	0.80660  	-1.0870  	-2.1013  	-0.5745  	0.71848  	-1.5004  	-0.9217  	2.94844  	-0.5695  	-0.8266  	-1.4836  	0.45035  	0.55757  	-0.1612  	0.89863  	-0.5347  	-0.7110  	0.83584  	1.43891  	0.86738  	-0.4965  	0.60016  	0.49839  	-2.4656  	-0.7084  	-0.8752  	-0.3751  	0.00687  	0.10059  	-0.1625  	0.51295  	-0.0574  	1.17105  	0.54517  	-1.1678  	-0.4582  	1.14898  	0.22271  	0.19581  	0.82555  	-0.0608  	-0.1205  	-0.0424  	0.40031  	0.19888  	0.01171  	-0.0082  	-0.0372  	-0.0326  	0.08232  	0.09602  	-0.0295  	0.02133  	-0.0657  	-0.0819  	-0.0427  	-0.1377  	-0.1461  	0.24786  	-0.0265  	0.10438  	-0.4137  	-0.0561  	0.02400  	0.00541  	0.62820  	0.50885  	265.059  	212.284  	
-0.1237  	-0.0857  	0.86053  	-0.3976  	0.75510  	-0.8854  	-2.0111  	-0.3892  	0.84051  	-1.5535  	-0.7746  	2.90995  	-0.4448  	-0.3839  	-1.3788  	0.64741  	0.57268  	-0.2371  	0.95808  	-0.6706  	-0.2661  	0.85359  	1.33473  	0.92939  	-0.5908  	0.53737  	0.70208  	-2.7822  	-1.0782  	-0.9261  	-0.4204  	0.09031  	0.12682  	-0.1691  	0.77533  	-0.2282  	1.38250  	0.65681  	-1.3103  	-0.5291  	1.00998  	0.19688  	0.19657  	0.77404  	-0.0631  	-0.1028  	-0.0396  	0.41558  	0.21576  	0.02921  	-0.0047  	-0.0278  	-0.0249  	0.09251  	0.09837  	-0.0121  	-0.0104  	-0.0736  	-0.0881  	-0.0607  	-0.1442  	-0.1162  	0.22764  	-0.0492  	0.10438  	-0.4137  	-0.0561  	0.02400  	0.00541  	0.62820  	0.50885  	265.059  	212.284  	
0.26679  	0.01465  	1.11569  	-0.2720  	0.78937  	-0.5900  	-1.9126  	-0.2506  	0.94873  	-1.5917  	-0.8822  	2.93807  	-0.3761  	-0.2907  	-1.3483  	0.77609  	0.56144  	-0.2288  	0.96798  	-0.6234  	-0.2772  	0.90821  	1.34426  	1.02275  	-0.4489  	0.50899  	0.76777  	-2.8233  	-1.0592  	-0.9051  	-0.4553  	0.08633  	0.18627  	-0.2114  	0.80932  	-0.1710  	1.38745  	0.60455  	-1.2610  	-0.5475  	0.96274  	0.20200  	0.23931  	0.78086  	-0.0660  	-0.1136  	-0.0515  	0.44418  	0.25048  	0.03166  	0.01921  	-0.0372  	-0.0235  	0.08646  	0.09758  	0.00831  	0.00041  	-0.0789  	-0.0911  	-0.0437  	-0.1453  	-0.1204  	0.24184  	-0.0436  	0.10438  	-0.4137  	-0.0561  	0.02400  	0.00541  	0.62820  	0.50885  	265.059  	212.284  	
0.18440  	-0.1264  	1.05038  	-0.1808  	0.97260  	-0.6380  	-1.8836  	-0.2448  	0.99840  	-1.4948  	-1.0186  	3.02764  	-0.2758  	-0.3265  	-1.4773  	0.81916  	0.53212  	-0.1180  	0.93114  	-0.4771  	-0.6019  	0.78673  	1.24618  	0.88884  	-0.4209  	0.51907  	0.52660  	-2.4194  	-0.7342  	-0.8480  	-0.4633  	0.02527  	0.27697  	-0.1743  	0.67896  	-0.0982  	1.11645  	0.54374  	-1.0908  	-0.4531  	1.02919  	0.19850  	0.25410  	0.78866  	-0.0657  	-0.1169  	-0.0645  	0.48568  	0.26565  	-0.0182  	0.04671  	-0.0353  	-0.0313  	0.06186  	0.10152  	-0.0081  	0.01854  	-0.0846  	-0.0938  	-0.0404  	-0.1479  	-0.1527  	0.26944  	-0.0273  	0.10438  	-0.4137  	-0.0561  	0.02400  	0.00541  	0.62820  	0.50885  	265.059  	212.284  	
-0.1841  	-0.2466  	0.74940  	-0.5870  	0.82773  	-1.0391  	-1.8228  	-0.5816  	0.87503  	-1.2346  	-0.8966  	2.98309  	-0.3613  	-0.5223  	-2.0676  	0.88647  	0.44955  	0.14612  	1.00581  	-0.3204  	-0.9783  	0.61279  	0.97159  	0.74751  	-0.2143  	0.51513  	0.31226  	-2.1286  	-0.4169  	-0.8349  	-0.4749  	-0.0672  	0.17463  	-0.1176  	0.48514  	0.17402  	0.91374  	0.46875  	-1.0194  	-0.4229  	1.14483  	0.20726  	0.25813  	0.74836  	-0.0563  	-0.1167  	-0.0614  	0.50523  	0.24213  	0.02021  	0.02786  	-0.0592  	-0.0171  	0.07272  	0.10979  	-0.0258  	0.01208  	-0.0666  	-0.0850  	-0.0366  	-0.1612  	-0.1561  	0.27688  	0.00611  	0.10438  	-0.4137  	-0.0561  	0.02400  	0.00541  	0.62820  	0.50885  	265.059  	212.284  	
-1.0622  	-0.4810  	0.35035  	-1.0853  	0.64941  	-1.2760  	-1.9948  	-0.7709  	0.73619  	-1.2292  	-0.7715  	2.77415  	-0.6370  	-0.9999  	-2.4020  	0.45130  	0.51980  	0.06382  	1.06251  	-0.4489  	-1.0537  	0.71381  	1.17201  	0.80921  	-0.2718  	0.50674  	0.48468  	-2.2696  	-0.5010  	-0.8606  	-0.3574  	-0.0160  	0.05614  	-0.1713  	0.46477  	0.18798  	0.99115  	0.46082  	-1.0602  	-0.3532  	1.12503  	0.17192  	0.24611  	0.82294  	-0.0460  	-0.1195  	-0.0445  	0.44759  	0.21517  	-0.0092  	0.04616  	-0.0317  	-0.0373  	0.06768  	0.10761  	-0.0362  	0.03594  	-0.0717  	-0.0803  	-0.0542  	-0.1635  	-0.1545  	0.26034  	-0.0161  	0.10438  	-0.4137  	-0.0561  	0.02400  	0.00541  	0.62820  	0.50885  	265.059  	212.284  	
-1.4798  	-0.6468  	0.19303  	-1.4513  	0.43942  	-1.3992  	-2.0686  	-0.9933  	0.58009  	-1.1179  	-0.8455  	2.59472  	-0.7562  	-1.4314  	-2.6076  	0.30268  	0.51267  	0.07432  	1.05208  	-0.4874  	-1.1969  	0.79508  	1.18233  	0.77750  	-0.1417  	0.58676  	0.54777  	-2.2165  	-0.3658  	-0.8177  	-0.3643  	-0.0514  	-0.0206  	-0.1725  	0.16350  	0.39016  	0.88766  	0.44903  	-1.0414  	-0.3400  	1.09955  	0.21269  	0.21385  	0.83221  	-0.0348  	-0.1177  	-0.0705  	0.41807  	0.19449  	-0.0029  	0.03735  	-0.0384  	-0.0210  	0.08368  	0.10983  	-0.0501  	0.05900  	-0.0567  	-0.0719  	-0.0311  	-0.1579  	-0.1698  	0.24563  	-0.0182  	0.10438  	-0.4137  	-0.0561  	0.02400  	0.00541  	0.62820  	0.50885  	265.059  	212.284  	
-1.7398  	-0.6886  	0.21308  	-1.8243  	0.18821  	-1.6760  	-1.9873  	-1.1601  	0.55290  	-0.9592  	-0.7430  	2.47784  	-0.7180  	-1.6025  	-2.8805  	0.23317  	0.59179  	0.09513  	1.04877  	-0.4832  	-1.3877  	0.75841  	1.34636  	0.54271  	-0.2051  	0.64985  	0.31467  	-2.0254  	-0.3237  	-0.8978  	-0.3229  	-0.0734  	-0.0974  	-0.1372  	-0.0536  	0.46040  	0.79869  	0.46921  	-1.0059  	-0.4224  	1.30766  	0.19314  	0.29040  	0.86156  	-0.0445  	-0.1478  	-0.0470  	0.44154  	0.22973  	0.00561  	0.03596  	-0.0402  	-0.0346  	0.10070  	0.12443  	-0.0555  	0.04293  	-0.0662  	-0.0685  	-0.0408  	-0.1488  	-0.1445  	0.26745  	-0.0173  	0.10438  	-0.4137  	-0.0561  	0.02400  	0.00541  	0.62820  	0.50885  	265.059  	212.284  	
-1.8430  	-0.6842  	0.21061  	-1.8498  	0.20181  	-1.7064  	-1.9842  	-1.2136  	0.56207  	-0.9238  	-0.7621  	2.44639  	-0.8098  	-1.7338  	-2.8921  	0.28135  	0.63958  	0.09181  	1.07797  	-0.5626  	-1.3808  	0.77788  	1.42793  	0.50666  	-0.2772  	0.66313  	0.32538  	-2.1158  	-0.3517  	-0.9017  	-0.3062  	-0.0428  	-0.0960  	-0.1552  	-0.0700  	0.41582  	0.85855  	0.47883  	-1.0254  	-0.4741  	1.37008  	0.18679  	0.30811  	0.89024  	-0.0451  	-0.1485  	-0.0505  	0.43772  	0.21250  	0.01905  	0.04375  	-0.0370  	-0.0432  	0.10042  	0.12345  	-0.0455  	0.03874  	-0.0633  	-0.0717  	-0.0429  	-0.1483  	-0.1291  	0.26441  	-0.0123  	0.10438  	-0.4137  	-0.0561  	0.02400  	0.00541  	0.62820  	0.50885  	265.059  	212.284  	
-1.8424  	-0.6197  	0.16929  	-2.0366  	0.09578  	-1.7351  	-2.0053  	-1.1903  	0.47561  	-0.9282  	-0.6773  	2.35336  	-0.8811  	-1.7617  	-3.0089  	0.27967  	0.58156  	0.12970  	1.14369  	-0.4537  	-1.2303  	0.74199  	1.46045  	0.61080  	-0.2487  	0.64545  	0.34776  	-2.1968  	-0.4588  	-0.8927  	-0.3469  	-0.0625  	-0.0931  	-0.1603  	0.02627  	0.39015  	0.92110  	0.42110  	-1.0872  	-0.4192  	1.28598  	0.22349  	0.23002  	0.88314  	-0.0407  	-0.1293  	-0.0427  	0.42406  	0.20755  	0.00867  	0.03528  	-0.0229  	-0.0379  	0.09263  	0.09026  	-0.0405  	0.04245  	-0.0555  	-0.0830  	-0.0616  	-0.1551  	-0.1648  	0.26259  	-0.0389  	0.10438  	-0.4137  	-0.0561  	0.02400  	0.00541  	0.62820  	0.50885  	265.059  	212.284  	
-2.1634  	-0.6302  	0.01165  	-1.9129  	0.32560  	-2.0326  	-1.9567  	-1.1264  	0.43936  	-0.7765  	-0.6026  	2.54091  	-0.7486  	-1.6149  	-2.8171  	0.27211  	0.49752  	0.07869  	1.02736  	-0.4571  	-1.4040  	0.88797  	1.39724  	0.71318  	-0.3578  	0.63191  	0.33244  	-2.1214  	-0.3124  	-0.8735  	-0.3129  	-0.0933  	-0.0287  	-0.1482  	-0.0144  	0.35054  	0.73772  	0.40395  	-1.0046  	-0.3612  	1.31043  	0.22627  	0.22481  	0.84806  	-0.0390  	-0.1301  	-0.0497  	0.39764  	0.18595  	0.01329  	0.00390  	-0.0362  	-0.0258  	0.08672  	0.07542  	-0.0738  	0.02391  	-0.0757  	-0.0718  	-0.0355  	-0.1362  	-0.1395  	0.24225  	-0.0412  	0.10438  	-0.4137  	-0.0561  	0.02400  	0.00541  	0.62820  	0.50885  	265.059  	212.284  	
-1.9325  	-0.6709  	-0.0714  	-1.3894  	0.66778  	-2.0076  	-1.9943  	-0.9215  	0.55616  	-1.0357  	-0.5072  	2.88268  	-0.6101  	-1.2799  	-2.3935  	0.25467  	0.50154  	0.09646  	0.91759  	-0.3728  	-1.3174  	0.85748  	1.20698  	0.81921  	-0.4627  	0.62030  	0.33409  	-2.0665  	-0.4576  	-0.8549  	-0.3703  	-0.1105  	0.04057  	-0.1509  	0.12740  	0.26971  	0.68123  	0.39417  	-0.9334  	-0.3428  	1.15574  	0.24866  	0.16174  	0.76539  	-0.0561  	-0.1187  	-0.0515  	0.40453  	0.22185  	0.00994  	0.03369  	-0.0449  	-0.0328  	0.09364  	0.10497  	-0.0710  	0.02295  	-0.0863  	-0.0671  	-0.0308  	-0.1458  	-0.1191  	0.22910  	-0.0168  	0.10438  	-0.4137  	-0.0561  	0.02400  	0.00541  	0.62820  	0.50885  	265.059  	212.284  	
-1.0009  	-0.3709  	0.24412  	-0.5514  	0.95237  	-1.3090  	-2.0390  	-0.6652  	0.68209  	-1.4764  	-1.1654  	3.29951  	-0.4030  	-0.6988  	-1.8011  	0.28343  	0.55276  	0.09491  	1.04095  	-0.3303  	-1.1454  	0.83190  	1.19474  	0.66958  	-0.4062  	0.59918  	0.26229  	-1.8122  	-0.2877  	-0.7504  	-0.3477  	-0.1999  	0.00522  	-0.1102  	0.29572  	0.21317  	0.67068  	0.31003  	-0.8854  	-0.3878  	1.11090  	0.17908  	0.25850  	0.79675  	-0.0365  	-0.1168  	-0.0776  	0.48307  	0.20959  	0.01674  	0.05656  	-0.0518  	-0.0311  	0.07530  	0.08710  	0.00891  	0.05136  	-0.1059  	-0.0550  	-0.0293  	-0.1632  	-0.1415  	0.21347  	-0.0427  	0.10438  	-0.4137  	-0.0561  	0.02400  	0.00541  	0.62820  	0.50885  	265.059  	212.284  	
-0.2796  	-0.2736  	0.62090  	-0.0142  	0.87763  	-0.7603  	-2.0722  	-0.5268  	0.73226  	-1.4751  	-1.6201  	3.13141  	-0.2811  	-0.5061  	-1.0759  	0.47136  	0.60699  	0.00789  	1.00596  	-0.5052  	-0.8525  	0.92123  	1.30651  	0.82123  	-0.2260  	0.49227  	0.51765  	-2.3319  	-0.5366  	-0.8076  	-0.4144  	0.02915  	0.11737  	-0.1988  	0.49783  	-0.0218  	0.90699  	0.48078  	-1.0082  	-0.3142  	1.08289  	0.11255  	0.29897  	0.81818  	-0.0666  	-0.1545  	-0.0508  	0.47442  	0.28725  	-0.0005  	0.05887  	-0.0496  	-0.0382  	0.07629  	0.09731  	0.00337  	0.01388  	-0.0901  	-0.0634  	-0.0353  	-0.1661  	-0.1516  	0.24370  	-0.0382  	0.10438  	-0.4137  	-0.0561  	0.02400  	0.00541  	0.62820  	0.50885  	265.059  	212.284  	
-0.1740  	-0.1921  	0.83308  	-0.1440  	1.21175  	-0.6782  	-1.9986  	-0.5754  	0.77718  	-1.3448  	-1.2620  	2.99179  	-0.4936  	-0.8104  	-1.5688  	0.82601  	0.51927  	-0.0884  	1.09083  	-0.4823  	-0.8687  	0.90703  	0.97218  	1.02766  	-0.1864  	0.42021  	0.70913  	-2.4224  	-0.5957  	-0.7860  	-0.4957  	0.09900  	0.05943  	-0.1160  	0.63955  	0.21842  	1.16118  	0.46831  	-1.1018  	-0.2903  	1.03146  	0.20165  	0.26973  	0.80776  	-0.0717  	-0.1290  	-0.1067  	0.47468  	0.29807  	-0.0283  	0.03111  	-0.0591  	-0.0332  	0.08396  	0.11269  	0.02337  	0.04571  	-0.0757  	-0.0617  	-0.0145  	-0.1618  	-0.1437  	0.23022  	-0.0508  	0.10438  	-0.4137  	-0.0561  	0.02400  	0.00541  	0.62820  	0.50885  	265.059  	212.284  	
-0.2744  	-0.3898  	0.64490  	-0.4372  	1.05460  	-0.9580  	-1.9957  	-0.7978  	0.60212  	-1.1404  	-0.9499  	2.91574  	-0.6452  	-1.1161  	-2.1391  	1.02107  	0.37466  	0.11990  	1.01534  	-0.2738  	-1.0786  	0.85405  	0.88164  	0.92316  	-0.1074  	0.45720  	0.65831  	-2.1415  	-0.5130  	-0.8187  	-0.4940  	0.08066  	0.02804  	-0.1744  	0.62946  	0.36360  	0.95231  	0.45827  	-1.0769  	-0.3178  	0.97044  	0.24870  	0.21530  	0.81935  	-0.0549  	-0.1294  	-0.0551  	0.48280  	0.27203  	-0.0187  	0.10209  	-0.0366  	-0.0021  	0.06671  	0.10959  	-0.0229  	0.06941  	-0.0794  	-0.0679  	-0.0386  	-0.1695  	-0.1965  	0.26395  	-0.0424  	0.10438  	-0.4137  	-0.0561  	0.02400  	0.00541  	0.62820  	0.50885  	265.059  	212.284  	
-0.4153  	-0.5309  	0.74200  	-0.8249  	0.95575  	-1.0235  	-1.8909  	-0.9348  	0.61928  	-1.0126  	-0.8969  	2.70495  	-0.6423  	-1.3355  	-2.4669  	1.05301  	0.30114  	0.10358  	1.03950  	-0.3369  	-1.2089  	0.86927  	0.92948  	0.84200  	-0.0325  	0.43165  	0.70429  	-2.0771  	-0.4667  	-0.8062  	-0.4762  	0.09056  	-0.0284  	-0.1461  	0.57941  	0.53693  	0.97317  	0.46870  	-1.0798  	-0.2566  	1.04184  	0.28174  	0.24336  	0.84839  	-0.0835  	-0.1098  	-0.0716  	0.45386  	0.24285  	-0.0253  	0.07863  	-0.0341  	-0.0182  	0.07053  	0.13200  	-0.0191  	0.04704  	-0.0792  	-0.0676  	-0.0297  	-0.1748  	-0.1773  	0.26525  	-0.0293  	0.10438  	-0.4137  	-0.0561  	0.02400  	0.00541  	0.62820  	0.50885  	265.059  	212.284  	
-0.7317  	-0.5432  	0.47080  	-0.9975  	0.66593  	-1.1098  	-1.8921  	-0.9780  	0.55209  	-1.2212  	-1.0689  	2.56528  	-0.6252  	-1.4255  	-2.3920  	0.73106  	0.42862  	0.06013  	0.99486  	-0.3792  	-1.3208  	0.87429  	1.03406  	0.69604  	-0.1366  	0.53636  	0.52072  	-1.9580  	-0.3212  	-0.8138  	-0.4101  	0.06415  	-0.0454  	-0.1427  	0.36996  	0.49420  	0.85812  	0.45749  	-1.0303  	-0.2972  	1.13681  	0.24678  	0.24634  	0.84428  	-0.0830  	-0.1328  	-0.0609  	0.42924  	0.22958  	-0.0089  	0.06755  	-0.0419  	-0.0148  	0.07848  	0.12296  	-0.0353  	0.04847  	-0.0713  	-0.0770  	-0.0317  	-0.1588  	-0.1693  	0.26177  	-0.0154  	0.10438  	-0.4137  	-0.0561  	0.02400  	0.00541  	0.62820  	0.50885  	265.059  	212.284  	
-1.0745  	-0.6528  	0.24656  	-0.9520  	0.58824  	-1.3810  	-2.0155  	-1.0358  	0.51693  	-1.3543  	-1.0413  	2.59063  	-0.6996  	-1.4808  	-2.1966  	0.51077  	0.56253  	0.07204  	0.97940  	-0.4164  	-1.3176  	0.74449  	1.20710  	0.74006  	-0.2075  	0.59356  	0.47739  	-2.0107  	-0.3380  	-0.8309  	-0.3918  	0.01968  	-0.0827  	-0.1562  	0.39717  	0.40703  	0.85800  	0.44281  	-1.1214  	-0.3496  	1.14322  	0.24932  	0.20997  	0.81199  	-0.0452  	-0.1255  	-0.0476  	0.40777  	0.21448  	0.01938  	0.04553  	-0.0491  	-0.0257  	0.08326  	0.12363  	-0.0352  	0.05547  	-0.0661  	-0.0629  	-0.0517  	-0.1757  	-0.1540  	0.28084  	-0.0229  	0.10438  	-0.4137  	-0.0561  	0.02400  	0.00541  	0.62820  	0.50885  	265.059  	212.284  	
-0.4542  	-0.3765  	0.57830  	-0.4930  	0.86277  	-1.0732  	-1.9811  	-0.6400  	0.71010  	-1.5974  	-0.8856  	2.78388  	-0.5932  	-0.7756  	-1.3399  	0.41872  	0.56700  	-0.1791  	0.95731  	-0.5751  	-0.6367  	0.83292  	1.23264  	0.99346  	-0.3308  	0.51792  	0.66337  	-2.5790  	-0.8376  	-0.8532  	-0.4262  	0.09133  	0.10661  	-0.1742  	0.67853  	-0.0527  	1.27184  	0.57137  	-1.2710  	-0.4763  	1.05822  	0.23372  	0.16864  	0.79032  	-0.0542  	-0.0969  	-0.0353  	0.38190  	0.21671  	-0.0121  	0.00684  	-0.0282  	-0.0266  	0.08496  	0.11053  	-0.0395  	0.02160  	-0.0808  	-0.0857  	-0.0480  	-0.1489  	-0.1421  	0.24690  	-0.0338  	0.10438  	-0.4137  	-0.0561  	0.02400  	0.00541  	0.62820  	0.50885  	265.059  	212.284  	
-0.0733  	-0.0920  	0.81467  	-0.4467  	0.76302  	-0.9312  	-1.9743  	-0.4051  	0.91134  	-1.4324  	-0.8320  	2.98625  	-0.3671  	-0.5008  	-1.7356  	0.78993  	0.55298  	-0.0872  	0.96378  	-0.4698  	-0.5946  	0.77167  	1.15925  	0.80142  	-0.4663  	0.50971  	0.60139  	-2.5147  	-0.9024  	-0.9325  	-0.4236  	0.04480  	0.20871  	-0.2040  	0.70463  	-0.0626  	1.14868  	0.56532  	-1.1513  	-0.4488  	1.03325  	0.23228  	0.23817  	0.76199  	-0.0673  	-0.1004  	-0.0414  	0.43461  	0.23110  	0.02968  	0.03073  	-0.0305  	-0.0346  	0.09058  	0.10503  	-0.0135  	-0.0076  	-0.0691  	-0.0895  	-0.0493  	-0.1495  	-0.1237  	0.24516  	-0.0422  	0.10438  	-0.4137  	-0.0561  	0.02400  	0.00541  	0.62820  	0.50885  	265.059  	212.284  	
0.50372  	-0.1356  	1.18292  	-0.0316  	0.99740  	-0.4678  	-1.8745  	-0.3515  	0.97534  	-1.3163  	-1.3663  	2.77380  	-0.0391  	-0.0099  	-1.4841  	0.68511  	0.59604  	-0.1454  	0.97291  	-0.6312  	-0.8237  	0.89301  	1.15961  	0.92513  	-0.2605  	0.48218  	0.76735  	-2.6176  	-0.7378  	-0.6977  	-0.4184  	0.11009  	0.18513  	-0.1641  	0.61219  	-0.0705  	1.06370  	0.52275  	-1.0700  	-0.4176  	0.99798  	0.20578  	0.33062  	0.82698  	-0.0966  	-0.0990  	-0.0837  	0.53624  	0.29822  	-0.0094  	0.01817  	-0.0382  	-0.0260  	0.08142  	0.10588  	0.00759  	-0.0100  	-0.0932  	-0.0822  	-0.0125  	-0.1254  	-0.1443  	0.25943  	-0.0302  	0.10438  	-0.4137  	-0.0561  	0.02400  	0.00541  	0.62820  	0.50885  	265.059  	212.284  	
-0.1973  	-0.2833  	0.67223  	-0.7621  	0.73569  	-1.2549  	-1.8653  	-0.6065  	0.74875  	-1.1746  	-1.0428  	2.57587  	-0.3364  	-0.3057  	-1.8741  	0.48798  	0.54564  	0.00461  	0.93940  	-0.4217  	-0.8984  	0.76165  	0.98818  	0.97356  	-0.0306  	0.44556  	0.73526  	-2.5647  	-0.7307  	-0.8581  	-0.4361  	0.01820  	0.11990  	-0.2065  	0.62647  	0.07553  	1.15754  	0.49842  	-1.1394  	-0.3701  	1.13451  	0.23395  	0.23905  	0.76038  	-0.0518  	-0.1082  	-0.0719  	0.49730  	0.24813  	0.02630  	0.02347  	-0.0470  	-0.0527  	0.08351  	0.10461  	0.01224  	0.01720  	-0.0819  	-0.0818  	-0.0327  	-0.1585  	-0.1465  	0.23164  	-0.0196  	0.10438  	-0.4137  	-0.0561  	0.02400  	0.00541  	0.62820  	0.50885  	265.059  	212.284  	
-1.1139  	-0.5195  	0.48102  	-1.3453  	0.48452  	-1.2303  	-2.0680  	-0.7807  	0.64967  	-1.2450  	-0.6456  	2.64276  	-0.6345  	-1.2192  	-2.1332  	0.24238  	0.61180  	-0.1769  	1.10580  	-0.6314  	-0.5955  	0.89937  	1.33679  	1.00905  	-0.3814  	0.43805  	0.84324  	-2.7387  	-0.8819  	-0.9152  	-0.3810  	0.02798  	0.01400  	-0.2301  	0.56057  	-0.0102  	1.27369  	0.50927  	-1.3162  	-0.3738  	1.06620  	0.22647  	0.13495  	0.76567  	-0.0316  	-0.1081  	-0.0548  	0.41468  	0.20672  	0.01664  	0.00675  	-0.0347  	-0.0483  	0.09059  	0.09644  	-0.0232  	0.02908  	-0.0797  	-0.0839  	-0.0433  	-0.1520  	-0.1831  	0.23472  	-0.0554  	0.10438  	-0.4137  	-0.0561  	0.02400  	0.00541  	0.62820  	0.50885  	265.059  	212.284  	
-1.1631  	-0.6642  	0.27727  	-1.1853  	0.57676  	-1.2591  	-2.0669  	-1.0020  	0.57091  	-1.3309  	-0.8514  	2.67392  	-0.7080  	-1.5330  	-2.4415  	0.43062  	0.58513  	-0.0001  	1.01908  	-0.5414  	-1.1993  	0.73710  	1.41053  	0.83403  	-0.3084  	0.62642  	0.55971  	-2.0603  	-0.4010  	-0.8478  	-0.4099  	0.03112  	0.00814  	-0.1554  	0.28851  	0.34133  	0.93122  	0.43465  	-1.1218  	-0.3844  	1.19686  	0.22102  	0.24981  	0.86301  	-0.0385  	-0.1351  	-0.0434  	0.40997  	0.20181  	-0.0081  	0.00997  	-0.0413  	-0.0235  	0.07569  	0.11619  	-0.0569  	0.03713  	-0.0558  	-0.0714  	-0.0549  	-0.1612  	-0.1542  	0.26378  	-0.0182  	0.10438  	-0.4137  	-0.0561  	0.02400  	0.00541  	0.62820  	0.50885  	265.059  	212.284  	
-0.7952  	-0.5043  	0.45826  	-0.8739  	0.75790  	-1.1814  	-1.9843  	-0.9058  	0.62670  	-1.0690  	-0.9360  	2.89883  	-0.6058  	-1.3873  	-2.4700  	0.67425  	0.49573  	0.15776  	1.01443  	-0.2442  	-1.3595  	0.69996  	1.05009  	0.69604  	-0.3799  	0.55547  	0.29224  	-1.8711  	-0.3232  	-0.8634  	-0.4037  	0.02985  	0.01993  	-0.1442  	0.30846  	0.39922  	0.79975  	0.40763  	-1.0256  	-0.3125  	1.17956  	0.19026  	0.22069  	0.82509  	-0.0591  	-0.1386  	-0.0545  	0.44989  	0.24898  	-0.0184  	0.05120  	-0.0428  	-0.0145  	0.06229  	0.11809  	-0.0422  	0.05037  	-0.0669  	-0.0783  	-0.0427  	-0.1583  	-0.1661  	0.25932  	-0.0143  	0.10438  	-0.4137  	-0.0561  	0.02400  	0.00541  	0.62820  	0.50885  	265.059  	212.284  	
-0.7348  	-0.5259  	0.69214  	-0.8803  	0.80170  	-1.2003  	-1.9400  	-0.9289  	0.63695  	-0.9564  	-0.8139  	2.87167  	-0.6344  	-1.3456  	-2.6761  	0.92094  	0.39041  	0.16883  	1.02856  	-0.1551  	-1.4416  	0.70390  	0.86911  	0.72821  	-0.2891  	0.53970  	0.30665  	-1.9104  	-0.3135  	-0.8772  	-0.4604  	0.05579  	0.02754  	-0.1490  	0.41553  	0.50615  	0.79335  	0.41212  	-1.0447  	-0.2732  	1.13485  	0.23478  	0.23113  	0.79715  	-0.0762  	-0.1298  	-0.0613  	0.46477  	0.25893  	0.00084  	0.07733  	-0.0444  	-0.0270  	0.07324  	0.12234  	-0.0248  	0.05334  	-0.0693  	-0.0839  	-0.0493  	-0.1612  	-0.1671  	0.25909  	-0.0288  	0.10438  	-0.4137  	-0.0561  	0.02400  	0.00541  	0.62820  	0.50885  	265.059  	212.284  	
-0.8923  	-0.5048  	0.64291  	-1.1479  	0.56399  	-1.3696  	-1.9551  	-1.0854  	0.54102  	-0.8615  	-0.7555  	2.72786  	-0.7247  	-1.4249  	-2.9152  	0.80666  	0.38522  	0.19114  	0.96924  	-0.3356  	-1.5659  	0.73827  	0.96294  	0.65132  	-0.2982  	0.57667  	0.22677  	-1.8692  	-0.2275  	-0.8392  	-0.4176  	0.07991  	0.04237  	-0.1533  	0.25333  	0.52284  	0.76633  	0.38135  	-0.9851  	-0.2482  	1.22796  	0.20375  	0.26970  	0.83101  	-0.0608  	-0.1371  	-0.0689  	0.44755  	0.25970  	0.00274  	0.06044  	-0.0626  	-0.0210  	0.07668  	0.13018  	-0.0408  	0.04954  	-0.0644  	-0.0895  	-0.0443  	-0.1621  	-0.1600  	0.27410  	-0.0107  	0.10438  	-0.4137  	-0.0561  	0.02400  	0.00541  	0.62820  	0.50885  	265.059  	212.284  	
-1.8296  	-0.7113  	0.08340  	-1.5190  	0.48316  	-1.8523  	-1.9359  	-1.2095  	0.54795  	-0.8923  	-0.7107  	2.57857  	-0.6006  	-1.4888  	-2.7696  	0.40046  	0.52422  	0.03636  	0.98032  	-0.3149  	-1.4194  	0.73440  	1.10776  	0.80411  	-0.1435  	0.56715  	0.33118  	-1.8324  	-0.3645  	-0.8222  	-0.3480  	-0.0217  	-0.0336  	-0.1427  	0.35758  	0.52227  	0.76339  	0.33659  	-1.1228  	-0.3522  	1.14405  	0.21569  	0.17284  	0.78540  	-0.0100  	-0.1348  	-0.0528  	0.37198  	0.24512  	0.03397  	0.08649  	-0.0404  	-0.0250  	0.08922  	0.09710  	-0.0396  	0.02652  	-0.0614  	-0.0533  	-0.0388  	-0.1695  	-0.1331  	0.27608  	-0.0330  	0.10438  	-0.4137  	-0.0561  	0.02400  	0.00541  	0.62820  	0.50885  	265.059  	212.284  	
-2.0493  	-0.5867  	-0.0138  	-1.8717  	0.26119  	-2.1681  	-2.1310  	-1.0511  	0.50746  	-0.8916  	-0.4788  	2.60681  	-0.8744  	-1.1622  	-2.3007  	-0.0405  	0.60846  	-0.0712  	1.03792  	-0.6943  	-1.0114  	0.85012  	1.36259  	0.74291  	-0.3315  	0.66236  	0.62050  	-2.4048  	-0.5705  	-0.8349  	-0.2771  	-0.1112  	-0.0281  	-0.1436  	0.27907  	0.24369  	0.91776  	0.43494  	-1.1288  	-0.4523  	1.14434  	0.26147  	0.23545  	0.77637  	-0.0459  	-0.1425  	-0.0500  	0.38944  	0.15468  	0.00975  	0.00231  	-0.0313  	-0.0466  	0.10094  	0.07798  	-0.0384  	0.02024  	-0.0772  	-0.0788  	-0.0292  	-0.1500  	-0.1402  	0.25491  	-0.0455  	0.10438  	-0.4137  	-0.0561  	0.02400  	0.00541  	0.62820  	0.50885  	265.059  	212.284  	
-1.3493  	-0.5873  	0.38641  	-1.4006  	0.48470  	-1.4428  	-2.0710  	-0.9325  	0.64619  	-1.1742  	-0.7378  	2.68662  	-0.7321  	-1.3550  	-2.6372  	0.42048  	0.61832  	0.01162  	1.02263  	-0.5120  	-1.1650  	0.72127  	1.37290  	0.83573  	-0.3866  	0.65358  	0.38431  	-2.0370  	-0.3795  	-0.8521  	-0.3735  	-0.0053  	0.03620  	-0.1407  	0.21967  	0.30400  	0.88573  	0.40437  	-1.0976  	-0.4058  	1.22420  	0.20292  	0.22439  	0.81986  	-0.0320  	-0.1366  	-0.0399  	0.42566  	0.21348  	0.01130  	0.02286  	-0.0487  	-0.0269  	0.07841  	0.09971  	-0.0608  	0.04711  	-0.0675  	-0.0789  	-0.0488  	-0.1599  	-0.1417  	0.27863  	-0.0073  	0.10438  	-0.4137  	-0.0561  	0.02400  	0.00541  	0.62820  	0.50885  	265.059  	212.284  	
-0.8680  	-0.5086  	0.54358  	-1.0032  	0.75799  	-1.2324  	-2.0094  	-0.8743  	0.62482  	-1.0575  	-0.8234  	2.83325  	-0.6691  	-1.4390  	-2.5682  	0.70498  	0.47633  	0.05094  	1.00021  	-0.2346  	-1.2838  	0.73046  	1.12993  	0.74409  	-0.3418  	0.58746  	0.32896  	-1.9302  	-0.3571  	-0.9120  	-0.3734  	0.00265  	0.01178  	-0.1440  	0.29591  	0.37949  	0.90395  	0.42726  	-1.0577  	-0.3437  	1.20055  	0.15650  	0.25045  	0.82311  	-0.0338  	-0.1255  	-0.0452  	0.46022  	0.23413  	-0.0127  	0.05324  	-0.0463  	-0.0294  	0.05365  	0.10836  	-0.0399  	0.05495  	-0.0702  	-0.0876  	-0.0523  	-0.1547  	-0.1715  	0.28062  	-0.0112  	0.10438  	-0.4137  	-0.0561  	0.02400  	0.00541  	0.62820  	0.50885  	265.059  	212.284  	
-0.6971  	-0.4413  	0.86905  	-0.7510  	0.89973  	-1.2773  	-2.0909  	-0.7054  	0.58256  	-0.9276  	-0.6228  	2.99007  	-0.5206  	-1.6200  	-2.4439  	0.75487  	0.66721  	-0.3657  	1.22605  	-0.8601  	-1.1683  	0.01049  	0.03758  	0.70600  	-0.4224  	0.81087  	0.29297  	-2.1602  	-0.1191  	-0.9510  	-0.1131  	-0.0853  	-0.2755  	-0.6186  	0.19906  	0.40722  	0.53132  	0.47686  	-1.3492  	-0.5545  	1.38084  	0.58522  	-0.1211  	1.01359  	-0.2583  	-0.0805  	-0.1382  	0.52027  	0.20366  	-0.0440  	0.08174  	-0.0294  	-0.0099  	0.12967  	0.14006  	-0.0263  	0.04643  	-0.1160  	-0.0806  	-0.0167  	-0.1409  	-0.1781  	0.21213  	-0.0283  	0.10438  	-0.4137  	-0.0561  	0.02400  	0.00541  	0.62820  	0.50885  	265.059  	212.284  	
-0.6288  	-0.4700  	0.89248  	-0.8387  	0.85041  	-1.2267  	-2.0999  	-0.7198  	0.53661  	-1.0342  	-0.6997  	2.92906  	-0.3757  	-1.7304  	-2.3481  	0.68333  	0.87301  	-0.7515  	1.41621  	-1.6816  	-1.0623  	-0.4811  	-0.4665  	0.69808  	-0.5583  	1.05578  	0.33966  	-2.4053  	0.11594  	-0.9397  	0.17867  	-0.2507  	-0.5297  	-1.0183  	0.06157  	0.40550  	0.33227  	0.44129  	-1.6570  	-0.7008  	1.54190  	0.94780  	-0.3990  	1.24198  	-0.3907  	-0.0087  	-0.1916  	0.55199  	0.16481  	-0.0604  	0.10862  	-0.0119  	-0.0176  	0.16284  	0.15470  	-0.0356  	0.02887  	-0.1389  	-0.0785  	0.00129  	-0.1380  	-0.1914  	0.18729  	-0.0237  	0.10438  	-0.4137  	-0.0561  	0.02400  	0.00541  	0.62820  	0.50885  	265.059  	212.284  	
-0.8199  	-0.4595  	0.72090  	-0.9417  	0.65503  	-1.4110  	-2.1360  	-0.6207  	0.43266  	-1.3993  	-0.7916  	2.69120  	-0.4226  	-1.6792  	-1.9723  	0.28864  	1.03425  	-1.0828  	1.43945  	-2.0692  	-0.7064  	-0.5339  	-0.3341  	0.83136  	-0.7056  	1.16491  	0.53596  	-2.7877  	-0.0870  	-0.9695  	0.28461  	-0.2015  	-0.6253  	-1.1576  	0.11967  	0.24950  	0.55224  	0.46394  	-1.9106  	-0.8734  	1.51872  	1.06521  	-0.5160  	1.29973  	-0.4299  	-0.0027  	-0.1879  	0.52474  	0.13497  	-0.0735  	0.08088  	-0.0112  	-0.0182  	0.18574  	0.15994  	-0.0594  	0.03070  	-0.1265  	-0.0841  	-0.0084  	-0.1466  	-0.1847  	0.17426  	-0.0110  	0.10438  	-0.4137  	-0.0561  	0.02400  	0.00541  	0.62820  	0.50885  	265.059  	212.284  	
-0.8434  	-0.4078  	0.71240  	-0.9467  	0.56552  	-1.5065  	-2.2060  	-0.5207  	0.48199  	-1.5153  	-0.6846  	2.70376  	-0.4333  	-1.4892  	-1.6490  	0.19795  	1.03065  	-1.0430  	1.42492  	-2.0293  	-0.4480  	-0.3985  	0.03364  	0.90037  	-0.8117  	1.17029  	0.53684  	-3.1038  	-0.4579  	-1.0077  	0.25885  	-0.1581  	-0.4667  	-1.0801  	0.30847  	0.00161  	0.79528  	0.54896  	-1.9202  	-0.9620  	1.46948  	1.01299  	-0.4733  	1.23935  	-0.3485  	0.00031  	-0.1553  	0.50960  	0.11684  	-0.0377  	0.05664  	-0.0149  	-0.0063  	0.18599  	0.14703  	-0.0735  	0.02292  	-0.1189  	-0.0937  	-0.0139  	-0.1392  	-0.1668  	0.17706  	-0.0229  	0.10438  	-0.4137  	-0.0561  	0.02400  	0.00541  	0.62820  	0.50885  	265.059  	212.284  	
-0.2413  	-0.2025  	0.94906  	-0.5998  	0.66508  	-1.0869  	-2.0967  	-0.3618  	0.72893  	-1.5287  	-0.7405  	2.77477  	-0.3778  	-0.8545  	-1.3026  	0.40618  	0.85250  	-0.6629  	1.24158  	-1.5762  	-0.2683  	0.16063  	0.57671  	1.05516  	-0.6319  	0.84803  	0.73491  	-3.1822  	-0.8182  	-0.9694  	-0.0169  	-0.0349  	-0.1776  	-0.6820  	0.59761  	-0.1603  	1.09384  	0.61389  	-1.7069  	-0.7236  	1.25800  	0.64086  	-0.1646  	1.03545  	-0.2435  	-0.0499  	-0.1153  	0.44247  	0.16760  	-0.0240  	0.00430  	0.00092  	-0.0171  	0.14610  	0.12478  	-0.0431  	-0.0187  	-0.1008  	-0.0783  	-0.0165  	-0.1265  	-0.1381  	0.18348  	-0.0539  	0.10438  	-0.4137  	-0.0561  	0.02400  	0.00541  	0.62820  	0.50885  	265.059  	212.284  	
0.20223  	0.00260  	1.08364  	-0.3351  	0.67524  	-0.6417  	-1.9786  	-0.2269  	0.98473  	-1.6472  	-0.7286  	2.91497  	-0.4353  	-0.3029  	-1.3355  	0.73867  	0.59199  	-0.3289  	0.97845  	-0.8403  	-0.0814  	0.87440  	1.49232  	1.07845  	-0.5981  	0.49640  	0.88414  	-3.0765  	-1.3548  	-0.9314  	-0.4229  	0.14308  	0.15832  	-0.2098  	0.91725  	-0.2956  	1.56875  	0.68534  	-1.4059  	-0.5906  	0.97172  	0.19804  	0.21565  	0.79865  	-0.0854  	-0.1060  	-0.0606  	0.42485  	0.23446  	0.03751  	-0.0151  	-0.0370  	-0.0282  	0.09746  	0.09280  	0.00897  	-0.0065  	-0.0765  	-0.0930  	-0.0391  	-0.1405  	-0.1104  	0.22639  	-0.0555  	0.10438  	-0.4137  	-0.0561  	0.02400  	0.00541  	0.62820  	0.50885  	265.059  	212.284  	
0.21111  	-0.0831  	1.13524  	-0.4091  	0.68703  	-0.7690  	-1.9675  	-0.3066  	0.94082  	-1.3852  	-0.6886  	3.04775  	-0.3238  	-0.2017  	-1.7966  	1.01555  	0.59649  	-0.1819  	0.95917  	-0.5869  	-0.4488  	0.81494  	1.31230  	1.04321  	-0.6023  	0.61795  	0.66803  	-2.7634  	-1.1463  	-0.8984  	-0.3455  	0.08971  	0.23126  	-0.2045  	0.66610  	-0.1570  	1.25102  	0.60796  	-1.1118  	-0.6073  	1.00914  	0.22447  	0.28087  	0.78939  	-0.0911  	-0.1085  	-0.0559  	0.49493  	0.26443  	0.03047  	-0.0025  	-0.0206  	-0.0163  	0.11148  	0.10965  	-0.0229  	-0.0202  	-0.0728  	-0.0806  	-0.0418  	-0.1229  	-0.1206  	0.26384  	-0.0334  	0.10438  	-0.4137  	-0.0561  	0.02400  	0.00541  	0.62820  	0.50885  	265.059  	212.284  	
-1.3936  	-0.6754  	0.17174  	-1.4763  	0.40892  	-1.8945  	-2.1399  	-0.8393  	0.74858  	-0.7820  	-0.1770  	2.80559  	-0.4474  	-0.9191  	-3.0901  	0.49505  	0.42978  	0.07830  	0.98299  	-0.1291  	-1.3378  	0.68381  	1.05965  	0.88522  	-0.5562  	0.76130  	0.11368  	-2.0325  	-0.7204  	-1.0456  	-0.3094  	-0.0819  	0.20130  	-0.2161  	0.25934  	0.24872  	0.74320  	0.38790  	-0.9023  	-0.4194  	1.20698  	0.20769  	0.28302  	0.76065  	-0.0341  	-0.1639  	-0.0490  	0.48784  	0.27112  	0.05654  	0.05278  	-0.0439  	-0.0459  	0.06914  	0.10149  	-0.0611  	0.02961  	-0.0507  	-0.0985  	-0.0346  	-0.1442  	-0.1510  	0.33124  	0.01193  	0.10438  	-0.4137  	-0.0561  	0.02400  	0.00541  	0.62820  	0.50885  	265.059  	212.284  	
-2.4467  	-0.9489  	-0.4061  	-1.9966  	0.44632  	-2.3756  	-2.0192  	-1.0384  	0.60227  	-0.6885  	-0.0162  	2.88458  	-0.6662  	-1.2968  	-3.5025  	0.12784  	0.42225  	0.06801  	1.00754  	-0.2268  	-1.3770  	0.77940  	1.14398  	0.83276  	-0.5967  	0.74985  	0.01060  	-2.0075  	-0.5450  	-0.9926  	-0.2383  	-0.0847  	0.17142  	-0.1639  	0.11414  	0.31441  	0.66878  	0.36291  	-1.0066  	-0.4758  	1.17573  	0.29071  	0.18849  	0.70340  	-0.0578  	-0.1298  	-0.0662  	0.49970  	0.22786  	0.03003  	-0.0092  	-0.0462  	-0.0289  	0.08687  	0.10152  	-0.0548  	0.02908  	-0.0789  	-0.0804  	0.00017  	-0.1255  	-0.1429  	0.24328  	-0.0424  	0.10438  	-0.4137  	-0.0561  	0.02400  	0.00541  	0.62820  	0.50885  	265.059  	212.284  	
-2.6324  	-0.9017  	-0.5848  	-2.4309  	0.34184  	-2.5886  	-2.0123  	-1.0231  	0.53900  	-0.7417  	0.06431  	2.68563  	-0.8285  	-1.4643  	-3.3842  	-0.1073  	0.48820  	-0.0782  	1.03559  	-0.3377  	-1.1408  	0.88067  	1.30689  	0.85805  	-0.6812  	0.73386  	0.23661  	-2.1346  	-0.6030  	-1.0093  	-0.3164  	-0.0822  	0.10942  	-0.1411  	0.17082  	0.25098  	0.73986  	0.37594  	-1.0391  	-0.3893  	1.14830  	0.28403  	0.10866  	0.72566  	-0.0701  	-0.1621  	-0.0344  	0.47890  	0.22845  	0.01206  	0.00218  	-0.0489  	-0.0310  	0.10491  	0.10041  	-0.0689  	0.04222  	-0.0749  	-0.0954  	0.00307  	-0.1307  	-0.1314  	0.24696  	-0.0444  	0.10438  	-0.4137  	-0.0561  	0.02400  	0.00541  	0.62820  	0.50885  	265.059  	212.284  	
-2.7741  	-0.8556  	-0.4815  	-2.4938  	0.29838  	-2.5854  	-2.0557  	-0.9379  	0.51740  	-0.6031  	0.20019  	2.71626  	-0.8215  	-1.4591  	-3.4106  	-0.1352  	0.51240  	-0.1639  	1.07520  	-0.3441  	-0.9974  	0.90783  	1.44114  	0.91655  	-0.6900  	0.73941  	0.31075  	-2.2062  	-0.6277  	-1.0137  	-0.3113  	-0.0963  	0.08405  	-0.1321  	0.17165  	0.18473  	0.86061  	0.39018  	-1.0354  	-0.4147  	1.13526  	0.28462  	0.11028  	0.73267  	-0.0645  	-0.1522  	-0.0458  	0.44156  	0.20844  	0.00377  	-0.0111  	-0.0473  	-0.0406  	0.10568  	0.09805  	-0.0741  	0.03533  	-0.0636  	-0.0814  	-0.0048  	-0.1295  	-0.1207  	0.24600  	-0.0448  	0.10438  	-0.4137  	-0.0561  	0.02400  	0.00541  	0.62820  	0.50885  	265.059  	212.284  	
-2.4149  	-0.7604  	-0.1215  	-2.1475  	0.27730  	-2.5269  	-2.1713  	-0.7459  	0.54542  	-0.5868  	-0.0890  	2.59156  	-0.7104  	-1.2035  	-3.2519  	-0.2401  	0.55590  	-0.1375  	1.13831  	-0.4287  	-1.0265  	0.94160  	1.41831  	1.11540  	-0.4892  	0.62984  	0.36410  	-2.3117  	-0.6391  	-0.9129  	-0.2515  	-0.1155  	0.02143  	-0.1491  	0.14682  	0.19424  	0.94209  	0.37052  	-1.0037  	-0.4602  	1.08822  	0.27722  	0.10395  	0.68895  	-0.0380  	-0.1259  	-0.0648  	0.45865  	0.18705  	-0.0160  	-0.0240  	-0.0379  	-0.0592  	0.08435  	0.08331  	-0.0753  	0.05329  	-0.0693  	-0.0574  	-0.0426  	-0.1419  	-0.1404  	0.24220  	-0.0522  	0.10438  	-0.4137  	-0.0561  	0.02400  	0.00541  	0.62820  	0.50885  	265.059  	212.284  	
-1.2574  	-0.6639  	0.37127  	-1.8275  	0.24630  	-1.5796  	-2.1777  	-0.6740  	0.64196  	-0.9697  	-0.6418  	2.61629  	-0.5359  	-0.9415  	-2.6843  	0.18467  	0.55392  	-0.0201  	1.17359  	-0.6654  	-0.8691  	0.88029  	1.56096  	0.94372  	-0.3848  	0.53003  	0.59279  	-2.5277  	-0.7237  	-0.8471  	-0.3510  	0.01441  	0.01477  	-0.2084  	0.19433  	0.04640  	1.04877  	0.51495  	-1.1544  	-0.4793  	1.34065  	0.12964  	0.25343  	0.82259  	-0.0385  	-0.1569  	-0.0529  	0.42841  	0.19117  	0.03076  	-0.0436  	-0.0388  	-0.0554  	0.05536  	0.05075  	-0.0552  	0.02324  	-0.0795  	-0.0985  	-0.0794  	-0.1141  	-0.1346  	0.24825  	-0.0454  	0.10438  	-0.4137  	-0.0561  	0.02400  	0.00541  	0.62820  	0.50885  	265.059  	212.284  	
-0.6469  	-0.4466  	0.68883  	-0.9277  	0.62855  	-1.0357  	-2.0836  	-0.6233  	0.70339  	-1.2172  	-0.9931  	2.64725  	-0.5370  	-1.1623  	-2.3357  	0.71886  	0.56101  	0.07140  	1.14928  	-0.4235  	-1.1201  	0.85597  	1.31199  	0.79321  	-0.4012  	0.56265  	0.42717  	-2.2188  	-0.5778  	-0.9056  	-0.4714  	-0.0175  	0.04429  	-0.2264  	0.28764  	0.20204  	1.03205  	0.48433  	-1.0976  	-0.3468  	1.15768  	0.15790  	0.33437  	0.84781  	-0.0548  	-0.1225  	-0.0488  	0.46524  	0.26497  	-0.0115  	0.02449  	-0.0374  	-0.0413  	0.08178  	0.10523  	-0.0312  	0.00799  	-0.0879  	-0.0633  	-0.0394  	-0.1618  	-0.1614  	0.24413  	-0.0413  	0.10438  	-0.4137  	-0.0561  	0.02400  	0.00541  	0.62820  	0.50885  	265.059  	212.284  	
-0.6407  	-0.3818  	0.74926  	-0.7005  	0.92895  	-1.2145  	-1.9934  	-0.8497  	0.64395  	-0.9268  	-0.7982  	2.88938  	-0.7166  	-1.2368  	-2.3141  	0.81378  	0.43973  	-0.0136  	1.03417  	-0.2277  	-1.1359  	0.82196  	0.99262  	0.80667  	-0.2476  	0.53709  	0.48699  	-2.0197  	-0.3756  	-0.8507  	-0.5045  	0.03408  	0.00088  	-0.1939  	0.39632  	0.42278  	0.94496  	0.42236  	-1.0751  	-0.2746  	1.07183  	0.21471  	0.24231  	0.84202  	-0.0583  	-0.1292  	-0.0505  	0.47785  	0.26147  	-0.0063  	0.07469  	-0.0575  	-0.0301  	0.07015  	0.11733  	-0.0323  	0.06178  	-0.0733  	-0.0829  	-0.0324  	-0.1710  	-0.1752  	0.26288  	-0.0261  	0.10438  	-0.4137  	-0.0561  	0.02400  	0.00541  	0.62820  	0.50885  	265.059  	212.284  	
-0.6236  	-0.4914  	0.69096  	-0.7550  	0.85619  	-1.0829  	-1.9704  	-0.9556  	0.60478  	-0.9758  	-0.6925  	2.75959  	-0.7389  	-1.4235  	-2.4656  	0.96483  	0.36624  	-0.0011  	1.07346  	-0.3735  	-1.1223  	0.80153  	0.98397  	0.83303  	-0.1045  	0.47231  	0.58514  	-2.1266  	-0.4992  	-0.8106  	-0.4813  	0.10193  	-0.0733  	-0.1526  	0.50818  	0.52824  	1.03076  	0.48747  	-1.1001  	-0.3287  	1.07757  	0.24847  	0.23289  	0.82403  	-0.0516  	-0.1231  	-0.0743  	0.45013  	0.24789  	-0.0255  	0.06181  	-0.0395  	-0.0149  	0.08919  	0.12967  	-0.0303  	0.05095  	-0.0739  	-0.0763  	-0.0398  	-0.1700  	-0.1924  	0.27306  	-0.0279  	0.10438  	-0.4137  	-0.0561  	0.02400  	0.00541  	0.62820  	0.50885  	265.059  	212.284  	
-0.7076  	-0.5554  	0.59734  	-0.9899  	0.68086  	-1.1361  	-1.9295  	-0.9698  	0.61486  	-1.1086  	-0.7325  	2.66965  	-0.6815  	-1.3796  	-2.5608  	0.90720  	0.40450  	0.00147  	1.01233  	-0.3849  	-1.2070  	0.82727  	1.05718  	0.74792  	-0.1941  	0.52183  	0.47299  	-2.0759  	-0.4976  	-0.8548  	-0.4392  	0.05836  	-0.0224  	-0.1555  	0.46044  	0.48436  	0.99264  	0.45301  	-1.0853  	-0.3257  	1.09208  	0.27088  	0.23912  	0.81454  	-0.0475  	-0.1217  	-0.0598  	0.42927  	0.25052  	0.00961  	0.06640  	-0.0464  	-0.0205  	0.08198  	0.12620  	-0.0308  	0.04527  	-0.0666  	-0.0860  	-0.0422  	-0.1795  	-0.1708  	0.27273  	-0.0165  	0.10438  	-0.4137  	-0.0561  	0.02400  	0.00541  	0.62820  	0.50885  	265.059  	212.284  	
-0.8344  	-0.4721  	0.45840  	-0.9313  	0.66503  	-1.2549  	-1.9421  	-0.9557  	0.57569  	-1.2723  	-0.8646  	2.66012  	-0.7240  	-1.2388  	-2.2044  	0.56898  	0.51034  	-0.0767  	0.99329  	-0.5134  	-1.0042  	0.84198  	1.26179  	0.84985  	-0.3732  	0.59851  	0.56205  	-2.4039  	-0.6723  	-0.8464  	-0.3715  	0.04773  	-0.0305  	-0.1627  	0.56196  	0.32886  	1.12703  	0.50618  	-1.2494  	-0.3901  	1.04352  	0.29160  	0.18602  	0.81997  	-0.0448  	-0.1192  	-0.0397  	0.40070  	0.21653  	-0.0013  	0.03207  	-0.0381  	-0.0203  	0.08465  	0.12578  	-0.0561  	0.03948  	-0.0625  	-0.0954  	-0.0613  	-0.1765  	-0.1612  	0.27143  	-0.0218  	0.10438  	-0.4137  	-0.0561  	0.02400  	0.00541  	0.62820  	0.50885  	265.059  	212.284  	
-0.6688  	-0.3700  	0.62970  	-0.8766  	0.55460  	-1.1982  	-2.0208  	-0.7196  	0.70164  	-1.3859  	-0.7545  	2.73643  	-0.6306  	-0.9580  	-1.7119  	0.47973  	0.57550  	-0.1848  	0.98845  	-0.6183  	-0.6189  	0.82712  	1.36570  	0.96590  	-0.4187  	0.59884  	0.62370  	-2.7397  	-0.9142  	-0.8681  	-0.3453  	0.09154  	0.08595  	-0.1737  	0.66106  	0.02103  	1.27701  	0.55017  	-1.2794  	-0.5109  	1.06820  	0.25174  	0.18198  	0.80141  	-0.0326  	-0.1097  	-0.0411  	0.38182  	0.18518  	0.00766  	-0.0056  	-0.0324  	-0.0142  	0.07988  	0.09851  	-0.0460  	0.03016  	-0.0722  	-0.1052  	-0.0505  	-0.1437  	-0.1386  	0.24728  	-0.0194  	0.10438  	-0.4137  	-0.0561  	0.02400  	0.00541  	0.62820  	0.50885  	265.059  	212.284  	
-0.2988  	-0.2307  	0.78184  	-0.5685  	0.69427  	-0.9551  	-2.0181  	-0.4756  	0.80695  	-1.5517  	-0.7927  	2.82940  	-0.4809  	-0.5238  	-1.4539  	0.59047  	0.60437  	-0.1979  	0.98972  	-0.7178  	-0.4050  	0.83362  	1.30841  	0.99664  	-0.4814  	0.54687  	0.72312  	-2.7924  	-1.0515  	-0.9100  	-0.3825  	0.10762  	0.12910  	-0.1798  	0.76979  	-0.1630  	1.35533  	0.64492  	-1.3527  	-0.5424  	1.04706  	0.21389  	0.18435  	0.79012  	-0.0621  	-0.1082  	-0.0310  	0.37451  	0.21069  	0.02554  	-0.0193  	-0.0197  	-0.0213  	0.09400  	0.10102  	-0.0390  	-0.0130  	-0.0752  	-0.0892  	-0.0520  	-0.1340  	-0.1184  	0.23817  	-0.0523  	0.10438  	-0.4137  	-0.0561  	0.02400  	0.00541  	0.62820  	0.50885  	265.059  	212.284  	
-0.5087  	-0.3396  	0.69867  	-0.7710  	0.78243  	-1.0654  	-1.9872  	-0.6941  	0.73700  	-1.1416  	-0.6377  	2.90729  	-0.6280  	-0.8776  	-2.1340  	0.79973  	0.40378  	0.01930  	0.96705  	-0.4175  	-0.8310  	0.77372  	1.11248  	0.83134  	-0.4972  	0.54227  	0.43913  	-2.2853  	-0.7804  	-0.9240  	-0.4360  	0.04357  	0.11344  	-0.1820  	0.62235  	0.19075  	1.10046  	0.49502  	-1.2414  	-0.4230  	1.04319  	0.22780  	0.19783  	0.80407  	-0.0521  	-0.1371  	-0.0197  	0.42128  	0.24271  	-0.0015  	0.04496  	-0.0472  	-0.0385  	0.08199  	0.11127  	-0.0411  	0.03782  	-0.0637  	-0.0971  	-0.0373  	-0.1691  	-0.1586  	0.26206  	-0.0254  	0.10438  	-0.4137  	-0.0561  	0.02400  	0.00541  	0.62820  	0.50885  	265.059  	212.284  	
-0.4024  	-0.4446  	0.72116  	-0.5950  	0.81216  	-1.0227  	-1.9666  	-0.7897  	0.67492  	-1.1170  	-0.7368  	2.77229  	-0.6460  	-1.0725  	-2.1809  	0.91999  	0.40278  	0.10991  	0.96645  	-0.3532  	-1.0130  	0.77659  	1.06159  	0.81793  	-0.3172  	0.49568  	0.46790  	-2.1256  	-0.6137  	-0.8610  	-0.4721  	0.05701  	0.04669  	-0.1802  	0.64698  	0.28612  	1.00461  	0.47497  	-1.1835  	-0.4266  	1.01593  	0.27744  	0.21002  	0.79146  	-0.0521  	-0.1254  	-0.0426  	0.44257  	0.24697  	0.00067  	0.08779  	-0.0377  	-0.0186  	0.06707  	0.11273  	-0.0315  	0.05301  	-0.0653  	-0.0756  	-0.0365  	-0.1740  	-0.1825  	0.27336  	-0.0143  	0.10438  	-0.4137  	-0.0561  	0.02400  	0.00541  	0.62820  	0.50885  	265.059  	212.284  	
-0.4493  	-0.5223  	0.75405  	-0.4597  	1.08278  	-1.0777  	-2.0051  	-0.9542  	0.58376  	-0.9353  	-0.8134  	2.89362  	-0.7352  	-1.5331  	-2.4771  	1.29672  	0.40312  	0.17875  	1.07275  	-0.3529  	-1.3112  	0.76905  	0.76149  	0.86904  	-0.0248  	0.41698  	0.62204  	-1.9503  	-0.4691  	-0.7684  	-0.5609  	0.13431  	-0.0743  	-0.1916  	0.53584  	0.53181  	0.89235  	0.48694  	-1.0816  	-0.3169  	1.03395  	0.27055  	0.19252  	0.81008  	-0.0672  	-0.1129  	-0.1017  	0.45768  	0.26201  	-0.0205  	0.08178  	-0.0283  	-0.0065  	0.07085  	0.13242  	-0.0272  	0.06194  	-0.0761  	-0.0775  	-0.0369  	-0.1564  	-0.1908  	0.27441  	-0.0209  	0.10438  	-0.4137  	-0.0561  	0.02400  	0.00541  	0.62820  	0.50885  	265.059  	212.284  	
-0.4828  	-0.5850  	0.75002  	-0.6899  	1.03652  	-1.0459  	-1.9461  	-1.0313  	0.54294  	-0.9902  	-0.8613  	2.78571  	-0.7153  	-1.6078  	-2.6074  	1.23469  	0.37443  	0.04407  	1.08092  	-0.3813  	-1.2951  	0.77954  	0.84163  	0.94970  	0.03490  	0.42693  	0.71388  	-2.0217  	-0.4978  	-0.7431  	-0.5594  	0.18522  	-0.1096  	-0.1769  	0.52912  	0.58598  	0.99075  	0.49198  	-1.1123  	-0.2425  	1.05421  	0.31306  	0.21845  	0.85126  	-0.0488  	-0.1175  	-0.0997  	0.46188  	0.27375  	-0.0272  	0.06869  	-0.0370  	-0.0191  	0.08231  	0.13107  	-0.0256  	0.06800  	-0.0826  	-0.0772  	-0.0374  	-0.1632  	-0.1963  	0.26282  	-0.0234  	0.10438  	-0.4137  	-0.0561  	0.02400  	0.00541  	0.62820  	0.50885  	265.059  	212.284  	
-0.9529  	-0.6186  	0.17001  	-0.2738  	0.91408  	-1.1243  	-2.1164  	-1.0791  	0.45625  	-1.2793  	-1.0662  	2.87034  	-0.8408  	-1.4067  	-2.2584  	0.85659  	0.54281  	-0.0617  	1.05625  	-0.4355  	-1.2699  	0.81375  	0.79637  	1.15918  	0.13056  	0.47621  	1.09937  	-2.2916  	-0.6347  	-0.6289  	-0.5518  	0.23341  	-0.1694  	-0.2731  	0.60069  	0.65719  	0.98154  	0.43856  	-1.0937  	-0.3529  	0.81864  	0.32789  	0.13106  	0.81975  	-0.0787  	-0.1057  	-0.1440  	0.42385  	0.19593  	-0.0007  	0.08033  	-0.0179  	0.00024  	0.09664  	0.08606  	-0.0090  	0.06891  	-0.0670  	-0.0577  	-0.0286  	-0.1585  	-0.1881  	0.23715  	-0.0293  	0.10438  	-0.4137  	-0.0561  	0.02400  	0.00541  	0.62820  	0.50885  	265.059  	212.284  	
-0.3094  	-0.3854  	0.36438  	0.57711  	1.69574  	-0.9128  	-1.8865  	-0.5307  	0.63949  	-1.5794  	-2.0231  	3.10428  	-0.2380  	-0.2045  	-0.8082  	0.52442  	0.51496  	-0.2368  	0.99895  	-0.5400  	-1.2033  	0.79090  	0.96784  	0.97098  	0.11329  	0.50327  	0.82264  	-2.0108  	-0.2316  	-0.5490  	-0.5530  	0.05728  	-0.0392  	-0.1182  	0.63175  	0.14109  	0.74745  	0.40042  	-0.9711  	-0.2616  	0.79482  	0.32598  	0.22422  	0.83729  	-0.0654  	-0.1295  	-0.0781  	0.43089  	0.27469  	-0.0086  	0.03686  	-0.0459  	-0.0396  	0.05947  	0.09786  	-0.0353  	0.04405  	-0.0639  	-0.0577  	-0.0495  	-0.1756  	-0.1369  	0.24332  	-0.0330  	0.10438  	-0.4137  	-0.0561  	0.02400  	0.00541  	0.62820  	0.50885  	265.059  	212.284  	
-0.0526  	-0.1634  	0.50427  	0.86048  	1.55098  	-0.4594  	-2.0373  	-0.3587  	0.70892  	-1.4737  	-1.8293  	3.01924  	-0.1487  	-0.2129  	-0.7285  	0.54111  	0.52825  	-0.2639  	1.05742  	-0.6266  	-1.0930  	1.07081  	1.08544  	0.91029  	0.15965  	0.48851  	0.80724  	-2.5118  	-0.5306  	-0.5736  	-0.4864  	0.07390  	-0.0038  	-0.1586  	0.63299  	0.03681  	0.87074  	0.45175  	-1.0072  	-0.3322  	0.77511  	0.18741  	0.24971  	0.88366  	-0.0593  	-0.1115  	-0.0904  	0.48998  	0.26036  	-0.0121  	0.03380  	-0.0288  	-0.0143  	0.09022  	0.11507  	-0.0221  	0.00091  	-0.0909  	-0.0916  	-0.0359  	-0.1649  	-0.1572  	0.21067  	-0.0449  	0.10438  	-0.4137  	-0.0561  	0.02400  	0.00541  	0.62820  	0.50885  	265.059  	212.284  	
-0.1610  	-0.4241  	0.63126  	0.11430  	1.33058  	-0.8540  	-2.0083  	-0.7099  	0.63014  	-1.3152  	-1.3742  	2.88511  	-0.4929  	-1.0041  	-1.7586  	1.00740  	0.47453  	-0.1529  	1.05951  	-0.4832  	-1.2463  	1.01806  	0.84118  	1.04146  	-0.0091  	0.43388  	0.59697  	-2.2736  	-0.4705  	-0.7079  	-0.5864  	0.01703  	-0.0693  	-0.1687  	0.59757  	0.29097  	0.95916  	0.35789  	-1.0701  	-0.2826  	0.95917  	0.25081  	0.24909  	0.88165  	-0.0658  	-0.1164  	-0.0487  	0.46135  	0.28903  	-0.0352  	0.06900  	-0.0574  	-0.0292  	0.05534  	0.07440  	-0.0154  	0.07311  	-0.0816  	-0.1016  	-0.0503  	-0.2036  	-0.1375  	0.23599  	-0.0538  	0.10438  	-0.4137  	-0.0561  	0.02400  	0.00541  	0.62820  	0.50885  	265.059  	212.284  	
-0.3448  	-0.5501  	0.83560  	-0.3414  	1.05188  	-1.0436  	-1.9409  	-1.0093  	0.55729  	-1.1097  	-0.9405  	2.89772  	-0.7197  	-1.5293  	-2.6101  	1.13891  	0.44421  	0.04604  	1.08420  	-0.3878  	-1.3242  	0.76332  	0.74037  	1.01621  	0.02835  	0.46558  	0.85750  	-2.1444  	-0.5534  	-0.7297  	-0.5479  	0.16649  	-0.0967  	-0.2080  	0.55890  	0.54181  	0.91262  	0.46061  	-1.0481  	-0.3083  	0.96251  	0.31270  	0.18446  	0.83417  	-0.0382  	-0.1301  	-0.0868  	0.48658  	0.29842  	-0.0162  	0.07318  	-0.0250  	-0.0069  	0.08951  	0.13172  	-0.0308  	0.06063  	-0.0763  	-0.0706  	-0.0178  	-0.1764  	-0.2119  	0.29841  	-0.0386  	0.10438  	-0.4137  	-0.0561  	0.02400  	0.00541  	0.62820  	0.50885  	265.059  	212.284  	
-0.6045  	-0.4954  	0.41570  	-0.2695  	1.12347  	-0.9438  	-1.9473  	-1.0219  	0.55118  	-1.1855  	-1.1647  	2.82420  	-0.7773  	-1.3638  	-2.4357  	0.86872  	0.57482  	0.01454  	1.03463  	-0.2940  	-1.3575  	0.86083  	0.65221  	0.95980  	0.22659  	0.48628  	0.80055  	-1.9221  	-0.3842  	-0.6030  	-0.5837  	0.13183  	-0.1227  	-0.2100  	0.45154  	0.60899  	0.86784  	0.43215  	-0.9850  	-0.2459  	0.94482  	0.25959  	0.22831  	0.83878  	-0.0275  	-0.1195  	-0.1097  	0.46297  	0.26389  	-0.0358  	0.08740  	-0.0386  	-0.0347  	0.06198  	0.11703  	-0.0182  	0.07069  	-0.0648  	-0.0688  	-0.0237  	-0.1717  	-0.2165  	0.28400  	-0.0385  	0.10438  	-0.4137  	-0.0561  	0.02400  	0.00541  	0.62820  	0.50885  	265.059  	212.284  	
-0.2690  	-0.4263  	0.25986  	0.81854  	1.68013  	-0.7016  	-1.9437  	-0.7709  	0.57563  	-1.4931  	-1.7593  	2.95125  	-0.4842  	-0.5007  	-1.3892  	0.65649  	0.51789  	-0.1094  	1.05272  	-0.3393  	-1.3116  	0.94435  	0.75133  	1.01183  	0.33020  	0.49150  	0.79044  	-1.9002  	-0.2108  	-0.4751  	-0.5993  	0.07391  	-0.0778  	-0.1364  	0.65400  	0.30447  	0.65914  	0.36638  	-0.9442  	-0.1944  	0.78959  	0.30711  	0.17388  	0.82439  	-0.0214  	-0.0997  	-0.1152  	0.44468  	0.25833  	-0.0092  	0.09783  	-0.0382  	0.00419  	0.07768  	0.08846  	0.00675  	0.05660  	-0.0737  	-0.0464  	-0.0024  	-0.1865  	-0.1767  	0.23896  	-0.0341  	0.10438  	-0.4137  	-0.0561  	0.02400  	0.00541  	0.62820  	0.50885  	265.059  	212.284  	
-0.0875  	-0.1590  	0.13266  	1.14693  	1.90443  	-0.5433  	-1.9897  	-0.6696  	0.65096  	-1.7784  	-2.2675  	3.0562  	-0.2524  	0.12991  	-0.6483  	0.39551  	0.56570  	-0.2431  	1.04179  	-0.5823  	-1.3597  	1.08447  	0.89615  	0.81679  	0.30764  	0.48142  	0.97651  	-1.7527  	0.00650  	-0.3375  	-0.6556  	0.00826  	0.00644  	-0.0928  	0.75328  	0.10928  	0.56114  	0.35351  	-0.9372  	-0.2274  	0.72611  	0.29300  	0.14296  	0.82050  	-0.0455  	-0.1310  	-0.1006  	0.46636  	0.27207  	-0.0105  	0.06012  	-0.0467  	-0.0193  	0.06182  	0.07096  	0.01595  	0.03226  	-0.0847  	-0.0376  	-0.0393  	-0.1926  	-0.1449  	0.22640  	-0.0554  	0.10438  	-0.4137  	-0.0561  	0.02400  	0.00541  	0.62820  	0.50885  	265.059  	212.284  	
0.04704  	-0.0542  	0.61981  	1.03422  	1.67235  	-0.2933  	-1.9349  	-0.4860  	0.75326  	-1.5964  	-2.3468  	2.91862  	0.06226  	0.27747  	-0.2706  	0.36148  	0.50950  	-0.1737  	0.88512  	-0.5705  	-1.3299  	1.20108  	1.04415  	0.85996  	-0.1421  	0.45084  	0.60965  	-2.1819  	-0.1377  	-0.5619  	-0.3787  	-0.0466  	0.14957  	-0.1132  	0.62910  	0.08484  	0.66471  	0.32431  	-0.9062  	-0.2455  	0.99700  	0.21273  	0.21814  	0.79180  	-0.0419  	-0.1203  	-0.0836  	0.53321  	0.28351  	-0.0064  	0.06394  	-0.0297  	-0.0424  	0.04488  	0.09918  	-0.0119  	0.02740  	-0.0852  	-0.0523  	-0.0057  	-0.1532  	-0.1354  	0.24991  	-0.0152  	0.10438  	-0.4137  	-0.0561  	0.02400  	0.00541  	0.62820  	0.50885  	265.059  	212.284  	
-0.0257  	-0.1293  	0.63557  	0.54413  	1.40129  	-0.7154  	-1.9659  	-0.5610  	0.76911  	-1.5458  	-1.8263  	2.87714  	-0.1117  	-0.0902  	-1.0653  	0.39172  	0.45402  	-0.1056  	1.04300  	-0.6110  	-0.8782  	1.05707  	1.18381  	0.99095  	-0.1254  	0.39367  	0.67852  	-2.3049  	-0.4440  	-0.7114  	-0.4642  	0.00281  	0.13378  	-0.1679  	0.72665  	-0.0299  	0.91892  	0.40660  	-1.0623  	-0.2236  	0.95899  	0.19258  	0.20066  	0.82002  	-0.0622  	-0.1233  	-0.0715  	0.50782  	0.25242  	-0.0434  	0.05472  	-0.0554  	-0.0347  	0.05072  	0.10447  	-0.0015  	0.02300  	-0.0794  	-0.0543  	0.00276  	-0.1516  	-0.1292  	0.21594  	-0.0183  	0.10438  	-0.4137  	-0.0561  	0.02400  	0.00541  	0.62820  	0.50885  	265.059  	212.284  	
-1.0696  	-0.5503  	0.28656  	-1.1432  	0.78141  	-1.4579  	-1.9866  	-0.9282  	0.64506  	-1.3392  	-0.8921  	2.64661  	-0.5797  	-1.2804  	-1.9878  	0.44990  	0.52489  	0.03058  	1.05477  	-0.4172  	-0.7321  	0.61770  	1.22427  	0.85778  	-0.4492  	0.52771  	0.55887  	-2.3265  	-0.7811  	-0.9138  	-0.4078  	-0.0163  	0.02056  	-0.1622  	0.53982  	0.03883  	1.13155  	0.44654  	-1.2023  	-0.3878  	1.11954  	0.20231  	0.16557  	0.77062  	-0.0360  	-0.1015  	-0.0580  	0.45804  	0.18906  	0.00947  	0.00338  	-0.0433  	-0.0373  	0.06624  	0.09019  	-0.0325  	0.03342  	-0.0815  	-0.0919  	-0.0461  	-0.1513  	-0.1417  	0.22025  	-0.0353  	0.10438  	-0.4137  	-0.0561  	0.02400  	0.00541  	0.62820  	0.50885  	265.059  	212.284  	
-1.6000  	-0.6946  	0.31154  	-1.8847  	0.31762  	-1.5090  	-2.0572  	-1.1326  	0.63004  	-1.0910  	-0.6210  	2.50420  	-0.7858  	-1.7326  	-2.5644  	0.29196  	0.56250  	0.07466  	1.11145  	-0.5067  	-0.9972  	0.82145  	1.35463  	0.85242  	-0.3480  	0.57986  	0.48345  	-2.2767  	-0.5592  	-0.8767  	-0.4032  	0.00850  	0.02155  	-0.1357  	0.20630  	0.29088  	0.96560  	0.46382  	-1.1748  	-0.3668  	1.19362  	0.23956  	0.19327  	0.78591  	-0.0187  	-0.1106  	-0.0667  	0.33769  	0.20608  	-0.0111  	-0.0023  	-0.0530  	-0.0320  	0.10015  	0.08169  	-0.0570  	0.04454  	-0.0642  	-0.0703  	-0.0468  	-0.1546  	-0.1424  	0.23153  	-0.0205  	0.10438  	-0.4137  	-0.0561  	0.02400  	0.00541  	0.62820  	0.50885  	265.059  	212.284  	
-1.7771  	-0.7856  	0.13139  	-1.8178  	0.14424  	-1.5263  	-1.9452  	-1.2399  	0.52901  	-0.9669  	-0.8020  	2.53846  	-0.7030  	-1.7483  	-2.8562  	0.31943  	0.58585  	0.15482  	1.01881  	-0.4519  	-1.5304  	0.80240  	1.37641  	0.51066  	-0.2466  	0.67261  	0.21639  	-1.9137  	-0.2067  	-0.8456  	-0.2366  	-0.0572  	-0.1017  	-0.1265  	-0.1773  	0.46307  	0.68067  	0.43843  	-0.9405  	-0.3801  	1.37761  	0.18180  	0.32064  	0.88373  	-0.0492  	-0.1560  	-0.0514  	0.44751  	0.24058  	0.00917  	0.03254  	-0.0361  	-0.0406  	0.08721  	0.13874  	-0.0529  	0.03108  	-0.0765  	-0.0837  	-0.0454  	-0.1412  	-0.1292  	0.26733  	-0.0033  	0.10438  	-0.4137  	-0.0561  	0.02400  	0.00541  	0.62820  	0.50885  	265.059  	212.284  	
-1.7748  	-0.5166  	0.24559  	-1.6725  	0.33426  	-1.7219  	-2.0739  	-1.0269  	0.63596  	-0.9366  	-0.8281  	2.59717  	-0.7419  	-1.5954  	-2.9328  	0.34246  	0.60974  	0.10534  	1.08552  	-0.4427  	-1.4258  	0.72512  	1.42679  	0.52714  	-0.4580  	0.67197  	0.23954  	-1.9440  	-0.2744  	-0.9266  	-0.3282  	-0.0323  	-0.0216  	-0.1128  	-0.0748  	0.35808  	0.73372  	0.45143  	-0.9668  	-0.4454  	1.35521  	0.14416  	0.33983  	0.89422  	-0.0699  	-0.1381  	-0.0486  	0.46251  	0.23366  	-0.0216  	0.02980  	-0.0488  	-0.0397  	0.09517  	0.11482  	-0.0547  	0.03858  	-0.0652  	-0.0699  	-0.0349  	-0.1393  	-0.1213  	0.24097  	-0.0128  	0.10438  	-0.4137  	-0.0561  	0.02400  	0.00541  	0.62820  	0.50885  	265.059  	212.284  	
-1.8218  	-0.6075  	0.17005  	-1.9638  	0.17913  	-1.7850  	-2.0469  	-1.1601  	0.51967  	-0.9216  	-0.6741  	2.45042  	-0.8283  	-1.7279  	-3.0478  	0.29046  	0.55673  	0.10955  	1.11938  	-0.4179  	-1.3424  	0.74075  	1.42666  	0.54319  	-0.3687  	0.65864  	0.23555  	-2.0250  	-0.3385  	-0.9262  	-0.3273  	-0.0692  	-0.0549  	-0.1261  	-0.0117  	0.40064  	0.83320  	0.43411  	-1.0427  	-0.4391  	1.31160  	0.19594  	0.28438  	0.88746  	-0.0537  	-0.1324  	-0.0432  	0.43366  	0.21774  	-0.0019  	0.03068  	-0.0263  	-0.0395  	0.09490  	0.10113  	-0.0446  	0.03669  	-0.0653  	-0.0725  	-0.0535  	-0.1480  	-0.1430  	0.25550  	-0.0285  	0.10438  	-0.4137  	-0.0561  	0.02400  	0.00541  	0.62820  	0.50885  	265.059  	212.284  	
-2.1868  	-0.6922  	-0.0169  	-2.0856  	0.17794  	-2.1471  	-1.9807  	-1.2522  	0.42602  	-0.7879  	-0.4595  	2.50412  	-0.7161  	-1.6974  	-3.0569  	0.23428  	0.45215  	0.13030  	1.04228  	-0.3754  	-1.4621  	0.85339  	1.40709  	0.57394  	-0.3915  	0.66897  	0.18068  	-2.0167  	-0.3030  	-0.9010  	-0.2529  	-0.1060  	-0.0179  	-0.1237  	-0.0004  	0.39870  	0.73502  	0.39624  	-1.0040  	-0.4124  	1.33397  	0.21389  	0.24959  	0.85946  	-0.0249  	-0.1373  	-0.0563  	0.42217  	0.18865  	0.01219  	0.00182  	-0.0307  	-0.0240  	0.07310  	0.07805  	-0.0617  	0.02358  	-0.0768  	-0.0734  	-0.0428  	-0.1318  	-0.1340  	0.25223  	-0.0417  	0.10438  	-0.4137  	-0.0561  	0.02400  	0.00541  	0.62820  	0.50885  	265.059  	212.284  	
-2.3881  	-0.8390  	-0.2436  	-1.8677  	0.45424  	-2.3462  	-1.9653  	-1.2540  	0.46856  	-0.7898  	-0.3664  	2.70355  	-0.6990  	-1.5816  	-2.8392  	0.22931  	0.46311  	0.15957  	0.92236  	-0.2276  	-1.4307  	0.91978  	1.28511  	0.74486  	-0.4686  	0.66679  	0.11159  	-1.9606  	-0.3534  	-0.9173  	-0.2676  	-0.1167  	0.03537  	-0.1047  	0.07514  	0.35808  	0.61510  	0.37666  	-0.9800  	-0.3495  	1.22250  	0.23886  	0.18187  	0.76465  	-0.0501  	-0.1354  	-0.0512  	0.41831  	0.20469  	0.00172  	0.01241  	-0.0350  	-0.0212  	0.08277  	0.10240  	-0.0694  	0.03510  	-0.0787  	-0.0707  	-0.0288  	-0.1393  	-0.1314  	0.25045  	-0.0308  	0.10438  	-0.4137  	-0.0561  	0.02400  	0.00541  	0.62820  	0.50885  	265.059  	212.284  	
-2.1518  	-0.7711  	-0.2105  	-1.6890  	0.59790  	-2.2631  	-1.9934  	-1.0835  	0.54765  	-0.8403  	-0.3859  	2.77845  	-0.6603  	-1.4182  	-2.6612  	0.13606  	0.52423  	0.05314  	0.94495  	-0.2772  	-1.2342  	0.81842  	1.18244  	0.84947  	-0.5028  	0.61788  	0.21836  	-2.0601  	-0.5013  	-0.8835  	-0.3179  	-0.1003  	0.02709  	-0.1270  	0.17745  	0.27148  	0.72297  	0.36354  	-0.9788  	-0.3780  	1.18071  	0.23298  	0.14495  	0.72883  	-0.0399  	-0.1224  	-0.0606  	0.42672  	0.20928  	0.02713  	0.01800  	-0.0285  	-0.0300  	0.08401  	0.10770  	-0.0638  	0.03166  	-0.0764  	-0.0842  	-0.0387  	-0.1470  	-0.1313  	0.24723  	-0.0296  	0.10438  	-0.4137  	-0.0561  	0.02400  	0.00541  	0.62820  	0.50885  	265.059  	212.284  	
-1.6470  	-0.5365  	0.05569  	-1.5873  	0.54486  	-1.9102  	-2.0989  	-0.8124  	0.62481  	-0.9544  	-0.5738  	2.94610  	-0.5577  	-1.0673  	-2.5042  	0.11135  	0.51325  	0.02491  	1.05640  	-0.4497  	-1.1436  	0.82203  	1.43108  	0.82277  	-0.4510  	0.57454  	0.30769  	-2.1892  	-0.4229  	-0.8494  	-0.2929  	-0.1535  	0.03795  	-0.1178  	0.17239  	0.19597  	0.77755  	0.36650  	-0.9631  	-0.3339  	1.18556  	0.20764  	0.23461  	0.81697  	-0.0508  	-0.1134  	-0.0589  	0.45714  	0.23036  	0.01385  	0.03200  	-0.0411  	-0.0586  	0.09072  	0.07966  	-0.0655  	0.04243  	-0.0659  	-0.0862  	-0.0466  	-0.1530  	-0.1547  	0.26273  	-0.0346  	0.10438  	-0.4137  	-0.0561  	0.02400  	0.00541  	0.62820  	0.50885  	265.059  	212.284  	
-1.0081  	-0.4096  	0.51062  	-1.1729  	0.75324  	-1.4880  	-1.9974  	-0.6647  	0.73092  	-1.2363  	-0.7111  	2.97956  	-0.5916  	-0.7780  	-2.2048  	0.33237  	0.61719  	-0.0069  	0.96165  	-0.3651  	-0.9335  	0.75602  	1.37304  	0.96192  	-0.5565  	0.58370  	0.25454  	-2.2284  	-0.5685  	-0.9207  	-0.3583  	-0.0888  	0.07510  	-0.1610  	0.29547  	0.03669  	0.92361  	0.40040  	-1.0119  	-0.3752  	1.19251  	0.11881  	0.21964  	0.80504  	-0.0548  	-0.1029  	-0.0355  	0.44258  	0.21830  	-0.0003  	-0.0039  	-0.0531  	-0.0339  	0.07054  	0.08683  	-0.0530  	0.01611  	-0.0803  	-0.0858  	-0.0392  	-0.1576  	-0.1629  	0.23100  	-0.0325  	0.10438  	-0.4137  	-0.0561  	0.02400  	0.00541  	0.62820  	0.50885  	265.059  	212.284  	
-0.3908  	-0.1681  	0.78497  	-0.5397  	0.92499  	-1.0605  	-2.0586  	-0.4785  	0.80642  	-1.2556  	-1.2070  	2.96621  	-0.3434  	-0.5702  	-1.7302  	0.56065  	0.58668  	-0.1221  	1.02522  	-0.5948  	-0.9482  	0.88261  	1.29908  	0.83959  	-0.6088  	0.60257  	0.41585  	-2.4262  	-0.6742  	-0.8943  	-0.2777  	-0.0143  	0.14551  	-0.1443  	0.41108  	-0.0521  	1.01326  	0.47740  	-1.0880  	-0.3791  	1.14540  	0.11276  	0.30020  	0.81036  	-0.0901  	-0.1230  	-0.0411  	0.50934  	0.23337  	0.00049  	0.03438  	-0.0275  	-0.0440  	0.06569  	0.09360  	-0.0118  	-0.0152  	-0.1040  	-0.0768  	-0.0378  	-0.1383  	-0.1215  	0.21780  	-0.0425  	0.10438  	-0.4137  	-0.0561  	0.02400  	0.00541  	0.62820  	0.50885  	265.059  	212.284  	
0.02184  	0.02375  	1.05817  	-0.4889  	0.82088  	-0.9675  	-2.1522  	-0.2261  	0.80664  	-1.3741  	-0.9043  	3.03826  	-0.2165  	-0.6271  	-1.4812  	0.48743  	0.89188  	-0.6651  	1.25599  	-1.4555  	-0.3925  	0.17885  	0.53234  	0.79237  	-0.7809  	0.84769  	0.51997  	-2.9199  	-0.6663  	-0.9785  	0.01575  	-0.0801  	-0.1422  	-0.6812  	0.35401  	-0.2098  	0.94752  	0.58276  	-1.5488  	-0.7444  	1.34444  	0.53317  	-0.0604  	1.04185  	-0.2783  	-0.0487  	-0.1241  	0.52852  	0.19276  	-0.0201  	0.02394  	-0.0182  	-0.0332  	0.13248  	0.11761  	-0.0087  	-0.0153  	-0.1167  	-0.0874  	-0.0229  	-0.1357  	-0.1118  	0.18232  	-0.0400  	0.10438  	-0.4137  	-0.0561  	0.02400  	0.00541  	0.62820  	0.50885  	265.059  	212.284  	
0.34046  	0.11444  	1.42475  	-0.2646  	0.63419  	-0.7391  	-2.1714  	0.17536  	0.86335  	-1.7557  	-0.5744  	3.02330  	-0.1965  	-0.5415  	-0.9369  	0.49126  	1.12014  	-1.2451  	1.43788  	-2.2704  	0.38584  	-0.2895  	0.15879  	1.14640  	-0.8928  	1.02500  	0.92390  	-3.6944  	-0.9373  	-1.0350  	0.20889  	-0.0894  	-0.3372  	-1.0972  	0.51823  	-0.4307  	1.18000  	0.72148  	-2.0104  	-1.0880  	1.36108  	0.89973  	-0.3732  	1.23168  	-0.4110  	0.00204  	-0.1881  	0.56170  	0.16151  	-0.0395  	0.00121  	-0.0119  	-0.0116  	0.20200  	0.12534  	0.00372  	-0.0280  	-0.1343  	-0.0897  	0.02632  	-0.1121  	-0.1431  	0.14880  	-0.0451  	0.10438  	-0.4137  	-0.0561  	0.02400  	0.00541  	0.62820  	0.50885  	265.059  	212.284  	
0.22250  	0.08080  	1.39709  	-0.3238  	0.78442  	-0.9198  	-2.1675  	0.02461  	0.81738  	-1.6504  	-0.5698  	3.15161  	-0.1246  	-0.6557  	-1.3261  	0.55585  	1.10920  	-1.2063  	1.36326  	-2.2032  	0.17949  	-0.6083  	-0.2194  	1.08570  	-0.9211  	1.14542  	0.69959  	-3.4173  	-0.7115  	-1.0494  	0.31675  	-0.1897  	-0.3620  	-1.1717  	0.43179  	-0.3583  	0.85141  	0.63506  	-1.9619  	-1.0730  	1.46433  	1.02069  	-0.4627  	1.25302  	-0.4466  	0.01026  	-0.1950  	0.57754  	0.14468  	-0.0401  	0.04599  	-0.0009  	-0.0096  	0.19778  	0.13742  	-0.0152  	-0.0110  	-0.1399  	-0.0879  	0.00303  	-0.1106  	-0.1631  	0.15567  	-0.0326  	0.10438  	-0.4137  	-0.0561  	0.02400  	0.00541  	0.62820  	0.50885  	265.059  	212.284  	
-1.5096  	-0.5375  	0.29427  	-1.2934  	0.51207  	-2.0824  	-2.3797  	-0.5823  	0.67735  	-0.9086  	-0.3327  	3.18737  	-0.0936  	-1.2272  	-2.5924  	0.44180  	1.03715  	-0.8876  	1.41217  	-1.6448  	-0.9041  	-0.6498  	-0.2423  	0.66240  	-1.2996  	1.40040  	-0.1401  	-2.3420  	-0.3569  	-1.2327  	0.54841  	-0.3295  	-0.2844  	-1.0530  	-0.2035  	-0.0036  	0.24762  	0.36572  	-1.5926  	-0.9683  	1.75705  	0.91850  	-0.3672  	1.19898  	-0.4184  	-0.0241  	-0.1734  	0.58792  	0.18851  	-0.0020  	0.03722  	-0.0134  	-0.0128  	0.16581  	0.15359  	-0.0412  	0.01878  	-0.1247  	-0.0663  	0.02057  	-0.0969  	-0.1343  	0.20710  	0.01190  	0.10438  	-0.4137  	-0.0561  	0.02400  	0.00541  	0.62820  	0.50885  	265.059  	212.284  	
-2.2814  	-0.8069  	-0.2728  	-2.0726  	0.54227  	-2.5094  	-2.1404  	-1.0112  	0.47665  	-0.9385  	-0.0954  	2.68663  	-0.5736  	-1.7312  	-3.0202  	-0.0077  	0.76691  	-0.3658  	1.17126  	-1.0975  	-1.1499  	0.03386  	0.21961  	0.61850  	-0.6622  	0.99129  	-0.0734  	-2.1260  	-0.0860  	-1.0448  	0.10847  	-0.2821  	-0.1844  	-0.6717  	-0.1311  	0.33154  	0.37971  	0.33116  	-1.2871  	-0.7089  	1.45228  	0.61341  	-0.1413  	0.96101  	-0.2091  	-0.0939  	-0.1383  	0.51786  	0.16351  	-0.0196  	0.03853  	-0.0232  	-0.0337  	0.12765  	0.14216  	-0.0548  	0.04110  	-0.0970  	-0.0745  	0.00720  	-0.1348  	-0.1438  	0.19871  	-0.0283  	0.10438  	-0.4137  	-0.0561  	0.02400  	0.00541  	0.62820  	0.50885  	265.059  	212.284  	
-2.0408  	-0.7830  	0.11498  	-2.2442  	0.13195  	-2.4544  	-1.9704  	-1.0875  	0.62366  	-0.7094  	-0.3072  	2.46428  	-0.7035  	-1.3511  	-2.8848  	0.11021  	0.61737  	-0.0040  	1.00031  	-0.4249  	-1.2569  	0.86360  	1.23531  	0.87832  	-0.3817  	0.74308  	0.37243  	-2.3603  	-0.5069  	-0.9616  	-0.2070  	-0.1608  	0.07362  	-0.1458  	0.12242  	0.23521  	0.77588  	0.39771  	-1.0389  	-0.3849  	1.27895  	0.23414  	0.25098  	0.77086  	-0.0353  	-0.1522  	-0.0473  	0.47588  	0.20445  	-0.0016  	0.01274  	-0.0318  	-0.0541  	0.09926  	0.08695  	-0.0718  	0.02588  	-0.0764  	-0.0916  	-0.0142  	-0.1579  	-0.1325  	0.26289  	-0.0282  	0.10438  	-0.4137  	-0.0561  	0.02400  	0.00541  	0.62820  	0.50885  	265.059  	212.284  	
-0.9531  	-0.6908  	0.49793  	-1.2094  	0.48503  	-1.1206  	-1.9613  	-0.7201  	0.72627  	-1.2546  	-1.0193  	2.64393  	-0.5583  	-1.1548  	-2.4344  	0.68172  	0.73108  	0.11661  	1.08899  	-0.5283  	-1.3014  	0.76480  	1.22721  	0.83337  	-0.2923  	0.61379  	0.40950  	-2.2306  	-0.6221  	-0.9113  	-0.4079  	0.04145  	0.09532  	-0.1939  	0.25231  	0.22854  	0.85471  	0.45916  	-1.0333  	-0.3252  	1.24770  	0.16485  	0.25931  	0.78976  	-0.0708  	-0.1054  	-0.0522  	0.46583  	0.22196  	0.03889  	0.04284  	-0.0376  	-0.0329  	0.07746  	0.08980  	-0.0325  	0.01706  	-0.0934  	-0.0741  	-0.0196  	-0.1608  	-0.1163  	0.25797  	-0.0343  	0.10438  	-0.4137  	-0.0561  	0.02400  	0.00541  	0.62820  	0.50885  	265.059  	212.284  	
-0.2837  	-0.3576  	0.73303  	-0.4092  	0.97211  	-0.9435  	-2.0604  	-0.7478  	0.66498  	-1.2379  	-0.8702  	3.16884  	-0.5622  	-1.1885  	-2.4033  	0.95083  	0.55572  	0.09849  	1.10997  	-0.1627  	-1.0613  	0.72570  	0.93980  	0.86304  	-0.3329  	0.52990  	0.47065  	-1.9408  	-0.4818  	-0.8301  	-0.5018  	0.09155  	0.08794  	-0.1844  	0.40364  	0.32833  	0.88615  	0.48198  	-1.0493  	-0.2587  	1.09865  	0.16203  	0.26665  	0.85481  	-0.0541  	-0.1029  	-0.0628  	0.47065  	0.22921  	-0.0152  	0.06153  	-0.0424  	-0.0198  	0.07016  	0.09485  	-0.0081  	0.02804  	-0.0855  	-0.0763  	-0.0226  	-0.1698  	-0.1677  	0.22554  	-0.0460  	0.10438  	-0.4137  	-0.0561  	0.02400  	0.00541  	0.62820  	0.50885  	265.059  	212.284  	
-0.2795  	-0.4201  	0.82072  	0.08113  	1.30438  	-0.6997  	-2.0445  	-0.6478  	0.69086  	-1.3729  	-1.3794  	2.99697  	-0.5173  	-0.8233  	-1.8987  	0.92653  	0.58023  	-0.1197  	1.08492  	-0.4290  	-1.0612  	0.70556  	0.93645  	0.97612  	0.10213  	0.45872  	0.94288  	-2.1634  	-0.4496  	-0.5500  	-0.5820  	0.15062  	-0.0041  	-0.1240  	0.51267  	0.27145  	0.94434  	0.51197  	-0.9885  	-0.3830  	0.88991  	0.26226  	0.27498  	0.83061  	-0.0640  	-0.1199  	-0.0919  	0.46006  	0.26260  	-0.0590  	0.06889  	-0.0357  	-0.0204  	0.08318  	0.08689  	-0.0001  	0.03432  	-0.0646  	-0.0618  	-0.0397  	-0.1531  	-0.1889  	0.24435  	-0.0511  	0.10438  	-0.4137  	-0.0561  	0.02400  	0.00541  	0.62820  	0.50885  	265.059  	212.284  	
-0.5628  	-0.5005  	0.60377  	-0.2390  	1.08006  	-0.9292  	-2.0166  	-0.8395  	0.60102  	-1.4686  	-1.3321  	2.82346  	-0.5926  	-1.0375  	-1.8042  	0.54741  	0.58193  	-0.0890  	1.09291  	-0.5642  	-1.0679  	0.87995  	1.12497  	0.96818  	-0.0422  	0.51416  	0.76917  	-2.2515  	-0.5085  	-0.6756  	-0.5712  	0.13551  	0.02932  	-0.1590  	0.46331  	0.24950  	1.06208  	0.50605  	-1.1144  	-0.3689  	0.98151  	0.21650  	0.21050  	0.86025  	-0.0607  	-0.1341  	-0.0757  	0.46667  	0.27000  	-0.0285  	0.03444  	-0.0355  	-0.0123  	0.08502  	0.10730  	-0.0017  	0.04087  	-0.0874  	-0.0487  	-0.0299  	-0.1643  	-0.1929  	0.21072  	-0.0547  	0.10438  	-0.4137  	-0.0561  	0.02400  	0.00541  	0.62820  	0.50885  	265.059  	212.284  	
-0.5042  	-0.3739  	0.73459  	-0.4947  	0.93695  	-0.9153  	-2.1336  	-0.9077  	0.49620  	-1.2980  	-0.9159  	2.83809  	-0.6801  	-1.3799  	-2.4509  	0.98815  	0.49697  	-0.0015  	1.13939  	-0.3845  	-1.0881  	0.83322  	1.02822  	1.03321  	-0.1169  	0.44752  	0.61709  	-2.2724  	-0.5094  	-0.7327  	-0.5533  	0.03562  	-0.0507  	-0.1925  	0.56587  	0.42384  	1.03250  	0.48666  	-1.1121  	-0.3787  	0.98364  	0.24541  	0.17579  	0.81572  	-0.0279  	-0.0982  	-0.0954  	0.45126  	0.26259  	-0.0033  	0.07613  	-0.0264  	-0.0001  	0.06121  	0.10087  	-0.0160  	0.05897  	-0.0701  	-0.0594  	-0.0419  	-0.1890  	-0.1893  	0.27477  	-0.0458  	0.10438  	-0.4137  	-0.0561  	0.02400  	0.00541  	0.62820  	0.50885  	265.059  	212.284  	
-1.0545  	-0.5245  	0.35672  	-1.1810  	0.54277  	-1.3147  	-2.0214  	-0.9192  	0.51716  	-1.0548  	-0.7857  	2.75602  	-0.7350  	-1.5298  	-2.8907  	0.75752  	0.45683  	0.22520  	1.03939  	-0.1974  	-1.2673  	0.78086  	1.03166  	0.76676  	-0.1123  	0.53297  	0.38986  	-1.9897  	-0.3770  	-0.8314  	-0.4502  	0.00429  	-0.0405  	-0.1794  	0.25851  	0.53597  	0.90063  	0.42019  	-0.9385  	-0.2956  	1.11824  	0.22603  	0.20264  	0.83268  	-0.0267  	-0.1030  	-0.0627  	0.45099  	0.23722  	-0.0373  	0.05567  	-0.0315  	-0.0030  	0.09979  	0.10620  	-0.0330  	0.04255  	-0.0624  	-0.0796  	-0.0240  	-0.1654  	-0.1886  	0.25744  	-0.0159  	0.10438  	-0.4137  	-0.0561  	0.02400  	0.00541  	0.62820  	0.50885  	265.059  	212.284  	
-1.7765  	-0.7594  	-0.1758  	-1.5736  	0.48187  	-1.8416  	-1.9621  	-1.1880  	0.46544  	-0.9990  	-0.6025  	2.67114  	-0.8455  	-1.6473  	-2.7281  	0.34445  	0.53233  	0.11332  	1.05054  	-0.4626  	-1.3415  	0.79252  	1.22477  	0.71275  	-0.1785  	0.61413  	0.40117  	-2.0329  	-0.3820  	-0.8164  	-0.3676  	-0.0244  	-0.0651  	-0.1580  	0.23537  	0.47709  	0.85562  	0.37591  	-1.0966  	-0.4105  	1.13036  	0.23494  	0.17570  	0.84839  	-0.0011  	-0.1327  	-0.0742  	0.38032  	0.18585  	-0.0007  	0.06472  	-0.0266  	-0.0415  	0.07419  	0.12260  	-0.0316  	0.05451  	-0.0555  	-0.0716  	-0.0420  	-0.1565  	-0.1520  	0.25725  	-0.0287  	0.10438  	-0.4137  	-0.0561  	0.02400  	0.00541  	0.62820  	0.50885  	265.059  	212.284  	
-1.6649  	-0.6930  	0.12997  	-1.6678  	0.44249  	-1.7309  	-2.0321  	-0.9816  	0.50036  	-1.0839  	-0.5850  	2.60883  	-0.8068  	-1.4480  	-2.6100  	0.34449  	0.54368  	0.03271  	1.05770  	-0.5031  	-1.1769  	0.74552  	1.51282  	0.80867  	-0.4336  	0.64096  	0.42700  	-2.1985  	-0.4023  	-0.8462  	-0.3345  	-0.0069  	-0.0449  	-0.1808  	0.19482  	0.29236  	0.92680  	0.45589  	-1.1255  	-0.3968  	1.23732  	0.21556  	0.23896  	0.86000  	-0.0388  	-0.1355  	-0.0455  	0.40678  	0.19746  	-0.0080  	0.02923  	-0.0265  	-0.0232  	0.08709  	0.08922  	-0.0389  	0.02446  	-0.0800  	-0.0803  	-0.0479  	-0.1354  	-0.1428  	0.22593  	-0.0446  	0.10438  	-0.4137  	-0.0561  	0.02400  	0.00541  	0.62820  	0.50885  	265.059  	212.284  	
-1.2659  	-0.4212  	0.24412  	-1.2782  	0.65968  	-1.3857  	-2.0237  	-0.7899  	0.62489  	-1.1613  	-1.0991  	2.89039  	-0.5083  	-1.0680  	-2.3043  	0.37238  	0.59971  	0.09097  	0.97714  	-0.4508  	-1.2798  	0.97224  	1.39196  	0.75342  	-0.3934  	0.65970  	0.30444  	-1.9921  	-0.3391  	-0.8615  	-0.3466  	-0.1491  	0.02408  	-0.1628  	0.10474  	0.20281  	0.72024  	0.36722  	-0.9202  	-0.3133  	1.21141  	0.20009  	0.25037  	0.84816  	-0.0893  	-0.1196  	-0.0499  	0.48732  	0.19235  	0.01423  	0.01671  	-0.0359  	-0.0414  	0.06877  	0.08702  	-0.0523  	0.03841  	-0.0918  	-0.0723  	-0.0506  	-0.1541  	-0.1512  	0.25428  	-0.0270  	0.10438  	-0.4137  	-0.0561  	0.02400  	0.00541  	0.62820  	0.50885  	265.059  	212.284  	
-0.1263  	-0.1768  	0.84625  	-0.3936  	0.81591  	-0.5562  	-2.0771  	-0.3737  	0.81153  	-1.3408  	-1.7080  	2.91053  	-0.1474  	-0.3354  	-1.3773  	0.49607  	0.63947  	-0.0244  	1.08505  	-0.7181  	-0.9505  	1.03522  	1.50482  	0.80872  	-0.3790  	0.57428  	0.32678  	-2.4752  	-0.5972  	-0.8834  	-0.2937  	-0.0244  	0.07873  	-0.2314  	0.28794  	-0.0655  	0.87141  	0.45064  	-0.9617  	-0.3657  	1.11884  	0.10289  	0.42573  	0.85612  	-0.1299  	-0.1041  	-0.1105  	0.51040  	0.25447  	0.03544  	0.04707  	-0.0581  	-0.0075  	0.07160  	0.08773  	0.00496  	-0.0133  	-0.0748  	-0.0739  	-0.0291  	-0.1503  	-0.1077  	0.23799  	-0.0277  	0.10438  	-0.4137  	-0.0561  	0.02400  	0.00541  	0.62820  	0.50885  	265.059  	212.284  	
-0.1344  	-0.1977  	0.71466  	-0.4380  	1.07846  	-0.8568  	-1.9486  	-0.4612  	0.73805  	-1.2829  	-1.3715  	2.71659  	-0.2290  	-0.1479  	-1.4933  	0.44405  	0.53924  	-0.1675  	1.08421  	-0.6066  	-0.8390  	0.89245  	1.17160  	0.91450  	-0.0770  	0.42821  	0.78261  	-2.6341  	-0.7690  	-0.7062  	-0.4131  	0.03103  	0.10440  	-0.1584  	0.69827  	-0.0271  	1.13751  	0.47682  	-1.1183  	-0.3707  	0.99129  	0.21973  	0.26956  	0.80348  	-0.0853  	-0.1148  	-0.0883  	0.47264  	0.27614  	0.01209  	0.02591  	-0.0611  	-0.0462  	0.07927  	0.09044  	0.00014  	0.02091  	-0.0804  	-0.0859  	-0.0274  	-0.1655  	-0.1359  	0.21525  	-0.0443  	0.10438  	-0.4137  	-0.0561  	0.02400  	0.00541  	0.62820  	0.50885  	265.059  	212.284  	
-1.5730  	-0.5921  	0.12010  	-1.6063  	0.53769  	-1.5505  	-2.1874  	-0.8026  	0.60111  	-1.0696  	-0.5127  	2.69284  	-0.7491  	-1.3809  	-2.2823  	0.29070  	0.59843  	-0.1321  	1.08435  	-0.5907  	-0.6586  	0.78913  	1.28614  	0.87848  	-0.5307  	0.55698  	0.77524  	-2.5120  	-0.7934  	-0.8378  	-0.3629  	0.04075  	0.05407  	-0.1819  	0.51072  	0.16898  	1.07604  	0.43618  	-1.2304  	-0.3355  	0.96322  	0.24796  	0.16208  	0.77600  	0.00996  	-0.1308  	-0.0440  	0.32310  	0.17882  	0.03863  	0.01483  	-0.0510  	-0.0512  	0.11353  	0.10254  	-0.0527  	0.02950  	-0.0748  	-0.0636  	-0.0187  	-0.1643  	-0.1507  	0.27732  	-0.0251  	0.10438  	-0.4137  	-0.0561  	0.02400  	0.00541  	0.62820  	0.50885  	265.059  	212.284  	
-1.1260  	-0.5698  	0.39540  	-1.2865  	0.47355  	-1.2096  	-2.1162  	-0.9820  	0.59697  	-1.2830  	-0.7603  	2.71772  	-0.7846  	-1.5084  	-2.4932  	0.39561  	0.59744  	0.02430  	1.06661  	-0.5421  	-1.0472  	0.80875  	1.49035  	0.83228  	-0.3583  	0.62198  	0.50230  	-2.2009  	-0.4750  	-0.8589  	-0.4158  	0.02356  	0.02365  	-0.1631  	0.22936  	0.28342  	1.00344  	0.45287  	-1.1152  	-0.3598  	1.21695  	0.21007  	0.23475  	0.85916  	-0.0481  	-0.1314  	-0.0329  	0.40989  	0.21368  	-0.0025  	0.02083  	-0.0357  	-0.0308  	0.08857  	0.10352  	-0.0568  	0.03487  	-0.0521  	-0.0713  	-0.0511  	-0.1703  	-0.1455  	0.25155  	-0.0323  	0.10438  	-0.4137  	-0.0561  	0.02400  	0.00541  	0.62820  	0.50885  	265.059  	212.284  	
-0.8559  	-0.4415  	0.56129  	-0.9794  	0.74430  	-1.1336  	-2.0409  	-0.8384  	0.63018  	-1.0098  	-0.9138  	2.88970  	-0.6499  	-1.3190  	-2.5418  	0.70554  	0.48589  	0.08071  	1.01253  	-0.3256  	-1.1853  	0.76783  	1.14829  	0.73238  	-0.4131  	0.56887  	0.34189  	-2.0129  	-0.3648  	-0.8840  	-0.3983  	-0.0128  	0.01337  	-0.1609  	0.25746  	0.34725  	0.90184  	0.42704  	-1.0484  	-0.2951  	1.18547  	0.15162  	0.25761  	0.86510  	-0.0614  	-0.1280  	-0.0505  	0.44903  	0.24151  	-0.0294  	0.03761  	-0.0466  	-0.0275  	0.06318  	0.10785  	-0.0434  	0.05165  	-0.0756  	-0.0745  	-0.0507  	-0.1665  	-0.1649  	0.26493  	-0.0214  	0.10438  	-0.4137  	-0.0561  	0.02400  	0.00541  	0.62820  	0.50885  	265.059  	212.284  	
-0.8018  	-0.4868  	0.65961  	-0.9666  	0.74164  	-1.2607  	-2.0635  	-0.8681  	0.66132  	-0.9520  	-0.8188  	2.90287  	-0.6364  	-1.3172  	-2.4647  	0.81156  	0.38108  	0.02709  	1.03759  	-0.2204  	-1.2608  	0.77453  	1.02801  	0.69260  	-0.3462  	0.57295  	0.23376  	-1.9846  	-0.4221  	-0.9057  	-0.4073  	0.00981  	0.03884  	-0.1634  	0.40938  	0.39282  	0.88741  	0.41984  	-1.0561  	-0.2791  	1.15999  	0.22136  	0.26828  	0.84452  	-0.0765  	-0.1151  	-0.0540  	0.46529  	0.23886  	-0.0165  	0.07505  	-0.0444  	-0.0186  	0.05305  	0.11443  	-0.0505  	0.05127  	-0.0608  	-0.0758  	-0.0414  	-0.1724  	-0.1753  	0.27352  	-0.0167  	0.10438  	-0.4137  	-0.0561  	0.02400  	0.00541  	0.62820  	0.50885  	265.059  	212.284  	
-0.8340  	-0.4997  	0.38219  	-0.7924  	0.77414  	-1.1968  	-2.0232  	-0.9675  	0.57912  	-1.2438  	-0.9988  	2.77084  	-0.6741  	-1.3081  	-2.3432  	0.62190  	0.48064  	0.00616  	1.02178  	-0.2939  	-1.1935  	0.75878  	1.05770  	0.70062  	-0.2665  	0.56509  	0.40120  	-2.0028  	-0.4550  	-0.8072  	-0.4288  	0.03250  	-0.0266  	-0.1385  	0.44403  	0.44168  	0.89588  	0.43727  	-1.0828  	-0.3391  	1.10240  	0.23284  	0.23269  	0.80799  	-0.0469  	-0.1162  	-0.0609  	0.43717  	0.23041  	-0.0092  	0.06131  	-0.0407  	-0.0207  	0.05769  	0.12207  	-0.0348  	0.05755  	-0.0566  	-0.0745  	-0.0541  	-0.1695  	-0.1770  	0.27889  	-0.0153  	0.10438  	-0.4137  	-0.0561  	0.02400  	0.00541  	0.62820  	0.50885  	265.059  	212.284  	
-0.8971  	-0.4782  	0.43148  	-0.7784  	0.71147  	-1.3139  	-2.0475  	-0.8026  	0.62516  	-1.4157  	-0.8898  	2.75632  	-0.7167  	-1.0972  	-1.7961  	0.46732  	0.54638  	-0.0854  	0.93466  	-0.4412  	-0.8792  	0.81796  	1.28440  	0.84338  	-0.3512  	0.61359  	0.51959  	-2.3983  	-0.6954  	-0.8456  	-0.3877  	0.09243  	0.05292  	-0.1737  	0.51371  	0.10862  	1.08112  	0.50095  	-1.1715  	-0.4662  	1.10993  	0.27442  	0.18920  	0.77837  	-0.0234  	-0.1061  	-0.0432  	0.39951  	0.19249  	0.00735  	0.01350  	-0.0491  	-0.0236  	0.06676  	0.08734  	-0.0331  	0.04315  	-0.0691  	-0.0823  	-0.0562  	-0.1616  	-0.1342  	0.25641  	-0.0277  	0.10438  	-0.4137  	-0.0561  	0.02400  	0.00541  	0.62820  	0.50885  	265.059  	212.284  	
-0.4797  	-0.2434  	0.67407  	-0.5214  	0.66325  	-1.1071  	-2.0807  	-0.4752  	0.95470  	-1.3367  	-0.7435  	3.00459  	-0.3304  	-0.5277  	-1.9325  	0.76970  	0.59049  	-0.0580  	1.00888  	-0.3990  	-0.7594  	0.78146  	1.15952  	0.81958  	-0.5299  	0.56135  	0.42076  	-2.3684  	-0.8372  	-0.9083  	-0.3281  	0.02987  	0.23390  	-0.1878  	0.62413  	-0.0801  	1.00939  	0.51773  	-1.1424  	-0.4798  	1.09701  	0.21152  	0.27336  	0.74613  	-0.0443  	-0.1033  	-0.0225  	0.42841  	0.22238  	0.04413  	0.01763  	-0.0433  	-0.0207  	0.07732  	0.10046  	-0.0273  	-0.0033  	-0.0894  	-0.0756  	-0.0261  	-0.1433  	-0.1255  	0.23010  	-0.0403  	0.10438  	-0.4137  	-0.0561  	0.02400  	0.00541  	0.62820  	0.50885  	265.059  	212.284  	
-1.4422  	-0.6069  	0.17556  	-1.2473  	0.55382  	-1.9143  	-2.1676  	-0.8310  	0.84390  	-0.8017  	-0.4907  	3.04248  	-0.3608  	-0.8832  	-2.7992  	0.63972  	0.46950  	0.06065  	0.95825  	-0.2439  	-1.3615  	0.63888  	1.08563  	0.71551  	-0.8228  	0.80207  	-0.0863  	-1.8816  	-0.7329  	-1.0541  	-0.1819  	-0.1041  	0.20179  	-0.1654  	0.20674  	0.14754  	0.71085  	0.39065  	-0.9592  	-0.4486  	1.27347  	0.18485  	0.26436  	0.74723  	-0.0892  	-0.1452  	-0.0496  	0.46005  	0.26494  	0.05769  	0.02039  	-0.0313  	-0.0339  	0.06863  	0.11600  	-0.0532  	0.00918  	-0.0638  	-0.0802  	-0.0421  	-0.1365  	-0.1205  	0.29233  	-0.0070  	0.10438  	-0.4137  	-0.0561  	0.02400  	0.00541  	0.62820  	0.50885  	265.059  	212.284  	
-2.0427  	-0.8316  	-0.2791  	-1.7889  	0.62008  	-2.3334  	-1.9199  	-1.1106  	0.61132  	-0.8673  	-0.2792  	2.67452  	-0.6239  	-1.3177  	-2.9216  	0.11014  	0.52800  	0.09434  	0.90104  	-0.2790  	-1.3158  	0.72924  	1.01536  	0.79385  	-0.4022  	0.69235  	-0.0067  	-1.9474  	-0.3991  	-0.9756  	-0.2903  	-0.1525  	0.10561  	-0.1510  	0.11455  	0.27522  	0.67583  	0.34297  	-0.9549  	-0.4244  	1.19896  	0.23744  	0.21689  	0.72917  	-0.0353  	-0.1450  	-0.0509  	0.46227  	0.21911  	0.00611  	0.02651  	-0.0306  	-0.0528  	0.08009  	0.10168  	-0.0559  	0.04500  	-0.0779  	-0.0899  	-0.0314  	-0.1458  	-0.1426  	0.25567  	-0.0247  	0.10438  	-0.4137  	-0.0561  	0.02400  	0.00541  	0.62820  	0.50885  	265.059  	212.284  	
-1.5379  	-0.6792  	0.32493  	-1.8347  	0.32247  	-1.8386  	-1.9900  	-0.8783  	0.61476  	-0.9267  	-0.6057  	2.62220  	-0.5969  	-0.9479  	-2.4987  	0.16385  	0.65897  	-0.0276  	1.04825  	-0.4864  	-1.1411  	0.85432  	1.38913  	0.93299  	-0.3814  	0.68585  	0.48457  	-2.3159  	-0.5126  	-0.9006  	-0.2694  	-0.0918  	0.04459  	-0.1938  	0.19500  	0.13155  	0.88278  	0.41623  	-1.0382  	-0.3639  	1.28765  	0.17433  	0.25244  	0.82958  	-0.0267  	-0.1309  	-0.0516  	0.45195  	0.21586  	-0.0185  	-0.0084  	-0.0414  	-0.0360  	0.07586  	0.07672  	-0.0663  	0.02365  	-0.0856  	-0.0804  	-0.0234  	-0.1324  	-0.1330  	0.23895  	-0.0348  	0.10438  	-0.4137  	-0.0561  	0.02400  	0.00541  	0.62820  	0.50885  	265.059  	212.284  	
-0.7196  	-0.5093  	0.59755  	-0.8142  	0.81871  	-1.1515  	-1.9334  	-0.8628  	0.61514  	-1.1476  	-1.0642  	2.82220  	-0.6409  	-1.3064  	-2.2632  	0.68647  	0.52081  	0.15678  	1.03768  	-0.2905  	-1.3223  	0.78143  	1.19741  	0.77154  	-0.3696  	0.55204  	0.34297  	-1.9324  	-0.3833  	-0.9057  	-0.4230  	-0.0123  	0.04949  	-0.1698  	0.25336  	0.30446  	0.86645  	0.41830  	-1.0522  	-0.2840  	1.14401  	0.17862  	0.26455  	0.84265  	-0.0469  	-0.1274  	-0.0537  	0.46574  	0.25030  	-0.0267  	0.04763  	-0.0492  	-0.0291  	0.06533  	0.09798  	-0.0455  	0.04857  	-0.0699  	-0.0713  	-0.0483  	-0.1588  	-0.1671  	0.26035  	-0.0247  	0.10438  	-0.4137  	-0.0561  	0.02400  	0.00541  	0.62820  	0.50885  	265.059  	212.284  	
-0.5671  	-0.4981  	0.68752  	-0.5140  	1.07267  	-1.1878  	-1.8605  	-0.8659  	0.57935  	-0.9424  	-0.8051  	2.86333  	-0.6360  	-1.1842  	-2.3191  	0.91906  	0.32843  	0.04438  	1.00369  	-0.1729  	-1.3129  	0.81406  	0.85040  	0.86724  	-0.1365  	0.47806  	0.50967  	-1.9491  	-0.3980  	-0.8075  	-0.5257  	0.07202  	-0.0177  	-0.1664  	0.51207  	0.51074  	0.92646  	0.43050  	-1.0770  	-0.3012  	1.03468  	0.20952  	0.20122  	0.79736  	-0.0511  	-0.1384  	-0.0634  	0.46590  	0.26584  	-0.0134  	0.07395  	-0.0568  	-0.0154  	0.07414  	0.11565  	-0.0428  	0.06846  	-0.0737  	-0.0825  	-0.0423  	-0.1764  	-0.1941  	0.26785  	-0.0312  	0.10438  	-0.4137  	-0.0561  	0.02400  	0.00541  	0.62820  	0.50885  	265.059  	212.284  	
-0.4978  	-0.6438  	0.66426  	-0.5953  	1.11564  	-1.0373  	-1.9114  	-1.0365  	0.60373  	-0.8644  	-0.8319  	2.94863  	-0.5864  	-1.4595  	-2.5224  	1.17319  	0.31935  	0.15654  	1.04394  	-0.2511  	-1.4457  	0.77275  	0.69076  	0.80524  	-0.0089  	0.43506  	0.51513  	-1.8504  	-0.2915  	-0.7295  	-0.5174  	0.06349  	-0.0898  	-0.1119  	0.51331  	0.57611  	0.81477  	0.47097  	-1.0577  	-0.2205  	1.08725  	0.22127  	0.23185  	0.82132  	-0.0800  	-0.1213  	-0.0837  	0.46741  	0.25673  	-0.0297  	0.09704  	-0.0462  	-0.0300  	0.06984  	0.12250  	-0.0135  	0.05534  	-0.0854  	-0.0705  	-0.0204  	-0.1660  	-0.1995  	0.28726  	-0.0274  	0.10438  	-0.4137  	-0.0561  	0.02400  	0.00541  	0.62820  	0.50885  	265.059  	212.284  	
-0.5062  	-0.5547  	0.69432  	-0.8283  	1.00600  	-1.0266  	-1.8799  	-1.1214  	0.57866  	-0.9558  	-0.9579  	2.80283  	-0.6409  	-1.5138  	-2.6967  	1.11693  	0.35477  	0.14134  	1.00819  	-0.2430  	-1.4831  	0.73171  	0.77532  	0.74728  	-0.0930  	0.48913  	0.51378  	-1.8696  	-0.2851  	-0.7705  	-0.4766  	0.04962  	-0.0612  	-0.0954  	0.43741  	0.59678  	0.78922  	0.42362  	-1.0201  	-0.1697  	1.11179  	0.26640  	0.23514  	0.84820  	-0.0545  	-0.1189  	-0.0825  	0.46309  	0.25465  	0.00110  	0.08805  	-0.0469  	-0.0253  	0.07775  	0.11963  	-0.0210  	0.05454  	-0.0767  	-0.0818  	-0.0378  	-0.1721  	-0.1883  	0.27349  	-0.0192  	0.10438  	-0.4137  	-0.0561  	0.02400  	0.00541  	0.62820  	0.50885  	265.059  	212.284  	
-1.0482  	-0.6286  	0.30098  	-0.6932  	0.82881  	-1.2146  	-2.0181  	-1.0527  	0.46723  	-1.1701  	-0.9641  	2.80070  	-0.8071  	-1.6158  	-2.6222  	0.86725  	0.57122  	0.02373  	1.04731  	-0.3732  	-1.3943  	0.81465  	0.82599  	1.00348  	0.17532  	0.46960  	0.78560  	-1.9276  	-0.5393  	-0.6853  	-0.5367  	0.17716  	-0.0830  	-0.2276  	0.44781  	0.66576  	0.88752  	0.40997  	-1.0719  	-0.2528  	0.95150  	0.22183  	0.17830  	0.81922  	-0.0666  	-0.1085  	-0.0887  	0.43732  	0.24533  	0.00832  	0.08302  	-0.0301  	-0.0274  	0.06752  	0.10049  	-0.0485  	0.05696  	-0.0535  	-0.0761  	-0.0320  	-0.1876  	-0.1987  	0.27620  	-0.0293  	0.10438  	-0.4137  	-0.0561  	0.02400  	0.00541  	0.62820  	0.50885  	265.059  	212.284  	
-0.6482  	-0.5229  	0.23780  	0.33182  	1.54744  	-1.0181  	-1.9668  	-0.7117  	0.60178  	-1.5438  	-1.4838  	3.08523  	-0.5224  	-0.6023  	-1.2545  	0.60878  	0.51247  	-0.1203  	0.97638  	-0.3451  	-1.1201  	0.81867  	0.90148  	1.05214  	-0.1092  	0.54425  	0.74527  	-1.9761  	-0.4099  	-0.5502  	-0.5156  	0.02657  	-0.0142  	-0.1459  	0.70244  	0.19467  	0.79668  	0.39566  	-1.1230  	-0.3082  	0.79908  	0.32207  	0.08683  	0.78656  	0.00395  	-0.1118  	-0.0787  	0.39493  	0.25260  	-0.0607  	0.07226  	-0.0388  	-0.0395  	0.06809  	0.08555  	-0.0147  	0.05903  	-0.0818  	-0.0651  	-0.0237  	-0.1645  	-0.1582  	0.23342  	-0.0381  	0.10438  	-0.4137  	-0.0561  	0.02400  	0.00541  	0.62820  	0.50885  	265.059  	212.284  	
-0.1202  	-0.3000  	0.44641  	0.44147  	1.58676  	-0.7617  	-2.0586  	-0.6682  	0.68469  	-1.5571  	-1.9029  	3.03290  	-0.1732  	-0.1000  	-0.7177  	0.34963  	0.57049  	-0.3699  	0.95419  	-0.6256  	-1.0281  	1.03050  	1.00091  	1.14149  	-0.0937  	0.45812  	1.01864  	-2.3127  	-0.6844  	-0.6237  	-0.4965  	0.06810  	0.03323  	-0.1182  	0.89145  	0.09327  	0.90574  	0.36334  	-1.1164  	-0.2587  	0.75146  	0.28445  	0.16575  	0.79928  	-0.0561  	-0.1288  	-0.0538  	0.45988  	0.29248  	-0.0246  	0.03247  	-0.0378  	-0.0459  	0.08014  	0.07643  	-0.0171  	0.02345  	-0.0780  	-0.0514  	-0.0330  	-0.1955  	-0.1286  	0.23031  	-0.0514  	0.10438  	-0.4137  	-0.0561  	0.02400  	0.00541  	0.62820  	0.50885  	265.059  	212.284  	
0.48200  	0.07018  	0.92338  	0.78308  	1.66440  	-0.1579  	-1.7971  	-0.4447  	0.74351  	-1.5107  	-2.7352  	2.45729  	0.25657  	0.48638  	-0.2109  	0.08844  	0.52916  	-0.3050  	0.89016  	-0.9781  	-1.2330  	1.29951  	1.08190  	0.86537  	0.16771  	0.44102  	1.02085  	-2.5712  	-0.1214  	-0.4095  	-0.4849  	-0.0581  	0.06623  	-0.1472  	0.62406  	-0.0039  	0.70932  	0.30849  	-0.9107  	-0.1635  	0.84208  	0.26946  	0.26629  	0.84108  	-0.1017  	-0.1192  	-0.0941  	0.56659  	0.32512  	-0.0189  	0.05391  	-0.0503  	-0.0389  	0.06844  	0.10030  	0.02663  	0.01498  	-0.0991  	-0.0868  	-0.0170  	-0.1579  	-0.1218  	0.20385  	-0.0594  	0.10438  	-0.4137  	-0.0561  	0.02400  	0.00541  	0.62820  	0.50885  	265.059  	212.284  	
0.16188  	-0.1381  	0.60663  	0.52899  	1.52617  	-1.0351  	-1.7822  	-0.5246  	0.69248  	-1.2290  	-2.0490  	2.33959  	0.08437  	0.63487  	-0.5325  	-0.0306  	0.52987  	-0.3598  	1.00217  	-0.7600  	-1.1801  	1.29211  	0.81974  	1.06411  	0.33061  	0.37149  	1.21747  	-2.7741  	-0.4212  	-0.4999  	-0.4114  	0.04640  	0.06264  	-0.1085  	0.86222  	0.08023  	0.90403  	0.32929  	-1.0763  	-0.1580  	0.68963  	0.28415  	0.14307  	0.80687  	-0.0303  	-0.1376  	-0.0620  	0.49833  	0.29172  	-0.0256  	0.05769  	-0.0426  	-0.0523  	0.05276  	0.09394  	0.00868  	-0.0107  	-0.0985  	-0.0775  	0.00243  	-0.1431  	-0.1204  	0.19068  	-0.0433  	0.10438  	-0.4137  	-0.0561  	0.02400  	0.00541  	0.62820  	0.50885  	265.059  	212.284  	
-1.1297  	-0.5928  	-0.1220  	-0.2710  	1.34483  	-1.7224  	-1.9213  	-0.8325  	0.61040  	-1.1931  	-1.0034  	3.16800  	-0.4184  	-0.4313  	-1.3210  	0.22659  	0.48419  	-0.0937  	0.96434  	-0.4040  	-0.8508  	0.82975  	0.88671  	1.20827  	-0.4503  	0.49263  	0.64709  	-2.3605  	-0.7494  	-0.8326  	-0.3594  	0.05748  	0.07726  	-0.1517  	0.79606  	-0.0158  	0.98999  	0.38371  	-1.2958  	-0.3197  	0.85194  	0.28059  	0.04697  	0.76023  	-0.0192  	-0.1234  	-0.0582  	0.36390  	0.26015  	0.00714  	0.05110  	-0.0495  	-0.0613  	0.08060  	0.10087  	-0.0265  	0.05041  	-0.0800  	-0.0734  	-0.0107  	-0.1751  	-0.1540  	0.22814  	-0.0579  	0.10438  	-0.4137  	-0.0561  	0.02400  	0.00541  	0.62820  	0.50885  	265.059  	212.284  	
-0.9456  	-0.7594  	0.34801  	-0.8406  	0.81189  	-1.1650  	-1.9829  	-1.0289  	0.54500  	-1.2748  	-0.8392  	2.70555  	-0.7239  	-1.4202  	-2.4436  	0.65289  	0.55074  	0.08375  	1.03698  	-0.5789  	-1.3151  	0.79480  	1.15613  	0.89830  	-0.2157  	0.56932  	0.59985  	-2.1155  	-0.5510  	-0.7544  	-0.4713  	0.08417  	-0.0526  	-0.1596  	0.36103  	0.38450  	0.94499  	0.44909  	-1.0669  	-0.3210  	1.10466  	0.19878  	0.15468  	0.76807  	-0.0604  	-0.1203  	-0.0606  	0.41344  	0.20341  	0.01786  	0.04740  	-0.0233  	-0.0273  	0.08026  	0.11145  	-0.0231  	0.03623  	-0.0656  	-0.0624  	-0.0339  	-0.1800  	-0.1637  	0.25464  	-0.0391  	0.10438  	-0.4137  	-0.0561  	0.02400  	0.00541  	0.62820  	0.50885  	265.059  	212.284  	
-0.5309  	-0.5587  	0.62839  	-0.4500  	1.11195  	-1.1655  	-1.9767  	-1.0045  	0.55391  	-0.9813  	-1.0822  	2.93106  	-0.6067  	-1.4722  	-2.5138  	1.00729  	0.45947  	0.12204  	1.05065  	-0.2715  	-1.4988  	0.74653  	0.83429  	0.87837  	-0.0643  	0.51529  	0.51413  	-1.9014  	-0.3892  	-0.7239  	-0.4704  	0.05207  	-0.0611  	-0.1855  	0.36033  	0.52772  	0.76817  	0.40981  	-1.0182  	-0.2191  	1.06626  	0.25657  	0.21722  	0.84124  	-0.0267  	-0.1173  	-0.0573  	0.47729  	0.26121  	-0.0150  	0.05277  	-0.0397  	-0.0122  	0.06261  	0.11857  	-0.0456  	0.05801  	-0.0727  	-0.0744  	-0.0288  	-0.1701  	-0.1891  	0.27683  	-0.0344  	0.10438  	-0.4137  	-0.0561  	0.02400  	0.00541  	0.62820  	0.50885  	265.059  	212.284  	
0.10731  	-0.5508  	0.75398  	0.09619  	1.09182  	-0.6889  	-2.0631  	-0.8648  	0.60177  	-1.2764  	-0.9582  	3.01298  	-0.5450  	-1.1659  	-1.8539  	0.96980  	0.52254  	-0.1584  	1.02603  	-0.2461  	-0.7349  	0.89631  	0.61177  	1.12005  	-0.3429  	0.48360  	0.69158  	-2.3333  	-0.9793  	-0.8575  	-0.5737  	0.21773  	0.01581  	-0.2078  	0.86556  	0.29167  	1.08088  	0.50114  	-1.2280  	-0.3223  	0.90136  	0.27130  	0.13994  	0.80455  	-0.0449  	-0.1227  	-0.0521  	0.42435  	0.27449  	-0.0178  	0.08973  	-0.0497  	-0.0294  	0.06611  	0.07238  	-0.0361  	0.05342  	-0.0857  	-0.0818  	-0.0131  	-0.1697  	-0.1797  	0.23353  	-0.0454  	0.10438  	-0.4137  	-0.0561  	0.02400  	0.00541  	0.62820  	0.50885  	265.059  	212.284  	
0.66734  	-0.0909  	1.14009  	0.36462  	1.36882  	-0.4975  	-1.7879  	-0.4559  	0.79693  	-1.3604  	-1.7051  	2.84067  	-0.0901  	-0.2276  	-0.7120  	0.39448  	0.47382  	-0.2789  	0.99637  	-0.5513  	-0.8099  	0.95644  	0.93505  	1.01499  	-0.1037  	0.46410  	0.98156  	-2.6293  	-0.5408  	-0.7260  	-0.5566  	0.09346  	0.07647  	-0.1963  	0.85172  	0.13371  	1.03066  	0.38940  	-1.0264  	-0.1780  	0.81122  	0.29020  	0.16548  	0.83531  	-0.0304  	-0.1418  	-0.1371  	0.56846  	0.29220  	0.03226  	0.11673  	-0.0515  	-0.0198  	0.05288  	0.10941  	0.02419  	0.04760  	-0.0902  	-0.0991  	-0.0153  	-0.1673  	-0.1722  	0.24405  	-0.0242  	0.10438  	-0.4137  	-0.0561  	0.02400  	0.00541  	0.62820  	0.50885  	265.059  	212.284  	
0.59831  	-0.0602  	1.16529  	0.40170  	1.39731  	-0.3492  	-1.6942  	-0.3964  	0.75689  	-1.3273  	-2.1076  	2.44334  	0.13967  	0.25803  	-0.5754  	0.40257  	0.44563  	-0.3189  	0.93519  	-0.7847  	-0.9790  	1.35381  	0.93439  	0.80640  	0.11060  	0.43337  	0.99425  	-2.7446  	-0.3229  	-0.4798  	-0.4363  	-0.0169  	0.05033  	-0.0902  	0.62675  	0.12509  	0.83405  	0.40577  	-0.9199  	-0.2295  	0.87811  	0.32003  	0.21919  	0.86841  	-0.0908  	-0.1247  	-0.1370  	0.59629  	0.32687  	-0.0384  	0.05620  	-0.0401  	-0.0191  	0.05796  	0.13127  	-0.0018  	0.01934  	-0.0869  	-0.1025  	-0.0403  	-0.1572  	-0.1458  	0.24323  	-0.0367  	0.10438  	-0.4137  	-0.0561  	0.02400  	0.00541  	0.62820  	0.50885  	265.059  	212.284  	
-0.0707  	-0.1579  	0.27845  	1.44550  	2.13889  	-0.7418  	-1.8495  	-0.5497  	0.71487  	-1.3768  	-1.9164  	2.78508  	0.00700  	0.68492  	-0.1901  	0.01525  	0.59270  	-0.4503  	0.77555  	-0.5079  	-1.0534  	1.19111  	0.68156  	1.41436  	0.51661  	0.36330  	1.25797  	-2.2709  	-0.3692  	-0.3988  	-0.6207  	0.05154  	-0.0633  	-0.2061  	1.01649  	0.07489  	0.83044  	0.20377  	-1.0421  	-0.1026  	0.53498  	0.40192  	0.02466  	0.70768  	-0.0531  	-0.1208  	-0.0842  	0.51425  	0.28245  	0.01705  	0.07225  	-0.0626  	-0.0705  	0.04636  	0.09452  	0.01605  	0.09897  	-0.0946  	-0.0718  	-0.0106  	-0.1639  	-0.1789  	0.20720  	-0.0555  	0.10438  	-0.4137  	-0.0561  	0.02400  	0.00541  	0.62820  	0.50885  	265.059  	212.284  	
-0.1554  	-0.2326  	0.00034  	1.93258  	2.48232  	-0.9821  	-1.8210  	-0.5554  	0.70004  	-1.5385  	-2.0705  	3.26981  	0.04737  	0.55540  	-0.3021  	0.35196  	0.43345  	-0.2435  	0.74877  	-0.2855  	-1.5039  	1.10784  	0.43435  	1.01158  	0.34684  	0.40500  	0.88609  	-1.7781  	-0.0652  	-0.2931  	-0.6936  	0.01828  	0.07237  	-0.0326  	0.94724  	0.14545  	0.51237  	0.23596  	-0.8865  	-0.1276  	0.50044  	0.36670  	0.05044  	0.67660  	0.03222  	-0.1064  	-0.0792  	0.46821  	0.25003  	-0.0187  	0.06155  	-0.0407  	-0.0458  	0.06972  	0.08578  	-0.0023  	0.04524  	-0.0928  	-0.0536  	-0.0394  	-0.1751  	-0.1495  	0.23987  	-0.0590  	0.10438  	-0.4137  	-0.0561  	0.02400  	0.00541  	0.62820  	0.50885  	265.059  	212.284  	
-0.2314  	-0.2838  	0.01210  	1.57775  	2.33348  	-0.9588  	-1.8168  	-0.5757  	0.70459  	-1.5163  	-2.0561  	3.36734  	0.14897  	0.52144  	-0.4890  	0.43978  	0.32355  	-0.0984  	0.74037  	-0.1166  	-1.4238  	1.03511  	0.35358  	0.89795  	0.28179  	0.41610  	0.64404  	-1.6070  	0.12092  	-0.2947  	-0.6989  	-0.0567  	0.12535  	-0.0039  	0.80568  	0.07100  	0.44891  	0.23142  	-0.8894  	-0.1661  	0.60066  	0.33966  	0.09858  	0.71260  	0.01243  	-0.1057  	-0.0620  	0.47526  	0.28256  	-0.0330  	0.06152  	-0.0612  	-0.0502  	0.07785  	0.08342  	0.01581  	0.01476  	-0.1084  	-0.0674  	-0.0440  	-0.1658  	-0.1618  	0.22378  	-0.0666  	0.10438  	-0.4137  	-0.0561  	0.02400  	0.00541  	0.62820  	0.50885  	265.059  	212.284  	
-0.5652  	-0.3725  	-0.0917  	0.63674  	1.95085  	-1.2620  	-1.8077  	-0.7054  	0.75371  	-1.2680  	-1.6885  	3.51771  	-0.0128  	-0.1066  	-1.2251  	0.50282  	0.26143  	0.12775  	0.82382  	-0.1789  	-1.4494  	0.86543  	0.50717  	0.83672  	-0.0523  	0.53689  	0.46270  	-1.5745  	-0.0929  	-0.4945  	-0.6107  	-0.0834  	0.13514  	-0.0128  	0.67155  	0.12758  	0.47599  	0.26923  	-0.8726  	-0.1928  	0.74688  	0.33471  	0.10391  	0.79872  	-0.0321  	-0.1336  	-0.0819  	0.46808  	0.28988  	-0.0318  	0.03488  	-0.0671  	-0.0550  	0.11192  	0.07922  	-0.0107  	0.03492  	-0.0898  	-0.0713  	-0.0649  	-0.1700  	-0.1675  	0.21030  	-0.0437  	0.10438  	-0.4137  	-0.0561  	0.02400  	0.00541  	0.62820  	0.50885  	265.059  	212.284  	
-1.0623  	-0.4414  	-0.1021  	-0.1717  	1.52692  	-1.4350  	-1.8288  	-0.6534  	0.63396  	-1.1083  	-1.2962  	3.30868  	-0.3884  	-0.6635  	-1.4365  	0.35617  	0.31673  	0.22929  	0.93315  	-0.0680  	-1.2684  	0.80837  	0.88372  	0.87103  	-0.1981  	0.50688  	0.36576  	-1.6692  	-0.2306  	-0.8058  	-0.5623  	-0.0830  	0.08747  	-0.0865  	0.54157  	0.15371  	0.54441  	0.34998  	-0.9438  	-0.2222  	0.87398  	0.26770  	0.10301  	0.77916  	-0.0649  	-0.1039  	-0.0586  	0.44632  	0.24851  	-0.0406  	0.06410  	-0.0640  	-0.0375  	0.07214  	0.08361  	-0.0205  	0.03549  	-0.0778  	-0.0775  	-0.0505  	-0.1578  	-0.1611  	0.21041  	-0.0631  	0.10438  	-0.4137  	-0.0561  	0.02400  	0.00541  	0.62820  	0.50885  	265.059  	212.284  	
-1.1198  	-0.6239  	0.14645  	-0.5429  	1.04333  	-1.2235  	-1.9276  	-0.7592  	0.58070  	-1.2777  	-1.2186  	2.85672  	-0.4513  	-0.8659  	-1.7717  	0.19914  	0.52768  	0.12974  	0.85470  	-0.3082  	-1.3333  	0.91442  	1.22392  	0.77955  	-0.2561  	0.58096  	0.29688  	-1.7989  	-0.0865  	-0.7798  	-0.4295  	-0.0648  	0.07396  	-0.1065  	0.26581  	0.14080  	0.62622  	0.38173  	-0.9732  	-0.3074  	1.06398  	0.19723  	0.21770  	0.78236  	-0.0394  	-0.1245  	-0.0358  	0.43949  	0.22390  	-0.0173  	0.04526  	-0.0363  	-0.0449  	0.04909  	0.10256  	-0.0442  	0.03499  	-0.0690  	-0.0628  	-0.0526  	-0.1502  	-0.1723  	0.25845  	-0.0313  	0.10438  	-0.4137  	-0.0561  	0.02400  	0.00541  	0.62820  	0.50885  	265.059  	212.284  	
-1.0761  	-0.6065  	0.33441  	-0.5649  	0.95023  	-1.2241  	-1.9677  	-0.8424  	0.66803  	-1.2483  	-1.4262  	2.91916  	-0.4045  	-0.9636  	-1.7404  	0.27422  	0.57410  	0.13872  	0.88089  	-0.3473  	-1.4363  	0.90200  	1.24766  	0.59627  	-0.3957  	0.64858  	0.12266  	-1.7068  	-0.0211  	-0.7997  	-0.3614  	-0.1104  	0.09501  	-0.0568  	0.07917  	0.16701  	0.50665  	0.37521  	-0.9276  	-0.2858  	1.19586  	0.16132  	0.28828  	0.84469  	-0.0659  	-0.1352  	-0.0391  	0.45801  	0.22296  	-0.0053  	0.01800  	-0.0300  	-0.0349  	0.06929  	0.11154  	-0.0590  	0.02687  	-0.0689  	-0.0818  	-0.0623  	-0.1496  	-0.1592  	0.25893  	-0.0229  	0.10438  	-0.4137  	-0.0561  	0.02400  	0.00541  	0.62820  	0.50885  	265.059  	212.284  	
-0.7088  	-0.3034  	0.57076  	-0.3886  	0.88447  	-0.9800  	-2.0549  	-0.5819  	0.77686  	-1.4231  	-1.3634  	2.96852  	-0.3852  	-0.7917  	-1.5671  	0.44008  	0.57635  	-0.0271  	0.91716  	-0.4161  	-0.9819  	0.85747  	1.34016  	0.67942  	-0.5651  	0.64113  	0.21520  	-2.0976  	-0.3910  	-0.8826  	-0.3690  	-0.0329  	0.13719  	-0.0964  	0.28360  	-0.0246  	0.79702  	0.44756  	-0.9905  	-0.3419  	1.21544  	0.17409  	0.31333  	0.81101  	-0.0777  	-0.1288  	-0.0407  	0.46176  	0.23112  	0.02538  	0.01497  	-0.0365  	-0.0309  	0.06667  	0.10170  	-0.0338  	0.02070  	-0.0761  	-0.0895  	-0.0519  	-0.1373  	-0.1401  	0.22615  	-0.0217  	0.10438  	-0.4137  	-0.0561  	0.02400  	0.00541  	0.62820  	0.50885  	265.059  	212.284  	
-0.2348  	-0.1670  	0.74855  	-0.1451  	1.01092  	-0.8310  	-1.9906  	-0.5274  	0.75856  	-1.4945  	-1.2526  	3.00654  	-0.4082  	-0.5439  	-1.1907  	0.48143  	0.59074  	-0.1442  	0.91718  	-0.5649  	-0.7021  	0.86053  	1.32299  	0.86882  	-0.4693  	0.54778  	0.53296  	-2.4509  	-0.6840  	-0.8484  	-0.3957  	0.02056  	0.10216  	-0.1262  	0.57794  	-0.1079  	1.11506  	0.52497  	-1.0989  	-0.3845  	1.07049  	0.18016  	0.24127  	0.80657  	-0.0944  	-0.1016  	-0.0457  	0.46829  	0.21612  	0.00336  	0.01479  	-0.0318  	-0.0273  	0.08201  	0.10740  	-0.0242  	0.00336  	-0.0801  	-0.0820  	-0.0531  	-0.1542  	-0.1213  	0.24288  	-0.0373  	0.10438  	-0.4137  	-0.0561  	0.02400  	0.00541  	0.62820  	0.50885  	265.059  	212.284  	
0.11137  	-0.0547  	1.00291  	-0.2958  	0.82137  	-0.7563  	-2.0052  	-0.3449  	0.86418  	-1.5922  	-0.9017  	2.82842  	-0.4264  	-0.3901  	-1.2928  	0.67237  	0.53747  	-0.2388  	0.95183  	-0.7214  	-0.2552  	0.86913  	1.32687  	0.97842  	-0.5049  	0.47875  	0.77485  	-2.8994  	-1.1145  	-0.9133  	-0.4380  	0.10990  	0.12879  	-0.1714  	0.85949  	-0.1659  	1.43885  	0.65300  	-1.2897  	-0.5000  	0.98941  	0.20343  	0.20951  	0.78167  	-0.0814  	-0.1144  	-0.0492  	0.44178  	0.22392  	0.01725  	0.00986  	-0.0300  	-0.0228  	0.09150  	0.09794  	0.00988  	0.00409  	-0.0731  	-0.0817  	-0.0396  	-0.1421  	-0.1253  	0.23290  	-0.0476  	0.10438  	-0.4137  	-0.0561  	0.02400  	0.00541  	0.62820  	0.50885  	265.059  	212.284  	
0.30088  	0.00941  	1.15982  	-0.2369  	0.73294  	-0.5817  	-2.0057  	-0.2099  	0.99177  	-1.6709  	-0.7524  	2.95713  	-0.4367  	-0.2798  	-1.2172  	0.79252  	0.57170  	-0.3284  	0.96891  	-0.7642  	-0.0746  	0.89232  	1.46932  	1.06143  	-0.5811  	0.48656  	0.85142  	-3.0192  	-1.3232  	-0.9440  	-0.4361  	0.13073  	0.16296  	-0.1947  	0.91633  	-0.2883  	1.58569  	0.69256  	-1.3576  	-0.5945  	0.95202  	0.19815  	0.21762  	0.79297  	-0.0708  	-0.1112  	-0.0613  	0.43685  	0.23434  	0.03021  	-0.0053  	-0.0350  	-0.0241  	0.09675  	0.09655  	0.01258  	0.00246  	-0.0739  	-0.0918  	-0.0331  	-0.1420  	-0.1163  	0.22351  	-0.0388  	0.10438  	-0.4137  	-0.0561  	0.02400  	0.00541  	0.62820  	0.50885  	265.059  	212.284  	
0.41345  	0.05216  	1.34956  	-0.2235  	0.68238  	-0.5688  	-2.0626  	0.06240  	0.96191  	-1.7945  	-0.6260  	3.02313  	-0.2766  	-0.3729  	-1.0011  	0.70130  	0.92289  	-0.8992  	1.21912  	-1.6528  	0.20222  	0.22831  	0.81979  	1.23281  	-0.7598  	0.78656  	0.98857  	-3.4560  	-1.2188  	-0.9791  	-0.0802  	0.02584  	-0.1276  	-0.6864  	0.76369  	-0.4065  	1.42672  	0.73414  	-1.7156  	-0.8849  	1.10562  	0.61007  	-0.1278  	1.03148  	-0.2601  	-0.0517  	-0.1430  	0.51663  	0.20094  	-0.0223  	0.00369  	-0.0083  	-0.0161  	0.15744  	0.11400  	0.01001  	-0.0130  	-0.1062  	-0.0971  	0.00328  	-0.1244  	-0.1358  	0.19501  	-0.0304  	0.10438  	-0.4137  	-0.0561  	0.02400  	0.00541  	0.62820  	0.50885  	265.059  	212.284  	
0.42298  	0.08513  	1.45257  	-0.1655  	0.71782  	-0.6254  	-2.1489  	0.21366  	0.91559  	-1.8376  	-0.5943  	3.07998  	-0.1453  	-0.4841  	-0.8757  	0.56890  	1.14336  	-1.3045  	1.38857  	-2.2954  	0.35927  	-0.3235  	0.20867  	1.23571  	-0.9364  	1.03196  	0.97238  	-3.6724  	-1.0200  	-1.0220  	0.20206  	-0.0932  	-0.3538  	-1.0828  	0.59966  	-0.4701  	1.20862  	0.72691  	-1.9903  	-1.0866  	1.28869  	0.93031  	-0.4117  	1.22244  	-0.4056  	-0.0010  	-0.2026  	0.56310  	0.16504  	-0.0535  	0.02122  	0.00381  	-0.0126  	0.19843  	0.13007  	0.00568  	-0.0214  	-0.1343  	-0.0932  	0.02577  	-0.1129  	-0.1434  	0.15637  	-0.0291  	0.10438  	-0.4137  	-0.0561  	0.02400  	0.00541  	0.62820  	0.50885  	265.059  	212.284  	
0.05224  	-0.0481  	1.20203  	-0.2197  	0.98070  	-0.9685  	-2.1242  	-0.1486  	0.70663  	-1.6038  	-0.7388  	3.04707  	-0.1138  	-0.9572  	-1.3681  	0.49363  	1.04984  	-1.0891  	1.39598  	-2.0759  	-0.1397  	-0.5916  	-0.3785  	0.94783  	-0.8258  	1.11719  	0.55149  	-2.9677  	-0.4233  	-1.0431  	0.24024  	-0.2312  	-0.4278  	-1.1582  	0.37904  	-0.1225  	0.70839  	0.53135  	-1.8758  	-0.9528  	1.40616  	1.08601  	-0.5227  	1.24154  	-0.4209  	0.00753  	-0.2029  	0.57073  	0.13150  	-0.0599  	0.08884  	-0.0021  	-0.0132  	0.17987  	0.13974  	-0.0018  	0.01765  	-0.1352  	-0.0768  	0.02391  	-0.1178  	-0.1822  	0.14814  	-0.0214  	0.10438  	-0.4137  	-0.0561  	0.02400  	0.00541  	0.62820  	0.50885  	265.059  	212.284  	
-0.2706  	-0.3150  	0.83536  	-0.1283  	1.15870  	-1.1421  	-2.0767  	-0.4833  	0.59468  	-1.2811  	-0.7923  	3.02758  	-0.2682  	-1.3153  	-1.7062  	0.59431  	0.96412  	-0.8312  	1.32973  	-1.7164  	-0.7626  	-0.4145  	-0.4821  	0.90464  	-0.6768  	1.05130  	0.42064  	-2.5576  	-0.1582  	-0.9684  	0.11948  	-0.1884  	-0.4316  	-1.0666  	0.24799  	0.15149  	0.47143  	0.44429  	-1.7618  	-0.8406  	1.43180  	0.97295  	-0.4370  	1.25106  	-0.3658  	-0.0100  	-0.1805  	0.57042  	0.17948  	-0.0737  	0.10884  	-0.0129  	-0.0176  	0.16389  	0.14998  	-0.0306  	0.03319  	-0.1335  	-0.0732  	0.01733  	-0.1327  	-0.1966  	0.16451  	-0.0125  	0.10438  	-0.4137  	-0.0561  	0.02400  	0.00541  	0.62820  	0.50885  	265.059  	212.284  	
-0.5051  	-0.4687  	0.83545  	-0.4904  	0.97399  	-1.3161  	-1.9943  	-0.7895  	0.48897  	-1.0246  	-0.8454  	2.82115  	-0.5176  	-1.6149  	-2.5154  	0.88628  	0.69119  	-0.2970  	1.22940  	-1.0962  	-1.2889  	0.12779  	-0.0367  	0.83094  	-0.2042  	0.76903  	0.53789  	-2.1770  	-0.0843  	-0.7808  	-0.1834  	-0.0285  	-0.3314  	-0.6690  	0.22014  	0.48206  	0.52528  	0.42862  	-1.4120  	-0.5414  	1.33059  	0.65426  	-0.1366  	1.08610  	-0.2227  	-0.0732  	-0.1607  	0.53169  	0.22986  	-0.0618  	0.09741  	-0.0289  	0.00744  	0.12005  	0.14290  	-0.0452  	0.05287  	-0.1056  	-0.0662  	-0.0060  	-0.1494  	-0.1903  	0.24119  	-0.0228  	0.10438  	-0.4137  	-0.0561  	0.02400  	0.00541  	0.62820  	0.50885  	265.059  	212.284  	
-1.0371  	-0.5991  	0.34006  	-0.8794  	0.82887  	-1.2885  	-2.0344  	-1.1001  	0.43713  	-1.0211  	-0.9107  	2.76618  	-0.8064  	-1.6207  	-2.8974  	0.85042  	0.52118  	0.17358  	1.04622  	-0.2126  	-1.4988  	0.71913  	0.92061  	0.90562  	0.08137  	0.44215  	0.60024  	-1.8628  	-0.4147  	-0.7163  	-0.5304  	0.15078  	-0.1250  	-0.1846  	0.32787  	0.65480  	0.77461  	0.43457  	-0.9857  	-0.2559  	1.05517  	0.18962  	0.20225  	0.84866  	-0.0291  	-0.1347  	-0.0949  	0.44464  	0.26065  	-0.0015  	0.08358  	-0.0321  	-0.0126  	0.09210  	0.10252  	-0.0252  	0.04872  	-0.0678  	-0.0799  	-0.0423  	-0.1529  	-0.1911  	0.27772  	-0.0321  	0.10438  	-0.4137  	-0.0561  	0.02400  	0.00541  	0.62820  	0.50885  	265.059  	212.284  	
-1.7394  	-0.6703  	0.00781  	-0.9985  	0.68130  	-1.7313  	-2.0937  	-1.0733  	0.36385  	-1.1287  	-1.0481  	2.56831  	-0.8130  	-1.3994  	-2.2765  	0.19352  	0.65998  	-0.0023  	1.10108  	-0.5046  	-1.1916  	0.77254  	1.13618  	0.94010  	0.15656  	0.44713  	0.84376  	-2.1625  	-0.4589  	-0.6373  	-0.5242  	0.10014  	-0.1386  	-0.2197  	0.22647  	0.38824  	0.90292  	0.42215  	-1.0765  	-0.3440  	0.94318  	0.29284  	0.06611  	0.82127  	-0.0262  	-0.1087  	-0.1093  	0.39214  	0.22590  	-0.0239  	0.06362  	-0.0284  	-0.0144  	0.09068  	0.10054  	-0.0399  	0.05583  	-0.0602  	-0.0568  	-0.0473  	-0.1601  	-0.1779  	0.24592  	-0.0258  	0.10438  	-0.4137  	-0.0561  	0.02400  	0.00541  	0.62820  	0.50885  	265.059  	212.284  	
-1.2967  	-0.5940  	0.25999  	-0.9930  	0.69899  	-1.4126  	-2.2025  	-1.0186  	0.60241  	-1.2727  	-0.9369  	2.61984  	-0.8287  	-1.3964  	-2.2549  	0.40334  	0.58947  	-0.1406  	1.08425  	-0.6128  	-0.9340  	0.88823  	1.42296  	0.92973  	-0.2910  	0.57391  	0.65336  	-2.3922  	-0.6211  	-0.7476  	-0.4382  	0.07041  	-0.0851  	-0.1470  	0.33249  	0.32406  	1.07593  	0.47285  	-1.1570  	-0.4499  	1.07848  	0.23741  	0.13960  	0.83550  	-0.0634  	-0.1421  	-0.0750  	0.38742  	0.23299  	-0.0029  	0.02875  	-0.0501  	-0.0299  	0.11689  	0.11728  	-0.0360  	0.06160  	-0.0526  	-0.0663  	-0.0611  	-0.1665  	-0.1670  	0.25452  	-0.0325  	0.10438  	-0.4137  	-0.0561  	0.02400  	0.00541  	0.62820  	0.50885  	265.059  	212.284  	
-0.8739  	-0.5160  	0.48406  	-0.9391  	0.78492  	-1.1645  	-2.1379  	-0.9044  	0.57574  	-1.0921  	-0.8750  	2.85215  	-0.7678  	-1.4877  	-2.5953  	0.77765  	0.51052  	0.04908  	1.07349  	-0.3701  	-1.1745  	0.73895  	1.25178  	0.79501  	-0.3436  	0.55229  	0.37950  	-2.1292  	-0.4393  	-0.8266  	-0.4607  	0.01390  	-0.0093  	-0.1789  	0.31602  	0.36425  	0.96218  	0.44764  	-1.0570  	-0.2971  	1.15820  	0.18751  	0.24543  	0.85554  	-0.0531  	-0.1283  	-0.0577  	0.43112  	0.24205  	-0.0261  	0.02220  	-0.0424  	-0.0343  	0.07837  	0.12317  	-0.0431  	0.04242  	-0.0572  	-0.0830  	-0.0465  	-0.1727  	-0.1810  	0.26876  	-0.0219  	0.10438  	-0.4137  	-0.0561  	0.02400  	0.00541  	0.62820  	0.50885  	265.059  	212.284  	
-0.6783  	-0.5411  	0.65762  	-0.7415  	0.94780  	-1.1937  	-1.9991  	-0.9145  	0.61398  	-0.8422  	-0.6493  	2.91720  	-0.6950  	-1.5249  	-2.6852  	1.05672  	0.37038  	0.10893  	1.03196  	-0.2471  	-1.2760  	0.74578  	0.87429  	0.82351  	-0.1349  	0.47214  	0.48605  	-1.9799  	-0.4480  	-0.8311  	-0.5247  	0.09680  	-0.0223  	-0.1727  	0.49962  	0.51085  	0.90918  	0.45038  	-1.0851  	-0.2988  	1.04576  	0.25387  	0.21177  	0.78451  	-0.0599  	-0.1178  	-0.0793  	0.43987  	0.26056  	-0.0203  	0.07758  	-0.0511  	-0.0198  	0.08065  	0.12061  	-0.0219  	0.06103  	-0.0733  	-0.0794  	-0.0410  	-0.1750  	-0.1899  	0.25853  	-0.0321  	0.10438  	-0.4137  	-0.0561  	0.02400  	0.00541  	0.62820  	0.50885  	265.059  	212.284  	
-0.6600  	-0.5294  	0.60948  	-0.8379  	0.82879  	-1.1210  	-1.9681  	-0.9471  	0.58139  	-0.9304  	-0.7499  	2.74444  	-0.7397  	-1.5633  	-2.6462  	1.10157  	0.36749  	0.08480  	1.05244  	-0.3701  	-1.2113  	0.84031  	0.91185  	0.83097  	-0.1116  	0.48603  	0.59102  	-2.0739  	-0.4769  	-0.8058  	-0.4915  	0.10417  	-0.0625  	-0.1614  	0.54487  	0.53546  	0.95599  	0.45494  	-1.0844  	-0.2827  	1.04276  	0.24777  	0.21279  	0.83743  	-0.0442  	-0.1249  	-0.0800  	0.42469  	0.24749  	-0.0176  	0.07293  	-0.0508  	-0.0149  	0.07393  	0.12498  	-0.0228  	0.05601  	-0.0675  	-0.0776  	-0.0424  	-0.1716  	-0.1864  	0.27241  	-0.0127  	0.10438  	-0.4137  	-0.0561  	0.02400  	0.00541  	0.62820  	0.50885  	265.059  	212.284  	
-0.7927  	-0.5780  	0.55320  	-0.8661  	0.77487  	-1.1068  	-1.9818  	-0.9901  	0.54274  	-0.9873  	-0.5922  	2.78377  	-0.7702  	-1.5161  	-2.7319  	1.03024  	0.39466  	0.04213  	1.03483  	-0.4258  	-1.1525  	0.84191  	0.98387  	0.82978  	-0.1184  	0.49212  	0.59602  	-2.0727  	-0.5973  	-0.7970  	-0.5020  	0.12929  	-0.0689  	-0.1693  	0.50388  	0.51457  	1.04310  	0.47878  	-1.1162  	-0.3721  	1.05636  	0.25731  	0.19361  	0.80556  	-0.0334  	-0.1225  	-0.0745  	0.41882  	0.25533  	-0.0137  	0.06884  	-0.0409  	-0.0118  	0.08308  	0.12558  	-0.0299  	0.05058  	-0.0592  	-0.0834  	-0.0379  	-0.1732  	-0.1765  	0.26312  	-0.0267  	0.10438  	-0.4137  	-0.0561  	0.02400  	0.00541  	0.62820  	0.50885  	265.059  	212.284  	
-0.7322  	-0.4907  	0.58532  	-0.9644  	0.64092  	-1.2072  	-1.9795  	-0.9475  	0.55499  	-1.0502  	-0.7540  	2.75864  	-0.7358  	-1.4431  	-2.7725  	0.94990  	0.41168  	0.13400  	1.03514  	-0.3718  	-1.2289  	0.85431  	0.99327  	0.70563  	-0.1378  	0.49523  	0.43298  	-2.0176  	-0.4801  	-0.8251  	-0.4598  	0.04932  	-0.0645  	-0.1798  	0.37050  	0.51068  	0.98088  	0.42845  	-1.0477  	-0.3724  	1.07875  	0.23816  	0.19394  	0.80414  	-0.0246  	-0.1205  	-0.0818  	0.44693  	0.27209  	0.00866  	0.06703  	-0.0444  	-0.0099  	0.07913  	0.12357  	-0.0414  	0.04783  	-0.0704  	-0.0836  	-0.0383  	-0.1775  	-0.1626  	0.27243  	-0.0213  	0.10438  	-0.4137  	-0.0561  	0.02400  	0.00541  	0.62820  	0.50885  	265.059  	212.284  	
-1.3967  	-0.5389  	0.16514  	-1.2413  	0.64160  	-1.7586  	-1.9773  	-0.9659  	0.52248  	-0.9510  	-0.6858  	2.67797  	-0.7298  	-1.2502  	-2.8073  	0.59782  	0.47309  	0.02236  	1.01872  	-0.2346  	-1.2536  	0.89794  	1.03737  	0.90705  	-0.1467  	0.58192  	0.47584  	-2.1203  	-0.3711  	-0.7550  	-0.4955  	-0.0139  	-0.0918  	-0.1522  	0.40149  	0.55188  	0.89709  	0.42856  	-1.0234  	-0.3672  	1.08524  	0.23970  	0.13486  	0.74597  	-0.0518  	-0.1380  	-0.0619  	0.45411  	0.24400  	-0.0228  	0.04571  	-0.0358  	-0.0471  	0.07137  	0.10801  	-0.0584  	0.04552  	-0.0653  	-0.0740  	-0.0490  	-0.1628  	-0.1749  	0.25121  	-0.0352  	0.10438  	-0.4137  	-0.0561  	0.02400  	0.00541  	0.62820  	0.50885  	265.059  	212.284  	
-2.4431  	-0.9335  	-0.3741  	-1.5277  	0.70178  	-2.1772  	-2.0624  	-0.9210  	0.52239  	-0.8760  	-0.2147  	2.90519  	-0.6832  	-0.9765  	-2.3758  	-0.0096  	0.51921  	-0.0302  	1.04253  	-0.2175  	-1.0958  	0.74625  	1.22621  	1.00099  	-0.5517  	0.64867  	0.22180  	-2.0815  	-0.5922  	-0.9380  	-0.3139  	-0.1139  	0.15023  	-0.1028  	0.42216  	0.10971  	0.76714  	0.34340  	-1.0690  	-0.4382  	0.98515  	0.30449  	0.08044  	0.70995  	-0.0158  	-0.1146  	-0.0471  	0.39020  	0.19748  	0.01604  	-0.0060  	-0.0380  	-0.0306  	0.07536  	0.09356  	-0.0556  	0.01536  	-0.0730  	-0.0732  	-0.0170  	-0.1346  	-0.1366  	0.21613  	-0.0633  	0.10438  	-0.4137  	-0.0561  	0.02400  	0.00541  	0.62820  	0.50885  	265.059  	212.284  	
-2.1955  	-0.7941  	-0.1736  	-1.7608  	0.46399  	-2.3221  	-2.0997  	-0.8225  	0.48060  	-0.7215  	-0.1610  	2.84767  	-0.7002  	-1.0200  	-2.5244  	-0.0304  	0.55340  	-0.0760  	1.03682  	-0.3527  	-1.0229  	0.81191  	1.26241  	0.84493  	-0.4775  	0.66531  	0.33317  	-2.2821  	-0.5353  	-0.9350  	-0.2632  	-0.1319  	0.08833  	-0.1638  	0.25748  	0.17335  	0.88521  	0.43405  	-0.9934  	-0.4121  	1.06445  	0.26222  	0.12983  	0.76352  	-0.0365  	-0.1005  	-0.0293  	0.38040  	0.19727  	0.00250  	-0.0120  	-0.0503  	-0.0363  	0.06796  	0.09214  	-0.0628  	0.01609  	-0.0625  	-0.0664  	-0.0373  	-0.1244  	-0.1369  	0.23723  	-0.0574  	0.10438  	-0.4137  	-0.0561  	0.02400  	0.00541  	0.62820  	0.50885  	265.059  	212.284  	
-1.4158  	-0.5361  	0.34600  	-1.5498  	0.60043  	-1.6427  	-2.0252  	-0.5836  	0.75220  	-0.9559  	-0.5223  	2.93389  	-0.6043  	-0.7290  	-2.2419  	0.06671  	0.57839  	-0.0621  	0.96535  	-0.3104  	-0.7850  	0.58866  	1.10913  	1.01945  	-0.3651  	0.59733  	0.71598  	-2.4347  	-0.7559  	-0.9226  	-0.3226  	-0.1238  	0.07725  	-0.1841  	0.49126  	0.06112  	0.89721  	0.40919  	-1.0823  	-0.2545  	1.02848  	0.21292  	0.15187  	0.76282  	-0.0299  	-0.1337  	-0.0549  	0.43858  	0.20165  	0.02395  	0.04128  	-0.0359  	-0.0749  	0.09639  	0.06472  	-0.0364  	0.01292  	-0.1110  	-0.1050  	-0.0201  	-0.1422  	-0.1347  	0.25254  	-0.0424  	0.10438  	-0.4137  	-0.0561  	0.02400  	0.00541  	0.62820  	0.50885  	265.059  	212.284  	
0.06235  	-0.2691  	1.01413  	-0.2965  	1.03320  	-0.8178  	-1.8610  	-0.5009  	0.83084  	-1.2706  	-1.4533  	2.99438  	0.00831  	0.03773  	-1.0398  	0.32099  	0.56665  	-0.2557  	0.91564  	-0.5368  	-0.9196  	0.90488  	1.15004  	0.95327  	-0.6603  	0.60898  	0.57529  	-2.5925  	-0.7601  	-0.7509  	-0.2639  	-0.0099  	0.23508  	-0.1613  	0.48532  	-0.1523  	0.94871  	0.40581  	-1.1276  	-0.3793  	1.03905  	0.20249  	0.36223  	0.83460  	0.00439  	-0.1264  	-0.0404  	0.52593  	0.27091  	0.07334  	0.01721  	-0.0491  	-0.0585  	0.07295  	0.06143  	0.00494  	0.01538  	-0.0956  	-0.0955  	-0.0146  	-0.1516  	-0.1277  	0.20012  	-0.0750  	0.10438  	-0.4137  	-0.0561  	0.02400  	0.00541  	0.62820  	0.50885  	265.059  	212.284  	
0.72132  	-0.0387  	1.35204  	-0.1400  	1.08425  	-0.3839  	-1.6968  	-0.3428  	0.86367  	-1.2548  	-2.3011  	2.61158  	0.13127  	0.40349  	-0.5116  	0.08335  	0.57475  	-0.3238  	1.03762  	-0.9868  	-0.9168  	1.30288  	1.49156  	0.86693  	-0.1891  	0.48481  	0.82352  	-2.7270  	-0.4734  	-0.6991  	-0.3828  	0.03222  	0.12189  	-0.1862  	0.40187  	-0.1064  	1.03218  	0.40098  	-0.9669  	-0.2832  	0.91451  	0.20383  	0.31500  	0.87943  	-0.1063  	-0.1241  	-0.1113  	0.63682  	0.31851  	-0.0335  	0.03889  	-0.0306  	-0.0353  	0.05023  	0.09141  	0.03355  	-0.0086  	-0.0815  	-0.0934  	-0.0287  	-0.1238  	-0.1231  	0.24723  	-0.0487  	0.10438  	-0.4137  	-0.0561  	0.02400  	0.00541  	0.62820  	0.50885  	265.059  	212.284  	
-0.2608  	-0.3151  	0.66006  	0.24036  	1.31031  	-0.9348  	-1.9393  	-0.6471  	0.65171  	-1.2733  	-1.5967  	2.63976  	-0.3191  	-0.3396  	-0.8409  	0.41269  	0.69365  	-0.4390  	1.03076  	-0.6551  	-0.7197  	0.97979  	1.30159  	1.12412  	0.11129  	0.47788  	1.16977  	-2.9059  	-0.9009  	-0.6467  	-0.4708  	0.15644  	-0.0065  	-0.1657  	0.79355  	-0.0150  	1.24158  	0.48532  	-1.1303  	-0.2792  	0.74839  	0.25943  	0.16556  	0.83092  	-0.0571  	-0.1193  	-0.0919  	0.48889  	0.26842  	0.00017  	0.00614  	-0.0377  	-0.0456  	0.07169  	0.10620  	-0.0141  	0.04206  	-0.0858  	-0.0763  	-0.0501  	-0.1490  	-0.1530  	0.23978  	-0.0639  	0.10438  	-0.4137  	-0.0561  	0.02400  	0.00541  	0.62820  	0.50885  	265.059  	212.284  	
-0.4984  	-0.5391  	0.37376  	0.25549  	1.39995  	-0.9552  	-2.1258  	-0.7037  	0.65058  	-1.5032  	-1.4148  	3.11111  	-0.3686  	-0.5647  	-1.1007  	0.49086  	0.56457  	-0.2005  	0.95975  	-0.6916  	-0.8693  	1.01594  	1.08653  	1.33434  	-0.3120  	0.56751  	0.80643  	-2.5602  	-0.7720  	-0.7420  	-0.4559  	0.07733  	-0.0017  	-0.1907  	0.85014  	-0.0405  	1.07747  	0.45178  	-1.1771  	-0.3441  	0.77378  	0.32801  	0.08218  	0.76012  	-0.0247  	-0.1285  	-0.0566  	0.39937  	0.24369  	-0.0030  	0.02718  	-0.0473  	-0.0225  	0.06188  	0.08867  	-0.0287  	0.03848  	-0.0660  	-0.0551  	-0.0209  	-0.1715  	-0.1396  	0.22060  	-0.0376  	0.10438  	-0.4137  	-0.0561  	0.02400  	0.00541  	0.62820  	0.50885  	265.059  	212.284  	
-0.5015  	-0.3894  	0.42393  	0.11528  	1.36987  	-0.8289  	-1.8671  	-0.6368  	0.76530  	-1.3701  	-1.8446  	2.78658  	-0.2224  	-0.4384  	-1.1117  	0.29679  	0.58954  	-0.1160  	0.88034  	-0.4343  	-1.2280  	1.01807  	1.07518  	0.94348  	-0.2314  	0.60023  	0.45621  	-2.1554  	-0.2986  	-0.7144  	-0.4353  	-0.0747  	0.06131  	-0.0917  	0.44966  	0.10400  	0.77491  	0.41539  	-1.0257  	-0.2640  	0.99964  	0.18003  	0.27889  	0.82746  	-0.0489  	-0.1358  	-0.0607  	0.45839  	0.24794  	0.02515  	0.03548  	-0.0655  	-0.0566  	0.05354  	0.11942  	-0.0270  	0.04221  	-0.0706  	-0.0563  	-0.0245  	-0.1649  	-0.1725  	0.23647  	-0.0476  	0.10438  	-0.4137  	-0.0561  	0.02400  	0.00541  	0.62820  	0.50885  	265.059  	212.284  	
0.72867  	-0.0890  	1.11752  	0.10837  	1.31127  	-0.5918  	-1.6681  	-0.5585  	0.78760  	-1.0431  	-2.4192  	2.33767  	0.26969  	0.62313  	-0.4063  	-0.1362  	0.55555  	-0.3221  	0.92058  	-1.0159  	-1.1750  	1.21185  	1.32137  	0.90830  	0.30775  	0.45361  	1.16323  	-2.6628  	-0.2710  	-0.5020  	-0.2703  	-0.0605  	0.04140  	-0.1369  	0.59797  	0.05671  	0.86723  	0.34070  	-0.9578  	-0.2675  	0.89202  	0.23081  	0.27360  	0.90180  	-0.1031  	-0.1208  	-0.1205  	0.62913  	0.32652  	-0.0235  	0.05425  	-0.0416  	-0.0327  	0.06278  	0.11684  	0.01565  	0.02430  	-0.0932  	-0.0747  	-0.0082  	-0.1516  	-0.1334  	0.24420  	-0.0446  	0.10438  	-0.4137  	-0.0561  	0.02400  	0.00541  	0.62820  	0.50885  	265.059  	212.284  	
-0.4383  	-0.2709  	0.25314  	-0.8308  	0.99617  	-1.6022  	-1.7142  	-0.6654  	0.75284  	-0.9949  	-1.5904  	2.45160  	-0.1338  	-0.0529  	-1.3018  	-0.2149  	0.51794  	-0.2560  	0.85567  	-0.6593  	-1.0741  	1.03640  	1.06786  	1.21197  	0.03039  	0.55350  	0.94302  	-2.8041  	-0.8027  	-0.7495  	-0.2689  	-0.1375  	0.09478  	-0.1136  	0.78265  	0.01190  	0.90441  	0.41689  	-1.0781  	-0.2533  	0.94729  	0.28371  	0.21723  	0.80147  	-0.0501  	-0.1230  	-0.0795  	0.46665  	0.23429  	0.03648  	-0.0064  	-0.0547  	-0.0797  	0.10019  	0.08459  	-0.0355  	0.00707  	-0.1236  	-0.1041  	-0.0149  	-0.1527  	-0.1114  	0.23061  	-0.0396  	0.10438  	-0.4137  	-0.0561  	0.02400  	0.00541  	0.62820  	0.50885  	265.059  	212.284  	
-2.0936  	-0.6185  	-0.2010  	-2.3012  	-0.0198  	-2.3424  	-2.1277  	-1.1051  	0.57005  	-0.7682  	-0.1236  	2.47535  	-0.7724  	-1.5691  	-2.9024  	0.00388  	0.50790  	0.14783  	1.04290  	-0.2756  	-1.0213  	0.65288  	1.16307  	0.80636  	-0.5419  	0.59588  	0.41412  	-2.3462  	-0.7711  	-0.9244  	-0.3135  	-0.0384  	0.11542  	-0.1572  	0.21073  	0.26007  	0.90199  	0.48504  	-1.0503  	-0.3021  	1.07692  	0.27229  	0.20031  	0.77126  	-0.0287  	-0.0963  	-0.0410  	0.33928  	0.22614  	0.02713  	0.01268  	-0.0338  	-0.0356  	0.11912  	0.10076  	-0.0543  	0.02693  	-0.0423  	-0.0881  	-0.0236  	-0.1593  	-0.1256  	0.22769  	-0.0340  	0.10438  	-0.4137  	-0.0561  	0.02400  	0.00541  	0.62820  	0.50885  	265.059  	212.284  	
-2.0339  	-0.6761  	0.28040  	-2.4367  	-0.0657  	-2.2329  	-1.9285  	-1.0759  	0.45231  	-0.5871  	-0.0725  	2.30043  	-0.7371  	-1.3931  	-3.1733  	0.18572  	0.52821  	0.04393  	0.94197  	-0.3915  	-1.2157  	0.86729  	1.19969  	0.85692  	-0.2964  	0.61596  	0.37408  	-2.4075  	-0.5263  	-0.9948  	-0.2815  	-0.1120  	0.05388  	-0.1928  	0.02032  	0.28759  	0.88389  	0.47935  	-1.0360  	-0.4160  	1.23228  	0.22843  	0.18746  	0.83771  	-0.0119  	-0.1356  	-0.0410  	0.44912  	0.19902  	0.00854  	0.00039  	-0.0260  	-0.0414  	0.08328  	0.09920  	-0.0767  	0.03331  	-0.0699  	-0.0652  	-0.0377  	-0.1438  	-0.1288  	0.26012  	-0.0078  	0.10438  	-0.4137  	-0.0561  	0.02400  	0.00541  	0.62820  	0.50885  	265.059  	212.284  	
-1.7235  	-0.6617  	0.26040  	-1.7196  	0.37035  	-1.7140  	-1.9641  	-1.0392  	0.52415  	-1.0980  	-0.7522  	2.59033  	-0.7820  	-1.4719  	-2.7542  	0.35355  	0.63159  	-0.0069  	1.03286  	-0.5121  	-1.2500  	0.85882  	1.28277  	0.91320  	-0.2531  	0.69166  	0.59714  	-2.2318  	-0.4851  	-0.8518  	-0.2898  	-0.0455  	0.00441  	-0.1868  	0.13334  	0.31201  	0.89155  	0.39493  	-1.0650  	-0.3770  	1.27404  	0.21282  	0.18723  	0.85647  	-0.0261  	-0.1428  	-0.0469  	0.41774  	0.17829  	0.00560  	0.03707  	-0.0350  	-0.0441  	0.05895  	0.08436  	-0.0524  	0.04547  	-0.0770  	-0.0872  	-0.0575  	-0.1539  	-0.1226  	0.27825  	-0.0108  	0.10438  	-0.4137  	-0.0561  	0.02400  	0.00541  	0.62820  	0.50885  	265.059  	212.284  	
-1.1872  	-0.6452  	0.38380  	-1.1420  	0.64925  	-1.2784  	-2.0484  	-0.7953  	0.64249  	-1.2928  	-1.1302  	2.74876  	-0.5992  	-1.3992  	-2.4032  	0.55304  	0.64919  	0.09974  	1.06729  	-0.4340  	-1.4182  	0.78811  	1.22342  	0.75940  	-0.2858  	0.66148  	0.42654  	-1.9752  	-0.3174  	-0.9172  	-0.3515  	-0.0041  	0.06078  	-0.1828  	0.19186  	0.32687  	0.73872  	0.39744  	-0.9908  	-0.3161  	1.23900  	0.16831  	0.27438  	0.87179  	-0.0351  	-0.1285  	-0.0590  	0.45317  	0.22723  	-0.0119  	0.02454  	-0.0472  	-0.0263  	0.05776  	0.11873  	-0.0636  	0.04355  	-0.0694  	-0.0953  	-0.0546  	-0.1435  	-0.1453  	0.28247  	-0.0126  	0.10438  	-0.4137  	-0.0561  	0.02400  	0.00541  	0.62820  	0.50885  	265.059  	212.284  	
-0.6740  	-0.4660  	0.71679  	-0.7749  	0.91412  	-1.2334  	-1.9149  	-0.9213  	0.64769  	-0.8748  	-0.8362  	3.02603  	-0.6123  	-1.3898  	-2.5320  	0.84421  	0.41049  	0.09441  	0.97337  	-0.1197  	-1.5547  	0.75177  	0.92949  	0.59232  	-0.3366  	0.55891  	0.19721  	-1.7752  	-0.2548  	-0.8686  	-0.4050  	0.01405  	0.01279  	-0.1114  	0.28453  	0.45597  	0.71251  	0.40838  	-0.9536  	-0.3115  	1.20279  	0.20148  	0.25895  	0.79822  	-0.0745  	-0.1419  	-0.0604  	0.47428  	0.26047  	-0.0056  	0.07495  	-0.0364  	-0.0157  	0.07550  	0.12436  	-0.0261  	0.04823  	-0.0880  	-0.0827  	-0.0494  	-0.1551  	-0.1549  	0.26292  	-0.0204  	0.10438  	-0.4137  	-0.0561  	0.02400  	0.00541  	0.62820  	0.50885  	265.059  	212.284  	
-0.5668  	-0.5608  	0.65446  	-0.5943  	1.09516  	-1.0881  	-1.9727  	-1.0334  	0.47807  	-0.8947  	-0.7773  	2.94170  	-0.7425  	-1.5829  	-2.7876  	1.29328  	0.38514  	0.12948  	1.01391  	-0.2515  	-1.4181  	0.68089  	0.59489  	0.88973  	-0.0766  	0.46103  	0.68826  	-2.0022  	-0.5353  	-0.7875  	-0.5644  	0.13215  	-0.0453  	-0.1796  	0.55502  	0.61991  	0.86964  	0.44638  	-1.0706  	-0.2746  	1.00964  	0.28905  	0.20121  	0.79214  	-0.0255  	-0.1316  	-0.0861  	0.45557  	0.27923  	-0.0085  	0.07534  	-0.0497  	-0.0084  	0.09159  	0.12603  	-0.0256  	0.06741  	-0.0684  	-0.0870  	-0.0335  	-0.1816  	-0.1996  	0.28561  	-0.0237  	0.10438  	-0.4137  	-0.0561  	0.02400  	0.00541  	0.62820  	0.50885  	265.059  	212.284  	
-0.6317  	-0.5282  	0.55825  	-0.4852  	1.03331  	-1.0266  	-1.9929  	-1.0274  	0.47645  	-1.2321  	-1.0361  	2.79195  	-0.7966  	-1.5657  	-2.5461  	1.05177  	0.53994  	-0.0352  	1.08368  	-0.3857  	-1.3006  	0.69620  	0.79040  	0.96859  	0.11254  	0.45939  	0.84753  	-2.0379  	-0.5055  	-0.6335  	-0.5901  	0.21056  	-0.1112  	-0.2134  	0.49982  	0.63529  	0.95676  	0.51198  	-1.0905  	-0.3477  	0.97419  	0.25699  	0.20477  	0.85144  	-0.0545  	-0.1324  	-0.0973  	0.44952  	0.26668  	-0.0480  	0.06481  	-0.0558  	-0.0175  	0.08957  	0.12880  	-0.0231  	0.06917  	-0.0623  	-0.0787  	-0.0390  	-0.1723  	-0.2040  	0.29906  	-0.0299  	0.10438  	-0.4137  	-0.0561  	0.02400  	0.00541  	0.62820  	0.50885  	265.059  	212.284  	
-0.5629  	-0.5026  	0.54358  	-0.1368  	1.07626  	-0.8988  	-2.1080  	-1.0363  	0.54754  	-1.2890  	-1.2108  	3.00760  	-0.7963  	-1.1560  	-2.2764  	0.76966  	0.61229  	-0.0929  	1.09941  	-0.3737  	-1.2468  	0.80557  	0.90654  	1.06547  	0.09757  	0.51888  	0.92154  	-2.0215  	-0.4247  	-0.5750  	-0.6120  	0.21050  	-0.0954  	-0.2018  	0.38427  	0.51203  	0.90117  	0.44723  	-0.9851  	-0.3960  	0.89601  	0.28805  	0.24791  	0.81301  	-0.0372  	-0.0934  	-0.1184  	0.47634  	0.26395  	-0.0534  	0.07728  	-0.0303  	0.00283  	0.08631  	0.09247  	-0.0027  	0.03409  	-0.0751  	-0.0521  	-0.0144  	-0.1613  	-0.2032  	0.21522  	-0.0404  	0.10438  	-0.4137  	-0.0561  	0.02400  	0.00541  	0.62820  	0.50885  	265.059  	212.284  	
-0.4758  	-0.4159  	0.38575  	0.25685  	1.47120  	-0.7615  	-1.9663  	-0.7171  	0.59443  	-1.5505  	-1.6953  	3.02886  	-0.4750  	-0.6529  	-1.3856  	0.50295  	0.60754  	-0.0873  	1.07919  	-0.4771  	-1.1788  	0.91274  	0.97476  	0.91409  	0.22580  	0.51425  	0.84750  	-1.9602  	-0.1835  	-0.4854  	-0.5818  	0.02625  	-0.0106  	-0.1370  	0.44098  	0.23329  	0.81734  	0.40346  	-0.9818  	-0.3178  	0.86539  	0.26405  	0.18911  	0.79610  	-0.0262  	-0.1128  	-0.0831  	0.44899  	0.26418  	-0.0695  	0.04837  	-0.0473  	-0.0387  	0.05274  	0.08300  	-0.0090  	0.06588  	-0.0822  	-0.0520  	-0.0360  	-0.1714  	-0.1798  	0.24610  	-0.0439  	0.10438  	-0.4137  	-0.0561  	0.02400  	0.00541  	0.62820  	0.50885  	265.059  	212.284  	
-0.5603  	-0.3584  	0.39682  	0.01318  	1.30064  	-0.7219  	-2.0285  	-0.6608  	0.64761  	-1.5112  	-1.5782  	3.08868  	-0.4361  	-0.7200  	-1.2629  	0.51242  	0.64490  	-0.0870  	1.08914  	-0.5033  	-1.1555  	0.97511  	1.16046  	0.99696  	0.03425  	0.53488  	0.76035  	-2.0744  	-0.2838  	-0.5765  	-0.5059  	-0.0266  	0.04284  	-0.1698  	0.44762  	0.14037  	0.85369  	0.38557  	-1.0167  	-0.3379  	0.88245  	0.26775  	0.14419  	0.78018  	-0.0249  	-0.1126  	-0.0648  	0.44549  	0.24901  	-0.0377  	0.04574  	-0.0422  	-0.0480  	0.03979  	0.10164  	-0.0189  	0.05988  	-0.0771  	-0.0613  	-0.0344  	-0.1783  	-0.1735  	0.22131  	-0.0487  	0.10438  	-0.4137  	-0.0561  	0.02400  	0.00541  	0.62820  	0.50885  	265.059  	212.284  	
-0.3342  	-0.2643  	0.66363  	-0.3242  	1.12218  	-0.9257  	-2.0870  	-0.9189  	0.55187  	-1.2131  	-1.0551  	3.01034  	-0.6259  	-1.1945  	-2.1786  	0.96133  	0.41481  	0.07594  	1.06908  	-0.3272  	-1.1239  	0.83191  	0.96024  	0.94857  	-0.2040  	0.45725  	0.57539  	-2.2094  	-0.4823  	-0.7417  	-0.5244  	0.04814  	0.01148  	-0.1538  	0.53174  	0.35658  	0.95100  	0.45038  	-1.0901  	-0.3107  	0.98212  	0.24279  	0.20593  	0.80228  	-0.0328  	-0.1015  	-0.0872  	0.45486  	0.25822  	-0.0154  	0.06526  	-0.0359  	-0.0233  	0.05920  	0.10266  	-0.0148  	0.05447  	-0.0695  	-0.0613  	-0.0413  	-0.1824  	-0.1822  	0.26080  	-0.0469  	0.10438  	-0.4137  	-0.0561  	0.02400  	0.00541  	0.62820  	0.50885  	265.059  	212.284  	
-0.5819  	-0.4024  	0.75003  	-0.8544  	0.71763  	-1.2022  	-1.9359  	-0.9313  	0.50908  	-0.9113  	-0.8251  	2.76273  	-0.7134  	-1.3547  	-2.7883  	1.03491  	0.33468  	0.23934  	0.96443  	-0.2862  	-1.3524  	0.80487  	0.84217  	0.75755  	-0.1105  	0.49706  	0.39765  	-2.0764  	-0.3414  	-0.8054  	-0.4609  	0.04149  	-0.0233  	-0.1499  	0.38109  	0.55124  	0.83152  	0.41230  	-1.0268  	-0.3185  	1.09757  	0.22238  	0.23309  	0.83206  	-0.0242  	-0.1222  	-0.0731  	0.48227  	0.28145  	-0.0283  	0.06099  	-0.0405  	-0.0056  	0.05369  	0.12289  	-0.0458  	0.04395  	-0.0600  	-0.0896  	-0.0485  	-0.1795  	-0.1979  	0.29451  	-0.0242  	0.10438  	-0.4137  	-0.0561  	0.02400  	0.00541  	0.62820  	0.50885  	265.059  	212.284  	
-1.5769  	-0.5932  	0.10925  	-1.3535  	0.60995  	-1.9264  	-1.9166  	-1.1361  	0.45549  	-0.8921  	-0.7135  	2.54180  	-0.7096  	-1.4948  	-2.9581  	0.69057  	0.44336  	0.07549  	1.01120  	-0.2557  	-1.4050  	0.83902  	0.94097  	0.81540  	-0.0481  	0.58325  	0.42412  	-2.0866  	-0.3286  	-0.6986  	-0.4560  	-0.0009  	-0.0769  	-0.1528  	0.37706  	0.64624  	0.79482  	0.38704  	-1.0169  	-0.3493  	1.16161  	0.25964  	0.16633  	0.75947  	-0.0259  	-0.1236  	-0.0692  	0.43541  	0.24858  	-0.0210  	0.04141  	-0.0414  	-0.0400  	0.07214  	0.10273  	-0.0413  	0.02413  	-0.0503  	-0.0946  	-0.0347  	-0.1632  	-0.1723  	0.29149  	-0.0413  	0.10438  	-0.4137  	-0.0561  	0.02400  	0.00541  	0.62820  	0.50885  	265.059  	212.284  	
-2.5273  	-0.8658  	-0.3692  	-2.0751  	0.39941  	-2.4158  	-2.1184  	-1.1743  	0.47489  	-0.7968  	-0.1927  	2.63857  	-0.7852  	-1.5401  	-2.8605  	0.10813  	0.50145  	-0.1000  	1.06393  	-0.3581  	-1.2586  	0.78141  	1.22183  	0.88603  	-0.2855  	0.63399  	0.37141  	-2.2331  	-0.4333  	-0.8189  	-0.2908  	-0.0737  	0.03593  	-0.1602  	0.27786  	0.43189  	0.89847  	0.40028  	-1.1280  	-0.4725  	1.02817  	0.32371  	0.08407  	0.72213  	0.02044  	-0.1252  	-0.0516  	0.37432  	0.22509  	-0.0156  	-0.0061  	-0.0320  	-0.0302  	0.10312  	0.11260  	-0.0656  	0.01604  	-0.0748  	-0.0544  	-0.0146  	-0.1330  	-0.1333  	0.23627  	-0.0414  	0.10438  	-0.4137  	-0.0561  	0.02400  	0.00541  	0.62820  	0.50885  	265.059  	212.284  	
-2.4362  	-0.8830  	-0.1180  	-2.3693  	0.13875  	-2.4798  	-2.1965  	-1.0345  	0.45653  	-0.7352  	0.04876  	2.67025  	-0.7279  	-1.3210  	-2.7380  	-0.1213  	0.61862  	-0.0802  	1.08543  	-0.4411  	-0.8776  	0.75595  	1.40588  	0.96699  	-0.5083  	0.61786  	0.40411  	-2.3803  	-0.7535  	-0.9236  	-0.2530  	-0.0529  	0.05672  	-0.2157  	0.22323  	0.20965  	1.00648  	0.40527  	-1.1060  	-0.5089  	1.07372  	0.27330  	0.11405  	0.72268  	-0.0114  	-0.0819  	-0.0462  	0.37840  	0.21071  	0.00682  	-0.0234  	-0.0357  	-0.0389  	0.06604  	0.08776  	-0.0769  	0.01229  	-0.0612  	-0.0760  	-0.0381  	-0.1265  	-0.1190  	0.23399  	-0.0634  	0.10438  	-0.4137  	-0.0561  	0.02400  	0.00541  	0.62820  	0.50885  	265.059  	212.284  	
-1.3945  	-0.6438  	0.32502  	-1.8696  	0.27576  	-1.9410  	-2.1625  	-0.7966  	0.55957  	-1.0215  	-0.2816  	2.70003  	-0.5909  	-0.8805  	-2.5209  	0.09879  	0.71449  	-0.0961  	1.05600  	-0.5403  	-0.7074  	0.79686  	1.39785  	1.19132  	-0.3345  	0.62984  	0.72364  	-2.7537  	-0.9518  	-0.9851  	-0.2594  	-0.1069  	0.02077  	-0.2346  	0.37741  	0.07294  	1.13645  	0.45009  	-1.1705  	-0.4302  	1.11008  	0.22362  	0.17108  	0.77550  	-0.0366  	-0.1359  	-0.0538  	0.41760  	0.19245  	0.01958  	0.01731  	-0.0331  	-0.0503  	0.08019  	0.06529  	-0.0510  	-0.0015  	-0.0865  	-0.0768  	-0.0305  	-0.1514  	-0.1081  	0.22372  	-0.0455  	0.10438  	-0.4137  	-0.0561  	0.02400  	0.00541  	0.62820  	0.50885  	265.059  	212.284  	
-1.0933  	-0.4662  	0.43413  	-1.4101  	0.44241  	-1.3207  	-2.1357  	-0.6426  	0.70422  	-1.1400  	-1.0389  	2.67052  	-0.4910  	-0.9921  	-2.5898  	0.58908  	0.59913  	0.08425  	1.14476  	-0.5887  	-1.0885  	0.82206  	1.49558  	0.77132  	-0.4255  	0.62166  	0.41949  	-2.3367  	-0.5771  	-0.8670  	-0.3624  	0.03912  	0.09162  	-0.2114  	0.13549  	0.12724  	0.91758  	0.46098  	-0.9786  	-0.3593  	1.31297  	0.16606  	0.30175  	0.82465  	-0.0530  	-0.1158  	-0.0501  	0.49718  	0.21506  	0.01288  	0.01060  	-0.0516  	-0.0579  	0.07501  	0.08813  	-0.0381  	0.01728  	-0.0768  	-0.0619  	-0.0591  	-0.1348  	-0.1448  	0.24573  	-0.0347  	0.10438  	-0.4137  	-0.0561  	0.02400  	0.00541  	0.62820  	0.50885  	265.059  	212.284  	
-0.6451  	-0.4203  	0.56118  	-0.7381  	0.73522  	-1.1572  	-2.0348  	-0.8045  	0.70697  	-1.0235  	-1.0866  	2.90542  	-0.4715  	-1.1501  	-2.2375  	0.57764  	0.51141  	0.06746  	0.99167  	-0.3180  	-1.2987  	0.84968  	1.13139  	0.71353  	-0.3455  	0.56807  	0.23752  	-1.9872  	-0.2899  	-0.8482  	-0.3776  	-0.0341  	0.03611  	-0.1388  	0.16730  	0.26991  	0.76150  	0.45053  	-0.9830  	-0.2382  	1.19823  	0.15243  	0.30270  	0.84879  	-0.0969  	-0.1342  	-0.0399  	0.48033  	0.25089  	-0.0357  	0.02397  	-0.0471  	-0.0425  	0.07493  	0.09674  	-0.0376  	0.02840  	-0.0870  	-0.0767  	-0.0420  	-0.1644  	-0.1648  	0.25971  	-0.0345  	0.10438  	-0.4137  	-0.0561  	0.02400  	0.00541  	0.62820  	0.50885  	265.059  	212.284  	
-0.5432  	-0.4124  	0.61503  	-0.5507  	0.96281  	-1.0942  	-1.9853  	-0.8754  	0.66021  	-1.0051  	-0.9774  	2.88785  	-0.6393  	-1.1733  	-2.2473  	0.74473  	0.45821  	0.01438  	0.99332  	-0.3021  	-1.1769  	0.80817  	1.04227  	0.74525  	-0.2877  	0.48007  	0.47997  	-2.0410  	-0.3771  	-0.7883  	-0.5128  	0.07194  	0.03218  	-0.1502  	0.44411  	0.40418  	0.88380  	0.40891  	-1.0455  	-0.3199  	1.07857  	0.21794  	0.23122  	0.83864  	-0.0436  	-0.1360  	-0.0553  	0.45238  	0.27109  	-0.0190  	0.05793  	-0.0547  	-0.0226  	0.08532  	0.11221  	-0.0208  	0.04822  	-0.0717  	-0.0843  	-0.0305  	-0.1603  	-0.1824  	0.27194  	-0.0299  	0.10438  	-0.4137  	-0.0561  	0.02400  	0.00541  	0.62820  	0.50885  	265.059  	212.284  	
-0.4516  	-0.4733  	0.66172  	-0.5107  	0.99074  	-1.0499  	-1.9575  	-0.9457  	0.61306  	-0.9540  	-0.8092  	2.83626  	-0.7314  	-1.4506  	-2.4580  	1.05225  	0.42119  	0.11580  	0.99447  	-0.3503  	-1.2061  	0.74900  	0.91852  	0.77959  	-0.1517  	0.45379  	0.56464  	-2.0423  	-0.4936  	-0.7844  	-0.5521  	0.12023  	-0.0453  	-0.1684  	0.53236  	0.47004  	0.92752  	0.47110  	-1.0650  	-0.3439  	1.02670  	0.23433  	0.20282  	0.82269  	-0.0273  	-0.1233  	-0.0745  	0.43004  	0.25706  	-0.0209  	0.06892  	-0.0405  	-0.0070  	0.07804  	0.12780  	-0.0246  	0.04945  	-0.0689  	-0.0865  	-0.0389  	-0.1750  	-0.1912  	0.27220  	-0.0254  	0.10438  	-0.4137  	-0.0561  	0.02400  	0.00541  	0.62820  	0.50885  	265.059  	212.284  	
-0.5370  	-0.5479  	0.59479  	-0.6671  	0.99713  	-1.0535  	-1.9455  	-1.0451  	0.55389  	-0.9347  	-0.8063  	2.76598  	-0.7251  	-1.4634  	-2.5028  	1.05038  	0.38517  	0.12229  	0.97129  	-0.3957  	-1.2444  	0.79099  	0.90681  	0.83001  	-0.0995  	0.44568  	0.55606  	-1.9781  	-0.4287  	-0.7676  	-0.5217  	0.13064  	-0.0916  	-0.1483  	0.55098  	0.55815  	0.90376  	0.45932  	-1.0677  	-0.2811  	1.02756  	0.25902  	0.20603  	0.81970  	-0.0425  	-0.1166  	-0.0867  	0.41850  	0.24976  	-0.0312  	0.07757  	-0.0385  	-0.0048  	0.07256  	0.12524  	-0.0315  	0.06064  	-0.0694  	-0.0689  	-0.0382  	-0.1747  	-0.1829  	0.26538  	-0.0199  	0.10438  	-0.4137  	-0.0561  	0.02400  	0.00541  	0.62820  	0.50885  	265.059  	212.284  	
-0.5727  	-0.5432  	0.61284  	-0.9546  	0.77070  	-1.0418  	-1.9156  	-1.0428  	0.55481  	-1.0225  	-0.7969  	2.67275  	-0.6946  	-1.5259  	-2.5070  	1.01027  	0.35505  	0.13525  	0.98145  	-0.4123  	-1.2635  	0.80236  	1.04832  	0.70963  	-0.1451  	0.48797  	0.48718  	-1.9469  	-0.4140  	-0.8091  	-0.4569  	0.06534  	-0.0652  	-0.1339  	0.49126  	0.53485  	0.91282  	0.46710  	-1.0723  	-0.2611  	1.09804  	0.23572  	0.22146  	0.82291  	-0.0577  	-0.1153  	-0.0704  	0.41081  	0.23261  	-0.0058  	0.07713  	-0.0442  	-0.0123  	0.07139  	0.11626  	-0.0348  	0.05055  	-0.0734  	-0.0654  	-0.0382  	-0.1708  	-0.1662  	0.26759  	-0.0179  	0.10438  	-0.4137  	-0.0561  	0.02400  	0.00541  	0.62820  	0.50885  	265.059  	212.284  	
-0.9396  	-0.5728  	0.37411  	-1.0537  	0.61091  	-1.2956  	-1.9443  	-1.0375  	0.49706  	-1.2274  	-1.0086  	2.56205  	-0.6797  	-1.4355  	-2.3248  	0.60282  	0.46424  	0.02272  	1.01106  	-0.4269  	-1.2241  	0.84893  	1.14787  	0.66253  	-0.2187  	0.55300  	0.46723  	-2.0029  	-0.3727  	-0.7792  	-0.4480  	0.06341  	-0.0817  	-0.1564  	0.42866  	0.52450  	0.93100  	0.47141  	-1.1073  	-0.2975  	1.11481  	0.25385  	0.21600  	0.84340  	-0.0567  	-0.1199  	-0.0500  	0.38746  	0.21849  	-0.0095  	0.05060  	-0.0363  	-0.0234  	0.08085  	0.12274  	-0.0400  	0.04234  	-0.0585  	-0.0649  	-0.0341  	-0.1662  	-0.1574  	0.25749  	-0.0191  	0.10438  	-0.4137  	-0.0561  	0.02400  	0.00541  	0.62820  	0.50885  	265.059  	212.284  	
-1.1113  	-0.5833  	0.25095  	-0.9304  	0.61121  	-1.3676  	-2.0465  	-0.9597  	0.52739  	-1.3968  	-0.9427  	2.60465  	-0.7847  	-1.3736  	-2.0021  	0.46706  	0.56158  	0.00210  	0.99669  	-0.5403  	-1.1501  	0.80917  	1.28208  	0.76744  	-0.2406  	0.58965  	0.56136  	-2.1997  	-0.4642  	-0.8111  	-0.4322  	0.03763  	-0.0817  	-0.1611  	0.48479  	0.37081  	1.00833  	0.48649  	-1.1547  	-0.4186  	1.14610  	0.26501  	0.19505  	0.79342  	-0.0379  	-0.1265  	-0.0506  	0.38957  	0.21366  	0.00327  	0.04722  	-0.0509  	-0.0074  	0.08460  	0.12528  	-0.0277  	0.05494  	-0.0610  	-0.0711  	-0.0472  	-0.1690  	-0.1494  	0.28435  	-0.0078  	0.10438  	-0.4137  	-0.0561  	0.02400  	0.00541  	0.62820  	0.50885  	265.059  	212.284  	
-0.9131  	-0.5222  	0.38952  	-0.8572  	0.67985  	-1.3280  	-2.0912  	-0.8581  	0.61301  	-1.5182  	-0.8482  	2.76668  	-0.7372  	-1.0628  	-1.7336  	0.34198  	0.58267  	-0.1339  	0.94654  	-0.5298  	-0.8771  	0.84963  	1.34936  	0.85681  	-0.3388  	0.62966  	0.50278  	-2.4095  	-0.7132  	-0.8681  	-0.4007  	0.06467  	0.02803  	-0.1753  	0.52986  	0.09110  	1.16417  	0.51055  	-1.1869  	-0.5413  	1.10332  	0.26812  	0.19997  	0.77976  	-0.0211  	-0.1088  	-0.0512  	0.38073  	0.19934  	0.01845  	0.00678  	-0.0416  	-0.0335  	0.07461  	0.09303  	-0.0282  	0.03459  	-0.0731  	-0.0718  	-0.0556  	-0.1598  	-0.1401  	0.25183  	-0.0316  	0.10438  	-0.4137  	-0.0561  	0.02400  	0.00541  	0.62820  	0.50885  	265.059  	212.284  	
-0.0179  	-0.0845  	0.89711  	-0.3902  	0.74149  	-0.8553  	-2.0046  	-0.3532  	0.87711  	-1.5839  	-0.7554  	2.89694  	-0.4549  	-0.3804  	-1.3247  	0.63882  	0.61333  	-0.2494  	0.97175  	-0.7553  	-0.2064  	0.81820  	1.36027  	0.95913  	-0.6119  	0.53469  	0.79956  	-2.8747  	-1.2017  	-0.9311  	-0.4379  	0.12204  	0.13890  	-0.1881  	0.84752  	-0.2505  	1.45621  	0.68173  	-1.3658  	-0.5639  	0.98219  	0.19622  	0.19747  	0.79597  	-0.0606  	-0.1030  	-0.0443  	0.39504  	0.21691  	0.01368  	-0.0080  	-0.0291  	-0.0238  	0.09393  	0.09749  	-0.0091  	-0.0135  	-0.0760  	-0.0847  	-0.0565  	-0.1430  	-0.1085  	0.21861  	-0.0544  	0.10438  	-0.4137  	-0.0561  	0.02400  	0.00541  	0.62820  	0.50885  	265.059  	212.284  	
0.16639  	-0.0509  	1.03579  	-0.2760  	0.86832  	-0.7091  	-1.9408  	-0.3358  	0.89210  	-1.5725  	-0.7962  	2.98886  	-0.3988  	-0.3504  	-1.4874  	0.76618  	0.54563  	-0.1865  	0.93852  	-0.6224  	-0.3563  	0.79663  	1.33605  	1.03822  	-0.5057  	0.50278  	0.74623  	-2.7018  	-1.0824  	-0.9281  	-0.4759  	0.08485  	0.17726  	-0.1875  	0.87637  	-0.1407  	1.35262  	0.59813  	-1.2393  	-0.5226  	0.94076  	0.24925  	0.18911  	0.77697  	-0.0798  	-0.1119  	-0.0588  	0.46213  	0.24348  	0.03642  	0.03616  	-0.0241  	-0.0167  	0.09284  	0.10550  	0.01080  	0.00994  	-0.0698  	-0.0842  	-0.0408  	-0.1415  	-0.1451  	0.25235  	-0.0327  	0.10438  	-0.4137  	-0.0561  	0.02400  	0.00541  	0.62820  	0.50885  	265.059  	212.284  	
-0.2748  	-0.4063  	0.61452  	-0.2600  	1.08656  	-0.9435  	-1.8568  	-0.8480  	0.72214  	-1.2452  	-1.0144  	2.88660  	-0.4700  	-0.9502  	-1.8428  	0.74238  	0.49505  	0.08967  	0.92817  	-0.2721  	-1.1589  	0.81256  	0.93039  	0.80719  	-0.2453  	0.52035  	0.34574  	-2.0194  	-0.5202  	-0.8615  	-0.4918  	0.02981  	0.05577  	-0.1494  	0.56316  	0.28176  	0.91136  	0.43682  	-1.1005  	-0.3516  	1.00272  	0.25061  	0.19691  	0.80877  	-0.0430  	-0.1304  	-0.0520  	0.47048  	0.27421  	0.00273  	0.07581  	-0.0378  	-0.0263  	0.07927  	0.11196  	-0.0051  	0.04403  	-0.0687  	-0.0738  	-0.0219  	-0.1568  	-0.1827  	0.24865  	-0.0168  	0.10438  	-0.4137  	-0.0561  	0.02400  	0.00541  	0.62820  	0.50885  	265.059  	212.284  	
-0.3720  	-0.4310  	0.78083  	-0.1704  	1.16560  	-1.1711  	-1.9654  	-0.7163  	0.54581  	-1.0696  	-0.9182  	2.99500  	-0.3777  	-1.3368  	-2.1367  	0.86691  	0.69902  	-0.3696  	1.18511  	-1.0352  	-1.3281  	0.14181  	-0.0620  	0.87166  	-0.3360  	0.79076  	0.46000  	-2.1001  	-0.0825  	-0.8285  	-0.1882  	-0.0577  	-0.2667  	-0.6584  	0.23403  	0.38268  	0.45732  	0.42659  	-1.3673  	-0.5696  	1.31152  	0.66680  	-0.1053  	1.05921  	-0.2204  	-0.0700  	-0.1404  	0.55210  	0.24112  	-0.0502  	0.08836  	-0.0287  	-0.0120  	0.12083  	0.15078  	-0.0468  	0.04761  	-0.1019  	-0.0644  	0.00114  	-0.1503  	-0.1875  	0.23253  	-0.0122  	0.10438  	-0.4137  	-0.0561  	0.02400  	0.00541  	0.62820  	0.50885  	265.059  	212.284  	
-0.7030  	-0.4395  	0.79956  	-0.7415  	0.75026  	-1.4678  	-2.1486  	-0.6589  	0.42152  	-1.1690  	-0.7121  	2.86309  	-0.4186  	-1.8409  	-2.5335  	0.62345  	0.94258  	-0.6488  	1.42039  	-1.7687  	-1.0669  	-0.4580  	-0.5394  	0.74997  	-0.3840  	1.04155  	0.44929  	-2.4231  	0.07219  	-0.8774  	0.15184  	-0.1973  	-0.5672  	-1.0846  	-0.0261  	0.39957  	0.30930  	0.41729  	-1.6771  	-0.7606  	1.51915  	0.95367  	-0.4139  	1.27295  	-0.3939  	-0.0245  	-0.2071  	0.58891  	0.18124  	-0.0963  	0.09596  	-0.0170  	0.01022  	0.17388  	0.15112  	-0.0432  	0.03220  	-0.1425  	-0.0661  	0.02179  	-0.1415  	-0.1923  	0.20597  	-0.0271  	0.10438  	-0.4137  	-0.0561  	0.02400  	0.00541  	0.62820  	0.50885  	265.059  	212.284  	
-1.9256  	-0.7194  	-0.0421  	-1.3182  	0.63627  	-2.0893  	-2.1307  	-0.7110  	0.31004  	-1.1082  	-0.5211  	2.73720  	-0.4590  	-1.8697  	-2.4265  	-0.0989  	1.04986  	-0.9025  	1.49808  	-1.9219  	-0.8984  	-0.5594  	-0.4726  	0.90757  	-0.4211  	1.11999  	0.55981  	-2.6639  	0.10033  	-0.8994  	0.30309  	-0.3252  	-0.6127  	-1.1425  	-0.0689  	0.31552  	0.28725  	0.37015  	-1.7757  	-0.8394  	1.47506  	1.06252  	-0.6222  	1.28411  	-0.3620  	-0.0123  	-0.2396  	0.48564  	0.14124  	-0.0928  	0.10269  	-0.0014  	-0.0267  	0.17392  	0.14630  	-0.0513  	0.02380  	-0.1299  	-0.0690  	0.01240  	-0.1272  	-0.1651  	0.16152  	-0.0295  	0.10438  	-0.4137  	-0.0561  	0.02400  	0.00541  	0.62820  	0.50885  	265.059  	212.284  	
-2.0124  	-0.7381  	0.02052  	-1.5780  	0.48899  	-2.2341  	-2.2242  	-0.6949  	0.42201  	-1.0889  	-0.4709  	2.63263  	-0.4855  	-1.5728  	-1.9681  	-0.3264  	1.15081  	-0.9917  	1.37616  	-1.9713  	-0.6148  	-0.5403  	-0.0558  	0.89164  	-0.5979  	1.14240  	0.56742  	-2.7868  	-0.1232  	-0.9608  	0.28819  	-0.3382  	-0.5443  	-1.0555  	-0.0656  	0.05348  	0.47074  	0.39219  	-1.7054  	-0.8779  	1.47475  	0.95347  	-0.5217  	1.17604  	-0.3391  	-0.0269  	-0.1721  	0.48099  	0.11218  	-0.0534  	0.05723  	-0.0075  	-0.0350  	0.18423  	0.12008  	-0.0649  	0.01758  	-0.1426  	-0.0927  	0.01119  	-0.1230  	-0.1666  	0.16532  	-0.0228  	0.10438  	-0.4137  	-0.0561  	0.02400  	0.00541  	0.62820  	0.50885  	265.059  	212.284  	
-1.5840  	-0.6098  	0.33133  	-1.6802  	0.47301  	-1.8626  	-2.1309  	-0.7861  	0.53352  	-1.0096  	-0.5516  	2.80348  	-0.4144  	-1.3304  	-2.4362  	-0.0269  	0.92048  	-0.4461  	1.24181  	-1.1697  	-0.9100  	0.05729  	0.54884  	0.98984  	-0.4925  	0.96186  	0.37781  	-2.5303  	-0.2604  	-0.9672  	0.05260  	-0.2659  	-0.2924  	-0.6784  	-0.0417  	0.16754  	0.50228  	0.37337  	-1.3297  	-0.5478  	1.37486  	0.60758  	-0.1369  	1.02478  	-0.2208  	-0.0618  	-0.1197  	0.49065  	0.18259  	-0.0298  	0.02839  	-0.0289  	-0.0543  	0.13685  	0.11271  	-0.0781  	0.01228  	-0.1051  	-0.0732  	0.00150  	-0.1379  	-0.1590  	0.21134  	-0.0439  	0.10438  	-0.4137  	-0.0561  	0.02400  	0.00541  	0.62820  	0.50885  	265.059  	212.284  	
-1.5033  	-0.5747  	0.11407  	-1.2571  	0.71557  	-1.6911  	-2.0444  	-0.8372  	0.61384  	-1.0492  	-0.6499  	3.04650  	-0.5581  	-1.1802  	-2.4430  	0.22870  	0.55937  	0.15392  	0.98503  	-0.1847  	-1.1981  	0.89944  	1.19320  	0.78031  	-0.4521  	0.66411  	0.24415  	-2.0421  	-0.3040  	-0.9114  	-0.3282  	-0.1732  	0.08056  	-0.1767  	0.09266  	0.20211  	0.70755  	0.36161  	-0.9490  	-0.2989  	1.10395  	0.22327  	0.26635  	0.76427  	-0.0501  	-0.1273  	-0.0359  	0.45483  	0.23927  	-0.0084  	0.04078  	-0.0452  	-0.0628  	0.08640  	0.09112  	-0.0398  	0.02225  	-0.0924  	-0.0859  	-0.0261  	-0.1631  	-0.1519  	0.23142  	-0.0576  	0.10438  	-0.4137  	-0.0561  	0.02400  	0.00541  	0.62820  	0.50885  	265.059  	212.284  	
-0.8806  	-0.4858  	0.39223  	-0.2062  	1.11950  	-1.3281  	-2.0245  	-0.6332  	0.71434  	-1.3536  	-0.9577  	3.37135  	-0.5134  	-0.8136  	-1.7391  	0.62503  	0.59276  	0.08911  	1.08331  	-0.1652  	-1.0106  	0.71965  	1.15066  	0.85074  	-0.3249  	0.56130  	0.43165  	-1.8991  	-0.2919  	-0.7339  	-0.4414  	-0.0551  	0.06868  	-0.1268  	0.36320  	0.09622  	0.78029  	0.43643  	-1.0189  	-0.3299  	0.99356  	0.22420  	0.15372  	0.78153  	-0.0111  	-0.1153  	-0.0600  	0.42054  	0.24809  	-0.0341  	0.03816  	-0.0576  	-0.0471  	0.10181  	0.09815  	-0.0097  	0.03279  	-0.0924  	-0.0564  	-0.0229  	-0.1724  	-0.1515  	0.23591  	-0.0566  	0.10438  	-0.4137  	-0.0561  	0.02400  	0.00541  	0.62820  	0.50885  	265.059  	212.284  	
0.00218  	-0.1889  	0.80731  	-0.0265  	1.22613  	-0.6060  	-1.9854  	-0.2839  	0.82845  	-1.5080  	-1.4387  	3.22566  	-0.2685  	-0.1930  	-1.3431  	0.92986  	0.54057  	0.00663  	1.02611  	-0.4545  	-0.7878  	0.93403  	1.16491  	0.82901  	-0.0824  	0.53293  	0.68351  	-2.3515  	-0.5530  	-0.6684  	-0.4584  	-0.0239  	0.06010  	-0.1626  	0.49171  	-0.1202  	0.95856  	0.51747  	-1.0143  	-0.4111  	0.94789  	0.17301  	0.30694  	0.77541  	-0.0558  	-0.1414  	-0.0895  	0.47536  	0.27247  	-0.0032  	-0.0069  	-0.0596  	-0.0379  	0.07329  	0.08768  	-0.0080  	0.02820  	-0.0788  	-0.0915  	-0.0623  	-0.1632  	-0.1582  	0.26108  	-0.0320  	0.10438  	-0.4137  	-0.0561  	0.02400  	0.00541  	0.62820  	0.50885  	265.059  	212.284  	
-0.2665  	-0.3314  	0.57280  	0.37902  	1.55828  	-0.9229  	-1.9825  	-0.5905  	0.75071  	-1.3283  	-1.4168  	3.29641  	-0.2858  	-0.4476  	-1.5419  	0.79851  	0.48204  	-0.0297  	1.05642  	-0.4357  	-0.9063  	0.94854  	1.09224  	0.85589  	-0.1789  	0.45923  	0.54786  	-2.1765  	-0.6460  	-0.6883  	-0.4262  	-0.0686  	0.10329  	-0.1397  	0.58518  	-0.0979  	0.97780  	0.48103  	-1.0247  	-0.3741  	1.01871  	0.20809  	0.23095  	0.79257  	-0.0853  	-0.0858  	-0.0736  	0.52634  	0.21234  	-0.0158  	0.02010  	-0.0562  	-0.0377  	0.08147  	0.08960  	-0.0134  	0.07776  	-0.0822  	-0.0694  	-0.0346  	-0.1471  	-0.1622  	0.24257  	-0.0409  	0.10438  	-0.4137  	-0.0561  	0.02400  	0.00541  	0.62820  	0.50885  	265.059  	212.284  	
-1.5178  	-0.5673  	0.07486  	-1.3191  	0.77252  	-1.7725  	-2.0379  	-1.0374  	0.60745  	-0.9077  	-0.8482  	2.89679  	-0.7490  	-1.5046  	-2.3540  	0.33991  	0.45670  	0.23402  	1.07218  	-0.3235  	-1.0594  	0.72471  	1.17274  	0.84996  	-0.3881  	0.57914  	0.27668  	-2.0625  	-0.5624  	-0.9308  	-0.3658  	-0.0446  	-0.0515  	-0.1351  	0.27170  	0.32070  	0.87146  	0.39717  	-1.0100  	-0.3179  	1.01935  	0.22594  	0.19608  	0.75259  	-0.0502  	-0.1072  	-0.0997  	0.41806  	0.20241  	0.02825  	0.04131  	-0.0455  	-0.0366  	0.10616  	0.10880  	-0.0421  	0.04493  	-0.0605  	-0.0643  	-0.0558  	-0.1760  	-0.1545  	0.21357  	-0.0481  	0.10438  	-0.4137  	-0.0561  	0.02400  	0.00541  	0.62820  	0.50885  	265.059  	212.284  	
-1.7013  	-0.7139  	0.26207  	-1.8385  	0.33759  	-1.5577  	-2.0725  	-1.2205  	0.53676  	-1.0442  	-0.6551  	2.42588  	-0.8731  	-1.8051  	-2.7468  	0.20759  	0.57048  	0.02631  	1.07670  	-0.4734  	-1.0852  	0.78612  	1.43225  	0.77613  	-0.2061  	0.64877  	0.46344  	-2.1528  	-0.4895  	-0.9089  	-0.3429  	-0.0246  	-0.0586  	-0.1662  	0.11218  	0.34138  	0.98295  	0.44331  	-1.0407  	-0.3706  	1.21369  	0.18352  	0.18221  	0.82636  	-0.0005  	-0.1159  	-0.0609  	0.36090  	0.15753  	0.02722  	0.01766  	-0.0386  	-0.0267  	0.08392  	0.09231  	-0.0541  	0.04638  	-0.0602  	-0.0836  	-0.0367  	-0.1512  	-0.1741  	0.25751  	-0.0240  	0.10438  	-0.4137  	-0.0561  	0.02400  	0.00541  	0.62820  	0.50885  	265.059  	212.284  	
-1.5451  	-0.6817  	0.27321  	-1.4719  	0.30401  	-1.4242  	-2.0269  	-1.1732  	0.56501  	-1.1717  	-0.8269  	2.52551  	-0.8324  	-1.7442  	-2.6236  	0.38190  	0.62867  	0.08394  	1.02367  	-0.5030  	-1.2181  	0.84941  	1.52010  	0.69103  	-0.3513  	0.65790  	0.35662  	-2.1672  	-0.3913  	-0.8547  	-0.3373  	0.01361  	-0.0839  	-0.1780  	-0.0172  	0.29840  	0.89603  	0.47286  	-1.0495  	-0.3718  	1.29853  	0.18364  	0.25757  	0.88676  	-0.0325  	-0.1150  	-0.0475  	0.41129  	0.20904  	-0.0018  	0.00485  	-0.0338  	-0.0326  	0.09129  	0.11390  	-0.0665  	0.03026  	-0.0640  	-0.0900  	-0.0445  	-0.1480  	-0.1492  	0.24721  	-0.0211  	0.10438  	-0.4137  	-0.0561  	0.02400  	0.00541  	0.62820  	0.50885  	265.059  	212.284  	
-1.0712  	-0.5603  	0.34710  	-1.1851  	0.61205  	-1.3675  	-2.0738  	-0.9487  	0.64918  	-1.1179  	-0.9058  	2.79705  	-0.6351  	-1.3088  	-2.7013  	0.56344  	0.47497  	0.15222  	1.04873  	-0.3502  	-1.3590  	0.81615  	1.17635  	0.53772  	-0.3934  	0.59249  	0.16035  	-1.7609  	-0.3099  	-0.8515  	-0.3934  	-0.0437  	0.06995  	-0.1464  	0.19018  	0.32679  	0.81807  	0.42128  	-1.0036  	-0.3732  	1.28083  	0.18397  	0.32217  	0.84530  	-0.0808  	-0.1360  	-0.0755  	0.44708  	0.21752  	-0.0209  	0.03568  	-0.0402  	-0.0265  	0.08478  	0.10253  	-0.0389  	0.05046  	-0.0751  	-0.0790  	-0.0482  	-0.1476  	-0.1481  	0.26168  	-0.0087  	0.10438  	-0.4137  	-0.0561  	0.02400  	0.00541  	0.62820  	0.50885  	265.059  	212.284  	
-1.0414  	-0.6353  	0.33710  	-0.7606  	0.91383  	-1.2761  	-2.1540  	-0.8097  	0.63484  	-1.2329  	-0.6448  	2.90733  	-0.6989  	-1.2000  	-2.2790  	0.77238  	0.43089  	-0.0184  	1.14250  	-0.2407  	-1.0438  	0.73295  	0.84935  	1.08134  	-0.2604  	0.56237  	0.54784  	-2.0849  	-0.6778  	-0.8738  	-0.4576  	0.06741  	0.08314  	-0.1651  	0.57945  	0.34155  	1.08493  	0.44193  	-1.2166  	-0.4077  	0.95253  	0.23420  	0.17930  	0.81064  	-0.0664  	-0.1229  	-0.0479  	0.45127  	0.24282  	-0.0048  	0.05275  	-0.0585  	-0.0354  	0.08222  	0.09975  	-0.0236  	0.05768  	-0.0850  	-0.0714  	-0.0139  	-0.1625  	-0.1936  	0.24759  	-0.0182  	0.10438  	-0.4137  	-0.0561  	0.02400  	0.00541  	0.62820  	0.50885  	265.059  	212.284  	
-0.0659  	-0.2009  	0.61500  	0.21630  	1.52427  	-0.9621  	-1.9870  	-0.6023  	0.60239  	-1.4370  	-1.4433  	3.31868  	-0.2560  	-0.1553  	-0.7304  	0.65077  	0.50987  	-0.1677  	1.00511  	-0.4149  	-0.7781  	0.79100  	0.96215  	1.14178  	-0.5261  	0.58156  	0.73237  	-2.3223  	-0.7822  	-0.8428  	-0.4464  	0.05204  	0.13942  	-0.1574  	0.72849  	-0.0097  	1.05849  	0.46266  	-1.1677  	-0.2968  	0.88514  	0.28314  	0.17812  	0.79627  	-0.0674  	-0.0819  	-0.0755  	0.47248  	0.25063  	0.03421  	0.01876  	-0.0495  	-0.0540  	0.05882  	0.07436  	-0.0067  	0.02605  	-0.0936  	-0.0697  	-0.0557  	-0.1379  	-0.1355  	0.20344  	-0.0607  	0.10438  	-0.4137  	-0.0561  	0.02400  	0.00541  	0.62820  	0.50885  	265.059  	212.284  	
0.59838  	-0.0419  	1.14856  	0.08041  	1.19735  	-0.5371  	-1.9177  	-0.3576  	0.81690  	-1.5478  	-1.4161  	2.99138  	-0.1385  	-0.0823  	-1.1053  	0.83057  	0.49913  	-0.2151  	0.97767  	-0.5703  	-0.6598  	0.88510  	0.99967  	1.03779  	-0.1795  	0.46705  	0.87648  	-2.6235  	-0.9106  	-0.7517  	-0.4569  	0.08716  	0.15274  	-0.1639  	0.90624  	0.02476  	1.21269  	0.50965  	-1.0905  	-0.4069  	0.87359  	0.27440  	0.20621  	0.78627  	-0.0915  	-0.1080  	-0.1181  	0.53438  	0.28926  	-0.0106  	0.08463  	-0.0320  	-0.0379  	0.06487  	0.11138  	0.02038  	0.00696  	-0.0825  	-0.0947  	-0.0251  	-0.1739  	-0.1410  	0.24207  	-0.0517  	0.10438  	-0.4137  	-0.0561  	0.02400  	0.00541  	0.62820  	0.50885  	265.059  	212.284  	
0.52233  	-0.0191  	1.18272  	0.20541  	1.19740  	-0.5917  	-1.8161  	-0.3465  	0.81572  	-1.3332  	-1.6370  	2.67766  	-0.0255  	0.18009  	-0.8285  	0.61657  	0.47050  	-0.3183  	0.99906  	-0.7862  	-0.7267  	1.12989  	1.08179  	0.78846  	0.01122  	0.43210  	0.98287  	-2.7911  	-0.5698  	-0.5828  	-0.4304  	0.02730  	0.07865  	-0.1300  	0.73728  	0.07392  	1.03124  	0.46914  	-1.0278  	-0.3455  	0.95339  	0.29827  	0.25088  	0.83970  	-0.1056  	-0.1153  	-0.1088  	0.58029  	0.32404  	-0.0456  	0.05163  	-0.0335  	-0.0340  	0.07544  	0.11050  	0.00824  	0.00796  	-0.0684  	-0.0868  	-0.0360  	-0.1588  	-0.1523  	0.24497  	-0.0603  	0.10438  	-0.4137  	-0.0561  	0.02400  	0.00541  	0.62820  	0.50885  	265.059  	212.284  	
-0.0880  	-0.2568  	0.26386  	2.20681  	2.46646  	-0.6364  	-1.8896  	-0.5898  	0.75791  	-1.5052  	-2.1585  	3.20675  	0.03950  	0.70501  	0.00995  	0.19605  	0.50055  	-0.4697  	0.87325  	-0.4960  	-1.1933  	1.13650  	0.73433  	1.13212  	0.38347  	0.38737  	1.00010  	-2.0574  	-0.2918  	-0.3489  	-0.6978  	0.00425  	0.02992  	-0.1585  	0.95604  	0.03713  	0.72305  	0.23787  	-0.9638  	-0.1424  	0.57732  	0.40415  	0.03357  	0.75302  	-0.0248  	-0.1431  	-0.0863  	0.45486  	0.27071  	0.00445  	0.02374  	-0.0566  	-0.0452  	0.06989  	0.07988  	-0.0140  	0.10482  	-0.0811  	-0.0846  	-0.0447  	-0.1800  	-0.1569  	0.23222  	-0.0319  	0.10438  	-0.4137  	-0.0561  	0.02400  	0.00541  	0.62820  	0.50885  	265.059  	212.284  	
-0.1815  	-0.2651  	0.11629  	2.07799  	2.45167  	-0.6946  	-1.8887  	-0.5985  	0.66049  	-1.6580  	-2.5008  	3.38018  	0.15802  	0.66548  	-0.1468  	0.38442  	0.41594  	-0.1518  	0.77946  	-0.2155  	-1.6531  	1.23399  	0.58262  	0.75736  	0.32279  	0.47202  	0.58969  	-1.5584  	0.21048  	-0.2764  	-0.6565  	-0.0900  	0.09909  	0.01710  	0.69627  	0.13130  	0.31403  	0.23918  	-0.7819  	-0.1323  	0.61466  	0.33235  	0.12285  	0.74531  	0.00338  	-0.1379  	-0.0687  	0.46214  	0.28122  	-0.0481  	0.03446  	-0.0546  	-0.0461  	0.05228  	0.09298  	-0.0073  	0.07134  	-0.0818  	-0.0582  	-0.0558  	-0.1788  	-0.1458  	0.25111  	-0.0545  	0.10438  	-0.4137  	-0.0561  	0.02400  	0.00541  	0.62820  	0.50885  	265.059  	212.284  	
-0.4354  	-0.3178  	0.42159  	0.59819  	1.61765  	-0.9080  	-1.9442  	-0.6547  	0.62707  	-1.4959  	-2.1551  	3.06889  	-0.1135  	-0.3818  	-1.1145  	0.64907  	0.48409  	-0.0440  	1.01302  	-0.3861  	-1.2703  	1.01256  	0.83656  	0.91591  	-0.0421  	0.52839  	0.65917  	-1.9582  	-0.1557  	-0.5816  	-0.5976  	-0.0100  	0.04189  	-0.0780  	0.53425  	0.10834  	0.73325  	0.36012  	-1.0202  	-0.2347  	0.80587  	0.32331  	0.14802  	0.85873  	-0.0316  	-0.1338  	-0.0920  	0.48298  	0.27688  	-0.0368  	0.00867  	-0.0818  	-0.0306  	0.06327  	0.11579  	0.00751  	0.07487  	-0.0496  	-0.0459  	-0.0257  	-0.1907  	-0.1146  	0.23168  	-0.0414  	0.10438  	-0.4137  	-0.0561  	0.02400  	0.00541  	0.62820  	0.50885  	265.059  	212.284  	
-0.8102  	-0.6596  	0.58234  	-1.1057  	0.89052  	-1.1276  	-1.9597  	-0.9436  	0.62627  	-1.4463  	-1.4404  	2.53681  	-0.4948  	-1.3236  	-2.2184  	0.75056  	0.51077  	0.07964  	1.13513  	-0.5879  	-1.3896  	0.78749  	1.04234  	0.80626  	-0.2147  	0.49673  	0.77266  	-2.2721  	-0.4204  	-0.7650  	-0.5586  	0.20726  	0.05400  	-0.1983  	0.36378  	0.37337  	0.84688  	0.52533  	-1.0746  	-0.2568  	1.09020  	0.26591  	0.21166  	0.85280  	-0.0817  	-0.1392  	-0.0811  	0.43874  	0.22899  	-0.0338  	-0.0152  	-0.0268  	-0.0156  	0.09709  	0.10564  	-0.0298  	0.05165  	-0.0787  	-0.0526  	-0.0335  	-0.1323  	-0.1771  	0.25026  	-0.0420  	0.10438  	-0.4137  	-0.0561  	0.02400  	0.00541  	0.62820  	0.50885  	265.059  	212.284  	
-0.4739  	-0.6023  	0.77650  	-0.6726  	0.85907  	-1.0883  	-1.9671  	-1.0971  	0.58896  	-1.0794  	-0.9204  	2.64112  	-0.7404  	-1.5593  	-2.4716  	0.99793  	0.51915  	0.06833  	1.11978  	-0.4006  	-1.2537  	0.79741  	1.06444  	1.04105  	-0.0773  	0.47189  	0.62389  	-2.1936  	-0.5708  	-0.8169  	-0.5122  	0.11072  	-0.1290  	-0.2031  	0.43889  	0.48590  	1.00689  	0.44526  	-1.1105  	-0.2674  	1.10880  	0.26991  	0.22446  	0.85217  	-0.0543  	-0.1215  	-0.0640  	0.44852  	0.25054  	-0.0121  	0.06027  	-0.0180  	-0.0176  	0.08254  	0.13182  	-0.0303  	0.04842  	-0.0987  	-0.0775  	-0.0216  	-0.1538  	-0.2026  	0.26208  	-0.0463  	0.10438  	-0.4137  	-0.0561  	0.02400  	0.00541  	0.62820  	0.50885  	265.059  	212.284  	
-0.6335  	-0.6345  	0.70577  	-0.8154  	0.88440  	-1.0794  	-2.0143  	-0.9846  	0.57946  	-1.0221  	-0.8574  	2.79014  	-0.6746  	-1.6482  	-2.7035  	1.10749  	0.41051  	0.09456  	1.11769  	-0.2979  	-1.3409  	0.73823  	0.82483  	0.92458  	-0.0699  	0.46807  	0.57117  	-1.9688  	-0.4547  	-0.8192  	-0.5288  	0.17350  	-0.0632  	-0.1876  	0.49736  	0.54156  	0.89690  	0.43674  	-1.0592  	-0.2390  	1.07908  	0.27965  	0.22309  	0.82414  	-0.0566  	-0.1203  	-0.0891  	0.45655  	0.26327  	0.00637  	0.08909  	-0.0463  	-0.0322  	0.08520  	0.12912  	-0.0133  	0.05792  	-0.0778  	-0.0800  	-0.0278  	-0.1633  	-0.1837  	0.24586  	-0.0297  	0.10438  	-0.4137  	-0.0561  	0.02400  	0.00541  	0.62820  	0.50885  	265.059  	212.284  	
-0.8971  	-0.6011  	0.30849  	-0.3869  	0.96604  	-1.0115  	-2.0599  	-1.0040  	0.49455  	-1.3501  	-1.2116  	2.83191  	-0.7649  	-1.3719  	-2.2335  	0.89707  	0.56954  	-0.0105  	1.09486  	-0.4384  	-1.2567  	0.74419  	0.81135  	1.09092  	0.02527  	0.51009  	1.01510  	-2.1475  	-0.5343  	-0.6582  	-0.5788  	0.18312  	-0.1143  	-0.2371  	0.51663  	0.60275  	0.90815  	0.46187  	-1.1168  	-0.3413  	0.89766  	0.30657  	0.16990  	0.77115  	-0.0848  	-0.0879  	-0.1181  	0.45054  	0.22611  	-0.0059  	0.06344  	-0.0284  	0.00289  	0.07944  	0.10265  	-0.0312  	0.05944  	-0.0619  	-0.0439  	-0.0406  	-0.1678  	-0.1919  	0.24527  	-0.0452  	0.10438  	-0.4137  	-0.0561  	0.02400  	0.00541  	0.62820  	0.50885  	265.059  	212.284  	
-0.3749  	-0.3973  	0.54209  	0.53432  	1.46699  	-0.8563  	-1.9293  	-0.6081  	0.59163  	-1.6011  	-1.8638  	3.03600  	-0.4651  	-0.4950  	-1.1793  	0.67369  	0.52195  	-0.1263  	0.99475  	-0.4255  	-1.1959  	0.89625  	0.93512  	1.02695  	0.07219  	0.47310  	0.84153  	-2.0731  	-0.2848  	-0.5627  	-0.5613  	0.06307  	-0.0632  	-0.1261  	0.60816  	0.28486  	0.80142  	0.45572  	-1.0584  	-0.2609  	0.84610  	0.29508  	0.22064  	0.83950  	-0.0656  	-0.1308  	-0.0826  	0.44873  	0.28951  	-0.0724  	0.07138  	-0.0235  	-0.0137  	0.09064  	0.09600  	-0.0184  	0.04124  	-0.0942  	-0.0515  	-0.0063  	-0.1763  	-0.1607  	0.24143  	-0.0447  	0.10438  	-0.4137  	-0.0561  	0.02400  	0.00541  	0.62820  	0.50885  	265.059  	212.284  	
0.08410  	-0.2510  	0.65197  	0.37455  	1.40326  	-0.5402  	-2.0213  	-0.4198  	0.71597  	-1.5976  	-1.8209  	3.0977  	-0.2120  	-0.1565  	-0.8974  	0.57323  	0.60050  	-0.2716  	0.99675  	-0.5110  	-0.8183  	0.93099  	1.01278  	1.12144  	-0.0056  	0.47104  	1.09741  	-2.4457  	-0.6928  	-0.6533  	-0.5767  	0.08591  	0.03616  	-0.1021  	0.84032  	0.09781  	1.02045  	0.46549  	-1.0733  	-0.2903  	0.73104  	0.30896  	0.17386  	0.86940  	-0.0743  	-0.1026  	-0.0836  	0.48185  	0.29821  	0.00537  	0.05136  	-0.0373  	-0.0349  	0.10237  	0.09111  	-0.0097  	0.02500  	-0.0736  	-0.0671  	-0.0464  	-0.1902  	-0.1488  	0.24735  	-0.0337  	0.10438  	-0.4137  	-0.0561  	0.02400  	0.00541  	0.62820  	0.50885  	265.059  	212.284  	
0.58878  	-0.0042  	1.27685  	-0.0731  	1.02836  	-0.6126  	-1.9037  	-0.2853  	0.90599  	-1.4931  	-1.2829  	2.93827  	-0.2730  	-0.1181  	-1.2418  	0.97119  	0.46674  	-0.2128  	1.02171  	-0.6086  	-0.5590  	0.90356  	1.07753  	1.00428  	-0.1948  	0.43410  	0.87977  	-2.6958  	-0.8307  	-0.7447  	-0.5735  	0.12080  	0.16807  	-0.1715  	0.80960  	-0.1019  	1.23681  	0.53835  	-1.1288  	-0.4477  	0.87686  	0.26548  	0.25360  	0.80047  	-0.0800  	-0.1186  	-0.1050  	0.52536  	0.30290  	-0.0486  	0.05095  	-0.0395  	-0.0240  	0.07233  	0.10015  	0.01162  	0.01020  	-0.0985  	-0.0763  	-0.0330  	-0.1576  	-0.1650  	0.23087  	-0.0585  	0.10438  	-0.4137  	-0.0561  	0.02400  	0.00541  	0.62820  	0.50885  	265.059  	212.284  	
0.38099  	-0.1218  	1.32626  	-0.1516  	0.94573  	-0.6698  	-1.8127  	-0.3050  	0.93188  	-1.3511  	-0.9999  	2.92218  	-0.4466  	-0.2220  	-1.3400  	1.02376  	0.52407  	-0.2095  	1.08615  	-0.5418  	-0.3441  	0.96640  	1.13075  	1.10189  	0.06498  	0.38613  	0.97911  	-2.8958  	-0.9747  	-0.7756  	-0.6396  	0.14314  	0.12532  	-0.1863  	0.75929  	-0.0418  	1.42449  	0.59253  	-1.0725  	-0.3771  	0.85651  	0.22566  	0.26565  	0.83722  	-0.0718  	-0.1410  	-0.1246  	0.52243  	0.30477  	-0.0207  	0.05376  	-0.0455  	-0.0156  	0.09866  	0.09744  	0.01740  	0.01451  	-0.0735  	-0.0871  	-0.0096  	-0.1710  	-0.1604  	0.26674  	-0.0422  	0.10438  	-0.4137  	-0.0561  	0.02400  	0.00541  	0.62820  	0.50885  	265.059  	212.284  	
-0.0821  	-0.4872  	0.68049  	0.84893  	1.57786  	-0.7612  	-1.8664  	-0.7631  	0.72661  	-1.2254  	-1.5682  	3.37777  	-0.3677  	-0.2341  	-0.9230  	0.82282  	0.51293  	-0.1143  	1.06239  	-0.4358  	-0.9754  	0.94813  	1.04437  	0.98980  	0.00393  	0.44008  	0.84170  	-2.4016  	-0.6186  	-0.6380  	-0.5596  	0.11717  	0.00771  	-0.1439  	0.65605  	-0.0761  	1.06455  	0.50771  	-1.0257  	-0.2821  	0.85043  	0.20424  	0.20376  	0.84818  	-0.0562  	-0.1213  	-0.1001  	0.46819  	0.29975  	-0.0391  	0.03392  	-0.0657  	-0.0296  	0.07914  	0.10006  	0.01561  	0.03662  	-0.0713  	-0.0769  	-0.0463  	-0.1710  	-0.1511  	0.24203  	-0.0555  	0.10438  	-0.4137  	-0.0561  	0.02400  	0.00541  	0.62820  	0.50885  	265.059  	212.284  	
-0.5665  	-0.3864  	0.31474  	0.19480  	1.44462  	-0.9238  	-1.9244  	-0.7397  	0.66671  	-1.4379  	-1.4946  	3.19226  	-0.3536  	-0.6217  	-1.3048  	0.41015  	0.51610  	0.12655  	0.96310  	-0.4340  	-1.1239  	0.86380  	1.03990  	0.95288  	-0.1732  	0.49088  	0.56692  	-1.9460  	-0.3234  	-0.7047  	-0.5063  	0.01100  	0.05642  	-0.1533  	0.47914  	0.12746  	0.76831  	0.36814  	-0.9340  	-0.2818  	0.88043  	0.23350  	0.19522  	0.77409  	-0.0209  	-0.1039  	-0.0671  	0.43648  	0.25301  	-0.0282  	0.02922  	-0.0532  	-0.0326  	0.05723  	0.11086  	-0.0451  	0.03929  	-0.0667  	-0.0651  	-0.0375  	-0.1668  	-0.1714  	0.22909  	-0.0405  	0.10438  	-0.4137  	-0.0561  	0.02400  	0.00541  	0.62820  	0.50885  	265.059  	212.284  	
-0.8212  	-0.4916  	0.24385  	-0.3439  	1.08057  	-0.9849  	-1.9865  	-0.8127  	0.59285  	-1.3872  	-1.4421  	2.88507  	-0.4581  	-0.9837  	-1.6286  	0.30203  	0.58510  	0.18472  	0.89209  	-0.3030  	-1.2181  	0.88173  	1.13676  	0.79479  	-0.2308  	0.56146  	0.31431  	-1.8168  	-0.1565  	-0.7950  	-0.4639  	-0.0402  	0.05644  	-0.0897  	0.27612  	0.15746  	0.66083  	0.39215  	-0.9675  	-0.2840  	1.06432  	0.17064  	0.24487  	0.81477  	-0.0505  	-0.1260  	-0.0443  	0.41545  	0.23027  	-0.0246  	0.05327  	-0.0391  	-0.0359  	0.05561  	0.11759  	-0.0446  	0.03947  	-0.0653  	-0.0706  	-0.0424  	-0.1691  	-0.1705  	0.25676  	-0.0220  	0.10438  	-0.4137  	-0.0561  	0.02400  	0.00541  	0.62820  	0.50885  	265.059  	212.284  	
-0.8609  	-0.4787  	0.49241  	-0.4285  	0.83376  	-1.0173  	-2.0449  	-0.7090  	0.69842  	-1.4318  	-1.3260  	2.78593  	-0.4889  	-1.0867  	-1.6114  	0.39833  	0.56114  	0.03873  	0.89802  	-0.3681  	-1.0841  	0.86052  	1.37928  	0.73084  	-0.4340  	0.61523  	0.26029  	-2.0459  	-0.3341  	-0.8953  	-0.4169  	-0.0339  	0.06519  	-0.0831  	0.24241  	0.07524  	0.82092  	0.45290  	-1.0429  	-0.3005  	1.20458  	0.15295  	0.28547  	0.86004  	-0.0601  	-0.1401  	-0.0356  	0.44311  	0.21971  	-0.0011  	0.00195  	-0.0377  	-0.0318  	0.07516  	0.10899  	-0.0447  	0.01972  	-0.0659  	-0.0860  	-0.0469  	-0.1508  	-0.1549  	0.24180  	-0.0238  	0.10438  	-0.4137  	-0.0561  	0.02400  	0.00541  	0.62820  	0.50885  	265.059  	212.284  	
-0.7678  	-0.3767  	0.50410  	-0.6314  	0.78448  	-1.1228  	-1.9997  	-0.7378  	0.71038  	-1.3193  	-1.1710  	2.84246  	-0.5006  	-0.9381  	-1.7168  	0.44127  	0.49447  	0.01054  	0.93700  	-0.3922  	-1.0585  	0.88498  	1.29813  	0.69945  	-0.4755  	0.60446  	0.27112  	-2.1449  	-0.4183  	-0.8735  	-0.3188  	-0.0296  	0.12539  	-0.1041  	0.33602  	0.05550  	0.88553  	0.46848  	-1.0661  	-0.3432  	1.23486  	0.17620  	0.26194  	0.83595  	-0.0646  	-0.1216  	-0.0434  	0.43031  	0.20811  	0.00676  	0.00595  	-0.0394  	-0.0227  	0.07734  	0.09842  	-0.0430  	0.02206  	-0.0716  	-0.0897  	-0.0386  	-0.1530  	-0.1320  	0.24057  	-0.0198  	0.10438  	-0.4137  	-0.0561  	0.02400  	0.00541  	0.62820  	0.50885  	265.059  	212.284  	
-1.1446  	-0.4907  	0.28713  	-1.0348  	0.64256  	-1.6371  	-2.1408  	-0.6462  	0.82957  	-1.0469  	-0.7048  	2.96098  	-0.2548  	-0.7282  	-2.3773  	0.70590  	0.46217  	0.12577  	1.01334  	-0.2465  	-1.1698  	0.61066  	0.98124  	0.68976  	-0.7529  	0.66115  	0.03779  	-1.9773  	-0.6518  	-1.0054  	-0.2081  	-0.0798  	0.27438  	-0.1726  	0.41554  	0.04672  	0.82483  	0.40984  	-1.0156  	-0.3806  	1.29721  	0.17401  	0.27715  	0.78248  	-0.0793  	-0.1280  	-0.0531  	0.43251  	0.25450  	0.02517  	0.00328  	-0.0272  	-0.0478  	0.04849  	0.11038  	-0.0261  	0.00688  	-0.0798  	-0.0785  	-0.0494  	-0.1437  	-0.0964  	0.26185  	-0.0079  	0.10438  	-0.4137  	-0.0561  	0.02400  	0.00541  	0.62820  	0.50885  	265.059  	212.284  	
-2.0699  	-0.9001  	-0.2652  	-1.7274  	0.61293  	-2.2698  	-1.9693  	-1.1177  	0.57271  	-0.8663  	-0.3334  	2.81076  	-0.5980  	-1.3420  	-3.1662  	0.20725  	0.44997  	0.22564  	0.95801  	-0.2160  	-1.4275  	0.64498  	0.99908  	0.63794  	-0.4943  	0.67049  	-0.1629  	-1.8752  	-0.3548  	-0.9617  	-0.2593  	-0.1368  	0.06133  	-0.1616  	0.11174  	0.35460  	0.54566  	0.34432  	-0.9176  	-0.4125  	1.19452  	0.20787  	0.25356  	0.76859  	-0.0620  	-0.1417  	-0.0627  	0.46703  	0.23489  	-0.0079  	0.02829  	-0.0440  	-0.0403  	0.05853  	0.09930  	-0.0355  	0.02727  	-0.0706  	-0.0990  	-0.0482  	-0.1284  	-0.1507  	0.25256  	-0.0267  	0.10438  	-0.4137  	-0.0561  	0.02400  	0.00541  	0.62820  	0.50885  	265.059  	212.284  	
-2.1164  	-0.8364  	-0.0860  	-2.1369  	0.23376  	-2.5202  	-2.0115  	-1.1138  	0.59334  	-0.6094  	-0.2638  	2.61959  	-0.6947  	-1.3534  	-2.9084  	0.01867  	0.56734  	0.05861  	0.99964  	-0.3850  	-1.3020  	0.83011  	1.21791  	0.75546  	-0.3774  	0.69460  	0.18287  	-2.2778  	-0.4376  	-0.9400  	-0.1987  	-0.1772  	0.11101  	-0.1487  	0.08837  	0.24789  	0.76633  	0.38015  	-0.9731  	-0.4048  	1.25894  	0.24067  	0.24501  	0.75562  	-0.0288  	-0.1427  	-0.0380  	0.48586  	0.20182  	0.01155  	0.00793  	-0.0359  	-0.0502  	0.09697  	0.09539  	-0.0723  	0.04077  	-0.0805  	-0.0937  	-0.0168  	-0.1576  	-0.1505  	0.26950  	-0.0336  	0.10438  	-0.4137  	-0.0561  	0.02400  	0.00541  	0.62820  	0.50885  	265.059  	212.284  	
-1.4049  	-0.6329  	0.38150  	-1.8073  	0.23434  	-1.7106  	-2.0519  	-0.8109  	0.59955  	-0.9290  	-0.6501  	2.64327  	-0.6353  	-0.9703  	-2.6397  	0.16712  	0.63125  	-0.0135  	1.06489  	-0.5464  	-1.0514  	0.93910  	1.43903  	0.87928  	-0.3088  	0.61153  	0.57283  	-2.3637  	-0.5732  	-0.8323  	-0.3398  	-0.0639  	0.00016  	-0.2000  	0.16436  	0.13772  	0.97552  	0.44309  	-1.0430  	-0.4095  	1.27154  	0.15007  	0.25194  	0.82495  	-0.0278  	-0.1412  	-0.0538  	0.46669  	0.20298  	-0.0099  	-0.0132  	-0.0503  	-0.0255  	0.06461  	0.06650  	-0.0603  	0.01724  	-0.0890  	-0.0928  	-0.0281  	-0.1378  	-0.1555  	0.24849  	-0.0304  	0.10438  	-0.4137  	-0.0561  	0.02400  	0.00541  	0.62820  	0.50885  	265.059  	212.284  	
-0.9134  	-0.4128  	0.62071  	-1.2036  	0.61277  	-1.2525  	-2.1426  	-0.8116  	0.61345  	-1.0639  	-0.8301  	2.85992  	-0.6855  	-1.1846  	-2.6899  	0.62757  	0.56336  	0.06193  	1.08697  	-0.4792  	-1.1142  	0.77155  	1.23694  	0.58987  	-0.5104  	0.58063  	0.23642  	-2.1598  	-0.4344  	-0.8919  	-0.4163  	0.02549  	0.11112  	-0.1883  	0.21286  	0.19949  	0.93740  	0.46270  	-1.0061  	-0.3310  	1.33983  	0.14046  	0.35436  	0.89280  	-0.0994  	-0.1397  	-0.0777  	0.45580  	0.23881  	-0.0427  	0.00844  	-0.0453  	-0.0402  	0.09965  	0.11731  	-0.0274  	0.01800  	-0.0982  	-0.0943  	-0.0488  	-0.1470  	-0.1583  	0.24540  	-0.0229  	0.10438  	-0.4137  	-0.0561  	0.02400  	0.00541  	0.62820  	0.50885  	265.059  	212.284  	
-1.3234  	-0.5422  	0.41040  	-1.5590  	0.38414  	-1.6886  	-2.0986  	-1.1315  	0.47151  	-0.8025  	-0.6728  	2.78886  	-0.7138  	-1.3817  	-3.1349  	0.50330  	0.43627  	0.04233  	1.03318  	-0.2754  	-1.4476  	0.75200  	1.08033  	0.67831  	-0.2954  	0.60324  	0.26232  	-1.9771  	-0.3282  	-0.8986  	-0.3738  	-0.0127  	0.01725  	-0.1784  	0.21182  	0.46136  	0.81617  	0.37598  	-0.9918  	-0.3046  	1.29768  	0.22284  	0.31307  	0.90236  	-0.0347  	-0.1450  	-0.0492  	0.46325  	0.25395  	-0.0621  	0.04924  	-0.0458  	-0.0228  	0.09608  	0.11172  	-0.0499  	0.04206  	-0.0731  	-0.0875  	-0.0584  	-0.1630  	-0.1658  	0.28759  	-0.0189  	0.10438  	-0.4137  	-0.0561  	0.02400  	0.00541  	0.62820  	0.50885  	265.059  	212.284  	
-2.4563  	-0.8433  	-0.1003  	-2.1902  	0.13165  	-2.3855  	-1.9809  	-1.2842  	0.36739  	-0.6140  	-0.0430  	2.59488  	-0.7053  	-1.3624  	-3.2162  	0.08376  	0.48583  	-0.0629  	1.09322  	-0.4822  	-1.2359  	0.82170  	1.20212  	0.95323  	-0.2275  	0.65864  	0.38195  	-2.4899  	-0.5599  	-0.8634  	-0.2188  	-0.1311  	0.04626  	-0.1679  	0.25910  	0.35217  	0.81528  	0.42630  	-1.1141  	-0.5034  	1.20497  	0.31154  	0.22603  	0.74874  	-0.0301  	-0.1442  	-0.0643  	0.40723  	0.20737  	0.01687  	0.03619  	-0.0334  	-0.0355  	0.09444  	0.09230  	-0.0356  	0.01839  	-0.0779  	-0.0694  	-0.0104  	-0.1400  	-0.1070  	0.25096  	-0.0576  	0.10438  	-0.4137  	-0.0561  	0.02400  	0.00541  	0.62820  	0.50885  	265.059  	212.284  	
-2.4575  	-1.0066  	-0.2019  	-2.0328  	0.27975  	-2.3631  	-2.0902  	-1.1313  	0.44477  	-1.0102  	-0.0475  	2.72709  	-0.7481  	-1.1938  	-2.4947  	-0.1286  	0.68389  	-0.1477  	0.98730  	-0.4806  	-0.9341  	0.82938  	1.50738  	1.03177  	-0.5396  	0.65968  	0.37199  	-2.3684  	-0.7598  	-0.9288  	-0.2965  	-0.0713  	0.02241  	-0.1960  	0.24348  	0.07384  	0.95369  	0.39784  	-1.0871  	-0.4990  	1.08125  	0.26708  	0.12705  	0.75849  	-0.0589  	-0.1071  	-0.0477  	0.39916  	0.24030  	0.01980  	-0.0068  	-0.0493  	-0.0425  	0.07573  	0.09320  	-0.0482  	-0.0126  	-0.0766  	-0.0847  	-0.0516  	-0.1272  	-0.0913  	0.22003  	-0.0586  	0.10438  	-0.4137  	-0.0561  	0.02400  	0.00541  	0.62820  	0.50885  	265.059  	212.284  	
-1.4308  	-0.5033  	0.06508  	-0.6409  	0.95897  	-1.5909  	-2.1017  	-0.4913  	0.64828  	-1.3943  	-0.5355  	3.35557  	-0.5005  	-0.6308  	-1.9925  	0.15222  	0.44516  	-0.0260  	0.99621  	-0.1963  	-0.9045  	0.69721  	1.08610  	0.95452  	-0.5211  	0.62005  	0.36185  	-1.9664  	-0.4907  	-0.7754  	-0.3380  	-0.0840  	0.03190  	-0.1407  	0.52095  	0.11138  	0.77473  	0.34145  	-0.9636  	-0.3619  	0.89732  	0.26358  	0.09995  	0.71025  	-0.0185  	-0.1194  	-0.0732  	0.41166  	0.21377  	0.00471  	0.05822  	-0.0470  	-0.0741  	0.07128  	0.07388  	-0.0041  	0.04423  	-0.0767  	-0.0646  	-0.0199  	-0.1500  	-0.1294  	0.21658  	-0.0428  	0.10438  	-0.4137  	-0.0561  	0.02400  	0.00541  	0.62820  	0.50885  	265.059  	212.284  	
-0.5970  	-0.1746  	0.55550  	-0.2816  	1.19877  	-1.0548  	-1.9440  	-0.4695  	0.76700  	-1.4266  	-1.4570  	3.28987  	-0.1914  	0.00278  	-1.0106  	0.39326  	0.44886  	-0.1358  	0.91420  	-0.5445  	-0.8948  	0.84320  	1.15107  	0.98555  	-0.6093  	0.58207  	0.52278  	-2.3034  	-0.6184  	-0.7801  	-0.2867  	-0.0287  	0.15262  	-0.1871  	0.52019  	-0.0469  	0.73615  	0.33344  	-0.9645  	-0.3183  	1.03766  	0.19168  	0.20260  	0.80307  	-0.0576  	-0.0893  	-0.0480  	0.51976  	0.25903  	-0.0033  	0.00195  	-0.0582  	-0.0586  	0.05447  	0.07741  	-0.0344  	0.03545  	-0.0754  	-0.0890  	-0.0324  	-0.1232  	-0.1663  	0.25680  	-0.0205  	0.10438  	-0.4137  	-0.0561  	0.02400  	0.00541  	0.62820  	0.50885  	265.059  	212.284  	
0.31280  	-0.0178  	1.06604  	-0.0356  	1.05406  	-0.4861  	-1.9403  	-0.3833  	0.86129  	-1.4834  	-1.9676  	2.77392  	-0.0510  	0.14494  	-0.5546  	0.33909  	0.56512  	-0.1449  	0.94690  	-0.7893  	-0.7730  	1.10252  	1.33393  	0.97976  	-0.3515  	0.49703  	0.80269  	-2.6475  	-0.6991  	-0.7249  	-0.4122  	0.06449  	0.16593  	-0.1761  	0.66787  	-0.1607  	1.02873  	0.43576  	-1.1425  	-0.3163  	0.92927  	0.19045  	0.29013  	0.83963  	-0.0684  	-0.1359  	-0.0665  	0.49903  	0.32051  	-0.0040  	0.00111  	-0.0602  	-0.0444  	0.06106  	0.08959  	0.01650  	0.02439  	-0.1015  	-0.0920  	-0.0284  	-0.1401  	-0.1239  	0.23605  	-0.0438  	0.10438  	-0.4137  	-0.0561  	0.02400  	0.00541  	0.62820  	0.50885  	265.059  	212.284  	
0.42735  	-0.0538  	1.11585  	0.34672  	1.20669  	-0.3889  	-1.7602  	-0.4070  	0.78976  	-1.5487  	-2.1424  	2.41273  	-0.0119  	0.09989  	-0.7430  	0.25968  	0.58046  	-0.2479  	0.95488  	-0.8409  	-0.8060  	1.18992  	1.19000  	0.95392  	0.13942  	0.43817  	1.00943  	-2.7840  	-0.4328  	-0.5738  	-0.4814  	-0.0040  	0.04272  	-0.1692  	0.66952  	-0.0353  	1.00608  	0.42265  	-1.0538  	-0.2893  	0.88190  	0.27420  	0.26801  	0.83680  	-0.1086  	-0.1160  	-0.0989  	0.54987  	0.30424  	-0.0088  	0.03178  	-0.0497  	-0.0512  	0.05964  	0.10418  	0.01791  	0.01486  	-0.0864  	-0.1019  	-0.0419  	-0.1659  	-0.1323  	0.21472  	-0.0593  	0.10438  	-0.4137  	-0.0561  	0.02400  	0.00541  	0.62820  	0.50885  	265.059  	212.284  	
-0.1447  	-0.2054  	0.79050  	-0.0337  	1.15998  	-1.0064  	-1.8632  	-0.5151  	0.68922  	-1.1943  	-1.4022  	2.39876  	-0.2803  	-0.0954  	-1.1025  	0.36229  	0.52798  	-0.3258  	1.06238  	-0.6656  	-0.6099  	1.09679  	1.13427  	1.23837  	0.21458  	0.38101  	1.15785  	-2.8882  	-0.8011  	-0.6469  	-0.5386  	0.11912  	-0.0058  	-0.1900  	0.90393  	0.00248  	1.21471  	0.43376  	-1.2040  	-0.2264  	0.78440  	0.30278  	0.16298  	0.83074  	-0.0757  	-0.1011  	-0.0732  	0.46235  	0.24514  	-0.0254  	0.05283  	-0.0244  	-0.0433  	0.05689  	0.08272  	0.00784  	-0.0043  	-0.0930  	-0.0749  	-0.0155  	-0.1409  	-0.1531  	0.20486  	-0.0554  	0.10438  	-0.4137  	-0.0561  	0.02400  	0.00541  	0.62820  	0.50885  	265.059  	212.284  	
-0.6920  	-0.5412  	0.18619  	0.24839  	1.55388  	-1.2607  	-1.9133  	-0.7173  	0.64221  	-1.2992  	-1.2966  	3.10534  	-0.3639  	-0.4878  	-1.4486  	0.61185  	0.51524  	-0.0216  	0.98187  	-0.3849  	-1.0472  	0.85153  	0.86477  	1.23484  	-0.1310  	0.47084  	0.61617  	-2.0981  	-0.5296  	-0.6832  	-0.5112  	0.00843  	-0.0244  	-0.1373  	0.78692  	0.15361  	0.91952  	0.36704  	-1.0687  	-0.3139  	0.78561  	0.34817  	0.01172  	0.80139  	-0.0347  	-0.1223  	-0.0838  	0.43935  	0.25254  	-0.0148  	0.03559  	-0.0517  	-0.0531  	0.08135  	0.08640  	-0.0131  	0.05862  	-0.0552  	-0.0405  	-0.0430  	-0.1836  	-0.1563  	0.20249  	-0.0543  	0.10438  	-0.4137  	-0.0561  	0.02400  	0.00541  	0.62820  	0.50885  	265.059  	212.284  	
-0.2191  	-0.1550  	0.39566  	0.62479  	1.63502  	-0.5228  	-2.0180  	-0.5131  	0.63007  	-1.6369  	-2.1447  	3.03622  	-0.1830  	-0.0644  	-0.6418  	0.43177  	0.46651  	-0.2452  	0.95936  	-0.4283  	-1.1500  	1.04326  	0.89289  	0.91576  	0.12104  	0.45425  	0.83595  	-2.0637  	-0.2457  	-0.4528  	-0.5735  	-0.0178  	-0.0304  	-0.1299  	0.64854  	0.08414  	0.72970  	0.37249  	-0.9782  	-0.2900  	0.81562  	0.24122  	0.23095  	0.80902  	-0.0248  	-0.1294  	-0.0993  	0.48680  	0.27886  	-0.0506  	0.03989  	-0.0441  	-0.0277  	0.04347  	0.07904  	-0.0104  	0.02756  	-0.0699  	-0.0714  	-0.0291  	-0.1684  	-0.1712  	0.23697  	-0.0476  	0.10438  	-0.4137  	-0.0561  	0.02400  	0.00541  	0.62820  	0.50885  	265.059  	212.284  	
0.00257  	-0.1538  	0.65505  	0.57552  	1.39545  	-0.3872  	-2.0470  	-0.5425  	0.76535  	-1.5441  	-1.9968  	2.90300  	-0.2676  	-0.3060  	-0.6523  	0.46407  	0.58919  	-0.1127  	0.96642  	-0.4742  	-1.0111  	1.04020  	1.08441  	0.90931  	-0.0165  	0.43304  	0.66290  	-2.3331  	-0.3708  	-0.6454  	-0.4893  	0.03125  	0.04571  	-0.1274  	0.50057  	-0.0325  	0.89207  	0.45150  	-0.9478  	-0.2964  	0.98821  	0.17130  	0.26601  	0.86437  	-0.0626  	-0.1161  	-0.0805  	0.50891  	0.27499  	-0.0010  	0.02854  	-0.0303  	-0.0277  	0.08862  	0.09856  	-0.0076  	0.01533  	-0.0971  	-0.0691  	-0.0261  	-0.1738  	-0.1335  	0.21428  	-0.0541  	0.10438  	-0.4137  	-0.0561  	0.02400  	0.00541  	0.62820  	0.50885  	265.059  	212.284  	
0.14791  	-0.2454  	0.71593  	0.13905  	1.29301  	-0.4772  	-1.8927  	-0.5290  	0.76535  	-1.4490  	-1.2898  	2.97929  	-0.3273  	-0.5096  	-1.5238  	0.80128  	0.45481  	-0.0482  	1.05609  	-0.5187  	-0.8813  	1.02604  	1.04211  	0.94338  	-0.2015  	0.39412  	0.56961  	-2.2047  	-0.5103  	-0.8200  	-0.5103  	-0.0217  	0.06506  	-0.1691  	0.58815  	0.04401  	1.05740  	0.47278  	-1.0471  	-0.3204  	1.13391  	0.20714  	0.26408  	0.81807  	-0.0614  	-0.1178  	-0.0773  	0.48746  	0.26872  	0.00429  	-0.0001  	-0.0387  	-0.0377  	0.08525  	0.09788  	-0.0157  	0.04994  	-0.0762  	-0.0784  	-0.0451  	-0.1607  	-0.1544  	0.24723  	-0.0552  	0.10438  	-0.4137  	-0.0561  	0.02400  	0.00541  	0.62820  	0.50885  	265.059  	212.284  	
-0.7393  	-0.4866  	0.51719  	-1.0170  	0.75650  	-1.0355  	-1.8891  	-0.8907  	0.62423  	-1.1169  	-0.9069  	2.77145  	-0.6390  	-1.0466  	-2.6250  	0.68193  	0.38522  	0.18476  	1.01848  	-0.2145  	-1.2900  	0.78575  	0.94307  	0.75640  	-0.0441  	0.51175  	0.37089  	-2.0979  	-0.3436  	-0.8531  	-0.4686  	-0.0118  	0.01248  	-0.1439  	0.38431  	0.35051  	0.85410  	0.47795  	-0.9823  	-0.2546  	1.20273  	0.24779  	0.28664  	0.83656  	-0.0760  	-0.1173  	-0.0859  	0.46130  	0.22087  	-0.0254  	0.08394  	-0.0233  	-0.0083  	0.08525  	0.10274  	-0.0168  	0.05670  	-0.0741  	-0.0943  	-0.0318  	-0.1464  	-0.1777  	0.26280  	-0.0194  	0.10438  	-0.4137  	-0.0561  	0.02400  	0.00541  	0.62820  	0.50885  	265.059  	212.284  	
-1.2961  	-0.6337  	0.34454  	-1.5097  	0.36601  	-1.3873  	-2.0214  	-1.0606  	0.61507  	-1.0482  	-0.7431  	2.46152  	-0.6929  	-1.3568  	-2.7064  	0.49481  	0.56922  	0.00982  	1.15683  	-0.5049  	-1.1537  	0.70292  	1.13132  	0.78477  	0.04226  	0.48091  	0.65776  	-2.3767  	-0.5488  	-0.8674  	-0.3908  	0.07688  	0.00478  	-0.1864  	0.34786  	0.41305  	1.03226  	0.49267  	-1.1022  	-0.3934  	1.19764  	0.17537  	0.24211  	0.82433  	-0.0605  	-0.0979  	-0.0637  	0.43001  	0.20206  	0.00894  	0.04132  	-0.0354  	-0.0182  	0.09108  	0.10293  	-0.0460  	0.02926  	-0.0637  	-0.0538  	-0.0336  	-0.1578  	-0.1486  	0.24016  	-0.0358  	0.10438  	-0.4137  	-0.0561  	0.02400  	0.00541  	0.62820  	0.50885  	265.059  	212.284  	
-1.7304  	-0.6898  	0.15306  	-1.8302  	0.25061  	-1.7872  	-2.0254  	-1.0705  	0.49117  	-1.0168  	-0.7357  	2.48557  	-0.7527  	-1.3800  	-2.6214  	0.26647  	0.58596  	0.04334  	1.07803  	-0.4787  	-1.1856  	0.80098  	1.34502  	0.82014  	-0.1649  	0.57587  	0.50921  	-2.2622  	-0.5188  	-0.8330  	-0.3631  	-0.0418  	-0.0326  	-0.1596  	0.25729  	0.34173  	0.90221  	0.42575  	-1.1182  	-0.4075  	1.14841  	0.26559  	0.16531  	0.81542  	-0.0484  	-0.1186  	-0.0647  	0.41628  	0.20776  	-0.0141  	0.04044  	-0.0231  	-0.0343  	0.08579  	0.08801  	-0.0523  	0.04570  	-0.0563  	-0.0757  	-0.0559  	-0.1517  	-0.1640  	0.25198  	-0.0357  	0.10438  	-0.4137  	-0.0561  	0.02400  	0.00541  	0.62820  	0.50885  	265.059  	212.284  	
-2.2385  	-0.7515  	-0.1066  	-1.5473  	0.51396  	-2.0834  	-1.8704  	-1.0779  	0.50818  	-0.8954  	-0.6475  	2.63175  	-0.5762  	-1.3043  	-2.6207  	0.10212  	0.47361  	0.10937  	0.91860  	-0.3177  	-1.4182  	0.88247  	1.23275  	0.80153  	-0.2416  	0.65662  	0.27514  	-2.0553  	-0.3291  	-0.8579  	-0.3579  	-0.1222  	0.02259  	-0.1413  	0.11415  	0.30384  	0.60985  	0.36071  	-0.9114  	-0.2835  	1.12993  	0.25466  	0.15340  	0.77972  	-0.0316  	-0.1255  	-0.0555  	0.45630  	0.22624  	0.01062  	0.02561  	-0.0369  	-0.0431  	0.08573  	0.08348  	-0.0690  	0.04408  	-0.0779  	-0.0735  	-0.0476  	-0.1428  	-0.1427  	0.24918  	-0.0328  	0.10438  	-0.4137  	-0.0561  	0.02400  	0.00541  	0.62820  	0.50885  	265.059  	212.284  	
-2.1617  	-0.8930  	-0.4643  	-1.4013  	0.84055  	-2.0387  	-1.9210  	-1.0285  	0.56380  	-1.0635  	-0.3402  	2.82381  	-0.5698  	-1.1076  	-2.3989  	0.14735  	0.56292  	0.02919  	0.86694  	-0.1125  	-1.1343  	0.66569  	1.11281  	0.93924  	-0.4506  	0.66893  	0.27144  	-1.9758  	-0.5019  	-0.8368  	-0.2987  	-0.1488  	0.08534  	-0.1064  	0.48708  	0.12511  	0.69565  	0.34429  	-0.9707  	-0.3188  	0.96003  	0.29942  	0.06361  	0.71063  	-0.0284  	-0.1529  	-0.0573  	0.40470  	0.21806  	0.02022  	0.05435  	-0.0399  	-0.0440  	0.07982  	0.10597  	-0.0245  	0.02476  	-0.0881  	-0.0928  	-0.0306  	-0.1392  	-0.1125  	0.24192  	-0.0281  	0.10438  	-0.4137  	-0.0561  	0.02400  	0.00541  	0.62820  	0.50885  	265.059  	212.284  	
-2.1213  	-0.7454  	-0.3385  	-1.1766  	0.91201  	-2.1227  	-1.9867  	-0.7982  	0.63996  	-1.0503  	-0.3561  	3.18862  	-0.4777  	-0.7983  	-2.1315  	0.00033  	0.49448  	0.00604  	1.02081  	-0.1769  	-0.9390  	0.72505  	1.15652  	0.86045  	-0.5850  	0.64973  	0.28882  	-1.9598  	-0.5393  	-0.8857  	-0.2971  	-0.1883  	0.16793  	-0.1144  	0.45828  	0.04913  	0.82039  	0.35254  	-0.9250  	-0.4085  	1.01125  	0.32467  	0.09256  	0.70324  	-0.0119  	-0.1053  	-0.0716  	0.43310  	0.17728  	0.01999  	0.01455  	-0.0299  	-0.0732  	0.07004  	0.08069  	-0.0160  	0.02443  	-0.0730  	-0.0778  	-0.0448  	-0.1388  	-0.1407  	0.22684  	-0.0488  	0.10438  	-0.4137  	-0.0561  	0.02400  	0.00541  	0.62820  	0.50885  	265.059  	212.284  	
-1.5865  	-0.7027  	0.04495  	-1.7528  	0.39390  	-2.0272  	-2.0639  	-0.7627  	0.53225  	-0.7954  	-0.4979  	2.73427  	-0.5641  	-1.0393  	-2.4563  	0.03919  	0.65076  	0.06279  	1.04804  	-0.4367  	-1.1268  	0.81773  	1.33249  	0.83057  	-0.2311  	0.60738  	0.29379  	-2.2819  	-0.4605  	-0.8956  	-0.2276  	-0.1685  	0.05499  	-0.1823  	0.15930  	0.19316  	0.81963  	0.43962  	-0.9062  	-0.3832  	1.12483  	0.21862  	0.14637  	0.79209  	-0.0385  	-0.1088  	-0.0655  	0.40785  	0.21922  	-0.0330  	0.00668  	-0.0309  	-0.0482  	0.06317  	0.09637  	-0.0649  	0.02457  	-0.0680  	-0.0723  	-0.0413  	-0.1505  	-0.1581  	0.25965  	-0.0416  	0.10438  	-0.4137  	-0.0561  	0.02400  	0.00541  	0.62820  	0.50885  	265.059  	212.284  	
-1.4429  	-0.5798  	0.35937  	-1.7453  	0.16754  	-1.5588  	-1.9301  	-0.8589  	0.69271  	-0.8927  	-0.8519  	2.52583  	-0.6999  	-1.3029  	-2.6302  	0.10130  	0.60722  	0.13675  	1.08992  	-0.4052  	-1.2154  	0.92883  	1.47172  	0.61964  	-0.3234  	0.63062  	0.27212  	-2.0798  	-0.3203  	-0.8869  	-0.2934  	-0.1055  	-0.0056  	-0.1598  	-0.0978  	0.19835  	0.82164  	0.45673  	-0.9297  	-0.3628  	1.33408  	0.13022  	0.37740  	0.88302  	-0.0316  	-0.1505  	-0.0658  	0.48463  	0.24226  	0.01109  	0.00161  	-0.0532  	-0.0264  	0.09228  	0.08777  	-0.0627  	0.03626  	-0.0727  	-0.1080  	-0.0219  	-0.1450  	-0.1316  	0.26702  	-0.0175  	0.10438  	-0.4137  	-0.0561  	0.02400  	0.00541  	0.62820  	0.50885  	265.059  	212.284  	
-1.2901  	-0.4596  	0.34982  	-1.6844  	0.34998  	-1.5517  	-2.0620  	-1.0212  	0.66124  	-1.0686  	-0.7649  	2.59364  	-0.8345  	-1.6428  	-2.7326  	0.34024  	0.59834  	0.03445  	1.14503  	-0.4119  	-1.0887  	0.78801  	1.35674  	0.70992  	-0.3342  	0.58694  	0.50171  	-2.2330  	-0.4928  	-0.8747  	-0.3717  	-0.0066  	-0.0077  	-0.1619  	0.07112  	0.26147  	0.92869  	0.45776  	-1.0387  	-0.3715  	1.32856  	0.17423  	0.30347  	0.88644  	-0.0659  	-0.1423  	-0.0416  	0.45523  	0.23277  	-0.0017  	0.03512  	-0.0352  	-0.0183  	0.09932  	0.08909  	-0.0475  	0.02826  	-0.0534  	-0.0762  	-0.0435  	-0.1414  	-0.1436  	0.25090  	-0.0299  	0.10438  	-0.4137  	-0.0561  	0.02400  	0.00541  	0.62820  	0.50885  	265.059  	212.284  	
-1.5028  	-0.7024  	0.10843  	-1.4629  	0.40027  	-1.7118  	-2.1103  	-1.0858  	0.56040  	-1.0718  	-0.6526  	2.62644  	-0.8192  	-1.7603  	-2.6690  	0.41010  	0.61820  	0.10993  	1.15050  	-0.4117  	-1.1058  	0.76125  	1.31786  	0.77324  	-0.2448  	0.58440  	0.51186  	-2.1866  	-0.4525  	-0.8147  	-0.3979  	0.01941  	-0.0513  	-0.1694  	0.16673  	0.28453  	0.90916  	0.43598  	-1.1222  	-0.3755  	1.18381  	0.23779  	0.19656  	0.82235  	-0.0445  	-0.1158  	-0.0513  	0.44218  	0.22455  	-0.0160  	0.02576  	-0.0296  	-0.0253  	0.09482  	0.09687  	-0.0421  	0.04362  	-0.0787  	-0.0641  	-0.0545  	-0.1561  	-0.1796  	0.23219  	-0.0281  	0.10438  	-0.4137  	-0.0561  	0.02400  	0.00541  	0.62820  	0.50885  	265.059  	212.284  	
-1.4725  	-0.6556  	-0.1067  	-0.4062  	1.21152  	-1.5591  	-2.1237  	-0.9401  	0.55009  	-1.2209  	-0.8535  	3.16894  	-0.6208  	-1.2045  	-1.9938  	0.44484  	0.48747  	0.04489  	1.05644  	-0.2918  	-1.2123  	0.73693  	1.03786  	0.71299  	-0.3795  	0.57490  	0.40378  	-1.8537  	-0.3104  	-0.7426  	-0.3932  	-0.0186  	-0.0011  	-0.1408  	0.37016  	0.23707  	0.62881  	0.34062  	-1.0119  	-0.2903  	0.94641  	0.24030  	0.12231  	0.76815  	-0.0019  	-0.1321  	-0.0512  	0.38102  	0.21661  	-0.0033  	0.08575  	-0.0533  	-0.0480  	0.08654  	0.09726  	-0.0385  	0.05893  	-0.0680  	-0.0719  	-0.0278  	-0.1547  	-0.1541  	0.24953  	-0.0427  	0.10438  	-0.4137  	-0.0561  	0.02400  	0.00541  	0.62820  	0.50885  	265.059  	212.284  	
-0.5525  	-0.3678  	0.47573  	0.35805  	1.43404  	-1.0451  	-2.1497  	-0.5292  	0.60713  	-1.5470  	-1.6215  	3.20950  	-0.2043  	-0.7391  	-1.0700  	0.26239  	0.83310  	-0.4823  	1.12788  	-1.1176  	-1.0325  	0.20733  	0.20946  	0.74610  	-0.4357  	0.86124  	0.33406  	-2.0683  	0.05178  	-0.6841  	-0.1103  	-0.1966  	-0.3014  	-0.6256  	0.25336  	0.13909  	0.33954  	0.33427  	-1.3002  	-0.5372  	1.20513  	0.56348  	-0.1381  	1.05236  	-0.2199  	-0.0501  	-0.1228  	0.52228  	0.19208  	-0.0757  	0.07157  	-0.0476  	-0.0404  	0.11710  	0.12753  	-0.0450  	0.05221  	-0.1101  	-0.0484  	-0.0109  	-0.1633  	-0.1687  	0.17776  	-0.0384  	0.10438  	-0.4137  	-0.0561  	0.02400  	0.00541  	0.62820  	0.50885  	265.059  	212.284  	
-0.0599  	-0.0854  	0.99197  	0.47228  	1.41798  	-0.6775  	-2.1697  	-0.1160  	0.67749  	-1.7279  	-1.6245  	3.17682  	0.02544  	-0.4915  	-0.5516  	0.19281  	1.09537  	-0.9787  	1.33198  	-1.7949  	-0.5323  	-0.3748  	-0.3808  	0.95382  	-0.4896  	1.02710  	0.61828  	-2.6834  	-0.0128  	-0.8132  	0.17238  	-0.2615  	-0.3528  	-1.0375  	0.23897  	-0.1755  	0.48273  	0.43606  	-1.5853  	-0.7545  	1.36049  	0.90937  	-0.4238  	1.22256  	-0.3605  	-0.0055  	-0.1962  	0.57799  	0.19534  	-0.0765  	0.08677  	-0.0181  	-0.0274  	0.15929  	0.12914  	-0.0191  	0.01479  	-0.1418  	-0.0724  	0.00856  	-0.1567  	-0.1441  	0.16335  	-0.0219  	0.10438  	-0.4137  	-0.0561  	0.02400  	0.00541  	0.62820  	0.50885  	265.059  	212.284  	
0.50266  	0.05751  	1.47791  	0.12038  	1.05163  	-0.5805  	-2.0747  	0.03369  	0.77550  	-1.6907  	-0.9844  	3.01265  	-0.0856  	-0.5123  	-0.7723  	0.46130  	1.13792  	-1.3288  	1.47232  	-2.2165  	0.14303  	-0.4115  	-0.2777  	1.21463  	-0.6861  	1.04128  	0.92859  	-3.4077  	-0.6192  	-0.9569  	0.16057  	-0.1485  	-0.4648  	-1.1707  	0.50264  	-0.2888  	0.87349  	0.56295  	-1.9087  	-0.9693  	1.31970  	1.03436  	-0.5218  	1.28841  	-0.4091  	0.01353  	-0.2458  	0.61572  	0.18171  	-0.0472  	0.07341  	-0.0097  	-0.0127  	0.18099  	0.14375  	0.01861  	0.00727  	-0.1481  	-0.0836  	0.03621  	-0.1328  	-0.1501  	0.15934  	-0.0405  	0.10438  	-0.4137  	-0.0561  	0.02400  	0.00541  	0.62820  	0.50885  	265.059  	212.284  	
0.66900  	0.02911  	1.74497  	-0.2113  	0.74024  	-0.7611  	-2.0902  	0.21312  	0.90835  	-1.5395  	-0.5509  	3.20645  	-0.2111  	-0.6482  	-1.4802  	0.89632  	0.96688  	-1.0700  	1.50464  	-1.9850  	0.19789  	-0.3978  	-0.1256  	0.95535  	-0.7208  	0.95558  	0.74808  	-3.4800  	-0.7838  	-0.9758  	0.11856  	-0.0897  	-0.3706  	-1.0824  	0.41416  	-0.3256  	1.00817  	0.64939  	-1.7728  	-0.9986  	1.32957  	0.93952  	-0.3139  	1.27209  	-0.3873  	0.00773  	-0.2340  	0.64618  	0.20458  	-0.0998  	0.02425  	-0.0071  	-0.0186  	0.17941  	0.12630  	0.00425  	-0.0143  	-0.1384  	-0.0965  	0.00884  	-0.1413  	-0.1792  	0.16203  	-0.0531  	0.10438  	-0.4137  	-0.0561  	0.02400  	0.00541  	0.62820  	0.50885  	265.059  	212.284  	
0.32519  	-0.1401  	1.48360  	-0.9418  	0.48135  	-0.9261  	-1.9218  	-0.0012  	1.02069  	-1.1304  	-0.4459  	3.19109  	-0.1975  	-0.2942  	-2.0939  	1.23687  	0.65684  	-0.6914  	1.35648  	-1.0956  	0.05170  	0.06647  	0.23803  	0.85789  	-0.3558  	0.61149  	0.76855  	-3.0371  	-0.7686  	-1.0243  	-0.1137  	0.03329  	-0.0567  	-0.6689  	0.45791  	-0.1431  	1.05620  	0.55851  	-1.3874  	-0.6459  	1.22729  	0.59800  	-0.0802  	1.08606  	-0.2400  	-0.0442  	-0.1678  	0.59554  	0.24688  	-0.0489  	0.03573  	-0.0217  	-0.0316  	0.13969  	0.09657  	-0.0179  	0.02270  	-0.1191  	-0.0734  	0.00573  	-0.1430  	-0.1916  	0.20487  	-0.0407  	0.10438  	-0.4137  	-0.0561  	0.02400  	0.00541  	0.62820  	0.50885  	265.059  	212.284  	
-0.8806  	-0.4639  	0.45750  	-0.0210  	1.02682  	-1.3014  	-1.9523  	-0.7954  	0.64442  	-1.1176  	-0.4296  	3.39120  	-0.4041  	-0.6128  	-2.1152  	0.79775  	0.34071  	-0.0586  	1.03686  	0.08208  	-0.9087  	0.87813  	0.88519  	1.02217  	-0.3248  	0.41085  	0.37696  	-2.3333  	-0.8259  	-0.7904  	-0.3268  	-0.0531  	0.15234  	-0.1681  	0.58470  	0.25541  	1.02320  	0.44439  	-1.0640  	-0.4997  	1.08886  	0.25507  	0.11657  	0.77737  	-0.0426  	-0.0905  	-0.0936  	0.47408  	0.20154  	0.01497  	0.00904  	-0.0733  	0.00713  	0.05683  	0.07084  	-0.0289  	0.05310  	-0.0724  	-0.0487  	-0.0110  	-0.1598  	-0.1724  	0.20961  	-0.0407  	0.10438  	-0.4137  	-0.0561  	0.02400  	0.00541  	0.62820  	0.50885  	265.059  	212.284  	
-2.1441  	-0.8200  	-0.1661  	-1.4009  	0.78285  	-2.0649  	-1.9479  	-0.9079  	0.58025  	-0.8884  	-0.2560  	3.06637  	-0.7663  	-1.2413  	-2.5560  	-0.0521  	0.43841  	0.06438  	0.94985  	-0.3104  	-0.9571  	0.73524  	1.16825  	0.88848  	-0.5625  	0.59786  	0.38690  	-2.1599  	-0.5642  	-0.9838  	-0.4087  	-0.1696  	0.05842  	-0.1365  	0.36104  	0.14215  	0.86356  	0.38494  	-1.0480  	-0.4277  	1.02419  	0.28579  	0.11991  	0.73165  	-0.0161  	-0.1238  	-0.0672  	0.39181  	0.18117  	0.00737  	0.01401  	-0.0475  	-0.0533  	0.08436  	0.08036  	-0.0393  	0.04343  	-0.0708  	-0.0669  	-0.0347  	-0.1608  	-0.1651  	0.22875  	-0.0473  	0.10438  	-0.4137  	-0.0561  	0.02400  	0.00541  	0.62820  	0.50885  	265.059  	212.284  	
-2.0537  	-0.7624  	-0.0593  	-2.1112  	0.21089  	-2.2432  	-2.1191  	-0.8437  	0.51559  	-0.7847  	-0.1481  	2.63566  	-0.7658  	-1.2902  	-2.9385  	-0.0933  	0.65353  	-0.0312  	1.05087  	-0.3929  	-0.9897  	0.83630  	1.36526  	0.88695  	-0.3574  	0.58256  	0.42593  	-2.3179  	-0.5304  	-0.9566  	-0.3291  	-0.1080  	0.01240  	-0.2061  	0.22927  	0.22642  	0.93991  	0.43353  	-0.9798  	-0.4266  	1.09031  	0.28130  	0.13059  	0.74711  	-0.0442  	-0.1169  	-0.0494  	0.42037  	0.19580  	0.00478  	-0.0078  	-0.0405  	-0.0505  	0.07305  	0.10102  	-0.0597  	0.03152  	-0.0616  	-0.0686  	-0.0471  	-0.1402  	-0.1436  	0.25463  	-0.0344  	0.10438  	-0.4137  	-0.0561  	0.02400  	0.00541  	0.62820  	0.50885  	265.059  	212.284  	
-1.6711  	-0.7800  	0.04914  	-1.8438  	0.36231  	-1.9734  	-2.1256  	-0.8044  	0.62717  	-0.8727  	-0.4223  	2.75752  	-0.6568  	-1.2326  	-2.5895  	0.02058  	0.65168  	0.04408  	1.03294  	-0.4358  	-1.0895  	0.79085  	1.37109  	0.89710  	-0.3355  	0.61163  	0.42455  	-2.1965  	-0.5335  	-0.8823  	-0.2304  	-0.1013  	0.00624  	-0.2059  	0.14929  	0.16154  	0.80886  	0.39487  	-0.9785  	-0.3401  	1.11069  	0.24225  	0.19204  	0.77434  	-0.0648  	-0.1248  	-0.0571  	0.43352  	0.22095  	-0.0044  	0.00885  	-0.0448  	-0.0652  	0.07381  	0.09313  	-0.0620  	0.01861  	-0.0897  	-0.0904  	-0.0325  	-0.1636  	-0.1403  	0.25534  	-0.0303  	0.10438  	-0.4137  	-0.0561  	0.02400  	0.00541  	0.62820  	0.50885  	265.059  	212.284  	
-1.1874  	-0.3403  	0.12578  	-1.1220  	0.54714  	-1.5947  	-2.1195  	-0.5390  	0.73473  	-1.0561  	-1.0188  	2.94973  	-0.4067  	-0.5856  	-1.6860  	-0.0201  	0.52260  	0.02169  	0.99984  	-0.2822  	-0.8973  	1.01035  	1.40083  	0.91757  	-0.3060  	0.56130  	0.54787  	-2.1417  	-0.5980  	-0.8375  	-0.3506  	-0.1553  	0.04100  	-0.1052  	0.24925  	0.04664  	0.90121  	0.37373  	-1.0499  	-0.2405  	1.13298  	0.16582  	0.21350  	0.82334  	-0.0705  	-0.1591  	-0.0732  	0.43570  	0.22684  	0.00868  	0.02976  	-0.0561  	-0.0479  	0.12161  	0.04720  	-0.0161  	0.01836  	-0.1183  	-0.0802  	-0.0303  	-0.1236  	-0.1046  	0.20522  	-0.0722  	0.10438  	-0.4137  	-0.0561  	0.02400  	0.00541  	0.62820  	0.50885  	265.059  	212.284  	
-0.5857  	-0.2367  	0.54958  	-0.4572  	0.87120  	-0.9401  	-2.0276  	-0.4226  	0.90284  	-1.3063  	-1.7167  	3.05152  	-0.2039  	-0.3499  	-1.4901  	0.42500  	0.49642  	0.09514  	0.97638  	-0.4078  	-1.1002  	0.98858  	1.32904  	0.70308  	-0.4941  	0.60426  	0.21720  	-2.1020  	-0.4279  	-0.8772  	-0.3548  	-0.1633  	0.15938  	-0.1182  	0.15917  	-0.0355  	0.82398  	0.41772  	-0.9494  	-0.2108  	1.20833  	0.13127  	0.30938  	0.86358  	-0.1262  	-0.1002  	-0.0306  	0.53810  	0.25695  	0.02202  	0.04009  	-0.0509  	-0.0669  	0.08666  	0.08812  	-0.0087  	-0.0085  	-0.1067  	-0.0610  	-0.0485  	-0.1291  	-0.1193  	0.21355  	-0.0472  	0.10438  	-0.4137  	-0.0561  	0.02400  	0.00541  	0.62820  	0.50885  	265.059  	212.284  	
-0.0899  	-0.1024  	0.82225  	-0.0017  	1.10553  	-0.7227  	-2.0363  	-0.4795  	0.81508  	-1.4393  	-1.4525  	3.06879  	-0.2631  	-0.3319  	-1.2415  	0.55756  	0.58707  	-0.0521  	0.97764  	-0.4629  	-0.8675  	0.88167  	1.17424  	0.73992  	-0.4791  	0.56382  	0.31058  	-2.2676  	-0.6189  	-0.8146  	-0.3426  	-0.0431  	0.15333  	-0.1451  	0.40279  	-0.0641  	0.96803  	0.47291  	-0.9699  	-0.3568  	1.04959  	0.14898  	0.32027  	0.79640  	-0.0653  	-0.1032  	-0.0442  	0.49780  	0.25144  	0.00294  	0.04924  	-0.0446  	-0.0369  	0.05476  	0.08716  	-0.0186  	0.02049  	-0.0928  	-0.0909  	-0.0620  	-0.1717  	-0.1176  	0.23103  	-0.0267  	0.10438  	-0.4137  	-0.0561  	0.02400  	0.00541  	0.62820  	0.50885  	265.059  	212.284  	
0.28210  	-0.0539  	1.07931  	-0.0054  	1.04859  	-0.5438  	-1.9846  	-0.3574  	0.91753  	-1.5470  	-1.3746  	3.00635  	-0.2625  	-0.3048  	-1.0417  	0.68189  	0.56870  	-0.1573  	0.97991  	-0.4862  	-0.5428  	0.91575  	1.20020  	0.86178  	-0.4068  	0.51656  	0.52501  	-2.5531  	-0.7393  	-0.8291  	-0.3958  	0.03689  	0.18025  	-0.1665  	0.57958  	-0.1182  	1.17740  	0.54995  	-1.0708  	-0.4602  	1.03110  	0.18866  	0.25203  	0.78785  	-0.0560  	-0.1090  	-0.0604  	0.48895  	0.25990  	-0.0153  	0.01249  	-0.0403  	-0.0238  	0.06702  	0.08629  	0.00363  	0.02353  	-0.0746  	-0.0862  	-0.0378  	-0.1587  	-0.1275  	0.23879  	-0.0233  	0.10438  	-0.4137  	-0.0561  	0.02400  	0.00541  	0.62820  	0.50885  	265.059  	212.284  	
0.46734  	0.01886  	1.24826  	-0.0953  	0.90448  	-0.4220  	-1.9331  	-0.1812  	0.95395  	-1.6391  	-1.1361  	2.91359  	-0.3829  	-0.2100  	-1.0357  	0.81550  	0.56374  	-0.3740  	1.0335  	-0.6857  	-0.2633  	0.96869  	1.39889  	1.03424  	-0.3828  	0.50244  	0.84952  	-2.9715  	-1.0485  	-0.8892  	-0.4497  	0.11874  	0.14937  	-0.1704  	0.75863  	-0.1857  	1.43980  	0.65181  	-1.2027  	-0.5506  	0.92380  	0.21095  	0.26443  	0.83310  	-0.0729  	-0.1171  	-0.0688  	0.52472  	0.27680  	5.61196  	-0.0201  	-0.0333  	-0.0278  	0.09986  	0.10515  	0.01252  	0.00929  	-0.0820  	-0.0971  	-0.0260  	-0.1480  	-0.1323  	0.24162  	-0.0318  	0.10438  	-0.4137  	-0.0561  	0.02400  	0.00541  	0.62820  	0.50885  	265.059  	212.284  	
