-0.1716  	-0.1725  	0.14314  	-0.1907  	0.30872  	-0.4043  	-0.6240  	-0.3194  	0.18600  	-0.3186  	-0.3144  	0.95193  	-0.1969  	-0.4955  	-0.8427  	0.34822  	0.12787  	0.01525  	0.35754  	-0.0893  	-0.4656  	0.29079  	0.24383  	0.27489  	0.07594  	0.14584  	0.26623  	-0.6111  	-0.1387  	-0.2200  	-0.1803  	0.05940  	-0.0277  	-0.0613  	0.13872  	0.20946  	0.28581  	0.15785  	-0.3376  	-0.1176  	0.32252  	0.09013  	0.06597  	0.28244  	-0.0200  	-0.0496  	-0.0315  	0.16623  	0.09705  	-0.0116  	0.02795  	-0.0135  	-0.0042  	0.02717  	0.04100  	-0.0126  	0.01828  	-0.0230  	-0.0225  	-0.0103  	-0.0535  	-0.0672  	0.09728  	-0.0104  	0.10438  	-0.4137  	-0.0561  	0.02400  	0.00541  	0.62820  	0.50885  	265.059  	212.284  	
-0.2195  	-0.1631  	0.09219  	-0.0261  	0.36695  	-0.3309  	-0.6920  	-0.3307  	0.15766  	-0.4011  	-0.3905  	0.98793  	-0.2435  	-0.3745  	-0.8043  	0.27657  	0.17482  	-0.0261  	0.35879  	-0.1229  	-0.4237  	0.30896  	0.29494  	0.36616  	0.06656  	0.15725  	0.30296  	-0.6751  	-0.1167  	-0.1982  	-0.2148  	0.05216  	-0.0533  	-0.0842  	0.15727  	0.19696  	0.28896  	0.15144  	-0.3301  	-0.1108  	0.30040  	0.09983  	0.07782  	0.28014  	-0.0013  	-0.0360  	-0.0363  	0.15753  	0.08382  	-0.0156  	0.02696  	-0.0141  	-0.0059  	0.02423  	0.03857  	-0.0018  	0.02088  	-0.0221  	-0.0176  	-0.0070  	-0.0590  	-0.0662  	0.07900  	-0.0076  	0.10438  	-0.4137  	-0.0561  	0.02400  	0.00541  	0.62820  	0.50885  	265.059  	212.284  	
-0.0825  	-0.1146  	0.12572  	0.11804  	0.48231  	-0.2926  	-0.6524  	-0.2512  	0.20854  	-0.4665  	-0.5272  	1.01775  	-0.1055  	-0.1447  	-0.4883  	0.19136  	0.18687  	-0.0354  	0.32519  	-0.1497  	-0.4060  	0.30485  	0.26364  	0.28467  	0.09581  	0.15000  	0.27662  	-0.6728  	-0.0939  	-0.1613  	-0.1988  	0.00422  	-0.0295  	-0.0388  	0.20315  	0.07940  	0.26508  	0.11584  	-0.3184  	-0.1012  	0.27513  	0.09559  	0.06682  	0.25992  	-0.0150  	-0.0482  	-0.0335  	0.14514  	0.09292  	-0.0087  	0.02065  	-0.0181  	-0.0149  	0.02479  	0.03228  	-0.0013  	0.02024  	-0.0272  	-0.0251  	-0.0127  	-0.0668  	-0.0531  	0.08451  	-0.0052  	0.10438  	-0.4137  	-0.0561  	0.02400  	0.00541  	0.62820  	0.50885  	265.059  	212.284  	
-0.1454  	-0.1454  	0.10308  	0.07377  	0.50931  	-0.3304  	-0.6325  	-0.2244  	0.21976  	-0.4791  	-0.5114  	1.06094  	-0.0928  	-0.1104  	-0.4308  	0.17015  	0.18968  	-0.0315  	0.32835  	-0.1618  	-0.3819  	0.31152  	0.30329  	0.29738  	0.06268  	0.16664  	0.27273  	-0.6829  	-0.0806  	-0.1832  	-0.1866  	-0.0113  	0.01485  	-0.0512  	0.20085  	0.05310  	0.26462  	0.12000  	-0.3271  	-0.1022  	0.24347  	0.11128  	0.04416  	0.26599  	-0.0113  	-0.0372  	-0.0209  	0.14657  	0.08505  	-0.0141  	0.01374  	-0.0185  	-0.0143  	0.02469  	0.03803  	-0.0101  	0.02270  	-0.0221  	-0.0268  	-0.0073  	-0.0589  	-0.0559  	0.08408  	-0.0052  	0.10438  	-0.4137  	-0.0561  	0.02400  	0.00541  	0.62820  	0.50885  	265.059  	212.284  	
-0.2884  	-0.1355  	0.08836  	-0.1961  	0.37330  	-0.3790  	-0.6538  	-0.2914  	0.22336  	-0.4295  	-0.4269  	1.00360  	-0.1775  	-0.3191  	-0.5715  	0.14155  	0.17742  	0.03086  	0.33914  	-0.1315  	-0.3827  	0.30168  	0.38321  	0.26809  	-0.0465  	0.18139  	0.18067  	-0.6944  	-0.1341  	-0.2408  	-0.1634  	-0.0149  	0.02199  	-0.0447  	0.12088  	0.05982  	0.28749  	0.13542  	-0.3439  	-0.1045  	0.32513  	0.07755  	0.05743  	0.27738  	-0.0126  	-0.0395  	-0.0212  	0.14062  	0.08050  	-0.0103  	0.01479  	-0.0107  	-0.0073  	0.02652  	0.03610  	-0.0086  	0.01005  	-0.0224  	-0.0250  	-0.0098  	-0.0549  	-0.0627  	0.07540  	-0.0114  	0.10438  	-0.4137  	-0.0561  	0.02400  	0.00541  	0.62820  	0.50885  	265.059  	212.284  	
-0.2676  	-0.1872  	0.15140  	-0.1888  	0.31172  	-0.3843  	-0.6771  	-0.3037  	0.20792  	-0.4095  	-0.4113  	0.89749  	-0.1917  	-0.4248  	-0.7150  	0.23461  	0.17897  	-0.0007  	0.37228  	-0.1003  	-0.4386  	0.26258  	0.37170  	0.26838  	-0.0038  	0.17988  	0.21126  	-0.7021  	-0.1370  	-0.2101  	-0.1642  	0.02077  	-0.0073  	-0.0527  	0.12214  	0.11405  	0.27022  	0.16681  	-0.3586  	-0.0918  	0.34600  	0.07116  	0.05930  	0.28578  	-0.0310  	-0.0433  	-0.0238  	0.15105  	0.08313  	-0.0063  	0.01975  	-0.0112  	-0.0119  	0.02889  	0.03725  	-0.0024  	0.01508  	-0.0241  	-0.0223  	-0.0117  	-0.0576  	-0.0628  	0.08906  	-0.0160  	0.10438  	-0.4137  	-0.0561  	0.02400  	0.00541  	0.62820  	0.50885  	265.059  	212.284  	
-0.2913  	-0.1665  	0.12930  	-0.1522  	0.33118  	-0.4015  	-0.6684  	-0.3524  	0.18977  	-0.4513  	-0.3797  	0.88804  	-0.2030  	-0.4744  	-0.6995  	0.19107  	0.19634  	-0.0176  	0.36114  	-0.0744  	-0.4098  	0.25566  	0.34159  	0.26830  	0.04848  	0.18013  	0.25365  	-0.6434  	-0.1335  	-0.1966  	-0.1832  	0.03058  	-0.0178  	-0.0434  	0.12823  	0.15251  	0.28792  	0.16217  	-0.3497  	-0.1134  	0.32240  	0.07972  	0.04939  	0.28296  	-0.0199  	-0.0442  	-0.0265  	0.16113  	0.08336  	-0.0148  	0.02118  	-0.0108  	-0.0038  	0.03082  	0.03471  	-0.0033  	0.02198  	-0.0210  	-0.0150  	-0.0098  	-0.0562  	-0.0697  	0.09555  	-0.0156  	0.10438  	-0.4137  	-0.0561  	0.02400  	0.00541  	0.62820  	0.50885  	265.059  	212.284  	
-0.2206  	-0.1624  	0.08724  	0.08898  	0.48497  	-0.3023  	-0.6660  	-0.2190  	0.20540  	-0.5018  	-0.5172  	1.01678  	-0.1413  	-0.2667  	-0.4542  	0.21558  	0.20729  	0.00721  	0.35536  	-0.0958  	-0.4144  	0.26024  	0.29266  	0.29426  	0.05803  	0.17690  	0.24365  	-0.6271  	-0.0521  	-0.1579  	-0.1853  	-0.0134  	0.00634  	-0.0405  	0.14965  	0.07756  	0.22269  	0.13156  	-0.3353  	-0.1055  	0.27705  	0.09661  	0.03146  	0.24103  	-0.0058  	-0.0392  	-0.0234  	0.13731  	0.09101  	-0.0283  	0.01979  	-0.0167  	-0.0155  	0.01988  	0.03299  	-0.0041  	0.02479  	-0.0227  	-0.0207  	-0.0055  	-0.0596  	-0.0610  	0.09010  	-0.0120  	0.10438  	-0.4137  	-0.0561  	0.02400  	0.00541  	0.62820  	0.50885  	265.059  	212.284  	
-0.2208  	-0.1262  	0.11525  	0.07071  	0.46577  	-0.2718  	-0.6754  	-0.2333  	0.22280  	-0.4865  	-0.5417  	1.05231  	-0.1190  	-0.1948  	-0.4178  	0.17675  	0.18766  	0.00233  	0.32569  	-0.0883  	-0.3972  	0.30178  	0.29881  	0.23498  	0.00795  	0.17839  	0.18872  	-0.6175  	-0.0661  	-0.1770  	-0.1493  	-0.0259  	0.01946  	-0.0352  	0.14084  	0.06733  	0.24203  	0.12208  	-0.3133  	-0.1073  	0.28568  	0.08496  	0.04520  	0.25341  	-0.0147  	-0.0420  	-0.0210  	0.15101  	0.07856  	-0.0096  	0.02572  	-0.0191  	-0.0138  	0.02515  	0.03225  	-0.0041  	0.02502  	-0.0219  	-0.0244  	-0.0088  	-0.0555  	-0.0561  	0.08464  	-0.0110  	0.10438  	-0.4137  	-0.0561  	0.02400  	0.00541  	0.62820  	0.50885  	265.059  	212.284  	
-0.1367  	-0.1241  	0.18524  	-0.0646  	0.37414  	-0.2169  	-0.6847  	-0.2080  	0.20189  	-0.4889  	-0.4817  	1.00234  	-0.1575  	-0.3052  	-0.4755  	0.19873  	0.19615  	-0.0215  	0.35653  	-0.1429  	-0.3553  	0.31843  	0.41336  	0.30742  	0.02115  	0.17556  	0.21493  	-0.7073  	-0.1435  	-0.2354  	-0.1689  	-0.0061  	0.00926  	-0.0502  	0.12983  	0.06426  	0.32145  	0.14576  	-0.3519  	-0.1125  	0.33323  	0.08529  	0.06898  	0.28834  	-0.0225  	-0.0423  	-0.0162  	0.16128  	0.07808  	-0.0016  	0.00532  	-0.0155  	-0.0092  	0.02615  	0.03017  	-0.0052  	0.02247  	-0.0195  	-0.0253  	-0.0166  	-0.0577  	-0.0618  	0.07409  	-0.0229  	0.10438  	-0.4137  	-0.0561  	0.02400  	0.00541  	0.62820  	0.50885  	265.059  	212.284  	
-0.1212  	-0.0760  	0.28431  	-0.1417  	0.35588  	-0.3152  	-0.6971  	-0.2878  	0.17537  	-0.3732  	-0.2935  	0.98239  	-0.2276  	-0.4233  	-0.7905  	0.37229  	0.13674  	0.01117  	0.37047  	-0.1182  	-0.3679  	0.30882  	0.30830  	0.35723  	-0.0446  	0.14903  	0.20922  	-0.7503  	-0.1406  	-0.2601  	-0.1797  	0.00850  	-0.0123  	-0.0713  	0.19146  	0.15125  	0.32299  	0.15486  	-0.3566  	-0.1107  	0.32487  	0.09060  	0.06470  	0.27496  	-0.0054  	-0.0391  	-0.0287  	0.15831  	0.08961  	-0.0053  	0.02468  	-0.0139  	0.00358  	0.01815  	0.03708  	-0.0054  	0.02109  	-0.0250  	-0.0217  	-0.0107  	-0.0547  	-0.0639  	0.09066  	-0.0126  	0.10438  	-0.4137  	-0.0561  	0.02400  	0.00541  	0.62820  	0.50885  	265.059  	212.284  	
-0.2785  	-0.1598  	0.21592  	-0.3760  	0.15692  	-0.4380  	-0.6649  	-0.3212  	0.14847  	-0.3204  	-0.2569  	0.89992  	-0.2663  	-0.5222  	-0.9872  	0.34120  	0.12950  	0.09547  	0.34433  	-0.1153  	-0.4227  	0.26732  	0.30660  	0.27013  	-0.0217  	0.17141  	0.17008  	-0.7331  	-0.1357  	-0.2797  	-0.1515  	0.02318  	-0.0232  	-0.0568  	0.10756  	0.18752  	0.30003  	0.15990  	-0.3398  	-0.1100  	0.38555  	0.08039  	0.06783  	0.28029  	-0.0125  	-0.0370  	-0.0249  	0.15346  	0.09036  	-0.0065  	0.01736  	-0.0119  	-0.0022  	0.02901  	0.04214  	-0.0181  	0.01213  	-0.0241  	-0.0317  	-0.0148  	-0.0607  	-0.0613  	0.09142  	-0.0122  	0.10438  	-0.4137  	-0.0561  	0.02400  	0.00541  	0.62820  	0.50885  	265.059  	212.284  	
-0.6869  	-0.2645  	-0.1064  	-0.5398  	0.22437  	-0.7170  	-0.6320  	-0.4095  	0.11913  	-0.2916  	-0.1497  	0.88908  	-0.2592  	-0.5038  	-1.0142  	0.16311  	0.18276  	0.00456  	0.34098  	-0.0980  	-0.4772  	0.28176  	0.37345  	0.29544  	0.00639  	0.18602  	0.13897  	-0.7041  	-0.1360  	-0.2570  	-0.1355  	-0.0231  	-0.0144  	-0.0560  	0.10238  	0.19358  	0.28044  	0.12185  	-0.3663  	-0.1372  	0.37620  	0.10582  	0.02721  	0.24575  	-0.0009  	-0.0420  	-0.0222  	0.13559  	0.07527  	0.01215  	0.01405  	-0.0047  	-0.0179  	0.01987  	0.03303  	-0.0050  	0.00488  	-0.0331  	-0.0245  	-0.0061  	-0.0508  	-0.0369  	0.08496  	-0.0178  	0.10438  	-0.4137  	-0.0561  	0.02400  	0.00541  	0.62820  	0.50885  	265.059  	212.284  	
-0.8497  	-0.3450  	-0.0736  	-0.7835  	0.06471  	-0.8420  	-0.7730  	-0.3720  	0.16750  	-0.2536  	-0.0054  	0.86468  	-0.2305  	-0.4835  	-0.9067  	0.01677  	0.19964  	-0.0186  	0.37119  	-0.1266  	-0.3113  	0.21912  	0.46755  	0.30818  	-0.1562  	0.20950  	0.13315  	-0.7660  	-0.2266  	-0.2889  	-0.0684  	-0.0134  	0.02405  	-0.0633  	0.10134  	0.08301  	0.33567  	0.14968  	-0.4037  	-0.1819  	0.34387  	0.08012  	0.03212  	0.24773  	-0.0011  	-0.0349  	-0.0170  	0.11862  	0.07721  	-0.0024  	-0.0037  	-0.0163  	-0.0116  	0.02702  	0.03214  	-0.0188  	0.00335  	-0.0225  	-0.0253  	-0.0055  	-0.0452  	-0.0404  	0.07779  	-0.0193  	0.10438  	-0.4137  	-0.0561  	0.02400  	0.00541  	0.62820  	0.50885  	265.059  	212.284  	
-0.7310  	-0.2555  	0.00388  	-0.7402  	0.02317  	-0.7684  	-0.7061  	-0.3145  	0.15918  	-0.2349  	-0.0223  	0.85287  	-0.2451  	-0.4168  	-0.9071  	-0.0214  	0.22121  	-0.0141  	0.33337  	-0.1377  	-0.3103  	0.26322  	0.45672  	0.30245  	-0.1529  	0.20689  	0.12852  	-0.8288  	-0.2282  	-0.3193  	-0.0915  	-0.0270  	0.02375  	-0.0785  	0.04539  	0.08604  	0.34433  	0.13405  	-0.3467  	-0.1691  	0.36850  	0.08154  	0.03606  	0.24256  	-0.0064  	-0.0255  	-0.0158  	0.13377  	0.06639  	0.00193  	-0.0013  	-0.0124  	-0.0134  	0.01777  	0.03087  	-0.0268  	0.00971  	-0.0180  	-0.0238  	-0.0159  	-0.0463  	-0.0400  	0.07989  	-0.0137  	0.10438  	-0.4137  	-0.0561  	0.02400  	0.00541  	0.62820  	0.50885  	265.059  	212.284  	
-0.5459  	-0.2176  	0.13297  	-0.6722  	0.03632  	-0.5585  	-0.6938  	-0.2875  	0.17880  	-0.3588  	-0.1600  	0.84347  	-0.2303  	-0.4067  	-0.9443  	0.11908  	0.22192  	-0.0119  	0.38566  	-0.2126  	-0.3113  	0.27696  	0.50813  	0.33891  	-0.1063  	0.20618  	0.21935  	-0.8563  	-0.2690  	-0.2924  	-0.1051  	-0.0103  	0.00260  	-0.0842  	0.06825  	0.04832  	0.35249  	0.16161  	-0.3588  	-0.1311  	0.41766  	0.06700  	0.06641  	0.27063  	-0.0121  	-0.0511  	-0.0182  	0.13600  	0.04896  	0.01696  	0.00595  	-0.0072  	-0.0168  	0.01729  	0.02565  	-0.0158  	0.01143  	-0.0265  	-0.0317  	-0.0115  	-0.0500  	-0.0411  	0.08900  	-0.0108  	0.10438  	-0.4137  	-0.0561  	0.02400  	0.00541  	0.62820  	0.50885  	265.059  	212.284  	
-0.3443  	-0.1680  	0.15064  	-0.3826  	0.19981  	-0.4252  	-0.7115  	-0.2415  	0.22217  	-0.3904  	-0.3474  	0.94093  	-0.1882  	-0.4205  	-0.8082  	0.18989  	0.19545  	0.01889  	0.36568  	-0.1550  	-0.4165  	0.27032  	0.45580  	0.24967  	-0.1243  	0.21440  	0.11995  	-0.7209  	-0.1322  	-0.2888  	-0.1252  	0.00182  	0.02065  	-0.0633  	0.04658  	0.06432  	0.27344  	0.15579  	-0.3265  	-0.0939  	0.41910  	0.07026  	0.10739  	0.27487  	-0.0212  	-0.0415  	-0.0173  	0.16136  	0.07725  	-0.0054  	0.00331  	-0.0149  	-0.0185  	0.02445  	0.03301  	-0.0151  	0.01553  	-0.0275  	-0.0297  	-0.0194  	-0.0497  	-0.0544  	0.08864  	-0.0110  	0.10438  	-0.4137  	-0.0561  	0.02400  	0.00541  	0.62820  	0.50885  	265.059  	212.284  	
-0.2363  	-0.1397  	0.21320  	-0.3147  	0.24590  	-0.4091  	-0.7013  	-0.3092  	0.21979  	-0.3009  	-0.2483  	1.00125  	-0.2388  	-0.4968  	-0.8759  	0.27287  	0.16084  	0.02571  	0.33591  	-0.1053  	-0.3934  	0.24328  	0.37546  	0.23623  	-0.1478  	0.17671  	0.09951  	-0.6778  	-0.1364  	-0.2873  	-0.1440  	0.01518  	0.00222  	-0.0557  	0.11515  	0.12896  	0.30671  	0.14322  	-0.3525  	-0.1023  	0.38957  	0.06435  	0.08369  	0.28369  	-0.0211  	-0.0374  	-0.0186  	0.15221  	0.08344  	-0.0096  	0.01920  	-0.0162  	-0.0040  	0.02717  	0.03872  	-0.0115  	0.01661  	-0.0245  	-0.0240  	-0.0102  	-0.0546  	-0.0560  	0.08711  	-0.0068  	0.10438  	-0.4137  	-0.0561  	0.02400  	0.00541  	0.62820  	0.50885  	265.059  	212.284  	
-0.2201  	-0.1676  	0.23106  	-0.3377  	0.24579  	-0.3693  	-0.6700  	-0.3372  	0.19985  	-0.3209  	-0.2219  	0.92645  	-0.2725  	-0.5434  	-0.9476  	0.39106  	0.14060  	0.06350  	0.33333  	-0.1113  	-0.4310  	0.24357  	0.31257  	0.25602  	-0.0813  	0.16340  	0.14353  	-0.6577  	-0.1391  	-0.2836  	-0.1661  	0.03638  	-0.0054  	-0.0458  	0.16371  	0.17482  	0.29840  	0.14593  	-0.3538  	-0.0977  	0.36993  	0.08163  	0.08237  	0.27089  	-0.0137  	-0.0381  	-0.0269  	0.13915  	0.08899  	-0.0048  	0.02413  	-0.0170  	-0.0049  	0.02933  	0.04151  	-0.0076  	0.01774  	-0.0226  	-0.0248  	-0.0145  	-0.0552  	-0.0570  	0.08856  	-0.0042  	0.10438  	-0.4137  	-0.0561  	0.02400  	0.00541  	0.62820  	0.50885  	265.059  	212.284  	
-0.3327  	-0.1965  	0.13344  	-0.4163  	0.16452  	-0.4017  	-0.6739  	-0.3226  	0.15859  	-0.3581  	-0.2293  	0.86180  	-0.2536  	-0.5169  	-0.8771  	0.25920  	0.14757  	0.02863  	0.35311  	-0.1581  	-0.3750  	0.28348  	0.37412  	0.27332  	-0.0433  	0.17224  	0.19405  	-0.6945  	-0.1464  	-0.2798  	-0.1532  	0.02447  	-0.0382  	-0.0589  	0.13987  	0.16783  	0.33148  	0.15477  	-0.3733  	-0.1102  	0.37107  	0.08508  	0.07440  	0.28025  	-0.0209  	-0.0423  	-0.0229  	0.13427  	0.08014  	0.00142  	0.02516  	-0.0152  	-0.0057  	0.03171  	0.04014  	-0.0118  	0.01712  	-0.0192  	-0.0223  	-0.0090  	-0.0556  	-0.0546  	0.08676  	-0.0074  	0.10438  	-0.4137  	-0.0561  	0.02400  	0.00541  	0.62820  	0.50885  	265.059  	212.284  	
-0.5065  	-0.2400  	0.05160  	-0.4711  	0.11439  	-0.5109  	-0.7132  	-0.4091  	0.15264  	-0.4143  	-0.2371  	0.84276  	-0.3038  	-0.6014  	-0.8434  	0.15243  	0.23777  	-0.0183  	0.36500  	-0.2257  	-0.3677  	0.24437  	0.44724  	0.29158  	-0.0468  	0.19102  	0.20265  	-0.7330  	-0.1957  	-0.2760  	-0.1373  	0.02064  	-0.0540  	-0.0578  	0.10788  	0.13147  	0.36998  	0.16092  	-0.3942  	-0.1512  	0.39043  	0.07433  	0.06734  	0.27300  	-0.0133  	-0.0422  	-0.0208  	0.11621  	0.06341  	0.01568  	0.01328  	-0.0098  	-0.0071  	0.03594  	0.03408  	-0.0098  	0.01131  	-0.0177  	-0.0152  	-0.0143  	-0.0566  	-0.0547  	0.08898  	-0.0143  	0.10438  	-0.4137  	-0.0561  	0.02400  	0.00541  	0.62820  	0.50885  	265.059  	212.284  	
-0.3829  	-0.2117  	0.08470  	-0.3511  	0.19467  	-0.4291  	-0.7188  	-0.3594  	0.17993  	-0.4105  	-0.2818  	0.89340  	-0.2531  	-0.5112  	-0.7616  	0.17079  	0.19343  	-0.0318  	0.34399  	-0.2021  	-0.3692  	0.27542  	0.44967  	0.28341  	-0.0925  	0.18971  	0.18272  	-0.7674  	-0.2137  	-0.2695  	-0.1444  	0.02554  	-0.0250  	-0.0587  	0.14046  	0.10908  	0.36921  	0.15528  	-0.4032  	-0.1337  	0.36140  	0.08254  	0.06969  	0.27394  	-0.0230  	-0.0430  	-0.0180  	0.12800  	0.07404  	-0.0029  	0.00972  	-0.0139  	-0.0090  	0.03249  	0.04073  	-0.0106  	0.01466  	-0.0206  	-0.0246  	-0.0179  	-0.0580  	-0.0549  	0.08470  	-0.0076  	0.10438  	-0.4137  	-0.0561  	0.02400  	0.00541  	0.62820  	0.50885  	265.059  	212.284  	
-0.2781  	-0.1848  	0.19852  	-0.1685  	0.34699  	-0.4174  	-0.6571  	-0.3190  	0.17427  	-0.2862  	-0.2950  	0.97726  	-0.2426  	-0.4995  	-0.8829  	0.38164  	0.13691  	0.03676  	0.36104  	-0.1031  	-0.4764  	0.27805  	0.27260  	0.28083  	0.01070  	0.15201  	0.20005  	-0.6473  	-0.1378  	-0.2407  	-0.1818  	0.03342  	-0.0347  	-0.0701  	0.13407  	0.19516  	0.28964  	0.14524  	-0.3510  	-0.0897  	0.33309  	0.08871  	0.07164  	0.26921  	-0.0128  	-0.0404  	-0.0252  	0.14900  	0.09013  	-0.0081  	0.02997  	-0.0185  	-0.0050  	0.02278  	0.04372  	-0.0086  	0.02149  	-0.0223  	-0.0265  	-0.0080  	-0.0590  	-0.0670  	0.08748  	-0.0071  	0.10438  	-0.4137  	-0.0561  	0.02400  	0.00541  	0.62820  	0.50885  	265.059  	212.284  	
-0.3054  	-0.2271  	0.16219  	-0.1712  	0.32587  	-0.3865  	-0.6954  	-0.3556  	0.15830  	-0.3476  	-0.3097  	0.90559  	-0.2450  	-0.5321  	-0.7832  	0.29548  	0.16711  	-0.0116  	0.37567  	-0.1506  	-0.4228  	0.27716  	0.34439  	0.29532  	0.04980  	0.14459  	0.22116  	-0.6614  	-0.1571  	-0.2239  	-0.1743  	0.04005  	-0.0470  	-0.0740  	0.15204  	0.21013  	0.30985  	0.15079  	-0.3550  	-0.1163  	0.32006  	0.08444  	0.07466  	0.27454  	-0.0204  	-0.0391  	-0.0265  	0.14670  	0.08080  	-0.0021  	0.03393  	-0.0146  	-0.0008  	0.02208  	0.04167  	-0.0039  	0.01806  	-0.0178  	-0.0240  	-0.0037  	-0.0526  	-0.0712  	0.09480  	-0.0073  	0.10438  	-0.4137  	-0.0561  	0.02400  	0.00541  	0.62820  	0.50885  	265.059  	212.284  	
-0.3345  	-0.2105  	0.08785  	-0.2848  	0.23999  	-0.3906  	-0.6989  	-0.4124  	0.14680  	-0.4252  	-0.3193  	0.83608  	-0.2937  	-0.5333  	-0.7641  	0.18156  	0.20753  	-0.0341  	0.35569  	-0.1676  	-0.3706  	0.29405  	0.39458  	0.31826  	0.00625  	0.15436  	0.24390  	-0.7425  	-0.2090  	-0.2308  	-0.1680  	0.04985  	-0.0467  	-0.0579  	0.17412  	0.17965  	0.36748  	0.15335  	-0.3800  	-0.1342  	0.33350  	0.07131  	0.05767  	0.26498  	-0.0062  	-0.0381  	-0.0271  	0.12148  	0.07331  	0.00280  	0.02575  	-0.0082  	-0.0058  	0.02752  	0.03839  	-0.0016  	0.01403  	-0.0144  	-0.0232  	-0.0131  	-0.0558  	-0.0670  	0.08927  	-0.0134  	0.10438  	-0.4137  	-0.0561  	0.02400  	0.00541  	0.62820  	0.50885  	265.059  	212.284  	
-0.2528  	-0.2039  	0.14049  	-0.2450  	0.25072  	-0.3781  	-0.6670  	-0.3472  	0.16682  	-0.4071  	-0.2737  	0.84267  	-0.2476  	-0.4686  	-0.7257  	0.24820  	0.16942  	-0.0122  	0.34360  	-0.1516  	-0.3312  	0.29075  	0.37120  	0.30981  	-0.0299  	0.14949  	0.22514  	-0.7587  	-0.2278  	-0.2562  	-0.1564  	0.04681  	-0.0409  	-0.0528  	0.19749  	0.15487  	0.37842  	0.16244  	-0.4032  	-0.1352  	0.32533  	0.07786  	0.05643  	0.25258  	-0.0094  	-0.0441  	-0.0242  	0.12285  	0.07547  	-0.0064  	0.02449  	-0.0124  	-0.0010  	0.02623  	0.03986  	-0.0034  	0.01906  	-0.0199  	-0.0248  	-0.0096  	-0.0594  	-0.0639  	0.08824  	-0.0110  	0.10438  	-0.4137  	-0.0561  	0.02400  	0.00541  	0.62820  	0.50885  	265.059  	212.284  	
-0.1806  	-0.1894  	0.20072  	-0.2285  	0.32169  	-0.3541  	-0.6448  	-0.3298  	0.20362  	-0.3164  	-0.2456  	0.96456  	-0.2238  	-0.4948  	-0.8153  	0.33423  	0.12089  	0.04673  	0.34367  	-0.0942  	-0.4460  	0.26574  	0.28259  	0.26526  	-0.0335  	0.15335  	0.15597  	-0.6415  	-0.1323  	-0.2716  	-0.1694  	0.02825  	-0.0186  	-0.0475  	0.16527  	0.18049  	0.29232  	0.15604  	-0.3615  	-0.0858  	0.36012  	0.07782  	0.06545  	0.27147  	-0.0189  	-0.0425  	-0.0256  	0.14240  	0.08086  	-0.0053  	0.02540  	-0.0137  	-0.0049  	0.02369  	0.04318  	-0.0062  	0.01904  	-0.0247  	-0.0258  	-0.0087  	-0.0545  	-0.0622  	0.08889  	-0.0081  	0.10438  	-0.4137  	-0.0561  	0.02400  	0.00541  	0.62820  	0.50885  	265.059  	212.284  	
-0.2011  	-0.2035  	0.18833  	-0.2482  	0.31490  	-0.3635  	-0.6450  	-0.3420  	0.18707  	-0.3485  	-0.2954  	0.91641  	-0.2149  	-0.4852  	-0.8614  	0.34548  	0.13187  	0.02224  	0.33756  	-0.1067  	-0.4342  	0.25548  	0.27213  	0.28490  	-0.0376  	0.15414  	0.20427  	-0.6691  	-0.1611  	-0.2670  	-0.1671  	0.04223  	-0.0169  	-0.0465  	0.18177  	0.17829  	0.30296  	0.14668  	-0.3642  	-0.0872  	0.34864  	0.09202  	0.06760  	0.27297  	-0.0146  	-0.0399  	-0.0262  	0.14672  	0.08577  	-0.0023  	0.02482  	-0.0123  	-0.0050  	0.02678  	0.04038  	-0.0075  	0.01960  	-0.0224  	-0.0246  	-0.0120  	-0.0584  	-0.0617  	0.09010  	-0.0095  	0.10438  	-0.4137  	-0.0561  	0.02400  	0.00541  	0.62820  	0.50885  	265.059  	212.284  	
-0.2031  	-0.1270  	0.27457  	-0.1601  	0.29769  	-0.3497  	-0.6477  	-0.2628  	0.18211  	-0.3489  	-0.4061  	0.97770  	-0.2068  	-0.3424  	-0.7221  	0.24854  	0.16999  	0.02875  	0.34294  	-0.1220  	-0.3950  	0.28988  	0.35140  	0.29086  	-0.1148  	0.17465  	0.21210  	-0.7655  	-0.1569  	-0.3162  	-0.1677  	0.01743  	0.00942  	-0.0569  	0.15982  	0.11366  	0.31367  	0.16625  	-0.3802  	-0.0900  	0.35614  	0.07655  	0.07032  	0.27882  	-0.0111  	-0.0292  	-0.0141  	0.15464  	0.08981  	-0.0075  	0.01300  	-0.0220  	-0.0052  	0.02498  	0.03930  	-0.0098  	0.00520  	-0.0152  	-0.0359  	-0.0062  	-0.0486  	-0.0536  	0.07605  	-0.0089  	0.10438  	-0.4137  	-0.0561  	0.02400  	0.00541  	0.62820  	0.50885  	265.059  	212.284  	
-0.1288  	-0.1019  	0.24120  	-0.1435  	0.27691  	-0.3230  	-0.6270  	-0.2152  	0.21278  	-0.3485  	-0.4694  	0.90989  	-0.1446  	-0.1721  	-0.5979  	0.13034  	0.20922  	-0.0076  	0.33639  	-0.1504  	-0.3325  	0.30425  	0.38679  	0.28107  	0.02063  	0.13890  	0.29604  	-0.8050  	-0.1650  	-0.2370  	-0.1363  	-0.0132  	0.00983  	-0.0510  	0.17747  	0.09333  	0.33595  	0.14858  	-0.3804  	-0.1318  	0.31062  	0.08028  	0.07371  	0.27059  	-0.0176  	-0.0321  	-0.0226  	0.16536  	0.08798  	0.00561  	0.01921  	-0.0112  	-0.0110  	0.02488  	0.04100  	0.00398  	0.00295  	-0.0243  	-0.0276  	-0.0072  	-0.0435  	-0.0437  	0.08714  	-0.0147  	0.10438  	-0.4137  	-0.0561  	0.02400  	0.00541  	0.62820  	0.50885  	265.059  	212.284  	
-0.3319  	-0.1377  	0.09832  	-0.3494  	0.24441  	-0.4599  	-0.6693  	-0.2572  	0.22773  	-0.4074  	-0.3280  	0.87881  	-0.1594  	-0.3200  	-0.7034  	0.06577  	0.19751  	-0.0146  	0.33769  	-0.1552  	-0.2925  	0.25512  	0.40937  	0.35606  	-0.0598  	0.17130  	0.22836  	-0.8150  	-0.2208  	-0.2996  	-0.1401  	0.00049  	0.00626  	-0.0493  	0.16824  	0.03964  	0.35758  	0.15883  	-0.3627  	-0.0894  	0.32277  	0.06540  	0.06096  	0.25709  	-0.0217  	-0.0371  	-0.0252  	0.15433  	0.07374  	-0.0033  	0.00991  	-0.0165  	-0.0184  	0.03101  	0.03517  	-0.0131  	0.00528  	-0.0279  	-0.0249  	-0.0124  	-0.0520  	-0.0475  	0.08382  	-0.0135  	0.10438  	-0.4137  	-0.0561  	0.02400  	0.00541  	0.62820  	0.50885  	265.059  	212.284  	
-0.5524  	-0.2282  	0.07925  	-0.6148  	0.09207  	-0.5149  	-0.6919  	-0.3808  	0.17623  	-0.3866  	-0.2458  	0.79144  	-0.2629  	-0.5898  	-0.9084  	0.08109  	0.19695  	0.02063  	0.37307  	-0.1689  	-0.3492  	0.23815  	0.44569  	0.26304  	-0.0813  	0.19498  	0.17303  	-0.7435  	-0.1694  	-0.3065  	-0.1362  	0.01445  	-0.0072  	-0.0628  	0.05184  	0.11146  	0.33425  	0.15911  	-0.3729  	-0.1375  	0.38832  	0.07716  	0.06178  	0.27061  	-0.0053  	-0.0403  	-0.0232  	0.12739  	0.06333  	-0.0034  	0.00316  	-0.0102  	-0.0088  	0.02805  	0.03071  	-0.0173  	0.01570  	-0.0202  	-0.0229  	-0.0173  	-0.0489  	-0.0525  	0.08037  	-0.0096  	0.10438  	-0.4137  	-0.0561  	0.02400  	0.00541  	0.62820  	0.50885  	265.059  	212.284  	
-0.5557  	-0.2390  	0.03903  	-0.5334  	0.10407  	-0.5136  	-0.6738  	-0.3840  	0.18541  	-0.3917  	-0.2448  	0.84627  	-0.2871  	-0.6146  	-0.9128  	0.12165  	0.19381  	0.01466  	0.33917  	-0.1715  	-0.4594  	0.27298  	0.49624  	0.22464  	-0.0894  	0.22005  	0.11883  	-0.6488  	-0.0965  	-0.2820  	-0.1051  	-0.0106  	-0.0263  	-0.0556  	0.00803  	0.12007  	0.27978  	0.14551  	-0.3587  	-0.1305  	0.42916  	0.06699  	0.09131  	0.30025  	-0.0115  	-0.0406  	-0.0186  	0.13671  	0.07256  	-0.0014  	0.01185  	-0.0118  	-0.0124  	0.02829  	0.03625  	-0.0138  	0.01175  	-0.0232  	-0.0247  	-0.0138  	-0.0509  	-0.0485  	0.08133  	-0.0050  	0.10438  	-0.4137  	-0.0561  	0.02400  	0.00541  	0.62820  	0.50885  	265.059  	212.284  	
-0.3184  	-0.2267  	0.09155  	-0.2417  	0.26172  	-0.4554  	-0.6725  	-0.3569  	0.16793  	-0.3500  	-0.3295  	0.98304  	-0.2246  	-0.5452  	-0.8636  	0.24142  	0.18125  	0.03022  	0.32199  	-0.1143  	-0.4896  	0.24921  	0.35630  	0.25455  	-0.0629  	0.19438  	0.16442  	-0.6242  	-0.1479  	-0.2615  	-0.1366  	0.01542  	-0.0270  	-0.0604  	0.08787  	0.14789  	0.26764  	0.13155  	-0.3671  	-0.1014  	0.36065  	0.05989  	0.06832  	0.28433  	-0.0234  	-0.0374  	-0.0196  	0.14101  	0.07765  	-0.0006  	0.01585  	-0.0112  	-0.0069  	0.02908  	0.03950  	-0.0135  	0.01850  	-0.0219  	-0.0266  	-0.0215  	-0.0566  	-0.0546  	0.08331  	-0.0091  	0.10438  	-0.4137  	-0.0561  	0.02400  	0.00541  	0.62820  	0.50885  	265.059  	212.284  	
-0.2376  	-0.1647  	0.19070  	-0.1704  	0.36892  	-0.4635  	-0.6352  	-0.3232  	0.18226  	-0.2676  	-0.3024  	0.99630  	-0.2150  	-0.5083  	-0.8898  	0.35915  	0.12536  	0.07100  	0.32628  	-0.0580  	-0.5390  	0.26927  	0.25040  	0.24571  	-0.0126  	0.17427  	0.14557  	-0.5833  	-0.0884  	-0.2689  	-0.1689  	0.02201  	-0.0166  	-0.0585  	0.09440  	0.19639  	0.22031  	0.14587  	-0.3194  	-0.0886  	0.36262  	0.07810  	0.08789  	0.28286  	-0.0183  	-0.0452  	-0.0190  	0.16109  	0.08768  	-0.0097  	0.02046  	-0.0158  	-0.0048  	0.02316  	0.04343  	-0.0176  	0.02241  	-0.0230  	-0.0254  	-0.0133  	-0.0590  	-0.0601  	0.08754  	-0.0054  	0.10438  	-0.4137  	-0.0561  	0.02400  	0.00541  	0.62820  	0.50885  	265.059  	212.284  	
-0.2261  	-0.1811  	0.18906  	-0.1572  	0.38469  	-0.4300  	-0.6231  	-0.3589  	0.18532  	-0.2892  	-0.3592  	0.95162  	-0.2145  	-0.5067  	-0.8694  	0.37172  	0.12278  	0.05776  	0.34548  	-0.1036  	-0.5528  	0.29678  	0.23851  	0.24872  	0.05491  	0.15809  	0.20531  	-0.5856  	-0.0516  	-0.2149  	-0.1772  	0.04352  	-0.0395  	-0.0448  	0.10362  	0.23086  	0.22395  	0.15249  	-0.3232  	-0.0794  	0.36180  	0.08845  	0.08752  	0.28452  	-0.0178  	-0.0410  	-0.0311  	0.16303  	0.09267  	-0.0174  	0.03136  	-0.0119  	0.00062  	0.02861  	0.04449  	-0.0135  	0.01644  	-0.0258  	-0.0160  	-0.0107  	-0.0579  	-0.0666  	0.08543  	-0.0119  	0.10438  	-0.4137  	-0.0561  	0.02400  	0.00541  	0.62820  	0.50885  	265.059  	212.284  	
-0.3264  	-0.1607  	0.11099  	-0.2177  	0.32005  	-0.4020  	-0.6318  	-0.3631  	0.15870  	-0.3875  	-0.3938  	0.90645  	-0.2439  	-0.4740  	-0.8123  	0.23334  	0.18752  	0.02388  	0.33506  	-0.1120  	-0.5278  	0.27714  	0.29621  	0.25449  	0.06485  	0.15229  	0.17880  	-0.6093  	-0.0487  	-0.2102  	-0.1768  	0.02487  	-0.0496  	-0.0438  	0.08814  	0.21537  	0.23745  	0.14981  	-0.3165  	-0.1109  	0.36761  	0.06814  	0.07306  	0.27687  	-0.0175  	-0.0408  	-0.0310  	0.14621  	0.08621  	-0.0068  	0.02668  	-0.0108  	-0.0045  	0.03029  	0.04440  	-0.0122  	0.02046  	-0.0193  	-0.0185  	-0.0161  	-0.0568  	-0.0582  	0.09370  	-0.0124  	0.10438  	-0.4137  	-0.0561  	0.02400  	0.00541  	0.62820  	0.50885  	265.059  	212.284  	
-0.3770  	-0.1986  	0.10504  	-0.2657  	0.26893  	-0.3883  	-0.6565  	-0.3694  	0.17376  	-0.4660  	-0.3640  	0.84325  	-0.2496  	-0.5111  	-0.7465  	0.18185  	0.21860  	0.00026  	0.35000  	-0.1323  	-0.4286  	0.23284  	0.37438  	0.30548  	0.03577  	0.17139  	0.23175  	-0.6467  	-0.1345  	-0.2382  	-0.1756  	0.03484  	-0.0530  	-0.0621  	0.12176  	0.16458  	0.31612  	0.16311  	-0.3636  	-0.1330  	0.36156  	0.06602  	0.06198  	0.28258  	-0.0207  	-0.0449  	-0.0313  	0.13279  	0.07325  	-0.0164  	0.02560  	-0.0070  	-0.0035  	0.02867  	0.03837  	-0.0087  	0.02193  	-0.0223  	-0.0180  	-0.0155  	-0.0589  	-0.0616  	0.09456  	-0.0087  	0.10438  	-0.4137  	-0.0561  	0.02400  	0.00541  	0.62820  	0.50885  	265.059  	212.284  	
-0.2950  	-0.1717  	0.13648  	-0.0646  	0.35584  	-0.3414  	-0.6902  	-0.3517  	0.15728  	-0.5150  	-0.4298  	0.90465  	-0.2076  	-0.4643  	-0.6320  	0.17324  	0.21606  	-0.0515  	0.36123  	-0.1456  	-0.3893  	0.25795  	0.37894  	0.31866  	0.05181  	0.16531  	0.32095  	-0.6816  	-0.1361  	-0.1914  	-0.1995  	0.03863  	-0.0389  	-0.0515  	0.14424  	0.14154  	0.31116  	0.16427  	-0.3796  	-0.1318  	0.29135  	0.10495  	0.04601  	0.27555  	-0.0108  	-0.0426  	-0.0346  	0.16104  	0.08000  	-0.0214  	0.01544  	-0.0150  	-0.0034  	0.01949  	0.03136  	-0.0056  	0.03041  	-0.0221  	-0.0132  	-0.0118  	-0.0576  	-0.0664  	0.09234  	-0.0074  	0.10438  	-0.4137  	-0.0561  	0.02400  	0.00541  	0.62820  	0.50885  	265.059  	212.284  	
-0.1214  	-0.1041  	0.16997  	0.11704  	0.45781  	-0.2322  	-0.6767  	-0.2393  	0.18678  	-0.5293  	-0.6472  	0.90151  	-0.1587  	-0.2788  	-0.3475  	0.15377  	0.23316  	-0.0673  	0.36585  	-0.2198  	-0.3705  	0.32546  	0.39463  	0.32146  	0.10417  	0.15668  	0.35206  	-0.7329  	-0.0896  	-0.1570  	-0.2054  	0.03536  	-0.0307  	-0.0549  	0.17793  	0.07957  	0.26316  	0.15521  	-0.3450  	-0.0683  	0.27125  	0.08638  	0.06701  	0.29008  	-0.0290  	-0.0402  	-0.0206  	0.16015  	0.09108  	-0.0279  	0.01834  	-0.0077  	-0.0040  	0.03253  	0.02595  	-0.0038  	0.01020  	-0.0298  	-0.0132  	0.00414  	-0.0548  	-0.0703  	0.08771  	-0.0248  	0.10438  	-0.4137  	-0.0561  	0.02400  	0.00541  	0.62820  	0.50885  	265.059  	212.284  	
-0.0976  	-0.1049  	0.20676  	0.04912  	0.41627  	-0.1708  	-0.6733  	-0.2112  	0.21539  	-0.5045  	-0.5407  	0.92819  	-0.1653  	-0.2723  	-0.3936  	0.17983  	0.19297  	-0.0753  	0.33840  	-0.1897  	-0.3138  	0.34720  	0.39461  	0.32378  	0.06124  	0.14860  	0.29618  	-0.7636  	-0.1456  	-0.2071  	-0.1686  	0.02735  	0.00137  	-0.0398  	0.18715  	0.08544  	0.33360  	0.14181  	-0.3422  	-0.0961  	0.30120  	0.08048  	0.06705  	0.30127  	-0.0269  	-0.0477  	-0.0280  	0.15007  	0.08320  	-0.0057  	0.01033  	-0.0171  	-0.0068  	0.03113  	0.02870  	0.00253  	0.01354  	-0.0276  	-0.0170  	-0.0081  	-0.0513  	-0.0614  	0.07936  	-0.0205  	0.10438  	-0.4137  	-0.0561  	0.02400  	0.00541  	0.62820  	0.50885  	265.059  	212.284  	
-0.0678  	-0.1066  	0.28102  	-0.1108  	0.35187  	-0.2653  	-0.6701  	-0.2452  	0.18030  	-0.4060  	-0.2763  	1.01037  	-0.2008  	-0.3266  	-0.7112  	0.31907  	0.13106  	0.02619  	0.37309  	-0.1195  	-0.3705  	0.31625  	0.29490  	0.31117  	-0.0404  	0.12079  	0.17926  	-0.7390  	-0.1275  	-0.2664  	-0.1865  	0.00675  	0.00446  	-0.0759  	0.20827  	0.12861  	0.32899  	0.14671  	-0.3733  	-0.0986  	0.37630  	0.08151  	0.06946  	0.27000  	-0.0197  	-0.0400  	-0.0338  	0.15860  	0.08251  	0.00112  	0.02347  	-0.0151  	-0.0009  	0.02543  	0.03771  	0.00263  	0.02041  	-0.0264  	-0.0269  	-0.0030  	-0.0500  	-0.0606  	0.07817  	-0.0158  	0.10438  	-0.4137  	-0.0561  	0.02400  	0.00541  	0.62820  	0.50885  	265.059  	212.284  	
-0.3914  	-0.2057  	0.09437  	-0.3956  	0.16789  	-0.4577  	-0.6710  	-0.3374  	0.16488  	-0.3124  	-0.2781  	0.88042  	-0.2319  	-0.4749  	-0.9273  	0.23016  	0.14619  	0.03955  	0.35237  	-0.1187  	-0.4534  	0.26578  	0.31965  	0.27129  	0.00421  	0.16817  	0.17581  	-0.6631  	-0.0753  	-0.2860  	-0.1441  	0.00594  	-0.0151  	-0.0714  	0.10516  	0.19787  	0.24936  	0.13708  	-0.3385  	-0.0806  	0.39004  	0.07476  	0.08203  	0.27631  	-0.0159  	-0.0421  	-0.0165  	0.14316  	0.07254  	0.00012  	0.03055  	-0.0109  	-0.0023  	0.03002  	0.03696  	-0.0152  	0.01675  	-0.0190  	-0.0194  	-0.0021  	-0.0547  	-0.0587  	0.08852  	-0.0057  	0.10438  	-0.4137  	-0.0561  	0.02400  	0.00541  	0.62820  	0.50885  	265.059  	212.284  	
-0.6001  	-0.2195  	0.04454  	-0.5773  	0.03947  	-0.5394  	-0.7002  	-0.3948  	0.17003  	-0.3515  	-0.2342  	0.81903  	-0.3139  	-0.5461  	-0.8429  	0.07970  	0.21583  	-0.0207  	0.35874  	-0.2231  	-0.3593  	0.22946  	0.46664  	0.25368  	-0.0540  	0.20410  	0.21967  	-0.7942  	-0.2000  	-0.2908  	-0.1132  	0.02285  	-0.0374  	-0.0612  	0.08447  	0.12327  	0.34642  	0.16338  	-0.3795  	-0.1593  	0.40850  	0.07030  	0.07474  	0.27924  	-0.0059  	-0.0401  	-0.0280  	0.12205  	0.04447  	0.00878  	0.00165  	-0.0072  	-0.0014  	0.03380  	0.03619  	-0.0134  	0.00564  	-0.0232  	-0.0171  	-0.0083  	-0.0517  	-0.0533  	0.09126  	-0.0062  	0.10438  	-0.4137  	-0.0561  	0.02400  	0.00541  	0.62820  	0.50885  	265.059  	212.284  	
-0.4645  	-0.2029  	0.08901  	-0.5243  	0.11063  	-0.4914  	-0.7173  	-0.3408  	0.18159  	-0.4257  	-0.2695  	0.86022  	-0.2958  	-0.5361  	-0.7997  	0.12328  	0.21426  	-0.0190  	0.34701  	-0.2488  	-0.3854  	0.29322  	0.55988  	0.25334  	-0.1336  	0.22688  	0.16991  	-0.7681  	-0.2049  	-0.3101  	-0.1155  	0.01498  	-0.0265  	-0.0584  	0.07061  	0.08396  	0.34284  	0.18857  	-0.3782  	-0.1473  	0.42856  	0.06916  	0.08000  	0.28642  	-0.0234  	-0.0402  	-0.0235  	0.13660  	0.06195  	0.00364  	0.00242  	-0.0094  	-0.0070  	0.02580  	0.03635  	-0.0170  	0.00652  	-0.0222  	-0.0193  	-0.0144  	-0.0515  	-0.0438  	0.08606  	-0.0087  	0.10438  	-0.4137  	-0.0561  	0.02400  	0.00541  	0.62820  	0.50885  	265.059  	212.284  	
-0.4074  	-0.1793  	0.10949  	-0.3873  	0.17286  	-0.4505  	-0.6798  	-0.3300  	0.22371  	-0.3985  	-0.3128  	0.94600  	-0.2185  	-0.4061  	-0.7923  	0.11684  	0.20478  	0.01767  	0.33454  	-0.1774  	-0.4476  	0.29231  	0.49343  	0.22853  	-0.1559  	0.22416  	0.06454  	-0.6595  	-0.1109  	-0.3130  	-0.1030  	-0.0154  	0.02962  	-0.0528  	0.02034  	0.06980  	0.27611  	0.16138  	-0.3505  	-0.1183  	0.42127  	0.04669  	0.10664  	0.28652  	-0.0328  	-0.0474  	-0.0192  	0.15094  	0.06968  	-9.4933  	-0.0002  	-0.0097  	-0.0106  	0.02773  	0.03440  	-0.0189  	0.00306  	-0.0299  	-0.0261  	-0.0166  	-0.0520  	-0.0436  	0.08776  	-0.0066  	0.10438  	-0.4137  	-0.0561  	0.02400  	0.00541  	0.62820  	0.50885  	265.059  	212.284  	
-0.2486  	-0.1395  	0.15063  	-0.2091  	0.29293  	-0.3921  	-0.6698  	-0.2818  	0.25181  	-0.3698  	-0.3956  	1.02127  	-0.1191  	-0.3195  	-0.6697  	0.19225  	0.16162  	0.03057  	0.32952  	-0.0911  	-0.4698  	0.29719  	0.38853  	0.18669  	-0.1262  	0.21186  	0.00817  	-0.6215  	-0.1027  	-0.2987  	-0.0925  	-0.0202  	0.05329  	-0.0318  	0.06590  	0.06252  	0.22356  	0.13963  	-0.3137  	-0.1061  	0.42925  	0.04642  	0.10395  	0.28245  	-0.0291  	-0.0382  	-0.0084  	0.16144  	0.07988  	0.00467  	0.00558  	-0.0124  	-0.0085  	0.02683  	0.03501  	-0.0154  	0.00122  	-0.0265  	-0.0308  	-0.0204  	-0.0480  	-0.0405  	0.08378  	-0.0062  	0.10438  	-0.4137  	-0.0561  	0.02400  	0.00541  	0.62820  	0.50885  	265.059  	212.284  	
-0.4079  	-0.1953  	-0.0081  	-0.2516  	0.32507  	-0.5790  	-0.6372  	-0.2550  	0.23303  	-0.3453  	-0.2217  	0.98500  	-0.1284  	-0.2075  	-0.7511  	0.16015  	0.10717  	0.02831  	0.30885  	-0.0595  	-0.4050  	0.31505  	0.28632  	0.31578  	-0.1414  	0.20387  	0.06144  	-0.6739  	-0.1173  	-0.2812  	-0.1359  	-0.0270  	0.02308  	-0.0394  	0.14939  	0.06865  	0.22551  	0.11824  	-0.3411  	-0.1132  	0.34205  	0.07719  	0.06467  	0.25085  	-0.0182  	-0.0435  	-0.0203  	0.14476  	0.08650  	0.01167  	0.01192  	-0.0138  	-0.0109  	0.02527  	0.03687  	-0.0146  	0.01792  	-0.0219  	-0.0211  	-0.0050  	-0.0536  	-0.0530  	0.07979  	-0.0071  	0.10438  	-0.4137  	-0.0561  	0.02400  	0.00541  	0.62820  	0.50885  	265.059  	212.284  	
-0.7109  	-0.2456  	-0.1011  	-0.4281  	0.28127  	-0.7002  	-0.6490  	-0.2782  	0.20114  	-0.3155  	-0.1496  	1.02027  	-0.1978  	-0.3243  	-0.8537  	0.06567  	0.14541  	0.05150  	0.32703  	-0.0112  	-0.4223  	0.27483  	0.34711  	0.27248  	-0.2297  	0.21873  	0.01302  	-0.5696  	-0.1099  	-0.3142  	-0.0968  	-0.0569  	0.05948  	-0.0322  	0.10266  	0.05572  	0.20030  	0.10407  	-0.3265  	-0.1123  	0.33532  	0.09490  	0.03623  	0.24916  	-0.0146  	-0.0447  	-0.0035  	0.15269  	0.07924  	0.00638  	0.00440  	-0.0145  	-0.0119  	0.02445  	0.03340  	-0.0172  	0.01180  	-0.0236  	-0.0307  	-0.0100  	-0.0524  	-0.0506  	0.06874  	-0.0170  	0.10438  	-0.4137  	-0.0561  	0.02400  	0.00541  	0.62820  	0.50885  	265.059  	212.284  	
-0.7052  	-0.2498  	-0.0655  	-0.4802  	0.24581  	-0.7961  	-0.6764  	-0.2366  	0.20067  	-0.2741  	-0.0683  	0.98818  	-0.2090  	-0.2888  	-0.8490  	0.04131  	0.15871  	-0.0056  	0.37144  	-0.0641  	-0.3466  	0.25966  	0.37682  	0.30787  	-0.2354  	0.21329  	0.05822  	-0.6827  	-0.1719  	-0.3205  	-0.1050  	-0.0400  	0.04261  	-0.0410  	0.12501  	0.01627  	0.26705  	0.12546  	-0.3404  	-0.1302  	0.36446  	0.09902  	0.02489  	0.23983  	-0.0173  	-0.0370  	-0.0182  	0.14935  	0.06757  	0.00182  	-0.0003  	-0.0121  	-0.0106  	0.02061  	0.02650  	-0.0162  	0.00601  	-0.0248  	-0.0198  	-0.0067  	-0.0439  	-0.0442  	0.06993  	-0.0203  	0.10438  	-0.4137  	-0.0561  	0.02400  	0.00541  	0.62820  	0.50885  	265.059  	212.284  	
-0.5216  	-0.2090  	0.08995  	-0.5557  	0.12082  	-0.7113  	-0.7575  	-0.1415  	0.18411  	-0.2833  	-0.1399  	0.93630  	-0.1328  	-0.3515  	-0.8193  	-0.0481  	0.29298  	-0.1499  	0.44092  	-0.4316  	-0.2740  	0.06880  	0.19472  	0.30360  	-0.2017  	0.31403  	0.11941  	-0.8550  	-0.1365  	-0.3154  	0.04973  	-0.0951  	-0.0859  	-0.2352  	2.93517  	0.01981  	0.19094  	0.14591  	-0.4357  	-0.2188  	0.45950  	0.21032  	-0.0547  	0.32892  	-0.0882  	-0.0205  	-0.0491  	0.16856  	0.06341  	-0.0282  	0.00440  	-0.0088  	-0.0118  	0.03952  	0.03427  	-0.0210  	0.00585  	-0.0400  	-0.0186  	-0.0058  	-0.0440  	-0.0503  	0.06328  	-0.0099  	0.10438  	-0.4137  	-0.0561  	0.02400  	0.00541  	0.62820  	0.50885  	265.059  	212.284  	
-0.5547  	-0.1800  	0.18127  	-0.6957  	0.02945  	-0.6536  	-0.7312  	-0.1905  	0.16613  	-0.3030  	-0.1883  	0.85549  	-0.1435  	-0.5251  	-0.8774  	-0.0912  	0.36343  	-0.2809  	0.51550  	-0.6228  	-0.2662  	-0.1323  	0.03702  	0.23500  	-0.2364  	0.39434  	0.09743  	-0.8940  	0.02050  	-0.3267  	0.13948  	-0.1147  	-0.1705  	-0.3588  	-0.1441  	0.00694  	0.11667  	0.14947  	-0.5270  	-0.2801  	0.56208  	0.28970  	-0.1010  	0.43734  	-0.1157  	-0.0170  	-0.0639  	0.18169  	0.05214  	-0.0249  	0.00787  	-0.0099  	-0.0128  	0.05744  	0.04067  	-0.0263  	0.00754  	-0.0458  	-0.0359  	0.00602  	-0.0361  	-0.0508  	0.06409  	-0.0061  	0.10438  	-0.4137  	-0.0561  	0.02400  	0.00541  	0.62820  	0.50885  	265.059  	212.284  	
-0.5270  	-0.1333  	0.17943  	-0.5917  	0.04727  	-0.6072  	-0.7909  	-0.2073  	0.17622  	-0.3785  	-0.2135  	0.87176  	-0.1654  	-0.6477  	-0.7802  	-0.0524  	0.41752  	-0.3478  	0.52690  	-0.7346  	-0.2427  	-0.1524  	0.03627  	0.22783  	-0.2747  	0.43062  	0.14581  	-0.9478  	0.01753  	-0.3449  	0.13050  	-0.1122  	-0.2000  	-0.3910  	-0.1636  	-0.0022  	0.14087  	0.15759  	-0.5750  	-0.3030  	0.60954  	0.31395  	-0.1264  	0.45345  	-0.1397  	-0.0071  	-0.0671  	0.19550  	0.04021  	-0.0290  	0.01195  	-0.0002  	-0.0116  	0.06826  	0.04507  	-0.0233  	0.00517  	-0.0500  	-0.0243  	0.00994  	-0.0387  	-0.0526  	0.05278  	-0.0020  	0.10438  	-0.4137  	-0.0561  	0.02400  	0.00541  	0.62820  	0.50885  	265.059  	212.284  	
-0.4888  	-0.1608  	0.16069  	-0.4844  	0.11613  	-0.5574  	-0.7725  	-0.2348  	0.17013  	-0.4347  	-0.2279  	0.93965  	-0.1882  	-0.6454  	-0.7850  	0.01229  	0.37516  	-0.3089  	0.48146  	-0.6708  	-0.2912  	-0.1317  	0.07649  	0.24731  	-0.2583  	0.40903  	0.10863  	-0.8722  	-0.0016  	-0.3323  	0.10809  	-0.0958  	-0.1792  	-0.3510  	-0.1207  	0.03477  	0.15559  	0.15625  	-0.5631  	-0.2944  	0.57888  	0.28952  	-0.1106  	0.44172  	-0.1314  	-0.0069  	-0.0603  	0.18183  	0.04296  	-0.0167  	0.01126  	-0.0065  	-0.0071  	0.05760  	0.04614  	-0.0266  	0.00454  	-0.0386  	-0.0270  	0.00071  	-0.0436  	-0.0497  	0.06099  	-0.0041  	0.10438  	-0.4137  	-0.0561  	0.02400  	0.00541  	0.62820  	0.50885  	265.059  	212.284  	
-0.5094  	-0.1599  	0.14566  	-0.4823  	0.14185  	-0.5312  	-0.7208  	-0.3079  	0.18118  	-0.3469  	-0.2717  	0.94748  	-0.1769  	-0.5239  	-0.8783  	0.06456  	0.28511  	-0.1634  	0.41229  	-0.4206  	-0.4323  	0.06523  	0.25384  	0.20240  	-0.2555  	0.34118  	0.03788  	-0.7299  	-0.0083  	-0.3363  	0.02456  	-0.0664  	-0.0847  	-0.2134  	-0.0845  	0.06760  	0.16283  	0.14395  	-0.4500  	-0.1969  	0.53971  	0.16540  	0.01079  	0.37729  	-0.0862  	-0.0259  	-0.0420  	0.18070  	0.06218  	-0.0131  	0.00984  	-0.0137  	-0.0126  	0.03976  	0.04524  	-0.0277  	0.00400  	-0.0338  	-0.0275  	-0.0128  	-0.0447  	-0.0438  	0.07073  	-0.0069  	0.10438  	-0.4137  	-0.0561  	0.02400  	0.00541  	0.62820  	0.50885  	265.059  	212.284  	
-0.6220  	-0.2198  	0.04494  	-0.5875  	0.12482  	-0.6122  	-0.6721  	-0.3896  	0.18166  	-0.2519  	-0.2451  	0.87392  	-0.1991  	-0.4476  	-0.9774  	0.11707  	0.16527  	0.04856  	0.34245  	-0.1293  	-0.5150  	0.23873  	0.41646  	0.21121  	-0.1340  	0.20257  	0.05100  	-0.6244  	-0.1101  	-0.2940  	-0.0764  	0.00374  	0.01311  	-0.0397  	0.03360  	0.14027  	0.20194  	0.11347  	-0.3245  	-0.1284  	0.44636  	0.04957  	0.10773  	0.28087  	-0.0179  	-0.0401  	-0.0150  	0.16041  	0.08746  	0.00194  	0.01570  	-0.0189  	-0.0109  	0.02457  	0.04059  	-0.0160  	0.01273  	-0.0168  	-0.0203  	-0.0172  	-0.0490  	-0.0435  	0.08820  	-0.0023  	0.10438  	-0.4137  	-0.0561  	0.02400  	0.00541  	0.62820  	0.50885  	265.059  	212.284  	
-0.8016  	-0.2850  	-0.0903  	-0.6706  	0.10798  	-0.7941  	-0.6896  	-0.4086  	0.13977  	-0.2272  	-0.0995  	0.88610  	-0.2179  	-0.4389  	-0.9742  	0.04196  	0.13904  	0.03976  	0.33486  	-0.1049  	-0.4625  	0.26490  	0.39067  	0.25224  	-0.1273  	0.21365  	0.04447  	-0.6665  	-0.1331  	-0.2969  	-0.0828  	-0.0407  	0.00479  	-0.0416  	0.07656  	0.14254  	0.21392  	0.11750  	-0.3309  	-0.1301  	0.38851  	0.08445  	0.06446  	0.24667  	-0.0116  	-0.0450  	-0.0240  	0.14120  	0.07182  	0.00442  	0.00316  	-0.0106  	-0.0100  	0.02290  	0.03298  	-0.0157  	0.01092  	-0.0241  	-0.0244  	-0.0125  	-0.0479  	-0.0454  	0.08927  	-0.0116  	0.10438  	-0.4137  	-0.0561  	0.02400  	0.00541  	0.62820  	0.50885  	265.059  	212.284  	
-0.7763  	-0.2566  	-0.0606  	-0.7230  	0.10124  	-0.8365  	-0.6551  	-0.3905  	0.13808  	-0.2161  	-0.0458  	0.84898  	-0.2458  	-0.4509  	-0.9643  	0.02188  	0.15555  	0.03576  	0.30901  	-0.1284  	-0.4383  	0.31149  	0.40165  	0.27672  	-0.1457  	0.20849  	0.06502  	-0.7193  	-0.1552  	-0.3066  	-0.0970  	-0.0301  	0.03565  	-0.0575  	0.03510  	0.12554  	0.26707  	0.12504  	-0.3417  	-0.1253  	0.38990  	0.08656  	0.04932  	0.24945  	-0.0109  	-0.0402  	-0.0163  	0.14246  	0.06941  	0.01048  	0.00173  	-0.0139  	-0.0089  	0.02477  	0.03588  	-0.0285  	0.01093  	-0.0217  	-0.0223  	-0.0120  	-0.0472  	-0.0344  	0.07930  	-0.0115  	0.10438  	-0.4137  	-0.0561  	0.02400  	0.00541  	0.62820  	0.50885  	265.059  	212.284  	
-0.6389  	-0.2252  	0.09661  	-0.7274  	0.05898  	-0.7692  	-0.6634  	-0.3178  	0.19216  	-0.2570  	-0.1836  	0.80368  	-0.2348  	-0.4117  	-0.9548  	0.03663  	0.19749  	-0.0322  	0.36076  	-0.1753  	-0.3483  	0.30457  	0.48182  	0.32861  	-0.1219  	0.22337  	0.21661  	-0.8344  	-0.2105  	-0.3002  	-0.1019  	-0.0388  	-0.0095  	-0.0641  	0.05439  	0.07505  	0.32126  	0.14221  	-0.3698  	-0.1261  	0.42446  	0.07652  	0.06087  	0.27404  	-0.0100  	-0.0466  	-0.0160  	0.14807  	0.06704  	-0.0011  	-0.0045  	-0.0110  	-0.0151  	0.03531  	0.02332  	-0.0239  	0.00639  	-0.0270  	-0.0237  	-0.0072  	-0.0535  	-0.0411  	0.08104  	-0.0099  	0.10438  	-0.4137  	-0.0561  	0.02400  	0.00541  	0.62820  	0.50885  	265.059  	212.284  	
-0.3807  	-0.2150  	0.15613  	-0.3976  	0.19003  	-0.4256  	-0.6796  	-0.2585  	0.22390  	-0.3958  	-0.3695  	0.89765  	-0.2068  	-0.4230  	-0.8649  	0.24667  	0.23469  	0.04419  	0.37341  	-0.1569  	-0.4525  	0.25484  	0.40388  	0.26602  	-0.0980  	0.21020  	0.14614  	-0.7014  	-0.1887  	-0.2942  	-0.1340  	0.00526  	0.02377  	-0.0667  	0.08060  	0.09994  	0.27519  	0.12428  	-0.3408  	-0.1097  	0.39100  	0.06312  	0.08140  	0.27190  	-0.0149  	-0.0318  	-0.0177  	0.15165  	0.07498  	0.00729  	0.01404  	-0.0144  	-0.0083  	0.02496  	0.03702  	-0.0128  	0.00972  	-0.0211  	-0.0272  	-0.0107  	-0.0563  	-0.0371  	0.09028  	-0.0093  	0.10438  	-0.4137  	-0.0561  	0.02400  	0.00541  	0.62820  	0.50885  	265.059  	212.284  	
-0.2295  	-0.1505  	0.22939  	-0.2321  	0.31473  	-0.4193  	-0.6529  	-0.3107  	0.22856  	-0.3446  	-0.3203  	0.99978  	-0.2053  	-0.4787  	-0.8208  	0.33368  	0.15048  	0.04965  	0.33132  	-0.0427  	-0.4837  	0.27362  	0.30889  	0.22528  	-0.1092  	0.19526  	0.04776  	-0.6143  	-0.1095  	-0.2955  	-0.1412  	-0.0045  	0.00966  	-0.0453  	0.08688  	0.12994  	0.23926  	0.13751  	-0.3245  	-0.0774  	0.38321  	0.06735  	0.10319  	0.28491  	-0.0212  	-0.0359  	-0.0132  	0.16476  	0.08244  	-0.0036  	0.03063  	-0.0158  	-0.0047  	0.01812  	0.04037  	-0.0169  	0.01584  	-0.0258  	-0.0242  	-0.0111  	-0.0575  	-0.0545  	0.08529  	-0.0067  	0.10438  	-0.4137  	-0.0561  	0.02400  	0.00541  	0.62820  	0.50885  	265.059  	212.284  	
-0.3153  	-0.1452  	0.19037  	-0.2743  	0.27512  	-0.4311  	-0.6674  	-0.3305  	0.18810  	-0.3140  	-0.2979  	0.93401  	-0.2554  	-0.4991  	-0.8976  	0.31009  	0.16270  	0.07649  	0.36000  	-0.0712  	-0.4610  	0.25471  	0.28049  	0.26957  	-0.0086  	0.15777  	0.16651  	-0.6179  	-0.0946  	-0.2522  	-0.1653  	0.04070  	-0.0268  	-0.0598  	0.08209  	0.18875  	0.26061  	0.14110  	-0.3304  	-0.0834  	0.36497  	0.05979  	0.08028  	0.28520  	-0.0205  	-0.0448  	-0.0346  	0.15287  	0.09056  	-0.0084  	0.02146  	-0.0179  	-0.0002  	0.02768  	0.04334  	-0.0076  	0.01584  	-0.0246  	-0.0173  	-0.0047  	-0.0504  	-0.0563  	0.09043  	-0.0074  	0.10438  	-0.4137  	-0.0561  	0.02400  	0.00541  	0.62820  	0.50885  	265.059  	212.284  	
-0.5549  	-0.2351  	-0.0465  	-0.3496  	0.24468  	-0.5613  	-0.6591  	-0.3448  	0.17176  	-0.3641  	-0.2692  	0.92972  	-0.2421  	-0.4260  	-0.8031  	0.07932  	0.15481  	0.04795  	0.32421  	-0.1242  	-0.4637  	0.28175  	0.36528  	0.24318  	-0.0343  	0.18620  	0.15041  	-0.6319  	-0.0702  	-0.2523  	-0.1354  	-0.0066  	-0.0181  	-0.0451  	0.08299  	0.15685  	0.25145  	0.13144  	-0.3227  	-0.1124  	0.35903  	0.08019  	0.05003  	0.26551  	-0.0089  	-0.0427  	-0.0228  	0.12933  	0.06860  	-0.0129  	0.01894  	-0.0145  	-0.0078  	0.02657  	0.03693  	-0.0160  	0.01902  	-0.0224  	-0.0240  	-0.0135  	-0.0543  	-0.0552  	0.08319  	-0.0057  	0.10438  	-0.4137  	-0.0561  	0.02400  	0.00541  	0.62820  	0.50885  	265.059  	212.284  	
-0.6060  	-0.2376  	-0.0002  	-0.5430  	0.14676  	-0.5999  	-0.6654  	-0.3579  	0.16721  	-0.3168  	-0.1895  	0.87553  	-0.2508  	-0.4632  	-0.8881  	0.05301  	0.17262  	0.02509  	0.32648  	-0.0985  	-0.4015  	0.23494  	0.41594  	0.23560  	-0.0902  	0.19912  	0.11872  	-0.6653  	-0.1080  	-0.3001  	-0.1200  	-0.0138  	-0.0054  	-0.0422  	0.06152  	0.10790  	0.27926  	0.13947  	-0.3391  	-0.1359  	0.38619  	0.06638  	0.06377  	0.27533  	-0.0094  	-0.0407  	-0.0191  	0.12842  	0.06873  	-0.0064  	0.00906  	-0.0126  	-0.0093  	0.02442  	0.03289  	-0.0155  	0.01230  	-0.0248  	-0.0273  	-0.0159  	-0.0459  	-0.0489  	0.08639  	-0.0087  	0.10438  	-0.4137  	-0.0561  	0.02400  	0.00541  	0.62820  	0.50885  	265.059  	212.284  	
-0.7293  	-0.2379  	-0.0292  	-0.6672  	0.09488  	-0.6680  	-0.6593  	-0.4140  	0.15680  	-0.2849  	-0.1559  	0.88261  	-0.2365  	-0.5124  	-1.0051  	0.04926  	0.15231  	0.04947  	0.34545  	-0.0953  	-0.4815  	0.25803  	0.44196  	0.19729  	-0.1297  	0.21893  	0.02981  	-0.6472  	-0.0970  	-0.3211  	-0.0997  	-0.0387  	0.00347  	-0.0373  	0.00767  	0.11384  	0.22608  	0.12187  	-0.3069  	-0.1400  	0.42043  	0.07665  	0.08287  	0.27362  	-0.0108  	-0.0423  	-0.0240  	0.14367  	0.06737  	0.00211  	0.00361  	-0.0117  	-0.0110  	0.02499  	0.02919  	-0.0146  	0.01100  	-0.0236  	-0.0266  	-0.0162  	-0.0429  	-0.0505  	0.08784  	-0.0149  	0.10438  	-0.4137  	-0.0561  	0.02400  	0.00541  	0.62820  	0.50885  	265.059  	212.284  	
-0.9228  	-0.3112  	-0.1186  	-0.7616  	0.07873  	-0.8119  	-0.6843  	-0.4334  	0.15545  	-0.2401  	-0.0368  	0.90367  	-0.2536  	-0.5455  	-1.0783  	0.01462  	0.16757  	0.05115  	0.32060  	-0.0793  	-0.4537  	0.27998  	0.45614  	0.24991  	-0.1851  	0.23693  	0.00753  	-0.6738  	-0.1597  	-0.3328  	-0.0713  	-0.0389  	0.00810  	-0.0420  	0.01339  	0.11539  	0.20857  	0.11439  	-0.3264  	-0.1293  	0.41111  	0.08439  	0.05557  	0.24282  	-0.0167  	-0.0462  	-0.0227  	0.14287  	0.07210  	0.00692  	-0.0021  	-0.0140  	-0.0098  	0.02814  	0.03651  	-0.0198  	0.01094  	-0.0242  	-0.0260  	-0.0099  	-0.0455  	-0.0375  	0.08528  	-0.0142  	0.10438  	-0.4137  	-0.0561  	0.02400  	0.00541  	0.62820  	0.50885  	265.059  	212.284  	
-0.8371  	-0.3147  	-0.1396  	-0.6688  	0.13980  	-0.7833  	-0.6782  	-0.3597  	0.18321  	-0.2453  	-0.0444  	0.93146  	-0.2245  	-0.4916  	-0.9824  	-0.0045  	0.18394  	-0.0073  	0.34130  	-0.0802  	-0.3636  	0.26618  	0.44546  	0.27176  	-0.2033  	0.22029  	0.05749  	-0.6735  	-0.1934  	-0.3043  	-0.1021  	-0.0291  	0.00985  	-0.0481  	0.06979  	0.06975  	0.26265  	0.11593  	-0.3472  	-0.1401  	0.36768  	0.07994  	0.03909  	0.24160  	-0.0129  	-0.0409  	-0.0168  	0.14441  	0.07196  	0.00689  	0.00632  	-0.0142  	-0.0112  	0.02852  	0.03261  	-0.0177  	0.00561  	-0.0251  	-0.0246  	-0.0089  	-0.0460  	-0.0440  	0.08080  	-0.0159  	0.10438  	-0.4137  	-0.0561  	0.02400  	0.00541  	0.62820  	0.50885  	265.059  	212.284  	
-0.7247  	-0.2191  	0.01931  	-0.6929  	0.07541  	-0.7760  	-0.7342  	-0.2672  	0.15781  	-0.1857  	-0.0644  	0.89506  	-0.2439  	-0.3758  	-1.0318  	-0.0511  	0.20055  	-0.0372  	0.36150  	-0.1316  	-0.3242  	0.30269  	0.46266  	0.31623  	-0.1403  	0.20373  	0.11132  	-0.7891  	-0.1950  	-0.3130  	-0.0793  	-0.0405  	-0.0045  	-0.0586  	0.04104  	0.07112  	0.31786  	0.13761  	-0.3055  	-0.1671  	0.38547  	0.08220  	0.04845  	0.23795  	-0.0184  	-0.0343  	-0.0234  	0.14962  	0.06524  	-0.0013  	-0.0076  	-0.0105  	-0.0140  	0.02400  	0.02693  	-0.0241  	0.00946  	-0.0194  	-0.0204  	-0.0156  	-0.0499  	-0.0510  	0.07979  	-0.0175  	0.10438  	-0.4137  	-0.0561  	0.02400  	0.00541  	0.62820  	0.50885  	265.059  	212.284  	
-0.5581  	-0.2331  	0.07572  	-0.7452  	0.01737  	-0.6858  	-0.7221  	-0.2237  	0.21716  	-0.1731  	-0.1933  	0.84196  	-0.2118  	-0.3448  	-0.9300  	-0.0410  	0.20075  	-0.0093  	0.39347  	-0.1845  	-0.3195  	0.29417  	0.48143  	0.31475  	-0.0585  	0.18701  	0.20950  	-0.8403  	-0.2008  	-0.2796  	-0.0857  	-0.0540  	-0.0295  	-0.0630  	0.03698  	0.04156  	0.32291  	0.15055  	-0.3631  	-0.1135  	0.38975  	0.07165  	0.06814  	0.27485  	-0.0177  	-0.0505  	-0.0159  	0.14555  	0.08012  	0.00234  	-0.0020  	-0.0171  	-0.0211  	0.03357  	0.02115  	-0.0223  	0.00133  	-0.0290  	-0.0315  	-0.0074  	-0.0548  	-0.0429  	0.08360  	-0.0149  	0.10438  	-0.4137  	-0.0561  	0.02400  	0.00541  	0.62820  	0.50885  	265.059  	212.284  	
-0.4007  	-0.1378  	0.15913  	-0.3330  	0.24941  	-0.4240  	-0.6779  	-0.1436  	0.25717  	-0.4510  	-0.2242  	1.01085  	-0.1761  	-0.2259  	-0.6304  	0.11449  	0.20186  	-0.0151  	0.38905  	-0.0989  	-0.2325  	0.22937  	0.39074  	0.37648  	-0.2135  	0.19176  	0.25258  	-0.8167  	-0.2926  	-0.3373  	-0.1212  	-0.0214  	0.04531  	-0.0601  	0.17717  	-0.0226  	0.34373  	0.16278  	-0.3708  	-0.0854  	0.35864  	0.04456  	0.06890  	0.26679  	-0.0111  	-0.0469  	-0.0241  	0.14664  	0.06111  	0.01163  	0.01142  	-0.0114  	-0.0275  	0.02888  	0.01981  	9.1244e  	-0.0116  	-0.0373  	-0.0346  	-0.0109  	-0.0428  	-0.0406  	0.07079  	-0.0241  	0.10438  	-0.4137  	-0.0561  	0.02400  	0.00541  	0.62820  	0.50885  	265.059  	212.284  	
0.07793  	-0.0367  	0.39515  	0.03491  	0.39067  	-0.1103  	-0.6534  	-0.1448  	0.28695  	-0.5294  	-0.5069  	1.04302  	-0.0342  	0.01963  	-0.2503  	0.20673  	0.19619  	-0.0692  	0.31300  	-0.1533  	-0.2647  	0.31652  	0.42125  	0.26766  	-0.2576  	0.19383  	0.12459  	-0.7883  	-0.2203  	-0.2766  	-0.1011  	-0.0044  	0.07932  	-0.0523  	0.18581  	-0.0196  	0.35809  	0.14826  	-0.3820  	-0.1315  	0.35569  	0.03042  	0.11714  	0.29131  	-0.0099  	-0.0404  	-0.0094  	0.18085  	0.09453  	0.00500  	-0.0053  	-0.0275  	-0.0149  	0.01587  	0.02375  	-0.0108  	-0.0051  	-0.0353  	-0.0332  	-0.0086  	-0.0557  	-0.0420  	0.07576  	-0.0143  	0.10438  	-0.4137  	-0.0561  	0.02400  	0.00541  	0.62820  	0.50885  	265.059  	212.284  	
0.23988  	0.00524  	0.44219  	-0.0520  	0.33350  	-0.1941  	-0.5760  	-0.1169  	0.25766  	-0.5193  	-0.5405  	0.95352  	-0.0002  	0.02941  	-0.2992  	0.17090  	0.16481  	-0.0427  	0.33456  	-0.2738  	-0.2954  	0.36543  	0.38806  	0.28380  	-0.0975  	0.15990  	0.19283  	-0.8535  	-0.1808  	-0.2478  	-0.1238  	0.01831  	0.05376  	-0.0597  	0.17505  	-0.0094  	0.35955  	0.15064  	-0.3227  	-0.1224  	0.34390  	0.07101  	0.09846  	0.27663  	-0.0480  	-0.0341  	-0.0409  	0.20560  	0.09864  	-0.0144  	0.01546  	-0.0100  	-0.0045  	0.01830  	0.02843  	0.00745  	0.00393  	-0.0329  	-0.0253  	-0.0146  	-0.0472  	-0.0378  	0.07725  	-0.0213  	0.10438  	-0.4137  	-0.0561  	0.02400  	0.00541  	0.62820  	0.50885  	265.059  	212.284  	
0.06089  	0.00319  	0.26078  	0.33859  	0.57996  	-0.2280  	-0.6652  	-0.1666  	0.23852  	-0.4563  	-0.6611  	0.92688  	-0.0225  	0.08232  	-0.1385  	0.19497  	0.19986  	-0.1727  	0.33820  	-0.2275  	-0.2795  	0.36785  	0.30880  	0.35591  	0.12959  	0.13076  	0.42015  	-0.8556  	-0.1439  	-0.1281  	-0.2012  	-0.0034  	-0.0161  	-0.0382  	0.33641  	0.02231  	0.35865  	0.10908  	-0.3463  	-0.0999  	0.18962  	0.13060  	0.05057  	0.25574  	-0.0305  	-0.0435  	-0.0297  	0.18760  	0.10548  	-0.0242  	0.02996  	-0.0163  	-0.0175  	0.02120  	0.02963  	0.01523  	0.01559  	-0.0237  	-0.0190  	-0.0151  	-0.0563  	-0.0531  	0.07651  	-0.0226  	0.10438  	-0.4137  	-0.0561  	0.02400  	0.00541  	0.62820  	0.50885  	265.059  	212.284  	
-0.0201  	-0.0836  	0.05056  	0.80998  	0.86917  	-0.1776  	-0.6085  	-0.1782  	0.24998  	-0.5158  	-0.7773  	1.10538  	0.02555  	0.22440  	-0.0170  	0.10110  	0.15086  	-0.1294  	0.28293  	-0.1389  	-0.4708  	0.39536  	0.21822  	0.32366  	0.11079  	0.13973  	0.28112  	-0.6126  	-0.0283  	-0.1011  	-0.2415  	-0.0048  	0.01254  	-0.0313  	0.29254  	0.04078  	0.18361  	0.08814  	-0.2807  	-0.0452  	0.18015  	0.12226  	0.01382  	0.25066  	0.00558  	-0.0472  	-0.0317  	0.14199  	0.08883  	0.00077  	0.00966  	-0.0180  	-0.0152  	0.01866  	0.02815  	-0.0106  	0.03306  	-0.0228  	-0.0255  	-0.0215  	-0.0600  	-0.0468  	0.08304  	-0.0056  	0.10438  	-0.4137  	-0.0561  	0.02400  	0.00541  	0.62820  	0.50885  	265.059  	212.284  	
-0.0543  	-0.0788  	0.08357  	0.51069  	0.75903  	-0.2767  	-0.6252  	-0.1969  	0.22729  	-0.5119  	-0.8104  	1.12065  	0.04626  	0.16189  	-0.1722  	0.13931  	0.13067  	-0.0396  	0.28061  	-0.0954  	-0.5202  	0.41217  	0.18767  	0.26000  	0.09719  	0.15265  	0.22422  	-0.5482  	0.05319  	-0.1131  	-0.2105  	-0.0320  	0.02704  	0.00315  	0.21454  	0.04942  	0.14810  	0.08212  	-0.2801  	-0.0512  	0.22128  	0.11457  	0.04068  	0.25412  	-0.0003  	-0.0451  	-0.0234  	0.16898  	0.09741  	-0.0162  	0.00956  	-0.0199  	-0.0097  	0.01544  	0.03067  	-0.0022  	0.02004  	-0.0277  	-0.0174  	-0.0119  	-0.0629  	-0.0490  	0.07768  	-0.0149  	0.10438  	-0.4137  	-0.0561  	0.02400  	0.00541  	0.62820  	0.50885  	265.059  	212.284  	
-0.2122  	-0.1806  	0.13661  	-0.1492  	0.39334  	-0.3526  	-0.5999  	-0.2544  	0.23044  	-0.4950  	-0.5250  	0.94268  	-0.1288  	-0.3150  	-0.5312  	0.19504  	0.18450  	0.01805  	0.33686  	-0.1445  	-0.3797  	0.27446  	0.35134  	0.31742  	-0.0819  	0.17538  	0.22623  	-0.7070  	-0.1441  	-0.2609  	-0.1542  	0.03125  	0.03740  	-0.0506  	0.17192  	0.02892  	0.31343  	0.14609  	-0.3627  	-0.0804  	0.31614  	0.09101  	0.06841  	0.28686  	-0.0134  	-0.0444  	-0.0214  	0.14777  	0.08810  	-0.0070  	0.00720  	-0.0124  	-0.0179  	0.02174  	0.03671  	0.00419  	0.02424  	-0.0246  	-0.0201  	-0.0096  	-0.0529  	-0.0490  	0.08281  	-0.0122  	0.10438  	-0.4137  	-0.0561  	0.02400  	0.00541  	0.62820  	0.50885  	265.059  	212.284  	
-0.2890  	-0.2188  	0.15960  	-0.3763  	0.23306  	-0.3626  	-0.6720  	-0.3756  	0.18377  	-0.4761  	-0.3434  	0.83743  	-0.2458  	-0.4940  	-0.7824  	0.19931  	0.18665  	0.00622  	0.36550  	-0.1898  	-0.3696  	0.27225  	0.42853  	0.32636  	-0.0638  	0.17038  	0.25387  	-0.7809  	-0.2074  	-0.2784  	-0.1736  	0.04199  	-0.0066  	-0.0670  	0.13136  	0.14051  	0.31554  	0.14966  	-0.3654  	-0.0844  	0.38328  	0.08500  	0.06475  	0.28768  	-0.0193  	-0.0326  	-0.0245  	0.13445  	0.06784  	0.00031  	0.00594  	-0.0055  	-0.0022  	0.02980  	0.03307  	-0.0125  	0.01319  	-0.0188  	-0.0227  	-0.0165  	-0.0502  	-0.0590  	0.07944  	-0.0135  	0.10438  	-0.4137  	-0.0561  	0.02400  	0.00541  	0.62820  	0.50885  	265.059  	212.284  	
-0.1731  	-0.1761  	0.23809  	-0.2265  	0.30209  	-0.3712  	-0.6388  	-0.3288  	0.20261  	-0.3083  	-0.2709  	0.96409  	-0.2383  	-0.5102  	-0.8284  	0.34616  	0.14466  	0.05022  	0.34857  	-0.0800  	-0.4816  	0.25410  	0.29770  	0.26272  	-0.0458  	0.15741  	0.13509  	-0.6344  	-0.1192  	-0.2741  	-0.1754  	0.02117  	-0.0181  	-0.0537  	0.14098  	0.18085  	0.26956  	0.14873  	-0.3446  	-0.0894  	0.38201  	0.08559  	0.07674  	0.27146  	-0.0249  	-0.0410  	-0.0242  	0.15679  	0.08482  	0.00627  	0.02267  	-0.0110  	-0.0068  	0.02711  	0.04509  	-0.0082  	0.01774  	-0.0283  	-0.0341  	-0.0108  	-0.0516  	-0.0614  	0.08911  	-0.0085  	0.10438  	-0.4137  	-0.0561  	0.02400  	0.00541  	0.62820  	0.50885  	265.059  	212.284  	
-0.2393  	-0.1845  	0.23105  	-0.3483  	0.22037  	-0.3735  	-0.6591  	-0.3162  	0.21343  	-0.3418  	-0.2937  	0.90549  	-0.2222  	-0.5095  	-0.8955  	0.31685  	0.14057  	0.05379  	0.35332  	-0.0726  	-0.4678  	0.24597  	0.30442  	0.23089  	-0.0517  	0.16814  	0.13145  	-0.6377  	-0.1152  	-0.2819  	-0.1518  	0.03150  	-0.0090  	-0.0442  	0.12538  	0.16983  	0.27849  	0.15038  	-0.3368  	-0.0891  	0.38039  	0.07575  	0.08357  	0.27599  	-0.0253  	-0.0418  	-0.0249  	0.14893  	0.08347  	0.00158  	0.02696  	-0.0138  	-0.0097  	0.02751  	0.04179  	-0.0074  	0.01538  	-0.0220  	-0.0260  	-0.0143  	-0.0520  	-0.0566  	0.08692  	-0.0071  	0.10438  	-0.4137  	-0.0561  	0.02400  	0.00541  	0.62820  	0.50885  	265.059  	212.284  	
-0.3991  	-0.2323  	0.06852  	-0.3311  	0.21076  	-0.4298  	-0.6736  	-0.3690  	0.15998  	-0.4201  	-0.3122  	0.89723  	-0.2658  	-0.5271  	-0.8141  	0.20721  	0.21358  	0.00927  	0.35363  	-0.1560  	-0.4253  	0.24462  	0.34398  	0.29327  	-0.0276  	0.17411  	0.20150  	-0.6759  	-0.1362  	-0.2505  	-0.1485  	0.02875  	-0.0537  	-0.0553  	0.11955  	0.17395  	0.31197  	0.14868  	-0.3819  	-0.1126  	0.36649  	0.07128  	0.07888  	0.27318  	-0.0162  	-0.0436  	-0.0259  	0.12569  	0.07297  	4.94364  	0.01328  	-0.0134  	-0.0078  	0.02731  	0.04285  	-0.0129  	0.02027  	-0.0208  	-0.0213  	-0.0159  	-0.0607  	-0.0590  	0.08773  	-0.0060  	0.10438  	-0.4137  	-0.0561  	0.02400  	0.00541  	0.62820  	0.50885  	265.059  	212.284  	
-0.4105  	-0.2073  	0.09055  	-0.3939  	0.17634  	-0.4440  	-0.7307  	-0.3656  	0.16840  	-0.4693  	-0.2830  	0.86165  	-0.2796  	-0.5054  	-0.6873  	0.12487  	0.23024  	-0.0424  	0.33789  	-0.2312  	-0.3197  	0.29030  	0.45791  	0.29512  	-0.0804  	0.18298  	0.20155  	-0.8184  	-0.2422  	-0.2885  	-0.1392  	0.03421  	-0.0274  	-0.0564  	0.14941  	0.08180  	0.40620  	0.18463  	-0.4142  	-0.1703  	0.38918  	0.07367  	0.06475  	0.26875  	-0.0149  	-0.0466  	-0.0160  	0.11639  	0.07296  	-0.0006  	0.00759  	-0.0108  	-0.0086  	0.03910  	0.03796  	-0.0134  	0.01651  	-0.0250  	-0.0212  	-0.0112  	-0.0548  	-0.0525  	0.08615  	-0.0097  	0.10438  	-0.4137  	-0.0561  	0.02400  	0.00541  	0.62820  	0.50885  	265.059  	212.284  	
-0.3143  	-0.1884  	0.12631  	-0.2792  	0.24434  	-0.3814  	-0.6959  	-0.3003  	0.19712  	-0.4406  	-0.3117  	0.89962  	-0.2410  	-0.4405  	-0.7138  	0.20677  	0.17297  	-0.0032  	0.34291  	-0.1652  	-0.3572  	0.27487  	0.38309  	0.24214  	-0.0834  	0.17451  	0.17438  	-0.7359  	-0.1817  	-0.2709  	-0.1488  	0.02462  	-0.0148  	-0.0433  	0.15908  	0.11646  	0.34203  	0.16097  	-0.3761  	-0.1390  	0.35883  	0.07701  	0.07402  	0.26424  	-0.0206  	-0.0417  	-0.0175  	0.13462  	0.07097  	-0.0104  	0.01378  	-0.0137  	-0.0140  	0.02333  	0.04099  	-0.0100  	0.01759  	-0.0197  	-0.0275  	-0.0165  	-0.0578  	-0.0575  	0.08794  	-0.0060  	0.10438  	-0.4137  	-0.0561  	0.02400  	0.00541  	0.62820  	0.50885  	265.059  	212.284  	
-0.1698  	-0.1642  	0.20517  	-0.1936  	0.33029  	-0.3235  	-0.6597  	-0.2943  	0.20820  	-0.3742  	-0.3304  	1.00065  	-0.1852  	-0.3883  	-0.7792  	0.30374  	0.12301  	0.02984  	0.33471  	-0.0479  	-0.4218  	0.23506  	0.27148  	0.27770  	-0.1165  	0.17442  	0.15123  	-0.6350  	-0.1394  	-0.2845  	-0.1580  	0.02148  	0.00890  	-0.0423  	0.18534  	0.15015  	0.28023  	0.13930  	-0.3614  	-0.0855  	0.34683  	0.08504  	0.07054  	0.26628  	-0.0118  	-0.0441  	-0.0193  	0.15265  	0.08473  	-0.0047  	0.02728  	-0.0142  	-0.0040  	0.02127  	0.03924  	-0.0085  	0.02161  	-0.0221  	-0.0267  	-0.0112  	-0.0594  	-0.0611  	0.08583  	-0.0082  	0.10438  	-0.4137  	-0.0561  	0.02400  	0.00541  	0.62820  	0.50885  	265.059  	212.284  	
0.06865  	-0.1294  	0.29634  	-0.0263  	0.43983  	-0.2604  	-0.6186  	-0.2518  	0.20894  	-0.3866  	-0.3986  	0.91312  	-0.1450  	-0.2572  	-0.5471  	0.30661  	0.13844  	-0.0845  	0.32669  	-0.1589  	-0.2925  	0.30785  	0.27139  	0.35561  	-0.0830  	0.13890  	0.28211  	-0.8354  	-0.3029  	-0.2591  	-0.1843  	0.08027  	0.01965  	-0.0564  	0.28985  	0.05575  	0.38837  	0.14267  	-0.3965  	-0.0750  	0.30991  	0.10258  	0.04816  	0.25715  	-0.0207  	-0.0391  	-0.0221  	0.15079  	0.09810  	-0.0035  	0.02522  	-0.0122  	-0.0156  	0.02446  	0.03177  	-0.0170  	0.00320  	-0.0287  	-0.0285  	-0.0145  	-0.0534  	-0.0529  	0.08208  	-0.0239  	0.10438  	-0.4137  	-0.0561  	0.02400  	0.00541  	0.62820  	0.50885  	265.059  	212.284  	
0.13840  	0.03033  	0.29400  	0.23616  	0.54139  	-0.1874  	-0.6008  	-0.1788  	0.25455  	-0.4256  	-0.6628  	0.94614  	0.00091  	0.00340  	-0.1864  	0.13188  	0.14408  	-0.0888  	0.36690  	-0.1849  	-0.3878  	0.38587  	0.28664  	0.27135  	0.05407  	0.13226  	0.31031  	-0.7904  	-0.0533  	-0.1578  	-0.1865  	-0.0031  	0.00521  	-0.0306  	0.25314  	0.04505  	0.26376  	0.11163  	-0.3015  	-0.0722  	0.26871  	0.10181  	0.07600  	0.27846  	-0.0171  	-0.0433  	-0.0460  	0.18510  	0.10339  	-0.0118  	0.03007  	-0.0180  	-0.0135  	0.01945  	0.03693  	0.00272  	0.01852  	-0.0266  	-0.0262  	-0.0107  	-0.0583  	-0.0488  	0.07702  	-0.0150  	0.10438  	-0.4137  	-0.0561  	0.02400  	0.00541  	0.62820  	0.50885  	265.059  	212.284  	
0.11764  	-0.0301  	0.03047  	0.69289  	0.78311  	-0.2964  	-0.6400  	-0.1536  	0.23986  	-0.4596  	-0.9418  	0.90519  	0.12317  	0.32056  	0.07763  	-0.0139  	0.13230  	-0.1153  	0.31893  	-0.2787  	-0.5230  	0.47238  	0.28589  	0.31248  	0.15727  	0.12145  	0.36813  	-0.7952  	0.09454  	-0.0529  	-0.2022  	-0.0367  	-0.0048  	-0.0152  	0.31776  	0.03887  	0.14589  	0.06602  	-0.2600  	-0.0316  	0.20523  	0.12590  	0.04016  	0.27228  	-0.0124  	-0.0349  	-0.0390  	0.16608  	0.10358  	-0.0206  	0.01844  	-0.0186  	-0.0013  	0.01331  	0.03343  	0.01778  	0.01249  	-0.0274  	-0.0203  	0.00236  	-0.0529  	-0.0365  	0.05734  	-0.0188  	0.10438  	-0.4137  	-0.0561  	0.02400  	0.00541  	0.62820  	0.50885  	265.059  	212.284  	
-0.1970  	-0.1800  	0.05925  	0.33285  	0.66225  	-0.4469  	-0.5734  	-0.2301  	0.21778  	-0.3255  	-0.5968  	0.97335  	-0.0197  	0.07063  	-0.1335  	0.07648  	0.14864  	-0.1267  	0.33184  	-0.1059  	-0.4170  	0.32831  	0.27536  	0.38652  	0.01280  	0.14816  	0.28728  	-0.7817  	-0.1626  	-0.2121  	-0.1870  	0.01744  	0.02141  	-0.0374  	0.28809  	0.02583  	0.25993  	0.09906  	-0.3791  	-0.0360  	0.21620  	0.13660  	0.01112  	0.27222  	0.00684  	-0.0397  	-0.0345  	0.14750  	0.09263  	0.00290  	-0.0078  	-0.0113  	-0.0190  	0.03131  	0.03134  	-0.0133  	0.01271  	-0.0349  	-0.0140  	-0.0030  	-0.0591  	-0.0420  	0.05911  	-0.0159  	0.10438  	-0.4137  	-0.0561  	0.02400  	0.00541  	0.62820  	0.50885  	265.059  	212.284  	
-0.2204  	-0.1893  	0.21941  	-0.3160  	0.28489  	-0.3512  	-0.5887  	-0.2908  	0.22157  	-0.3913  	-0.3094  	0.96258  	-0.1560  	-0.3967  	-0.8163  	0.23267  	0.14603  	0.00771  	0.36390  	-0.0968  	-0.4303  	0.27083  	0.31654  	0.30527  	-0.0593  	0.18479  	0.19603  	-0.7172  	-0.1915  	-0.2777  	-0.1325  	0.02540  	-0.0054  	-0.0224  	0.14849  	0.09871  	0.33350  	0.17145  	-0.3453  	-0.0913  	0.36590  	0.08002  	0.07367  	0.25781  	-0.0153  	-0.0458  	-0.0297  	0.15788  	0.07984  	0.01381  	0.00764  	-0.0066  	-0.0138  	0.03284  	0.03333  	-0.0098  	0.00901  	-0.0218  	-0.0154  	-0.0160  	-0.0528  	-0.0481  	0.07821  	-0.0186  	0.10438  	-0.4137  	-0.0561  	0.02400  	0.00541  	0.62820  	0.50885  	265.059  	212.284  	
-0.4759  	-0.2255  	0.12241  	-0.4182  	0.24981  	-0.4527  	-0.6508  	-0.3445  	0.20284  	-0.3961  	-0.2235  	0.88638  	-0.2788  	-0.4606  	-0.8669  	0.17539  	0.16135  	0.02404  	0.37685  	-0.1935  	-0.3970  	0.26423  	0.35114  	0.32044  	0.00166  	0.14777  	0.24891  	-0.7793  	-0.1667  	-0.2540  	-0.1421  	0.01500  	-0.0130  	-0.0627  	0.12257  	0.15750  	0.34304  	0.14887  	-0.3807  	-0.1110  	0.37975  	0.05777  	0.06563  	0.27109  	-0.0075  	-0.0389  	-0.0153  	0.12440  	0.07495  	0.00637  	0.01590  	-0.0177  	-0.0033  	0.03112  	0.03574  	-0.0127  	0.01868  	-0.0161  	-0.0192  	0.00601  	-0.0570  	-0.0577  	0.07764  	-0.0110  	0.10438  	-0.4137  	-0.0561  	0.02400  	0.00541  	0.62820  	0.50885  	265.059  	212.284  	
-0.4843  	-0.2236  	0.07999  	-0.5080  	0.13545  	-0.4359  	-0.6922  	-0.3462  	0.19433  	-0.3712  	-0.2489  	0.86640  	-0.2665  	-0.4925  	-0.9065  	0.12850  	0.19114  	0.00964  	0.35832  	-0.1677  	-0.3829  	0.25965  	0.45410  	0.26144  	-0.0682  	0.20232  	0.15982  	-0.7427  	-0.1478  	-0.2831  	-0.1358  	-0.0090  	-0.0250  	-0.0580  	0.06151  	0.12459  	0.31115  	0.15282  	-0.3506  	-0.1277  	0.40413  	0.06341  	0.07911  	0.28228  	-0.0119  	-0.0424  	-0.0127  	0.14267  	0.07334  	-0.0014  	0.01415  	-0.0121  	-0.0068  	0.03284  	0.03634  	-0.0174  	0.01790  	-0.0162  	-0.0265  	-0.0118  	-0.0520  	-0.0558  	0.08265  	-0.0112  	0.10438  	-0.4137  	-0.0561  	0.02400  	0.00541  	0.62820  	0.50885  	265.059  	212.284  	
-0.5850  	-0.2442  	0.04683  	-0.5530  	0.14821  	-0.6426  	-0.6875  	-0.3545  	0.16711  	-0.2813  	-0.1694  	0.90278  	-0.2510  	-0.4592  	-0.9501  	0.09351  	0.18419  	0.02026  	0.36454  	-0.1194  	-0.3961  	0.24157  	0.37352  	0.27407  	-0.0521  	0.18783  	0.16901  	-0.7044  	-0.1503  	-0.2776  	-0.1222  	-0.0131  	-0.0213  	-0.0652  	0.07890  	0.12982  	0.28358  	0.12147  	-0.3474  	-0.1313  	0.37625  	0.07750  	0.06804  	0.26583  	-0.0104  	-0.0438  	-0.0155  	0.14161  	0.07794  	0.00474  	0.01822  	-0.0172  	-0.0192  	0.03058  	0.03714  	-0.0090  	0.00947  	-0.0256  	-0.0251  	-0.0089  	-0.0543  	-0.0527  	0.07908  	-0.0133  	0.10438  	-0.4137  	-0.0561  	0.02400  	0.00541  	0.62820  	0.50885  	265.059  	212.284  	
-0.4503  	-0.1950  	0.05449  	-0.2430  	0.33803  	-0.4994  	-0.7390  	-0.2191  	0.17711  	-0.4062  	-0.2230  	1.03477  	-0.1773  	-0.2477  	-0.5863  	0.11883  	0.16920  	-0.0840  	0.32418  	-0.0861  	-0.2817  	0.22317  	0.32700  	0.34782  	-0.1891  	0.18110  	0.19661  	-0.7724  	-0.2972  	-0.2746  	-0.1326  	0.00905  	0.00949  	-0.0506  	0.26364  	0.04756  	0.32513  	0.14146  	-0.3646  	-0.1026  	0.29264  	0.08690  	0.03691  	0.24011  	-0.0041  	-0.0414  	-0.0089  	0.13026  	0.06603  	0.01478  	0.01543  	-0.0144  	-0.0254  	0.03331  	0.02249  	-0.0215  	0.01656  	-0.0166  	-0.0326  	-0.0091  	-0.0588  	-0.0534  	0.09337  	-0.0095  	0.10438  	-0.4137  	-0.0561  	0.02400  	0.00541  	0.62820  	0.50885  	265.059  	212.284  	
0.17644  	-0.0280  	0.41877  	-0.0523  	0.37317  	-0.1537  	-0.6439  	-0.1239  	0.30436  	-0.4158  	-0.7224  	0.91839  	0.03932  	0.11531  	-0.2695  	0.09195  	0.18817  	-0.1349  	0.31480  	-0.3036  	-0.2935  	0.36358  	0.47459  	0.36764  	-0.0676  	0.19130  	0.33198  	-0.9740  	-0.3031  	-0.2421  	-0.0912  	0.00498  	0.03413  	-0.0640  	0.22672  	-0.0381  	0.37382  	0.16156  	-0.3429  	-0.1190  	0.29652  	0.07885  	0.11073  	0.28150  	-0.0297  	-0.0409  	-0.0280  	0.19084  	0.09529  	0.01884  	0.01142  	-0.0125  	-0.0197  	0.02278  	0.03332  	0.00586  	-0.0062  	-0.0354  	-0.0256  	-0.0130  	-0.0537  	-0.0337  	0.07561  	-0.0071  	0.10438  	-0.4137  	-0.0561  	0.02400  	0.00541  	0.62820  	0.50885  	265.059  	212.284  	
0.11479  	-0.0658  	0.35251  	-0.0341  	0.34310  	-0.1972  	-0.5746  	-0.1178  	0.27384  	-0.4583  	-0.7082  	0.76066  	0.02691  	0.08483  	-0.2686  	0.00552  	0.20105  	-0.1182  	0.32806  	-0.3528  	-0.2859  	0.38277  	0.49371  	0.30835  	-0.0078  	0.17048  	0.36664  	-0.9490  	-0.2019  	-0.2170  	-0.1043  	-0.0085  	0.01561  	-0.0635  	0.24080  	-0.0186  	0.34332  	0.14809  	-0.3522  	-0.1111  	0.30849  	0.06647  	0.09122  	0.30563  	-0.0244  	-0.0473  	-0.0304  	0.18570  	0.10387  	0.01143  	0.02475  	-0.0172  	-0.0159  	0.01621  	0.03885  	0.00173  	-0.0052  	-0.0235  	-0.0312  	-0.0086  	-0.0477  	-0.0444  	0.07755  	-0.0159  	0.10438  	-0.4137  	-0.0561  	0.02400  	0.00541  	0.62820  	0.50885  	265.059  	212.284  	
-0.3965  	-0.1788  	0.07347  	-0.4783  	0.25616  	-0.5475  	-0.6715  	-0.2998  	0.19680  	-0.3608  	-0.1634  	0.83371  	-0.1482  	-0.2914  	-0.7297  	0.04107  	0.19962  	-0.0546  	0.35111  	-0.1625  	-0.1941  	0.20656  	0.36647  	0.38001  	-0.0818  	0.19021  	0.36004  	-0.9538  	-0.3563  	-0.2701  	-0.0944  	0.02667  	0.00470  	-0.0703  	0.29246  	0.01565  	0.42648  	0.16672  	-0.4514  	-0.1140  	0.31387  	0.08349  	0.02638  	0.24703  	0.01526  	-0.0415  	-0.0145  	0.12169  	0.06923  	-0.0059  	0.00522  	-0.0063  	-0.0243  	0.02633  	0.02317  	-0.0162  	-0.0035  	-0.0284  	-0.0268  	-0.0034  	-0.0540  	-0.0459  	0.09081  	-0.0215  	0.10438  	-0.4137  	-0.0561  	0.02400  	0.00541  	0.62820  	0.50885  	265.059  	212.284  	
-0.6746  	-0.3041  	-0.0460  	-0.5015  	0.22723  	-0.6728  	-0.6568  	-0.3303  	0.19088  	-0.3702  	-0.0907  	0.94317  	-0.2355  	-0.4036  	-0.8168  	0.02529  	0.17802  	0.01154  	0.33407  	-0.0994  	-0.3300  	0.24529  	0.40217  	0.33602  	-0.1468  	0.19436  	0.16634  	-0.7341  	-0.2202  	-0.3110  	-0.1287  	-0.0312  	0.00694  	-0.0477  	0.17315  	0.05922  	0.31058  	0.13619  	-0.3688  	-0.1285  	0.33151  	0.09378  	0.02645  	0.24766  	-0.0156  	-0.0398  	-0.0129  	0.12407  	0.07936  	0.00722  	0.01341  	-0.0158  	-0.0134  	0.02572  	0.03273  	-0.0090  	0.00692  	-0.0255  	-0.0259  	-0.0120  	-0.0491  	-0.0547  	0.07604  	-0.0152  	0.10438  	-0.4137  	-0.0561  	0.02400  	0.00541  	0.62820  	0.50885  	265.059  	212.284  	
-0.5193  	-0.1979  	-0.0234  	-0.3122  	0.28172  	-0.6120  	-0.6755  	-0.2297  	0.20887  	-0.3696  	-0.1534  	1.04112  	-0.1702  	-0.2598  	-0.7301  	0.03835  	0.13832  	-0.0036  	0.32661  	-0.0780  	-0.3456  	0.27090  	0.37030  	0.26726  	-0.1267  	0.19864  	0.09037  	-0.6958  	-0.1115  	-0.2828  	-0.1502  	-0.0608  	0.04112  	-0.0471  	0.13349  	0.05770  	0.30381  	0.12624  	-0.3252  	-0.1248  	0.35393  	0.08689  	0.03271  	0.25643  	-0.0047  	-0.0435  	-0.0125  	0.13830  	0.07259  	-0.0096  	0.00431  	-0.0189  	-0.0120  	0.03273  	0.03248  	-0.0051  	0.01178  	-0.0271  	-0.0186  	-0.0005  	-0.0491  	-0.0449  	0.07008  	-0.0132  	0.10438  	-0.4137  	-0.0561  	0.02400  	0.00541  	0.62820  	0.50885  	265.059  	212.284  	
-0.5704  	-0.1845  	0.00547  	-0.5058  	0.19796  	-0.5685  	-0.6788  	-0.2385  	0.20250  	-0.3322  	-0.2177  	0.92836  	-0.1898  	-0.3499  	-0.8000  	0.01662  	0.17926  	0.00664  	0.32878  	-0.1089  	-0.3596  	0.25576  	0.41818  	0.25668  	-0.1085  	0.20191  	0.13144  	-0.7031  	-0.1251  	-0.3029  	-0.1268  	-0.0455  	0.02692  	-0.0522  	0.06707  	0.05929  	0.27315  	0.12375  	-0.3095  	-0.1122  	0.36300  	0.06991  	0.05713  	0.26589  	-0.0061  	-0.0413  	-0.0156  	0.13550  	0.07508  	0.00110  	0.00867  	-0.0154  	-0.0165  	0.02724  	0.03351  	-0.0170  	0.01613  	-0.0238  	-0.0267  	-0.0114  	-0.0518  	-0.0530  	0.08327  	-0.0109  	0.10438  	-0.4137  	-0.0561  	0.02400  	0.00541  	0.62820  	0.50885  	265.059  	212.284  	
-0.5709  	-0.2281  	0.04280  	-0.6156  	0.09867  	-0.4983  	-0.6691  	-0.3489  	0.20415  	-0.3400  	-0.2395  	0.85369  	-0.2445  	-0.5374  	-0.9189  	0.04339  	0.19514  	0.04407  	0.34787  	-0.1192  	-0.4412  	0.25764  	0.49611  	0.22536  	-0.0855  	0.22411  	0.09522  	-0.6340  	-0.0726  	-0.3044  	-0.1009  	-0.0316  	-0.0059  	-0.0571  	-0.0403  	0.09897  	0.24541  	0.13268  	-0.2987  	-0.1194  	0.42042  	0.05533  	0.10281  	0.29156  	-0.0088  	-0.0429  	-0.0194  	0.15161  	0.07378  	0.00501  	0.00194  	-0.0110  	-0.0123  	0.02873  	0.03721  	-0.0189  	0.01535  	-0.0225  	-0.0227  	-0.0164  	-0.0498  	-0.0589  	0.08404  	-0.0118  	0.10438  	-0.4137  	-0.0561  	0.02400  	0.00541  	0.62820  	0.50885  	265.059  	212.284  	
-0.6252  	-0.2289  	0.07133  	-0.67  	0.08926  	-0.4719  	-0.6750  	-0.3974  	0.18915  	-0.3407  	-0.2807  	0.87594  	-0.2675  	-0.6065  	-1.0199  	0.10249  	0.21963  	0.06465  	0.35738  	-0.1568  	-0.5369  	0.24709  	0.48004  	0.18208  	-0.1303  	0.25230  	0.03524  	-0.5858  	-0.0468  	-0.3241  	-0.0750  	-0.0316  	-0.0103  	-0.0600  	-0.1156  	0.12533  	0.22340  	0.13537  	-0.2971  	-0.1514  	0.44992  	0.05058  	0.11461  	0.30294  	-0.0115  	-0.0543  	-0.0184  	0.15793  	0.07297  	-0.0009  	0.00608  	-0.0102  	-0.0142  	0.02372  	0.04286  	-0.0219  	0.01485  	-0.0217  	-0.0166  	-0.0139  	-0.0477  	-0.0477  	0.08161  	-0.0030  	0.10438  	-0.4137  	-0.0561  	0.02400  	0.00541  	0.62820  	0.50885  	265.059  	212.284  	
-0.6161  	-0.2531  	-0.0238  	-0.6199  	0.08039  	-0.5750  	-0.6894  	-0.4048  	0.18361  	-0.3263  	-0.2361  	0.84769  	-0.2559  	-0.6769  	-0.9558  	0.11391  	0.22156  	0.03885  	0.35097  	-0.1570  	-0.4677  	0.24311  	0.49134  	0.18981  	-0.1105  	0.22945  	0.10099  	-0.6812  	-0.1006  	-0.2767  	-0.0904  	-0.0217  	-0.0142  	-0.0471  	-0.0284  	0.10928  	0.27676  	0.14201  	-0.3372  	-0.1455  	0.45166  	0.06283  	0.10887  	0.29074  	-0.0110  	-0.0398  	-0.0212  	0.14218  	0.06518  	0.00236  	0.00126  	-0.0102  	-0.0114  	0.03018  	0.03475  	-0.0144  	0.00899  	-0.0211  	-0.0285  	-0.0176  	-0.0471  	-0.0508  	0.08144  	-0.0046  	0.10438  	-0.4137  	-0.0561  	0.02400  	0.00541  	0.62820  	0.50885  	265.059  	212.284  	
-0.6096  	-0.2205  	0.01805  	-0.6320  	0.08155  	-0.6072  	-0.7171  	-0.3691  	0.19719  	-0.3043  	-0.1977  	0.86747  	-0.2805  	-0.5647  	-0.9312  	0.10025  	0.20401  	-0.0045  	0.37172  	-0.1966  	-0.4172  	0.28601  	0.52366  	0.24487  	-0.1526  	0.23990  	0.11727  	-0.7190  	-0.1502  	-0.2873  	-0.0927  	-0.0301  	-0.0119  	-0.0531  	0.03033  	0.07789  	0.29418  	0.15201  	-0.3643  	-0.1473  	0.45586  	0.06893  	0.10389  	0.29668  	-0.0134  	-0.0452  	-0.0175  	0.14254  	0.07107  	0.00343  	0.00486  	-0.0100  	-0.0112  	0.03336  	0.02618  	-0.0170  	0.00727  	-0.0221  	-0.0289  	-0.0145  	-0.0446  	-0.0470  	0.07654  	-0.0103  	0.10438  	-0.4137  	-0.0561  	0.02400  	0.00541  	0.62820  	0.50885  	265.059  	212.284  	
-0.5102  	-0.1945  	0.11903  	-0.5603  	0.10221  	-0.5134  	-0.7020  	-0.3570  	0.20686  	-0.3435  	-0.3042  	0.91396  	-0.2197  	-0.4640  	-0.9234  	0.11676  	0.21740  	0.01044  	0.33776  	-0.1775  	-0.4579  	0.28692  	0.50607  	0.20416  	-0.1530  	0.23482  	0.05103  	-0.6557  	-0.1195  	-0.3085  	-0.0937  	-0.0123  	0.00697  	-0.0473  	-0.0383  	0.06959  	0.26727  	0.15258  	-0.3186  	-0.1348  	0.47013  	0.04720  	0.12283  	0.28392  	-0.0318  	-0.0509  	-0.0199  	0.15281  	0.07707  	0.00443  	0.00025  	-0.0144  	-0.0097  	0.02186  	0.03728  	-0.0190  	0.00617  	-0.0227  	-0.0267  	-0.0189  	-0.0446  	-0.0373  	0.09378  	-0.0054  	0.10438  	-0.4137  	-0.0561  	0.02400  	0.00541  	0.62820  	0.50885  	265.059  	212.284  	
-0.5040  	-0.1584  	0.11170  	-0.4320  	0.17928  	-0.5082  	-0.7212  	-0.3235  	0.19584  	-0.3327  	-0.3281  	0.96264  	-0.2159  	-0.4425  	-0.8737  	0.12249  	0.20764  	0.01856  	0.35521  	-0.1627  	-0.4645  	0.27517  	0.47605  	0.19896  	-0.1522  	0.22297  	0.06127  	-0.6469  	-0.0955  	-0.3015  	-0.1093  	-0.0148  	-0.0023  	-0.0466  	-0.0023  	0.10085  	0.22978  	0.14926  	-0.3223  	-0.1221  	0.44187  	0.04182  	0.11864  	0.29222  	-0.0281  	-0.0433  	-0.0136  	0.16235  	0.07051  	-0.0023  	0.00892  	-0.0159  	-0.0091  	0.02583  	0.03626  	-0.0253  	0.01557  	-0.0237  	-0.0279  	-0.0133  	-0.0488  	-0.0458  	0.08147  	-0.0045  	0.10438  	-0.4137  	-0.0561  	0.02400  	0.00541  	0.62820  	0.50885  	265.059  	212.284  	
-0.5453  	-0.1889  	0.09585  	-0.5442  	0.09797  	-0.5456  	-0.7104  	-0.3366  	0.19123  	-0.3250  	-0.2909  	0.8622  	-0.2722  	-0.5259  	-0.9192  	0.11568  	0.20609  	0.02693  	0.36848  	-0.1864  	-0.4583  	0.25116  	0.51450  	0.19286  	-0.1413  	0.22107  	0.09248  	-0.6893  	-0.1281  	-0.2980  	-0.1186  	0.00090  	-0.0186  	-0.0498  	-0.0164  	0.10147  	0.27546  	0.16402  	-0.3374  	-0.1399  	0.44336  	0.05069  	0.10688  	0.30854  	-0.0249  	-0.0456  	-0.0164  	0.15275  	0.07588  	-0.0066  	0.00565  	-0.0090  	-0.0119  	0.03010  	0.03698  	-0.0231  	0.01940  	-0.0205  	-0.0245  	-0.0171  	-0.0492  	-0.0459  	0.08786  	-0.0044  	0.10438  	-0.4137  	-0.0561  	0.02400  	0.00541  	0.62820  	0.50885  	265.059  	212.284  	
-0.4962  	-0.2013  	0.07451  	-0.4214  	0.15878  	-0.5192  	-0.6989  	-0.3433  	0.17310  	-0.3770  	-0.2947  	0.90023  	-0.2535  	-0.4765  	-0.7915  	0.13270  	0.18701  	0.00571  	0.35196  	-0.1997  	-0.4607  	0.29375  	0.51691  	0.23007  	-0.1166  	0.20433  	0.10253  	-0.6996  	-0.1114  	-0.2709  	-0.1215  	-0.0041  	-0.0193  	-0.0409  	0.03399  	0.09112  	0.27839  	0.16003  	-0.3563  	-0.1239  	0.42385  	0.07105  	0.09066  	0.29220  	-0.0210  	-0.0455  	-0.0203  	0.13505  	0.07483  	-0.0048  	0.00632  	-0.0074  	-0.0165  	0.02953  	0.03496  	-0.0194  	0.01767  	-0.0216  	-0.0244  	-0.0194  	-0.0505  	-0.0421  	0.08648  	-0.0087  	0.10438  	-0.4137  	-0.0561  	0.02400  	0.00541  	0.62820  	0.50885  	265.059  	212.284  	
-0.3871  	-0.1536  	0.07650  	-0.3146  	0.23992  	-0.4811  	-0.7014  	-0.3258  	0.19439  	-0.3932  	-0.3537  	0.96612  	-0.1970  	-0.3953  	-0.7462  	0.12557  	0.19146  	0.00885  	0.34086  	-0.1652  	-0.4575  	0.30550  	0.47478  	0.24738  	-0.1286  	0.20411  	0.07854  	-0.6426  	-0.0866  	-0.2774  	-0.1224  	-0.0130  	0.01528  	-0.0381  	0.04381  	0.09251  	0.25101  	0.14248  	-0.3413  	-0.1019  	0.39904  	0.05241  	0.08512  	0.28356  	-0.0320  	-0.0433  	-0.0207  	0.15168  	0.06853  	0.00205  	-0.0023  	-0.0137  	-0.0100  	0.02784  	0.03011  	-0.0200  	0.00612  	-0.0277  	-0.0202  	-0.0175  	-0.0490  	-0.0472  	0.08347  	-0.0133  	0.10438  	-0.4137  	-0.0561  	0.02400  	0.00541  	0.62820  	0.50885  	265.059  	212.284  	
0.04954  	-0.0501  	0.32445  	-0.0229  	0.33923  	-0.3089  	-0.6269  	-0.1198  	0.24990  	-0.4531  	-0.4333  	0.99711  	-0.0483  	-0.2089  	-0.4686  	0.17519  	0.21991  	-0.1718  	0.38475  	-0.4135  	-0.2501  	0.08801  	0.11012  	0.23054  	-0.1298  	0.25451  	0.12606  	-0.8574  	-0.0527  	-0.2789  	-0.0436  	-0.0247  	-0.0790  	-0.2292  	0.09552  	0.02622  	0.20222  	0.16486  	-0.4387  	-0.1757  	0.43727  	0.20298  	-0.0210  	0.35269  	-0.0882  	-0.0249  	-0.0548  	0.19090  	0.07648  	-0.0042  	0.02133  	-0.0131  	-0.0090  	0.04478  	0.04065  	-0.0037  	0.00966  	-0.0364  	-0.0248  	-0.0113  	-0.0471  	-0.0482  	0.07624  	-0.0131  	0.10438  	-0.4137  	-0.0561  	0.02400  	0.00541  	0.62820  	0.50885  	265.059  	212.284  	
-0.0601  	-0.0794  	0.21426  	0.14138  	0.49083  	-0.3901  	-0.6683  	-0.1305  	0.21401  	-0.4434  	-0.4640  	1.06703  	0.01072  	-0.2281  	-0.3972  	0.10298  	0.29003  	-0.2823  	0.45449  	-0.5800  	-0.3087  	-0.1312  	-0.1908  	0.24535  	-0.1302  	0.35364  	0.10728  	-0.8408  	0.06320  	-0.2481  	0.02650  	-0.1006  	-0.1500  	-0.3506  	0.05946  	0.01709  	0.07318  	0.12887  	-0.5073  	-0.2297  	0.46597  	0.33031  	-0.1358  	0.41002  	-0.1273  	-0.0029  	-0.0656  	0.19603  	0.06047  	-0.0145  	0.03000  	-0.0103  	-0.0079  	0.05710  	0.05329  	-0.0100  	0.00834  	-0.0480  	-0.0198  	-0.0020  	-0.0544  	-0.0498  	0.06530  	-0.0162  	0.10438  	-0.4137  	-0.0561  	0.02400  	0.00541  	0.62820  	0.50885  	265.059  	212.284  	
-0.1617  	-0.1229  	0.15398  	0.10717  	0.49520  	-0.4071  	-0.6731  	-0.1361  	0.18630  	-0.5036  	-0.4935  	1.06229  	0.00455  	-0.2395  	-0.3297  	0.03695  	0.35148  	-0.3144  	0.46326  	-0.6885  	-0.2655  	-0.1692  	-0.2093  	0.27053  	-0.1654  	0.39089  	0.16448  	-0.8178  	0.09087  	-0.2603  	0.07213  	-0.0996  	-0.1633  	-0.3786  	0.03530  	0.00180  	0.07074  	0.11549  	-0.5374  	-0.2224  	0.47455  	0.35709  	-0.1601  	0.42259  	-0.1257  	0.00062  	-0.0705  	0.19416  	0.04932  	-0.0178  	0.02572  	-0.0069  	-0.0165  	0.06059  	0.05189  	-0.0101  	0.00839  	-0.0484  	-0.0157  	0.00037  	-0.0500  	-0.0548  	0.04888  	-0.0115  	0.10438  	-0.4137  	-0.0561  	0.02400  	0.00541  	0.62820  	0.50885  	265.059  	212.284  	
-0.3613  	-0.1562  	0.15678  	-0.2099  	0.33360  	-0.4066  	-0.7141  	-0.1941  	0.15365  	-0.5033  	-0.3402  	0.95987  	-0.1138  	-0.4861  	-0.5469  	0.04035  	0.34041  	-0.2799  	0.44791  	-0.6163  	-0.2286  	-0.1122  	-0.1015  	0.31307  	-0.1893  	0.36928  	0.15918  	-0.8619  	0.02790  	-0.3070  	0.06209  	-0.0906  	-0.1771  	-0.3516  	0.01463  	0.02177  	0.12271  	0.13746  	-0.5722  	-0.2381  	0.48303  	0.32842  	-0.1535  	0.40833  	-0.1277  	-0.0022  	-0.0691  	0.16706  	0.04241  	-0.0254  	0.03185  	-0.0047  	-0.0064  	0.05457  	0.04496  	-0.0083  	0.01652  	-0.0487  	-0.0252  	0.00454  	-0.0445  	-0.0586  	0.05371  	-0.0056  	0.10438  	-0.4137  	-0.0561  	0.02400  	0.00541  	0.62820  	0.50885  	265.059  	212.284  	
-0.2604  	-0.2145  	0.14978  	-0.1683  	0.32361  	-0.4257  	-0.7149  	-0.3193  	0.12770  	-0.4279  	-0.3461  	0.98153  	-0.1681  	-0.5391  	-0.7120  	0.18758  	0.24859  	-0.1578  	0.39393  	-0.4124  	-0.3867  	0.04417  	0.09011  	0.29582  	-0.1193  	0.28544  	0.18101  	-0.7624  	-0.0813  	-0.2665  	-0.0488  	-0.0198  	-0.1233  	-0.2155  	0.03724  	0.11576  	0.18872  	0.14933  	-0.4644  	-0.1817  	0.42777  	0.20854  	-0.0550  	0.35928  	-0.0890  	-0.0191  	-0.0463  	0.15935  	0.05850  	-0.0174  	0.02330  	-0.0036  	-0.0086  	0.04124  	0.04737  	-0.0182  	0.01829  	-0.0293  	-0.0219  	-0.0165  	-0.0539  	-0.0637  	0.07489  	-0.0106  	0.10438  	-0.4137  	-0.0561  	0.02400  	0.00541  	0.62820  	0.50885  	265.059  	212.284  	
-0.2227  	-0.1548  	0.23259  	-0.2423  	0.32630  	-0.4338  	-0.6264  	-0.3389  	0.18852  	-0.3021  	-0.3289  	0.93449  	-0.2357  	-0.5306  	-0.9271  	0.36716  	0.12125  	0.07833  	0.34491  	-0.1173  	-0.5260  	0.28727  	0.29568  	0.23406  	0.00139  	0.17089  	0.15939  	-0.6175  	-0.0896  	-0.2398  	-0.1636  	0.02055  	-0.0310  	-0.0477  	0.10339  	0.20698  	0.25542  	0.14168  	-0.3296  	-0.0966  	0.36087  	0.08428  	0.07774  	0.29133  	-0.0091  	-0.0406  	-0.0290  	0.15704  	0.09412  	-0.0110  	0.02382  	-0.0120  	-0.0036  	0.02252  	0.04485  	-0.0174  	0.01387  	-0.0228  	-0.0234  	-0.0144  	-0.0586  	-0.0640  	0.08605  	-0.0093  	0.10438  	-0.4137  	-0.0561  	0.02400  	0.00541  	0.62820  	0.50885  	265.059  	212.284  	
-0.3897  	-0.1673  	0.08435  	-0.3951  	0.22058  	-0.5200  	-0.6510  	-0.4003  	0.13050  	-0.3198  	-0.3519  	0.85841  	-0.2386  	-0.5305  	-0.9790  	0.26880  	0.13973  	0.07368  	0.33478  	-0.0985  	-0.4966  	0.29832  	0.30442  	0.23668  	-0.0024  	0.17072  	0.14232  	-0.6321  	-0.0383  	-0.2522  	-0.1588  	0.01718  	-0.0428  	-0.0538  	0.08369  	0.23675  	0.21890  	0.13819  	-0.3185  	-0.0707  	0.38078  	0.06419  	0.06759  	0.28023  	-0.0074  	-0.0455  	-0.0257  	0.14630  	0.07705  	-0.0129  	0.02325  	-0.0096  	-0.0059  	0.02840  	0.04008  	-0.0167  	0.01283  	-0.0244  	-0.0249  	-0.0090  	-0.0532  	-0.0632  	0.08931  	-0.0110  	0.10438  	-0.4137  	-0.0561  	0.02400  	0.00541  	0.62820  	0.50885  	265.059  	212.284  	
-0.7564  	-0.2522  	-0.0784  	-0.6261  	0.17719  	-0.7478  	-0.6214  	-0.4010  	0.13829  	-0.2830  	-0.1027  	0.85340  	-0.2764  	-0.5054  	-1.0111  	0.11641  	0.17779  	-0.0367  	0.33670  	-0.1159  	-0.4171  	0.26933  	0.41271  	0.32106  	-0.0313  	0.19538  	0.15586  	-0.7608  	-0.1385  	-0.2814  	-0.1179  	-0.0251  	0.01160  	-0.0569  	0.09852  	0.15477  	0.31098  	0.12754  	-0.3654  	-0.1496  	0.35877  	0.10663  	0.01223  	0.25205  	0.00834  	-0.0416  	-0.0197  	0.13045  	0.07710  	0.00629  	0.01057  	-0.0058  	-0.0069  	0.03344  	0.03562  	-0.0206  	0.00716  	-0.0257  	-0.0137  	-0.0031  	-0.0440  	-0.0345  	0.07955  	-0.0126  	0.10438  	-0.4137  	-0.0561  	0.02400  	0.00541  	0.62820  	0.50885  	265.059  	212.284  	
-0.9461  	-0.3192  	-0.1048  	-0.8860  	0.08737  	-0.8198  	-0.6988  	-0.3682  	0.17560  	-0.2550  	0.06621  	0.85749  	-0.2542  	-0.4792  	-0.9475  	-0.0407  	0.19319  	-0.0698  	0.34581  	-0.1405  	-0.2822  	0.23049  	0.48252  	0.33566  	-0.1964  	0.22681  	0.14584  	-0.7903  	-0.2473  	-0.3174  	-0.0850  	-0.0180  	0.02920  	-0.0465  	0.11200  	0.02841  	0.33954  	0.14111  	-0.3736  	-0.1774  	0.34917  	0.08505  	0.02407  	0.25003  	-0.0046  	-0.0450  	-0.0213  	0.12497  	0.06423  	0.00325  	-0.0036  	-0.0128  	-0.0109  	0.03138  	0.02935  	-0.0163  	0.00821  	-0.0241  	-0.0316  	-0.0112  	-0.0354  	-0.0344  	0.08221  	-0.0172  	0.10438  	-0.4137  	-0.0561  	0.02400  	0.00541  	0.62820  	0.50885  	265.059  	212.284  	
-0.7125  	-0.2643  	0.01844  	-0.6869  	0.06210  	-0.7794  	-0.6827  	-0.3198  	0.17050  	-0.2391  	-0.0181  	0.86710  	-0.2196  	-0.3699  	-0.8373  	-0.0355  	0.23337  	-0.0388  	0.31788  	-0.1435  	-0.3072  	0.24571  	0.43872  	0.35511  	-0.1384  	0.20309  	0.15713  	-0.8679  	-0.2520  	-0.3327  	-0.0644  	-0.0397  	0.03134  	-0.0689  	0.06107  	0.04117  	0.35521  	0.14009  	-0.3503  	-0.1597  	0.36161  	0.08835  	0.03948  	0.23940  	-0.0011  	-0.0351  	-0.0219  	0.13811  	0.05818  	0.00053  	-0.0046  	-0.0103  	-0.0209  	0.02570  	0.03147  	-0.0222  	0.00568  	-0.0225  	-0.0260  	-0.0181  	-0.0464  	-0.0381  	0.08919  	-0.0147  	0.10438  	-0.4137  	-0.0561  	0.02400  	0.00541  	0.62820  	0.50885  	265.059  	212.284  	
-0.4316  	-0.1937  	0.11219  	-0.5401  	0.10739  	-0.5097  	-0.7093  	-0.2527  	0.21248  	-0.3654  	-0.2303  	0.89049  	-0.2119  	-0.4195  	-0.9270  	0.14563  	0.20608  	0.02878  	0.39239  	-0.1680  	-0.3638  	0.26902  	0.49365  	0.29066  	-0.1379  	0.20282  	0.12232  	-0.7484  	-0.1797  	-0.2948  	-0.1309  	0.00927  	0.01174  	-0.0679  	0.04253  	0.06912  	0.30258  	0.15408  	-0.3398  	-0.1441  	0.44423  	0.05623  	0.08982  	0.28033  	-0.0193  	-0.0425  	-0.0137  	0.15738  	0.07424  	0.00350  	0.00142  	-0.0146  	-0.0154  	0.01969  	0.03023  	-0.0234  	0.01741  	-0.0223  	-0.0228  	-0.0238  	-0.0476  	-0.0493  	0.08735  	-0.0066  	0.10438  	-0.4137  	-0.0561  	0.02400  	0.00541  	0.62820  	0.50885  	265.059  	212.284  	
-0.2938  	-0.1590  	0.15552  	-0.3223  	0.19590  	-0.4065  	-0.6962  	-0.2461  	0.23823  	-0.3483  	-0.3297  	0.93583  	-0.1894  	-0.4355  	-0.7878  	0.17282  	0.17735  	0.00193  	0.34183  	-0.1176  	-0.4333  	0.27731  	0.40507  	0.25373  	-0.1235  	0.20633  	0.11427  	-0.6768  	-0.1069  	-0.2985  	-0.1171  	-0.0029  	0.00881  	-0.0582  	0.04828  	0.08986  	0.25011  	0.14951  	-0.3226  	-0.0971  	0.41995  	0.05556  	0.09975  	0.28058  	-0.0266  	-0.0433  	-0.0158  	0.16042  	0.08380  	-0.0077  	0.01199  	-0.0178  	-0.0157  	0.02105  	0.03381  	-0.0146  	0.01191  	-0.0271  	-0.0279  	-0.0197  	-0.0519  	-0.0561  	0.09166  	-0.0069  	0.10438  	-0.4137  	-0.0561  	0.02400  	0.00541  	0.62820  	0.50885  	265.059  	212.284  	
-0.1946  	-0.1245  	0.23160  	-0.2593  	0.28558  	-0.3798  	-0.6686  	-0.3047  	0.21509  	-0.3064  	-0.2663  	1.00766  	-0.2443  	-0.4765  	-0.8083  	0.30546  	0.14354  	0.04524  	0.32905  	-0.0709  	-0.4387  	0.25051  	0.33038  	0.22476  	-0.1227  	0.16852  	0.08575  	-0.6183  	-0.1028  	-0.2859  	-0.1596  	0.01627  	0.00915  	-0.0505  	0.11724  	0.13211  	0.26153  	0.13702  	-0.3320  	-0.0958  	0.38560  	0.06949  	0.07982  	0.27593  	-0.0238  	-0.0384  	-0.0201  	0.15410  	0.08502  	-0.0030  	0.02220  	-0.0142  	-0.0027  	0.02651  	0.04058  	-0.0127  	0.01849  	-0.0274  	-0.0278  	-0.0117  	-0.0538  	-0.0594  	0.08790  	-0.0078  	0.10438  	-0.4137  	-0.0561  	0.02400  	0.00541  	0.62820  	0.50885  	265.059  	212.284  	
-0.2613  	-0.1755  	0.24612  	-0.3600  	0.19781  	-0.4253  	-0.6519  	-0.3333  	0.18147  	-0.3257  	-0.2559  	0.88796  	-0.2539  	-0.5073  	-0.9236  	0.32994  	0.13689  	0.07316  	0.32825  	-0.1053  	-0.4940  	0.23845  	0.33486  	0.20691  	-0.1084  	0.17446  	0.08143  	-0.6433  	-0.1075  	-0.2766  	-0.1399  	0.03170  	-0.0002  	-0.0444  	0.10829  	0.17617  	0.27436  	0.14236  	-0.3360  	-0.0933  	0.38915  	0.06824  	0.07984  	0.27553  	-0.0213  	-0.0381  	-0.0233  	0.14536  	0.08916  	0.00176  	0.01829  	-0.0158  	-0.0058  	0.02583  	0.04053  	-0.0115  	0.01224  	-0.0236  	-0.0310  	-0.0142  	-0.0527  	-0.0507  	0.09359  	-0.0061  	0.10438  	-0.4137  	-0.0561  	0.02400  	0.00541  	0.62820  	0.50885  	265.059  	212.284  	
-0.5278  	-0.2178  	0.03193  	-0.4298  	0.19921  	-0.5833  	-0.6606  	-0.3904  	0.16993  	-0.2882  	-0.2240  	0.90804  	-0.2385  	-0.5009  	-0.9618  	0.21686  	0.15421  	0.01090  	0.33175  	-0.0937  	-0.4656  	0.26384  	0.35310  	0.27275  	-0.0470  	0.19824  	0.13307  	-0.6437  	-0.1155  	-0.2568  	-0.1378  	0.00741  	-0.0153  	-0.0566  	0.12648  	0.21023  	0.27056  	0.12901  	-0.3608  	-0.1046  	0.37142  	0.09357  	0.06463  	0.26965  	-0.0099  	-0.0446  	-0.0222  	0.13347  	0.07573  	-0.0024  	0.01747  	-0.0100  	-0.0140  	0.02845  	0.04291  	-0.0158  	0.00981  	-0.0209  	-0.0239  	-0.0106  	-0.0587  	-0.0542  	0.08626  	-0.0102  	0.10438  	-0.4137  	-0.0561  	0.02400  	0.00541  	0.62820  	0.50885  	265.059  	212.284  	
-0.6434  	-0.2327  	0.02387  	-0.6023  	0.07862  	-0.6522  	-0.7141  	-0.3643  	0.16781  	-0.3035  	-0.2096  	0.87562  	-0.2769  	-0.3527  	-0.7583  	-0.0377  	0.22783  	-0.0432  	0.34072  	-0.2351  	-0.3318  	0.26257  	0.47675  	0.25708  	-0.0719  	0.21713  	0.19635  	-0.8243  	-0.1985  	-0.2728  	-0.0962  	-0.0251  	-0.0207  	-0.0580  	0.09139  	0.07827  	0.31368  	0.15030  	-0.3790  	-0.1622  	0.37177  	0.08351  	0.08564  	0.27125  	-0.0093  	-0.0486  	-0.0155  	0.13372  	0.05001  	-0.0002  	0.00202  	-0.0119  	-0.0166  	0.03420  	0.02505  	-0.0153  	0.00984  	-0.0235  	-0.0262  	-0.0120  	-0.0507  	-0.0540  	0.08418  	-0.0150  	0.10438  	-0.4137  	-0.0561  	0.02400  	0.00541  	0.62820  	0.50885  	265.059  	212.284  	
-0.4180  	-0.1621  	0.16675  	-0.5204  	0.14299  	-0.4700  	-0.6939  	-0.2643  	0.21758  	-0.3861  	-0.2538  	0.91597  	-0.2332  	-0.3479  	-0.7683  	0.10312  	0.21756  	-0.0196  	0.33937  	-0.2164  	-0.3041  	0.28639  	0.52558  	0.3101  	-0.1505  	0.20225  	0.15157  	-0.8283  	-0.2305  	-0.2935  	-0.1130  	-0.0059  	-0.0007  	-0.0723  	0.08418  	0.04388  	0.34886  	0.15413  	-0.3609  	-0.1303  	0.40998  	0.05461  	0.06506  	0.26993  	-0.0273  	-0.0374  	-0.0131  	0.14210  	0.06748  	-0.0007  	0.00656  	-0.0138  	-0.0107  	0.02320  	0.03006  	-0.0201  	0.00481  	-0.0222  	-0.0265  	-0.0131  	-0.0536  	-0.0474  	0.09214  	-0.0062  	0.10438  	-0.4137  	-0.0561  	0.02400  	0.00541  	0.62820  	0.50885  	265.059  	212.284  	
-0.2689  	-0.1624  	0.21895  	-0.3351  	0.22390  	-0.3900  	-0.6840  	-0.2572  	0.21628  	-0.3646  	-0.3108  	0.91951  	-0.2057  	-0.4040  	-0.8073  	0.18724  	0.17938  	0.03034  	0.35118  	-0.1476  	-0.4096  	0.27765  	0.42956  	0.23721  	-0.1420  	0.19983  	0.11002  	-0.7171  	-0.1670  	-0.2971  	-0.1217  	-0.0065  	0.03333  	-0.0605  	0.07838  	0.06679  	0.32948  	0.14552  	-0.3683  	-0.1144  	0.38315  	0.06136  	0.10401  	0.28281  	-0.0124  	-0.0464  	-0.0102  	0.14589  	0.08409  	-0.0076  	0.00685  	-0.0153  	-0.0143  	0.02618  	0.03201  	-0.0154  	0.00892  	-0.0257  	-0.0273  	-0.0154  	-0.0571  	-0.0553  	0.08167  	-0.0098  	0.10438  	-0.4137  	-0.0561  	0.02400  	0.00541  	0.62820  	0.50885  	265.059  	212.284  	
-0.2127  	-0.1229  	0.24916  	-0.3023  	0.26785  	-0.4002  	-0.6597  	-0.2733  	0.22785  	-0.2938  	-0.2576  	0.95927  	-0.2140  	-0.4026  	-0.8279  	0.28608  	0.11833  	0.00257  	0.34819  	-0.0753  	-0.4240  	0.26722  	0.31849  	0.23951  	-0.1160  	0.18817  	0.09988  	-0.6636  	-0.1159  	-0.2885  	-0.1479  	0.00491  	0.02005  	-0.0556  	0.13889  	0.13767  	0.29079  	0.12836  	-0.3412  	-0.0910  	0.37745  	0.06452  	0.08676  	0.28468  	-0.0212  	-0.0433  	-0.0162  	0.16156  	0.08185  	-0.0074  	0.02198  	-0.0175  	-0.0077  	0.01912  	0.03985  	-0.0145  	0.01603  	-0.0267  	-0.0316  	-0.0170  	-0.0601  	-0.0572  	0.08580  	-0.0076  	0.10438  	-0.4137  	-0.0561  	0.02400  	0.00541  	0.62820  	0.50885  	265.059  	212.284  	
-0.1553  	-0.1252  	0.21314  	-0.1742  	0.31018  	-0.3378  	-0.6762  	-0.2810  	0.21744  	-0.3890  	-0.2942  	0.94749  	-0.2086  	-0.3572  	-0.6911  	0.29553  	0.13291  	-0.0102  	0.35873  	-0.0871  	-0.3192  	0.28118  	0.33680  	0.32319  	-0.1109  	0.18186  	0.19187  	-0.7481  	-0.2284  	-0.3163  	-0.1488  	0.02639  	0.01612  	-0.0500  	0.23805  	0.10937  	0.34589  	0.15204  	-0.3991  	-0.1063  	0.33199  	0.08580  	0.06640  	0.28060  	-0.0119  	-0.0396  	-0.0194  	0.15535  	0.07653  	0.00166  	0.02432  	-0.0129  	-0.0085  	0.02278  	0.03547  	-0.0113  	0.01445  	-0.0225  	-0.0237  	-0.0115  	-0.0569  	-0.0551  	0.08504  	-0.0107  	0.10438  	-0.4137  	-0.0561  	0.02400  	0.00541  	0.62820  	0.50885  	265.059  	212.284  	
-0.1303  	-0.0834  	0.26337  	-0.1721  	0.23883  	-0.3443  	-0.6705  	-0.2298  	0.26904  	-0.4228  	-0.3517  	0.90976  	-0.1592  	-0.2641  	-0.4524  	0.17201  	0.21070  	-0.0687  	0.34979  	-0.2206  	-0.2182  	0.30455  	0.44421  	0.36969  	-0.0986  	0.17490  	0.28017  	-0.9782  	-0.3192  	-0.2659  	-0.1300  	0.04085  	0.02144  	-0.0516  	0.24560  	0.03414  	0.44054  	0.19706  	-0.4291  	-0.1370  	0.35970  	0.09571  	0.06502  	0.26615  	-0.0185  	-0.0341  	-0.0136  	0.14995  	0.07054  	-0.0009  	-0.0041  	-0.0050  	-0.0077  	0.03816  	0.03870  	-0.0078  	0.00281  	-0.0170  	-0.0302  	-0.0107  	-0.0440  	-0.0515  	0.07594  	-0.0149  	0.10438  	-0.4137  	-0.0561  	0.02400  	0.00541  	0.62820  	0.50885  	265.059  	212.284  	
-0.0631  	-0.0644  	0.27136  	-0.1495  	0.24862  	-0.2894  	-0.6765  	-0.1430  	0.28291  	-0.4936  	-0.2993  	0.93253  	-0.1317  	-0.1548  	-0.4156  	0.19112  	0.22235  	-0.0829  	0.33428  	-0.2570  	-0.1258  	0.28990  	0.43932  	0.37029  	-0.1308  	0.17570  	0.29298  	-0.9812  	-0.3589  	-0.2781  	-0.1282  	0.04423  	0.04139  	-0.0605  	0.27426  	-0.0499  	0.46387  	0.20641  	-0.4452  	-0.1739  	0.33403  	0.07979  	0.06381  	0.26173  	-0.0223  	-0.0363  	-0.0162  	0.12506  	0.07372  	0.00031  	-0.0067  	-0.0067  	-0.0074  	0.03501  	0.03570  	-0.0079  	-0.0031  	-0.0227  	-0.0271  	-0.0159  	-0.0428  	-0.0394  	0.08010  	-0.0177  	0.10438  	-0.4137  	-0.0561  	0.02400  	0.00541  	0.62820  	0.50885  	265.059  	212.284  	
0.07240  	0.00622  	0.37383  	-0.1159  	0.20991  	-0.1986  	-0.6595  	-0.0585  	0.33045  	-0.5580  	-0.2406  	0.97660  	-0.1429  	-0.0937  	-0.4290  	0.24975  	0.20240  	-0.1136  	0.33196  	-0.2849  	-0.0147  	0.29831  	0.51157  	0.36574  	-0.1911  	0.16235  	0.30994  	-1.0265  	-0.4535  	-0.3069  	-0.1412  	0.05111  	0.05439  	-0.0725  	0.30240  	-0.1005  	0.53703  	0.22960  	-0.4662  	-0.2010  	0.31838  	0.06471  	0.07076  	0.26770  	-0.0302  	-0.0360  	-0.0205  	0.14276  	0.07847  	0.00957  	-0.0055  	-0.0124  	-0.0083  	0.03221  	0.03124  	0.00360  	-0.0021  	-0.0255  	-0.0308  	-0.0111  	-0.0449  	-0.0382  	0.07593  	-0.0169  	0.10438  	-0.4137  	-0.0561  	0.02400  	0.00541  	0.62820  	0.50885  	265.059  	212.284  	
0.08144  	0.01023  	0.36857  	-0.1028  	0.22308  	-0.2178  	-0.6609  	-0.0718  	0.33738  	-0.5499  	-0.2250  	0.99025  	-0.1466  	-0.0897  	-0.4353  	0.25991  	0.19517  	-0.1141  	0.32611  	-0.2663  	-0.0118  	0.29317  	0.49646  	0.35654  	-0.2059  	0.16875  	0.29187  	-1.0175  	-0.4633  	-0.3139  	-0.1410  	0.04632  	0.05538  	-0.0693  	0.30717  	-0.1038  	0.53098  	0.23136  	-0.4686  	-0.1989  	0.31341  	0.06698  	0.06887  	0.26172  	-0.0265  	-0.0352  	-0.0201  	0.14298  	0.07541  	0.01615  	-0.0041  	-0.0122  	-0.0083  	0.03299  	0.02960  	0.00381  	-0.0029  	-0.0249  	-0.0297  	-0.0119  	-0.0466  	-0.0350  	0.07388  	-0.0170  	0.10438  	-0.4137  	-0.0561  	0.02400  	0.00541  	0.62820  	0.50885  	265.059  	212.284  	
0.13584  	-0.0001  	0.41089  	-0.0938  	0.22478  	-0.1582  	-0.6539  	-0.0373  	0.34285  	-0.5648  	-0.2274  	0.99473  	-0.1367  	-0.0672  	-0.4008  	0.29932  	0.21270  	-0.1328  	0.33194  	-0.2865  	-0.0106  	0.30491  	0.52831  	0.40722  	-0.1877  	0.16059  	0.33006  	-1.0547  	-0.4856  	-0.3038  	-0.1448  	0.05764  	0.05348  	-0.0635  	0.31749  	-0.1052  	0.56117  	0.24571  	-0.4525  	-0.2098  	0.29313  	0.07172  	0.07558  	0.26439  	-0.0281  	-0.0373  	-0.0242  	0.15352  	0.08324  	0.00379  	-0.0041  	-0.0075  	-0.0065  	0.03583  	0.03207  	0.00445  	-0.0025  	-0.0242  	-0.0322  	-0.0072  	-0.0461  	-0.0420  	0.08157  	-0.0106  	0.10438  	-0.4137  	-0.0561  	0.02400  	0.00541  	0.62820  	0.50885  	265.059  	212.284  	
-0.1241  	-0.0533  	0.25207  	-0.1715  	0.24144  	-0.3502  	-0.6692  	-0.1906  	0.25996  	-0.4655  	-0.2425  	0.99725  	-0.1610  	-0.2224  	-0.6109  	0.21778  	0.17339  	0.00632  	0.30288  	-0.1362  	-0.2200  	0.25605  	0.40925  	0.27548  	-0.1685  	0.18923  	0.14624  	-0.7559  	-0.2553  	-0.3083  	-0.1347  	0.00133  	0.06763  	-0.0499  	0.19295  	0.00047  	0.35650  	0.17594  	-0.3606  	-0.1295  	0.35627  	0.08346  	0.06744  	0.26466  	-0.0175  	-0.0397  	-0.0130  	0.15261  	0.07199  	0.00615  	0.01419  	-0.0076  	-0.0035  	0.02928  	0.03427  	-0.0039  	0.00584  	-0.0215  	-0.0227  	-0.0140  	-0.0443  	-0.0505  	0.07791  	-0.0086  	0.10438  	-0.4137  	-0.0561  	0.02400  	0.00541  	0.62820  	0.50885  	265.059  	212.284  	
-0.2600  	-0.1915  	0.06949  	-0.2277  	0.29481  	-0.4505  	-0.6224  	-0.3608  	0.19283  	-0.3574  	-0.2779  	0.98723  	-0.1893  	-0.4286  	-0.7516  	0.19785  	0.17200  	0.04414  	0.27905  	-0.0562  	-0.5126  	0.26162  	0.30367  	0.22343  	-0.0756  	0.20079  	0.03443  	-0.5313  	-0.0843  	-0.2797  	-0.1382  	0.00511  	0.00481  	-0.0503  	0.07703  	0.14261  	0.19759  	0.12113  	-0.3200  	-0.0774  	0.36743  	0.07116  	0.07080  	0.25812  	-0.0189  	-0.0406  	-0.0158  	0.15805  	0.08826  	-0.0021  	0.02207  	-0.0150  	-0.0085  	0.02591  	0.03684  	-0.0171  	0.02136  	-0.0232  	-0.0208  	-0.0098  	-0.0562  	-0.0512  	0.08566  	-0.0014  	0.10438  	-0.4137  	-0.0561  	0.02400  	0.00541  	0.62820  	0.50885  	265.059  	212.284  	
-0.2944  	-0.2302  	0.06538  	-0.1897  	0.31244  	-0.4252  	-0.6363  	-0.3511  	0.17848  	-0.3902  	-0.2706  	0.94638  	-0.2146  	-0.5321  	-0.7946  	0.29035  	0.17022  	0.03886  	0.30658  	-0.0767  	-0.5052  	0.26514  	0.26388  	0.30368  	-0.0202  	0.18079  	0.10369  	-0.5854  	-0.1276  	-0.2711  	-0.1686  	0.05216  	-0.0157  	-0.0667  	0.09629  	0.15523  	0.22336  	0.14433  	-0.3374  	-0.0736  	0.37669  	0.05675  	0.06722  	0.27483  	-0.0205  	-0.0384  	-0.0186  	0.14848  	0.08874  	-0.0070  	0.02408  	-0.0149  	-0.0054  	0.02304  	0.03488  	-0.0173  	0.02025  	-0.0222  	-0.0239  	-0.0077  	-0.0554  	-0.0669  	0.08547  	-0.0023  	0.10438  	-0.4137  	-0.0561  	0.02400  	0.00541  	0.62820  	0.50885  	265.059  	212.284  	
-0.3688  	-0.2164  	0.06272  	-0.2115  	0.30060  	-0.4471  	-0.6905  	-0.3497  	0.15728  	-0.4217  	-0.3620  	0.90156  	-0.2305  	-0.5796  	-0.7784  	0.23749  	0.19063  	0.01034  	0.37699  	-0.1186  	-0.4728  	0.23576  	0.31735  	0.30701  	0.06240  	0.18091  	0.28617  	-0.6213  	-0.1281  	-0.2090  	-0.1871  	0.05556  	-0.0465  	-0.0667  	0.10090  	0.16917  	0.27897  	0.15412  	-0.3678  	-0.1118  	0.33572  	0.07783  	0.03782  	0.28735  	-0.0192  	-0.0413  	-0.0326  	0.14711  	0.08110  	-0.0153  	0.01880  	-0.0089  	-0.0027  	0.02410  	0.03354  	-0.0156  	0.02509  	-0.0177  	-0.0196  	-0.0133  	-0.0613  	-0.0621  	0.09449  	-0.0169  	0.10438  	-0.4137  	-0.0561  	0.02400  	0.00541  	0.62820  	0.50885  	265.059  	212.284  	
-0.2815  	-0.1741  	0.07124  	0.00104  	0.41903  	-0.3448  	-0.7021  	-0.3106  	0.14970  	-0.5035  	-0.4472  	0.96724  	-0.1879  	-0.4099  	-0.6406  	0.19918  	0.19580  	-0.0418  	0.37836  	-0.1469  	-0.4324  	0.25149  	0.31243  	0.34173  	0.08256  	0.16414  	0.33439  	-0.6224  	-0.0873  	-0.1638  	-0.1982  	0.02001  	-0.0390  	-0.0560  	0.14775  	0.13363  	0.25085  	0.14192  	-0.3539  	-0.1122  	0.27094  	0.12705  	0.03983  	0.24702  	-0.0036  	-0.0389  	-0.0412  	0.15543  	0.08305  	-0.0152  	0.01374  	-0.0153  	-0.0034  	0.01651  	0.02944  	-0.0072  	0.03173  	-0.0227  	-0.0115  	-0.0084  	-0.0629  	-0.0523  	0.08527  	-0.0069  	0.10438  	-0.4137  	-0.0561  	0.02400  	0.00541  	0.62820  	0.50885  	265.059  	212.284  	
-0.1018  	-0.1020  	0.17059  	0.08589  	0.44678  	-0.1923  	-0.6747  	-0.1995  	0.18590  	-0.5091  	-0.6195  	0.89847  	-0.1714  	-0.2354  	-0.3350  	0.14099  	0.21704  	-0.0647  	0.35387  	-0.2398  	-0.3383  	0.35380  	0.40945  	0.31471  	0.10116  	0.14321  	0.33251  	-0.7792  	-0.0998  	-0.1754  	-0.1916  	0.04409  	-0.0219  	-0.0549  	0.19217  	0.07900  	0.28499  	0.16147  	-0.3452  	-0.0818  	0.29146  	0.07574  	0.06830  	0.30432  	-0.0339  	-0.0432  	-0.0217  	0.15721  	0.08950  	-0.0158  	0.01810  	-0.0093  	-0.0079  	0.03082  	0.02653  	-0.0006  	0.00867  	-0.0286  	-0.0184  	-0.0044  	-0.0563  	-0.0627  	0.08101  	-0.0266  	0.10438  	-0.4137  	-0.0561  	0.02400  	0.00541  	0.62820  	0.50885  	265.059  	212.284  	
-0.0720  	-0.0914  	0.24396  	0.00948  	0.42820  	-0.2059  	-0.6899  	-0.2099  	0.21935  	-0.4384  	-0.4121  	0.96417  	-0.1791  	-0.2878  	-0.5249  	0.27383  	0.14907  	-0.0643  	0.34648  	-0.2035  	-0.3041  	0.36233  	0.34734  	0.34218  	-0.0024  	0.12969  	0.26343  	-0.7949  	-0.1869  	-0.2311  	-0.1926  	0.02981  	0.00878  	-0.0558  	0.21731  	0.09424  	0.35752  	0.14639  	-0.3762  	-0.0994  	0.32402  	0.08762  	0.07151  	0.28188  	-0.0259  	-0.0447  	-0.0330  	0.15430  	0.09175  	-0.0024  	0.01154  	-0.0206  	-0.0062  	0.03010  	0.03242  	0.00320  	0.01254  	-0.0260  	-0.0201  	-0.0072  	-0.0509  	-0.0570  	0.07152  	-0.0173  	0.10438  	-0.4137  	-0.0561  	0.02400  	0.00541  	0.62820  	0.50885  	265.059  	212.284  	
-0.1806  	-0.1622  	0.25524  	-0.2587  	0.27377  	-0.3588  	-0.6810  	-0.2871  	0.18043  	-0.3252  	-0.2169  	0.96004  	-0.2347  	-0.4509  	-0.9229  	0.37440  	0.12145  	0.06157  	0.36076  	-0.1008  	-0.4125  	0.25533  	0.27063  	0.26517  	-0.0271  	0.14570  	0.16327  	-0.7056  	-0.1527  	-0.2798  	-0.1600  	0.01950  	0.00080  	-0.0705  	0.18366  	0.18032  	0.30289  	0.14474  	-0.3641  	-0.1049  	0.36467  	0.09327  	0.07902  	0.25815  	-0.0203  	-0.0393  	-0.0302  	0.16158  	0.08553  	-0.0001  	0.03306  	-0.0145  	-0.0019  	0.02671  	0.04144  	0.00027  	0.02286  	-0.0243  	-0.0242  	-0.0103  	-0.0534  	-0.0623  	0.08952  	-0.0142  	0.10438  	-0.4137  	-0.0561  	0.02400  	0.00541  	0.62820  	0.50885  	265.059  	212.284  	
-0.3605  	-0.2236  	0.12761  	-0.3851  	0.18741  	-0.4205  	-0.6910  	-0.3254  	0.15884  	-0.3458  	-0.2366  	0.88855  	-0.2497  	-0.5313  	-0.9145  	0.29704  	0.16048  	-0.0030  	0.38322  	-0.1424  	-0.3858  	0.27709  	0.31603  	0.32902  	0.00070  	0.16116  	0.22227  	-0.7124  	-0.1627  	-0.2824  	-0.1540  	0.03786  	-0.0389  	-0.0760  	0.13984  	0.18866  	0.33171  	0.13893  	-0.3670  	-0.1037  	0.34679  	0.08029  	0.06089  	0.26576  	-0.0184  	-0.0366  	-0.0236  	0.13550  	0.08393  	0.00973  	0.02850  	-0.0170  	-0.0033  	0.02759  	0.03798  	-0.0107  	0.01918  	-0.0203  	-0.0226  	-0.0026  	-0.0542  	-0.0624  	0.09087  	-0.0053  	0.10438  	-0.4137  	-0.0561  	0.02400  	0.00541  	0.62820  	0.50885  	265.059  	212.284  	
-0.4125  	-0.2185  	0.09443  	-0.3833  	0.15104  	-0.4187  	-0.7528  	-0.2915  	0.15212  	-0.4820  	-0.2287  	0.89038  	-0.2667  	-0.5105  	-0.7261  	0.19177  	0.22018  	-0.0850  	0.38199  	-0.2426  	-0.2874  	0.24779  	0.44255  	0.35892  	-0.0935  	0.17938  	0.27931  	-0.8609  	-0.2975  	-0.3032  	-0.1301  	0.06252  	-0.0217  	-0.0633  	0.18501  	0.08641  	0.44171  	0.19868  	-0.4434  	-0.1548  	0.35128  	0.06964  	0.05612  	0.26362  	-0.0231  	-0.0408  	-0.0118  	0.12115  	0.07251  	0.00835  	0.00666  	-0.0153  	-0.0051  	0.03808  	0.03527  	-0.0139  	0.01313  	-0.0270  	-0.0188  	-0.0100  	-0.0541  	-0.0575  	0.08275  	-0.0124  	0.10438  	-0.4137  	-0.0561  	0.02400  	0.00541  	0.62820  	0.50885  	265.059  	212.284  	
-0.0006  	-0.0217  	0.41490  	-0.1844  	0.29843  	-0.2118  	-0.6801  	-0.0867  	0.27260  	-0.4466  	-0.3909  	0.99073  	-0.1161  	-0.1464  	-0.4661  	0.27287  	0.18877  	-0.1063  	0.38498  	-0.2249  	-0.1086  	0.30551  	0.44799  	0.40512  	-0.1561  	0.16940  	0.33184  	-0.9929  	-0.4255  	-0.3147  	-0.1393  	0.05956  	0.03567  	-0.0651  	0.27559  	-0.0199  	0.48686  	0.20513  	-0.4281  	-0.1466  	0.30937  	0.09061  	0.07738  	0.27833  	-0.0192  	-0.0358  	-0.0212  	0.15174  	0.08528  	-0.0110  	0.00074  	-0.0057  	-0.0095  	0.02800  	0.02538  	-0.0007  	-0.0006  	-0.0323  	-0.0315  	-0.0102  	-0.0431  	-0.0481  	0.07266  	-0.0164  	0.10438  	-0.4137  	-0.0561  	0.02400  	0.00541  	0.62820  	0.50885  	265.059  	212.284  	
0.17263  	0.01605  	0.46812  	-0.1534  	0.27310  	-0.1872  	-0.6639  	-0.0411  	0.29122  	-0.4952  	-0.2692  	1.02725  	-0.1514  	-0.0988  	-0.4487  	0.33844  	0.19127  	-0.1036  	0.36501  	-0.2102  	-0.0446  	0.29444  	0.44031  	0.38204  	-0.1280  	0.15882  	0.34230  	-1.0281  	-0.4298  	-0.2854  	-0.1547  	0.06001  	0.04155  	-0.0686  	0.30079  	-0.0288  	0.51770  	0.21613  	-0.4343  	-0.1878  	0.29589  	0.09020  	0.08781  	0.26816  	-0.0246  	-0.0352  	-0.0244  	0.17010  	0.09354  	0.00272  	-0.0007  	-0.0120  	-0.0038  	0.02909  	0.03099  	0.00692  	0.00659  	-0.0296  	-0.0332  	-0.0059  	-0.0507  	-0.0486  	0.08340  	-0.0163  	0.10438  	-0.4137  	-0.0561  	0.02400  	0.00541  	0.62820  	0.50885  	265.059  	212.284  	
0.22343  	-0.0143  	0.51925  	-0.1692  	0.23518  	-0.1976  	-0.6195  	-0.0264  	0.31824  	-0.4624  	-0.1463  	1.06942  	-0.1783  	-0.1768  	-0.6502  	0.46211  	0.16441  	-0.0978  	0.38852  	-0.1731  	-0.0581  	0.30139  	0.39058  	0.34850  	-0.0474  	0.13483  	0.30963  	-0.9742  	-0.4087  	-0.3016  	-0.1770  	0.04758  	0.04480  	-0.0574  	0.26502  	-0.0274  	0.52065  	0.23007  	-0.3919  	-0.1791  	0.31152  	0.07446  	0.10527  	0.28067  	-0.0185  	-0.0390  	-0.0422  	0.17994  	0.10070  	0.00065  	0.01008  	-0.0140  	-0.0046  	0.03117  	0.03311  	0.00939  	0.00182  	-0.0263  	-0.0316  	-0.0048  	-0.0580  	-0.0555  	0.08730  	-0.0131  	0.10438  	-0.4137  	-0.0561  	0.02400  	0.00541  	0.62820  	0.50885  	265.059  	212.284  	
0.07710  	-0.0235  	0.45320  	-0.2369  	0.25674  	-0.2573  	-0.5871  	-0.0771  	0.32541  	-0.3730  	-0.2514  	1.00310  	-0.1508  	-0.0940  	-0.5080  	0.41539  	0.18558  	-0.0864  	0.36778  	-0.1357  	-0.0576  	0.30178  	0.30777  	0.31748  	0.05864  	0.12941  	0.35045  	-0.9740  	-0.3071  	-0.2902  	-0.1855  	0.05209  	0.02956  	-0.0505  	0.26197  	0.01129  	0.46484  	0.20555  	-0.3412  	-0.1132  	0.30235  	0.07977  	0.09005  	0.28817  	-0.0170  	-0.0541  	-0.0377  	0.18476  	0.10662  	-0.0073  	0.02059  	-0.0165  	-0.0103  	0.03781  	0.04042  	0.00841  	0.00442  	-0.0248  	-0.0304  	-0.0001  	-0.0538  	-0.0557  	0.08474  	-0.0097  	0.10438  	-0.4137  	-0.0561  	0.02400  	0.00541  	0.62820  	0.50885  	265.059  	212.284  	
-0.0268  	-0.1006  	0.31634  	0.21757  	0.44032  	-0.2281  	-0.5816  	-0.1952  	0.25820  	-0.3818  	-0.4444  	1.04076  	-0.1199  	-0.0096  	-0.3340  	0.30957  	0.20341  	-0.0882  	0.34560  	-0.0846  	-0.2401  	0.36912  	0.28804  	0.36694  	0.06100  	0.14158  	0.37467  	-0.8916  	-0.2410  	-0.2152  	-0.2356  	0.04097  	-0.0026  	-0.0520  	0.23480  	0.01008  	0.40592  	0.18077  	-0.3726  	-0.0537  	0.24372  	0.08323  	0.05045  	0.29532  	-0.0147  	-0.0381  	-0.0435  	0.17637  	0.09805  	-0.0067  	0.03425  	-0.0135  	-0.0185  	0.03948  	0.03379  	0.00562  	0.00977  	-0.0281  	-0.0186  	-0.0024  	-0.0514  	-0.0603  	0.07382  	-0.0167  	0.10438  	-0.4137  	-0.0561  	0.02400  	0.00541  	0.62820  	0.50885  	265.059  	212.284  	
-0.0395  	-0.0834  	0.13132  	0.27001  	0.55665  	-0.2155  	-0.6484  	-0.2224  	0.21545  	-0.5517  	-0.6406  	1.00980  	-0.0848  	-0.0337  	-0.2245  	0.15250  	0.17804  	-0.0654  	0.29882  	-0.1539  	-0.3376  	0.34956  	0.30974  	0.35290  	0.06383  	0.15495  	0.30971  	-0.7016  	-0.0700  	-0.1590  	-0.2162  	-0.0021  	-0.0049  	-0.0351  	0.25131  	0.00928  	0.26201  	0.12283  	-0.3301  	-0.0767  	0.21382  	0.09562  	0.03816  	0.26622  	-0.0040  	-0.0391  	-0.0320  	0.15212  	0.08253  	-0.0071  	0.01920  	-0.0204  	-0.0067  	0.01921  	0.03751  	0.00324  	0.01317  	-0.0232  	-0.0187  	-0.0058  	-0.0561  	-0.0503  	0.08074  	-0.0139  	0.10438  	-0.4137  	-0.0561  	0.02400  	0.00541  	0.62820  	0.50885  	265.059  	212.284  	
0.03873  	-0.0752  	0.21090  	0.23083  	0.52764  	-0.1635  	-0.6337  	-0.1672  	0.24130  	-0.5399  	-0.6515  	0.95977  	-0.0179  	0.03506  	-0.1108  	0.12249  	0.16077  	-0.0626  	0.30241  	-0.1632  	-0.3251  	0.35700  	0.28463  	0.34843  	0.04751  	0.13649  	0.28772  	-0.7583  	-0.1185  	-0.1826  	-0.2091  	0.00314  	0.01987  	-0.0369  	0.25161  	0.01643  	0.28201  	0.12838  	-0.3346  	-0.0668  	0.25663  	0.10810  	0.04568  	0.26056  	-0.0064  	-0.0368  	-0.0298  	0.15716  	0.09182  	-0.0053  	0.02124  	-0.0163  	-0.0115  	0.02580  	0.03483  	0.00151  	0.00743  	-0.0219  	-0.0226  	-0.0123  	-0.0552  	-0.0457  	0.07320  	-0.0181  	0.10438  	-0.4137  	-0.0561  	0.02400  	0.00541  	0.62820  	0.50885  	265.059  	212.284  	
0.12553  	-0.0209  	0.28439  	0.26697  	0.52062  	-0.0765  	-0.5760  	-0.1297  	0.26026  	-0.5189  	-0.7489  	0.87093  	0.01733  	0.13166  	-0.1307  	0.08596  	0.18009  	-0.0863  	0.29253  	-0.2359  	-0.3316  	0.39794  	0.34444  	0.30570  	0.10402  	0.13280  	0.31426  	-0.7535  	-0.0471  	-0.1600  	-0.2044  	-0.0104  	0.01595  	-0.0290  	0.20646  	0.00663  	0.25802  	0.10822  	-0.2938  	-0.0654  	0.26939  	0.11115  	0.06686  	0.26733  	-0.0151  	-0.0352  	-0.0364  	0.17297  	0.10158  	-0.0056  	0.02460  	-0.0185  	-0.0075  	0.02149  	0.03001  	0.00976  	0.00684  	-0.0235  	-0.0241  	-0.0087  	-0.0508  	-0.0490  	0.07488  	-0.0208  	0.10438  	-0.4137  	-0.0561  	0.02400  	0.00541  	0.62820  	0.50885  	265.059  	212.284  	
0.12876  	-0.0369  	0.17621  	0.44829  	0.66714  	-0.1832  	-0.5847  	-0.1465  	0.25634  	-0.4561  	-0.8370  	0.91018  	0.04893  	0.22767  	-0.0305  	0.06538  	0.15657  	-0.1203  	0.28684  	-0.2367  	-0.3687  	0.43715  	0.31395  	0.34462  	0.18455  	0.12015  	0.34726  	-0.7793  	-0.0276  	-0.1342  	-0.2173  	-0.0215  	0.01065  	-0.0316  	0.25455  	0.02528  	0.22390  	0.09167  	-0.2779  	-0.0414  	0.20098  	0.13519  	0.03109  	0.26949  	-0.0099  	-0.0368  	-0.0331  	0.17113  	0.09759  	-0.0097  	0.03088  	-0.0151  	-0.0092  	0.02173  	0.03257  	0.00851  	0.00601  	-0.0258  	-0.0151  	-0.0059  	-0.0572  	-0.0454  	0.07251  	-0.0194  	0.10438  	-0.4137  	-0.0561  	0.02400  	0.00541  	0.62820  	0.50885  	265.059  	212.284  	
-0.0866  	-0.1468  	0.06444  	0.38912  	0.67012  	-0.3718  	-0.5797  	-0.1850  	0.24034  	-0.4451  	-0.5721  	1.04891  	-0.0184  	0.14073  	-0.1927  	0.11209  	0.14110  	-0.0774  	0.29874  	-0.1179  	-0.3475  	0.35032  	0.20437  	0.38983  	0.07292  	0.13241  	0.31175  	-0.6710  	-0.1152  	-0.1680  	-0.2082  	0.01123  	0.02271  	-0.0339  	0.31861  	0.00693  	0.26903  	0.08172  	-0.3451  	-0.0584  	0.22053  	0.11922  	0.01306  	0.25480  	-0.0008  	-0.0392  	-0.0238  	0.15229  	0.08675  	-0.0017  	0.01803  	-0.0182  	-0.0145  	0.02414  	0.02351  	-0.0017  	0.01017  	-0.0310  	-0.0215  	-0.0084  	-0.0594  	-0.0472  	0.06912  	-0.0219  	0.10438  	-0.4137  	-0.0561  	0.02400  	0.00541  	0.62820  	0.50885  	265.059  	212.284  	
-0.2647  	-0.1725  	0.01697  	0.07285  	0.54357  	-0.5187  	-0.5983  	-0.2583  	0.21222  	-0.3781  	-0.4189  	1.13076  	-0.1071  	-0.1264  	-0.4758  	0.11464  	0.08966  	0.06395  	0.28400  	-0.0303  	-0.4177  	0.31664  	0.20970  	0.35260  	-0.0875  	0.15279  	0.09793  	-0.6039  	-0.1230  	-0.2330  	-0.1730  	-0.0127  	0.03671  	-0.0221  	0.22399  	0.03888  	0.21790  	0.11573  	-0.3322  	-0.0547  	0.26247  	0.10413  	0.02610  	0.26712  	-0.0115  	-0.0411  	-0.0263  	0.16559  	0.08106  	-0.0194  	0.00358  	-0.0224  	-0.0211  	0.02841  	0.03077  	-0.0150  	0.01729  	-0.0260  	-0.0372  	-0.0191  	-0.0574  	-0.0585  	0.07305  	-0.0094  	0.10438  	-0.4137  	-0.0561  	0.02400  	0.00541  	0.62820  	0.50885  	265.059  	212.284  	
-0.3203  	-0.1698  	0.01433  	-0.0850  	0.45776  	-0.4001  	-0.6294  	-0.2373  	0.19433  	-0.4404  	-0.4158  	1.01953  	-0.1797  	-0.2678  	-0.5665  	0.11197  	0.14118  	0.07123  	0.30646  	-0.0553  	-0.4128  	0.30870  	0.30639  	0.29288  	-0.0728  	0.16888  	0.10182  	-0.5885  	-0.0385  	-0.2524  	-0.1579  	-0.0143  	0.01601  	-0.0338  	0.15179  	0.05829  	0.20519  	0.11615  	-0.3192  	-0.0946  	0.31387  	0.07998  	0.05585  	0.26351  	-0.0113  	-0.0362  	-0.0171  	0.14002  	0.07501  	-0.0121  	0.02328  	-0.0128  	-0.0113  	0.01490  	0.03202  	-0.0087  	0.01905  	-0.0253  	-0.0236  	-0.0100  	-0.0473  	-0.0599  	0.08104  	-0.0118  	0.10438  	-0.4137  	-0.0561  	0.02400  	0.00541  	0.62820  	0.50885  	265.059  	212.284  	
-0.3429  	-0.2076  	0.03325  	-0.1141  	0.38090  	-0.3695  	-0.6533  	-0.2977  	0.19792  	-0.4275  	-0.4911  	0.98749  	-0.1677  	-0.3470  	-0.6027  	0.09087  	0.17720  	0.08424  	0.29306  	-0.0786  	-0.4722  	0.27610  	0.34590  	0.21714  	-0.0798  	0.19024  	0.05700  	-0.5224  	0.03056  	-0.2451  	-0.1327  	-0.0370  	0.01081  	-0.0231  	0.05537  	0.08554  	0.15973  	0.11144  	-0.3108  	-0.0898  	0.37161  	0.05552  	0.08364  	0.27274  	-0.0065  	-0.0420  	-0.0173  	0.13962  	0.07424  	-0.0082  	0.02224  	-0.0129  	-0.0116  	0.01640  	0.03912  	-0.0136  	0.02249  	-0.0212  	-0.0250  	-0.0140  	-0.0537  	-0.0591  	0.08547  	-0.0058  	0.10438  	-0.4137  	-0.0561  	0.02400  	0.00541  	0.62820  	0.50885  	265.059  	212.284  	
-0.3420  	-0.1918  	0.10102  	-0.1996  	0.33507  	-0.3886  	-0.6375  	-0.3080  	0.20646  	-0.3972  	-0.5077  	0.97507  	-0.1582  	-0.3931  	-0.6670  	0.09907  	0.16074  	0.09936  	0.31530  	-0.0872  	-0.5433  	0.28591  	0.32797  	0.19626  	-0.0794  	0.19684  	0.06928  	-0.5471  	0.02558  	-0.2432  	-0.1146  	-0.0314  	0.01881  	-0.0120  	0.00858  	0.10482  	0.16818  	0.12170  	-0.3122  	-0.0753  	0.41592  	0.03995  	0.09721  	0.28552  	-0.0126  	-0.0446  	-0.0187  	0.14284  	0.07700  	-0.0076  	0.01784  	-0.0132  	-0.0079  	0.01812  	0.03768  	-0.0130  	0.01266  	-0.0239  	-0.0311  	-0.0106  	-0.0487  	-0.0497  	0.07943  	-0.0043  	0.10438  	-0.4137  	-0.0561  	0.02400  	0.00541  	0.62820  	0.50885  	265.059  	212.284  	
-0.3859  	-0.2058  	0.07831  	-0.3693  	0.23534  	-0.3827  	-0.6818  	-0.3201  	0.20217  	-0.4289  	-0.4337  	0.90117  	-0.1801  	-0.4899  	-0.7379  	0.14316  	0.20175  	0.08286  	0.32663  	-0.1204  	-0.5023  	0.25684  	0.38573  	0.18632  	-0.0974  	0.20454  	0.08422  	-0.5836  	-0.0337  	-0.2780  	-0.1156  	-0.0143  	0.00022  	-0.0372  	-0.0080  	0.10774  	0.20588  	0.14570  	-0.3095  	-0.0961  	0.43770  	0.04984  	0.09458  	0.28654  	-0.0226  	-0.0395  	-0.0191  	0.14008  	0.06911  	0.00224  	0.00586  	-0.0130  	-0.0073  	0.02427  	0.03392  	-0.0179  	0.01394  	-0.0195  	-0.0266  	-0.0152  	-0.0491  	-0.0482  	0.08530  	-0.0087  	0.10438  	-0.4137  	-0.0561  	0.02400  	0.00541  	0.62820  	0.50885  	265.059  	212.284  	
-0.3571  	-0.1839  	0.10162  	-0.2581  	0.25721  	-0.4012  	-0.7019  	-0.2756  	0.19855  	-0.4743  	-0.3474  	0.93863  	-0.2421  	-0.4101  	-0.6168  	0.14488  	0.18842  	-0.0209  	0.32048  	-0.1823  	-0.3307  	0.29259  	0.46838  	0.25046  	-0.1306  	0.21058  	0.16444  	-0.7639  	-0.1766  	-0.2868  	-0.1358  	0.00450  	-0.0027  	-0.0542  	0.11989  	0.04674  	0.33517  	0.17404  	-0.3677  	-0.1351  	0.37688  	0.08341  	0.07205  	0.28123  	-0.0128  	-0.0421  	-0.0217  	0.12679  	0.06199  	0.00463  	-0.0027  	-0.0125  	-0.0110  	0.02729  	0.03388  	-0.0134  	0.01530  	-0.0227  	-0.0281  	-0.0218  	-0.0528  	-0.0441  	0.08387  	-0.0063  	0.10438  	-0.4137  	-0.0561  	0.02400  	0.00541  	0.62820  	0.50885  	265.059  	212.284  	
-0.2214  	-0.1238  	0.18513  	-0.1720  	0.26886  	-0.3623  	-0.7004  	-0.1915  	0.23949  	-0.5001  	-0.3072  	0.98281  	-0.1898  	-0.2755  	-0.4945  	0.15011  	0.18585  	-0.0537  	0.29954  	-0.1782  	-0.2370  	0.27861  	0.47963  	0.28912  	-0.1655  	0.20005  	0.16613  	-0.8218  	-0.2361  	-0.2917  	-0.1250  	0.00229  	0.03353  	-0.0541  	0.17098  	-0.0191  	0.39035  	0.18172  	-0.3892  	-0.1527  	0.38299  	0.07423  	0.06527  	0.27518  	-0.0202  	-0.0401  	-0.0141  	0.13343  	0.06629  	0.00390  	-0.0027  	-0.0124  	-0.0108  	0.02744  	0.03200  	-0.0098  	0.00711  	-0.0219  	-0.0273  	-0.0142  	-0.0459  	-0.0487  	0.08262  	-0.0088  	0.10438  	-0.4137  	-0.0561  	0.02400  	0.00541  	0.62820  	0.50885  	265.059  	212.284  	
-0.0412  	-0.0285  	0.28684  	-0.1325  	0.25170  	-0.2951  	-0.6703  	-0.1297  	0.28017  	-0.5178  	-0.2582  	0.96998  	-0.1482  	-0.1279  	-0.4596  	0.21580  	0.19089  	-0.0790  	0.31936  	-0.2235  	-0.0887  	0.28453  	0.44491  	0.30979  	-0.1969  	0.17912  	0.23402  	-0.9274  	-0.3594  	-0.3087  	-0.1401  	0.03010  	0.04227  	-0.0563  	0.25844  	-0.0760  	0.46083  	0.21893  	-0.4367  	-0.1763  	0.33666  	0.06562  	0.06552  	0.25801  	-0.0210  	-0.0342  	-0.0132  	0.13852  	0.07192  	0.00973  	-0.0015  	-0.0092  	-0.0083  	0.03083  	0.03279  	-0.0040  	-0.0034  	-0.0245  	-0.0293  	-0.0202  	-0.0480  	-0.0387  	0.07588  	-0.0164  	0.10438  	-0.4137  	-0.0561  	0.02400  	0.00541  	0.62820  	0.50885  	265.059  	212.284  	
0.08893  	0.00488  	0.37189  	-0.0906  	0.26312  	-0.1966  	-0.6375  	-0.0835  	0.31624  	-0.5305  	-0.2940  	0.97935  	-0.1253  	-0.0969  	-0.4494  	0.25869  	0.18714  	-0.0762  	0.32266  	-0.2078  	-0.0924  	0.30273  	0.44808  	0.34091  	-0.1496  	0.16966  	0.25592  	-0.9411  	-0.3530  	-0.3017  	-0.1517  	0.02877  	0.06209  	-0.0704  	0.26977  	-0.0570  	0.46248  	0.20151  	-0.4203  	-0.1825  	0.32091  	0.06733  	0.07977  	0.26028  	-0.0220  	-0.0378  	-0.0171  	0.14806  	0.08349  	0.01055  	0.00640  	-0.0124  	-0.0078  	0.02882  	0.03252  	0.00277  	0.00013  	-0.0263  	-0.0303  	-0.0145  	-0.0484  	-0.0401  	0.08061  	-0.0145  	0.10438  	-0.4137  	-0.0561  	0.02400  	0.00541  	0.62820  	0.50885  	265.059  	212.284  	
0.06146  	-0.0421  	0.35012  	-0.0602  	0.32420  	-0.2126  	-0.6278  	-0.0816  	0.33280  	-0.4982  	-0.3395  	1.00921  	-0.0919  	-0.1088  	-0.4924  	0.27305  	0.17737  	-0.0393  	0.31038  	-0.1590  	-0.2006  	0.26224  	0.41539  	0.29628  	-0.1403  	0.17302  	0.17553  	-0.8064  	-0.2447  	-0.2826  	-0.1544  	0.00842  	0.09232  	-0.0581  	0.22632  	-0.0327  	0.37215  	0.18124  	-0.3636  	-0.1510  	0.34306  	0.06616  	0.08470  	0.26288  	-0.0219  	-0.0389  	-0.0215  	0.16189  	0.08855  	-0.0060  	0.01557  	-0.0117  	-0.0104  	0.02062  	0.03384  	-0.0027  	0.00618  	-0.0282  	-0.0312  	-0.0134  	-0.0493  	-0.0509  	0.08981  	-0.0091  	0.10438  	-0.4137  	-0.0561  	0.02400  	0.00541  	0.62820  	0.50885  	265.059  	212.284  	
-0.0613  	-0.0822  	0.24980  	-0.1956  	0.27591  	-0.3463  	-0.6076  	-0.1938  	0.29167  	-0.4115  	-0.2988  	0.99436  	-0.1204  	-0.1741  	-0.6892  	0.29549  	0.14985  	0.04870  	0.33527  	-0.1068  	-0.3261  	0.20426  	0.32386  	0.24917  	-0.0714  	0.17171  	0.10408  	-0.7095  	-0.1389  	-0.2783  	-0.1583  	-0.0224  	0.05821  	-0.0392  	0.16171  	0.05800  	0.30458  	0.15625  	-0.3398  	-0.1409  	0.38161  	0.06908  	0.08604  	0.24945  	-0.0187  	-0.0389  	-0.0204  	0.16841  	0.08071  	0.00673  	0.00928  	-0.0197  	-0.0057  	0.02424  	0.03659  	-0.0086  	0.00402  	-0.0222  	-0.0283  	-0.0122  	-0.0537  	-0.0520  	0.09229  	0.00203  	0.10438  	-0.4137  	-0.0561  	0.02400  	0.00541  	0.62820  	0.50885  	265.059  	212.284  	
-0.3540  	-0.1603  	0.11678  	-0.3617  	0.21647  	-0.4253  	-0.6649  	-0.2569  	0.24539  	-0.4097  	-0.2571  	0.92471  	-0.2123  	-0.3333  	-0.8006  	0.15043  	0.17326  	0.02127  	0.35417  	-0.1496  	-0.3512  	0.23793  	0.39067  	0.26973  	-0.0906  	0.16891  	0.16156  	-0.7565  	-0.1670  	-0.2868  	-0.1191  	-0.0053  	0.01871  	-0.0571  	0.15492  	0.06266  	0.33038  	0.15360  	-0.3534  	-0.1177  	0.37501  	0.05730  	0.08203  	0.27431  	-0.0153  	-0.0398  	-0.0148  	0.14919  	0.07172  	-0.0030  	0.01538  	-0.0105  	-0.0124  	0.02256  	0.03587  	-0.0120  	0.01198  	-0.0239  	-0.0267  	-0.0180  	-0.0545  	-0.0515  	0.08678  	-0.0053  	0.10438  	-0.4137  	-0.0561  	0.02400  	0.00541  	0.62820  	0.50885  	265.059  	212.284  	
-0.4904  	-0.1997  	0.10506  	-0.4622  	0.15452  	-0.4943  	-0.7241  	-0.2708  	0.17244  	-0.3991  	-0.2655  	0.88264  	-0.2030  	-0.5294  	-0.8087  	0.03996  	0.26445  	-0.1429  	0.42342  	-0.4283  	-0.3265  	0.03571  	0.13924  	0.26176  	-0.1163  	0.29747  	0.17929  	-0.8329  	-0.0410  	-0.2930  	-0.0035  	-0.0664  	-0.1021  	-0.2227  	-0.0108  	0.10147  	0.20794  	0.14778  	-0.4643  	-0.1980  	0.44231  	0.20332  	-0.0469  	0.35689  	-0.0710  	-0.0187  	-0.0475  	0.15834  	0.04915  	-0.0130  	0.01868  	-0.0079  	-0.0056  	0.04473  	0.04288  	-0.0181  	0.01710  	-0.0303  	-0.0233  	-0.0015  	-0.0479  	-0.0598  	0.06551  	-0.0055  	0.10438  	-0.4137  	-0.0561  	0.02400  	0.00541  	0.62820  	0.50885  	265.059  	212.284  	
-0.5747  	-0.2009  	0.14432  	-0.5693  	0.07722  	-0.6088  	-0.7247  	-0.2781  	0.14664  	-0.3674  	-0.2183  	0.85787  	-0.1510  	-0.6283  	-0.8512  	-0.0319  	0.36568  	-0.2702  	0.48050  	-0.6396  	-0.3321  	-0.1599  	-0.0099  	0.18558  	-0.1928  	0.40001  	0.09895  	-0.8445  	0.03772  	-0.3361  	0.10459  	-0.1132  	-0.2039  	-0.3431  	-0.1354  	0.10203  	0.10793  	0.15299  	-0.5462  	-0.2932  	0.57232  	0.30275  	-0.1160  	0.43027  	-0.1218  	-0.0123  	-0.0590  	0.18135  	0.04835  	-0.0197  	0.02319  	-0.0045  	-0.0091  	0.06387  	0.05276  	-0.0210  	0.00970  	-0.0426  	-0.0216  	0.00221  	-0.0411  	-0.0539  	0.05969  	-0.0048  	0.10438  	-0.4137  	-0.0561  	0.02400  	0.00541  	0.62820  	0.50885  	265.059  	212.284  	
-0.6086  	-0.1963  	0.15164  	-0.5735  	0.08336  	-0.6245  	-0.7306  	-0.2839  	0.14551  	-0.3609  	-0.2214  	0.85093  	-0.1718  	-0.6825  	-0.8430  	-0.0280  	0.40032  	-0.3049  	0.50478  	-0.7193  	-0.3154  	-0.1993  	-0.0337  	0.17408  	-0.2306  	0.42481  	0.10186  	-0.8935  	0.04454  	-0.3415  	0.13375  	-0.1128  	-0.2225  	-0.3821  	-0.1540  	0.08145  	0.11029  	0.15582  	-0.5761  	-0.3273  	0.60828  	0.32712  	-0.1337  	0.45573  	-0.1339  	-0.0084  	-0.0650  	0.18387  	0.03947  	-0.0177  	0.02704  	-0.0025  	-0.0117  	0.06715  	0.05369  	-0.0180  	0.00779  	-0.0439  	-0.0226  	0.00328  	-0.0400  	-0.0495  	0.05541  	-0.0030  	0.10438  	-0.4137  	-0.0561  	0.02400  	0.00541  	0.62820  	0.50885  	265.059  	212.284  	
-0.6090  	-0.1779  	0.12972  	-0.6401  	0.04641  	-0.6285  	-0.7307  	-0.2882  	0.12087  	-0.3571  	-0.1964  	0.81637  	-0.2054  	-0.6814  	-0.8940  	-0.0164  	0.36227  	-0.2587  	0.51214  	-0.6298  	-0.2797  	-0.1654  	0.02805  	0.20828  	-0.2073  	0.39854  	0.10998  	-0.9016  	-0.0073  	-0.3344  	0.09659  	-0.1095  	-0.2024  	-0.3508  	-0.1088  	0.07861  	0.14873  	0.13695  	-0.5733  	-0.2921  	0.56509  	0.31287  	-0.1361  	0.43746  	-0.1206  	-0.0061  	-0.0576  	0.17552  	0.04095  	-0.0187  	0.02297  	0.00116  	-0.0102  	0.06119  	0.04137  	-0.0160  	0.00954  	-0.0390  	-0.0265  	-0.0047  	-0.0432  	-0.0607  	0.05807  	-0.0120  	0.10438  	-0.4137  	-0.0561  	0.02400  	0.00541  	0.62820  	0.50885  	265.059  	212.284  	
-0.7182  	-0.1942  	0.04460  	-0.6161  	0.11658  	-0.7054  	-0.6868  	-0.3151  	0.12553  	-0.2853  	-0.1845  	0.86470  	-0.2004  	-0.5906  	-0.8785  	0.02976  	0.25940  	-0.1415  	0.41518  	-0.4182  	-0.3955  	0.06667  	0.21088  	0.24032  	-0.1883  	0.31252  	0.10751  	-0.8012  	-0.0232  	-0.3116  	0.01360  	-0.0804  	-0.1048  	-0.2146  	-0.0701  	0.08827  	0.15796  	0.13275  	-0.4520  	-0.2050  	0.51260  	0.20785  	-0.0432  	0.36218  	-0.0724  	-0.0228  	-0.0406  	0.15153  	0.04630  	-0.0075  	0.00753  	-0.0071  	-0.0073  	0.04574  	0.03141  	-0.0260  	0.00541  	-0.0366  	-0.0233  	-0.0030  	-0.0407  	-0.0497  	0.06438  	-0.0132  	0.10438  	-0.4137  	-0.0561  	0.02400  	0.00541  	0.62820  	0.50885  	265.059  	212.284  	
-0.6441  	-0.2236  	-0.0238  	-0.4631  	0.22259  	-0.6692  	-0.6647  	-0.3071  	0.18538  	-0.3452  	-0.1690  	0.96089  	-0.2033  	-0.4266  	-0.7978  	0.08489  	0.16718  	0.03215  	0.30586  	-0.1242  	-0.4391  	0.28582  	0.40232  	0.27307  	-0.1542  	0.20676  	0.11136  	-0.6888  	-0.1525  	-0.2849  	-0.1234  	-0.0368  	0.01352  	-0.0503  	0.04246  	0.08990  	0.22707  	0.13139  	-0.3111  	-0.1142  	0.38524  	0.08288  	0.05391  	0.25513  	-0.0187  	-0.0395  	-0.0171  	0.13484  	0.07395  	0.00331  	0.01123  	-0.0149  	-0.0109  	0.03121  	0.03499  	-0.0236  	0.00765  	-0.0287  	-0.0223  	-0.0102  	-0.0486  	-0.0397  	0.07636  	-0.0056  	0.10438  	-0.4137  	-0.0561  	0.02400  	0.00541  	0.62820  	0.50885  	265.059  	212.284  	
-0.3336  	-0.1236  	0.08137  	-0.1838  	0.31745  	-0.4363  	-0.6796  	-0.2217  	0.22736  	-0.4921  	-0.3884  	1.09983  	-0.1343  	-0.2329  	-0.6003  	0.09447  	0.18425  	0.03163  	0.34698  	-0.1101  	-0.3818  	0.27730  	0.39824  	0.22319  	-0.1354  	0.19972  	0.08743  	-0.6040  	-0.0959  	-0.2501  	-0.1159  	-0.0666  	0.00174  	-0.0367  	0.09857  	0.07105  	0.22356  	0.10334  	-0.2951  	-0.1292  	0.37030  	0.05969  	0.08616  	0.26558  	-0.0121  	-0.0389  	-0.0258  	0.16102  	0.06986  	0.00558  	0.01885  	-0.0172  	-0.0103  	0.02510  	0.02903  	0.00297  	0.01712  	-0.0353  	-0.0183  	-0.0097  	-0.0544  	-0.0471  	0.07115  	-0.0142  	0.10438  	-0.4137  	-0.0561  	0.02400  	0.00541  	0.62820  	0.50885  	265.059  	212.284  	
-0.0932  	-0.0912  	0.20696  	-0.0047  	0.29254  	-0.2534  	-0.6907  	-0.1756  	0.24408  	-0.4917  	-0.5400  	1.04380  	-0.0937  	-0.1687  	-0.3586  	0.15712  	0.20233  	0.00263  	0.33532  	-0.1684  	-0.2841  	0.30707  	0.43550  	0.27374  	-0.0753  	0.16409  	0.17255  	-0.7773  	-0.1788  	-0.2692  	-0.1381  	0.00971  	0.03912  	-0.0662  	0.16594  	-0.0072  	0.30233  	0.16026  	-0.3360  	-0.1047  	0.36096  	0.03751  	0.09965  	0.27272  	-0.0222  	-0.0515  	-0.0169  	0.15814  	0.09575  	-0.0001  	0.01962  	-0.0165  	-0.0127  	0.02543  	0.03243  	0.00112  	0.00462  	-0.0300  	-0.0211  	-0.0117  	-0.0553  	-0.0505  	0.08123  	-0.0127  	0.10438  	-0.4137  	-0.0561  	0.02400  	0.00541  	0.62820  	0.50885  	265.059  	212.284  	
-0.0580  	-0.0640  	0.27769  	-0.0480  	0.40391  	-0.2260  	-0.6662  	-0.1918  	0.25906  	-0.4482  	-0.4206  	0.99726  	-0.1645  	-0.2701  	-0.5229  	0.27533  	0.17309  	-0.0294  	0.36361  	-0.1607  	-0.2895  	0.30234  	0.32406  	0.34255  	-0.0621  	0.14007  	0.23637  	-0.8074  	-0.1985  	-0.2620  	-0.1652  	0.03300  	0.01981  	-0.0386  	0.21318  	0.07280  	0.38706  	0.15610  	-0.3672  	-0.0967  	0.34382  	0.06721  	0.08991  	0.26925  	-0.0239  	-0.0430  	-0.0355  	0.15822  	0.09935  	-0.0094  	0.01037  	-0.0197  	-0.0110  	0.02798  	0.03756  	0.00779  	0.01523  	-0.0252  	-0.0205  	-0.0048  	-0.0539  	-0.0479  	0.07674  	-0.0169  	0.10438  	-0.4137  	-0.0561  	0.02400  	0.00541  	0.62820  	0.50885  	265.059  	212.284  	
-0.0914  	-0.1299  	0.21496  	-0.1457  	0.35153  	-0.3193  	-0.6652  	-0.2659  	0.20070  	-0.3801  	-0.3166  	0.97191  	-0.2150  	-0.3720  	-0.7130  	0.34035  	0.12488  	0.03996  	0.33844  	-0.0912  	-0.3595  	0.28468  	0.29388  	0.30772  	-0.0358  	0.15240  	0.21943  	-0.7138  	-0.1710  	-0.2729  	-0.1646  	0.02688  	0.00934  	-0.0581  	0.20982  	0.12120  	0.31743  	0.15275  	-0.3589  	-0.1059  	0.32348  	0.08290  	0.07176  	0.27311  	-0.0183  	-0.0431  	-0.0183  	0.16093  	0.09067  	-0.0062  	0.03403  	-0.0122  	-0.0007  	0.02223  	0.03653  	-0.0076  	0.02313  	-0.0264  	-0.0226  	-0.0128  	-0.0565  	-0.0655  	0.08798  	-0.0141  	0.10438  	-0.4137  	-0.0561  	0.02400  	0.00541  	0.62820  	0.50885  	265.059  	212.284  	
-0.1384  	-0.1769  	0.24733  	-0.2749  	0.31858  	-0.3411  	-0.6303  	-0.3116  	0.20642  	-0.3375  	-0.2989  	0.90165  	-0.2141  	-0.4451  	-0.8223  	0.35100  	0.10038  	0.03452  	0.34650  	-0.1123  	-0.4029  	0.28975  	0.30982  	0.28066  	-0.0108  	0.14388  	0.23476  	-0.6923  	-0.1555  	-0.2687  	-0.1587  	0.03018  	-0.0094  	-0.0487  	0.19313  	0.17897  	0.32439  	0.15623  	-0.3599  	-0.0855  	0.34728  	0.09391  	0.08112  	0.28279  	-0.0278  	-0.0366  	-0.0238  	0.15128  	0.08095  	-0.0084  	0.02621  	-0.0113  	-0.0060  	0.02351  	0.04400  	-0.0063  	0.01568  	-0.0264  	-0.0225  	-0.0099  	-0.0582  	-0.0591  	0.08841  	-0.0097  	0.10438  	-0.4137  	-0.0561  	0.02400  	0.00541  	0.62820  	0.50885  	265.059  	212.284  	
-0.2439  	-0.1810  	0.15693  	-0.3325  	0.22197  	-0.3699  	-0.6307  	-0.3260  	0.18403  	-0.4070  	-0.3563  	0.85509  	-0.2084  	-0.4751  	-0.7973  	0.24368  	0.14287  	0.02004  	0.33162  	-0.1264  	-0.4402  	0.29143  	0.34468  	0.23201  	-0.0455  	0.17878  	0.17357  	-0.6526  	-0.1070  	-0.2712  	-0.1367  	0.02138  	-0.0151  	-0.0475  	0.12332  	0.16473  	0.28604  	0.15249  	-0.3434  	-0.0990  	0.37893  	0.08226  	0.08211  	0.28142  	-0.0276  	-0.0442  	-0.0203  	0.14308  	0.07652  	-0.0029  	0.02251  	-0.0139  	-0.0049  	0.02616  	0.04098  	-0.0117  	0.01615  	-0.0237  	-0.0256  	-0.0105  	-0.0529  	-0.0564  	0.08725  	-0.0051  	0.10438  	-0.4137  	-0.0561  	0.02400  	0.00541  	0.62820  	0.50885  	265.059  	212.284  	
-0.3581  	-0.2176  	0.08218  	-0.3173  	0.19608  	-0.4603  	-0.6718  	-0.3452  	0.17231  	-0.4514  	-0.3471  	0.86354  	-0.2332  	-0.4936  	-0.7322  	0.17025  	0.18751  	0.02401  	0.32646  	-0.1388  	-0.4392  	0.24816  	0.40236  	0.24668  	-0.0691  	0.19785  	0.15913  	-0.6702  	-0.1126  	-0.2769  	-0.1306  	0.00656  	-0.0275  	-0.0520  	0.13239  	0.13567  	0.28600  	0.14760  	-0.3738  	-0.1165  	0.38107  	0.08310  	0.06999  	0.27066  	-0.0150  	-0.0418  	-0.0158  	0.13592  	0.07149  	0.00646  	0.01517  	-0.0163  	-0.0085  	0.02775  	0.04121  	-0.0117  	0.01849  	-0.0220  	-0.0209  	-0.0172  	-0.0585  	-0.0513  	0.09361  	-0.0076  	0.10438  	-0.4137  	-0.0561  	0.02400  	0.00541  	0.62820  	0.50885  	265.059  	212.284  	
-0.1514  	-0.1255  	0.19276  	-0.1643  	0.28759  	-0.3577  	-0.6603  	-0.2133  	0.23670  	-0.5324  	-0.2952  	0.92796  	-0.1977  	-0.2585  	-0.4466  	0.13957  	0.18900  	-0.0597  	0.31910  	-0.1917  	-0.2122  	0.27764  	0.41088  	0.33115  	-0.1102  	0.17264  	0.22112  	-0.8596  	-0.2792  	-0.2844  	-0.1420  	0.03044  	0.03553  	-0.0580  	0.22617  	-0.0175  	0.42394  	0.19045  	-0.4236  	-0.1587  	0.35274  	0.07790  	0.05621  	0.26344  	-0.0180  	-0.0323  	-0.0117  	0.12730  	0.07223  	-0.0040  	0.00228  	-0.0094  	-0.0088  	0.02832  	0.03684  	-0.0131  	0.00720  	-0.0269  	-0.0285  	-0.0160  	-0.0496  	-0.0473  	0.08230  	-0.0112  	0.10438  	-0.4137  	-0.0561  	0.02400  	0.00541  	0.62820  	0.50885  	265.059  	212.284  	
-0.0244  	-0.0306  	0.27155  	-0.1489  	0.25434  	-0.3104  	-0.6581  	-0.1350  	0.30378  	-0.4774  	-0.2773  	0.99541  	-0.1223  	-0.1669  	-0.5785  	0.26331  	0.18432  	-0.0290  	0.32126  	-0.1566  	-0.1982  	0.25722  	0.38641  	0.26714  	-0.1554  	0.16990  	0.20046  	-0.8382  	-0.3008  	-0.3108  	-0.1412  	0.01493  	0.06957  	-0.0680  	0.23487  	-0.0208  	0.38289  	0.18844  	-0.3837  	-0.1496  	0.34441  	0.07742  	0.07939  	0.25399  	-0.0224  	-0.0334  	-0.0138  	0.14487  	0.07703  	0.00989  	0.01024  	-0.0101  	-0.0115  	0.03019  	0.03501  	-0.0045  	-0.0025  	-0.0230  	-0.0298  	-0.0164  	-0.0498  	-0.0412  	0.08172  	-0.0140  	0.10438  	-0.4137  	-0.0561  	0.02400  	0.00541  	0.62820  	0.50885  	265.059  	212.284  	
0.16790  	-0.0452  	0.39430  	-0.0105  	0.33246  	-0.1559  	-0.6248  	-0.1171  	0.32511  	-0.4387  	-0.4554  	0.92460  	-0.0130  	-0.0033  	-0.4947  	0.22837  	0.19868  	-0.0484  	0.32430  	-0.2104  	-0.2745  	0.29767  	0.38653  	0.30837  	-0.0868  	0.16072  	0.25578  	-0.8725  	-0.2459  	-0.2325  	-0.1394  	0.03669  	0.06171  	-0.0547  	0.20406  	-0.0235  	0.35456  	0.17425  	-0.3566  	-0.1392  	0.33266  	0.06859  	0.11020  	0.27566  	-0.0322  	-0.0330  	-0.0279  	0.17874  	0.09940  	-0.0031  	0.00605  	-0.0127  	-0.0086  	0.02714  	0.03529  	0.00253  	-0.0033  	-0.0310  	-0.0274  	-0.0041  	-0.0418  	-0.0481  	0.08647  	-0.0100  	0.10438  	-0.4137  	-0.0561  	0.02400  	0.00541  	0.62820  	0.50885  	265.059  	212.284  	
-0.0657  	-0.0944  	0.22407  	-0.2540  	0.24523  	-0.4183  	-0.6217  	-0.2021  	0.24958  	-0.3915  	-0.3476  	0.85862  	-0.1121  	-0.1019  	-0.6247  	0.16266  	0.18188  	0.00153  	0.31313  	-0.1405  	-0.2994  	0.25388  	0.32939  	0.32452  	-0.0102  	0.14852  	0.24508  	-0.8549  	-0.2435  	-0.2860  	-0.1453  	0.00606  	0.03996  	-0.0688  	0.20882  	0.02517  	0.38584  	0.16614  	-0.3798  	-0.1233  	0.37817  	0.07798  	0.07968  	0.25346  	-0.0172  	-0.0360  	-0.0239  	0.16576  	0.08271  	0.00876  	0.00782  	-0.0156  	-0.0175  	0.02783  	0.03487  	0.00408  	0.00573  	-0.0273  	-0.0272  	-0.0109  	-0.0528  	-0.0488  	0.07721  	-0.0065  	0.10438  	-0.4137  	-0.0561  	0.02400  	0.00541  	0.62820  	0.50885  	265.059  	212.284  	
-0.3713  	-0.1731  	0.16034  	-0.4484  	0.16150  	-0.4101  	-0.6893  	-0.2602  	0.21655  	-0.4150  	-0.2152  	0.88092  	-0.2115  	-0.4064  	-0.7110  	0.08079  	0.20393  	-0.0589  	0.36860  	-0.2104  	-0.1985  	0.29979  	0.44559  	0.33635  	-0.1271  	0.14601  	0.28108  	-0.9129  	-0.2939  	-0.3050  	-0.1270  	0.00932  	0.00466  	-0.0767  	0.18685  	-0.0034  	0.42456  	0.16975  	-0.4387  	-0.1246  	0.35540  	0.07549  	0.04498  	0.25522  	-0.0105  	-0.0360  	-0.0182  	0.13822  	0.06890  	0.00554  	0.00225  	-0.0115  	-0.0161  	0.03019  	0.03214  	-0.0077  	0.00969  	-0.0265  	-0.0279  	-0.0144  	-0.0506  	-0.0610  	0.07824  	-0.0184  	0.10438  	-0.4137  	-0.0561  	0.02400  	0.00541  	0.62820  	0.50885  	265.059  	212.284  	
-0.3877  	-0.2214  	0.09242  	-0.3951  	0.19225  	-0.4197  	-0.6889  	-0.3340  	0.19030  	-0.4436  	-0.2838  	0.89130  	-0.2360  	-0.5110  	-0.8138  	0.14354  	0.19504  	-3.6915  	0.33969  	-0.1804  	-0.3997  	0.24570  	0.47017  	0.27801  	-0.1028  	0.20880  	0.18657  	-0.6867  	-0.1336  	-0.2826  	-0.1366  	0.01037  	0.00271  	-0.0518  	0.09617  	0.11377  	0.31040  	0.14488  	-0.3739  	-0.1281  	0.39895  	0.07367  	0.08327  	0.28767  	-0.0128  	-0.0450  	-0.0144  	0.13665  	0.06727  	-0.0027  	0.00332  	-0.0137  	-0.0078  	0.02523  	0.03873  	-0.0189  	0.01237  	-0.0186  	-0.0238  	-0.0183  	-0.0537  	-0.0514  	0.08792  	-0.0060  	0.10438  	-0.4137  	-0.0561  	0.02400  	0.00541  	0.62820  	0.50885  	265.059  	212.284  	
-0.2650  	-0.1681  	0.15275  	-0.2913  	0.25263  	-0.3938  	-0.6614  	-0.3019  	0.20890  	-0.3563  	-0.3120  	0.96627  	-0.2019  	-0.4624  	-0.8233  	0.22475  	0.16524  	0.05258  	0.33814  	-0.0814  	-0.4531  	0.23332  	0.35003  	0.23201  	-0.1266  	0.18515  	0.09741  	-0.6237  	-0.1077  	-0.2878  	-0.1345  	0.00995  	0.00664  	-0.0480  	0.10282  	0.13307  	0.26658  	0.13587  	-0.3418  	-0.1041  	0.39318  	0.06342  	0.07356  	0.27503  	-0.0197  	-0.0462  	-0.0181  	0.14996  	0.08299  	-0.0061  	0.01706  	-0.0142  	-0.0048  	0.02076  	0.03936  	-0.0140  	0.01679  	-0.0223  	-0.0261  	-0.0142  	-0.0527  	-0.0553  	0.08644  	-0.0047  	0.10438  	-0.4137  	-0.0561  	0.02400  	0.00541  	0.62820  	0.50885  	265.059  	212.284  	
-0.2449  	-0.1753  	0.23071  	-0.2934  	0.26723  	-0.4001  	-0.6466  	-0.3096  	0.21231  	-0.3188  	-0.2713  	0.95722  	-0.2114  	-0.4485  	-0.8920  	0.30698  	0.13013  	0.05627  	0.34285  	-0.0517  	-0.4805  	0.23463  	0.28970  	0.24273  	-0.0963  	0.17990  	0.10221  	-0.6368  	-0.1045  	-0.2924  	-0.1534  	0.01859  	0.00918  	-0.0496  	0.13851  	0.16871  	0.26445  	0.13737  	-0.3482  	-0.0910  	0.37828  	0.07826  	0.07704  	0.26571  	-0.0254  	-0.0432  	-0.0204  	0.15492  	0.08631  	0.00028  	0.02577  	-0.0148  	-0.0090  	0.02441  	0.04078  	-0.0082  	0.01778  	-0.0231  	-0.0279  	-0.0164  	-0.0537  	-0.0557  	0.08636  	-0.0096  	0.10438  	-0.4137  	-0.0561  	0.02400  	0.00541  	0.62820  	0.50885  	265.059  	212.284  	
-0.2974  	-0.1682  	0.21430  	-0.3826  	0.18799  	-0.4565  	-0.6517  	-0.3618  	0.18034  	-0.2871  	-0.2518  	0.90928  	-0.2415  	-0.4749  	-0.9717  	0.26888  	0.12840  	0.06371  	0.32308  	-0.1118  	-0.5219  	0.24609  	0.32098  	0.21710  	-0.0994  	0.19222  	0.07559  	-0.6230  	-0.0758  	-0.2797  	-0.1392  	0.02663  	0.01412  	-0.0511  	0.08444  	0.17428  	0.25544  	0.12711  	-0.3283  	-0.0827  	0.40932  	0.06791  	0.08990  	0.27700  	-0.0202  	-0.0457  	-0.0229  	0.14918  	0.08656  	0.00091  	0.02014  	-0.0208  	-0.0070  	0.02556  	0.04339  	-0.0136  	0.01651  	-0.0214  	-0.0298  	-0.0147  	-0.0540  	-0.0533  	0.09136  	-0.0035  	0.10438  	-0.4137  	-0.0561  	0.02400  	0.00541  	0.62820  	0.50885  	265.059  	212.284  	
-0.6098  	-0.2371  	0.02780  	-0.5063  	0.16105  	-0.6174  	-0.6453  	-0.4031  	0.18265  	-0.2974  	-0.2369  	0.85952  	-0.2002  	-0.4962  	-0.9232  	0.13348  	0.17474  	0.01212  	0.32677  	-0.1049  	-0.4731  	0.24480  	0.36925  	0.26803  	-0.0478  	0.18905  	0.11039  	-0.6108  	-0.1215  	-0.2740  	-0.1160  	-0.0072  	-0.0112  	-0.0475  	0.11919  	0.17409  	0.25446  	0.11219  	-0.3742  	-0.1174  	0.38135  	0.07189  	0.05761  	0.26180  	-0.0033  	-0.0449  	-0.0176  	0.12399  	0.08170  	0.01132  	0.02883  	-0.0134  	-0.0083  	0.02974  	0.03236  	-0.0132  	0.00884  	-0.0204  	-0.0177  	-0.0129  	-0.0565  	-0.0443  	0.09202  	-0.0110  	0.10438  	-0.4137  	-0.0561  	0.02400  	0.00541  	0.62820  	0.50885  	265.059  	212.284  	
-0.6831  	-0.1955  	-0.0046  	-0.6239  	0.08706  	-0.7227  	-0.7103  	-0.3503  	0.16915  	-0.2972  	-0.1596  	0.86893  	-0.2914  	-0.3874  	-0.7669  	-0.0135  	0.20282  	-0.0237  	0.34597  	-0.2314  	-0.3371  	0.28337  	0.45419  	0.24763  	-0.1105  	0.22078  	0.20683  	-0.8016  	-0.1901  	-0.2783  	-0.0923  	-0.0370  	-0.0093  	-0.0478  	0.09302  	0.08123  	0.30592  	0.14498  	-0.3762  	-0.1507  	0.38144  	0.08715  	0.07848  	0.25879  	-0.0153  	-0.0475  	-0.0166  	0.12981  	0.05156  	0.00325  	0.00077  	-0.0104  	-0.0155  	0.03364  	0.02599  	-0.0128  	0.00674  	-0.0257  	-0.0262  	-0.0097  	-0.0500  	-0.0467  	0.08497  	-0.0151  	0.10438  	-0.4137  	-0.0561  	0.02400  	0.00541  	0.62820  	0.50885  	265.059  	212.284  	
-0.4497  	-0.1957  	0.12880  	-0.4668  	0.16156  	-0.4809  	-0.6903  	-0.3108  	0.21539  	-0.3914  	-0.2459  	0.89554  	-0.2440  	-0.4516  	-0.8790  	0.14016  	0.20610  	0.00387  	0.34087  	-0.1706  	-0.3883  	0.24042  	0.45763  	0.27857  	-0.1288  	0.21786  	0.12810  	-0.6790  	-0.1265  	-0.2840  	-0.1245  	-0.0017  	0.01206  	-0.0469  	0.07322  	0.10133  	0.29524  	0.13479  	-0.3658  	-0.1352  	0.40806  	0.06764  	0.07479  	0.27328  	-0.0106  	-0.0455  	-0.0133  	0.14188  	0.07116  	0.00376  	0.00762  	-0.0162  	-0.0089  	0.02613  	0.03323  	-0.0202  	0.01570  	-0.0225  	-0.0263  	-0.0162  	-0.0533  	-0.0472  	0.09287  	-0.0024  	0.10438  	-0.4137  	-0.0561  	0.02400  	0.00541  	0.62820  	0.50885  	265.059  	212.284  	
-0.2893  	-0.1695  	0.18119  	-0.3344  	0.25266  	-0.4108  	-0.6698  	-0.2914  	0.20827  	-0.3525  	-0.2744  	0.94441  	-0.2230  	-0.4796  	-0.8560  	0.23499  	0.15877  	0.01698  	0.33340  	-0.0782  	-0.4279  	0.24348  	0.37664  	0.24803  	-0.1139  	0.19582  	0.10965  	-0.6434  	-0.1190  	-0.3040  	-0.1244  	0.00088  	0.00392  	-0.0480  	0.09863  	0.12649  	0.30131  	0.14242  	-0.3525  	-0.1145  	0.40018  	0.05216  	0.08348  	0.27437  	-0.0112  	-0.0418  	-0.0150  	0.15340  	0.07804  	-0.0042  	0.01774  	-0.0154  	-0.0098  	0.01788  	0.03612  	-0.0133  	0.01831  	-0.0234  	-0.0292  	-0.0174  	-0.0515  	-0.0571  	0.09354  	-0.0037  	0.10438  	-0.4137  	-0.0561  	0.02400  	0.00541  	0.62820  	0.50885  	265.059  	212.284  	
-0.2352  	-0.1629  	0.24896  	-0.2718  	0.29186  	-0.3979  	-0.6623  	-0.2954  	0.21511  	-0.2826  	-0.2239  	0.97895  	-0.2226  	-0.4877  	-0.8751  	0.31256  	0.12883  	0.04583  	0.33595  	-0.0208  	-0.4618  	0.23281  	0.26739  	0.23273  	-0.0716  	0.16840  	0.10095  	-0.6259  	-0.1206  	-0.2965  	-0.1556  	0.02083  	0.00339  	-0.0409  	0.13169  	0.16431  	0.26505  	0.16084  	-0.3325  	-0.1001  	0.38448  	0.06264  	0.07786  	0.25837  	-0.0266  	-0.0473  	-0.0220  	0.15443  	0.08357  	-0.0026  	0.02102  	-0.0147  	-0.0046  	0.02638  	0.04041  	-0.0073  	0.01803  	-0.0272  	-0.0275  	-0.0143  	-0.0516  	-0.0561  	0.08707  	-0.0099  	0.10438  	-0.4137  	-0.0561  	0.02400  	0.00541  	0.62820  	0.50885  	265.059  	212.284  	
-0.2147  	-0.1852  	0.22419  	-0.3183  	0.26898  	-0.3587  	-0.6376  	-0.3484  	0.21653  	-0.2970  	-0.2625  	0.94442  	-0.2135  	-0.4826  	-0.8916  	0.33746  	0.12258  	0.05147  	0.34115  	-0.0819  	-0.4845  	0.25239  	0.30322  	0.22801  	-0.0616  	0.16853  	0.11915  	-0.6323  	-0.1069  	-0.2764  	-0.1526  	0.00516  	-0.0051  	-0.0420  	0.13813  	0.18660  	0.26905  	0.15050  	-0.3414  	-0.0812  	0.37753  	0.07755  	0.07979  	0.27091  	-0.0232  	-0.0399  	-0.0205  	0.14982  	0.08316  	0.00152  	0.02499  	-0.0128  	-0.0082  	0.02397  	0.04028  	-0.0093  	0.01423  	-0.0257  	-0.0273  	-0.0154  	-0.0544  	-0.0580  	0.09188  	-0.0088  	0.10438  	-0.4137  	-0.0561  	0.02400  	0.00541  	0.62820  	0.50885  	265.059  	212.284  	
-0.2790  	-0.1849  	0.15886  	-0.3569  	0.20224  	-0.4145  	-0.6427  	-0.3275  	0.18606  	-0.4134  	-0.2964  	0.86159  	-0.2389  	-0.4551  	-0.7784  	0.21808  	0.15762  	-0.0254  	0.33435  	-0.1579  	-0.3803  	0.28064  	0.39835  	0.27192  	-0.0969  	0.18453  	0.18525  	-0.7410  	-0.1908  	-0.2822  	-0.1409  	0.03141  	-0.0179  	-0.0554  	0.17056  	0.14032  	0.35997  	0.15843  	-0.4025  	-0.1218  	0.35465  	0.09020  	0.06447  	0.27426  	-0.0243  	-0.0420  	-0.0144  	0.13694  	0.07635  	-0.0004  	0.01450  	-0.0135  	-0.0087  	0.02823  	0.04077  	-0.0169  	0.01535  	-0.0193  	-0.0293  	-0.0204  	-0.0583  	-0.0551  	0.09081  	-0.0047  	0.10438  	-0.4137  	-0.0561  	0.02400  	0.00541  	0.62820  	0.50885  	265.059  	212.284  	
-0.2862  	-0.1645  	0.16417  	-0.3543  	0.17402  	-0.4519  	-0.6730  	-0.2821  	0.19832  	-0.4573  	-0.2575  	0.86933  	-0.2327  	-0.4022  	-0.6585  	0.17566  	0.17513  	-0.0456  	0.34405  	-0.1978  	-0.2797  	0.27990  	0.46997  	0.29544  	-0.1461  	0.20670  	0.18488  	-0.8652  	-0.2982  	-0.2990  	-0.1259  	0.03601  	0.01585  	-0.0626  	0.22043  	0.05197  	0.42339  	0.18639  	-0.4291  	-0.1682  	0.35339  	0.09928  	0.05503  	0.27003  	-0.0091  	-0.0368  	-0.0084  	0.13569  	0.06717  	0.00906  	0.00766  	-0.0138  	-0.0044  	0.03168  	0.03772  	-0.0219  	0.01224  	-0.0191  	-0.0323  	-0.0205  	-0.0548  	-0.0498  	0.08847  	-0.0086  	0.10438  	-0.4137  	-0.0561  	0.02400  	0.00541  	0.62820  	0.50885  	265.059  	212.284  	
-0.0833  	-0.0833  	0.27563  	-0.2214  	0.21364  	-0.3344  	-0.6642  	-0.1809  	0.26389  	-0.4830  	-0.2631  	0.90719  	-0.1749  	-0.2325  	-0.4947  	0.19632  	0.19060  	-0.0532  	0.34113  	-0.2595  	-0.1618  	0.28286  	0.44710  	0.34912  	-0.1415  	0.18079  	0.24826  	-0.9666  	-0.3536  	-0.3026  	-0.1235  	0.03765  	0.03603  	-0.0621  	0.26454  	-0.0248  	0.45255  	0.20652  	-0.4518  	-0.1565  	0.34353  	0.08119  	0.06333  	0.26565  	-0.0217  	-0.0371  	-0.0143  	0.12850  	0.07154  	0.00400  	-0.0047  	-0.0045  	-0.0070  	0.03186  	0.03532  	-0.0129  	-0.0036  	-0.0222  	-0.0267  	-0.0143  	-0.0469  	-0.0428  	0.07752  	-0.0185  	0.10438  	-0.4137  	-0.0561  	0.02400  	0.00541  	0.62820  	0.50885  	265.059  	212.284  	
0.06741  	0.00086  	0.36121  	-0.1117  	0.22508  	-0.2139  	-0.6595  	-0.0756  	0.32824  	-0.5490  	-0.2428  	0.97165  	-0.1451  	-0.1009  	-0.4451  	0.24622  	0.19733  	-0.1096  	0.32615  	-0.2801  	-0.0271  	0.29146  	0.49744  	0.35948  	-0.1993  	0.16546  	0.29471  	-1.0255  	-0.4516  	-0.3104  	-0.1409  	0.04769  	0.05277  	-0.0699  	0.30575  	-0.0985  	0.52291  	0.22844  	-0.4686  	-0.1968  	0.32390  	0.06601  	0.07188  	0.26621  	-0.0284  	-0.0353  	-0.0202  	0.14161  	0.07815  	0.01250  	-0.0050  	-0.0123  	-0.0094  	0.03248  	0.03093  	0.00299  	-0.0021  	-0.0255  	-0.0310  	-0.0130  	-0.0468  	-0.0368  	0.07546  	-0.0185  	0.10438  	-0.4137  	-0.0561  	0.02400  	0.00541  	0.62820  	0.50885  	265.059  	212.284  	
0.07037  	-0.0277  	0.37841  	-0.1363  	0.22901  	-0.2563  	-0.6558  	-0.1022  	0.31360  	-0.4617  	-0.2295  	1.01591  	-0.1079  	-0.0672  	-0.5988  	0.33851  	0.19883  	-0.0606  	0.31972  	-0.1956  	-0.1496  	0.27164  	0.43743  	0.34773  	-0.2007  	0.20598  	0.22267  	-0.9211  	-0.3821  	-0.2994  	-0.1151  	0.02990  	0.07708  	-0.0681  	0.22203  	-0.0523  	0.41700  	0.20265  	-0.3706  	-0.2024  	0.33638  	0.07482  	0.09362  	0.26313  	-0.0303  	-0.0361  	-0.0186  	0.16497  	0.08814  	0.01015  	-0.0008  	-0.0068  	-0.0054  	0.03716  	0.03655  	-0.0076  	-0.0067  	-0.0242  	-0.0268  	-0.0139  	-0.0409  	-0.0402  	0.08794  	-0.0111  	0.10438  	-0.4137  	-0.0561  	0.02400  	0.00541  	0.62820  	0.50885  	265.059  	212.284  	
-0.4645  	-0.2251  	0.05724  	-0.4921  	0.13630  	-0.6315  	-0.7133  	-0.2797  	0.24952  	-0.2606  	-0.0590  	0.93519  	-0.1491  	-0.3063  	-1.0300  	0.16501  	0.14326  	0.02610  	0.32766  	-0.0430  	-0.4459  	0.22793  	0.35321  	0.29507  	-0.1854  	0.25376  	0.03789  	-0.6775  	-0.2401  	-0.3485  	-0.1031  	-0.0273  	0.06710  	-0.0720  	0.08644  	0.08290  	0.24773  	0.12930  	-0.3007  	-0.1398  	0.40232  	0.06923  	0.09434  	0.25355  	-0.0113  	-0.0546  	-0.0163  	0.16261  	0.09037  	0.01884  	0.01759  	-0.0146  	-0.0153  	0.02304  	0.03383  	-0.0203  	0.00987  	-0.0169  	-0.0328  	-0.0115  	-0.0480  	-0.0503  	0.11041  	0.00397  	0.10438  	-0.4137  	-0.0561  	0.02400  	0.00541  	0.62820  	0.50885  	265.059  	212.284  	
-0.8155  	-0.3163  	-0.1353  	-0.6655  	0.14877  	-0.7918  	-0.6730  	-0.3461  	0.20075  	-0.2295  	-0.0054  	0.96152  	-0.2220  	-0.4322  	-1.1675  	0.04261  	0.14075  	0.02267  	0.33584  	-0.0756  	-0.4590  	0.25980  	0.38132  	0.27758  	-0.1989  	0.24995  	0.00353  	-0.6691  	-0.1816  	-0.3308  	-0.0794  	-0.0282  	0.05714  	-0.0546  	0.03804  	0.10480  	0.22292  	0.12097  	-0.3355  	-0.1586  	0.39191  	0.09690  	0.06283  	0.23446  	-0.0192  	-0.0432  	-0.0220  	0.16656  	0.07595  	0.01001  	-0.0030  	-0.0154  	-0.0096  	0.02895  	0.03384  	-0.0182  	0.00969  	-0.0263  	-0.0268  	5.88750  	-0.0418  	-0.0476  	0.08109  	-0.0141  	0.10438  	-0.4137  	-0.0561  	0.02400  	0.00541  	0.62820  	0.50885  	265.059  	212.284  	
-0.8774  	-0.3005  	-0.1949  	-0.8103  	0.11394  	-0.8628  	-0.6707  	-0.3410  	0.17966  	-0.2472  	0.02143  	0.89521  	-0.2761  	-0.4881  	-1.1280  	-0.0357  	0.16273  	-0.0260  	0.34519  	-0.1125  	-0.3802  	0.29355  	0.43563  	0.28601  	-0.2270  	0.24462  	0.07887  	-0.7115  	-0.2010  	-0.3364  	-0.1054  	-0.0274  	0.03647  	-0.0470  	0.05694  	0.08366  	0.24662  	0.12531  	-0.3463  	-0.1297  	0.38276  	0.09467  	0.03622  	0.24188  	-0.0233  	-0.0540  	-0.0114  	0.15963  	0.07615  	0.00402  	0.00072  	-0.0163  	-0.0103  	0.03497  	0.03347  	-0.0229  	0.01407  	-0.0249  	-0.0318  	0.00102  	-0.0435  	-0.0438  	0.08232  	-0.0148  	0.10438  	-0.4137  	-0.0561  	0.02400  	0.00541  	0.62820  	0.50885  	265.059  	212.284  	
-0.9247  	-0.2852  	-0.1605  	-0.8312  	0.09946  	-0.8618  	-0.6852  	-0.3126  	0.17246  	-0.2010  	0.06673  	0.90542  	-0.2738  	-0.4863  	-1.1368  	-0.0450  	0.17080  	-0.0546  	0.35840  	-0.1147  	-0.3324  	0.30261  	0.48038  	0.30551  	-0.2300  	0.24647  	0.10358  	-0.7354  	-0.2092  	-0.3379  	-0.1037  	-0.0321  	0.02801  	-0.0440  	0.05721  	0.06157  	0.28687  	0.13006  	-0.3451  	-0.1382  	0.37842  	0.09487  	0.03676  	0.24422  	-0.0215  	-0.0507  	-0.0152  	0.14718  	0.06948  	0.00125  	-0.0037  	-0.0157  	-0.0135  	0.03522  	0.03268  	-0.0247  	0.01177  	-0.0212  	-0.0271  	-0.0016  	-0.0431  	-0.0402  	0.08200  	-0.0149  	0.10438  	-0.4137  	-0.0561  	0.02400  	0.00541  	0.62820  	0.50885  	265.059  	212.284  	
-0.8049  	-0.2534  	-0.0405  	-0.7158  	0.09243  	-0.8423  	-0.7237  	-0.2486  	0.18180  	-0.1956  	-0.0296  	0.86385  	-0.2368  	-0.4011  	-1.0839  	-0.0800  	0.18530  	-0.0458  	0.37943  	-0.1429  	-0.3421  	0.31386  	0.47277  	0.37180  	-0.1630  	0.20994  	0.12136  	-0.7705  	-0.2130  	-0.3043  	-0.0838  	-0.0385  	0.00714  	-0.0497  	0.04894  	0.06474  	0.31403  	0.12350  	-0.3345  	-0.1534  	0.36274  	0.09240  	0.03465  	0.22965  	-0.0126  	-0.0419  	-0.0216  	0.15288  	0.06235  	-0.0053  	-0.0080  	-0.0126  	-0.0197  	0.02811  	0.02777  	-0.0251  	0.01776  	-0.0231  	-0.0191  	-0.0142  	-0.0473  	-0.0468  	0.08073  	-0.0174  	0.10438  	-0.4137  	-0.0561  	0.02400  	0.00541  	0.62820  	0.50885  	265.059  	212.284  	
-0.4191  	-0.2213  	0.12375  	-0.6091  	0.08210  	-0.5265  	-0.7259  	-0.2246  	0.21398  	-0.3232  	-0.2139  	0.87209  	-0.1786  	-0.3138  	-0.8947  	0.06155  	0.18464  	-0.0067  	0.39119  	-0.2218  	-0.2897  	0.29343  	0.52032  	0.31457  	-0.1282  	0.17667  	0.19759  	-0.8425  	-0.2412  	-0.2823  	-0.1170  	0.00480  	0.00492  	-0.0694  	0.06477  	0.01546  	0.34959  	0.17165  	-0.3848  	-0.1597  	0.44688  	0.04321  	0.08447  	0.27419  	-0.0128  	-0.0523  	-0.0176  	0.14280  	0.06372  	0.01025  	-0.0145  	-0.0129  	-0.0184  	0.01845  	0.01691  	-0.0184  	0.00774  	-0.0265  	-0.0328  	-0.0264  	-0.0380  	-0.0448  	0.08275  	-0.0151  	0.10438  	-0.4137  	-0.0561  	0.02400  	0.00541  	0.62820  	0.50885  	265.059  	212.284  	
-0.2156  	-0.1488  	0.22961  	-0.3092  	0.20951  	-0.3452  	-0.6945  	-0.2077  	0.23446  	-0.4057  	-0.3310  	0.88241  	-0.1790  	-0.3874  	-0.7785  	0.23962  	0.18700  	0.02380  	0.38309  	-0.1411  	-0.3733  	0.28532  	0.43733  	0.26440  	-0.1337  	0.18755  	0.14239  	-0.7396  	-0.1926  	-0.3018  	-0.1571  	-0.0058  	0.01476  	-0.0754  	0.09588  	0.06734  	0.34401  	0.16144  	-0.3658  	-0.1156  	0.38589  	0.05263  	0.11145  	0.28260  	-0.0182  	-0.0408  	-0.0162  	0.15508  	0.08832  	-0.0038  	0.00816  	-0.0124  	-0.0137  	0.02726  	0.03507  	-0.0104  	0.00266  	-0.0293  	-0.0211  	-0.0131  	-0.0539  	-0.0538  	0.08137  	-0.0137  	0.10438  	-0.4137  	-0.0561  	0.02400  	0.00541  	0.62820  	0.50885  	265.059  	212.284  	
-0.2135  	-0.1272  	0.24975  	-0.2335  	0.30965  	-0.4048  	-0.6644  	-0.2832  	0.21465  	-0.3089  	-0.2660  	0.96312  	-0.2388  	-0.4122  	-0.7713  	0.27126  	0.14657  	-0.0045  	0.34472  	-0.0759  	-0.3786  	0.27398  	0.33087  	0.26889  	-0.0825  	0.17903  	0.16233  	-0.6732  	-0.1252  	-0.2835  	-0.1681  	0.01136  	0.00029  	-0.0646  	0.13210  	0.14092  	0.31498  	0.14078  	-0.3583  	-0.0915  	0.35727  	0.07157  	0.08077  	0.28067  	-0.0194  	-0.0430  	-0.0168  	0.15928  	0.08715  	-0.0021  	0.02489  	-0.0191  	-0.0100  	0.02338  	0.03911  	-0.0107  	0.02059  	-0.0244  	-0.0276  	-0.0108  	-0.0570  	-0.0584  	0.08762  	-0.0087  	0.10438  	-0.4137  	-0.0561  	0.02400  	0.00541  	0.62820  	0.50885  	265.059  	212.284  	
-0.2078  	-0.1638  	0.23032  	-0.2516  	0.28539  	-0.3609  	-0.6568  	-0.3185  	0.20159  	-0.3252  	-0.2308  	0.91986  	-0.2463  	-0.4745  	-0.8218  	0.32161  	0.12208  	-0.0003  	0.35782  	-0.1245  	-0.3741  	0.26717  	0.32799  	0.27767  	-0.0348  	0.15743  	0.19504  	-0.7088  	-0.1664  	-0.2702  	-0.1604  	0.03397  	-0.0244  	-0.0508  	0.16939  	0.17608  	0.34358  	0.16249  	-0.3667  	-0.1095  	0.35919  	0.08282  	0.07763  	0.27467  	-0.0172  	-0.0410  	-0.0247  	0.15004  	0.08263  	-0.0085  	0.02060  	-0.0131  	-0.0049  	0.02973  	0.04322  	-0.0101  	0.01698  	-0.0246  	-0.0254  	-0.0132  	-0.0566  	-0.0641  	0.09102  	-0.0093  	0.10438  	-0.4137  	-0.0561  	0.02400  	0.00541  	0.62820  	0.50885  	265.059  	212.284  	
-0.2358  	-0.1851  	0.19911  	-0.3299  	0.22695  	-0.3787  	-0.6431  	-0.3232  	0.20495  	-0.3695  	-0.2441  	0.88988  	-0.2271  	-0.4598  	-0.8536  	0.30240  	0.13483  	0.00049  	0.33744  	-0.1283  	-0.4023  	0.27575  	0.35239  	0.24930  	-0.0647  	0.17394  	0.15766  	-0.6919  	-0.1658  	-0.2849  	-0.1464  	0.01945  	-0.0074  	-0.0518  	0.15348  	0.16145  	0.33088  	0.15100  	-0.3617  	-0.1085  	0.36402  	0.09029  	0.07970  	0.27151  	-0.0158  	-0.0405  	-0.0199  	0.14309  	0.08350  	0.00320  	0.02213  	-0.0154  	-0.0068  	0.02732  	0.04206  	-0.0102  	0.01509  	-0.0222  	-0.0286  	-0.0140  	-0.0598  	-0.0569  	0.09091  	-0.0055  	0.10438  	-0.4137  	-0.0561  	0.02400  	0.00541  	0.62820  	0.50885  	265.059  	212.284  	
-0.2781  	-0.1573  	0.15280  	-0.3104  	0.22167  	-0.4183  	-0.6473  	-0.3185  	0.19189  	-0.4241  	-0.2882  	0.88670  	-0.2413  	-0.4129  	-0.7348  	0.18966  	0.17011  	-0.0255  	0.33109  	-0.1711  	-0.3347  	0.28066  	0.42059  	0.28328  	-0.1244  	0.19950  	0.18735  	-0.8013  	-0.2241  	-0.2821  	-0.1238  	0.01591  	-0.0101  	-0.0542  	0.18732  	0.10962  	0.37567  	0.16872  	-0.4164  	-0.1300  	0.34784  	0.09720  	0.06200  	0.27332  	-0.0149  	-0.0397  	-0.0132  	0.13356  	0.07217  	-0.0004  	0.01069  	-0.0127  	-0.0067  	0.02821  	0.04192  	-0.0187  	0.01316  	-0.0208  	-0.0318  	-0.0204  	-0.0588  	-0.0537  	0.09047  	-0.0072  	0.10438  	-0.4137  	-0.0561  	0.02400  	0.00541  	0.62820  	0.50885  	265.059  	212.284  	
-0.2229  	-0.1233  	0.20990  	-0.2922  	0.18486  	-0.3994  	-0.6736  	-0.2398  	0.23388  	-0.4619  	-0.2515  	0.91214  	-0.2102  	-0.3193  	-0.5706  	0.15991  	0.19183  	-0.0616  	0.32948  	-0.2061  	-0.2063  	0.27570  	0.45523  	0.32196  	-0.1395  	0.19961  	0.20790  	-0.9132  	-0.3047  	-0.2893  	-0.1151  	0.03051  	0.02865  	-0.0579  	0.22035  	0.00701  	0.42567  	0.18339  	-0.4264  	-0.1703  	0.35606  	0.08391  	0.06066  	0.26713  	-0.0108  	-0.0365  	-0.0137  	0.12727  	0.06172  	0.00255  	-0.0018  	-0.0108  	-0.0047  	0.02662  	0.03283  	-0.0153  	0.01005  	-0.0240  	-0.0350  	-0.0168  	-0.0479  	-0.0462  	0.08242  	-0.0064  	0.10438  	-0.4137  	-0.0561  	0.02400  	0.00541  	0.62820  	0.50885  	265.059  	212.284  	
-0.0996  	-0.0769  	0.26061  	-0.1895  	0.23142  	-0.3183  	-0.6727  	-0.1585  	0.26898  	-0.5172  	-0.2642  	0.94313  	-0.1603  	-0.1746  	-0.4846  	0.19682  	0.20145  	-0.0659  	0.32990  	-0.2392  	-0.1350  	0.27787  	0.43613  	0.33221  	-0.1604  	0.18229  	0.24104  	-0.9308  	-0.3505  	-0.3033  	-0.1275  	0.03587  	0.04303  	-0.0599  	0.25659  	-0.0543  	0.45177  	0.21497  	-0.4509  	-0.1808  	0.34902  	0.07129  	0.06145  	0.26337  	-0.0207  	-0.0360  	-0.0103  	0.12483  	0.07023  	0.00851  	-0.0064  	-0.0065  	-0.0071  	0.03133  	0.03367  	-0.0130  	-0.0043  	-0.0250  	-0.0297  	-0.0173  	-0.0446  	-0.0394  	0.07939  	-0.0174  	0.10438  	-0.4137  	-0.0561  	0.02400  	0.00541  	0.62820  	0.50885  	265.059  	212.284  	
-0.1695  	-0.1132  	0.23289  	-0.2570  	0.26081  	-0.3551  	-0.6624  	-0.2313  	0.24566  	-0.3805  	-0.2125  	0.96909  	-0.2093  	-0.2925  	-0.7113  	0.26657  	0.13459  	0.00643  	0.32235  	-0.1391  	-0.2770  	0.25790  	0.37082  	0.27711  	-0.1657  	0.18075  	0.14637  	-0.7617  	-0.2601  	-0.3080  	-0.1453  	0.01452  	0.03781  	-0.0606  	0.20745  	0.06358  	0.36682  	0.16500  	-0.4138  	-0.1410  	0.34773  	0.07593  	0.06594  	0.26802  	-0.0173  	-0.0457  	-0.0065  	0.14042  	0.08090  	-0.0005  	0.01498  	-0.0157  	-0.0128  	0.02733  	0.03709  	-0.0137  	0.01260  	-0.0212  	-0.0323  	-0.0124  	-0.0563  	-0.0528  	0.08735  	-0.0084  	0.10438  	-0.4137  	-0.0561  	0.02400  	0.00541  	0.62820  	0.50885  	265.059  	212.284  	
-0.1341  	-0.1482  	0.24038  	-0.1983  	0.27072  	-0.3409  	-0.6555  	-0.2632  	0.22497  	-0.3723  	-0.2456  	0.92409  	-0.2153  	-0.3575  	-0.7269  	0.30666  	0.13426  	0.03663  	0.32215  	-0.1177  	-0.3376  	0.25886  	0.35386  	0.27264  	-0.1057  	0.16522  	0.15596  	-0.7085  	-0.2045  	-0.2870  	-0.1573  	0.01900  	0.01556  	-0.0600  	0.21566  	0.09537  	0.33487  	0.15832  	-0.3945  	-0.1422  	0.33864  	0.09248  	0.07000  	0.26382  	-0.0173  	-0.0418  	-0.0142  	0.14752  	0.08232  	0.00022  	0.02926  	-0.0125  	-0.0062  	0.02235  	0.03757  	-0.0105  	0.01767  	-0.0217  	-0.0252  	-0.0121  	-0.0580  	-0.0608  	0.09112  	-0.0047  	0.10438  	-0.4137  	-0.0561  	0.02400  	0.00541  	0.62820  	0.50885  	265.059  	212.284  	
-0.1497  	-0.1741  	0.25135  	-0.1532  	0.36092  	-0.3592  	-0.6683  	-0.3180  	0.19458  	-0.3117  	-0.2711  	0.96454  	-0.2450  	-0.5110  	-0.8257  	0.43224  	0.13437  	0.05958  	0.35758  	-0.1176  	-0.4370  	0.25635  	0.25383  	0.28968  	-0.0082  	0.13899  	0.20734  	-0.6501  	-0.1563  	-0.2561  	-0.1869  	0.04477  	-0.0247  	-0.0638  	0.17861  	0.17727  	0.29745  	0.16231  	-0.3605  	-0.1056  	0.34465  	0.09018  	0.06417  	0.27002  	-0.0224  	-0.0376  	-0.0339  	0.15256  	0.08733  	-0.0068  	0.02726  	-0.0094  	-0.0021  	0.02361  	0.04414  	-0.0090  	0.02064  	-0.0253  	-0.0258  	-0.0123  	-0.0521  	-0.0636  	0.09147  	-0.0069  	0.10438  	-0.4137  	-0.0561  	0.02400  	0.00541  	0.62820  	0.50885  	265.059  	212.284  	
-0.1609  	-0.1950  	0.25000  	-0.2299  	0.34550  	-0.3486  	-0.6487  	-0.3437  	0.18098  	-0.3300  	-0.2871  	0.92857  	-0.2384  	-0.5359  	-0.8691  	0.41156  	0.12481  	0.01469  	0.36030  	-0.1271  	-0.4317  	0.25984  	0.28054  	0.31656  	0.01163  	0.14231  	0.23796  	-0.6739  	-0.1659  	-0.2477  	-0.1864  	0.06174  	-0.0365  	-0.0589  	0.17637  	0.19532  	0.33025  	0.16399  	-0.3707  	-0.0808  	0.35140  	0.10435  	0.07281  	0.28375  	-0.0162  	-0.0391  	-0.0332  	0.15396  	0.09125  	-0.0090  	0.02289  	-0.0123  	-0.0063  	0.02743  	0.04369  	-0.0085  	0.02266  	-0.0275  	-0.0257  	-0.0124  	-0.0544  	-0.0654  	0.08760  	-0.0078  	0.10438  	-0.4137  	-0.0561  	0.02400  	0.00541  	0.62820  	0.50885  	265.059  	212.284  	
-0.3176  	-0.2062  	0.05667  	-0.0912  	0.30469  	-0.3747  	-0.7054  	-0.3597  	0.15208  	-0.4264  	-0.3554  	0.95678  	-0.2802  	-0.4689  	-0.7528  	0.28553  	0.18093  	-0.0205  	0.35208  	-0.1451  	-0.4233  	0.27125  	0.26545  	0.38639  	0.04352  	0.15873  	0.36645  	-0.7638  	-0.2115  	-0.2096  	-0.1839  	0.07780  	-0.0564  	-0.0910  	0.20023  	0.21906  	0.32718  	0.14618  	-0.3645  	-0.1176  	0.27288  	0.10929  	0.04368  	0.27325  	-0.0262  	-0.0352  	-0.0480  	0.14128  	0.06531  	-0.0002  	0.02677  	-0.0059  	8.29538  	0.03221  	0.02868  	-0.0030  	0.02297  	-0.0223  	-0.0192  	-0.0095  	-0.0528  	-0.0627  	0.07905  	-0.0097  	0.10438  	-0.4137  	-0.0561  	0.02400  	0.00541  	0.62820  	0.50885  	265.059  	212.284  	
-0.1031  	-0.1284  	0.12146  	0.19237  	0.56524  	-0.3042  	-0.6288  	-0.1769  	0.21316  	-0.5264  	-0.6743  	1.03476  	-0.0793  	-0.0681  	-0.2694  	0.17480  	0.17165  	-0.0789  	0.33298  	-0.1800  	-0.4011  	0.26363  	0.32261  	0.32366  	0.03776  	0.16775  	0.27421  	-0.6702  	-0.0772  	-0.1830  	-0.1843  	0.01909  	-0.0130  	-0.0394  	0.21058  	0.04703  	0.24915  	0.13347  	-0.3237  	-0.0872  	0.26494  	0.10866  	0.07474  	0.27909  	-0.0218  	-0.0431  	-0.0260  	0.14363  	0.09156  	-0.0028  	0.01228  	-0.0153  	-0.0132  	0.01982  	0.03262  	-0.0117  	0.01468  	-0.0213  	-0.0192  	-0.0165  	-0.0585  	-0.0456  	0.08110  	-0.0110  	0.10438  	-0.4137  	-0.0561  	0.02400  	0.00541  	0.62820  	0.50885  	265.059  	212.284  	
-0.0175  	-0.0544  	0.16809  	0.28682  	0.51699  	-0.1531  	-0.6791  	-0.1195  	0.23630  	-0.4912  	-0.6097  	1.00641  	-0.0495  	-0.0709  	-0.2428  	0.18037  	0.17608  	-0.0879  	0.35247  	-0.2088  	-0.3643  	0.35693  	0.36181  	0.30343  	0.05321  	0.16283  	0.26908  	-0.8372  	-0.1768  	-0.1912  	-0.1621  	0.02463  	-0.0012  	-0.0528  	0.21099  	0.01227  	0.29024  	0.15058  	-0.3357  	-0.1107  	0.25837  	0.06247  	0.08323  	0.29455  	-0.0197  	-0.0371  	-0.0301  	0.16332  	0.08678  	-0.0040  	0.01126  	-0.0096  	-0.0047  	0.03007  	0.03835  	-0.0073  	0.00030  	-0.0303  	-0.0305  	-0.0119  	-0.0549  	-0.0524  	0.07022  	-0.0149  	0.10438  	-0.4137  	-0.0561  	0.02400  	0.00541  	0.62820  	0.50885  	265.059  	212.284  	
-0.0536  	-0.1413  	0.21042  	0.03810  	0.44352  	-0.2846  	-0.6694  	-0.2366  	0.21004  	-0.4384  	-0.4580  	0.96170  	-0.1643  	-0.3347  	-0.5862  	0.33580  	0.15817  	-0.0509  	0.35317  	-0.1610  	-0.4154  	0.33935  	0.28039  	0.34715  	-0.0030  	0.14462  	0.19899  	-0.7578  	-0.1568  	-0.2359  	-0.1954  	0.00567  	-0.0231  	-0.0562  	0.19919  	0.09699  	0.31972  	0.11929  	-0.3567  	-0.0942  	0.31972  	0.08360  	0.08303  	0.29388  	-0.0219  	-0.0388  	-0.0162  	0.15378  	0.09634  	-0.0117  	0.02300  	-0.0191  	-0.0097  	0.01844  	0.02480  	-0.0051  	0.02437  	-0.0272  	-0.0338  	-0.0167  	-0.0678  	-0.0458  	0.07866  	-0.0179  	0.10438  	-0.4137  	-0.0561  	0.02400  	0.00541  	0.62820  	0.50885  	265.059  	212.284  	
-0.1120  	-0.1675  	0.31925  	-0.0923  	0.35867  	-0.3757  	-0.6816  	-0.2761  	0.16484  	-0.3964  	-0.2972  	0.98364  	-0.1908  	-0.5621  	-0.8095  	0.31870  	0.24163  	-0.1524  	0.43413  	-0.3951  	-0.3689  	0.02512  	-0.0080  	0.34133  	-0.0596  	0.25707  	0.28253  	-0.8089  	-0.1035  	-0.2637  	-0.0647  	0.00619  	-0.1274  	-0.2345  	0.12096  	0.15202  	0.21626  	0.15164  	-0.4665  	-0.1874  	0.39663  	0.23666  	-0.0567  	0.35754  	-0.0722  	-0.0228  	-0.0530  	0.18118  	0.08379  	-0.0174  	0.03062  	-0.0034  	-0.0009  	0.04667  	0.05018  	-0.0117  	0.01765  	-0.0368  	-0.0229  	0.00285  	-0.0541  	-0.0738  	0.08310  	-0.0123  	0.10438  	-0.4137  	-0.0561  	0.02400  	0.00541  	0.62820  	0.50885  	265.059  	212.284  	
-0.1963  	-0.1365  	0.21186  	-0.0511  	0.38897  	-0.3648  	-0.7114  	-0.2320  	0.14606  	-0.4429  	-0.3589  	0.97332  	-0.1708  	-0.5487  	-0.7030  	0.17989  	0.36002  	-0.2971  	0.47579  	-0.5766  	-0.3221  	-0.1258  	-0.2413  	0.32461  	-0.0489  	0.34548  	0.26091  	-0.8101  	0.01755  	-0.2378  	0.01765  	-0.0447  	-0.2123  	-0.3673  	0.03290  	0.15156  	0.13098  	0.14064  	-0.5392  	-0.2343  	0.45137  	0.32490  	-0.1367  	0.42267  	-0.1162  	-0.0028  	-0.0799  	0.18849  	0.05974  	-0.0336  	0.04034  	-0.0040  	-0.0092  	0.05097  	0.05029  	-0.0086  	0.01895  	-0.0421  	-0.0218  	0.00793  	-0.0487  	-0.0779  	0.06521  	-0.0119  	0.10438  	-0.4137  	-0.0561  	0.02400  	0.00541  	0.62820  	0.50885  	265.059  	212.284  	
-0.0839  	-0.1103  	0.16806  	0.31588  	0.57614  	-0.2896  	-0.7171  	-0.1363  	0.15003  	-0.5507  	-0.5538  	1.01922  	-0.0633  	-0.2715  	-0.3420  	0.09696  	0.35976  	-0.3719  	0.49637  	-0.6448  	-0.2923  	-0.1438  	-0.2592  	0.34247  	-0.0281  	0.36760  	0.25688  	-0.8216  	0.09152  	-0.1993  	0.03603  	-0.0739  	-0.2164  	-0.3759  	0.08732  	0.04434  	0.04382  	0.11834  	-0.5490  	-0.2341  	0.41478  	0.36723  	-0.1785  	0.43378  	-0.1260  	0.00783  	-0.0865  	0.18619  	0.05475  	-0.0271  	0.04506  	-0.0029  	0.00403  	0.05957  	0.04202  	-0.0005  	0.01374  	-0.0474  	-0.0141  	0.01680  	-0.0527  	-0.0653  	0.04692  	-0.0103  	0.10438  	-0.4137  	-0.0561  	0.02400  	0.00541  	0.62820  	0.50885  	265.059  	212.284  	
-0.0240  	-0.0244  	0.11751  	0.42103  	0.64929  	-0.2313  	-0.7255  	-0.1146  	0.17932  	-0.6405  	-0.7265  	1.05065  	0.00412  	-0.0508  	-0.1072  	0.02215  	0.35698  	-0.3830  	0.47818  	-0.6727  	-0.3228  	-0.0512  	-0.1600  	0.27694  	-0.0218  	0.34386  	0.31957  	-0.7536  	0.14779  	-0.1493  	-0.0062  	-0.0859  	-0.1692  	-0.3283  	0.13348  	-0.0150  	0.02874  	0.11442  	-0.5233  	-0.2281  	0.37846  	0.33604  	-0.1651  	0.41658  	-0.1222  	-0.0067  	-0.0768  	0.18963  	0.06246  	-0.0251  	0.03125  	-0.0067  	-0.0040  	0.05092  	0.03494  	0.00275  	0.00614  	-0.0487  	-0.0113  	0.00272  	-0.0557  	-0.0541  	0.04601  	-0.0175  	0.10438  	-0.4137  	-0.0561  	0.02400  	0.00541  	0.62820  	0.50885  	265.059  	212.284  	
0.01854  	-0.0022  	0.24732  	0.36625  	0.56549  	-0.1256  	-0.6795  	-0.1017  	0.23016  	-0.5586  	-0.7660  	0.99061  	0.06979  	0.04016  	-0.0297  	0.05955  	0.26339  	-0.2256  	0.36777  	-0.4560  	-0.3708  	0.17104  	0.09318  	0.28925  	-0.1165  	0.25216  	0.19991  	-0.8214  	0.03497  	-0.2077  	-0.0083  	-0.0648  	-0.0453  	-0.2029  	0.14436  	-0.0002  	0.13362  	0.10621  	-0.4192  	-0.1665  	0.40812  	0.20334  	-0.0455  	0.34342  	-0.0734  	-0.0195  	-0.0519  	0.19672  	0.07882  	-0.0141  	0.02754  	-0.0050  	-0.0128  	0.03180  	0.03933  	-0.0054  	0.00657  	-0.0398  	-0.0168  	0.00689  	-0.0463  	-0.0483  	0.06694  	-0.0045  	0.10438  	-0.4137  	-0.0561  	0.02400  	0.00541  	0.62820  	0.50885  	265.059  	212.284  	
-0.0085  	-0.0431  	0.21185  	0.18137  	0.46709  	-0.2384  	-0.6553  	-0.1870  	0.25637  	-0.5152  	-0.6087  	0.95904  	-0.0372  	-0.0300  	-0.3551  	0.13057  	0.15134  	-0.0352  	0.34766  	-0.2036  	-0.2927  	0.35235  	0.39460  	0.33031  	-0.0418  	0.13122  	0.22617  	-0.7683  	-0.1480  	-0.2371  	-0.1547  	0.00093  	0.04459  	-0.0559  	0.24221  	-0.0099  	0.30630  	0.13553  	-0.3541  	-0.0745  	0.31966  	0.06419  	0.06688  	0.27334  	-0.0207  	-0.0411  	-0.0238  	0.16927  	0.08414  	-0.0144  	0.01824  	-0.0184  	-0.0115  	0.01690  	0.03482  	-0.0005  	0.00766  	-0.0264  	-0.0181  	0.00092  	-0.0505  	-0.0430  	0.07198  	-0.0061  	0.10438  	-0.4137  	-0.0561  	0.02400  	0.00541  	0.62820  	0.50885  	265.059  	212.284  	
-0.3565  	-0.1834  	0.09552  	-0.3810  	0.26047  	-0.4859  	-0.6622  	-0.3094  	0.21502  	-0.4464  	-0.2973  	0.88220  	-0.1932  	-0.4268  	-0.6626  	0.14996  	0.17496  	0.01019  	0.35159  	-0.1390  	-0.2440  	0.20590  	0.40809  	0.28592  	-0.1497  	0.17590  	0.18629  	-0.7755  	-0.2603  	-0.3046  	-0.1359  	-0.0054  	0.00685  	-0.0540  	0.17994  	0.01294  	0.37718  	0.14884  	-0.4007  	-0.1292  	0.37318  	0.06743  	0.05519  	0.25687  	-0.0120  	-0.0338  	-0.0193  	0.15268  	0.06302  	0.00315  	0.00112  	-0.0144  	-0.0124  	0.02208  	0.03006  	-0.0108  	0.01114  	-0.0271  	-0.0306  	-0.0153  	-0.0504  	-0.0472  	0.07341  	-0.0117  	0.10438  	-0.4137  	-0.0561  	0.02400  	0.00541  	0.62820  	0.50885  	265.059  	212.284  	
-0.5333  	-0.2315  	0.10384  	-0.6282  	0.10587  	-0.5030  	-0.6857  	-0.3775  	0.21001  	-0.3636  	-0.2070  	0.83473  	-0.2619  	-0.5775  	-0.8548  	0.09732  	0.18750  	0.02488  	0.37048  	-0.1689  	-0.3324  	0.27381  	0.45154  	0.28414  	-0.1160  	0.19328  	0.16115  	-0.7589  	-0.1864  	-0.2922  	-0.1344  	0.00283  	0.00718  	-0.0452  	0.06876  	0.09696  	0.32186  	0.15460  	-0.3916  	-0.1222  	0.39787  	0.07985  	0.06442  	0.26197  	-0.0062  	-0.0368  	-0.0222  	0.11256  	0.06869  	-0.0037  	-0.0007  	-0.0176  	-0.0106  	0.03338  	0.02723  	-0.0190  	0.01484  	-0.0214  	-0.0234  	-0.0156  	-0.0515  	-0.0474  	0.07717  	-0.0068  	0.10438  	-0.4137  	-0.0561  	0.02400  	0.00541  	0.62820  	0.50885  	265.059  	212.284  	
-0.5923  	-0.2618  	0.04379  	-0.6059  	0.04808  	-0.5087  	-0.6484  	-0.4133  	0.17633  	-0.3223  	-0.2673  	0.84615  	-0.2343  	-0.5827  	-0.9520  	0.10647  	0.19528  	0.05160  	0.33960  	-0.1506  	-0.5101  	0.26746  	0.45880  	0.17022  	-0.0822  	0.22420  	0.07213  	-0.6379  	-0.0689  	-0.2818  	-0.0788  	-0.0190  	-0.0339  	-0.0421  	-0.0591  	0.15435  	0.22689  	0.14614  	-0.3135  	-0.1267  	0.45920  	0.06060  	0.10688  	0.29457  	-0.0164  	-0.0520  	-0.0171  	0.14917  	0.08019  	0.00305  	0.01084  	-0.0120  	-0.0135  	0.02907  	0.04624  	-0.0176  	0.01036  	-0.0255  	-0.0279  	-0.0151  	-0.0470  	-0.0430  	0.08911  	-0.0011  	0.10438  	-0.4137  	-0.0561  	0.02400  	0.00541  	0.62820  	0.50885  	265.059  	212.284  	
-0.5916  	-0.1722  	0.08186  	-0.5575  	0.11142  	-0.5739  	-0.6913  	-0.3423  	0.21198  	-0.3122  	-0.2760  	0.86572  	-0.2473  	-0.5318  	-0.9776  	0.11415  	0.20324  	0.03511  	0.36184  	-0.1475  	-0.4752  	0.24170  	0.47559  	0.17571  	-0.1526  	0.22399  	0.07984  	-0.6480  	-0.0914  	-0.3088  	-0.1094  	-0.0107  	-0.0072  	-0.0376  	-0.0249  	0.11936  	0.24457  	0.15047  	-0.3222  	-0.1484  	0.45173  	0.04805  	0.11327  	0.29807  	-0.0233  	-0.0460  	-0.0162  	0.15417  	0.07788  	-0.0072  	0.00993  	-0.0162  	-0.0132  	0.03172  	0.03827  	-0.0182  	0.01286  	-0.0217  	-0.0233  	-0.0116  	-0.0464  	-0.0404  	0.08032  	-0.0042  	0.10438  	-0.4137  	-0.0561  	0.02400  	0.00541  	0.62820  	0.50885  	265.059  	212.284  	
-0.6072  	-0.2025  	0.05668  	-0.6546  	0.05971  	-0.5950  	-0.6823  	-0.3867  	0.17322  	-0.3072  	-0.2247  	0.81680  	-0.2761  	-0.5759  	-1.0159  	0.09682  	0.18557  	0.03651  	0.37312  	-0.1393  	-0.4474  	0.24691  	0.47555  	0.18106  	-0.1229  	0.21954  	0.07851  	-0.6750  	-0.1128  	-0.3087  	-0.1091  	-0.0230  	-0.0183  	-0.0420  	-0.0039  	0.13354  	0.27773  	0.14470  	-0.3475  	-0.1463  	0.43720  	0.06531  	0.09479  	0.29582  	-0.0179  	-0.0441  	-0.0144  	0.14455  	0.07258  	-0.0006  	0.01022  	-0.0087  	-0.0131  	0.03163  	0.03371  	-0.0148  	0.01223  	-0.0217  	-0.0241  	-0.0178  	-0.0493  	-0.0476  	0.08516  	-0.0095  	0.10438  	-0.4137  	-0.0561  	0.02400  	0.00541  	0.62820  	0.50885  	265.059  	212.284  	
-0.7289  	-0.2307  	-0.0056  	-0.6952  	0.05931  	-0.7157  	-0.6602  	-0.4174  	0.14200  	-0.2626  	-0.1531  	0.83470  	-0.2387  	-0.5658  	-1.0189  	0.07809  	0.15071  	0.04343  	0.34742  	-0.1251  	-0.4873  	0.28446  	0.46903  	0.19131  	-0.1305  	0.22299  	0.06022  	-0.6722  	-0.1010  	-0.3003  	-0.0843  	-0.0353  	-0.0059  	-0.0412  	-0.0001  	0.13290  	0.24500  	0.13208  	-0.3346  	-0.1374  	0.44465  	0.07129  	0.08319  	0.28648  	-0.0083  	-0.0457  	-0.0187  	0.14072  	0.06288  	0.00406  	0.00060  	-0.0102  	-0.0080  	0.02436  	0.02601  	-0.0205  	0.00786  	-0.0256  	-0.0244  	-0.0142  	-0.0439  	-0.0446  	0.08407  	-0.0139  	0.10438  	-0.4137  	-0.0561  	0.02400  	0.00541  	0.62820  	0.50885  	265.059  	212.284  	
-0.7960  	-0.2796  	-0.0812  	-0.6225  	0.15141  	-0.7820  	-0.6551  	-0.4180  	0.15618  	-0.2632  	-0.1221  	0.90118  	-0.2330  	-0.5272  	-0.9464  	0.07643  	0.15437  	0.05319  	0.30745  	-0.0758  	-0.4769  	0.30659  	0.42837  	0.24828  	-0.1562  	0.22226  	0.03719  	-0.6535  	-0.1178  	-0.3057  	-0.0892  	-0.0389  	0.01179  	-0.0349  	0.02504  	0.11936  	0.20503  	0.12555  	-0.3266  	-0.1165  	0.40750  	0.07962  	0.06062  	0.25488  	-0.0167  	-0.0451  	-0.0170  	0.13943  	0.06823  	0.00057  	0.00413  	-0.0116  	-0.0070  	0.02759  	0.03413  	-0.0231  	0.01170  	-0.0262  	-0.0235  	-0.0096  	-0.0464  	-0.0438  	0.08348  	-0.0102  	0.10438  	-0.4137  	-0.0561  	0.02400  	0.00541  	0.62820  	0.50885  	265.059  	212.284  	
-0.7172  	-0.2570  	-0.0701  	-0.5630  	0.19930  	-0.7543  	-0.6644  	-0.3611  	0.18255  	-0.2801  	-0.1286  	0.92615  	-0.2201  	-0.4727  	-0.8870  	0.04535  	0.17474  	0.01771  	0.31498  	-0.0924  	-0.4114  	0.27280  	0.39414  	0.28315  	-0.1676  	0.20596  	0.07278  	-0.6867  	-0.1671  	-0.2945  	-0.1059  	-0.0334  	0.00903  	-0.0423  	0.05915  	0.09049  	0.24099  	0.12118  	-0.3262  	-0.1260  	0.39357  	0.07766  	0.04831  	0.24294  	-0.0133  	-0.0408  	-0.0202  	0.14224  	0.06976  	0.00904  	0.00600  	-0.0095  	-0.0100  	0.02800  	0.03590  	-0.0212  	0.01055  	-0.0254  	-0.0280  	-0.0129  	-0.0490  	-0.0437  	0.08241  	-0.0098  	0.10438  	-0.4137  	-0.0561  	0.02400  	0.00541  	0.62820  	0.50885  	265.059  	212.284  	
-0.5490  	-0.1788  	0.01856  	-0.5291  	0.18162  	-0.6367  	-0.6996  	-0.2708  	0.20827  	-0.3181  	-0.1912  	0.98203  	-0.1859  	-0.3557  	-0.8347  	0.03711  	0.17108  	0.00830  	0.35213  	-0.1499  	-0.3812  	0.27401  	0.47702  	0.27425  	-0.1503  	0.19151  	0.10256  	-0.7297  	-0.1409  	-0.2831  	-0.0976  	-0.0511  	0.01265  	-0.0392  	0.05746  	0.06532  	0.25918  	0.12216  	-0.3210  	-0.1113  	0.39518  	0.06921  	0.07820  	0.27232  	-0.0169  	-0.0378  	-0.0196  	0.15238  	0.07678  	0.00461  	0.01066  	-0.0137  	-0.0195  	0.03024  	0.02655  	-0.0218  	0.01414  	-0.0219  	-0.0287  	-0.0155  	-0.0510  	-0.0515  	0.08757  	-0.0115  	0.10438  	-0.4137  	-0.0561  	0.02400  	0.00541  	0.62820  	0.50885  	265.059  	212.284  	
-0.3360  	-0.1365  	0.17020  	-0.3909  	0.25108  	-0.4960  	-0.6658  	-0.2215  	0.24364  	-0.4121  	-0.2370  	0.99318  	-0.1972  	-0.2593  	-0.7349  	0.11079  	0.20573  	-0.0023  	0.32055  	-0.1217  	-0.3111  	0.25200  	0.45768  	0.32064  	-0.1855  	0.19456  	0.08484  	-0.7428  	-0.1895  	-0.3069  	-0.1194  	-0.0296  	0.02503  	-0.0536  	0.09849  	0.01223  	0.30787  	0.13346  	-0.3373  	-0.1250  	0.39750  	0.03960  	0.07321  	0.26834  	-0.0182  	-0.0343  	-0.0118  	0.14752  	0.07276  	-0.0001  	-0.0013  	-0.0177  	-0.0113  	0.02351  	0.02894  	-0.0176  	0.00537  	-0.0267  	-0.0286  	-0.0130  	-0.0525  	-0.0543  	0.07700  	-0.0108  	0.10438  	-0.4137  	-0.0561  	0.02400  	0.00541  	0.62820  	0.50885  	265.059  	212.284  	
-0.1302  	-0.0560  	0.26165  	-0.1799  	0.30833  	-0.3535  	-0.6862  	-0.1595  	0.26880  	-0.4185  	-0.4023  	0.98873  	-0.1144  	-0.1900  	-0.5767  	0.18688  	0.19556  	-0.0407  	0.34174  	-0.1982  	-0.3160  	0.29420  	0.43302  	0.27986  	-0.2029  	0.20085  	0.13861  	-0.8087  	-0.2247  	-0.2981  	-0.0925  	-0.0047  	0.04850  	-0.0481  	0.13702  	-0.0173  	0.33775  	0.15913  	-0.3626  	-0.1263  	0.38180  	0.03758  	0.10006  	0.27012  	-0.0300  	-0.0410  	-0.0137  	0.16978  	0.07779  	0.00016  	0.01146  	-0.0091  	-0.0146  	0.02189  	0.03120  	-0.0039  	-0.0050  	-0.0346  	-0.0256  	-0.0126  	-0.0461  	-0.0405  	0.07260  	-0.0141  	0.10438  	-0.4137  	-0.0561  	0.02400  	0.00541  	0.62820  	0.50885  	265.059  	212.284  	
0.00442  	-0.0079  	0.31200  	-0.1845  	0.26557  	-0.2946  	-0.6827  	-0.1356  	0.28980  	-0.4315  	-0.3177  	0.99502  	-0.1212  	-0.1567  	-0.5542  	0.22341  	0.20372  	-0.0539  	0.34593  	-0.2192  	-0.2032  	0.28893  	0.43231  	0.26152  	-0.1912  	0.18067  	0.17662  	-0.8792  	-0.3030  	-0.3057  	-0.1126  	0.02259  	0.04783  	-0.0618  	0.18334  	-0.0413  	0.40378  	0.19614  	-0.3991  	-0.1634  	0.37235  	0.04529  	0.09809  	0.26779  	-0.0333  	-0.0367  	-0.0173  	0.15718  	0.07993  	0.00533  	0.00175  	-0.0109  	-0.0123  	0.02732  	0.03293  	-0.0015  	-0.0025  	-0.0275  	-0.0297  	-0.0164  	-0.0499  	-0.0340  	0.07713  	-0.0138  	0.10438  	-0.4137  	-0.0561  	0.02400  	0.00541  	0.62820  	0.50885  	265.059  	212.284  	
0.10834  	0.00957  	0.40162  	-0.1269  	0.19691  	-0.1961  	-0.6614  	-0.0501  	0.32544  	-0.5375  	-0.2208  	0.97584  	-0.1538  	-0.0863  	-0.4212  	0.27343  	0.20496  	-0.1130  	0.34837  	-0.2782  	-0.0017  	0.31624  	0.51169  	0.37745  	-0.1731  	0.15827  	0.31390  	-1.0620  	-0.4580  	-0.3081  	-0.1426  	0.05893  	0.05902  	-0.0683  	0.29035  	-0.0921  	0.55163  	0.24390  	-0.4592  	-0.2102  	0.31726  	0.06153  	0.08842  	0.26747  	-0.0299  	-0.0362  	-0.0193  	0.15305  	0.08206  	0.00848  	-0.0108  	-0.0128  	-0.0062  	0.03702  	0.03049  	0.00380  	-0.0047  	-0.0242  	-0.0310  	-0.0070  	-0.0458  	-0.0418  	0.07905  	-0.0160  	0.10438  	-0.4137  	-0.0561  	0.02400  	0.00541  	0.62820  	0.50885  	265.059  	212.284  	
0.06844  	-0.0048  	0.38425  	-0.1509  	0.24537  	-0.2508  	-0.6532  	-0.1124  	0.31430  	-0.4971  	-0.2225  	1.01506  	-0.1396  	-0.1139  	-0.5630  	0.30715  	0.18260  	-0.0665  	0.30895  	-0.2026  	-0.0850  	0.25584  	0.43659  	0.35670  	-0.1687  	0.17803  	0.23979  	-0.9508  	-0.3990  	-0.3088  	-0.1302  	0.03536  	0.06980  	-0.0601  	0.27460  	-0.0623  	0.45969  	0.21547  	-0.4196  	-0.1883  	0.33652  	0.07536  	0.08222  	0.25869  	-0.0299  	-0.0376  	-0.0168  	0.15454  	0.07958  	0.01069  	0.00287  	-0.0101  	-0.0058  	0.03224  	0.03326  	-0.0022  	0.00142  	-0.0238  	-0.0305  	-0.0165  	-0.0463  	-0.0479  	0.08461  	-0.0119  	0.10438  	-0.4137  	-0.0561  	0.02400  	0.00541  	0.62820  	0.50885  	265.059  	212.284  	
-0.5083  	-0.2077  	0.02479  	-0.4698  	0.15620  	-0.6439  	-0.7309  	-0.3026  	0.26344  	-0.2551  	-0.1402  	1.03053  	-0.1194  	-0.3149  	-0.9730  	0.25695  	0.17729  	0.00608  	0.33980  	-0.0696  	-0.4317  	0.19613  	0.37796  	0.21612  	-0.3087  	0.28340  	-0.0407  	-0.6112  	-0.2646  	-0.3740  	-0.0294  	-0.0211  	0.07661  	-0.0536  	0.04974  	0.05021  	0.24083  	0.12531  	-0.3199  	-0.1703  	0.44925  	0.06779  	0.09041  	0.25657  	-0.0324  	-0.0450  	-0.0144  	0.16180  	0.09106  	0.02098  	0.00119  	-0.0132  	-0.0066  	0.02496  	0.03991  	-0.0112  	0.01086  	-0.0210  	-0.0232  	-0.0089  	-0.0408  	-0.0389  	0.09848  	0.00301  	0.10438  	-0.4137  	-0.0561  	0.02400  	0.00541  	0.62820  	0.50885  	265.059  	212.284  	
-0.7633  	-0.2848  	-0.1316  	-0.7124  	0.17270  	-0.8086  	-0.6788  	-0.3973  	0.17980  	-0.2863  	-0.0481  	0.87780  	-0.2402  	-0.5247  	-1.0672  	0.05833  	0.16207  	0.04582  	0.31768  	-0.0999  	-0.4557  	0.24060  	0.32807  	0.20356  	-0.1516  	0.22854  	-0.0211  	-0.6145  	-0.1095  	-0.3278  	-0.0817  	-0.0447  	0.03376  	-0.0587  	0.02160  	0.13909  	0.21451  	0.11228  	-0.3118  	-0.1516  	0.40830  	0.07204  	0.07112  	0.24084  	-0.0102  	-0.0518  	-0.0220  	0.15363  	0.07018  	0.00548  	0.00661  	-0.0126  	-0.0125  	0.02571  	0.04111  	-0.0168  	0.01626  	-0.0209  	-0.0254  	-0.0064  	-0.0496  	-0.0447  	0.08260  	-0.0099  	0.10438  	-0.4137  	-0.0561  	0.02400  	0.00541  	0.62820  	0.50885  	265.059  	212.284  	
-0.6802  	-0.2610  	0.03832  	-0.7480  	0.04398  	-0.8181  	-0.6568  	-0.3625  	0.20788  	-0.2364  	-0.1024  	0.82142  	-0.2345  	-0.4503  	-0.9616  	0.03673  	0.20579  	-0.0013  	0.33343  	-0.1416  	-0.4189  	0.28786  	0.41177  	0.29277  	-0.1272  	0.24769  	0.12414  	-0.7867  	-0.1689  	-0.3205  	-0.0690  	-0.0536  	0.02454  	-0.0486  	0.04080  	0.07840  	0.25862  	0.13257  	-0.3463  	-0.1283  	0.42631  	0.07804  	0.08366  	0.25695  	-0.0117  	-0.0507  	-0.0157  	0.15862  	0.06815  	-0.0005  	0.00424  	-0.0106  	-0.0180  	0.03308  	0.02898  	-0.0239  	0.00862  	-0.0254  	-0.0305  	-0.0047  	-0.0526  	-0.0441  	0.08763  	-0.0094  	0.10438  	-0.4137  	-0.0561  	0.02400  	0.00541  	0.62820  	0.50885  	265.059  	212.284  	
-0.3177  	-0.2302  	0.16597  	-0.4031  	0.16167  	-0.3735  	-0.6537  	-0.2400  	0.24209  	-0.4182  	-0.3397  	0.88131  	-0.1861  	-0.3849  	-0.8114  	0.22724  	0.24369  	0.03887  	0.36299  	-0.1761  	-0.4338  	0.25493  	0.40907  	0.27779  	-0.0974  	0.20459  	0.13650  	-0.7435  	-0.2073  	-0.3037  	-0.1359  	0.01381  	0.03177  	-0.0646  	0.08410  	0.07618  	0.28490  	0.15305  	-0.3444  	-0.1084  	0.41590  	0.05495  	0.08643  	0.26325  	-0.0236  	-0.0351  	-0.0174  	0.15527  	0.07398  	0.01296  	0.01428  	-0.0125  	-0.0109  	0.02582  	0.02993  	-0.0108  	0.00568  	-0.0311  	-0.0247  	-0.0065  	-0.0536  	-0.0387  	0.08599  	-0.0114  	0.10438  	-0.4137  	-0.0561  	0.02400  	0.00541  	0.62820  	0.50885  	265.059  	212.284  	
-0.0945  	-0.1192  	0.24434  	-0.1364  	0.32403  	-0.3145  	-0.6868  	-0.2492  	0.22166  	-0.4126  	-0.2900  	1.05628  	-0.1874  	-0.3961  	-0.8011  	0.31694  	0.18524  	0.03283  	0.36999  	-0.0542  	-0.3537  	0.24190  	0.31326  	0.28768  	-0.1109  	0.17663  	0.15688  	-0.6469  	-0.1606  	-0.2767  	-0.1672  	0.03051  	0.02931  	-0.0614  	0.13454  	0.10944  	0.29538  	0.16066  	-0.3497  	-0.0862  	0.36621  	0.05401  	0.08888  	0.28493  	-0.0180  	-0.0343  	-0.0209  	0.15688  	0.07640  	-0.0050  	0.02051  	-0.0141  	-0.0066  	0.02338  	0.03161  	-0.0027  	0.00934  	-0.0285  	-0.0254  	-0.0075  	-0.0566  	-0.0559  	0.07518  	-0.0153  	0.10438  	-0.4137  	-0.0561  	0.02400  	0.00541  	0.62820  	0.50885  	265.059  	212.284  	
-0.0931  	-0.1400  	0.27357  	0.02704  	0.43479  	-0.2332  	-0.6815  	-0.2159  	0.23028  	-0.4576  	-0.4598  	0.99899  	-0.1724  	-0.2744  	-0.6329  	0.30884  	0.19341  	-0.0399  	0.36164  	-0.1430  	-0.3537  	0.23518  	0.31215  	0.32537  	0.03404  	0.15290  	0.31429  	-0.7211  	-0.1498  	-0.1833  	-0.1940  	0.05020  	-0.0013  	-0.0413  	0.17089  	0.09048  	0.31478  	0.17065  	-0.3295  	-0.1276  	0.29663  	0.08742  	0.09166  	0.27687  	-0.0213  	-0.0399  	-0.0306  	0.15335  	0.08753  	-0.0196  	0.02296  	-0.0119  	-0.0068  	0.02772  	0.02896  	-4.8629  	0.01144  	-0.0215  	-0.0206  	-0.0132  	-0.0510  	-0.0629  	0.08145  	-0.0170  	0.10438  	-0.4137  	-0.0561  	0.02400  	0.00541  	0.62820  	0.50885  	265.059  	212.284  	
-0.1876  	-0.1668  	0.20125  	-0.0796  	0.36002  	-0.3097  	-0.6722  	-0.2798  	0.20034  	-0.4895  	-0.4440  	0.94115  	-0.1975  	-0.3458  	-0.6014  	0.18247  	0.19397  	-0.0296  	0.36430  	-0.1880  	-0.3559  	0.29331  	0.37499  	0.32272  	-0.0140  	0.17138  	0.25639  	-0.7505  	-0.1695  	-0.2252  	-0.1904  	0.04517  	0.00977  	-0.0530  	0.15443  	0.08316  	0.35402  	0.16868  	-0.3714  	-0.1229  	0.32717  	0.07216  	0.07016  	0.28675  	-0.0202  	-0.0447  	-0.0252  	0.15555  	0.09000  	-0.0095  	0.01148  	-0.0118  	-0.0041  	0.02834  	0.03576  	-0.0005  	0.01362  	-0.0291  	-0.0162  	-0.0099  	-0.0547  	-0.0643  	0.07024  	-0.0182  	0.10438  	-0.4137  	-0.0561  	0.02400  	0.00541  	0.62820  	0.50885  	265.059  	212.284  	
-0.1680  	-0.1246  	0.24486  	-0.1649  	0.31231  	-0.3051  	-0.7112  	-0.3025  	0.16540  	-0.4326  	-0.3053  	0.94603  	-0.2267  	-0.4599  	-0.8169  	0.32938  	0.16565  	-0.0005  	0.37979  	-0.1281  	-0.3627  	0.27774  	0.34274  	0.34440  	-0.0389  	0.14917  	0.20569  	-0.7574  	-0.1698  	-0.2442  	-0.1844  	0.01187  	-0.0169  	-0.0641  	0.18862  	0.14128  	0.34416  	0.16222  	-0.3707  	-0.1262  	0.32788  	0.08180  	0.05859  	0.27190  	-0.0093  	-0.0327  	-0.0318  	0.15042  	0.08753  	-0.0011  	0.02537  	-0.0088  	-5.0083  	0.02040  	0.03362  	-0.0053  	0.01965  	-0.0233  	-0.0198  	-0.0139  	-0.0630  	-0.0631  	0.09159  	-0.0152  	0.10438  	-0.4137  	-0.0561  	0.02400  	0.00541  	0.62820  	0.50885  	265.059  	212.284  	
-0.3515  	-0.1748  	0.11890  	-0.3936  	0.18092  	-0.4382  	-0.6738  	-0.3064  	0.17238  	-0.3516  	-0.2619  	0.91867  	-0.2450  	-0.5099  	-0.9635  	0.25250  	0.15227  	0.07506  	0.34646  	-0.0658  	-0.4224  	0.26028  	0.34388  	0.25558  	-0.0374  	0.17765  	0.12995  	-0.6632  	-0.1256  	-0.2771  	-0.1500  	0.00143  	-0.0135  	-0.0598  	0.08617  	0.17865  	0.30021  	0.14006  	-0.3128  	-0.0985  	0.37274  	0.07534  	0.06754  	0.27756  	-0.0089  	-0.0343  	-0.0209  	0.15033  	0.07907  	-0.0124  	0.01855  	-0.0105  	-0.0010  	0.03326  	0.03540  	-0.0110  	0.01418  	-0.0208  	-0.0265  	-0.0080  	-0.0551  	-0.0628  	0.08581  	-0.0053  	0.10438  	-0.4137  	-0.0561  	0.02400  	0.00541  	0.62820  	0.50885  	265.059  	212.284  	
-0.5921  	-0.2531  	-0.0586  	-0.5245  	0.16062  	-0.6138  	-0.6540  	-0.3960  	0.15514  	-0.3330  	-0.2008  	0.89038  	-0.2818  	-0.5491  	-0.9093  	0.11481  	0.17744  	0.03777  	0.35018  	-0.1542  	-0.4471  	0.26417  	0.40825  	0.23758  	-0.0595  	0.20471  	0.13372  	-0.6776  	-0.1273  	-0.2721  	-0.1225  	-0.0081  	-0.0217  	-0.0526  	0.07845  	0.15903  	0.28520  	0.12530  	-0.3655  	-0.1368  	0.37678  	0.07831  	0.05856  	0.28279  	-0.0003  	-0.0442  	-0.0247  	0.12677  	0.06195  	-0.0002  	0.02157  	-0.0088  	-0.0138  	0.02473  	0.04086  	-0.0105  	0.01817  	-0.0185  	-0.0238  	-0.0140  	-0.0521  	-0.0506  	0.08575  	-0.0095  	0.10438  	-0.4137  	-0.0561  	0.02400  	0.00541  	0.62820  	0.50885  	265.059  	212.284  	
-0.5549  	-0.2310  	0.04332  	-0.5559  	0.14749  	-0.5769  	-0.6773  	-0.3272  	0.16678  	-0.3613  	-0.1950  	0.86961  	-0.2689  	-0.4826  	-0.8700  	0.11483  	0.18122  	0.01090  	0.35256  	-0.1677  	-0.3923  	0.24850  	0.50427  	0.26955  	-0.1445  	0.21365  	0.14233  	-0.7328  	-0.1341  	-0.2820  	-0.1115  	-0.0023  	-0.0149  	-0.0602  	0.06494  	0.09745  	0.30893  	0.15196  	-0.3751  	-0.1322  	0.41244  	0.07185  	0.07965  	0.28666  	-0.0129  	-0.0451  	-0.0151  	0.13559  	0.06582  	-0.0026  	0.00974  	-0.0088  	-0.0077  	0.02903  	0.02974  	-0.0129  	0.00815  	-0.0266  	-0.0267  	-0.0159  	-0.0451  	-0.0476  	0.07531  	-0.0148  	0.10438  	-0.4137  	-0.0561  	0.02400  	0.00541  	0.62820  	0.50885  	265.059  	212.284  	
-0.4219  	-0.1404  	0.08137  	-0.4260  	0.21989  	-0.4619  	-0.6745  	-0.2633  	0.20829  	-0.3871  	-0.3663  	0.96346  	-0.1694  	-0.3560  	-0.7681  	0.12412  	0.19990  	0.03032  	0.32571  	-0.1502  	-0.4266  	0.32408  	0.46398  	0.25114  	-0.1311  	0.21990  	0.10148  	-0.6640  	-0.1130  	-0.2871  	-0.1155  	-0.0497  	0.00802  	-0.0542  	0.03491  	0.06760  	0.24008  	0.12240  	-0.3067  	-0.1044  	0.40380  	0.06669  	0.08345  	0.28272  	-0.0297  	-0.0398  	-0.0166  	0.16244  	0.06411  	0.00474  	0.00557  	-0.0119  	-0.0138  	0.02292  	0.02900  	-0.0174  	0.01280  	-0.0306  	-0.0241  	-0.0168  	-0.0513  	-0.0504  	0.08476  	-0.0090  	0.10438  	-0.4137  	-0.0561  	0.02400  	0.00541  	0.62820  	0.50885  	265.059  	212.284  	
-0.0421  	-0.0589  	0.28208  	-0.1312  	0.27197  	-0.1854  	-0.6923  	-0.1245  	0.27051  	-0.4469  	-0.5693  	0.97017  	-0.0491  	-0.1118  	-0.4591  	0.16535  	0.21315  	-0.0081  	0.36168  	-0.2393  	-0.3168  	0.34507  	0.50160  	0.26957  	-0.1263  	0.19142  	0.10892  	-0.8250  	-0.1990  	-0.2944  	-0.0979  	-0.0081  	0.02624  	-0.0771  	0.09598  	-0.0218  	0.29047  	0.15021  	-0.3205  	-0.1219  	0.37294  	0.03429  	0.14191  	0.28537  	-0.0433  	-0.0347  	-0.0368  	0.17013  	0.08482  	0.01181  	0.01569  	-0.0193  	-0.0025  	0.02386  	0.02924  	0.00165  	-0.0044  	-0.0249  	-0.0246  	-0.0097  	-0.0501  	-0.0359  	0.07933  	-0.0092  	0.10438  	-0.4137  	-0.0561  	0.02400  	0.00541  	0.62820  	0.50885  	265.059  	212.284  	
-0.0448  	-0.0659  	0.23822  	-0.1460  	0.35948  	-0.2856  	-0.6495  	-0.1537  	0.24601  	-0.4276  	-0.4571  	0.90553  	-0.0763  	-0.0493  	-0.4977  	0.14801  	0.17974  	-0.0558  	0.36140  	-0.2022  	-0.2796  	0.29748  	0.39053  	0.30483  	-0.0256  	0.14273  	0.26087  	-0.8780  	-0.2563  	-0.2354  	-0.1377  	0.01034  	0.03480  	-0.0528  	0.23275  	-0.0090  	0.37917  	0.15894  	-0.3727  	-0.1235  	0.33043  	0.07324  	0.08985  	0.26782  	-0.0284  	-0.0382  	-0.0294  	0.15754  	0.09204  	0.00403  	0.00863  	-0.0203  	-0.0154  	0.02642  	0.03014  	4.68441  	0.00697  	-0.0268  	-0.0286  	-0.0091  	-0.0551  	-0.0453  	0.07175  	-0.0147  	0.10438  	-0.4137  	-0.0561  	0.02400  	0.00541  	0.62820  	0.50885  	265.059  	212.284  	
-0.5243  	-0.1973  	0.04003  	-0.5354  	0.17923  	-0.5168  	-0.7291  	-0.2675  	0.20037  	-0.3565  	-0.1709  	0.89761  	-0.2497  	-0.4603  	-0.7607  	0.09690  	0.19947  	-0.0440  	0.36145  	-0.1969  	-0.2195  	0.26304  	0.42871  	0.29282  	-0.1769  	0.18566  	0.25841  	-0.8373  	-0.2644  	-0.2792  	-0.1209  	0.01358  	0.01802  	-0.0606  	0.17024  	0.05632  	0.35868  	0.14539  	-0.4101  	-0.1118  	0.32107  	0.08265  	0.05402  	0.25866  	0.00332  	-0.0436  	-0.0146  	0.10770  	0.05960  	0.01287  	0.00494  	-0.0170  	-0.0170  	0.03784  	0.03418  	-0.0175  	0.00983  	-0.0249  	-0.0212  	-0.0062  	-0.0547  	-0.0502  	0.09244  	-0.0083  	0.10438  	-0.4137  	-0.0561  	0.02400  	0.00541  	0.62820  	0.50885  	265.059  	212.284  	
-0.3753  	-0.1899  	0.13180  	-0.4288  	0.15785  	-0.4032  	-0.7054  	-0.3273  	0.19899  	-0.4276  	-0.2534  	0.90590  	-0.2615  	-0.5028  	-0.8310  	0.13187  	0.19914  	0.00810  	0.35553  	-0.1807  	-0.3490  	0.26958  	0.49678  	0.27742  	-0.1194  	0.20732  	0.16743  	-0.7336  	-0.1583  	-0.2863  	-0.1386  	0.00785  	0.00788  	-0.0543  	0.07645  	0.09447  	0.33448  	0.15095  	-0.3717  	-0.1199  	0.40565  	0.07002  	0.07825  	0.28638  	-0.0160  	-0.0438  	-0.0109  	0.13663  	0.07122  	-0.0008  	0.00694  	-0.0119  	-0.0102  	0.02952  	0.03450  	-0.0189  	0.01162  	-0.0173  	-0.0237  	-0.0170  	-0.0567  	-0.0485  	0.08385  	-0.0107  	0.10438  	-0.4137  	-0.0561  	0.02400  	0.00541  	0.62820  	0.50885  	265.059  	212.284  	
-0.2853  	-0.1471  	0.18709  	-0.3264  	0.24810  	-0.3778  	-0.6803  	-0.2794  	0.21006  	-0.3366  	-0.3046  	0.96323  	-0.2166  	-0.4396  	-0.8472  	0.23518  	0.16196  	0.02690  	0.33751  	-0.1085  	-0.3951  	0.25594  	0.38276  	0.24412  	-0.1377  	0.18962  	0.11396  	-0.6709  	-0.1216  	-0.2946  	-0.1327  	-0.0042  	0.00445  	-0.0536  	0.08582  	0.11575  	0.30061  	0.14234  	-0.3494  	-0.0983  	0.39515  	0.05054  	0.08587  	0.28836  	-0.0204  	-0.0426  	-0.0168  	0.14967  	0.08050  	-0.0098  	0.01253  	-0.0155  	-0.0091  	0.02106  	0.03595  	-0.0144  	0.01721  	-0.0252  	-0.0248  	-0.0169  	-0.0555  	-0.0549  	0.08831  	-0.0071  	0.10438  	-0.4137  	-0.0561  	0.02400  	0.00541  	0.62820  	0.50885  	265.059  	212.284  	
-0.2672  	-0.1622  	0.21987  	-0.3222  	0.24721  	-0.4202  	-0.6878  	-0.2893  	0.22044  	-0.3173  	-0.2729  	0.96762  	-0.2121  	-0.4390  	-0.8215  	0.27052  	0.12702  	0.00903  	0.34586  	-0.0734  	-0.4202  	0.25817  	0.34267  	0.23086  	-0.1154  	0.19098  	0.07792  	-0.6615  	-0.1407  	-0.3019  	-0.1357  	0.00327  	0.01294  	-0.0544  	0.13646  	0.13094  	0.29580  	0.13994  	-0.3520  	-0.0930  	0.38666  	0.07378  	0.08942  	0.28150  	-0.0255  	-0.0383  	-0.0180  	0.15509  	0.07962  	-0.0055  	0.02501  	-0.0148  	-0.0062  	0.01768  	0.03814  	-0.0168  	0.01709  	-0.0202  	-0.0252  	-0.0138  	-0.0574  	-0.0584  	0.09117  	-0.0055  	0.10438  	-0.4137  	-0.0561  	0.02400  	0.00541  	0.62820  	0.50885  	265.059  	212.284  	
-0.2780  	-0.1665  	0.12739  	-0.2641  	0.25804  	-0.3989  	-0.6744  	-0.3225  	0.19304  	-0.4146  	-0.3329  	0.92361  	-0.2247  	-0.4360  	-0.7810  	0.20730  	0.16021  	0.00205  	0.34059  	-0.0979  	-0.3978  	0.25292  	0.35256  	0.23354  	-0.0888  	0.18836  	0.13373  	-0.6676  	-0.1516  	-0.2690  	-0.1429  	0.01083  	-0.0088  	-0.0461  	0.14801  	0.14722  	0.29862  	0.14575  	-0.3609  	-0.1130  	0.36746  	0.07761  	0.07756  	0.26933  	-0.0156  	-0.0387  	-0.0203  	0.14572  	0.07680  	-0.0030  	0.02043  	-0.0135  	-0.0069  	0.01923  	0.04069  	-0.0116  	0.01918  	-0.0188  	-0.0248  	-0.0180  	-0.0565  	-0.0590  	0.09296  	-0.0051  	0.10438  	-0.4137  	-0.0561  	0.02400  	0.00541  	0.62820  	0.50885  	265.059  	212.284  	
-0.2990  	-0.1594  	0.14382  	-0.2594  	0.23715  	-0.4379  	-0.6825  	-0.2675  	0.20838  	-0.4719  	-0.2966  	0.91877  	-0.2389  	-0.3657  	-0.5987  	0.15577  	0.18212  	-0.0284  	0.31155  	-0.1470  	-0.2930  	0.27265  	0.42813  	0.28112  	-0.1170  	0.20453  	0.17319  	-0.7994  	-0.2318  	-0.2818  	-0.1292  	0.03081  	0.01764  	-0.0579  	0.17123  	0.03620  	0.36037  	0.16698  	-0.3905  	-0.1554  	0.36997  	0.09147  	0.06306  	0.25945  	-0.0078  	-0.0353  	-0.0144  	0.13317  	0.06416  	0.00245  	0.00450  	-0.0163  	-0.0078  	0.02225  	0.02911  	-0.0110  	0.01438  	-0.0230  	-0.0274  	-0.0187  	-0.0538  	-0.0447  	0.08547  	-0.0092  	0.10438  	-0.4137  	-0.0561  	0.02400  	0.00541  	0.62820  	0.50885  	265.059  	212.284  	
-0.1599  	-0.0811  	0.22469  	-0.1738  	0.22108  	-0.3690  	-0.6935  	-0.1584  	0.31823  	-0.4455  	-0.2478  	1.00153  	-0.1101  	-0.1759  	-0.6441  	0.25656  	0.19683  	-0.0193  	0.33629  	-0.1330  	-0.2531  	0.26048  	0.38650  	0.27319  	-0.1766  	0.18711  	0.14025  	-0.7894  	-0.2790  	-0.3027  	-0.1093  	0.00995  	0.07796  	-0.0626  	0.20804  	-0.0267  	0.33646  	0.17257  	-0.3808  	-0.1599  	0.36567  	0.07050  	0.09112  	0.24871  	-0.0147  	-0.0344  	-0.0075  	0.14280  	0.07412  	0.01471  	0.00587  	-0.0144  	-0.0069  	0.02577  	0.03348  	-0.0091  	-0.0011  	-0.0298  	-0.0252  	-0.0087  	-0.0477  	-0.0418  	0.07670  	-0.0134  	0.10438  	-0.4137  	-0.0561  	0.02400  	0.00541  	0.62820  	0.50885  	265.059  	212.284  	
-0.4807  	-0.2023  	0.05852  	-0.4157  	0.18460  	-0.6381  	-0.7225  	-0.2770  	0.28130  	-0.2672  	-0.1635  	1.01416  	-0.1202  	-0.2944  	-0.9330  	0.21324  	0.15650  	0.02021  	0.31941  	-0.0813  	-0.4538  	0.21296  	0.36187  	0.23850  	-0.2742  	0.26735  	-0.0287  	-0.6272  	-0.2443  	-0.3513  	-0.0606  	-0.0347  	0.06726  	-0.0551  	0.06891  	0.04918  	0.23695  	0.13021  	-0.3197  	-0.1495  	0.42449  	0.06161  	0.08812  	0.24907  	-0.0297  	-0.0484  	-0.0165  	0.15335  	0.08831  	0.01923  	0.00679  	-0.0104  	-0.0113  	0.02287  	0.03866  	-0.0177  	0.00306  	-0.0212  	-0.0267  	-0.0140  	-0.0455  	-0.0401  	0.09744  	-0.0023  	0.10438  	-0.4137  	-0.0561  	0.02400  	0.00541  	0.62820  	0.50885  	265.059  	212.284  	
-0.6809  	-0.2772  	-0.0930  	-0.5963  	0.20669  	-0.7778  	-0.6399  	-0.3702  	0.20377  	-0.2891  	-0.0930  	0.89150  	-0.2079  	-0.4392  	-0.9738  	0.03671  	0.17600  	0.03144  	0.30034  	-0.0930  	-0.4386  	0.24308  	0.33845  	0.26461  	-0.1340  	0.23078  	-0.0022  	-0.6491  	-0.1330  	-0.3252  	-0.0967  	-0.0508  	0.03520  	-0.0503  	0.03818  	0.09174  	0.22527  	0.11432  	-0.3183  	-0.1414  	0.39965  	0.07914  	0.07229  	0.24305  	-0.0117  	-0.0483  	-0.0169  	0.15409  	0.07303  	0.00203  	0.00883  	-0.0102  	-0.0176  	0.02669  	0.03389  	-0.0186  	0.01500  	-0.0259  	-0.0299  	-0.0104  	-0.0486  	-0.0475  	0.08522  	-0.0082  	0.10438  	-0.4137  	-0.0561  	0.02400  	0.00541  	0.62820  	0.50885  	265.059  	212.284  	
-0.5126  	-0.2264  	0.10831  	-0.6115  	0.10749  	-0.6128  	-0.6633  	-0.2927  	0.20492  	-0.3089  	-0.2019  	0.87406  	-0.1989  	-0.3159  	-0.8329  	0.05461  	0.21965  	-0.0092  	0.34941  	-0.1621  	-0.3803  	0.28477  	0.46304  	0.31099  	-0.1271  	0.22861  	0.16152  	-0.7719  	-0.1708  	-0.3002  	-0.0898  	-0.0306  	0.01486  	-0.0646  	0.06500  	0.04385  	0.29426  	0.13874  	-0.3460  	-0.1213  	0.42921  	0.05811  	0.08414  	0.27652  	-0.0089  	-0.0436  	-0.0172  	0.15065  	0.07195  	-0.0061  	-0.0028  	-0.0138  	-0.0120  	0.02528  	0.02557  	-0.0221  	0.00788  	-0.0285  	-0.0268  	-0.0078  	-0.0441  	-0.0443  	0.07965  	-0.0116  	0.10438  	-0.4137  	-0.0561  	0.02400  	0.00541  	0.62820  	0.50885  	265.059  	212.284  	
-0.2370  	-0.1538  	0.23990  	-0.2499  	0.28095  	-0.4117  	-0.6791  	-0.2273  	0.18412  	-0.4090  	-0.3384  	0.95847  	-0.1645  	-0.4877  	-0.6939  	0.16789  	0.26716  	-0.1155  	0.41862  	-0.3627  	-0.3683  	0.03116  	0.14427  	0.25977  	-0.1923  	0.28590  	0.11102  	-0.7382  	-0.0468  	-0.3223  	-0.0231  	-0.0534  	-0.0787  	-0.2218  	0.01911  	0.07291  	0.20087  	0.13753  	-0.4679  	-0.1793  	0.45713  	0.19197  	-0.0300  	0.36037  	-0.0751  	-0.0219  	-0.0420  	0.17423  	0.06775  	-0.0209  	0.02210  	-0.0115  	-0.0083  	0.03861  	0.03893  	-0.0166  	0.01363  	-0.0347  	-0.0231  	-0.0073  	-0.0482  	-0.0589  	0.07042  	-0.0077  	0.10438  	-0.4137  	-0.0561  	0.02400  	0.00541  	0.62820  	0.50885  	265.059  	212.284  	
-0.1838  	-0.1374  	0.30247  	-0.1326  	0.37204  	-0.4461  	-0.6825  	-0.1801  	0.15546  	-0.3618  	-0.2390  	0.98636  	-0.1237  	-0.4889  	-0.6641  	0.19666  	0.27789  	-0.2871  	0.46548  	-0.5362  	-0.3072  	-0.1414  	-0.1752  	0.29375  	-0.1699  	0.34275  	0.16395  	-0.8191  	0.01293  	-0.3060  	0.03698  	-0.0647  	-0.1773  	-0.3528  	0.05308  	0.11881  	0.15052  	0.14009  	-0.5699  	-0.2528  	0.48132  	0.30821  	-0.1457  	0.40887  	-0.1240  	-0.0091  	-0.0644  	0.18947  	0.06038  	-0.0261  	0.03586  	-0.0101  	-0.0027  	0.05502  	0.04984  	-0.0168  	0.01821  	-0.0451  	-0.0263  	0.00172  	-0.0503  	-0.0705  	0.05983  	-0.0094  	0.10438  	-0.4137  	-0.0561  	0.02400  	0.00541  	0.62820  	0.50885  	265.059  	212.284  	
-0.1602  	-0.1828  	0.30286  	-0.1554  	0.38797  	-0.4015  	-0.7064  	-0.2248  	0.15940  	-0.3411  	-0.2447  	1.01834  	-0.0974  	-0.5911  	-0.7198  	0.26919  	0.29358  	-0.2833  	0.49344  	-0.6155  	-0.3370  	-0.2010  	-0.2794  	0.27361  	-0.1412  	0.34879  	0.16511  	-0.8050  	0.06463  	-0.2841  	0.06334  	-0.0774  	-0.2204  	-0.3677  	0.04042  	0.13488  	0.09570  	0.15320  	-0.5869  	-0.2428  	0.51400  	0.33862  	-0.1591  	0.43275  	-0.1455  	0.00062  	-0.0760  	0.19377  	0.05421  	-0.0339  	0.04480  	-0.0056  	-0.0073  	0.05696  	0.05337  	-0.0073  	0.01333  	-0.0512  	-0.0222  	0.01078  	-0.0459  	-0.0729  	0.06303  	-0.0080  	0.10438  	-0.4137  	-0.0561  	0.02400  	0.00541  	0.62820  	0.50885  	265.059  	212.284  	
-0.1636  	-0.1563  	0.30473  	-0.2373  	0.34982  	-0.3924  	-0.6889  	-0.2652  	0.15523  	-0.3663  	-0.2900  	0.96620  	-0.1253  	-0.5988  	-0.7900  	0.26262  	0.28667  	-0.2548  	0.46698  	-0.5596  	-0.3640  	-0.1688  	-0.2003  	0.25377  	-0.1554  	0.34643  	0.16532  	-0.7926  	0.05057  	-0.2936  	0.05337  	-0.0721  	-0.1918  	-0.3291  	0.02819  	0.14749  	0.10477  	0.13779  	-0.5509  	-0.2089  	0.50703  	0.32717  	-0.1344  	0.42582  	-0.1252  	-0.0026  	-0.0708  	0.18854  	0.05666  	-0.0212  	0.04056  	-0.0068  	-0.0060  	0.05622  	0.05116  	-0.0095  	0.01357  	-0.0461  	-0.0261  	0.00324  	-0.0488  	-0.0685  	0.06171  	-0.0054  	0.10438  	-0.4137  	-0.0561  	0.02400  	0.00541  	0.62820  	0.50885  	265.059  	212.284  	
-0.3465  	-0.1936  	0.14105  	-0.2095  	0.28432  	-0.4327  	-0.7073  	-0.2906  	0.13482  	-0.4165  	-0.3050  	0.95130  	-0.2200  	-0.5909  	-0.8135  	0.22815  	0.28397  	-0.1598  	0.42183  	-0.3903  	-0.3923  	0.04223  	0.02046  	0.33709  	-0.0106  	0.25841  	0.25856  	-0.7366  	-0.0988  	-0.2489  	-0.0609  	0.00975  	-0.1229  	-0.2410  	0.08393  	0.19334  	0.20789  	0.13476  	-0.4744  	-0.1689  	0.39296  	0.20637  	-0.0588  	0.35256  	-0.0816  	-0.0156  	-0.0536  	0.16476  	0.06609  	-0.0092  	0.03390  	-0.0051  	-0.0078  	0.03934  	0.03976  	-0.0176  	0.01642  	-0.0292  	-0.0247  	-0.0018  	-0.0578  	-0.0694  	0.07570  	-0.0092  	0.10438  	-0.4137  	-0.0561  	0.02400  	0.00541  	0.62820  	0.50885  	265.059  	212.284  	
-0.2160  	-0.1743  	0.07926  	0.11060  	0.51581  	-0.3393  	-0.6556  	-0.2372  	0.20059  	-0.5146  	-0.4946  	1.02841  	-0.1741  	-0.2007  	-0.4181  	0.20292  	0.17082  	-0.0401  	0.32546  	-0.1150  	-0.3733  	0.27289  	0.30049  	0.35071  	-0.0364  	0.18141  	0.24842  	-0.6587  	-0.1366  	-0.1834  	-0.1718  	0.00885  	-0.0047  	-0.0486  	0.23414  	0.06489  	0.26556  	0.13188  	-0.3743  	-0.1027  	0.26636  	0.10735  	0.02894  	0.26218  	0.00131  	-0.0372  	-0.0262  	0.13164  	0.08420  	-0.0202  	0.02408  	-0.0129  	-0.0131  	0.02269  	0.02851  	-0.0049  	0.01967  	-0.0272  	-0.0217  	-0.0079  	-0.0548  	-0.0527  	0.07780  	-0.0127  	0.10438  	-0.4137  	-0.0561  	0.02400  	0.00541  	0.62820  	0.50885  	265.059  	212.284  	
-0.0400  	-0.1000  	0.14880  	0.14715  	0.52892  	-0.2539  	-0.6862  	-0.2227  	0.22823  	-0.5190  	-0.6343  	1.01096  	-0.0577  	-0.0333  	-0.2392  	0.11654  	0.19016  	-0.1233  	0.31806  	-0.2085  	-0.3427  	0.34350  	0.33363  	0.38049  	-0.0312  	0.15270  	0.33954  	-0.7709  	-0.2281  	-0.2079  	-0.1655  	0.02270  	0.01107  	-0.0394  	0.29715  	0.03109  	0.30191  	0.12111  	-0.3721  	-0.0862  	0.25048  	0.09481  	0.05525  	0.26642  	-0.0187  	-0.0429  	-0.0179  	0.15329  	0.09749  	-0.0082  	0.01082  	-0.0126  	-0.0153  	0.02671  	0.02547  	-0.0057  	0.00781  	-0.0260  	-0.0171  	-0.0110  	-0.0651  	-0.0428  	0.07677  	-0.0171  	0.10438  	-0.4137  	-0.0561  	0.02400  	0.00541  	0.62820  	0.50885  	265.059  	212.284  	
0.16066  	0.02339  	0.30779  	0.26102  	0.55480  	-0.0526  	-0.5990  	-0.1482  	0.24783  	-0.5035  	-0.9117  	0.81909  	0.08552  	0.16212  	-0.0703  	0.02948  	0.17638  	-0.1016  	0.29672  	-0.3260  	-0.4110  	0.43317  	0.36063  	0.28845  	0.05590  	0.14700  	0.34028  	-0.8570  	-0.0404  	-0.1365  	-0.1616  	-0.0193  	0.02207  	-0.0490  	0.20802  	-0.0013  	0.23644  	0.10283  	-0.3035  	-0.0545  	0.28069  	0.08982  	0.08876  	0.28036  	-0.0339  	-0.0397  	-0.0313  	0.18886  	0.10837  	-0.0063  	0.01797  	-0.0167  	-0.0129  	0.02281  	0.03343  	0.00887  	0.00499  	-0.0330  	-0.0289  	-0.0056  	-0.0526  	-0.0406  	0.06795  	-0.0198  	0.10438  	-0.4137  	-0.0561  	0.02400  	0.00541  	0.62820  	0.50885  	265.059  	212.284  	
0.05396  	-0.0460  	0.20221  	0.17633  	0.50872  	-0.3450  	-0.5940  	-0.1748  	0.23082  	-0.4096  	-0.6830  	0.77986  	0.02812  	0.21162  	-0.1775  	-0.0102  	0.17662  	-0.1199  	0.33405  	-0.2533  	-0.3933  	0.43070  	0.27324  	0.35470  	0.11020  	0.12383  	0.40582  	-0.9247  	-0.1404  	-0.1666  	-0.1371  	0.01546  	0.02088  	-0.0361  	0.28740  	0.02674  	0.30134  	0.10976  	-0.3587  	-0.0526  	0.22987  	0.09471  	0.04769  	0.26895  	-0.0101  	-0.0458  	-0.0206  	0.16611  	0.09724  	-0.0085  	0.01923  	-0.0142  	-0.0174  	0.01758  	0.03131  	0.00289  	-0.0035  	-0.0328  	-0.0258  	0.00081  	-0.0477  	-0.0401  	0.06356  	-0.0144  	0.10438  	-0.4137  	-0.0561  	0.02400  	0.00541  	0.62820  	0.50885  	265.059  	212.284  	
-0.3765  	-0.1976  	-0.0406  	-0.0903  	0.44827  	-0.5741  	-0.6404  	-0.2775  	0.20346  	-0.3977  	-0.3344  	1.05600  	-0.1394  	-0.1437  	-0.4403  	0.07553  	0.16139  	-0.0312  	0.32144  	-0.1346  	-0.2836  	0.27658  	0.29557  	0.40275  	-0.1501  	0.16421  	0.21569  	-0.7868  	-0.2498  	-0.2775  	-0.1198  	0.01916  	0.02575  	-0.0505  	0.26535  	-0.0052  	0.32999  	0.12790  	-0.4319  	-0.1065  	0.28398  	0.09353  	0.01565  	0.25341  	-0.0064  	-0.0411  	-0.0194  	0.12130  	0.08671  	0.00238  	0.01703  	-0.0165  	-0.0204  	0.02686  	0.03362  	-0.0088  	0.01680  	-0.0266  	-0.0244  	-0.0035  	-0.0583  	-0.0513  	0.07604  	-0.0193  	0.10438  	-0.4137  	-0.0561  	0.02400  	0.00541  	0.62820  	0.50885  	265.059  	212.284  	
-0.3152  	-0.2531  	0.11600  	-0.2802  	0.27063  	-0.3883  	-0.6609  	-0.3429  	0.18166  	-0.4249  	-0.2797  	0.90185  	-0.2413  	-0.4734  	-0.8145  	0.21763  	0.18358  	0.02791  	0.34566  	-0.1929  	-0.4383  	0.26493  	0.38537  	0.29943  	-0.0719  	0.18977  	0.19995  	-0.7051  	-0.1836  	-0.2514  	-0.1571  	0.02805  	-0.0175  	-0.0532  	0.12034  	0.12816  	0.31499  	0.14969  	-0.3556  	-0.1070  	0.36822  	0.06626  	0.05156  	0.25602  	-0.0201  	-0.0401  	-0.0202  	0.13781  	0.06780  	0.00595  	0.01580  	-0.0077  	-0.0091  	0.02675  	0.03715  	-0.0077  	0.01207  	-0.0218  	-0.0208  	-0.0113  	-0.0600  	-0.0545  	0.08488  	-0.0130  	0.10438  	-0.4137  	-0.0561  	0.02400  	0.00541  	0.62820  	0.50885  	265.059  	212.284  	
-0.1769  	-0.1862  	0.20946  	-0.1500  	0.37065  	-0.3885  	-0.6589  	-0.3348  	0.18463  	-0.3271  	-0.3607  	0.97702  	-0.2022  	-0.4907  	-0.8379  	0.33576  	0.15315  	0.04068  	0.35021  	-0.0905  	-0.4996  	0.24884  	0.27809  	0.29279  	-0.0214  	0.17176  	0.17137  	-0.6338  	-0.1297  	-0.2413  	-0.1568  	0.01735  	-0.0203  	-0.0618  	0.12011  	0.17590  	0.25605  	0.13660  	-0.3394  	-0.0730  	0.35542  	0.08552  	0.07240  	0.28041  	-0.0089  	-0.0391  	-0.0191  	0.15909  	0.08707  	-0.0050  	0.01759  	-0.0132  	-0.0040  	0.02087  	0.03952  	-0.0152  	0.01933  	-0.0242  	-0.0248  	-0.0096  	-0.0567  	-0.0630  	0.09227  	-0.0114  	0.10438  	-0.4137  	-0.0561  	0.02400  	0.00541  	0.62820  	0.50885  	265.059  	212.284  	
0.03577  	-0.1836  	0.25132  	0.03206  	0.36394  	-0.2296  	-0.6877  	-0.2882  	0.20059  	-0.4254  	-0.3194  	1.00432  	-0.1816  	-0.3886  	-0.6179  	0.32326  	0.17418  	-0.0528  	0.34201  	-0.0820  	-0.2449  	0.29877  	0.20392  	0.37335  	-0.1143  	0.16120  	0.23052  	-0.7777  	-0.3264  	-0.2858  	-0.1912  	0.07257  	0.00527  	-0.0692  	0.28852  	0.09722  	0.36029  	0.16704  	-0.4093  	-0.1074  	0.30045  	0.09043  	0.04664  	0.26818  	-0.0149  	-0.0409  	-0.0173  	0.14145  	0.09149  	-0.0059  	0.02991  	-0.0165  	-0.0098  	0.02203  	0.02412  	-0.0120  	0.01780  	-0.0285  	-0.0272  	-0.0043  	-0.0565  	-0.0599  	0.07784  	-0.0151  	0.10438  	-0.4137  	-0.0561  	0.02400  	0.00541  	0.62820  	0.50885  	265.059  	212.284  	
0.22244  	-0.0303  	0.38003  	0.12154  	0.45627  	-0.1658  	-0.5959  	-0.1519  	0.26564  	-0.4534  	-0.5683  	0.94689  	-0.0300  	-0.0758  	-0.2373  	0.13149  	0.15794  	-0.0929  	0.33212  	-0.1837  	-0.2699  	0.31881  	0.31168  	0.33833  	-0.0345  	0.15470  	0.32718  	-0.8764  	-0.1802  	-0.2420  	-0.1855  	0.03115  	0.02549  	-0.0654  	0.28390  	0.04457  	0.34355  	0.12980  	-0.3421  	-0.0593  	0.27040  	0.09673  	0.05516  	0.27843  	-0.0101  	-0.0472  	-0.0457  	0.18948  	0.09740  	0.01075  	0.03891  	-0.0171  	-0.0066  	0.01762  	0.03647  	0.00806  	0.01586  	-0.0300  	-0.0330  	-0.0051  	-0.0557  	-0.0574  	0.08135  	-0.0080  	0.10438  	-0.4137  	-0.0561  	0.02400  	0.00541  	0.62820  	0.50885  	265.059  	212.284  	
0.19943  	-0.0200  	0.38843  	0.13390  	0.46577  	-0.1164  	-0.5647  	-0.1321  	0.25229  	-0.4424  	-0.7025  	0.81444  	0.04655  	0.08601  	-0.1918  	0.13419  	0.14854  	-0.1063  	0.31173  	-0.2615  	-0.3263  	0.45127  	0.31146  	0.26880  	0.03686  	0.14445  	0.33141  	-0.9148  	-0.1076  	-0.1599  	-0.1454  	-0.0056  	0.01677  	-0.0300  	0.20891  	0.04169  	0.27801  	0.13525  	-0.3066  	-0.0765  	0.29270  	0.10667  	0.07306  	0.28947  	-0.0302  	-0.0415  	-0.0456  	0.19876  	0.10895  	-0.0128  	0.01873  	-0.0133  	-0.0063  	0.01932  	0.04375  	-0.0006  	0.00644  	-0.0289  	-0.0341  	-0.0134  	-0.0524  	-0.0486  	0.08107  	-0.0122  	0.10438  	-0.4137  	-0.0561  	0.02400  	0.00541  	0.62820  	0.50885  	265.059  	212.284  	
-0.0235  	-0.0526  	0.09281  	0.48183  	0.71296  	-0.2472  	-0.6165  	-0.1832  	0.23829  	-0.4589  	-0.6388  	0.92836  	0.00233  	0.22830  	-0.0633  	0.00508  	0.19756  	-0.1501  	0.25851  	-0.1693  	-0.3511  	0.39703  	0.22718  	0.47145  	0.17220  	0.12110  	0.41932  	-0.7569  	-0.1230  	-0.1329  	-0.2069  	0.01718  	-0.0211  	-0.0687  	0.33883  	0.02496  	0.27681  	0.06792  	-0.3473  	-0.0342  	0.17832  	0.13397  	0.00822  	0.23589  	-0.0177  	-0.0402  	-0.0280  	0.17141  	0.09415  	0.00568  	0.02408  	-0.0208  	-0.0235  	0.01545  	0.03150  	0.00535  	0.03299  	-0.0315  	-0.0239  	-0.0035  	-0.0546  	-0.0596  	0.06906  	-0.0185  	0.10438  	-0.4137  	-0.0561  	0.02400  	0.00541  	0.62820  	0.50885  	265.059  	212.284  	
-0.0518  	-0.0775  	0.00011  	0.64419  	0.82744  	-0.3273  	-0.6070  	-0.1851  	0.23334  	-0.5128  	-0.6901  	1.08993  	0.01579  	0.18513  	-0.1007  	0.11732  	0.14448  	-0.0811  	0.24959  	-0.0951  	-0.5013  	0.36928  	0.14478  	0.33719  	0.11561  	0.13500  	0.29536  	-0.5927  	-0.0217  	-0.0977  	-0.2312  	0.00609  	0.02412  	-0.0108  	0.31574  	0.04848  	0.17079  	0.07865  	-0.2955  	-0.0425  	0.16681  	0.12223  	0.01681  	0.22553  	0.01074  	-0.0354  	-0.0264  	0.15607  	0.08334  	-0.0062  	0.02051  	-0.0135  	-0.0152  	0.02324  	0.02859  	-0.0007  	0.01508  	-0.0309  	-0.0178  	-0.0131  	-0.0583  	-0.0498  	0.07995  	-0.0196  	0.10438  	-0.4137  	-0.0561  	0.02400  	0.00541  	0.62820  	0.50885  	265.059  	212.284  	
-0.0771  	-0.0946  	0.00403  	0.52591  	0.77782  	-0.3196  	-0.6056  	-0.1919  	0.23486  	-0.5054  	-0.6853  	1.12244  	0.04965  	0.17381  	-0.1630  	0.14659  	0.10785  	-0.0328  	0.24679  	-0.0388  	-0.4746  	0.34503  	0.11786  	0.29931  	0.09393  	0.13870  	0.21468  	-0.5356  	0.04030  	-0.0982  	-0.2329  	-0.0189  	0.04178  	-0.0013  	0.26856  	0.02366  	0.14963  	0.07714  	-0.2964  	-0.0553  	0.20022  	0.11322  	0.03286  	0.23753  	0.00414  	-0.0352  	-0.0206  	0.15842  	0.09418  	-0.0110  	0.02050  	-0.0204  	-0.0167  	0.02595  	0.02780  	0.00527  	0.00492  	-0.0361  	-0.0224  	-0.0146  	-0.0552  	-0.0539  	0.07459  	-0.0222  	0.10438  	-0.4137  	-0.0561  	0.02400  	0.00541  	0.62820  	0.50885  	265.059  	212.284  	
-0.1884  	-0.1241  	-0.0305  	0.21224  	0.65028  	-0.4206  	-0.6025  	-0.2351  	0.25123  	-0.4226  	-0.5628  	1.17257  	-0.0042  	-0.0355  	-0.4083  	0.16760  	0.08714  	0.04258  	0.27460  	-0.0596  	-0.4831  	0.28847  	0.16905  	0.27890  	-0.0174  	0.17896  	0.15423  	-0.5248  	-0.0309  	-0.1648  	-0.2035  	-0.0278  	0.04504  	-0.0042  	0.22385  	0.04252  	0.15866  	0.08974  	-0.2908  	-0.0642  	0.24896  	0.11157  	0.03463  	0.26624  	-0.0107  	-0.0445  	-0.0273  	0.15602  	0.09662  	-0.0106  	0.01162  	-0.0223  	-0.0183  	0.03730  	0.02640  	-0.0035  	0.01164  	-0.0299  	-0.0237  	-0.0216  	-0.0566  	-0.0558  	0.07010  	-0.0145  	0.10438  	-0.4137  	-0.0561  	0.02400  	0.00541  	0.62820  	0.50885  	265.059  	212.284  	
-0.3541  	-0.1471  	-0.0340  	-0.0572  	0.50897  	-0.4783  	-0.6096  	-0.2178  	0.21132  	-0.3694  	-0.4320  	1.10289  	-0.1294  	-0.2211  	-0.4788  	0.11872  	0.10557  	0.07643  	0.31105  	-0.0226  	-0.4228  	0.26945  	0.29457  	0.29034  	-0.0660  	0.16896  	0.12192  	-0.5564  	-0.0768  	-0.2686  	-0.1874  	-0.0276  	0.02915  	-0.0288  	0.18052  	0.05123  	0.18147  	0.11666  	-0.3146  	-0.0740  	0.29132  	0.08923  	0.03433  	0.25972  	-0.0216  	-0.0346  	-0.0195  	0.14877  	0.08283  	-0.0135  	0.02136  	-0.0213  	-0.0125  	0.02404  	0.02787  	-0.0068  	0.01183  	-0.0259  	-0.0258  	-0.0168  	-0.0526  	-0.0537  	0.07013  	-0.0210  	0.10438  	-0.4137  	-0.0561  	0.02400  	0.00541  	0.62820  	0.50885  	265.059  	212.284  	
-0.3732  	-0.2079  	0.04881  	-0.1809  	0.34777  	-0.4078  	-0.6425  	-0.2530  	0.19356  	-0.4259  	-0.4062  	0.95224  	-0.1504  	-0.2886  	-0.5905  	0.06638  	0.17589  	0.04324  	0.28490  	-0.1027  	-0.4444  	0.30480  	0.40797  	0.25985  	-0.0853  	0.19365  	0.09896  	-0.5996  	-0.0288  	-0.2599  	-0.1431  	-0.0216  	0.02465  	-0.0355  	0.08860  	0.04693  	0.20874  	0.12724  	-0.3244  	-0.1024  	0.35466  	0.06574  	0.07256  	0.26078  	-0.0131  	-0.0415  	-0.0119  	0.14649  	0.07463  	-0.0057  	0.01508  	-0.0121  	-0.0149  	0.01636  	0.03418  	-0.0147  	0.01166  	-0.0230  	-0.0209  	-0.0175  	-0.0500  	-0.0574  	0.08615  	-0.0104  	0.10438  	-0.4137  	-0.0561  	0.02400  	0.00541  	0.62820  	0.50885  	265.059  	212.284  	
-0.3587  	-0.2021  	0.11147  	-0.1883  	0.31674  	-0.4080  	-0.6559  	-0.2808  	0.22267  	-0.4161  	-0.4754  	0.97305  	-0.1348  	-0.3212  	-0.5801  	0.09140  	0.19136  	0.04624  	0.29363  	-0.1157  	-0.4787  	0.30066  	0.41588  	0.19875  	-0.1319  	0.21619  	0.04088  	-0.5689  	-0.0070  	-0.2665  	-0.1204  	-0.0368  	0.03167  	-0.0189  	0.02639  	0.05567  	0.16888  	0.12507  	-0.3092  	-0.0952  	0.39862  	0.05377  	0.09609  	0.28156  	-0.0219  	-0.0450  	-0.0130  	0.15267  	0.07432  	-0.0017  	0.00600  	-0.0100  	-0.0116  	0.02309  	0.03718  	-0.0196  	0.00895  	-0.0229  	-0.0272  	-0.0207  	-0.0498  	-0.0530  	0.08631  	-0.0076  	0.10438  	-0.4137  	-0.0561  	0.02400  	0.00541  	0.62820  	0.50885  	265.059  	212.284  	
-0.2362  	-0.1011  	0.19025  	-0.1295  	0.29482  	-0.3266  	-0.6849  	-0.1939  	0.25895  	-0.4743  	-0.4544  	0.98950  	-0.1284  	-0.2639  	-0.5223  	0.14669  	0.19211  	-0.0090  	0.30572  	-0.1387  	-0.3273  	0.28582  	0.44672  	0.22647  	-0.1883  	0.21371  	0.07173  	-0.6992  	-0.1303  	-0.2942  	-0.1230  	-0.0109  	0.04573  	-0.0321  	0.09453  	-0.0082  	0.26567  	0.14918  	-0.3301  	-0.1139  	0.40514  	0.05803  	0.10444  	0.27033  	-0.0259  	-0.0429  	-0.0135  	0.15392  	0.07704  	0.00846  	0.00499  	-0.0121  	-0.0103  	0.02222  	0.03390  	-0.0112  	0.00690  	-0.0253  	-0.0298  	-0.0173  	-0.0457  	-0.0467  	0.07538  	-0.0072  	0.10438  	-0.4137  	-0.0561  	0.02400  	0.00541  	0.62820  	0.50885  	265.059  	212.284  	
-0.0782  	-0.0556  	0.24951  	-0.0483  	0.33697  	-0.2770  	-0.6635  	-0.1758  	0.25285  	-0.4981  	-0.4175  	1.00218  	-0.1360  	-0.1813  	-0.3969  	0.16047  	0.19691  	-0.0480  	0.30572  	-0.1883  	-0.2340  	0.28684  	0.44099  	0.28960  	-0.1564  	0.18259  	0.17765  	-0.8169  	-0.2280  	-0.2828  	-0.1319  	0.00685  	0.03405  	-0.0420  	0.19264  	-0.0359  	0.37168  	0.17499  	-0.3663  	-0.1281  	0.35683  	0.06005  	0.08042  	0.26885  	-0.0314  	-0.0338  	-0.0152  	0.15609  	0.07204  	0.00112  	0.00493  	-0.0106  	-0.0091  	0.02733  	0.03580  	-0.0080  	0.00112  	-0.0267  	-0.0273  	-0.0177  	-0.0514  	-0.0404  	0.08096  	-0.0124  	0.10438  	-0.4137  	-0.0561  	0.02400  	0.00541  	0.62820  	0.50885  	265.059  	212.284  	
0.03712  	-0.0182  	0.33430  	-0.0986  	0.27379  	-0.2521  	-0.6684  	-0.1149  	0.28806  	-0.5307  	-0.3005  	0.94280  	-0.1421  	-0.1300  	-0.4309  	0.22412  	0.17915  	-0.0796  	0.31727  	-0.2404  	-0.0850  	0.28971  	0.44229  	0.32614  	-0.1683  	0.15958  	0.25828  	-0.9664  	-0.3715  	-0.3044  	-0.1460  	0.03663  	0.04293  	-0.0571  	0.28649  	-0.0553  	0.47961  	0.21766  	-0.4299  	-0.1666  	0.32980  	0.06781  	0.06983  	0.26055  	-0.0271  	-0.0381  	-0.0164  	0.14726  	0.07464  	0.00575  	0.00328  	-0.0100  	-0.0076  	0.03050  	0.03264  	0.00329  	0.00136  	-0.0243  	-0.0272  	-0.0132  	-0.0473  	-0.0417  	0.07763  	-0.0158  	0.10438  	-0.4137  	-0.0561  	0.02400  	0.00541  	0.62820  	0.50885  	265.059  	212.284  	
0.10029  	0.00313  	0.38660  	-0.0789  	0.24431  	-0.1939  	-0.6685  	-0.0699  	0.33059  	-0.5569  	-0.2508  	0.98571  	-0.1455  	-0.0932  	-0.4057  	0.26417  	0.19056  	-0.1094  	0.32297  	-0.2547  	-0.0248  	0.29744  	0.48977  	0.35381  	-0.1937  	0.16218  	0.28380  	-1.0064  	-0.4410  	-0.3146  	-0.1453  	0.04357  	0.05432  	-0.0649  	0.30544  	-0.0961  	0.52856  	0.23085  	-0.4525  	-0.1981  	0.31734  	0.06605  	0.07254  	0.26432  	-0.0236  	-0.0370  	-0.0204  	0.14561  	0.07811  	0.01007  	-0.0017  	-0.0116  	-0.0080  	0.03225  	0.03218  	0.00419  	0.00082  	-0.0246  	-0.0306  	-0.0110  	-0.0473  	-0.0387  	0.07450  	-0.0129  	0.10438  	-0.4137  	-0.0561  	0.02400  	0.00541  	0.62820  	0.50885  	265.059  	212.284  	
0.13495  	0.00151  	0.40913  	-0.0960  	0.21941  	-0.1617  	-0.6529  	-0.0395  	0.34155  	-0.5716  	-0.2249  	0.98997  	-0.1412  	-0.0720  	-0.3942  	0.29470  	0.21406  	-0.1319  	0.33364  	-0.2850  	-0.0050  	0.30542  	0.52813  	0.40834  	-0.1841  	0.16030  	0.33282  	-1.0579  	-0.4871  	-0.3059  	-0.1446  	0.05791  	0.05270  	-0.0636  	0.31990  	-0.1069  	0.56351  	0.24661  	-0.4547  	-0.2103  	0.29274  	0.07092  	0.07562  	0.26433  	-0.0272  	-0.0377  	-0.0235  	0.15322  	0.08266  	0.00459  	-0.0049  	-0.0076  	-0.0067  	0.03564  	0.03173  	0.00475  	-0.0017  	-0.0240  	-0.0330  	-0.0077  	-0.0461  	-0.0420  	0.08136  	-0.0106  	0.10438  	-0.4137  	-0.0561  	0.02400  	0.00541  	0.62820  	0.50885  	265.059  	212.284  	
0.13584  	-0.0001  	0.41089  	-0.0938  	0.22478  	-0.1582  	-0.6539  	-0.0373  	0.34285  	-0.5648  	-0.2274  	0.99473  	-0.1367  	-0.0672  	-0.4008  	0.29932  	0.21270  	-0.1328  	0.33194  	-0.2865  	-0.0106  	0.30491  	0.52831  	0.40722  	-0.1877  	0.16059  	0.33006  	-1.0547  	-0.4856  	-0.3038  	-0.1448  	0.05764  	0.05348  	-0.0635  	0.31749  	-0.1052  	0.56117  	0.24571  	-0.4525  	-0.2098  	0.29313  	0.07172  	0.07558  	0.26439  	-0.0281  	-0.0373  	-0.0242  	0.15352  	0.08324  	0.00379  	-0.0041  	-0.0075  	-0.0065  	0.03583  	0.03207  	0.00445  	-0.0025  	-0.0242  	-0.0322  	-0.0072  	-0.0461  	-0.0420  	0.08157  	-0.0106  	0.10438  	-0.4137  	-0.0561  	0.02400  	0.00541  	0.62820  	0.50885  	265.059  	212.284  	
0.01169  	-0.0477  	0.31923  	-0.1162  	0.31080  	-0.2670  	-0.6388  	-0.1701  	0.27738  	-0.4815  	-0.2788  	0.98022  	-0.1360  	-0.2144  	-0.5770  	0.28641  	0.16281  	-0.0275  	0.31986  	-0.1601  	-0.1914  	0.26140  	0.38354  	0.31074  	-0.1370  	0.16862  	0.19042  	-0.8010  	-0.3029  	-0.3067  	-0.1557  	0.02151  	0.04788  	-0.0556  	0.25702  	0.01628  	0.41201  	0.18090  	-0.3909  	-0.1482  	0.31713  	0.09714  	0.06223  	0.25486  	-0.0213  	-0.0385  	-0.0194  	0.15227  	0.07519  	0.00409  	0.01715  	-0.0105  	-0.0070  	0.02627  	0.03403  	0.00222  	0.01100  	-0.0222  	-0.0269  	-0.0096  	-0.0487  	-0.0542  	0.08210  	-0.0082  	0.10438  	-0.4137  	-0.0561  	0.02400  	0.00541  	0.62820  	0.50885  	265.059  	212.284  	
-0.0953  	-0.1335  	0.20515  	-0.0815  	0.37174  	-0.3305  	-0.6299  	-0.2696  	0.23588  	-0.3793  	-0.2934  	0.97727  	-0.1776  	-0.3442  	-0.6776  	0.30778  	0.15295  	0.02489  	0.31232  	-0.0935  	-0.3845  	0.27457  	0.29805  	0.29687  	-0.1011  	0.16704  	0.14614  	-0.6831  	-0.1983  	-0.2859  	-0.1724  	0.02592  	0.02757  	-0.0581  	0.20027  	0.10193  	0.31544  	0.15150  	-0.3763  	-0.1278  	0.34083  	0.08594  	0.06713  	0.27393  	-0.0149  	-0.0403  	-0.0168  	0.15596  	0.08805  	-0.0029  	0.02506  	-0.0131  	-0.0082  	0.02431  	0.03870  	-0.0076  	0.01567  	-0.0239  	-0.0255  	-0.0100  	-0.0527  	-0.0597  	0.08429  	-0.0051  	0.10438  	-0.4137  	-0.0561  	0.02400  	0.00541  	0.62820  	0.50885  	265.059  	212.284  	
-0.1712  	-0.1721  	0.23776  	-0.1849  	0.31661  	-0.4108  	-0.6301  	-0.3235  	0.18391  	-0.3150  	-0.2980  	0.92264  	-0.2215  	-0.4859  	-0.8989  	0.35636  	0.13683  	0.06875  	0.33706  	-0.0995  	-0.5020  	0.27191  	0.24262  	0.27438  	0.00104  	0.15445  	0.18259  	-0.6315  	-0.1090  	-0.2398  	-0.1790  	0.03977  	-0.0152  	-0.0578  	0.13872  	0.18926  	0.26303  	0.14476  	-0.3534  	-0.0958  	0.36773  	0.08565  	0.07267  	0.28254  	-0.0148  	-0.0449  	-0.0295  	0.15824  	0.09230  	-0.0085  	0.02624  	-0.0145  	0.00116  	0.02317  	0.04136  	-0.0136  	0.02018  	-0.0238  	-0.0227  	-0.0108  	-0.0545  	-0.0602  	0.09676  	-0.0081  	0.10438  	-0.4137  	-0.0561  	0.02400  	0.00541  	0.62820  	0.50885  	265.059  	212.284  	
-0.3457  	-0.1997  	0.11335  	-0.2931  	0.27629  	-0.4295  	-0.6781  	-0.3667  	0.14571  	-0.3403  	-0.3035  	0.92206  	-0.2688  	-0.5402  	-0.9658  	0.28347  	0.17372  	0.05786  	0.34874  	-0.0708  	-0.4996  	0.23971  	0.30687  	0.30187  	0.02712  	0.14738  	0.20008  	-0.6209  	-0.1382  	-0.2387  	-0.1768  	0.05026  	-0.0416  	-0.0615  	0.10929  	0.21826  	0.25820  	0.14485  	-0.3285  	-0.0853  	0.35172  	0.06320  	0.06741  	0.28288  	-0.0097  	-0.0449  	-0.0316  	0.14821  	0.08688  	-0.0005  	0.02786  	-0.0107  	-0.0042  	0.03070  	0.03417  	-0.0084  	0.01624  	-0.0226  	-0.0266  	-0.0141  	-0.0509  	-0.0637  	0.09257  	-0.0107  	0.10438  	-0.4137  	-0.0561  	0.02400  	0.00541  	0.62820  	0.50885  	265.059  	212.284  	
-0.5798  	-0.2234  	0.00260  	-0.3328  	0.22710  	-0.5771  	-0.6979  	-0.3577  	0.12128  	-0.3762  	-0.3493  	0.85610  	-0.2710  	-0.4664  	-0.7588  	0.06450  	0.21999  	-0.0007  	0.36702  	-0.1682  	-0.3972  	0.25751  	0.37872  	0.31336  	0.05218  	0.14904  	0.28125  	-0.7208  	-0.1529  	-0.2124  	-0.1747  	0.03338  	-0.0462  	-0.0732  	0.07549  	0.12941  	0.30097  	0.14071  	-0.3588  	-0.1146  	0.31439  	0.09761  	0.02203  	0.27375  	-0.0087  	-0.0362  	-0.0364  	0.13071  	0.07530  	-0.0079  	0.02120  	-0.0094  	-0.0048  	0.03022  	0.03351  	-0.0133  	0.01861  	-0.0200  	-0.0189  	-0.0157  	-0.0533  	-0.0593  	0.08197  	-0.0086  	0.10438  	-0.4137  	-0.0561  	0.02400  	0.00541  	0.62820  	0.50885  	265.059  	212.284  	
-0.4322  	-0.1980  	0.08666  	-0.3310  	0.23299  	-0.4708  	-0.7341  	-0.3395  	0.20080  	-0.4242  	-0.3123  	0.87328  	-0.2762  	-0.4654  	-0.7516  	0.13444  	0.19649  	-0.0468  	0.36141  	-0.2042  	-0.3113  	0.29607  	0.47432  	0.30991  	-0.0970  	0.19130  	0.21778  	-0.7974  	-0.2070  	-0.2492  	-0.1460  	0.02347  	-0.0283  	-0.0490  	0.11083  	0.10802  	0.35864  	0.15761  	-0.3856  	-0.1499  	0.35949  	0.07913  	0.04653  	0.27850  	-0.0211  	-0.0473  	-0.0250  	0.12914  	0.07766  	-0.0009  	0.00958  	-0.0167  	-0.0099  	0.03896  	0.03909  	-0.0120  	0.02053  	-0.0175  	-0.0221  	-0.0203  	-0.0555  	-0.0556  	0.08484  	-0.0108  	0.10438  	-0.4137  	-0.0561  	0.02400  	0.00541  	0.62820  	0.50885  	265.059  	212.284  	
-0.2913  	-0.1720  	0.16135  	-0.3130  	0.26164  	-0.3881  	-0.7126  	-0.3014  	0.19191  	-0.3640  	-0.2916  	0.95071  	-0.2559  	-0.4959  	-0.8651  	0.25921  	0.17017  	0.01636  	0.35783  	-0.1233  	-0.3915  	0.24631  	0.41726  	0.26500  	-0.1145  	0.18409  	0.12650  	-0.7097  	-0.1464  	-0.2755  	-0.1535  	0.00463  	-0.0031  	-0.0596  	0.10534  	0.12141  	0.32072  	0.14921  	-0.3523  	-0.0990  	0.38606  	0.06250  	0.08181  	0.28518  	-0.0177  	-0.0427  	-0.0192  	0.14370  	0.08068  	-0.0087  	0.00740  	-0.0141  	-0.0114  	0.02612  	0.04105  	-0.0143  	0.01414  	-0.0190  	-0.0276  	-0.0155  	-0.0575  	-0.0603  	0.08958  	-0.0073  	0.10438  	-0.4137  	-0.0561  	0.02400  	0.00541  	0.62820  	0.50885  	265.059  	212.284  	
-0.2261  	-0.1803  	0.21920  	-0.2471  	0.31593  	-0.3979  	-0.6663  	-0.3048  	0.20466  	-0.2807  	-0.2164  	0.97240  	-0.2316  	-0.5083  	-0.8950  	0.35224  	0.12346  	0.03631  	0.34398  	-0.0823  	-0.4253  	0.24859  	0.29143  	0.27450  	-0.0449  	0.15738  	0.16201  	-0.6599  	-0.1493  	-0.2770  	-0.1749  	0.03226  	-0.0074  	-0.0575  	0.16654  	0.17028  	0.30306  	0.15012  	-0.3617  	-0.0996  	0.34858  	0.08462  	0.07059  	0.26150  	-0.0199  	-0.0392  	-0.0264  	0.14662  	0.08685  	-0.0067  	0.02586  	-0.0170  	-0.0066  	0.02688  	0.04020  	-0.0073  	0.02034  	-0.0244  	-0.0264  	-0.0136  	-0.0583  	-0.0633  	0.08617  	-0.0107  	0.10438  	-0.4137  	-0.0561  	0.02400  	0.00541  	0.62820  	0.50885  	265.059  	212.284  	
-0.2200  	-0.1764  	0.20316  	-0.2793  	0.27626  	-0.3736  	-0.6560  	-0.3157  	0.19379  	-0.3101  	-0.2499  	0.91481  	-0.2465  	-0.5211  	-0.8820  	0.36719  	0.12249  	0.02826  	0.35081  	-0.1233  	-0.4037  	0.28010  	0.30395  	0.27699  	-0.0372  	0.16201  	0.19700  	-0.6913  	-0.1589  	-0.2686  	-0.1638  	0.03472  	-0.0208  	-0.0538  	0.18162  	0.17848  	0.31866  	0.15164  	-0.3614  	-0.0942  	0.34758  	0.08259  	0.07093  	0.27914  	-0.0147  	-0.0416  	-0.0266  	0.14156  	0.08249  	-0.0058  	0.02431  	-0.0169  	-0.0049  	0.02464  	0.04166  	-0.0076  	0.01867  	-0.0225  	-0.0258  	-0.0141  	-0.0572  	-0.0621  	0.09080  	-0.0042  	0.10438  	-0.4137  	-0.0561  	0.02400  	0.00541  	0.62820  	0.50885  	265.059  	212.284  	
-0.2642  	-0.1926  	0.18440  	-0.2887  	0.25829  	-0.3689  	-0.6606  	-0.3300  	0.18091  	-0.3291  	-0.1974  	0.92792  	-0.2567  	-0.5053  	-0.9106  	0.34341  	0.13155  	0.01404  	0.34494  	-0.1419  	-0.3841  	0.28063  	0.32795  	0.27659  	-0.0394  	0.16404  	0.19867  	-0.6909  	-0.1991  	-0.2656  	-0.1673  	0.04309  	-0.0229  	-0.0564  	0.16796  	0.17152  	0.34770  	0.15959  	-0.3720  	-0.1240  	0.35212  	0.08577  	0.06453  	0.26852  	-0.0111  	-0.0408  	-0.0248  	0.13960  	0.08511  	-0.0045  	0.02294  	-0.0136  	-0.0039  	0.02769  	0.04186  	-0.0099  	0.01686  	-0.0197  	-0.0278  	-0.0126  	-0.0577  	-0.0588  	0.08770  	-0.0089  	0.10438  	-0.4137  	-0.0561  	0.02400  	0.00541  	0.62820  	0.50885  	265.059  	212.284  	
-0.2440  	-0.1635  	0.19510  	-0.3214  	0.21364  	-0.4024  	-0.6598  	-0.3158  	0.18499  	-0.3500  	-0.2513  	0.91954  	-0.2452  	-0.4810  	-0.9241  	0.31663  	0.13722  	0.04466  	0.34504  	-0.1239  	-0.4096  	0.28477  	0.33109  	0.23521  	-0.0459  	0.16507  	0.14432  	-0.6725  	-0.1600  	-0.2750  	-0.1532  	0.01644  	-0.0215  	-0.0599  	0.12350  	0.17022  	0.32696  	0.14281  	-0.3492  	-0.1241  	0.35958  	0.07938  	0.06464  	0.26804  	-0.0082  	-0.0401  	-0.0272  	0.14897  	0.09069  	0.00288  	0.02234  	-0.0148  	-0.0033  	0.02637  	0.04119  	-0.0138  	0.01594  	-0.0234  	-0.0278  	-0.0127  	-0.0591  	-0.0542  	0.09081  	-0.0071  	0.10438  	-0.4137  	-0.0561  	0.02400  	0.00541  	0.62820  	0.50885  	265.059  	212.284  	
-0.4655  	-0.1796  	0.05504  	-0.4137  	0.21386  	-0.5862  	-0.6591  	-0.3219  	0.17416  	-0.3170  	-0.2286  	0.89265  	-0.2432  	-0.4167  	-0.9357  	0.19927  	0.15769  	0.00745  	0.33957  	-0.0782  	-0.4178  	0.29931  	0.34579  	0.30235  	-0.0489  	0.19397  	0.15861  	-0.7067  	-0.1237  	-0.2516  	-0.1651  	-0.0046  	-0.0306  	-0.0507  	0.13383  	0.18396  	0.29903  	0.14285  	-0.3411  	-0.1224  	0.36174  	0.07990  	0.04495  	0.24865  	-0.0172  	-0.0460  	-0.0206  	0.15137  	0.08133  	-0.0076  	0.01523  	-0.0119  	-0.0157  	0.02379  	0.03600  	-0.0194  	0.01517  	-0.0217  	-0.0246  	-0.0163  	-0.0542  	-0.0583  	0.08373  	-0.0117  	0.10438  	-0.4137  	-0.0561  	0.02400  	0.00541  	0.62820  	0.50885  	265.059  	212.284  	
-0.8143  	-0.3111  	-0.1247  	-0.5092  	0.23392  	-0.7257  	-0.6874  	-0.3070  	0.17413  	-0.2920  	-0.0715  	0.96839  	-0.2277  	-0.3255  	-0.7919  	-0.0032  	0.17307  	-0.0100  	0.34751  	-0.0725  	-0.3652  	0.24875  	0.40873  	0.33366  	-0.1839  	0.21622  	0.07393  	-0.6938  	-0.1974  	-0.3126  	-0.1046  	-0.0379  	0.05007  	-0.0342  	0.14072  	0.03657  	0.25571  	0.11446  	-0.3563  	-0.1460  	0.32838  	0.10149  	0.02681  	0.23665  	-0.0052  	-0.0382  	-0.0157  	0.13006  	0.06582  	0.00534  	-0.0020  	-0.0126  	-0.0102  	0.02512  	0.03118  	-0.0185  	0.00512  	-0.0243  	-0.0244  	-0.0056  	-0.0448  	-0.0455  	0.07204  	-0.0211  	0.10438  	-0.4137  	-0.0561  	0.02400  	0.00541  	0.62820  	0.50885  	265.059  	212.284  	
-0.7318  	-0.2647  	-0.0578  	-0.5869  	0.15466  	-0.7740  	-0.6999  	-0.2741  	0.16020  	-0.2405  	-0.0536  	0.94922  	-0.2334  	-0.3400  	-0.8414  	-0.0101  	0.18446  	-0.0253  	0.34560  	-0.1175  	-0.3409  	0.27063  	0.42080  	0.28164  	-0.1591  	0.22177  	0.11105  	-0.7607  	-0.1784  	-0.3116  	-0.0877  	-0.0439  	0.02944  	-0.0546  	0.08582  	0.05778  	0.29507  	0.14468  	-0.3311  	-0.1373  	0.35481  	0.08740  	0.04327  	0.25450  	-0.0121  	-0.0335  	-0.0097  	0.12680  	0.06575  	0.00083  	-0.0040  	-0.0167  	-0.0121  	0.02265  	0.03071  	-0.0209  	0.00536  	-0.0208  	-0.0221  	-0.0124  	-0.0414  	-0.0456  	0.07907  	-0.0191  	0.10438  	-0.4137  	-0.0561  	0.02400  	0.00541  	0.62820  	0.50885  	265.059  	212.284  	
-0.4719  	-0.1787  	0.11533  	-0.5166  	0.20014  	-0.5475  	-0.6750  	-0.1945  	0.25073  	-0.3186  	-0.1741  	0.97796  	-0.2014  	-0.2430  	-0.7473  	0.02223  	0.19279  	-0.0207  	0.32178  	-0.1034  	-0.2616  	0.19622  	0.36971  	0.33981  	-0.1217  	0.19911  	0.23866  	-0.8115  	-0.2519  	-0.3075  	-0.1075  	-0.0412  	0.02575  	-0.0613  	0.16375  	0.02037  	0.29907  	0.13639  	-0.3607  	-0.0848  	0.34282  	0.07097  	0.05062  	0.25427  	-0.0099  	-0.0445  	-0.0183  	0.14619  	0.06721  	0.00798  	0.01376  	-0.0119  	-0.0249  	0.03213  	0.02157  	-0.0121  	0.00430  	-0.0370  	-0.0350  	-0.0067  	-0.0474  	-0.0449  	0.08418  	-0.0141  	0.10438  	-0.4137  	-0.0561  	0.02400  	0.00541  	0.62820  	0.50885  	265.059  	212.284  	
0.02078  	-0.0897  	0.33804  	-0.0988  	0.34440  	-0.2726  	-0.6203  	-0.1669  	0.27694  	-0.4235  	-0.4844  	0.99812  	0.00277  	0.01257  	-0.3466  	0.10699  	0.18888  	-0.0852  	0.30521  	-0.1789  	-0.3065  	0.30162  	0.38334  	0.31775  	-0.2201  	0.20299  	0.19176  	-0.8641  	-0.2533  	-0.2503  	-0.0879  	-0.0033  	0.07836  	-0.0537  	0.16177  	-0.0507  	0.31623  	0.13527  	-0.3758  	-0.1264  	0.34635  	0.06749  	0.12074  	0.27820  	0.00146  	-0.0421  	-0.0134  	0.17531  	0.09030  	0.02444  	0.00573  	-0.0163  	-0.0195  	0.02431  	0.02047  	0.00164  	0.00512  	-0.0318  	-0.0318  	-0.0048  	-0.0505  	-0.0425  	0.06670  	-0.0250  	0.10438  	-0.4137  	-0.0561  	0.02400  	0.00541  	0.62820  	0.50885  	265.059  	212.284  	
0.24044  	-0.0129  	0.45068  	-0.0466  	0.36141  	-0.1279  	-0.5656  	-0.1142  	0.28789  	-0.4182  	-0.7670  	0.87052  	0.04375  	0.13449  	-0.1705  	0.02778  	0.19158  	-0.1079  	0.34587  	-0.3289  	-0.3056  	0.43429  	0.49718  	0.28897  	-0.0630  	0.16160  	0.27450  	-0.9090  	-0.1578  	-0.2330  	-0.1276  	0.01074  	0.04063  	-0.0620  	0.13395  	-0.0354  	0.34406  	0.13366  	-0.3223  	-0.0944  	0.30483  	0.06794  	0.10500  	0.29314  	-0.0354  	-0.0413  	-0.0371  	0.21227  	0.10617  	-0.0111  	0.01296  	-0.0102  	-0.0117  	0.01674  	0.03047  	0.01118  	-0.0028  	-0.0271  	-0.0311  	-0.0095  	-0.0412  	-0.0410  	0.08241  	-0.0162  	0.10438  	-0.4137  	-0.0561  	0.02400  	0.00541  	0.62820  	0.50885  	265.059  	212.284  	
-0.0869  	-0.1050  	0.22002  	0.08012  	0.43677  	-0.3116  	-0.6464  	-0.2157  	0.21723  	-0.4244  	-0.5322  	0.87992  	-0.1063  	-0.1132  	-0.2803  	0.13756  	0.23121  	-0.1463  	0.34358  	-0.2183  	-0.2399  	0.32659  	0.43386  	0.37470  	0.03709  	0.15929  	0.38992  	-0.9686  	-0.3003  	-0.2155  	-0.1569  	0.05214  	-0.0021  	-0.0552  	0.26451  	-0.0050  	0.41386  	0.16177  	-0.3767  	-0.0930  	0.24946  	0.08647  	0.05518  	0.27697  	-0.0190  	-0.0397  	-0.0306  	0.16296  	0.08947  	5.69988  	0.00204  	-0.0125  	-0.0152  	0.02389  	0.03540  	-0.0047  	0.01402  	-0.0286  	-0.0254  	-0.0167  	-0.0496  	-0.0510  	0.07992  	-0.0213  	0.10438  	-0.4137  	-0.0561  	0.02400  	0.00541  	0.62820  	0.50885  	265.059  	212.284  	
-0.1661  	-0.1797  	0.12458  	0.08516  	0.46665  	-0.3184  	-0.7086  	-0.2345  	0.21686  	-0.5010  	-0.4716  	1.03703  	-0.1228  	-0.1882  	-0.3669  	0.16362  	0.18819  	-0.0668  	0.31991  	-0.2305  	-0.2897  	0.33864  	0.36217  	0.44478  	-0.1040  	0.18917  	0.26881  	-0.8534  	-0.2573  	-0.2473  	-0.1519  	0.02577  	-0.0005  	-0.0635  	0.28338  	-0.0135  	0.35915  	0.15059  	-0.3923  	-0.1147  	0.25792  	0.10933  	0.02739  	0.25337  	-0.0082  	-0.0428  	-0.0188  	0.13312  	0.08123  	-0.0010  	0.00906  	-0.0157  	-0.0075  	0.02062  	0.02955  	-0.0095  	0.01282  	-0.0220  	-0.0183  	-0.0069  	-0.0571  	-0.0465  	0.07353  	-0.0125  	0.10438  	-0.4137  	-0.0561  	0.02400  	0.00541  	0.62820  	0.50885  	265.059  	212.284  	
-0.1671  	-0.1298  	0.14131  	0.03842  	0.45662  	-0.2763  	-0.6223  	-0.2122  	0.25510  	-0.4567  	-0.6148  	0.92886  	-0.0741  	-0.1461  	-0.3705  	0.09893  	0.19651  	-0.0386  	0.29344  	-0.1447  	-0.4093  	0.33935  	0.35839  	0.31449  	-0.0771  	0.20007  	0.15207  	-0.7184  	-0.0995  	-0.2381  	-0.1451  	-0.0249  	0.02043  	-0.0305  	0.14988  	0.03466  	0.25830  	0.13846  	-0.3419  	-0.0880  	0.33321  	0.06001  	0.09296  	0.27582  	-0.0163  	-0.0452  	-0.0202  	0.15279  	0.08264  	0.00838  	0.01182  	-0.0218  	-0.0188  	0.01784  	0.03980  	-0.0090  	0.01407  	-0.0235  	-0.0187  	-0.0081  	-0.0549  	-0.0575  	0.07882  	-0.0158  	0.10438  	-0.4137  	-0.0561  	0.02400  	0.00541  	0.62820  	0.50885  	265.059  	212.284  	
0.24289  	-0.0296  	0.37250  	0.03612  	0.43709  	-0.1972  	-0.5560  	-0.1861  	0.26253  	-0.3477  	-0.8064  	0.77922  	0.08989  	0.20771  	-0.1354  	-0.0454  	0.18518  	-0.1073  	0.30686  	-0.3386  	-0.3916  	0.40395  	0.44045  	0.30276  	0.10258  	0.15120  	0.38774  	-0.8876  	-0.0903  	-0.1673  	-0.0901  	-0.0201  	0.01380  	-0.0456  	0.19932  	0.01890  	0.28907  	0.11356  	-0.3192  	-0.0891  	0.29734  	0.07693  	0.09120  	0.30060  	-0.0343  	-0.0402  	-0.0401  	0.20971  	0.10884  	-0.0078  	0.01808  	-0.0138  	-0.0109  	0.02092  	0.03894  	0.00521  	0.00810  	-0.0310  	-0.0249  	-0.0027  	-0.0505  	-0.0444  	0.08140  	-0.0148  	0.10438  	-0.4137  	-0.0561  	0.02400  	0.00541  	0.62820  	0.50885  	265.059  	212.284  	
-0.1461  	-0.0903  	0.08438  	-0.2769  	0.33205  	-0.5340  	-0.5714  	-0.2218  	0.25094  	-0.3316  	-0.5301  	0.81720  	-0.0446  	-0.0176  	-0.4339  	-0.0716  	0.17264  	-0.0853  	0.28522  	-0.2197  	-0.3580  	0.34546  	0.35595  	0.40399  	0.01013  	0.18450  	0.31434  	-0.9347  	-0.2675  	-0.2498  	-0.0896  	-0.0458  	0.03159  	-0.0378  	0.26088  	0.00396  	0.30147  	0.13896  	-0.3593  	-0.0844  	0.31576  	0.09457  	0.07241  	0.26715  	-0.0167  	-0.0410  	-0.0265  	0.15555  	0.07809  	0.01216  	-0.0021  	-0.0182  	-0.0265  	0.03339  	0.02819  	-0.0118  	0.00235  	-0.0412  	-0.0347  	-0.0049  	-0.0509  	-0.0371  	0.07687  	-0.0132  	0.10438  	-0.4137  	-0.0561  	0.02400  	0.00541  	0.62820  	0.50885  	265.059  	212.284  	
-0.6978  	-0.2061  	-0.0670  	-0.7670  	-0.0066  	-0.7808  	-0.7092  	-0.3683  	0.19001  	-0.2560  	-0.0412  	0.82511  	-0.2574  	-0.5230  	-0.9674  	0.00129  	0.16930  	0.04927  	0.34763  	-0.0918  	-0.3404  	0.21762  	0.38769  	0.26878  	-0.1806  	0.19862  	0.13804  	-0.7820  	-0.2570  	-0.3081  	-0.1045  	-0.0128  	0.03847  	-0.0524  	0.07024  	0.08669  	0.30066  	0.16168  	-0.3501  	-0.1007  	0.35897  	0.09076  	0.06677  	0.25708  	-0.0095  	-0.0321  	-0.0136  	0.11309  	0.07538  	0.00904  	0.00422  	-0.0112  	-0.0118  	0.03970  	0.03358  	-0.0181  	0.00897  	-0.0141  	-0.0293  	-0.0078  	-0.0531  	-0.0418  	0.07589  	-0.0113  	0.10438  	-0.4137  	-0.0561  	0.02400  	0.00541  	0.62820  	0.50885  	265.059  	212.284  	
-0.6779  	-0.2253  	0.09346  	-0.8122  	-0.0219  	-0.7443  	-0.6428  	-0.3586  	0.15077  	-0.1957  	-0.0241  	0.76681  	-0.2457  	-0.4643  	-1.0577  	0.06190  	0.17607  	0.01464  	0.31399  	-0.1305  	-0.4052  	0.28909  	0.39989  	0.28564  	-0.0988  	0.20532  	0.12469  	-0.8025  	-0.1754  	-0.3316  	-0.0938  	-0.0373  	0.01796  	-0.0642  	0.00677  	0.09586  	0.29463  	0.15978  	-0.3453  	-0.1386  	0.41076  	0.07614  	0.06248  	0.27923  	-0.0039  	-0.0452  	-0.0136  	0.14970  	0.06634  	0.00284  	0.00013  	-0.0086  	-0.0138  	0.02776  	0.03306  	-0.0255  	0.01110  	-0.0233  	-0.0217  	-0.0125  	-0.0479  	-0.0429  	0.08670  	-0.0026  	0.10438  	-0.4137  	-0.0561  	0.02400  	0.00541  	0.62820  	0.50885  	265.059  	212.284  	
-0.5745  	-0.2205  	0.08680  	-0.5732  	0.12345  	-0.5713  	-0.6547  	-0.3464  	0.17471  	-0.3660  	-0.2507  	0.86344  	-0.2606  	-0.4906  	-0.9180  	0.11785  	0.21053  	-0.0023  	0.34428  	-0.1707  	-0.4166  	0.28627  	0.42759  	0.30440  	-0.0843  	0.23055  	0.19904  	-0.7439  	-0.1617  	-0.2839  	-0.0966  	-0.0151  	0.00147  	-0.0622  	0.04444  	0.10400  	0.29718  	0.13164  	-0.3550  	-0.1256  	0.42468  	0.07094  	0.06241  	0.28549  	-0.0087  	-0.0476  	-0.0156  	0.13924  	0.05943  	0.00186  	0.01235  	-0.0116  	-0.0147  	0.01965  	0.02812  	-0.0174  	0.01515  	-0.0256  	-0.0290  	-0.0191  	-0.0513  	-0.0408  	0.09275  	-0.0036  	0.10438  	-0.4137  	-0.0561  	0.02400  	0.00541  	0.62820  	0.50885  	265.059  	212.284  	
-0.3957  	-0.2150  	0.12793  	-0.3806  	0.21641  	-0.4261  	-0.6828  	-0.2651  	0.21416  	-0.4309  	-0.3767  	0.91625  	-0.1997  	-0.4664  	-0.8010  	0.18434  	0.21639  	0.03324  	0.35576  	-0.1446  	-0.4727  	0.26270  	0.40780  	0.25313  	-0.0952  	0.22049  	0.14218  	-0.6584  	-0.1058  	-0.3057  	-0.1171  	-0.0013  	0.02026  	-0.0609  	0.06395  	0.10895  	0.24624  	0.13248  	-0.3302  	-0.1053  	0.41300  	0.05610  	0.09146  	0.29059  	-0.0117  	-0.0428  	-0.0196  	0.15105  	0.07574  	-0.0039  	0.00818  	-0.0157  	-0.0087  	0.01925  	0.03957  	-0.0212  	0.01451  	-0.0231  	-0.0317  	-0.0182  	-0.0478  	-0.0484  	0.09415  	-0.0042  	0.10438  	-0.4137  	-0.0561  	0.02400  	0.00541  	0.62820  	0.50885  	265.059  	212.284  	
-0.2246  	-0.1553  	0.23893  	-0.2583  	0.30470  	-0.4111  	-0.6383  	-0.3071  	0.21589  	-0.2916  	-0.2787  	1.00867  	-0.2041  	-0.4632  	-0.8440  	0.28140  	0.13683  	0.03147  	0.32445  	-0.0399  	-0.5182  	0.25059  	0.30983  	0.19744  	-0.1122  	0.18630  	0.06573  	-0.5917  	-0.0849  	-0.2895  	-0.1350  	0.00468  	0.00426  	-0.0371  	0.09484  	0.15199  	0.23750  	0.13612  	-0.3178  	-0.1038  	0.40093  	0.06716  	0.08631  	0.26607  	-0.0248  	-0.0473  	-0.0201  	0.15809  	0.08682  	-0.0018  	0.02498  	-0.0121  	-0.0052  	0.02516  	0.04145  	-0.0087  	0.01607  	-0.0293  	-0.0275  	-0.0164  	-0.0517  	-0.0516  	0.08764  	-0.0068  	0.10438  	-0.4137  	-0.0561  	0.02400  	0.00541  	0.62820  	0.50885  	265.059  	212.284  	
-0.1889  	-0.1869  	0.21815  	-0.1981  	0.36505  	-0.3627  	-0.6575  	-0.3444  	0.15935  	-0.2982  	-0.2591  	0.98056  	-0.2475  	-0.5276  	-0.9292  	0.43109  	0.12838  	0.04316  	0.33797  	-0.0838  	-0.4727  	0.22696  	0.19829  	0.29657  	-0.0255  	0.15367  	0.22942  	-0.6674  	-0.1784  	-0.2625  	-0.1881  	0.04405  	-0.0151  	-0.0598  	0.18500  	0.20663  	0.28988  	0.14879  	-0.3568  	-0.0915  	0.33654  	0.09635  	0.06707  	0.26404  	-0.0085  	-0.0438  	-0.0287  	0.15185  	0.09307  	-0.0028  	0.02511  	-0.0165  	-0.0028  	0.03053  	0.04201  	-0.0085  	0.02247  	-0.0228  	-0.0290  	-0.0111  	-0.0605  	-0.0665  	0.09520  	-0.0079  	0.10438  	-0.4137  	-0.0561  	0.02400  	0.00541  	0.62820  	0.50885  	265.059  	212.284  	
-0.2105  	-0.1760  	0.18608  	-0.1617  	0.34443  	-0.3422  	-0.6643  	-0.3424  	0.15881  	-0.4107  	-0.3453  	0.93065  	-0.2655  	-0.5219  	-0.8487  	0.35059  	0.17998  	-0.0117  	0.36122  	-0.1285  	-0.4335  	0.23206  	0.26346  	0.32286  	0.03751  	0.15313  	0.28251  	-0.6793  	-0.1685  	-0.2111  	-0.1967  	0.07018  	-0.0370  	-0.0711  	0.16660  	0.21176  	0.31892  	0.17066  	-0.3635  	-0.1159  	0.32473  	0.08566  	0.06825  	0.28381  	-0.0181  	-0.0441  	-0.0324  	0.14984  	0.08889  	-0.0160  	0.02160  	-0.0186  	-0.0058  	0.02985  	0.04293  	-0.0077  	0.02305  	-0.0207  	-0.0262  	-0.0130  	-0.0574  	-0.0680  	0.09968  	-0.0099  	0.10438  	-0.4137  	-0.0561  	0.02400  	0.00541  	0.62820  	0.50885  	265.059  	212.284  	
-0.1876  	-0.1675  	0.18119  	-0.0456  	0.35875  	-0.2996  	-0.7026  	-0.3454  	0.18251  	-0.4296  	-0.4036  	1.00253  	-0.2654  	-0.3853  	-0.7588  	0.25655  	0.20409  	-0.0309  	0.36647  	-0.1245  	-0.4156  	0.26852  	0.30218  	0.35515  	0.03252  	0.17296  	0.30718  	-0.6738  	-0.1415  	-0.1916  	-0.2040  	0.07016  	-0.0318  	-0.0672  	0.12809  	0.17067  	0.30039  	0.14907  	-0.3283  	-0.1320  	0.29867  	0.09601  	0.08263  	0.27100  	-0.0124  	-0.0311  	-0.0394  	0.15878  	0.08798  	-0.0178  	0.02576  	-0.0101  	0.00094  	0.02877  	0.03082  	-0.0009  	0.01136  	-0.0250  	-0.0173  	-0.0048  	-0.0537  	-0.0677  	0.07174  	-0.0134  	0.10438  	-0.4137  	-0.0561  	0.02400  	0.00541  	0.62820  	0.50885  	265.059  	212.284  	
-0.1586  	-0.1386  	0.12858  	0.08561  	0.49040  	-0.2538  	-0.6554  	-0.2390  	0.19814  	-0.5168  	-0.5651  	1.00962  	-0.1583  	-0.2176  	-0.4618  	0.16765  	0.20251  	-0.0291  	0.35973  	-0.1590  	-0.3929  	0.30424  	0.32492  	0.30469  	0.07526  	0.17141  	0.28250  	-0.6534  	-0.0611  	-0.1618  	-0.1939  	0.00875  	-0.0035  	-0.0456  	0.14699  	0.07776  	0.27244  	0.13448  	-0.3272  	-0.1059  	0.28846  	0.08801  	0.06303  	0.26536  	-0.0087  	-0.0376  	-0.0277  	0.14966  	0.08806  	-0.0231  	0.01612  	-0.0157  	-0.0129  	0.01758  	0.02766  	-0.0030  	0.02196  	-0.0274  	-0.0173  	-0.0120  	-0.0571  	-0.0599  	0.08203  	-0.0146  	0.10438  	-0.4137  	-0.0561  	0.02400  	0.00541  	0.62820  	0.50885  	265.059  	212.284  	
-0.1839  	-0.1036  	0.17299  	0.02591  	0.44159  	-0.2685  	-0.7108  	-0.1599  	0.19495  	-0.5302  	-0.5098  	1.04729  	-0.0963  	-0.2923  	-0.3604  	0.10987  	0.30853  	-0.1967  	0.43577  	-0.4336  	-0.3127  	0.09572  	0.13195  	0.33491  	-0.0577  	0.28017  	0.25015  	-0.7856  	-0.0137  	-0.2126  	-0.0507  	-0.0581  	-0.0809  	-0.2218  	0.08387  	0.01821  	0.19662  	0.12663  	-0.4560  	-0.1973  	0.36994  	0.22168  	-0.0701  	0.33955  	-0.0677  	-0.0170  	-0.0456  	0.16748  	0.06732  	-0.0246  	0.02147  	-0.0091  	-0.0146  	0.03010  	0.04015  	-0.0077  	0.01740  	-0.0371  	-0.0198  	-0.0026  	-0.0547  	-0.0610  	0.05741  	-0.0157  	0.10438  	-0.4137  	-0.0561  	0.02400  	0.00541  	0.62820  	0.50885  	265.059  	212.284  	
-0.1062  	-0.0595  	0.29450  	-0.0693  	0.38854  	-0.3587  	-0.7579  	-0.1977  	0.14629  	-0.4521  	-0.3224  	1.03537  	-0.1203  	-0.4923  	-0.6173  	0.21076  	0.30668  	-0.2766  	0.48727  	-0.5877  	-0.2442  	-0.1354  	-0.1386  	0.32087  	-0.1924  	0.33581  	0.18586  	-0.9058  	-0.0151  	-0.2840  	0.03741  	-0.0726  	-0.1676  	-0.3486  	0.05964  	0.06742  	0.15870  	0.14671  	-0.5742  	-0.2559  	0.46380  	0.31930  	-0.1441  	0.41051  	-0.1179  	0.00313  	-0.0724  	0.18579  	0.05784  	-0.0267  	0.03296  	-0.0031  	-0.0054  	0.05004  	0.04551  	-0.0075  	0.01355  	-0.0437  	-0.0193  	0.00207  	-0.0523  	-0.0665  	0.05748  	-0.0146  	0.10438  	-0.4137  	-0.0561  	0.02400  	0.00541  	0.62820  	0.50885  	265.059  	212.284  	
-0.1882  	-0.1023  	0.33145  	-0.2417  	0.25531  	-0.4565  	-0.7145  	-0.1898  	0.12785  	-0.3568  	-0.2424  	0.95638  	-0.1397  	-0.5562  	-0.8084  	0.22310  	0.29869  	-0.2557  	0.46694  	-0.6272  	-0.3059  	-0.1903  	-0.2290  	0.25771  	-0.1750  	0.36945  	0.12595  	-0.8803  	0.04797  	-0.3094  	0.08218  	-0.0847  	-0.1982  	-0.3803  	-0.0036  	0.12659  	0.10128  	0.13364  	-0.5766  	-0.2754  	0.51744  	0.33899  	-0.1587  	0.43633  	-0.1269  	0.00032  	-0.0725  	0.19872  	0.06245  	-0.0335  	0.03278  	-0.0037  	0.00073  	0.05157  	0.05350  	-0.0181  	0.00953  	-0.0428  	-0.0286  	0.00141  	-0.0504  	-0.0724  	0.06544  	-0.0070  	0.10438  	-0.4137  	-0.0561  	0.02400  	0.00541  	0.62820  	0.50885  	265.059  	212.284  	
-0.5204  	-0.1691  	0.10971  	-0.4124  	0.21780  	-0.6923  	-0.7012  	-0.2701  	0.11417  	-0.3450  	-0.2085  	0.87919  	-0.1482  	-0.5924  	-0.8771  	0.12050  	0.31620  	-0.2768  	0.46798  	-0.5638  	-0.3379  	-0.1330  	-0.1451  	0.27647  	-0.1404  	0.37781  	0.13543  	-0.8649  	0.03608  	-0.2697  	0.06024  	-0.0890  	-0.1970  	-0.3483  	0.00808  	0.16398  	0.10664  	0.12560  	-0.5498  	-0.2688  	0.52363  	0.32492  	-0.1573  	0.39624  	-0.1156  	-0.0042  	-0.0664  	0.17931  	0.05463  	-0.0286  	0.02501  	-0.0049  	-0.0109  	0.05436  	0.04553  	-0.0163  	0.00343  	-0.0373  	-0.0304  	0.00428  	-0.0459  	-0.0632  	0.06771  	-0.0128  	0.10438  	-0.4137  	-0.0561  	0.02400  	0.00541  	0.62820  	0.50885  	265.059  	212.284  	
-0.8396  	-0.2727  	-0.0823  	-0.6702  	0.14118  	-0.8331  	-0.7407  	-0.3311  	0.13737  	-0.2921  	-0.0479  	0.89725  	-0.2127  	-0.5656  	-0.8930  	-0.0248  	0.26071  	-0.2011  	0.42737  	-0.3852  	-0.3471  	0.03115  	0.15241  	0.29794  	-0.1643  	0.31321  	0.12050  	-0.8384  	-0.0635  	-0.2934  	0.02098  	-0.0738  	-0.0832  	-0.2186  	0.02728  	0.11538  	0.21154  	0.13153  	-0.4931  	-0.2421  	0.41852  	0.24033  	-0.0902  	0.32020  	-0.0526  	-0.0211  	-0.0412  	0.14376  	0.05934  	-0.0172  	0.00417  	-0.0057  	-0.0087  	0.05121  	0.04380  	-0.0232  	0.00278  	-0.0363  	-0.0175  	0.00391  	-0.0396  	-0.0476  	0.06239  	-0.0133  	0.10438  	-0.4137  	-0.0561  	0.02400  	0.00541  	0.62820  	0.50885  	265.059  	212.284  	
-0.8120  	-0.2943  	-0.0393  	-0.7897  	0.04625  	-0.8266  	-0.7321  	-0.3448  	0.15217  	-0.2450  	0.01625  	0.89008  	-0.2426  	-0.4403  	-0.9126  	-0.0404  	0.20620  	-0.0267  	0.36181  	-0.1470  	-0.2925  	0.25198  	0.46862  	0.32233  	-0.1694  	0.20595  	0.13470  	-0.7934  	-0.2511  	-0.3078  	-0.0843  	-0.0176  	0.01890  	-0.0719  	0.07441  	0.06988  	0.33549  	0.13509  	-0.3686  	-0.1696  	0.35790  	0.09110  	0.03801  	0.24089  	-0.0038  	-0.0273  	-0.0154  	0.12613  	0.07023  	0.00227  	-0.0078  	-0.0119  	-0.0129  	0.02201  	0.02925  	-0.0256  	0.00409  	-0.0204  	-0.0253  	-0.0127  	-0.0421  	-0.0396  	0.07799  	-0.0211  	0.10438  	-0.4137  	-0.0561  	0.02400  	0.00541  	0.62820  	0.50885  	265.059  	212.284  	
-0.4648  	-0.2146  	0.10834  	-0.6232  	0.09192  	-0.6470  	-0.7208  	-0.2655  	0.18652  	-0.3405  	-0.0938  	0.90001  	-0.1969  	-0.2935  	-0.8403  	0.03293  	0.23816  	-0.0320  	0.35200  	-0.1801  	-0.2358  	0.26562  	0.46595  	0.39710  	-0.1115  	0.20994  	0.24121  	-0.9179  	-0.3172  	-0.3283  	-0.0864  	-0.0356  	0.00692  	-0.0782  	0.12580  	0.02431  	0.37881  	0.15003  	-0.3901  	-0.1434  	0.37002  	0.07454  	0.05702  	0.25850  	-0.0122  	-0.0453  	-0.0179  	0.13920  	0.06415  	0.00652  	0.00577  	-0.0110  	-0.0167  	0.02673  	0.02176  	-0.0170  	-0.0005  	-0.0288  	-0.0256  	-0.0101  	-0.0504  	-0.0360  	0.07457  	-0.0151  	0.10438  	-0.4137  	-0.0561  	0.02400  	0.00541  	0.62820  	0.50885  	265.059  	212.284  	
-0.3644  	-0.1554  	0.14471  	-0.4700  	0.14747  	-0.4402  	-0.7119  	-0.2142  	0.23474  	-0.3800  	-0.3463  	0.89017  	-0.1636  	-0.3307  	-0.8632  	0.19636  	0.19971  	0.02808  	0.38158  	-0.1962  	-0.3628  	0.27402  	0.49852  	0.25710  	-0.1418  	0.20722  	0.13983  	-0.7789  	-0.1923  	-0.2890  	-0.1208  	0.01304  	0.03054  	-0.0704  	0.04516  	0.04241  	0.30586  	0.15366  	-0.3262  	-0.1197  	0.43765  	0.05535  	0.10058  	0.27488  	-0.0176  	-0.0386  	-0.0167  	0.16572  	0.07168  	0.00429  	0.00353  	-0.0172  	-0.0193  	0.02500  	0.02937  	-0.0127  	0.00576  	-0.0256  	-0.0206  	-0.0197  	-0.0449  	-0.0482  	0.08191  	-0.0115  	0.10438  	-0.4137  	-0.0561  	0.02400  	0.00541  	0.62820  	0.50885  	265.059  	212.284  	
-0.2150  	-0.1401  	0.18706  	-0.2460  	0.24507  	-0.3857  	-0.6782  	-0.2681  	0.23565  	-0.3411  	-0.3622  	0.96847  	-0.1571  	-0.3833  	-0.7458  	0.19254  	0.17047  	0.02248  	0.33055  	-0.1060  	-0.4329  	0.28322  	0.37713  	0.23784  	-0.1151  	0.18935  	0.07917  	-0.6624  	-0.0966  	-0.2827  	-0.1258  	-0.0113  	0.01203  	-0.0462  	0.05576  	0.08997  	0.25383  	0.15017  	-0.3276  	-0.0794  	0.39941  	0.05081  	0.10090  	0.28293  	-0.0323  	-0.0447  	-0.0133  	0.16011  	0.08363  	-0.0119  	0.00799  	-0.0157  	-0.0141  	0.02497  	0.03224  	-0.0125  	0.00946  	-0.0290  	-0.0255  	-0.0140  	-0.0548  	-0.0549  	0.08657  	-0.0115  	0.10438  	-0.4137  	-0.0561  	0.02400  	0.00541  	0.62820  	0.50885  	265.059  	212.284  	
-0.1810  	-0.1374  	0.20501  	-0.1835  	0.32093  	-0.3647  	-0.6617  	-0.2918  	0.22007  	-0.3350  	-0.3258  	0.96261  	-0.2131  	-0.3911  	-0.7491  	0.24824  	0.15273  	0.00479  	0.33110  	-0.1007  	-0.3923  	0.26939  	0.34742  	0.24841  	-0.0959  	0.16002  	0.15999  	-0.6803  	-0.1257  	-0.2627  	-0.1709  	0.02398  	0.01072  	-0.0500  	0.14803  	0.13472  	0.29460  	0.13630  	-0.3485  	-0.1066  	0.35952  	0.07264  	0.07707  	0.27954  	-0.0145  	-0.0453  	-0.0184  	0.15079  	0.09036  	-0.0063  	0.01931  	-0.0182  	-0.0075  	0.02844  	0.03740  	-0.0069  	0.01607  	-0.0239  	-0.0281  	-0.0101  	-0.0534  	-0.0608  	0.09064  	-0.0099  	0.10438  	-0.4137  	-0.0561  	0.02400  	0.00541  	0.62820  	0.50885  	265.059  	212.284  	
-0.1505  	-0.1577  	0.22057  	-0.1702  	0.33024  	-0.3499  	-0.6525  	-0.3152  	0.20435  	-0.3180  	-0.2697  	0.94542  	-0.2438  	-0.4835  	-0.8193  	0.35075  	0.14039  	0.03860  	0.33149  	-0.1167  	-0.4020  	0.24966  	0.30617  	0.25986  	-0.0505  	0.15126  	0.18821  	-0.6807  	-0.1645  	-0.2614  	-0.1840  	0.04007  	-0.0151  	-0.0561  	0.17745  	0.15668  	0.30917  	0.15703  	-0.3550  	-0.1146  	0.34223  	0.07811  	0.06760  	0.27423  	-0.0091  	-0.0411  	-0.0248  	0.14334  	0.08568  	-0.0069  	0.02297  	-0.0135  	-0.0023  	0.02601  	0.04260  	-0.0082  	0.01648  	-0.0229  	-0.0288  	-0.0129  	-0.0583  	-0.0637  	0.09073  	-0.0084  	0.10438  	-0.4137  	-0.0561  	0.02400  	0.00541  	0.62820  	0.50885  	265.059  	212.284  	
-0.1790  	-0.1826  	0.19826  	-0.2223  	0.33237  	-0.3511  	-0.6485  	-0.3483  	0.18463  	-0.3115  	-0.2687  	0.92199  	-0.2417  	-0.4878  	-0.8342  	0.35012  	0.12839  	0.04076  	0.32376  	-0.1319  	-0.4148  	0.26366  	0.30227  	0.27667  	-0.0331  	0.14856  	0.18535  	-0.6593  	-0.1429  	-0.2558  	-0.1739  	0.04354  	-0.0305  	-0.0494  	0.18366  	0.18605  	0.30125  	0.15310  	-0.3559  	-0.0937  	0.34252  	0.08634  	0.06867  	0.27323  	-0.0141  	-0.0388  	-0.0289  	0.13950  	0.08325  	-0.0104  	0.02585  	-0.0128  	-0.0016  	0.02418  	0.04174  	-0.0105  	0.02021  	-0.0231  	-0.0229  	-0.0127  	-0.0582  	-0.0609  	0.08846  	-0.0066  	0.10438  	-0.4137  	-0.0561  	0.02400  	0.00541  	0.62820  	0.50885  	265.059  	212.284  	
-0.1909  	-0.1810  	0.20428  	-0.3182  	0.25690  	-0.3472  	-0.6385  	-0.3476  	0.18493  	-0.3408  	-0.2656  	0.89091  	-0.2315  	-0.5086  	-0.8356  	0.33675  	0.11835  	0.04508  	0.32715  	-0.1374  	-0.4211  	0.26745  	0.34944  	0.23654  	-0.0483  	0.16265  	0.16239  	-0.6489  	-0.1380  	-0.2697  	-0.1523  	0.02178  	-0.0217  	-0.0446  	0.16375  	0.17828  	0.30427  	0.15570  	-0.3574  	-0.0870  	0.36601  	0.07857  	0.07382  	0.27430  	-0.0192  	-0.0384  	-0.0234  	0.13693  	0.07753  	-0.0019  	0.02571  	-0.0147  	-0.0041  	0.02379  	0.03875  	-0.0116  	0.01685  	-0.0244  	-0.0218  	-0.0127  	-0.0569  	-0.0554  	0.08919  	-0.0059  	0.10438  	-0.4137  	-0.0561  	0.02400  	0.00541  	0.62820  	0.50885  	265.059  	212.284  	
-0.3132  	-0.1909  	0.12470  	-0.3512  	0.20363  	-0.4318  	-0.6481  	-0.3458  	0.16568  	-0.4091  	-0.3362  	0.85401  	-0.2265  	-0.4785  	-0.7749  	0.20094  	0.15474  	0.00757  	0.33702  	-0.1423  	-0.4080  	0.28297  	0.38262  	0.22084  	-0.0729  	0.18433  	0.15574  	-0.6676  	-0.1242  	-0.2597  	-0.1493  	0.02113  	-0.0272  	-0.0521  	0.14288  	0.17483  	0.31033  	0.15713  	-0.3691  	-0.0991  	0.37160  	0.08461  	0.07200  	0.28113  	-0.0189  	-0.0399  	-0.0166  	0.12915  	0.07283  	-0.0031  	0.01686  	-0.0121  	-0.0078  	0.02695  	0.04091  	-0.0133  	0.01411  	-0.0195  	-0.0216  	-0.0113  	-0.0554  	-0.0524  	0.08583  	-0.0063  	0.10438  	-0.4137  	-0.0561  	0.02400  	0.00541  	0.62820  	0.50885  	265.059  	212.284  	
-0.3704  	-0.1944  	0.08365  	-0.3101  	0.20373  	-0.4558  	-0.6821  	-0.3199  	0.17579  	-0.4656  	-0.3142  	0.86821  	-0.2615  	-0.4578  	-0.6673  	0.15568  	0.18719  	0.00070  	0.33223  	-0.1801  	-0.3833  	0.26972  	0.42736  	0.25581  	-0.0802  	0.19655  	0.18712  	-0.7332  	-0.1547  	-0.2703  	-0.1440  	0.01254  	-0.0272  	-0.0537  	0.16159  	0.12360  	0.33611  	0.16216  	-0.3849  	-0.1395  	0.38203  	0.08833  	0.06501  	0.26447  	-0.0126  	-0.0421  	-0.0168  	0.12985  	0.07122  	0.00109  	0.01574  	-0.0169  	-0.0024  	0.02820  	0.04176  	-0.0092  	0.01831  	-0.0203  	-0.0237  	-0.0157  	-0.0563  	-0.0498  	0.09478  	-0.0026  	0.10438  	-0.4137  	-0.0561  	0.02400  	0.00541  	0.62820  	0.50885  	265.059  	212.284  	
-0.3043  	-0.1740  	0.12984  	-0.2857  	0.22661  	-0.4426  	-0.6970  	-0.2860  	0.20433  	-0.5060  	-0.2827  	0.92222  	-0.2457  	-0.3542  	-0.5778  	0.11399  	0.19422  	-0.0446  	0.31551  	-0.1766  	-0.2923  	0.28321  	0.44978  	0.28560  	-0.1129  	0.20988  	0.16759  	-0.8031  	-0.2377  	-0.2893  	-0.1335  	0.02155  	0.00934  	-0.0584  	0.17662  	0.03036  	0.38805  	0.17018  	-0.3956  	-0.1804  	0.36777  	0.08937  	0.06665  	0.25992  	-0.0070  	-0.0362  	-0.0170  	0.12691  	0.06644  	0.00615  	0.00226  	-0.0138  	-0.0111  	0.02487  	0.03101  	-0.0094  	0.01153  	-0.0243  	-0.0239  	-0.0185  	-0.0532  	-0.0467  	0.08394  	-0.0105  	0.10438  	-0.4137  	-0.0561  	0.02400  	0.00541  	0.62820  	0.50885  	265.059  	212.284  	
-0.0059  	-0.0281  	0.29903  	-0.1300  	0.24716  	-0.2851  	-0.6682  	-0.1177  	0.29237  	-0.5279  	-0.2518  	0.96564  	-0.1516  	-0.1268  	-0.4415  	0.21294  	0.20444  	-0.0831  	0.32391  	-0.2517  	-0.0688  	0.27273  	0.45342  	0.31971  	-0.2039  	0.17823  	0.26652  	-0.9582  	-0.4005  	-0.3103  	-0.1459  	0.04068  	0.04630  	-0.0627  	0.28250  	-0.0835  	0.48540  	0.22724  	-0.4552  	-0.1879  	0.32739  	0.06540  	0.06582  	0.26532  	-0.0202  	-0.0343  	-0.0147  	0.13168  	0.07230  	0.00456  	-0.0026  	-0.0097  	-0.0079  	0.03131  	0.03249  	-0.0030  	-0.0045  	-0.0253  	-0.0282  	-0.0188  	-0.0476  	-0.0361  	0.07287  	-0.0181  	0.10438  	-0.4137  	-0.0561  	0.02400  	0.00541  	0.62820  	0.50885  	265.059  	212.284  	
0.05546  	-0.0169  	0.34526  	-0.0920  	0.28944  	-0.2363  	-0.6469  	-0.1119  	0.29736  	-0.5241  	-0.2654  	0.99628  	-0.1329  	-0.1168  	-0.4958  	0.25539  	0.18187  	-0.0621  	0.31284  	-0.2074  	-0.1187  	0.26554  	0.44535  	0.34607  	-0.1685  	0.16759  	0.24874  	-0.9006  	-0.3608  	-0.3093  	-0.1586  	0.02828  	0.05908  	-0.0625  	0.29212  	-0.0469  	0.45087  	0.19937  	-0.4131  	-0.1742  	0.31358  	0.08308  	0.06303  	0.25899  	-0.0266  	-0.0373  	-0.0196  	0.15404  	0.08116  	0.01214  	0.01205  	-0.0080  	-0.0055  	0.03094  	0.03516  	0.00360  	0.00331  	-0.0232  	-0.0280  	-0.0136  	-0.0471  	-0.0483  	0.08411  	-0.0109  	0.10438  	-0.4137  	-0.0561  	0.02400  	0.00541  	0.62820  	0.50885  	265.059  	212.284  	
-0.0916  	-0.1354  	0.20484  	-0.0866  	0.36218  	-0.3145  	-0.6189  	-0.2826  	0.24071  	-0.4150  	-0.3381  	0.96220  	-0.1566  	-0.3167  	-0.6142  	0.24746  	0.16501  	0.02989  	0.30939  	-0.0907  	-0.3863  	0.27085  	0.31013  	0.26906  	-0.0817  	0.17345  	0.11524  	-0.6731  	-0.1734  	-0.2871  	-0.1639  	0.00993  	0.01859  	-0.0498  	0.18772  	0.09392  	0.30378  	0.14560  	-0.3668  	-0.1172  	0.33424  	0.08353  	0.06563  	0.26959  	-0.0143  	-0.0434  	-0.0173  	0.15682  	0.09140  	0.00091  	0.02527  	-0.0126  	-0.0087  	0.02642  	0.03732  	-0.0017  	0.01467  	-0.0229  	-0.0246  	-0.0073  	-0.0522  	-0.0609  	0.08288  	-0.0056  	0.10438  	-0.4137  	-0.0561  	0.02400  	0.00541  	0.62820  	0.50885  	265.059  	212.284  	
-0.1268  	-0.1595  	0.21955  	-0.0783  	0.38048  	-0.3624  	-0.6205  	-0.2990  	0.20285  	-0.3300  	-0.3223  	0.98060  	-0.1749  	-0.3932  	-0.7727  	0.34990  	0.13944  	0.04455  	0.32230  	-0.0791  	-0.5151  	0.27658  	0.23417  	0.28795  	-0.0428  	0.16170  	0.15663  	-0.6059  	-0.1084  	-0.2557  	-0.1806  	0.03004  	0.00632  	-0.0542  	0.14334  	0.15613  	0.24038  	0.14409  	-0.3386  	-0.1052  	0.36137  	0.08983  	0.08311  	0.27358  	-0.0140  	-0.0438  	-0.0227  	0.16505  	0.09605  	-0.0047  	0.02322  	-0.0144  	-0.0053  	0.02343  	0.04399  	-0.0142  	0.01843  	-0.0225  	-0.0221  	-0.0084  	-0.0548  	-0.0592  	0.09387  	-0.0046  	0.10438  	-0.4137  	-0.0561  	0.02400  	0.00541  	0.62820  	0.50885  	265.059  	212.284  	
-0.2394  	-0.1750  	0.19322  	-0.2859  	0.23560  	-0.4390  	-0.6538  	-0.3281  	0.17816  	-0.3419  	-0.2666  	0.92244  	-0.2278  	-0.5194  	-0.9534  	0.31750  	0.14577  	0.08567  	0.34254  	-0.1109  	-0.4860  	0.26008  	0.27894  	0.24531  	-0.0035  	0.16379  	0.15569  	-0.6383  	-0.1215  	-0.2556  	-0.1616  	0.02294  	-0.0176  	-0.0641  	0.10888  	0.18462  	0.2614  	0.14250  	-0.3481  	-0.1011  	0.36995  	0.07951  	0.07485  	0.28123  	-0.0242  	-0.0451  	-0.0256  	0.16213  	0.08864  	-0.0104  	0.02077  	-0.0144  	0.00103  	0.02764  	0.03908  	-0.0118  	0.01534  	-0.0269  	-0.0231  	-0.0085  	-0.0556  	-0.0583  	0.09811  	-0.0099  	0.10438  	-0.4137  	-0.0561  	0.02400  	0.00541  	0.62820  	0.50885  	265.059  	212.284  	
-0.6475  	-0.2715  	-0.0955  	-0.4824  	0.19599  	-0.6406  	-0.6409  	-0.3576  	0.14518  	-0.3163  	-0.2062  	0.87692  	-0.2511  	-0.5186  	-0.9298  	0.08888  	0.16282  	0.03467  	0.35389  	-0.1088  	-0.4443  	0.27216  	0.35216  	0.29732  	-0.0021  	0.16955  	0.19320  	-0.6997  	-0.1283  	-0.2588  	-0.1347  	-0.0098  	-0.0137  	-0.0504  	0.10767  	0.16232  	0.27164  	0.12717  	-0.3575  	-0.1105  	0.34009  	0.08931  	0.02906  	0.26905  	-0.0017  	-0.0451  	-0.0317  	0.12390  	0.07844  	-0.0068  	0.02177  	-0.0102  	-0.0115  	0.02429  	0.03622  	-0.0142  	0.01305  	-0.0204  	-0.0242  	-0.0134  	-0.0518  	-0.0485  	0.08656  	-0.0109  	0.10438  	-0.4137  	-0.0561  	0.02400  	0.00541  	0.62820  	0.50885  	265.059  	212.284  	
-0.6759  	-0.2746  	-0.0664  	-0.5647  	0.14851  	-0.6945  	-0.6790  	-0.3401  	0.17833  	-0.3152  	-0.1862  	0.84562  	-0.2501  	-0.4301  	-0.7649  	0.00085  	0.21518  	-0.0285  	0.32780  	-0.1785  	-0.3353  	0.23267  	0.44013  	0.29253  	-0.0748  	0.19740  	0.19507  	-0.7595  	-0.1867  	-0.2834  	-0.1161  	-0.0240  	-0.0100  	-0.0544  	0.09571  	0.06926  	0.31521  	0.13414  	-0.3575  	-0.1402  	0.35515  	0.07944  	0.03890  	0.24893  	-0.0060  	-0.0459  	-0.0140  	0.12615  	0.06562  	0.00382  	0.00786  	-0.0113  	-0.0140  	0.03110  	0.02873  	-0.0190  	0.01047  	-0.0269  	-0.0320  	-0.0121  	-0.0495  	-0.0497  	0.08456  	-0.0085  	0.10438  	-0.4137  	-0.0561  	0.02400  	0.00541  	0.62820  	0.50885  	265.059  	212.284  	
-0.5308  	-0.2191  	0.06972  	-0.5815  	0.14962  	-0.5930  	-0.6756  	-0.3223  	0.19876  	-0.3100  	-0.2001  	0.91676  	-0.1871  	-0.3911  	-0.8725  	0.05195  	0.21326  	0.01905  	0.34120  	-0.1240  	-0.3757  	0.24841  	0.43781  	0.32735  	-0.0950  	0.21873  	0.12923  	-0.7493  	-0.1677  	-0.3019  	-0.1003  	-0.0393  	-0.0022  	-0.0609  	0.05142  	0.08442  	0.25537  	0.12635  	-0.3260  	-0.0979  	0.38249  	0.07009  	0.07257  	0.26210  	-0.0141  	-0.0411  	-0.0158  	0.14456  	0.07654  	0.00208  	0.00323  	-0.0145  	-0.0194  	0.02877  	0.03130  	-0.0246  	0.00665  	-0.0236  	-0.0250  	-0.0083  	-0.0506  	-0.0497  	0.08681  	-0.0151  	0.10438  	-0.4137  	-0.0561  	0.02400  	0.00541  	0.62820  	0.50885  	265.059  	212.284  	
-0.5011  	-0.1915  	0.03802  	-0.4190  	0.23852  	-0.5637  	-0.6814  	-0.2790  	0.20461  	-0.3497  	-0.2166  	1.01550  	-0.1860  	-0.3934  	-0.8143  	0.07623  	0.18645  	0.05130  	0.32834  	-0.0615  	-0.3993  	0.29981  	0.39773  	0.26010  	-0.1507  	0.22137  	0.08138  	-0.6807  	-0.1013  	-0.3038  	-0.1094  	-0.0577  	0.02685  	-0.0589  	0.03088  	0.06737  	0.23585  	0.12053  	-0.3163  	-0.0996  	0.36798  	0.07442  	0.08878  	0.25475  	-0.0167  	-0.0424  	-0.0119  	0.15161  	0.07975  	-0.0028  	0.01359  	-0.0150  	-0.0209  	0.02880  	0.03037  	-0.0132  	0.00741  	-0.0308  	-0.0286  	-0.0087  	-0.0543  	-0.0506  	0.07714  	-0.0192  	0.10438  	-0.4137  	-0.0561  	0.02400  	0.00541  	0.62820  	0.50885  	265.059  	212.284  	
-0.2935  	-0.1619  	0.13074  	-0.0687  	0.37316  	-0.4427  	-0.6748  	-0.2110  	0.23811  	-0.4512  	-0.3192  	1.12378  	-0.1711  	-0.2712  	-0.5797  	0.20834  	0.19758  	0.02970  	0.36110  	-0.0550  	-0.3368  	0.23988  	0.38355  	0.28358  	-0.1083  	0.18710  	0.14388  	-0.6330  	-0.0973  	-0.2446  	-0.1471  	-0.0183  	0.02289  	-0.0422  	0.12106  	0.03207  	0.26009  	0.14547  	-0.3396  	-0.1099  	0.33118  	0.07473  	0.05124  	0.26051  	-0.0037  	-0.0384  	-0.0200  	0.14018  	0.08269  	-0.0113  	0.01272  	-0.0192  	-0.0157  	0.03393  	0.03271  	-0.0032  	0.01093  	-0.0308  	-0.0188  	-0.0076  	-0.0574  	-0.0505  	0.07863  	-0.0188  	0.10438  	-0.4137  	-0.0561  	0.02400  	0.00541  	0.62820  	0.50885  	265.059  	212.284  	
0.00072  	-0.0629  	0.26910  	-0.0088  	0.40871  	-0.2020  	-0.6618  	-0.0946  	0.27615  	-0.5026  	-0.4795  	1.07522  	-0.0895  	-0.0643  	-0.4477  	0.30995  	0.18019  	0.00221  	0.34203  	-0.1515  	-0.2626  	0.31134  	0.38830  	0.27633  	-0.0274  	0.17764  	0.22783  	-0.7838  	-0.1843  	-0.2228  	-0.1528  	-0.0079  	0.02003  	-0.0542  	0.16390  	-0.0400  	0.31952  	0.17249  	-0.3381  	-0.1370  	0.31596  	0.05767  	0.10231  	0.25847  	-0.0186  	-0.0471  	-0.0298  	0.15845  	0.09082  	-0.0010  	-0.0023  	-0.0198  	-0.0126  	0.02443  	0.02922  	-0.0026  	0.00940  	-0.0262  	-0.0305  	-0.0207  	-0.0544  	-0.0527  	0.08702  	-0.0106  	0.10438  	-0.4137  	-0.0561  	0.02400  	0.00541  	0.62820  	0.50885  	265.059  	212.284  	
-0.0888  	-0.1104  	0.19093  	0.12634  	0.51942  	-0.3076  	-0.6608  	-0.1968  	0.25023  	-0.4427  	-0.4722  	1.09880  	-0.0952  	-0.1492  	-0.5139  	0.26617  	0.16068  	-0.0099  	0.35214  	-0.1452  	-0.3021  	0.31618  	0.36408  	0.28529  	-0.0596  	0.15307  	0.18262  	-0.7255  	-0.2153  	-0.2294  	-0.1420  	-0.0228  	0.03443  	-0.0465  	0.19506  	-0.0326  	0.32593  	0.16034  	-0.3415  	-0.1247  	0.33957  	0.06936  	0.07698  	0.26419  	-0.0284  	-0.0286  	-0.0245  	0.17544  	0.07078  	-0.0052  	0.00670  	-0.0187  	-0.0125  	0.02715  	0.02986  	-0.0044  	0.02592  	-0.0274  	-0.0231  	-0.0115  	-0.0490  	-0.0540  	0.08085  	-0.0136  	0.10438  	-0.4137  	-0.0561  	0.02400  	0.00541  	0.62820  	0.50885  	265.059  	212.284  	
-0.5059  	-0.1891  	0.02495  	-0.4397  	0.25750  	-0.5908  	-0.6793  	-0.3458  	0.20248  	-0.3025  	-0.2827  	0.96559  	-0.2496  	-0.5015  	-0.7846  	0.11330  	0.15223  	0.07800  	0.35739  	-0.1078  	-0.3531  	0.24157  	0.39091  	0.28332  	-0.1293  	0.19304  	0.09222  	-0.6875  	-0.1874  	-0.3102  	-0.1219  	-0.0148  	-0.0171  	-0.0450  	0.09056  	0.10690  	0.29048  	0.13239  	-0.3366  	-0.1059  	0.33978  	0.07531  	0.06536  	0.25086  	-0.0167  	-0.0357  	-0.0332  	0.13935  	0.06747  	0.00941  	0.01377  	-0.0151  	-0.0122  	0.03538  	0.03626  	-0.0140  	0.01497  	-0.0201  	-0.0214  	-0.0186  	-0.0586  	-0.0515  	0.07119  	-0.0160  	0.10438  	-0.4137  	-0.0561  	0.02400  	0.00541  	0.62820  	0.50885  	265.059  	212.284  	
-0.5671  	-0.2379  	0.08735  	-0.6128  	0.11253  	-0.5192  	-0.6908  	-0.4068  	0.17892  	-0.3480  	-0.2183  	0.80862  	-0.2910  	-0.6017  	-0.9156  	0.06919  	0.19016  	0.00877  	0.35890  	-0.1578  	-0.3617  	0.26204  	0.47741  	0.25871  	-0.0687  	0.21625  	0.15448  	-0.7176  	-0.1631  	-0.3029  	-0.1143  	-0.0082  	-0.0195  	-0.0554  	0.03739  	0.11379  	0.32764  	0.14777  	-0.3469  	-0.1235  	0.40456  	0.06117  	0.06073  	0.27545  	-0.0001  	-0.0386  	-0.0203  	0.12030  	0.05251  	0.00907  	0.00588  	-0.0128  	-0.0089  	0.02797  	0.03077  	-0.0180  	0.01546  	-0.0200  	-0.0278  	-0.0122  	-0.0504  	-0.0580  	0.08583  	-0.0080  	0.10438  	-0.4137  	-0.0561  	0.02400  	0.00541  	0.62820  	0.50885  	265.059  	212.284  	
-0.5150  	-0.2272  	0.09107  	-0.4906  	0.10133  	-0.4747  	-0.6756  	-0.3910  	0.18833  	-0.3905  	-0.2756  	0.84183  	-0.2774  	-0.5814  	-0.8745  	0.12730  	0.20955  	0.02798  	0.34122  	-0.1676  	-0.4060  	0.28313  	0.50670  	0.23034  	-0.1171  	0.21930  	0.11887  	-0.7224  	-0.1304  	-0.2849  	-0.1124  	0.00453  	-0.0279  	-0.0593  	-0.0057  	0.09946  	0.29867  	0.15762  	-0.3498  	-0.1239  	0.43284  	0.06121  	0.08585  	0.29558  	-0.0108  	-0.0383  	-0.0158  	0.13709  	0.06968  	-0.0006  	0.00161  	-0.0112  	-0.0108  	0.03043  	0.03796  	-0.0221  	0.01008  	-0.0213  	-0.0300  	-0.0148  	-0.0493  	-0.0497  	0.08240  	-0.0070  	0.10438  	-0.4137  	-0.0561  	0.02400  	0.00541  	0.62820  	0.50885  	265.059  	212.284  	
-0.3570  	-0.1867  	0.11570  	-0.3950  	0.20401  	-0.4558  	-0.6912  	-0.3162  	0.21639  	-0.3726  	-0.3019  	0.93235  	-0.2117  	-0.4362  	-0.9004  	0.18781  	0.15832  	0.05074  	0.34957  	-0.1167  	-0.4530  	0.27205  	0.39211  	0.17924  	-0.1311  	0.19749  	0.05345  	-0.5869  	-0.1033  	-0.2838  	-0.1311  	-0.0145  	0.02331  	-0.0488  	0.06339  	0.10893  	0.27269  	0.14042  	-0.3345  	-0.1244  	0.42694  	0.06132  	0.10739  	0.28176  	-0.0269  	-0.0453  	-0.0251  	0.14902  	0.07250  	-0.0069  	0.01189  	-0.0134  	-0.0088  	0.02826  	0.03417  	-0.0129  	0.01682  	-0.0250  	-0.0263  	-0.0160  	-0.0492  	-0.0493  	0.08722  	-0.0029  	0.10438  	-0.4137  	-0.0561  	0.02400  	0.00541  	0.62820  	0.50885  	265.059  	212.284  	
-0.3471  	-0.2117  	0.11236  	-0.2535  	0.30461  	-0.4253  	-0.7180  	-0.2699  	0.21161  	-0.4109  	-0.2149  	0.96911  	-0.2329  	-0.4000  	-0.7596  	0.25746  	0.14363  	-0.0061  	0.38083  	-0.0802  	-0.3479  	0.24431  	0.28311  	0.36044  	-0.0868  	0.18745  	0.18261  	-0.6949  	-0.2259  	-0.2912  	-0.1525  	0.02247  	0.02771  	-0.0550  	0.19315  	0.11385  	0.36164  	0.14731  	-0.4055  	-0.1359  	0.31751  	0.07806  	0.05976  	0.27021  	-0.0221  	-0.0409  	-0.0159  	0.15042  	0.08094  	-0.0016  	0.01758  	-0.0195  	-0.0118  	0.02740  	0.03325  	-0.0078  	0.01922  	-0.0283  	-0.0238  	-0.0046  	-0.0541  	-0.0645  	0.08253  	-0.0060  	0.10438  	-0.4137  	-0.0561  	0.02400  	0.00541  	0.62820  	0.50885  	265.059  	212.284  	
-0.0219  	-0.0669  	0.20500  	0.07210  	0.50809  	-0.3207  	-0.6623  	-0.2007  	0.20079  	-0.4790  	-0.4811  	1.10622  	-0.0853  	-0.0517  	-0.2434  	0.21692  	0.16995  	-0.0559  	0.33503  	-0.1383  	-0.2593  	0.26366  	0.32071  	0.38059  	-0.1753  	0.19385  	0.24412  	-0.7741  	-0.2607  	-0.2809  	-0.1488  	0.01734  	0.04647  	-0.0524  	0.24283  	-0.0032  	0.35283  	0.15422  	-0.3892  	-0.0989  	0.29504  	0.09438  	0.05937  	0.26542  	-0.0224  	-0.0273  	-0.0251  	0.15749  	0.08354  	0.01140  	0.00625  	-0.0165  	-0.0180  	0.01960  	0.02478  	-0.0022  	0.00868  	-0.0312  	-0.0232  	-0.0185  	-0.0459  	-0.0451  	0.06781  	-0.0202  	0.10438  	-0.4137  	-0.0561  	0.02400  	0.00541  	0.62820  	0.50885  	265.059  	212.284  	
0.19946  	-0.0139  	0.38285  	0.02680  	0.39911  	-0.1790  	-0.6392  	-0.1192  	0.27230  	-0.5159  	-0.4720  	0.99712  	-0.0461  	-0.0274  	-0.3684  	0.27685  	0.16637  	-0.0717  	0.32589  	-0.1901  	-0.2199  	0.29503  	0.33322  	0.34593  	-0.0598  	0.15568  	0.29216  	-0.8745  	-0.3035  	-0.2505  	-0.1523  	0.02905  	0.05091  	-0.0546  	0.30208  	0.00825  	0.40423  	0.16988  	-0.3635  	-0.1356  	0.29119  	0.09146  	0.06873  	0.26209  	-0.0305  	-0.0360  	-0.0393  	0.17812  	0.09642  	-0.0035  	0.02821  	-0.0106  	-0.0126  	0.02162  	0.03712  	0.00679  	0.00232  	-0.0275  	-0.0315  	-0.0083  	-0.0579  	-0.0470  	0.08069  	-0.0172  	0.10438  	-0.4137  	-0.0561  	0.02400  	0.00541  	0.62820  	0.50885  	265.059  	212.284  	
0.17411  	-0.0063  	0.39424  	0.06847  	0.39913  	-0.1972  	-0.6053  	-0.1155  	0.27190  	-0.4444  	-0.5456  	0.89255  	-0.0085  	0.06003  	-0.2761  	0.20552  	0.15683  	-0.1061  	0.33302  	-0.2620  	-0.2422  	0.37663  	0.36059  	0.26282  	0.00374  	0.14403  	0.32762  	-0.9303  	-0.1899  	-0.1942  	-0.1434  	0.00910  	0.02621  	-0.0433  	0.24576  	0.02464  	0.34374  	0.15638  	-0.3426  	-0.1151  	0.31779  	0.09942  	0.08362  	0.27990  	-0.0352  	-0.0384  	-0.0362  	0.19343  	0.10801  	-0.0152  	0.01721  	-0.0111  	-0.0113  	0.02514  	0.03683  	0.00274  	0.00265  	-0.0228  	-0.0289  	-0.0120  	-0.0529  	-0.0507  	0.08165  	-0.0201  	0.10438  	-0.4137  	-0.0561  	0.02400  	0.00541  	0.62820  	0.50885  	265.059  	212.284  	
-0.0293  	-0.0856  	0.08795  	0.73560  	0.82215  	-0.2121  	-0.6298  	-0.1966  	0.25263  	-0.5017  	-0.7195  	1.06891  	0.01316  	0.23500  	0.00331  	0.06535  	0.16685  	-0.1565  	0.29108  	-0.1653  	-0.3977  	0.37883  	0.24477  	0.37737  	0.12782  	0.12912  	0.33336  	-0.6858  	-0.0972  	-0.1163  	-0.2326  	0.00141  	0.00997  	-0.0528  	0.31868  	0.01237  	0.24101  	0.07929  	-0.3212  	-0.0474  	0.19244  	0.13471  	0.01119  	0.25100  	-0.0082  	-0.0477  	-0.0287  	0.15162  	0.09023  	0.00148  	0.00791  	-0.0188  	-0.0150  	0.02329  	0.02662  	-0.0046  	0.03494  	-0.0270  	-0.0282  	-0.0149  	-0.0600  	-0.0523  	0.07740  	-0.0106  	0.10438  	-0.4137  	-0.0561  	0.02400  	0.00541  	0.62820  	0.50885  	265.059  	212.284  	
-0.0605  	-0.0883  	0.03876  	0.69266  	0.81722  	-0.2315  	-0.6295  	-0.1995  	0.22016  	-0.5526  	-0.8336  	1.12672  	0.05267  	0.22182  	-0.0489  	0.12814  	0.13864  	-0.0506  	0.25982  	-0.0718  	-0.5510  	0.41133  	0.19420  	0.25245  	0.10759  	0.15734  	0.19656  	-0.5194  	0.07016  	-0.0921  	-0.2188  	-0.0300  	0.03303  	0.00570  	0.23209  	0.04376  	0.10467  	0.07972  	-0.2606  	-0.0441  	0.20488  	0.11078  	0.04095  	0.24843  	0.00112  	-0.0459  	-0.0229  	0.15404  	0.09374  	-0.0160  	0.01148  	-0.0182  	-0.0153  	0.01742  	0.03099  	-0.0024  	0.02378  	-0.0272  	-0.0194  	-0.0186  	-0.0596  	-0.0486  	0.08370  	-0.0181  	0.10438  	-0.4137  	-0.0561  	0.02400  	0.00541  	0.62820  	0.50885  	265.059  	212.284  	
-0.1451  	-0.1059  	0.14053  	0.19939  	0.53921  	-0.3026  	-0.6480  	-0.2182  	0.20902  	-0.4986  	-0.7183  	1.02296  	-0.0378  	-0.1272  	-0.3715  	0.21635  	0.16136  	-0.0146  	0.33767  	-0.1287  	-0.4234  	0.33752  	0.27885  	0.30530  	-0.0140  	0.17613  	0.21972  	-0.6527  	-0.0519  	-0.1938  	-0.1992  	-0.0033  	0.01396  	-0.0260  	0.17808  	0.03611  	0.24441  	0.12004  	-0.3400  	-0.0782  	0.26862  	0.10777  	0.04934  	0.28624  	-0.0105  	-0.0446  	-0.0306  	0.16099  	0.09229  	-0.0122  	0.00289  	-0.0272  	-0.0102  	0.02109  	0.03859  	0.00250  	0.02495  	-0.0165  	-0.0153  	-0.0085  	-0.0635  	-0.0382  	0.07722  	-0.0138  	0.10438  	-0.4137  	-0.0561  	0.02400  	0.00541  	0.62820  	0.50885  	265.059  	212.284  	
-0.2700  	-0.2198  	0.19411  	-0.3685  	0.29684  	-0.3758  	-0.6532  	-0.3145  	0.20875  	-0.4821  	-0.4801  	0.84560  	-0.1649  	-0.4412  	-0.7394  	0.25018  	0.17025  	0.02654  	0.37837  	-0.1959  	-0.4632  	0.26249  	0.34744  	0.26875  	-0.0715  	0.16557  	0.25755  	-0.7573  	-0.1401  	-0.2550  	-0.1862  	0.06908  	0.01800  	-0.0661  	0.12126  	0.12445  	0.28229  	0.17511  	-0.3582  	-0.0856  	0.36340  	0.08863  	0.07055  	0.28426  	-0.0272  	-0.0464  	-0.0270  	0.14624  	0.07633  	-0.0112  	-0.0050  	-0.0089  	-0.0052  	0.03236  	0.03521  	-0.0099  	0.01721  	-0.0262  	-0.0175  	-0.0111  	-0.0441  	-0.0590  	0.08342  	-0.0140  	0.10438  	-0.4137  	-0.0561  	0.02400  	0.00541  	0.62820  	0.50885  	265.059  	212.284  	
-0.1579  	-0.2007  	0.25883  	-0.2242  	0.28635  	-0.3627  	-0.6557  	-0.3657  	0.19632  	-0.3598  	-0.3068  	0.88037  	-0.2468  	-0.5197  	-0.8238  	0.33264  	0.17305  	0.02277  	0.37326  	-0.1335  	-0.4179  	0.26580  	0.35481  	0.34701  	-0.0257  	0.15729  	0.20796  	-0.7312  	-0.1902  	-0.2723  	-0.1707  	0.03690  	-0.0430  	-0.0677  	0.14629  	0.16196  	0.33563  	0.14842  	-0.3701  	-0.0891  	0.36960  	0.08997  	0.07482  	0.28405  	-0.0181  	-0.0405  	-0.0213  	0.14950  	0.08351  	-0.0040  	0.02009  	-0.0060  	-0.0058  	0.02751  	0.04394  	-0.0101  	0.01614  	-0.0329  	-0.0258  	-0.0072  	-0.0512  	-0.0675  	0.08736  	-0.0154  	0.10438  	-0.4137  	-0.0561  	0.02400  	0.00541  	0.62820  	0.50885  	265.059  	212.284  	
-0.2111  	-0.2115  	0.23525  	-0.2718  	0.29480  	-0.3598  	-0.6714  	-0.3282  	0.19315  	-0.3407  	-0.2858  	0.93004  	-0.2248  	-0.5494  	-0.9011  	0.36916  	0.13683  	0.03152  	0.37256  	-0.0993  	-0.4469  	0.24607  	0.27494  	0.30819  	-0.0233  	0.15602  	0.19039  	-0.6562  	-0.1515  	-0.2730  	-0.1762  	0.05783  	-0.0210  	-0.0625  	0.16578  	0.18052  	0.29896  	0.14558  	-0.3530  	-0.0796  	0.35969  	0.09321  	0.07436  	0.27471  	-0.0188  	-0.0401  	-0.0297  	0.15218  	0.08775  	0.00212  	0.02969  	-0.0154  	-0.0107  	0.02840  	0.04304  	-0.0044  	0.01930  	-0.0259  	-0.0266  	-0.0092  	-0.0544  	-0.0612  	0.08195  	-0.0099  	0.10438  	-0.4137  	-0.0561  	0.02400  	0.00541  	0.62820  	0.50885  	265.059  	212.284  	
-0.2990  	-0.2003  	0.10283  	-0.1289  	0.32201  	-0.3371  	-0.6866  	-0.3346  	0.16485  	-0.4500  	-0.4038  	0.94397  	-0.2549  	-0.4573  	-0.7445  	0.29902  	0.18984  	-0.0035  	0.36495  	-0.1461  	-0.4189  	0.24806  	0.27045  	0.36364  	0.00842  	0.17003  	0.33836  	-0.7158  	-0.1781  	-0.2194  	-0.1929  	0.06104  	-0.0381  	-0.0790  	0.17221  	0.20091  	0.30271  	0.15395  	-0.3722  	-0.1137  	0.29922  	0.10219  	0.05663  	0.25705  	-0.0282  	-0.0293  	-0.0393  	0.15018  	0.07537  	-0.0019  	0.02114  	-0.0094  	0.00096  	0.02648  	0.03421  	-0.0104  	0.01981  	-0.0206  	-0.0146  	-0.0135  	-0.0559  	-0.0639  	0.08175  	-0.0150  	0.10438  	-0.4137  	-0.0561  	0.02400  	0.00541  	0.62820  	0.50885  	265.059  	212.284  	
-0.1249  	-0.1324  	0.18069  	0.17810  	0.48899  	-0.2854  	-0.6431  	-0.2027  	0.19721  	-0.5337  	-0.6212  	1.01200  	-0.1550  	-0.1650  	-0.3931  	0.22456  	0.17398  	-0.0421  	0.33158  	-0.1418  	-0.3986  	0.29875  	0.31170  	0.34231  	0.02406  	0.15770  	0.28051  	-0.6910  	-0.0949  	-0.1875  	-0.1871  	0.02102  	-0.0210  	-0.0420  	0.20272  	0.09495  	0.26714  	0.15190  	-0.3528  	-0.0869  	0.28203  	0.09836  	0.07354  	0.27983  	-0.0218  	-0.0436  	-0.0275  	0.14957  	0.09650  	-0.0241  	0.02379  	-0.0078  	-0.0045  	0.03021  	0.03200  	-0.0061  	0.01374  	-0.0314  	-0.0171  	-0.0021  	-0.0587  	-0.0535  	0.08047  	-0.0149  	0.10438  	-0.4137  	-0.0561  	0.02400  	0.00541  	0.62820  	0.50885  	265.059  	212.284  	
0.02803  	-0.0836  	0.21732  	0.12485  	0.46775  	-0.1800  	-0.6737  	-0.1399  	0.23865  	-0.5325  	-0.6069  	1.03256  	-0.0706  	-0.0521  	-0.2991  	0.19107  	0.20016  	-0.0905  	0.33225  	-0.1703  	-0.2727  	0.31033  	0.33759  	0.37381  	-0.0018  	0.15701  	0.36580  	-0.8152  	-0.2309  	-0.2177  	-0.1922  	0.02863  	0.01205  	-0.0340  	0.28010  	0.03260  	0.34015  	0.15516  	-0.3577  	-0.0967  	0.24368  	0.10298  	0.05795  	0.28980  	-0.0247  	-0.0342  	-0.0278  	0.16061  	0.09940  	0.00179  	0.01712  	-0.0124  	-0.0116  	0.03412  	0.03037  	-0.0032  	0.00833  	-0.0245  	-0.0223  	-0.0154  	-0.0634  	-0.0496  	0.08245  	-0.0112  	0.10438  	-0.4137  	-0.0561  	0.02400  	0.00541  	0.62820  	0.50885  	265.059  	212.284  	
0.19626  	-0.0014  	0.42561  	-0.0243  	0.34278  	-0.2042  	-0.6345  	-0.0951  	0.30199  	-0.4977  	-0.4276  	0.97942  	-0.0910  	-0.0393  	-0.4139  	0.32373  	0.15558  	-0.0709  	0.34057  	-0.2028  	-0.1863  	0.30118  	0.35917  	0.33476  	-0.0649  	0.14470  	0.29325  	-0.8986  	-0.2769  	-0.2482  	-0.1911  	0.04026  	0.05602  	-0.0571  	0.26986  	-0.0339  	0.41227  	0.17945  	-0.3762  	-0.1492  	0.29228  	0.08849  	0.08453  	0.26682  	-0.0266  	-0.0395  	-0.0350  	0.17512  	0.10096  	-0.0162  	0.01698  	-0.0131  	-0.0080  	0.02411  	0.03338  	0.00387  	0.00340  	-0.0328  	-0.0254  	-0.0110  	-0.0525  	-0.0550  	0.07695  	-0.0195  	0.10438  	-0.4137  	-0.0561  	0.02400  	0.00541  	0.62820  	0.50885  	265.059  	212.284  	
0.12699  	-0.0406  	0.44208  	-0.0505  	0.31524  	-0.2232  	-0.6042  	-0.1016  	0.31062  	-0.4503  	-0.3333  	0.97406  	-0.1488  	-0.0740  	-0.4466  	0.34125  	0.17469  	-0.0698  	0.36205  	-0.1806  	-0.1147  	0.32213  	0.37691  	0.36729  	0.02166  	0.12871  	0.32637  	-0.9652  	-0.3249  	-0.2585  	-0.2132  	0.04771  	0.04177  	-0.0621  	0.25309  	-0.0139  	0.47483  	0.19751  	-0.3575  	-0.1257  	0.28550  	0.07522  	0.08855  	0.27907  	-0.0239  	-0.0470  	-0.0415  	0.17414  	0.10159  	-0.0069  	0.01792  	-0.0151  	-0.0052  	0.03288  	0.03248  	0.00580  	0.00483  	-0.0245  	-0.0290  	-0.0032  	-0.0570  	-0.0534  	0.08891  	-0.0140  	0.10438  	-0.4137  	-0.0561  	0.02400  	0.00541  	0.62820  	0.50885  	265.059  	212.284  	
-0.0273  	-0.1624  	0.22683  	0.28297  	0.52595  	-0.2537  	-0.6221  	-0.2543  	0.24220  	-0.4084  	-0.5227  	1.12592  	-0.1225  	-0.0780  	-0.3076  	0.27427  	0.17097  	-0.0381  	0.35413  	-0.1452  	-0.3251  	0.31604  	0.34812  	0.32993  	0.00131  	0.14669  	0.28056  	-0.8005  	-0.2062  	-0.2126  	-0.1865  	0.03905  	0.00257  	-0.0479  	0.21868  	-0.0253  	0.35485  	0.16923  	-0.3419  	-0.0940  	0.28347  	0.06808  	0.06792  	0.28272  	-0.0187  	-0.0404  	-0.0333  	0.15606  	0.09991  	-0.0130  	0.01130  	-0.0219  	-0.0098  	0.02638  	0.03335  	0.00520  	0.01220  	-0.0237  	-0.0256  	-0.0154  	-0.0570  	-0.0503  	0.08067  	-0.0185  	0.10438  	-0.4137  	-0.0561  	0.02400  	0.00541  	0.62820  	0.50885  	265.059  	212.284  	
-0.1888  	-0.1288  	0.10491  	0.06493  	0.48154  	-0.3079  	-0.6414  	-0.2465  	0.22223  	-0.4793  	-0.4982  	1.06408  	-0.1178  	-0.2072  	-0.4349  	0.13671  	0.17203  	0.04218  	0.32103  	-0.1446  	-0.3746  	0.28793  	0.34663  	0.31762  	-0.0577  	0.16362  	0.18897  	-0.6486  	-0.1078  	-0.2349  	-0.1687  	0.00366  	0.01880  	-0.0511  	0.15971  	0.04248  	0.25610  	0.12271  	-0.3113  	-0.0939  	0.29347  	0.07783  	0.06507  	0.25803  	-0.0069  	-0.0346  	-0.0223  	0.14549  	0.08433  	-0.0094  	0.00974  	-0.0177  	-0.0108  	0.01907  	0.03695  	-0.0150  	0.01309  	-0.0222  	-0.0217  	-0.0125  	-0.0556  	-0.0571  	0.07636  	-0.0135  	0.10438  	-0.4137  	-0.0561  	0.02400  	0.00541  	0.62820  	0.50885  	265.059  	212.284  	
-0.2737  	-0.1638  	0.08128  	-0.1146  	0.36019  	-0.3283  	-0.6621  	-0.2709  	0.19761  	-0.4624  	-0.4807  	0.96169  	-0.1527  	-0.3279  	-0.5428  	0.10067  	0.19503  	0.06157  	0.29736  	-0.1010  	-0.4060  	0.29391  	0.37892  	0.26493  	-0.0769  	0.18715  	0.10477  	-0.6056  	-0.0521  	-0.2650  	-0.1546  	-0.0134  	0.01881  	-0.0299  	0.09204  	0.05248  	0.22027  	0.13071  	-0.3225  	-0.0946  	0.35477  	0.05688  	0.08162  	0.27159  	-0.0168  	-0.0420  	-0.0147  	0.13848  	0.07675  	-0.0082  	0.01775  	-0.0130  	-0.0119  	0.01853  	0.03919  	-0.0148  	0.01315  	-0.0217  	-0.0235  	-0.0141  	-0.0563  	-0.0568  	0.08558  	-0.0073  	0.10438  	-0.4137  	-0.0561  	0.02400  	0.00541  	0.62820  	0.50885  	265.059  	212.284  	
-0.2869  	-0.1595  	0.16413  	-0.1428  	0.27792  	-0.3391  	-0.6816  	-0.2363  	0.23280  	-0.4772  	-0.4420  	0.92864  	-0.1629  	-0.3622  	-0.5371  	0.13277  	0.18704  	0.01291  	0.29934  	-0.1227  	-0.3613  	0.28684  	0.45976  	0.24361  	-0.1446  	0.20507  	0.08676  	-0.6819  	-0.1113  	-0.2984  	-0.1389  	-0.0113  	0.02173  	-0.0277  	0.08080  	0.02508  	0.27364  	0.15096  	-0.3476  	-0.1001  	0.40152  	0.05098  	0.09515  	0.28668  	-0.0200  	-0.0467  	-0.0118  	0.14770  	0.07323  	-0.0003  	0.00065  	-0.0125  	-0.0106  	0.02505  	0.03633  	-0.0149  	0.00657  	-0.0219  	-0.0286  	-0.0156  	-0.0502  	-0.0516  	0.08060  	-0.0079  	0.10438  	-0.4137  	-0.0561  	0.02400  	0.00541  	0.62820  	0.50885  	265.059  	212.284  	
-0.2559  	-0.1255  	0.16803  	-0.2104  	0.26149  	-0.3742  	-0.6665  	-0.2459  	0.23679  	-0.4397  	-0.3903  	0.94748  	-0.1668  	-0.3127  	-0.5722  	0.14709  	0.16482  	0.00351  	0.31233  	-0.1307  	-0.3528  	0.29499  	0.43271  	0.23315  	-0.1585  	0.20148  	0.09037  	-0.7149  	-0.1394  	-0.2911  	-0.1062  	-0.0098  	0.04179  	-0.0347  	0.11200  	0.01850  	0.29517  	0.15616  	-0.3553  	-0.1144  	0.41162  	0.05873  	0.08731  	0.27865  	-0.0215  	-0.0405  	-0.0144  	0.14343  	0.06937  	0.00225  	0.00198  	-0.0131  	-0.0075  	0.02578  	0.03280  	-0.0143  	0.00735  	-0.0238  	-0.0299  	-0.0128  	-0.0510  	-0.0440  	0.08019  	-0.0066  	0.10438  	-0.4137  	-0.0561  	0.02400  	0.00541  	0.62820  	0.50885  	265.059  	212.284  	
-0.3815  	-0.1635  	0.09571  	-0.3449  	0.21418  	-0.5457  	-0.7136  	-0.2154  	0.27652  	-0.3489  	-0.2349  	0.98699  	-0.0849  	-0.2427  	-0.7924  	0.23530  	0.15405  	0.04192  	0.33778  	-0.0821  	-0.3899  	0.20355  	0.32708  	0.22992  	-0.2509  	0.22038  	0.01259  	-0.6591  	-0.2172  	-0.3351  	-0.0693  	-0.0266  	0.09146  	-0.0575  	0.13851  	0.01557  	0.27494  	0.13661  	-0.3385  	-0.1268  	0.43240  	0.05800  	0.09238  	0.26082  	-0.0264  	-0.0426  	-0.0177  	0.14417  	0.08483  	0.00839  	0.00109  	-0.0090  	-0.0159  	0.01616  	0.03679  	-0.0087  	0.00229  	-0.0266  	-0.0261  	-0.0164  	-0.0479  	-0.0321  	0.08728  	-0.0026  	0.10438  	-0.4137  	-0.0561  	0.02400  	0.00541  	0.62820  	0.50885  	265.059  	212.284  	
-0.6899  	-0.3000  	-0.0884  	-0.5758  	0.20431  	-0.7566  	-0.6564  	-0.3725  	0.19090  	-0.2887  	-0.1111  	0.93692  	-0.1993  	-0.4473  	-1.0554  	0.06908  	0.14999  	0.07521  	0.31933  	-0.0720  	-0.4758  	0.21499  	0.33302  	0.21264  	-0.1647  	0.22349  	-0.0543  	-0.6250  	-0.1182  	-0.3205  	-0.0864  	-0.0456  	0.02044  	-0.0538  	0.03724  	0.11820  	0.18188  	0.11477  	-0.3058  	-0.1375  	0.39817  	0.06929  	0.08452  	0.25619  	-0.0206  	-0.0472  	-0.0209  	0.15567  	0.07829  	-0.0026  	0.00943  	-0.0146  	-0.0134  	0.01951  	0.03310  	-0.0118  	0.00909  	-0.0235  	-0.0330  	-0.0160  	-0.0428  	-0.0502  	0.08418  	-0.0089  	0.10438  	-0.4137  	-0.0561  	0.02400  	0.00541  	0.62820  	0.50885  	265.059  	212.284  	
-0.7054  	-0.2788  	-0.0286  	-0.7123  	0.07792  	-0.8400  	-0.6705  	-0.3712  	0.19778  	-0.2031  	-0.0879  	0.87319  	-0.2315  	-0.4511  	-0.9694  	0.00622  	0.18911  	0.01953  	0.33321  	-0.1283  	-0.4340  	0.27670  	0.40597  	0.25182  	-0.1258  	0.23153  	0.06095  	-0.7592  	-0.1458  	-0.3133  	-0.0662  	-0.0590  	0.03700  	-0.0495  	0.02945  	0.08263  	0.25544  	0.12671  	-0.3243  	-0.1349  	0.41964  	0.08022  	0.08167  	0.25187  	-0.0096  	-0.0475  	-0.0126  	0.16195  	0.06727  	0.00385  	0.00264  	-0.0119  	-0.0167  	0.03232  	0.03179  	-0.0241  	0.01359  	-0.0268  	-0.0312  	-0.0056  	-0.0525  	-0.0501  	0.08983  	-0.0112  	0.10438  	-0.4137  	-0.0561  	0.02400  	0.00541  	0.62820  	0.50885  	265.059  	212.284  	
-0.4683  	-0.2109  	0.12716  	-0.6024  	0.07811  	-0.5702  	-0.6839  	-0.2703  	0.19985  	-0.3096  	-0.2167  	0.88109  	-0.2117  	-0.3234  	-0.8799  	0.05570  	0.21041  	-0.0045  	0.35496  	-0.1821  	-0.3504  	0.31303  	0.47967  	0.29309  	-0.1029  	0.20384  	0.19094  	-0.7879  	-0.1910  	-0.2774  	-0.1132  	-0.0213  	5.60898  	-0.0666  	0.05478  	0.04590  	0.32517  	0.14769  	-0.3476  	-0.1365  	0.42384  	0.05002  	0.08398  	0.27498  	-0.0092  	-0.0470  	-0.0179  	0.15556  	0.06766  	-0.0033  	-0.0044  	-0.0167  	-0.0085  	0.02153  	0.02216  	-0.0201  	0.00574  	-0.0296  	-0.0309  	-0.0093  	-0.0459  	-0.0518  	0.08283  	-0.0101  	0.10438  	-0.4137  	-0.0561  	0.02400  	0.00541  	0.62820  	0.50885  	265.059  	212.284  	
-0.3044  	-0.1376  	0.20690  	-0.4012  	0.20425  	-0.4175  	-0.7142  	-0.2705  	0.20448  	-0.3546  	-0.2767  	0.95330  	-0.2285  	-0.3948  	-0.8966  	0.20919  	0.18778  	0.02064  	0.36232  	-0.1597  	-0.3714  	0.25718  	0.41231  	0.19662  	-0.1701  	0.19354  	0.07880  	-0.7199  	-0.1448  	-0.2973  	-0.1387  	0.00849  	0.03704  	-0.0627  	0.07095  	0.06649  	0.31246  	0.15423  	-0.3353  	-0.1103  	0.44661  	0.04682  	0.11812  	0.29760  	-0.0331  	-0.0465  	-0.0259  	0.15193  	0.07960  	-0.0142  	0.00281  	-0.0151  	-0.0134  	0.03321  	0.03910  	-0.0091  	0.00600  	-0.0327  	-0.0314  	-0.0162  	-0.0490  	-0.0527  	0.08180  	-0.0076  	0.10438  	-0.4137  	-0.0561  	0.02400  	0.00541  	0.62820  	0.50885  	265.059  	212.284  	
-0.4411  	-0.1807  	0.13680  	-0.5196  	0.12804  	-0.5628  	-0.6995  	-0.3771  	0.15717  	-0.2675  	-0.2242  	0.92962  	-0.2379  	-0.4605  	-1.0449  	0.16776  	0.14542  	0.01411  	0.34439  	-0.0918  	-0.4825  	0.25066  	0.36011  	0.22610  	-0.0984  	0.20108  	0.08744  	-0.6590  	-0.1094  	-0.2995  	-0.1246  	-0.0042  	0.00575  	-0.0594  	0.07060  	0.15378  	0.27205  	0.12532  	-0.3306  	-0.1015  	0.43256  	0.07428  	0.10435  	0.30078  	-0.0115  	-0.0483  	-0.0164  	0.15441  	0.08465  	-0.0207  	0.01641  	-0.0152  	-0.0076  	0.03202  	0.03724  	-0.0166  	0.01402  	-0.0243  	-0.0291  	-0.0194  	-0.0543  	-0.0552  	0.09586  	-0.0063  	0.10438  	-0.4137  	-0.0561  	0.02400  	0.00541  	0.62820  	0.50885  	265.059  	212.284  	
-0.8187  	-0.2811  	-0.0334  	-0.7300  	0.04388  	-0.7951  	-0.6603  	-0.4280  	0.12246  	-0.2046  	-0.0143  	0.86496  	-0.2351  	-0.4541  	-1.0720  	0.02792  	0.16194  	-0.0209  	0.36440  	-0.1607  	-0.4119  	0.27390  	0.40070  	0.31774  	-0.0758  	0.21954  	0.12731  	-0.8299  	-0.1866  	-0.2878  	-0.0729  	-0.0437  	0.01542  	-0.0559  	0.08636  	0.11739  	0.27176  	0.14210  	-0.3713  	-0.1678  	0.40165  	0.10384  	0.07534  	0.24958  	-0.0100  	-0.0480  	-0.0214  	0.13574  	0.06912  	0.00562  	0.01206  	-0.0111  	-0.0118  	0.03148  	0.03076  	-0.0118  	0.00613  	-0.0259  	-0.0231  	-0.0034  	-0.0466  	-0.0356  	0.08365  	-0.0192  	0.10438  	-0.4137  	-0.0561  	0.02400  	0.00541  	0.62820  	0.50885  	265.059  	212.284  	
-0.8191  	-0.3355  	-0.0673  	-0.6776  	0.09325  	-0.7877  	-0.6967  	-0.3771  	0.14825  	-0.3367  	-0.0158  	0.90903  	-0.2493  	-0.3979  	-0.8315  	-0.0428  	0.22796  	-0.0492  	0.32910  	-0.1602  	-0.3113  	0.27646  	0.50246  	0.34392  	-0.1798  	0.21989  	0.12399  	-0.7894  	-0.2532  	-0.3096  	-0.0988  	-0.0237  	0.00747  	-0.0653  	0.08116  	0.02461  	0.31789  	0.13261  	-0.3623  	-0.1663  	0.36041  	0.08902  	0.04235  	0.25283  	-0.0196  	-0.0357  	-0.0159  	0.13305  	0.08010  	0.00660  	-0.0022  	-0.0164  	-0.0141  	0.02524  	0.03106  	-0.0160  	-0.0042  	-0.0255  	-0.0282  	-0.0172  	-0.0424  	-0.0304  	0.07334  	-0.0195  	0.10438  	-0.4137  	-0.0561  	0.02400  	0.00541  	0.62820  	0.50885  	265.059  	212.284  	
-0.4769  	-0.1677  	0.02169  	-0.2136  	0.31965  	-0.5303  	-0.7005  	-0.1637  	0.21609  	-0.4647  	-0.1785  	1.11852  	-0.1668  	-0.2102  	-0.6641  	0.05074  	0.14838  	-0.0086  	0.33207  	-0.0654  	-0.3015  	0.23240  	0.36203  	0.31817  	-0.1737  	0.20668  	0.12061  	-0.6554  	-0.1635  	-0.2584  	-0.1126  	-0.0280  	0.01063  	-0.0469  	0.17365  	0.03712  	0.25824  	0.11381  	-0.3212  	-0.1206  	0.29910  	0.08786  	0.03331  	0.23675  	-0.0061  	-0.0398  	-0.0244  	0.13722  	0.07125  	0.00157  	0.01940  	-0.0156  	-0.0247  	0.02376  	0.02462  	-0.0013  	0.01474  	-0.0255  	-0.0215  	-0.0066  	-0.0500  	-0.0431  	0.07219  	-0.0142  	0.10438  	-0.4137  	-0.0561  	0.02400  	0.00541  	0.62820  	0.50885  	265.059  	212.284  	
-0.1990  	-0.0582  	0.18516  	-0.0938  	0.39959  	-0.3516  	-0.6480  	-0.1565  	0.25566  	-0.4755  	-0.4856  	1.09662  	-0.0638  	0.00092  	-0.3368  	0.13108  	0.14962  	-0.0452  	0.30473  	-0.1815  	-0.2982  	0.28106  	0.38369  	0.32851  	-0.2031  	0.19402  	0.17426  	-0.7678  	-0.2061  	-0.2600  	-0.0955  	-0.0095  	0.05087  	-0.0623  	0.17339  	-0.0156  	0.24538  	0.11114  	-0.3215  	-0.1061  	0.34588  	0.06389  	0.06753  	0.26769  	-0.0192  	-0.0297  	-0.0160  	0.17325  	0.08634  	-0.0011  	0.00065  	-0.0194  	-0.0195  	0.01815  	0.02580  	-0.0114  	0.01181  	-0.0251  	-0.0296  	-0.0108  	-0.0410  	-0.0554  	0.08560  	-0.0068  	0.10438  	-0.4137  	-0.0561  	0.02400  	0.00541  	0.62820  	0.50885  	265.059  	212.284  	
0.10426  	-0.0059  	0.35534  	-0.0118  	0.35135  	-0.1620  	-0.6467  	-0.1277  	0.28709  	-0.4944  	-0.6558  	0.92464  	-0.0170  	0.04831  	-0.1848  	0.11303  	0.18837  	-0.0483  	0.31563  	-0.2631  	-0.2576  	0.36750  	0.44464  	0.32658  	-0.1171  	0.16567  	0.26756  	-0.8825  	-0.2330  	-0.2416  	-0.1374  	0.02149  	0.05531  	-0.0587  	0.22262  	-0.0535  	0.34291  	0.14525  	-0.3808  	-0.1054  	0.30975  	0.06348  	0.09671  	0.27987  	-0.0228  	-0.0453  	-0.0221  	0.16634  	0.10683  	-0.0013  	0.00037  	-0.0200  	-0.0148  	0.02035  	0.02986  	0.00550  	0.00813  	-0.0338  	-0.0306  	-0.0094  	-0.0467  	-0.0413  	0.07868  	-0.0146  	0.10438  	-0.4137  	-0.0561  	0.02400  	0.00541  	0.62820  	0.50885  	265.059  	212.284  	
0.14245  	-0.0179  	0.37195  	0.11557  	0.40223  	-0.1296  	-0.5867  	-0.1356  	0.26325  	-0.5162  	-0.7141  	0.80424  	-0.0039  	0.03329  	-0.2476  	0.08656  	0.19348  	-0.0826  	0.31829  	-0.2803  	-0.2686  	0.39664  	0.39666  	0.31797  	0.04647  	0.14605  	0.33647  	-0.9280  	-0.1442  	-0.1912  	-0.1604  	-0.0013  	0.01424  	-0.0564  	0.22317  	-0.0117  	0.33536  	0.14088  	-0.3512  	-0.0964  	0.29396  	0.09140  	0.08933  	0.27893  	-0.0362  	-0.0386  	-0.0329  	0.18329  	0.10141  	-0.0029  	0.01059  	-0.0165  	-0.0170  	0.01988  	0.03472  	0.00597  	0.00495  	-0.0288  	-0.0339  	-0.0139  	-0.0553  	-0.0441  	0.07157  	-0.0197  	0.10438  	-0.4137  	-0.0561  	0.02400  	0.00541  	0.62820  	0.50885  	265.059  	212.284  	
-0.0482  	-0.0684  	0.26350  	-0.0112  	0.38666  	-0.3354  	-0.6210  	-0.1717  	0.22974  	-0.3981  	-0.4674  	0.79958  	-0.0934  	-0.0318  	-0.3675  	0.12076  	0.17599  	-0.1086  	0.35412  	-0.2218  	-0.2033  	0.36559  	0.37809  	0.41279  	0.07152  	0.12700  	0.38595  	-0.9627  	-0.2670  	-0.2156  	-0.1795  	0.03970  	-0.0019  	-0.0633  	0.30131  	0.00082  	0.40490  	0.14458  	-0.4013  	-0.0754  	0.26146  	0.10092  	0.05432  	0.27691  	-0.0252  	-0.0337  	-0.0244  	0.15411  	0.08171  	-0.0084  	0.01761  	-0.0081  	-0.0144  	0.01896  	0.02757  	0.00261  	-0.0014  	-0.0310  	-0.0249  	-0.0051  	-0.0469  	-0.0510  	0.06828  	-0.0184  	0.10438  	-0.4137  	-0.0561  	0.02400  	0.00541  	0.62820  	0.50885  	265.059  	212.284  	
-0.2306  	-0.1804  	0.06206  	0.08279  	0.51796  	-0.4202  	-0.6377  	-0.2391  	0.21407  	-0.4330  	-0.4322  	1.03511  	-0.1213  	-0.1626  	-0.4828  	0.20395  	0.17174  	-0.0072  	0.32729  	-0.1283  	-0.3490  	0.28384  	0.28825  	0.41161  	-0.0436  	0.15694  	0.20539  	-0.6993  	-0.1765  	-0.2277  	-0.1704  	0.00281  	-0.0081  	-0.0457  	0.26230  	0.05120  	0.30650  	0.12234  	-0.3562  	-0.1046  	0.26187  	0.11605  	0.00390  	0.26713  	-0.0115  	-0.0407  	-0.0279  	0.14645  	0.08418  	-0.0049  	0.01186  	-0.0172  	-0.0177  	0.02711  	0.02880  	-0.0043  	0.01954  	-0.0184  	-0.0135  	-0.0143  	-0.0612  	-0.0521  	0.06749  	-0.0181  	0.10438  	-0.4137  	-0.0561  	0.02400  	0.00541  	0.62820  	0.50885  	265.059  	212.284  	
-0.0730  	-0.0516  	0.13188  	0.20826  	0.54500  	-0.1742  	-0.6726  	-0.1710  	0.21002  	-0.5456  	-0.7149  	1.01207  	-0.0610  	-0.0214  	-0.2139  	0.14392  	0.15550  	-0.0817  	0.31978  	-0.1427  	-0.3833  	0.34775  	0.29763  	0.30525  	0.04034  	0.15141  	0.27865  	-0.6879  	-0.0819  	-0.1509  	-0.1911  	-0.0059  	-0.0101  	-0.0433  	0.21618  	0.02804  	0.24323  	0.12416  	-0.3260  	-0.0966  	0.27187  	0.08040  	0.07698  	0.26967  	-0.0082  	-0.0431  	-0.0331  	0.16226  	0.09295  	-0.0168  	0.01329  	-0.0147  	-0.0092  	0.01449  	0.02634  	-0.0034  	0.00918  	-0.0233  	-0.0238  	-0.0097  	-0.0561  	-0.0570  	0.07899  	-0.0158  	0.10438  	-0.4137  	-0.0561  	0.02400  	0.00541  	0.62820  	0.50885  	265.059  	212.284  	
0.00085  	-0.0512  	0.21835  	0.19184  	0.46515  	-0.1290  	-0.6823  	-0.1808  	0.25511  	-0.5147  	-0.6656  	0.96766  	-0.0892  	-0.1020  	-0.2174  	0.15469  	0.19639  	-0.0375  	0.32214  	-0.1580  	-0.3370  	0.34673  	0.36147  	0.30310  	-0.0055  	0.14434  	0.22096  	-0.7777  	-0.1236  	-0.2151  	-0.1631  	0.01041  	0.01523  	-0.0424  	0.16685  	-0.0108  	0.29735  	0.15050  	-0.3159  	-0.0988  	0.32940  	0.05710  	0.08867  	0.28812  	-0.0208  	-0.0387  	-0.0268  	0.16963  	0.09166  	-0.0003  	0.00951  	-0.0101  	-0.0092  	0.02954  	0.03285  	-0.0025  	0.00511  	-0.0323  	-0.0230  	-0.0087  	-0.0579  	-0.0445  	0.07142  	-0.0180  	0.10438  	-0.4137  	-0.0561  	0.02400  	0.00541  	0.62820  	0.50885  	265.059  	212.284  	
0.04930  	-0.0818  	0.23864  	0.04635  	0.43100  	-0.1590  	-0.6309  	-0.1763  	0.25511  	-0.4830  	-0.4299  	0.99309  	-0.1091  	-0.1698  	-0.5079  	0.26709  	0.15160  	-0.0160  	0.35203  	-0.1729  	-0.2937  	0.34201  	0.34737  	0.31446  	-0.0671  	0.13137  	0.18987  	-0.7349  	-0.1701  	-0.2733  	-0.1701  	-0.0072  	0.02168  	-0.0563  	0.19605  	0.01467  	0.35246  	0.15759  	-0.3490  	-0.1068  	0.37797  	0.06904  	0.08802  	0.27269  	-0.0204  	-0.0392  	-0.0257  	0.16248  	0.08957  	0.00143  	-4.9232  	-0.0129  	-0.0125  	0.02841  	0.03262  	-0.0052  	0.01664  	-0.0254  	-0.0261  	-0.0150  	-0.0535  	-0.0514  	0.08241  	-0.0184  	0.10438  	-0.4137  	-0.0561  	0.02400  	0.00541  	0.62820  	0.50885  	265.059  	212.284  	
-0.2464  	-0.1622  	0.17239  	-0.3390  	0.25216  	-0.3451  	-0.6297  	-0.2969  	0.20807  	-0.3723  	-0.3023  	0.92381  	-0.2130  	-0.3488  	-0.8750  	0.22731  	0.12840  	0.06158  	0.33949  	-0.0715  	-0.4300  	0.26191  	0.31435  	0.25213  	-0.0147  	0.17058  	0.12363  	-0.6993  	-0.1145  	-0.2843  	-0.1562  	-0.0039  	0.00416  	-0.0479  	0.12810  	0.11683  	0.28470  	0.15931  	-0.3274  	-0.0848  	0.40091  	0.08259  	0.09554  	0.27885  	-0.0253  	-0.0391  	-0.0286  	0.15376  	0.07362  	-0.0084  	0.02798  	-0.0077  	-0.0027  	0.02841  	0.03424  	-0.0056  	0.01890  	-0.0247  	-0.0314  	-0.0106  	-0.0488  	-0.0592  	0.08760  	-0.0064  	0.10438  	-0.4137  	-0.0561  	0.02400  	0.00541  	0.62820  	0.50885  	265.059  	212.284  	
-0.4320  	-0.2112  	0.11484  	-0.5032  	0.12200  	-0.4624  	-0.6738  	-0.3535  	0.20502  	-0.3494  	-0.2477  	0.82050  	-0.2309  	-0.4522  	-0.9021  	0.16493  	0.18974  	0.00327  	0.38561  	-0.1683  	-0.3845  	0.23430  	0.37710  	0.26159  	0.01408  	0.16030  	0.21925  	-0.7922  	-0.1829  	-0.2891  	-0.1302  	0.02562  	0.00159  	-0.0621  	0.11595  	0.13768  	0.34408  	0.16422  	-0.3674  	-0.1311  	0.39921  	0.05845  	0.08070  	0.27477  	-0.0201  	-0.0326  	-0.0212  	0.14333  	0.06735  	0.00298  	0.01377  	-0.0118  	-0.0060  	0.03036  	0.03431  	-0.0153  	0.00975  	-0.0212  	-0.0179  	-0.0112  	-0.0526  	-0.0495  	0.08005  	-0.0119  	0.10438  	-0.4137  	-0.0561  	0.02400  	0.00541  	0.62820  	0.50885  	265.059  	212.284  	
-0.5768  	-0.2299  	0.05102  	-0.6100  	0.08353  	-0.5957  	-0.6751  	-0.3568  	0.16372  	-0.3389  	-0.2452  	0.82852  	-0.2509  	-0.4600  	-0.8738  	0.08882  	0.19532  	0.01444  	0.35934  	-0.1595  	-0.3952  	0.26699  	0.44834  	0.27338  	-0.0549  	0.19195  	0.16973  	-0.7540  	-0.1729  	-0.2776  	-0.1210  	-0.0139  	-0.0108  	-0.0532  	0.08576  	0.11391  	0.30073  	0.14191  	-0.3727  	-0.1358  	0.38280  	0.08853  	0.05510  	0.27180  	-0.0161  	-0.0395  	-0.0215  	0.13876  	0.06925  	-0.0047  	0.01348  	-0.0077  	-0.0114  	0.02859  	0.02933  	-0.0174  	0.01523  	-0.0187  	-0.0252  	-0.0186  	-0.0505  	-0.0546  	0.08399  	-0.0119  	0.10438  	-0.4137  	-0.0561  	0.02400  	0.00541  	0.62820  	0.50885  	265.059  	212.284  	
-0.7433  	-0.2346  	0.00515  	-0.4942  	0.17936  	-0.7223  	-0.6581  	-0.2989  	0.14847  	-0.3250  	-0.1995  	0.89498  	-0.1430  	-0.4870  	-0.8130  	-0.0268  	0.25143  	-0.1313  	0.37893  	-0.3718  	-0.4003  	0.06484  	0.15605  	0.26977  	-0.1496  	0.32076  	0.08841  	-0.7792  	-0.0288  	-0.3064  	-0.0013  	-0.0900  	-0.0877  	-0.2123  	-0.0272  	0.07270  	0.11533  	0.11834  	-0.4209  	-0.1791  	0.45244  	0.21732  	-0.0671  	0.33939  	-0.0700  	-0.0213  	-0.0426  	0.17108  	0.05973  	-0.0084  	0.01476  	-0.0074  	-0.0130  	0.04541  	0.03409  	-0.0244  	0.01213  	-0.0373  	-0.0238  	-0.0070  	-0.0428  	-0.0508  	0.06669  	-0.0104  	0.10438  	-0.4137  	-0.0561  	0.02400  	0.00541  	0.62820  	0.50885  	265.059  	212.284  	
-0.7154  	-0.2690  	-0.0814  	-0.4283  	0.29467  	-0.7297  	-0.7026  	-0.2342  	0.15027  	-0.4022  	-0.0841  	0.97319  	-0.1016  	-0.4634  	-0.6907  	-0.0605  	0.35606  	-0.2922  	0.41989  	-0.5161  	-0.2477  	-0.1908  	-0.0878  	0.31775  	-0.2746  	0.40637  	0.08454  	-0.8280  	-0.0216  	-0.3157  	0.11266  	-0.1383  	-0.1429  	-0.3328  	0.04475  	-0.0097  	0.07358  	0.11135  	-0.5345  	-0.2586  	0.45644  	0.33818  	-0.1916  	0.37996  	-0.1165  	-0.0140  	-0.0624  	0.16907  	0.04446  	-0.0149  	0.02933  	-0.0045  	-0.0123  	0.05692  	0.04661  	-0.0107  	0.00364  	-0.0499  	-0.0298  	0.00564  	-0.0379  	-0.0433  	0.05118  	-0.0084  	0.10438  	-0.4137  	-0.0561  	0.02400  	0.00541  	0.62820  	0.50885  	265.059  	212.284  	
-0.7014  	-0.2167  	-0.0314  	-0.3491  	0.32010  	-0.7633  	-0.7315  	-0.1454  	0.17147  	-0.4031  	-0.0861  	1.09834  	-0.0611  	-0.3707  	-0.5895  	-0.1217  	0.35195  	-0.3335  	0.48573  	-0.5907  	-0.1681  	-0.2169  	-0.1242  	0.29201  	-0.3332  	0.42034  	0.08968  	-0.8415  	-0.0179  	-0.3361  	0.13679  	-0.1613  	-0.1345  	-0.3685  	0.02208  	-0.0407  	0.09757  	0.11372  	-0.5426  	-0.3054  	0.48867  	0.37308  	-0.2056  	0.39339  	-0.1229  	0.00596  	-0.0720  	0.18234  	0.02773  	-0.0174  	0.01730  	-0.0001  	-0.0217  	0.05702  	0.03943  	-0.0081  	0.00302  	-0.0471  	-0.0246  	0.00265  	-0.0368  	-0.0533  	0.04288  	-0.0152  	0.10438  	-0.4137  	-0.0561  	0.02400  	0.00541  	0.62820  	0.50885  	265.059  	212.284  	
-0.5236  	-0.2056  	0.08828  	-0.5455  	0.14579  	-0.7259  	-0.7503  	-0.1456  	0.13976  	-0.3128  	-0.1366  	0.94334  	-0.0997  	-0.4406  	-0.7098  	-0.0966  	0.38533  	-0.2810  	0.48026  	-0.6241  	-0.2452  	-0.1401  	-0.0145  	0.28153  	-0.2014  	0.38585  	0.09199  	-0.9300  	-0.0078  	-0.3353  	0.13634  	-0.1449  	-0.1531  	-0.3581  	-0.0645  	0.01295  	0.11491  	0.14313  	-0.5129  	-0.2801  	0.51137  	0.31125  	-0.1640  	0.40711  	-0.1198  	0.00068  	-0.0651  	0.17012  	0.04485  	-0.0326  	0.01344  	-0.0015  	-0.0137  	0.05136  	0.04341  	-0.0242  	0.00358  	-0.0432  	-0.0229  	0.00207  	-0.0416  	-0.0585  	0.05709  	-0.0129  	0.10438  	-0.4137  	-0.0561  	0.02400  	0.00541  	0.62820  	0.50885  	265.059  	212.284  	
-0.4781  	-0.1773  	0.16051  	-0.5602  	0.06389  	-0.5474  	-0.6780  	-0.2260  	0.20998  	-0.3240  	-0.2677  	0.85968  	-0.1842  	-0.4866  	-0.8162  	-0.0271  	0.29597  	-0.1221  	0.43604  	-0.4009  	-0.3327  	0.08029  	0.23570  	0.20914  	-0.1769  	0.31209  	0.08741  	-0.7874  	-0.0258  	-0.3161  	0.02010  	-0.0844  	-0.0971  	-0.2184  	-0.0979  	0.03754  	0.18593  	0.15035  	-0.4270  	-0.2056  	0.52048  	0.17583  	0.00756  	0.37383  	-0.0700  	-0.0296  	-0.0460  	0.18053  	0.06507  	-0.0083  	0.00676  	-0.0128  	-0.0075  	0.04760  	0.03552  	-0.0223  	0.00952  	-0.0356  	-0.0353  	0.00147  	-0.0436  	-0.0470  	0.07264  	-0.0053  	0.10438  	-0.4137  	-0.0561  	0.02400  	0.00541  	0.62820  	0.50885  	265.059  	212.284  	
-0.4300  	-0.1532  	0.11660  	-0.5614  	0.11666  	-0.5172  	-0.6873  	-0.3404  	0.22041  	-0.3562  	-0.2549  	0.86454  	-0.2781  	-0.5476  	-0.9108  	0.11341  	0.19944  	0.01148  	0.38167  	-0.1373  	-0.3629  	0.26267  	0.45224  	0.23664  	-0.1114  	0.19564  	0.16723  	-0.7443  	-0.1642  	-0.2915  	-0.1239  	-0.0022  	-0.0025  	-0.0539  	0.02370  	0.08715  	0.30956  	0.15258  	-0.3462  	-0.1238  	0.44285  	0.05807  	0.10115  	0.29548  	-0.0219  	-0.0474  	-0.0138  	0.15174  	0.07759  	-0.0005  	0.01170  	-0.0117  	-0.0061  	0.03310  	0.02969  	-0.0158  	0.00942  	-0.0178  	-0.0254  	-0.0145  	-0.0471  	-0.0478  	0.08363  	-0.0099  	0.10438  	-0.4137  	-0.0561  	0.02400  	0.00541  	0.62820  	0.50885  	265.059  	212.284  	
-0.5009  	-0.2341  	0.03614  	-0.4876  	0.13342  	-0.5706  	-0.7034  	-0.3619  	0.18680  	-0.3572  	-0.2175  	0.87548  	-0.2730  	-0.5867  	-0.8896  	0.13670  	0.20606  	0.03664  	0.38350  	-0.1372  	-0.3686  	0.25375  	0.43928  	0.25774  	-0.0816  	0.19480  	0.17062  	-0.7288  	-0.1508  	-0.2715  	-0.1326  	0.00647  	-0.0171  	-0.0564  	0.05557  	0.09484  	0.30305  	0.14532  	-0.3740  	-0.1251  	0.39460  	0.07926  	0.06552  	0.27411  	-0.0148  	-0.0386  	-0.0171  	0.14739  	0.07485  	-0.0053  	0.00858  	-0.0098  	-0.0084  	0.03160  	0.03229  	-0.0140  	0.01454  	-0.0262  	-0.0213  	-0.0181  	-0.0520  	-0.0598  	0.07739  	-0.0093  	0.10438  	-0.4137  	-0.0561  	0.02400  	0.00541  	0.62820  	0.50885  	265.059  	212.284  	
-0.4908  	-0.2185  	-0.0355  	-0.1354  	0.40384  	-0.5197  	-0.7079  	-0.3133  	0.18336  	-0.4069  	-0.2845  	1.05631  	-0.2069  	-0.4015  	-0.6646  	0.14828  	0.16249  	0.01496  	0.35214  	-0.0972  	-0.4041  	0.24564  	0.34595  	0.23766  	-0.1265  	0.19163  	0.13459  	-0.6179  	-0.1034  	-0.2475  	-0.1310  	-0.0062  	-0.0003  	-0.0469  	0.12338  	0.07902  	0.20960  	0.11354  	-0.3373  	-0.0967  	0.31547  	0.08010  	0.04077  	0.25605  	-0.0006  	-0.0440  	-0.0170  	0.12700  	0.07220  	-0.0011  	0.02858  	-0.0177  	-0.0160  	0.02884  	0.03242  	-0.0128  	0.01964  	-0.0226  	-0.0239  	-0.0092  	-0.0515  	-0.0513  	0.08317  	-0.0142  	0.10438  	-0.4137  	-0.0561  	0.02400  	0.00541  	0.62820  	0.50885  	265.059  	212.284  	
-0.1870  	-0.1385  	0.11785  	0.09783  	0.46996  	-0.3205  	-0.6819  	-0.2367  	0.22330  	-0.4891  	-0.5567  	1.05209  	-0.1171  	-0.1940  	-0.4171  	0.14840  	0.18413  	0.00697  	0.30323  	-0.1066  	-0.4166  	0.29842  	0.32468  	0.24610  	-0.0761  	0.18519  	0.11465  	-0.5953  	-0.0636  	-0.2075  	-0.1546  	-0.0162  	-0.0052  	-0.0433  	0.14979  	0.07494  	0.20112  	0.11332  	-0.3162  	-0.0944  	0.32591  	0.05539  	0.07218  	0.27129  	-0.0138  	-0.0372  	-0.0168  	0.15511  	0.07970  	-0.0132  	0.01762  	-0.0207  	-0.0147  	0.02219  	0.03623  	-0.0135  	0.01996  	-0.0253  	-0.0167  	-0.0124  	-0.0591  	-0.0530  	0.07561  	-0.0133  	0.10438  	-0.4137  	-0.0561  	0.02400  	0.00541  	0.62820  	0.50885  	265.059  	212.284  	
-0.0251  	-0.0570  	0.25736  	0.11869  	0.45817  	-0.1756  	-0.6609  	-0.1472  	0.26348  	-0.5282  	-0.5708  	1.02701  	-0.0797  	-0.0696  	-0.2927  	0.17395  	0.19670  	-0.0242  	0.31308  	-0.1197  	-0.3078  	0.28781  	0.33179  	0.31326  	-0.0387  	0.15897  	0.21203  	-0.7250  	-0.1499  	-0.2342  	-0.1547  	0.00154  	0.05384  	-0.0484  	0.19726  	-0.0070  	0.31921  	0.14876  	-0.3175  	-0.0991  	0.31706  	0.06474  	0.07153  	0.26443  	-0.0131  	-0.0388  	-0.0220  	0.15849  	0.09334  	-0.0038  	0.01771  	-0.0148  	-0.0115  	0.02278  	0.03175  	-0.0038  	0.00954  	-0.0267  	-0.0253  	-0.0129  	-0.0607  	-0.0422  	0.08390  	-0.0082  	0.10438  	-0.4137  	-0.0561  	0.02400  	0.00541  	0.62820  	0.50885  	265.059  	212.284  	
0.16183  	-0.0125  	0.41119  	-0.0029  	0.33444  	-0.1377  	-0.6223  	-0.1093  	0.30034  	-0.5105  	-0.3607  	0.96874  	-0.1266  	-0.0661  	-0.3784  	0.27564  	0.19217  	-0.1074  	0.34531  	-0.2070  	-0.0971  	0.32144  	0.41713  	0.39968  	-0.0904  	0.14332  	0.31612  	-0.9476  	-0.3682  	-0.2780  	-0.1823  	0.04908  	0.03555  	-0.0598  	0.29822  	-0.0391  	0.46705  	0.19144  	-0.4019  	-0.1537  	0.28831  	0.07992  	0.06253  	0.27049  	-0.0174  	-0.0365  	-0.0337  	0.16726  	0.09193  	0.00831  	0.01201  	-0.0130  	-0.0068  	0.02665  	0.03537  	0.00904  	0.00754  	-0.0265  	-0.0291  	-0.0055  	-0.0537  	-0.0435  	0.08583  	-0.0145  	0.10438  	-0.4137  	-0.0561  	0.02400  	0.00541  	0.62820  	0.50885  	265.059  	212.284  	
0.21785  	-0.0188  	0.50836  	-0.1091  	0.23226  	-0.2035  	-0.6344  	-0.0375  	0.34044  	-0.4654  	-0.2129  	1.03689  	-0.1586  	-0.1218  	-0.6023  	0.40846  	0.15387  	-0.0547  	0.37063  	-0.1830  	-0.0644  	0.28014  	0.41689  	0.31377  	-0.1158  	0.13513  	0.25529  	-0.9906  	-0.4069  	-0.2884  	-0.1727  	0.05883  	0.04789  	-0.0634  	0.25566  	-0.0571  	0.49435  	0.21987  	-0.3800  	-0.1804  	0.30675  	0.07479  	0.10817  	0.28094  	-0.0220  	-0.0343  	-0.0346  	0.18121  	0.09641  	-0.0116  	-0.0031  	-0.0112  	-0.0085  	0.02949  	0.03081  	0.00397  	-0.0001  	-0.0256  	-0.0333  	-0.0129  	-0.0556  	-0.0539  	0.08346  	-0.0186  	0.10438  	-0.4137  	-0.0561  	0.02400  	0.00541  	0.62820  	0.50885  	265.059  	212.284  	
0.10554  	-0.0625  	0.45381  	-0.3354  	0.15240  	-0.2808  	-0.6059  	-0.0607  	0.36115  	-0.3502  	-0.1649  	1.04596  	-0.1149  	-0.0457  	-0.7584  	0.47322  	0.12538  	-0.0627  	0.37943  	-0.0993  	-0.0552  	0.25147  	0.33421  	0.28336  	-0.0494  	0.10194  	0.25948  	-0.9182  	-0.3371  	-0.3209  	-0.1558  	0.06039  	0.07633  	-0.0577  	0.21797  	-0.0191  	0.44001  	0.18806  	-0.3453  	-0.1306  	0.33330  	0.06690  	0.09148  	0.28253  	-0.0205  	-0.0353  	-0.0318  	0.17953  	0.09797  	-0.0042  	0.00568  	-0.0121  	-0.0118  	0.02972  	0.02592  	-0.0045  	0.01012  	-0.0283  	-0.0251  	-0.0068  	-0.0523  	-0.0606  	0.08465  	-0.0140  	0.10438  	-0.4137  	-0.0561  	0.02400  	0.00541  	0.62820  	0.50885  	265.059  	212.284  	
-0.2935  	-0.1546  	0.15250  	-0.0070  	0.34227  	-0.4338  	-0.6507  	-0.2651  	0.21480  	-0.3725  	-0.1432  	1.13040  	-0.1347  	-0.2042  	-0.7050  	0.26591  	0.11357  	-0.0195  	0.34562  	0.02736  	-0.3029  	0.29271  	0.29506  	0.34072  	-0.1082  	0.13695  	0.12565  	-0.7777  	-0.2753  	-0.2634  	-0.1089  	-0.0177  	0.05078  	-0.0560  	0.19490  	0.08513  	0.34106  	0.14813  	-0.3546  	-0.1665  	0.36295  	0.08502  	0.03885  	0.25912  	-0.0142  	-0.0301  	-0.0312  	0.15802  	0.06718  	0.00499  	0.00301  	-0.0244  	0.00237  	0.01894  	0.02361  	-0.0096  	0.01770  	-0.0241  	-0.0162  	-0.0036  	-0.0532  	-0.0574  	0.06987  	-0.0135  	0.10438  	-0.4137  	-0.0561  	0.02400  	0.00541  	0.62820  	0.50885  	265.059  	212.284  	
-0.7147  	-0.2733  	-0.0553  	-0.4669  	0.26095  	-0.6883  	-0.6493  	-0.3026  	0.19341  	-0.2961  	-0.0853  	1.02212  	-0.2554  	-0.4137  	-0.8520  	-0.0173  	0.14613  	0.02146  	0.31661  	-0.1034  	-0.3190  	0.24508  	0.38941  	0.29616  	-0.1875  	0.19928  	0.12896  	-0.7199  	-0.1880  	-0.3279  	-0.1362  	-0.0565  	0.01947  	-0.0455  	0.12034  	0.04738  	0.28785  	0.12831  	-0.3493  	-0.1425  	0.34139  	0.09526  	0.03997  	0.24388  	-0.0053  	-0.0412  	-0.0224  	0.13060  	0.06039  	0.00245  	0.00467  	-0.0158  	-0.0177  	0.02812  	0.02678  	-0.0131  	0.01447  	-0.0236  	-0.0223  	-0.0115  	-0.0536  	-0.0550  	0.07625  	-0.0157  	0.10438  	-0.4137  	-0.0561  	0.02400  	0.00541  	0.62820  	0.50885  	265.059  	212.284  	
-0.6845  	-0.2541  	-0.0197  	-0.7037  	0.07029  	-0.7477  	-0.7063  	-0.2812  	0.17186  	-0.2615  	-0.0493  	0.87855  	-0.2552  	-0.4300  	-0.9795  	-0.0311  	0.21784  	-0.0104  	0.35029  	-0.1309  	-0.3299  	0.27876  	0.45508  	0.29565  	-0.1191  	0.19418  	0.14197  	-0.7726  	-0.1768  	-0.3188  	-0.1097  	-0.0360  	0.00413  	-0.0687  	0.07642  	0.07547  	0.31330  	0.14451  	-0.3266  	-0.1422  	0.36343  	0.09376  	0.04353  	0.24903  	-0.0147  	-0.0389  	-0.0164  	0.14012  	0.06526  	0.00159  	-0.0026  	-0.0135  	-0.0168  	0.02435  	0.03367  	-0.0199  	0.01050  	-0.0205  	-0.0228  	-0.0157  	-0.0467  	-0.0478  	0.08487  	-0.0114  	0.10438  	-0.4137  	-0.0561  	0.02400  	0.00541  	0.62820  	0.50885  	265.059  	212.284  	
-0.5570  	-0.2600  	0.01638  	-0.6146  	0.12077  	-0.6578  	-0.7085  	-0.2681  	0.20905  	-0.2909  	-0.1407  	0.91917  	-0.2189  	-0.4108  	-0.8631  	0.00686  	0.21722  	0.01469  	0.34431  	-0.1452  	-0.3631  	0.26361  	0.45703  	0.29903  	-0.1118  	0.20387  	0.14151  	-0.7321  	-0.1778  	-0.2941  	-0.0768  	-0.0337  	0.00208  	-0.0686  	0.04976  	0.05384  	0.26962  	0.13162  	-0.3261  	-0.1133  	0.37023  	0.08075  	0.06401  	0.25811  	-0.0216  	-0.0416  	-0.0190  	0.14450  	0.07365  	-0.0014  	0.00295  	-0.0149  	-0.0217  	0.02460  	0.03104  	-0.0206  	0.00620  	-0.0299  	-0.0301  	-0.0108  	-0.0545  	-0.0467  	0.08511  	-0.0101  	0.10438  	-0.4137  	-0.0561  	0.02400  	0.00541  	0.62820  	0.50885  	265.059  	212.284  	
-0.3958  	-0.1134  	0.04192  	-0.3740  	0.18238  	-0.5315  	-0.7065  	-0.1796  	0.24491  	-0.3520  	-0.3396  	0.98324  	-0.1355  	-0.1952  	-0.5620  	-0.0067  	0.17420  	0.00723  	0.33328  	-0.0940  	-0.2991  	0.33678  	0.46694  	0.30585  	-0.1020  	0.18710  	0.18262  	-0.7139  	-0.1993  	-0.2791  	-0.1168  	-0.0517  	0.01366  	-0.0350  	0.08308  	0.01554  	0.30040  	0.12457  	-0.3499  	-0.0801  	0.37766  	0.05527  	0.07116  	0.27444  	-0.0235  	-0.0530  	-0.0244  	0.14523  	0.07561  	0.00289  	0.00992  	-0.0187  	-0.0159  	0.04053  	0.01573  	-0.0053  	0.00612  	-0.0394  	-0.0267  	-0.0101  	-0.0412  	-0.0348  	0.06840  	-0.0240  	0.10438  	-0.4137  	-0.0561  	0.02400  	0.00541  	0.62820  	0.50885  	265.059  	212.284  	
-0.1952  	-0.0789  	0.18319  	-0.1524  	0.29040  	-0.3133  	-0.6758  	-0.1408  	0.30094  	-0.4354  	-0.5722  	1.01717  	-0.0679  	-0.1166  	-0.4967  	0.14166  	0.16547  	0.03171  	0.32546  	-0.1359  	-0.3667  	0.32952  	0.44301  	0.23436  	-0.1647  	0.20142  	0.07240  	-0.7006  	-0.1426  	-0.2924  	-0.1182  	-0.0544  	0.05312  	-0.0394  	0.05305  	-0.0118  	0.27466  	0.13924  	-0.3164  	-0.0702  	0.40277  	0.04375  	0.10312  	0.28786  	-0.0420  	-0.0334  	-0.0102  	0.17936  	0.08565  	0.00734  	0.01336  	-0.0169  	-0.0223  	0.02888  	0.02937  	-0.0029  	-0.0028  	-0.0355  	-0.0203  	-0.0161  	-0.0430  	-0.0397  	0.07118  	-0.0157  	0.10438  	-0.4137  	-0.0561  	0.02400  	0.00541  	0.62820  	0.50885  	265.059  	212.284  	
-0.0299  	-0.0341  	0.27408  	-0.0005  	0.36851  	-0.2409  	-0.6787  	-0.1598  	0.27169  	-0.4797  	-0.4841  	1.02293  	-0.0877  	-0.1106  	-0.4138  	0.18585  	0.19569  	-0.0173  	0.32588  	-0.1543  	-0.2891  	0.29389  	0.39141  	0.24664  	-0.1597  	0.18794  	0.10352  	-0.7558  	-0.2063  	-0.2715  	-0.1142  	-0.0143  	0.05111  	-0.0483  	0.13426  	-0.0213  	0.32267  	0.15763  	-0.3233  	-0.1189  	0.34986  	0.04966  	0.10675  	0.26546  	-0.0217  	-0.0344  	-0.0147  	0.16593  	0.08381  	0.00098  	0.01641  	-0.0148  	-0.0123  	0.01825  	0.02905  	-0.0062  	0.00683  	-0.0309  	-0.0303  	-0.0206  	-0.0572  	-0.0392  	0.07701  	-0.0089  	0.10438  	-0.4137  	-0.0561  	0.02400  	0.00541  	0.62820  	0.50885  	265.059  	212.284  	
0.09403  	-0.0179  	0.35977  	-0.0018  	0.34953  	-0.1812  	-0.6615  	-0.1191  	0.30584  	-0.5156  	-0.4582  	1.00211  	-0.0875  	-0.1016  	-0.3472  	0.22729  	0.18956  	-0.0524  	0.32663  	-0.1620  	-0.1809  	0.30525  	0.40006  	0.28726  	-0.1356  	0.17218  	0.17500  	-0.8510  	-0.2464  	-0.2763  	-0.1319  	0.01229  	0.06008  	-0.0555  	0.19319  	-0.0394  	0.39246  	0.18331  	-0.3569  	-0.1534  	0.34370  	0.06288  	0.08401  	0.26261  	-0.0186  	-0.0363  	-0.0201  	0.16298  	0.08663  	-0.0051  	0.00416  	-0.0134  	-0.0079  	0.02234  	0.02876  	0.00121  	0.00784  	-0.0248  	-0.0287  	-0.0126  	-0.0529  	-0.0425  	0.07959  	-0.0077  	0.10438  	-0.4137  	-0.0561  	0.02400  	0.00541  	0.62820  	0.50885  	265.059  	212.284  	
0.15578  	0.00628  	0.41608  	-0.0317  	0.30149  	-0.1406  	-0.6443  	-0.0604  	0.31798  	-0.5463  	-0.3787  	0.97119  	-0.1276  	-0.0700  	-0.3452  	0.27183  	0.18791  	-0.1246  	0.34449  	-0.2285  	-0.0877  	0.32289  	0.46629  	0.34474  	-0.1276  	0.16748  	0.28317  	-0.9905  	-0.3495  	-0.2964  	-0.1499  	0.03958  	0.04979  	-0.0568  	0.25287  	-0.0619  	0.47993  	0.21727  	-0.4009  	-0.1835  	0.30793  	0.07031  	0.08814  	0.27770  	-0.0243  	-0.0390  	-0.0229  	0.17490  	0.09226  	1.87065  	-0.0067  	-0.0111  	-0.0092  	0.03328  	0.03505  	0.00417  	0.00309  	-0.0273  	-0.0323  	-0.0086  	-0.0493  	-0.0441  	0.08054  	-0.0106  	0.10438  	-0.4137  	-0.0561  	0.02400  	0.00541  	0.62820  	0.50885  	265.059  	212.284  	
