0.56021  	0.07378  	0.00331  	-0.0797  	0.66674  	-0.7166  	-0.4505  	0.50584  	0.05863  	-0.6208  	-0.0296  	0.86825  	-0.0844  	0.09603  	-0.7048  	-0.0006  	0.47372  	-0.4484  	0.61160  	0.07002  	0.18712  	0.83485  	0.24010  	0.72437  	0.38250  	0.15011  	0.51655  	-1.0320  	-0.6957  	-0.2549  	-0.1941  	0.01211  	0.00471  	-0.2004  	0.63722  	0.04709  	0.61942  	0.17881  	-0.5672  	-0.1437  	0.01994  	0.14022  	-0.1362  	0.24601  	0.09455  	-0.0280  	0.00523  	0.00377  	0.03084  	-0.1340  	-0.1166  	-0.0645  	0.00873  	-0.0071  	-0.0039  	0.01571  	0.00610  	0.00978  	0.02763  	-0.0275  	-0.0302  	0.02024  	0.04591  	0.00058  	0.19591  	-0.0401  	-0.0029  	-0.0129  	0.02117  	0.32912  	0.47227  	293.370  	223.447  	
0.46398  	0.06397  	-0.0474  	-0.1409  	0.70017  	-0.8030  	-0.4491  	0.43367  	0.03733  	-0.5410  	-0.0511  	0.92370  	-0.0597  	0.04668  	-0.8684  	-0.0057  	0.44110  	-0.3724  	0.58987  	0.18378  	0.06229  	0.79292  	0.13639  	0.64819  	0.39952  	0.17190  	0.38466  	-0.8278  	-0.5473  	-0.2668  	-0.1685  	-0.0347  	0.03490  	-0.1944  	0.54515  	0.10337  	0.50081  	0.13042  	-0.5112  	-0.1108  	0.09234  	0.13049  	-0.1206  	0.24127  	0.09415  	-0.0312  	0.01486  	0.00880  	0.02942  	-0.1289  	-0.1091  	-0.0687  	0.00521  	-0.0171  	-0.0009  	0.00609  	0.01144  	0.00830  	0.02994  	-0.0334  	-0.0334  	0.01744  	0.04984  	0.00350  	0.19591  	-0.0401  	-0.0029  	-0.0129  	0.02117  	0.32912  	0.47227  	293.370  	223.447  	
0.34042  	0.01299  	-0.1165  	-0.2668  	0.64971  	-0.8923  	-0.4606  	0.37419  	0.00047  	-0.4429  	-0.0883  	0.85839  	-0.0319  	0.01383  	-1.0117  	-0.0434  	0.42178  	-0.3218  	0.60198  	0.21539  	-0.1030  	0.78471  	0.08069  	0.63487  	0.46326  	0.16078  	0.36656  	-0.7294  	-0.4573  	-0.2505  	-0.1558  	-0.0486  	0.03076  	-0.1953  	0.48275  	0.15980  	0.45832  	0.10849  	-0.4656  	-0.0854  	0.12524  	0.13188  	-0.0999  	0.23992  	0.09136  	-0.0246  	0.00408  	0.02126  	0.02415  	-0.1283  	-0.1067  	-0.0733  	0.00770  	-0.0168  	0.00262  	0.00987  	0.01433  	0.00177  	0.03303  	-0.0277  	-0.0302  	0.01473  	0.04887  	0.01085  	0.19591  	-0.0401  	-0.0029  	-0.0129  	0.02117  	0.32912  	0.47227  	293.370  	223.447  	
-0.0655  	-0.1227  	-0.4571  	-0.5315  	0.59273  	-1.2090  	-0.4640  	0.26268  	-0.0727  	-0.3288  	0.01968  	0.78010  	-0.1021  	-0.1208  	-1.2387  	-0.2096  	0.41677  	-0.2747  	0.61165  	0.24291  	-0.1890  	0.78687  	0.08640  	0.61452  	0.40892  	0.19597  	0.29799  	-0.7250  	-0.4465  	-0.2816  	-0.1491  	-0.0769  	0.00777  	-0.1916  	0.46223  	0.22935  	0.34392  	0.06674  	-0.4794  	-0.0777  	0.09960  	0.15256  	-0.1154  	0.25933  	0.09897  	-0.0369  	0.01451  	0.00753  	0.02673  	-0.1281  	-0.1088  	-0.0761  	-0.0036  	-0.0152  	-0.0023  	-0.0083  	0.02761  	0.01453  	0.03182  	-0.0332  	-0.0418  	0.01543  	0.05772  	0.00688  	0.19591  	-0.0401  	-0.0029  	-0.0129  	0.02117  	0.32912  	0.47227  	293.370  	223.447  	
-0.3332  	-0.2049  	-0.5518  	-0.6728  	0.51350  	-1.2968  	-0.5041  	0.17313  	-0.1206  	-0.3520  	0.09069  	0.76883  	-0.1839  	-0.3002  	-1.3580  	-0.2493  	0.41785  	-0.2659  	0.62277  	0.29008  	-0.2183  	0.78747  	0.11512  	0.55742  	0.39349  	0.21919  	0.24918  	-0.6612  	-0.3747  	-0.2757  	-0.1324  	-0.0792  	-0.0131  	-0.1815  	0.36975  	0.25424  	0.29798  	0.07003  	-0.4476  	-0.0615  	0.09796  	0.15038  	-0.1356  	0.24728  	0.11153  	-0.0327  	0.00705  	0.01097  	0.01845  	-0.1327  	-0.1096  	-0.0667  	-0.0017  	-0.0137  	0.00018  	-0.0025  	0.02592  	0.01710  	0.03181  	-0.0305  	-0.0352  	0.01131  	0.05026  	-0.0016  	0.19591  	-0.0401  	-0.0029  	-0.0129  	0.02117  	0.32912  	0.47227  	293.370  	223.447  	
-0.4253  	-0.2234  	-0.5770  	-0.7151  	0.49288  	-1.3758  	-0.5340  	0.15958  	-0.1504  	-0.2940  	0.13151  	0.74256  	-0.1961  	-0.3345  	-1.3475  	-0.2608  	0.42837  	-0.2249  	0.62675  	0.26929  	-0.2174  	0.79152  	0.14694  	0.54478  	0.38680  	0.21574  	0.24831  	-0.6623  	-0.3592  	-0.2791  	-0.1086  	-0.0745  	-0.0171  	-0.1877  	0.34937  	0.27449  	0.28289  	0.07267  	-0.4594  	-0.0545  	0.12011  	0.13451  	-0.1388  	0.24036  	0.10465  	-0.0280  	0.00844  	-0.0011  	0.01443  	-0.1251  	-0.1115  	-0.0734  	0.00240  	-0.0164  	0.00506  	-0.0086  	0.02271  	0.02054  	0.03682  	-0.0218  	-0.0348  	0.01740  	0.04841  	-0.0052  	0.19591  	-0.0401  	-0.0029  	-0.0129  	0.02117  	0.32912  	0.47227  	293.370  	223.447  	
-0.4788  	-0.1898  	-0.5504  	-0.8144  	0.49356  	-1.4189  	-0.5073  	0.15190  	-0.1507  	-0.2517  	0.13476  	0.71037  	-0.2167  	-0.3892  	-1.4423  	-0.2774  	0.39983  	-0.2425  	0.61418  	0.24253  	-0.2384  	0.79789  	0.16437  	0.51150  	0.37590  	0.22385  	0.25611  	-0.6796  	-0.3797  	-0.2879  	-0.1067  	-0.0717  	-0.0144  	-0.1902  	0.32924  	0.28602  	0.29577  	0.06198  	-0.4407  	-0.0692  	0.14158  	0.14026  	-0.1471  	0.25103  	0.10192  	-0.0298  	0.00720  	0.00467  	0.01125  	-0.1231  	-0.1184  	-0.0722  	0.00224  	-0.0126  	0.00278  	-0.0119  	0.02446  	0.02190  	0.03297  	-0.0271  	-0.0339  	0.01994  	0.04717  	-0.0039  	0.19591  	-0.0401  	-0.0029  	-0.0129  	0.02117  	0.32912  	0.47227  	293.370  	223.447  	
-0.3669  	-0.1566  	-0.4215  	-0.7923  	0.49938  	-1.3669  	-0.4803  	0.17568  	-0.1372  	-0.2389  	0.12623  	0.68103  	-0.2118  	-0.3488  	-1.4269  	-0.2745  	0.40574  	-0.2975  	0.60222  	0.23830  	-0.2230  	0.82133  	0.17665  	0.56033  	0.42321  	0.21356  	0.27025  	-0.7175  	-0.3767  	-0.2813  	-0.1328  	-0.0816  	-0.0280  	-0.1903  	0.32433  	0.26866  	0.33131  	0.05988  	-0.4394  	-0.0895  	0.15105  	0.14303  	-0.1482  	0.25405  	0.10948  	-0.0362  	0.01276  	0.00170  	0.01946  	-0.1282  	-0.1227  	-0.0702  	0.00676  	-0.0159  	-0.0011  	-0.0171  	0.02306  	0.01740  	0.03490  	-0.0339  	-0.0343  	0.01766  	0.04766  	0.00045  	0.19591  	-0.0401  	-0.0029  	-0.0129  	0.02117  	0.32912  	0.47227  	293.370  	223.447  	
-0.3237  	-0.1549  	-0.3783  	-0.7760  	0.50089  	-1.3298  	-0.4671  	0.16800  	-0.1213  	-0.2580  	0.08397  	0.67501  	-0.2068  	-0.3615  	-1.4153  	-0.2501  	0.42542  	-0.3070  	0.61327  	0.23061  	-0.2352  	0.81997  	0.18874  	0.55840  	0.44007  	0.21785  	0.29257  	-0.7080  	-0.3672  	-0.2709  	-0.1367  	-0.0844  	-0.0455  	-0.1854  	0.31646  	0.26418  	0.33073  	0.06130  	-0.4425  	-0.0931  	0.15535  	0.13676  	-0.1331  	0.25877  	0.11009  	-0.0387  	0.01275  	0.00662  	0.02260  	-0.1345  	-0.1175  	-0.0712  	0.00482  	-0.0152  	-0.0040  	-0.0137  	0.02015  	0.01471  	0.03505  	-0.0319  	-0.0361  	0.01255  	0.05156  	0.00389  	0.19591  	-0.0401  	-0.0029  	-0.0129  	0.02117  	0.32912  	0.47227  	293.370  	223.447  	
-0.2745  	-0.1432  	-0.3410  	-0.6795  	0.55412  	-1.2245  	-0.4569  	0.18797  	-0.1136  	-0.3149  	-0.0284  	0.72119  	-0.1862  	-0.3421  	-1.3352  	-0.2243  	0.43934  	-0.3236  	0.63961  	0.19252  	-0.2752  	0.80923  	0.20759  	0.52442  	0.43352  	0.22927  	0.31154  	-0.6655  	-0.3086  	-0.2506  	-0.1385  	-0.0786  	-0.0415  	-0.1894  	0.31064  	0.25093  	0.31035  	0.05218  	-0.4149  	-0.0821  	0.15825  	0.13181  	-0.1219  	0.28069  	0.11266  	-0.0386  	0.00908  	0.01004  	0.02230  	-0.1386  	-0.1064  	-0.0691  	-0.0011  	-0.0219  	-0.0057  	-0.0067  	0.02198  	0.01062  	0.03347  	-0.0350  	-0.0299  	0.01532  	0.05331  	0.00460  	0.19591  	-0.0401  	-0.0029  	-0.0129  	0.02117  	0.32912  	0.47227  	293.370  	223.447  	
-0.2094  	-0.1261  	-0.3128  	-0.5684  	0.56803  	-1.1576  	-0.4789  	0.20488  	-0.0863  	-0.3642  	-0.1159  	0.75325  	-0.1901  	-0.3482  	-1.2531  	-0.1915  	0.45592  	-0.3108  	0.63316  	0.19978  	-0.3007  	0.81921  	0.22755  	0.50619  	0.40332  	0.23400  	0.25722  	-0.6276  	-0.2817  	-0.2570  	-0.1382  	-0.0681  	-0.0440  	-0.1834  	0.25998  	0.23053  	0.29067  	0.06104  	-0.4073  	-0.0708  	0.18921  	0.11731  	-0.1089  	0.28760  	0.10341  	-0.0361  	0.01200  	0.01388  	0.03085  	-0.1494  	-0.1057  	-0.0688  	-0.0015  	-0.0198  	0.00369  	-0.0118  	0.02329  	0.01042  	0.03341  	-0.0368  	-0.0324  	0.01495  	0.05317  	0.01207  	0.19591  	-0.0401  	-0.0029  	-0.0129  	0.02117  	0.32912  	0.47227  	293.370  	223.447  	
-0.1308  	-0.1220  	-0.2995  	-0.4584  	0.60176  	-1.0946  	-0.4850  	0.23014  	-0.0720  	-0.3856  	-0.1355  	0.81952  	-0.1682  	-0.3396  	-1.1845  	-0.1595  	0.45670  	-0.2905  	0.61474  	0.23250  	-0.2879  	0.80311  	0.22233  	0.50034  	0.37135  	0.22886  	0.20784  	-0.6270  	-0.2866  	-0.2679  	-0.1288  	-0.0717  	-0.0359  	-0.1745  	0.27331  	0.21498  	0.28350  	0.07442  	-0.4164  	-0.0659  	0.18917  	0.12119  	-0.1059  	0.28221  	0.09785  	-0.0352  	0.01271  	0.00803  	0.02559  	-0.1409  	-0.1083  	-0.0683  	0.00183  	-0.0194  	0.00189  	-0.0119  	0.01876  	0.01022  	0.02953  	-0.0363  	-0.0324  	0.01755  	0.05223  	0.00876  	0.19591  	-0.0401  	-0.0029  	-0.0129  	0.02117  	0.32912  	0.47227  	293.370  	223.447  	
0.04003  	-0.0679  	-0.2819  	-0.3267  	0.67300  	-1.0217  	-0.4941  	0.28877  	-0.0371  	-0.4421  	-0.1288  	0.87398  	-0.1226  	-0.2046  	-1.0300  	-0.1258  	0.45494  	-0.3235  	0.60823  	0.21928  	-0.1983  	0.80574  	0.19955  	0.51728  	0.35347  	0.21845  	0.20305  	-0.6571  	-0.3506  	-0.2701  	-0.1413  	-0.0704  	0.00235  	-0.1671  	0.36917  	0.17252  	0.34408  	0.09755  	-0.4572  	-0.0661  	0.16224  	0.11615  	-0.1144  	0.26685  	0.09409  	-0.0264  	0.01639  	-0.0047  	0.01083  	-0.1363  	-0.1174  	-0.0700  	0.00085  	-0.0160  	-0.0038  	-0.0046  	0.01003  	0.00590  	0.02672  	-0.0405  	-0.0278  	0.01859  	0.04313  	0.00235  	0.19591  	-0.0401  	-0.0029  	-0.0129  	0.02117  	0.32912  	0.47227  	293.370  	223.447  	
0.22185  	-0.0106  	-0.1859  	-0.2188  	0.68733  	-0.9566  	-0.4779  	0.35376  	-0.0197  	-0.5061  	-0.0802  	0.86588  	-0.0970  	-0.0617  	-0.9046  	-0.0845  	0.44076  	-0.3461  	0.61182  	0.19357  	-0.0531  	0.78916  	0.16526  	0.56757  	0.36794  	0.18705  	0.29491  	-0.7702  	-0.4592  	-0.2659  	-0.1458  	-0.0533  	0.00973  	-0.1740  	0.48908  	0.12279  	0.41833  	0.11690  	-0.5075  	-0.0838  	0.11695  	0.12851  	-0.1291  	0.25600  	0.09829  	-0.0284  	0.01984  	-0.0119  	0.01308  	-0.1303  	-0.1150  	-0.0677  	0.01049  	-0.0181  	-0.0062  	-0.0047  	0.00764  	0.00246  	0.02905  	-0.0352  	-0.0313  	0.02479  	0.04957  	-0.0006  	0.19591  	-0.0401  	-0.0029  	-0.0129  	0.02117  	0.32912  	0.47227  	293.370  	223.447  	
0.41004  	0.06277  	-0.0850  	-0.1342  	0.67822  	-0.8343  	-0.4672  	0.42899  	0.01709  	-0.5823  	-0.0361  	0.84868  	-0.0949  	0.04471  	-0.8125  	-0.0616  	0.44683  	-0.3975  	0.60192  	0.11817  	0.12073  	0.80768  	0.18347  	0.62901  	0.35587  	0.16607  	0.40755  	-0.9180  	-0.5859  	-0.2649  	-0.1894  	-0.0120  	0.00569  	-0.1940  	0.58117  	0.07113  	0.52256  	0.15997  	-0.5567  	-0.1175  	0.07476  	0.12543  	-0.1430  	0.24243  	0.09435  	-0.0246  	0.01318  	-0.0063  	0.02112  	-0.1227  	-0.1112  	-0.0678  	0.00879  	-0.0122  	-0.0039  	0.00822  	0.00469  	0.00904  	0.03008  	-0.0383  	-0.0314  	0.02391  	0.04160  	-0.0062  	0.19591  	-0.0401  	-0.0029  	-0.0129  	0.02117  	0.32912  	0.47227  	293.370  	223.447  	
0.55521  	0.07900  	0.00359  	-0.0880  	0.65994  	-0.7287  	-0.4522  	0.50141  	0.05798  	-0.6230  	-0.0272  	0.86893  	-0.0873  	0.10047  	-0.7062  	-0.0047  	0.46831  	-0.4466  	0.61296  	0.06595  	0.19045  	0.83728  	0.23888  	0.71952  	0.38237  	0.15080  	0.51168  	-1.0318  	-0.6935  	-0.2585  	-0.1922  	0.01004  	0.00658  	-0.2012  	0.63782  	0.04725  	0.62092  	0.17646  	-0.5709  	-0.1427  	0.02729  	0.13947  	-0.1356  	0.24565  	0.09469  	-0.0290  	0.00622  	0.00409  	0.03036  	-0.1314  	-0.1172  	-0.0650  	0.00876  	-0.0063  	-0.0043  	0.01611  	0.00580  	0.00957  	0.02842  	-0.0267  	-0.0303  	0.02069  	0.04482  	-0.0004  	0.19591  	-0.0401  	-0.0029  	-0.0129  	0.02117  	0.32912  	0.47227  	293.370  	223.447  	
0.56021  	0.07378  	0.00331  	-0.0797  	0.66674  	-0.7166  	-0.4505  	0.50584  	0.05863  	-0.6208  	-0.0296  	0.86825  	-0.0844  	0.09603  	-0.7048  	-0.0006  	0.47372  	-0.4484  	0.61160  	0.07002  	0.18712  	0.83485  	0.24010  	0.72437  	0.38250  	0.15011  	0.51655  	-1.0320  	-0.6957  	-0.2549  	-0.1941  	0.01211  	0.00471  	-0.2004  	0.63722  	0.04709  	0.61942  	0.17881  	-0.5672  	-0.1437  	0.01994  	0.14022  	-0.1362  	0.24601  	0.09455  	-0.0280  	0.00523  	0.00377  	0.03084  	-0.1340  	-0.1166  	-0.0645  	0.00873  	-0.0071  	-0.0039  	0.01571  	0.00610  	0.00978  	0.02763  	-0.0275  	-0.0302  	0.02024  	0.04591  	0.00058  	0.19591  	-0.0401  	-0.0029  	-0.0129  	0.02117  	0.32912  	0.47227  	293.370  	223.447  	
0.56021  	0.07378  	0.00331  	-0.0797  	0.66674  	-0.7166  	-0.4505  	0.50584  	0.05863  	-0.6208  	-0.0296  	0.86825  	-0.0844  	0.09603  	-0.7048  	-0.0006  	0.47372  	-0.4484  	0.61160  	0.07002  	0.18712  	0.83485  	0.24010  	0.72437  	0.38250  	0.15011  	0.51655  	-1.0320  	-0.6957  	-0.2549  	-0.1941  	0.01211  	0.00471  	-0.2004  	0.63722  	0.04709  	0.61942  	0.17881  	-0.5672  	-0.1437  	0.01994  	0.14022  	-0.1362  	0.24601  	0.09455  	-0.0280  	0.00523  	0.00377  	0.03084  	-0.1340  	-0.1166  	-0.0645  	0.00873  	-0.0071  	-0.0039  	0.01571  	0.00610  	0.00978  	0.02763  	-0.0275  	-0.0302  	0.02024  	0.04591  	0.00058  	0.19591  	-0.0401  	-0.0029  	-0.0129  	0.02117  	0.32912  	0.47227  	293.370  	223.447  	
0.56021  	0.07378  	0.00331  	-0.0797  	0.66674  	-0.7166  	-0.4505  	0.50584  	0.05863  	-0.6208  	-0.0296  	0.86825  	-0.0844  	0.09603  	-0.7048  	-0.0006  	0.47372  	-0.4484  	0.61160  	0.07002  	0.18712  	0.83485  	0.24010  	0.72437  	0.38250  	0.15011  	0.51655  	-1.0320  	-0.6957  	-0.2549  	-0.1941  	0.01211  	0.00471  	-0.2004  	0.63722  	0.04709  	0.61942  	0.17881  	-0.5672  	-0.1437  	0.01994  	0.14022  	-0.1362  	0.24601  	0.09455  	-0.0280  	0.00523  	0.00377  	0.03084  	-0.1340  	-0.1166  	-0.0645  	0.00873  	-0.0071  	-0.0039  	0.01571  	0.00610  	0.00978  	0.02763  	-0.0275  	-0.0302  	0.02024  	0.04591  	0.00058  	0.19591  	-0.0401  	-0.0029  	-0.0129  	0.02117  	0.32912  	0.47227  	293.370  	223.447  	
0.56021  	0.07378  	0.00331  	-0.0797  	0.66674  	-0.7166  	-0.4505  	0.50584  	0.05863  	-0.6208  	-0.0296  	0.86825  	-0.0844  	0.09603  	-0.7048  	-0.0006  	0.47372  	-0.4484  	0.61160  	0.07002  	0.18712  	0.83485  	0.24010  	0.72437  	0.38250  	0.15011  	0.51655  	-1.0320  	-0.6957  	-0.2549  	-0.1941  	0.01211  	0.00471  	-0.2004  	0.63722  	0.04709  	0.61942  	0.17881  	-0.5672  	-0.1437  	0.01994  	0.14022  	-0.1362  	0.24601  	0.09455  	-0.0280  	0.00523  	0.00377  	0.03084  	-0.1340  	-0.1166  	-0.0645  	0.00873  	-0.0071  	-0.0039  	0.01571  	0.00610  	0.00978  	0.02763  	-0.0275  	-0.0302  	0.02024  	0.04591  	0.00058  	0.19591  	-0.0401  	-0.0029  	-0.0129  	0.02117  	0.32912  	0.47227  	293.370  	223.447  	
0.56021  	0.07378  	0.00331  	-0.0797  	0.66674  	-0.7166  	-0.4505  	0.50584  	0.05863  	-0.6208  	-0.0296  	0.86825  	-0.0844  	0.09603  	-0.7048  	-0.0006  	0.47372  	-0.4484  	0.61160  	0.07002  	0.18712  	0.83485  	0.24010  	0.72437  	0.38250  	0.15011  	0.51655  	-1.0320  	-0.6957  	-0.2549  	-0.1941  	0.01211  	0.00471  	-0.2004  	0.63722  	0.04709  	0.61942  	0.17881  	-0.5672  	-0.1437  	0.01994  	0.14022  	-0.1362  	0.24601  	0.09455  	-0.0280  	0.00523  	0.00377  	0.03084  	-0.1340  	-0.1166  	-0.0645  	0.00873  	-0.0071  	-0.0039  	0.01571  	0.00610  	0.00978  	0.02763  	-0.0275  	-0.0302  	0.02024  	0.04591  	0.00058  	0.19591  	-0.0401  	-0.0029  	-0.0129  	0.02117  	0.32912  	0.47227  	293.370  	223.447  	
0.56021  	0.07378  	0.00331  	-0.0797  	0.66674  	-0.7166  	-0.4505  	0.50584  	0.05863  	-0.6208  	-0.0296  	0.86825  	-0.0844  	0.09603  	-0.7048  	-0.0006  	0.47372  	-0.4484  	0.61160  	0.07002  	0.18712  	0.83485  	0.24010  	0.72437  	0.38250  	0.15011  	0.51655  	-1.0320  	-0.6957  	-0.2549  	-0.1941  	0.01211  	0.00471  	-0.2004  	0.63722  	0.04709  	0.61942  	0.17881  	-0.5672  	-0.1437  	0.01994  	0.14022  	-0.1362  	0.24601  	0.09455  	-0.0280  	0.00523  	0.00377  	0.03084  	-0.1340  	-0.1166  	-0.0645  	0.00873  	-0.0071  	-0.0039  	0.01571  	0.00610  	0.00978  	0.02763  	-0.0275  	-0.0302  	0.02024  	0.04591  	0.00058  	0.19591  	-0.0401  	-0.0029  	-0.0129  	0.02117  	0.32912  	0.47227  	293.370  	223.447  	
0.56021  	0.07378  	0.00331  	-0.0797  	0.66674  	-0.7166  	-0.4505  	0.50584  	0.05863  	-0.6208  	-0.0296  	0.86825  	-0.0844  	0.09603  	-0.7048  	-0.0006  	0.47372  	-0.4484  	0.61160  	0.07002  	0.18712  	0.83485  	0.24010  	0.72437  	0.38250  	0.15011  	0.51655  	-1.0320  	-0.6957  	-0.2549  	-0.1941  	0.01211  	0.00471  	-0.2004  	0.63722  	0.04709  	0.61942  	0.17881  	-0.5672  	-0.1437  	0.01994  	0.14022  	-0.1362  	0.24601  	0.09455  	-0.0280  	0.00523  	0.00377  	0.03084  	-0.1340  	-0.1166  	-0.0645  	0.00873  	-0.0071  	-0.0039  	0.01571  	0.00610  	0.00978  	0.02763  	-0.0275  	-0.0302  	0.02024  	0.04591  	0.00058  	0.19591  	-0.0401  	-0.0029  	-0.0129  	0.02117  	0.32912  	0.47227  	293.370  	223.447  	
0.56021  	0.07378  	0.00331  	-0.0797  	0.66674  	-0.7166  	-0.4505  	0.50584  	0.05863  	-0.6208  	-0.0296  	0.86825  	-0.0844  	0.09603  	-0.7048  	-0.0006  	0.47372  	-0.4484  	0.61160  	0.07002  	0.18712  	0.83485  	0.24010  	0.72437  	0.38250  	0.15011  	0.51655  	-1.0320  	-0.6957  	-0.2549  	-0.1941  	0.01211  	0.00471  	-0.2004  	0.63722  	0.04709  	0.61942  	0.17881  	-0.5672  	-0.1437  	0.01994  	0.14022  	-0.1362  	0.24601  	0.09455  	-0.0280  	0.00523  	0.00377  	0.03084  	-0.1340  	-0.1166  	-0.0645  	0.00873  	-0.0071  	-0.0039  	0.01571  	0.00610  	0.00978  	0.02763  	-0.0275  	-0.0302  	0.02024  	0.04591  	0.00058  	0.19591  	-0.0401  	-0.0029  	-0.0129  	0.02117  	0.32912  	0.47227  	293.370  	223.447  	
0.56021  	0.07378  	0.00331  	-0.0797  	0.66674  	-0.7166  	-0.4505  	0.50584  	0.05863  	-0.6208  	-0.0296  	0.86825  	-0.0844  	0.09603  	-0.7048  	-0.0006  	0.47372  	-0.4484  	0.61160  	0.07002  	0.18712  	0.83485  	0.24010  	0.72437  	0.38250  	0.15011  	0.51655  	-1.0320  	-0.6957  	-0.2549  	-0.1941  	0.01211  	0.00471  	-0.2004  	0.63722  	0.04709  	0.61942  	0.17881  	-0.5672  	-0.1437  	0.01994  	0.14022  	-0.1362  	0.24601  	0.09455  	-0.0280  	0.00523  	0.00377  	0.03084  	-0.1340  	-0.1166  	-0.0645  	0.00873  	-0.0071  	-0.0039  	0.01571  	0.00610  	0.00978  	0.02763  	-0.0275  	-0.0302  	0.02024  	0.04591  	0.00058  	0.19591  	-0.0401  	-0.0029  	-0.0129  	0.02117  	0.32912  	0.47227  	293.370  	223.447  	
0.56021  	0.07378  	0.00331  	-0.0797  	0.66674  	-0.7166  	-0.4505  	0.50584  	0.05863  	-0.6208  	-0.0296  	0.86825  	-0.0844  	0.09603  	-0.7048  	-0.0006  	0.47372  	-0.4484  	0.61160  	0.07002  	0.18712  	0.83485  	0.24010  	0.72437  	0.38250  	0.15011  	0.51655  	-1.0320  	-0.6957  	-0.2549  	-0.1941  	0.01211  	0.00471  	-0.2004  	0.63722  	0.04709  	0.61942  	0.17881  	-0.5672  	-0.1437  	0.01994  	0.14022  	-0.1362  	0.24601  	0.09455  	-0.0280  	0.00523  	0.00377  	0.03084  	-0.1340  	-0.1166  	-0.0645  	0.00873  	-0.0071  	-0.0039  	0.01571  	0.00610  	0.00978  	0.02763  	-0.0275  	-0.0302  	0.02024  	0.04591  	0.00058  	0.19591  	-0.0401  	-0.0029  	-0.0129  	0.02117  	0.32912  	0.47227  	293.370  	223.447  	
0.56021  	0.07378  	0.00331  	-0.0797  	0.66674  	-0.7166  	-0.4505  	0.50584  	0.05863  	-0.6208  	-0.0296  	0.86825  	-0.0844  	0.09603  	-0.7048  	-0.0006  	0.47372  	-0.4484  	0.61160  	0.07002  	0.18712  	0.83485  	0.24010  	0.72437  	0.38250  	0.15011  	0.51655  	-1.0320  	-0.6957  	-0.2549  	-0.1941  	0.01211  	0.00471  	-0.2004  	0.63722  	0.04709  	0.61942  	0.17881  	-0.5672  	-0.1437  	0.01994  	0.14022  	-0.1362  	0.24601  	0.09455  	-0.0280  	0.00523  	0.00377  	0.03084  	-0.1340  	-0.1166  	-0.0645  	0.00873  	-0.0071  	-0.0039  	0.01571  	0.00610  	0.00978  	0.02763  	-0.0275  	-0.0302  	0.02024  	0.04591  	0.00058  	0.19591  	-0.0401  	-0.0029  	-0.0129  	0.02117  	0.32912  	0.47227  	293.370  	223.447  	
0.56021  	0.07378  	0.00331  	-0.0797  	0.66674  	-0.7166  	-0.4505  	0.50584  	0.05863  	-0.6208  	-0.0296  	0.86825  	-0.0844  	0.09603  	-0.7048  	-0.0006  	0.47372  	-0.4484  	0.61160  	0.07002  	0.18712  	0.83485  	0.24010  	0.72437  	0.38250  	0.15011  	0.51655  	-1.0320  	-0.6957  	-0.2549  	-0.1941  	0.01211  	0.00471  	-0.2004  	0.63722  	0.04709  	0.61942  	0.17881  	-0.5672  	-0.1437  	0.01994  	0.14022  	-0.1362  	0.24601  	0.09455  	-0.0280  	0.00523  	0.00377  	0.03084  	-0.1340  	-0.1166  	-0.0645  	0.00873  	-0.0071  	-0.0039  	0.01571  	0.00610  	0.00978  	0.02763  	-0.0275  	-0.0302  	0.02024  	0.04591  	0.00058  	0.19591  	-0.0401  	-0.0029  	-0.0129  	0.02117  	0.32912  	0.47227  	293.370  	223.447  	
0.56021  	0.07378  	0.00331  	-0.0797  	0.66674  	-0.7166  	-0.4505  	0.50584  	0.05863  	-0.6208  	-0.0296  	0.86825  	-0.0844  	0.09603  	-0.7048  	-0.0006  	0.47372  	-0.4484  	0.61160  	0.07002  	0.18712  	0.83485  	0.24010  	0.72437  	0.38250  	0.15011  	0.51655  	-1.0320  	-0.6957  	-0.2549  	-0.1941  	0.01211  	0.00471  	-0.2004  	0.63722  	0.04709  	0.61942  	0.17881  	-0.5672  	-0.1437  	0.01994  	0.14022  	-0.1362  	0.24601  	0.09455  	-0.0280  	0.00523  	0.00377  	0.03084  	-0.1340  	-0.1166  	-0.0645  	0.00873  	-0.0071  	-0.0039  	0.01571  	0.00610  	0.00978  	0.02763  	-0.0275  	-0.0302  	0.02024  	0.04591  	0.00058  	0.19591  	-0.0401  	-0.0029  	-0.0129  	0.02117  	0.32912  	0.47227  	293.370  	223.447  	
0.56021  	0.07378  	0.00331  	-0.0797  	0.66674  	-0.7166  	-0.4505  	0.50584  	0.05863  	-0.6208  	-0.0296  	0.86825  	-0.0844  	0.09603  	-0.7048  	-0.0006  	0.47372  	-0.4484  	0.61160  	0.07002  	0.18712  	0.83485  	0.24010  	0.72437  	0.38250  	0.15011  	0.51655  	-1.0320  	-0.6957  	-0.2549  	-0.1941  	0.01211  	0.00471  	-0.2004  	0.63722  	0.04709  	0.61942  	0.17881  	-0.5672  	-0.1437  	0.01994  	0.14022  	-0.1362  	0.24601  	0.09455  	-0.0280  	0.00523  	0.00377  	0.03084  	-0.1340  	-0.1166  	-0.0645  	0.00873  	-0.0071  	-0.0039  	0.01571  	0.00610  	0.00978  	0.02763  	-0.0275  	-0.0302  	0.02024  	0.04591  	0.00058  	0.19591  	-0.0401  	-0.0029  	-0.0129  	0.02117  	0.32912  	0.47227  	293.370  	223.447  	
0.56021  	0.07378  	0.00331  	-0.0797  	0.66674  	-0.7166  	-0.4505  	0.50584  	0.05863  	-0.6208  	-0.0296  	0.86825  	-0.0844  	0.09603  	-0.7048  	-0.0006  	0.47372  	-0.4484  	0.61160  	0.07002  	0.18712  	0.83485  	0.24010  	0.72437  	0.38250  	0.15011  	0.51655  	-1.0320  	-0.6957  	-0.2549  	-0.1941  	0.01211  	0.00471  	-0.2004  	0.63722  	0.04709  	0.61942  	0.17881  	-0.5672  	-0.1437  	0.01994  	0.14022  	-0.1362  	0.24601  	0.09455  	-0.0280  	0.00523  	0.00377  	0.03084  	-0.1340  	-0.1166  	-0.0645  	0.00873  	-0.0071  	-0.0039  	0.01571  	0.00610  	0.00978  	0.02763  	-0.0275  	-0.0302  	0.02024  	0.04591  	0.00058  	0.19591  	-0.0401  	-0.0029  	-0.0129  	0.02117  	0.32912  	0.47227  	293.370  	223.447  	
0.56021  	0.07378  	0.00331  	-0.0797  	0.66674  	-0.7166  	-0.4505  	0.50584  	0.05863  	-0.6208  	-0.0296  	0.86825  	-0.0844  	0.09603  	-0.7048  	-0.0006  	0.47372  	-0.4484  	0.61160  	0.07002  	0.18712  	0.83485  	0.24010  	0.72437  	0.38250  	0.15011  	0.51655  	-1.0320  	-0.6957  	-0.2549  	-0.1941  	0.01211  	0.00471  	-0.2004  	0.63722  	0.04709  	0.61942  	0.17881  	-0.5672  	-0.1437  	0.01994  	0.14022  	-0.1362  	0.24601  	0.09455  	-0.0280  	0.00523  	0.00377  	0.03084  	-0.1340  	-0.1166  	-0.0645  	0.00873  	-0.0071  	-0.0039  	0.01571  	0.00610  	0.00978  	0.02763  	-0.0275  	-0.0302  	0.02024  	0.04591  	0.00058  	0.19591  	-0.0401  	-0.0029  	-0.0129  	0.02117  	0.32912  	0.47227  	293.370  	223.447  	
0.56021  	0.07378  	0.00331  	-0.0797  	0.66674  	-0.7166  	-0.4505  	0.50584  	0.05863  	-0.6208  	-0.0296  	0.86825  	-0.0844  	0.09603  	-0.7048  	-0.0006  	0.47372  	-0.4484  	0.61160  	0.07002  	0.18712  	0.83485  	0.24010  	0.72437  	0.38250  	0.15011  	0.51655  	-1.0320  	-0.6957  	-0.2549  	-0.1941  	0.01211  	0.00471  	-0.2004  	0.63722  	0.04709  	0.61942  	0.17881  	-0.5672  	-0.1437  	0.01994  	0.14022  	-0.1362  	0.24601  	0.09455  	-0.0280  	0.00523  	0.00377  	0.03084  	-0.1340  	-0.1166  	-0.0645  	0.00873  	-0.0071  	-0.0039  	0.01571  	0.00610  	0.00978  	0.02763  	-0.0275  	-0.0302  	0.02024  	0.04591  	0.00058  	0.19591  	-0.0401  	-0.0029  	-0.0129  	0.02117  	0.32912  	0.47227  	293.370  	223.447  	
0.56936  	0.07175  	-0.0133  	0.04228  	0.78640  	-0.6885  	-0.4306  	0.48537  	0.02028  	-0.5962  	-0.1822  	0.84667  	-0.0250  	0.17633  	-0.6804  	-0.0064  	0.45732  	-0.4249  	0.61288  	0.11117  	0.06496  	0.84322  	0.15862  	0.70357  	0.47631  	0.14224  	0.52167  	-0.9245  	-0.5589  	-0.2103  	-0.2151  	-0.0095  	-0.0049  	-0.2006  	0.61663  	0.09130  	0.51502  	0.12651  	-0.5285  	-0.1012  	0.00263  	0.14994  	-0.1385  	0.25518  	0.10064  	-0.0292  	0.00286  	0.01688  	0.03844  	-0.1304  	-0.1060  	-0.0683  	0.00623  	-0.0143  	-0.0009  	0.01514  	0.00634  	0.00645  	0.02757  	-0.0312  	-0.0330  	0.02125  	0.04721  	-0.0041  	0.19591  	-0.0401  	-0.0029  	-0.0129  	0.02117  	0.32912  	0.47227  	293.370  	223.447  	
0.58383  	0.05245  	-0.0472  	0.21584  	0.89743  	-0.6428  	-0.4028  	0.45806  	-0.0026  	-0.5814  	-0.3818  	0.80387  	0.05100  	0.27049  	-0.6220  	-0.1051  	0.44706  	-0.4061  	0.58655  	0.09959  	-0.0752  	0.87679  	0.08484  	0.65472  	0.59392  	0.12166  	0.52046  	-0.8202  	-0.4040  	-0.1423  	-0.2276  	-0.0372  	-0.0207  	-0.1904  	0.56970  	0.14415  	0.39565  	0.06226  	-0.4561  	-0.0587  	-0.0014  	0.16889  	-0.1492  	0.25819  	0.10659  	-0.0241  	-0.0091  	0.02979  	0.04931  	-0.1366  	-0.0892  	-0.0708  	0.00595  	-0.0192  	-0.0048  	0.02331  	0.01206  	0.00856  	0.03265  	-0.0338  	-0.0344  	0.02038  	0.04783  	-0.0089  	0.19591  	-0.0401  	-0.0029  	-0.0129  	0.02117  	0.32912  	0.47227  	293.370  	223.447  	
0.57325  	0.07188  	-0.2412  	0.57545  	1.15410  	-0.6705  	-0.3668  	0.44080  	-0.0130  	-0.5376  	-0.7061  	0.78529  	0.16504  	0.46202  	-0.3118  	-0.2407  	0.40670  	-0.3996  	0.56480  	0.09884  	-0.2724  	0.96787  	0.00762  	0.61055  	0.68793  	0.11244  	0.57370  	-0.7082  	-0.1355  	-0.0165  	-0.2573  	-0.0795  	-0.0362  	-0.1828  	0.54379  	0.17122  	0.24510  	0.00631  	-0.3962  	0.00179  	-0.0553  	0.19661  	-0.1621  	0.25283  	0.11387  	-0.0228  	-0.0074  	0.03194  	0.06121  	-0.1425  	-0.0874  	-0.0695  	0.01093  	-0.0164  	0.00037  	0.02939  	0.01354  	0.00329  	0.04017  	-0.0202  	-0.0370  	0.02727  	0.03229  	-0.0075  	0.19591  	-0.0401  	-0.0029  	-0.0129  	0.02117  	0.32912  	0.47227  	293.370  	223.447  	
0.35948  	0.01905  	-0.4053  	0.52608  	1.16791  	-0.9634  	-0.4497  	0.39459  	-0.0291  	-0.4500  	-0.4604  	0.85200  	0.09150  	0.48068  	-0.3806  	-0.2302  	0.36852  	-0.3961  	0.57208  	0.18571  	-0.2242  	0.93935  	-0.0948  	0.68416  	0.67657  	0.13909  	0.46739  	-0.7331  	-0.2673  	-0.0622  	-0.1910  	-0.0845  	-0.0277  	-0.1722  	0.63919  	0.14056  	0.23907  	0.00118  	-0.4488  	0.01915  	-0.0775  	0.20123  	-0.1953  	0.21761  	0.09218  	-0.0248  	0.00458  	0.00102  	0.02508  	-0.1368  	-0.0946  	-0.0718  	-0.0053  	-0.0159  	-0.0151  	0.01427  	0.01076  	0.00711  	0.03251  	-0.0274  	-0.0400  	0.02966  	0.03224  	-0.0180  	0.19591  	-0.0401  	-0.0029  	-0.0129  	0.02117  	0.32912  	0.47227  	293.370  	223.447  	
-0.0802  	-0.1730  	-0.4560  	-0.3073  	0.77225  	-1.2447  	-0.3962  	0.23339  	-0.0545  	-0.4105  	-0.0249  	0.90725  	-0.1237  	-0.1603  	-0.9834  	-0.2333  	0.36920  	-0.2674  	0.58867  	0.27805  	-0.1427  	0.73678  	0.01141  	0.64746  	0.37028  	0.16308  	0.33525  	-0.6873  	-0.4427  	-0.2351  	-0.1231  	-0.0450  	-0.0099  	-0.1837  	0.57429  	0.17492  	0.38370  	0.08301  	-0.4988  	-0.0418  	0.02185  	0.16955  	-0.1822  	0.21019  	0.13207  	-0.0291  	-0.0056  	-0.0226  	0.02843  	-0.1512  	-0.1235  	-0.0620  	-0.0041  	-0.0165  	-0.0087  	-0.0038  	0.02586  	0.00920  	0.02749  	-0.0347  	-0.0249  	0.03097  	0.03501  	0.00032  	0.19591  	-0.0401  	-0.0029  	-0.0129  	0.02117  	0.32912  	0.47227  	293.370  	223.447  	
0.01617  	-0.1441  	-0.2759  	-0.5213  	0.60877  	-0.9667  	-0.5162  	0.25750  	-0.0896  	-0.4626  	-0.0141  	0.73967  	-0.1847  	-0.2513  	-1.0034  	-0.1922  	0.46939  	-0.3815  	0.66926  	0.17858  	-0.0405  	0.78961  	0.18020  	0.66317  	0.45574  	0.17566  	0.47515  	-0.8486  	-0.5244  	-0.2559  	-0.1563  	-0.0365  	-0.0447  	-0.2005  	0.53577  	0.19779  	0.43584  	0.10248  	-0.5429  	-0.0676  	0.08824  	0.13196  	-0.1546  	0.24407  	0.11768  	-0.0270  	0.00858  	-0.0264  	0.00072  	-0.1237  	-0.1019  	-0.0661  	2.58050  	-0.0160  	-0.0060  	-0.0003  	0.01477  	0.00956  	0.03001  	-0.0293  	-0.0319  	0.00883  	0.04357  	-0.0001  	0.19591  	-0.0401  	-0.0029  	-0.0129  	0.02117  	0.32912  	0.47227  	293.370  	223.447  	
0.16433  	-0.0222  	-0.1518  	-0.4499  	0.57715  	-0.9512  	-0.5272  	0.31564  	-0.0800  	-0.4394  	-0.1521  	0.79644  	-0.1079  	-0.1675  	-1.1178  	-0.1284  	0.46072  	-0.3459  	0.66143  	0.12949  	-0.1304  	0.81410  	0.22293  	0.60438  	0.43395  	0.16526  	0.41390  	-0.7978  	-0.4439  	-0.2532  	-0.1564  	-0.0558  	-0.0138  	-0.1966  	0.39744  	0.15681  	0.43778  	0.11513  	-0.4916  	-0.0897  	0.12896  	0.10519  	-0.1157  	0.26531  	0.09660  	-0.0317  	0.00439  	0.00721  	0.01596  	-0.1458  	-0.1212  	-0.0751  	-0.0047  	-0.0207  	-0.0031  	0.00440  	0.01077  	0.00892  	0.03127  	-0.0451  	-0.0257  	0.02244  	0.05983  	-0.0040  	0.19591  	-0.0401  	-0.0029  	-0.0129  	0.02117  	0.32912  	0.47227  	293.370  	223.447  	
0.03912  	-0.0715  	-0.1964  	-0.4542  	0.59344  	-0.9937  	-0.5159  	0.28494  	-0.0795  	-0.3564  	-0.0591  	0.82221  	-0.1656  	-0.2011  	-1.1964  	-0.1772  	0.42766  	-0.3098  	0.64630  	0.18518  	-0.1514  	0.77711  	0.16053  	0.53183  	0.45678  	0.18708  	0.36091  	-0.7565  	-0.4092  	-0.2734  	-0.1591  	-0.0478  	-0.0163  	-0.2138  	0.38159  	0.19775  	0.39757  	0.11100  	-0.4742  	-0.0802  	0.16694  	0.12546  	-0.1027  	0.28254  	0.10876  	-0.0329  	0.01142  	0.00352  	0.02058  	-0.1469  	-0.1041  	-0.0709  	-0.0039  	-0.0197  	-0.0016  	-0.0016  	0.02072  	0.00874  	0.02560  	-0.0428  	-0.0313  	0.01768  	0.05778  	0.00147  	0.19591  	-0.0401  	-0.0029  	-0.0129  	0.02117  	0.32912  	0.47227  	293.370  	223.447  	
-0.0037  	-0.1046  	-0.2930  	-0.4649  	0.56463  	-1.0191  	-0.5091  	0.19756  	-0.0776  	-0.4258  	-0.0307  	0.77523  	-0.1958  	-0.3294  	-1.1643  	-0.1844  	0.47025  	-0.3459  	0.64578  	0.13842  	-0.1524  	0.79934  	0.20983  	0.59495  	0.41792  	0.18345  	0.36259  	-0.7972  	-0.4088  	-0.2551  	-0.1767  	-0.0327  	-0.0564  	-0.1950  	0.39587  	0.23059  	0.42420  	0.12218  	-0.4920  	-0.0776  	0.14982  	0.13202  	-0.1266  	0.26631  	0.10076  	-0.0279  	0.00628  	-0.0044  	0.01519  	-0.1320  	-0.1135  	-0.0691  	0.00703  	-0.0099  	-0.0002  	-0.0050  	0.01450  	0.01418  	0.03669  	-0.0384  	-0.0331  	0.01392  	0.04142  	-0.0056  	0.19591  	-0.0401  	-0.0029  	-0.0129  	0.02117  	0.32912  	0.47227  	293.370  	223.447  	
-0.1022  	-0.1705  	-0.3664  	-0.4705  	0.57732  	-1.0482  	-0.4393  	0.16817  	-0.0965  	-0.4160  	-0.1020  	0.75017  	-0.1872  	-0.4060  	-1.1978  	-0.1753  	0.45459  	-0.2871  	0.60316  	0.20247  	-0.3288  	0.81353  	0.17542  	0.49692  	0.47055  	0.21720  	0.25223  	-0.5848  	-0.2573  	-0.2375  	-0.1533  	-0.0683  	-0.0761  	-0.1801  	0.29011  	0.28446  	0.27805  	0.07210  	-0.4446  	-0.0391  	0.17096  	0.12281  	-0.1055  	0.28030  	0.09884  	-0.0377  	0.00792  	0.00528  	0.02267  	-0.1343  	-0.1068  	-0.0694  	0.00517  	-0.0195  	0.00612  	-0.0098  	0.02323  	0.00929  	0.03354  	-0.0369  	-0.0354  	0.01431  	0.05106  	0.00866  	0.19591  	-0.0401  	-0.0029  	-0.0129  	0.02117  	0.32912  	0.47227  	293.370  	223.447  	
-0.3164  	-0.1900  	-0.4253  	-0.5996  	0.55966  	-1.2249  	-0.4794  	0.15069  	-0.1116  	-0.3041  	-0.0972  	0.80813  	-0.1463  	-0.3892  	-1.2970  	-0.1693  	0.40523  	-0.2069  	0.61862  	0.22752  	-0.3979  	0.78186  	0.19247  	0.44946  	0.39195  	0.22397  	0.17383  	-0.5013  	-0.2295  	-0.2575  	-0.1007  	-0.0843  	-0.0439  	-0.1667  	0.27419  	0.29168  	0.19977  	0.03410  	-0.4156  	-0.0549  	0.17021  	0.11434  	-0.0992  	0.28094  	0.10281  	-0.0418  	0.00441  	0.01015  	0.01471  	-0.1344  	-0.1060  	-0.0691  	-0.0005  	-0.0208  	0.00394  	-0.0073  	0.01854  	0.01022  	0.03896  	-0.0321  	-0.0262  	0.02057  	0.05047  	0.00715  	0.19591  	-0.0401  	-0.0029  	-0.0129  	0.02117  	0.32912  	0.47227  	293.370  	223.447  	
-0.4196  	-0.2033  	-0.4639  	-0.7509  	0.51517  	-1.3860  	-0.4693  	0.11552  	-0.1284  	-0.3024  	0.06956  	0.74635  	-0.1735  	-0.4016  	-1.4247  	-0.2214  	0.39923  	-0.2370  	0.61597  	0.27374  	-0.3151  	0.78147  	0.15864  	0.49508  	0.37990  	0.22729  	0.16130  	-0.6081  	-0.3019  	-0.2826  	-0.0964  	-0.0961  	-0.0492  	-0.1754  	0.32667  	0.27107  	0.24619  	0.04066  	-0.4212  	-0.0773  	0.16990  	0.13315  	-0.1172  	0.26116  	0.11014  	-0.0436  	0.00366  	0.00518  	0.01962  	-0.1371  	-0.1099  	-0.0681  	0.00475  	-0.0203  	-0.0050  	0.00049  	0.01949  	0.01176  	0.02737  	-0.0364  	-0.0280  	0.01981  	0.05811  	-0.0015  	0.19591  	-0.0401  	-0.0029  	-0.0129  	0.02117  	0.32912  	0.47227  	293.370  	223.447  	
-0.4311  	-0.1989  	-0.4245  	-0.6959  	0.57772  	-1.4237  	-0.4920  	0.19815  	-0.1335  	-0.3310  	0.15424  	0.77124  	-0.1636  	-0.4272  	-1.2567  	-0.2804  	0.51627  	-0.4336  	0.67097  	0.00853  	-0.1656  	0.57868  	-0.1492  	0.58140  	0.31852  	0.30951  	0.20355  	-0.7401  	-0.2582  	-0.3043  	-0.0156  	-0.1221  	-0.1238  	-0.3413  	0.29112  	0.22684  	0.19904  	0.06364  	-0.5614  	-0.1476  	0.20532  	0.27381  	-0.2629  	0.31692  	0.04541  	-0.0178  	-0.0147  	0.01054  	0.00484  	-0.1449  	-0.1030  	-0.0644  	0.00856  	0.00145  	0.01010  	-0.0118  	0.01711  	0.00122  	0.03362  	-0.0185  	-0.0284  	0.02279  	0.03234  	0.00231  	0.19591  	-0.0401  	-0.0029  	-0.0129  	0.02117  	0.32912  	0.47227  	293.370  	223.447  	
-0.3032  	-0.1648  	-0.3409  	-0.5706  	0.61733  	-1.3845  	-0.5318  	0.33230  	-0.1316  	-0.3874  	0.17958  	0.79999  	-0.1262  	-0.4281  	-1.1799  	-0.3726  	0.61791  	-0.6075  	0.72431  	-0.1690  	-0.0387  	0.36821  	-0.3647  	0.63584  	0.28380  	0.37624  	0.24703  	-0.8556  	-0.2475  	-0.3133  	0.05538  	-0.1648  	-0.2050  	-0.4838  	0.26336  	0.17187  	0.19551  	0.05257  	-0.6603  	-0.2409  	0.24351  	0.37840  	-0.3781  	0.37367  	0.00180  	0.01002  	-0.0336  	0.02175  	-0.0076  	-0.1535  	-0.0940  	-0.0610  	0.00468  	0.01550  	0.00808  	-0.0099  	0.01749  	-0.0096  	0.03602  	-0.0139  	-0.0253  	0.01376  	0.01523  	0.00159  	0.19591  	-0.0401  	-0.0029  	-0.0129  	0.02117  	0.32912  	0.47227  	293.370  	223.447  	
-0.0330  	-0.0570  	-0.2628  	-0.4718  	0.61005  	-1.1983  	-0.5598  	0.41155  	-0.1232  	-0.4532  	-0.0164  	0.82519  	-0.0213  	-0.2493  	-0.9435  	-0.4146  	0.65181  	-0.6610  	0.74831  	-0.3083  	0.06640  	0.38284  	-0.3257  	0.62850  	0.32890  	0.39578  	0.38487  	-0.9600  	-0.2472  	-0.2940  	0.07034  	-0.1979  	-0.2447  	-0.5261  	0.28512  	0.14280  	0.20987  	0.05518  	-0.7043  	-0.2233  	0.26373  	0.39538  	-0.3736  	0.40821  	-0.0105  	0.00339  	-0.0336  	0.03487  	-0.0088  	-0.1592  	-0.0909  	-0.0626  	0.00620  	0.02360  	-0.0040  	-0.0035  	0.01362  	-0.0212  	0.03688  	-0.0083  	-0.0259  	0.01247  	0.00567  	-0.0026  	0.19591  	-0.0401  	-0.0029  	-0.0129  	0.02117  	0.32912  	0.47227  	293.370  	223.447  	
0.13149  	-0.0531  	-0.1780  	-0.2994  	0.66329  	-0.9799  	-0.5797  	0.42884  	-0.1017  	-0.4772  	-0.1463  	0.86028  	-0.0579  	-0.3062  	-0.9898  	-0.2338  	0.63630  	-0.5792  	0.77417  	-0.2578  	-0.0209  	0.39881  	-0.2882  	0.53710  	0.32656  	0.37924  	0.26508  	-0.8713  	-0.2016  	-0.2815  	0.04444  	-0.1527  	-0.2119  	-0.4848  	0.23605  	0.14510  	0.16245  	0.08111  	-0.6492  	-0.1958  	0.29342  	0.34033  	-0.3090  	0.41056  	-0.0119  	-0.0008  	-0.0364  	0.03059  	-0.0056  	-0.1561  	-0.0910  	-0.0629  	0.00123  	0.00964  	0.00573  	-0.0001  	0.01659  	-0.0182  	0.03601  	-0.0195  	-0.0275  	0.00696  	0.01335  	-0.0017  	0.19591  	-0.0401  	-0.0029  	-0.0129  	0.02117  	0.32912  	0.47227  	293.370  	223.447  	
0.06607  	-0.0541  	-0.1843  	-0.4515  	0.64783  	-1.0953  	-0.5057  	0.29128  	-0.1047  	-0.4256  	-0.1280  	0.79311  	-0.0867  	-0.2893  	-1.1118  	-0.1905  	0.52886  	-0.4666  	0.69497  	-0.0060  	-0.1463  	0.56265  	-0.1678  	0.54569  	0.37316  	0.29155  	0.24358  	-0.7510  	-0.2347  	-0.2656  	-0.0502  	-0.1122  	-0.1236  	-0.3418  	0.29110  	0.19829  	0.24445  	0.08367  	-0.5519  	-0.1036  	0.26194  	0.24789  	-0.2270  	0.35915  	0.03840  	-0.0163  	-0.0175  	0.02579  	0.01233  	-0.1584  	-0.0986  	-0.0658  	0.00246  	-0.0046  	0.00360  	-0.0097  	0.01692  	-0.0020  	0.02415  	-0.0338  	-0.0292  	0.01297  	0.03616  	0.00171  	0.19591  	-0.0401  	-0.0029  	-0.0129  	0.02117  	0.32912  	0.47227  	293.370  	223.447  	
-0.2183  	-0.1786  	-0.4168  	-0.5225  	0.60828  	-1.2219  	-0.4253  	0.14725  	-0.1103  	-0.3240  	0.13273  	0.76522  	-0.1693  	-0.2649  	-1.2432  	-0.2620  	0.44170  	-0.3195  	0.61184  	0.26758  	-0.1867  	0.78516  	0.06421  	0.61586  	0.52366  	0.17920  	0.32386  	-0.7204  	-0.3669  	-0.2345  	-0.1583  	-0.0741  	-0.0200  	-0.1748  	0.43090  	0.25497  	0.34453  	0.06053  	-0.4705  	-0.0581  	0.11575  	0.16740  	-0.1382  	0.23712  	0.11998  	-0.0275  	-0.0045  	-0.0221  	0.01763  	-0.1393  	-0.0986  	-0.0709  	-0.0009  	-0.0171  	-0.0054  	0.00186  	0.01696  	0.00724  	0.03606  	-0.0228  	-0.0327  	0.02333  	0.04510  	0.00378  	0.19591  	-0.0401  	-0.0029  	-0.0129  	0.02117  	0.32912  	0.47227  	293.370  	223.447  	
-0.2942  	-0.2448  	-0.4589  	-0.7135  	0.51938  	-1.3520  	-0.4864  	0.19977  	-0.1122  	-0.4225  	0.19717  	0.69186  	-0.2200  	-0.3187  	-1.1685  	-0.3211  	0.47902  	-0.3665  	0.61598  	0.21911  	-0.0717  	0.73551  	0.13889  	0.66680  	0.42429  	0.19657  	0.34558  	-0.7788  	-0.4761  	-0.2813  	-0.1599  	-0.0560  	-0.0443  	-0.2039  	0.44904  	0.20260  	0.42287  	0.07952  	-0.5029  	-0.0896  	0.08441  	0.14154  	-0.1751  	0.23026  	0.11642  	-0.0259  	0.01492  	-0.0304  	0.02083  	-0.1272  	-0.1126  	-0.0702  	0.00172  	-0.0170  	-0.0039  	-0.0045  	0.01480  	0.00837  	0.03026  	-0.0317  	-0.0290  	0.01758  	0.04447  	-0.0053  	0.19591  	-0.0401  	-0.0029  	-0.0129  	0.02117  	0.32912  	0.47227  	293.370  	223.447  	
0.23320  	-0.0724  	-0.1741  	-0.0834  	0.85077  	-0.9792  	-0.4531  	0.43696  	-0.0223  	-0.5266  	-0.1586  	0.92650  	-0.0027  	0.08466  	-0.6919  	-0.1316  	0.41691  	-0.3558  	0.61397  	0.20972  	-0.0246  	0.75837  	0.05930  	0.73321  	0.30806  	0.20712  	0.35454  	-0.7084  	-0.5116  	-0.2411  	-0.1540  	-0.0369  	0.03319  	-0.1936  	0.49721  	0.09603  	0.35436  	0.06950  	-0.4782  	-0.0133  	0.04676  	0.16436  	-0.1541  	0.24329  	0.09038  	-0.0405  	0.02917  	-0.0030  	0.03387  	-0.1308  	-0.1103  	-0.0720  	-0.0212  	-0.0241  	-0.0127  	-0.0037  	0.02227  	0.00717  	0.02582  	-0.0441  	-0.0333  	0.01598  	0.03420  	-0.0052  	0.19591  	-0.0401  	-0.0029  	-0.0129  	0.02117  	0.32912  	0.47227  	293.370  	223.447  	
0.55232  	0.04803  	-0.1152  	0.21042  	0.95710  	-0.7077  	-0.4093  	0.40674  	-0.0192  	-0.5487  	-0.6824  	0.81505  	0.12692  	0.35622  	-0.3262  	-0.2647  	0.44123  	-0.4052  	0.59272  	0.09212  	-0.2004  	0.94140  	0.10244  	0.59595  	0.53335  	0.16037  	0.45517  	-0.7970  	-0.3469  	-0.1379  	-0.1744  	-0.0737  	-0.0143  	-0.1743  	0.51418  	0.13739  	0.31134  	0.05781  	-0.4359  	-0.0296  	0.01824  	0.16249  	-0.1100  	0.27057  	0.09977  	-0.0316  	0.00866  	0.03472  	0.05818  	-0.1572  	-0.1065  	-0.0749  	-0.0059  	-0.0214  	-0.0012  	0.01404  	0.01133  	0.00301  	0.02844  	-0.0350  	-0.0353  	0.02675  	0.04011  	-0.0073  	0.19591  	-0.0401  	-0.0029  	-0.0129  	0.02117  	0.32912  	0.47227  	293.370  	223.447  	
0.49831  	0.02506  	-0.1565  	0.34265  	1.01345  	-0.7680  	-0.3949  	0.39295  	-0.0458  	-0.5425  	-0.5892  	0.69514  	0.10068  	0.37813  	-0.4055  	-0.2847  	0.44213  	-0.4483  	0.58350  	0.06132  	-0.1821  	0.94365  	0.08337  	0.64332  	0.66111  	0.14324  	0.58894  	-0.8724  	-0.3451  	-0.1004  	-0.1814  	-0.0319  	-0.0134  	-0.1884  	0.57659  	0.13705  	0.34666  	0.05266  	-0.4269  	-0.0186  	-0.0152  	0.15334  	-0.1635  	0.27228  	0.10105  	-0.0357  	0.00204  	0.02153  	0.05184  	-0.1452  	-0.0912  	-0.0717  	0.00600  	-0.0175  	-0.0042  	0.02154  	0.00775  	0.00433  	0.03120  	-0.0246  	-0.0246  	0.02084  	0.03704  	-0.0128  	0.19591  	-0.0401  	-0.0029  	-0.0129  	0.02117  	0.32912  	0.47227  	293.370  	223.447  	
0.14725  	-0.0864  	-0.4444  	0.18210  	0.98752  	-1.0867  	-0.3958  	0.31304  	-0.0776  	-0.4364  	-0.1804  	0.90620  	0.00011  	0.15090  	-0.6354  	-0.2066  	0.41811  	-0.3890  	0.61071  	0.27064  	-0.1389  	0.81456  	-0.0537  	0.65447  	0.52812  	0.15358  	0.41019  	-0.7512  	-0.4062  	-0.1728  	-0.2065  	-0.0535  	-0.0226  	-0.1830  	0.60404  	0.18202  	0.34902  	0.03627  	-0.4765  	-0.0068  	-0.0167  	0.19230  	-0.2049  	0.22688  	0.10255  	-0.0320  	0.00838  	0.01018  	0.02039  	-0.1256  	-0.0985  	-0.0677  	-0.0089  	-0.0239  	-0.0026  	0.01734  	0.02285  	0.00406  	0.02863  	-0.0349  	-0.0268  	0.01205  	0.02812  	-0.0083  	0.19591  	-0.0401  	-0.0029  	-0.0129  	0.02117  	0.32912  	0.47227  	293.370  	223.447  	
-0.1411  	-0.1825  	-0.4362  	-0.1391  	0.91312  	-1.1627  	-0.4508  	0.25869  	-0.0745  	-0.4302  	-0.0614  	0.99245  	-0.1228  	-0.1120  	-0.8873  	-0.1793  	0.39175  	-0.2795  	0.62562  	0.31374  	-0.1657  	0.79167  	0.05107  	0.65166  	0.39666  	0.18083  	0.27859  	-0.6209  	-0.4097  	-0.2388  	-0.1506  	-0.0589  	-0.0099  	-0.1771  	0.52807  	0.18452  	0.33037  	0.04171  	-0.4568  	-0.0300  	0.04838  	0.15920  	-0.2008  	0.22574  	0.12217  	-0.0300  	0.01557  	-0.0127  	0.00761  	-0.1292  	-0.1038  	-0.0687  	0.00310  	-0.0187  	-0.0081  	-0.0055  	0.02877  	0.00819  	0.03004  	-0.0238  	-0.0375  	0.01077  	0.03502  	-0.0053  	0.19591  	-0.0401  	-0.0029  	-0.0129  	0.02117  	0.32912  	0.47227  	293.370  	223.447  	
0.20958  	-0.1129  	-0.2243  	-0.3436  	0.64960  	-0.9252  	-0.5177  	0.25958  	-0.0590  	-0.4609  	-0.1338  	0.75530  	-0.1718  	-0.3311  	-1.1216  	-0.0318  	0.44579  	-0.2799  	0.65275  	0.22017  	-0.1795  	0.76200  	0.13544  	0.57212  	0.48297  	0.18131  	0.31831  	-0.6993  	-0.4104  	-0.2173  	-0.2144  	-0.0313  	-0.0346  	-0.2037  	0.41698  	0.24456  	0.37217  	0.08537  	-0.4682  	-0.0505  	0.10409  	0.14215  	-0.1247  	0.25235  	0.10292  	-0.0247  	0.00440  	0.00244  	0.02117  	-0.1310  	-0.1010  	-0.0696  	0.00744  	-0.0114  	-0.0003  	0.00393  	0.02288  	0.01048  	0.03903  	-0.0368  	-0.0434  	0.01049  	0.04560  	-7.4142  	0.19591  	-0.0401  	-0.0029  	-0.0129  	0.02117  	0.32912  	0.47227  	293.370  	223.447  	
0.16685  	-0.0749  	-0.2008  	-0.2805  	0.69935  	-0.9397  	-0.4782  	0.25035  	-0.0527  	-0.4033  	-0.1212  	0.84183  	-0.1703  	-0.2753  	-1.1428  	-0.0571  	0.43318  	-0.2666  	0.63093  	0.25427  	-0.1845  	0.79136  	0.07682  	0.55031  	0.46864  	0.17302  	0.29321  	-0.6181  	-0.3255  	-0.2237  	-0.1960  	-0.0439  	-0.0440  	-0.1896  	0.41155  	0.25882  	0.34989  	0.07884  	-0.4612  	-0.0360  	0.11680  	0.12596  	-0.1276  	0.27164  	0.10360  	-0.0275  	0.00622  	0.00229  	0.02438  	-0.1452  	-0.0895  	-0.0742  	0.00591  	-0.0234  	-0.0011  	0.00519  	0.02935  	0.01056  	0.03760  	-0.0326  	-0.0369  	0.00180  	0.04763  	0.00443  	0.19591  	-0.0401  	-0.0029  	-0.0129  	0.02117  	0.32912  	0.47227  	293.370  	223.447  	
0.10766  	-0.1128  	-0.2615  	-0.2225  	0.70274  	-0.9476  	-0.5190  	0.19478  	-0.1087  	-0.4413  	-0.0684  	0.81753  	-0.2163  	-0.3101  	-1.0691  	-0.0776  	0.44213  	-0.3306  	0.63752  	0.20820  	-0.1432  	0.80264  	0.08027  	0.60379  	0.50220  	0.14588  	0.38003  	-0.7038  	-0.3912  	-0.2055  	-0.2077  	-0.0172  	-0.0681  	-0.2061  	0.48772  	0.30451  	0.40742  	0.08517  	-0.4881  	-0.0629  	0.07737  	0.13191  	-0.1416  	0.24946  	0.10617  	-0.0285  	0.00935  	-0.0120  	0.02472  	-0.1405  	-0.0861  	-0.0697  	0.01009  	-0.0197  	0.00139  	0.00802  	0.02723  	0.01887  	0.03839  	-0.0306  	-0.0376  	-0.0024  	0.05964  	0.00030  	0.19591  	-0.0401  	-0.0029  	-0.0129  	0.02117  	0.32912  	0.47227  	293.370  	223.447  	
0.15492  	-0.1257  	-0.2766  	-0.2886  	0.68235  	-0.9632  	-0.4717  	0.19465  	-0.1011  	-0.4493  	-0.0552  	0.75910  	-0.1855  	-0.3305  	-1.1043  	-0.0399  	0.43321  	-0.3241  	0.63697  	0.19727  	-0.1666  	0.79629  	0.07691  	0.58646  	0.50738  	0.15029  	0.36723  	-0.6905  	-0.4216  	-0.2126  	-0.2052  	-0.0129  	-0.0767  	-0.1939  	0.49999  	0.30186  	0.42442  	0.08704  	-0.5061  	-0.0705  	0.05969  	0.14891  	-0.1456  	0.24162  	0.11267  	-0.0330  	0.01172  	-0.0222  	0.02393  	-0.1464  	-0.0921  	-0.0694  	0.00814  	-0.0182  	0.00489  	0.00485  	0.02605  	0.01595  	0.03580  	-0.0344  	-0.0413  	0.00047  	0.05401  	0.00475  	0.19591  	-0.0401  	-0.0029  	-0.0129  	0.02117  	0.32912  	0.47227  	293.370  	223.447  	
0.20030  	-0.1296  	-0.2142  	-0.2390  	0.72415  	-0.9277  	-0.4759  	0.21241  	-0.0795  	-0.4162  	-0.0596  	0.81912  	-0.1873  	-0.3581  	-1.1697  	0.03340  	0.40873  	-0.3084  	0.65539  	0.25179  	-0.1894  	0.81172  	0.03042  	0.58705  	0.55858  	0.15082  	0.36458  	-0.6610  	-0.3959  	-0.2162  	-0.2191  	-0.0200  	-0.0799  	-0.1927  	0.49961  	0.31567  	0.40227  	0.08970  	-0.4864  	-0.0502  	0.06482  	0.16648  	-0.1409  	0.24578  	0.11201  	-0.0289  	0.00825  	-0.0060  	0.02523  	-0.1384  	-0.0826  	-0.0725  	0.00732  	-0.0206  	0.00742  	0.00636  	0.02943  	0.01525  	0.03486  	-0.0275  	-0.0426  	-0.0077  	0.04713  	0.00597  	0.19591  	-0.0401  	-0.0029  	-0.0129  	0.02117  	0.32912  	0.47227  	293.370  	223.447  	
0.11587  	-0.1111  	-0.2386  	-0.2067  	0.70466  	-0.9354  	-0.5014  	0.18643  	-0.1230  	-0.4954  	-0.1282  	0.73818  	-0.2342  	-0.3013  	-1.0535  	-0.0632  	0.45481  	-0.3530  	0.63898  	0.18123  	-0.1349  	0.79386  	0.08316  	0.63799  	0.56193  	0.14128  	0.46941  	-0.7433  	-0.4547  	-0.1897  	-0.2355  	0.01688  	-0.0714  	-0.2116  	0.52095  	0.31731  	0.45044  	0.09536  	-0.5067  	-0.0827  	0.04611  	0.14186  	-0.1500  	0.25206  	0.11005  	-0.0249  	0.00430  	-0.0087  	0.02929  	-0.1345  	-0.0878  	-0.0699  	0.01501  	-0.0160  	0.00359  	0.00973  	0.02176  	0.01857  	0.03691  	-0.0296  	-0.0438  	-0.0022  	0.05174  	-0.0015  	0.19591  	-0.0401  	-0.0029  	-0.0129  	0.02117  	0.32912  	0.47227  	293.370  	223.447  	
0.14985  	-0.1077  	-0.2500  	-0.2438  	0.68824  	-0.9449  	-0.4819  	0.19043  	-0.1139  	-0.4568  	-0.0878  	0.73359  	-0.2012  	-0.2816  	-1.0706  	-0.0436  	0.42834  	-0.3529  	0.64631  	0.19743  	-0.1345  	0.82464  	0.07063  	0.62129  	0.55365  	0.14352  	0.42925  	-0.7491  	-0.4658  	-0.2000  	-0.2077  	0.00163  	-0.0883  	-0.1937  	0.52954  	0.30953  	0.45963  	0.09590  	-0.5181  	-0.0819  	0.04581  	0.14477  	-0.1549  	0.23790  	0.11978  	-0.0333  	0.00826  	-0.0206  	0.02841  	-0.1467  	-0.0897  	-0.0684  	0.01021  	-0.0167  	0.00352  	0.00652  	0.02532  	0.01626  	0.03410  	-0.0339  	-0.0441  	0.00021  	0.05393  	-0.0009  	0.19591  	-0.0401  	-0.0029  	-0.0129  	0.02117  	0.32912  	0.47227  	293.370  	223.447  	
0.17978  	-0.0951  	-0.1796  	-0.3386  	0.63701  	-0.9595  	-0.4616  	0.18987  	-0.0666  	-0.3714  	-0.0479  	0.80098  	-0.2107  	-0.3342  	-1.2391  	0.03709  	0.39953  	-0.2887  	0.62274  	0.25449  	-0.2356  	0.8047  	0.04168  	0.55912  	0.48760  	0.16987  	0.30315  	-0.6638  	-0.3719  	-0.2328  	-0.2005  	-0.0257  	-0.0580  	-0.1845  	0.46449  	0.31296  	0.37085  	0.08124  	-0.4718  	-0.0271  	0.10325  	0.15046  	-0.1315  	0.24689  	0.10513  	-0.0277  	0.01117  	-0.0029  	0.03160  	-0.1346  	-0.0900  	-0.0730  	0.00457  	-0.0219  	0.00367  	0.00116  	0.02282  	0.01185  	0.03134  	-0.0337  	-0.0419  	0.00035  	0.04785  	0.00477  	0.19591  	-0.0401  	-0.0029  	-0.0129  	0.02117  	0.32912  	0.47227  	293.370  	223.447  	
0.02798  	-0.1043  	-0.3020  	-0.3623  	0.58564  	-1.1093  	-0.4527  	0.18608  	-0.1386  	-0.3145  	-0.0942  	0.78189  	-0.1541  	-0.2870  	-1.2331  	-0.0943  	0.37866  	-0.2551  	0.61719  	0.25668  	-0.3234  	0.82363  	0.01834  	0.52589  	0.53730  	0.17202  	0.28542  	-0.6088  	-0.2581  	-0.2271  	-0.1709  	-0.0425  	-0.0718  	-0.1948  	0.40538  	0.36993  	0.27758  	0.05972  	-0.4369  	-0.0331  	0.12662  	0.14166  	-0.1314  	0.25508  	0.10787  	-0.0457  	0.00475  	0.00310  	0.03158  	-0.1576  	-0.0883  	-0.0677  	0.00914  	-0.0197  	0.00266  	-0.0047  	0.02416  	0.00495  	0.03449  	-0.0294  	-0.0392  	0.01161  	0.06000  	0.00456  	0.19591  	-0.0401  	-0.0029  	-0.0129  	0.02117  	0.32912  	0.47227  	293.370  	223.447  	
-0.2444  	-0.1639  	-0.4723  	-0.5163  	0.63189  	-1.2954  	-0.4287  	0.11711  	-0.1364  	-0.3392  	0.00988  	0.77610  	-0.1923  	-0.3090  	-1.2236  	-0.1815  	0.45611  	-0.3048  	0.61326  	0.23408  	-0.2596  	0.81171  	0.08871  	0.61019  	0.52659  	0.19084  	0.32162  	-0.6901  	-0.3276  	-0.2196  	-0.1805  	-0.0608  	-0.0668  	-0.1781  	0.42109  	0.32596  	0.34034  	0.06353  	-0.4801  	-0.0606  	0.09945  	0.16815  	-0.1780  	0.23272  	0.11437  	-0.0401  	0.00623  	-0.0193  	0.02496  	-0.1399  	-0.0973  	-0.0664  	0.00019  	-0.0152  	0.00768  	0.00479  	0.01363  	0.00346  	0.04037  	-0.0304  	-0.0345  	0.02746  	0.04907  	0.00182  	0.19591  	-0.0401  	-0.0029  	-0.0129  	0.02117  	0.32912  	0.47227  	293.370  	223.447  	
-0.1695  	-0.1867  	-0.4019  	-0.2763  	0.75058  	-1.2372  	-0.5013  	0.33173  	-0.1135  	-0.4574  	0.06009  	0.91441  	-0.0922  	-0.1916  	-0.9364  	-0.3369  	0.50503  	-0.4862  	0.66289  	0.04411  	-0.0625  	0.53081  	-0.1676  	0.65569  	0.36870  	0.29649  	0.29518  	-0.7633  	-0.3139  	-0.2582  	-0.0655  	-0.1314  	-0.1051  	-0.3456  	0.42222  	0.17868  	0.25705  	0.05259  	-0.5753  	-0.1502  	0.12552  	0.29822  	-0.3061  	0.31568  	0.05315  	-0.0098  	-0.0018  	-0.0046  	0.00931  	-0.1501  	-0.0989  	-0.0689  	0.00328  	0.00525  	0.00248  	-0.0019  	0.01884  	-0.0015  	0.03299  	-0.0205  	-0.0295  	0.00557  	0.03060  	0.00140  	0.19591  	-0.0401  	-0.0029  	-0.0129  	0.02117  	0.32912  	0.47227  	293.370  	223.447  	
-0.0091  	-0.0714  	-0.3046  	-0.1980  	0.75683  	-1.1377  	-0.5680  	0.40960  	-0.0952  	-0.4876  	-0.0838  	0.98360  	0.00314  	-0.1222  	-0.7966  	-0.3156  	0.60760  	-0.5930  	0.72876  	-0.2155  	-0.0454  	0.38098  	-0.3807  	0.53654  	0.30926  	0.37997  	0.26715  	-0.8104  	-0.1841  	-0.2443  	0.02342  	-0.1810  	-0.1708  	-0.4823  	0.34807  	0.14338  	0.15827  	0.07119  	-0.6529  	-0.2186  	0.21109  	0.37732  	-0.3577  	0.37486  	0.01706  	0.00780  	-0.0286  	0.02965  	-0.0057  	-0.1647  	-0.0879  	-0.0610  	-0.0027  	0.01029  	-0.0006  	0.00236  	0.01912  	-0.0074  	0.03560  	-0.0097  	-0.0244  	0.00522  	0.01940  	0.00390  	0.19591  	-0.0401  	-0.0029  	-0.0129  	0.02117  	0.32912  	0.47227  	293.370  	223.447  	
-0.0673  	-0.1183  	-0.2578  	-0.3868  	0.64579  	-1.1851  	-0.5472  	0.37358  	-0.0998  	-0.4008  	-0.1213  	0.85506  	-0.0257  	-0.3013  	-0.9759  	-0.3765  	0.64625  	-0.6104  	0.78665  	-0.3214  	-0.0973  	0.33548  	-0.3707  	0.52460  	0.34276  	0.39772  	0.26881  	-0.8407  	-0.1300  	-0.2629  	0.07071  	-0.1745  	-0.2142  	-0.4986  	0.22268  	0.16412  	0.11527  	0.08202  	-0.6650  	-0.2046  	0.29103  	0.38777  	-0.3532  	0.42730  	-0.0120  	0.01213  	-0.0411  	0.03871  	-0.0046  	-0.1589  	-0.0984  	-0.0620  	0.00164  	0.01914  	0.01036  	-0.0088  	0.01518  	-0.0105  	0.03339  	-0.0144  	-0.0216  	0.00613  	0.02423  	0.00742  	0.19591  	-0.0401  	-0.0029  	-0.0129  	0.02117  	0.32912  	0.47227  	293.370  	223.447  	
-0.0569  	-0.1051  	-0.2559  	-0.4603  	0.58749  	-1.1271  	-0.5328  	0.35607  	-0.0910  	-0.4311  	-0.0643  	0.80689  	-0.1023  	-0.4086  	-1.0770  	-0.3157  	0.61683  	-0.5950  	0.78527  	-0.2883  	-0.0903  	0.40701  	-0.2852  	0.54574  	0.32467  	0.38187  	0.29749  	-0.8167  	-0.1622  	-0.2597  	0.03199  	-0.1525  	-0.2242  	-0.4839  	0.20069  	0.18894  	0.16010  	0.07176  	-0.6520  	-0.2014  	0.28934  	0.37395  	-0.3253  	0.41164  	-0.0053  	0.00363  	-0.0321  	0.04642  	0.00152  	-0.1579  	-0.1001  	-0.0631  	0.00371  	0.02024  	0.01166  	-0.0118  	0.01715  	-0.0107  	0.03263  	-0.0217  	-0.0286  	0.00127  	0.01955  	0.00966  	0.19591  	-0.0401  	-0.0029  	-0.0129  	0.02117  	0.32912  	0.47227  	293.370  	223.447  	
0.08563  	-0.1257  	-0.2957  	-0.2386  	0.74119  	-1.0307  	-0.5313  	0.29415  	-0.0960  	-0.4888  	-0.0755  	0.87068  	-0.1314  	-0.3692  	-1.0047  	-0.1371  	0.55086  	-0.4605  	0.72593  	-0.0125  	-0.0902  	0.52390  	-0.1604  	0.60165  	0.42282  	0.28974  	0.36584  	-0.7553  	-0.3140  	-0.2355  	-0.0711  	-0.0829  	-0.1441  	-0.3584  	0.37683  	0.21809  	0.26099  	0.07465  	-0.6011  	-0.1211  	0.14394  	0.29171  	-0.2737  	0.32736  	0.04527  	-0.0127  	-0.0157  	0.02308  	0.00298  	-0.1467  	-0.0874  	-0.0616  	0.00554  	0.00281  	0.00015  	-0.0033  	0.02375  	-0.0004  	0.03828  	-0.0251  	-0.0366  	-0.0003  	0.03679  	0.00268  	0.19591  	-0.0401  	-0.0029  	-0.0129  	0.02117  	0.32912  	0.47227  	293.370  	223.447  	
0.37475  	0.02926  	-0.2038  	0.17152  	0.95563  	-0.7950  	-0.4646  	0.36070  	-0.0467  	-0.5848  	-0.4408  	0.94331  	-0.0353  	0.01618  	-0.6909  	-0.0391  	0.44573  	-0.2766  	0.62434  	0.27884  	-0.2064  	0.79591  	-0.0064  	0.57239  	0.53206  	0.15672  	0.35936  	-0.5901  	-0.3017  	-0.1592  	-0.2041  	-0.0445  	-0.0124  	-0.1662  	0.47902  	0.18017  	0.29227  	0.06499  	-0.4252  	-0.0093  	0.04214  	0.14611  	-0.1178  	0.25046  	0.10226  	-0.0313  	-0.0046  	0.02392  	0.03553  	-0.1487  	-0.0877  	-0.0698  	0.00122  	-0.0260  	-0.0080  	0.01459  	0.02878  	0.00565  	0.03204  	-0.0298  	-0.0415  	0.01176  	0.04492  	-0.0005  	0.19591  	-0.0401  	-0.0029  	-0.0129  	0.02117  	0.32912  	0.47227  	293.370  	223.447  	
0.42575  	-0.0272  	-0.1954  	0.22126  	0.95108  	-0.7583  	-0.4453  	0.37450  	-0.0542  	-0.5720  	-0.3814  	0.87490  	-0.0552  	0.12317  	-0.6133  	-0.0701  	0.44994  	-0.4192  	0.61582  	0.19211  	-0.1152  	0.87337  	0.02345  	0.66317  	0.58895  	0.13014  	0.50444  	-0.7684  	-0.3802  	-0.1501  	-0.2438  	-0.0234  	-0.0245  	-0.1643  	0.58060  	0.18024  	0.36122  	0.09155  	-0.4795  	-0.0252  	0.00043  	0.16322  	-0.1483  	0.26130  	0.09337  	-0.0295  	0.00659  	0.01997  	0.04198  	-0.1490  	-0.0875  	-0.0700  	0.00100  	-0.0091  	-0.0155  	0.01298  	0.02214  	0.00642  	0.03539  	-0.0315  	-0.0395  	0.01395  	0.04762  	-0.0087  	0.19591  	-0.0401  	-0.0029  	-0.0129  	0.02117  	0.32912  	0.47227  	293.370  	223.447  	
0.49192  	-0.0253  	-0.2232  	0.26161  	1.00593  	-0.7475  	-0.4210  	0.38339  	-0.0309  	-0.5340  	-0.5123  	0.83543  	0.07608  	0.18953  	-0.4433  	-0.2311  	0.43121  	-0.4310  	0.57089  	0.14619  	-0.1852  	0.89265  	0.08960  	0.70209  	0.50728  	0.14669  	0.51604  	-0.7954  	-0.3681  	-0.1355  	-0.2303  	-0.0506  	-0.0169  	-0.1854  	0.54905  	0.16361  	0.35937  	0.04062  	-0.4385  	0.00876  	-0.0061  	0.17665  	-0.1535  	0.25292  	0.10175  	-0.0257  	0.00668  	0.02200  	0.05075  	-0.1340  	-0.0943  	-0.0734  	0.00280  	-0.0177  	-5.0054  	0.01647  	0.01744  	0.00279  	0.03743  	-0.0258  	-0.0359  	0.01804  	0.03336  	-0.0063  	0.19591  	-0.0401  	-0.0029  	-0.0129  	0.02117  	0.32912  	0.47227  	293.370  	223.447  	
0.68586  	0.04746  	0.01441  	-0.0624  	0.81841  	-0.7932  	-0.3825  	0.39974  	-0.0168  	-0.4480  	-0.5135  	0.67254  	0.07268  	0.23344  	-0.5474  	-0.2449  	0.44775  	-0.3822  	0.59564  	0.01025  	-0.1228  	0.91012  	0.15975  	0.61017  	0.60310  	0.12394  	0.55680  	-0.9182  	-0.3734  	-0.1460  	-0.1549  	-0.0365  	-0.0198  	-0.1821  	0.53071  	0.17717  	0.36999  	0.07486  	-0.4668  	-0.0101  	0.02899  	0.13479  	-0.1145  	0.26872  	0.07996  	-0.0268  	-0.0081  	0.04749  	0.05846  	-0.1458  	-0.1018  	-0.0743  	0.00411  	-0.0222  	-0.0031  	0.02061  	0.01254  	0.01080  	0.02735  	-0.0245  	-0.0282  	0.00981  	0.05433  	-0.0078  	0.19591  	-0.0401  	-0.0029  	-0.0129  	0.02117  	0.32912  	0.47227  	293.370  	223.447  	
0.28796  	-0.0574  	-0.1653  	-0.3427  	0.70064  	-1.0559  	-0.3487  	0.36597  	-0.0391  	-0.3648  	-0.2001  	0.55207  	0.01173  	0.15390  	-0.7876  	-0.3116  	0.42439  	-0.4543  	0.59566  	0.10926  	-0.0367  	0.87883  	0.06406  	0.74120  	0.67102  	0.12721  	0.64349  	-1.0273  	-0.5459  	-0.2153  	-0.1453  	-0.0673  	-0.0122  	-0.1929  	0.61613  	0.21900  	0.45569  	0.08504  	-0.5196  	-0.0281  	0.05165  	0.18782  	-0.1519  	0.22598  	0.11697  	-0.0364  	0.00411  	-0.0022  	0.04546  	-0.1187  	-0.1149  	-0.0729  	-0.0023  	-0.0044  	-0.0071  	-0.0009  	0.00796  	0.00808  	0.03274  	-0.0228  	-0.0393  	0.02423  	0.05676  	0.00670  	0.19591  	-0.0401  	-0.0029  	-0.0129  	0.02117  	0.32912  	0.47227  	293.370  	223.447  	
-0.3948  	-0.2947  	-0.4678  	-0.7452  	0.52938  	-1.2983  	-0.4920  	0.17329  	-0.1605  	-0.4341  	0.24662  	0.63526  	-0.2580  	-0.3413  	-1.0967  	-0.4231  	0.47959  	-0.4233  	0.59812  	0.11948  	0.01442  	0.76410  	0.16576  	0.70102  	0.36088  	0.20413  	0.43673  	-0.8921  	-0.5569  	-0.2868  	-0.1616  	-0.0498  	-0.0144  	-0.2103  	0.53746  	0.14615  	0.46338  	0.09558  	-0.5254  	-0.0719  	0.05005  	0.15583  	-0.1725  	0.24406  	0.11532  	-0.0309  	0.03057  	-0.0579  	0.00254  	-0.1220  	-0.1127  	-0.0706  	0.00143  	-0.0203  	-0.0069  	-0.0085  	0.00978  	0.00763  	0.02384  	-0.0299  	-0.0288  	0.00954  	0.04995  	0.00313  	0.19591  	-0.0401  	-0.0029  	-0.0129  	0.02117  	0.32912  	0.47227  	293.370  	223.447  	
0.03069  	-0.1103  	-0.3013  	-0.2624  	0.72239  	-1.0596  	-0.5260  	0.37079  	-0.0444  	-0.4922  	0.05723  	0.96159  	-0.0914  	0.01031  	-0.8755  	-0.2243  	0.41585  	-0.3913  	0.59752  	0.29822  	0.03404  	0.73954  	0.06020  	0.70266  	0.34412  	0.18864  	0.35765  	-0.7641  	-0.5075  	-0.2685  	-0.1266  	-0.0697  	-0.0088  	-0.1798  	0.54186  	0.13081  	0.38669  	0.07635  	-0.4770  	-0.0451  	0.01604  	0.14592  	-0.1702  	0.23241  	0.12299  	-0.0252  	0.01538  	-0.0267  	0.02117  	-0.1349  	-0.1011  	-0.0713  	-0.0126  	-0.0219  	-0.0137  	-0.0063  	0.01734  	0.00958  	0.02834  	-0.0309  	-0.0280  	0.02240  	0.04792  	0.00695  	0.19591  	-0.0401  	-0.0029  	-0.0129  	0.02117  	0.32912  	0.47227  	293.370  	223.447  	
0.43146  	0.02989  	-0.0598  	-0.0481  	0.77633  	-0.7804  	-0.4584  	0.39996  	-0.0117  	-0.5258  	-0.3320  	0.89382  	0.03069  	0.19851  	-0.5611  	-0.1199  	0.47255  	-0.3907  	0.61801  	0.22794  	-0.1028  	0.86839  	0.09587  	0.62198  	0.38568  	0.18240  	0.33999  	-0.7782  	-0.4429  	-0.2052  	-0.1857  	-0.0684  	0.02655  	-0.1899  	0.47593  	0.13318  	0.39664  	0.07935  	-0.4886  	-0.0282  	0.05836  	0.12469  	-0.1245  	0.27473  	0.10038  	-0.0406  	0.01459  	0.01270  	0.03247  	-0.1347  	-0.1216  	-0.0705  	-0.0073  	-0.0115  	-0.0070  	-0.0003  	0.00828  	-0.0031  	0.02089  	-0.0324  	-0.0383  	0.01786  	0.04276  	-0.0016  	0.19591  	-0.0401  	-0.0029  	-0.0129  	0.02117  	0.32912  	0.47227  	293.370  	223.447  	
0.53680  	0.04835  	-0.0876  	0.17376  	0.86700  	-0.7191  	-0.4157  	0.40810  	0.01340  	-0.5312  	-0.5987  	0.76159  	0.05783  	0.22840  	-0.3982  	-0.1976  	0.49797  	-0.3776  	0.60214  	0.12872  	-0.0950  	0.91833  	0.16301  	0.54122  	0.59798  	0.15016  	0.45053  	-0.8481  	-0.3678  	-0.1393  	-0.2053  	-0.0560  	-0.0370  	-0.1849  	0.50742  	0.12317  	0.38015  	0.07976  	-0.4482  	-0.0391  	0.02068  	0.13000  	-0.1142  	0.26485  	0.09955  	-0.0326  	-0.0025  	0.02748  	0.05971  	-0.1402  	-0.1084  	-0.0789  	-0.0026  	-0.0228  	0.00251  	0.02833  	0.01013  	0.01222  	0.02398  	-0.0297  	-0.0319  	0.01937  	0.05056  	-0.0091  	0.19591  	-0.0401  	-0.0029  	-0.0129  	0.02117  	0.32912  	0.47227  	293.370  	223.447  	
0.43052  	0.00960  	-0.1946  	0.30325  	0.94062  	-0.7254  	-0.4536  	0.38906  	-0.0074  	-0.5889  	-0.3925  	0.85780  	-0.0401  	0.05236  	-0.4928  	-0.1259  	0.49137  	-0.4401  	0.64332  	0.13202  	-0.0546  	0.88699  	0.17711  	0.64856  	0.52007  	0.14610  	0.53715  	-0.8499  	-0.4440  	-0.1857  	-0.2327  	-0.0219  	-0.0293  	-0.1809  	0.56133  	0.12307  	0.43574  	0.10689  	-0.4912  	-0.0466  	-0.0268  	0.13008  	-0.1521  	0.29755  	0.09605  	-0.0299  	0.00100  	0.02380  	0.04262  	-0.1386  	-0.0919  	-0.0782  	0.00274  	-0.0203  	0.00878  	0.01551  	0.01683  	0.00679  	0.04277  	-0.0281  	-0.0366  	0.01915  	0.03652  	-0.0038  	0.19591  	-0.0401  	-0.0029  	-0.0129  	0.02117  	0.32912  	0.47227  	293.370  	223.447  	
0.46192  	0.04664  	-0.0766  	-0.0835  	0.76391  	-0.7361  	-0.4374  	0.37935  	-0.0422  	-0.5706  	-0.1583  	0.83974  	-0.1102  	-0.0107  	-0.6913  	-0.1170  	0.47346  	-0.4447  	0.63003  	0.08822  	0.09194  	0.87054  	0.21488  	0.76691  	0.43432  	0.14365  	0.58853  	-1.0056  	-0.6183  	-0.2540  	-0.2194  	0.03050  	-0.0449  	-0.2119  	0.64510  	0.14168  	0.56654  	0.15431  	-0.5448  	-0.0629  	0.03189  	0.14015  	-0.1372  	0.26159  	0.10107  	-0.0303  	-0.0013  	0.00392  	0.03594  	-0.1467  	-0.1081  	-0.0657  	0.00938  	-0.0197  	-0.0004  	0.01496  	0.00066  	0.00792  	0.02927  	-0.0255  	-0.0314  	0.01813  	0.04963  	0.00371  	0.19591  	-0.0401  	-0.0029  	-0.0129  	0.02117  	0.32912  	0.47227  	293.370  	223.447  	
0.49907  	0.00301  	-0.0354  	-0.1940  	0.68325  	-0.8189  	-0.4797  	0.45216  	0.00573  	-0.5360  	-0.0244  	0.93366  	-0.0956  	-0.1116  	-1.0000  	0.03439  	0.42336  	-0.3700  	0.62036  	0.24988  	0.06504  	0.78828  	0.09737  	0.61519  	0.45982  	0.11044  	0.44362  	-0.8169  	-0.5688  	-0.2342  	-0.1991  	-0.0104  	0.00644  	-0.1994  	0.58531  	0.15946  	0.51436  	0.12981  	-0.5292  	-0.0763  	0.04345  	0.14400  	-0.1479  	0.25055  	0.09969  	-0.0268  	0.00702  	0.00694  	0.03220  	-0.1414  	-0.0941  	-0.0702  	0.00644  	-0.0156  	-0.0061  	0.01397  	0.01639  	0.00686  	0.02445  	-0.0301  	-0.0370  	0.01665  	0.06121  	-0.0064  	0.19591  	-0.0401  	-0.0029  	-0.0129  	0.02117  	0.32912  	0.47227  	293.370  	223.447  	
0.50087  	-0.0247  	0.03521  	-0.2227  	0.65281  	-0.8168  	-0.4510  	0.45322  	0.01805  	-0.4661  	-0.0225  	0.85662  	-0.1145  	3.20789  	-0.9934  	0.06621  	0.39992  	-0.3564  	0.64014  	0.22281  	0.14718  	0.79018  	0.10018  	0.60714  	0.50704  	0.10775  	0.45687  	-0.9295  	-0.6465  	-0.2648  	-0.1894  	0.01704  	-0.0139  	-0.2028  	0.57223  	0.12733  	0.54550  	0.15148  	-0.4910  	-0.1367  	0.04158  	0.14436  	-0.1032  	0.24755  	0.10254  	-0.0257  	0.00550  	0.01467  	0.04917  	-0.1338  	-0.1011  	-0.0706  	0.00815  	-0.0068  	-0.0026  	0.01478  	0.01721  	0.00892  	0.03649  	-0.0208  	-0.0467  	0.00898  	0.05229  	-0.0072  	0.19591  	-0.0401  	-0.0029  	-0.0129  	0.02117  	0.32912  	0.47227  	293.370  	223.447  	
0.23650  	-0.0902  	-0.1089  	-0.2314  	0.67690  	-0.8374  	-0.5219  	0.32997  	-0.0557  	-0.5078  	-0.0029  	0.78133  	-0.1591  	-0.1754  	-1.0624  	-0.0201  	0.43775  	-0.4173  	0.67507  	0.15257  	0.05424  	0.82156  	0.15333  	0.71764  	0.48466  	0.11049  	0.52980  	-0.9867  	-0.6118  	-0.2455  	-0.2155  	0.03591  	-0.0410  	-0.2145  	0.55621  	0.18827  	0.53538  	0.15882  	-0.5630  	-0.0865  	0.04221  	0.14307  	-0.1352  	0.24185  	0.09756  	-0.0379  	-0.0016  	-0.0022  	0.03880  	-0.1475  	-0.0991  	-0.0680  	0.00887  	-0.0048  	-0.0084  	0.01183  	0.01859  	0.00755  	0.03607  	-0.0308  	-0.0325  	0.00347  	0.04582  	-0.0049  	0.19591  	-0.0401  	-0.0029  	-0.0129  	0.02117  	0.32912  	0.47227  	293.370  	223.447  	
0.20783  	-0.1049  	-0.2154  	-0.3581  	0.65963  	-0.9095  	-0.5391  	0.21962  	-0.0831  	-0.5004  	-0.0317  	0.77505  	-0.1882  	-0.3003  	-1.1335  	-0.0184  	0.43228  	-0.3708  	0.68476  	0.13253  	-0.0632  	0.81051  	0.14995  	0.66483  	0.48876  	0.14268  	0.45713  	-0.8592  	-0.5218  	-0.2417  	-0.2107  	0.00370  	-0.0742  	-0.2092  	0.52889  	0.26159  	0.51767  	0.12512  	-0.5505  	-0.0915  	0.05478  	0.15373  	-0.1535  	0.24888  	0.10476  	-0.0255  	0.00939  	-0.0108  	0.02512  	-0.1379  	-0.1043  	-0.0664  	0.00554  	-0.0064  	-0.0033  	0.00197  	0.01668  	0.01514  	0.04062  	-0.0419  	-0.0443  	0.00695  	0.04756  	-0.0056  	0.19591  	-0.0401  	-0.0029  	-0.0129  	0.02117  	0.32912  	0.47227  	293.370  	223.447  	
0.14564  	-0.1219  	-0.2106  	-0.3179  	0.66524  	-0.9721  	-0.5001  	0.23589  	-0.0793  	-0.3692  	0.02288  	0.84693  	-0.2012  	-0.3112  	-1.2599  	0.01122  	0.41508  	-0.3032  	0.65461  	0.20587  	-0.1593  	0.78119  	0.08566  	0.60930  	0.47804  	0.15468  	0.36126  	-0.7077  	-0.4165  	-0.2365  	-0.2036  	-0.0179  	-0.0629  	-0.2061  	0.49002  	0.29536  	0.43459  	0.08272  	-0.5089  	-0.0609  	0.08844  	0.14658  	-0.1318  	0.25132  	0.11024  	-0.0316  	0.00807  	-0.0030  	0.03466  	-0.1440  	-0.0907  	-0.0775  	0.00518  	-0.0174  	0.00641  	0.00258  	0.02630  	0.01345  	0.03592  	-0.0307  	-0.0394  	0.00478  	0.05417  	0.00391  	0.19591  	-0.0401  	-0.0029  	-0.0129  	0.02117  	0.32912  	0.47227  	293.370  	223.447  	
0.13325  	-0.0942  	-0.1877  	-0.3730  	0.61530  	-0.9547  	-0.4692  	0.23094  	-0.0798  	-0.3884  	-0.0087  	0.80746  	-0.2132  	-0.3160  	-1.2789  	-0.0006  	0.40806  	-0.2729  	0.64330  	0.23111  	-0.1899  	0.78083  	0.05501  	0.58398  	0.49294  	0.16035  	0.33619  	-0.6588  	-0.3866  	-0.2389  	-0.2009  	-0.0235  	-0.0495  	-0.1985  	0.46492  	0.29286  	0.39961  	0.07819  	-0.4843  	-0.0537  	0.09144  	0.14914  	-0.1256  	0.25278  	0.11117  	-0.0332  	0.00533  	-0.0038  	0.03563  	-0.1447  	-0.0891  	-0.0766  	0.00633  	-0.0147  	0.00815  	0.00152  	0.02771  	0.01403  	0.03310  	-0.0314  	-0.0406  	0.01030  	0.05313  	0.00650  	0.19591  	-0.0401  	-0.0029  	-0.0129  	0.02117  	0.32912  	0.47227  	293.370  	223.447  	
0.00291  	-0.1378  	-0.3000  	-0.3829  	0.60513  	-1.0461  	-0.4781  	0.18507  	-0.1029  	-0.3856  	-0.0286  	0.79131  	-0.2248  	-0.3285  	-1.2395  	-0.1044  	0.44713  	-0.2890  	0.63260  	0.23457  	-0.2112  	0.76400  	0.09230  	0.59224  	0.48928  	0.17701  	0.33868  	-0.6730  	-0.3448  	-0.2371  	-0.1850  	-0.0363  	-0.0778  	-0.1996  	0.43364  	0.30394  	0.36986  	0.07061  	-0.4928  	-0.0525  	0.10524  	0.14065  	-0.1420  	0.26146  	0.11380  	-0.0322  	0.01504  	-0.0149  	0.02276  	-0.1395  	-0.0978  	-0.0722  	0.00709  	-0.0126  	0.00256  	-0.0031  	0.02586  	0.01421  	0.03695  	-0.0332  	-0.0417  	0.00740  	0.05162  	0.00298  	0.19591  	-0.0401  	-0.0029  	-0.0129  	0.02117  	0.32912  	0.47227  	293.370  	223.447  	
-0.0825  	-0.1351  	-0.3463  	-0.5152  	0.52495  	-1.0266  	-0.4932  	0.13908  	-0.1259  	-0.4418  	-0.0601  	0.72347  	-0.2653  	-0.4120  	-1.1872  	-0.1588  	0.47202  	-0.3085  	0.63160  	0.18828  	-0.1886  	0.75273  	0.18815  	0.59682  	0.49198  	0.19230  	0.37218  	-0.7306  	-0.3808  	-0.2547  	-0.1756  	-0.0356  	-0.0900  	-0.1910  	0.41679  	0.27772  	0.39411  	0.09021  	-0.4926  	-0.0712  	0.12624  	0.13708  	-0.1343  	0.27156  	0.11368  	-0.0317  	0.01321  	-0.0306  	0.01151  	-0.1294  	-0.0971  	-0.0673  	0.01076  	-0.0102  	0.00213  	-0.0006  	0.01961  	0.01207  	0.04229  	-0.0315  	-0.0390  	0.01517  	0.05719  	0.00075  	0.19591  	-0.0401  	-0.0029  	-0.0129  	0.02117  	0.32912  	0.47227  	293.370  	223.447  	
-0.1930  	-0.1375  	-0.3435  	-0.5566  	0.52217  	-1.0291  	-0.4996  	0.09801  	-0.1015  	-0.3475  	-0.0992  	0.74490  	-0.2939  	-0.4306  	-1.2441  	-0.1761  	0.45889  	-0.2736  	0.60532  	0.19395  	-0.2885  	0.76110  	0.19926  	0.55060  	0.46934  	0.23010  	0.26202  	-0.6895  	-0.3087  	-0.2366  	-0.1479  	-0.0536  	-0.0798  	-0.1905  	0.32654  	0.28134  	0.33461  	0.06705  	-0.4528  	-0.0486  	0.16133  	0.11962  	-0.1349  	0.26987  	0.11247  	-0.0376  	0.01577  	-0.0213  	0.00303  	-0.1344  	-0.1085  	-0.0692  	0.01225  	-0.0213  	-0.0003  	-0.0076  	0.01179  	0.01474  	0.03184  	-0.0294  	-0.0376  	0.01136  	0.05384  	0.00683  	0.19591  	-0.0401  	-0.0029  	-0.0129  	0.02117  	0.32912  	0.47227  	293.370  	223.447  	
-0.3442  	-0.1950  	-0.4170  	-0.6416  	0.51086  	-1.2580  	-0.4790  	0.15660  	-0.1110  	-0.2992  	0.02598  	0.78442  	-0.1582  	-0.3690  	-1.3406  	-0.1880  	0.41913  	-0.2463  	0.60198  	0.24005  	-0.3107  	0.77214  	0.16177  	0.49628  	0.42233  	0.21933  	0.21568  	-0.6003  	-0.3011  	-0.2480  	-0.1363  	-0.0731  	-0.0511  	-0.1742  	0.33035  	0.29022  	0.27822  	0.06118  	-0.4466  	-0.0779  	0.17047  	0.13451  	-0.1075  	0.25881  	0.10837  	-0.0392  	0.01065  	-0.0032  	0.01708  	-0.1374  	-0.1104  	-0.0686  	0.00587  	-0.0123  	0.00281  	-0.0019  	0.01836  	0.01074  	0.03120  	-0.0353  	-0.0285  	0.02050  	0.05091  	0.00291  	0.19591  	-0.0401  	-0.0029  	-0.0129  	0.02117  	0.32912  	0.47227  	293.370  	223.447  	
-0.3436  	-0.1780  	-0.4503  	-0.6973  	0.52159  	-1.3740  	-0.4955  	0.13936  	-0.1289  	-0.2871  	0.09523  	0.71851  	-0.1957  	-0.3755  	-1.3156  	-0.2360  	0.41972  	-0.2692  	0.59785  	0.26071  	-0.2126  	0.81173  	0.14796  	0.53619  	0.43554  	0.20808  	0.24861  	-0.6587  	-0.3426  	-0.2754  	-0.1360  	-0.0839  	-0.0457  	-0.1777  	0.34547  	0.25942  	0.30629  	0.07280  	-0.4538  	-0.0681  	0.13732  	0.12868  	-0.1466  	0.24534  	0.10921  	-0.0352  	0.01360  	-0.0052  	0.01187  	-0.1346  	-0.1076  	-0.0685  	0.00827  	-0.0138  	-0.0046  	-0.0084  	0.02000  	0.01093  	0.03535  	-0.0282  	-0.0356  	0.01720  	0.04672  	0.00243  	0.19591  	-0.0401  	-0.0029  	-0.0129  	0.02117  	0.32912  	0.47227  	293.370  	223.447  	
-0.2343  	-0.1603  	-0.2997  	-0.7424  	0.49207  	-1.2591  	-0.4329  	0.20481  	-0.1096  	-0.3246  	0.07684  	0.64221  	-0.2098  	-0.2956  	-1.3266  	-0.2341  	0.43939  	-0.3313  	0.61370  	0.23504  	-0.1946  	0.81111  	0.16040  	0.59084  	0.47216  	0.21746  	0.32338  	-0.7451  	-0.3831  	-0.2771  	-0.1413  	-0.0735  	-0.0478  	-0.1856  	0.35868  	0.23310  	0.37430  	0.08470  	-0.4672  	-0.1067  	0.14754  	0.14074  	-0.1364  	0.26563  	0.11505  	-0.0358  	0.01389  	-0.0018  	0.01229  	-0.1368  	-0.1178  	-0.0658  	0.00414  	-0.0157  	-0.0085  	-0.0071  	0.01899  	0.01065  	0.03388  	-0.0339  	-0.0324  	0.02050  	0.04920  	0.00459  	0.19591  	-0.0401  	-0.0029  	-0.0129  	0.02117  	0.32912  	0.47227  	293.370  	223.447  	
-0.0563  	-0.1413  	-0.3132  	-0.3994  	0.63808  	-1.0525  	-0.4696  	0.24687  	-0.0744  	-0.4615  	-0.0966  	0.78819  	-0.1864  	-0.3062  	-1.1175  	-0.1609  	0.46362  	-0.3082  	0.62794  	0.21004  	-0.2063  	0.80453  	0.14312  	0.59672  	0.46543  	0.20351  	0.34464  	-0.6707  	-0.3436  	-0.2298  	-0.1645  	-0.0476  	-0.0436  	-0.1910  	0.35654  	0.24819  	0.34964  	0.06978  	-0.4670  	-0.0548  	0.13020  	0.13152  	-0.1455  	0.26107  	0.10549  	-0.0378  	0.01368  	-0.0089  	0.01858  	-0.1439  	-0.1059  	-0.0720  	0.00536  	-0.0169  	-0.0013  	-0.0083  	0.02597  	0.01045  	0.03031  	-0.0335  	-0.0348  	0.01460  	0.05309  	0.00871  	0.19591  	-0.0401  	-0.0029  	-0.0129  	0.02117  	0.32912  	0.47227  	293.370  	223.447  	
0.15395  	-0.1036  	-0.2663  	-0.2557  	0.71921  	-0.9660  	-0.4922  	0.23849  	-0.0905  	-0.4186  	-0.2019  	0.82545  	-0.1513  	-0.3548  	-1.1296  	-0.0153  	0.43444  	-0.2540  	0.62205  	0.27606  	-0.2788  	0.75624  	0.06566  	0.53670  	0.45959  	0.17812  	0.27845  	-0.5947  	-0.3126  	-0.2342  	-0.1695  	-0.0441  	-0.0406  	-0.1951  	0.38127  	0.27888  	0.27947  	0.04904  	-0.4295  	-0.0087  	0.10238  	0.12408  	-0.1224  	0.26984  	0.10224  	-0.0262  	0.01697  	0.00278  	0.02761  	-0.1473  	-0.0959  	-0.0741  	0.00992  	-0.0195  	0.00202  	-0.0056  	0.02546  	0.00791  	0.03587  	-0.0317  	-0.0401  	0.00842  	0.04923  	0.00673  	0.19591  	-0.0401  	-0.0029  	-0.0129  	0.02117  	0.32912  	0.47227  	293.370  	223.447  	
0.14915  	-0.1113  	-0.2101  	-0.2067  	0.71602  	-0.9643  	-0.4828  	0.21727  	-0.0891  	-0.3824  	-0.1211  	0.80053  	-0.1794  	-0.3509  	-1.1260  	0.00812  	0.41435  	-0.2794  	0.65430  	0.24892  	-0.2246  	0.80584  	0.02975  	0.57851  	0.57814  	0.14296  	0.35909  	-0.6214  	-0.3325  	-0.1921  	-0.2180  	-0.0196  	-0.0796  	-0.2020  	0.44253  	0.32737  	0.34423  	0.07906  	-0.4698  	-0.0391  	0.07807  	0.13733  	-0.1369  	0.26416  	0.10358  	-0.0297  	0.00117  	0.00126  	0.02999  	-0.1419  	-0.0801  	-0.0736  	0.01097  	-0.0214  	0.00767  	0.00590  	0.02930  	0.01481  	0.03751  	-0.0268  	-0.0369  	-0.0081  	0.05451  	0.00351  	0.19591  	-0.0401  	-0.0029  	-0.0129  	0.02117  	0.32912  	0.47227  	293.370  	223.447  	
0.03688  	-0.1507  	-0.3158  	-0.2915  	0.66226  	-0.9389  	-0.4946  	0.17863  	-0.1271  	-0.5130  	-0.1573  	0.74533  	-0.2058  	-0.3459  	-1.0950  	-0.1236  	0.48616  	-0.3462  	0.64170  	0.16664  	-0.2059  	0.79093  	0.09836  	0.64605  	0.58632  	0.16038  	0.43864  	-0.6991  	-0.3786  	-0.1868  	-0.2130  	-0.0016  	-0.0987  	-0.1977  	0.44653  	0.32515  	0.40862  	0.09057  	-0.4832  	-0.0665  	0.08452  	0.13914  	-0.1458  	0.25228  	0.10633  	-0.0339  	0.00372  	-0.0234  	0.01968  	-0.1363  	-0.0925  	-0.0684  	0.01069  	-0.0192  	0.00245  	0.00093  	0.02959  	0.02000  	0.03666  	-0.0399  	-0.0415  	-0.0086  	0.05359  	0.00662  	0.19591  	-0.0401  	-0.0029  	-0.0129  	0.02117  	0.32912  	0.47227  	293.370  	223.447  	
0.15859  	-0.1156  	-0.2842  	-0.2820  	0.66976  	-0.9040  	-0.4792  	0.23119  	-0.1002  	-0.5310  	-0.1563  	0.71819  	-0.1695  	-0.2674  	-0.9635  	-0.1274  	0.45156  	-0.3424  	0.63558  	0.14201  	-0.1265  	0.83001  	0.13237  	0.62063  	0.51471  	0.16982  	0.42337  	-0.7941  	-0.4353  	-0.2147  	-0.1974  	0.00018  	-0.0715  	-0.1904  	0.48627  	0.26196  	0.44524  	0.11326  	-0.5184  	-0.0687  	0.06832  	0.14679  	-0.1429  	0.25462  	0.10903  	-0.0387  	0.01049  	-0.0295  	0.01975  	-0.1493  	-0.1058  	-0.0677  	0.00684  	-0.0123  	0.00372  	-0.0025  	0.02277  	0.01128  	0.03705  	-0.0385  	-0.0396  	0.00504  	0.05172  	0.00307  	0.19591  	-0.0401  	-0.0029  	-0.0129  	0.02117  	0.32912  	0.47227  	293.370  	223.447  	
0.17371  	-0.0804  	-0.2211  	-0.3222  	0.63960  	-0.9103  	-0.4446  	0.25772  	-0.0662  	-0.4686  	-0.0870  	0.78817  	-0.1656  	-0.1918  	-1.0521  	-0.0878  	0.40485  	-0.3080  	0.63029  	0.19762  	-0.1710  	0.82136  	0.11949  	0.57733  	0.45730  	0.15741  	0.32939  	-0.7018  	-0.3982  	-0.2530  	-0.1878  	-0.0240  	-0.0382  	-0.1956  	0.46273  	0.26040  	0.40268  	0.09602  	-0.4848  	-0.0544  	0.09564  	0.14336  	-0.1359  	0.25172  	0.09834  	-0.0394  	0.01213  	-0.0033  	0.02822  	-0.1428  	-0.1032  	-0.0704  	0.00381  	-0.0134  	0.00146  	-0.0027  	0.02279  	0.01016  	0.03642  	-0.0325  	-0.0385  	0.01298  	0.05900  	0.00389  	0.19591  	-0.0401  	-0.0029  	-0.0129  	0.02117  	0.32912  	0.47227  	293.370  	223.447  	
0.19606  	-0.0896  	-0.1948  	-0.2869  	0.64644  	-0.9438  	-0.4742  	0.26184  	-0.0733  	-0.3962  	-0.0296  	0.83055  	-0.1489  	-0.1794  	-1.1696  	-0.0602  	0.40445  	-0.2840  	0.62117  	0.22990  	-0.1864  	0.80495  	0.08236  	0.57437  	0.46718  	0.15270  	0.31836  	-0.6892  	-0.3856  	-0.2375  	-0.1885  	-0.0474  	-0.0293  	-0.1963  	0.47158  	0.27759  	0.38233  	0.06878  	-0.4766  	-0.0610  	0.09476  	0.14285  	-0.1298  	0.24848  	0.10120  	-0.0314  	0.01576  	0.01179  	0.03020  	-0.1399  	-0.0941  	-0.0727  	0.00161  	-0.0189  	0.00109  	0.00106  	0.02324  	0.00996  	0.03158  	-0.0322  	-0.0385  	0.00794  	0.05616  	0.00139  	0.19591  	-0.0401  	-0.0029  	-0.0129  	0.02117  	0.32912  	0.47227  	293.370  	223.447  	
0.07431  	-0.0923  	-0.2702  	-0.4028  	0.58196  	-1.0071  	-0.4717  	0.21602  	-0.1034  	-0.3755  	-0.0524  	0.80811  	-0.2060  	-0.2942  	-1.2311  	-0.0967  	0.42777  	-0.2599  	0.63052  	0.26111  	-0.2411  	0.77923  	0.09588  	0.53449  	0.47787  	0.17178  	0.28799  	-0.6163  	-0.3247  	-0.2417  	-0.1874  	-0.0479  	-0.0662  	-0.1914  	0.40356  	0.29618  	0.36110  	0.07309  	-0.4520  	-0.0473  	0.11439  	0.13068  	-0.1282  	0.26786  	0.10877  	-0.0312  	0.01325  	-0.0051  	0.02852  	-0.1456  	-0.0960  	-0.0727  	0.00708  	-0.0151  	0.00502  	-0.0030  	0.02627  	0.01070  	0.03368  	-0.0305  	-0.0378  	0.01507  	0.05495  	0.00599  	0.19591  	-0.0401  	-0.0029  	-0.0129  	0.02117  	0.32912  	0.47227  	293.370  	223.447  	
-0.0755  	-0.1243  	-0.3355  	-0.4541  	0.56844  	-1.0696  	-0.4851  	0.16875  	-0.0941  	-0.3924  	-0.0432  	0.76634  	-0.2103  	-0.3602  	-1.2639  	-0.1309  	0.46704  	-0.2988  	0.63746  	0.23191  	-0.2115  	0.74084  	0.11065  	0.59429  	0.49649  	0.18839  	0.35208  	-0.6853  	-0.3567  	-0.2384  	-0.1922  	-0.0411  	-0.0653  	-0.1897  	0.43119  	0.29598  	0.37207  	0.08556  	-0.4988  	-0.0609  	0.11671  	0.14357  	-0.1255  	0.25435  	0.11984  	-0.0322  	0.01101  	-0.0249  	0.01968  	-0.1386  	-0.0954  	-0.0717  	0.00506  	-0.0157  	0.00372  	-0.0009  	0.02300  	0.01168  	0.04109  	-0.0316  	-0.0382  	0.01079  	0.04820  	0.00188  	0.19591  	-0.0401  	-0.0029  	-0.0129  	0.02117  	0.32912  	0.47227  	293.370  	223.447  	
-0.1380  	-0.1472  	-0.3554  	-0.6157  	0.51352  	-1.1114  	-0.5053  	0.14237  	-0.1191  	-0.4173  	-0.0046  	0.68474  	-0.2558  	-0.4333  	-1.2358  	-0.2015  	0.45986  	-0.2943  	0.62548  	0.20333  	-0.1920  	0.73774  	0.19650  	0.54613  	0.47067  	0.21127  	0.30997  	-0.7114  	-0.3898  	-0.2615  	-0.1589  	-0.0439  	-0.0704  	-0.1924  	0.37318  	0.26537  	0.38957  	0.09369  	-0.4848  	-0.1039  	0.14894  	0.14138  	-0.1298  	0.25563  	0.11739  	-0.0307  	0.00470  	-0.0255  	0.00051  	-0.1312  	-0.1090  	-0.0689  	0.01250  	-0.0172  	0.00171  	-0.0030  	0.02266  	0.01398  	0.04019  	-0.0310  	-0.0357  	0.00632  	0.04993  	0.00815  	0.19591  	-0.0401  	-0.0029  	-0.0129  	0.02117  	0.32912  	0.47227  	293.370  	223.447  	
-0.1576  	-0.1541  	-0.3611  	-0.5530  	0.55422  	-1.1168  	-0.4809  	0.16935  	-0.1088  	-0.4052  	-0.0390  	0.72990  	-0.2341  	-0.4106  	-1.2157  	-0.1769  	0.45583  	-0.2875  	0.62992  	0.18846  	-0.2501  	0.77259  	0.21353  	0.52766  	0.44583  	0.21243  	0.28462  	-0.6830  	-0.3333  	-0.2474  	-0.1597  	-0.0477  	-0.0634  	-0.1924  	0.33208  	0.26453  	0.35744  	0.09949  	-0.4684  	-0.0694  	0.16796  	0.13253  	-0.1205  	0.27643  	0.10637  	-0.0367  	0.01350  	-0.0125  	0.01472  	-0.1377  	-0.1022  	-0.0668  	0.00602  	-0.0151  	0.00411  	-0.0071  	0.02304  	0.01226  	0.03906  	-0.0306  	-0.0338  	0.01247  	0.05063  	0.00769  	0.19591  	-0.0401  	-0.0029  	-0.0129  	0.02117  	0.32912  	0.47227  	293.370  	223.447  	
-0.2135  	-0.1509  	-0.3532  	-0.5541  	0.54157  	-1.1140  	-0.4781  	0.17177  	-0.0967  	-0.3844  	-0.0692  	0.73698  	-0.1997  	-0.3962  	-1.2213  	-0.1871  	0.45722  	-0.2866  	0.61850  	0.19082  	-0.3079  	0.79613  	0.20717  	0.49198  	0.42797  	0.22361  	0.24605  	-0.6291  	-0.2966  	-0.2520  	-0.1467  	-0.0584  	-0.0553  	-0.1813  	0.29400  	0.26285  	0.31024  	0.08867  	-0.4352  	-0.0686  	0.18303  	0.12811  	-0.1042  	0.28289  	0.10225  	-0.0387  	0.01179  	-0.0019  	0.02392  	-0.1390  	-0.1046  	-0.0664  	0.00084  	-0.0162  	0.00567  	-0.0082  	0.01876  	0.01202  	0.03646  	-0.0341  	-0.0320  	0.01878  	0.05215  	0.00870  	0.19591  	-0.0401  	-0.0029  	-0.0129  	0.02117  	0.32912  	0.47227  	293.370  	223.447  	
-0.1563  	-0.1325  	-0.3203  	-0.5192  	0.56111  	-1.0753  	-0.4820  	0.21326  	-0.0824  	-0.3903  	-0.1132  	0.75943  	-0.1716  	-0.3424  	-1.1949  	-0.1788  	0.46974  	-0.3090  	0.60343  	0.19799  	-0.3116  	0.81013  	0.23011  	0.49469  	0.39612  	0.23779  	0.23287  	-0.6374  	-0.3095  	-0.2683  	-0.1293  	-0.0671  	-0.0379  	-0.1744  	0.29087  	0.22891  	0.30043  	0.08792  	-0.4275  	-0.0715  	0.19374  	0.11688  	-0.1008  	0.29171  	0.09852  	-0.0375  	0.01020  	0.00315  	0.02082  	-0.1381  	-0.1070  	-0.0655  	0.00067  	-0.0172  	0.00287  	-0.0072  	0.01579  	0.01028  	0.03244  	-0.0369  	-0.0303  	0.02076  	0.04987  	0.00533  	0.19591  	-0.0401  	-0.0029  	-0.0129  	0.02117  	0.32912  	0.47227  	293.370  	223.447  	
-0.0474  	-0.0903  	-0.2897  	-0.4103  	0.62500  	-1.0520  	-0.4880  	0.25693  	-0.0672  	-0.3943  	-0.1185  	0.83056  	-0.1416  	-0.2669  	-1.1196  	-0.1373  	0.47287  	-0.3160  	0.59291  	0.22379  	-0.2513  	0.81712  	0.22514  	0.51461  	0.35573  	0.23851  	0.19545  	-0.6559  	-0.3425  	-0.2811  	-0.1261  	-0.0782  	-0.0183  	-0.1680  	0.32611  	0.20045  	0.31637  	0.09555  	-0.4392  	-0.0736  	0.17948  	0.11177  	-0.1058  	0.27427  	0.09250  	-0.0295  	0.01277  	0.00268  	0.01200  	-0.1340  	-0.1182  	-0.0687  	0.00372  	-0.0178  	-0.0029  	-0.0117  	0.01171  	0.00591  	0.02833  	-0.0425  	-0.0317  	0.01801  	0.04648  	0.00553  	0.19591  	-0.0401  	-0.0029  	-0.0129  	0.02117  	0.32912  	0.47227  	293.370  	223.447  	
0.19662  	-0.0131  	-0.1675  	-0.2680  	0.65126  	-0.9629  	-0.4680  	0.34843  	-0.0120  	-0.4597  	-0.0963  	0.87180  	-0.0838  	-0.1007  	-0.9778  	-0.0837  	0.44755  	-0.3343  	0.61565  	0.20409  	-0.1213  	0.80055  	0.20848  	0.55573  	0.35105  	0.20793  	0.25466  	-0.7788  	-0.4432  	-0.2719  	-0.1274  	-0.0710  	0.00972  	-0.1780  	0.43883  	0.13511  	0.39362  	0.11328  	-0.4957  	-0.0690  	0.13547  	0.11670  	-0.1221  	0.26621  	0.08934  	-0.0296  	0.01638  	-0.0022  	0.01411  	-0.1319  	-0.1189  	-0.0687  	0.00830  	-0.0153  	-0.0033  	-0.0074  	0.00578  	0.00489  	0.02172  	-0.0428  	-0.0295  	0.02865  	0.05127  	0.00277  	0.19591  	-0.0401  	-0.0029  	-0.0129  	0.02117  	0.32912  	0.47227  	293.370  	223.447  	
0.33217  	0.03658  	-0.1186  	-0.1908  	0.66535  	-0.8876  	-0.4590  	0.40189  	-0.0033  	-0.5404  	-0.0552  	0.84263  	-0.0787  	0.00835  	-0.8677  	-0.0744  	0.44363  	-0.3594  	0.60443  	0.14952  	0.03004  	0.80084  	0.18138  	0.59436  	0.37008  	0.17651  	0.34625  	-0.8485  	-0.5123  	-0.2619  	-0.1603  	-0.0427  	0.01047  	-0.1849  	0.52757  	0.09755  	0.46230  	0.13953  	-0.5268  	-0.0985  	0.09646  	0.12458  	-0.1333  	0.24516  	0.09329  	-0.0239  	0.01592  	-0.0041  	0.01640  	-0.1265  	-0.1129  	-0.0675  	0.00871  	-0.0163  	-0.0018  	0.00077  	0.00426  	0.01051  	0.02903  	-0.0423  	-0.0314  	0.02789  	0.04746  	-0.0029  	0.19591  	-0.0401  	-0.0029  	-0.0129  	0.02117  	0.32912  	0.47227  	293.370  	223.447  	
0.54640  	0.08097  	0.01552  	-0.0968  	0.64761  	-0.7269  	-0.4519  	0.51439  	0.05778  	-0.6090  	-0.0215  	0.87669  	-0.0898  	0.09286  	-0.7291  	-0.0035  	0.45686  	-0.4409  	0.62236  	0.07492  	0.19156  	0.83464  	0.24328  	0.69818  	0.36603  	0.15149  	0.49395  	-1.0265  	-0.6855  	-0.2621  	-0.1915  	0.01556  	0.00933  	-0.2008  	0.61593  	0.05227  	0.61938  	0.18059  	-0.5714  	-0.1465  	0.04620  	0.13346  	-0.1284  	0.25040  	0.09599  	-0.0297  	0.00817  	0.00522  	0.03138  	-0.1290  	-0.1218  	-0.0677  	0.01040  	-0.0044  	-0.0037  	0.01377  	0.00575  	0.00905  	0.02912  	-0.0273  	-0.0296  	0.02021  	0.04354  	-0.0031  	0.19591  	-0.0401  	-0.0029  	-0.0129  	0.02117  	0.32912  	0.47227  	293.370  	223.447  	
0.56021  	0.07378  	0.00331  	-0.0797  	0.66674  	-0.7166  	-0.4505  	0.50584  	0.05863  	-0.6208  	-0.0296  	0.86825  	-0.0844  	0.09603  	-0.7048  	-0.0006  	0.47372  	-0.4484  	0.61160  	0.07002  	0.18712  	0.83485  	0.24010  	0.72437  	0.38250  	0.15011  	0.51655  	-1.0320  	-0.6957  	-0.2549  	-0.1941  	0.01211  	0.00471  	-0.2004  	0.63722  	0.04709  	0.61942  	0.17881  	-0.5672  	-0.1437  	0.01994  	0.14022  	-0.1362  	0.24601  	0.09455  	-0.0280  	0.00523  	0.00377  	0.03084  	-0.1340  	-0.1166  	-0.0645  	0.00873  	-0.0071  	-0.0039  	0.01571  	0.00610  	0.00978  	0.02763  	-0.0275  	-0.0302  	0.02024  	0.04591  	0.00058  	0.19591  	-0.0401  	-0.0029  	-0.0129  	0.02117  	0.32912  	0.47227  	293.370  	223.447  	
0.56307  	0.08966  	0.04403  	-0.0582  	0.67479  	-0.7445  	-0.4852  	0.56615  	0.03770  	-0.6473  	-0.0133  	0.88598  	-0.0354  	0.04371  	-0.6443  	-0.0615  	0.56729  	-0.6162  	0.68433  	-0.1958  	0.25956  	0.60553  	-0.0147  	0.72697  	0.31337  	0.25200  	0.51326  	-1.1261  	-0.6148  	-0.2754  	-0.0762  	-0.0371  	-0.0905  	-0.3656  	0.57188  	0.01851  	0.53147  	0.17692  	-0.6844  	-0.2284  	0.09574  	0.27265  	-0.2545  	0.32550  	0.03508  	-0.0075  	-0.0188  	0.02275  	0.01516  	-0.1461  	-0.1104  	-0.0596  	0.01005  	0.00971  	0.00229  	0.01428  	0.00354  	-0.0016  	0.02827  	-0.0187  	-0.0255  	0.01702  	0.02955  	0.00111  	0.19591  	-0.0401  	-0.0029  	-0.0129  	0.02117  	0.32912  	0.47227  	293.370  	223.447  	
0.38467  	0.07068  	-0.0180  	-0.1477  	0.71152  	-0.9120  	-0.5168  	0.48326  	-0.0268  	-0.5635  	0.00268  	0.90314  	-0.0041  	-0.1361  	-0.8744  	-0.1077  	0.59739  	-0.6233  	0.72577  	-0.2723  	0.12713  	0.34117  	-0.3673  	0.63172  	0.27846  	0.35583  	0.34979  	-0.9526  	-0.3812  	-0.3106  	0.03138  	-0.1158  	-0.1313  	-0.4874  	0.43124  	0.09143  	0.28544  	0.11476  	-0.7108  	-0.2329  	0.22125  	0.38960  	-0.3408  	0.37452  	-0.0105  	0.00490  	-0.0298  	0.04422  	-0.0040  	-0.1599  	-0.0899  	-0.0570  	0.00821  	0.01366  	0.00732  	0.00276  	0.01277  	-0.0098  	0.03391  	-0.0224  	-0.0210  	0.00410  	0.02250  	0.00592  	0.19591  	-0.0401  	-0.0029  	-0.0129  	0.02117  	0.32912  	0.47227  	293.370  	223.447  	
0.25680  	-0.0562  	-0.1255  	-0.2763  	0.68404  	-1.0386  	-0.5086  	0.34700  	-0.0962  	-0.4294  	0.00223  	0.83743  	0.00077  	-0.2868  	-1.1011  	-0.1368  	0.60581  	-0.5851  	0.72340  	-0.2543  	-0.1594  	0.28063  	-0.4831  	0.54963  	0.32153  	0.40526  	0.21037  	-0.7620  	-0.1999  	-0.2733  	0.07008  	-0.1394  	-0.1864  	-0.5136  	0.28973  	0.19876  	0.13057  	0.06420  	-0.6946  	-0.2163  	0.27085  	0.40864  	-0.3403  	0.39903  	-0.0300  	0.01003  	-0.0309  	0.05826  	0.00150  	-0.1660  	-0.0771  	-0.0566  	0.00663  	0.01347  	0.01236  	-0.0091  	0.01512  	-0.0161  	0.03061  	-0.0182  	-0.0280  	0.00232  	0.03366  	0.00912  	0.19591  	-0.0401  	-0.0029  	-0.0129  	0.02117  	0.32912  	0.47227  	293.370  	223.447  	
-0.0834  	-0.1471  	-0.2710  	-0.4331  	0.60308  	-1.2161  	-0.5058  	0.30313  	-0.1058  	-0.4120  	0.09110  	0.76286  	-0.0570  	-0.3528  	-1.1904  	-0.2771  	0.60211  	-0.5913  	0.73764  	-0.1963  	-0.1202  	0.33426  	-0.4340  	0.62856  	0.37767  	0.36178  	0.29599  	-0.7979  	-0.2275  	-0.2846  	0.03447  	-0.1413  	-0.1988  	-0.4930  	0.34225  	0.23975  	0.17145  	0.04658  	-0.6950  	-0.2125  	0.26437  	0.38407  	-0.3472  	0.38473  	0.00939  	0.00120  	-0.0247  	0.02841  	0.00707  	-0.1545  	-0.0858  	-0.0599  	0.00926  	0.01537  	0.00400  	-0.0074  	0.01274  	-0.0083  	0.03350  	-0.0175  	-0.0325  	0.01223  	0.02481  	0.00190  	0.19591  	-0.0401  	-0.0029  	-0.0129  	0.02117  	0.32912  	0.47227  	293.370  	223.447  	
-0.1569  	-0.1680  	-0.3880  	-0.3679  	0.71886  	-1.1858  	-0.4761  	0.28147  	-0.1259  	-0.4632  	0.01301  	0.84407  	-0.1456  	-0.2789  	-1.0681  	-0.2778  	0.53300  	-0.4776  	0.67444  	-0.0349  	-0.1312  	0.57296  	-0.1538  	0.59713  	0.38432  	0.29056  	0.34100  	-0.7677  	-0.2561  	-0.2517  	-0.0847  	-0.1256  	-0.1510  	-0.3516  	0.34414  	0.22688  	0.24954  	0.05529  	-0.5697  	-0.1552  	0.15285  	0.29055  	-0.2781  	0.31998  	0.05845  	-0.0076  	-0.0052  	0.00140  	0.01401  	-0.1539  	-0.0894  	-0.0657  	0.00469  	0.01065  	0.00372  	-0.0051  	0.02265  	-0.0008  	0.03765  	-0.0139  	-0.0328  	0.00223  	0.02623  	-0.0010  	0.19591  	-0.0401  	-0.0029  	-0.0129  	0.02117  	0.32912  	0.47227  	293.370  	223.447  	
0.04813  	-0.1072  	-0.3517  	-0.2600  	0.78330  	-1.0395  	-0.4397  	0.28999  	-0.0280  	-0.4085  	-0.0615  	0.89837  	-0.1204  	-0.1197  	-1.0449  	-0.1898  	0.43063  	-0.3127  	0.61604  	0.23444  	-0.1630  	0.80508  	0.09064  	0.54329  	0.45432  	0.19135  	0.34866  	-0.6657  	-0.3393  	-0.1841  	-0.2022  	-0.0910  	-0.0040  	-0.1715  	0.45906  	0.17242  	0.35109  	0.06898  	-0.4592  	-0.0323  	0.08663  	0.14645  	-0.1342  	0.24540  	0.12821  	-0.0296  	0.01218  	-0.0142  	0.02693  	-0.1361  	-0.0983  	-0.0715  	-0.0011  	-0.0097  	-0.0082  	0.01170  	0.01748  	0.00766  	0.02610  	-0.0349  	-0.0381  	0.00630  	0.04619  	-0.0085  	0.19591  	-0.0401  	-0.0029  	-0.0129  	0.02117  	0.32912  	0.47227  	293.370  	223.447  	
-0.0142  	-0.1264  	-0.3670  	-0.3280  	0.77959  	-1.0944  	-0.4346  	0.28729  	-0.0404  	-0.3713  	-0.0170  	0.85403  	-0.1155  	-0.1041  	-1.1570  	-0.1934  	0.41420  	-0.2994  	0.60282  	0.27327  	-0.1819  	0.79244  	0.03310  	0.57819  	0.48585  	0.18001  	0.31875  	-0.6630  	-0.3559  	-0.2137  	-0.1774  	-0.0987  	0.00806  	-0.1690  	0.46336  	0.18307  	0.33971  	0.05713  	-0.4378  	-0.0455  	0.08215  	0.14887  	-0.1404  	0.24304  	0.12041  	-0.0255  	0.00038  	0.00569  	0.01845  	-0.1285  	-0.0951  	-0.0688  	-0.0031  	-0.0165  	-0.0105  	0.00836  	0.01074  	0.00767  	0.03061  	-0.0354  	-0.0378  	0.00883  	0.04524  	-0.0062  	0.19591  	-0.0401  	-0.0029  	-0.0129  	0.02117  	0.32912  	0.47227  	293.370  	223.447  	
-0.3796  	-0.2098  	-0.5013  	-0.6642  	0.56599  	-1.2525  	-0.4744  	0.17663  	-0.1202  	-0.3910  	0.17121  	0.75710  	-0.2165  	-0.2574  	-1.3142  	-0.2931  	0.45101  	-0.3037  	0.58886  	0.24458  	-0.1359  	0.79464  	0.11031  	0.64629  	0.40819  	0.19732  	0.29679  	-0.7271  	-0.4370  	-0.2956  	-0.1673  	-0.0827  	-0.0411  	-0.1875  	0.44027  	0.22502  	0.31790  	0.05540  	-0.4481  	-0.0762  	0.05714  	0.17113  	-0.1872  	0.21122  	0.11544  	-0.0284  	0.00365  	-0.0189  	0.02444  	-0.1346  	-0.0934  	-0.0735  	0.00129  	-0.0168  	-0.0040  	0.00621  	0.02070  	0.01248  	0.04324  	-0.0303  	-0.0308  	0.01505  	0.03979  	-0.0063  	0.19591  	-0.0401  	-0.0029  	-0.0129  	0.02117  	0.32912  	0.47227  	293.370  	223.447  	
-0.5585  	-0.2895  	-0.5798  	-0.9106  	0.47270  	-1.4546  	-0.4843  	0.15832  	-0.1353  	-0.2905  	0.35103  	0.71955  	-0.2407  	-0.4026  	-1.3592  	-0.3574  	0.44639  	-0.3565  	0.58543  	0.25496  	-0.1340  	0.80444  	0.20534  	0.61807  	0.37144  	0.22118  	0.29065  	-0.7705  	-0.4966  	-0.3175  	-0.1403  	-0.0726  	-0.0119  	-0.1965  	0.41363  	0.18471  	0.37041  	0.08846  	-0.4816  	-0.0887  	0.07568  	0.16185  	-0.1853  	0.22819  	0.11161  	-0.0446  	0.00861  	-0.0295  	0.02370  	-0.1321  	-0.1167  	-0.0719  	-0.0011  	-0.0129  	-0.0002  	-0.0091  	0.01275  	0.00657  	0.02919  	-0.0312  	-0.0238  	0.02618  	0.04798  	0.00459  	0.19591  	-0.0401  	-0.0029  	-0.0129  	0.02117  	0.32912  	0.47227  	293.370  	223.447  	
-0.1437  	-0.1450  	-0.3055  	-0.5180  	0.57970  	-1.2708  	-0.5104  	0.36000  	-0.0386  	-0.3974  	0.18679  	0.83062  	-0.1573  	-0.1239  	-1.0372  	-0.2995  	0.49461  	-0.4113  	0.61761  	0.24402  	-0.0006  	0.73897  	0.13038  	0.75043  	0.41757  	0.18929  	0.36470  	-0.8826  	-0.5243  	-0.2947  	-0.1560  	-0.0841  	-0.0102  	-0.2017  	0.46476  	0.13032  	0.43497  	0.08452  	-0.4732  	-0.0590  	0.03197  	0.16429  	-0.2069  	0.22534  	0.10459  	-0.0211  	0.00974  	-0.0153  	0.00636  	-0.1440  	-0.1121  	-0.0707  	-0.0097  	-0.0161  	-0.0165  	-0.0045  	0.01417  	0.00467  	0.02985  	-0.0281  	-0.0294  	0.02284  	0.04534  	0.00384  	0.19591  	-0.0401  	-0.0029  	-0.0129  	0.02117  	0.32912  	0.47227  	293.370  	223.447  	
0.24211  	-0.0164  	-0.1320  	-0.3871  	0.61125  	-0.8683  	-0.4815  	0.42993  	0.01906  	-0.4395  	-0.1860  	0.81355  	-0.0257  	-0.0664  	-0.9284  	-0.0975  	0.43859  	-0.3815  	0.65131  	0.12537  	-0.0136  	0.83058  	0.27834  	0.60865  	0.39957  	0.18424  	0.45818  	-0.9488  	-0.5352  	-0.2236  	-0.1521  	-0.0624  	0.01552  	-0.1748  	0.48871  	0.07789  	0.47644  	0.12384  	-0.5305  	-0.0533  	0.08918  	0.13880  	-0.1213  	0.25350  	0.11823  	-0.0399  	0.00536  	0.00069  	0.03397  	-0.1545  	-0.1215  	-0.0659  	-0.0148  	-0.0134  	-0.0146  	0.01321  	-0.0015  	0.00793  	0.02108  	-0.0460  	-0.0321  	0.02041  	0.06341  	-0.0055  	0.19591  	-0.0401  	-0.0029  	-0.0129  	0.02117  	0.32912  	0.47227  	293.370  	223.447  	
0.48715  	0.05219  	-0.0272  	-0.0855  	0.69023  	-0.8514  	-0.4443  	0.41317  	0.00926  	-0.4731  	-0.2863  	0.77433  	-0.0341  	-0.0730  	-0.8074  	-0.1355  	0.43609  	-0.4118  	0.67493  	0.08204  	0.01914  	0.88487  	0.24269  	0.66328  	0.45702  	0.16199  	0.47353  	-0.9727  	-0.5425  	-0.2166  	-0.1794  	-0.0239  	-0.0169  	-0.1847  	0.55660  	0.11315  	0.48139  	0.13494  	-0.5245  	-0.0668  	0.02095  	0.14212  	-0.1114  	0.28099  	0.09091  	-0.0221  	-0.0008  	0.01348  	0.04519  	-0.1573  	-0.1065  	-0.0660  	0.00139  	-0.0201  	-0.0033  	0.01835  	0.00239  	0.01124  	0.02331  	-0.0408  	-0.0336  	0.01976  	0.04913  	-0.0054  	0.19591  	-0.0401  	-0.0029  	-0.0129  	0.02117  	0.32912  	0.47227  	293.370  	223.447  	
0.45785  	-0.0483  	-0.0726  	-0.1099  	0.75357  	-0.8239  	-0.4935  	0.31509  	-0.0657  	-0.4566  	-0.0933  	0.72065  	-0.0548  	-0.1538  	-0.9795  	-0.0948  	0.44752  	-0.4614  	0.67409  	0.12025  	0.00672  	0.87600  	0.09486  	0.76606  	0.57231  	0.10687  	0.58652  	-0.9352  	-0.5648  	-0.2025  	-0.2283  	0.00557  	-0.0676  	-0.2089  	0.63879  	0.21931  	0.49931  	0.12191  	-0.5712  	-0.0500  	0.01689  	0.15911  	-0.1337  	0.25691  	0.09639  	-0.0388  	0.00220  	0.01340  	0.04339  	-0.1483  	-0.0956  	-0.0701  	0.00666  	-0.0116  	-0.0064  	0.00731  	0.01036  	0.00659  	0.02425  	-0.0248  	-0.0384  	0.01998  	0.04790  	-0.0091  	0.19591  	-0.0401  	-0.0029  	-0.0129  	0.02117  	0.32912  	0.47227  	293.370  	223.447  	
0.21692  	-0.1139  	-0.1737  	-0.2982  	0.64040  	-0.9108  	-0.4788  	0.23948  	-0.0922  	-0.4658  	-0.0088  	0.79867  	-0.2051  	-0.3348  	-1.1915  	0.01409  	0.43560  	-0.3530  	0.65995  	0.20226  	-0.1129  	0.77923  	0.07978  	0.61333  	0.52022  	0.14324  	0.41220  	-0.7299  	-0.4262  	-0.2243  	-0.2165  	-0.0140  	-0.0675  	-0.2187  	0.49440  	0.29768  	0.46277  	0.09627  	-0.4947  	-0.0526  	0.05146  	0.16058  	-0.1390  	0.26231  	0.10486  	-0.0261  	0.00901  	0.00269  	0.03655  	-0.1479  	-0.0860  	-0.0723  	0.00617  	-0.0113  	0.01005  	0.00352  	0.02645  	0.00878  	0.03377  	-0.0239  	-0.0473  	0.01278  	0.05142  	0.00391  	0.19591  	-0.0401  	-0.0029  	-0.0129  	0.02117  	0.32912  	0.47227  	293.370  	223.447  	
0.11748  	-0.1144  	-0.2965  	-0.1670  	0.74178  	-0.8963  	-0.5022  	0.22712  	-0.0909  	-0.5115  	-0.1859  	0.81249  	-0.1784  	-0.2093  	-1.0472  	-0.1345  	0.45600  	-0.3293  	0.63826  	0.18757  	-0.1829  	0.80551  	0.07370  	0.61675  	0.53167  	0.16059  	0.39622  	-0.6874  	-0.3561  	-0.1777  	-0.2144  	-0.0196  	-0.0782  	-0.1941  	0.46927  	0.28754  	0.37211  	0.09089  	-0.4744  	-0.0644  	0.07271  	0.14143  	-0.1384  	0.24556  	0.10067  	-0.0352  	0.00625  	-0.0041  	0.02721  	-0.1469  	-0.0922  	-0.0728  	0.01308  	-0.0209  	0.00547  	0.00197  	0.02773  	0.01163  	0.04000  	-0.0307  	-0.0378  	-0.0048  	0.04878  	0.00526  	0.19591  	-0.0401  	-0.0029  	-0.0129  	0.02117  	0.32912  	0.47227  	293.370  	223.447  	
0.19096  	-0.0818  	-0.3128  	-0.1021  	0.78813  	-0.9159  	-0.4723  	0.23819  	-0.0612  	-0.5583  	-0.2704  	0.84445  	-0.1214  	-0.1313  	-0.8586  	-0.1990  	0.44365  	-0.3144  	0.60540  	0.21294  	-0.2010  	0.83544  	0.09277  	0.57688  	0.49188  	0.18082  	0.30500  	-0.6424  	-0.3108  	-0.1861  	-0.1848  	-0.0603  	-0.0399  	-0.1736  	0.44800  	0.22807  	0.32498  	0.07403  	-0.4499  	-0.0479  	0.09198  	0.13911  	-0.1384  	0.24295  	0.09828  	-0.0292  	0.01476  	-0.0094  	0.02272  	-0.1417  	-0.1002  	-0.0715  	0.00432  	-0.0214  	0.00089  	0.00617  	0.02411  	0.00669  	0.03998  	-0.0349  	-0.0391  	0.01410  	0.04482  	-2.4303  	0.19591  	-0.0401  	-0.0029  	-0.0129  	0.02117  	0.32912  	0.47227  	293.370  	223.447  	
0.22634  	-0.0532  	-0.2692  	-0.0469  	0.84323  	-0.9148  	-0.4497  	0.22470  	-0.0537  	-0.5218  	-0.2590  	0.87131  	-0.1124  	-0.0852  	-0.8462  	-0.1675  	0.41840  	-0.2860  	0.61276  	0.25490  	-0.2392  	0.83135  	0.01111  	0.55203  	0.51072  	0.17282  	0.29105  	-0.6003  	-0.2987  	-0.1833  	-0.2116  	-0.0602  	-0.0276  	-0.1644  	0.47893  	0.23494  	0.30835  	0.07191  	-0.4257  	-0.0279  	0.08538  	0.15047  	-0.1299  	0.23605  	0.10850  	-0.0297  	0.01480  	-0.0060  	0.03445  	-0.1350  	-0.0917  	-0.0673  	0.00281  	-0.0146  	0.00422  	0.00470  	0.02029  	0.01057  	0.03977  	-0.0323  	-0.0445  	0.02189  	0.04085  	-0.0014  	0.19591  	-0.0401  	-0.0029  	-0.0129  	0.02117  	0.32912  	0.47227  	293.370  	223.447  	
0.27332  	-0.0489  	-0.2494  	0.04853  	0.89174  	-0.8420  	-0.4673  	0.29283  	-0.0407  	-0.5248  	-0.2814  	0.88329  	-0.0925  	-0.0488  	-0.8651  	-0.0821  	0.42419  	-0.3255  	0.61310  	0.26302  	-0.1825  	0.79564  	0.00296  	0.61484  	0.51579  	0.16992  	0.35839  	-0.6525  	-0.3435  	-0.1826  	-0.2220  	-0.0449  	-0.0379  	-0.1683  	0.53157  	0.21662  	0.33898  	0.06347  	-0.4565  	-0.0352  	0.03587  	0.15025  	-0.1376  	0.24192  	0.11411  	-0.0297  	0.00853  	-0.0042  	0.02941  	-0.1331  	-0.0919  	-0.0720  	0.00297  	-0.0208  	-0.0027  	0.00729  	0.02911  	0.00781  	0.03700  	-0.0311  	-0.0391  	0.01195  	0.04799  	-0.0031  	0.19591  	-0.0401  	-0.0029  	-0.0129  	0.02117  	0.32912  	0.47227  	293.370  	223.447  	
0.36615  	-0.0603  	-0.2384  	0.22294  	0.96069  	-0.7614  	-0.4570  	0.31397  	-0.0745  	-0.5395  	-0.3777  	0.88677  	-0.0611  	-0.0137  	-0.6531  	-0.0892  	0.41659  	-0.3898  	0.58893  	0.21200  	-0.1578  	0.86209  	0.00753  	0.66452  	0.53586  	0.14566  	0.43673  	-0.7369  	-0.3851  	-0.1675  	-0.2257  	-0.0333  	-0.0537  	-0.1751  	0.52937  	0.17805  	0.35854  	0.07209  	-0.4648  	-0.0129  	-0.0091  	0.15950  	-0.1621  	0.25139  	0.10864  	-0.0276  	-0.0076  	0.00489  	0.03268  	-0.1432  	-0.1019  	-0.0727  	-0.0019  	-0.0196  	-0.0083  	0.00599  	0.03210  	0.01132  	0.03297  	-0.0340  	-0.0394  	0.00731  	0.04674  	-0.0017  	0.19591  	-0.0401  	-0.0029  	-0.0129  	0.02117  	0.32912  	0.47227  	293.370  	223.447  	
0.50954  	-0.0052  	-0.1322  	0.23194  	0.97423  	-0.7338  	-0.4430  	0.36165  	-0.0517  	-0.5649  	-0.4944  	0.77393  	0.02332  	0.18543  	-0.4085  	-0.1831  	0.41582  	-0.3929  	0.59164  	0.16912  	-0.0940  	0.90302  	0.06973  	0.68603  	0.59528  	0.12534  	0.51377  	-0.8172  	-0.4048  	-0.1219  	-0.2360  	-0.0210  	-0.0417  	-0.1758  	0.58856  	0.14711  	0.40717  	0.06145  	-0.4771  	0.00861  	-0.0283  	0.17964  	-0.1624  	0.24141  	0.10408  	-0.0300  	0.00388  	0.02143  	0.04316  	-0.1444  	-0.0975  	-0.0712  	0.00142  	-0.0145  	0.00020  	0.01333  	0.01984  	0.00454  	0.03347  	-0.0294  	-0.0431  	0.01545  	0.03762  	-0.0078  	0.19591  	-0.0401  	-0.0029  	-0.0129  	0.02117  	0.32912  	0.47227  	293.370  	223.447  	
0.71051  	0.02970  	-0.0546  	0.29982  	0.94330  	-0.6350  	-0.3807  	0.36441  	-0.0286  	-0.4807  	-0.6023  	0.64268  	0.07986  	0.33518  	-0.3689  	-0.2744  	0.44124  	-0.3989  	0.56826  	0.05978  	-0.1666  	0.93879  	0.10081  	0.66617  	0.66260  	0.11912  	0.51875  	-0.8522  	-0.2447  	-0.0960  	-0.2328  	-0.0460  	-0.0710  	-0.1765  	0.54403  	0.16908  	0.30869  	0.02434  	-0.3938  	0.01311  	0.00093  	0.17171  	-0.1473  	0.25999  	0.10059  	-0.0231  	-0.0143  	0.03591  	0.05413  	-0.1541  	-0.0928  	-0.0652  	0.00808  	-0.0223  	0.00021  	0.01994  	0.00787  	0.00609  	0.03592  	-0.0300  	-0.0366  	0.01354  	0.03829  	-0.0129  	0.19591  	-0.0401  	-0.0029  	-0.0129  	0.02117  	0.32912  	0.47227  	293.370  	223.447  	
0.73629  	0.08812  	0.01396  	0.12450  	0.89816  	-0.6295  	-0.3450  	0.41007  	-0.0048  	-0.4320  	-0.6357  	0.55561  	0.12708  	0.34753  	-0.3958  	-0.2734  	0.41405  	-0.4295  	0.58373  	-0.0144  	-0.1676  	1.01657  	0.17941  	0.63407  	0.75353  	0.12425  	0.57647  	-0.9071  	-0.2797  	-0.0988  	-0.1946  	-0.0552  	-0.0800  	-0.1778  	0.47408  	0.16947  	0.33876  	0.05229  	-0.3804  	-0.0037  	0.01139  	0.16204  	-0.1165  	0.28434  	0.08477  	-0.0310  	-0.0262  	0.05451  	0.07097  	-0.1502  	-0.0926  	-0.0663  	0.01067  	-0.0209  	0.00327  	0.02335  	0.00587  	0.00013  	0.02956  	-0.0220  	-0.0378  	0.01572  	0.04498  	-0.0093  	0.19591  	-0.0401  	-0.0029  	-0.0129  	0.02117  	0.32912  	0.47227  	293.370  	223.447  	
0.53893  	0.06637  	-0.1573  	-0.0653  	0.85892  	-0.9267  	-0.3604  	0.33352  	-0.0486  	-0.3383  	-0.6299  	0.45983  	0.10369  	0.26212  	-0.5050  	-0.4272  	0.50978  	-0.4830  	0.58904  	0.03556  	-0.1980  	1.00448  	0.10468  	0.72904  	0.86096  	0.12747  	0.76184  	-0.9514  	-0.2993  	-0.0734  	-0.2008  	-0.0408  	-0.1201  	-0.1992  	0.51683  	0.20761  	0.33478  	0.04707  	-0.3776  	0.02072  	-0.0340  	0.16243  	-0.1482  	0.27574  	0.09705  	-0.0415  	-0.0161  	0.03763  	0.07105  	-0.1373  	-0.0952  	-0.0727  	5.35240  	-0.0084  	-7.1396  	0.01193  	-0.0002  	0.00127  	0.03312  	-0.0186  	-0.0389  	0.01571  	0.04620  	-0.0126  	0.19591  	-0.0401  	-0.0029  	-0.0129  	0.02117  	0.32912  	0.47227  	293.370  	223.447  	
0.39169  	-0.0310  	-0.2297  	0.12333  	0.93399  	-0.9014  	-0.3632  	0.36191  	-0.0444  	-0.4458  	-0.3546  	0.73112  	0.01896  	0.18223  	-0.5319  	-0.1497  	0.46646  	-0.3905  	0.58492  	0.20694  	-0.0752  	0.85595  	0.01803  	0.67499  	0.63227  	0.16064  	0.60198  	-0.7753  	-0.4210  	-0.1216  	-0.2086  	-0.0272  	-0.0244  	-0.1747  	0.63209  	0.15662  	0.39222  	0.04920  	-0.5097  	-0.0238  	-0.0547  	0.18166  	-0.1925  	0.27055  	0.10929  	-0.0237  	-0.0013  	0.00364  	0.03525  	-0.1376  	-0.0960  	-0.0811  	-0.0014  	-0.0143  	-0.0061  	0.01257  	0.01949  	-0.0048  	0.03136  	-0.0364  	-0.0396  	0.01762  	0.03913  	-0.0198  	0.19591  	-0.0401  	-0.0029  	-0.0129  	0.02117  	0.32912  	0.47227  	293.370  	223.447  	
0.02592  	-0.1258  	-0.4428  	-0.0454  	0.88256  	-1.1301  	-0.4175  	0.28909  	-0.0654  	-0.4151  	-0.1136  	0.97811  	-0.0485  	-0.0024  	-0.8472  	-0.2112  	0.37820  	-0.2730  	0.54376  	0.31815  	-0.1471  	0.78319  	-0.0221  	0.64976  	0.44371  	0.14522  	0.29364  	-0.6216  	-0.3839  	-0.1971  	-0.1887  	-0.0861  	-0.0138  	-0.1524  	0.58368  	0.18256  	0.30650  	0.04626  	-0.4676  	-0.0353  	-0.0277  	0.17289  	-0.1965  	0.20377  	0.10893  	-0.0332  	0.01103  	-0.0131  	0.01913  	-0.1255  	-0.0938  	-0.0737  	-0.0010  	-0.0177  	-0.0052  	0.00106  	0.02787  	0.00929  	0.02638  	-0.0369  	-0.0442  	0.02380  	0.05404  	-0.0074  	0.19591  	-0.0401  	-0.0029  	-0.0129  	0.02117  	0.32912  	0.47227  	293.370  	223.447  	
0.01348  	-0.0630  	-0.4070  	-0.0900  	0.88726  	-1.0412  	-0.4592  	0.29955  	-0.0770  	-0.4800  	-0.1871  	0.91471  	-0.1530  	-0.1469  	-0.8333  	-0.1511  	0.42906  	-0.3161  	0.62024  	0.26535  	-0.1360  	0.80072  	0.07438  	0.64438  	0.54043  	0.15037  	0.41689  	-0.6781  	-0.3903  	-0.1743  	-0.1924  	-0.0559  	-0.0372  	-0.1788  	0.52010  	0.19873  	0.34192  	0.05945  	-0.4619  	-0.0412  	-0.0022  	0.17789  	-0.1901  	0.24284  	0.10471  	-0.0249  	0.00500  	-0.0127  	0.01553  	-0.1393  	-0.0970  	-0.0686  	0.00507  	-0.0199  	-0.0027  	0.01074  	0.02161  	0.00914  	0.03193  	-0.0278  	-0.0348  	0.01554  	0.03329  	-0.0081  	0.19591  	-0.0401  	-0.0029  	-0.0129  	0.02117  	0.32912  	0.47227  	293.370  	223.447  	
0.21924  	-0.0384  	-0.2938  	-0.0272  	0.83988  	-0.8230  	-0.4725  	0.29661  	-0.0615  	-0.5808  	-0.3650  	0.86026  	-0.0931  	-0.0730  	-0.7903  	-0.1755  	0.48386  	-0.3241  	0.62460  	0.24139  	-0.2174  	0.85009  	0.05163  	0.62888  	0.60015  	0.17881  	0.37850  	-0.6114  	-0.2881  	-0.1285  	-0.2241  	-0.0543  	-0.0501  	-0.1839  	0.46590  	0.22962  	0.31219  	0.05499  	-0.4394  	-0.0355  	0.02566  	0.14560  	-0.1533  	0.25807  	0.10413  	-0.0277  	0.01235  	0.01312  	0.02453  	-0.1513  	-0.1021  	-0.0707  	0.00655  	-0.0215  	-0.0014  	0.00172  	0.02800  	0.00800  	0.03954  	-0.0287  	-0.0431  	0.00641  	0.03443  	-0.0045  	0.19591  	-0.0401  	-0.0029  	-0.0129  	0.02117  	0.32912  	0.47227  	293.370  	223.447  	
0.28784  	-0.0592  	-0.2224  	-0.0631  	0.76351  	-0.8118  	-0.5086  	0.29089  	-0.0683  	-0.5265  	-0.2542  	0.85050  	-0.1210  	-0.1915  	-0.8985  	-0.0673  	0.45549  	-0.3146  	0.64129  	0.23713  	-0.1783  	0.81724  	0.04726  	0.59844  	0.56761  	0.16722  	0.36598  	-0.6776  	-0.3631  	-0.1911  	-0.2189  	-0.0083  	-0.0245  	-0.1851  	0.45746  	0.22958  	0.37539  	0.09959  	-0.4426  	-0.0411  	0.07842  	0.13560  	-0.1214  	0.26421  	0.10071  	-0.0336  	0.00436  	0.00116  	0.03398  	-0.1516  	-0.1003  	-0.0709  	0.00299  	-0.0155  	-0.0017  	0.00854  	0.02207  	0.01023  	0.03610  	-0.0302  	-0.0406  	0.00540  	0.03556  	0.00101  	0.19591  	-0.0401  	-0.0029  	-0.0129  	0.02117  	0.32912  	0.47227  	293.370  	223.447  	
0.37856  	-0.0529  	-0.1130  	-0.1903  	0.71312  	-0.8346  	-0.5019  	0.26545  	-0.0572  	-0.4312  	0.00176  	0.88727  	-0.1432  	-0.2317  	-1.1719  	0.05590  	0.38898  	-0.3037  	0.65030  	0.24976  	-0.0952  	0.78105  	0.02568  	0.63632  	0.50284  	0.15283  	0.33912  	-0.7133  	-0.4438  	-0.2334  	-0.2094  	-0.0202  	-0.0258  	-0.2016  	0.53636  	0.23807  	0.42816  	0.10055  	-0.5033  	-0.0451  	0.08881  	0.13212  	-0.1311  	0.24778  	0.10377  	-0.0282  	-0.0034  	0.01840  	0.02911  	-0.1340  	-0.0843  	-0.0683  	0.01634  	-0.0176  	-0.0016  	0.00939  	0.02680  	0.00946  	0.03810  	-0.0204  	-0.0386  	-0.0011  	0.04465  	-0.0069  	0.19591  	-0.0401  	-0.0029  	-0.0129  	0.02117  	0.32912  	0.47227  	293.370  	223.447  	
-0.0140  	-0.1294  	-0.3358  	-0.4146  	0.65349  	-1.0227  	-0.4448  	0.20629  	-0.0883  	-0.3918  	-0.0783  	0.76423  	-0.1886  	-0.2879  	-1.2834  	-0.0997  	0.41236  	-0.2557  	0.63048  	0.27641  	-0.2254  	0.76801  	0.03192  	0.58720  	0.59851  	0.17251  	0.36003  	-0.6641  	-0.3091  	-0.2157  	-0.2038  	-0.0440  	-0.0541  	-0.1959  	0.41264  	0.32242  	0.34039  	0.08277  	-0.4440  	-0.0195  	0.10047  	0.14441  	-0.1304  	0.25468  	0.10458  	-0.0305  	0.01019  	-0.0081  	0.01739  	-0.1468  	-0.0899  	-0.0686  	0.00748  	-0.0171  	0.00182  	-0.0054  	0.03248  	0.01491  	0.03343  	-0.0310  	-0.0377  	0.00118  	0.04585  	0.00624  	0.19591  	-0.0401  	-0.0029  	-0.0129  	0.02117  	0.32912  	0.47227  	293.370  	223.447  	
-0.1144  	-0.1611  	-0.3542  	-0.5489  	0.53655  	-1.0398  	-0.4973  	0.16087  	-0.1006  	-0.4030  	-0.0403  	0.72248  	-0.2394  	-0.3477  	-1.1817  	-0.2318  	0.46032  	-0.3063  	0.63767  	0.16857  	-0.1724  	0.79227  	0.16701  	0.55033  	0.51615  	0.20255  	0.36108  	-0.7230  	-0.3689  	-0.2375  	-0.1556  	-0.0484  	-0.0809  	-0.1936  	0.36506  	0.27491  	0.37380  	0.09098  	-0.4754  	-0.0838  	0.13445  	0.12611  	-0.1372  	0.25559  	0.11329  	-0.0333  	0.00771  	-0.0135  	0.00518  	-0.1354  	-0.1033  	-0.0671  	0.01201  	-0.0125  	-0.0004  	-0.0044  	0.02003  	0.01104  	0.03562  	-0.0295  	-0.0342  	0.00686  	0.04893  	0.00444  	0.19591  	-0.0401  	-0.0029  	-0.0129  	0.02117  	0.32912  	0.47227  	293.370  	223.447  	
-0.1071  	-0.1579  	-0.3465  	-0.5251  	0.56482  	-1.0353  	-0.4830  	0.19695  	-0.1080  	-0.4538  	-0.0403  	0.72576  	-0.2118  	-0.3635  	-1.1278  	-0.1973  	0.47047  	-0.3134  	0.62631  	0.18773  	-0.2230  	0.80274  	0.22295  	0.55015  	0.47646  	0.20651  	0.35487  	-0.6977  	-0.3374  	-0.2295  	-0.1610  	-0.0520  	-0.0616  	-0.1996  	0.36125  	0.24933  	0.37766  	0.09315  	-0.4824  	-0.0747  	0.14366  	0.13089  	-0.1346  	0.26784  	0.10584  	-0.0377  	0.01197  	-0.0155  	0.01102  	-0.1416  	-0.0999  	-0.0619  	0.00486  	-0.0180  	0.00053  	0.00030  	0.02122  	0.00736  	0.03745  	-0.0329  	-0.0300  	0.01314  	0.04488  	-0.0008  	0.19591  	-0.0401  	-0.0029  	-0.0129  	0.02117  	0.32912  	0.47227  	293.370  	223.447  	
0.13110  	-0.1418  	-0.3327  	-0.0725  	0.81093  	-0.9226  	-0.5105  	0.26816  	-0.0681  	-0.5069  	-0.2273  	0.90676  	-0.1182  	-0.2335  	-0.9071  	-0.0873  	0.41344  	-0.2775  	0.63585  	0.28163  	-0.2533  	0.79887  	0.06485  	0.57018  	0.47351  	0.19361  	0.30406  	-0.5865  	-0.2933  	-0.2135  	-0.2054  	-0.0293  	-0.0225  	-0.1803  	0.40824  	0.22131  	0.29422  	0.07631  	-0.4615  	-0.0155  	0.07640  	0.14451  	-0.1271  	0.26326  	0.11178  	-0.0375  	0.01555  	-0.0062  	0.02577  	-0.1434  	-0.0980  	-0.0746  	-0.0003  	-0.0155  	-0.0011  	-0.0033  	0.02842  	0.01204  	0.03957  	-0.0260  	-0.0469  	0.01071  	0.04754  	0.00125  	0.19591  	-0.0401  	-0.0029  	-0.0129  	0.02117  	0.32912  	0.47227  	293.370  	223.447  	
0.53304  	-0.0327  	-0.1167  	0.13169  	0.86082  	-0.7362  	-0.4409  	0.40298  	-0.0160  	-0.5562  	-0.2688  	0.95185  	-0.0331  	-0.0332  	-0.7886  	0.02298  	0.44312  	-0.3399  	0.63118  	0.21235  	-0.1178  	0.81404  	0.05463  	0.63068  	0.54978  	0.15050  	0.36900  	-0.6951  	-0.3886  	-0.1897  	-0.2189  	-0.0001  	-0.0378  	-0.1939  	0.50655  	0.16522  	0.34380  	0.11190  	-0.4344  	-0.0163  	0.05133  	0.13515  	-0.1175  	0.25697  	0.09190  	-0.0322  	-0.0030  	0.01639  	0.04168  	-0.1359  	-0.0844  	-0.0736  	0.00571  	-0.0195  	0.00086  	0.01040  	0.02301  	0.01208  	0.03799  	-0.0305  	-0.0480  	0.00899  	0.04405  	-0.0035  	0.19591  	-0.0401  	-0.0029  	-0.0129  	0.02117  	0.32912  	0.47227  	293.370  	223.447  	
0.54417  	0.02802  	-0.0952  	0.17457  	0.89896  	-0.7540  	-0.4449  	0.36531  	0.00648  	-0.5044  	-0.2735  	0.96185  	-0.0325  	0.01848  	-0.7553  	0.05072  	0.39821  	-0.3694  	0.61772  	0.19489  	-0.1339  	0.89109  	0.03118  	0.65034  	0.61750  	0.11281  	0.42739  	-0.7522  	-0.3897  	-0.1262  	-0.2697  	-0.0198  	-0.0460  	-0.1950  	0.54512  	0.17735  	0.39501  	0.09487  	-0.4623  	-0.0444  	0.04861  	0.14302  	-0.0992  	0.24489  	0.11093  	-0.0388  	-0.0063  	0.03539  	0.05546  	-0.1588  	-0.0893  	-0.0752  	0.01233  	-0.0171  	-0.0048  	0.00961  	0.01508  	0.00726  	0.03344  	-0.0223  	-0.0502  	-0.0026  	0.04714  	0.00234  	0.19591  	-0.0401  	-0.0029  	-0.0129  	0.02117  	0.32912  	0.47227  	293.370  	223.447  	
0.38201  	-0.0949  	-0.1560  	0.25111  	0.96147  	-0.7903  	-0.4200  	0.30931  	-0.0123  	-0.4670  	-0.3491  	0.99588  	-0.0366  	0.07456  	-0.7474  	0.02321  	0.40386  	-0.3437  	0.60375  	0.25213  	-0.1468  	0.85978  	0.02388  	0.63345  	0.53636  	0.15116  	0.37676  	-0.6891  	-0.3951  	-0.1645  	-0.2067  	-0.0304  	-0.0253  	-0.1671  	0.50525  	0.14829  	0.38256  	0.07851  	-0.4440  	-0.0364  	0.04867  	0.14457  	-0.1369  	0.25146  	0.09501  	-0.0264  	0.00085  	0.01864  	0.03648  	-0.1401  	-0.0969  	-0.0782  	0.00099  	-0.0197  	-0.0077  	0.00537  	0.02542  	0.01308  	0.03654  	-0.0348  	-0.0387  	0.00927  	0.04875  	-0.0036  	0.19591  	-0.0401  	-0.0029  	-0.0129  	0.02117  	0.32912  	0.47227  	293.370  	223.447  	
0.06745  	-0.1189  	-0.3441  	-0.2387  	0.77188  	-1.0847  	-0.4422  	0.22188  	-0.0785  	-0.3964  	-0.1231  	0.83972  	-0.1391  	-0.1985  	-0.9742  	-0.1381  	0.39368  	-0.2369  	0.60967  	0.28316  	-0.1431  	0.78927  	0.05780  	0.61149  	0.48398  	0.17721  	0.28384  	-0.6638  	-0.3908  	-0.2405  	-0.1709  	-0.0614  	-0.0354  	-0.1813  	0.45599  	0.25276  	0.34947  	0.05898  	-0.4533  	-0.0265  	0.07144  	0.14448  	-0.1504  	0.25364  	0.10106  	-0.0235  	0.00631  	-0.0014  	0.02297  	-0.1382  	-0.0982  	-0.0744  	0.00930  	-0.0144  	0.00042  	-0.0009  	0.02515  	0.01172  	0.03292  	-0.0342  	-0.0356  	0.01515  	0.03952  	0.00410  	0.19591  	-0.0401  	-0.0029  	-0.0129  	0.02117  	0.32912  	0.47227  	293.370  	223.447  	
-0.0848  	-0.1409  	-0.3351  	-0.4506  	0.64686  	-1.0948  	-0.4690  	0.18493  	-0.1025  	-0.4093  	-0.0743  	0.74683  	-0.2083  	-0.3703  	-1.1753  	-0.2037  	0.43195  	-0.2478  	0.62678  	0.25331  	-0.1524  	0.75439  	0.12098  	0.59782  	0.46826  	0.17797  	0.33494  	-0.6782  	-0.3540  	-0.2547  	-0.1866  	-0.0525  	-0.0623  	-0.1855  	0.39452  	0.27143  	0.35489  	0.07969  	-0.4674  	-0.0268  	0.09386  	0.14335  	-0.1506  	0.24577  	0.10813  	-0.0294  	0.00642  	-0.0227  	0.01827  	-0.1438  	-0.1098  	-0.0703  	-0.0003  	-0.0126  	-0.0027  	-0.0084  	0.02266  	0.01286  	0.04304  	-0.0353  	-0.0385  	0.00413  	0.04992  	0.00017  	0.19591  	-0.0401  	-0.0029  	-0.0129  	0.02117  	0.32912  	0.47227  	293.370  	223.447  	
-0.1690  	-0.1772  	-0.3672  	-0.5721  	0.54166  	-1.1007  	-0.4548  	0.15620  	-0.1289  	-0.3863  	0.01583  	0.66236  	-0.2297  	-0.4448  	-1.2901  	-0.2067  	0.44218  	-0.2877  	0.62543  	0.20895  	-0.2251  	0.76731  	0.17538  	0.52794  	0.51182  	0.19176  	0.30256  	-0.6809  	-0.3420  	-0.2383  	-0.1591  	-0.0550  	-0.0758  	-0.1916  	0.33719  	0.28866  	0.37327  	0.08650  	-0.4406  	-0.0850  	0.14685  	0.13705  	-0.1371  	0.26848  	0.11700  	-0.0377  	0.00952  	-0.0197  	0.00999  	-0.1310  	-0.1083  	-0.0668  	0.00646  	-0.0136  	-0.0014  	-0.0050  	0.02323  	0.01348  	0.03294  	-0.0379  	-0.0332  	0.00899  	0.05305  	0.00629  	0.19591  	-0.0401  	-0.0029  	-0.0129  	0.02117  	0.32912  	0.47227  	293.370  	223.447  	
-0.2038  	-0.1874  	-0.3817  	-0.5941  	0.50161  	-1.1098  	-0.4520  	0.13930  	-0.0978  	-0.3882  	-0.0762  	0.69804  	-0.1964  	-0.4387  	-1.2775  	-0.2033  	0.44844  	-0.2668  	0.61650  	0.20991  	-0.3345  	0.78738  	0.16972  	0.45090  	0.47416  	0.22312  	0.25292  	-0.6050  	-0.2618  	-0.2353  	-0.1383  	-0.0702  	-0.0719  	-0.1768  	0.26276  	0.30041  	0.28706  	0.08118  	-0.4235  	-0.0649  	0.18587  	0.13012  	-0.0987  	0.28350  	0.10751  	-0.0411  	0.01162  	-0.0021  	0.02328  	-0.1388  	-0.1043  	-0.0680  	0.00308  	-0.0147  	0.00601  	-0.0069  	0.01655  	0.01055  	0.02932  	-0.0357  	-0.0283  	0.01436  	0.04891  	0.00806  	0.19591  	-0.0401  	-0.0029  	-0.0129  	0.02117  	0.32912  	0.47227  	293.370  	223.447  	
-0.1009  	-0.1009  	-0.2729  	-0.5704  	0.54103  	-1.0588  	-0.4731  	0.19579  	-0.0821  	-0.3909  	-0.0909  	0.75315  	-0.1639  	-0.3096  	-1.2483  	-0.2033  	0.46581  	-0.3045  	0.61031  	0.18719  	-0.2680  	0.81246  	0.20428  	0.50576  	0.42987  	0.22281  	0.27836  	-0.6394  	-0.3238  	-0.2540  	-0.1464  	-0.0703  	-0.0511  	-0.1838  	0.28360  	0.24733  	0.32804  	0.08241  	-0.4400  	-0.0727  	0.19968  	0.11446  	-0.0837  	0.28150  	0.09706  	-0.0433  	0.01323  	0.00555  	0.02922  	-0.1350  	-0.1053  	-0.0750  	0.00705  	-0.0186  	0.00510  	-0.0088  	0.01361  	0.01165  	0.03012  	-0.0419  	-0.0340  	0.02522  	0.05256  	0.00893  	0.19591  	-0.0401  	-0.0029  	-0.0129  	0.02117  	0.32912  	0.47227  	293.370  	223.447  	
-0.1635  	-0.0961  	-0.3106  	-0.5615  	0.53729  	-1.1198  	-0.4807  	0.18170  	-0.0879  	-0.3721  	-0.0575  	0.73960  	-0.2050  	-0.3566  	-1.2448  	-0.2097  	0.46636  	-0.3038  	0.63295  	0.17878  	-0.2469  	0.80059  	0.20793  	0.51385  	0.43102  	0.20489  	0.30691  	-0.6743  	-0.3328  	-0.2554  	-0.1567  	-0.0571  	-0.0587  	-0.1783  	0.31624  	0.26806  	0.34822  	0.09689  	-0.4574  	-0.0935  	0.18579  	0.11777  	-0.1031  	0.27773  	0.10167  	-0.0377  	0.01315  	-0.0009  	0.02238  	-0.1422  	-0.1011  	-0.0725  	0.00424  	-0.0098  	0.00093  	-0.0073  	0.02328  	0.01375  	0.03747  	-0.0324  	-0.0310  	0.02032  	0.04749  	0.00525  	0.19591  	-0.0401  	-0.0029  	-0.0129  	0.02117  	0.32912  	0.47227  	293.370  	223.447  	
-0.1223  	-0.1402  	-0.3355  	-0.5166  	0.54984  	-1.0511  	-0.4824  	0.17873  	-0.0912  	-0.4342  	-0.1018  	0.71794  	-0.2161  	-0.3918  	-1.2201  	-0.1751  	0.46654  	-0.2876  	0.64003  	0.18856  	-0.2998  	0.78764  	0.19468  	0.51428  	0.47658  	0.22296  	0.29150  	-0.6315  	-0.3012  	-0.2467  	-0.1720  	-0.0572  	-0.0706  	-0.1831  	0.30186  	0.28199  	0.32512  	0.09148  	-0.4435  	-0.0673  	0.17089  	0.12754  	-0.1127  	0.28244  	0.09789  	-0.0321  	0.01115  	0.00479  	0.01832  	-0.1455  	-0.1040  	-0.0623  	0.00644  	-0.0121  	0.00060  	-0.0083  	0.02383  	0.00976  	0.03850  	-0.0331  	-0.0274  	0.01432  	0.04622  	0.00351  	0.19591  	-0.0401  	-0.0029  	-0.0129  	0.02117  	0.32912  	0.47227  	293.370  	223.447  	
-0.2224  	-0.1550  	-0.3622  	-0.5360  	0.55778  	-1.1404  	-0.4650  	0.16539  	-0.0993  	-0.3762  	-0.0807  	0.79479  	-0.1722  	-0.3805  	-1.2208  	-0.1803  	0.44592  	-0.2592  	0.63232  	0.18787  	-0.3702  	0.79295  	0.20240  	0.48329  	0.42250  	0.22500  	0.23192  	-0.5905  	-0.2709  	-0.2511  	-0.1336  	-0.0627  	-0.0561  	-0.1758  	0.29274  	0.28188  	0.28223  	0.07760  	-0.4422  	-0.0572  	0.18978  	0.12285  	-0.1111  	0.28281  	0.09968  	-0.0396  	0.01629  	0.01525  	0.01962  	-0.1385  	-0.1052  	-0.0661  	0.00388  	-0.0164  	0.00723  	-0.0106  	0.02053  	0.00944  	0.03711  	-0.0328  	-0.0278  	0.01984  	0.04715  	0.00569  	0.19591  	-0.0401  	-0.0029  	-0.0129  	0.02117  	0.32912  	0.47227  	293.370  	223.447  	
-0.4382  	-0.2015  	-0.5145  	-0.7032  	0.51832  	-1.3603  	-0.4489  	0.13503  	-0.1313  	-0.3264  	0.02896  	0.72528  	-0.1429  	-0.3041  	-1.3198  	-0.2676  	0.40468  	-0.2489  	0.60371  	0.25536  	-0.3089  	0.79475  	0.13512  	0.52630  	0.44059  	0.21732  	0.23525  	-0.6202  	-0.2905  	-0.2627  	-0.1095  	-0.1041  	-0.0491  	-0.1825  	0.35744  	0.27167  	0.23879  	0.02659  	-0.4198  	-0.0582  	0.13526  	0.14573  	-0.1285  	0.25147  	0.11981  	-0.0447  	0.00656  	0.00495  	0.01446  	-0.1358  	-0.1106  	-0.0682  	0.00227  	-0.0201  	-0.0026  	-0.0029  	0.02196  	0.01328  	0.02779  	-0.0360  	-0.0294  	0.01759  	0.05266  	0.00070  	0.19591  	-0.0401  	-0.0029  	-0.0129  	0.02117  	0.32912  	0.47227  	293.370  	223.447  	
-0.3872  	-0.2278  	-0.5367  	-0.6884  	0.51208  	-1.3426  	-0.4921  	0.17949  	-0.1248  	-0.3521  	0.17147  	0.78037  	-0.1881  	-0.3207  	-1.2460  	-0.2755  	0.46179  	-0.3008  	0.59978  	0.28961  	-0.1897  	0.79312  	0.13112  	0.59810  	0.41256  	0.20612  	0.23510  	-0.6613  	-0.3922  	-0.2769  	-0.1458  	-0.0743  	-0.0349  	-0.1882  	0.37339  	0.21588  	0.29846  	0.06133  	-0.4362  	-0.0628  	0.08975  	0.15111  	-0.1546  	0.22322  	0.11486  	-0.0313  	0.01267  	-0.0192  	0.02233  	-0.1321  	-0.1094  	-0.0668  	0.00125  	-0.0190  	0.00204  	-0.0104  	0.01296  	0.01030  	0.03274  	-0.0307  	-0.0277  	0.02954  	0.04406  	0.00214  	0.19591  	-0.0401  	-0.0029  	-0.0129  	0.02117  	0.32912  	0.47227  	293.370  	223.447  	
-0.2551  	-0.2041  	-0.4531  	-0.4733  	0.61779  	-1.2991  	-0.4802  	0.26156  	-0.0847  	-0.3823  	0.18334  	0.85859  	-0.1630  	-0.2350  	-1.1108  	-0.3011  	0.45771  	-0.3189  	0.58913  	0.32321  	-0.1412  	0.78905  	0.08933  	0.65346  	0.41924  	0.19736  	0.25027  	-0.6659  	-0.4441  	-0.2770  	-0.1472  	-0.0869  	-0.0115  	-0.1953  	0.41749  	0.17291  	0.32553  	0.04327  	-0.4296  	-0.0799  	0.06650  	0.16010  	-0.1659  	0.22541  	0.11307  	-0.0260  	0.01674  	-0.0175  	0.02617  	-0.1307  	-0.1068  	-0.0720  	-0.0038  	-0.0179  	-0.0063  	-0.0087  	0.01366  	0.00918  	0.02805  	-0.0319  	-0.0316  	0.01806  	0.04704  	-0.0006  	0.19591  	-0.0401  	-0.0029  	-0.0129  	0.02117  	0.32912  	0.47227  	293.370  	223.447  	
0.12451  	-0.0585  	-0.2359  	-0.2938  	0.68390  	-1.0258  	-0.4718  	0.32717  	-0.0279  	-0.4741  	-0.1106  	0.93152  	-0.0847  	0.01074  	-0.9432  	-0.2000  	0.44288  	-0.3002  	0.60722  	0.24112  	-0.1077  	0.81439  	0.16360  	0.61214  	0.38128  	0.20193  	0.27336  	-0.7135  	-0.4356  	-0.2470  	-0.1421  	-0.0949  	-0.0123  	-0.1875  	0.42698  	0.15319  	0.36081  	0.06724  	-0.4512  	-0.0498  	0.10881  	0.12072  	-0.1325  	0.24823  	0.09457  	-0.0271  	0.01339  	0.00277  	0.01993  	-0.1239  	-0.1063  	-0.0806  	0.00221  	-0.0203  	-0.0161  	0.01549  	0.00615  	0.00561  	0.02901  	-0.0273  	-0.0266  	0.02371  	0.03263  	-0.0059  	0.19591  	-0.0401  	-0.0029  	-0.0129  	0.02117  	0.32912  	0.47227  	293.370  	223.447  	
0.25056  	0.01550  	-0.1447  	-0.1651  	0.75568  	-0.8641  	-0.4979  	0.41203  	-0.0388  	-0.5025  	-0.2630  	0.85516  	-0.0762  	0.03499  	-0.8136  	-0.1103  	0.47020  	-0.3284  	0.62768  	0.20142  	-0.0522  	0.82126  	0.16628  	0.62251  	0.46383  	0.16780  	0.31920  	-0.7458  	-0.3820  	-0.2339  	-0.1840  	-0.0780  	-0.0178  	-0.1934  	0.42134  	0.11686  	0.37943  	0.09058  	-0.4694  	-0.0726  	0.11001  	0.10474  	-0.1039  	0.24420  	0.09247  	-0.0387  	0.01608  	0.00639  	0.02945  	-0.1227  	-0.1027  	-0.0802  	-0.0009  	-0.0216  	-0.0070  	0.00685  	0.01493  	0.00320  	0.03489  	-0.0372  	-0.0326  	0.01480  	0.04339  	-0.0016  	0.19591  	-0.0401  	-0.0029  	-0.0129  	0.02117  	0.32912  	0.47227  	293.370  	223.447  	
0.07357  	-0.1268  	-0.3602  	-0.1978  	0.82531  	-1.0527  	-0.4383  	0.22829  	-0.0796  	-0.4595  	-0.0717  	0.84701  	-0.1307  	-0.1762  	-1.0285  	-0.1309  	0.43753  	-0.3590  	0.62448  	0.23655  	-0.1141  	0.75373  	0.01534  	0.66939  	0.54193  	0.17594  	0.42984  	-0.7215  	-0.4082  	-0.1831  	-0.2077  	-0.0308  	-0.0358  	-0.2021  	0.53086  	0.19982  	0.40012  	0.06854  	-0.5013  	-0.0373  	0.01861  	0.18591  	-0.1875  	0.23742  	0.12597  	-0.0330  	0.00256  	-0.0176  	0.03023  	-0.1461  	-0.0998  	-0.0695  	-0.0048  	-0.0049  	-0.0053  	0.00861  	0.02240  	0.00363  	0.04619  	-0.0323  	-0.0413  	0.00994  	0.04672  	-0.0002  	0.19591  	-0.0401  	-0.0029  	-0.0129  	0.02117  	0.32912  	0.47227  	293.370  	223.447  	
0.13029  	-0.0895  	-0.2898  	-0.1453  	0.77503  	-0.9978  	-0.5041  	0.24155  	-0.0576  	-0.5432  	-0.1747  	0.92546  	-0.1027  	-0.0670  	-0.8166  	-0.1875  	0.46060  	-0.3584  	0.60568  	0.25154  	-0.1026  	0.78830  	0.15203  	0.63508  	0.42553  	0.18297  	0.35078  	-0.6575  	-0.4371  	-0.2147  	-0.1742  	-0.0511  	-0.0313  	-0.1908  	0.47811  	0.16869  	0.37110  	0.05866  	-0.4900  	-0.0575  	0.07027  	0.15029  	-0.1599  	0.23652  	0.11374  	-0.0248  	0.00965  	-0.0052  	0.01016  	-0.1292  	-0.1044  	-0.0707  	0.00109  	-0.0174  	-0.0125  	0.00888  	0.02297  	0.00151  	0.03934  	-0.0332  	-0.0348  	0.01556  	0.03604  	-0.0035  	0.19591  	-0.0401  	-0.0029  	-0.0129  	0.02117  	0.32912  	0.47227  	293.370  	223.447  	
0.17873  	-0.0277  	-0.2330  	-0.2271  	0.75831  	-0.9826  	-0.4577  	0.30625  	-0.0720  	-0.4580  	-0.2193  	0.85670  	-0.0656  	-0.0137  	-0.8776  	-0.1895  	0.44040  	-0.3018  	0.61682  	0.22467  	-0.1869  	0.81497  	0.14010  	0.60576  	0.43901  	0.19903  	0.25977  	-0.6324  	-0.3267  	-0.2360  	-0.1586  	-0.0875  	-0.0207  	-0.1980  	0.41077  	0.15533  	0.32295  	0.06128  	-0.4493  	-0.0475  	0.09686  	0.11599  	-0.1049  	0.25524  	0.09082  	-0.0386  	0.01244  	0.00094  	0.02432  	-0.1326  	-0.1010  	-0.0759  	0.00441  	-0.0242  	0.00220  	0.00288  	0.02598  	0.00221  	0.04047  	-0.0305  	-0.0349  	0.02048  	0.04077  	0.00418  	0.19591  	-0.0401  	-0.0029  	-0.0129  	0.02117  	0.32912  	0.47227  	293.370  	223.447  	
0.11523  	-0.0462  	-0.2981  	-0.2710  	0.80450  	-1.0518  	-0.4153  	0.24447  	-0.0647  	-0.4063  	-0.2670  	0.83729  	-0.0409  	0.00276  	-0.8796  	-0.1877  	0.42111  	-0.2724  	0.64288  	0.23412  	-0.3214  	0.80733  	0.05604  	0.55024  	0.49116  	0.20787  	0.22162  	-0.5942  	-0.2508  	-0.2154  	-0.1749  	-0.1000  	-0.0211  	-0.1981  	0.39461  	0.20926  	0.24825  	0.04702  	-0.4291  	-0.0115  	0.12040  	0.13785  	-0.1023  	0.24892  	0.10022  	-0.0336  	0.01238  	0.00075  	0.03703  	-0.1360  	-0.1057  	-0.0728  	0.00361  	-0.0225  	0.00309  	-0.0018  	0.01877  	0.00234  	0.03774  	-0.0371  	-0.0369  	0.02604  	0.03564  	-0.0035  	0.19591  	-0.0401  	-0.0029  	-0.0129  	0.02117  	0.32912  	0.47227  	293.370  	223.447  	
-0.0634  	-0.1759  	-0.4027  	-0.3600  	0.73933  	-1.1259  	-0.4014  	0.20814  	-0.0770  	-0.3960  	-0.0067  	0.83859  	-0.1220  	-0.1491  	-1.0974  	-0.2039  	0.40468  	-0.2758  	0.58531  	0.28597  	-0.2299  	0.77924  	0.01683  	0.60664  	0.51239  	0.17568  	0.27537  	-0.6380  	-0.3184  	-0.2271  	-0.1549  	-0.0901  	-0.0176  	-0.1800  	0.46401  	0.24176  	0.31568  	0.05274  	-0.4554  	-0.0277  	0.06928  	0.16367  	-0.1438  	0.25282  	0.10798  	-0.0392  	0.01156  	-0.0159  	0.03123  	-0.1373  	-0.0913  	-0.0733  	-0.0032  	-0.0184  	0.00634  	0.00058  	0.02178  	0.01315  	0.03357  	-0.0360  	-0.0417  	0.01421  	0.05763  	0.00542  	0.19591  	-0.0401  	-0.0029  	-0.0129  	0.02117  	0.32912  	0.47227  	293.370  	223.447  	
-0.2129  	-0.1861  	-0.4410  	-0.5170  	0.63650  	-1.2341  	-0.4458  	0.23450  	-0.0947  	-0.3694  	0.05885  	0.79031  	-0.1736  	-0.2632  	-1.1286  	-0.2375  	0.44578  	-0.3137  	0.60617  	0.26310  	-0.1808  	0.80193  	0.09496  	0.58912  	0.45863  	0.18282  	0.28561  	-0.6723  	-0.3675  	-0.2583  	-0.1636  	-0.0667  	-0.0422  	-0.1851  	0.41516  	0.24514  	0.33851  	0.07483  	-0.4514  	-0.0764  	0.10020  	0.14647  	-0.1588  	0.23388  	0.11458  	-0.0328  	0.01199  	-0.0112  	0.01031  	-0.1319  	-0.1104  	-0.0653  	0.00636  	-0.0132  	0.00118  	-0.0053  	0.02322  	0.00736  	0.02993  	-0.0352  	-0.0332  	0.01630  	0.04897  	0.00072  	0.19591  	-0.0401  	-0.0029  	-0.0129  	0.02117  	0.32912  	0.47227  	293.370  	223.447  	
-0.0467  	-0.1708  	-0.4045  	-0.3726  	0.69129  	-1.1425  	-0.4755  	0.26989  	-0.0646  	-0.4400  	0.00632  	0.87933  	-0.1069  	-0.1419  	-0.9841  	-0.2399  	0.44370  	-0.3282  	0.58691  	0.24848  	-0.1148  	0.75535  	0.10111  	0.61845  	0.42059  	0.18808  	0.33700  	-0.7042  	-0.4195  	-0.2462  	-0.1640  	-0.0731  	-0.0211  	-0.1970  	0.47652  	0.19587  	0.34817  	0.06708  	-0.4757  	-0.0530  	0.04805  	0.15712  	-0.1527  	0.23389  	0.11150  	-0.0337  	0.01291  	-0.0083  	0.01299  	-0.1305  	-0.1007  	-0.0742  	-0.0068  	-0.0143  	-0.0068  	-0.0046  	0.02346  	0.00565  	0.02920  	-0.0349  	-0.0366  	0.01464  	0.05139  	0.00266  	0.19591  	-0.0401  	-0.0029  	-0.0129  	0.02117  	0.32912  	0.47227  	293.370  	223.447  	
0.41738  	-0.0151  	-0.1470  	-0.0952  	0.80927  	-0.8596  	-0.4084  	0.35092  	-0.0243  	-0.4634  	-0.2693  	0.89027  	0.01096  	0.15806  	-0.6323  	-0.2403  	0.43044  	-0.3837  	0.57745  	0.12510  	-0.0686  	0.83566  	0.13500  	0.67837  	0.37948  	0.18065  	0.40918  	-0.8288  	-0.4983  	-0.2332  	-0.1401  	-0.0304  	0.01969  	-0.2091  	0.51620  	0.09131  	0.40405  	0.05078  	-0.4876  	-0.0280  	0.06207  	0.14283  	-0.1299  	0.24814  	0.11336  	-0.0278  	0.00909  	0.02612  	0.03838  	-0.1207  	-0.1053  	-0.0739  	-0.0077  	-0.0307  	-0.0104  	0.01031  	0.01986  	-0.0013  	0.03272  	-0.0271  	-0.0278  	0.01342  	0.03508  	-0.0053  	0.19591  	-0.0401  	-0.0029  	-0.0129  	0.02117  	0.32912  	0.47227  	293.370  	223.447  	
0.61667  	0.01740  	0.00877  	0.03286  	0.81492  	-0.6406  	-0.3784  	0.43096  	0.01835  	-0.5389  	-0.4573  	0.80960  	0.04696  	0.28579  	-0.4466  	-0.1849  	0.45049  	-0.4142  	0.57000  	0.08654  	-0.0714  	0.92998  	0.21184  	0.67440  	0.46560  	0.17927  	0.41919  	-0.9054  	-0.4392  	-0.1898  	-0.1679  	-0.0328  	0.00229  	-0.1896  	0.48706  	0.10255  	0.40834  	0.09484  	-0.4717  	-0.0304  	0.05941  	0.13679  	-0.1076  	0.26354  	0.08773  	-0.0314  	-0.0019  	0.04099  	0.04629  	-0.1361  	-0.1068  	-0.0700  	-0.0005  	-0.0223  	-0.0066  	0.01508  	0.00278  	0.00587  	0.02430  	-0.0333  	-0.0318  	0.02360  	0.04092  	-0.0048  	0.19591  	-0.0401  	-0.0029  	-0.0129  	0.02117  	0.32912  	0.47227  	293.370  	223.447  	
0.59547  	0.04883  	-0.0215  	0.05972  	0.80309  	-0.7150  	-0.4084  	0.45715  	-6.6966  	-0.5203  	-0.3516  	0.75340  	0.01887  	0.13313  	-0.5906  	-0.1276  	0.42031  	-0.4247  	0.61330  	0.04334  	0.03265  	0.93936  	0.19174  	0.64579  	0.51633  	0.15163  	0.50334  	-0.9719  	-0.5175  	-0.2060  	-0.1892  	-0.0136  	-0.0091  	-0.1894  	0.56822  	0.11731  	0.49535  	0.12786  	-0.5039  	-0.0821  	0.01721  	0.15300  	-0.1205  	0.26377  	0.09362  	-0.0337  	-0.0062  	0.02828  	0.04796  	-0.1356  	-0.1113  	-0.0705  	0.00608  	-0.0164  	0.00472  	0.01616  	0.00913  	0.00507  	0.03008  	-0.0280  	-0.0333  	0.02092  	0.04361  	-0.0029  	0.19591  	-0.0401  	-0.0029  	-0.0129  	0.02117  	0.32912  	0.47227  	293.370  	223.447  	
0.49637  	0.04794  	-0.0265  	-0.1493  	0.72437  	-0.7635  	-0.4174  	0.44618  	-0.0398  	-0.4788  	-0.1762  	0.77300  	-0.0514  	0.03195  	-0.8546  	-0.0622  	0.40047  	-0.3768  	0.64200  	0.13254  	0.03709  	0.86586  	0.12162  	0.67742  	0.52438  	0.12003  	0.51497  	-0.9074  	-0.5337  	-0.2397  	-0.1827  	-0.0162  	-0.0316  	-0.1894  	0.60948  	0.19018  	0.51680  	0.12590  	-0.5241  	-0.0763  	0.03050  	0.15607  	-0.1488  	0.25017  	0.08445  	-0.0252  	-0.0004  	0.01132  	0.03707  	-0.1341  	-0.1006  	-0.0683  	0.00921  	-0.0090  	-0.0057  	0.01510  	0.01043  	0.01039  	0.03242  	-0.0304  	-0.0355  	0.02111  	0.04636  	-0.0101  	0.19591  	-0.0401  	-0.0029  	-0.0129  	0.02117  	0.32912  	0.47227  	293.370  	223.447  	
0.32077  	-0.0316  	-0.1757  	-0.2296  	0.67332  	-0.8934  	-0.4451  	0.35028  	-0.0761  	-0.4447  	0.03793  	0.77466  	-0.1646  	-0.1474  	-1.0703  	-0.0283  	0.39446  	-0.3264  	0.63216  	0.15167  	-0.0574  	0.83159  	0.06782  	0.67056  	0.48944  	0.13510  	0.48939  	-0.8418  	-0.4999  	-0.2339  	-0.2013  	-0.0039  	-0.0212  	-0.2073  	0.57971  	0.23185  	0.46307  	0.09891  	-0.5177  	-0.0795  	0.03162  	0.16132  	-0.1431  	0.24825  	0.11279  	-0.0336  	0.00955  	0.00641  	0.02904  	-0.1393  	-0.0933  	-0.0705  	0.00557  	-0.0126  	0.00247  	0.00049  	0.01986  	0.01095  	0.03025  	-0.0345  	-0.0425  	0.01174  	0.05033  	0.00052  	0.19591  	-0.0401  	-0.0029  	-0.0129  	0.02117  	0.32912  	0.47227  	293.370  	223.447  	
0.19436  	-0.0716  	-0.2147  	-0.3243  	0.58430  	-0.9689  	-0.4782  	0.24910  	-0.0772  	-0.4483  	0.04758  	0.77858  	-0.1958  	-0.2202  	-1.1474  	-0.0467  	0.41253  	-0.3403  	0.64447  	0.13643  	-0.0770  	0.79874  	0.16076  	0.63949  	0.43457  	0.15452  	0.41878  	-0.7973  	-0.4740  	-0.2281  	-0.1875  	-0.0279  	-0.0566  	-0.2080  	0.51745  	0.24882  	0.47005  	0.10521  	-0.5347  	-0.0822  	0.05819  	0.16321  	-0.1480  	0.24588  	0.11227  	-0.0285  	0.01029  	-0.0004  	0.03326  	-0.1360  	-0.0930  	-0.0719  	0.01166  	-0.0083  	0.00411  	-0.0037  	0.01704  	0.00953  	0.03470  	-0.0327  	-0.0476  	0.01443  	0.05739  	0.00128  	0.19591  	-0.0401  	-0.0029  	-0.0129  	0.02117  	0.32912  	0.47227  	293.370  	223.447  	
0.22030  	-0.0566  	-0.1970  	-0.3067  	0.63756  	-0.9263  	-0.4865  	0.26067  	-0.0849  	-0.4749  	0.00041  	0.80812  	-0.1808  	-0.1758  	-1.0992  	-0.0748  	0.40576  	-0.3356  	0.64483  	0.15825  	-0.0734  	0.79087  	0.14723  	0.62591  	0.41934  	0.16110  	0.37535  	-0.7816  	-0.4802  	-0.2426  	-0.1861  	-0.0315  	-0.0469  	-0.1981  	0.52477  	0.24410  	0.47351  	0.10612  	-0.5410  	-0.0870  	0.07639  	0.15428  	-0.1466  	0.24114  	0.10972  	-0.0329  	0.01089  	-0.0094  	0.02467  	-0.1402  	-0.1006  	-0.0696  	0.00789  	-0.0123  	-0.0007  	-0.0002  	0.02134  	0.01271  	0.03337  	-0.0337  	-0.0434  	0.01223  	0.05343  	-0.0004  	0.19591  	-0.0401  	-0.0029  	-0.0129  	0.02117  	0.32912  	0.47227  	293.370  	223.447  	
0.29533  	-0.0369  	-0.1538  	-0.2666  	0.64365  	-0.9095  	-0.4740  	0.31301  	-0.0777  	-0.4965  	-0.0134  	0.79317  	-0.1745  	-0.1273  	-0.9690  	-0.1016  	0.39802  	-0.3374  	0.63448  	0.14755  	-0.0152  	0.79866  	0.16674  	0.63747  	0.40416  	0.16585  	0.36226  	-0.8554  	-0.5117  	-0.2653  	-0.1820  	-0.0155  	-0.0254  	-0.1992  	0.56452  	0.19373  	0.47405  	0.12011  	-0.5456  	-0.0806  	0.08134  	0.14127  	-0.1454  	0.24546  	0.10018  	-0.0317  	0.01530  	-0.0107  	0.01862  	-0.1348  	-0.1052  	-0.0688  	0.00874  	-0.0155  	-0.0044  	-0.0025  	0.02016  	0.01063  	0.02715  	-0.0326  	-0.0387  	0.01796  	0.05115  	-0.0004  	0.19591  	-0.0401  	-0.0029  	-0.0129  	0.02117  	0.32912  	0.47227  	293.370  	223.447  	
0.43818  	0.03296  	-0.0751  	-0.1812  	0.65569  	-0.8304  	-0.4776  	0.40295  	-0.0134  	-0.5776  	-0.0029  	0.81258  	-0.1240  	-0.0112  	-0.8173  	-0.0655  	0.43171  	-0.3852  	0.61681  	0.09300  	0.11792  	0.78668  	0.18134  	0.68529  	0.37364  	0.14893  	0.43084  	-0.9844  	-0.6276  	-0.2718  	-0.1886  	0.01332  	-0.0171  	-0.1924  	0.62674  	0.10240  	0.55636  	0.16434  	-0.5696  	-0.1106  	0.07448  	0.14916  	-0.1361  	0.23267  	0.09625  	-0.0231  	0.00720  	-0.0058  	0.02350  	-0.1228  	-0.1178  	-0.0622  	0.01163  	-0.0067  	0.00137  	0.00575  	0.00788  	0.00719  	0.03233  	-0.0315  	-0.0294  	0.02069  	0.03717  	-0.0050  	0.19591  	-0.0401  	-0.0029  	-0.0129  	0.02117  	0.32912  	0.47227  	293.370  	223.447  	
0.48824  	0.06608  	-0.0533  	-0.1239  	0.65728  	-0.7909  	-0.4627  	0.44611  	0.03144  	-0.6038  	-0.0126  	0.82850  	-0.0965  	0.06899  	-0.7667  	-0.0521  	0.45563  	-0.4259  	0.60736  	0.06918  	0.17827  	0.81175  	0.19782  	0.70411  	0.37129  	0.14983  	0.48279  	-1.0266  	-0.6934  	-0.2661  	-0.1876  	0.01456  	-0.0026  	-0.2022  	0.64687  	0.05434  	0.59093  	0.16688  	-0.5955  	-0.1356  	0.04204  	0.13949  	-0.1423  	0.24133  	0.09356  	-0.0249  	0.00763  	-0.0112  	0.02604  	-0.1246  	-0.1204  	-0.0682  	0.00853  	-0.0090  	-0.0053  	0.01402  	0.00636  	0.00825  	0.02718  	-0.0344  	-0.0304  	0.02394  	0.03859  	-0.0074  	0.19591  	-0.0401  	-0.0029  	-0.0129  	0.02117  	0.32912  	0.47227  	293.370  	223.447  	
0.55679  	0.06634  	-0.0231  	0.03208  	0.77869  	-0.6982  	-0.4184  	0.48512  	0.02552  	-0.5881  	-0.1775  	0.84711  	-0.0279  	0.14695  	-0.6911  	-0.0007  	0.45271  	-0.4130  	0.61596  	0.13258  	0.05468  	0.83625  	0.14617  	0.67451  	0.46293  	0.14686  	0.48851  	-0.8903  	-0.5382  	-0.2182  	-0.2141  	-0.0081  	0.00133  	-0.2000  	0.59220  	0.09571  	0.50443  	0.13430  	-0.5243  	-0.0973  	0.01737  	0.14209  	-0.1312  	0.25767  	0.09956  	-0.0313  	0.00389  	0.01576  	0.03432  	-0.1325  	-0.1072  	-0.0678  	0.00580  	-0.0150  	-0.0015  	0.01287  	0.00863  	0.00318  	0.02872  	-0.0301  	-0.0313  	0.01642  	0.04532  	-0.0010  	0.19591  	-0.0401  	-0.0029  	-0.0129  	0.02117  	0.32912  	0.47227  	293.370  	223.447  	
0.49707  	0.03320  	-0.0829  	0.04757  	0.79385  	-0.7221  	-0.4163  	0.44792  	0.02221  	-0.5438  	-0.2670  	0.84222  	-0.0225  	0.10928  	-0.7080  	-0.0490  	0.45257  	-0.3521  	0.60412  	0.15783  	-0.0814  	0.82437  	0.11537  	0.60157  	0.47119  	0.17044  	0.39579  	-0.7885  	-0.3984  	-0.1992  	-0.2002  	-0.0227  	0.01464  	-0.1928  	0.50998  	0.13844  	0.39386  	0.09737  	-0.4551  	-0.0716  	0.05560  	0.13897  	-0.1165  	0.25669  	0.10131  	-0.0293  	0.00342  	0.02247  	0.04015  	-0.1425  	-0.1058  	-0.0656  	0.00137  	-0.0157  	0.00031  	0.01032  	0.01196  	0.00717  	0.03339  	-0.0324  	-0.0316  	0.01610  	0.05121  	-0.0007  	0.19591  	-0.0401  	-0.0029  	-0.0129  	0.02117  	0.32912  	0.47227  	293.370  	223.447  	
0.37008  	-0.0149  	-0.2057  	-0.0053  	0.81728  	-0.8889  	-0.4003  	0.31985  	-0.0065  	-0.5046  	-0.3279  	0.84277  	0.02294  	0.08852  	-0.7544  	-0.0851  	0.41680  	-0.2776  	0.57661  	0.25556  	-0.2427  	0.79535  	-0.0031  	0.57429  	0.46980  	0.16168  	0.23895  	-0.6399  	-0.2571  	-0.1769  	-0.2038  	-0.0516  	0.01207  	-0.1914  	0.45880  	0.16028  	0.27208  	0.06349  	-0.4350  	-0.0177  	0.08598  	0.13914  	-0.1051  	0.24446  	0.10113  	-0.0263  	0.01161  	0.01234  	0.04100  	-0.1393  	-0.0981  	-0.0748  	-0.0027  	-0.0372  	-0.0015  	0.00737  	0.01553  	0.00370  	0.03256  	-0.0367  	-0.0364  	0.02336  	0.04182  	0.00098  	0.19591  	-0.0401  	-0.0029  	-0.0129  	0.02117  	0.32912  	0.47227  	293.370  	223.447  	
0.06651  	-0.1210  	-0.4036  	-0.1192  	0.84422  	-1.1019  	-0.4003  	0.29741  	-0.0721  	-0.4609  	-0.0441  	0.92211  	-0.0522  	0.08548  	-0.9586  	-0.1765  	0.42026  	-0.2848  	0.60520  	0.26180  	-0.1532  	0.82480  	-0.0215  	0.65361  	0.51185  	0.15971  	0.34390  	-0.6841  	-0.3729  	-0.2195  	-0.1664  	-0.1016  	0.01437  	-0.2025  	0.53006  	0.22186  	0.39752  	0.02730  	-0.4432  	-0.0205  	0.04105  	0.17447  	-0.1782  	0.22867  	0.12038  	-0.0312  	0.00489  	-0.0029  	0.02354  	-0.1286  	-0.1093  	-0.0752  	-0.0118  	-0.0180  	-0.0086  	0.01301  	0.01748  	0.00417  	0.03807  	-0.0239  	-0.0451  	0.01904  	0.03088  	-0.0021  	0.19591  	-0.0401  	-0.0029  	-0.0129  	0.02117  	0.32912  	0.47227  	293.370  	223.447  	
-0.1558  	-0.2008  	-0.4958  	-0.1971  	0.87134  	-1.2434  	-0.4488  	0.23238  	-0.0931  	-0.4444  	-0.0006  	0.93311  	-0.1197  	-0.1444  	-0.9794  	-0.2291  	0.41166  	-0.2823  	0.59328  	0.28455  	-0.1611  	0.75321  	0.06635  	0.64712  	0.42431  	0.17773  	0.29484  	-0.6410  	-0.3584  	-0.2297  	-0.1617  	-0.0928  	0.00850  	-0.1868  	0.51059  	0.21468  	0.31960  	0.03894  	-0.4592  	-0.0380  	0.03699  	0.17969  	-0.1982  	0.22197  	0.11222  	-0.0371  	0.00930  	-0.0204  	0.03207  	-0.1414  	-0.0992  	-0.0728  	-0.0044  	-0.0112  	-0.0075  	0.00040  	0.02560  	0.00439  	0.03485  	-0.0274  	-0.0380  	0.01299  	0.03951  	-0.0013  	0.19591  	-0.0401  	-0.0029  	-0.0129  	0.02117  	0.32912  	0.47227  	293.370  	223.447  	
-0.0967  	-0.1658  	-0.4137  	-0.3189  	0.78971  	-1.2165  	-0.4389  	0.26329  	-0.0848  	-0.4125  	0.00524  	0.91255  	-0.1311  	-0.1517  	-1.0305  	-0.2463  	0.42056  	-0.2841  	0.61485  	0.28472  	-0.1663  	0.79062  	0.07943  	0.59615  	0.46645  	0.19330  	0.30170  	-0.6681  	-0.3725  	-0.2139  	-0.1798  	-0.0960  	-0.0296  	-0.1763  	0.48102  	0.22623  	0.35427  	0.05324  	-0.4484  	-0.0588  	0.06407  	0.15256  	-0.1874  	0.23407  	0.11446  	-0.0355  	0.01187  	-0.0143  	0.03021  	-0.1414  	-0.0893  	-0.0733  	-0.0058  	-0.0148  	-0.0081  	0.01372  	0.02302  	0.01108  	0.02871  	-0.0278  	-0.0359  	0.00236  	0.04549  	-0.0075  	0.19591  	-0.0401  	-0.0029  	-0.0129  	0.02117  	0.32912  	0.47227  	293.370  	223.447  	
0.03119  	-0.1468  	-0.3388  	-0.3613  	0.66513  	-1.0002  	-0.5188  	0.25187  	-0.0991  	-0.4877  	-0.0727  	0.75661  	-0.1929  	-0.3123  	-1.1045  	-0.1490  	0.45508  	-0.2890  	0.65546  	0.21641  	-0.1423  	0.78559  	0.16185  	0.58669  	0.51243  	0.17916  	0.32012  	-0.6905  	-0.3586  	-0.2160  	-0.1882  	-0.0604  	-0.0604  	-0.2065  	0.36371  	0.22324  	0.37276  	0.08830  	-0.4691  	-0.0629  	0.08429  	0.13065  	-0.1476  	0.26448  	0.10770  	-0.0341  	0.01054  	-0.0180  	0.00753  	-0.1315  	-0.1064  	-0.0673  	-0.0022  	-0.0214  	0.00245  	-0.0036  	0.02680  	0.00907  	0.02806  	-0.0313  	-0.0405  	0.00545  	0.04951  	0.00537  	0.19591  	-0.0401  	-0.0029  	-0.0129  	0.02117  	0.32912  	0.47227  	293.370  	223.447  	
0.17846  	-0.1233  	-0.2706  	-0.2126  	0.73239  	-0.9533  	-0.5106  	0.22353  	-0.1092  	-0.4762  	-0.1703  	0.85795  	-0.1959  	-0.3886  	-1.0922  	-0.0269  	0.44604  	-0.2494  	0.63517  	0.29809  	-0.2715  	0.77134  	0.08289  	0.58015  	0.48916  	0.17904  	0.28676  	-0.5811  	-0.3137  	-0.2121  	-0.1885  	-0.0595  	-0.0679  	-0.1897  	0.39799  	0.28020  	0.30324  	0.06931  	-0.4402  	-0.0105  	0.09650  	0.12594  	-0.1283  	0.27641  	0.10716  	-0.0271  	0.01122  	-0.0027  	0.02887  	-0.1403  	-0.0934  	-0.0674  	0.00560  	-0.0215  	0.00968  	-0.0043  	0.02937  	0.02007  	0.03372  	-0.0361  	-0.0421  	0.00622  	0.04793  	-0.0003  	0.19591  	-0.0401  	-0.0029  	-0.0129  	0.02117  	0.32912  	0.47227  	293.370  	223.447  	
0.27501  	-0.0946  	-0.1538  	-0.0534  	0.83558  	-0.9485  	-0.4669  	0.28866  	-0.0931  	-0.4239  	-0.1993  	0.86257  	-0.1003  	-0.3742  	-1.0291  	-0.0135  	0.48899  	-0.4258  	0.71115  	0.00347  	-0.2322  	0.57195  	-0.2905  	0.58073  	0.53812  	0.24569  	0.37514  	-0.6456  	-0.1924  	-0.1876  	-0.1143  	-0.0631  	-0.1724  	-0.3608  	0.37672  	0.33009  	0.21709  	0.06956  	-0.5539  	-0.1103  	0.14220  	0.29263  	-0.2488  	0.34525  	0.04498  	-0.0120  	-0.0232  	0.03057  	0.02357  	-0.1596  	-0.0764  	-0.0643  	0.01065  	-0.0045  	0.01451  	0.00293  	0.02693  	0.00028  	0.03761  	-0.0211  	-0.0358  	-0.0052  	0.03530  	0.00043  	0.19591  	-0.0401  	-0.0029  	-0.0129  	0.02117  	0.32912  	0.47227  	293.370  	223.447  	
0.20250  	-0.0443  	-0.1696  	-0.0204  	0.79312  	-1.0067  	-0.4899  	0.34539  	-0.1222  	-0.4693  	-0.2276  	0.86070  	-0.0386  	-0.2718  	-0.8979  	-0.2111  	0.60344  	-0.5555  	0.73293  	-0.2080  	-0.1845  	0.39458  	-0.4248  	0.56875  	0.39569  	0.34044  	0.32652  	-0.7714  	-0.0959  	-0.2265  	-0.0220  	-0.1165  	-0.2182  	-0.4720  	0.31422  	0.25405  	0.10462  	0.05452  	-0.6294  	-0.1569  	0.22367  	0.38154  	-0.3439  	0.40082  	-0.0023  	0.00817  	-0.0323  	0.04740  	0.00613  	-0.1643  	-0.0819  	-0.0627  	0.00450  	0.00896  	0.02173  	-0.0002  	0.01637  	-0.0077  	0.03989  	-0.0147  	-0.0272  	-0.0043  	0.02070  	0.00171  	0.19591  	-0.0401  	-0.0029  	-0.0129  	0.02117  	0.32912  	0.47227  	293.370  	223.447  	
0.14999  	-0.0534  	-0.3324  	-0.0527  	0.84337  	-1.1004  	-0.4722  	0.37773  	-0.1375  	-0.4789  	-0.2073  	0.89029  	0.07376  	-0.1168  	-0.7600  	-0.2945  	0.57848  	-0.6202  	0.71831  	-0.2749  	-0.1618  	0.36581  	-0.4911  	0.57762  	0.42745  	0.33964  	0.29290  	-0.7776  	-0.0774  	-0.2173  	0.05773  	-0.1739  	-0.2279  	-0.5319  	0.32400  	0.18931  	0.06576  	0.03101  	-0.6515  	-0.1637  	0.23398  	0.41038  	-0.3707  	0.38720  	-0.0214  	0.01236  	-0.0406  	0.03480  	0.00062  	-0.1500  	-0.0788  	-0.0709  	0.00768  	0.01163  	0.01645  	0.00373  	0.02054  	-0.0174  	0.03856  	-0.0124  	-0.0332  	0.01321  	0.01091  	0.00657  	0.19591  	-0.0401  	-0.0029  	-0.0129  	0.02117  	0.32912  	0.47227  	293.370  	223.447  	
-0.1211  	-0.0947  	-0.4158  	-0.1623  	0.79558  	-1.2635  	-0.5438  	0.37104  	-0.1106  	-0.4669  	-0.0218  	0.90163  	-0.0064  	-0.1718  	-0.8884  	-0.3399  	0.59044  	-0.5920  	0.73163  	-0.2012  	-0.0338  	0.37175  	-0.4432  	0.64461  	0.36270  	0.36497  	0.31223  	-0.8408  	-0.2243  	-0.2547  	0.07956  	-0.1632  	-0.1670  	-0.4804  	0.39375  	0.16628  	0.18949  	0.04718  	-0.6598  	-0.2011  	0.17932  	0.39641  	-0.3923  	0.35305  	0.01311  	-0.0019  	-0.0352  	0.02536  	-0.0070  	-0.1562  	-0.0973  	-0.0607  	0.00470  	0.01716  	0.00622  	-0.0026  	0.02301  	-0.0134  	0.04424  	-0.0037  	-0.0271  	0.00397  	0.01618  	0.00392  	0.19591  	-0.0401  	-0.0029  	-0.0129  	0.02117  	0.32912  	0.47227  	293.370  	223.447  	
-0.2206  	-0.1406  	-0.4208  	-0.4634  	0.68428  	-1.3168  	-0.5166  	0.27456  	-0.1128  	-0.4096  	0.09900  	0.84542  	-0.0937  	-0.2839  	-1.0595  	-0.3144  	0.50380  	-0.4508  	0.67692  	0.01374  	-0.0688  	0.54662  	-0.1773  	0.60375  	0.34156  	0.30195  	0.29154  	-0.7741  	-0.3163  	-0.2714  	-0.0301  	-0.1116  	-0.1174  	-0.3382  	0.38611  	0.20133  	0.26173  	0.07725  	-0.5824  	-0.1478  	0.17383  	0.26605  	-0.2970  	0.30939  	0.04565  	-0.0150  	-0.0130  	-0.0064  	-0.0007  	-0.1559  	-0.0963  	-0.0675  	0.00478  	0.00588  	0.00291  	0.00508  	0.01711  	-0.0024  	0.03245  	-0.0196  	-0.0273  	0.01498  	0.02354  	0.00037  	0.19591  	-0.0401  	-0.0029  	-0.0129  	0.02117  	0.32912  	0.47227  	293.370  	223.447  	
-0.2200  	-0.1656  	-0.3515  	-0.7371  	0.47795  	-1.2002  	-0.4451  	0.17469  	-0.1045  	-0.3151  	0.03906  	0.67478  	-0.1861  	-0.3319  	-1.2926  	-0.2521  	0.46016  	-0.2857  	0.61614  	0.23862  	-0.2291  	0.79479  	0.13865  	0.56482  	0.50259  	0.20260  	0.30569  	-0.6969  	-0.3489  	-0.2621  	-0.1445  	-0.0767  	-0.0446  	-0.1966  	0.34145  	0.26540  	0.33632  	0.07687  	-0.4420  	-0.0609  	0.12898  	0.14340  	-0.1379  	0.26098  	0.11782  	-0.0335  	0.01219  	-0.0114  	0.01009  	-0.1287  	-0.1128  	-0.0661  	0.00159  	-0.0143  	-0.0009  	-0.0058  	0.02256  	0.01320  	0.03348  	-0.0330  	-0.0336  	0.01322  	0.04708  	0.00111  	0.19591  	-0.0401  	-0.0029  	-0.0129  	0.02117  	0.32912  	0.47227  	293.370  	223.447  	
0.04835  	-0.1210  	-0.3313  	-0.2824  	0.72638  	-1.0449  	-0.4474  	0.30685  	-0.0388  	-0.4627  	-0.1340  	0.86997  	-0.0984  	-0.1356  	-0.9275  	-0.2041  	0.44269  	-0.3062  	0.59863  	0.25778  	-0.1881  	0.80071  	0.10865  	0.62928  	0.41969  	0.22537  	0.33316  	-0.6812  	-0.3797  	-0.2666  	-0.1702  	-0.0653  	0.01524  	-0.1986  	0.39338  	0.15850  	0.34287  	0.05777  	-0.4625  	-0.0121  	0.07712  	0.15661  	-0.1468  	0.24587  	0.11077  	-0.0303  	0.01585  	-0.0078  	0.01376  	-0.1225  	-0.0991  	-0.0724  	-0.0134  	-0.0173  	-0.0076  	0.00393  	0.02108  	-0.0042  	0.03526  	-0.0342  	-0.0370  	0.01912  	0.03601  	-0.0022  	0.19591  	-0.0401  	-0.0029  	-0.0129  	0.02117  	0.32912  	0.47227  	293.370  	223.447  	
0.54674  	0.05099  	-0.1151  	0.20058  	0.95159  	-0.6755  	-0.4028  	0.40680  	-0.0260  	-0.5425  	-0.6485  	0.72992  	0.11796  	0.29937  	-0.3566  	-0.2658  	0.47529  	-0.3921  	0.61531  	0.08528  	-0.1600  	0.94225  	0.12961  	0.60336  	0.59999  	0.15759  	0.48648  	-0.8244  	-0.2693  	-0.1244  	-0.1823  	-0.0674  	-0.0338  	-0.1835  	0.48788  	0.13927  	0.33670  	0.03592  	-0.3937  	-0.0165  	0.00079  	0.15003  	-0.1234  	0.26355  	0.09955  	-0.0372  	0.00388  	0.03435  	0.05815  	-0.1556  	-0.1026  	-0.0751  	-0.0001  	-0.0249  	-0.0003  	0.01488  	0.00724  	0.00335  	0.02846  	-0.0279  	-0.0319  	0.02362  	0.03966  	-0.0081  	0.19591  	-0.0401  	-0.0029  	-0.0129  	0.02117  	0.32912  	0.47227  	293.370  	223.447  	
0.50429  	0.01646  	-0.2635  	0.53975  	1.15476  	-0.8290  	-0.3998  	0.31131  	-0.0608  	-0.5126  	-0.7089  	0.75657  	0.08996  	0.35993  	-0.3353  	-0.3115  	0.44178  	-0.4005  	0.59343  	0.10671  	-0.3124  	0.93122  	0.04229  	0.58383  	0.71649  	0.13138  	0.54987  	-0.7496  	-0.1963  	-0.0545  	-0.2316  	-0.0600  	-0.0408  	-0.1657  	0.55062  	0.20507  	0.26263  	0.02678  	-0.3954  	0.00960  	-0.0418  	0.17643  	-0.1543  	0.25546  	0.11515  	-0.0344  	0.00288  	0.02367  	0.04559  	-0.1445  	-0.0884  	-0.0753  	0.00612  	-0.0226  	0.00117  	0.02644  	0.01314  	0.00522  	0.03886  	-0.0163  	-0.0308  	0.01240  	0.03753  	-0.0051  	0.19591  	-0.0401  	-0.0029  	-0.0129  	0.02117  	0.32912  	0.47227  	293.370  	223.447  	
0.25351  	-0.1052  	-0.3085  	0.16690  	0.99826  	-1.0159  	-0.4014  	0.27286  	-0.0550  	-0.4584  	-0.3617  	0.89455  	0.00343  	0.16111  	-0.6124  	-0.1890  	0.40196  	-0.3728  	0.58973  	0.24379  	-0.1590  	0.84941  	0.00386  	0.66961  	0.55230  	0.15201  	0.43518  	-0.7201  	-0.3565  	-0.1763  	-0.2213  	-0.0508  	-0.0364  	-0.1711  	0.57160  	0.18033  	0.33470  	0.04422  	-0.4778  	0.01309  	-0.0212  	0.18678  	-0.1672  	0.24352  	0.12288  	-0.0372  	0.00918  	0.00667  	0.04624  	-0.1416  	-0.1044  	-0.0792  	-0.0045  	-0.0163  	-0.0017  	0.00732  	0.02297  	0.00274  	0.04170  	-0.0236  	-0.0413  	0.01535  	0.02997  	0.00484  	0.19591  	-0.0401  	-0.0029  	-0.0129  	0.02117  	0.32912  	0.47227  	293.370  	223.447  	
0.16855  	-0.1763  	-0.2261  	-0.1866  	0.78990  	-0.9303  	-0.4504  	0.21895  	-0.0937  	-0.5365  	-0.1947  	0.82129  	-0.1368  	-0.2956  	-1.0730  	-0.0018  	0.41637  	-0.2996  	0.63266  	0.17592  	-0.2477  	0.79483  	0.06414  	0.63586  	0.49481  	0.15517  	0.43640  	-0.7243  	-0.3992  	-0.2094  	-0.2314  	-0.0028  	-0.0636  	-0.2017  	0.47214  	0.27880  	0.36431  	0.10140  	-0.4874  	-0.0517  	0.07572  	0.15491  	-0.1707  	0.25021  	0.09289  	-0.0365  	0.00583  	-0.0066  	0.02304  	-0.1473  	-0.0970  	-0.0650  	0.00599  	-0.0218  	0.00084  	0.00539  	0.03345  	0.01442  	0.04387  	-0.0392  	-0.0382  	0.00550  	0.05298  	-0.0002  	0.19591  	-0.0401  	-0.0029  	-0.0129  	0.02117  	0.32912  	0.47227  	293.370  	223.447  	
0.25722  	-0.1403  	-0.2048  	-0.0760  	0.83417  	-0.9532  	-0.4432  	0.19042  	-0.1127  	-0.3703  	-0.1584  	0.85438  	-0.1682  	-0.3847  	-1.1494  	0.06569  	0.40809  	-0.2623  	0.63024  	0.26633  	-0.3104  	0.78975  	-0.0085  	0.61921  	0.58411  	0.14727  	0.38911  	-0.6323  	-0.3665  	-0.1830  	-0.2211  	-0.0147  	-0.0908  	-0.2042  	0.45334  	0.34876  	0.33909  	0.08133  	-0.4551  	-0.0233  	0.07348  	0.15289  	-0.1399  	0.25849  	0.11343  	-0.0301  	0.00733  	0.00529  	0.03143  	-0.1456  	-0.0938  	-0.0683  	0.01283  	-0.0208  	0.00503  	-0.0026  	0.02944  	0.00948  	0.03600  	-0.0291  	-0.0403  	-0.0082  	0.05659  	-0.0004  	0.19591  	-0.0401  	-0.0029  	-0.0129  	0.02117  	0.32912  	0.47227  	293.370  	223.447  	
0.25719  	-0.1313  	-0.2336  	-0.0633  	0.82476  	-0.9225  	-0.4175  	0.20333  	-0.1029  	-0.4066  	-0.1911  	0.82991  	-0.1481  	-0.3154  	-1.0921  	0.05042  	0.40178  	-0.2811  	0.62958  	0.25880  	-0.3070  	0.80820  	-0.0422  	0.60820  	0.63068  	0.14026  	0.43747  	-0.5776  	-0.3114  	-0.1655  	-0.2342  	0.00411  	-0.0857  	-0.2000  	0.46159  	0.37142  	0.30461  	0.07091  	-0.4513  	-0.0409  	0.05510  	0.16896  	-0.1347  	0.25442  	0.10796  	-0.0350  	0.00258  	0.01219  	0.03730  	-0.1464  	-0.0789  	-0.0722  	0.00980  	-0.0170  	0.00636  	0.00117  	0.03392  	0.01295  	0.03779  	-0.0297  	-0.0437  	-0.0060  	0.05572  	0.00139  	0.19591  	-0.0401  	-0.0029  	-0.0129  	0.02117  	0.32912  	0.47227  	293.370  	223.447  	
0.46560  	0.01580  	-0.1093  	0.03916  	0.81848  	-0.7727  	-0.4009  	0.34534  	-0.0445  	-0.5137  	-0.3367  	0.83447  	-0.0421  	-0.0110  	-0.7805  	-0.1305  	0.42700  	-0.3500  	0.60269  	0.21381  	-0.1488  	0.85936  	0.06183  	0.60377  	0.55102  	0.12908  	0.44414  	-0.6951  	-0.3314  	-0.1920  	-0.2117  	-0.0359  	-0.0542  	-0.1904  	0.50440  	0.22712  	0.38701  	0.07371  	-0.4731  	-0.0358  	0.05821  	0.14548  	-0.1267  	0.25888  	0.10193  	-0.0354  	0.00148  	0.01942  	0.04698  	-0.1385  	-0.0920  	-0.0737  	0.00152  	-0.0177  	0.00111  	0.01682  	0.02308  	0.00994  	0.03951  	-0.0298  	-0.0384  	0.01474  	0.04768  	0.00086  	0.19591  	-0.0401  	-0.0029  	-0.0129  	0.02117  	0.32912  	0.47227  	293.370  	223.447  	
0.45077  	-0.0064  	-0.1912  	-0.0308  	0.81128  	-0.8756  	-0.3725  	0.35594  	-0.0707  	-0.4795  	-0.2771  	0.67485  	0.04927  	0.23190  	-0.7074  	-0.2678  	0.43756  	-0.3750  	0.59039  	0.19012  	-0.1156  	0.87035  	0.02206  	0.70713  	0.61631  	0.11198  	0.49989  	-0.8405  	-0.4231  	-0.1639  	-0.2019  	-0.0415  	-0.0159  	-0.1712  	0.58175  	0.19615  	0.38204  	0.04690  	-0.4979  	-0.0069  	0.02369  	0.17317  	-0.1648  	0.24989  	0.10006  	-0.0297  	0.00590  	0.00906  	0.03418  	-0.1459  	-0.1030  	-0.0681  	0.00106  	-0.0167  	-0.0060  	0.00656  	0.01789  	0.00321  	0.03102  	-0.0375  	-0.0293  	0.01168  	0.03102  	-0.0102  	0.19591  	-0.0401  	-0.0029  	-0.0129  	0.02117  	0.32912  	0.47227  	293.370  	223.447  	
-0.1314  	-0.1480  	-0.4774  	-0.1799  	0.82480  	-1.1834  	-0.4598  	0.24905  	-0.1038  	-0.4343  	0.02221  	0.89879  	-0.1462  	-0.1345  	-0.8561  	-0.2347  	0.39590  	-0.3097  	0.58595  	0.34454  	-0.0576  	0.76677  	0.02497  	0.67791  	0.42161  	0.18277  	0.30096  	-0.6813  	-0.4247  	-0.2722  	-0.1740  	-0.0680  	0.03407  	-0.1753  	0.53032  	0.18403  	0.37549  	0.04746  	-0.4736  	-0.0132  	0.03581  	0.16374  	-0.1954  	0.23583  	0.11149  	-0.0287  	0.02466  	-0.0172  	0.00713  	-0.1314  	-0.1029  	-0.0707  	-0.0009  	-0.0094  	-0.0066  	-0.0020  	0.02338  	0.00167  	0.03134  	-0.0265  	-0.0316  	0.00330  	0.03716  	-0.0018  	0.19591  	-0.0401  	-0.0029  	-0.0129  	0.02117  	0.32912  	0.47227  	293.370  	223.447  	
-0.1658  	-0.2027  	-0.4312  	-0.3344  	0.77681  	-1.2816  	-0.4770  	0.30292  	-0.1117  	-0.4389  	0.10862  	0.91104  	-0.0912  	-0.2341  	-0.9660  	-0.3087  	0.48799  	-0.4759  	0.65130  	0.05115  	-0.0498  	0.52277  	-0.2237  	0.64367  	0.35277  	0.29584  	0.30450  	-0.7708  	-0.3346  	-0.2731  	-0.0356  	-0.1299  	-0.1061  	-0.3429  	0.45445  	0.17421  	0.25328  	0.06093  	-0.5945  	-0.1470  	0.11789  	0.29181  	-0.2941  	0.31184  	0.05803  	-0.0157  	0.00034  	-0.0107  	-0.0039  	-0.1452  	-0.0938  	-0.0656  	-0.0008  	0.00042  	0.00131  	-0.0034  	0.02260  	-0.0032  	0.02850  	-0.0250  	-0.0291  	0.00375  	0.03294  	-0.0017  	0.19591  	-0.0401  	-0.0029  	-0.0129  	0.02117  	0.32912  	0.47227  	293.370  	223.447  	
-0.0100  	-0.1254  	-0.2549  	-0.3530  	0.67651  	-1.1225  	-0.4953  	0.36241  	-0.1003  	-0.4439  	-0.0088  	0.83511  	0.01063  	-0.2393  	-0.8627  	-0.3599  	0.63223  	-0.6101  	0.71082  	-0.1780  	-0.0348  	0.37435  	-0.3536  	0.61967  	0.33593  	0.37919  	0.25692  	-0.8315  	-0.2420  	-0.2832  	0.06497  	-0.1751  	-0.1769  	-0.4779  	0.31380  	0.16113  	0.15057  	0.05389  	-0.6660  	-0.1892  	0.23664  	0.37974  	-0.3482  	0.38145  	-0.0053  	0.00477  	-0.0272  	0.03126  	-0.0076  	-0.1588  	-0.0981  	-0.0613  	0.00423  	0.01475  	0.00624  	-0.0111  	0.01967  	-0.0144  	0.03196  	-0.0134  	-0.0227  	0.01342  	0.01881  	0.00198  	0.19591  	-0.0401  	-0.0029  	-0.0129  	0.02117  	0.32912  	0.47227  	293.370  	223.447  	
0.01239  	-0.0630  	-0.2222  	-0.3399  	0.65262  	-1.0994  	-0.5112  	0.40851  	-0.1093  	-0.4554  	-0.1171  	0.85068  	0.00215  	-0.2700  	-0.9184  	-0.3510  	0.62856  	-0.5855  	0.74470  	-0.2255  	-0.1015  	0.37989  	-0.4118  	0.55121  	0.31370  	0.40548  	0.21404  	-0.7549  	-0.1273  	-0.2755  	0.09481  	-0.1841  	-0.2216  	-0.5070  	0.18053  	0.16213  	0.07208  	0.03371  	-0.6247  	-0.2066  	0.28033  	0.38663  	-0.3404  	0.40741  	-0.0205  	0.01151  	-0.0401  	0.04841  	0.00076  	-0.1585  	-0.0934  	-0.0624  	0.00036  	0.01518  	0.00572  	-0.0082  	0.01351  	-0.0219  	0.03530  	-0.0161  	-0.0263  	0.01164  	0.01630  	0.00340  	0.19591  	-0.0401  	-0.0029  	-0.0129  	0.02117  	0.32912  	0.47227  	293.370  	223.447  	
0.13110  	-0.0501  	-0.2717  	0.07120  	0.89432  	-1.0156  	-0.5170  	0.40389  	-0.1029  	-0.5449  	-0.2424  	0.98336  	0.00465  	-0.1998  	-0.7106  	-0.2811  	0.62750  	-0.5561  	0.74246  	-0.1996  	-0.1542  	0.39871  	-0.3873  	0.53469  	0.33311  	0.39206  	0.21201  	-0.6735  	-0.0932  	-0.2455  	0.01824  	-0.1720  	-0.1935  	-0.4694  	0.26425  	0.14099  	0.07420  	0.05094  	-0.6160  	-0.1900  	0.25390  	0.35261  	-0.3255  	0.40050  	0.00485  	0.00964  	-0.0223  	0.03994  	-0.0016  	-0.1614  	-0.0920  	-0.0659  	-0.0001  	0.00630  	0.01222  	-0.0126  	0.01430  	-0.0116  	0.03682  	-0.0202  	-0.0345  	1.17309  	0.01360  	-0.0015  	0.19591  	-0.0401  	-0.0029  	-0.0129  	0.02117  	0.32912  	0.47227  	293.370  	223.447  	
0.20669  	-0.0316  	-0.2621  	0.11842  	0.90523  	-0.9085  	-0.5129  	0.39578  	-0.0495  	-0.6023  	-0.3435  	0.99328  	-0.0299  	-0.0585  	-0.6259  	-0.2287  	0.56630  	-0.4651  	0.66850  	-0.0121  	-0.1258  	0.58653  	-0.1890  	0.54663  	0.37335  	0.30167  	0.25965  	-0.6389  	-0.2032  	-0.2087  	-0.1075  	-0.1141  	-0.1212  	-0.3410  	0.38451  	0.16611  	0.16753  	0.05915  	-0.5129  	-0.1123  	0.13794  	0.25972  	-0.2554  	0.32976  	0.04346  	-0.0106  	-0.0104  	0.02447  	0.01906  	-0.1586  	-0.0909  	-0.0671  	0.00612  	-0.0008  	0.00679  	-0.0030  	0.01568  	-0.0025  	0.04521  	-0.0212  	-0.0367  	0.00832  	0.01964  	-0.0012  	0.19591  	-0.0401  	-0.0029  	-0.0129  	0.02117  	0.32912  	0.47227  	293.370  	223.447  	
0.23499  	-0.0425  	-0.2615  	-0.0206  	0.80121  	-0.8414  	-0.4915  	0.29872  	-0.0429  	-0.5669  	-0.3193  	0.87874  	-0.0860  	-0.0804  	-0.7840  	-0.1674  	0.46693  	-0.3057  	0.62880  	0.27449  	-0.1952  	0.82748  	0.04960  	0.59183  	0.51789  	0.18523  	0.29823  	-0.5831  	-0.3370  	-0.1889  	-0.2196  	-0.0507  	-0.0239  	-0.1678  	0.47483  	0.21311  	0.32270  	0.06596  	-0.4433  	-0.0487  	0.05001  	0.14226  	-0.1416  	0.24093  	0.10606  	-0.0309  	0.01323  	0.00513  	0.03456  	-0.1447  	-0.0924  	-0.0722  	-0.0009  	-0.0231  	-0.0048  	0.00471  	0.02448  	0.01253  	0.03703  	-0.0423  	-0.0415  	0.01143  	0.03054  	-0.0011  	0.19591  	-0.0401  	-0.0029  	-0.0129  	0.02117  	0.32912  	0.47227  	293.370  	223.447  	
0.31841  	-0.0243  	-0.1725  	-0.0796  	0.80580  	-0.8706  	-0.4784  	0.31377  	-0.0439  	-0.4877  	-0.1860  	0.88801  	-0.1197  	-0.1341  	-0.9432  	-0.0053  	0.40152  	-0.2909  	0.63374  	0.23935  	-0.1241  	0.79418  	0.02460  	0.59217  	0.46515  	0.15178  	0.33265  	-0.7176  	-0.4038  	-0.2083  	-0.2225  	-0.0252  	-0.0085  	-0.1726  	0.52171  	0.22201  	0.39470  	0.09889  	-0.4731  	-0.0440  	0.07344  	0.15156  	-0.1399  	0.24304  	0.10681  	-0.0227  	0.00447  	-0.0021  	0.03230  	-0.1503  	-0.1054  	-0.0707  	0.00390  	-0.0185  	-0.0012  	0.00381  	0.02121  	0.01316  	0.03467  	-0.0360  	-0.0414  	0.00627  	0.04229  	-0.0033  	0.19591  	-0.0401  	-0.0029  	-0.0129  	0.02117  	0.32912  	0.47227  	293.370  	223.447  	
0.27417  	-0.0723  	-0.1980  	-0.1878  	0.76376  	-0.9206  	-0.4650  	0.26943  	-0.0707  	-0.4038  	-0.0770  	0.83296  	-0.1377  	-0.2115  	-1.1184  	0.01985  	0.39066  	-0.2819  	0.62831  	0.26526  	-0.1504  	0.78252  	0.03035  	0.59343  	0.49662  	0.15275  	0.36052  	-0.6873  	-0.4061  	-0.2185  	-0.2047  	-0.0265  	-0.0369  	-0.1887  	0.51702  	0.27853  	0.39404  	0.07891  	-0.4885  	-0.0654  	0.05688  	0.15290  	-0.1376  	0.25200  	0.11933  	-0.0286  	0.00807  	-0.0005  	0.03263  	-0.1436  	-0.0901  	-0.0689  	0.01144  	-0.0226  	0.00023  	0.00154  	0.02788  	0.01182  	0.03566  	-0.0365  	-0.0399  	-0.0052  	0.05364  	-0.0015  	0.19591  	-0.0401  	-0.0029  	-0.0129  	0.02117  	0.32912  	0.47227  	293.370  	223.447  	
0.25222  	-0.0802  	-0.1906  	-0.2599  	0.67226  	-0.9264  	-0.4722  	0.26034  	-0.0724  	-0.4185  	-0.0191  	0.80551  	-0.1835  	-0.2282  	-1.1463  	-0.0013  	0.40249  	-0.3087  	0.64446  	0.20751  	-0.1169  	0.78981  	0.08730  	0.60767  	0.47831  	0.14947  	0.39410  	-0.7322  	-0.4196  	-0.2287  	-0.2044  	-0.0125  	-0.0491  	-0.1960  	0.52297  	0.27913  	0.43094  	0.08903  	-0.5014  	-0.0750  	0.06096  	0.15476  	-0.1335  	0.25340  	0.11380  	-0.0326  	0.00906  	-0.0052  	0.03126  	-0.1384  	-0.0893  	-0.0760  	0.00699  	-0.0158  	0.00281  	0.00431  	0.02615  	0.00960  	0.03298  	-0.0352  	-0.0435  	0.00525  	0.05427  	0.00479  	0.19591  	-0.0401  	-0.0029  	-0.0129  	0.02117  	0.32912  	0.47227  	293.370  	223.447  	
0.21487  	-0.0729  	-0.2043  	-0.2981  	0.64671  	-0.9177  	-0.4664  	0.22809  	-0.0861  	-0.4776  	-0.0409  	0.79130  	-0.1785  	-0.1898  	-1.0942  	-0.0782  	0.41036  	-0.3336  	0.63171  	0.19281  	-0.1269  	0.79384  	0.11984  	0.60589  	0.45123  	0.15891  	0.35696  	-0.7326  	-0.4403  	-0.2396  	-0.1882  	-0.0363  	-0.0571  	-0.1909  	0.51577  	0.26761  	0.44336  	0.09132  	-0.5112  	-0.0756  	0.07694  	0.15331  	-0.1428  	0.24591  	0.11204  	-0.0316  	0.01304  	-0.0032  	0.02762  	-0.1385  	-0.0967  	-0.0702  	0.00592  	-0.0153  	0.00208  	0.00271  	0.02362  	0.01134  	0.02915  	-0.0343  	-0.0455  	0.00968  	0.05258  	0.00123  	0.19591  	-0.0401  	-0.0029  	-0.0129  	0.02117  	0.32912  	0.47227  	293.370  	223.447  	
0.26780  	-0.0455  	-0.1789  	-0.2783  	0.63705  	-0.8987  	-0.4566  	0.28065  	-0.0849  	-0.5135  	-0.0359  	0.77130  	-0.1808  	-0.1374  	-0.9513  	-0.1198  	0.39739  	-0.3415  	0.63205  	0.17321  	-0.0574  	0.81037  	0.14896  	0.62554  	0.43785  	0.16132  	0.35495  	-0.8008  	-0.4816  	-0.2639  	-0.1822  	-0.0240  	-0.0437  	-0.2013  	0.54760  	0.21839  	0.46512  	0.10674  	-0.5316  	-0.0802  	0.08614  	0.14410  	-0.1493  	0.24715  	0.10263  	-0.0328  	0.01269  	-0.0122  	0.01961  	-0.1377  	-0.1076  	-0.0676  	0.00813  	-0.0167  	-0.0042  	-0.0016  	0.02489  	0.01125  	0.02576  	-0.0343  	-0.0387  	0.01651  	0.05186  	0.00103  	0.19591  	-0.0401  	-0.0029  	-0.0129  	0.02117  	0.32912  	0.47227  	293.370  	223.447  	
0.31417  	-0.0172  	-0.1332  	-0.2422  	0.63974  	-0.8994  	-0.4571  	0.32771  	-0.0547  	-0.5638  	-0.0272  	0.78557  	-0.1775  	-0.1034  	-0.8447  	-0.1061  	0.41209  	-0.3523  	0.61683  	0.14094  	0.03323  	0.79315  	0.16867  	0.65567  	0.40186  	0.15760  	0.35952  	-0.9036  	-0.5282  	-0.2682  	-0.1767  	-0.0031  	-0.0288  	-0.1942  	0.57483  	0.15028  	0.49196  	0.14060  	-0.5522  	-0.0868  	0.08514  	0.14251  	-0.1597  	0.23688  	0.09195  	-0.0272  	0.00607  	-0.0150  	0.01437  	-0.1329  	-0.1150  	-0.0623  	0.01045  	-0.0113  	0.00019  	-0.0001  	0.01547  	0.00685  	0.02734  	-0.0327  	-0.0310  	0.01619  	0.04202  	0.00095  	0.19591  	-0.0401  	-0.0029  	-0.0129  	0.02117  	0.32912  	0.47227  	293.370  	223.447  	
0.41725  	0.02881  	-0.0928  	-0.1484  	0.65497  	-0.8241  	-0.4698  	0.41351  	0.00295  	-0.5908  	-0.0393  	0.78659  	-0.1135  	0.00193  	-0.7639  	-0.0847  	0.45175  	-0.3909  	0.61142  	0.08835  	0.13003  	0.80043  	0.17120  	0.68961  	0.39015  	0.15624  	0.45000  	-0.9836  	-0.6296  	-0.2688  	-0.1895  	0.00761  	-0.0101  	-0.1975  	0.62263  	0.08594  	0.55952  	0.15918  	-0.5864  	-0.1137  	0.05851  	0.14368  	-0.1476  	0.23760  	0.09889  	-0.0233  	0.01071  	-0.0161  	0.01873  	-0.1249  	-0.1163  	-0.0648  	0.00961  	-0.0098  	-0.0025  	0.00609  	0.00580  	0.00946  	0.03113  	-0.0339  	-0.0293  	0.02234  	0.03898  	-0.0066  	0.19591  	-0.0401  	-0.0029  	-0.0129  	0.02117  	0.32912  	0.47227  	293.370  	223.447  	
0.52177  	0.07281  	-0.0323  	-0.0909  	0.66076  	-0.7556  	-0.4548  	0.47784  	0.05300  	-0.6289  	-0.0474  	0.83899  	-0.0896  	0.07912  	-0.7116  	-0.0361  	0.46541  	-0.4362  	0.61498  	0.06669  	0.18768  	0.82904  	0.21779  	0.70537  	0.39030  	0.14736  	0.50805  	-1.0356  	-0.6909  	-0.2618  	-0.1916  	0.00925  	-0.0010  	-0.2074  	0.64398  	0.04832  	0.60635  	0.16909  	-0.5845  	-0.1326  	0.03158  	0.13961  	-0.1406  	0.24324  	0.09521  	-0.0263  	0.00672  	-0.0037  	0.02719  	-0.1262  	-0.1188  	-0.0677  	0.00581  	-0.0090  	-0.0046  	0.01591  	0.00772  	0.00824  	0.02720  	-0.0309  	-0.0309  	0.02196  	0.03961  	-0.0049  	0.19591  	-0.0401  	-0.0029  	-0.0129  	0.02117  	0.32912  	0.47227  	293.370  	223.447  	
0.69699  	0.06102  	0.03048  	0.00112  	0.77884  	-0.7161  	-0.3993  	0.41897  	0.00246  	-0.4298  	-0.3594  	0.64059  	0.08688  	0.21009  	-0.6821  	-0.1673  	0.43682  	-0.3998  	0.62542  	0.03985  	-0.0921  	0.92434  	0.16696  	0.65502  	0.68225  	0.11955  	0.55933  	-0.9806  	-0.4227  	-0.1419  	-0.1614  	-0.0469  	-0.0619  	-0.2036  	0.51429  	0.15202  	0.42238  	0.09599  	-0.4343  	-0.0456  	0.03467  	0.14544  	-0.0973  	0.28316  	0.08163  	-0.0285  	-0.0252  	0.05542  	0.06205  	-0.1494  	-0.0986  	-0.0676  	0.01004  	-0.0169  	0.00288  	0.03381  	0.00452  	-0.0030  	0.02706  	-0.0204  	-0.0319  	0.02043  	0.04279  	-0.0059  	0.19591  	-0.0401  	-0.0029  	-0.0129  	0.02117  	0.32912  	0.47227  	293.370  	223.447  	
0.49272  	0.03122  	-0.1446  	-0.2017  	0.77035  	-0.9721  	-0.3345  	0.33931  	-0.0425  	-0.3327  	-0.4560  	0.46140  	0.12975  	0.38237  	-0.5782  	-0.3829  	0.46467  	-0.5006  	0.57199  	0.09586  	-0.1710  	1.00281  	0.02269  	0.73571  	0.79304  	0.11511  	0.71491  	-1.0078  	-0.3871  	-0.1035  	-0.1581  	-0.0472  	-0.0684  	-0.1819  	0.57885  	0.20391  	0.39338  	0.05537  	-0.4500  	0.00463  	-0.0061  	0.15957  	-0.1398  	0.25965  	0.10107  	-0.0419  	0.01005  	0.03968  	0.06045  	-0.1387  	-0.1016  	-0.0777  	-0.0108  	-0.0142  	-0.0027  	0.00930  	0.00582  	0.00535  	0.02662  	-0.0224  	-0.0345  	0.02393  	0.05137  	-0.0003  	0.19591  	-0.0401  	-0.0029  	-0.0129  	0.02117  	0.32912  	0.47227  	293.370  	223.447  	
0.08377  	-0.0871  	-0.4067  	-0.2062  	0.79738  	-1.1733  	-0.4238  	0.34315  	-0.0719  	-0.4316  	-0.1830  	0.75956  	-0.0358  	0.12085  	-0.8269  	-0.2407  	0.41167  	-0.3517  	0.57182  	0.22201  	-0.0431  	0.80185  	-0.0179  	0.71583  	0.44918  	0.16548  	0.51724  	-0.8614  	-0.4279  	-0.1810  	-0.1787  	-0.0632  	-0.0226  	-0.1842  	0.59543  	0.14250  	0.36581  	0.05726  	-0.5392  	0.00327  	-0.0352  	0.20054  	-0.1613  	0.24982  	0.09357  	-0.0404  	0.02475  	-0.0099  	0.02673  	-0.1475  	-0.0973  	-0.0728  	-0.0168  	-0.0098  	-0.0033  	0.00472  	0.00892  	-0.0075  	0.01803  	-0.0274  	-0.0464  	0.01617  	0.01461  	-0.0134  	0.19591  	-0.0401  	-0.0029  	-0.0129  	0.02117  	0.32912  	0.47227  	293.370  	223.447  	
-0.2955  	-0.2430  	-0.4833  	-0.4341  	0.66308  	-1.3535  	-0.5014  	0.25969  	-0.1171  	-0.3866  	0.13273  	0.81074  	-0.1733  	-0.1974  	-1.1059  	-0.3143  	0.39622  	-0.2992  	0.59652  	0.26769  	-0.0899  	0.76536  	0.10823  	0.65717  	0.31791  	0.18502  	0.29528  	-0.7678  	-0.4684  	-0.2774  	-0.1469  	-0.0609  	-0.0021  	-0.1872  	0.50922  	0.17281  	0.39419  	0.08179  	-0.4826  	-0.0526  	0.04871  	0.17040  	-0.1930  	0.22824  	0.11451  	-0.0244  	0.01915  	-0.0193  	0.00811  	-0.1319  	-0.1065  	-0.0708  	0.00326  	-0.0139  	-0.0052  	-0.0069  	0.01114  	0.01003  	0.03145  	-0.0316  	-0.0414  	0.02536  	0.03483  	-0.0017  	0.19591  	-0.0401  	-0.0029  	-0.0129  	0.02117  	0.32912  	0.47227  	293.370  	223.447  	
-0.2262  	-0.1727  	-0.3412  	-0.7164  	0.42636  	-1.2866  	-0.4721  	0.26363  	-0.1234  	-0.3158  	0.15678  	0.68717  	-0.1971  	-0.2637  	-1.2437  	-0.3021  	0.49729  	-0.2930  	0.61876  	0.20714  	-0.1535  	0.81358  	0.15559  	0.62197  	0.47243  	0.19102  	0.35670  	-0.7931  	-0.4252  	-0.2868  	-0.1412  	-0.0782  	-0.0426  	-0.2117  	0.35293  	0.22211  	0.37699  	0.09528  	-0.4297  	-0.0674  	0.10688  	0.14326  	-0.1722  	0.23851  	0.11856  	-0.0197  	0.01126  	-0.0259  	0.01698  	-0.1386  	-0.1152  	-0.0700  	0.00320  	-0.0202  	-0.0011  	-0.0106  	0.01841  	0.00795  	0.03997  	-0.0294  	-0.0303  	0.01402  	0.04886  	0.00255  	0.19591  	-0.0401  	-0.0029  	-0.0129  	0.02117  	0.32912  	0.47227  	293.370  	223.447  	
0.00560  	-0.0954  	-0.2550  	-0.5135  	0.54891  	-1.0470  	-0.5057  	0.25218  	-0.0699  	-0.4225  	-0.0794  	0.74573  	-0.1928  	-0.3439  	-1.2433  	-0.1176  	0.45302  	-0.2712  	0.65514  	0.23239  	-0.1929  	0.77606  	0.18920  	0.53069  	0.41363  	0.20613  	0.25759  	-0.6715  	-0.3798  	-0.2563  	-0.1400  	-0.0318  	-0.0278  	-0.1955  	0.30503  	0.19484  	0.34720  	0.08477  	-0.4104  	-0.0687  	0.17424  	0.12241  	-0.0958  	0.26693  	0.11010  	-0.0340  	0.00615  	-0.0026  	0.02353  	-0.1286  	-0.1044  	-0.0694  	0.00043  	-0.0173  	-0.0033  	-0.0059  	0.01255  	0.00949  	0.03624  	-0.0370  	-0.0341  	0.02300  	0.04833  	0.00308  	0.19591  	-0.0401  	-0.0029  	-0.0129  	0.02117  	0.32912  	0.47227  	293.370  	223.447  	
0.06387  	-0.0601  	-0.2026  	-0.4549  	0.62803  	-1.0738  	-0.4817  	0.23980  	-0.0602  	-0.3818  	-0.1050  	0.78898  	-0.1266  	-0.2508  	-1.2168  	-0.1090  	0.43781  	-0.2832  	0.61826  	0.27296  	-0.2343  	0.79196  	0.14274  	0.52233  	0.39048  	0.20108  	0.20286  	-0.6317  	-0.3251  	-0.2512  	-0.1741  	-0.0765  	-0.0185  	-0.1816  	0.32775  	0.22185  	0.31795  	0.08254  	-0.4080  	-0.0401  	0.17792  	0.13073  	-0.1039  	0.25590  	0.08568  	-0.0378  	0.00628  	0.01859  	0.02542  	-0.1477  	-0.1042  	-0.0718  	-0.0031  	-0.0147  	-0.0038  	-0.0027  	0.01309  	0.00912  	0.02498  	-0.0418  	-0.0350  	0.01618  	0.05265  	0.00259  	0.19591  	-0.0401  	-0.0029  	-0.0129  	0.02117  	0.32912  	0.47227  	293.370  	223.447  	
0.01885  	-0.0873  	-0.3113  	-0.3154  	0.73753  	-1.0446  	-0.4581  	0.27584  	-0.0512  	-0.4432  	0.00975  	0.82688  	-0.1922  	-0.1681  	-1.1749  	-0.0994  	0.42339  	-0.3002  	0.64577  	0.26627  	-0.1151  	0.77130  	0.04445  	0.65121  	0.51087  	0.17109  	0.36115  	-0.7080  	-0.4070  	-0.2347  	-0.1942  	-0.0533  	-0.0377  	-0.1999  	0.49236  	0.25504  	0.39150  	0.08511  	-0.4742  	-0.0531  	0.08408  	0.14251  	-0.1362  	0.24619  	0.10315  	-0.0289  	0.00827  	0.00261  	0.02130  	-0.1324  	-0.0924  	-0.0717  	0.00635  	-0.0171  	-0.0006  	-0.0067  	0.02342  	0.01431  	0.03838  	-0.0332  	-0.0394  	0.01089  	0.05216  	0.00196  	0.19591  	-0.0401  	-0.0029  	-0.0129  	0.02117  	0.32912  	0.47227  	293.370  	223.447  	
-0.1302  	-0.1823  	-0.4469  	-0.2757  	0.76725  	-1.1630  	-0.4727  	0.27074  	-0.0936  	-0.4378  	-0.0261  	0.90295  	-0.1435  	-0.1973  	-0.9928  	-0.2410  	0.41864  	-0.2943  	0.61237  	0.27165  	-0.1238  	0.74943  	0.04970  	0.59591  	0.46975  	0.17644  	0.35172  	-0.6791  	-0.3632  	-0.2204  	-0.2031  	-0.0695  	-0.0366  	-0.1767  	0.50086  	0.21698  	0.33668  	0.05420  	-0.4642  	-0.0432  	0.03299  	0.14686  	-0.1936  	0.23636  	0.12604  	-0.0341  	0.01749  	-0.0196  	0.01277  	-0.1300  	-0.0955  	-0.0756  	0.00259  	-0.0117  	-0.0028  	0.00304  	0.02500  	0.00410  	0.03311  	-0.0279  	-0.0402  	0.00269  	0.04672  	0.00022  	0.19591  	-0.0401  	-0.0029  	-0.0129  	0.02117  	0.32912  	0.47227  	293.370  	223.447  	
-0.0022  	-0.1233  	-0.3367  	-0.3602  	0.67577  	-1.0352  	-0.4831  	0.25929  	-0.0812  	-0.4985  	-0.1045  	0.80667  	-0.1402  	-0.1884  	-0.9889  	-0.2644  	0.46839  	-0.3219  	0.61623  	0.22206  	-0.1316  	0.79528  	0.17034  	0.61364  	0.48618  	0.17484  	0.34466  	-0.7198  	-0.3975  	-0.2136  	-0.1803  	-0.0711  	-0.0521  	-0.1966  	0.44427  	0.20150  	0.35744  	0.07728  	-0.4754  	-0.0522  	0.07963  	0.13654  	-0.1437  	0.24403  	0.11765  	-0.0327  	0.01541  	-0.0166  	0.02159  	-0.1382  	-0.1062  	-0.0697  	-0.0027  	-0.0135  	-0.0105  	-0.0050  	0.02058  	0.00828  	0.03350  	-0.0287  	-0.0361  	0.00744  	0.04862  	-0.0037  	0.19591  	-0.0401  	-0.0029  	-0.0129  	0.02117  	0.32912  	0.47227  	293.370  	223.447  	
0.18031  	-0.0831  	-0.2420  	-0.2946  	0.69214  	-0.9259  	-0.4845  	0.25361  	-0.0698  	-0.4283  	-0.1728  	0.83679  	-0.1546  	-0.2927  	-1.1217  	-0.0738  	0.44816  	-0.2639  	0.62313  	0.26207  	-0.2350  	0.76480  	0.07818  	0.52727  	0.46160  	0.18248  	0.26351  	-0.6218  	-0.3274  	-0.2326  	-0.1849  	-0.0544  	-0.0279  	-0.1829  	0.39127  	0.24999  	0.31104  	0.07769  	-0.4366  	-0.0297  	0.12958  	0.12426  	-0.1114  	0.27057  	0.09990  	-0.0366  	0.00382  	0.00068  	0.02887  	-0.1401  	-0.1043  	-0.0700  	0.00125  	-0.0156  	0.00273  	-0.0013  	0.02464  	0.00836  	0.03413  	-0.0410  	-0.0407  	0.00893  	0.04859  	0.00468  	0.19591  	-0.0401  	-0.0029  	-0.0129  	0.02117  	0.32912  	0.47227  	293.370  	223.447  	
0.13804  	-0.0989  	-0.2258  	-0.3143  	0.68144  	-0.9739  	-0.4721  	0.25337  	-0.0635  	-0.3788  	-0.0912  	0.84696  	-0.1528  	-0.2572  	-1.1755  	-0.0624  	0.41731  	-0.2488  	0.61721  	0.27178  	-0.2300  	0.77089  	0.05342  	0.52574  	0.46069  	0.17496  	0.26717  	-0.5818  	-0.2816  	-0.2199  	-0.1846  	-0.0516  	-0.0411  	-0.1930  	0.40896  	0.28220  	0.30995  	0.06008  	-0.4516  	-0.0262  	0.12135  	0.13838  	-0.1200  	0.26859  	0.09595  	-0.0311  	0.00841  	0.00746  	0.02935  	-0.1449  	-0.0900  	-0.0747  	0.01022  	-0.0225  	0.00448  	0.00057  	0.03000  	0.01226  	0.03807  	-0.0302  	-0.0390  	0.00720  	0.05204  	0.00612  	0.19591  	-0.0401  	-0.0029  	-0.0129  	0.02117  	0.32912  	0.47227  	293.370  	223.447  	
0.06463  	-0.1376  	-0.2778  	-0.2978  	0.63600  	-0.9390  	-0.5195  	0.22678  	-0.1060  	-0.5000  	-0.0466  	0.79954  	-0.2140  	-0.3244  	-1.0780  	-0.0974  	0.45688  	-0.3525  	0.65108  	0.19162  	-0.1359  	0.76188  	0.08976  	0.64471  	0.48219  	0.16894  	0.41702  	-0.7269  	-0.4049  	-0.2249  	-0.1918  	-0.0048  	-0.0571  	-0.2012  	0.49998  	0.26486  	0.42314  	0.08862  	-0.5180  	-0.0680  	0.08232  	0.13597  	-0.1488  	0.25018  	0.10677  	-0.0308  	0.00948  	-0.0168  	0.01719  	-0.1487  	-0.1031  	-0.0689  	0.00863  	-0.0220  	0.00123  	-0.0001  	0.02796  	0.01134  	0.03269  	-0.0350  	-0.0402  	-0.0025  	0.05157  	0.00634  	0.19591  	-0.0401  	-0.0029  	-0.0129  	0.02117  	0.32912  	0.47227  	293.370  	223.447  	
0.52934  	-0.0051  	-0.0884  	-0.1069  	0.74899  	-0.8238  	-0.4277  	0.32529  	-0.0305  	-0.4748  	-0.2594  	0.76575  	0.01155  	0.02750  	-0.6484  	-0.1361  	0.47504  	-0.4188  	0.61103  	0.06029  	0.01335  	0.86784  	0.15289  	0.74430  	0.45819  	0.17154  	0.51686  	-0.9770  	-0.5900  	-0.2210  	-0.1658  	-0.0045  	-0.0453  	-0.2097  	0.61110  	0.14066  	0.52193  	0.08317  	-0.5104  	-0.0314  	0.02099  	0.16061  	-0.1366  	0.23832  	0.10263  	-0.0255  	0.00452  	-0.0040  	0.03745  	-0.1291  	-0.0924  	-0.0658  	0.00392  	-0.0180  	-0.0096  	0.01786  	0.00477  	0.00270  	0.02926  	-0.0308  	-0.0364  	0.02279  	0.03308  	-0.0025  	0.19591  	-0.0401  	-0.0029  	-0.0129  	0.02117  	0.32912  	0.47227  	293.370  	223.447  	
0.68289  	0.06797  	0.04580  	-0.0998  	0.78788  	-0.7492  	-0.3835  	0.44708  	-0.0091  	-0.4370  	-0.4248  	0.72272  	0.05484  	0.19909  	-0.6423  	-0.2248  	0.44740  	-0.4056  	0.62420  	0.01250  	-0.0901  	0.92224  	0.20556  	0.63619  	0.58014  	0.12494  	0.53138  	-0.9537  	-0.4303  	-0.1844  	-0.1595  	-0.0361  	-0.0183  	-0.1987  	0.52613  	0.15669  	0.42063  	0.08485  	-0.4541  	-0.0435  	0.01494  	0.14108  	-0.1064  	0.27144  	0.08053  	-0.0305  	-0.0107  	0.05171  	0.06275  	-0.1480  	-0.0986  	-0.0718  	0.00368  	-0.0213  	-0.0009  	0.02933  	0.00528  	0.00798  	0.02271  	-0.0218  	-0.0282  	0.02127  	0.05058  	-0.0088  	0.19591  	-0.0401  	-0.0029  	-0.0129  	0.02117  	0.32912  	0.47227  	293.370  	223.447  	
0.20947  	-0.0185  	-0.2654  	-0.2446  	0.74086  	-0.9745  	-0.3930  	0.37707  	-0.0758  	-0.4691  	-0.3054  	0.66440  	0.01069  	0.16675  	-0.7524  	-0.2905  	0.46025  	-0.4170  	0.57242  	0.12055  	-0.0263  	0.85742  	0.08918  	0.82733  	0.57917  	0.11279  	0.63044  	-0.9941  	-0.5064  	-0.1717  	-0.1512  	-0.0725  	-0.0452  	-0.2167  	0.64693  	0.16534  	0.46037  	0.06014  	-0.5156  	0.02852  	-0.0034  	0.20918  	-0.1928  	0.22416  	0.09246  	-0.0288  	-0.0069  	-0.0081  	0.01469  	-0.1202  	-0.0981  	-0.0808  	-0.0160  	-0.0100  	-0.0235  	0.02324  	0.00484  	-0.0076  	0.03236  	-0.0257  	-0.0408  	0.04396  	0.03100  	-0.0048  	0.19591  	-0.0401  	-0.0029  	-0.0129  	0.02117  	0.32912  	0.47227  	293.370  	223.447  	
-0.3301  	-0.2279  	-0.5021  	-0.5137  	0.67605  	-1.2604  	-0.4931  	0.23450  	-0.1240  	-0.3937  	0.11188  	0.73636  	-0.1771  	-0.2618  	-0.9674  	-0.3035  	0.45492  	-0.3311  	0.59808  	0.20747  	-0.0203  	0.72415  	0.11189  	0.66169  	0.35110  	0.19210  	0.39773  	-0.8410  	-0.5084  	-0.2466  	-0.1436  	-0.0388  	-0.0146  	-0.1909  	0.55886  	0.16965  	0.42674  	0.10373  	-0.5094  	-0.0430  	0.05451  	0.15972  	-0.1791  	0.23612  	0.12764  	-0.0222  	0.02616  	-0.0498  	-0.0134  	-0.1397  	-0.1222  	-0.0689  	-0.0063  	-0.0121  	-0.0039  	-0.0117  	0.01496  	0.01082  	0.02585  	-0.0337  	-0.0321  	0.01496  	0.04722  	0.00093  	0.19591  	-0.0401  	-0.0029  	-0.0129  	0.02117  	0.32912  	0.47227  	293.370  	223.447  	
-0.2637  	-0.1918  	-0.3585  	-0.7250  	0.48686  	-1.2955  	-0.4655  	0.21123  	-0.1106  	-0.3111  	0.14587  	0.69816  	-0.1896  	-0.2984  	-1.2541  	-0.2866  	0.48603  	-0.2977  	0.60831  	0.20152  	-0.1907  	0.78610  	0.14801  	0.61636  	0.46485  	0.19895  	0.34626  	-0.7783  	-0.3927  	-0.2627  	-0.1336  	-0.0845  	-0.0221  	-0.1999  	0.35479  	0.25847  	0.36639  	0.09022  	-0.4398  	-0.0608  	0.10680  	0.15559  	-0.1755  	0.24113  	0.11368  	-0.0206  	0.01388  	-0.0170  	0.02656  	-0.1416  	-0.1091  	-0.0684  	-0.0001  	-0.0169  	0.00338  	-0.0137  	0.02067  	0.01558  	0.03887  	-0.0270  	-0.0327  	0.01518  	0.05275  	0.00408  	0.19591  	-0.0401  	-0.0029  	-0.0129  	0.02117  	0.32912  	0.47227  	293.370  	223.447  	
-0.2162  	-0.1772  	-0.3593  	-0.7879  	0.43818  	-1.0969  	-0.4725  	0.13301  	-0.1025  	-0.3141  	0.00482  	0.69555  	-0.2216  	-0.4455  	-1.3923  	-0.2546  	0.45323  	-0.2519  	0.64239  	0.19557  	-0.3035  	0.79215  	0.24086  	0.49543  	0.44106  	0.23566  	0.19841  	-0.6118  	-0.2858  	-0.2633  	-0.0849  	-0.0789  	-0.0518  	-0.2010  	0.19971  	0.23810  	0.30262  	0.07071  	-0.4078  	-0.0895  	0.18221  	0.10751  	-0.0749  	0.29108  	0.11787  	-0.0516  	0.00502  	0.00317  	0.02920  	-0.1401  	-0.1091  	-0.0685  	-0.0016  	-0.0174  	-0.0017  	-0.0075  	0.02395  	0.00899  	0.02950  	-0.0362  	-0.0348  	0.00864  	0.05394  	0.00177  	0.19591  	-0.0401  	-0.0029  	-0.0129  	0.02117  	0.32912  	0.47227  	293.370  	223.447  	
-0.2587  	-0.1566  	-0.3700  	-0.6752  	0.51696  	-1.1449  	-0.4883  	0.15692  	-0.0892  	-0.3391  	-0.0687  	0.80323  	-0.1865  	-0.4733  	-1.3593  	-0.1629  	0.47732  	-0.2504  	0.62427  	0.22390  	-0.3455  	0.78374  	0.22127  	0.46415  	0.38367  	0.26181  	0.17988  	-0.5514  	-0.2794  	-0.2848  	-0.0920  	-0.0876  	-0.0405  	-0.1768  	0.20024  	0.25212  	0.25941  	0.04718  	-0.3928  	-0.0905  	0.18329  	0.11686  	-0.0820  	0.27275  	0.11002  	-0.0371  	0.00658  	0.00331  	0.01944  	-0.1408  	-0.1116  	-0.0693  	-0.0008  	-0.0187  	0.00210  	-0.0110  	0.01903  	0.01445  	0.03417  	-0.0347  	-0.0295  	0.02725  	0.05080  	0.00957  	0.19591  	-0.0401  	-0.0029  	-0.0129  	0.02117  	0.32912  	0.47227  	293.370  	223.447  	
-0.3238  	-0.1779  	-0.4373  	-0.6785  	0.50347  	-1.2992  	-0.4805  	0.12898  	-0.1228  	-0.3132  	0.08901  	0.71490  	-0.1976  	-0.4349  	-1.3417  	-0.2367  	0.44453  	-0.2732  	0.62659  	0.24534  	-0.2376  	0.77075  	0.16225  	0.53449  	0.45153  	0.21505  	0.27726  	-0.6322  	-0.3464  	-0.2767  	-0.1392  	-0.0681  	-0.0571  	-0.1847  	0.33843  	0.27076  	0.32888  	0.07737  	-0.4589  	-0.0846  	0.17075  	0.12641  	-0.1329  	0.25998  	0.11626  	-0.0366  	0.01045  	-0.0066  	0.00556  	-0.1377  	-0.1076  	-0.0675  	0.00926  	-0.0160  	-0.0059  	-0.0064  	0.01758  	0.01048  	0.03555  	-0.0271  	-0.0285  	0.01707  	0.04860  	0.00256  	0.19591  	-0.0401  	-0.0029  	-0.0129  	0.02117  	0.32912  	0.47227  	293.370  	223.447  	
-0.2971  	-0.1758  	-0.4014  	-0.6715  	0.51558  	-1.2993  	-0.4823  	0.14776  	-0.1255  	-0.3203  	0.10078  	0.69898  	-0.2172  	-0.4024  	-1.3714  	-0.2370  	0.41753  	-0.2996  	0.60419  	0.26743  	-0.2469  	0.80716  	0.15349  	0.53075  	0.42512  	0.23198  	0.25495  	-0.6471  	-0.3489  	-0.2894  	-0.1300  	-0.0588  	-0.0380  	-0.1844  	0.33758  	0.27846  	0.32457  	0.08138  	-0.4513  	-0.1037  	0.15605  	0.13589  	-0.1389  	0.26238  	0.10803  	-0.0381  	0.01731  	0.00216  	0.01069  	-0.1373  	-0.1077  	-0.0639  	0.00758  	-0.0174  	-0.0020  	-0.0103  	0.01640  	0.01223  	0.03693  	-0.0316  	-0.0318  	0.02206  	0.04952  	0.00439  	0.19591  	-0.0401  	-0.0029  	-0.0129  	0.02117  	0.32912  	0.47227  	293.370  	223.447  	
-0.2724  	-0.1696  	-0.3661  	-0.6045  	0.52351  	-1.1685  	-0.4616  	0.15117  	-0.0964  	-0.3586  	-0.0136  	0.71578  	-0.2156  	-0.4200  	-1.2946  	-0.2005  	0.45066  	-0.2916  	0.61894  	0.22263  	-0.3127  	0.78953  	0.19567  	0.49589  	0.45268  	0.22230  	0.24472  	-0.6279  	-0.2797  	-0.2597  	-0.1401  	-0.0608  	-0.0584  	-0.1815  	0.29094  	0.28139  	0.30875  	0.07188  	-0.4352  	-0.0727  	0.16533  	0.12291  	-0.1195  	0.28527  	0.10917  	-0.0352  	0.01144  	-0.0020  	0.02185  	-0.1368  	-0.1039  	-0.0655  	0.00209  	-0.0174  	0.00356  	-0.0048  	0.01731  	0.01445  	0.03616  	-0.0373  	-0.0310  	0.01803  	0.05432  	0.00343  	0.19591  	-0.0401  	-0.0029  	-0.0129  	0.02117  	0.32912  	0.47227  	293.370  	223.447  	
-0.1491  	-0.1473  	-0.3145  	-0.4574  	0.57611  	-1.0664  	-0.4699  	0.20581  	-0.0789  	-0.4148  	-0.1239  	0.76374  	-0.1587  	-0.3445  	-1.1547  	-0.1683  	0.47303  	-0.2896  	0.60575  	0.20064  	-0.3119  	0.80500  	0.20205  	0.49232  	0.41636  	0.23176  	0.22133  	-0.6219  	-0.2771  	-0.2623  	-0.1401  	-0.0646  	-0.0399  	-0.1803  	0.28818  	0.23070  	0.28542  	0.08384  	-0.4235  	-0.0582  	0.18287  	0.12804  	-0.1063  	0.28337  	0.09682  	-0.0336  	0.00834  	-0.0007  	0.01911  	-0.1364  	-0.1082  	-0.0643  	0.00032  	-0.0185  	0.00382  	-0.0080  	0.01699  	0.00976  	0.03580  	-0.0360  	-0.0316  	0.01968  	0.04940  	0.00401  	0.19591  	-0.0401  	-0.0029  	-0.0129  	0.02117  	0.32912  	0.47227  	293.370  	223.447  	
0.19939  	-0.0301  	-0.1995  	-0.1796  	0.68250  	-0.9206  	-0.4232  	0.33256  	-0.0244  	-0.4790  	-0.1961  	0.84985  	-0.0470  	-0.0911  	-0.8779  	-0.1321  	0.45967  	-0.3388  	0.59175  	0.22999  	-0.1864  	0.84755  	0.15400  	0.54732  	0.38027  	0.20882  	0.24713  	-0.7294  	-0.3599  	-0.2654  	-0.1307  	-0.0685  	0.00669  	-0.1708  	0.40309  	0.17413  	0.34788  	0.10625  	-0.4591  	-0.0540  	0.13443  	0.11529  	-0.1065  	0.25996  	0.10561  	-0.0279  	0.01355  	0.00842  	0.01471  	-0.1359  	-0.1161  	-0.0691  	0.01157  	-0.0244  	-0.0018  	-0.0059  	0.01221  	0.00702  	0.03463  	-0.0406  	-0.0311  	0.02863  	0.05028  	0.00358  	0.19591  	-0.0401  	-0.0029  	-0.0129  	0.02117  	0.32912  	0.47227  	293.370  	223.447  	
0.56972  	0.04343  	0.02508  	0.01000  	0.74084  	-0.6828  	-0.4519  	0.56158  	-0.0227  	-0.6102  	-0.1514  	0.85883  	-0.0054  	0.04648  	-0.6597  	-0.0969  	0.53602  	-0.5819  	0.69820  	-0.1346  	0.15325  	0.64320  	-0.0732  	0.64598  	0.38055  	0.26115  	0.45549  	-1.0417  	-0.4511  	-0.2594  	-0.0590  	-0.0551  	-0.1000  	-0.3635  	0.49342  	0.09531  	0.42016  	0.14068  	-0.6313  	-0.1826  	0.13112  	0.26255  	-0.2349  	0.34391  	0.05006  	-0.0072  	-0.0194  	0.04161  	0.02471  	-0.1436  	-0.1061  	-0.0654  	0.01270  	0.00430  	0.00505  	0.00858  	0.00781  	-0.0029  	0.02837  	-0.0182  	-0.0358  	0.01668  	0.03665  	-0.0021  	0.19591  	-0.0401  	-0.0029  	-0.0129  	0.02117  	0.32912  	0.47227  	293.370  	223.447  	
0.60131  	0.07930  	0.13424  	0.01293  	0.71950  	-0.6669  	-0.4889  	0.60195  	-0.0251  	-0.6370  	-0.1117  	0.81716  	0.04238  	0.05865  	-0.5754  	-0.1343  	0.63463  	-0.7520  	0.74785  	-0.4043  	0.31578  	0.45684  	-0.2608  	0.72268  	0.35239  	0.31241  	0.53519  	-1.1977  	-0.4645  	-0.2645  	0.01711  	-0.0752  	-0.1994  	-0.4970  	0.50544  	0.04616  	0.42092  	0.13271  	-0.7569  	-0.2736  	0.15572  	0.38656  	-0.3584  	0.38073  	-0.0052  	0.00988  	-0.0426  	0.05644  	0.01809  	-0.1536  	-0.0973  	-0.0580  	0.01261  	0.02007  	0.00915  	0.01769  	0.00342  	-0.0098  	0.03070  	-0.0083  	-0.0231  	0.01210  	0.02443  	-0.0029  	0.19591  	-0.0401  	-0.0029  	-0.0129  	0.02117  	0.32912  	0.47227  	293.370  	223.447  	
0.57078  	0.09589  	0.13859  	-0.0114  	0.69810  	-0.7104  	-0.5023  	0.62014  	-0.0151  	-0.6313  	-0.0519  	0.85901  	0.04271  	0.04035  	-0.5898  	-0.1259  	0.63974  	-0.7799  	0.77040  	-0.4474  	0.33816  	0.38633  	-0.3126  	0.73599  	0.31159  	0.33917  	0.52771  	-1.2351  	-0.4872  	-0.2939  	0.03344  	-0.0839  	-0.1960  	-0.5246  	0.49518  	0.02219  	0.42105  	0.15498  	-0.7817  	-0.2978  	0.16584  	0.41213  	-0.3762  	0.40371  	-0.0190  	0.01238  	-0.0440  	0.05587  	0.00520  	-0.1559  	-0.0986  	-0.0566  	0.01273  	0.02814  	0.00948  	0.01362  	0.00285  	-0.0123  	0.02529  	-0.0085  	-0.0209  	0.01117  	0.02057  	-4.3461  	0.19591  	-0.0401  	-0.0029  	-0.0129  	0.02117  	0.32912  	0.47227  	293.370  	223.447  	
0.43603  	0.06892  	0.03072  	-0.1325  	0.72931  	-0.8581  	-0.4981  	0.49567  	-0.0404  	-0.5484  	0.01975  	0.88234  	-0.0192  	-0.1360  	-0.8961  	-0.0900  	0.57157  	-0.6411  	0.74143  	-0.2735  	0.16500  	0.36014  	-0.3671  	0.65780  	0.29460  	0.33476  	0.39679  	-1.0085  	-0.4173  	-0.2954  	0.02118  	-0.1039  	-0.1617  	-0.4825  	0.50163  	0.11817  	0.35269  	0.11788  	-0.7439  	-0.2368  	0.19568  	0.40313  	-0.3640  	0.37351  	-0.0010  	0.01144  	-0.0317  	0.04066  	-0.0055  	-0.1493  	-0.0850  	-0.0591  	0.01060  	0.01558  	0.00883  	0.01208  	0.01172  	-0.0082  	0.03225  	-0.0187  	-0.0240  	0.00424  	0.01659  	-0.0034  	0.19591  	-0.0401  	-0.0029  	-0.0129  	0.02117  	0.32912  	0.47227  	293.370  	223.447  	
0.27604  	-0.0508  	-0.1241  	-0.1824  	0.70178  	-0.9270  	-0.4991  	0.33923  	-0.0756  	-0.4229  	-0.0093  	0.82331  	-0.1151  	-0.2356  	-1.0393  	-0.0641  	0.50841  	-0.4434  	0.67961  	-0.0483  	-0.0860  	0.55366  	-0.1802  	0.59944  	0.36447  	0.26832  	0.32727  	-0.7926  	-0.3554  	-0.2587  	-0.0779  	-0.0710  	-0.1041  	-0.3580  	0.44872  	0.20586  	0.29793  	0.07851  	-0.6181  	-0.1519  	0.15227  	0.28078  	-0.2505  	0.33549  	0.03976  	-0.0106  	-0.0101  	0.02428  	0.01089  	-0.1518  	-0.0848  	-0.0648  	0.00538  	-0.0017  	0.00697  	-0.0013  	0.01731  	-0.0019  	0.02913  	-0.0255  	-0.0328  	-0.0010  	0.03669  	0.00619  	0.19591  	-0.0401  	-0.0029  	-0.0129  	0.02117  	0.32912  	0.47227  	293.370  	223.447  	
0.24641  	-0.0941  	-0.1841  	-0.1836  	0.69358  	-0.9451  	-0.4463  	0.26568  	-0.0754  	-0.3782  	-0.0336  	0.77582  	-0.1881  	-0.2512  	-1.1395  	-0.0024  	0.40641  	-0.2744  	0.61392  	0.22255  	-0.1779  	0.79431  	0.05955  	0.58560  	0.48561  	0.15506  	0.37325  	-0.6723  	-0.3862  	-0.2238  	-0.2241  	-0.0057  	-0.0438  	-0.1976  	0.50470  	0.27612  	0.37146  	0.08416  	-0.4886  	-0.0722  	0.07818  	0.15501  	-0.1349  	0.25689  	0.11047  	-0.0359  	0.00540  	0.00263  	0.03395  	-0.1383  	-0.0866  	-0.0751  	0.00805  	-0.0167  	0.00550  	0.00147  	0.02916  	0.01034  	0.03120  	-0.0333  	-0.0400  	0.00448  	0.05698  	0.00845  	0.19591  	-0.0401  	-0.0029  	-0.0129  	0.02117  	0.32912  	0.47227  	293.370  	223.447  	
0.24140  	-0.1136  	-0.2156  	-0.1922  	0.77619  	-0.9481  	-0.4444  	0.20842  	-0.0984  	-0.3527  	-0.0483  	0.82011  	-0.1897  	-0.3309  	-1.1526  	0.05134  	0.39913  	-0.2644  	0.62055  	0.23224  	-0.2468  	0.79096  	0.00772  	0.57734  	0.52667  	0.14115  	0.37037  	-0.6177  	-0.3529  	-0.2030  	-0.2265  	0.00145  	-0.0682  	-0.1889  	0.49310  	0.33273  	0.36079  	0.08343  	-0.4757  	-0.0367  	0.07684  	0.15213  	-0.1429  	0.25794  	0.11072  	-0.0327  	-0.0014  	-0.0063  	0.03760  	-0.1483  	-0.0901  	-0.0708  	0.01283  	-0.0159  	0.00653  	0.00154  	0.02487  	0.00987  	0.03438  	-0.0322  	-0.0408  	0.00691  	0.05576  	0.00377  	0.19591  	-0.0401  	-0.0029  	-0.0129  	0.02117  	0.32912  	0.47227  	293.370  	223.447  	
0.25197  	-0.1102  	-0.1800  	-0.1234  	0.80981  	-0.9240  	-0.4531  	0.20082  	-0.1257  	-0.3731  	-0.0881  	0.83009  	-0.1985  	-0.3617  	-1.1804  	0.10826  	0.39665  	-0.2915  	0.63040  	0.23227  	-0.2657  	0.80293  	-0.0284  	0.63484  	0.57010  	0.13780  	0.44228  	-0.6562  	-0.3755  	-0.1886  	-0.2325  	0.01973  	-0.0789  	-0.1984  	0.49265  	0.35141  	0.35545  	0.09393  	-0.4699  	-0.0307  	0.06785  	0.16430  	-0.1442  	0.26538  	0.11549  	-0.0350  	-0.0048  	0.00267  	0.04098  	-0.1536  	-0.0871  	-0.0707  	0.01760  	-0.0165  	0.00847  	0.00025  	0.03016  	0.00851  	0.03438  	-0.0282  	-0.0384  	-0.0022  	0.05644  	0.00471  	0.19591  	-0.0401  	-0.0029  	-0.0129  	0.02117  	0.32912  	0.47227  	293.370  	223.447  	
0.29847  	-0.0607  	-0.2320  	-0.0479  	0.82846  	-0.8571  	-0.4624  	0.21582  	-0.0993  	-0.4307  	-0.1528  	0.88884  	-0.1981  	-0.2722  	-1.1289  	0.03845  	0.42273  	-0.3168  	0.64945  	0.27214  	-0.2092  	0.82768  	-0.0382  	0.64096  	0.63176  	0.13845  	0.47363  	-0.6394  	-0.3761  	-0.1598  	-0.2472  	0.00166  	-0.0753  	-0.2223  	0.49880  	0.34332  	0.37172  	0.08046  	-0.4620  	-0.0555  	0.04022  	0.17330  	-0.1351  	0.25752  	0.10937  	-0.0350  	-0.0077  	0.01235  	0.03770  	-0.1493  	-0.0752  	-0.0723  	0.01079  	-0.0235  	0.00560  	0.01173  	0.03091  	0.01137  	0.03515  	-0.0262  	-0.0455  	-0.0001  	0.05084  	-0.0034  	0.19591  	-0.0401  	-0.0029  	-0.0129  	0.02117  	0.32912  	0.47227  	293.370  	223.447  	
0.44158  	-0.0119  	-0.1485  	0.16250  	0.92391  	-0.7594  	-0.4426  	0.34565  	-0.0394  	-0.5050  	-0.3535  	0.92441  	-0.0409  	-0.0084  	-0.8292  	-0.0160  	0.42886  	-0.3381  	0.63998  	0.21767  	-0.1598  	0.82009  	-0.0019  	0.57162  	0.64697  	0.11882  	0.44791  	-0.7067  	-0.3084  	-0.1147  	-0.2459  	-0.0396  	-0.0666  	-0.1822  	0.48741  	0.21830  	0.34900  	0.06977  	-0.4285  	-0.0551  	0.02127  	0.15538  	-0.1137  	0.24877  	0.10199  	-0.0339  	-0.0071  	0.01895  	0.05160  	-0.1557  	-0.0845  	-0.0720  	0.00569  	-0.0211  	0.00034  	0.01775  	0.02475  	0.00616  	0.03610  	-0.0303  	-0.0452  	-9.4037  	0.04422  	0.00086  	0.19591  	-0.0401  	-0.0029  	-0.0129  	0.02117  	0.32912  	0.47227  	293.370  	223.447  	
0.14672  	-0.0616  	-0.2558  	-0.0967  	0.83904  	-0.9361  	-0.4376  	0.28006  	-0.0948  	-0.5025  	-0.2039  	0.85513  	-0.1112  	-0.0835  	-0.8923  	-0.1303  	0.44178  	-0.3353  	0.63455  	0.19422  	-0.1563  	0.82261  	0.03287  	0.68695  	0.62549  	0.13205  	0.47169  	-0.6994  	-0.3471  	-0.1474  	-0.2404  	-0.0317  	-0.0464  	-0.2129  	0.50527  	0.22949  	0.40078  	0.06112  	-0.4694  	-0.0177  	0.00344  	0.17204  	-0.1880  	0.24920  	0.11129  	-0.0249  	-0.0120  	-0.0055  	0.02833  	-0.1635  	-0.1061  	-0.0726  	0.00425  	-0.0174  	-0.0071  	0.00342  	0.02464  	0.00664  	0.03575  	-0.0334  	-0.0361  	0.01010  	0.03938  	0.00135  	0.19591  	-0.0401  	-0.0029  	-0.0129  	0.02117  	0.32912  	0.47227  	293.370  	223.447  	
0.13206  	-0.0737  	-0.2589  	-0.1670  	0.77588  	-0.8774  	-0.5166  	0.27275  	-0.0639  	-0.5811  	-0.2085  	0.81137  	-0.1494  	-0.1864  	-0.8356  	-0.1243  	0.46950  	-0.4022  	0.62501  	0.16694  	-0.0879  	0.85550  	0.15830  	0.71468  	0.49931  	0.18244  	0.49058  	-0.8153  	-0.4735  	-0.2158  	-0.2098  	-0.0317  	-0.0545  	-0.2044  	0.54155  	0.18225  	0.45468  	0.07671  	-0.5109  	-0.0382  	0.03570  	0.17043  	-0.1787  	0.24553  	0.11258  	-0.0286  	0.00556  	-0.0095  	0.01610  	-0.1332  	-0.1094  	-0.0682  	0.00112  	-0.0150  	-0.0055  	0.00296  	0.02599  	0.00819  	0.04116  	-0.0383  	-0.0346  	0.00571  	0.04216  	-0.0030  	0.19591  	-0.0401  	-0.0029  	-0.0129  	0.02117  	0.32912  	0.47227  	293.370  	223.447  	
0.14833  	-0.0701  	-0.3064  	-0.1379  	0.75811  	-0.9458  	-0.4275  	0.27384  	-0.0688  	-0.5087  	-0.3107  	0.89995  	-0.0560  	-0.0912  	-0.8404  	-0.1835  	0.45612  	-0.3077  	0.57435  	0.21432  	-0.2809  	0.85699  	0.15026  	0.55011  	0.43003  	0.19224  	0.23415  	-0.6242  	-0.2704  	-0.2099  	-0.1711  	-0.0856  	-0.0269  	-0.1707  	0.38385  	0.20209  	0.28209  	0.07099  	-0.4464  	-0.0228  	0.12141  	0.11808  	-0.0993  	0.27208  	0.09644  	-0.0396  	0.01196  	0.00094  	0.02420  	-0.1373  	-0.1107  	-0.0732  	0.00048  	-0.0159  	0.00515  	0.00112  	0.02411  	0.00473  	0.03547  	-0.0431  	-0.0304  	0.01985  	0.04255  	0.00330  	0.19591  	-0.0401  	-0.0029  	-0.0129  	0.02117  	0.32912  	0.47227  	293.370  	223.447  	
0.22877  	-0.0349  	-0.2658  	0.00780  	0.82171  	-0.9231  	-0.4207  	0.32276  	-0.0181  	-0.4742  	-0.3510  	0.90624  	-0.0064  	0.04862  	-0.7881  	-0.1386  	0.43554  	-0.2947  	0.59626  	0.24229  	-0.2796  	0.84548  	0.09183  	0.54200  	0.41157  	0.21883  	0.20646  	-0.6012  	-0.2475  	-0.2176  	-0.2014  	-0.0753  	0.01870  	-0.1840  	0.41516  	0.18680  	0.20565  	0.04997  	-0.4233  	-0.0129  	0.12012  	0.13951  	-0.1134  	0.25490  	0.10811  	-0.0326  	0.01794  	0.01150  	0.03325  	-0.1423  	-0.0990  	-0.0760  	0.00343  	-0.0208  	-0.0042  	0.00460  	0.02222  	0.00239  	0.03546  	-0.0398  	-0.0254  	0.02872  	0.03757  	-0.0041  	0.19591  	-0.0401  	-0.0029  	-0.0129  	0.02117  	0.32912  	0.47227  	293.370  	223.447  	
0.11556  	-0.0669  	-0.3598  	-0.1754  	0.83898  	-1.0634  	-0.4216  	0.27959  	-0.0615  	-0.4152  	-0.2008  	0.91036  	-0.0354  	0.05147  	-0.9108  	-0.1510  	0.37810  	-0.2672  	0.59830  	0.24072  	-0.2619  	0.78159  	0.01929  	0.56839  	0.46947  	0.17604  	0.21465  	-0.5991  	-0.2739  	-0.2152  	-0.1707  	-0.0952  	-0.0042  	-0.1928  	0.45564  	0.20879  	0.24544  	0.04474  	-0.4286  	-0.0137  	0.09569  	0.14539  	-0.1229  	0.24367  	0.10476  	-0.0337  	0.01375  	-0.0116  	0.03579  	-0.1289  	-0.1034  	-0.0795  	-0.0012  	-0.0225  	0.00368  	-0.0017  	0.02585  	0.00851  	0.03146  	-0.0456  	-0.0354  	0.01672  	0.04936  	0.00141  	0.19591  	-0.0401  	-0.0029  	-0.0129  	0.02117  	0.32912  	0.47227  	293.370  	223.447  	
-0.0956  	-0.1461  	-0.3946  	-0.3944  	0.72076  	-1.0785  	-0.4737  	0.26783  	-0.0971  	-0.4193  	-0.0237  	0.84678  	-0.1649  	-0.2348  	-1.0948  	-0.2180  	0.40943  	-0.2915  	0.62617  	0.25432  	-0.1873  	0.78131  	0.09076  	0.58335  	0.45810  	0.18722  	0.30926  	-0.6569  	-0.3620  	-0.2263  	-0.1766  	-0.0795  	-0.0482  	-0.1886  	0.44668  	0.23254  	0.33409  	0.06417  	-0.4560  	-0.0466  	0.06783  	0.14169  	-0.1596  	0.24596  	0.11472  	-0.0321  	0.00272  	-0.0221  	0.00816  	-0.1268  	-0.1024  	-0.0698  	0.00087  	-0.0175  	-0.0050  	-0.0030  	0.02619  	0.01414  	0.03153  	-0.0302  	-0.0377  	0.00640  	0.04426  	0.00012  	0.19591  	-0.0401  	-0.0029  	-0.0129  	0.02117  	0.32912  	0.47227  	293.370  	223.447  	
-0.0168  	-0.0973  	-0.2725  	-0.4876  	0.60639  	-1.0386  	-0.4683  	0.22754  	-0.0729  	-0.4175  	-0.0516  	0.76803  	-0.2054  	-0.2777  	-1.2098  	-0.1387  	0.43667  	-0.2708  	0.62709  	0.22061  	-0.2106  	0.78311  	0.16100  	0.58174  	0.44574  	0.17612  	0.29333  	-0.6605  	-0.3210  	-0.2412  	-0.1849  	-0.0634  	-0.0614  	-0.1889  	0.36234  	0.25260  	0.32197  	0.08060  	-0.4450  	-0.0303  	0.14362  	0.13312  	-0.1169  	0.25849  	0.10019  	-0.0339  	0.00797  	2.01705  	0.02373  	-0.1357  	-0.1010  	-0.0691  	0.00647  	-0.0149  	-1.1502  	-0.0075  	0.02270  	0.01366  	0.03720  	-0.0368  	-0.0357  	0.00998  	0.04824  	0.00188  	0.19591  	-0.0401  	-0.0029  	-0.0129  	0.02117  	0.32912  	0.47227  	293.370  	223.447  	
-0.1262  	-0.1200  	-0.3094  	-0.5994  	0.57980  	-1.2145  	-0.4435  	0.18457  	-0.0831  	-0.3497  	-0.0005  	0.72618  	-0.1786  	-0.2631  	-1.2994  	-0.1847  	0.42205  	-0.2804  	0.65012  	0.24382  	-0.2395  	0.77608  	0.09777  	0.57607  	0.49744  	0.16976  	0.30616  	-0.6694  	-0.3324  	-0.2318  	-0.1545  	-0.0705  	-0.0389  	-0.1933  	0.36829  	0.27108  	0.33030  	0.06031  	-0.4640  	-0.0518  	0.15316  	0.13026  	-0.1399  	0.26622  	0.10878  	-0.0382  	0.01186  	0.00358  	0.03580  	-0.1364  	-0.1004  	-0.0765  	0.00337  	-0.0158  	-0.0015  	-0.0086  	0.02091  	0.01434  	0.02695  	-0.0359  	-0.0370  	0.02058  	0.05931  	0.00165  	0.19591  	-0.0401  	-0.0029  	-0.0129  	0.02117  	0.32912  	0.47227  	293.370  	223.447  	
-0.3789  	-0.2297  	-0.4360  	-0.6988  	0.50796  	-1.2861  	-0.4486  	0.15970  	-0.1171  	-0.2899  	0.16493  	0.75051  	-0.2014  	-0.2754  	-1.2603  	-0.3111  	0.44667  	-0.3504  	0.62081  	0.21199  	-0.1628  	0.83443  	0.13946  	0.63940  	0.47920  	0.20604  	0.33983  	-0.7871  	-0.4141  	-0.2610  	-0.1529  	-0.0726  	-0.0428  	-0.1876  	0.40377  	0.24006  	0.35822  	0.07780  	-0.4735  	-0.0859  	0.11602  	0.15974  	-0.1566  	0.23033  	0.12206  	-0.0330  	0.00449  	-0.0182  	0.01296  	-0.1267  	-0.1144  	-0.0721  	0.00731  	-0.0110  	-0.0051  	-0.0053  	0.01096  	0.00732  	0.03508  	-0.0322  	-0.0277  	0.01630  	0.05323  	-0.0044  	0.19591  	-0.0401  	-0.0029  	-0.0129  	0.02117  	0.32912  	0.47227  	293.370  	223.447  	
-0.4691  	-0.2643  	-0.4643  	-0.8063  	0.50728  	-1.4023  	-0.4756  	0.14994  	-0.1275  	-0.3552  	0.23320  	0.70587  	-0.2279  	-0.3594  	-1.2873  	-0.3130  	0.46707  	-0.3583  	0.60651  	0.19894  	-0.1204  	0.79100  	0.19490  	0.64313  	0.36381  	0.21253  	0.31170  	-0.8109  	-0.4890  	-0.2907  	-0.1349  	-0.0514  	-0.0372  	-0.2008  	0.39219  	0.20642  	0.40498  	0.07516  	-0.4826  	-0.1049  	0.12298  	0.15375  	-0.1691  	0.23444  	0.10410  	-0.0298  	0.01167  	-0.0271  	0.02897  	-0.1291  	-0.1247  	-0.0762  	0.00165  	-0.0113  	-0.0008  	-0.0094  	0.01153  	0.01170  	0.03201  	-0.0332  	-0.0260  	0.02641  	0.04961  	-0.0056  	0.19591  	-0.0401  	-0.0029  	-0.0129  	0.02117  	0.32912  	0.47227  	293.370  	223.447  	
-0.2989  	-0.2024  	-0.3998  	-0.6147  	0.55152  	-1.3242  	-0.5018  	0.32920  	-0.0638  	-0.3524  	0.25472  	0.74228  	-0.2150  	-0.2622  	-1.2544  	-0.3163  	0.46642  	-0.3805  	0.61653  	0.30271  	-0.0585  	0.75915  	0.13024  	0.71014  	0.38925  	0.18818  	0.29678  	-0.7830  	-0.4649  	-0.2979  	-0.1621  	-0.0683  	-0.0263  	-0.1983  	0.45188  	0.16365  	0.42355  	0.05635  	-0.4751  	-0.0991  	0.06970  	0.15708  	-0.1928  	0.22870  	0.11379  	-0.0216  	0.01132  	-0.0234  	0.01828  	-0.1312  	-0.1098  	-0.0718  	-0.0033  	-0.0185  	-0.0099  	-0.0047  	0.02007  	0.01364  	0.03289  	-0.0326  	-0.0283  	0.01909  	0.04289  	-0.0037  	0.19591  	-0.0401  	-0.0029  	-0.0129  	0.02117  	0.32912  	0.47227  	293.370  	223.447  	
0.00703  	-0.0721  	-0.2098  	-0.2866  	0.69690  	-1.1139  	-0.5063  	0.41772  	-0.0111  	-0.4557  	0.01374  	0.92621  	-0.1071  	0.05674  	-0.8517  	-0.1908  	0.45261  	-0.3381  	0.59496  	0.31085  	0.01720  	0.74404  	0.08858  	0.71930  	0.34982  	0.18368  	0.34973  	-0.7985  	-0.4966  	-0.2659  	-0.1232  	-0.0921  	-0.0119  	-0.1723  	0.50218  	0.11563  	0.37957  	0.06955  	-0.4803  	-0.0276  	0.05503  	0.11736  	-0.1610  	0.22560  	0.10569  	-0.0306  	-0.0001  	-0.0072  	0.01963  	-0.1331  	-0.0838  	-0.0677  	-0.0172  	-0.0264  	-0.0148  	0.01372  	0.00570  	-0.0005  	0.02370  	-0.0285  	-0.0269  	0.03086  	0.04469  	-0.0022  	0.19591  	-0.0401  	-0.0029  	-0.0129  	0.02117  	0.32912  	0.47227  	293.370  	223.447  	
0.38054  	0.01468  	-0.1056  	-0.2954  	0.67566  	-0.8246  	-0.4735  	0.39566  	0.02644  	-0.4723  	-0.2536  	0.80452  	0.00576  	-0.0112  	-0.7802  	-0.1495  	0.43560  	-0.3972  	0.62787  	0.10572  	-0.0205  	0.85553  	0.25225  	0.59685  	0.40021  	0.19512  	0.39684  	-0.9245  	-0.5386  	-0.2300  	-0.1508  	-0.0624  	0.01627  	-0.1916  	0.48692  	0.08097  	0.47861  	0.10826  	-0.5249  	-0.0371  	0.09118  	0.14204  	-0.1030  	0.25470  	0.10102  	-0.0346  	0.00186  	0.01081  	0.04390  	-0.1323  	-0.1183  	-0.0685  	-0.0142  	-0.0116  	-0.0061  	0.01170  	0.00355  	0.00252  	0.02089  	-0.0370  	-0.0346  	0.01555  	0.05781  	0.00033  	0.19591  	-0.0401  	-0.0029  	-0.0129  	0.02117  	0.32912  	0.47227  	293.370  	223.447  	
0.51172  	0.04874  	-0.0435  	-0.0400  	0.72736  	-0.8304  	-0.4260  	0.37682  	0.01672  	-0.4974  	-0.3503  	0.77379  	0.00048  	-0.0115  	-0.6625  	-0.1834  	0.44075  	-0.4256  	0.65302  	0.09571  	-0.0005  	0.91247  	0.22711  	0.64449  	0.44789  	0.16428  	0.42000  	-0.9443  	-0.5178  	-0.2193  	-0.1804  	-0.0126  	-0.0109  	-0.1860  	0.52593  	0.10062  	0.47159  	0.12371  	-0.5004  	-0.0638  	0.04184  	0.14248  	-0.0909  	0.27355  	0.09061  	-0.0290  	0.00153  	0.01725  	0.04824  	-0.1424  	-0.1111  	-0.0672  	-0.0031  	-0.0160  	0.00451  	0.01365  	0.01004  	0.00704  	0.02204  	-0.0376  	-0.0330  	0.02132  	0.05095  	-0.0056  	0.19591  	-0.0401  	-0.0029  	-0.0129  	0.02117  	0.32912  	0.47227  	293.370  	223.447  	
0.54409  	-0.0071  	-0.0686  	-0.0354  	0.78110  	-0.8226  	-0.4349  	0.37654  	-0.0492  	-0.4479  	-0.2125  	0.69479  	-0.0268  	-0.0734  	-0.8150  	-0.1381  	0.45608  	-0.4643  	0.67863  	0.09659  	0.02834  	0.88744  	0.14293  	0.73413  	0.60064  	0.13638  	0.60721  	-0.9789  	-0.5886  	-0.2019  	-0.2022  	-0.0051  	-0.0630  	-0.1865  	0.64632  	0.20299  	0.51315  	0.13775  	-0.5404  	-0.0633  	-0.0024  	0.16888  	-0.1397  	0.26249  	0.09348  	-0.0275  	-0.0042  	0.01256  	0.03999  	-0.1505  	-0.1092  	-0.0622  	0.00477  	-0.0066  	-0.0025  	0.01076  	0.00885  	0.00764  	0.01954  	-0.0332  	-0.0391  	0.01724  	0.04538  	-0.0144  	0.19591  	-0.0401  	-0.0029  	-0.0129  	0.02117  	0.32912  	0.47227  	293.370  	223.447  	
0.28330  	-0.0833  	-0.1761  	-0.2881  	0.64871  	-0.8865  	-0.4897  	0.28194  	-0.0767  	-0.4594  	0.04073  	0.79994  	-0.1971  	-0.2824  	-1.1543  	0.03434  	0.40248  	-0.3338  	0.65893  	0.17261  	-0.0600  	0.81075  	0.11052  	0.66402  	0.48448  	0.13575  	0.45539  	-0.8072  	-0.5062  	-0.2619  	-0.2136  	0.00487  	-0.0422  	-0.2074  	0.55965  	0.26409  	0.49610  	0.11348  	-0.5245  	-0.0761  	0.04069  	0.16245  	-0.1383  	0.24704  	0.11510  	-0.0335  	0.00893  	-0.0103  	0.03050  	-0.1463  	-0.0890  	-0.0756  	0.00800  	-0.0086  	0.00188  	-0.0003  	0.02400  	0.01203  	0.03790  	-0.0331  	-0.0471  	0.01601  	0.04801  	0.00406  	0.19591  	-0.0401  	-0.0029  	-0.0129  	0.02117  	0.32912  	0.47227  	293.370  	223.447  	
0.19771  	-0.1011  	-0.2286  	-0.3449  	0.61149  	-0.9500  	-0.4727  	0.23137  	-0.0989  	-0.4616  	0.02456  	0.78891  	-0.2056  	-0.2698  	-1.1609  	-0.0356  	0.42082  	-0.3262  	0.64709  	0.16236  	-0.1178  	0.79265  	0.14548  	0.62806  	0.45957  	0.14588  	0.40642  	-0.7356  	-0.4298  	-0.2386  	-0.2006  	-0.0186  	-0.0684  	-0.2025  	0.50698  	0.28373  	0.45725  	0.10067  	-0.5187  	-0.0776  	0.07170  	0.16319  	-0.1424  	0.24601  	0.10674  	-0.0354  	0.00948  	-0.0072  	0.03217  	-0.1445  	-0.0988  	-0.0730  	0.00870  	-0.0108  	0.00415  	-0.0020  	0.02570  	0.01193  	0.03441  	-0.0333  	-0.0430  	0.01035  	0.06026  	0.00411  	0.19591  	-0.0401  	-0.0029  	-0.0129  	0.02117  	0.32912  	0.47227  	293.370  	223.447  	
0.20641  	-0.0718  	-0.2013  	-0.3300  	0.62947  	-0.9360  	-0.4624  	0.25352  	-0.0881  	-0.4715  	0.00553  	0.79429  	-0.1814  	-0.1788  	-1.0804  	-0.0946  	0.39356  	-0.3246  	0.63424  	0.19153  	-0.1218  	0.79417  	0.14687  	0.61636  	0.43051  	0.16079  	0.34490  	-0.7404  	-0.4550  	-0.2602  	-0.1840  	-0.0314  	-0.0464  	-0.1987  	0.52066  	0.25550  	0.45357  	0.10061  	-0.5254  	-0.0812  	0.08053  	0.15811  	-0.1439  	0.24071  	0.10449  	-0.0350  	0.01097  	-0.0105  	0.02729  	-0.1396  	-0.0988  	-0.0696  	0.00907  	-0.0144  	-0.0002  	-0.0030  	0.02521  	0.01235  	0.03285  	-0.0361  	-0.0436  	0.01891  	0.05548  	0.00187  	0.19591  	-0.0401  	-0.0029  	-0.0129  	0.02117  	0.32912  	0.47227  	293.370  	223.447  	
0.26275  	-0.0380  	-0.1662  	-0.3065  	0.62644  	-0.9387  	-0.4656  	0.29773  	-0.0815  	-0.4948  	0.00271  	0.77895  	-0.1824  	-0.1407  	-0.9712  	-0.1178  	0.38843  	-0.3354  	0.63384  	0.16581  	-0.0442  	0.79456  	0.16652  	0.61325  	0.39638  	0.16818  	0.33297  	-0.8334  	-0.5098  	-0.2718  	-0.1752  	-0.0180  	-0.0259  	-0.2007  	0.54867  	0.19531  	0.46810  	0.12026  	-0.5385  	-0.0865  	0.08978  	0.14191  	-0.1466  	0.23790  	0.10049  	-0.0308  	0.01595  	-0.0127  	0.01904  	-0.1345  	-0.1066  	-0.0676  	0.00878  	-0.0154  	-0.0054  	-0.0058  	0.02074  	0.01218  	0.02399  	-0.0346  	-0.0387  	0.02022  	0.05298  	0.00020  	0.19591  	-0.0401  	-0.0029  	-0.0129  	0.02117  	0.32912  	0.47227  	293.370  	223.447  	
0.34398  	0.00530  	-0.1084  	-0.2323  	0.63274  	-0.8785  	-0.4775  	0.35355  	-0.0242  	-0.5509  	-0.0083  	0.80390  	-0.1485  	-0.0715  	-0.8504  	-0.0834  	0.42007  	-0.3696  	0.62220  	0.11278  	0.06993  	0.78803  	0.18644  	0.67120  	0.37758  	0.16354  	0.38113  	-0.9511  	-0.5780  	-0.2735  	-0.1766  	-0.0008  	-0.0225  	-0.1966  	0.59562  	0.11727  	0.51638  	0.14876  	-0.5703  	-0.0945  	0.08109  	0.14227  	-0.1531  	0.23631  	0.09276  	-0.0262  	0.00968  	-0.0170  	0.01551  	-0.1256  	-0.1155  	-0.0632  	0.01185  	-0.0095  	-0.0015  	-0.0014  	0.00884  	0.00830  	0.03184  	-0.0309  	-0.0308  	0.01924  	0.04225  	-0.0032  	0.19591  	-0.0401  	-0.0029  	-0.0129  	0.02117  	0.32912  	0.47227  	293.370  	223.447  	
0.05665  	-0.0444  	-0.2333  	-0.2757  	0.72014  	-1.0548  	-0.5134  	0.31978  	0.00606  	-0.4135  	-0.0623  	0.91336  	-0.0608  	-0.0572  	-1.0129  	-0.0474  	0.42147  	-0.2860  	0.59996  	0.28300  	-0.1481  	0.74829  	0.08826  	0.53571  	0.28221  	0.22655  	0.13582  	-0.5391  	-0.4046  	-0.2942  	-0.1392  	-0.0698  	0.02555  	-0.1864  	0.42873  	0.15374  	0.30953  	0.05816  	-0.4543  	-0.0766  	0.14985  	0.13182  	-0.1224  	0.23394  	0.09816  	-0.0278  	0.01470  	-0.0114  	0.03002  	-0.1330  	-0.1164  	-0.0644  	0.00523  	-0.0184  	0.00098  	0.00270  	0.01332  	0.00202  	0.03895  	-0.0357  	-0.0271  	0.03151  	0.03734  	0.00161  	0.19591  	-0.0401  	-0.0029  	-0.0129  	0.02117  	0.32912  	0.47227  	293.370  	223.447  	
-0.3778  	-0.2238  	-0.5881  	-0.5505  	0.67213  	-1.2957  	-0.4563  	0.16758  	-0.0829  	-0.3704  	0.12092  	0.87093  	-0.1732  	-0.3035  	-1.3722  	-0.1351  	0.40185  	-0.2465  	0.61533  	0.33419  	-0.3280  	0.76172  	0.04536  	0.50339  	0.28621  	0.25507  	0.03958  	-0.4672  	-0.3146  	-0.3224  	-0.1094  	-0.0975  	-0.0071  	-0.1863  	0.31952  	0.30666  	0.22724  	0.02019  	-0.4214  	-0.1018  	0.13985  	0.13872  	-0.1710  	0.24198  	0.08906  	-0.0264  	0.00688  	0.01928  	0.03141  	-0.1375  	-0.1118  	-0.0731  	-0.0037  	-0.0265  	0.00505  	-0.0046  	0.02446  	0.01863  	0.02977  	-0.0374  	-0.0232  	0.01355  	0.04935  	0.00196  	0.19591  	-0.0401  	-0.0029  	-0.0129  	0.02117  	0.32912  	0.47227  	293.370  	223.447  	
-0.3358  	-0.2489  	-0.6011  	-0.4801  	0.75804  	-1.3505  	-0.4129  	0.21144  	-0.0743  	-0.3000  	0.13619  	0.85641  	-0.1489  	-0.2760  	-1.2714  	-0.2700  	0.37867  	-0.2697  	0.59280  	0.35482  	-0.2433  	0.77549  	0.03292  	0.54244  	0.34889  	0.22513  	0.12662  	-0.5023  	-0.3074  	-0.3075  	-0.1417  	-0.1080  	0.00351  	-0.1808  	0.37882  	0.23360  	0.24344  	0.01692  	-0.4220  	-0.0621  	0.07140  	0.15641  	-0.1655  	0.20793  	0.12306  	-0.0376  	0.01207  	0.00698  	0.02331  	-0.1245  	-0.1012  	-0.0667  	-0.0005  	-0.0200  	0.00197  	-0.0091  	0.02320  	0.00636  	0.03417  	-0.0301  	-0.0397  	0.00777  	0.04941  	0.00202  	0.19591  	-0.0401  	-0.0029  	-0.0129  	0.02117  	0.32912  	0.47227  	293.370  	223.447  	
-0.1871  	-0.1698  	-0.4767  	-0.2232  	0.81168  	-1.2503  	-0.4557  	0.33634  	-0.0536  	-0.3649  	0.11228  	0.97974  	-0.1170  	-0.0787  	-1.0405  	-0.2593  	0.37388  	-0.3094  	0.59947  	0.32644  	-0.1992  	0.79159  	0.02438  	0.64206  	0.38261  	0.22083  	0.17274  	-0.5698  	-0.3497  	-0.2616  	-0.1517  	-0.0885  	0.02609  	-0.1763  	0.44446  	0.19229  	0.26069  	0.01498  	-0.4143  	-0.0484  	0.06835  	0.17300  	-0.1881  	0.20455  	0.11226  	-0.0204  	0.01628  	0.00640  	0.01397  	-0.1318  	-0.0986  	-0.0685  	0.00142  	-0.0194  	-0.0077  	-0.0052  	0.02266  	0.01350  	0.03799  	-0.0278  	-0.0365  	0.01410  	0.03292  	-0.0066  	0.19591  	-0.0401  	-0.0029  	-0.0129  	0.02117  	0.32912  	0.47227  	293.370  	223.447  	
0.15682  	-0.0167  	-0.2021  	-0.1036  	0.78942  	-0.9370  	-0.4464  	0.39751  	-0.0263  	-0.5639  	-0.1573  	1.01986  	-0.0509  	0.11680  	-0.7629  	-0.1421  	0.42348  	-0.3071  	0.60876  	0.26795  	-0.0743  	0.75616  	0.08601  	0.64745  	0.33384  	0.17482  	0.27117  	-0.6823  	-0.3911  	-0.2320  	-0.1783  	-0.0737  	0.00697  	-0.1959  	0.45853  	0.16177  	0.31891  	0.06011  	-0.4085  	-0.0331  	0.07427  	0.13242  	-0.1630  	0.23457  	0.11264  	-0.0087  	0.00690  	0.01757  	0.02234  	-0.1403  	-0.1104  	-0.0750  	2.10697  	-0.0214  	-0.0140  	0.00131  	0.01919  	0.00418  	0.03606  	-0.0380  	-0.0299  	0.00928  	0.04102  	-0.0013  	0.19591  	-0.0401  	-0.0029  	-0.0129  	0.02117  	0.32912  	0.47227  	293.370  	223.447  	
0.56741  	0.08940  	0.05463  	-0.1670  	0.64942  	-0.8124  	-0.4620  	0.44178  	0.03892  	-0.5647  	-0.1750  	0.89740  	-0.0365  	0.06581  	-0.8112  	0.01766  	0.43986  	-0.3366  	0.64364  	0.17293  	0.04604  	0.82898  	0.14326  	0.63145  	0.43598  	0.15510  	0.39378  	-0.9111  	-0.5140  	-0.2277  	-0.1899  	-0.0155  	0.00991  	-0.1910  	0.54417  	0.08709  	0.49362  	0.14171  	-0.5066  	-0.1007  	0.07475  	0.14572  	-0.1003  	0.25048  	0.09782  	-0.0273  	0.00569  	0.02110  	0.03669  	-0.1406  	-0.1185  	-0.0698  	0.00494  	-0.0120  	-0.0066  	0.01114  	0.00324  	0.00825  	0.02695  	-0.0379  	-0.0351  	0.02038  	0.04433  	-0.0038  	0.19591  	-0.0401  	-0.0029  	-0.0129  	0.02117  	0.32912  	0.47227  	293.370  	223.447  	
0.56141  	0.06380  	0.06427  	-0.0947  	0.72282  	-0.7879  	-0.4247  	0.45725  	0.04876  	-0.5080  	-0.0628  	0.91283  	-0.0686  	0.07585  	-0.9130  	0.04877  	0.40635  	-0.3856  	0.64214  	0.19883  	0.09252  	0.80936  	0.15329  	0.61565  	0.48706  	0.12463  	0.44450  	-0.8946  	-0.5360  	-0.2089  	-0.2252  	0.00564  	0.00127  	-0.2035  	0.51205  	0.09449  	0.54071  	0.14305  	-0.4718  	-0.1101  	0.05295  	0.12971  	-0.1018  	0.27405  	0.09916  	-0.0282  	-0.0037  	0.03047  	0.04724  	-0.1446  	-0.1165  	-0.0701  	0.00865  	-0.0120  	-0.0045  	0.01222  	0.01436  	0.00479  	0.03073  	-0.0329  	-0.0380  	0.00934  	0.03998  	-0.0055  	0.19591  	-0.0401  	-0.0029  	-0.0129  	0.02117  	0.32912  	0.47227  	293.370  	223.447  	
0.30853  	-0.0509  	-0.2251  	0.15081  	0.87198  	-0.8237  	-0.4369  	0.39427  	-0.0223  	-0.4898  	-0.1779  	0.96652  	-0.0324  	0.13956  	-0.8196  	0.02323  	0.41537  	-0.3447  	0.63525  	0.25528  	-0.0709  	0.83768  	0.01154  	0.63104  	0.51887  	0.14323  	0.38247  	-0.7318  	-0.4213  	-0.1806  	-0.2172  	-0.0414  	-0.0060  	-0.1987  	0.54895  	0.15451  	0.38163  	0.07892  	-0.4798  	-0.0562  	0.01500  	0.13960  	-0.1398  	0.24359  	0.11209  	-0.0235  	0.01026  	-0.0052  	0.03541  	-0.1400  	-0.1119  	-0.0770  	-0.0011  	-0.0190  	-0.0123  	-0.0011  	0.01942  	0.00701  	0.03812  	-0.0282  	-0.0385  	0.00876  	0.04233  	-0.0033  	0.19591  	-0.0401  	-0.0029  	-0.0129  	0.02117  	0.32912  	0.47227  	293.370  	223.447  	
-0.1287  	-0.1773  	-0.4487  	-0.1388  	0.84913  	-1.1980  	-0.4577  	0.20685  	-0.0862  	-0.3863  	-0.0435  	0.97326  	-0.1144  	-0.1143  	-0.9514  	-0.2263  	0.39696  	-0.2682  	0.60238  	0.30614  	-0.1749  	0.77430  	0.02049  	0.63864  	0.43105  	0.18808  	0.26503  	-0.6276  	-0.3821  	-0.2329  	-0.1601  	-0.0735  	-0.0057  	-0.1648  	0.48839  	0.21226  	0.31881  	0.05716  	-0.4563  	-0.0448  	0.03396  	0.16511  	-0.1788  	0.21454  	0.11560  	-0.0323  	0.01137  	-0.0065  	0.02141  	-0.1371  	-0.1088  	-0.0718  	0.00128  	-0.0062  	-0.0109  	-0.0067  	0.02537  	0.00820  	0.04197  	-0.0285  	-0.0421  	0.00706  	0.03813  	-0.0043  	0.19591  	-0.0401  	-0.0029  	-0.0129  	0.02117  	0.32912  	0.47227  	293.370  	223.447  	
-0.2142  	-0.1680  	-0.3863  	-0.5654  	0.61677  	-1.2113  	-0.4719  	0.25137  	-0.1158  	-0.3566  	0.07380  	0.73373  	-0.1897  	-0.2675  	-1.1796  	-0.2535  	0.45789  	-0.2738  	0.61130  	0.23749  	-0.1858  	0.80328  	0.10503  	0.58138  	0.45332  	0.19803  	0.30178  	-0.6588  	-0.3826  	-0.2476  	-0.1727  	-0.0639  	-0.0496  	-0.1941  	0.39947  	0.25676  	0.35030  	0.07881  	-0.4467  	-0.0913  	0.10987  	0.12641  	-0.1625  	0.22661  	0.11425  	-0.0271  	0.00808  	-0.0232  	0.00971  	-0.1280  	-0.1075  	-0.0672  	0.00994  	-0.0150  	-0.0042  	-0.0087  	0.01897  	0.01174  	0.03471  	-0.0312  	-0.0351  	0.01652  	0.04595  	0.00125  	0.19591  	-0.0401  	-0.0029  	-0.0129  	0.02117  	0.32912  	0.47227  	293.370  	223.447  	
-0.1465  	-0.1656  	-0.3605  	-0.6013  	0.50516  	-1.1023  	-0.4585  	0.14702  	-0.0786  	-0.4348  	-0.0129  	0.69340  	-0.2391  	-0.4446  	-1.2585  	-0.1975  	0.47411  	-0.2899  	0.63099  	0.20414  	-0.1954  	0.79220  	0.20358  	0.56370  	0.47202  	0.22271  	0.33736  	-0.6753  	-0.3462  	-0.2485  	-0.1514  	-0.0587  	-0.0621  	-0.1991  	0.32835  	0.25353  	0.35589  	0.07431  	-0.4626  	-0.0548  	0.14609  	0.13541  	-0.1236  	0.27146  	0.11762  	-0.0351  	0.00533  	-0.0157  	0.01068  	-0.1340  	-0.1107  	-0.0690  	0.00547  	-0.0111  	-0.0014  	0.00072  	0.01554  	0.00979  	0.03226  	-0.0311  	-0.0361  	0.01422  	0.04790  	0.00456  	0.19591  	-0.0401  	-0.0029  	-0.0129  	0.02117  	0.32912  	0.47227  	293.370  	223.447  	
0.09673  	-0.1265  	-0.2981  	-0.2873  	0.68195  	-1.0114  	-0.4955  	0.21911  	-0.1000  	-0.4329  	-0.1378  	0.84765  	-0.1800  	-0.3711  	-1.1609  	-0.0907  	0.44310  	-0.2812  	0.62246  	0.26285  	-0.2627  	0.77785  	0.10189  	0.56103  	0.46690  	0.19499  	0.32328  	-0.6074  	-0.3359  	-0.2170  	-0.1898  	-0.0413  	-0.0661  	-0.1871  	0.37992  	0.27148  	0.32283  	0.06982  	-0.4599  	-0.0360  	0.09973  	0.12942  	-0.1194  	0.26919  	0.09970  	-0.0333  	0.01001  	-0.0050  	0.02691  	-0.1420  	-0.1061  	-0.0696  	0.00271  	-0.0143  	0.00323  	-0.0054  	0.02819  	0.01428  	0.03463  	-0.0442  	-0.0419  	0.01136  	0.04963  	-0.0046  	0.19591  	-0.0401  	-0.0029  	-0.0129  	0.02117  	0.32912  	0.47227  	293.370  	223.447  	
0.19863  	-0.0720  	-0.2141  	-0.2166  	0.75502  	-0.9955  	-0.4504  	0.23835  	-0.0868  	-0.3166  	-0.0802  	0.89900  	-0.1643  	-0.3466  	-1.2331  	0.04306  	0.37914  	-0.2171  	0.60318  	0.31518  	-0.3338  	0.79733  	-0.0272  	0.53267  	0.51698  	0.16460  	0.26594  	-0.5434  	-0.2623  	-0.2237  	-0.2083  	-0.0328  	-0.0546  	-0.1875  	0.40565  	0.33811  	0.27761  	0.06903  	-0.4180  	-0.0191  	0.11327  	0.12901  	-0.1103  	0.27127  	0.11392  	-0.0343  	0.00575  	0.01250  	0.04175  	-0.1535  	-0.0920  	-0.0740  	0.01140  	-0.0241  	0.01101  	-0.0047  	0.02940  	0.00914  	0.03818  	-0.0345  	-0.0420  	0.00493  	0.04984  	0.00477  	0.19591  	-0.0401  	-0.0029  	-0.0129  	0.02117  	0.32912  	0.47227  	293.370  	223.447  	
0.14490  	-0.0956  	-0.2383  	-0.2965  	0.67236  	-1.0219  	-0.4521  	0.18647  	-0.1252  	-0.3308  	-0.1036  	0.80778  	-0.1749  	-0.3683  	-1.2680  	0.02213  	0.38410  	-0.2152  	0.61660  	0.26711  	-0.3254  	0.81506  	-0.0306  	0.52237  	0.56683  	0.15259  	0.28897  	-0.5887  	-0.2756  	-0.1989  	-0.2041  	-0.0253  	-0.0821  	-0.1895  	0.40470  	0.36465  	0.29125  	0.05522  	-0.4324  	-0.0278  	0.11594  	0.13707  	-0.1249  	0.25858  	0.11352  	-0.0328  	0.00296  	0.00299  	0.03503  	-0.1476  	-0.0852  	-0.0706  	0.01144  	-0.0219  	0.00712  	-0.0055  	0.02498  	0.00985  	0.03404  	-0.0329  	-0.0435  	0.00031  	0.05482  	-0.0005  	0.19591  	-0.0401  	-0.0029  	-0.0129  	0.02117  	0.32912  	0.47227  	293.370  	223.447  	
-0.1260  	-0.1428  	-0.4179  	-0.5069  	0.62561  	-1.1870  	-0.4098  	0.15501  	-0.1326  	-0.3830  	-0.0494  	0.73813  	-0.1762  	-0.3259  	-1.2967  	-0.0892  	0.43962  	-0.2606  	0.60961  	0.26065  	-0.2883  	0.79633  	0.05361  	0.59273  	0.57174  	0.17437  	0.34480  	-0.6545  	-0.3272  	-0.2068  	-0.1853  	-0.0584  	-0.0857  	-0.1778  	0.45164  	0.35983  	0.32089  	0.06686  	-0.4595  	-0.0742  	0.10300  	0.15749  	-0.1641  	0.24623  	0.11184  	-0.0436  	0.00709  	-0.0218  	0.03608  	-0.1307  	-0.0920  	-0.0685  	0.00134  	-0.0165  	0.00587  	0.00389  	0.01811  	0.01390  	0.04120  	-0.0350  	-0.0431  	0.01852  	0.05551  	-0.0038  	0.19591  	-0.0401  	-0.0029  	-0.0129  	0.02117  	0.32912  	0.47227  	293.370  	223.447  	
-0.4971  	-0.2915  	-0.4908  	-0.8520  	0.50444  	-1.3809  	-0.4879  	0.15292  	-0.1227  	-0.3560  	0.24404  	0.68681  	-0.2236  	-0.3721  	-1.2478  	-0.3037  	0.46537  	-0.3835  	0.62113  	0.23285  	-0.1004  	0.75671  	0.18175  	0.65560  	0.43178  	0.21897  	0.34583  	-0.7668  	-0.4747  	-0.2850  	-0.1197  	-0.0608  	-0.0285  	-0.1999  	0.41956  	0.21082  	0.39805  	0.08114  	-0.5042  	-0.1246  	0.07064  	0.15056  	-0.1726  	0.23759  	0.11967  	-0.0318  	0.00887  	-0.0364  	0.01746  	-0.1287  	-0.1227  	-0.0731  	0.00395  	-0.0123  	-0.0008  	-0.0113  	0.01566  	0.01235  	0.02939  	-0.0306  	-0.0249  	0.02268  	0.05073  	-0.0028  	0.19591  	-0.0401  	-0.0029  	-0.0129  	0.02117  	0.32912  	0.47227  	293.370  	223.447  	
-0.2602  	-0.1920  	-0.3366  	-0.5858  	0.57074  	-1.2955  	-0.5002  	0.31429  	-0.0701  	-0.3992  	0.22881  	0.79559  	-0.1984  	-0.1746  	-1.0894  	-0.3300  	0.49313  	-0.4532  	0.61420  	0.20307  	0.02053  	0.76960  	0.15920  	0.72365  	0.38081  	0.18903  	0.40606  	-0.8832  	-0.5688  	-0.2822  	-0.1623  	-0.0593  	-0.0279  	-0.2137  	0.47230  	0.13337  	0.48673  	0.07292  	-0.5048  	-0.1122  	0.05992  	0.16835  	-0.2044  	0.23337  	0.10365  	-0.0206  	0.01286  	-0.0242  	0.01459  	-0.1363  	-0.1157  	-0.0708  	-0.0065  	-0.0163  	-0.0164  	-0.0009  	0.00889  	0.00783  	0.02951  	-0.0382  	-0.0268  	0.02787  	0.03936  	-0.0069  	0.19591  	-0.0401  	-0.0029  	-0.0129  	0.02117  	0.32912  	0.47227  	293.370  	223.447  	
0.25560  	-0.0508  	-0.1104  	-0.1917  	0.79057  	-1.0055  	-0.4771  	0.42639  	-0.0117  	-0.4644  	-0.1106  	0.86733  	-0.0351  	0.11578  	-0.7892  	-0.1377  	0.46241  	-0.3705  	0.63276  	0.15316  	0.00133  	0.74677  	0.12667  	0.75307  	0.28055  	0.23552  	0.42050  	-0.8904  	-0.6148  	-0.2276  	-0.1129  	-0.0399  	0.04877  	-0.2075  	0.51933  	0.08096  	0.40802  	0.09496  	-0.4932  	-0.0537  	0.07083  	0.15250  	-0.1467  	0.26025  	0.10642  	-0.0271  	0.02011  	0.00751  	0.01495  	-0.1374  	-0.1313  	-0.0667  	-0.0242  	-0.0279  	-0.0249  	-0.0106  	0.00980  	0.00737  	0.00392  	-0.0435  	-0.0259  	0.01607  	0.03551  	-0.0134  	0.19591  	-0.0401  	-0.0029  	-0.0129  	0.02117  	0.32912  	0.47227  	293.370  	223.447  	
0.65584  	0.03296  	0.04658  	-0.0687  	0.78375  	-0.7552  	-0.4472  	0.37072  	0.00575  	-0.5053  	-0.4787  	0.78977  	0.06164  	0.22572  	-0.5674  	-0.2672  	0.48159  	-0.4339  	0.58993  	0.05026  	-0.0873  	0.86897  	0.17721  	0.68015  	0.42596  	0.17078  	0.49574  	-0.9548  	-0.5205  	-0.1821  	-0.1470  	-0.0415  	0.00656  	-0.1938  	0.52891  	0.11522  	0.43389  	0.10346  	-0.4860  	-0.0555  	0.06306  	0.14017  	-0.1080  	0.28085  	0.08129  	-0.0323  	0.01023  	0.04107  	0.04446  	-0.1321  	-0.1152  	-0.0623  	-0.0005  	-0.0154  	-0.0062  	0.00994  	-0.0024  	-0.0062  	0.02809  	-0.0369  	-0.0311  	0.03066  	0.04839  	-0.0099  	0.19591  	-0.0401  	-0.0029  	-0.0129  	0.02117  	0.32912  	0.47227  	293.370  	223.447  	
0.66656  	0.08691  	0.02693  	-0.0942  	0.75650  	-0.7605  	-0.3084  	0.41292  	-0.0058  	-0.4130  	-0.5973  	0.57639  	0.08082  	0.24895  	-0.5808  	-0.3529  	0.48448  	-0.4312  	0.62652  	-0.0760  	-0.1497  	1.01433  	0.24595  	0.66390  	0.63841  	0.13064  	0.60210  	-0.9709  	-0.3812  	-0.1393  	-0.1737  	-0.0459  	-0.0334  	-0.2053  	0.47429  	0.10938  	0.45538  	0.08426  	-0.4659  	-0.0315  	-0.0035  	0.15774  	-0.1022  	0.26335  	0.07144  	-0.0302  	-0.0116  	0.06097  	0.05907  	-0.1551  	-0.1099  	-0.0687  	0.00103  	-0.0163  	-0.0122  	0.02984  	-0.0075  	-0.0013  	0.02898  	-0.0203  	-0.0287  	0.02679  	0.04629  	-0.0155  	0.19591  	-0.0401  	-0.0029  	-0.0129  	0.02117  	0.32912  	0.47227  	293.370  	223.447  	
0.19685  	-0.0312  	-0.2377  	-0.2025  	0.75726  	-0.9655  	-0.3830  	0.36280  	-0.0924  	-0.5004  	-0.2568  	0.69529  	-0.0283  	0.13015  	-0.7385  	-0.2329  	0.45324  	-0.3976  	0.56388  	0.16156  	-0.0138  	0.86691  	0.05598  	0.79489  	0.53245  	0.11874  	0.59156  	-0.9521  	-0.4959  	-0.1804  	-0.1703  	-0.0560  	-0.0302  	-0.2046  	0.63845  	0.15238  	0.45475  	0.06263  	-0.5385  	0.03586  	-0.0299  	0.20601  	-0.1918  	0.23618  	0.09246  	-0.0270  	-0.0009  	-0.0094  	0.00917  	-0.1317  	-0.0940  	-0.0788  	-0.0156  	-0.0121  	-0.0208  	0.01664  	0.00820  	-0.0049  	0.03141  	-0.0364  	-0.0367  	0.02617  	0.02873  	-0.0078  	0.19591  	-0.0401  	-0.0029  	-0.0129  	0.02117  	0.32912  	0.47227  	293.370  	223.447  	
-0.2627  	-0.2906  	-0.5237  	-0.3895  	0.64932  	-1.1833  	-0.4959  	0.30629  	-0.0933  	-0.4271  	0.09859  	0.72146  	-0.1542  	-0.2513  	-0.9794  	-0.2290  	0.42670  	-0.3278  	0.59236  	0.30947  	-0.0531  	0.75856  	0.08444  	0.61133  	0.34547  	0.18864  	0.27775  	-0.7846  	-0.5194  	-0.2616  	-0.1661  	-0.0376  	-0.0187  	-0.1937  	0.57898  	0.16530  	0.38964  	0.06744  	-0.5050  	-0.0380  	-0.0021  	0.16655  	-0.1806  	0.23491  	0.12687  	-0.0207  	0.02120  	-0.0354  	-0.0024  	-0.1198  	-0.1088  	-0.0639  	-5.7375  	-0.0124  	-0.0010  	-0.0103  	0.01320  	0.00557  	0.02740  	-0.0299  	-0.0373  	0.01982  	0.03431  	0.00245  	0.19591  	-0.0401  	-0.0029  	-0.0129  	0.02117  	0.32912  	0.47227  	293.370  	223.447  	
-0.3450  	-0.2363  	-0.5278  	-0.6087  	0.63504  	-1.3321  	-0.4730  	0.26897  	-0.0850  	-0.3540  	0.22257  	0.80411  	-0.1919  	-0.3352  	-1.2345  	-0.2692  	0.41438  	-0.3303  	0.58981  	0.28797  	-0.1137  	0.78077  	0.13787  	0.59941  	0.35371  	0.20546  	0.31940  	-0.7324  	-0.4529  	-0.2739  	-0.1535  	-0.0865  	-0.0071  	-0.1988  	0.47162  	0.18366  	0.38130  	0.07565  	-0.4710  	-0.0811  	0.05672  	0.16276  	-0.1797  	0.22845  	0.11428  	-0.0325  	0.01649  	-0.0254  	0.02070  	-0.1315  	-0.1040  	-0.0681  	-0.0018  	-0.0145  	-0.0026  	-0.0076  	0.01914  	0.01055  	0.03137  	-0.0313  	-0.0342  	0.00964  	0.04705  	0.00214  	0.19591  	-0.0401  	-0.0029  	-0.0129  	0.02117  	0.32912  	0.47227  	293.370  	223.447  	
-0.2015  	-0.1938  	-0.4268  	-0.5553  	0.57774  	-1.3029  	-0.4944  	0.29842  	-0.0975  	-0.3498  	0.11945  	0.78857  	-0.1623  	-0.2254  	-1.1791  	-0.3091  	0.45968  	-0.3202  	0.61986  	0.27236  	-0.1325  	0.78366  	0.13995  	0.61659  	0.45631  	0.18565  	0.29276  	-0.7255  	-0.4119  	-0.2709  	-0.1566  	-0.0863  	-0.0196  	-0.2005  	0.40996  	0.21734  	0.35598  	0.06845  	-0.4287  	-0.0895  	0.07484  	0.15782  	-0.1735  	0.22791  	0.11592  	-0.0274  	0.01860  	-0.0190  	0.01799  	-0.1397  	-0.1113  	-0.0720  	-0.0018  	-0.0189  	-0.0069  	-0.0109  	0.01782  	0.01200  	0.03517  	-0.0320  	-0.0326  	0.00912  	0.05043  	0.00308  	0.19591  	-0.0401  	-0.0029  	-0.0129  	0.02117  	0.32912  	0.47227  	293.370  	223.447  	
-0.0222  	-0.1279  	-0.2924  	-0.5298  	0.55727  	-1.1232  	-0.4666  	0.28556  	-0.0857  	-0.3978  	-0.0344  	0.77173  	-0.1191  	-0.1620  	-1.0243  	-0.2878  	0.48036  	-0.3225  	0.59963  	0.20656  	-0.1175  	0.83458  	0.15953  	0.61313  	0.50246  	0.17917  	0.38772  	-0.7965  	-0.4373  	-0.2441  	-0.1474  	-0.0883  	-0.0344  	-0.1927  	0.41300  	0.18718  	0.38511  	0.07889  	-0.4657  	-0.0440  	0.11874  	0.12595  	-0.1305  	0.25390  	0.11081  	-0.0371  	0.01551  	-0.0082  	0.01228  	-0.1324  	-0.1078  	-0.0698  	0.00531  	-0.0121  	-0.0119  	-0.0060  	0.01652  	0.00131  	0.03224  	-0.0256  	-0.0332  	0.02154  	0.04379  	-0.0026  	0.19591  	-0.0401  	-0.0029  	-0.0129  	0.02117  	0.32912  	0.47227  	293.370  	223.447  	
0.24170  	-0.0686  	-0.1854  	-0.3138  	0.66362  	-0.9026  	-0.5028  	0.31712  	-0.0607  	-0.4497  	-0.1166  	0.80809  	-0.1344  	-0.2350  	-1.1156  	-0.0413  	0.43887  	-0.2915  	0.64875  	0.23447  	-0.1679  	0.79935  	0.13116  	0.53626  	0.44356  	0.17141  	0.27750  	-0.7070  	-0.4072  	-0.2448  	-0.1886  	-0.0654  	-0.0250  	-0.1958  	0.40386  	0.21123  	0.41272  	0.10261  	-0.4676  	-0.0522  	0.14151  	0.11390  	-0.0967  	0.26573  	0.10410  	-0.0374  	0.00752  	-0.0021  	0.02974  	-0.1437  	-0.1083  	-0.0685  	0.00240  	-0.0140  	-0.0029  	0.00421  	0.01710  	0.00476  	0.03023  	-0.0343  	-0.0412  	0.01059  	0.04679  	0.00130  	0.19591  	-0.0401  	-0.0029  	-0.0129  	0.02117  	0.32912  	0.47227  	293.370  	223.447  	
0.23369  	-0.0544  	-0.1917  	-0.2974  	0.65925  	-0.9561  	-0.4800  	0.29022  	-0.0394  	-0.3867  	-0.0752  	0.85475  	-0.1257  	-0.2017  	-1.1214  	-0.1136  	0.40870  	-0.2942  	0.60553  	0.25155  	-0.1793  	0.78181  	0.07844  	0.52225  	0.40999  	0.17845  	0.27769  	-0.6416  	-0.3368  	-0.2469  	-0.1723  	-0.0568  	-0.0145  	-0.1861  	0.42109  	0.24590  	0.34612  	0.07901  	-0.4570  	-0.0454  	0.12151  	0.13766  	-0.1161  	0.26097  	0.09157  	-0.0366  	0.01374  	0.01191  	0.02398  	-0.1428  	-0.1029  	-0.0709  	0.00291  	-0.0168  	-0.0043  	0.00041  	0.02194  	0.00785  	0.03638  	-0.0348  	-0.0388  	0.01141  	0.05540  	0.00209  	0.19591  	-0.0401  	-0.0029  	-0.0129  	0.02117  	0.32912  	0.47227  	293.370  	223.447  	
0.19363  	-0.0743  	-0.2233  	-0.2744  	0.65516  	-0.9449  	-0.4849  	0.25504  	-0.0802  	-0.4454  	-0.0234  	0.82037  	-0.1887  	-0.1762  	-1.0996  	-0.0620  	0.40245  	-0.3207  	0.63479  	0.19100  	-0.1068  	0.79698  	0.11832  	0.60035  	0.42911  	0.14908  	0.36962  	-0.7389  	-0.4177  	-0.2326  	-0.1939  	-0.0292  	-0.0397  	-0.1902  	0.50870  	0.26673  	0.43117  	0.08669  	-0.5156  	-0.0758  	0.07543  	0.14511  	-0.1428  	0.24866  	0.10448  	-0.0335  	0.01182  	-0.0012  	0.02590  	-0.1395  	-0.1009  	-0.0735  	0.00258  	-0.0134  	-9.0527  	0.00341  	0.02193  	0.00904  	0.03412  	-0.0322  	-0.0393  	0.00797  	0.05634  	-0.0009  	0.19591  	-0.0401  	-0.0029  	-0.0129  	0.02117  	0.32912  	0.47227  	293.370  	223.447  	
0.21654  	-0.0711  	-0.2042  	-0.2517  	0.67812  	-0.9366  	-0.4869  	0.27048  	-0.0833  	-0.4507  	-0.0477  	0.81221  	-0.1781  	-0.1311  	-1.0380  	-0.0735  	0.39425  	-0.3422  	0.64185  	0.17489  	-0.1007  	0.80221  	0.14078  	0.61470  	0.42820  	0.15339  	0.36586  	-0.7762  	-0.4764  	-0.2419  	-0.1922  	-0.0288  	-0.0397  	-0.1899  	0.53606  	0.24394  	0.45120  	0.09331  	-0.5312  	-0.0830  	0.06781  	0.14668  	-0.1555  	0.24681  	0.10769  	-0.0334  	0.01505  	0.00013  	0.03015  	-0.1378  	-0.1030  	-0.0701  	0.00462  	-0.0133  	0.00072  	0.00249  	0.01793  	0.01008  	0.03004  	-0.0346  	-0.0422  	0.01542  	0.05111  	-0.0048  	0.19591  	-0.0401  	-0.0029  	-0.0129  	0.02117  	0.32912  	0.47227  	293.370  	223.447  	
0.28843  	-0.0320  	-0.1445  	-0.2514  	0.65373  	-0.8960  	-0.4825  	0.30420  	-0.0711  	-0.4682  	-0.0142  	0.79568  	-0.1778  	-0.1068  	-0.9769  	-0.0639  	0.40061  	-0.3504  	0.63349  	0.15204  	-0.0255  	0.79631  	0.16617  	0.65313  	0.41633  	0.16869  	0.38665  	-0.8650  	-0.5307  	-0.2672  	-0.1842  	-0.0065  	-0.0323  	-0.1975  	0.57422  	0.18994  	0.48374  	0.11655  	-0.5440  	-0.0840  	0.06710  	0.13668  	-0.1406  	0.25294  	0.10545  	-0.0296  	0.01704  	-0.0059  	0.02245  	-0.1359  	-0.1062  	-0.0661  	0.00513  	-0.0153  	-0.0016  	0.00067  	0.01703  	0.00804  	0.02693  	-0.0343  	-0.0357  	0.01591  	0.04633  	-0.0004  	0.19591  	-0.0401  	-0.0029  	-0.0129  	0.02117  	0.32912  	0.47227  	293.370  	223.447  	
0.44866  	0.04522  	-0.0530  	-0.1928  	0.64874  	-0.7910  	-0.4770  	0.40520  	-0.0133  	-0.5492  	-0.0116  	0.79537  	-0.1250  	-0.0215  	-0.8514  	-0.0521  	0.44214  	-0.4023  	0.62973  	0.09125  	0.12680  	0.79953  	0.20405  	0.72127  	0.37965  	0.15337  	0.45741  	-1.0175  	-0.6627  	-0.2732  	-0.1775  	0.01291  	-0.0188  	-0.2007  	0.63065  	0.11068  	0.57027  	0.15721  	-0.5754  	-0.1106  	0.06391  	0.15628  	-0.1320  	0.23585  	0.09592  	-0.0228  	0.00720  	-0.0005  	0.02590  	-0.1196  	-0.1123  	-0.0630  	0.00964  	-0.0050  	0.00150  	0.00492  	0.01104  	0.00648  	0.03274  	-0.0294  	-0.0341  	0.01741  	0.03644  	-0.0067  	0.19591  	-0.0401  	-0.0029  	-0.0129  	0.02117  	0.32912  	0.47227  	293.370  	223.447  	
0.45716  	0.05470  	-0.0521  	-0.1649  	0.64924  	-0.7989  	-0.4643  	0.43526  	0.00649  	-0.5730  	-0.0058  	0.81899  	-0.1095  	0.03324  	-0.8204  	-0.0553  	0.44395  	-0.4085  	0.61291  	0.08247  	0.13799  	0.78644  	0.19117  	0.70123  	0.36457  	0.15086  	0.46732  	-1.0048  	-0.6587  	-0.2666  	-0.1872  	0.01480  	-0.0058  	-0.1969  	0.62947  	0.08158  	0.56845  	0.16657  	-0.5838  	-0.1306  	0.06143  	0.14594  	-0.1337  	0.24212  	0.09536  	-0.0252  	0.00741  	-0.0065  	0.02532  	-0.1282  	-0.1211  	-0.0657  	0.01013  	-0.0074  	-0.0027  	0.00745  	0.00859  	0.00782  	0.02749  	-0.0350  	-0.0295  	0.02112  	0.04058  	-0.0057  	0.19591  	-0.0401  	-0.0029  	-0.0129  	0.02117  	0.32912  	0.47227  	293.370  	223.447  	
0.30494  	0.04545  	-0.1254  	-0.2388  	0.65508  	-0.9370  	-0.4726  	0.37480  	0.03235  	-0.4442  	0.00119  	0.89635  	-0.0511  	0.02887  	-1.0141  	0.00088  	0.41704  	-0.3200  	0.58317  	0.25149  	-0.0287  	0.75290  	0.09474  	0.59946  	0.35456  	0.19675  	0.26436  	-0.7480  	-0.5097  	-0.2709  	-0.1445  	-0.0501  	0.05818  	-0.1947  	0.50414  	0.12116  	0.39078  	0.09466  	-0.4738  	-0.0965  	0.11636  	0.13778  	-0.1167  	0.21654  	0.10250  	-0.0212  	0.01373  	0.00236  	0.02361  	-0.1242  	-0.1083  	-0.0724  	0.01338  	-0.0149  	-0.0052  	-0.0007  	0.00864  	0.00927  	0.03032  	-0.0349  	-0.0305  	0.02461  	0.04503  	5.32269  	0.19591  	-0.0401  	-0.0029  	-0.0129  	0.02117  	0.32912  	0.47227  	293.370  	223.447  	
-0.1331  	-0.1810  	-0.4460  	-0.5469  	0.59012  	-1.2473  	-0.4877  	0.19669  	-0.0455  	-0.3234  	0.08979  	0.84235  	-0.1146  	-0.2146  	-1.3296  	-0.1181  	0.42885  	-0.2939  	0.61417  	0.26717  	-0.2649  	0.73906  	0.08589  	0.54405  	0.33227  	0.25199  	0.15767  	-0.6058  	-0.4400  	-0.3218  	-0.1013  	-0.0790  	0.00245  	-0.1991  	0.37257  	0.22116  	0.30084  	0.05551  	-0.4315  	-0.1019  	0.17670  	0.13766  	-0.1164  	0.24055  	0.09049  	-0.0387  	0.01643  	0.01430  	0.03482  	-0.1153  	-0.1093  	-0.0711  	0.00180  	-0.0160  	0.00558  	-0.0030  	0.01946  	0.01220  	0.02885  	-0.0327  	-0.0270  	0.01814  	0.06482  	0.00464  	0.19591  	-0.0401  	-0.0029  	-0.0129  	0.02117  	0.32912  	0.47227  	293.370  	223.447  	
-0.2447  	-0.2159  	-0.5055  	-0.5477  	0.67586  	-1.3218  	-0.4519  	0.17067  	-0.0835  	-0.3779  	0.11490  	0.77550  	-0.1751  	-0.2816  	-1.2696  	-0.2624  	0.43359  	-0.2778  	0.58424  	0.28482  	-0.2144  	0.75223  	0.03958  	0.59705  	0.44920  	0.21185  	0.18829  	-0.6116  	-0.3328  	-0.2769  	-0.1679  	-0.0899  	-0.0130  	-0.1878  	0.37381  	0.24757  	0.28819  	0.04676  	-0.4338  	-0.0721  	0.10250  	0.14239  	-0.1486  	0.22387  	0.11548  	-0.0321  	0.00973  	0.00036  	0.01881  	-0.1336  	-0.0998  	-0.0656  	0.00288  	-0.0172  	-0.0012  	-0.0034  	0.02295  	0.00797  	0.03287  	-0.0284  	-0.0333  	0.01395  	0.04072  	-0.0007  	0.19591  	-0.0401  	-0.0029  	-0.0129  	0.02117  	0.32912  	0.47227  	293.370  	223.447  	
-0.0220  	-0.1184  	-0.2836  	-0.5145  	0.54855  	-1.0871  	-0.4834  	0.25265  	-0.0672  	-0.4499  	-0.0064  	0.73351  	-0.2069  	-0.2691  	-1.2102  	-0.1919  	0.47381  	-0.3043  	0.61900  	0.19620  	-0.1548  	0.77938  	0.19096  	0.61719  	0.43373  	0.20562  	0.34507  	-0.7392  	-0.3838  	-0.2472  	-0.1684  	-0.0525  	-0.0384  	-0.1976  	0.38149  	0.23060  	0.39467  	0.08113  	-0.4676  	-0.0831  	0.15095  	0.12259  	-0.1311  	0.26765  	0.10467  	-0.0361  	0.01437  	-0.0032  	0.01907  	-0.1361  	-0.1062  	-0.0762  	0.00785  	-0.0184  	-0.0021  	-0.0052  	0.01899  	0.01237  	0.03527  	-0.0310  	-0.0378  	0.01468  	0.04854  	0.00809  	0.19591  	-0.0401  	-0.0029  	-0.0129  	0.02117  	0.32912  	0.47227  	293.370  	223.447  	
0.13055  	-0.1031  	-0.2407  	-0.3490  	0.64862  	-0.9532  	-0.4970  	0.24770  	-0.0859  	-0.4321  	-0.0848  	0.83504  	-0.1777  	-0.3091  	-1.1648  	-0.1031  	0.45586  	-0.2924  	0.62351  	0.22209  	-0.1812  	0.78546  	0.15475  	0.57161  	0.44790  	0.18231  	0.29523  	-0.6874  	-0.3682  	-0.2412  	-0.1828  	-0.0458  	-0.0399  	-0.2002  	0.39244  	0.22541  	0.37589  	0.08199  	-0.4604  	-0.0394  	0.14147  	0.11687  	-0.1178  	0.27106  	0.10203  	-0.0413  	0.00453  	-0.0045  	0.02723  	-0.1440  	-0.1120  	-0.0696  	-0.0002  	-0.0172  	0.00137  	-0.0001  	0.02327  	0.00999  	0.03032  	-0.0460  	-0.0369  	0.01350  	0.05170  	0.00202  	0.19591  	-0.0401  	-0.0029  	-0.0129  	0.02117  	0.32912  	0.47227  	293.370  	223.447  	
0.16059  	-0.0798  	-0.1966  	-0.3013  	0.68557  	-0.9827  	-0.4973  	0.27264  	-0.0721  	-0.3512  	0.00493  	0.86781  	-0.1797  	-0.2336  	-1.2375  	-0.0065  	0.40155  	-0.2910  	0.62050  	0.24566  	-0.1581  	0.77561  	0.07809  	0.57012  	0.43551  	0.16501  	0.30317  	-0.6881  	-0.3770  	-0.2367  	-0.1873  	-0.0343  	-0.0371  	-0.1948  	0.46106  	0.27718  	0.40052  	0.07166  	-0.4838  	-0.0497  	0.10076  	0.12797  	-0.1259  	0.26105  	0.10731  	-0.0303  	0.01282  	0.00417  	0.03034  	-0.1456  	-0.0962  	-0.0744  	0.00697  	-0.0219  	-0.0001  	0.00118  	0.02373  	0.01141  	0.03311  	-0.0365  	-0.0389  	0.00262  	0.05321  	0.00344  	0.19591  	-0.0401  	-0.0029  	-0.0129  	0.02117  	0.32912  	0.47227  	293.370  	223.447  	
0.20198  	-0.0803  	-0.1764  	-0.2988  	0.65206  	-0.9632  	-0.5057  	0.26876  	-0.0676  	-0.3859  	0.04081  	0.85455  	-0.1944  	-0.2069  	-1.2162  	-0.0112  	0.40841  	-0.3131  	0.65089  	0.21152  	-0.1273  	0.80113  	0.10620  	0.60697  	0.46910  	0.14830  	0.36745  	-0.7507  	-0.4563  	-0.2281  	-0.2013  	-0.0179  	-0.0459  	-0.1982  	0.51646  	0.26266  	0.45008  	0.08881  	-0.5173  	-0.0856  	0.08183  	0.13137  	-0.1272  	0.24726  	0.11310  	-0.0354  	0.01755  	0.00168  	0.03326  	-0.1434  	-0.0916  	-0.0734  	0.00468  	-0.0158  	0.00232  	0.00389  	0.02197  	0.01193  	0.02829  	-0.0332  	-0.0372  	0.00315  	0.05038  	-0.0022  	0.19591  	-0.0401  	-0.0029  	-0.0129  	0.02117  	0.32912  	0.47227  	293.370  	223.447  	
0.19998  	-0.0835  	-0.2085  	-0.2780  	0.67398  	-0.9602  	-0.4792  	0.23739  	-0.0664  	-0.4209  	-0.0244  	0.83600  	-0.1728  	-0.1910  	-1.1894  	-0.0300  	0.42388  	-0.3158  	0.64945  	0.21625  	-0.1379  	0.78550  	0.07389  	0.59683  	0.46864  	0.16293  	0.33433  	-0.7061  	-0.4318  	-0.2191  	-0.2041  	-0.0262  	-0.0421  	-0.1967  	0.50077  	0.26298  	0.42446  	0.07941  	-0.4931  	-0.0679  	0.07761  	0.14982  	-0.1407  	0.24832  	0.11399  	-0.0254  	0.00709  	-0.0005  	0.03174  	-0.1311  	-0.0904  	-0.0706  	0.00395  	-0.0125  	0.00091  	0.00538  	0.01789  	0.01321  	0.02954  	-0.0302  	-0.0447  	0.00249  	0.04530  	-0.0035  	0.19591  	-0.0401  	-0.0029  	-0.0129  	0.02117  	0.32912  	0.47227  	293.370  	223.447  	
0.01710  	-0.1114  	-0.2827  	-0.1629  	0.78816  	-1.0495  	-0.5154  	0.28253  	-0.1299  	-0.4871  	-0.0663  	0.88679  	-0.1406  	-0.2672  	-0.9554  	-0.1925  	0.51589  	-0.4635  	0.71535  	-0.0052  	-0.0927  	0.56198  	-0.2510  	0.64777  	0.42283  	0.27825  	0.34681  	-0.7274  	-0.2719  	-0.2311  	-0.0755  	-0.0917  	-0.1505  	-0.3548  	0.41003  	0.25592  	0.26598  	0.05893  	-0.6005  	-0.1409  	0.12196  	0.29006  	-0.2837  	0.32110  	0.04961  	-0.0162  	-0.0213  	0.00864  	0.01075  	-0.1541  	-0.0875  	-0.0711  	0.00541  	-0.0007  	0.01130  	-0.0015  	0.03359  	0.00554  	0.03635  	-0.0300  	-0.0325  	0.00259  	0.03748  	0.00446  	0.19591  	-0.0401  	-0.0029  	-0.0129  	0.02117  	0.32912  	0.47227  	293.370  	223.447  	
0.18850  	-0.0514  	-0.1858  	0.02515  	0.87421  	-0.9798  	-0.5532  	0.40108  	-0.0881  	-0.6211  	-0.2262  	0.99979  	-0.0332  	-0.1045  	-0.5970  	-0.2966  	0.62716  	-0.6407  	0.73817  	-0.2680  	-0.0007  	0.40504  	-0.3492  	0.64883  	0.29026  	0.36046  	0.34863  	-0.8119  	-0.2383  	-0.2382  	0.01557  	-0.1440  	-0.2085  	-0.4797  	0.37677  	0.12362  	0.19480  	0.05230  	-0.7123  	-0.2195  	0.17823  	0.38354  	-0.3792  	0.38182  	0.00810  	0.01437  	-0.0274  	0.02763  	-0.0058  	-0.1684  	-0.0837  	-0.0627  	0.00135  	0.00988  	0.00172  	8.70646  	0.02378  	-0.0112  	0.04527  	-0.0205  	-0.0297  	0.00698  	0.00952  	-0.0036  	0.19591  	-0.0401  	-0.0029  	-0.0129  	0.02117  	0.32912  	0.47227  	293.370  	223.447  	
0.36114  	0.02326  	-0.0809  	-0.0265  	0.83885  	-0.9198  	-0.5284  	0.48580  	-0.0765  	-0.5464  	-0.2762  	0.89522  	0.04008  	-0.0730  	-0.6448  	-0.2680  	0.67230  	-0.6832  	0.76454  	-0.3632  	0.02232  	0.37674  	-0.4093  	0.64565  	0.33981  	0.36656  	0.34934  	-0.9490  	-0.2534  	-0.2768  	0.04059  	-0.1435  	-0.1992  	-0.5267  	0.37337  	0.09953  	0.20824  	0.08308  	-0.7085  	-0.2086  	0.20181  	0.39210  	-0.3509  	0.42009  	-0.0224  	0.00678  	-0.0295  	0.03693  	-0.0017  	-0.1592  	-0.0817  	-0.0651  	0.00273  	0.01386  	0.00772  	0.00375  	0.01230  	-0.0227  	0.03904  	-0.0102  	-0.0303  	0.01342  	0.00647  	-0.0003  	0.19591  	-0.0401  	-0.0029  	-0.0129  	0.02117  	0.32912  	0.47227  	293.370  	223.447  	
0.34528  	0.01161  	-0.1227  	0.03130  	0.87492  	-0.9035  	-0.4822  	0.45240  	-0.0823  	-0.5098  	-0.2657  	0.85734  	0.03220  	-0.0465  	-0.6667  	-0.1890  	0.60062  	-0.6241  	0.75917  	-0.2843  	-0.0438  	0.41300  	-0.4282  	0.58483  	0.40569  	0.34636  	0.34269  	-0.8869  	-0.1778  	-0.2367  	-0.0017  	-0.1446  	-0.1692  	-0.4873  	0.38421  	0.13638  	0.17562  	0.07087  	-0.6627  	-0.1924  	0.20867  	0.38015  	-0.3386  	0.39943  	-0.0009  	0.00592  	-0.0307  	0.03520  	-0.0024  	-0.1598  	-0.0867  	-0.0660  	0.00580  	0.01457  	0.00984  	-0.0011  	0.01074  	-0.0121  	0.03631  	-0.0195  	-0.0352  	0.01079  	0.01111  	-0.0010  	0.19591  	-0.0401  	-0.0029  	-0.0129  	0.02117  	0.32912  	0.47227  	293.370  	223.447  	
0.09762  	-0.0723  	-0.2854  	-0.1264  	0.84528  	-1.0380  	-0.4824  	0.31997  	-0.0864  	-0.5236  	-0.1466  	0.87039  	-0.0830  	-0.1171  	-0.8555  	-0.2136  	0.53510  	-0.5037  	0.69363  	-0.0688  	-0.0320  	0.59587  	-0.2127  	0.67139  	0.46508  	0.25548  	0.41896  	-0.8494  	-0.3327  	-0.2195  	-0.1015  	-0.0818  	-0.1366  	-0.3730  	0.46350  	0.19254  	0.30979  	0.07643  	-0.6129  	-0.1172  	0.09692  	0.30103  	-0.2973  	0.31940  	0.04954  	-0.0061  	-0.0106  	0.00837  	0.02183  	-0.1565  	-0.0976  	-0.0677  	0.00208  	0.00836  	-0.0007  	-0.0011  	0.01969  	0.00343  	0.04374  	-0.0162  	-0.0338  	0.00295  	0.02577  	0.00116  	0.19591  	-0.0401  	-0.0029  	-0.0129  	0.02117  	0.32912  	0.47227  	293.370  	223.447  	
0.11972  	-0.1256  	-0.2806  	-0.2257  	0.72837  	-0.9464  	-0.5141  	0.23162  	-0.0733  	-0.4771  	-0.1457  	0.79305  	-0.1701  	-0.2603  	-1.0789  	-0.0808  	0.43455  	-0.3337  	0.63305  	0.18451  	-0.1858  	0.78829  	0.09678  	0.60083  	0.51545  	0.17496  	0.37673  	-0.7100  	-0.3989  	-0.1843  	-0.2106  	-0.0270  	-0.0664  	-0.1921  	0.43202  	0.26116  	0.37149  	0.08466  	-0.4725  	-0.0606  	0.05823  	0.13220  	-0.1617  	0.24835  	0.09687  	-0.0362  	0.01133  	-0.0065  	0.02378  	-0.1386  	-0.0943  	-0.0693  	0.00513  	-0.0140  	0.00148  	-0.0007  	0.02801  	0.01386  	0.03670  	-0.0385  	-0.0432  	0.00215  	0.05035  	-0.0003  	0.19591  	-0.0401  	-0.0029  	-0.0129  	0.02117  	0.32912  	0.47227  	293.370  	223.447  	
0.24810  	-0.0734  	-0.2020  	-0.0983  	0.81899  	-0.9508  	-0.4699  	0.22487  	-0.0990  	-0.3759  	-0.1938  	0.87530  	-0.1401  	-0.3055  	-1.1682  	0.04382  	0.40423  	-0.2701  	0.63845  	0.28606  	-0.3377  	0.78689  	-0.0098  	0.57821  	0.54921  	0.15513  	0.32839  	-0.5932  	-0.2855  	-0.1792  	-0.2063  	-0.0433  	-0.0670  	-0.1937  	0.41400  	0.33221  	0.26897  	0.06729  	-0.4199  	-0.0075  	0.07659  	0.15217  	-0.1160  	0.26350  	0.11617  	-0.0287  	0.00965  	0.01869  	0.04105  	-0.1470  	-0.0892  	-0.0712  	0.01235  	-0.0270  	0.00296  	-0.0048  	0.02809  	0.01273  	0.03734  	-0.0302  	-0.0452  	-0.0024  	0.05856  	0.00197  	0.19591  	-0.0401  	-0.0029  	-0.0129  	0.02117  	0.32912  	0.47227  	293.370  	223.447  	
0.27137  	-0.1010  	-0.1742  	-0.0953  	0.78414  	-0.9200  	-0.4499  	0.23638  	-0.0898  	-0.3953  	-0.1433  	0.87130  	-0.1645  	-0.3135  	-1.1220  	0.07317  	0.40605  	-0.3031  	0.65070  	0.25036  	-0.2350  	0.78753  	-0.0214  	0.61151  	0.58174  	0.14137  	0.43388  	-0.6457  	-0.3586  	-0.1840  	-0.2336  	0.00353  	-0.0808  	-0.2017  	0.48224  	0.34777  	0.35524  	0.09622  	-0.4626  	-0.0437  	0.04201  	0.15816  	-0.1358  	0.26162  	0.11249  	-0.0356  	-0.0014  	0.00957  	0.04040  	-0.1452  	-0.0868  	-0.0737  	0.01126  	-0.0159  	0.00548  	0.00150  	0.03065  	0.01286  	0.03879  	-0.0310  	-0.0437  	-0.0064  	0.05785  	0.00280  	0.19591  	-0.0401  	-0.0029  	-0.0129  	0.02117  	0.32912  	0.47227  	293.370  	223.447  	
0.34624  	-0.0720  	-0.1391  	0.05784  	0.85715  	-0.8682  	-0.4541  	0.25361  	-0.0891  	-0.4938  	-0.3334  	0.79858  	-0.1041  	-0.1213  	-0.8427  	-0.0354  	0.41898  	-0.3709  	0.61226  	0.22840  	-0.1672  	0.84391  	0.02412  	0.67272  	0.61643  	0.12818  	0.49110  	-0.7527  	-0.3588  	-0.1626  	-0.2489  	-0.0171  	-0.0780  	-0.1767  	0.55079  	0.27541  	0.38802  	0.08453  	-0.4774  	-0.0221  	0.00728  	0.16792  	-0.1458  	0.25935  	0.10896  	-0.0337  	-0.0040  	0.00543  	0.03508  	-0.1538  	-0.0834  	-0.0683  	0.00653  	-0.0143  	0.00273  	0.00936  	0.02626  	0.00712  	0.03940  	-0.0267  	-0.0380  	0.00130  	0.04887  	0.00759  	0.19591  	-0.0401  	-0.0029  	-0.0129  	0.02117  	0.32912  	0.47227  	293.370  	223.447  	
0.48420  	0.00549  	-0.1398  	0.06231  	0.86323  	-0.8238  	-0.3969  	0.31221  	-0.0475  	-0.5121  	-0.3775  	0.77429  	-0.0375  	0.01888  	-0.7531  	-0.1346  	0.41815  	-0.3398  	0.58362  	0.23077  	-0.1560  	0.85867  	-0.0023  	0.61816  	0.59723  	0.13481  	0.47685  	-0.7267  	-0.3340  	-0.1635  	-0.2203  	-0.0178  	-0.0463  	-0.1648  	0.53512  	0.23643  	0.37641  	0.07520  	-0.4683  	-0.0248  	0.03449  	0.17005  	-0.1314  	0.25592  	0.09968  	-0.0368  	-0.0111  	0.02116  	0.04400  	-0.1403  	-0.0909  	-0.0695  	0.00511  	-0.0141  	0.00143  	0.01404  	0.02654  	0.00574  	0.03647  	-0.0337  	-0.0387  	0.00560  	0.04289  	0.00349  	0.19591  	-0.0401  	-0.0029  	-0.0129  	0.02117  	0.32912  	0.47227  	293.370  	223.447  	
0.39066  	0.02512  	-0.2723  	0.25980  	0.97620  	-0.8417  	-0.4222  	0.38526  	-0.0420  	-0.5541  	-0.3578  	0.80797  	0.00430  	0.24396  	-0.5656  	-0.2277  	0.41435  	-0.4004  	0.55356  	0.24267  	-0.1059  	0.89195  	-0.0407  	0.70052  	0.65177  	0.11649  	0.48946  	-0.7050  	-0.3012  	-0.1335  	-0.2539  	-0.0408  	-0.0537  	-0.1860  	0.59068  	0.18693  	0.33909  	0.03254  	-0.4466  	-0.0204  	-0.0273  	0.17323  	-0.1859  	0.23485  	0.11446  	-0.0271  	-0.0077  	0.00714  	0.03531  	-0.1477  	-0.0910  	-0.0725  	0.00367  	-0.0244  	-0.0025  	0.01217  	0.02499  	0.01112  	0.04143  	-0.0332  	-0.0338  	0.00968  	0.03821  	-0.0032  	0.19591  	-0.0401  	-0.0029  	-0.0129  	0.02117  	0.32912  	0.47227  	293.370  	223.447  	
0.31805  	-0.0475  	-0.4638  	0.44895  	1.16415  	-0.8813  	-0.4054  	0.33579  	-0.0723  	-0.5485  	-0.3540  	0.97591  	0.04662  	0.24159  	-0.5085  	-0.1652  	0.39202  	-0.3813  	0.57162  	0.25011  	-0.2279  	0.90100  	-0.0866  	0.64222  	0.64811  	0.14634  	0.42409  	-0.5867  	-0.2401  	-0.0820  	-0.2466  	-0.0426  	-0.0289  	-0.1700  	0.60277  	0.20161  	0.26670  	0.02988  	-0.4315  	-0.0262  	-0.0434  	0.17101  	-0.1846  	0.21685  	0.11334  	-0.0224  	0.00752  	-0.0060  	0.04190  	-0.1430  	-0.0919  	-0.0725  	0.00128  	-0.0228  	-0.0016  	0.00981  	0.01890  	0.00619  	0.04676  	-0.0317  	-0.0353  	0.00797  	0.02553  	-0.0146  	0.19591  	-0.0401  	-0.0029  	-0.0129  	0.02117  	0.32912  	0.47227  	293.370  	223.447  	
0.29611  	-0.0308  	-0.4353  	0.46185  	1.19389  	-0.9330  	-0.3922  	0.34578  	-0.0627  	-0.5338  	-0.3996  	1.05068  	0.08036  	0.27066  	-0.5700  	-0.1294  	0.35930  	-0.3256  	0.54707  	0.28676  	-0.2548  	0.86899  	-0.1472  	0.59951  	0.62178  	0.13712  	0.38824  	-0.5178  	-0.2075  	-0.0820  	-0.2566  	-0.0739  	0.00680  	-0.1556  	0.58164  	0.18409  	0.23016  	0.01837  	-0.4149  	0.00807  	-0.0531  	0.17463  	-0.1768  	0.22998  	0.11295  	-0.0269  	0.00981  	0.00289  	0.04436  	-0.1534  	-0.0982  	-0.0776  	-0.0064  	-0.0184  	-0.0045  	0.00932  	0.01731  	-0.0014  	0.03513  	-0.0374  	-0.0342  	0.00569  	0.03466  	-0.0063  	0.19591  	-0.0401  	-0.0029  	-0.0129  	0.02117  	0.32912  	0.47227  	293.370  	223.447  	
0.18155  	-0.0966  	-0.4431  	0.17740  	1.06942  	-1.0408  	-0.3876  	0.27968  	-0.0495  	-0.4324  	-0.2277  	1.06593  	0.01516  	0.12840  	-0.7779  	-0.1171  	0.34957  	-0.2966  	0.52522  	0.29351  	-0.2222  	0.80649  	-0.1118  	0.63425  	0.50551  	0.16854  	0.34585  	-0.5579  	-0.3037  	-0.1457  	-0.2254  	-0.0743  	0.00838  	-0.1500  	0.57431  	0.18173  	0.26716  	0.02408  	-0.4411  	-0.0006  	-0.0231  	0.17923  	-0.1827  	0.23938  	0.11453  	-0.0383  	0.00493  	-0.0100  	0.03718  	-0.1376  	-0.0978  	-0.0760  	-0.0023  	-0.0096  	-0.0079  	0.00395  	0.01650  	0.00428  	0.02886  	-0.0363  	-0.0431  	0.01166  	0.03845  	0.00332  	0.19591  	-0.0401  	-0.0029  	-0.0129  	0.02117  	0.32912  	0.47227  	293.370  	223.447  	
-0.0238  	-0.1548  	-0.4141  	-0.1756  	0.91154  	-1.0874  	-0.3956  	0.25711  	-0.0757  	-0.4147  	-0.0623  	0.93951  	-0.1391  	-0.1757  	-0.9530  	-0.1417  	0.39164  	-0.2848  	0.58088  	0.33071  	-0.1739  	0.76714  	0.01732  	0.61232  	0.46312  	0.18343  	0.29268  	-0.5861  	-0.3539  	-0.2285  	-0.1971  	-0.1032  	-0.0263  	-0.1644  	0.49669  	0.21972  	0.27212  	0.04183  	-0.4568  	-0.0652  	0.03216  	0.17558  	-0.1618  	0.22178  	0.10922  	-0.0336  	0.01124  	-0.0108  	0.03157  	-0.1389  	-0.0866  	-0.0759  	0.00415  	-0.0169  	-0.0028  	0.00257  	0.03150  	0.00826  	0.02915  	-0.0359  	-0.0377  	0.00491  	0.04431  	0.00114  	0.19591  	-0.0401  	-0.0029  	-0.0129  	0.02117  	0.32912  	0.47227  	293.370  	223.447  	
-0.0423  	-0.1055  	-0.3739  	-0.2409  	0.74136  	-1.0251  	-0.4652  	0.27844  	-0.0761  	-0.4609  	-0.1172  	0.84931  	-0.1474  	-0.1606  	-0.9698  	-0.2052  	0.43546  	-0.2977  	0.58240  	0.25400  	-0.1590  	0.81963  	0.12940  	0.57928  	0.46038  	0.19151  	0.27777  	-0.6548  	-0.3143  	-0.2027  	-0.1762  	-0.0833  	-0.0382  	-0.1807  	0.41153  	0.21599  	0.30825  	0.04645  	-0.4223  	-0.0515  	0.07939  	0.15561  	-0.1390  	0.23483  	0.11918  	-0.0264  	0.01346  	-0.0180  	0.02758  	-0.1422  	-0.1005  	-0.0654  	0.00206  	-0.0157  	-0.0011  	-0.0021  	0.02615  	0.01057  	0.03682  	-0.0321  	-0.0409  	0.00480  	0.04678  	0.00133  	0.19591  	-0.0401  	-0.0029  	-0.0129  	0.02117  	0.32912  	0.47227  	293.370  	223.447  	
0.06824  	-0.0949  	-0.3261  	-0.1759  	0.75687  	-0.9599  	-0.4927  	0.29494  	-0.0731  	-0.5109  	-0.2223  	0.84516  	-0.1354  	-0.1578  	-0.8930  	-0.1910  	0.45882  	-0.2934  	0.59862  	0.21827  	-0.1614  	0.82936  	0.14165  	0.54830  	0.47022  	0.19458  	0.31642  	-0.6633  	-0.3220  	-0.2119  	-0.1764  	-0.0793  	-0.0332  	-0.1766  	0.40848  	0.18567  	0.32991  	0.07355  	-0.4424  	-0.0713  	0.09684  	0.13715  	-0.1313  	0.25138  	0.11000  	-0.0273  	0.01638  	-0.0023  	0.01734  	-0.1411  	-0.1033  	-0.0672  	-0.0020  	-0.0226  	0.00043  	0.00100  	0.02310  	0.01196  	0.03417  	-0.0403  	-0.0353  	-0.0037  	0.04835  	0.00366  	0.19591  	-0.0401  	-0.0029  	-0.0129  	0.02117  	0.32912  	0.47227  	293.370  	223.447  	
0.13037  	-0.0553  	-0.2582  	-0.1269  	0.75591  	-0.9276  	-0.4927  	0.30045  	-0.0571  	-0.5201  	-0.2703  	0.85533  	-0.1112  	-0.1657  	-0.8429  	-0.2035  	0.45560  	-0.3037  	0.60398  	0.21596  	-0.1530  	0.81986  	0.16266  	0.55122  	0.43714  	0.20208  	0.29561  	-0.6713  	-0.3338  	-0.2270  	-0.1794  	-0.0691  	-0.0301  	-0.1713  	0.40573  	0.17340  	0.34924  	0.08122  	-0.4406  	-0.0630  	0.12968  	0.11805  	-0.1234  	0.27185  	0.10174  	-0.0346  	0.01705  	-0.0014  	0.02545  	-0.1452  	-0.1098  	-0.0671  	0.00570  	-0.0212  	0.00404  	-0.0050  	0.01714  	0.01481  	0.03093  	-0.0365  	-0.0372  	0.00486  	0.04335  	0.00224  	0.19591  	-0.0401  	-0.0029  	-0.0129  	0.02117  	0.32912  	0.47227  	293.370  	223.447  	
0.22491  	-0.0042  	-0.1830  	-0.0987  	0.73179  	-0.8811  	-0.5095  	0.34081  	-0.0500  	-0.5306  	-0.2401  	0.87060  	-0.0913  	-0.1291  	-0.8009  	-0.1708  	0.45828  	-0.3343  	0.58788  	0.23653  	-0.0775  	0.80423  	0.16646  	0.55352  	0.41739  	0.19457  	0.28457  	-0.6949  	-0.3794  	-0.2480  	-0.1734  	-0.0600  	-0.0168  	-0.1722  	0.43535  	0.13157  	0.38226  	0.09815  	-0.4485  	-0.0540  	0.11480  	0.11658  	-0.1143  	0.26435  	0.09545  	-0.0353  	0.01175  	0.00694  	0.02193  	-0.1350  	-0.1037  	-0.0678  	0.00819  	-0.0162  	0.00441  	0.00664  	0.01539  	0.00558  	0.03148  	-0.0327  	-0.0339  	0.01347  	0.03754  	0.00368  	0.19591  	-0.0401  	-0.0029  	-0.0129  	0.02117  	0.32912  	0.47227  	293.370  	223.447  	
0.35571  	0.02880  	-0.0990  	-0.1126  	0.71879  	-0.8209  	-0.5104  	0.38487  	-0.0307  	-0.5638  	-0.1498  	0.83866  	-0.1095  	-0.0465  	-0.7661  	-0.1110  	0.46631  	-0.3868  	0.61369  	0.16619  	0.06320  	0.81324  	0.16016  	0.62107  	0.41395  	0.15944  	0.40520  	-0.8485  	-0.5220  	-0.2509  	-0.1888  	-0.0219  	-0.0141  	-0.1883  	0.53105  	0.10296  	0.51728  	0.13090  	-0.5059  	-0.0980  	0.07983  	0.13068  	-0.1334  	0.26056  	0.10130  	-0.0250  	0.01237  	-0.0026  	0.02060  	-0.1285  	-0.1080  	-0.0686  	0.01030  	-0.0143  	-0.0011  	0.01234  	0.01485  	0.00712  	0.03171  	-0.0327  	-0.0346  	0.01937  	0.04053  	-0.0013  	0.19591  	-0.0401  	-0.0029  	-0.0129  	0.02117  	0.32912  	0.47227  	293.370  	223.447  	
0.48591  	0.06670  	-0.0330  	-0.0735  	0.69718  	-0.7660  	-0.4781  	0.46406  	0.03006  	-0.6001  	-0.0731  	0.85345  	-0.0942  	0.05214  	-0.7478  	-0.0464  	0.44554  	-0.4084  	0.60049  	0.10932  	0.14923  	0.81322  	0.18679  	0.64817  	0.37592  	0.14650  	0.45178  	-0.9538  	-0.6205  	-0.2611  	-0.1948  	-0.0022  	0.00108  	-0.1968  	0.60858  	0.06879  	0.57068  	0.16374  	-0.5590  	-0.1286  	0.05756  	0.12866  	-0.1361  	0.24948  	0.09545  	-0.0277  	0.00842  	-0.0031  	0.02558  	-0.1239  	-0.1116  	-0.0700  	0.00968  	-0.0096  	-0.0034  	0.01682  	0.01073  	0.00701  	0.03044  	-0.0310  	-0.0324  	0.02314  	0.04081  	-0.0030  	0.19591  	-0.0401  	-0.0029  	-0.0129  	0.02117  	0.32912  	0.47227  	293.370  	223.447  	
0.53484  	0.07567  	-0.0157  	-0.0814  	0.67420  	-0.7482  	-0.4570  	0.48389  	0.04988  	-0.6156  	-0.0389  	0.85854  	-0.0993  	0.07789  	-0.7167  	-0.0266  	0.46739  	-0.4347  	0.60769  	0.08358  	0.17995  	0.82534  	0.22196  	0.69561  	0.37901  	0.14969  	0.49794  	-1.0058  	-0.6748  	-0.2696  	-0.1978  	0.00696  	0.00545  	-0.2063  	0.63073  	0.05066  	0.60329  	0.17255  	-0.5723  	-0.1390  	0.03786  	0.13274  	-0.1357  	0.24803  	0.09575  	-0.0267  	0.00703  	0.00054  	0.02659  	-0.1277  	-0.1143  	-0.0663  	0.00736  	-0.0096  	-0.0042  	0.01561  	0.00850  	0.00915  	0.02933  	-0.0305  	-0.0310  	0.02085  	0.04000  	-0.0023  	0.19591  	-0.0401  	-0.0029  	-0.0129  	0.02117  	0.32912  	0.47227  	293.370  	223.447  	
0.56307  	0.08966  	0.04403  	-0.0582  	0.67479  	-0.7445  	-0.4852  	0.56615  	0.03770  	-0.6473  	-0.0133  	0.88598  	-0.0354  	0.04371  	-0.6443  	-0.0615  	0.56729  	-0.6162  	0.68433  	-0.1958  	0.25956  	0.60553  	-0.0147  	0.72697  	0.31337  	0.25200  	0.51326  	-1.1261  	-0.6148  	-0.2754  	-0.0762  	-0.0371  	-0.0905  	-0.3656  	0.57188  	0.01851  	0.53147  	0.17692  	-0.6844  	-0.2284  	0.09574  	0.27265  	-0.2545  	0.32550  	0.03508  	-0.0075  	-0.0188  	0.02275  	0.01516  	-0.1461  	-0.1104  	-0.0596  	0.01005  	0.00971  	0.00229  	0.01428  	0.00354  	-0.0016  	0.02827  	-0.0187  	-0.0255  	0.01702  	0.02955  	0.00111  	0.19591  	-0.0401  	-0.0029  	-0.0129  	0.02117  	0.32912  	0.47227  	293.370  	223.447  	
0.56536  	0.10236  	0.07661  	-0.0410  	0.68123  	-0.7668  	-0.5129  	0.61440  	0.02097  	-0.6686  	-0.0003  	0.90017  	0.00382  	0.00185  	-0.5959  	-0.1103  	0.64214  	-0.7504  	0.74252  	-0.4085  	0.31751  	0.42208  	-0.2186  	0.72905  	0.25807  	0.33350  	0.51062  	-1.2014  	-0.5501  	-0.2918  	0.01807  	-0.0766  	-0.1667  	-0.4978  	0.51961  	-0.0043  	0.46112  	0.17540  	-0.7781  	-0.2961  	0.15637  	0.37860  	-0.3491  	0.38910  	-0.0124  	0.00891  	-0.0381  	0.03794  	0.00262  	-0.1557  	-0.1054  	-0.0557  	0.01110  	0.02318  	0.00730  	0.01315  	0.00150  	-0.0107  	0.02878  	-0.0116  	-0.0217  	0.01444  	0.01646  	0.00153  	0.19591  	-0.0401  	-0.0029  	-0.0129  	0.02117  	0.32912  	0.47227  	293.370  	223.447  	
0.56593  	0.10553  	0.08475  	-0.0367  	0.68284  	-0.7724  	-0.5198  	0.62646  	0.01678  	-0.6739  	0.00294  	0.90372  	0.01363  	-0.0086  	-0.5838  	-0.1225  	0.66085  	-0.7840  	0.75706  	-0.4617  	0.33200  	0.37622  	-0.2696  	0.72957  	0.24424  	0.35388  	0.50996  	-1.2202  	-0.5339  	-0.2958  	0.04165  	-0.0864  	-0.1857  	-0.5308  	0.50655  	-0.0100  	0.44353  	0.17503  	-0.8016  	-0.3130  	0.17153  	0.40509  	-0.3727  	0.40499  	-0.0243  	0.01302  	-0.0429  	0.04174  	-0.0005  	-0.1581  	-0.1042  	-0.0547  	0.01137  	0.02655  	0.00856  	0.01286  	0.00098  	-0.0130  	0.02890  	-0.0099  	-0.0208  	0.01379  	0.01319  	0.00164  	0.19591  	-0.0401  	-0.0029  	-0.0129  	0.02117  	0.32912  	0.47227  	293.370  	223.447  	
0.56536  	0.10236  	0.07661  	-0.0410  	0.68123  	-0.7668  	-0.5129  	0.61440  	0.02097  	-0.6686  	-0.0003  	0.90017  	0.00382  	0.00185  	-0.5959  	-0.1103  	0.64214  	-0.7504  	0.74252  	-0.4085  	0.31751  	0.42208  	-0.2186  	0.72905  	0.25807  	0.33350  	0.51062  	-1.2014  	-0.5501  	-0.2918  	0.01807  	-0.0766  	-0.1667  	-0.4978  	0.51961  	-0.0043  	0.46112  	0.17540  	-0.7781  	-0.2961  	0.15637  	0.37860  	-0.3491  	0.38910  	-0.0124  	0.00891  	-0.0381  	0.03794  	0.00262  	-0.1557  	-0.1054  	-0.0557  	0.01110  	0.02318  	0.00730  	0.01315  	0.00150  	-0.0107  	0.02878  	-0.0116  	-0.0217  	0.01444  	0.01646  	0.00153  	0.19591  	-0.0401  	-0.0029  	-0.0129  	0.02117  	0.32912  	0.47227  	293.370  	223.447  	
0.56307  	0.08966  	0.04403  	-0.0582  	0.67479  	-0.7445  	-0.4852  	0.56615  	0.03770  	-0.6473  	-0.0133  	0.88598  	-0.0354  	0.04371  	-0.6443  	-0.0615  	0.56729  	-0.6162  	0.68433  	-0.1958  	0.25956  	0.60553  	-0.0147  	0.72697  	0.31337  	0.25200  	0.51326  	-1.1261  	-0.6148  	-0.2754  	-0.0762  	-0.0371  	-0.0905  	-0.3656  	0.57188  	0.01851  	0.53147  	0.17692  	-0.6844  	-0.2284  	0.09574  	0.27265  	-0.2545  	0.32550  	0.03508  	-0.0075  	-0.0188  	0.02275  	0.01516  	-0.1461  	-0.1104  	-0.0596  	0.01005  	0.00971  	0.00229  	0.01428  	0.00354  	-0.0016  	0.02827  	-0.0187  	-0.0255  	0.01702  	0.02955  	0.00111  	0.19591  	-0.0401  	-0.0029  	-0.0129  	0.02117  	0.32912  	0.47227  	293.370  	223.447  	
0.56021  	0.07378  	0.00331  	-0.0797  	0.66674  	-0.7166  	-0.4505  	0.50584  	0.05863  	-0.6208  	-0.0296  	0.86825  	-0.0844  	0.09603  	-0.7048  	-0.0006  	0.47372  	-0.4484  	0.61160  	0.07002  	0.18712  	0.83485  	0.24010  	0.72437  	0.38250  	0.15011  	0.51655  	-1.0320  	-0.6957  	-0.2549  	-0.1941  	0.01211  	0.00471  	-0.2004  	0.63722  	0.04709  	0.61942  	0.17881  	-0.5672  	-0.1437  	0.01994  	0.14022  	-0.1362  	0.24601  	0.09455  	-0.0280  	0.00523  	0.00377  	0.03084  	-0.1340  	-0.1166  	-0.0645  	0.00873  	-0.0071  	-0.0039  	0.01571  	0.00610  	0.00978  	0.02763  	-0.0275  	-0.0302  	0.02024  	0.04591  	0.00058  	0.19591  	-0.0401  	-0.0029  	-0.0129  	0.02117  	0.32912  	0.47227  	293.370  	223.447  	
0.56021  	0.07378  	0.00331  	-0.0797  	0.66674  	-0.7166  	-0.4505  	0.50584  	0.05863  	-0.6208  	-0.0296  	0.86825  	-0.0844  	0.09603  	-0.7048  	-0.0006  	0.47372  	-0.4484  	0.61160  	0.07002  	0.18712  	0.83485  	0.24010  	0.72437  	0.38250  	0.15011  	0.51655  	-1.0320  	-0.6957  	-0.2549  	-0.1941  	0.01211  	0.00471  	-0.2004  	0.63722  	0.04709  	0.61942  	0.17881  	-0.5672  	-0.1437  	0.01994  	0.14022  	-0.1362  	0.24601  	0.09455  	-0.0280  	0.00523  	0.00377  	0.03084  	-0.1340  	-0.1166  	-0.0645  	0.00873  	-0.0071  	-0.0039  	0.01571  	0.00610  	0.00978  	0.02763  	-0.0275  	-0.0302  	0.02024  	0.04591  	0.00058  	0.19591  	-0.0401  	-0.0029  	-0.0129  	0.02117  	0.32912  	0.47227  	293.370  	223.447  	
0.56021  	0.07378  	0.00331  	-0.0797  	0.66674  	-0.7166  	-0.4505  	0.50584  	0.05863  	-0.6208  	-0.0296  	0.86825  	-0.0844  	0.09603  	-0.7048  	-0.0006  	0.47372  	-0.4484  	0.61160  	0.07002  	0.18712  	0.83485  	0.24010  	0.72437  	0.38250  	0.15011  	0.51655  	-1.0320  	-0.6957  	-0.2549  	-0.1941  	0.01211  	0.00471  	-0.2004  	0.63722  	0.04709  	0.61942  	0.17881  	-0.5672  	-0.1437  	0.01994  	0.14022  	-0.1362  	0.24601  	0.09455  	-0.0280  	0.00523  	0.00377  	0.03084  	-0.1340  	-0.1166  	-0.0645  	0.00873  	-0.0071  	-0.0039  	0.01571  	0.00610  	0.00978  	0.02763  	-0.0275  	-0.0302  	0.02024  	0.04591  	0.00058  	0.19591  	-0.0401  	-0.0029  	-0.0129  	0.02117  	0.32912  	0.47227  	293.370  	223.447  	
0.56021  	0.07378  	0.00331  	-0.0797  	0.66674  	-0.7166  	-0.4505  	0.50584  	0.05863  	-0.6208  	-0.0296  	0.86825  	-0.0844  	0.09603  	-0.7048  	-0.0006  	0.47372  	-0.4484  	0.61160  	0.07002  	0.18712  	0.83485  	0.24010  	0.72437  	0.38250  	0.15011  	0.51655  	-1.0320  	-0.6957  	-0.2549  	-0.1941  	0.01211  	0.00471  	-0.2004  	0.63722  	0.04709  	0.61942  	0.17881  	-0.5672  	-0.1437  	0.01994  	0.14022  	-0.1362  	0.24601  	0.09455  	-0.0280  	0.00523  	0.00377  	0.03084  	-0.1340  	-0.1166  	-0.0645  	0.00873  	-0.0071  	-0.0039  	0.01571  	0.00610  	0.00978  	0.02763  	-0.0275  	-0.0302  	0.02024  	0.04591  	0.00058  	0.19591  	-0.0401  	-0.0029  	-0.0129  	0.02117  	0.32912  	0.47227  	293.370  	223.447  	
0.56021  	0.07378  	0.00331  	-0.0797  	0.66674  	-0.7166  	-0.4505  	0.50584  	0.05863  	-0.6208  	-0.0296  	0.86825  	-0.0844  	0.09603  	-0.7048  	-0.0006  	0.47372  	-0.4484  	0.61160  	0.07002  	0.18712  	0.83485  	0.24010  	0.72437  	0.38250  	0.15011  	0.51655  	-1.0320  	-0.6957  	-0.2549  	-0.1941  	0.01211  	0.00471  	-0.2004  	0.63722  	0.04709  	0.61942  	0.17881  	-0.5672  	-0.1437  	0.01994  	0.14022  	-0.1362  	0.24601  	0.09455  	-0.0280  	0.00523  	0.00377  	0.03084  	-0.1340  	-0.1166  	-0.0645  	0.00873  	-0.0071  	-0.0039  	0.01571  	0.00610  	0.00978  	0.02763  	-0.0275  	-0.0302  	0.02024  	0.04591  	0.00058  	0.19591  	-0.0401  	-0.0029  	-0.0129  	0.02117  	0.32912  	0.47227  	293.370  	223.447  	
0.56021  	0.07378  	0.00331  	-0.0797  	0.66674  	-0.7166  	-0.4505  	0.50584  	0.05863  	-0.6208  	-0.0296  	0.86825  	-0.0844  	0.09603  	-0.7048  	-0.0006  	0.47372  	-0.4484  	0.61160  	0.07002  	0.18712  	0.83485  	0.24010  	0.72437  	0.38250  	0.15011  	0.51655  	-1.0320  	-0.6957  	-0.2549  	-0.1941  	0.01211  	0.00471  	-0.2004  	0.63722  	0.04709  	0.61942  	0.17881  	-0.5672  	-0.1437  	0.01994  	0.14022  	-0.1362  	0.24601  	0.09455  	-0.0280  	0.00523  	0.00377  	0.03084  	-0.1340  	-0.1166  	-0.0645  	0.00873  	-0.0071  	-0.0039  	0.01571  	0.00610  	0.00978  	0.02763  	-0.0275  	-0.0302  	0.02024  	0.04591  	0.00058  	0.19591  	-0.0401  	-0.0029  	-0.0129  	0.02117  	0.32912  	0.47227  	293.370  	223.447  	
0.56021  	0.07378  	0.00331  	-0.0797  	0.66674  	-0.7166  	-0.4505  	0.50584  	0.05863  	-0.6208  	-0.0296  	0.86825  	-0.0844  	0.09603  	-0.7048  	-0.0006  	0.47372  	-0.4484  	0.61160  	0.07002  	0.18712  	0.83485  	0.24010  	0.72437  	0.38250  	0.15011  	0.51655  	-1.0320  	-0.6957  	-0.2549  	-0.1941  	0.01211  	0.00471  	-0.2004  	0.63722  	0.04709  	0.61942  	0.17881  	-0.5672  	-0.1437  	0.01994  	0.14022  	-0.1362  	0.24601  	0.09455  	-0.0280  	0.00523  	0.00377  	0.03084  	-0.1340  	-0.1166  	-0.0645  	0.00873  	-0.0071  	-0.0039  	0.01571  	0.00610  	0.00978  	0.02763  	-0.0275  	-0.0302  	0.02024  	0.04591  	0.00058  	0.19591  	-0.0401  	-0.0029  	-0.0129  	0.02117  	0.32912  	0.47227  	293.370  	223.447  	
0.56021  	0.07378  	0.00331  	-0.0797  	0.66674  	-0.7166  	-0.4505  	0.50584  	0.05863  	-0.6208  	-0.0296  	0.86825  	-0.0844  	0.09603  	-0.7048  	-0.0006  	0.47372  	-0.4484  	0.61160  	0.07002  	0.18712  	0.83485  	0.24010  	0.72437  	0.38250  	0.15011  	0.51655  	-1.0320  	-0.6957  	-0.2549  	-0.1941  	0.01211  	0.00471  	-0.2004  	0.63722  	0.04709  	0.61942  	0.17881  	-0.5672  	-0.1437  	0.01994  	0.14022  	-0.1362  	0.24601  	0.09455  	-0.0280  	0.00523  	0.00377  	0.03084  	-0.1340  	-0.1166  	-0.0645  	0.00873  	-0.0071  	-0.0039  	0.01571  	0.00610  	0.00978  	0.02763  	-0.0275  	-0.0302  	0.02024  	0.04591  	0.00058  	0.19591  	-0.0401  	-0.0029  	-0.0129  	0.02117  	0.32912  	0.47227  	293.370  	223.447  	
0.56021  	0.07378  	0.00331  	-0.0797  	0.66674  	-0.7166  	-0.4505  	0.50584  	0.05863  	-0.6208  	-0.0296  	0.86825  	-0.0844  	0.09603  	-0.7048  	-0.0006  	0.47372  	-0.4484  	0.61160  	0.07002  	0.18712  	0.83485  	0.24010  	0.72437  	0.38250  	0.15011  	0.51655  	-1.0320  	-0.6957  	-0.2549  	-0.1941  	0.01211  	0.00471  	-0.2004  	0.63722  	0.04709  	0.61942  	0.17881  	-0.5672  	-0.1437  	0.01994  	0.14022  	-0.1362  	0.24601  	0.09455  	-0.0280  	0.00523  	0.00377  	0.03084  	-0.1340  	-0.1166  	-0.0645  	0.00873  	-0.0071  	-0.0039  	0.01571  	0.00610  	0.00978  	0.02763  	-0.0275  	-0.0302  	0.02024  	0.04591  	0.00058  	0.19591  	-0.0401  	-0.0029  	-0.0129  	0.02117  	0.32912  	0.47227  	293.370  	223.447  	
0.56021  	0.07378  	0.00331  	-0.0797  	0.66674  	-0.7166  	-0.4505  	0.50584  	0.05863  	-0.6208  	-0.0296  	0.86825  	-0.0844  	0.09603  	-0.7048  	-0.0006  	0.47372  	-0.4484  	0.61160  	0.07002  	0.18712  	0.83485  	0.24010  	0.72437  	0.38250  	0.15011  	0.51655  	-1.0320  	-0.6957  	-0.2549  	-0.1941  	0.01211  	0.00471  	-0.2004  	0.63722  	0.04709  	0.61942  	0.17881  	-0.5672  	-0.1437  	0.01994  	0.14022  	-0.1362  	0.24601  	0.09455  	-0.0280  	0.00523  	0.00377  	0.03084  	-0.1340  	-0.1166  	-0.0645  	0.00873  	-0.0071  	-0.0039  	0.01571  	0.00610  	0.00978  	0.02763  	-0.0275  	-0.0302  	0.02024  	0.04591  	0.00058  	0.19591  	-0.0401  	-0.0029  	-0.0129  	0.02117  	0.32912  	0.47227  	293.370  	223.447  	
0.56021  	0.07378  	0.00331  	-0.0797  	0.66674  	-0.7166  	-0.4505  	0.50584  	0.05863  	-0.6208  	-0.0296  	0.86825  	-0.0844  	0.09603  	-0.7048  	-0.0006  	0.47372  	-0.4484  	0.61160  	0.07002  	0.18712  	0.83485  	0.24010  	0.72437  	0.38250  	0.15011  	0.51655  	-1.0320  	-0.6957  	-0.2549  	-0.1941  	0.01211  	0.00471  	-0.2004  	0.63722  	0.04709  	0.61942  	0.17881  	-0.5672  	-0.1437  	0.01994  	0.14022  	-0.1362  	0.24601  	0.09455  	-0.0280  	0.00523  	0.00377  	0.03084  	-0.1340  	-0.1166  	-0.0645  	0.00873  	-0.0071  	-0.0039  	0.01571  	0.00610  	0.00978  	0.02763  	-0.0275  	-0.0302  	0.02024  	0.04591  	0.00058  	0.19591  	-0.0401  	-0.0029  	-0.0129  	0.02117  	0.32912  	0.47227  	293.370  	223.447  	
0.56021  	0.07378  	0.00331  	-0.0797  	0.66674  	-0.7166  	-0.4505  	0.50584  	0.05863  	-0.6208  	-0.0296  	0.86825  	-0.0844  	0.09603  	-0.7048  	-0.0006  	0.47372  	-0.4484  	0.61160  	0.07002  	0.18712  	0.83485  	0.24010  	0.72437  	0.38250  	0.15011  	0.51655  	-1.0320  	-0.6957  	-0.2549  	-0.1941  	0.01211  	0.00471  	-0.2004  	0.63722  	0.04709  	0.61942  	0.17881  	-0.5672  	-0.1437  	0.01994  	0.14022  	-0.1362  	0.24601  	0.09455  	-0.0280  	0.00523  	0.00377  	0.03084  	-0.1340  	-0.1166  	-0.0645  	0.00873  	-0.0071  	-0.0039  	0.01571  	0.00610  	0.00978  	0.02763  	-0.0275  	-0.0302  	0.02024  	0.04591  	0.00058  	0.19591  	-0.0401  	-0.0029  	-0.0129  	0.02117  	0.32912  	0.47227  	293.370  	223.447  	
0.56021  	0.07378  	0.00331  	-0.0797  	0.66674  	-0.7166  	-0.4505  	0.50584  	0.05863  	-0.6208  	-0.0296  	0.86825  	-0.0844  	0.09603  	-0.7048  	-0.0006  	0.47372  	-0.4484  	0.61160  	0.07002  	0.18712  	0.83485  	0.24010  	0.72437  	0.38250  	0.15011  	0.51655  	-1.0320  	-0.6957  	-0.2549  	-0.1941  	0.01211  	0.00471  	-0.2004  	0.63722  	0.04709  	0.61942  	0.17881  	-0.5672  	-0.1437  	0.01994  	0.14022  	-0.1362  	0.24601  	0.09455  	-0.0280  	0.00523  	0.00377  	0.03084  	-0.1340  	-0.1166  	-0.0645  	0.00873  	-0.0071  	-0.0039  	0.01571  	0.00610  	0.00978  	0.02763  	-0.0275  	-0.0302  	0.02024  	0.04591  	0.00058  	0.19591  	-0.0401  	-0.0029  	-0.0129  	0.02117  	0.32912  	0.47227  	293.370  	223.447  	
0.56403  	0.07362  	0.00447  	-0.0717  	0.67297  	-0.7120  	-0.4492  	0.50483  	0.05584  	-0.6238  	-0.0398  	0.86228  	-0.0800  	0.10019  	-0.7001  	-0.0010  	0.47368  	-0.4451  	0.61422  	0.07197  	0.18284  	0.83749  	0.23572  	0.72904  	0.38896  	0.14957  	0.52147  	-1.0339  	-0.6899  	-0.2530  	-0.1959  	0.01092  	0.00385  	-0.2003  	0.63954  	0.05046  	0.61325  	0.17599  	-0.5636  	-0.1411  	0.01423  	0.14097  	-0.1374  	0.24606  	0.09512  	-0.0274  	0.00524  	0.00474  	0.03161  	-0.1342  	-0.1150  	-0.0651  	0.00883  	-0.0079  	-0.0039  	0.01551  	0.00620  	0.01038  	0.02709  	-0.0279  	-0.0313  	0.02030  	0.04736  	0.00026  	0.19591  	-0.0401  	-0.0029  	-0.0129  	0.02117  	0.32912  	0.47227  	293.370  	223.447  	
0.57004  	0.06589  	-0.0281  	0.15244  	0.88130  	-0.6413  	-0.4206  	0.47097  	-0.0057  	-0.5848  	-0.3211  	0.83154  	0.03828  	0.25403  	-0.6588  	-0.0608  	0.45036  	-0.4080  	0.59570  	0.11129  	-0.0480  	0.85988  	0.09421  	0.67134  	0.56891  	0.12229  	0.52211  	-0.8237  	-0.4501  	-0.1567  	-0.2205  	-0.0312  	-0.0121  	-0.1942  	0.57901  	0.13250  	0.42481  	0.07284  	-0.4817  	-0.0721  	-0.0027  	0.16579  	-0.1486  	0.25706  	0.10386  	-0.0242  	-0.0071  	0.02398  	0.04330  	-0.1372  	-0.0931  	-0.0698  	0.00595  	-0.0192  	-0.0068  	0.02043  	0.01147  	0.00724  	0.03179  	-0.0348  	-0.0322  	0.01894  	0.04713  	-0.0097  	0.19591  	-0.0401  	-0.0029  	-0.0129  	0.02117  	0.32912  	0.47227  	293.370  	223.447  	
0.59486  	0.07886  	-0.2130  	0.46462  	1.10311  	-0.7105  	-0.3682  	0.42534  	-0.0087  	-0.5007  	-0.6773  	0.73341  	0.15906  	0.41996  	-0.3460  	-0.2315  	0.41240  	-0.4070  	0.58141  	0.07817  	-0.2554  	0.95873  	0.02254  	0.60871  	0.69919  	0.10520  	0.59561  	-0.7544  	-0.1681  	-0.0222  	-0.2474  	-0.0669  	-0.0440  	-0.1831  	0.54098  	0.16969  	0.27205  	0.01199  	-0.4016  	-0.0034  	-0.0436  	0.18393  	-0.1509  	0.26198  	0.11041  	-0.0220  	-0.0111  	0.03657  	0.06493  	-0.1422  	-0.0879  	-0.0669  	0.01152  	-0.0151  	0.00180  	0.03194  	0.00892  	0.00139  	0.03637  	-0.0206  	-0.0322  	0.02676  	0.03358  	-0.0093  	0.19591  	-0.0401  	-0.0029  	-0.0129  	0.02117  	0.32912  	0.47227  	293.370  	223.447  	
0.39814  	0.02047  	-0.3541  	0.54718  	1.16809  	-0.9563  	-0.4389  	0.38971  	-0.0264  	-0.4435  	-0.5007  	0.79347  	0.10198  	0.50204  	-0.3526  	-0.2453  	0.36530  	-0.4101  	0.54749  	0.16185  	-0.2325  	0.94868  	-0.0857  	0.70474  	0.69542  	0.12445  	0.50941  	-0.7767  	-0.2596  	-0.0470  	-0.1897  	-0.0696  	-0.0450  	-0.1732  	0.64428  	0.13535  	0.25411  	-0.0033  	-0.4505  	0.01619  	-0.0804  	0.20094  	-0.1938  	0.21509  	0.10398  	-0.0306  	0.00880  	0.00113  	0.03767  	-0.1386  	-0.0955  	-0.0742  	-0.0003  	-0.0156  	-0.0096  	0.01408  	0.01250  	0.00836  	0.02983  	-0.0277  	-0.0402  	0.02766  	0.02471  	-0.0047  	0.19591  	-0.0401  	-0.0029  	-0.0129  	0.02117  	0.32912  	0.47227  	293.370  	223.447  	
0.12766  	-0.1129  	-0.3696  	0.07627  	0.93950  	-1.1171  	-0.3939  	0.28556  	-0.0561  	-0.4564  	-0.2714  	0.96512  	-0.0335  	0.09459  	-0.7050  	-0.1764  	0.38919  	-0.3381  	0.58201  	0.29351  	-0.1669  	0.83258  	-0.0558  	0.67221  	0.50384  	0.13945  	0.37321  	-0.7033  	-0.3609  	-0.1947  	-0.1967  	-0.0708  	-0.0234  	-0.1745  	0.56039  	0.17004  	0.32934  	0.06365  	-0.4860  	0.00660  	-0.0192  	0.16589  	-0.1857  	0.24318  	0.11254  	-0.0358  	0.00509  	-0.0021  	0.03428  	-0.1436  	-0.1024  	-0.0720  	-0.0061  	-0.0163  	0.00290  	0.00349  	0.03117  	0.00468  	0.02407  	-0.0252  	-0.0356  	0.01612  	0.03858  	0.00554  	0.19591  	-0.0401  	-0.0029  	-0.0129  	0.02117  	0.32912  	0.47227  	293.370  	223.447  	
0.14605  	-0.1329  	-0.2406  	-0.3297  	0.71143  	-0.9319  	-0.4535  	0.20197  	-0.0664  	-0.4634  	-0.0899  	0.80187  	-0.1626  	-0.2776  	-1.1451  	-0.1108  	0.40933  	-0.2924  	0.64612  	0.20701  	-0.2411  	0.79169  	0.08039  	0.58211  	0.49093  	0.18027  	0.31739  	-0.6704  	-0.4026  	-0.2050  	-0.1710  	-0.0486  	-0.0574  	-0.1631  	0.43014  	0.24023  	0.37239  	0.08356  	-0.4528  	-0.0585  	0.11987  	0.13911  	-0.1322  	0.23439  	0.09929  	-0.0327  	0.00619  	-0.0045  	0.01891  	-0.1239  	-0.0941  	-0.0693  	0.00805  	-0.0186  	-0.0054  	0.00296  	0.01653  	0.01337  	0.03241  	-0.0310  	-0.0390  	0.00897  	0.04864  	0.00040  	0.19591  	-0.0401  	-0.0029  	-0.0129  	0.02117  	0.32912  	0.47227  	293.370  	223.447  	
0.03762  	-0.0966  	-0.2999  	-0.2962  	0.73421  	-0.9773  	-0.4979  	0.19824  	-0.0729  	-0.4374  	-0.1466  	0.80710  	-0.2046  	-0.2904  	-1.1644  	-0.1267  	0.45150  	-0.2877  	0.65973  	0.21646  	-0.2337  	0.78182  	0.05838  	0.55388  	0.54011  	0.18061  	0.36445  	-0.6362  	-0.3301  	-0.1877  	-0.2073  	-0.0343  	-0.0609  	-0.1769  	0.39608  	0.29225  	0.33521  	0.07774  	-0.4352  	-0.0343  	0.12916  	0.13542  	-0.1124  	0.25501  	0.11129  	-0.0406  	0.00110  	-0.0071  	0.02268  	-0.1451  	-0.0971  	-0.0710  	0.00136  	-0.0163  	-0.0003  	9.47122  	0.02753  	0.01302  	0.03672  	-0.0350  	-0.0369  	0.00186  	0.05179  	0.00129  	0.19591  	-0.0401  	-0.0029  	-0.0129  	0.02117  	0.32912  	0.47227  	293.370  	223.447  	
-0.0691  	-0.1332  	-0.3431  	-0.3458  	0.64881  	-1.0353  	-0.4754  	0.17806  	-0.0824  	-0.4096  	-0.0756  	0.81154  	-0.2086  	-0.3355  	-1.1197  	-0.1949  	0.45583  	-0.2673  	0.63872  	0.21222  	-0.2046  	0.78479  	0.08852  	0.54089  	0.54109  	0.18138  	0.33819  	-0.6733  	-0.3194  	-0.2047  	-0.1749  	-0.0508  	-0.0654  	-0.1814  	0.37538  	0.27284  	0.32734  	0.09717  	-0.4421  	-0.0680  	0.11535  	0.14041  	-0.1463  	0.25009  	0.10684  	-0.0329  	-0.0040  	-0.0075  	0.01574  	-0.1438  	-0.0971  	-0.0726  	0.01552  	-0.0086  	0.00320  	-0.0008  	0.02815  	0.01261  	0.03668  	-0.0340  	-0.0355  	0.00829  	0.05462  	0.01202  	0.19591  	-0.0401  	-0.0029  	-0.0129  	0.02117  	0.32912  	0.47227  	293.370  	223.447  	
-0.0625  	-0.1385  	-0.3845  	-0.3648  	0.70297  	-1.0890  	-0.4651  	0.17922  	-0.0945  	-0.4045  	-0.0915  	0.80336  	-0.1948  	-0.3180  	-1.0916  	-0.2176  	0.43409  	-0.2789  	0.61527  	0.23838  	-0.2155  	0.79789  	0.07372  	0.53289  	0.52961  	0.17556  	0.29536  	-0.6539  	-0.3062  	-0.2217  	-0.1814  	-0.0647  	-0.0599  	-0.1717  	0.38158  	0.26124  	0.31591  	0.08418  	-0.4517  	-0.0588  	0.10729  	0.13320  	-0.1457  	0.25152  	0.10920  	-0.0365  	0.00464  	-0.0114  	0.01845  	-0.1477  	-0.0969  	-0.0702  	0.00513  	-0.0163  	-0.0008  	-0.0023  	0.02622  	0.01341  	0.03282  	-0.0377  	-0.0370  	0.00164  	0.05661  	0.00583  	0.19591  	-0.0401  	-0.0029  	-0.0129  	0.02117  	0.32912  	0.47227  	293.370  	223.447  	
-0.1320  	-0.1460  	-0.3834  	-0.4663  	0.59868  	-1.0828  	-0.4703  	0.17883  	-0.0964  	-0.4090  	-0.0391  	0.74985  	-0.2226  	-0.4213  	-1.1959  	-0.2051  	0.43911  	-0.2577  	0.62369  	0.24287  	-0.2046  	0.77727  	0.12225  	0.52372  	0.48811  	0.18892  	0.29135  	-0.6521  	-0.3069  	-0.2415  	-0.1827  	-0.0618  	-0.0724  	-0.1794  	0.34015  	0.28111  	0.32806  	0.08314  	-0.4391  	-0.0581  	0.12931  	0.13663  	-0.1369  	0.25834  	0.11265  	-0.0323  	0.00756  	-0.0180  	0.02117  	-0.1411  	-0.1031  	-0.0668  	0.00767  	-0.0131  	0.00086  	-0.0040  	0.02071  	0.01121  	0.03568  	-0.0356  	-0.0365  	0.00774  	0.04840  	0.00578  	0.19591  	-0.0401  	-0.0029  	-0.0129  	0.02117  	0.32912  	0.47227  	293.370  	223.447  	
-0.1620  	-0.1535  	-0.3789  	-0.5192  	0.60386  	-1.1115  	-0.4553  	0.22464  	-0.0994  	-0.4150  	-0.0547  	0.73066  	-0.1906  	-0.3402  	-1.1628  	-0.1827  	0.44484  	-0.3112  	0.64332  	0.20338  	-0.2374  	0.79201  	0.17873  	0.56734  	0.46412  	0.20656  	0.32411  	-0.6850  	-0.3312  	-0.2291  	-0.1624  	-0.0587  	-0.0465  	-0.1928  	0.36142  	0.24300  	0.34769  	0.07693  	-0.4630  	-0.0578  	0.14538  	0.14556  	-0.1315  	0.26868  	0.10194  	-0.0322  	0.01475  	-0.0095  	0.01906  	-0.1403  	-0.1090  	-0.0688  	0.00128  	-0.0137  	-0.0027  	-0.0059  	0.02042  	0.00933  	0.03109  	-0.0359  	-0.0320  	0.01115  	0.04229  	0.00099  	0.19591  	-0.0401  	-0.0029  	-0.0129  	0.02117  	0.32912  	0.47227  	293.370  	223.447  	
0.06924  	-0.0696  	-0.3207  	-0.3100  	0.68519  	-0.9968  	-0.4807  	0.30033  	-0.0725  	-0.4707  	-0.1755  	0.85889  	-0.1319  	-0.2063  	-1.0122  	-0.1782  	0.46123  	-0.3139  	0.60044  	0.20933  	-0.1996  	0.83807  	0.18016  	0.58216  	0.41779  	0.21058  	0.31231  	-0.6982  	-0.3670  	-0.2419  	-0.1513  	-0.0736  	-0.0329  	-0.1890  	0.38657  	0.19349  	0.32207  	0.07360  	-0.4555  	-0.0430  	0.11869  	0.12148  	-0.1226  	0.27304  	0.09469  	-0.0307  	0.01284  	-0.0023  	0.01059  	-0.1306  	-0.1078  	-0.0702  	-0.0008  	-0.0206  	-0.0072  	-0.0043  	0.01529  	0.00398  	0.02205  	-0.0390  	-0.0343  	0.01553  	0.04725  	-0.0028  	0.19591  	-0.0401  	-0.0029  	-0.0129  	0.02117  	0.32912  	0.47227  	293.370  	223.447  	
-0.0082  	-0.0514  	-0.2790  	-0.4047  	0.61262  	-1.0244  	-0.4825  	0.23107  	-0.0377  	-0.3579  	-0.2289  	0.85890  	-0.0633  	-0.1786  	-1.0679  	-0.1767  	0.47421  	-0.2903  	0.63905  	0.20596  	-0.3579  	0.85203  	0.22089  	0.50808  	0.38753  	0.23512  	0.15272  	-0.6126  	-0.3019  	-0.2561  	-0.1054  	-0.0786  	-0.0200  	-0.1845  	0.26946  	0.19753  	0.23080  	0.08018  	-0.4160  	-0.0390  	0.18306  	0.08641  	-0.0741  	0.26131  	0.07699  	-0.0379  	0.00461  	0.02806  	0.02857  	-0.1490  	-0.1094  	-0.0694  	0.00058  	-0.0269  	-0.0031  	-0.0041  	0.01409  	0.00845  	0.03836  	-0.0416  	-0.0274  	0.01767  	0.04654  	0.00402  	0.19591  	-0.0401  	-0.0029  	-0.0129  	0.02117  	0.32912  	0.47227  	293.370  	223.447  	
-0.0329  	-0.0547  	-0.3036  	-0.4471  	0.63940  	-1.0813  	-0.4906  	0.22715  	-0.0653  	-0.3663  	-0.1115  	0.84535  	-0.1134  	-0.1848  	-1.1167  	-0.2304  	0.44354  	-0.2942  	0.64105  	0.20005  	-0.2921  	0.82770  	0.17361  	0.52181  	0.41262  	0.20991  	0.22732  	-0.6299  	-0.3103  	-0.2652  	-0.1388  	-0.0634  	-0.0237  	-0.1824  	0.33719  	0.22418  	0.29423  	0.07699  	-0.4442  	-0.0365  	0.17976  	0.10454  	-0.0954  	0.26302  	0.08861  	-0.0349  	0.00879  	0.00626  	0.02821  	-0.1454  	-0.1084  	-0.0727  	-0.0051  	-0.0213  	-0.0005  	-0.0069  	0.01597  	0.00940  	0.03233  	-0.0423  	-0.0331  	0.02279  	0.04805  	0.00334  	0.19591  	-0.0401  	-0.0029  	-0.0129  	0.02117  	0.32912  	0.47227  	293.370  	223.447  	
-0.0942  	-0.1133  	-0.3347  	-0.5783  	0.54510  	-1.1501  	-0.4804  	0.19803  	-0.0962  	-0.3673  	-0.0413  	0.70962  	-0.2072  	-0.3218  	-1.1805  	-0.2233  	0.45640  	-0.3100  	0.64314  	0.16228  	-0.2355  	0.81127  	0.18878  	0.51633  	0.44670  	0.20669  	0.30164  	-0.7103  	-0.3466  	-0.2517  	-0.1546  	-0.0624  	-0.0564  	-0.1862  	0.32389  	0.25658  	0.36877  	0.09163  	-0.4659  	-0.0750  	0.16361  	0.12521  	-0.1081  	0.27663  	0.10038  	-0.0349  	0.01284  	-0.0063  	0.02235  	-0.1400  	-0.1041  	-0.0654  	0.00013  	-0.0108  	0.00182  	-0.0061  	0.01763  	0.01089  	0.03827  	-0.0362  	-0.0356  	0.01871  	0.05344  	0.00431  	0.19591  	-0.0401  	-0.0029  	-0.0129  	0.02117  	0.32912  	0.47227  	293.370  	223.447  	
-0.0821  	-0.1198  	-0.3252  	-0.5422  	0.51792  	-1.0826  	-0.5052  	0.23931  	-0.1158  	-0.4701  	-0.0197  	0.73811  	-0.2298  	-0.3388  	-1.1509  	-0.1813  	0.45435  	-0.3356  	0.65151  	0.13317  	-0.2014  	0.84176  	0.24560  	0.60265  	0.45004  	0.20573  	0.35393  	-0.7400  	-0.4096  	-0.2454  	-0.1618  	-0.0519  	-0.0617  	-0.2062  	0.36895  	0.23017  	0.39922  	0.10206  	-0.4937  	-0.0853  	0.16624  	0.13858  	-0.1340  	0.27709  	0.09955  	-0.0353  	0.01017  	-0.0128  	0.01264  	-0.1363  	-0.1105  	-0.0717  	0.00280  	-0.0149  	-0.0014  	-0.0086  	0.02350  	0.01198  	0.03382  	-0.0352  	-0.0351  	0.01668  	0.04841  	0.00495  	0.19591  	-0.0401  	-0.0029  	-0.0129  	0.02117  	0.32912  	0.47227  	293.370  	223.447  	
0.01027  	-0.1277  	-0.2934  	-0.4148  	0.61838  	-0.9862  	-0.5089  	0.25630  	-0.0803  	-0.4301  	-0.0771  	0.83333  	-0.1703  	-0.2853  	-1.1772  	-0.1426  	0.45375  	-0.3124  	0.61963  	0.19212  	-0.2151  	0.76891  	0.18537  	0.58001  	0.43291  	0.21060  	0.30888  	-0.6871  	-0.3567  	-0.2561  	-0.1560  	-0.0468  	-0.0249  	-0.2007  	0.39974  	0.23716  	0.35426  	0.07061  	-0.4711  	-0.0631  	0.13919  	0.12964  	-0.1170  	0.26993  	0.10779  	-0.0366  	0.00897  	-0.0062  	0.02238  	-0.1445  	-0.1099  	-0.0735  	0.00252  	-0.0259  	-0.0007  	-0.0104  	0.02346  	0.01356  	0.03062  	-0.0449  	-0.0332  	0.01468  	0.06033  	0.00637  	0.19591  	-0.0401  	-0.0029  	-0.0129  	0.02117  	0.32912  	0.47227  	293.370  	223.447  	
0.14609  	-0.0548  	-0.1941  	-0.3826  	0.60620  	-0.9791  	-0.4988  	0.27227  	-0.0561  	-0.3453  	-0.0728  	0.83707  	-0.1649  	-0.2254  	-1.1869  	-0.1195  	0.40224  	-0.3055  	0.62119  	0.21830  	-0.1907  	0.80659  	0.15435  	0.57393  	0.42475  	0.19185  	0.28390  	-0.6946  	-0.3806  	-0.2644  	-0.1557  	-0.0478  	-0.0299  	-0.1947  	0.40442  	0.23367  	0.37459  	0.07980  	-0.4718  	-0.0619  	0.11841  	0.12978  	-0.1191  	0.26226  	0.09719  	-0.0397  	0.01706  	0.00528  	0.03388  	-0.1453  	-0.1002  	-0.0721  	0.00164  	-0.0182  	-0.0047  	-0.0048  	0.02068  	0.00771  	0.03339  	-0.0440  	-0.0370  	0.01040  	0.06124  	0.00376  	0.19591  	-0.0401  	-0.0029  	-0.0129  	0.02117  	0.32912  	0.47227  	293.370  	223.447  	
0.16839  	-0.0756  	-0.1974  	-0.3229  	0.64880  	-0.9853  	-0.5047  	0.25969  	-0.0935  	-0.3706  	0.02987  	0.86613  	-0.1935  	-0.2530  	-1.2248  	-0.0129  	0.39915  	-0.2968  	0.62856  	0.22834  	-0.1664  	0.76494  	0.09787  	0.61219  	0.40464  	0.17127  	0.32174  	-0.7140  	-0.3866  	-0.2439  	-0.1863  	-0.0313  	-0.0379  	-0.2051  	0.49053  	0.26549  	0.39183  	0.06989  	-0.5028  	-0.0640  	0.08941  	0.15502  	-0.1364  	0.24767  	0.10560  	-0.0309  	0.00855  	-7.3630  	0.03377  	-0.1429  	-0.0945  	-0.0754  	0.00812  	-0.0189  	0.00168  	-0.0021  	0.02537  	0.00737  	0.03182  	-0.0362  	-0.0417  	0.01217  	0.05330  	0.00309  	0.19591  	-0.0401  	-0.0029  	-0.0129  	0.02117  	0.32912  	0.47227  	293.370  	223.447  	
0.31624  	-0.0469  	-0.1875  	-0.0820  	0.82085  	-0.8719  	-0.4865  	0.30357  	-0.0629  	-0.4654  	-0.1589  	0.88397  	-0.1358  	-0.1679  	-1.0122  	0.03634  	0.39611  	-0.3371  	0.65799  	0.25230  	-0.1106  	0.78286  	0.02576  	0.61261  	0.43651  	0.15362  	0.35002  	-0.7190  	-0.4513  	-0.2225  	-0.2346  	-0.0226  	-0.0321  	-0.1935  	0.55398  	0.24403  	0.40733  	0.09134  	-0.5029  	-0.0447  	0.05374  	0.16147  	-0.1502  	0.24967  	0.10578  	-0.0275  	0.00520  	0.00789  	0.03160  	-0.1423  	-0.0924  	-0.0726  	-0.0003  	-0.0158  	0.00304  	0.00090  	0.02438  	0.01438  	0.03170  	-0.0306  	-0.0481  	0.01086  	0.04617  	-0.0012  	0.19591  	-0.0401  	-0.0029  	-0.0129  	0.02117  	0.32912  	0.47227  	293.370  	223.447  	
0.36372  	-0.0073  	-0.1209  	-0.1293  	0.76412  	-0.8364  	-0.4187  	0.30927  	-0.0260  	-0.4859  	-0.1840  	0.90708  	-0.0970  	-0.1145  	-0.9732  	-0.0135  	0.40839  	-0.3083  	0.61593  	0.27672  	-0.1733  	0.81942  	0.06951  	0.58329  	0.42211  	0.16389  	0.29644  	-0.6719  	-0.3836  	-0.2519  	-0.2048  	-0.0332  	-0.0064  	-0.1941  	0.45877  	0.21728  	0.36835  	0.10116  	-0.4714  	-0.0209  	0.10560  	0.14322  	-0.1241  	0.23982  	0.10044  	-0.0315  	0.01358  	0.01235  	0.03728  	-0.1406  	-0.1049  	-0.0668  	0.00014  	-0.0155  	0.00092  	-0.0009  	0.02018  	0.00818  	0.03013  	-0.0285  	-0.0342  	0.00223  	0.04696  	0.00418  	0.19591  	-0.0401  	-0.0029  	-0.0129  	0.02117  	0.32912  	0.47227  	293.370  	223.447  	
0.26044  	-0.0242  	-0.2519  	-0.1153  	0.81031  	-0.9362  	-0.4048  	0.31523  	-0.0407  	-0.4746  	-0.1709  	0.83207  	-0.0399  	0.02561  	-0.9375  	-0.1255  	0.40247  	-0.2938  	0.58150  	0.29503  	-0.1800  	0.81700  	-0.0121  	0.60818  	0.54845  	0.15744  	0.31665  	-0.6378  	-0.3283  	-0.2107  	-0.2112  	-0.0701  	-0.0129  	-0.1899  	0.49213  	0.23303  	0.33200  	0.06049  	-0.4517  	-0.0366  	0.05678  	0.14777  	-0.1370  	0.23466  	0.10249  	-0.0309  	0.00431  	-0.0014  	0.02972  	-0.1426  	-0.0938  	-0.0765  	0.00535  	-0.0212  	0.00070  	0.00973  	0.01721  	0.00539  	0.03310  	-0.0354  	-0.0373  	0.01136  	0.03789  	0.00364  	0.19591  	-0.0401  	-0.0029  	-0.0129  	0.02117  	0.32912  	0.47227  	293.370  	223.447  	
0.04768  	-0.1030  	-0.4495  	-0.0270  	0.89749  	-1.0860  	-0.4445  	0.29192  	-0.0538  	-0.4728  	-0.0584  	0.94148  	-0.0745  	-0.0267  	-0.9171  	-0.1728  	0.40187  	-0.2895  	0.58232  	0.31972  	-0.1454  	0.80077  	0.01031  	0.64820  	0.49551  	0.16026  	0.30966  	-0.6061  	-0.3454  	-0.2246  	-0.1801  	-0.0797  	0.00994  	-0.1765  	0.51459  	0.20641  	0.33785  	0.02571  	-0.4438  	-0.0171  	0.03531  	0.16449  	-0.1931  	0.22337  	0.11902  	-0.0311  	0.01724  	-0.0141  	0.02805  	-0.1414  	-0.1036  	-0.0770  	0.00219  	-0.0153  	-0.0051  	0.00317  	0.02232  	0.00271  	0.04235  	-0.0246  	-0.0368  	0.01240  	0.03435  	-0.0009  	0.19591  	-0.0401  	-0.0029  	-0.0129  	0.02117  	0.32912  	0.47227  	293.370  	223.447  	
-0.0634  	-0.1293  	-0.4382  	-0.1549  	0.87625  	-1.1932  	-0.4331  	0.23192  	-0.0842  	-0.4165  	-0.0031  	0.97492  	-0.1131  	-0.1051  	-0.9500  	-0.2376  	0.39867  	-0.2668  	0.60484  	0.31700  	-0.1647  	0.78973  	0.00792  	0.61996  	0.45088  	0.18203  	0.31195  	-0.6476  	-0.4199  	-0.2399  	-0.1884  	-0.0941  	0.01042  	-0.1668  	0.51397  	0.20811  	0.32429  	0.06241  	-0.4511  	-0.0382  	0.03035  	0.17392  	-0.1839  	0.22607  	0.10916  	-0.0299  	0.01392  	-0.0183  	0.03226  	-0.1474  	-0.0977  	-0.0736  	0.00243  	-0.0099  	-0.0036  	0.00618  	0.02076  	0.00476  	0.02578  	-0.0270  	-0.0361  	0.00748  	0.03626  	-0.0035  	0.19591  	-0.0401  	-0.0029  	-0.0129  	0.02117  	0.32912  	0.47227  	293.370  	223.447  	
-0.0238  	-0.0997  	-0.3785  	-0.3093  	0.73621  	-1.0373  	-0.4589  	0.24945  	-0.0801  	-0.3980  	-0.0641  	0.84462  	-0.1871  	-0.2483  	-1.0450  	-0.1971  	0.42228  	-0.2576  	0.61167  	0.28348  	-0.1627  	0.80670  	0.07546  	0.59423  	0.51001  	0.17670  	0.31901  	-0.6965  	-0.3712  	-0.2084  	-0.1844  	-0.0853  	-0.0612  	-0.1832  	0.42627  	0.22912  	0.33839  	0.06362  	-0.4544  	-0.0248  	0.04641  	0.15048  	-0.1417  	0.23435  	0.12630  	-0.0240  	0.00419  	-0.0345  	0.01600  	-0.1337  	-0.0992  	-0.0713  	0.00334  	-0.0137  	0.00296  	0.00166  	0.02861  	0.01581  	0.02184  	-0.0282  	-0.0465  	-0.0007  	0.03961  	-0.0034  	0.19591  	-0.0401  	-0.0029  	-0.0129  	0.02117  	0.32912  	0.47227  	293.370  	223.447  	
-0.0712  	-0.1237  	-0.3297  	-0.5018  	0.64159  	-1.0723  	-0.4574  	0.20270  	-0.0892  	-0.4017  	-0.0673  	0.77256  	-0.1932  	-0.3217  	-1.2656  	-0.2546  	0.41083  	-0.2359  	0.61165  	0.26407  	-0.2031  	0.77958  	0.10740  	0.56336  	0.47400  	0.20301  	0.26531  	-0.6241  	-0.3106  	-0.2620  	-0.1601  	-0.0961  	-0.0645  	-0.1793  	0.34340  	0.27367  	0.31005  	0.06201  	-0.4146  	-0.0304  	0.11142  	0.13220  	-0.1294  	0.25107  	0.10661  	-0.0333  	0.00112  	-0.0134  	0.02000  	-0.1370  	-0.0947  	-0.0740  	0.00328  	-0.0188  	-0.0016  	-0.0036  	0.02435  	0.01590  	0.03318  	-0.0295  	-0.0426  	0.00731  	0.04725  	0.00453  	0.19591  	-0.0401  	-0.0029  	-0.0129  	0.02117  	0.32912  	0.47227  	293.370  	223.447  	
-0.1963  	-0.1507  	-0.3709  	-0.5711  	0.57386  	-1.1538  	-0.4692  	0.17384  	-0.1087  	-0.3508  	0.03110  	0.73389  	-0.2388  	-0.3963  	-1.3150  	-0.2406  	0.43012  	-0.2663  	0.61933  	0.23532  	-0.1859  	0.74603  	0.10081  	0.53502  	0.48817  	0.18920  	0.32854  	-0.6550  	-0.3468  	-0.2602  	-0.1754  	-0.0573  	-0.0565  	-0.1910  	0.36190  	0.29105  	0.33923  	0.06963  	-0.4276  	-0.0580  	0.11272  	0.13799  	-0.1380  	0.25569  	0.11842  	-0.0294  	0.00354  	-0.0156  	0.01484  	-0.1302  	-0.0980  	-0.0730  	0.00641  	-0.0147  	-0.0014  	-0.0045  	0.02104  	0.01712  	0.03776  	-0.0303  	-0.0394  	0.00499  	0.04708  	0.00254  	0.19591  	-0.0401  	-0.0029  	-0.0129  	0.02117  	0.32912  	0.47227  	293.370  	223.447  	
-0.2890  	-0.1652  	-0.3936  	-0.7733  	0.46655  	-1.2263  	-0.4595  	0.13682  	-0.1348  	-0.3036  	0.08925  	0.64784  	-0.2228  	-0.3902  	-1.3653  	-0.2552  	0.42574  	-0.2652  	0.63123  	0.23360  	-0.2134  	0.78313  	0.15280  	0.53970  	0.45259  	0.21076  	0.28687  	-0.6766  	-0.3727  	-0.2753  	-0.1510  	-0.0688  	-0.0509  	-0.1836  	0.32448  	0.27898  	0.33216  	0.09116  	-0.4457  	-0.0846  	0.16287  	0.14719  	-0.1353  	0.25439  	0.10635  	-0.0322  	0.01143  	-0.0110  	0.00646  	-0.1273  	-0.1147  	-0.0674  	0.00783  	-0.0111  	-0.0092  	-0.0130  	0.02014  	0.01562  	0.02951  	-0.0340  	-0.0321  	0.00978  	0.04832  	0.00231  	0.19591  	-0.0401  	-0.0029  	-0.0129  	0.02117  	0.32912  	0.47227  	293.370  	223.447  	
-0.3415  	-0.1788  	-0.4429  	-0.7223  	0.51341  	-1.2633  	-0.4405  	0.10505  	-0.1278  	-0.3264  	0.06311  	0.69955  	-0.1851  	-0.3755  	-1.3721  	-0.2551  	0.40621  	-0.2496  	0.61634  	0.26597  	-0.3082  	0.79047  	0.14667  	0.52084  	0.43546  	0.22008  	0.20690  	-0.6225  	-0.3194  	-0.2803  	-0.1438  	-0.0856  	-0.0396  	-0.1742  	0.30822  	0.28108  	0.27693  	0.06322  	-0.4273  	-0.0700  	0.16438  	0.14563  	-0.1241  	0.25001  	0.11062  	-0.0383  	0.00906  	-0.0046  	0.01347  	-0.1354  	-0.1112  	-0.0675  	0.00604  	-0.0170  	-0.0092  	-0.0084  	0.02057  	0.01212  	0.02965  	-0.0348  	-0.0268  	0.01232  	0.04997  	-0.0010  	0.19591  	-0.0401  	-0.0029  	-0.0129  	0.02117  	0.32912  	0.47227  	293.370  	223.447  	
-0.4242  	-0.2110  	-0.4717  	-0.7081  	0.53878  	-1.3314  	-0.4459  	0.10849  	-0.1180  	-0.3106  	0.07805  	0.74551  	-0.1798  	-0.3537  	-1.3591  	-0.2629  	0.42113  	-0.2583  	0.59177  	0.27544  	-0.2859  	0.81442  	0.15737  	0.53715  	0.42441  	0.23007  	0.20213  	-0.6485  	-0.3345  	-0.2820  	-0.1251  	-0.0925  	-0.0319  	-0.1776  	0.31368  	0.26646  	0.26491  	0.05337  	-0.4274  	-0.0721  	0.14836  	0.14880  	-0.1321  	0.24045  	0.11143  	-0.0401  	0.00928  	-0.0006  	0.01833  	-0.1325  	-0.1128  	-0.0708  	0.00750  	-0.0146  	-0.0034  	-0.0070  	0.02029  	0.00867  	0.03063  	-0.0342  	-0.0277  	0.01634  	0.05077  	-0.0006  	0.19591  	-0.0401  	-0.0029  	-0.0129  	0.02117  	0.32912  	0.47227  	293.370  	223.447  	
-0.3581  	-0.2284  	-0.5222  	-0.6571  	0.58555  	-1.3242  	-0.4721  	0.16789  	-0.1065  	-0.3781  	0.13676  	0.74470  	-0.1826  	-0.3501  	-1.2299  	-0.2528  	0.46786  	-0.3039  	0.60547  	0.28554  	-0.1299  	0.76394  	0.14061  	0.57951  	0.39088  	0.21155  	0.27153  	-0.6758  	-0.4130  	-0.2572  	-0.1445  	-0.0690  	-0.0389  	-0.1816  	0.42378  	0.22354  	0.35196  	0.07115  	-0.4704  	-0.0858  	0.10260  	0.13736  	-0.1646  	0.22425  	0.11276  	-0.0317  	0.01144  	-0.0207  	0.02060  	-0.1398  	-0.1060  	-0.0734  	0.00053  	-0.0157  	-0.0016  	-0.0025  	0.01736  	0.01105  	0.03168  	-0.0303  	-0.0327  	0.01636  	0.05149  	-0.0003  	0.19591  	-0.0401  	-0.0029  	-0.0129  	0.02117  	0.32912  	0.47227  	293.370  	223.447  	
-0.3166  	-0.1760  	-0.4535  	-0.7058  	0.53380  	-1.3510  	-0.4868  	0.23379  	-0.1107  	-0.3361  	0.15905  	0.72954  	-0.1928  	-0.2987  	-1.2220  	-0.2741  	0.46746  	-0.3164  	0.61927  	0.28308  	-0.1061  	0.76917  	0.13332  	0.59361  	0.41315  	0.20198  	0.29048  	-0.7348  	-0.4081  	-0.2792  	-0.1534  	-0.0773  	-0.0245  	-0.1900  	0.41292  	0.21607  	0.38863  	0.06724  	-0.4579  	-0.0895  	0.10026  	0.13262  	-0.1776  	0.23352  	0.11403  	-0.0227  	0.01017  	-0.0179  	0.02088  	-0.1399  	-0.1063  	-0.0725  	0.00233  	-0.0203  	-0.0058  	-0.0053  	0.01943  	0.01420  	0.03585  	-0.0302  	-0.0336  	0.01463  	0.04802  	-0.0020  	0.19591  	-0.0401  	-0.0029  	-0.0129  	0.02117  	0.32912  	0.47227  	293.370  	223.447  	
-0.1495  	-0.1454  	-0.3054  	-0.6337  	0.48776  	-1.1786  	-0.4711  	0.22347  	-0.0982  	-0.3891  	0.06083  	0.72367  	-0.2017  	-0.3115  	-1.2876  	-0.2225  	0.46227  	-0.3155  	0.63291  	0.21741  	-0.1280  	0.79303  	0.19324  	0.60876  	0.45165  	0.20981  	0.36976  	-0.7536  	-0.3833  	-0.2563  	-0.1460  	-0.0754  	-0.0481  	-0.2070  	0.37612  	0.23048  	0.38683  	0.06682  	-0.4722  	-0.0583  	0.13046  	0.13619  	-0.1455  	0.26709  	0.12794  	-0.0355  	0.01384  	-0.0209  	0.01124  	-0.1269  	-0.1065  	-0.0739  	0.00569  	-0.0168  	-0.0047  	-0.0007  	0.01664  	0.00832  	0.03512  	-0.0320  	-0.0363  	0.01893  	0.04839  	0.00307  	0.19591  	-0.0401  	-0.0029  	-0.0129  	0.02117  	0.32912  	0.47227  	293.370  	223.447  	
0.10152  	-0.1153  	-0.2619  	-0.4293  	0.59954  	-0.9998  	-0.5042  	0.27421  	-0.0705  	-0.4478  	-0.0846  	0.78700  	-0.1821  	-0.3456  	-1.2313  	-0.0991  	0.48182  	-0.2882  	0.65101  	0.23857  	-0.1861  	0.76197  	0.15882  	0.56506  	0.44912  	0.20564  	0.31453  	-0.6823  	-0.3635  	-0.2462  	-0.1795  	-0.0458  	-0.0363  	-0.2004  	0.39020  	0.23395  	0.36577  	0.07491  	-0.4586  	-0.0592  	0.14120  	0.12865  	-0.1176  	0.27171  	0.11560  	-0.0319  	0.00993  	-3.3754  	0.02180  	-0.1339  	-0.1055  	-0.0725  	0.00112  	-0.0170  	0.00314  	-0.0014  	0.02218  	0.01140  	0.03205  	-0.0424  	-0.0407  	0.01720  	0.05268  	0.00086  	0.19591  	-0.0401  	-0.0029  	-0.0129  	0.02117  	0.32912  	0.47227  	293.370  	223.447  	
0.17651  	-0.0416  	-0.1280  	-0.3137  	0.65199  	-1.0174  	-0.5332  	0.33098  	-0.0904  	-0.3921  	0.00183  	0.87392  	-0.1380  	-0.3324  	-1.1130  	-0.1464  	0.51260  	-0.4828  	0.70001  	-0.0152  	-0.0823  	0.55563  	-0.1291  	0.57967  	0.32348  	0.29251  	0.28856  	-0.7933  	-0.2885  	-0.2767  	-0.0615  	-0.0882  	-0.1323  	-0.3594  	0.36720  	0.22058  	0.30918  	0.09375  	-0.6006  	-0.1368  	0.19867  	0.26320  	-0.2417  	0.34762  	0.03765  	-0.0125  	-0.0122  	0.02298  	0.01507  	-0.1562  	-0.0894  	-0.0681  	0.00666  	-3.9535  	0.00711  	-0.0034  	0.02109  	-0.0025  	0.03489  	-0.0289  	-0.0349  	0.01060  	0.03508  	0.00279  	0.19591  	-0.0401  	-0.0029  	-0.0129  	0.02117  	0.32912  	0.47227  	293.370  	223.447  	
0.17444  	-0.0889  	-0.1431  	-0.2659  	0.66553  	-1.0227  	-0.5362  	0.33863  	-0.1276  	-0.4525  	-0.0149  	0.84545  	-0.0933  	-0.4136  	-1.0668  	-0.1189  	0.57391  	-0.5895  	0.76331  	-0.2594  	-0.0629  	0.36068  	-0.4013  	0.58244  	0.37147  	0.33930  	0.34258  	-0.8120  	-0.2206  	-0.2634  	0.00719  	-0.1034  	-0.2288  	-0.4959  	0.34883  	0.24728  	0.22745  	0.07780  	-0.6947  	-0.2053  	0.22251  	0.39263  	-0.3538  	0.39342  	-0.0029  	0.00447  	-0.0371  	0.03003  	0.00561  	-0.1617  	-0.0786  	-0.0653  	0.01000  	0.01537  	0.01798  	0.00144  	0.02238  	-0.0102  	0.03457  	-0.0159  	-0.0293  	0.00104  	0.02393  	0.00552  	0.19591  	-0.0401  	-0.0029  	-0.0129  	0.02117  	0.32912  	0.47227  	293.370  	223.447  	
0.04551  	-0.1046  	-0.2190  	-0.2601  	0.68857  	-1.0756  	-0.5798  	0.32690  	-0.1443  	-0.5184  	-0.0133  	0.84379  	-0.1230  	-0.4025  	-1.0211  	-0.2118  	0.65193  	-0.6671  	0.78799  	-0.3311  	-0.0183  	0.31336  	-0.4334  	0.62991  	0.35590  	0.36918  	0.36526  	-0.8758  	-0.2217  	-0.2593  	0.03098  	-0.1104  	-0.2596  	-0.5341  	0.34270  	0.24363  	0.24201  	0.07639  	-0.7439  	-0.2403  	0.23557  	0.40721  	-0.3837  	0.40959  	-0.0143  	0.00870  	-0.0357  	0.02542  	-0.0110  	-0.1671  	-0.0850  	-0.0623  	0.00973  	0.01349  	0.01315  	-0.0042  	0.02190  	-0.0092  	0.03645  	-0.0144  	-0.0332  	-0.0035  	0.01578  	0.00899  	0.19591  	-0.0401  	-0.0029  	-0.0129  	0.02117  	0.32912  	0.47227  	293.370  	223.447  	
0.16982  	-0.0676  	-0.1724  	-0.0959  	0.78841  	-0.9519  	-0.5662  	0.38145  	-0.0881  	-0.6185  	-0.2017  	0.90012  	-0.0602  	-0.2283  	-0.7263  	-0.2769  	0.63720  	-0.6695  	0.74805  	-0.3166  	0.00241  	0.41542  	-0.3280  	0.64640  	0.35258  	0.36414  	0.38651  	-0.8839  	-0.2576  	-0.2493  	0.01903  	-0.1224  	-0.2171  	-0.4861  	0.37040  	0.15082  	0.24209  	0.07276  	-0.7223  	-0.2188  	0.19643  	0.38615  	-0.3656  	0.38160  	-0.0045  	0.00993  	-0.0358  	0.02005  	-0.0087  	-0.1622  	-0.0879  	-0.0652  	0.00363  	0.01051  	0.00689  	0.00257  	0.02324  	-0.0113  	0.04032  	-0.0187  	-0.0281  	0.00844  	0.01797  	0.00573  	0.19591  	-0.0401  	-0.0029  	-0.0129  	0.02117  	0.32912  	0.47227  	293.370  	223.447  	
0.19771  	-0.0433  	-0.2195  	-0.0563  	0.80734  	-0.9863  	-0.5214  	0.34054  	-0.0507  	-0.5668  	-0.2554  	0.91170  	-0.0419  	-0.1356  	-0.7426  	-0.2579  	0.55570  	-0.4865  	0.67002  	-0.0736  	-0.1219  	0.56628  	-0.1518  	0.56562  	0.39146  	0.29380  	0.29661  	-0.7304  	-0.2390  	-0.2292  	-0.0613  	-0.1158  	-0.1095  	-0.3477  	0.39999  	0.15726  	0.22481  	0.06921  	-0.5739  	-0.1323  	0.15937  	0.25940  	-0.2368  	0.31908  	0.04022  	-0.0128  	-0.0054  	0.00669  	0.01622  	-0.1536  	-0.0902  	-0.0649  	0.00563  	-0.0027  	0.00468  	0.00210  	0.01499  	-0.0060  	0.04568  	-0.0156  	-0.0341  	0.01630  	0.02938  	0.00244  	0.19591  	-0.0401  	-0.0029  	-0.0129  	0.02117  	0.32912  	0.47227  	293.370  	223.447  	
0.24973  	-0.0228  	-0.2431  	-0.0444  	0.79812  	-0.9304  	-0.4648  	0.30522  	-0.0251  	-0.5439  	-0.2679  	0.89715  	-0.0732  	-0.0459  	-0.8206  	-0.1719  	0.44930  	-0.2990  	0.61571  	0.21458  	-0.1621  	0.80112  	0.07165  	0.56551  	0.46129  	0.19499  	0.30285  	-0.6661  	-0.3514  	-0.2039  	-0.2062  	-0.0527  	-0.0132  	-0.1856  	0.48893  	0.16748  	0.32545  	0.07351  	-0.4517  	-0.0489  	0.07271  	0.14320  	-0.1239  	0.23778  	0.11238  	-0.0327  	0.01661  	-0.0162  	0.03099  	-0.1414  	-0.0978  	-0.0727  	0.00774  	-0.0213  	-0.0029  	0.00482  	0.02512  	0.00814  	0.03697  	-0.0358  	-0.0397  	0.01932  	0.04255  	-0.0009  	0.19591  	-0.0401  	-0.0029  	-0.0129  	0.02117  	0.32912  	0.47227  	293.370  	223.447  	
0.14686  	-0.0837  	-0.2715  	-0.0534  	0.80438  	-0.8419  	-0.4943  	0.28334  	-0.0681  	-0.5633  	-0.2426  	0.84481  	-0.1424  	-0.1904  	-0.8514  	-0.1388  	0.44769  	-0.3316  	0.61458  	0.19499  	-0.1175  	0.83242  	0.10092  	0.62869  	0.47045  	0.17146  	0.37232  	-0.7040  	-0.4080  	-0.1936  	-0.2014  	-0.0291  	-0.0345  	-0.1786  	0.48097  	0.19086  	0.36677  	0.08333  	-0.4779  	-0.0561  	0.06424  	0.14613  	-0.1396  	0.25481  	0.09782  	-0.0309  	0.00669  	-0.0160  	0.02739  	-0.1466  	-0.1030  	-0.0717  	0.00605  	-0.0157  	-0.0058  	0.00078  	0.02782  	0.01105  	0.03878  	-0.0387  	-0.0393  	0.00483  	0.04697  	-0.0014  	0.19591  	-0.0401  	-0.0029  	-0.0129  	0.02117  	0.32912  	0.47227  	293.370  	223.447  	
0.20164  	-0.0927  	-0.2459  	-0.0352  	0.81345  	-0.8888  	-0.4693  	0.25141  	-0.0845  	-0.5304  	-0.2480  	0.82115  	-0.1365  	-0.1940  	-0.9057  	-0.0979  	0.42722  	-0.3245  	0.60524  	0.22637  	-0.1954  	0.81724  	0.05626  	0.62375  	0.53358  	0.17454  	0.39420  	-0.6880  	-0.3705  	-0.1857  	-0.2311  	-0.0208  	-0.0433  	-0.1776  	0.47560  	0.25635  	0.34961  	0.08813  	-0.4788  	-0.0522  	0.04525  	0.14612  	-0.1413  	0.25058  	0.10699  	-0.0356  	0.00646  	0.00246  	0.03352  	-0.1556  	-0.0917  	-0.0692  	0.00997  	-0.0221  	-0.0012  	0.00422  	0.02805  	0.01067  	0.04039  	-0.0339  	-0.0421  	-0.0019  	0.05059  	-0.0010  	0.19591  	-0.0401  	-0.0029  	-0.0129  	0.02117  	0.32912  	0.47227  	293.370  	223.447  	
0.25795  	-0.1088  	-0.2352  	0.00945  	0.84967  	-0.9500  	-0.4565  	0.18772  	-0.0993  	-0.4323  	-0.2189  	0.85916  	-0.1689  	-0.2567  	-1.0334  	-0.0118  	0.41431  	-0.3023  	0.61542  	0.25189  	-0.2816  	0.82273  	0.00164  	0.62292  	0.59536  	0.14096  	0.37786  	-0.6424  	-0.3209  	-0.1634  	-0.2344  	-0.0222  	-0.0802  	-0.1973  	0.47305  	0.33249  	0.32745  	0.06448  	-0.4631  	-0.0361  	0.06174  	0.15310  	-0.1433  	0.25533  	0.10640  	-0.0297  	0.00280  	0.01085  	0.03942  	-0.1471  	-0.0779  	-0.0682  	0.00856  	-0.0231  	0.00304  	0.00737  	0.03313  	0.01763  	0.03902  	-0.0309  	-0.0474  	-0.0047  	0.05119  	-0.0065  	0.19591  	-0.0401  	-0.0029  	-0.0129  	0.02117  	0.32912  	0.47227  	293.370  	223.447  	
0.26578  	-0.1130  	-0.1822  	-0.0642  	0.85992  	-0.9597  	-0.4349  	0.22008  	-0.0932  	-0.3353  	-0.1311  	0.86026  	-0.1605  	-0.3091  	-1.1811  	0.10942  	0.37343  	-0.2508  	0.63347  	0.26609  	-0.3208  	0.82055  	-0.0701  	0.60944  	0.62069  	0.13633  	0.40840  	-0.6246  	-0.3141  	-0.1775  	-0.2423  	-0.0157  	-0.0761  	-0.1979  	0.47318  	0.36460  	0.30811  	0.08440  	-0.4486  	-0.0242  	0.06257  	0.17111  	-0.1350  	0.25781  	0.10383  	-0.0309  	-0.0015  	0.01953  	0.04388  	-0.1506  	-0.0810  	-0.0686  	0.01182  	-0.0177  	0.00608  	0.00511  	0.02649  	0.00896  	0.03907  	-0.0276  	-0.0425  	-0.0057  	0.05666  	-0.0006  	0.19591  	-0.0401  	-0.0029  	-0.0129  	0.02117  	0.32912  	0.47227  	293.370  	223.447  	
0.18306  	-0.1110  	-0.2164  	-0.2879  	0.75560  	-0.9636  	-0.4147  	0.17323  	-0.1066  	-0.3592  	-0.1431  	0.73815  	-0.1747  	-0.3719  	-1.2278  	0.04908  	0.38906  	-0.2350  	0.61944  	0.22194  	-0.2988  	0.80994  	-0.0135  	0.57061  	0.60136  	0.15141  	0.40895  	-0.5860  	-0.3037  	-0.1798  	-0.2185  	-0.0067  	-0.0955  	-0.1832  	0.43872  	0.37512  	0.33107  	0.07053  	-0.4433  	-0.0200  	0.08680  	0.15427  	-0.1337  	0.27333  	0.11204  	-0.0319  	-0.0058  	0.00297  	0.03672  	-0.1482  	-0.0845  	-0.0672  	0.01275  	-0.0139  	0.00565  	0.00321  	0.02223  	0.00760  	0.03914  	-0.0307  	-0.0406  	-0.0007  	0.04916  	6.26119  	0.19591  	-0.0401  	-0.0029  	-0.0129  	0.02117  	0.32912  	0.47227  	293.370  	223.447  	
-0.0783  	-0.1847  	-0.3881  	-0.3134  	0.68897  	-1.0641  	-0.4642  	0.18677  	-0.1271  	-0.4497  	-0.1811  	0.71384  	-0.1829  	-0.3321  	-1.1203  	-0.1385  	0.46668  	-0.2686  	0.62941  	0.19165  	-0.2575  	0.77294  	0.06490  	0.64632  	0.60828  	0.15835  	0.42725  	-0.6452  	-0.3315  	-0.2009  	-0.2158  	-0.0192  	-0.0964  	-0.1909  	0.44057  	0.32107  	0.34073  	0.08445  	-0.4743  	-0.0184  	0.07314  	0.14025  	-0.1531  	0.25927  	0.11151  	-0.0396  	0.00883  	-0.0231  	0.02266  	-0.1355  	-0.0957  	-0.0651  	0.00536  	-0.0186  	0.00085  	-0.0059  	0.02900  	0.01377  	0.04093  	-0.0308  	-0.0421  	0.00195  	0.05301  	0.00236  	0.19591  	-0.0401  	-0.0029  	-0.0129  	0.02117  	0.32912  	0.47227  	293.370  	223.447  	
-0.0264  	-0.1658  	-0.3909  	-0.3267  	0.67117  	-1.0104  	-0.4885  	0.20364  	-0.1145  	-0.5177  	-0.1731  	0.73244  	-0.2003  	-0.2763  	-0.9898  	-0.2329  	0.47550  	-0.3138  	0.61434  	0.18353  	-0.1835  	0.81131  	0.14555  	0.59236  	0.56326  	0.17527  	0.41308  	-0.7023  	-0.3574  	-0.2095  	-0.2036  	-0.0407  	-0.0872  	-0.1918  	0.44239  	0.27031  	0.37043  	0.08542  	-0.4854  	-0.0811  	0.07616  	0.14957  	-0.1623  	0.25047  	0.12364  	-0.0363  	0.00559  	-0.0219  	0.01062  	-0.1408  	-0.1027  	-0.0669  	0.00765  	-0.0172  	-0.0009  	-0.0041  	0.03016  	0.01613  	0.04259  	-0.0351  	-0.0380  	-0.0001  	0.05286  	0.00577  	0.19591  	-0.0401  	-0.0029  	-0.0129  	0.02117  	0.32912  	0.47227  	293.370  	223.447  	
0.11179  	-0.0864  	-0.2607  	-0.2498  	0.70289  	-0.9203  	-0.5209  	0.26475  	-0.0804  	-0.4980  	-0.1537  	0.79755  	-0.1542  	-0.2024  	-0.9972  	-0.1634  	0.44782  	-0.3242  	0.63072  	0.18740  	-0.1390  	0.82324  	0.15248  	0.57671  	0.47610  	0.18133  	0.35879  	-0.7267  	-0.3973  	-0.2167  	-0.1987  	-0.0354  	-0.0363  	-0.1850  	0.45941  	0.22852  	0.39812  	0.09715  	-0.4903  	-0.0755  	0.08486  	0.13994  	-0.1345  	0.25133  	0.10250  	-0.0421  	0.00897  	-0.0142  	0.02244  	-0.1446  	-0.0991  	-0.0709  	0.00168  	-0.0152  	-0.0041  	0.00561  	0.02349  	0.00857  	0.04018  	-0.0350  	-0.0396  	0.00996  	0.04580  	0.00069  	0.19591  	-0.0401  	-0.0029  	-0.0129  	0.02117  	0.32912  	0.47227  	293.370  	223.447  	
0.13945  	-0.0647  	-0.2627  	-0.2888  	0.70014  	-0.9463  	-0.4946  	0.28757  	-0.0575  	-0.4468  	-0.1342  	0.84722  	-0.1329  	-0.1977  	-1.1317  	-0.0682  	0.40697  	-0.2852  	0.61998  	0.25305  	-0.1916  	0.77544  	0.09412  	0.53957  	0.40996  	0.17956  	0.27081  	-0.6367  	-0.3247  	-0.2379  	-0.1700  	-0.0571  	-0.0292  	-0.1788  	0.41268  	0.24999  	0.33861  	0.08098  	-0.4541  	-0.0539  	0.11723  	0.12770  	-0.1158  	0.24244  	0.09877  	-0.0304  	0.00785  	0.00461  	0.02196  	-0.1402  	-0.1051  	-0.0736  	0.00332  	-0.0197  	-0.0016  	-0.0025  	0.02362  	0.00852  	0.03589  	-0.0414  	-0.0444  	0.01006  	0.05307  	0.00396  	0.19591  	-0.0401  	-0.0029  	-0.0129  	0.02117  	0.32912  	0.47227  	293.370  	223.447  	
0.17351  	-0.0913  	-0.2134  	-0.3352  	0.64167  	-0.9748  	-0.4646  	0.25552  	-0.0639  	-0.4062  	-0.0752  	0.83859  	-0.1362  	-0.2098  	-1.1606  	-0.0647  	0.38833  	-0.2545  	0.61901  	0.29414  	-0.2348  	0.79155  	0.05792  	0.52398  	0.46466  	0.16075  	0.25115  	-0.5948  	-0.3142  	-0.2347  	-0.1830  	-0.0549  	-0.0248  	-0.1874  	0.42974  	0.28199  	0.33860  	0.07860  	-0.4629  	-0.0445  	0.11509  	0.14067  	-0.1216  	0.25137  	0.09622  	-0.0331  	0.01191  	0.01143  	0.02845  	-0.1488  	-0.0944  	-0.0713  	0.01045  	-0.0213  	0.00118  	-0.0044  	0.02916  	0.01222  	0.03411  	-0.0337  	-0.0377  	0.00482  	0.05805  	0.00439  	0.19591  	-0.0401  	-0.0029  	-0.0129  	0.02117  	0.32912  	0.47227  	293.370  	223.447  	
0.05486  	-0.1305  	-0.3279  	-0.2154  	0.76313  	-0.9928  	-0.5049  	0.20983  	-0.0913  	-0.4778  	-0.1298  	0.84587  	-0.1844  	-0.2481  	-1.0504  	-0.0896  	0.42909  	-0.2881  	0.63896  	0.28314  	-0.1932  	0.77639  	0.03229  	0.59690  	0.50614  	0.17683  	0.32456  	-0.5863  	-0.3361  	-0.2153  	-0.1956  	-0.0291  	-0.0538  	-0.1845  	0.44401  	0.29783  	0.36357  	0.06444  	-0.4740  	-0.0513  	0.07580  	0.14760  	-0.1454  	0.24600  	0.10420  	-0.0338  	0.00487  	-0.0062  	0.02047  	-0.1416  	-0.0947  	-0.0718  	0.00432  	-0.0188  	0.00098  	0.00215  	0.02925  	0.00914  	0.03891  	-0.0267  	-0.0410  	0.00224  	0.05136  	0.00752  	0.19591  	-0.0401  	-0.0029  	-0.0129  	0.02117  	0.32912  	0.47227  	293.370  	223.447  	
0.28875  	-0.0440  	-0.2348  	0.10767  	0.89010  	-0.8349  	-0.4540  	0.33205  	-0.0236  	-0.5715  	-0.3637  	0.90730  	-0.0422  	0.02558  	-0.6801  	-0.1202  	0.47168  	-0.3229  	0.59728  	0.20319  	-0.1678  	0.80619  	0.04188  	0.57291  	0.53033  	0.15083  	0.39894  	-0.6767  	-0.3447  	-0.1651  	-0.2180  	-0.0462  	-0.0165  	-0.1821  	0.51104  	0.18112  	0.32885  	0.08297  	-0.4463  	-0.0488  	0.03334  	0.14246  	-0.1262  	0.23716  	0.10711  	-0.0339  	0.01105  	-0.0029  	0.03765  	-0.1439  	-0.0925  	-0.0734  	-0.0020  	-0.0167  	0.00179  	0.00987  	0.02606  	0.00343  	0.04084  	-0.0336  	-0.0404  	0.00971  	0.05097  	0.00329  	0.19591  	-0.0401  	-0.0029  	-0.0129  	0.02117  	0.32912  	0.47227  	293.370  	223.447  	
0.39042  	-0.0130  	-0.2141  	0.13684  	0.86278  	-0.7335  	-0.4723  	0.36872  	-0.0490  	-0.5945  	-0.3140  	0.87482  	-0.0599  	-0.0022  	-0.6856  	-0.0983  	0.46402  	-0.3741  	0.62410  	0.13258  	-0.0511  	0.84501  	0.11957  	0.62371  	0.52662  	0.13313  	0.47407  	-0.7835  	-0.4359  	-0.1743  	-0.2380  	-0.0241  	-0.0381  	-0.1847  	0.54241  	0.14077  	0.42271  	0.09877  	-0.4842  	-0.0502  	0.01581  	0.13587  	-0.1356  	0.25904  	0.10524  	-0.0310  	-0.0009  	-0.0117  	0.03075  	-0.1437  	-0.1003  	-0.0739  	0.00357  	-0.0190  	-0.0066  	0.00994  	0.02462  	0.00837  	0.03162  	-0.0353  	-0.0397  	0.00762  	0.04840  	-0.0035  	0.19591  	-0.0401  	-0.0029  	-0.0129  	0.02117  	0.32912  	0.47227  	293.370  	223.447  	
0.31054  	-0.0527  	-0.1954  	-0.0417  	0.83932  	-0.8211  	-0.4711  	0.27244  	-0.0815  	-0.5653  	-0.2211  	0.86502  	-0.1406  	-0.1756  	-0.8762  	-0.0351  	0.41978  	-0.3456  	0.63557  	0.21302  	-0.1385  	0.84592  	0.06480  	0.64908  	0.49368  	0.15600  	0.43313  	-0.7311  	-0.4033  	-0.2018  	-0.2398  	-0.0004  	-0.0285  	-0.1901  	0.50442  	0.23373  	0.41905  	0.09658  	-0.4937  	-0.0597  	0.04895  	0.15283  	-0.1491  	0.27051  	0.10288  	-0.0370  	0.01050  	0.00846  	0.03872  	-0.1466  	-0.0972  	-0.0709  	0.00871  	-0.0121  	-0.0007  	0.00522  	0.03010  	0.00806  	0.04236  	-0.0282  	-0.0457  	-0.0014  	0.04871  	-0.0037  	0.19591  	-0.0401  	-0.0029  	-0.0129  	0.02117  	0.32912  	0.47227  	293.370  	223.447  	
0.31537  	-0.0759  	-0.1806  	-0.1897  	0.73832  	-0.8907  	-0.4779  	0.22229  	-0.0836  	-0.4601  	-0.1441  	0.80531  	-0.1688  	-0.2924  	-1.0680  	0.00622  	0.41774  	-0.2911  	0.64549  	0.22857  	-0.1614  	0.78603  	0.09026  	0.64214  	0.49940  	0.14825  	0.40599  	-0.7093  	-0.4306  	-0.2058  	-0.2148  	-0.0123  	-0.0641  	-0.1946  	0.51733  	0.27500  	0.41572  	0.09187  	-0.5085  	-0.0439  	0.05656  	0.15138  	-0.1513  	0.26213  	0.10894  	-0.0256  	0.00788  	-0.0064  	0.02939  	-0.1440  	-0.0893  	-0.0658  	0.01353  	-0.0199  	-0.0010  	0.00173  	0.02413  	0.01179  	0.03661  	-0.0269  	-0.0402  	-0.0027  	0.05895  	-0.0038  	0.19591  	-0.0401  	-0.0029  	-0.0129  	0.02117  	0.32912  	0.47227  	293.370  	223.447  	
0.30682  	-0.0739  	-0.1840  	-0.1908  	0.71938  	-0.8744  	-0.4678  	0.23113  	-0.0875  	-0.4618  	-0.0917  	0.81081  	-0.1739  	-0.2204  	-1.0643  	-0.0153  	0.40912  	-0.3368  	0.65311  	0.18558  	-0.0972  	0.80063  	0.08526  	0.65193  	0.48022  	0.13665  	0.43210  	-0.7617  	-0.4553  	-0.2234  	-0.2164  	-0.0089  	-0.0691  	-0.1954  	0.53638  	0.28160  	0.45557  	0.09693  	-0.5277  	-0.0595  	0.05826  	0.15903  	-0.1455  	0.25749  	0.11839  	-0.0335  	0.00341  	-0.0087  	0.03379  	-0.1378  	-0.0913  	-0.0691  	0.00640  	-0.0148  	-0.0001  	0.00423  	0.02566  	0.01066  	0.03311  	-0.0347  	-0.0463  	0.00881  	0.04962  	-0.0030  	0.19591  	-0.0401  	-0.0029  	-0.0129  	0.02117  	0.32912  	0.47227  	293.370  	223.447  	
0.48052  	0.01173  	-0.0371  	-0.1189  	0.72887  	-0.8420  	-0.4577  	0.42319  	-0.0015  	-0.4765  	-0.0589  	0.89879  	-0.1025  	-0.0592  	-0.9861  	0.06474  	0.38818  	-0.3481  	0.65462  	0.22371  	0.00122  	0.80634  	0.07317  	0.60828  	0.45779  	0.12340  	0.43322  	-0.8136  	-0.5143  	-0.2269  	-0.2123  	0.00445  	-0.0200  	-0.2097  	0.55433  	0.17217  	0.47840  	0.11738  	-0.5114  	-0.0753  	0.06462  	0.14941  	-0.1323  	0.23900  	0.10380  	-0.0293  	0.00640  	0.00273  	0.04600  	-0.1424  	-0.0994  	-0.0706  	0.00769  	-0.0104  	-0.0070  	0.01309  	0.01019  	0.00934  	0.03251  	-0.0259  	-0.0354  	0.01500  	0.05432  	-0.0100  	0.19591  	-0.0401  	-0.0029  	-0.0129  	0.02117  	0.32912  	0.47227  	293.370  	223.447  	
0.14954  	-0.0660  	-0.2617  	-0.2793  	0.72487  	-0.9933  	-0.4569  	0.25859  	-0.0428  	-0.3609  	-0.0919  	0.85465  	-0.1561  	-0.1522  	-1.1554  	-0.0607  	0.40146  	-0.2798  	0.61980  	0.26897  	-0.2122  	0.76540  	0.05614  	0.54815  	0.52684  	0.16160  	0.29696  	-0.6578  	-0.3420  	-0.2215  	-0.1944  	-0.0507  	-0.0285  	-0.1926  	0.45818  	0.25126  	0.34012  	0.07786  	-0.4563  	-0.0503  	0.08922  	0.14456  	-0.1306  	0.23510  	0.11483  	-0.0285  	0.01554  	-0.0015  	0.02193  	-0.1412  	-0.0923  	-0.0710  	0.00300  	-0.0226  	0.00155  	0.00078  	0.02514  	0.00957  	0.02543  	-0.0308  	-0.0386  	0.00423  	0.05926  	0.00385  	0.19591  	-0.0401  	-0.0029  	-0.0129  	0.02117  	0.32912  	0.47227  	293.370  	223.447  	
-0.0248  	-0.1248  	-0.3287  	-0.3970  	0.64160  	-1.0464  	-0.4689  	0.22207  	-0.0972  	-0.4292  	-0.0727  	0.78227  	-0.1700  	-0.2021  	-1.0623  	-0.2114  	0.44402  	-0.3024  	0.61928  	0.20972  	-0.1459  	0.79060  	0.10683  	0.58119  	0.48290  	0.16947  	0.34343  	-0.7267  	-0.3704  	-0.2419  	-0.1751  	-0.0590  	-0.0442  	-0.1917  	0.42652  	0.22510  	0.36436  	0.08321  	-0.4691  	-0.0626  	0.08653  	0.14179  	-0.1370  	0.24849  	0.11244  	-0.0343  	0.01176  	-0.0128  	0.01501  	-0.1335  	-0.0967  	-0.0716  	0.00390  	-0.0113  	0.00188  	-0.0038  	0.02757  	0.01229  	0.03583  	-0.0312  	-0.0394  	0.00995  	0.04986  	0.00725  	0.19591  	-0.0401  	-0.0029  	-0.0129  	0.02117  	0.32912  	0.47227  	293.370  	223.447  	
-0.0851  	-0.1409  	-0.3256  	-0.4873  	0.56241  	-1.0150  	-0.5088  	0.21380  	-0.0956  	-0.4523  	-0.0523  	0.72220  	-0.2269  	-0.3351  	-1.1390  	-0.1587  	0.45799  	-0.3224  	0.63277  	0.16327  	-0.1890  	0.81671  	0.21459  	0.56875  	0.45742  	0.19531  	0.34933  	-0.7309  	-0.3721  	-0.2421  	-0.1638  	-0.0406  	-0.0671  	-0.1890  	0.37687  	0.24492  	0.37547  	0.09748  	-0.4783  	-0.0610  	0.14998  	0.13253  	-0.1304  	0.26351  	0.10571  	-0.0296  	0.01501  	-0.0144  	0.01489  	-0.1407  	-0.1074  	-0.0653  	0.00334  	-0.0139  	0.00068  	-0.0060  	0.02378  	0.01056  	0.03437  	-0.0355  	-0.0311  	0.01208  	0.04752  	0.00469  	0.19591  	-0.0401  	-0.0029  	-0.0129  	0.02117  	0.32912  	0.47227  	293.370  	223.447  	
-0.2797  	-0.1909  	-0.3701  	-0.7093  	0.48956  	-1.0945  	-0.5009  	0.08078  	-0.0992  	-0.2843  	-0.0568  	0.77665  	-0.2122  	-0.4666  	-1.4148  	-0.1829  	0.45597  	-0.2523  	0.62307  	0.22013  	-0.3750  	0.75612  	0.22126  	0.47824  	0.36003  	0.25290  	0.13414  	-0.5321  	-0.2747  	-0.2759  	-0.0708  	-0.0735  	-0.0637  	-0.1740  	0.22584  	0.28634  	0.23401  	0.03936  	-0.4350  	-0.0904  	0.20120  	0.11116  	-0.0882  	0.28739  	0.11680  	-0.0432  	0.00790  	-0.0080  	0.02885  	-0.1335  	-0.1040  	-0.0712  	-0.0018  	-0.0231  	0.00664  	-0.0099  	0.02745  	0.01602  	0.04380  	-0.0377  	-0.0314  	0.02357  	0.05107  	0.01058  	0.19591  	-0.0401  	-0.0029  	-0.0129  	0.02117  	0.32912  	0.47227  	293.370  	223.447  	
-0.3238  	-0.2076  	-0.3871  	-0.7885  	0.45472  	-1.2692  	-0.4932  	0.10783  	-0.1332  	-0.2465  	-0.0095  	0.77881  	-0.1695  	-0.3922  	-1.4099  	-0.2358  	0.44544  	-0.2686  	0.63341  	0.21541  	-0.3136  	0.77767  	0.21147  	0.50517  	0.41279  	0.22602  	0.19172  	-0.6253  	-0.3093  	-0.2676  	-0.0922  	-0.0927  	-0.0524  	-0.1961  	0.28612  	0.27778  	0.26695  	0.03337  	-0.4512  	-0.0695  	0.18773  	0.13457  	-0.0987  	0.28170  	0.12190  	-0.0431  	0.01002  	0.00145  	0.02620  	-0.1254  	-0.1088  	-0.0704  	0.00062  	-0.0178  	0.00402  	-0.0064  	0.03072  	0.01180  	0.03308  	-0.0328  	-0.0348  	0.02276  	0.05612  	0.00893  	0.19591  	-0.0401  	-0.0029  	-0.0129  	0.02117  	0.32912  	0.47227  	293.370  	223.447  	
-0.5142  	-0.2319  	-0.4789  	-0.7944  	0.45616  	-1.4840  	-0.4670  	0.11082  	-0.1618  	-0.2527  	0.18922  	0.75228  	-0.1701  	-0.3227  	-1.3772  	-0.2877  	0.41666  	-0.3196  	0.59119  	0.22182  	-0.2696  	0.85597  	0.18292  	0.63756  	0.44256  	0.24294  	0.24233  	-0.7642  	-0.3543  	-0.2763  	-0.1126  	-0.1074  	-0.0297  	-0.1908  	0.36867  	0.27082  	0.28817  	0.06091  	-0.4552  	-0.0420  	0.13183  	0.17156  	-0.1457  	0.23139  	0.10759  	-0.0359  	0.02032  	-0.0007  	0.02630  	-0.1322  	-0.1067  	-0.0716  	0.00212  	-0.0176  	-0.0041  	-0.0099  	0.00865  	0.00855  	0.03391  	-0.0251  	-0.0329  	0.02542  	0.05015  	0.00323  	0.19591  	-0.0401  	-0.0029  	-0.0129  	0.02117  	0.32912  	0.47227  	293.370  	223.447  	
-0.5392  	-0.2467  	-0.4918  	-0.8580  	0.48088  	-1.4690  	-0.4613  	0.15234  	-0.1302  	-0.3019  	0.28330  	0.68861  	-0.2367  	-0.3771  	-1.3521  	-0.3018  	0.49207  	-0.3703  	0.59361  	0.24062  	-0.1317  	0.81144  	0.20449  	0.63768  	0.37689  	0.23858  	0.26900  	-0.7885  	-0.4712  	-0.3046  	-0.1357  	-0.0575  	-0.0240  	-0.1866  	0.35076  	0.21216  	0.35925  	0.07548  	-0.4770  	-0.0913  	0.11379  	0.14341  	-0.1721  	0.23302  	0.10544  	-0.0308  	0.01521  	-0.0168  	0.02777  	-0.1327  	-0.1181  	-0.0738  	0.00108  	-0.0116  	0.00042  	-0.0189  	0.01206  	0.01792  	0.02707  	-0.0296  	-0.0300  	0.03542  	0.04983  	-6.8070  	0.19591  	-0.0401  	-0.0029  	-0.0129  	0.02117  	0.32912  	0.47227  	293.370  	223.447  	
-0.4277  	-0.2032  	-0.4091  	-0.7155  	0.56836  	-1.3871  	-0.4764  	0.23490  	-0.0915  	-0.3300  	0.26126  	0.69709  	-0.2266  	-0.3248  	-1.3387  	-0.2940  	0.46515  	-0.3580  	0.59676  	0.29719  	-0.0859  	0.76362  	0.12066  	0.67780  	0.35394  	0.21718  	0.25919  	-0.7566  	-0.4626  	-0.2937  	-0.1573  	-0.0689  	-0.0321  	-0.1705  	0.42411  	0.19301  	0.39674  	0.05642  	-0.4608  	-0.1111  	0.10304  	0.14172  	-0.1882  	0.22515  	0.10388  	-0.0263  	0.00826  	-0.0238  	0.02451  	-0.1437  	-0.1088  	-0.0714  	0.00141  	-0.0113  	-0.0084  	-0.0072  	0.02099  	0.01544  	0.03007  	-0.0296  	-0.0301  	0.02628  	0.04563  	0.00150  	0.19591  	-0.0401  	-0.0029  	-0.0129  	0.02117  	0.32912  	0.47227  	293.370  	223.447  	
-0.0386  	-0.1046  	-0.3082  	-0.4069  	0.62553  	-1.1441  	-0.5087  	0.39490  	-0.0231  	-0.4609  	0.07646  	0.86739  	-0.1087  	-0.0814  	-1.0028  	-0.2488  	0.45381  	-0.3417  	0.59541  	0.29812  	-0.0378  	0.73573  	0.07666  	0.70836  	0.41110  	0.17643  	0.33134  	-0.7863  	-0.4498  	-0.2626  	-0.1381  	-0.0834  	-0.0204  	-0.1837  	0.47380  	0.16392  	0.37547  	0.05144  	-0.4438  	-0.0626  	0.05327  	0.14591  	-0.1771  	0.21303  	0.10742  	-0.0229  	-0.0005  	-0.0091  	0.01752  	-0.1350  	-0.0916  	-0.0704  	-0.0070  	-0.0207  	-0.0176  	0.00384  	0.01479  	0.00209  	0.03002  	-0.0289  	-0.0353  	0.02099  	0.04462  	0.00301  	0.19591  	-0.0401  	-0.0029  	-0.0129  	0.02117  	0.32912  	0.47227  	293.370  	223.447  	
0.29259  	-0.0309  	-0.1833  	-0.2513  	0.70607  	-0.8924  	-0.4662  	0.38884  	0.02934  	-0.4773  	-0.2052  	0.82962  	0.02103  	0.04232  	-0.7823  	-0.1756  	0.44258  	-0.3559  	0.59930  	0.15130  	-0.0659  	0.81375  	0.17602  	0.64118  	0.39413  	0.20208  	0.38810  	-0.8721  	-0.5134  	-0.2397  	-0.1111  	-0.0684  	0.02199  	-0.1953  	0.51115  	0.11699  	0.40374  	0.07372  	-0.4926  	-0.0334  	0.10177  	0.13877  	-0.1276  	0.25415  	0.10931  	-0.0322  	0.01038  	0.00739  	0.03073  	-0.1197  	-0.1063  	-0.0757  	-0.0125  	-0.0231  	-0.0110  	0.01223  	0.01125  	0.00581  	0.03256  	-0.0259  	-0.0302  	0.01338  	0.04960  	-0.0016  	0.19591  	-0.0401  	-0.0029  	-0.0129  	0.02117  	0.32912  	0.47227  	293.370  	223.447  	
0.48729  	0.04674  	-0.0385  	-0.0214  	0.72510  	-0.8038  	-0.4422  	0.39351  	0.02089  	-0.5094  	-0.3637  	0.77905  	0.00088  	-0.0143  	-0.6138  	-0.1735  	0.44440  	-0.4371  	0.65092  	0.06967  	-0.0139  	0.91288  	0.22908  	0.63390  	0.44404  	0.16306  	0.42555  	-0.9780  	-0.5317  	-0.2179  	-0.1793  	-0.0014  	-0.0068  	-0.1936  	0.52158  	0.09197  	0.47967  	0.12955  	-0.5132  	-0.0659  	0.04940  	0.13739  	-0.0819  	0.27586  	0.08946  	-0.0307  	0.00389  	0.02962  	0.05086  	-0.1449  	-0.1179  	-0.0699  	-0.0029  	-0.0140  	0.00431  	0.01527  	0.01197  	0.00300  	0.01769  	-0.0377  	-0.0297  	0.02225  	0.05584  	-0.0016  	0.19591  	-0.0401  	-0.0029  	-0.0129  	0.02117  	0.32912  	0.47227  	293.370  	223.447  	
0.51041  	-0.0001  	-0.0749  	-0.0591  	0.75414  	-0.8383  	-0.4221  	0.37645  	-0.0249  	-0.4651  	-0.2760  	0.67509  	0.00644  	-0.0444  	-0.8161  	-0.1631  	0.43939  	-0.4303  	0.64718  	0.12428  	-0.0302  	0.88616  	0.12622  	0.70225  	0.58574  	0.13319  	0.54065  	-0.9344  	-0.5179  	-0.1865  	-0.1903  	-0.0236  	-0.0456  	-0.1875  	0.60914  	0.19574  	0.46240  	0.12527  	-0.5192  	-0.0740  	0.02059  	0.16513  	-0.1366  	0.25232  	0.08657  	-0.0283  	-0.0022  	0.01231  	0.03849  	-0.1513  	-0.1023  	-0.0666  	0.00383  	-0.0126  	-0.0034  	0.01056  	0.01066  	0.01167  	0.02898  	-0.0375  	-0.0396  	0.02156  	0.04722  	-0.0108  	0.19591  	-0.0401  	-0.0029  	-0.0129  	0.02117  	0.32912  	0.47227  	293.370  	223.447  	
0.35302  	-0.0330  	-0.1165  	-0.2074  	0.69440  	-0.8656  	-0.4764  	0.31903  	-0.0780  	-0.4575  	0.00417  	0.76436  	-0.1367  	-0.1818  	-1.0820  	-0.0464  	0.40737  	-0.4163  	0.64814  	0.12595  	-0.0142  	0.82013  	0.10162  	0.70012  	0.50387  	0.14737  	0.54549  	-0.8797  	-0.5642  	-0.2465  	-0.2065  	0.00950  	-0.0364  	-0.2178  	0.58717  	0.21747  	0.50981  	0.12085  	-0.5366  	-0.0668  	0.02560  	0.15710  	-0.1410  	0.25649  	0.10387  	-0.0408  	-0.0005  	0.01525  	0.02720  	-0.1303  	-0.0964  	-0.0732  	-0.0007  	-0.0065  	-0.0019  	0.00255  	0.01144  	0.00235  	0.03791  	-0.0302  	-0.0423  	0.02417  	0.05063  	-0.0068  	0.19591  	-0.0401  	-0.0029  	-0.0129  	0.02117  	0.32912  	0.47227  	293.370  	223.447  	
0.22147  	-0.0810  	-0.1985  	-0.3304  	0.61455  	-0.9213  	-0.4800  	0.25329  	-0.0778  	-0.4786  	-0.0407  	0.76014  	-0.1736  	-0.1981  	-1.1246  	-0.0576  	0.41177  	-0.3407  	0.66871  	0.15408  	-0.0905  	0.78764  	0.15223  	0.66451  	0.43774  	0.15559  	0.43872  	-0.7833  	-0.4704  	-0.2383  	-0.1943  	-0.0184  	-0.0579  	-0.2020  	0.52477  	0.26695  	0.47318  	0.10127  	-0.5365  	-0.0700  	0.04943  	0.16399  	-0.1479  	0.25297  	0.11015  	-0.0353  	0.01043  	-0.0033  	0.03338  	-0.1398  	-0.1010  	-0.0721  	0.00713  	-0.0092  	0.00150  	-0.0008  	0.01991  	0.00993  	0.03559  	-0.0356  	-0.0447  	0.01385  	0.05347  	-0.0007  	0.19591  	-0.0401  	-0.0029  	-0.0129  	0.02117  	0.32912  	0.47227  	293.370  	223.447  	
0.20992  	-0.0553  	-0.1669  	-0.2928  	0.63606  	-0.9308  	-0.4710  	0.26630  	-0.1038  	-0.4421  	-0.0123  	0.78488  	-0.1989  	-0.1434  	-1.0743  	-0.0603  	0.39506  	-0.3455  	0.64467  	0.18018  	-0.0963  	0.80824  	0.15518  	0.64463  	0.41880  	0.17450  	0.37411  	-0.8169  	-0.5006  	-0.2705  	-0.1759  	-0.0239  	-0.0451  	-0.1975  	0.54748  	0.24823  	0.46983  	0.09709  	-0.5346  	-0.0721  	0.07410  	0.14529  	-0.1479  	0.25782  	0.11207  	-0.0287  	0.01841  	-0.0059  	0.02293  	-0.1359  	-0.1033  	-0.0682  	0.00564  	-0.0175  	-0.0052  	-0.0026  	0.02034  	0.01262  	0.02532  	-0.0361  	-0.0426  	0.01408  	0.04626  	-0.0013  	0.19591  	-0.0401  	-0.0029  	-0.0129  	0.02117  	0.32912  	0.47227  	293.370  	223.447  	
0.30783  	-0.0138  	-0.1046  	-0.2299  	0.63526  	-0.8504  	-0.4778  	0.31689  	-0.0639  	-0.4948  	-0.0459  	0.78777  	-0.1593  	-0.1057  	-0.9388  	-0.0737  	0.41379  	-0.3691  	0.65029  	0.13413  	0.02215  	0.80872  	0.18368  	0.66689  	0.39934  	0.16568  	0.38466  	-0.9098  	-0.5608  	-0.2655  	-0.1763  	0.00263  	-0.0433  	-0.2002  	0.58420  	0.16779  	0.49771  	0.12697  	-0.5408  	-0.0857  	0.06510  	0.14671  	-0.1392  	0.24226  	0.10309  	-0.0237  	0.01017  	-0.0028  	0.02215  	-0.1246  	-0.1066  	-0.0634  	0.00982  	-0.0119  	-0.0006  	0.00166  	0.01341  	0.00615  	0.02824  	-0.0297  	-0.0335  	0.01572  	0.03741  	-0.0009  	0.19591  	-0.0401  	-0.0029  	-0.0129  	0.02117  	0.32912  	0.47227  	293.370  	223.447  	
0.38535  	0.02561  	-0.0884  	-0.1976  	0.63783  	-0.8461  	-0.4721  	0.39437  	-0.0105  	-0.5554  	-0.0250  	0.79908  	-0.1243  	-0.0219  	-0.8306  	-0.0638  	0.43678  	-0.3809  	0.61881  	0.10645  	0.09597  	0.78879  	0.17340  	0.68310  	0.38211  	0.16088  	0.42375  	-0.9698  	-0.6101  	-0.2670  	-0.1791  	0.00089  	-0.0103  	-0.1937  	0.60739  	0.10519  	0.53573  	0.15102  	-0.5676  	-0.1094  	0.07671  	0.15052  	-0.1471  	0.23794  	0.09687  	-0.0229  	0.00888  	-0.0104  	0.01892  	-0.1222  	-0.1189  	-0.0622  	0.01063  	-0.0078  	-0.0005  	0.00248  	0.00648  	0.00989  	0.03028  	-0.0345  	-0.0290  	0.01950  	0.04023  	-0.0050  	0.19591  	-0.0401  	-0.0029  	-0.0129  	0.02117  	0.32912  	0.47227  	293.370  	223.447  	
0.49341  	0.06817  	-0.0532  	-0.1222  	0.65785  	-0.7821  	-0.4596  	0.45181  	0.03268  	-0.6078  	-0.0225  	0.83103  	-0.0975  	0.06811  	-0.7585  	-0.0489  	0.45563  	-0.4288  	0.60892  	0.07016  	0.17436  	0.81022  	0.20114  	0.70361  	0.37450  	0.15085  	0.48509  	-1.0218  	-0.6882  	-0.2653  	-0.1888  	0.01201  	-0.0016  	-0.2030  	0.64530  	0.05713  	0.58836  	0.16436  	-0.5916  	-0.1352  	0.04107  	0.14005  	-0.1440  	0.24471  	0.09439  	-0.0250  	0.00645  	-0.0110  	0.02686  	-0.1249  	-0.1197  	-0.0681  	0.00799  	-0.0091  	-0.0045  	0.01404  	0.00694  	0.00816  	0.02701  	-0.0349  	-0.0299  	0.02327  	0.03867  	-0.0067  	0.19591  	-0.0401  	-0.0029  	-0.0129  	0.02117  	0.32912  	0.47227  	293.370  	223.447  	
0.52055  	0.06950  	-0.0178  	-0.1040  	0.67673  	-0.7683  	-0.4529  	0.46984  	0.04323  	-0.5915  	-0.0123  	0.88000  	-0.0943  	0.06811  	-0.7694  	-0.0115  	0.46169  	-0.4180  	0.59641  	0.10423  	0.15501  	0.80676  	0.20413  	0.69236  	0.37821  	0.15656  	0.46933  	-0.9725  	-0.6593  	-0.2675  	-0.1882  	-0.0024  	0.01662  	-0.2003  	0.61922  	0.06112  	0.58895  	0.16485  	-0.5661  	-0.1439  	0.04728  	0.13893  	-0.1317  	0.24184  	0.09306  	-0.0276  	0.00890  	0.00163  	0.02708  	-0.1299  	-0.1157  	-0.0652  	0.00805  	-0.0084  	-0.0032  	0.01329  	0.00726  	0.00804  	0.02858  	-0.0308  	-0.0312  	0.01872  	0.04415  	-0.0009  	0.19591  	-0.0401  	-0.0029  	-0.0129  	0.02117  	0.32912  	0.47227  	293.370  	223.447  	
0.51532  	0.03739  	-0.0287  	-0.1535  	0.70011  	-0.8155  	-0.4391  	0.42759  	0.05031  	-0.5075  	-0.0937  	0.86885  	-0.0348  	0.02828  	-0.9453  	0.02015  	0.45181  	-0.3363  	0.61043  	0.19088  	-0.0171  	0.76727  	0.10240  	0.62416  	0.41593  	0.15650  	0.37232  	-0.8249  	-0.5059  	-0.2483  	-0.1743  	-0.0215  	0.03510  	-0.1974  	0.53671  	0.12555  	0.45025  	0.13200  	-0.4965  	-0.0982  	0.08635  	0.12751  	-0.0966  	0.23701  	0.08823  	-0.0307  	0.00790  	0.01657  	0.03575  	-0.1325  	-0.1007  	-0.0720  	0.00639  	-0.0121  	0.00262  	0.01090  	0.01238  	0.00547  	0.03206  	-0.0329  	-0.0303  	0.01299  	0.05685  	0.00502  	0.19591  	-0.0401  	-0.0029  	-0.0129  	0.02117  	0.32912  	0.47227  	293.370  	223.447  	
0.26551  	-0.0378  	-0.1715  	-0.3577  	0.62654  	-1.0429  	-0.4514  	0.33434  	-0.0468  	-0.3506  	-0.0581  	0.82027  	-0.0525  	-0.1512  	-1.1348  	-0.0920  	0.53222  	-0.4170  	0.69181  	0.02103  	-0.1649  	0.47146  	-0.2173  	0.54845  	0.47615  	0.26959  	0.27852  	-0.7130  	-0.2853  	-0.2627  	-0.0723  	-0.1083  	-0.1166  	-0.3599  	0.36037  	0.23098  	0.24514  	0.07420  	-0.5560  	-0.1421  	0.19642  	0.28171  	-0.2153  	0.31495  	0.04573  	-0.0062  	-0.0038  	0.05402  	-0.0017  	-0.1393  	-0.0927  	-0.0709  	0.00168  	-0.0032  	0.00592  	-0.0049  	0.01946  	-0.0073  	0.02943  	-0.0257  	-0.0271  	0.00301  	0.04207  	0.00950  	0.19591  	-0.0401  	-0.0029  	-0.0129  	0.02117  	0.32912  	0.47227  	293.370  	223.447  	
-0.0260  	-0.1165  	-0.2882  	-0.4190  	0.60500  	-1.1814  	-0.4997  	0.34220  	-0.0864  	-0.4508  	0.11013  	0.75394  	-0.1061  	-0.2824  	-1.0638  	-0.3069  	0.59701  	-0.6125  	0.75688  	-0.2430  	0.00583  	0.35471  	-0.4260  	0.65941  	0.42618  	0.33290  	0.37279  	-0.9623  	-0.2574  	-0.2861  	0.03811  	-0.1400  	-0.2189  	-0.4996  	0.37758  	0.21587  	0.23717  	0.08558  	-0.7045  	-0.2108  	0.22242  	0.36604  	-0.3688  	0.38857  	-0.0008  	0.00737  	-0.0312  	0.03112  	-0.0091  	-0.1624  	-0.0872  	-0.0642  	0.00698  	0.01672  	0.01598  	-0.0020  	0.01628  	-0.0066  	0.03617  	-0.0176  	-0.0302  	0.00660  	0.02343  	0.00765  	0.19591  	-0.0401  	-0.0029  	-0.0129  	0.02117  	0.32912  	0.47227  	293.370  	223.447  	
0.13562  	-0.1158  	-0.2351  	-0.3145  	0.71845  	-1.0583  	-0.5989  	0.40578  	-0.1261  	-0.5262  	-0.0165  	0.85292  	-0.0216  	-0.2797  	-0.8025  	-0.3000  	0.62734  	-0.7327  	0.77499  	-0.3507  	0.12543  	0.30111  	-0.3734  	0.70191  	0.26822  	0.38883  	0.50157  	-1.0648  	-0.3862  	-0.2971  	0.04883  	-0.1148  	-0.2346  	-0.5578  	0.41366  	0.10513  	0.28323  	0.09583  	-0.7918  	-0.1929  	0.20560  	0.40741  	-0.4186  	0.39755  	-0.0034  	0.01677  	-0.0321  	0.02146  	-0.0081  	-0.1605  	-0.1010  	-0.0620  	-0.0015  	0.01782  	0.00382  	0.00254  	0.00390  	-0.0230  	0.03948  	-0.0131  	-0.0254  	-0.0050  	0.00455  	-0.0069  	0.19591  	-0.0401  	-0.0029  	-0.0129  	0.02117  	0.32912  	0.47227  	293.370  	223.447  	
0.43815  	0.03499  	0.02824  	-0.1240  	0.70915  	-0.8133  	-0.5447  	0.54068  	-0.0431  	-0.5306  	-0.1888  	0.90250  	0.04635  	-0.0561  	-0.6842  	-0.1899  	0.61805  	-0.6771  	0.74861  	-0.3171  	0.13833  	0.43121  	-0.2965  	0.65100  	0.32625  	0.33646  	0.39522  	-1.0257  	-0.3707  	-0.2904  	0.04766  	-0.1061  	-0.1636  	-0.4973  	0.38453  	0.08542  	0.28713  	0.11353  	-0.7035  	-0.2192  	0.21954  	0.37648  	-0.3178  	0.39211  	-0.0132  	0.01222  	-0.0293  	0.05094  	-0.0003  	-0.1572  	-0.0938  	-0.0560  	0.00623  	0.01818  	0.00235  	0.00419  	0.00355  	-0.0149  	0.02646  	-0.0177  	-0.0268  	0.00678  	0.02564  	-0.0058  	0.19591  	-0.0401  	-0.0029  	-0.0129  	0.02117  	0.32912  	0.47227  	293.370  	223.447  	
0.31717  	-0.0183  	-0.0973  	-0.2926  	0.67749  	-0.9638  	-0.4756  	0.29485  	-0.0553  	-0.3807  	-0.0862  	0.86945  	-0.0702  	-0.1905  	-1.1009  	-0.0771  	0.49775  	-0.4466  	0.68736  	-0.0025  	-0.1493  	0.55739  	-0.1986  	0.57099  	0.43074  	0.28163  	0.25440  	-0.7525  	-0.2882  	-0.2368  	-0.0612  	-0.0886  	-0.0950  	-0.3570  	0.35317  	0.21984  	0.25686  	0.08077  	-0.5745  	-0.1428  	0.19598  	0.26456  	-0.2134  	0.33304  	0.04764  	-0.0099  	-0.0093  	0.03318  	0.02273  	-0.1562  	-0.0918  	-0.0663  	0.01189  	0.00157  	0.00219  	-0.0036  	0.01738  	-0.0061  	0.03621  	-0.0290  	-0.0331  	0.00100  	0.04015  	0.00010  	0.19591  	-0.0401  	-0.0029  	-0.0129  	0.02117  	0.32912  	0.47227  	293.370  	223.447  	
-0.1196  	-0.1302  	-0.3771  	-0.4001  	0.67970  	-1.1990  	-0.4476  	0.22793  	-0.0724  	-0.3701  	0.10725  	0.81207  	-0.1951  	-0.1605  	-1.1763  	-0.1709  	0.40629  	-0.3173  	0.58970  	0.29340  	-0.1558  	0.80811  	0.04008  	0.65784  	0.52228  	0.16689  	0.35692  	-0.7152  	-0.3713  	-0.2351  	-0.1751  	-0.0570  	-0.0380  	-0.1959  	0.47617  	0.29221  	0.35986  	0.06467  	-0.4716  	-0.0612  	0.07675  	0.14017  	-0.1637  	0.23538  	0.09633  	-0.0364  	0.02496  	-0.0030  	0.03543  	-0.1454  	-0.0896  	-0.0712  	0.00899  	-0.0157  	0.00266  	-0.0004  	0.01295  	0.01392  	0.04022  	-0.0294  	-0.0356  	0.00977  	0.05254  	-0.0033  	0.19591  	-0.0401  	-0.0029  	-0.0129  	0.02117  	0.32912  	0.47227  	293.370  	223.447  	
-0.1906  	-0.1506  	-0.4570  	-0.3327  	0.70950  	-1.1659  	-0.5172  	0.28650  	-0.1033  	-0.4520  	0.01297  	0.89205  	-0.1598  	-0.1225  	-0.9793  	-0.2769  	0.46623  	-0.3714  	0.59040  	0.22153  	-0.1189  	0.76471  	0.10368  	0.63054  	0.48146  	0.18900  	0.40255  	-0.7294  	-0.4180  	-0.2036  	-0.1498  	-0.0615  	-0.0310  	-0.1966  	0.49593  	0.19496  	0.35692  	0.05239  	-0.4661  	-0.0671  	0.03099  	0.15981  	-0.1828  	0.22456  	0.12760  	-0.0336  	0.01886  	-0.0231  	0.01267  	-0.1200  	-0.0973  	-0.0722  	-0.0033  	-0.0111  	-0.0077  	-0.0006  	0.01612  	0.00747  	0.03495  	-0.0237  	-0.0378  	0.01908  	0.04513  	0.00229  	0.19591  	-0.0401  	-0.0029  	-0.0129  	0.02117  	0.32912  	0.47227  	293.370  	223.447  	
0.24919  	-0.0091  	-0.1712  	-0.2738  	0.72033  	-0.9656  	-0.5066  	0.36307  	-0.0191  	-0.4977  	-0.1390  	0.84993  	-0.1024  	-0.0306  	-0.8743  	-0.1359  	0.45457  	-0.3790  	0.61842  	0.17681  	-0.0547  	0.79416  	0.14718  	0.65542  	0.43334  	0.17137  	0.36944  	-0.8022  	-0.4806  	-0.2326  	-0.1787  	-0.0541  	-0.0121  	-0.2046  	0.52486  	0.13195  	0.44269  	0.08804  	-0.5016  	-0.0600  	0.06528  	0.13291  	-0.1468  	0.23925  	0.10031  	-0.0339  	0.02492  	0.00312  	0.03119  	-0.1355  	-0.0947  	-0.0714  	-0.0052  	-0.0179  	-0.0079  	-0.0034  	0.02018  	0.00230  	0.03728  	-0.0266  	-0.0379  	0.01440  	0.05108  	0.00543  	0.19591  	-0.0401  	-0.0029  	-0.0129  	0.02117  	0.32912  	0.47227  	293.370  	223.447  	
0.49865  	-0.0010  	-0.0215  	-0.2001  	0.64837  	-0.8727  	-0.4340  	0.40869  	-0.0225  	-0.4687  	-0.1917  	0.82436  	-0.0640  	-0.0366  	-0.9243  	-0.0745  	0.43458  	-0.3206  	0.63582  	0.17981  	-0.0600  	0.82420  	0.13158  	0.57821  	0.51529  	0.14176  	0.36520  	-0.8486  	-0.4382  	-0.2195  	-0.2032  	-0.0332  	-0.0078  	-0.2006  	0.51929  	0.17539  	0.41762  	0.11981  	-0.5015  	-0.0795  	0.06937  	0.13583  	-0.1059  	0.25587  	0.09153  	-0.0340  	0.00908  	0.02344  	0.03646  	-0.1465  	-0.0852  	-0.0741  	0.00670  	-0.0172  	-0.0042  	0.01084  	0.01664  	0.00540  	0.03030  	-0.0353  	-0.0388  	0.01556  	0.05408  	-0.0018  	0.19591  	-0.0401  	-0.0029  	-0.0129  	0.02117  	0.32912  	0.47227  	293.370  	223.447  	
0.21365  	-0.0997  	-0.1773  	-0.2476  	0.70649  	-0.9071  	-0.5153  	0.25932  	-0.0649  	-0.4745  	-0.1061  	0.74806  	-0.1472  	-0.1855  	-0.9733  	-0.1565  	0.46063  	-0.3777  	0.64902  	0.13209  	-0.0518  	0.83098  	0.12978  	0.66066  	0.51782  	0.13985  	0.48320  	-0.9136  	-0.5051  	-0.2297  	-0.2005  	0.02614  	-0.0423  	-0.2126  	0.54224  	0.21893  	0.46915  	0.12911  	-0.5352  	-0.0775  	0.09095  	0.14586  	-0.1481  	0.25344  	0.10357  	-0.0352  	0.00781  	-5.9420  	0.02692  	-0.1308  	-0.0984  	-0.0682  	0.01033  	-0.0128  	-0.0017  	0.00537  	0.02020  	0.01118  	0.03705  	-0.0236  	-0.0319  	0.00265  	0.05148  	-0.0062  	0.19591  	-0.0401  	-0.0029  	-0.0129  	0.02117  	0.32912  	0.47227  	293.370  	223.447  	
0.17621  	-0.0973  	-0.2738  	-0.3644  	0.65823  	-0.9206  	-0.5166  	0.23514  	-0.0957  	-0.4899  	-0.0226  	0.76374  	-0.1902  	-0.2579  	-1.1402  	-0.0640  	0.42135  	-0.3386  	0.65715  	0.14065  	-0.0999  	0.78201  	0.14442  	0.60456  	0.46779  	0.16230  	0.41259  	-0.8131  	-0.4743  	-0.2388  	-0.1835  	-0.0123  	-0.0529  	-0.1953  	0.52703  	0.25033  	0.46587  	0.11494  	-0.5192  	-0.0928  	0.08803  	0.14489  	-0.1411  	0.25047  	0.10716  	-0.0243  	0.01105  	-0.0108  	0.01527  	-0.1401  	-0.1022  	-0.0662  	0.00451  	-0.0123  	-0.0024  	0.00186  	0.01646  	0.01324  	0.03507  	-0.0383  	-0.0424  	0.00699  	0.05366  	-0.0032  	0.19591  	-0.0401  	-0.0029  	-0.0129  	0.02117  	0.32912  	0.47227  	293.370  	223.447  	
0.17232  	-0.1097  	-0.2259  	-0.3302  	0.63775  	-0.9753  	-0.4872  	0.24527  	-0.0817  	-0.3919  	0.02902  	0.82799  	-0.2014  	-0.3008  	-1.2287  	-0.0135  	0.41677  	-0.3038  	0.64507  	0.19285  	-0.1472  	0.77389  	0.12745  	0.59999  	0.45790  	0.16546  	0.35202  	-0.7319  	-0.4526  	-0.2341  	-0.1870  	-0.0187  	-0.0612  	-0.1965  	0.49419  	0.27792  	0.45164  	0.09825  	-0.5213  	-0.0749  	0.07295  	0.14551  	-0.1365  	0.25371  	0.11091  	-0.0300  	0.01072  	-0.0081  	0.02473  	-0.1476  	-0.0988  	-0.0733  	0.00722  	-0.0205  	0.00233  	-0.0032  	0.02343  	0.01415  	0.03735  	-0.0355  	-0.0412  	0.00665  	0.05419  	0.00406  	0.19591  	-0.0401  	-0.0029  	-0.0129  	0.02117  	0.32912  	0.47227  	293.370  	223.447  	
0.12009  	-0.1031  	-0.2031  	-0.3551  	0.62852  	-1.0045  	-0.4901  	0.24540  	-0.0895  	-0.3773  	0.06535  	0.84619  	-0.2121  	-0.2373  	-1.2641  	-0.0299  	0.40610  	-0.3085  	0.62523  	0.20549  	-0.1462  	0.77968  	0.12271  	0.60822  	0.42983  	0.16608  	0.34361  	-0.7311  	-0.4228  	-0.2417  	-0.1897  	-0.0248  	-0.0468  	-0.2037  	0.48584  	0.27463  	0.43511  	0.08982  	-0.5168  	-0.0705  	0.09106  	0.14645  	-0.1366  	0.24634  	0.10773  	-0.0307  	0.01613  	-0.0002  	0.03423  	-0.1440  	-0.0959  	-0.0764  	0.00529  	-0.0176  	0.00232  	-0.0026  	0.02617  	0.01256  	0.03229  	-0.0337  	-0.0397  	0.00986  	0.05780  	0.00279  	0.19591  	-0.0401  	-0.0029  	-0.0129  	0.02117  	0.32912  	0.47227  	293.370  	223.447  	
0.11900  	-0.0785  	-0.1975  	-0.3624  	0.60219  	-0.9730  	-0.4723  	0.21823  	-0.0860  	-0.3958  	0.02269  	0.82434  	-0.2148  	-0.2650  	-1.2460  	-0.0330  	0.41401  	-0.2856  	0.63071  	0.24248  	-0.1904  	0.76520  	0.08682  	0.56387  	0.44585  	0.17023  	0.29015  	-0.6693  	-0.3876  	-0.2490  	-0.1922  	-0.0367  	-0.0485  	-0.1967  	0.45732  	0.27645  	0.39675  	0.08825  	-0.4898  	-0.0636  	0.10062  	0.14449  	-0.1316  	0.24526  	0.10861  	-0.0350  	0.01050  	-0.0055  	0.03454  	-0.1396  	-0.0953  	-0.0745  	0.00589  	-0.0150  	0.00620  	-0.0025  	0.02360  	0.01217  	0.03335  	-0.0305  	-0.0423  	0.01449  	0.05774  	0.00552  	0.19591  	-0.0401  	-0.0029  	-0.0129  	0.02117  	0.32912  	0.47227  	293.370  	223.447  	
-0.0552  	-0.1107  	-0.2981  	-0.4697  	0.52868  	-1.0566  	-0.4870  	0.17126  	-0.1141  	-0.3692  	0.00738  	0.78759  	-0.2087  	-0.3295  	-1.3479  	-0.1059  	0.44744  	-0.2717  	0.62586  	0.29631  	-0.2306  	0.74718  	0.13228  	0.54564  	0.43602  	0.20368  	0.24521  	-0.6230  	-0.3685  	-0.2709  	-0.1690  	-0.0536  	-0.0531  	-0.1943  	0.40186  	0.29860  	0.35443  	0.06911  	-0.4544  	-0.0581  	0.11018  	0.14478  	-0.1267  	0.25314  	0.11960  	-0.0347  	0.01600  	-0.0084  	0.02550  	-0.1414  	-0.0985  	-0.0756  	0.00829  	-0.0106  	0.00421  	-0.0052  	0.02032  	0.01040  	0.03509  	-0.0296  	-0.0399  	0.01119  	0.05472  	0.00744  	0.19591  	-0.0401  	-0.0029  	-0.0129  	0.02117  	0.32912  	0.47227  	293.370  	223.447  	
-0.0974  	-0.1413  	-0.3314  	-0.4764  	0.58218  	-1.1437  	-0.4876  	0.16655  	-0.1191  	-0.4031  	-0.0076  	0.76705  	-0.2127  	-0.3752  	-1.2254  	-0.1662  	0.46812  	-0.2882  	0.62593  	0.27131  	-0.2071  	0.77803  	0.14918  	0.59506  	0.46349  	0.18391  	0.29845  	-0.6523  	-0.3651  	-0.2539  	-0.1878  	-0.0498  	-0.0668  	-0.1816  	0.40192  	0.27129  	0.35294  	0.07140  	-0.4867  	-0.0762  	0.11550  	0.13971  	-0.1372  	0.26284  	0.11081  	-0.0385  	0.01590  	-0.0101  	0.02517  	-0.1293  	-0.0910  	-0.0690  	0.00733  	-0.0149  	0.00036  	0.00086  	0.02331  	0.01550  	0.03851  	-0.0313  	-0.0373  	0.01132  	0.04629  	-0.0022  	0.19591  	-0.0401  	-0.0029  	-0.0129  	0.02117  	0.32912  	0.47227  	293.370  	223.447  	
-0.2775  	-0.1607  	-0.4408  	-0.4428  	0.67407  	-1.1918  	-0.4581  	0.18267  	-0.1210  	-0.3535  	-0.0143  	0.83883  	-0.1643  	-0.3021  	-1.1295  	-0.2047  	0.41704  	-0.2631  	0.59777  	0.25326  	-0.2641  	0.78720  	0.11175  	0.58136  	0.42704  	0.20340  	0.27207  	-0.6279  	-0.3208  	-0.2377  	-0.1524  	-0.0789  	-0.0299  	-0.1825  	0.38203  	0.25509  	0.27638  	0.04402  	-0.4389  	-0.0456  	0.11462  	0.14957  	-0.1504  	0.24855  	0.11418  	-0.0327  	0.01138  	-0.0248  	0.01848  	-0.1349  	-0.0990  	-0.0723  	0.00645  	-0.0180  	-0.0015  	-0.0092  	0.02090  	0.01129  	0.03677  	-0.0315  	-0.0285  	0.01785  	0.04590  	8.49482  	0.19591  	-0.0401  	-0.0029  	-0.0129  	0.02117  	0.32912  	0.47227  	293.370  	223.447  	
-0.0426  	-0.1135  	-0.4207  	-0.2394  	0.72692  	-1.0766  	-0.4868  	0.25674  	-0.0885  	-0.4844  	-0.1072  	0.91546  	-0.0963  	-0.2066  	-0.9608  	-0.2172  	0.45867  	-0.2848  	0.63667  	0.26610  	-0.2371  	0.81027  	0.10768  	0.55336  	0.45757  	0.19293  	0.25100  	-0.5983  	-0.2913  	-0.1918  	-0.1554  	-0.0845  	-0.0432  	-0.1856  	0.40081  	0.24122  	0.28557  	0.04846  	-0.4285  	-0.0445  	0.09719  	0.12590  	-0.1410  	0.23951  	0.10612  	-0.0314  	0.01199  	0.00045  	0.01871  	-0.1315  	-0.0920  	-0.0706  	-0.0025  	-0.0193  	-0.0040  	0.00155  	0.02497  	0.00717  	0.02845  	-0.0310  	-0.0343  	0.01086  	0.04200  	-0.0066  	0.19591  	-0.0401  	-0.0029  	-0.0129  	0.02117  	0.32912  	0.47227  	293.370  	223.447  	
0.27896  	-0.0111  	-0.2079  	-0.0028  	0.77816  	-0.8310  	-0.4938  	0.32237  	-0.0459  	-0.5499  	-0.3360  	0.89771  	-0.0837  	-0.0968  	-0.7753  	-0.1461  	0.48162  	-0.3025  	0.62502  	0.23547  	-0.1605  	0.79561  	0.07588  	0.57448  	0.51850  	0.17460  	0.33522  	-0.6714  	-0.3513  	-0.1877  	-0.2124  	-0.0331  	-0.0187  	-0.1884  	0.48489  	0.20389  	0.33560  	0.09435  	-0.4416  	-0.0458  	0.07753  	0.11261  	-0.1272  	0.25320  	0.10367  	-0.0388  	0.01513  	0.00666  	0.03677  	-0.1506  	-0.0883  	-0.0718  	0.00392  	-0.0235  	-0.0070  	0.00788  	0.01568  	0.00753  	0.04151  	-0.0331  	-0.0407  	0.01182  	0.04053  	-0.0066  	0.19591  	-0.0401  	-0.0029  	-0.0129  	0.02117  	0.32912  	0.47227  	293.370  	223.447  	
0.25941  	-0.0340  	-0.1777  	-0.0841  	0.80703  	-0.9031  	-0.4837  	0.29699  	-0.0655  	-0.4434  	-0.2094  	0.90166  	-0.1197  	-0.1299  	-1.0009  	-0.0125  	0.39701  	-0.2843  	0.65353  	0.25846  	-0.2006  	0.80315  	0.01187  	0.55366  	0.48302  	0.14569  	0.31090  	-0.6829  	-0.3464  	-0.2006  	-0.2321  	-0.0360  	-0.0123  	-0.1743  	0.49791  	0.25343  	0.35991  	0.09116  	-0.4461  	-0.0305  	0.09758  	0.14180  	-0.1267  	0.25064  	0.10511  	-0.0253  	0.00779  	0.00510  	0.03256  	-0.1519  	-0.1004  	-0.0743  	0.00468  	-0.0180  	-0.0005  	0.00597  	0.02293  	0.01211  	0.03376  	-0.0302  	-0.0411  	0.00769  	0.04178  	-0.0052  	0.19591  	-0.0401  	-0.0029  	-0.0129  	0.02117  	0.32912  	0.47227  	293.370  	223.447  	
0.35304  	-0.0497  	-0.1533  	-0.1131  	0.80856  	-0.8672  	-0.4787  	0.28053  	-0.0696  	-0.4294  	-0.0841  	0.86225  	-0.1516  	-0.1875  	-1.0299  	0.03202  	0.39112  	-0.3122  	0.64179  	0.22696  	-0.0875  	0.80064  	0.03544  	0.64190  	0.50287  	0.14474  	0.43590  	-0.7646  	-0.4679  	-0.2166  	-0.2189  	-0.0086  	-0.0314  	-0.2008  	0.55354  	0.24482  	0.44525  	0.09671  	-0.5156  	-0.0480  	0.04343  	0.14928  	-0.1428  	0.25920  	0.11459  	-0.0315  	0.00776  	0.00194  	0.03744  	-0.1426  	-0.0861  	-0.0705  	0.01197  	-0.0168  	-0.0007  	0.00794  	0.02597  	0.00775  	0.03341  	-0.0267  	-0.0403  	0.00298  	0.04878  	-0.0061  	0.19591  	-0.0401  	-0.0029  	-0.0129  	0.02117  	0.32912  	0.47227  	293.370  	223.447  	
0.30436  	-0.0576  	-0.1382  	-0.1605  	0.76606  	-0.8730  	-0.4585  	0.25324  	-0.0836  	-0.4169  	-0.0800  	0.82213  	-0.1740  	-0.2517  	-1.1042  	0.04558  	0.41600  	-0.3234  	0.65673  	0.22775  	-0.1220  	0.80399  	0.02222  	0.64477  	0.53977  	0.12964  	0.43475  	-0.7185  	-0.4266  	-0.2076  	-0.2347  	-0.0097  	-0.0585  	-0.2020  	0.51764  	0.29342  	0.42219  	0.08725  	-0.4980  	-0.0401  	0.05035  	0.15537  	-0.1428  	0.25654  	0.11283  	-0.0327  	0.00040  	0.00423  	0.03723  	-0.1433  	-0.0860  	-0.0698  	0.00942  	-0.0180  	0.00252  	0.00738  	0.02722  	0.00714  	0.03362  	-0.0312  	-0.0388  	-0.0001  	0.05245  	0.00139  	0.19591  	-0.0401  	-0.0029  	-0.0129  	0.02117  	0.32912  	0.47227  	293.370  	223.447  	
0.24203  	-0.1403  	-0.1627  	-0.2736  	0.67339  	-0.9104  	-0.4759  	0.24088  	-0.0964  	-0.4446  	-0.0213  	0.79408  	-0.1967  	-0.3119  	-1.1835  	0.06513  	0.41465  	-0.3475  	0.66456  	0.19999  	-0.1124  	0.76276  	0.00965  	0.68025  	0.55554  	0.14213  	0.46806  	-0.7367  	-0.5098  	-0.2258  	-0.2130  	0.02052  	-0.0795  	-0.2163  	0.53184  	0.30076  	0.47042  	0.10211  	-0.5310  	-0.0676  	0.03926  	0.15761  	-0.1559  	0.25633  	0.11475  	-0.0311  	0.00048  	-0.0055  	0.03423  	-0.1333  	-0.0894  	-0.0720  	0.01212  	-0.0117  	0.00590  	0.00502  	0.02873  	0.00943  	0.03443  	-0.0243  	-0.0443  	-0.0007  	0.05103  	0.00187  	0.19591  	-0.0401  	-0.0029  	-0.0129  	0.02117  	0.32912  	0.47227  	293.370  	223.447  	
0.48025  	0.01558  	-0.0918  	0.06861  	0.90181  	-0.7993  	-0.4326  	0.34683  	-0.0544  	-0.5079  	-0.3638  	0.83371  	-0.0084  	0.05955  	-0.5636  	-0.1091  	0.45682  	-0.4227  	0.61808  	0.16116  	-0.0297  	0.85258  	0.10208  	0.74038  	0.46736  	0.16408  	0.54006  	-0.8614  	-0.5400  	-0.2232  	-0.2120  	0.00422  	-0.0276  	-0.2190  	0.62262  	0.19094  	0.46521  	0.06950  	-0.5110  	-0.0067  	-0.0170  	0.17733  	-0.1606  	0.25878  	0.10821  	-0.0301  	0.00422  	0.00834  	0.04536  	-0.1422  	-0.1032  	-0.0738  	-0.0027  	-0.0191  	0.00083  	0.01032  	0.02175  	0.00373  	0.03359  	-0.0270  	-0.0376  	0.01209  	0.03056  	-0.0065  	0.19591  	-0.0401  	-0.0029  	-0.0129  	0.02117  	0.32912  	0.47227  	293.370  	223.447  	
0.64658  	0.06014  	0.02004  	0.14853  	0.85632  	-0.7038  	-0.3965  	0.38988  	-0.0133  	-0.4710  	-0.4606  	0.73932  	0.08583  	0.23131  	-0.5206  	-0.1928  	0.45192  	-0.3963  	0.61240  	0.09409  	-0.1311  	0.91320  	0.11977  	0.59262  	0.55886  	0.12845  	0.48437  	-0.8892  	-0.3617  	-0.1502  	-0.1871  	-0.0496  	-0.0455  	-0.1787  	0.51721  	0.16712  	0.37136  	0.07308  	-0.4228  	-0.0365  	0.04351  	0.15054  	-0.1067  	0.26840  	0.09695  	-0.0349  	-0.0048  	0.04954  	0.05038  	-0.1467  	-0.1015  	-0.0732  	0.00818  	-0.0152  	0.00300  	0.01620  	0.01443  	0.00472  	0.02619  	-0.0321  	-0.0353  	0.01915  	0.03728  	-0.0110  	0.19591  	-0.0401  	-0.0029  	-0.0129  	0.02117  	0.32912  	0.47227  	293.370  	223.447  	
0.52924  	0.06468  	-0.0944  	0.26078  	0.98140  	-0.7574  	-0.3626  	0.36688  	-0.0259  	-0.4741  	-0.5160  	0.77789  	0.11392  	0.29349  	-0.4618  	-0.2437  	0.44770  	-0.4599  	0.56646  	0.11618  	-0.1990  	0.96111  	0.06509  	0.59832  	0.68954  	0.13053  	0.54398  	-0.8085  	-0.3190  	-0.0836  	-0.2078  	-0.0357  	-0.0286  	-0.1811  	0.54010  	0.18859  	0.33107  	0.05968  	-0.4024  	-0.0153  	0.01154  	0.16593  	-0.1276  	0.25585  	0.09314  	-0.0299  	-0.0122  	0.02789  	0.05252  	-0.1502  	-0.0951  	-0.0718  	-0.0005  	-0.0220  	-0.0002  	0.01351  	0.01785  	0.00224  	0.03192  	-0.0287  	-0.0336  	0.01430  	0.04912  	-0.0110  	0.19591  	-0.0401  	-0.0029  	-0.0129  	0.02117  	0.32912  	0.47227  	293.370  	223.447  	
0.30648  	-0.0743  	-0.2650  	0.27359  	1.04580  	-0.8472  	-0.3297  	0.35554  	-0.0285  	-0.4227  	-0.3488  	0.84744  	0.01326  	0.22678  	-0.4397  	-0.1641  	0.40541  	-0.4278  	0.57804  	0.21684  	-0.1539  	0.91579  	0.04542  	0.72483  	0.53678  	0.14939  	0.44618  	-0.7897  	-0.4398  	-0.1691  	-0.2191  	-0.0198  	0.01820  	-0.1763  	0.64138  	0.15585  	0.38469  	0.04000  	-0.4820  	0.02702  	-0.0438  	0.19549  	-0.1820  	0.25821  	0.10705  	-0.0196  	0.00345  	0.00663  	0.03416  	-0.1434  	-0.0999  	-0.0616  	-0.0019  	-0.0222  	-0.0070  	0.00033  	0.01177  	0.00298  	0.04564  	-0.0288  	-0.0403  	0.02093  	0.03361  	-0.0104  	0.19591  	-0.0401  	-0.0029  	-0.0129  	0.02117  	0.32912  	0.47227  	293.370  	223.447  	
0.10397  	-0.1340  	-0.3733  	-0.2627  	0.80206  	-1.1414  	-0.3756  	0.20714  	-0.0556  	-0.3923  	-0.1015  	0.89560  	-0.0776  	-0.1781  	-0.9945  	-0.1887  	0.37584  	-0.2502  	0.58229  	0.28414  	-0.1881  	0.76053  	0.07651  	0.61894  	0.41487  	0.18127  	0.27049  	-0.6233  	-0.4579  	-0.2536  	-0.1624  	-0.0704  	-0.0105  	-0.1690  	0.50257  	0.21474  	0.32656  	0.07012  	-0.4624  	-0.0492  	0.07409  	0.13794  	-0.1570  	0.23866  	0.09369  	-0.0250  	0.01172  	0.00441  	0.02572  	-0.1292  	-0.1105  	-0.0747  	0.00460  	-0.0111  	-0.0050  	-0.0098  	0.02492  	0.01076  	0.02958  	-0.0390  	-0.0349  	0.01336  	0.03715  	-0.0069  	0.19591  	-0.0401  	-0.0029  	-0.0129  	0.02117  	0.32912  	0.47227  	293.370  	223.447  	
0.00905  	-0.1442  	-0.2866  	-0.3284  	0.63975  	-0.9865  	-0.4610  	0.17881  	-0.0785  	-0.4963  	-0.1363  	0.73418  	-0.2149  	-0.3539  	-1.0874  	-0.1453  	0.46133  	-0.2978  	0.63088  	0.21725  	-0.1773  	0.80249  	0.14845  	0.58023  	0.50165  	0.19225  	0.37815  	-0.7210  	-0.3806  	-0.2180  	-0.2015  	-0.0420  	-0.0885  	-0.1982  	0.39853  	0.27533  	0.38374  	0.08821  	-0.4710  	-0.0326  	0.12013  	0.13604  	-0.1407  	0.26740  	0.10026  	-0.0367  	0.01378  	-0.0161  	0.01707  	-0.1455  	-0.1051  	-0.0660  	0.01119  	-0.0136  	0.00439  	-0.0024  	0.01837  	0.01465  	0.03518  	-0.0313  	-0.0397  	0.00888  	0.04736  	0.00309  	0.19591  	-0.0401  	-0.0029  	-0.0129  	0.02117  	0.32912  	0.47227  	293.370  	223.447  	
-0.0537  	-0.1469  	-0.3446  	-0.4185  	0.63815  	-1.0590  	-0.4234  	0.17149  	-0.0873  	-0.4517  	-0.1103  	0.71442  	-0.1843  	-0.3654  	-1.1347  	-0.1478  	0.45375  	-0.2637  	0.61303  	0.24547  	-0.2634  	0.80673  	0.10307  	0.52761  	0.51016  	0.18427  	0.31114  	-0.6150  	-0.2939  	-0.2148  	-0.1855  	-0.0518  	-0.0707  	-0.1778  	0.33489  	0.29552  	0.31881  	0.07691  	-0.4441  	-0.0616  	0.14905  	0.12643  	-0.1290  	0.26870  	0.09803  	-0.0360  	0.01258  	-0.0005  	0.02727  	-0.1406  	-0.1058  	-0.0662  	0.01097  	-0.0132  	0.00352  	-0.0055  	0.01692  	0.01420  	0.03799  	-0.0355  	-0.0359  	0.00624  	0.04711  	0.00219  	0.19591  	-0.0401  	-0.0029  	-0.0129  	0.02117  	0.32912  	0.47227  	293.370  	223.447  	
-0.0941  	-0.1700  	-0.4385  	-0.2723  	0.77007  	-1.0954  	-0.4579  	0.18620  	-0.0962  	-0.4281  	-0.1209  	0.81599  	-0.1871  	-0.2709  	-1.0239  	-0.1732  	0.43995  	-0.2594  	0.60864  	0.23430  	-0.2551  	0.78569  	0.06746  	0.55916  	0.48036  	0.19450  	0.31625  	-0.6029  	-0.2857  	-0.2081  	-0.1733  	-0.0591  	-0.0527  	-0.1868  	0.40051  	0.26140  	0.28600  	0.04592  	-0.4421  	-0.0450  	0.09579  	0.14666  	-0.1458  	0.25529  	0.11011  	-0.0328  	0.01376  	-0.0115  	0.02539  	-0.1442  	-0.1008  	-0.0695  	0.00235  	-0.0166  	0.00050  	-0.0040  	0.02252  	0.00811  	0.03564  	-0.0351  	-0.0412  	0.00727  	0.05081  	0.00406  	0.19591  	-0.0401  	-0.0029  	-0.0129  	0.02117  	0.32912  	0.47227  	293.370  	223.447  	
0.11135  	-0.1119  	-0.3794  	-0.1022  	0.85296  	-1.0106  	-0.4663  	0.29486  	-0.0486  	-0.5108  	-0.1333  	0.96166  	-0.1322  	-0.0947  	-0.8812  	-0.1473  	0.44273  	-0.3000  	0.60706  	0.24847  	-0.1652  	0.81172  	0.04879  	0.56594  	0.46441  	0.17926  	0.30563  	-0.5994  	-0.2724  	-0.2025  	-0.2039  	-0.0774  	-0.0259  	-0.1678  	0.45826  	0.20433  	0.30856  	0.04842  	-0.4373  	-0.0521  	0.08491  	0.15186  	-0.1569  	0.23736  	0.10810  	-0.0289  	0.00486  	-0.0040  	0.02435  	-0.1443  	-0.0948  	-0.0730  	0.00103  	-0.0171  	0.00014  	0.01101  	0.02921  	0.00659  	0.03761  	-0.0320  	-0.0413  	0.01484  	0.04422  	0.00431  	0.19591  	-0.0401  	-0.0029  	-0.0129  	0.02117  	0.32912  	0.47227  	293.370  	223.447  	
0.26907  	-0.0871  	-0.2541  	-0.0566  	0.87102  	-0.9464  	-0.4479  	0.32696  	-0.0225  	-0.4786  	-0.1528  	1.01186  	-0.0927  	-0.0675  	-0.8751  	-0.0841  	0.40646  	-0.2954  	0.66483  	0.25065  	-0.0987  	0.83165  	0.06615  	0.55900  	0.51492  	0.17180  	0.33209  	-0.6693  	-0.3769  	-0.1961  	-0.1890  	-0.0810  	-0.0189  	-0.1819  	0.45371  	0.16051  	0.37187  	0.07163  	-0.4424  	-0.0713  	0.09146  	0.15322  	-0.1441  	0.25148  	0.10422  	-0.0172  	0.00712  	0.00234  	0.02305  	-0.1477  	-0.0901  	-0.0754  	-0.0008  	-0.0251  	-0.0104  	0.00980  	0.03892  	0.01955  	0.02650  	-0.0371  	-0.0440  	0.01197  	0.04446  	-0.0033  	0.19591  	-0.0401  	-0.0029  	-0.0129  	0.02117  	0.32912  	0.47227  	293.370  	223.447  	
-0.0697  	-0.0999  	-0.4448  	-0.3419  	0.78579  	-1.1325  	-0.4585  	0.22610  	-0.0674  	-0.3939  	-0.0532  	0.88321  	-0.1796  	-0.2428  	-1.0318  	-0.2016  	0.39569  	-0.2565  	0.63199  	0.28227  	-0.1529  	0.78016  	0.04032  	0.57547  	0.45670  	0.17460  	0.28808  	-0.6119  	-0.3486  	-0.2504  	-0.1878  	-0.0690  	-0.0459  	-0.1713  	0.43142  	0.22798  	0.31980  	0.05413  	-0.4322  	-0.0368  	0.07206  	0.14699  	-0.1625  	0.23494  	0.11236  	-0.0211  	-0.0042  	-0.0169  	0.02377  	-0.1411  	-0.0927  	-0.0705  	-0.0021  	-0.0129  	5.87585  	0.00251  	0.02732  	0.01752  	0.03548  	-0.0334  	-0.0401  	0.00336  	0.03823  	-0.0027  	0.19591  	-0.0401  	-0.0029  	-0.0129  	0.02117  	0.32912  	0.47227  	293.370  	223.447  	
-0.1708  	-0.1346  	-0.3845  	-0.5864  	0.61393  	-1.1279  	-0.4903  	0.17990  	-0.1174  	-0.3664  	-0.0026  	0.71491  	-0.2300  	-0.3950  	-1.1913  	-0.2633  	0.44035  	-0.2954  	0.62748  	0.20974  	-0.1601  	0.78100  	0.13574  	0.56045  	0.50328  	0.18655  	0.34362  	-0.6506  	-0.3746  	-0.2660  	-0.1720  	-0.0550  	-0.0635  	-0.1838  	0.38355  	0.24984  	0.35142  	0.06568  	-0.4539  	-0.0693  	0.10103  	0.12319  	-0.1566  	0.24651  	0.12013  	-0.0275  	0.00840  	-0.0358  	0.00764  	-0.1305  	-0.1023  	-0.0720  	0.00566  	-0.0124  	-0.0045  	-0.0081  	0.02350  	0.01551  	0.03502  	-0.0277  	-0.0363  	0.00261  	0.05050  	0.00328  	0.19591  	-0.0401  	-0.0029  	-0.0129  	0.02117  	0.32912  	0.47227  	293.370  	223.447  	
-0.0161  	-0.1323  	-0.3293  	-0.4559  	0.57416  	-1.0182  	-0.4547  	0.18203  	-0.0850  	-0.4707  	-0.0370  	0.72181  	-0.2354  	-0.4016  	-1.1604  	-0.1666  	0.46753  	-0.2892  	0.62148  	0.22772  	-0.1516  	0.78559  	0.17126  	0.59013  	0.48296  	0.20136  	0.36207  	-0.6610  	-0.3700  	-0.2332  	-0.1752  	-0.0370  	-0.0546  	-0.1954  	0.37837  	0.25258  	0.37818  	0.06126  	-0.4740  	-0.0532  	0.12232  	0.13318  	-0.1382  	0.26821  	0.11633  	-0.0285  	0.01133  	-0.0195  	0.01308  	-0.1427  	-0.1029  	-0.0709  	0.00784  	-0.0141  	0.00060  	-0.0025  	0.01690  	0.01272  	0.03028  	-0.0307  	-0.0421  	0.01233  	0.04897  	0.01038  	0.19591  	-0.0401  	-0.0029  	-0.0129  	0.02117  	0.32912  	0.47227  	293.370  	223.447  	
0.09902  	-0.1006  	-0.2551  	-0.4075  	0.61248  	-0.9930  	-0.4904  	0.22281  	-0.0770  	-0.3884  	-0.0829  	0.81048  	-0.2012  	-0.4388  	-1.2925  	-0.0474  	0.45452  	-0.2459  	0.63121  	0.24824  	-0.2428  	0.74280  	0.12606  	0.53298  	0.44114  	0.20651  	0.28397  	-0.6103  	-0.3318  	-0.2259  	-0.1658  	-0.0488  	-0.0439  	-0.1895  	0.37299  	0.26893  	0.33673  	0.06823  	-0.4346  	-0.0238  	0.13307  	0.13827  	-0.1087  	0.27828  	0.10844  	-0.0276  	0.00371  	-0.0048  	0.02364  	-0.1500  	-0.0988  	-0.0718  	0.00633  	-0.0160  	0.01095  	-0.0010  	0.02253  	0.00940  	0.03457  	-0.0388  	-0.0431  	0.01843  	0.04691  	0.01143  	0.19591  	-0.0401  	-0.0029  	-0.0129  	0.02117  	0.32912  	0.47227  	293.370  	223.447  	
0.02837  	-0.1172  	-0.2574  	-0.3975  	0.59243  	-1.0331  	-0.4806  	0.21882  	-0.0799  	-0.3707  	-0.0605  	0.79329  	-0.2026  	-0.3492  	-1.2431  	-0.1155  	0.43806  	-0.2650  	0.61670  	0.27119  	-0.2422  	0.76833  	0.09185  	0.52517  	0.47742  	0.19433  	0.27785  	-0.5973  	-0.3180  	-0.2403  	-0.1774  	-0.0388  	-0.0548  	-0.1903  	0.37870  	0.27529  	0.32309  	0.07206  	-0.4497  	-0.0415  	0.14628  	0.13103  	-0.0999  	0.28047  	0.10963  	-0.0335  	0.01049  	-0.0032  	0.02279  	-0.1545  	-0.0934  	-0.0711  	0.00479  	-0.0158  	0.00394  	-0.0010  	0.02706  	0.01002  	0.03602  	-0.0326  	-0.0345  	0.00549  	0.04979  	0.00875  	0.19591  	-0.0401  	-0.0029  	-0.0129  	0.02117  	0.32912  	0.47227  	293.370  	223.447  	
-0.0408  	-0.1222  	-0.3138  	-0.4794  	0.54737  	-1.0567  	-0.4741  	0.14176  	-0.1043  	-0.4296  	-0.0797  	0.72572  	-0.2211  	-0.4160  	-1.2286  	-0.1287  	0.47668  	-0.2847  	0.63426  	0.26658  	-0.2251  	0.74679  	0.12401  	0.58153  	0.50586  	0.19112  	0.32754  	-0.6617  	-0.3628  	-0.2526  	-0.1925  	-0.0449  	-0.0694  	-0.1884  	0.41701  	0.29075  	0.37691  	0.08013  	-0.4935  	-0.0615  	0.12241  	0.13882  	-0.1276  	0.26657  	0.11856  	-0.0316  	0.01173  	-0.0257  	0.02096  	-0.1314  	-0.0898  	-0.0714  	0.00572  	-0.0114  	0.00096  	0.00357  	0.02178  	0.01113  	0.04371  	-0.0323  	-0.0398  	0.01265  	0.05080  	-0.0029  	0.19591  	-0.0401  	-0.0029  	-0.0129  	0.02117  	0.32912  	0.47227  	293.370  	223.447  	
-0.1934  	-0.1405  	-0.3625  	-0.5791  	0.54318  	-1.1610  	-0.4788  	0.16982  	-0.1158  	-0.3908  	-0.0575  	0.71478  	-0.2249  	-0.3447  	-1.1940  	-0.2066  	0.45053  	-0.2780  	0.62555  	0.21657  	-0.2370  	0.76251  	0.16854  	0.53794  	0.46814  	0.18862  	0.31118  	-0.6763  	-0.3196  	-0.2400  	-0.1757  	-0.0542  	-0.0698  	-0.1741  	0.35831  	0.27673  	0.33635  	0.07821  	-0.4653  	-0.0660  	0.13162  	0.14760  	-0.1351  	0.25885  	0.10411  	-0.0357  	0.01344  	-0.0172  	0.02093  	-0.1446  	-0.1030  	-0.0661  	0.00419  	-0.0128  	-0.0039  	-0.0051  	0.01979  	0.01068  	0.03650  	-0.0386  	-0.0320  	0.01129  	0.05255  	0.00073  	0.19591  	-0.0401  	-0.0029  	-0.0129  	0.02117  	0.32912  	0.47227  	293.370  	223.447  	
-0.1782  	-0.1274  	-0.3887  	-0.4417  	0.62576  	-1.1647  	-0.5200  	0.20255  	-0.1115  	-0.4228  	-0.0228  	0.78982  	-0.2284  	-0.3363  	-1.1121  	-0.1928  	0.45115  	-0.3106  	0.63729  	0.16236  	-0.1873  	0.79706  	0.19891  	0.56775  	0.44821  	0.20102  	0.33531  	-0.7272  	-0.3704  	-0.2146  	-0.1613  	-0.0604  	-0.0594  	-0.1801  	0.38107  	0.24030  	0.35558  	0.07885  	-0.4812  	-0.0667  	0.13238  	0.13579  	-0.1418  	0.26259  	0.11297  	-0.0314  	0.01207  	-0.0277  	0.01774  	-0.1351  	-0.1088  	-0.0713  	0.00760  	-0.0130  	-0.0073  	-0.0065  	0.02017  	0.01010  	0.03714  	-0.0360  	-0.0315  	0.01623  	0.05063  	0.00040  	0.19591  	-0.0401  	-0.0029  	-0.0129  	0.02117  	0.32912  	0.47227  	293.370  	223.447  	
-0.0068  	-0.1233  	-0.2903  	-0.4125  	0.60960  	-1.0743  	-0.5183  	0.22739  	-0.0744  	-0.4382  	-0.0638  	0.79074  	-0.1974  	-0.3282  	-1.2224  	-0.1443  	0.45828  	-0.3030  	0.63750  	0.20247  	-0.1921  	0.76278  	0.17167  	0.58606  	0.42800  	0.20458  	0.32045  	-0.6551  	-0.3462  	-0.2418  	-0.1742  	-0.0426  	-0.0484  	-0.1993  	0.39643  	0.24674  	0.35879  	0.06361  	-0.4776  	-0.0698  	0.11663  	0.12875  	-0.1381  	0.26715  	0.11247  	-0.0382  	0.01714  	-0.0072  	0.02415  	-0.1338  	-0.1009  	-0.0743  	0.00516  	-0.0173  	0.00068  	-0.0061  	0.02689  	0.01490  	0.03176  	-0.0413  	-0.0380  	0.01514  	0.05403  	0.00342  	0.19591  	-0.0401  	-0.0029  	-0.0129  	0.02117  	0.32912  	0.47227  	293.370  	223.447  	
0.15264  	-0.0762  	-0.2064  	-0.3283  	0.67263  	-0.9568  	-0.4880  	0.26045  	-0.0656  	-0.3894  	-0.0582  	0.83801  	-0.1698  	-0.2716  	-1.2032  	-0.0379  	0.41361  	-0.2921  	0.63672  	0.23232  	-0.1703  	0.76860  	0.10489  	0.57037  	0.42474  	0.17214  	0.31044  	-0.6780  	-0.3716  	-0.2425  	-0.1902  	-0.0301  	-0.0390  	-0.1931  	0.43931  	0.27153  	0.39552  	0.08053  	-0.4851  	-0.0498  	0.11410  	0.12886  	-0.1304  	0.26205  	0.10404  	-0.0321  	0.00787  	-0.0008  	0.03257  	-0.1458  	-0.0984  	-0.0753  	0.00905  	-0.0203  	0.00267  	0.00066  	0.02375  	0.01033  	0.03516  	-0.0323  	-0.0377  	0.00589  	0.05297  	0.00491  	0.19591  	-0.0401  	-0.0029  	-0.0129  	0.02117  	0.32912  	0.47227  	293.370  	223.447  	
0.21429  	-0.0891  	-0.1619  	-0.2709  	0.72861  	-0.9449  	-0.4630  	0.24042  	-0.0671  	-0.3559  	-0.0146  	0.85373  	-0.1891  	-0.3158  	-1.2015  	0.06686  	0.37794  	-0.2785  	0.62636  	0.28494  	-0.2085  	0.77678  	-0.0056  	0.57568  	0.48544  	0.15433  	0.32793  	-0.6508  	-0.3779  	-0.2387  	-0.2172  	-0.0181  	-0.0454  	-0.1891  	0.48845  	0.31022  	0.37834  	0.08264  	-0.4854  	-0.0405  	0.08668  	0.14662  	-0.1297  	0.24407  	0.10813  	-0.0330  	0.00367  	-0.0031  	0.03481  	-0.1441  	-0.0885  	-0.0737  	0.00790  	-0.0179  	0.00627  	-0.0003  	0.02826  	0.01286  	0.03343  	-0.0366  	-0.0427  	0.00225  	0.05453  	0.00487  	0.19591  	-0.0401  	-0.0029  	-0.0129  	0.02117  	0.32912  	0.47227  	293.370  	223.447  	
0.18755  	-0.1057  	-0.1982  	-0.3136  	0.67657  	-0.9171  	-0.4573  	0.21898  	-0.0892  	-0.4080  	-0.0637  	0.79194  	-0.1911  	-0.3505  	-1.2034  	0.03189  	0.39679  	-0.2768  	0.63254  	0.23347  	-0.2147  	0.80206  	0.02235  	0.56812  	0.53746  	0.15890  	0.36408  	-0.6383  	-0.3640  	-0.2175  	-0.2014  	-0.0247  	-0.0650  	-0.1886  	0.47036  	0.31419  	0.37300  	0.08110  	-0.4722  	-0.0434  	0.08492  	0.15157  	-0.1351  	0.25496  	0.10860  	-0.0333  	0.00525  	-0.0056  	0.03125  	-0.1413  	-0.0863  	-0.0717  	0.01067  	-0.0195  	0.00588  	0.00337  	0.02557  	0.01202  	0.03337  	-0.0330  	-0.0417  	0.00152  	0.05397  	0.00441  	0.19591  	-0.0401  	-0.0029  	-0.0129  	0.02117  	0.32912  	0.47227  	293.370  	223.447  	
0.06418  	-0.1379  	-0.2987  	-0.3070  	0.68256  	-1.0087  	-0.4879  	0.18363  	-0.1069  	-0.4583  	-0.0840  	0.79040  	-0.2192  	-0.3339  	-1.1622  	-0.0740  	0.45993  	-0.3295  	0.63130  	0.22209  	-0.1886  	0.78036  	0.06536  	0.60915  	0.53833  	0.15542  	0.37083  	-0.6483  	-0.3825  	-0.2009  	-0.2177  	0.00131  	-0.0831  	-0.2012  	0.46201  	0.32162  	0.39837  	0.08237  	-0.4816  	-0.0532  	0.08507  	0.14167  	-0.1483  	0.25702  	0.10740  	-0.0321  	0.00325  	-0.0134  	0.02191  	-0.1406  	-0.0928  	-0.0672  	0.00443  	-0.0192  	0.00191  	0.00054  	0.02582  	0.01459  	0.03222  	-0.0369  	-0.0411  	0.00295  	0.05271  	0.00605  	0.19591  	-0.0401  	-0.0029  	-0.0129  	0.02117  	0.32912  	0.47227  	293.370  	223.447  	
0.13439  	-0.1101  	-0.2882  	-0.1411  	0.74982  	-0.8953  	-0.5035  	0.25809  	-0.0722  	-0.5910  	-0.2431  	0.84141  	-0.1331  	-0.1798  	-0.8721  	-0.1882  	0.46963  	-0.3570  	0.63294  	0.15042  	-0.1480  	0.84283  	0.14444  	0.61622  	0.49706  	0.17259  	0.42380  	-0.7056  	-0.3930  	-0.1995  	-0.1880  	-0.0404  	-0.0677  	-0.1854  	0.47543  	0.24394  	0.38980  	0.08317  	-0.5059  	-0.0701  	0.06014  	0.15583  	-0.1577  	0.24388  	0.10318  	-0.0304  	0.00326  	-0.0106  	0.02068  	-0.1359  	-0.0970  	-0.0730  	0.00647  	-0.0205  	0.00129  	0.00602  	0.03098  	0.01326  	0.04402  	-0.0346  	-0.0348  	0.01237  	0.05280  	0.00418  	0.19591  	-0.0401  	-0.0029  	-0.0129  	0.02117  	0.32912  	0.47227  	293.370  	223.447  	
0.17267  	-0.0797  	-0.2408  	-0.1893  	0.72862  	-0.9511  	-0.4838  	0.24642  	-0.0502  	-0.5422  	-0.2022  	0.83162  	-0.1502  	-0.1548  	-0.8885  	-0.1730  	0.45221  	-0.3346  	0.61199  	0.19115  	-0.1550  	0.81849  	0.12453  	0.59752  	0.48320  	0.18214  	0.34308  	-0.6823  	-0.3436  	-0.2133  	-0.1962  	-0.0505  	-0.0265  	-0.1880  	0.47500  	0.20884  	0.37450  	0.07228  	-0.4763  	-0.0492  	0.07105  	0.13370  	-0.1416  	0.24729  	0.10175  	-0.0362  	0.01361  	-0.0120  	0.02465  	-0.1495  	-0.0949  	-0.0691  	0.00439  	-0.0181  	-0.0027  	0.00560  	0.02247  	0.00133  	0.04437  	-0.0216  	-0.0396  	0.01000  	0.03985  	0.00563  	0.19591  	-0.0401  	-0.0029  	-0.0129  	0.02117  	0.32912  	0.47227  	293.370  	223.447  	
0.19205  	-0.0370  	-0.2877  	-0.1627  	0.83733  	-1.0133  	-0.3896  	0.20211  	-0.0638  	-0.4181  	-0.2873  	0.87212  	-0.0641  	0.01497  	-0.8702  	-0.1427  	0.39765  	-0.2631  	0.62954  	0.21596  	-0.3666  	0.82598  	0.00639  	0.55144  	0.54199  	0.18282  	0.21464  	-0.5340  	-0.1920  	-0.1795  	-0.1788  	-0.0739  	-0.0306  	-0.1956  	0.40994  	0.24568  	0.23714  	0.03736  	-0.4074  	0.02068  	0.09434  	0.14765  	-0.1108  	0.24424  	0.09366  	-0.0305  	0.01178  	0.01227  	0.03360  	-0.1404  	-0.0962  	-0.0714  	0.00763  	-0.0206  	0.00770  	0.00100  	0.01198  	0.00271  	0.04474  	-0.0312  	-0.0422  	0.02060  	0.03663  	0.00103  	0.19591  	-0.0401  	-0.0029  	-0.0129  	0.02117  	0.32912  	0.47227  	293.370  	223.447  	
-0.0271  	-0.1607  	-0.4228  	-0.3295  	0.74807  	-1.2225  	-0.4124  	0.22287  	-0.0674  	-0.3943  	-0.0025  	0.85934  	-0.0871  	-0.0301  	-1.0796  	-0.2013  	0.43226  	-0.2522  	0.62396  	0.27944  	-0.2542  	0.77405  	-0.0284  	0.61128  	0.52986  	0.17947  	0.24798  	-0.6576  	-0.3897  	-0.2460  	-0.1394  	-0.1060  	0.00462  	-0.2088  	0.50540  	0.24800  	0.34002  	0.03589  	-0.4421  	-0.0400  	0.06903  	0.17597  	-0.1417  	0.23928  	0.11302  	-0.0394  	0.01556  	-0.0172  	0.03180  	-0.1245  	-0.1035  	-0.0730  	-0.0042  	-0.0184  	0.00216  	0.00321  	0.01894  	0.00102  	0.03461  	-0.0238  	-0.0489  	0.02528  	0.04776  	0.00138  	0.19591  	-0.0401  	-0.0029  	-0.0129  	0.02117  	0.32912  	0.47227  	293.370  	223.447  	
-0.2147  	-0.1809  	-0.4861  	-0.4153  	0.75506  	-1.2669  	-0.4670  	0.20882  	-0.0805  	-0.4085  	0.05479  	0.86046  	-0.1140  	-0.1654  	-1.0385  	-0.2579  	0.45771  	-0.2949  	0.60672  	0.25792  	-0.1539  	0.76846  	0.09246  	0.60025  	0.43916  	0.19235  	0.31610  	-0.6606  	-0.3808  	-0.2109  	-0.1381  	-0.0716  	-0.0112  	-0.1711  	0.47878  	0.22772  	0.34460  	0.06333  	-0.4691  	-0.0629  	0.07426  	0.14639  	-0.1802  	0.21990  	0.10533  	-0.0385  	0.00597  	-0.0239  	0.01641  	-0.1444  	-0.0994  	-0.0713  	-0.0066  	-0.0141  	-0.0071  	0.01282  	0.01639  	0.00871  	0.03190  	-0.0297  	-0.0307  	0.01815  	0.04141  	-0.0040  	0.19591  	-0.0401  	-0.0029  	-0.0129  	0.02117  	0.32912  	0.47227  	293.370  	223.447  	
-0.1827  	-0.1483  	-0.3592  	-0.6030  	0.53605  	-1.2320  	-0.4832  	0.30857  	-0.0998  	-0.3807  	0.08685  	0.74971  	-0.1674  	-0.1752  	-1.0932  	-0.2818  	0.48221  	-0.3325  	0.61930  	0.23463  	-0.1283  	0.80450  	0.11860  	0.61180  	0.47513  	0.19334  	0.34105  	-0.7639  	-0.4370  	-0.2750  	-0.1500  	-0.0802  	-0.0339  	-0.2017  	0.40260  	0.22424  	0.38027  	0.08063  	-0.4313  	-0.0985  	0.08487  	0.15146  	-0.1721  	0.22481  	0.10981  	-0.0253  	0.00618  	-0.0159  	0.01333  	-0.1369  	-0.1074  	-0.0669  	0.00074  	-0.0186  	-0.0041  	-0.0004  	0.01687  	0.01028  	0.03530  	-0.0335  	-0.0351  	0.01883  	0.04617  	-0.0001  	0.19591  	-0.0401  	-0.0029  	-0.0129  	0.02117  	0.32912  	0.47227  	293.370  	223.447  	
0.16531  	-0.0549  	-0.1826  	-0.3581  	0.61593  	-0.9510  	-0.4842  	0.36993  	-0.0418  	-0.5228  	-0.0499  	0.84432  	-0.1132  	-0.1081  	-1.0160  	-0.1292  	0.46536  	-0.3150  	0.63851  	0.22127  	-0.0406  	0.75713  	0.16634  	0.65192  	0.39355  	0.17170  	0.37752  	-0.8256  	-0.4874  	-0.2684  	-0.1528  	-0.0386  	0.00052  	-0.2062  	0.44112  	0.13386  	0.43873  	0.09788  	-0.4752  	-0.0813  	0.10154  	0.11785  	-0.1319  	0.25691  	0.10889  	-0.0288  	0.01573  	-0.0105  	0.01318  	-0.1312  	-0.1106  	-0.0716  	0.00231  	-0.0153  	-0.0042  	0.00116  	0.01551  	0.00894  	0.02802  	-0.0309  	-0.0303  	0.02190  	0.04580  	0.00194  	0.19591  	-0.0401  	-0.0029  	-0.0129  	0.02117  	0.32912  	0.47227  	293.370  	223.447  	
0.65666  	0.08888  	0.04311  	-0.2178  	0.63535  	-0.7580  	-0.4535  	0.50179  	0.03629  	-0.5809  	-0.0944  	0.98581  	-0.0659  	-0.0104  	-0.8552  	0.07568  	0.41430  	-0.3814  	0.63236  	0.18724  	0.08992  	0.86727  	0.17330  	0.63232  	0.38393  	0.16354  	0.34150  	-0.8780  	-0.5511  	-0.2537  	-0.1881  	-0.0075  	0.01306  	-0.1951  	0.52331  	0.08682  	0.53684  	0.15580  	-0.5031  	-0.1192  	0.06590  	0.14471  	-0.0845  	0.24671  	0.09319  	-0.0165  	0.00755  	0.02397  	0.03378  	-0.1464  	-0.1142  	-0.0639  	0.01193  	-0.0174  	-0.0060  	0.00859  	0.00289  	0.00394  	0.03196  	-0.0323  	-0.0403  	0.02005  	0.04215  	-0.0044  	0.19591  	-0.0401  	-0.0029  	-0.0129  	0.02117  	0.32912  	0.47227  	293.370  	223.447  	
0.62398  	0.03118  	0.05220  	-0.1125  	0.74302  	-0.8180  	-0.3714  	0.43452  	0.03863  	-0.4456  	-0.0317  	0.92687  	-0.1090  	0.03397  	-0.8571  	0.08406  	0.42077  	-0.4275  	0.64224  	0.19319  	0.12899  	0.82292  	0.13677  	0.64787  	0.51845  	0.12814  	0.46473  	-0.9265  	-0.5715  	-0.2452  	-0.2559  	0.00462  	0.01076  	-0.1894  	0.56538  	0.11710  	0.56382  	0.17244  	-0.4679  	-0.0885  	0.03325  	0.14599  	-0.1065  	0.26973  	0.10327  	-0.0283  	-0.0080  	0.03608  	0.04425  	-0.1472  	-0.0975  	-0.0683  	0.00796  	-0.0066  	-0.0021  	0.02189  	0.00719  	0.00806  	0.03531  	-0.0276  	-0.0375  	0.00978  	0.04922  	0.00013  	0.19591  	-0.0401  	-0.0029  	-0.0129  	0.02117  	0.32912  	0.47227  	293.370  	223.447  	
0.39304  	-0.0475  	-0.0520  	0.02345  	0.84509  	-0.8219  	-0.4302  	0.31035  	-0.0631  	-0.4603  	-0.1894  	0.82873  	-0.1100  	-0.0177  	-0.7740  	-0.0207  	0.49509  	-0.4083  	0.64742  	0.18999  	-0.0436  	0.84126  	0.10287  	0.68714  	0.56608  	0.12830  	0.55553  	-0.9433  	-0.5468  	-0.1868  	-0.2304  	0.00678  	-0.0709  	-0.2039  	0.51738  	0.17377  	0.52258  	0.12358  	-0.5321  	-0.0491  	0.03127  	0.14848  	-0.1400  	0.28408  	0.10016  	-0.0315  	0.00657  	0.02074  	0.05074  	-0.1336  	-0.1076  	-0.0680  	0.00196  	-0.0061  	0.00213  	0.00495  	0.01908  	0.00532  	0.03407  	-0.0230  	-0.0380  	0.00637  	0.05285  	-0.0105  	0.19591  	-0.0401  	-0.0029  	-0.0129  	0.02117  	0.32912  	0.47227  	293.370  	223.447  	
0.41187  	-0.0667  	-0.1177  	-0.0358  	0.78584  	-0.7440  	-0.4687  	0.33119  	-0.0463  	-0.5915  	-0.2121  	0.78579  	-0.0746  	-0.0277  	-0.7646  	-0.1159  	0.47976  	-0.5028  	0.62869  	0.09300  	0.03207  	0.85607  	0.19062  	0.74381  	0.45786  	0.16405  	0.55689  	-0.9959  	-0.5791  	-0.2015  	-0.2211  	0.01716  	-0.0721  	-0.1993  	0.60462  	0.14085  	0.54049  	0.12966  	-0.5693  	-0.1062  	0.01605  	0.17175  	-0.1332  	0.25299  	0.11554  	-0.0304  	0.00502  	-0.0031  	0.04595  	-0.1285  	-0.1127  	-0.0699  	0.01149  	-0.0153  	-0.0045  	0.00564  	0.00268  	0.01303  	0.03625  	-0.0250  	-0.0332  	0.01234  	0.04082  	-0.0033  	0.19591  	-0.0401  	-0.0029  	-0.0129  	0.02117  	0.32912  	0.47227  	293.370  	223.447  	
0.64078  	0.00840  	-0.0273  	0.10569  	0.80794  	-0.7141  	-0.3831  	0.40050  	-0.0280  	-0.4766  	-0.3697  	0.71868  	0.03308  	0.24026  	-0.5412  	-0.1849  	0.41738  	-0.4337  	0.57181  	0.06851  	-0.0516  	0.91616  	0.11223  	0.69384  	0.59415  	0.14319  	0.55420  	-0.9366  	-0.4493  	-0.1629  	-0.2137  	-0.0151  	-0.0421  	-0.2013  	0.61197  	0.16877  	0.43491  	0.09709  	-0.4709  	-0.0204  	0.02269  	0.16288  	-0.1325  	0.25953  	0.09353  	-0.0292  	0.00028  	0.03504  	0.05086  	-0.1466  	-0.0874  	-0.0655  	0.00807  	-0.0178  	0.00202  	0.01052  	0.01006  	0.00062  	0.02681  	-0.0236  	-0.0398  	0.02036  	0.04551  	-0.0033  	0.19591  	-0.0401  	-0.0029  	-0.0129  	0.02117  	0.32912  	0.47227  	293.370  	223.447  	
0.62353  	0.05726  	-0.0554  	-0.0869  	0.81151  	-0.7962  	-0.3233  	0.37118  	-0.0392  	-0.3586  	-0.4623  	0.58778  	0.08693  	0.26925  	-0.5645  	-0.3482  	0.42897  	-0.4182  	0.60786  	0.05871  	-0.1245  	0.96397  	0.14031  	0.67546  	0.74042  	0.11092  	0.61485  	-0.8959  	-0.3616  	-0.1430  	-0.2050  	-0.0504  	-0.0783  	-0.1949  	0.52982  	0.20216  	0.38557  	0.06568  	-0.4105  	0.01326  	0.01452  	0.15245  	-0.1257  	0.28140  	0.08560  	-0.0313  	-0.0159  	0.04178  	0.05599  	-0.1539  	-0.0836  	-0.0700  	0.00178  	-0.0213  	-0.0019  	0.01278  	0.00761  	0.00384  	0.03471  	-0.0229  	-0.0345  	0.01029  	0.04386  	-0.0084  	0.19591  	-0.0401  	-0.0029  	-0.0129  	0.02117  	0.32912  	0.47227  	293.370  	223.447  	
0.40419  	0.00642  	-0.2072  	0.10622  	0.87227  	-0.866  	-0.4313  	0.32822  	-0.0685  	-0.4784  	-0.3997  	0.72189  	0.01056  	0.15827  	-0.4999  	-0.2134  	0.46152  	-0.4240  	0.58465  	0.11998  	-0.0958  	0.94753  	0.13299  	0.70884  	0.60880  	0.15507  	0.57734  	-0.8930  	-0.4424  	-0.1536  	-0.2045  	-0.0249  	-0.0464  	-0.1892  	0.56733  	0.14319  	0.41353  	0.06886  	-0.4952  	-0.0232  	0.00377  	0.16670  	-0.1636  	0.26964  	0.09186  	-0.0321  	-0.0056  	0.00894  	0.03793  	-0.1427  	-0.0969  	-0.0691  	-0.0036  	-0.0210  	-0.0069  	0.00138  	0.01289  	0.00763  	0.03476  	-0.0350  	-0.0395  	0.01964  	0.03561  	-0.0086  	0.19591  	-0.0401  	-0.0029  	-0.0129  	0.02117  	0.32912  	0.47227  	293.370  	223.447  	
0.26270  	-0.0439  	-0.2179  	-0.0057  	0.85147  	-0.8309  	-0.4157  	0.33096  	-0.0618  	-0.5827  	-0.2436  	0.86219  	-0.0952  	-0.0670  	-0.7674  	-0.1198  	0.44341  	-0.3800  	0.63151  	0.18915  	-0.0436  	0.83754  	0.07878  	0.67022  	0.47558  	0.15357  	0.45025  	-0.7573  	-0.4355  	-0.2207  	-0.2038  	-0.0088  	-0.0422  	-0.2052  	0.51115  	0.13882  	0.46657  	0.09289  	-0.5072  	-0.0362  	0.03705  	0.14688  	-0.1620  	0.26752  	0.10492  	-0.0319  	0.00068  	-0.0087  	0.03904  	-0.1444  	-0.1094  	-0.0741  	-0.0045  	-0.0212  	-0.0059  	0.00476  	0.02069  	0.00426  	0.04070  	-0.0317  	-0.0405  	0.01800  	0.04197  	-0.0076  	0.19591  	-0.0401  	-0.0029  	-0.0129  	0.02117  	0.32912  	0.47227  	293.370  	223.447  	
0.25362  	-0.0620  	-0.1682  	-0.2697  	0.68899  	-0.8898  	-0.4862  	0.24976  	-0.0649  	-0.5214  	-0.0844  	0.80612  	-0.1767  	-0.2659  	-1.0652  	-0.0331  	0.40589  	-0.3366  	0.66138  	0.17673  	-0.0991  	0.81347  	0.12740  	0.62977  	0.46860  	0.15895  	0.40667  	-0.7905  	-0.4858  	-0.2433  	-0.2116  	-0.0102  	-0.0465  	-0.1891  	0.51940  	0.23404  	0.49162  	0.11923  	-0.5180  	-0.0630  	0.07160  	0.15568  	-0.1486  	0.24710  	0.10200  	-0.0307  	0.00151  	-0.0052  	0.02523  	-0.1415  	-0.1085  	-0.0653  	0.00288  	-0.0102  	-0.0050  	0.00285  	0.01501  	0.01052  	0.03910  	-0.0399  	-0.0430  	0.00877  	0.05129  	-0.0026  	0.19591  	-0.0401  	-0.0029  	-0.0129  	0.02117  	0.32912  	0.47227  	293.370  	223.447  	
0.26210  	-0.0842  	-0.2012  	-0.2907  	0.64414  	-0.8952  	-0.4865  	0.21940  	-0.0878  	-0.4557  	-0.0031  	0.81658  	-0.1861  	-0.2837  	-1.1933  	-0.0145  	0.42214  	-0.3042  	0.65650  	0.19165  	-0.1253  	0.81829  	0.09405  	0.62497  	0.48768  	0.14342  	0.38595  	-0.7199  	-0.4108  	-0.2311  	-0.2133  	-0.0235  	-0.0528  	-0.2079  	0.49130  	0.28567  	0.44094  	0.07979  	-0.4980  	-0.0527  	0.08242  	0.15435  	-0.1362  	0.25950  	0.11242  	-0.0315  	0.00540  	-0.0031  	0.03469  	-0.1412  	-0.0864  	-0.0727  	0.00814  	-0.0155  	0.00198  	0.00729  	0.02471  	0.01006  	0.03674  	-0.0259  	-0.0424  	0.01406  	0.04640  	-0.0007  	0.19591  	-0.0401  	-0.0029  	-0.0129  	0.02117  	0.32912  	0.47227  	293.370  	223.447  	
0.13346  	-0.0804  	-0.2139  	-0.3566  	0.60962  	-0.9851  	-0.5043  	0.28356  	-0.1108  	-0.4431  	-0.0143  	0.81077  	-0.1663  	-0.3739  	-1.1810  	-0.1099  	0.52527  	-0.4580  	0.71340  	-0.0607  	-0.0998  	0.56205  	-0.1617  	0.57555  	0.44900  	0.25516  	0.36762  	-0.7646  	-0.2864  	-0.2502  	-0.0838  	-0.0833  	-0.1677  	-0.3688  	0.38075  	0.27453  	0.31684  	0.07821  	-0.5901  	-0.1451  	0.17672  	0.27887  	-0.2534  	0.34127  	0.04668  	-0.0107  	-0.0155  	0.01557  	0.01742  	-0.1496  	-0.0837  	-0.0699  	0.01057  	0.00580  	0.01501  	0.00171  	0.02421  	0.00236  	0.03631  	-0.0154  	-0.0355  	0.01078  	0.03926  	0.00532  	0.19591  	-0.0401  	-0.0029  	-0.0129  	0.02117  	0.32912  	0.47227  	293.370  	223.447  	
-0.0320  	-0.1183  	-0.2590  	-0.3206  	0.65374  	-1.0920  	-0.5833  	0.29506  	-0.1593  	-0.5407  	-0.0212  	0.79673  	-0.1523  	-0.4313  	-1.0169  	-0.2257  	0.64643  	-0.6480  	0.77777  	-0.3252  	-0.0085  	0.38380  	-0.3408  	0.64614  	0.38932  	0.34181  	0.41448  	-0.9424  	-0.2751  	-0.2492  	0.00882  	-0.1063  	-0.2576  	-0.4973  	0.36409  	0.23486  	0.27649  	0.09215  	-0.7299  	-0.2305  	0.23638  	0.38760  	-0.3626  	0.38704  	0.00216  	0.00987  	-0.0305  	0.01015  	-0.0089  	-0.1540  	-0.0891  	-0.0598  	0.01073  	0.01547  	0.01378  	-0.0024  	0.02612  	-0.0046  	0.03987  	-0.0184  	-0.0310  	-0.0082  	0.02233  	0.00357  	0.19591  	-0.0401  	-0.0029  	-0.0129  	0.02117  	0.32912  	0.47227  	293.370  	223.447  	
0.08712  	-0.1136  	-0.2557  	-0.2811  	0.65300  	-1.0494  	-0.5901  	0.29140  	-0.1511  	-0.5100  	-0.0319  	0.81906  	-0.1000  	-0.4806  	-1.0377  	-0.2029  	0.63578  	-0.6783  	0.76654  	-0.3332  	-0.0295  	0.33465  	-0.3794  	0.59410  	0.34280  	0.37902  	0.32524  	-0.8901  	-0.2517  	-0.2630  	0.03731  	-0.1211  	-0.2779  	-0.5222  	0.32304  	0.21934  	0.24197  	0.08583  	-0.7396  	-0.2355  	0.24281  	0.41047  	-0.3759  	0.41793  	-0.0139  	0.01354  	-0.0373  	0.02435  	-0.0069  	-0.1537  	-0.0912  	-0.0603  	0.00481  	0.02249  	0.01748  	0.00258  	0.01604  	-0.0117  	0.03689  	-0.0227  	-0.0320  	-0.0064  	0.01423  	0.00113  	0.19591  	-0.0401  	-0.0029  	-0.0129  	0.02117  	0.32912  	0.47227  	293.370  	223.447  	
0.15320  	-0.0968  	-0.1602  	-0.1214  	0.79201  	-1.0349  	-0.5176  	0.29823  	-0.1531  	-0.3952  	-0.0278  	0.89684  	-0.1151  	-0.4662  	-1.1089  	-0.0233  	0.57408  	-0.5549  	0.75963  	-0.2313  	-0.1710  	0.37546  	-0.4670  	0.58534  	0.43416  	0.34716  	0.32529  	-0.7959  	-0.2098  	-0.2394  	-0.0046  	-0.1095  	-0.2605  	-0.4962  	0.32332  	0.30233  	0.17255  	0.08826  	-0.6817  	-0.1822  	0.21780  	0.39572  	-0.3502  	0.39603  	0.00442  	0.00434  	-0.0307  	0.03358  	0.00374  	-0.1663  	-0.0780  	-0.0611  	0.01016  	0.01305  	0.02043  	-0.0075  	0.02309  	-0.0093  	0.03357  	-0.0117  	-0.0375  	-0.0109  	0.02258  	0.00387  	0.19591  	-0.0401  	-0.0029  	-0.0129  	0.02117  	0.32912  	0.47227  	293.370  	223.447  	
0.16647  	-0.0877  	-0.1571  	-0.2309  	0.77903  	-1.0278  	-0.4693  	0.25881  	-0.1176  	-0.3610  	-0.0723  	0.83122  	-0.1453  	-0.4349  	-1.2027  	0.02892  	0.47383  	-0.3974  	0.69988  	-0.0179  	-0.2448  	0.58489  	-0.2685  	0.56887  	0.51565  	0.26452  	0.35015  	-0.6862  	-0.2103  	-0.2051  	-0.1025  	-0.0634  	-0.1792  	-0.3525  	0.36680  	0.33496  	0.23199  	0.07088  	-0.5696  	-0.0971  	0.16233  	0.28588  	-0.2489  	0.34864  	0.05482  	-0.0127  	-0.0261  	0.02315  	0.02308  	-0.1602  	-0.0765  	-0.0683  	0.01061  	-0.0002  	0.01439  	5.78956  	0.02068  	-0.0010  	0.03799  	-0.0226  	-0.0349  	-0.0056  	0.03104  	0.00210  	0.19591  	-0.0401  	-0.0029  	-0.0129  	0.02117  	0.32912  	0.47227  	293.370  	223.447  	
-0.0935  	-0.1832  	-0.3885  	-0.3336  	0.66730  	-1.0717  	-0.4819  	0.15536  	-0.1283  	-0.4344  	-0.1359  	0.75585  	-0.2024  	-0.3875  	-1.1607  	-0.1154  	0.46727  	-0.2788  	0.64727  	0.20713  	-0.2644  	0.76448  	0.07579  	0.63629  	0.58800  	0.17052  	0.40374  	-0.6091  	-0.3403  	-0.2022  	-0.1977  	-0.0167  	-0.0948  	-0.1839  	0.42172  	0.32818  	0.33960  	0.06973  	-0.4714  	-0.0349  	0.07971  	0.13699  	-0.1529  	0.26075  	0.11233  	-0.0379  	0.00309  	-0.0287  	0.02251  	-0.1315  	-0.0914  	-0.0666  	0.00846  	-0.0165  	-0.0025  	-0.0032  	0.02582  	0.01356  	0.04381  	-0.0350  	-0.0382  	0.00870  	0.05305  	-0.0016  	0.19591  	-0.0401  	-0.0029  	-0.0129  	0.02117  	0.32912  	0.47227  	293.370  	223.447  	
-0.0816  	-0.1559  	-0.4237  	-0.3694  	0.65852  	-1.0593  	-0.4898  	0.18881  	-0.1158  	-0.4665  	-0.1637  	0.73565  	-0.2198  	-0.3182  	-1.0361  	-0.2380  	0.47557  	-0.3000  	0.63153  	0.18012  	-0.1997  	0.78730  	0.11728  	0.58755  	0.56752  	0.17028  	0.41446  	-0.7128  	-0.3619  	-0.1969  	-0.1902  	-0.0396  	-0.0921  	-0.1930  	0.42327  	0.27922  	0.36664  	0.07953  	-0.4853  	-0.0663  	0.07928  	0.15140  	-0.1619  	0.25252  	0.12252  	-0.0342  	0.00314  	-0.0263  	0.01252  	-0.1412  	-0.1045  	-0.0657  	0.00481  	-0.0138  	-0.0053  	-0.0050  	0.02632  	0.01525  	0.03521  	-0.0370  	-0.0408  	0.00037  	0.05115  	0.00062  	0.19591  	-0.0401  	-0.0029  	-0.0129  	0.02117  	0.32912  	0.47227  	293.370  	223.447  	
0.03709  	-0.1133  	-0.2951  	-0.3688  	0.68435  	-0.9969  	-0.4784  	0.24821  	-0.0647  	-0.4422  	-0.1729  	0.82620  	-0.1619  	-0.2452  	-1.0567  	-0.1830  	0.46194  	-0.3066  	0.60088  	0.18497  	-0.2064  	0.80658  	0.17075  	0.53956  	0.46264  	0.20036  	0.29602  	-0.6524  	-0.3144  	-0.2262  	-0.1878  	-0.0742  	-0.0509  	-0.1880  	0.36104  	0.23292  	0.31348  	0.07700  	-0.4419  	-0.0581  	0.13598  	0.12608  	-0.1175  	0.26799  	0.09690  	-0.0432  	0.01942  	-0.0045  	0.02643  	-0.1411  	-0.1022  	-0.0672  	0.00078  	-0.0182  	-0.0003  	-0.0099  	0.02532  	0.01452  	0.03378  	-0.0402  	-0.0371  	0.00746  	0.05532  	0.00320  	0.19591  	-0.0401  	-0.0029  	-0.0129  	0.02117  	0.32912  	0.47227  	293.370  	223.447  	
-0.0394  	-0.0912  	-0.2712  	-0.4272  	0.66600  	-1.0692  	-0.4486  	0.24049  	-0.0812  	-0.3973  	-0.1266  	0.81672  	-0.1403  	-0.2484  	-1.1517  	-0.1640  	0.43843  	-0.2706  	0.60998  	0.25505  	-0.2802  	0.80639  	0.14056  	0.51097  	0.43208  	0.19168  	0.23031  	-0.5860  	-0.2577  	-0.2413  	-0.1666  	-0.0944  	-0.0387  	-0.1846  	0.32590  	0.24810  	0.29342  	0.06697  	-0.4259  	-0.0421  	0.15899  	0.12340  	-0.1043  	0.26886  	0.09424  	-0.0399  	0.01672  	0.00937  	0.03007  	-0.1374  	-0.1030  	-0.0718  	-0.0007  	-0.0190  	0.00060  	-0.0079  	0.01977  	0.00749  	0.03045  	-0.0361  	-0.0353  	0.01260  	0.04940  	0.00139  	0.19591  	-0.0401  	-0.0029  	-0.0129  	0.02117  	0.32912  	0.47227  	293.370  	223.447  	
-0.2112  	-0.1758  	-0.4500  	-0.5182  	0.61325  	-1.2376  	-0.4435  	0.18052  	-0.0938  	-0.3514  	0.00224  	0.76679  	-0.1406  	-0.2470  	-1.1731  	-0.2896  	0.43664  	-0.2907  	0.60576  	0.25589  	-0.2527  	0.78757  	0.09451  	0.56093  	0.50450  	0.20564  	0.28708  	-0.6323  	-0.2955  	-0.2385  	-0.1418  	-0.0951  	-0.0383  	-0.1792  	0.39736  	0.25595  	0.27562  	0.04263  	-0.4364  	-0.0554  	0.11317  	0.14631  	-0.1225  	0.25177  	0.11058  	-0.0320  	0.00172  	-0.0024  	0.01721  	-0.1396  	-0.1048  	-0.0663  	-0.0038  	-0.0206  	-0.0065  	-0.0054  	0.02145  	0.00846  	0.02855  	-0.0367  	-0.0329  	0.01750  	0.05255  	0.00134  	0.19591  	-0.0401  	-0.0029  	-0.0129  	0.02117  	0.32912  	0.47227  	293.370  	223.447  	
-0.2804  	-0.2007  	-0.4884  	-0.6967  	0.53775  	-1.3084  	-0.5045  	0.17400  	-0.1125  	-0.3703  	0.11432  	0.74312  	-0.1881  	-0.3299  	-1.2605  	-0.2712  	0.45233  	-0.2899  	0.61656  	0.23057  	-0.1917  	0.77023  	0.10371  	0.56007  	0.44505  	0.19825  	0.27263  	-0.6637  	-0.3728  	-0.2582  	-0.1445  	-0.0752  	-0.0490  	-0.1897  	0.38058  	0.26933  	0.31909  	0.07323  	-0.4505  	-0.0726  	0.11795  	0.13955  	-0.1494  	0.22333  	0.10886  	-0.0333  	0.01193  	-0.0141  	0.01407  	-0.1314  	-0.1086  	-0.0657  	0.00329  	-0.0187  	-0.0007  	-0.0058  	0.01822  	0.01069  	0.02856  	-0.0284  	-0.0316  	0.01618  	0.04791  	0.00208  	0.19591  	-0.0401  	-0.0029  	-0.0129  	0.02117  	0.32912  	0.47227  	293.370  	223.447  	
-0.1994  	-0.1704  	-0.3736  	-0.6639  	0.51266  	-1.2994  	-0.4528  	0.23500  	-0.0679  	-0.3203  	0.08721  	0.72952  	-0.1632  	-0.2496  	-1.2310  	-0.2438  	0.45727  	-0.3174  	0.59559  	0.22837  	-0.1875  	0.79340  	0.11207  	0.61514  	0.46291  	0.22312  	0.32985  	-0.7619  	-0.4108  	-0.2696  	-0.1217  	-0.0917  	-0.0244  	-0.1902  	0.39552  	0.22100  	0.32499  	0.07124  	-0.4577  	-0.0679  	0.11247  	0.15176  	-0.1346  	0.24364  	0.11242  	-0.0377  	0.00973  	-0.0015  	0.01514  	-0.1361  	-0.1015  	-0.0688  	-0.0027  	-0.0133  	-0.0074  	-0.0053  	0.01733  	0.01207  	0.02826  	-0.0286  	-0.0355  	0.01557  	0.05014  	0.00291  	0.19591  	-0.0401  	-0.0029  	-0.0129  	0.02117  	0.32912  	0.47227  	293.370  	223.447  	
0.13334  	-0.0534  	-0.2039  	-0.3426  	0.66973  	-0.9413  	-0.4584  	0.34529  	-0.0140  	-0.4385  	-0.1446  	0.79733  	-0.0605  	-0.0520  	-0.9947  	-0.1738  	0.47998  	-0.3314  	0.61151  	0.21453  	-0.1130  	0.80253  	0.15077  	0.63027  	0.39891  	0.20211  	0.34410  	-0.8160  	-0.4474  	-0.2514  	-0.1352  	-0.0696  	0.01091  	-0.1955  	0.45427  	0.16273  	0.38393  	0.06705  	-0.4776  	-0.0556  	0.10941  	0.12656  	-0.1351  	0.24834  	0.10574  	-0.0245  	0.01303  	-0.0008  	0.01417  	-0.1266  	-0.0976  	-0.0733  	-0.0012  	-0.0243  	-0.0121  	0.00491  	0.00771  	0.01210  	0.02884  	-0.0319  	-0.0284  	0.01885  	0.04042  	0.00061  	0.19591  	-0.0401  	-0.0029  	-0.0129  	0.02117  	0.32912  	0.47227  	293.370  	223.447  	
0.16684  	-0.0676  	-0.2575  	-0.0623  	0.78907  	-0.8524  	-0.4794  	0.31826  	-0.0327  	-0.5066  	-0.3060  	0.90474  	-0.0613  	-0.1294  	-0.9165  	-0.1440  	0.42823  	-0.2726  	0.60982  	0.29441  	-0.2739  	0.83517  	0.07136  	0.55273  	0.46618  	0.19446  	0.20070  	-0.5564  	-0.2769  	-0.2260  	-0.1713  	-0.0765  	-0.0188  	-0.1711  	0.35437  	0.21075  	0.23654  	0.04990  	-0.4014  	-0.0136  	0.12573  	0.09799  	-0.1042  	0.26480  	0.09332  	-0.0329  	0.01624  	0.02501  	0.03103  	-0.1449  	-0.0969  	-0.0730  	0.00224  	-0.0203  	-0.0079  	-0.0022  	0.02017  	0.01116  	0.03669  	-0.0365  	-0.0371  	0.00749  	0.03443  	-0.0077  	0.19591  	-0.0401  	-0.0029  	-0.0129  	0.02117  	0.32912  	0.47227  	293.370  	223.447  	
0.23532  	-0.0808  	-0.2436  	0.04278  	0.86823  	-0.8545  	-0.4839  	0.30201  	-0.0492  	-0.5454  	-0.3314  	0.89631  	-0.0809  	-0.1179  	-0.8876  	-0.1325  	0.39766  	-0.2614  	0.62000  	0.32547  	-0.2716  	0.80340  	0.00218  	0.55688  	0.48520  	0.17409  	0.27669  	-0.5516  	-0.2634  	-0.2061  	-0.2174  	-0.0272  	-0.0154  	-0.1786  	0.42430  	0.21946  	0.26585  	0.08857  	-0.4056  	-0.0056  	0.10237  	0.12187  	-0.1172  	0.27857  	0.10143  	-0.0253  	0.01169  	0.00958  	0.02865  	-0.1551  	-0.0943  	-0.0698  	0.00040  	-0.0137  	0.00914  	0.00262  	0.02417  	0.01084  	0.03088  	-0.0286  	-0.0358  	0.00685  	0.03929  	-0.0048  	0.19591  	-0.0401  	-0.0029  	-0.0129  	0.02117  	0.32912  	0.47227  	293.370  	223.447  	
0.50030  	-0.0324  	-0.1663  	0.20910  	0.92487  	-0.7077  	-0.4293  	0.38511  	-0.0034  	-0.5164  	-0.2767  	0.95407  	-0.0368  	-0.0293  	-0.7576  	0.04080  	0.42815  	-0.3399  	0.62551  	0.20852  	-0.2021  	0.88887  	0.04361  	0.62785  	0.62672  	0.13808  	0.36098  	-0.6486  	-0.2915  	-0.1438  	-0.2462  	-0.0335  	-0.0747  	-0.1878  	0.47274  	0.20852  	0.29174  	0.07414  	-0.4223  	-0.0506  	0.06751  	0.12443  	-0.1005  	0.23908  	0.09670  	-0.0337  	0.00035  	0.02209  	0.05308  	-0.1506  	-0.0865  	-0.0744  	0.01055  	-0.0182  	6.45015  	0.00138  	0.02753  	0.01711  	0.04188  	-0.0265  	-0.0567  	-0.0015  	0.04953  	0.00250  	0.19591  	-0.0401  	-0.0029  	-0.0129  	0.02117  	0.32912  	0.47227  	293.370  	223.447  	
0.43471  	-0.0401  	-0.1526  	0.18369  	0.94590  	-0.7715  	-0.4190  	0.34081  	1.57347  	-0.4887  	-0.3234  	0.96288  	-0.0298  	0.04860  	-0.7746  	0.02050  	0.39431  	-0.3340  	0.61728  	0.21334  	-0.1456  	0.89064  	0.03910  	0.60923  	0.55613  	0.13665  	0.39404  	-0.7199  	-0.3834  	-0.1717  	-0.2279  	-0.0350  	-0.0310  	-0.1763  	0.48905  	0.16461  	0.37373  	0.08934  	-0.4511  	-0.0312  	0.06065  	0.13912  	-0.1229  	0.25542  	0.10325  	-0.0298  	0.00851  	0.02339  	0.03962  	-0.1586  	-0.0990  	-0.0746  	-0.0003  	-0.0144  	-0.0034  	-0.0008  	0.02133  	0.00871  	0.03743  	-0.0272  	-0.0416  	-0.0033  	0.05133  	0.00316  	0.19591  	-0.0401  	-0.0029  	-0.0129  	0.02117  	0.32912  	0.47227  	293.370  	223.447  	
0.18605  	-0.0960  	-0.3163  	-0.0304  	0.86942  	-1.0105  	-0.4218  	0.23701  	-0.0660  	-0.4341  	-0.1625  	0.94085  	-0.0936  	-0.0647  	-0.8562  	-0.1002  	0.37387  	-0.2780  	0.59985  	0.28655  	-0.1320  	0.82503  	0.04127  	0.63998  	0.50457  	0.17017  	0.29953  	-0.6785  	-0.3948  	-0.2125  	-0.1734  	-0.0659  	-0.0201  	-0.1814  	0.48857  	0.21686  	0.37631  	0.06251  	-0.4436  	-0.0378  	0.06304  	0.15765  	-0.1498  	0.25077  	0.10095  	-0.0228  	0.00462  	0.00215  	0.02085  	-0.1417  	-0.0947  	-0.0766  	0.00467  	-0.0166  	-0.0066  	0.00979  	0.03149  	0.01387  	0.03253  	-0.0319  	-0.0368  	0.01535  	0.04164  	0.00162  	0.19591  	-0.0401  	-0.0029  	-0.0129  	0.02117  	0.32912  	0.47227  	293.370  	223.447  	
-0.0347  	-0.1223  	-0.3341  	-0.4762  	0.67622  	-1.1122  	-0.4627  	0.19037  	-0.0947  	-0.3572  	-0.0821  	0.75957  	-0.1913  	-0.3480  	-1.1161  	-0.1776  	0.42559  	-0.2476  	0.64393  	0.24608  	-0.1450  	0.75589  	0.11638  	0.59766  	0.46002  	0.19059  	0.31277  	-0.7021  	-0.4040  	-0.2708  	-0.1884  	-0.0616  	-0.0604  	-0.1821  	0.41763  	0.26822  	0.36286  	0.07648  	-0.4682  	-0.0277  	0.07268  	0.13968  	-0.1406  	0.24383  	0.10638  	-0.0294  	0.00658  	-0.0131  	0.01978  	-0.1334  	-0.1071  	-0.0719  	0.00207  	-0.0053  	0.00093  	-0.0066  	0.01343  	0.00581  	0.04246  	-0.0367  	-0.0420  	0.00703  	0.04653  	-0.0008  	0.19591  	-0.0401  	-0.0029  	-0.0129  	0.02117  	0.32912  	0.47227  	293.370  	223.447  	
-0.1512  	-0.1568  	-0.3335  	-0.5251  	0.57225  	-1.0882  	-0.4825  	0.15925  	-0.1257  	-0.4064  	0.00868  	0.67680  	-0.2471  	-0.4299  	-1.2195  	-0.2160  	0.45714  	-0.2960  	0.63467  	0.18084  	-0.1646  	0.78772  	0.18904  	0.55776  	0.51402  	0.18595  	0.34185  	-0.7198  	-0.3721  	-0.2412  	-0.1703  	-0.0493  	-0.0784  	-0.1980  	0.36666  	0.27567  	0.40166  	0.08721  	-0.4569  	-0.0740  	0.12629  	0.13419  	-0.1516  	0.25222  	0.11998  	-0.0341  	0.01375  	-0.0287  	0.00536  	-0.1318  	-0.1083  	-0.0684  	0.00550  	-0.0118  	-0.0021  	-0.0045  	0.02419  	0.01316  	0.03548  	-0.0346  	-0.0358  	0.00765  	0.05484  	0.00492  	0.19591  	-0.0401  	-0.0029  	-0.0129  	0.02117  	0.32912  	0.47227  	293.370  	223.447  	
-0.0638  	-0.1598  	-0.3517  	-0.4141  	0.58180  	-1.0705  	-0.4878  	0.18002  	-0.0966  	-0.4596  	-0.0553  	0.73440  	-0.2133  	-0.4094  	-1.1994  	-0.1661  	0.45671  	-0.3039  	0.61912  	0.21733  	-0.2006  	0.79284  	0.17727  	0.56969  	0.46303  	0.19949  	0.33986  	-0.6362  	-0.3358  	-0.2260  	-0.1655  	-0.0374  	-0.0661  	-0.1914  	0.37397  	0.26879  	0.36298  	0.06561  	-0.4827  	-0.0750  	0.12755  	0.13242  	-0.1343  	0.27426  	0.11372  	-0.0337  	0.01091  	-0.0256  	0.01808  	-0.1399  	-0.1054  	-0.0741  	0.00905  	-0.0134  	0.00279  	-0.0045  	0.02357  	0.01807  	0.03249  	-0.0344  	-0.0387  	0.01118  	0.04789  	0.00519  	0.19591  	-0.0401  	-0.0029  	-0.0129  	0.02117  	0.32912  	0.47227  	293.370  	223.447  	
0.09339  	-0.0946  	-0.2649  	-0.3876  	0.62876  	-0.9706  	-0.5020  	0.25134  	-0.0814  	-0.4017  	-0.0745  	0.82176  	-0.1891  	-0.3661  	-1.2135  	-0.0647  	0.43569  	-0.2790  	0.62038  	0.24016  	-0.2063  	0.75555  	0.13581  	0.54998  	0.41459  	0.19339  	0.29892  	-0.6547  	-0.3376  	-0.2536  	-0.1615  	-0.0475  	-0.0430  	-0.1962  	0.40461  	0.26745  	0.34904  	0.06830  	-0.4580  	-0.0409  	0.12829  	0.13266  	-0.1183  	0.27395  	0.10593  	-0.0310  	0.00861  	-0.0083  	0.02362  	-0.1504  	-0.1035  	-0.0719  	0.00862  	-0.0169  	0.00524  	-0.0024  	0.02300  	0.00822  	0.03444  	-0.0385  	-0.0395  	0.01518  	0.04939  	0.01079  	0.19591  	-0.0401  	-0.0029  	-0.0129  	0.02117  	0.32912  	0.47227  	293.370  	223.447  	
0.11754  	-0.0986  	-0.1542  	-0.4110  	0.57605  	-1.0205  	-0.5031  	0.23082  	-0.1068  	-0.3580  	-0.0395  	0.79416  	-0.1856  	-0.3335  	-1.2711  	-0.0061  	0.39402  	-0.2478  	0.62600  	0.24829  	-0.2541  	0.77440  	0.05571  	0.54380  	0.46556  	0.18403  	0.27232  	-0.6769  	-0.3579  	-0.2458  	-0.1770  	-0.0340  	-0.0389  	-0.1936  	0.42910  	0.29119  	0.34851  	0.08094  	-0.4713  	-0.0517  	0.12950  	0.14050  	-0.1116  	0.26267  	0.09540  	-0.0324  	0.00996  	0.00538  	0.03270  	-0.1450  	-0.0908  	-0.0743  	0.00769  	-0.0192  	0.00264  	-0.0076  	0.02519  	0.01064  	0.02818  	-0.0386  	-0.0432  	0.01026  	0.05720  	0.00311  	0.19591  	-0.0401  	-0.0029  	-0.0129  	0.02117  	0.32912  	0.47227  	293.370  	223.447  	
-0.0736  	-0.1535  	-0.3376  	-0.3769  	0.62168  	-1.1268  	-0.4842  	0.17777  	-0.1241  	-0.4121  	-0.0200  	0.76923  	-0.2160  	-0.3793  	-1.2326  	-0.0908  	0.44562  	-0.3071  	0.65173  	0.23908  	-0.2337  	0.76387  	0.04152  	0.61117  	0.52355  	0.17714  	0.36341  	-0.6272  	-0.3614  	-0.1974  	-0.1938  	-0.0265  	-0.0801  	-0.1944  	0.44736  	0.34431  	0.37703  	0.05167  	-0.4835  	-0.0521  	0.09065  	0.14781  	-0.1428  	0.24904  	0.10870  	-0.0304  	0.00436  	-0.0156  	0.02684  	-0.1417  	-0.0968  	-0.0731  	0.00341  	-0.0219  	0.00209  	0.00458  	0.02580  	0.01242  	0.03634  	-0.0311  	-0.0443  	0.00595  	0.04756  	0.00185  	0.19591  	-0.0401  	-0.0029  	-0.0129  	0.02117  	0.32912  	0.47227  	293.370  	223.447  	
0.11106  	-0.1205  	-0.3057  	-0.3112  	0.71466  	-1.0200  	-0.5079  	0.31554  	-0.0555  	-0.5005  	-0.0866  	0.86964  	-0.1619  	-0.1888  	-0.9610  	-0.1454  	0.46813  	-0.3551  	0.63302  	0.16578  	-0.0613  	0.73655  	0.16125  	0.65881  	0.39052  	0.18338  	0.40847  	-0.7961  	-0.5008  	-0.2631  	-0.1929  	-0.0136  	-0.0572  	-0.2133  	0.49976  	0.16234  	0.43356  	0.09827  	-0.5078  	-0.0444  	0.05914  	0.13300  	-0.1656  	0.25524  	0.10777  	-0.0313  	0.00894  	-0.0198  	0.01616  	-0.1279  	-0.1008  	-0.0726  	0.00637  	-0.0175  	0.00011  	-0.0014  	0.01301  	0.01329  	0.03797  	-0.0304  	-0.0376  	0.01329  	0.04791  	0.00312  	0.19591  	-0.0401  	-0.0029  	-0.0129  	0.02117  	0.32912  	0.47227  	293.370  	223.447  	
0.22276  	-0.0500  	-0.1022  	-0.3459  	0.61845  	-0.9110  	-0.4785  	0.38607  	-0.0267  	-0.4580  	-0.1015  	0.84227  	-0.1291  	-0.1178  	-1.0582  	-0.0418  	0.42812  	-0.3133  	0.66222  	0.22330  	-0.0792  	0.76356  	0.11473  	0.55320  	0.49348  	0.14321  	0.36911  	-0.7787  	-0.4514  	-0.2501  	-0.1976  	-0.0545  	0.01244  	-0.1986  	0.46713  	0.16918  	0.44174  	0.11540  	-0.5076  	-0.1156  	0.10743  	0.14763  	-0.1086  	0.25491  	0.10581  	-0.0293  	0.00876  	-0.0045  	0.02879  	-0.1402  	-0.1047  	-0.0726  	0.00386  	-0.0110  	-0.0087  	0.00895  	0.01387  	0.00591  	0.02354  	-0.0326  	-0.0358  	0.01519  	0.05077  	0.00261  	0.19591  	-0.0401  	-0.0029  	-0.0129  	0.02117  	0.32912  	0.47227  	293.370  	223.447  	
0.04640  	-0.0499  	-0.2281  	-0.3300  	0.68498  	-0.9351  	-0.5014  	0.27965  	-0.0654  	-0.4520  	-0.1212  	0.80915  	-0.1845  	-0.2003  	-1.1228  	-0.1731  	0.44957  	-0.3206  	0.67282  	0.17643  	-0.1169  	0.80093  	0.13982  	0.55677  	0.46959  	0.17736  	0.38766  	-0.7707  	-0.3945  	-0.2437  	-0.1959  	-0.0496  	-0.0310  	-0.1921  	0.44154  	0.22070  	0.39970  	0.10937  	-0.4676  	-0.0596  	0.12261  	0.12984  	-0.1219  	0.27490  	0.10387  	-0.0370  	0.00480  	-0.0103  	0.01335  	-0.1401  	-0.1010  	-0.0687  	0.00076  	-0.0203  	-0.0022  	-0.0028  	0.02077  	0.01215  	0.03127  	-0.0389  	-0.0345  	0.01312  	0.05244  	-0.0013  	0.19591  	-0.0401  	-0.0029  	-0.0129  	0.02117  	0.32912  	0.47227  	293.370  	223.447  	
-0.0214  	-0.1300  	-0.3169  	-0.5425  	0.53777  	-1.0082  	-0.5052  	0.17658  	-0.0786  	-0.4345  	-0.0893  	0.70426  	-0.1909  	-0.3750  	-1.1805  	-0.1968  	0.47654  	-0.3024  	0.65180  	0.14875  	-0.1645  	0.80678  	0.19293  	0.56148  	0.51132  	0.20067  	0.35634  	-0.7548  	-0.3843  	-0.2521  	-0.1768  	-0.0537  	-0.0736  	-0.1974  	0.33796  	0.26220  	0.38456  	0.10027  	-0.4744  	-0.0560  	0.14025  	0.13625  	-0.1331  	0.25846  	0.10316  	-0.0307  	0.01388  	-0.0035  	0.01676  	-0.1369  	-0.0983  	-0.0712  	0.01034  	-0.0069  	-0.0015  	-0.0053  	0.02759  	0.01314  	0.03732  	-0.0301  	-0.0362  	0.01062  	0.04212  	0.00430  	0.19591  	-0.0401  	-0.0029  	-0.0129  	0.02117  	0.32912  	0.47227  	293.370  	223.447  	
-0.1607  	-0.1543  	-0.3219  	-0.6263  	0.49205  	-1.0873  	-0.4675  	0.12903  	-0.1126  	-0.3818  	-0.0455  	0.68891  	-0.2071  	-0.4015  	-1.2577  	-0.2370  	0.47936  	-0.2987  	0.64529  	0.15096  	-0.2286  	0.79596  	0.18302  	0.48718  	0.50855  	0.19682  	0.33538  	-0.7121  	-0.3511  	-0.2511  	-0.1495  	-0.0646  	-0.0847  	-0.1978  	0.31014  	0.29329  	0.36745  	0.09596  	-0.4667  	-0.0953  	0.18703  	0.12978  	-0.1193  	0.26610  	0.11393  	-0.0393  	0.01057  	-0.0114  	0.01565  	-0.1343  	-0.0983  	-0.0697  	0.00174  	-0.0090  	0.00508  	-0.0018  	0.02315  	0.01471  	0.03792  	-0.0269  	-0.0335  	0.01844  	0.05314  	0.00322  	0.19591  	-0.0401  	-0.0029  	-0.0129  	0.02117  	0.32912  	0.47227  	293.370  	223.447  	
-0.2112  	-0.1777  	-0.3715  	-0.6210  	0.49863  	-1.0982  	-0.4740  	0.13083  	-0.1084  	-0.3913  	-0.0369  	0.68655  	-0.2358  	-0.4731  	-1.2801  	-0.2041  	0.47144  	-0.2768  	0.62958  	0.19683  	-0.2887  	0.75748  	0.18396  	0.47356  	0.48746  	0.21783  	0.28234  	-0.6285  	-0.2860  	-0.2557  	-0.1467  	-0.0553  	-0.0732  	-0.1847  	0.27581  	0.30098  	0.32798  	0.09148  	-0.4337  	-0.0953  	0.19108  	0.12113  	-0.1075  	0.28138  	0.10429  	-0.0331  	0.00911  	-0.0094  	0.01282  	-0.1383  	-0.1040  	-0.0645  	0.00535  	-0.0133  	0.00559  	-0.0052  	0.02024  	0.01239  	0.03574  	-0.0329  	-0.0314  	0.01192  	0.05469  	0.00754  	0.19591  	-0.0401  	-0.0029  	-0.0129  	0.02117  	0.32912  	0.47227  	293.370  	223.447  	
-0.2332  	-0.1542  	-0.3601  	-0.5875  	0.50689  	-1.1640  	-0.5208  	0.19955  	-0.1288  	-0.4112  	-0.0001  	0.73581  	-0.1757  	-0.5202  	-1.2141  	-0.2591  	0.54304  	-0.4428  	0.70642  	-0.0566  	-0.2400  	0.53929  	-0.0406  	0.48829  	0.39014  	0.32362  	0.25198  	-0.7172  	-0.2077  	-0.2745  	-0.0285  	-0.1042  	-0.1643  	-0.3470  	0.21744  	0.26513  	0.24088  	0.08560  	-0.5645  	-0.1602  	0.25567  	0.25522  	-0.2285  	0.37031  	0.04723  	-0.0169  	-0.0121  	0.01129  	0.00407  	-0.1518  	-0.1012  	-0.0608  	0.00603  	0.00170  	0.01438  	-0.0084  	0.01782  	0.00100  	0.03924  	-0.0244  	-0.0262  	0.01296  	0.03564  	0.00940  	0.19591  	-0.0401  	-0.0029  	-0.0129  	0.02117  	0.32912  	0.47227  	293.370  	223.447  	
-0.2262  	-0.1471  	-0.3130  	-0.4990  	0.57445  	-1.1881  	-0.5415  	0.25506  	-0.1448  	-0.4149  	-0.0652  	0.78975  	-0.0914  	-0.5245  	-1.1263  	-0.2973  	0.62395  	-0.5791  	0.74242  	-0.2653  	-0.2332  	0.35897  	-0.2644  	0.47062  	0.30636  	0.40773  	0.21651  	-0.7530  	-0.1036  	-0.2904  	0.07446  	-0.1512  	-0.2318  	-0.4709  	0.15864  	0.22704  	0.10237  	0.06929  	-0.6278  	-0.2105  	0.32775  	0.35583  	-0.3145  	0.43151  	-0.0027  	0.00045  	-0.0336  	0.03717  	-0.0046  	-0.1628  	-0.0941  	-0.0564  	0.00371  	0.00965  	0.01973  	-0.0110  	0.01330  	-0.0079  	0.03661  	-0.0225  	-0.0213  	0.01014  	0.02278  	0.01037  	0.19591  	-0.0401  	-0.0029  	-0.0129  	0.02117  	0.32912  	0.47227  	293.370  	223.447  	
-0.1460  	-0.1267  	-0.2500  	-0.4352  	0.59788  	-1.1595  	-0.5501  	0.31842  	-0.1320  	-0.4278  	-0.0806  	0.82010  	-0.0624  	-0.4650  	-1.0756  	-0.2818  	0.64628  	-0.6142  	0.74338  	-0.3112  	-0.1955  	0.32940  	-0.3101  	0.49357  	0.25240  	0.43512  	0.19019  	-0.7917  	-0.1140  	-0.3147  	0.11304  	-0.1642  	-0.2315  	-0.4996  	0.16811  	0.17881  	0.09154  	0.07584  	-0.6524  	-0.2318  	0.34917  	0.38346  	-0.3425  	0.44455  	-0.0234  	0.00530  	-0.0397  	0.04357  	-0.0131  	-0.1583  	-0.0995  	-0.0535  	0.00438  	0.01357  	0.01701  	-0.0125  	0.00840  	-0.0139  	0.03362  	-0.0227  	-0.0191  	0.01430  	0.01941  	0.00776  	0.19591  	-0.0401  	-0.0029  	-0.0129  	0.02117  	0.32912  	0.47227  	293.370  	223.447  	
0.14422  	-0.0185  	-0.1616  	-0.2332  	0.68927  	-1.0417  	-0.5250  	0.42097  	-0.0727  	-0.4975  	-0.0958  	0.88646  	-0.0205  	-0.2659  	-0.8918  	-0.2026  	0.60517  	-0.6289  	0.72415  	-0.2405  	-0.0339  	0.39076  	-0.2806  	0.56633  	0.23628  	0.39310  	0.24035  	-0.8915  	-0.2476  	-0.3124  	0.07131  	-0.1538  	-0.1718  	-0.4705  	0.30040  	0.12658  	0.19654  	0.08828  	-0.6842  	-0.2113  	0.27687  	0.36972  	-0.3401  	0.40482  	-0.0140  	0.00743  	-0.0261  	0.03779  	-0.0172  	-0.1542  	-0.1105  	-0.0601  	0.01110  	0.01018  	0.00523  	-0.0080  	0.00836  	-0.0157  	0.02702  	-0.0247  	-0.0210  	0.01789  	0.01838  	0.00442  	0.19591  	-0.0401  	-0.0029  	-0.0129  	0.02117  	0.32912  	0.47227  	293.370  	223.447  	
0.31897  	0.05408  	-0.0688  	-0.2005  	0.67634  	-0.9469  	-0.4953  	0.43472  	-0.0217  	-0.5269  	-0.0425  	0.87540  	-0.0316  	-0.0891  	-0.8745  	-0.1159  	0.53078  	-0.5084  	0.68523  	-0.0878  	0.04808  	0.56120  	-0.0746  	0.59037  	0.29672  	0.28624  	0.30932  	-0.9160  	-0.4144  	-0.2868  	-0.0292  	-0.0987  	-0.0830  	-0.3464  	0.43354  	0.09584  	0.35112  	0.12630  	-0.6259  	-0.1642  	0.18001  	0.25917  	-0.2495  	0.33054  	0.03041  	-0.0063  	-0.0075  	0.01727  	-0.0017  	-0.1383  	-0.1075  	-0.0618  	0.01194  	0.00429  	0.00312  	-0.0057  	0.00298  	0.00023  	0.03159  	-0.0322  	-0.0266  	0.02326  	0.03325  	0.00074  	0.19591  	-0.0401  	-0.0029  	-0.0129  	0.02117  	0.32912  	0.47227  	293.370  	223.447  	
0.51400  	0.07922  	-0.0123  	-0.1026  	0.65479  	-0.7630  	-0.4570  	0.48883  	0.04677  	-0.5986  	-0.0258  	0.86669  	-0.0939  	0.07613  	-0.7490  	-0.0219  	0.45030  	-0.4305  	0.60982  	0.08657  	0.16956  	0.82099  	0.22951  	0.68286  	0.35967  	0.15619  	0.46549  	-0.9978  	-0.6647  	-0.2655  	-0.1908  	0.00377  	0.01131  	-0.1999  	0.61463  	0.05161  	0.58647  	0.17021  	-0.5688  	-0.1462  	0.05315  	0.13223  	-0.1329  	0.25095  	0.09596  	-0.0289  	0.00958  	-0.0031  	0.02811  	-0.1292  	-0.1207  	-0.0681  	0.00977  	-0.0072  	-0.0051  	0.01125  	0.00604  	0.00926  	0.02810  	-0.0323  	-0.0295  	0.02348  	0.04135  	-0.0037  	0.19591  	-0.0401  	-0.0029  	-0.0129  	0.02117  	0.32912  	0.47227  	293.370  	223.447  	
0.56060  	0.07467  	0.00431  	-0.0809  	0.66563  	-0.7175  	-0.4507  	0.50586  	0.05894  	-0.6212  	-0.0294  	0.86872  	-0.0844  	0.09717  	-0.7050  	-0.0006  	0.47287  	-0.4485  	0.61193  	0.06931  	0.18823  	0.83538  	0.24041  	0.72369  	0.38220  	0.15016  	0.51638  	-1.0323  	-0.6958  	-0.2551  	-0.1940  	0.01200  	0.00508  	-0.2004  	0.63732  	0.04696  	0.62005  	0.17873  	-0.5677  	-0.1435  	0.02062  	0.14030  	-0.1362  	0.24611  	0.09454  	-0.0282  	0.00534  	0.00391  	0.03089  	-0.1338  	-0.1167  	-0.0646  	0.00878  	-0.0069  	-0.0040  	0.01586  	0.00601  	0.00975  	0.02772  	-0.0273  	-0.0302  	0.02027  	0.04581  	0.00052  	0.19591  	-0.0401  	-0.0029  	-0.0129  	0.02117  	0.32912  	0.47227  	293.370  	223.447  	
0.56021  	0.07378  	0.00331  	-0.0797  	0.66674  	-0.7166  	-0.4505  	0.50584  	0.05863  	-0.6208  	-0.0296  	0.86825  	-0.0844  	0.09603  	-0.7048  	-0.0006  	0.47372  	-0.4484  	0.61160  	0.07002  	0.18712  	0.83485  	0.24010  	0.72437  	0.38250  	0.15011  	0.51655  	-1.0320  	-0.6957  	-0.2549  	-0.1941  	0.01211  	0.00471  	-0.2004  	0.63722  	0.04709  	0.61942  	0.17881  	-0.5672  	-0.1437  	0.01994  	0.14022  	-0.1362  	0.24601  	0.09455  	-0.0280  	0.00523  	0.00377  	0.03084  	-0.1340  	-0.1166  	-0.0645  	0.00873  	-0.0071  	-0.0039  	0.01571  	0.00610  	0.00978  	0.02763  	-0.0275  	-0.0302  	0.02024  	0.04591  	0.00058  	0.19591  	-0.0401  	-0.0029  	-0.0129  	0.02117  	0.32912  	0.47227  	293.370  	223.447  	
0.56021  	0.07378  	0.00331  	-0.0797  	0.66674  	-0.7166  	-0.4505  	0.50584  	0.05863  	-0.6208  	-0.0296  	0.86825  	-0.0844  	0.09603  	-0.7048  	-0.0006  	0.47372  	-0.4484  	0.61160  	0.07002  	0.18712  	0.83485  	0.24010  	0.72437  	0.38250  	0.15011  	0.51655  	-1.0320  	-0.6957  	-0.2549  	-0.1941  	0.01211  	0.00471  	-0.2004  	0.63722  	0.04709  	0.61942  	0.17881  	-0.5672  	-0.1437  	0.01994  	0.14022  	-0.1362  	0.24601  	0.09455  	-0.0280  	0.00523  	0.00377  	0.03084  	-0.1340  	-0.1166  	-0.0645  	0.00873  	-0.0071  	-0.0039  	0.01571  	0.00610  	0.00978  	0.02763  	-0.0275  	-0.0302  	0.02024  	0.04591  	0.00058  	0.19591  	-0.0401  	-0.0029  	-0.0129  	0.02117  	0.32912  	0.47227  	293.370  	223.447  	
0.56021  	0.07378  	0.00331  	-0.0797  	0.66674  	-0.7166  	-0.4505  	0.50584  	0.05863  	-0.6208  	-0.0296  	0.86825  	-0.0844  	0.09603  	-0.7048  	-0.0006  	0.47372  	-0.4484  	0.61160  	0.07002  	0.18712  	0.83485  	0.24010  	0.72437  	0.38250  	0.15011  	0.51655  	-1.0320  	-0.6957  	-0.2549  	-0.1941  	0.01211  	0.00471  	-0.2004  	0.63722  	0.04709  	0.61942  	0.17881  	-0.5672  	-0.1437  	0.01994  	0.14022  	-0.1362  	0.24601  	0.09455  	-0.0280  	0.00523  	0.00377  	0.03084  	-0.1340  	-0.1166  	-0.0645  	0.00873  	-0.0071  	-0.0039  	0.01571  	0.00610  	0.00978  	0.02763  	-0.0275  	-0.0302  	0.02024  	0.04591  	0.00058  	0.19591  	-0.0401  	-0.0029  	-0.0129  	0.02117  	0.32912  	0.47227  	293.370  	223.447  	
0.56021  	0.07378  	0.00331  	-0.0797  	0.66674  	-0.7166  	-0.4505  	0.50584  	0.05863  	-0.6208  	-0.0296  	0.86825  	-0.0844  	0.09603  	-0.7048  	-0.0006  	0.47372  	-0.4484  	0.61160  	0.07002  	0.18712  	0.83485  	0.24010  	0.72437  	0.38250  	0.15011  	0.51655  	-1.0320  	-0.6957  	-0.2549  	-0.1941  	0.01211  	0.00471  	-0.2004  	0.63722  	0.04709  	0.61942  	0.17881  	-0.5672  	-0.1437  	0.01994  	0.14022  	-0.1362  	0.24601  	0.09455  	-0.0280  	0.00523  	0.00377  	0.03084  	-0.1340  	-0.1166  	-0.0645  	0.00873  	-0.0071  	-0.0039  	0.01571  	0.00610  	0.00978  	0.02763  	-0.0275  	-0.0302  	0.02024  	0.04591  	0.00058  	0.19591  	-0.0401  	-0.0029  	-0.0129  	0.02117  	0.32912  	0.47227  	293.370  	223.447  	
0.56021  	0.07378  	0.00331  	-0.0797  	0.66674  	-0.7166  	-0.4505  	0.50584  	0.05863  	-0.6208  	-0.0296  	0.86825  	-0.0844  	0.09603  	-0.7048  	-0.0006  	0.47372  	-0.4484  	0.61160  	0.07002  	0.18712  	0.83485  	0.24010  	0.72437  	0.38250  	0.15011  	0.51655  	-1.0320  	-0.6957  	-0.2549  	-0.1941  	0.01211  	0.00471  	-0.2004  	0.63722  	0.04709  	0.61942  	0.17881  	-0.5672  	-0.1437  	0.01994  	0.14022  	-0.1362  	0.24601  	0.09455  	-0.0280  	0.00523  	0.00377  	0.03084  	-0.1340  	-0.1166  	-0.0645  	0.00873  	-0.0071  	-0.0039  	0.01571  	0.00610  	0.00978  	0.02763  	-0.0275  	-0.0302  	0.02024  	0.04591  	0.00058  	0.19591  	-0.0401  	-0.0029  	-0.0129  	0.02117  	0.32912  	0.47227  	293.370  	223.447  	
0.56021  	0.07378  	0.00331  	-0.0797  	0.66674  	-0.7166  	-0.4505  	0.50584  	0.05863  	-0.6208  	-0.0296  	0.86825  	-0.0844  	0.09603  	-0.7048  	-0.0006  	0.47372  	-0.4484  	0.61160  	0.07002  	0.18712  	0.83485  	0.24010  	0.72437  	0.38250  	0.15011  	0.51655  	-1.0320  	-0.6957  	-0.2549  	-0.1941  	0.01211  	0.00471  	-0.2004  	0.63722  	0.04709  	0.61942  	0.17881  	-0.5672  	-0.1437  	0.01994  	0.14022  	-0.1362  	0.24601  	0.09455  	-0.0280  	0.00523  	0.00377  	0.03084  	-0.1340  	-0.1166  	-0.0645  	0.00873  	-0.0071  	-0.0039  	0.01571  	0.00610  	0.00978  	0.02763  	-0.0275  	-0.0302  	0.02024  	0.04591  	0.00058  	0.19591  	-0.0401  	-0.0029  	-0.0129  	0.02117  	0.32912  	0.47227  	293.370  	223.447  	
0.56021  	0.07378  	0.00331  	-0.0797  	0.66674  	-0.7166  	-0.4505  	0.50584  	0.05863  	-0.6208  	-0.0296  	0.86825  	-0.0844  	0.09603  	-0.7048  	-0.0006  	0.47372  	-0.4484  	0.61160  	0.07002  	0.18712  	0.83485  	0.24010  	0.72437  	0.38250  	0.15011  	0.51655  	-1.0320  	-0.6957  	-0.2549  	-0.1941  	0.01211  	0.00471  	-0.2004  	0.63722  	0.04709  	0.61942  	0.17881  	-0.5672  	-0.1437  	0.01994  	0.14022  	-0.1362  	0.24601  	0.09455  	-0.0280  	0.00523  	0.00377  	0.03084  	-0.1340  	-0.1166  	-0.0645  	0.00873  	-0.0071  	-0.0039  	0.01571  	0.00610  	0.00978  	0.02763  	-0.0275  	-0.0302  	0.02024  	0.04591  	0.00058  	0.19591  	-0.0401  	-0.0029  	-0.0129  	0.02117  	0.32912  	0.47227  	293.370  	223.447  	
0.56021  	0.07378  	0.00331  	-0.0797  	0.66674  	-0.7166  	-0.4505  	0.50584  	0.05863  	-0.6208  	-0.0296  	0.86825  	-0.0844  	0.09603  	-0.7048  	-0.0006  	0.47372  	-0.4484  	0.61160  	0.07002  	0.18712  	0.83485  	0.24010  	0.72437  	0.38250  	0.15011  	0.51655  	-1.0320  	-0.6957  	-0.2549  	-0.1941  	0.01211  	0.00471  	-0.2004  	0.63722  	0.04709  	0.61942  	0.17881  	-0.5672  	-0.1437  	0.01994  	0.14022  	-0.1362  	0.24601  	0.09455  	-0.0280  	0.00523  	0.00377  	0.03084  	-0.1340  	-0.1166  	-0.0645  	0.00873  	-0.0071  	-0.0039  	0.01571  	0.00610  	0.00978  	0.02763  	-0.0275  	-0.0302  	0.02024  	0.04591  	0.00058  	0.19591  	-0.0401  	-0.0029  	-0.0129  	0.02117  	0.32912  	0.47227  	293.370  	223.447  	
0.56021  	0.07378  	0.00331  	-0.0797  	0.66674  	-0.7166  	-0.4505  	0.50584  	0.05863  	-0.6208  	-0.0296  	0.86825  	-0.0844  	0.09603  	-0.7048  	-0.0006  	0.47372  	-0.4484  	0.61160  	0.07002  	0.18712  	0.83485  	0.24010  	0.72437  	0.38250  	0.15011  	0.51655  	-1.0320  	-0.6957  	-0.2549  	-0.1941  	0.01211  	0.00471  	-0.2004  	0.63722  	0.04709  	0.61942  	0.17881  	-0.5672  	-0.1437  	0.01994  	0.14022  	-0.1362  	0.24601  	0.09455  	-0.0280  	0.00523  	0.00377  	0.03084  	-0.1340  	-0.1166  	-0.0645  	0.00873  	-0.0071  	-0.0039  	0.01571  	0.00610  	0.00978  	0.02763  	-0.0275  	-0.0302  	0.02024  	0.04591  	0.00058  	0.19591  	-0.0401  	-0.0029  	-0.0129  	0.02117  	0.32912  	0.47227  	293.370  	223.447  	
0.56021  	0.07378  	0.00331  	-0.0797  	0.66674  	-0.7166  	-0.4505  	0.50584  	0.05863  	-0.6208  	-0.0296  	0.86825  	-0.0844  	0.09603  	-0.7048  	-0.0006  	0.47372  	-0.4484  	0.61160  	0.07002  	0.18712  	0.83485  	0.24010  	0.72437  	0.38250  	0.15011  	0.51655  	-1.0320  	-0.6957  	-0.2549  	-0.1941  	0.01211  	0.00471  	-0.2004  	0.63722  	0.04709  	0.61942  	0.17881  	-0.5672  	-0.1437  	0.01994  	0.14022  	-0.1362  	0.24601  	0.09455  	-0.0280  	0.00523  	0.00377  	0.03084  	-0.1340  	-0.1166  	-0.0645  	0.00873  	-0.0071  	-0.0039  	0.01571  	0.00610  	0.00978  	0.02763  	-0.0275  	-0.0302  	0.02024  	0.04591  	0.00058  	0.19591  	-0.0401  	-0.0029  	-0.0129  	0.02117  	0.32912  	0.47227  	293.370  	223.447  	
0.56021  	0.07378  	0.00331  	-0.0797  	0.66674  	-0.7166  	-0.4505  	0.50584  	0.05863  	-0.6208  	-0.0296  	0.86825  	-0.0844  	0.09603  	-0.7048  	-0.0006  	0.47372  	-0.4484  	0.61160  	0.07002  	0.18712  	0.83485  	0.24010  	0.72437  	0.38250  	0.15011  	0.51655  	-1.0320  	-0.6957  	-0.2549  	-0.1941  	0.01211  	0.00471  	-0.2004  	0.63722  	0.04709  	0.61942  	0.17881  	-0.5672  	-0.1437  	0.01994  	0.14022  	-0.1362  	0.24601  	0.09455  	-0.0280  	0.00523  	0.00377  	0.03084  	-0.1340  	-0.1166  	-0.0645  	0.00873  	-0.0071  	-0.0039  	0.01571  	0.00610  	0.00978  	0.02763  	-0.0275  	-0.0302  	0.02024  	0.04591  	0.00058  	0.19591  	-0.0401  	-0.0029  	-0.0129  	0.02117  	0.32912  	0.47227  	293.370  	223.447  	
0.56021  	0.07378  	0.00331  	-0.0797  	0.66674  	-0.7166  	-0.4505  	0.50584  	0.05863  	-0.6208  	-0.0296  	0.86825  	-0.0844  	0.09603  	-0.7048  	-0.0006  	0.47372  	-0.4484  	0.61160  	0.07002  	0.18712  	0.83485  	0.24010  	0.72437  	0.38250  	0.15011  	0.51655  	-1.0320  	-0.6957  	-0.2549  	-0.1941  	0.01211  	0.00471  	-0.2004  	0.63722  	0.04709  	0.61942  	0.17881  	-0.5672  	-0.1437  	0.01994  	0.14022  	-0.1362  	0.24601  	0.09455  	-0.0280  	0.00523  	0.00377  	0.03084  	-0.1340  	-0.1166  	-0.0645  	0.00873  	-0.0071  	-0.0039  	0.01571  	0.00610  	0.00978  	0.02763  	-0.0275  	-0.0302  	0.02024  	0.04591  	0.00058  	0.19591  	-0.0401  	-0.0029  	-0.0129  	0.02117  	0.32912  	0.47227  	293.370  	223.447  	
0.56021  	0.07378  	0.00331  	-0.0797  	0.66674  	-0.7166  	-0.4505  	0.50584  	0.05863  	-0.6208  	-0.0296  	0.86825  	-0.0844  	0.09603  	-0.7048  	-0.0006  	0.47372  	-0.4484  	0.61160  	0.07002  	0.18712  	0.83485  	0.24010  	0.72437  	0.38250  	0.15011  	0.51655  	-1.0320  	-0.6957  	-0.2549  	-0.1941  	0.01211  	0.00471  	-0.2004  	0.63722  	0.04709  	0.61942  	0.17881  	-0.5672  	-0.1437  	0.01994  	0.14022  	-0.1362  	0.24601  	0.09455  	-0.0280  	0.00523  	0.00377  	0.03084  	-0.1340  	-0.1166  	-0.0645  	0.00873  	-0.0071  	-0.0039  	0.01571  	0.00610  	0.00978  	0.02763  	-0.0275  	-0.0302  	0.02024  	0.04591  	0.00058  	0.19591  	-0.0401  	-0.0029  	-0.0129  	0.02117  	0.32912  	0.47227  	293.370  	223.447  	
0.56021  	0.07378  	0.00331  	-0.0797  	0.66674  	-0.7166  	-0.4505  	0.50584  	0.05863  	-0.6208  	-0.0296  	0.86825  	-0.0844  	0.09603  	-0.7048  	-0.0006  	0.47372  	-0.4484  	0.61160  	0.07002  	0.18712  	0.83485  	0.24010  	0.72437  	0.38250  	0.15011  	0.51655  	-1.0320  	-0.6957  	-0.2549  	-0.1941  	0.01211  	0.00471  	-0.2004  	0.63722  	0.04709  	0.61942  	0.17881  	-0.5672  	-0.1437  	0.01994  	0.14022  	-0.1362  	0.24601  	0.09455  	-0.0280  	0.00523  	0.00377  	0.03084  	-0.1340  	-0.1166  	-0.0645  	0.00873  	-0.0071  	-0.0039  	0.01571  	0.00610  	0.00978  	0.02763  	-0.0275  	-0.0302  	0.02024  	0.04591  	0.00058  	0.19591  	-0.0401  	-0.0029  	-0.0129  	0.02117  	0.32912  	0.47227  	293.370  	223.447  	
0.56021  	0.07378  	0.00331  	-0.0797  	0.66674  	-0.7166  	-0.4505  	0.50584  	0.05863  	-0.6208  	-0.0296  	0.86825  	-0.0844  	0.09603  	-0.7048  	-0.0006  	0.47372  	-0.4484  	0.61160  	0.07002  	0.18712  	0.83485  	0.24010  	0.72437  	0.38250  	0.15011  	0.51655  	-1.0320  	-0.6957  	-0.2549  	-0.1941  	0.01211  	0.00471  	-0.2004  	0.63722  	0.04709  	0.61942  	0.17881  	-0.5672  	-0.1437  	0.01994  	0.14022  	-0.1362  	0.24601  	0.09455  	-0.0280  	0.00523  	0.00377  	0.03084  	-0.1340  	-0.1166  	-0.0645  	0.00873  	-0.0071  	-0.0039  	0.01571  	0.00610  	0.00978  	0.02763  	-0.0275  	-0.0302  	0.02024  	0.04591  	0.00058  	0.19591  	-0.0401  	-0.0029  	-0.0129  	0.02117  	0.32912  	0.47227  	293.370  	223.447  	
0.56021  	0.07378  	0.00331  	-0.0797  	0.66674  	-0.7166  	-0.4505  	0.50584  	0.05863  	-0.6208  	-0.0296  	0.86825  	-0.0844  	0.09603  	-0.7048  	-0.0006  	0.47372  	-0.4484  	0.61160  	0.07002  	0.18712  	0.83485  	0.24010  	0.72437  	0.38250  	0.15011  	0.51655  	-1.0320  	-0.6957  	-0.2549  	-0.1941  	0.01211  	0.00471  	-0.2004  	0.63722  	0.04709  	0.61942  	0.17881  	-0.5672  	-0.1437  	0.01994  	0.14022  	-0.1362  	0.24601  	0.09455  	-0.0280  	0.00523  	0.00377  	0.03084  	-0.1340  	-0.1166  	-0.0645  	0.00873  	-0.0071  	-0.0039  	0.01571  	0.00610  	0.00978  	0.02763  	-0.0275  	-0.0302  	0.02024  	0.04591  	0.00058  	0.19591  	-0.0401  	-0.0029  	-0.0129  	0.02117  	0.32912  	0.47227  	293.370  	223.447  	
0.56021  	0.07378  	0.00331  	-0.0797  	0.66674  	-0.7166  	-0.4505  	0.50584  	0.05863  	-0.6208  	-0.0296  	0.86825  	-0.0844  	0.09603  	-0.7048  	-0.0006  	0.47372  	-0.4484  	0.61160  	0.07002  	0.18712  	0.83485  	0.24010  	0.72437  	0.38250  	0.15011  	0.51655  	-1.0320  	-0.6957  	-0.2549  	-0.1941  	0.01211  	0.00471  	-0.2004  	0.63722  	0.04709  	0.61942  	0.17881  	-0.5672  	-0.1437  	0.01994  	0.14022  	-0.1362  	0.24601  	0.09455  	-0.0280  	0.00523  	0.00377  	0.03084  	-0.1340  	-0.1166  	-0.0645  	0.00873  	-0.0071  	-0.0039  	0.01571  	0.00610  	0.00978  	0.02763  	-0.0275  	-0.0302  	0.02024  	0.04591  	0.00058  	0.19591  	-0.0401  	-0.0029  	-0.0129  	0.02117  	0.32912  	0.47227  	293.370  	223.447  	
0.56021  	0.07378  	0.00331  	-0.0797  	0.66674  	-0.7166  	-0.4505  	0.50584  	0.05863  	-0.6208  	-0.0296  	0.86825  	-0.0844  	0.09603  	-0.7048  	-0.0006  	0.47372  	-0.4484  	0.61160  	0.07002  	0.18712  	0.83485  	0.24010  	0.72437  	0.38250  	0.15011  	0.51655  	-1.0320  	-0.6957  	-0.2549  	-0.1941  	0.01211  	0.00471  	-0.2004  	0.63722  	0.04709  	0.61942  	0.17881  	-0.5672  	-0.1437  	0.01994  	0.14022  	-0.1362  	0.24601  	0.09455  	-0.0280  	0.00523  	0.00377  	0.03084  	-0.1340  	-0.1166  	-0.0645  	0.00873  	-0.0071  	-0.0039  	0.01571  	0.00610  	0.00978  	0.02763  	-0.0275  	-0.0302  	0.02024  	0.04591  	0.00058  	0.19591  	-0.0401  	-0.0029  	-0.0129  	0.02117  	0.32912  	0.47227  	293.370  	223.447  	
0.32293  	0.03513  	-0.1638  	-0.1842  	0.67434  	-0.9083  	-0.4702  	0.35158  	0.00369  	-0.5124  	-0.0300  	0.89013  	-0.0783  	-0.0088  	-0.9293  	-0.0440  	0.43858  	-0.3228  	0.58923  	0.20779  	-0.0004  	0.76978  	0.11484  	0.61016  	0.38480  	0.19913  	0.32477  	-0.7562  	-0.5104  	-0.2734  	-0.1658  	-0.0443  	0.04086  	-0.1927  	0.52063  	0.12205  	0.43401  	0.11808  	-0.4868  	-0.0843  	0.10365  	0.14279  	-0.1257  	0.23545  	0.09582  	-0.0277  	0.01833  	0.00039  	0.01703  	-0.1243  	-0.1046  	-0.0645  	0.00773  	-0.0107  	-0.0015  	0.00297  	0.00640  	0.01004  	0.03546  	-0.0358  	-0.0316  	0.02070  	0.04496  	0.00182  	0.19591  	-0.0401  	-0.0029  	-0.0129  	0.02117  	0.32912  	0.47227  	293.370  	223.447  	
-0.1927  	-0.1849  	-0.4609  	-0.5688  	0.58002  	-1.2452  	-0.4906  	0.15841  	-0.0695  	-0.2793  	0.02881  	0.87577  	-0.1377  	-0.2872  	-1.3606  	-0.0740  	0.44729  	-0.2773  	0.61984  	0.21859  	-0.3647  	0.74315  	0.15058  	0.43701  	0.30008  	0.28034  	0.09237  	-0.5248  	-0.3496  	-0.3052  	-0.0696  	-0.0697  	-0.0287  	-0.1946  	0.28785  	0.25930  	0.21319  	0.04752  	-0.3939  	-0.1157  	0.20792  	0.11834  	-0.0945  	0.25723  	0.09542  	-0.0372  	0.01170  	0.01457  	0.03262  	-0.1226  	-0.1082  	-0.0739  	0.00567  	-0.0223  	0.01102  	0.00141  	0.02508  	0.01908  	0.02667  	-0.0324  	-0.0244  	0.02296  	0.06308  	0.01275  	0.19591  	-0.0401  	-0.0029  	-0.0129  	0.02117  	0.32912  	0.47227  	293.370  	223.447  	
-0.2530  	-0.2206  	-0.4886  	-0.6464  	0.55616  	-1.3010  	-0.4730  	0.13025  	-0.1348  	-0.3018  	0.06961  	0.77858  	-0.1875  	-0.3864  	-1.3766  	-0.2108  	0.43960  	-0.2610  	0.60261  	0.24603  	-0.3148  	0.77548  	0.11883  	0.48746  	0.43002  	0.22989  	0.17685  	-0.5920  	-0.3177  	-0.2662  	-0.1333  	-0.0863  	-0.0530  	-0.2034  	0.33608  	0.29106  	0.24180  	0.05269  	-0.4334  	-0.0890  	0.15798  	0.13922  	-0.1155  	0.25280  	0.11431  	-0.0416  	0.01116  	-0.0040  	0.02583  	-0.1313  	-0.1047  	-0.0725  	0.00026  	-0.0220  	0.00429  	-0.0064  	0.02632  	0.01338  	0.03202  	-0.0400  	-0.0328  	0.02113  	0.05538  	0.00244  	0.19591  	-0.0401  	-0.0029  	-0.0129  	0.02117  	0.32912  	0.47227  	293.370  	223.447  	
0.05609  	-0.1012  	-0.2985  	-0.3944  	0.64974  	-1.0400  	-0.4781  	0.34274  	-0.0551  	-0.4685  	-0.0086  	0.82058  	-0.1337  	-0.1706  	-1.0340  	-0.1105  	0.49355  	-0.3413  	0.60348  	0.22160  	-0.0818  	0.71896  	0.11613  	0.67387  	0.38296  	0.20124  	0.38731  	-0.7710  	-0.4621  	-0.2886  	-0.1540  	-0.0290  	-0.0087  	-0.2074  	0.46035  	0.16018  	0.38671  	0.09179  	-0.4691  	-0.0455  	0.10178  	0.12634  	-0.1427  	0.23271  	0.10278  	-0.0285  	0.01499  	-0.0099  	0.01533  	-0.1355  	-0.1062  	-0.0710  	0.00023  	-0.0148  	-0.0017  	-0.0016  	0.01269  	0.00560  	0.03737  	-0.0285  	-0.0306  	0.01314  	0.04321  	0.00506  	0.19591  	-0.0401  	-0.0029  	-0.0129  	0.02117  	0.32912  	0.47227  	293.370  	223.447  	
0.35224  	-0.0126  	-0.0268  	-0.2953  	0.61256  	-0.8451  	-0.5158  	0.39485  	-0.0094  	-0.4797  	-0.1366  	0.92976  	-0.0605  	-0.1391  	-1.0514  	-0.0286  	0.44074  	-0.3741  	0.67738  	0.24008  	-0.0220  	0.80248  	0.20235  	0.62823  	0.35741  	0.15360  	0.37398  	-0.8225  	-0.5584  	-0.2814  	-0.1632  	-0.0468  	0.00999  	-0.1837  	0.47759  	0.12176  	0.49958  	0.15077  	-0.5372  	-0.0913  	0.09778  	0.10899  	-0.1120  	0.25367  	0.10654  	-0.0262  	0.01458  	0.00570  	0.03293  	-0.1478  	-0.1072  	-0.0679  	0.00144  	-0.0172  	-0.0102  	0.01057  	-0.0024  	0.00225  	0.02625  	-0.0376  	-0.0384  	0.01446  	0.04613  	-0.0039  	0.19591  	-0.0401  	-0.0029  	-0.0129  	0.02117  	0.32912  	0.47227  	293.370  	223.447  	
0.22134  	-0.0548  	-0.1737  	-0.1865  	0.74996  	-0.8955  	-0.4795  	0.29017  	-0.0500  	-0.4124  	-0.0596  	0.87666  	-0.1554  	-0.2416  	-1.1560  	0.03071  	0.42889  	-0.3385  	0.67663  	0.26616  	-0.0993  	0.74905  	0.02279  	0.63813  	0.52513  	0.14037  	0.41868  	-0.7343  	-0.4661  	-0.2205  	-0.2126  	-0.0044  	-0.0425  	-0.1904  	0.51321  	0.26774  	0.42304  	0.12302  	-0.5039  	-0.0453  	0.04644  	0.14038  	-0.1432  	0.25489  	0.10441  	-0.0228  	0.00045  	0.00140  	0.03707  	-0.1403  	-0.0908  	-0.0675  	0.00354  	-0.0073  	0.00190  	0.01027  	0.01249  	0.01095  	0.03327  	-0.0252  	-0.0402  	0.00045  	0.05545  	-0.0058  	0.19591  	-0.0401  	-0.0029  	-0.0129  	0.02117  	0.32912  	0.47227  	293.370  	223.447  	
0.15364  	-0.1094  	-0.2626  	-0.0323  	0.83372  	-0.9287  	-0.4909  	0.21825  	-0.1128  	-0.5066  	-0.2095  	0.82442  	-0.1444  	-0.2302  	-0.9931  	-0.0922  	0.44151  	-0.3468  	0.64310  	0.26696  	-0.2216  	0.77697  	-0.0115  	0.65217  	0.61196  	0.15109  	0.45507  	-0.6328  	-0.3450  	-0.1422  	-0.2440  	-0.0078  	-0.0640  	-0.1779  	0.49751  	0.29574  	0.34093  	0.08730  	-0.4753  	-0.0519  	0.02159  	0.15778  	-0.1487  	0.25353  	0.11318  	-0.0292  	-0.0037  	0.01274  	0.02919  	-0.1523  	-0.0977  	-0.0736  	0.00879  	-0.0177  	-0.0057  	0.00814  	0.03231  	0.01006  	0.04077  	-0.0273  	-0.0413  	-0.0050  	0.04997  	-0.0009  	0.19591  	-0.0401  	-0.0029  	-0.0129  	0.02117  	0.32912  	0.47227  	293.370  	223.447  	
0.21198  	-0.0650  	-0.3127  	0.13988  	0.92072  	-0.8413  	-0.4791  	0.25483  	-0.1223  	-0.5640  	-0.3433  	0.86560  	-0.1066  	-0.0766  	-0.7437  	-0.1765  	0.44076  	-0.3871  	0.60338  	0.24550  	-0.2035  	0.85160  	0.02717  	0.62092  	0.58959  	0.14507  	0.40996  	-0.6348  	-0.3195  	-0.1379  	-0.2392  	-0.0591  	-0.0614  	-0.1687  	0.52597  	0.26314  	0.31078  	0.05832  	-0.4628  	-0.0486  	0.01768  	0.14782  	-0.1629  	0.25680  	0.11747  	-0.0187  	-0.0017  	0.00192  	0.02368  	-0.1412  	-0.0910  	-0.0777  	0.00702  	-0.0188  	-0.0057  	0.00930  	0.03024  	0.00982  	0.04205  	-0.0303  	-0.0420  	0.01258  	0.04087  	-0.0052  	0.19591  	-0.0401  	-0.0029  	-0.0129  	0.02117  	0.32912  	0.47227  	293.370  	223.447  	
0.21429  	-0.0260  	-0.2475  	0.01644  	0.86699  	-0.8229  	-0.4867  	0.29176  	-0.0618  	-0.5692  	-0.3176  	0.91487  	-0.1034  	-0.0572  	-0.7612  	-0.1792  	0.45833  	-0.3238  	0.61100  	0.25884  	-0.2118  	0.84002  	0.05558  	0.59690  	0.51567  	0.17509  	0.32098  	-0.6153  	-0.2955  	-0.1894  	-0.1985  	-0.0796  	-0.0194  	-0.1607  	0.49088  	0.22018  	0.30276  	0.05760  	-0.4384  	-0.0345  	0.06036  	0.12793  	-0.1450  	0.26168  	0.09718  	-0.0315  	0.01284  	0.01112  	0.02920  	-0.1388  	-0.0898  	-0.0733  	0.00063  	-0.0186  	0.00193  	0.00739  	0.02110  	0.00503  	0.03798  	-0.0299  	-0.0377  	0.00887  	0.04126  	-0.0028  	0.19591  	-0.0401  	-0.0029  	-0.0129  	0.02117  	0.32912  	0.47227  	293.370  	223.447  	
0.35538  	-0.0126  	-0.2391  	0.02306  	0.89935  	-0.8520  	-0.4249  	0.29822  	-0.0397  	-0.5053  	-0.3563  	0.87946  	-0.0326  	0.02793  	-0.8105  	-0.0912  	0.41266  	-0.2781  	0.60354  	0.24858  	-0.2302  	0.81626  	0.02604  	0.55037  	0.53956  	0.16064  	0.28283  	-0.6087  	-0.2622  	-0.1785  	-0.2254  	-0.0518  	-0.0055  	-0.1887  	0.47996  	0.20870  	0.26930  	0.06200  	-0.4039  	-0.0051  	0.04897  	0.16269  	-0.1271  	0.24744  	0.09789  	-0.0275  	0.00859  	0.00564  	0.03146  	-0.1277  	-0.0857  	-0.0763  	0.00041  	-0.0136  	0.00379  	0.01063  	0.01886  	0.00679  	0.04252  	-0.0363  	-0.0370  	0.02066  	0.04540  	-0.0048  	0.19591  	-0.0401  	-0.0029  	-0.0129  	0.02117  	0.32912  	0.47227  	293.370  	223.447  	
0.30007  	-0.0308  	-0.2293  	-0.0059  	0.86201  	-0.8910  	-0.4524  	0.29237  	-0.0585  	-0.5150  	-0.2764  	0.83146  	-0.0915  	-0.0467  	-0.7913  	-0.1364  	0.46197  	-0.3727  	0.62572  	0.15429  	-0.1485  	0.81579  	0.08274  	0.63788  	0.52196  	0.17226  	0.44080  	-0.7699  	-0.4341  	-0.1874  	-0.2047  	-0.0113  	-0.0294  	-0.2022  	0.52453  	0.18012  	0.42004  	0.09902  	-0.4936  	-0.0521  	0.03079  	0.15029  	-0.1315  	0.25775  	0.10092  	-0.0285  	0.01083  	0.00017  	0.03588  	-0.1368  	-0.0982  	-0.0718  	-0.0004  	-0.0139  	-0.0019  	0.00319  	0.02166  	0.00408  	0.04228  	-0.0292  	-0.0373  	0.01266  	0.03887  	-0.0092  	0.19591  	-0.0401  	-0.0029  	-0.0129  	0.02117  	0.32912  	0.47227  	293.370  	223.447  	
0.15490  	-0.0696  	-0.2491  	-0.0707  	0.84807  	-0.8612  	-0.4519  	0.27567  	-0.0636  	-0.5283  	-0.2002  	0.88653  	-0.1270  	-0.1633  	-0.8712  	-0.1085  	0.40180  	-0.3538  	0.62271  	0.19601  	-0.1291  	0.85167  	0.09193  	0.66785  	0.46426  	0.15860  	0.39064  	-0.7376  	-0.3987  	-0.1946  	-0.1987  	-0.0388  	-0.0309  	-0.1772  	0.50335  	0.20837  	0.39261  	0.08167  	-0.4975  	-0.0430  	0.04567  	0.15836  	-0.1634  	0.26241  	0.10342  	-0.0353  	0.00191  	-0.0118  	0.03268  	-0.1472  	-0.1043  	-0.0743  	0.00756  	-0.0180  	-0.0080  	0.00433  	0.02811  	0.01364  	0.04526  	-0.0373  	-0.0400  	0.00856  	0.04124  	-0.0065  	0.19591  	-0.0401  	-0.0029  	-0.0129  	0.02117  	0.32912  	0.47227  	293.370  	223.447  	
-0.0242  	-0.1522  	-0.3014  	-0.3497  	0.63898  	-0.9996  	-0.4741  	0.17253  	-0.0987  	-0.4317  	-0.1534  	0.80846  	-0.1508  	-0.3375  	-1.1331  	-0.1674  	0.45967  	-0.2388  	0.61771  	0.23176  	-0.3356  	0.79490  	0.11284  	0.55103  	0.45554  	0.19380  	0.22251  	-0.6171  	-0.2399  	-0.2499  	-0.1518  	-0.0672  	-0.0605  	-0.1683  	0.32773  	0.28889  	0.25470  	0.07121  	-0.4315  	-0.0280  	0.17624  	0.10885  	-0.1153  	0.27594  	0.10520  	-0.0397  	0.00539  	-0.0020  	0.01986  	-0.1387  	-0.1017  	-0.0702  	0.00739  	-0.0187  	0.00535  	-0.0068  	0.02200  	0.01373  	0.03717  	-0.0326  	-0.0356  	0.01732  	0.04782  	0.00702  	0.19591  	-0.0401  	-0.0029  	-0.0129  	0.02117  	0.32912  	0.47227  	293.370  	223.447  	
-0.1589  	-0.1643  	-0.3769  	-0.5144  	0.56913  	-1.0862  	-0.4619  	0.13841  	-0.1087  	-0.3657  	-0.0511  	0.80151  	-0.1844  	-0.4241  	-1.3018  	-0.1198  	0.46918  	-0.2230  	0.59649  	0.23697  	-0.3629  	0.75569  	0.13826  	0.49104  	0.43699  	0.21626  	0.18305  	-0.5078  	-0.2326  	-0.2363  	-0.1448  	-0.0610  	-0.0722  	-0.1672  	0.29925  	0.30560  	0.23699  	0.06108  	-0.4238  	-0.0638  	0.17497  	0.11953  	-0.1078  	0.26953  	0.11094  	-0.0297  	0.00198  	-0.0047  	0.01700  	-0.1338  	-0.1029  	-0.0675  	0.01214  	-0.0173  	0.00447  	-0.0011  	0.02579  	0.01539  	0.03985  	-0.0340  	-0.0269  	0.02407  	0.04611  	0.00647  	0.19591  	-0.0401  	-0.0029  	-0.0129  	0.02117  	0.32912  	0.47227  	293.370  	223.447  	
-0.1659  	-0.1950  	-0.3947  	-0.4762  	0.58810  	-1.1310  	-0.4626  	0.14110  	-0.1453  	-0.3629  	-0.0167  	0.75725  	-0.2097  	-0.4260  	-1.2784  	-0.1293  	0.44167  	-0.2415  	0.60902  	0.24784  	-0.2966  	0.74588  	0.10606  	0.51177  	0.45869  	0.19698  	0.19549  	-0.5437  	-0.2708  	-0.2431  	-0.1634  	-0.0541  	-0.0845  	-0.1838  	0.35214  	0.30270  	0.27079  	0.05580  	-0.4314  	-0.0643  	0.16089  	0.12386  	-0.1257  	0.27665  	0.11032  	-0.0362  	0.00708  	-0.0019  	0.01851  	-0.1349  	-0.0949  	-0.0619  	0.00476  	-0.0218  	0.00514  	-2.7086  	0.02970  	0.01830  	0.03228  	-0.0406  	-0.0314  	0.01459  	0.05244  	0.00367  	0.19591  	-0.0401  	-0.0029  	-0.0129  	0.02117  	0.32912  	0.47227  	293.370  	223.447  	
-0.0082  	-0.1243  	-0.3179  	-0.3969  	0.63056  	-1.0820  	-0.4816  	0.25291  	-0.0898  	-0.4085  	-0.0668  	0.77553  	-0.1517  	-0.2217  	-1.1093  	-0.1491  	0.46204  	-0.3202  	0.59489  	0.20668  	-0.2294  	0.78677  	0.19208  	0.59747  	0.38667  	0.20177  	0.24761  	-0.6897  	-0.3705  	-0.2647  	-0.1483  	-0.0493  	-0.0289  	-0.1952  	0.40435  	0.21090  	0.34931  	0.09511  	-0.4781  	-0.0592  	0.15084  	0.11447  	-0.1192  	0.26556  	0.09207  	-0.0226  	0.00829  	-0.0035  	0.01301  	-0.1394  	-0.1129  	-0.0729  	-0.0015  	-0.0208  	-0.0016  	-0.0092  	0.02023  	0.00771  	0.03318  	-0.0404  	-0.0337  	0.01603  	0.04602  	0.00083  	0.19591  	-0.0401  	-0.0029  	-0.0129  	0.02117  	0.32912  	0.47227  	293.370  	223.447  	
0.47844  	0.04524  	-0.0051  	-0.1191  	0.72742  	-0.7690  	-0.4660  	0.45490  	0.00411  	-0.5190  	-0.1235  	0.91253  	-0.0521  	0.06107  	-0.8549  	0.02400  	0.43250  	-0.3455  	0.64775  	0.20097  	0.04086  	0.81834  	0.13565  	0.65176  	0.41526  	0.14677  	0.41305  	-0.8993  	-0.5806  	-0.2378  	-0.1844  	-0.0232  	0.00218  	-0.2052  	0.56035  	0.13877  	0.51341  	0.12184  	-0.5246  	-0.0936  	0.05782  	0.13847  	-0.1207  	0.25786  	0.10414  	-0.0222  	0.00851  	-0.0009  	0.03583  	-0.1273  	-0.1082  	-0.0701  	0.01282  	-0.0139  	-0.0042  	0.00820  	0.01255  	0.00624  	0.02923  	-0.0339  	-0.0388  	0.01824  	0.04355  	-0.0102  	0.19591  	-0.0401  	-0.0029  	-0.0129  	0.02117  	0.32912  	0.47227  	293.370  	223.447  	
0.63348  	0.06274  	0.10805  	-0.1483  	0.68309  	-0.7344  	-0.4353  	0.51664  	0.02317  	-0.5464  	-0.0283  	0.94310  	-0.0862  	0.02105  	-0.9272  	0.11135  	0.41841  	-0.3791  	0.65144  	0.21888  	0.08621  	0.82413  	0.14392  	0.61547  	0.41392  	0.15160  	0.38121  	-0.8787  	-0.5811  	-0.2554  	-0.2035  	-0.0127  	0.00867  	-0.1922  	0.54867  	0.11302  	0.52596  	0.13840  	-0.5009  	-0.1233  	0.05966  	0.14051  	-0.0891  	0.26887  	0.10713  	-0.0265  	0.00059  	0.02877  	0.04516  	-0.1433  	-0.1084  	-0.0677  	0.01457  	-0.0190  	-0.0046  	0.01361  	0.01075  	0.00063  	0.02819  	-0.0329  	-0.0375  	0.01524  	0.04716  	-0.0078  	0.19591  	-0.0401  	-0.0029  	-0.0129  	0.02117  	0.32912  	0.47227  	293.370  	223.447  	
0.55684  	0.05601  	0.05835  	-0.1198  	0.76751  	-0.8095  	-0.3711  	0.44950  	0.04162  	-0.4436  	-0.0548  	0.95572  	-0.0895  	0.01687  	-0.9619  	0.12170  	0.40224  	-0.3745  	0.63347  	0.25915  	0.05993  	0.81338  	0.05514  	0.59763  	0.57946  	0.11276  	0.45167  	-0.8671  	-0.5059  	-0.2271  	-0.2438  	-0.0095  	-0.0029  	-0.1876  	0.54002  	0.17950  	0.49144  	0.14177  	-0.4486  	-0.0662  	0.06214  	0.14106  	-0.0998  	0.27085  	0.09888  	-0.0382  	-0.0064  	0.03437  	0.04728  	-0.1467  	-0.1009  	-0.0769  	0.01024  	-0.0127  	0.00182  	0.01761  	0.02060  	0.00469  	0.02909  	-0.0287  	-0.0412  	0.00746  	0.04673  	-0.0015  	0.19591  	-0.0401  	-0.0029  	-0.0129  	0.02117  	0.32912  	0.47227  	293.370  	223.447  	
0.39557  	-0.0707  	-0.0881  	0.09153  	0.89267  	-0.8200  	-0.4226  	0.31869  	-0.0242  	-0.4703  	-0.2087  	0.91029  	-0.1035  	0.00779  	-0.8228  	0.03167  	0.45306  	-0.3460  	0.64666  	0.23753  	-0.0940  	0.82241  	0.07518  	0.64887  	0.53170  	0.13765  	0.45014  	-0.8210  	-0.4982  	-0.1910  	-0.2172  	-0.0085  	-0.0276  	-0.1834  	0.53180  	0.15504  	0.45061  	0.11764  	-0.5077  	-0.0753  	0.04726  	0.13473  	-0.1170  	0.25887  	0.11020  	-0.0263  	0.01047  	0.01408  	0.04819  	-0.1477  	-0.1012  	-0.0708  	0.00174  	-0.0089  	-0.0070  	0.00286  	0.01816  	0.00714  	0.03023  	-0.0343  	-0.0398  	-0.0009  	0.05122  	-0.0133  	0.19591  	-0.0401  	-0.0029  	-0.0129  	0.02117  	0.32912  	0.47227  	293.370  	223.447  	
0.18758  	-0.1077  	-0.2202  	-0.2270  	0.74861  	-0.9058  	-0.5146  	0.21902  	-0.0957  	-0.5452  	-0.1344  	0.77924  	-0.1752  	-0.2966  	-1.0078  	-0.0566  	0.42941  	-0.3298  	0.65384  	0.20116  	-0.0977  	0.82942  	0.11757  	0.66768  	0.52109  	0.15707  	0.46861  	-0.8036  	-0.4716  	-0.2182  	-0.2244  	0.01236  	-0.0558  	-0.1956  	0.49854  	0.23872  	0.47050  	0.12176  	-0.5103  	-0.0675  	0.05682  	0.15740  	-0.1446  	0.25468  	0.10797  	-0.0350  	0.00550  	-0.0083  	0.02271  	-0.1319  	-0.1057  	-0.0641  	0.00489  	-0.0155  	-0.0019  	0.00137  	0.02642  	0.01635  	0.04401  	-0.0357  	-0.0426  	0.00492  	0.04428  	-0.0041  	0.19591  	-0.0401  	-0.0029  	-0.0129  	0.02117  	0.32912  	0.47227  	293.370  	223.447  	
0.22427  	-0.0695  	-0.2073  	-0.3072  	0.66729  	-0.9162  	-0.4803  	0.19672  	-0.0893  	-0.4104  	-0.0922  	0.79144  	-0.2042  	-0.3782  	-1.2152  	0.02698  	0.42912  	-0.2642  	0.64367  	0.23163  	-0.1940  	0.78918  	0.08376  	0.60715  	0.50077  	0.16151  	0.35445  	-0.6683  	-0.3517  	-0.2208  	-0.2092  	-0.0400  	-0.0729  	-0.1988  	0.42986  	0.30209  	0.38051  	0.07241  	-0.4645  	-0.0204  	0.08810  	0.14984  	-0.1464  	0.28071  	0.11274  	-0.0244  	0.01183  	5.29438  	0.03018  	-0.1447  	-0.0975  	-0.0688  	0.01254  	-0.0252  	0.00657  	-0.0009  	0.02159  	0.00806  	0.03355  	-0.0301  	-0.0418  	0.00056  	0.05314  	0.00334  	0.19591  	-0.0401  	-0.0029  	-0.0129  	0.02117  	0.32912  	0.47227  	293.370  	223.447  	
0.13651  	-0.1036  	-0.2036  	-0.3676  	0.57679  	-1.0511  	-0.4442  	0.19266  	-0.1404  	-0.3607  	-0.1091  	0.74645  	-0.1976  	-0.3651  	-1.2689  	-0.0217  	0.38846  	-0.2157  	0.60433  	0.23921  	-0.3107  	0.78210  	0.03210  	0.52710  	0.53812  	0.16280  	0.30824  	-0.6366  	-0.2871  	-0.2180  	-0.1919  	-0.0164  	-0.0666  	-0.1926  	0.39902  	0.36013  	0.30668  	0.06891  	-0.4449  	-0.0379  	0.12292  	0.13212  	-0.1255  	0.27077  	0.10868  	-0.0383  	0.00541  	0.00089  	0.03949  	-0.1463  	-0.0928  	-0.0751  	0.01023  	-0.0223  	0.00692  	-0.0073  	0.02244  	0.00976  	0.02828  	-0.0322  	-0.0432  	0.00704  	0.06139  	0.00272  	0.19591  	-0.0401  	-0.0029  	-0.0129  	0.02117  	0.32912  	0.47227  	293.370  	223.447  	
-0.1890  	-0.1538  	-0.4279  	-0.4458  	0.62953  	-1.2541  	-0.4109  	0.14059  	-0.1316  	-0.3269  	-0.0394  	0.72370  	-0.1772  	-0.3023  	-1.2363  	-0.1444  	0.45456  	-0.3112  	0.61638  	0.23590  	-0.2783  	0.83151  	0.05269  	0.60704  	0.55120  	0.18551  	0.35138  	-0.7126  	-0.3527  	-0.1889  	-0.1928  	-0.0448  	-0.0763  	-0.1870  	0.44110  	0.35449  	0.33037  	0.06407  	-0.4879  	-0.0697  	0.10733  	0.16435  	-0.1648  	0.22980  	0.11021  	-0.0374  	0.01200  	-0.0191  	0.03567  	-0.1371  	-0.1016  	-0.0716  	-0.0020  	-0.0146  	0.00322  	0.00594  	0.01805  	0.00532  	0.03733  	-0.0323  	-0.0367  	0.01838  	0.05386  	-0.0030  	0.19591  	-0.0401  	-0.0029  	-0.0129  	0.02117  	0.32912  	0.47227  	293.370  	223.447  	
-0.3898  	-0.2703  	-0.4940  	-0.6554  	0.56506  	-1.3740  	-0.5287  	0.17281  	-0.1266  	-0.3323  	0.14889  	0.75113  	-0.1898  	-0.2844  	-1.1445  	-0.2802  	0.45931  	-0.3333  	0.64397  	0.23185  	-0.1698  	0.75053  	0.15832  	0.64985  	0.45498  	0.20494  	0.32060  	-0.7479  	-0.3965  	-0.2393  	-0.1329  	-0.0661  	-0.0316  	-0.1920  	0.44434  	0.24357  	0.36985  	0.06775  	-0.5054  	-0.0870  	0.07083  	0.15640  	-0.1795  	0.24130  	0.12255  	-0.0243  	0.01786  	-0.0415  	0.02045  	-0.1435  	-0.1171  	-0.0726  	0.00546  	-0.0168  	-0.0002  	-0.0099  	0.01041  	0.00988  	0.03227  	-0.0265  	-0.0285  	0.01592  	0.04608  	-0.0054  	0.19591  	-0.0401  	-0.0029  	-0.0129  	0.02117  	0.32912  	0.47227  	293.370  	223.447  	
-0.2028  	-0.1779  	-0.3995  	-0.6376  	0.49867  	-1.2380  	-0.4816  	0.25458  	-0.0984  	-0.3695  	0.11355  	0.78435  	-0.1215  	-0.2029  	-1.1251  	-0.2704  	0.47045  	-0.2802  	0.60390  	0.23577  	-0.1713  	0.78535  	0.19881  	0.61931  	0.44599  	0.20755  	0.29563  	-0.7668  	-0.4044  	-0.2776  	-0.1542  	-0.1019  	-0.0202  	-0.2064  	0.37418  	0.22171  	0.35642  	0.06402  	-0.4427  	-0.0738  	0.09006  	0.15033  	-0.1638  	0.23514  	0.10793  	-0.0241  	0.01372  	-0.0115  	0.03110  	-0.1473  	-0.1023  	-0.0710  	-0.0027  	-0.0209  	-0.0039  	-0.0059  	0.01799  	0.00808  	0.03499  	-0.0349  	-0.0339  	0.02079  	0.05048  	0.00152  	0.19591  	-0.0401  	-0.0029  	-0.0129  	0.02117  	0.32912  	0.47227  	293.370  	223.447  	
-0.1919  	-0.1250  	-0.3586  	-0.6282  	0.55769  	-1.0339  	-0.4661  	0.23950  	-0.0875  	-0.3909  	-0.0544  	0.75439  	-0.1341  	-0.2962  	-1.1796  	-0.2239  	0.45260  	-0.2756  	0.62188  	0.20884  	-0.2624  	0.80557  	0.21839  	0.56110  	0.47208  	0.21898  	0.28666  	-0.6344  	-0.2972  	-0.2596  	-0.1241  	-0.0895  	-0.0363  	-0.2123  	0.30257  	0.21027  	0.28813  	0.03941  	-0.3917  	-0.0548  	0.13197  	0.12569  	-0.1126  	0.26664  	0.11010  	-0.0419  	0.00613  	0.00639  	0.02207  	-0.1374  	-0.1051  	-0.0699  	-0.0013  	-0.0228  	-0.0035  	-0.0020  	0.02612  	0.00690  	0.03676  	-0.0356  	-0.0321  	0.00792  	0.04788  	-0.0054  	0.19591  	-0.0401  	-0.0029  	-0.0129  	0.02117  	0.32912  	0.47227  	293.370  	223.447  	
0.04302  	-0.0745  	-0.3351  	-0.2736  	0.67047  	-0.9727  	-0.5036  	0.31596  	-0.0628  	-0.4873  	-0.2419  	0.88242  	-0.0800  	-0.2487  	-0.9858  	-0.1705  	0.47003  	-0.2380  	0.62272  	0.27792  	-0.2372  	0.85842  	0.11936  	0.52998  	0.44023  	0.21138  	0.24085  	-0.5828  	-0.3097  	-0.2416  	-0.1419  	-0.0680  	-0.0164  	-0.2001  	0.29943  	0.19446  	0.24867  	0.04111  	-0.3812  	-0.0160  	0.13012  	0.12635  	-0.1097  	0.24825  	0.09892  	-0.0273  	0.01245  	0.00337  	0.02162  	-0.1441  	-0.0922  	-0.0739  	-0.0013  	-0.0194  	-0.0087  	0.00106  	0.02667  	0.00747  	0.03829  	-0.0344  	-0.0376  	0.01835  	0.03296  	0.00095  	0.19591  	-0.0401  	-0.0029  	-0.0129  	0.02117  	0.32912  	0.47227  	293.370  	223.447  	
0.30920  	-0.0210  	-0.2129  	0.05530  	0.80945  	-0.8311  	-0.4617  	0.38373  	-0.0001  	-0.4926  	-0.3351  	0.95871  	0.00662  	0.03488  	-0.7189  	-0.1157  	0.47142  	-0.3105  	0.60341  	0.23271  	-0.2144  	0.83881  	0.12355  	0.60837  	0.40249  	0.20538  	0.25642  	-0.6606  	-0.2919  	-0.2243  	-0.1649  	-0.0637  	0.02828  	-0.1916  	0.44012  	0.14250  	0.25719  	0.06013  	-0.4284  	-0.0255  	0.10943  	0.11998  	-0.1105  	0.25336  	0.10973  	-0.0309  	0.01566  	0.01481  	0.02832  	-0.1413  	-0.1006  	-0.0726  	0.00552  	-0.0289  	-0.0015  	-0.0039  	0.01780  	0.00783  	0.03046  	-0.0379  	-0.0333  	0.01873  	0.04878  	0.00500  	0.19591  	-0.0401  	-0.0029  	-0.0129  	0.02117  	0.32912  	0.47227  	293.370  	223.447  	
0.45870  	0.03487  	-0.1768  	0.00421  	0.84560  	-0.7944  	-0.4396  	0.39757  	-0.0335  	-0.4838  	-0.3502  	0.82327  	0.05717  	0.18080  	-0.7200  	-0.1966  	0.41366  	-0.3271  	0.63214  	0.19183  	-0.1345  	0.83873  	0.07194  	0.59734  	0.51701  	0.13171  	0.43586  	-0.7729  	-0.3766  	-0.1509  	-0.1640  	-0.0629  	-0.0199  	-0.1754  	0.55363  	0.15800  	0.34638  	0.05581  	-0.4603  	-0.0296  	0.03731  	0.13823  	-0.1366  	0.27707  	0.09392  	-0.0319  	0.00023  	0.02122  	0.04054  	-0.1481  	-0.0999  	-0.0741  	0.00183  	-0.0224  	-0.0050  	0.01458  	0.01244  	0.01090  	0.02113  	-0.0327  	-0.0359  	0.01834  	0.03995  	-0.0018  	0.19591  	-0.0401  	-0.0029  	-0.0129  	0.02117  	0.32912  	0.47227  	293.370  	223.447  	
-0.1901  	-0.1378  	-0.4511  	-0.4908  	0.67990  	-1.2798  	-0.4666  	0.20944  	-0.0991  	-0.3935  	0.09342  	0.73758  	-0.1496  	-0.1262  	-1.0121  	-0.3112  	0.42453  	-0.3534  	0.57442  	0.27881  	0.01948  	0.72143  	0.07808  	0.72652  	0.40147  	0.19233  	0.39016  	-0.8115  	-0.4880  	-0.2719  	-0.1505  	-0.0739  	-0.0172  	-0.1746  	0.56044  	0.19079  	0.43764  	0.06754  	-0.5141  	-0.0196  	0.02921  	0.15944  	-0.2107  	0.23011  	0.11622  	-0.0260  	0.01954  	-0.0230  	0.00357  	-0.1462  	-0.1064  	-0.0721  	-0.0026  	-0.0140  	-0.0142  	0.00608  	0.01413  	0.00526  	0.03001  	-0.0336  	-0.0265  	0.01984  	0.03876  	-0.0021  	0.19591  	-0.0401  	-0.0029  	-0.0129  	0.02117  	0.32912  	0.47227  	293.370  	223.447  	
-0.3401  	-0.2281  	-0.4588  	-0.6782  	0.57395  	-1.3291  	-0.4867  	0.19068  	-0.1171  	-0.3615  	0.23994  	0.74654  	-0.2146  	-0.3022  	-1.1934  	-0.3125  	0.42821  	-0.3695  	0.57276  	0.23775  	-0.0852  	0.78660  	0.13421  	0.64703  	0.39361  	0.20708  	0.34326  	-0.7615  	-0.4704  	-0.2514  	-0.1438  	-0.0638  	-0.0335  	-0.1966  	0.46730  	0.18563  	0.41584  	0.07563  	-0.4965  	-0.0869  	0.07742  	0.13985  	-0.1748  	0.23587  	0.12135  	-0.0349  	0.01346  	-0.0411  	0.01591  	-0.1357  	-0.1064  	-0.0695  	0.00494  	-0.0170  	-0.0049  	-0.0063  	0.01296  	0.00562  	0.03123  	-0.0316  	-0.0287  	0.02416  	0.03817  	-0.0044  	0.19591  	-0.0401  	-0.0029  	-0.0129  	0.02117  	0.32912  	0.47227  	293.370  	223.447  	
-0.2082  	-0.2161  	-0.3573  	-0.6478  	0.49259  	-1.3112  	-0.4429  	0.23830  	-0.0857  	-0.3158  	0.12293  	0.70901  	-0.1698  	-0.2497  	-1.2035  	-0.2925  	0.47030  	-0.3371  	0.60296  	0.24974  	-0.1633  	0.79379  	0.13929  	0.64561  	0.47836  	0.19706  	0.35119  	-0.7965  	-0.4156  	-0.2714  	-0.1553  	-0.0710  	-0.0275  	-0.2063  	0.37810  	0.22453  	0.38060  	0.08849  	-0.4682  	-0.0681  	0.09077  	0.15050  	-0.1838  	0.24429  	0.12520  	-0.0306  	0.01071  	-0.0146  	0.01810  	-0.1403  	-0.1070  	-0.0701  	-0.0005  	-0.0190  	-0.0013  	-0.0099  	0.01630  	0.01254  	0.03584  	-0.0315  	-0.0324  	0.01726  	0.04540  	0.00268  	0.19591  	-0.0401  	-0.0029  	-0.0129  	0.02117  	0.32912  	0.47227  	293.370  	223.447  	
0.06901  	-0.1432  	-0.2544  	-0.3960  	0.60800  	-0.9793  	-0.4746  	0.28018  	-0.0538  	-0.4724  	-0.1190  	0.78080  	-0.1637  	-0.2984  	-1.1529  	-0.0982  	0.48682  	-0.2839  	0.63843  	0.21301  	-0.2012  	0.77633  	0.12992  	0.58342  	0.46964  	0.19218  	0.34156  	-0.6844  	-0.3822  	-0.2475  	-0.1795  	-0.0365  	-0.0335  	-0.1918  	0.38953  	0.23804  	0.34636  	0.07277  	-0.4629  	-0.0610  	0.12419  	0.11886  	-0.1321  	0.26033  	0.10591  	-0.0269  	0.01210  	-0.0035  	0.02294  	-0.1314  	-0.1011  	-0.0675  	0.00250  	-0.0176  	-0.0025  	-0.0033  	0.02044  	0.00936  	0.03464  	-0.0354  	-0.0388  	0.02009  	0.05030  	-0.0004  	0.19591  	-0.0401  	-0.0029  	-0.0129  	0.02117  	0.32912  	0.47227  	293.370  	223.447  	
0.20754  	-0.0446  	-0.1679  	-0.2785  	0.71214  	-0.9509  	-0.4644  	0.24245  	-0.0756  	-0.3766  	-0.1183  	0.84794  	-0.1619  	-0.3017  	-1.1792  	0.01306  	0.41321  	-0.2765  	0.63034  	0.27880  	-0.2488  	0.80020  	0.03380  	0.54835  	0.46398  	0.17781  	0.28056  	-0.6296  	-0.3081  	-0.2344  	-0.2016  	-0.0439  	-0.0434  	-0.1857  	0.41256  	0.28265  	0.31456  	0.07428  	-0.4359  	-0.0149  	0.11499  	0.14074  	-0.1051  	0.28131  	0.10863  	-0.0285  	0.00652  	0.01357  	0.03783  	-0.1491  	-0.0911  	-0.0733  	0.01015  	-0.0279  	0.00888  	-0.0075  	0.02375  	0.01046  	0.03154  	-0.0367  	-0.0445  	0.00924  	0.05096  	0.00529  	0.19591  	-0.0401  	-0.0029  	-0.0129  	0.02117  	0.32912  	0.47227  	293.370  	223.447  	
-0.0243  	-0.1366  	-0.2929  	-0.3770  	0.62573  	-1.0584  	-0.4815  	0.19033  	-0.1185  	-0.4065  	-0.0389  	0.77211  	-0.2235  	-0.3849  	-1.2924  	-0.0435  	0.43240  	-0.2707  	0.64753  	0.27195  	-0.2444  	0.77109  	0.02796  	0.60982  	0.56345  	0.16053  	0.36930  	-0.6457  	-0.3459  	-0.2047  	-0.2135  	-0.0193  	-0.0839  	-0.1975  	0.43687  	0.36272  	0.34556  	0.06544  	-0.4567  	-0.0207  	0.09289  	0.13892  	-0.1524  	0.26500  	0.11447  	-0.0301  	0.00309  	-0.0091  	0.03076  	-0.1434  	-0.0968  	-0.0701  	0.00758  	-0.0149  	-0.0007  	0.00103  	0.02085  	0.01835  	0.03118  	-0.0348  	-0.0379  	0.00052  	0.05381  	-0.0001  	0.19591  	-0.0401  	-0.0029  	-0.0129  	0.02117  	0.32912  	0.47227  	293.370  	223.447  	
-0.2524  	-0.2036  	-0.4871  	-0.4573  	0.64937  	-1.1969  	-0.4752  	0.20540  	-0.1160  	-0.4232  	-0.0289  	0.77728  	-0.2064  	-0.2909  	-1.0758  	-0.2649  	0.46635  	-0.3346  	0.62034  	0.20920  	-0.1813  	0.76772  	0.10768  	0.60190  	0.53531  	0.18007  	0.39316  	-0.6945  	-0.3330  	-0.2112  	-0.1788  	-0.0534  	-0.0597  	-0.1946  	0.44125  	0.28569  	0.37450  	0.06482  	-0.4668  	-0.0866  	0.07745  	0.15802  	-0.1743  	0.24890  	0.12484  	-0.0291  	0.01646  	-0.0381  	0.01611  	-0.1391  	-0.0958  	-0.0697  	0.00410  	-0.0095  	-0.0008  	-0.0053  	0.02301  	0.01616  	0.03777  	-0.0223  	-0.0370  	0.00716  	0.04279  	-0.0015  	0.19591  	-0.0401  	-0.0029  	-0.0129  	0.02117  	0.32912  	0.47227  	293.370  	223.447  	
-0.1212  	-0.1564  	-0.4006  	-0.5205  	0.57433  	-1.1163  	-0.4930  	0.28764  	-0.0926  	-0.4198  	0.04927  	0.76815  	-0.1562  	-0.1963  	-1.0792  	-0.2606  	0.45492  	-0.3166  	0.60307  	0.23713  	-0.1521  	0.76893  	0.14565  	0.57909  	0.48124  	0.19438  	0.35727  	-0.7096  	-0.3676  	-0.2537  	-0.1723  	-0.0735  	-0.0419  	-0.2083  	0.40156  	0.23753  	0.36355  	0.06305  	-0.4603  	-0.1012  	0.09348  	0.13778  	-0.1520  	0.23891  	0.11490  	-0.0329  	0.02069  	-0.0145  	0.02487  	-0.1406  	-0.0961  	-0.0699  	0.00291  	-0.0118  	-0.0019  	0.00014  	0.02464  	0.00552  	0.03435  	-0.0294  	-0.0322  	0.01462  	0.04053  	0.00110  	0.19591  	-0.0401  	-0.0029  	-0.0129  	0.02117  	0.32912  	0.47227  	293.370  	223.447  	
0.03812  	-0.1074  	-0.2637  	-0.3252  	0.64860  	-0.9815  	-0.4736  	0.29031  	-0.0537  	-0.4517  	-0.1063  	0.87697  	-0.1327  	-0.2017  	-1.0377  	-0.1365  	0.46273  	-0.2857  	0.60132  	0.21527  	-0.1838  	0.81213  	0.15265  	0.57362  	0.41317  	0.20760  	0.28231  	-0.6912  	-0.3357  	-0.2560  	-0.1488  	-0.0553  	-0.0220  	-0.2041  	0.35949  	0.18516  	0.31310  	0.07538  	-0.4387  	-0.0449  	0.13689  	0.13037  	-0.1170  	0.25438  	0.10015  	-0.0299  	0.02026  	0.00160  	0.02246  	-0.1437  	-0.1057  	-0.0672  	0.00228  	-0.0237  	-0.0044  	-0.0068  	0.01736  	0.00963  	0.03185  	-0.0377  	-0.0313  	0.01024  	0.04639  	0.00034  	0.19591  	-0.0401  	-0.0029  	-0.0129  	0.02117  	0.32912  	0.47227  	293.370  	223.447  	
0.19642  	-0.0072  	-0.1583  	-0.3150  	0.67193  	-1.0171  	-0.5397  	0.34648  	-0.0768  	-0.4471  	-0.0582  	0.90548  	-0.0987  	-0.2448  	-1.0775  	-0.0957  	0.52803  	-0.4504  	0.71107  	-0.0254  	-0.0897  	0.54753  	-0.1493  	0.53871  	0.32520  	0.28226  	0.24409  	-0.7647  	-0.2942  	-0.2700  	-0.0523  	-0.1011  	-0.0810  	-0.3424  	0.35971  	0.17349  	0.28636  	0.08454  	-0.5757  	-0.1498  	0.21859  	0.25491  	-0.2262  	0.33297  	0.04011  	-0.0076  	-0.0178  	0.01741  	0.00534  	-0.1619  	-0.1058  	-0.0651  	0.01004  	0.00189  	0.00128  	-0.0020  	0.01228  	-0.0068  	0.02852  	-0.0255  	-0.0337  	0.01022  	0.02532  	0.00287  	0.19591  	-0.0401  	-0.0029  	-0.0129  	0.02117  	0.32912  	0.47227  	293.370  	223.447  	
0.19545  	-0.0305  	-0.1740  	-0.3790  	0.63305  	-1.0355  	-0.5161  	0.39193  	-0.0788  	-0.3905  	-0.0195  	0.85652  	-0.0346  	-0.2596  	-1.1628  	-0.1310  	0.56247  	-0.5662  	0.75898  	-0.1628  	-0.0967  	0.30634  	-0.4423  	0.56141  	0.39876  	0.34372  	0.29590  	-0.8336  	-0.2426  	-0.2891  	0.03798  	-0.1467  	-0.1761  	-0.4877  	0.32828  	0.21155  	0.21049  	0.08499  	-0.6438  	-0.2112  	0.27303  	0.37967  	-0.3192  	0.39823  	0.00648  	0.00452  	-0.0317  	0.04981  	-0.0075  	-0.1689  	-0.0877  	-0.0601  	0.00932  	0.01644  	0.00994  	-0.0025  	0.01218  	-0.0160  	0.02514  	-0.0225  	-0.0262  	0.00208  	0.03370  	0.00768  	0.19591  	-0.0401  	-0.0029  	-0.0129  	0.02117  	0.32912  	0.47227  	293.370  	223.447  	
-0.1498  	-0.1613  	-0.3435  	-0.4201  	0.64461  	-1.2406  	-0.5132  	0.31112  	-0.1369  	-0.4245  	0.15487  	0.83483  	-0.0818  	-0.3080  	-1.0675  	-0.3394  	0.63687  	-0.6213  	0.76052  	-0.2796  	0.00084  	0.31516  	-0.4871  	0.64546  	0.42394  	0.36837  	0.36683  	-0.9519  	-0.2556  	-0.2820  	0.06655  	-0.1737  	-0.2135  	-0.5313  	0.34738  	0.20806  	0.23696  	0.07062  	-0.7238  	-0.2346  	0.21933  	0.42285  	-0.3970  	0.38453  	0.00931  	0.00643  	-0.0413  	0.01798  	-0.0224  	-0.1495  	-0.0862  	-0.0635  	0.00901  	0.02147  	0.01362  	0.00052  	0.01151  	-0.0207  	0.03593  	-0.0081  	-0.0323  	0.01120  	0.01468  	0.00233  	0.19591  	-0.0401  	-0.0029  	-0.0129  	0.02117  	0.32912  	0.47227  	293.370  	223.447  	
-0.2102  	-0.1485  	-0.2998  	-0.6124  	0.53867  	-1.2844  	-0.5453  	0.35932  	-0.1320  	-0.4124  	0.14087  	0.74932  	-0.1312  	-0.3226  	-1.0081  	-0.4268  	0.64731  	-0.6461  	0.75179  	-0.2809  	0.06256  	0.35379  	-0.3200  	0.64123  	0.37148  	0.37651  	0.42057  	-0.9287  	-0.3099  	-0.3071  	0.02730  	-0.1579  	-0.2196  	-0.5064  	0.31016  	0.15175  	0.26526  	0.07783  	-0.7104  	-0.2525  	0.20561  	0.38224  	-0.3942  	0.37756  	0.01373  	0.00985  	-0.0315  	0.00469  	-0.0160  	-0.1486  	-0.0978  	-0.0606  	0.00770  	0.01998  	0.00295  	-0.0079  	0.01030  	-0.0164  	0.03516  	-0.0121  	-0.0279  	0.01061  	0.01133  	0.00309  	0.19591  	-0.0401  	-0.0029  	-0.0129  	0.02117  	0.32912  	0.47227  	293.370  	223.447  	
0.08267  	-0.1143  	-0.2155  	-0.3427  	0.63024  	-1.0543  	-0.5239  	0.28590  	-0.1126  	-0.4722  	-0.0138  	0.80368  	-0.1654  	-0.3948  	-1.1345  	-0.1519  	0.56304  	-0.4720  	0.70331  	-0.0652  	-0.1043  	0.54064  	-0.0901  	0.61485  	0.39526  	0.29129  	0.36765  	-0.8013  	-0.3330  	-0.2473  	-0.0738  	-0.0807  	-0.1550  	-0.3616  	0.33507  	0.22260  	0.30710  	0.07832  	-0.6188  	-0.1419  	0.18333  	0.26343  	-0.2616  	0.34040  	0.04317  	-0.0149  	-0.0082  	0.00752  	0.00874  	-0.1431  	-0.0947  	-0.0642  	0.00544  	0.00577  	0.00744  	-0.0041  	0.01842  	0.00373  	0.03454  	-0.0277  	-0.0376  	0.01385  	0.03034  	-0.0032  	0.19591  	-0.0401  	-0.0029  	-0.0129  	0.02117  	0.32912  	0.47227  	293.370  	223.447  	
0.23196  	-0.0553  	-0.1802  	-0.1854  	0.77226  	-0.9491  	-0.4793  	0.24175  	-0.0751  	-0.3718  	-0.1232  	0.86564  	-0.1384  	-0.3194  	-1.1975  	0.02758  	0.42634  	-0.2800  	0.64343  	0.28073  	-0.2615  	0.77724  	0.02205  	0.59202  	0.49722  	0.15983  	0.30691  	-0.6234  	-0.3245  	-0.2231  	-0.2154  	-0.0350  	-0.0525  	-0.1977  	0.41746  	0.29714  	0.32055  	0.07830  	-0.4346  	-0.0095  	0.09978  	0.13634  	-0.1195  	0.27563  	0.10944  	-0.0253  	0.00807  	0.01445  	0.04025  	-0.1422  	-0.0901  	-0.0715  	0.01020  	-0.0260  	0.00705  	-0.0066  	0.02263  	0.00867  	0.03658  	-0.0312  	-0.0416  	0.00499  	0.05087  	0.00295  	0.19591  	-0.0401  	-0.0029  	-0.0129  	0.02117  	0.32912  	0.47227  	293.370  	223.447  	
0.15919  	-0.0868  	-0.1827  	-0.2261  	0.72815  	-0.9487  	-0.4644  	0.23018  	-0.1008  	-0.3512  	-0.1551  	0.77191  	-0.1838  	-0.3326  	-1.1742  	0.03471  	0.39558  	-0.2765  	0.66078  	0.25244  	-0.2318  	0.82622  	-0.0021  	0.57992  	0.63576  	0.13670  	0.43604  	-0.6232  	-0.3490  	-0.1732  	-0.2294  	-0.0089  	-0.0895  	-0.2049  	0.44778  	0.36428  	0.36144  	0.07986  	-0.4536  	-0.0427  	0.05296  	0.15281  	-0.1433  	0.26876  	0.10754  	-0.0323  	-0.0056  	0.00573  	0.03627  	-0.1480  	-0.0798  	-0.0716  	0.01495  	-0.0210  	0.00676  	0.00616  	0.02619  	0.01079  	0.03762  	-0.0277  	-0.0352  	-0.0066  	0.05565  	0.00191  	0.19591  	-0.0401  	-0.0029  	-0.0129  	0.02117  	0.32912  	0.47227  	293.370  	223.447  	
0.01845  	-0.1384  	-0.3188  	-0.2090  	0.69539  	-0.9603  	-0.4993  	0.15358  	-0.1528  	-0.4971  	-0.1527  	0.72951  	-0.2244  	-0.3138  	-1.0756  	-0.1410  	0.48797  	-0.3695  	0.62510  	0.14952  	-0.1856  	0.81399  	0.09768  	0.66690  	0.60848  	0.15237  	0.47797  	-0.7198  	-0.397  	-0.1533  	-0.2349  	0.01657  	-0.1054  	-0.2003  	0.46737  	0.32789  	0.41831  	0.08627  	-0.4835  	-0.0476  	0.05072  	0.14344  	-0.1555  	0.26011  	0.11035  	-0.0260  	0.00800  	-0.0204  	0.02129  	-0.1378  	-0.0835  	-0.0701  	0.01096  	-0.0191  	0.00278  	0.00593  	0.02941  	0.02057  	0.03865  	-0.0345  	-0.0428  	-0.0105  	0.05064  	0.00256  	0.19591  	-0.0401  	-0.0029  	-0.0129  	0.02117  	0.32912  	0.47227  	293.370  	223.447  	
0.11331  	-0.1244  	-0.2726  	-0.2987  	0.63603  	-0.9242  	-0.5227  	0.22728  	-0.1032  	-0.5258  	-0.1256  	0.74202  	-0.1896  	-0.2977  	-1.0412  	-0.0739  	0.45921  	-0.3723  	0.65154  	0.13701  	-0.1280  	0.81897  	0.15886  	0.64431  	0.51575  	0.16310  	0.43748  	-0.7931  	-0.4627  	-0.2073  	-0.2111  	0.00388  	-0.0812  	-0.2012  	0.48589  	0.26937  	0.47101  	0.10884  	-0.5211  	-0.0726  	0.07010  	0.15462  	-0.1606  	0.26014  	0.10161  	-0.0312  	0.00938  	-0.0102  	0.02702  	-0.1417  	-0.1062  	-0.0693  	0.01011  	-0.0109  	0.00746  	0.00454  	0.02070  	0.00841  	0.03704  	-0.0376  	-0.0406  	0.00189  	0.04930  	0.00438  	0.19591  	-0.0401  	-0.0029  	-0.0129  	0.02117  	0.32912  	0.47227  	293.370  	223.447  	
0.21427  	-0.1090  	-0.1969  	-0.2659  	0.69092  	-0.9222  	-0.4712  	0.23523  	-0.0778  	-0.4259  	-0.0684  	0.82976  	-0.1674  	-0.2857  	-1.1541  	0.00290  	0.40214  	-0.3150  	0.64014  	0.23705  	-0.1721  	0.79635  	0.08664  	0.60224  	0.47053  	0.16510  	0.34252  	-0.6921  	-0.4162  	-0.2333  	-0.2013  	-0.0213  	-0.0626  	-0.1932  	0.48233  	0.29639  	0.41613  	0.08693  	-0.5044  	-0.0486  	0.07965  	0.15536  	-0.1383  	0.25135  	0.10984  	-0.0339  	0.00683  	-0.0040  	0.03051  	-0.1438  	-0.0942  	-0.0703  	0.00851  	-0.0184  	0.00204  	-0.0018  	0.02618  	0.01458  	0.03320  	-0.0335  	-0.0420  	0.00028  	0.05246  	0.00658  	0.19591  	-0.0401  	-0.0029  	-0.0129  	0.02117  	0.32912  	0.47227  	293.370  	223.447  	
0.32072  	-0.0941  	-0.1412  	-0.1279  	0.75851  	-0.8011  	-0.5093  	0.30783  	-0.0983  	-0.4417  	-0.0856  	0.88161  	-0.1488  	-0.2257  	-1.0261  	0.06097  	0.40619  	-0.3616  	0.65719  	0.23540  	-0.0429  	0.78258  	0.02117  	0.70298  	0.46571  	0.15246  	0.46631  	-0.7723  	-0.5251  	-0.2516  	-0.2257  	0.01779  	-0.0547  	-0.2196  	0.56644  	0.27485  	0.43802  	0.10543  	-0.5339  	-0.0449  	0.01677  	0.16171  	-0.1665  	0.25641  	0.11539  	-0.0290  	0.00407  	-0.0088  	0.03054  	-0.1322  	-0.0921  	-0.0733  	0.00719  	-0.0191  	-0.0037  	0.00222  	0.02787  	0.01264  	0.03505  	-0.0325  	-0.0455  	0.00327  	0.05141  	0.00084  	0.19591  	-0.0401  	-0.0029  	-0.0129  	0.02117  	0.32912  	0.47227  	293.370  	223.447  	
0.53820  	-0.0009  	-0.0985  	0.11189  	0.93116  	-0.7888  	-0.4318  	0.37675  	-0.0394  	-0.4911  	-0.3745  	0.79751  	0.01991  	0.07700  	-0.5787  	-0.1451  	0.42592  	-0.4058  	0.61086  	0.13373  	-0.0973  	0.88664  	0.07646  	0.71580  	0.50735  	0.13367  	0.51967  	-0.8365  	-0.4357  	-0.1874  	-0.2190  	0.00072  	-0.0322  	-0.2051  	0.59504  	0.18202  	0.42345  	0.06454  	-0.5016  	0.00423  	-0.0046  	0.17548  	-0.1439  	0.26706  	0.10290  	-0.0417  	0.00338  	0.02143  	0.04838  	-0.1474  	-0.0944  	-0.0710  	-0.0040  	-0.0205  	0.00189  	0.00835  	0.02574  	-0.0001  	0.03045  	-0.0305  	-0.0370  	0.01059  	0.03548  	-0.0039  	0.19591  	-0.0401  	-0.0029  	-0.0129  	0.02117  	0.32912  	0.47227  	293.370  	223.447  	
0.59505  	0.07597  	-0.0707  	0.26391  	0.95817  	-0.6758  	-0.3838  	0.40926  	-0.0202  	-0.5198  	-0.5046  	0.74667  	0.07992  	0.24433  	-0.4856  	-0.1710  	0.42745  	-0.4104  	0.59339  	0.13893  	-0.1555  	0.94392  	0.01964  	0.59672  	0.62755  	0.13166  	0.51601  	-0.8419  	-0.3001  	-0.1092  	-0.2288  	-0.0432  	-0.0362  	-0.1796  	0.53314  	0.16744  	0.35466  	0.04729  	-0.3982  	-0.0225  	0.00279  	0.17389  	-0.1391  	0.27396  	0.10365  	-0.0281  	-0.0149  	0.03610  	0.05615  	-0.1493  	-0.0932  	-0.0677  	0.00669  	-0.0194  	0.00422  	0.01741  	0.01053  	0.00470  	0.03109  	-0.0343  	-0.0383  	0.01431  	0.03685  	-0.0068  	0.19591  	-0.0401  	-0.0029  	-0.0129  	0.02117  	0.32912  	0.47227  	293.370  	223.447  	
0.62366  	0.06098  	-0.1877  	0.52047  	1.10714  	-0.6877  	-0.3753  	0.45262  	-0.0208  	-0.5309  	-0.7187  	0.67715  	0.18904  	0.46700  	-0.2557  	-0.2466  	0.41357  	-0.4238  	0.55339  	0.05453  	-0.2425  	1.01552  	0.04334  	0.60700  	0.71996  	0.11431  	0.52378  	-0.8250  	-0.1788  	-0.0286  	-0.2307  	-0.0644  	-0.0478  	-0.1851  	0.54973  	0.16654  	0.26545  	0.03665  	-0.3691  	0.01248  	-0.0495  	0.18244  	-0.1605  	0.27070  	0.10569  	-0.0233  	-0.0082  	0.03067  	0.06329  	-0.1533  	-0.0958  	-0.0701  	0.01083  	-0.0226  	0.01122  	0.02255  	0.01088  	0.00122  	0.03101  	-0.0229  	-0.0357  	0.02772  	0.03825  	-0.0081  	0.19591  	-0.0401  	-0.0029  	-0.0129  	0.02117  	0.32912  	0.47227  	293.370  	223.447  	
0.36664  	-0.0250  	-0.3055  	0.65979  	1.23513  	-0.8686  	-0.4154  	0.37114  	-0.0318  	-0.4323  	-0.4459  	0.83519  	0.06713  	0.46490  	-0.3184  	-0.2210  	0.41268  	-0.4167  	0.57524  	0.19344  	-0.1876  	0.89111  	-0.1008  	0.78266  	0.73132  	0.11100  	0.53413  	-0.7623  	-0.3286  	-0.0786  	-0.2369  	-0.0408  	-0.0311  	-0.1886  	0.69899  	0.14264  	0.33761  	-0.0046  	-0.4729  	0.03330  	-0.1189  	0.21155  	-0.2252  	0.20803  	0.11266  	-0.0313  	0.00041  	-0.0028  	0.03217  	-0.1322  	-0.0985  	-0.0774  	-0.0074  	-0.0193  	-0.0134  	0.01306  	0.02174  	-0.0021  	0.02811  	-0.0309  	-0.0406  	0.02357  	0.03835  	-0.0126  	0.19591  	-0.0401  	-0.0029  	-0.0129  	0.02117  	0.32912  	0.47227  	293.370  	223.447  	
0.17947  	-0.1457  	-0.3413  	0.26354  	1.05867  	-1.1317  	-0.4078  	0.32548  	-0.0734  	-0.4170  	-0.2473  	0.99334  	-0.0046  	0.13507  	-0.6237  	-0.1495  	0.36185  	-0.3258  	0.56229  	0.38302  	-0.1732  	0.81650  	-0.0748  	0.69142  	0.51649  	0.12232  	0.34596  	-0.6652  	-0.3716  	-0.1699  	-0.2070  	-0.0653  	0.00211  	-0.1784  	0.60559  	0.17170  	0.30385  	0.03582  	-0.4835  	0.01797  	-0.0566  	0.17481  	-0.2214  	0.23340  	0.11906  	-0.0438  	0.00738  	-0.0038  	0.02610  	-0.1479  	-0.1048  	-0.0761  	-0.0026  	-0.0174  	0.00520  	-0.0039  	0.03198  	0.00380  	0.01718  	-0.0322  	-0.0359  	0.01827  	0.05172  	0.00685  	0.19591  	-0.0401  	-0.0029  	-0.0129  	0.02117  	0.32912  	0.47227  	293.370  	223.447  	
0.07408  	-0.0962  	-0.3998  	-0.1169  	0.90131  	-1.0866  	-0.3769  	0.27017  	-0.0571  	-0.4311  	-0.1179  	0.97037  	-0.0942  	-0.0932  	-0.8744  	-0.1816  	0.39598  	-0.2240  	0.56740  	0.33282  	-0.1842  	0.80477  	-0.0150  	0.63732  	0.46394  	0.17260  	0.31341  	-0.6063  	-0.3912  	-0.2175  	-0.1912  	-0.0978  	-0.0199  	-0.1524  	0.54572  	0.20479  	0.28000  	0.05916  	-0.4543  	-0.0634  	0.00955  	0.17583  	-0.1610  	0.20875  	0.10353  	-0.0305  	0.00252  	-0.0055  	0.02503  	-0.1350  	-0.0834  	-0.0771  	0.00302  	-0.0154  	-0.0038  	0.00506  	0.02800  	0.00752  	0.02096  	-0.0390  	-0.0433  	0.01462  	0.03996  	-0.0021  	0.19591  	-0.0401  	-0.0029  	-0.0129  	0.02117  	0.32912  	0.47227  	293.370  	223.447  	
0.08115  	-0.0751  	-0.3497  	-0.1240  	0.79560  	-0.9471  	-0.4764  	0.28523  	-0.0669  	-0.5006  	-0.1919  	0.86608  	-0.1549  	-0.1819  	-0.8652  	-0.1597  	0.44307  	-0.2779  	0.61531  	0.25326  	-0.1282  	0.81638  	0.09792  	0.61831  	0.51538  	0.17486  	0.34536  	-0.6923  	-0.3760  	-0.1992  	-0.1942  	-0.0651  	-0.0550  	-0.1892  	0.44861  	0.19797  	0.32912  	0.06102  	-0.4476  	-0.0511  	0.03702  	0.16413  	-0.1418  	0.23349  	0.11246  	-0.0218  	0.01210  	-0.0179  	0.02328  	-0.1411  	-0.1043  	-0.0685  	0.00211  	-0.0190  	-0.0001  	0.00354  	0.02770  	0.00973  	0.03216  	-0.0379  	-0.0427  	0.00201  	0.03824  	-0.0047  	0.19591  	-0.0401  	-0.0029  	-0.0129  	0.02117  	0.32912  	0.47227  	293.370  	223.447  	
0.24590  	-0.0405  	-0.2477  	-0.0681  	0.77743  	-0.8423  	-0.4663  	0.30373  	-0.0513  	-0.5855  	-0.3674  	0.85069  	-0.0969  	-0.0978  	-0.6940  	-0.2059  	0.47429  	-0.3137  	0.60426  	0.21068  	-0.1463  	0.82641  	0.13348  	0.61620  	0.49293  	0.18615  	0.39161  	-0.7062  	-0.3668  	-0.1799  	-0.2121  	-0.0641  	-0.0372  	-0.1810  	0.45433  	0.17463  	0.36645  	0.07385  	-0.4552  	-0.0632  	0.07028  	0.13649  	-0.1297  	0.27072  	0.09921  	-0.0280  	0.01964  	0.00851  	0.02780  	-0.1481  	-0.1091  	-0.0659  	0.01103  	-0.0188  	0.00019  	0.00259  	0.01914  	0.01006  	0.03385  	-0.0356  	-0.0402  	0.00592  	0.03450  	-0.0003  	0.19591  	-0.0401  	-0.0029  	-0.0129  	0.02117  	0.32912  	0.47227  	293.370  	223.447  	
0.15153  	-0.0631  	-0.2570  	-0.1423  	0.74298  	-0.9386  	-0.4916  	0.25212  	-0.0800  	-0.5096  	-0.3111  	0.79120  	-0.1087  	-0.2060  	-0.8955  	-0.2382  	0.44091  	-0.2772  	0.61176  	0.24828  	-0.2513  	0.81392  	0.10370  	0.51826  	0.50272  	0.18283  	0.27890  	-0.5947  	-0.2680  	-0.2144  	-0.1976  	-0.0533  	-0.0285  	-0.1661  	0.38840  	0.21270  	0.31043  	0.07372  	-0.4273  	-0.0191  	0.12962  	0.11605  	-0.1179  	0.27919  	0.10319  	-0.0343  	0.00566  	0.00207  	0.02339  	-0.1396  	-0.1046  	-0.0686  	0.00979  	-0.0176  	0.00130  	-0.0001  	0.01970  	0.00915  	0.03220  	-0.0322  	-0.0335  	0.00922  	0.04250  	0.00285  	0.19591  	-0.0401  	-0.0029  	-0.0129  	0.02117  	0.32912  	0.47227  	293.370  	223.447  	
0.22217  	-0.0662  	-0.2729  	-0.2161  	0.71277  	-0.9144  	-0.4740  	0.23771  	-0.0802  	-0.4786  	-0.2042  	0.80711  	-0.1418  	-0.2498  	-1.0178  	-0.1303  	0.42999  	-0.2764  	0.60934  	0.24915  	-0.2182  	0.78961  	0.07999  	0.55204  	0.49391  	0.15796  	0.31610  	-0.6120  	-0.3250  	-0.2158  	-0.1895  	-0.0405  	-0.0413  	-0.1843  	0.43041  	0.25258  	0.33066  	0.07268  	-0.4351  	-0.0267  	0.10596  	0.14404  	-0.1180  	0.26383  	0.10781  	-0.0279  	0.00769  	-0.0017  	0.02933  	-0.1406  	-0.1019  	-0.0694  	0.00380  	-0.0181  	0.00033  	0.00540  	0.02505  	0.01015  	0.03826  	-0.0321  	-0.0391  	0.00530  	0.04709  	0.00042  	0.19591  	-0.0401  	-0.0029  	-0.0129  	0.02117  	0.32912  	0.47227  	293.370  	223.447  	
0.21829  	-0.0468  	-0.2162  	-0.2413  	0.68924  	-0.9438  	-0.4723  	0.27349  	-0.0637  	-0.4338  	-0.0721  	0.83518  	-0.1770  	-0.1688  	-1.0388  	-0.0632  	0.40386  	-0.3017  	0.62727  	0.18283  	-0.1344  	0.80554  	0.12092  	0.57802  	0.42251  	0.15686  	0.35373  	-0.7310  	-0.4048  	-0.2335  	-0.1977  	-0.0307  	-0.0309  	-0.1873  	0.49965  	0.24419  	0.40586  	0.08730  	-0.4995  	-0.0688  	0.08005  	0.15590  	-0.1420  	0.26278  	0.10572  	-0.0355  	0.01159  	-0.0045  	0.02740  	-0.1416  	-0.1012  	-0.0739  	0.00558  	-0.0110  	0.00077  	0.00066  	0.01913  	0.00926  	0.03267  	-0.0304  	-0.0395  	0.01332  	0.05162  	-0.0003  	0.19591  	-0.0401  	-0.0029  	-0.0129  	0.02117  	0.32912  	0.47227  	293.370  	223.447  	
0.17297  	-0.0829  	-0.2110  	-0.3088  	0.63707  	-0.9927  	-0.4933  	0.23222  	-0.0865  	-0.4231  	0.04277  	0.83070  	-0.1935  	-0.2525  	-1.2038  	-0.0312  	0.42033  	-0.2933  	0.62108  	0.18478  	-0.1363  	0.76392  	0.12947  	0.59423  	0.39983  	0.16067  	0.34606  	-0.7015  	-0.4201  	-0.2332  	-0.1992  	-0.0296  	-0.0414  	-0.2071  	0.50290  	0.26253  	0.42417  	0.09220  	-0.5068  	-0.0756  	0.08138  	0.16455  	-0.1394  	0.24754  	0.10973  	-0.0297  	0.01006  	-0.0011  	0.02881  	-0.1451  	-0.0957  	-0.0731  	0.00873  	-0.0151  	0.00387  	-0.0013  	0.02454  	0.01129  	0.03167  	-0.0330  	-0.0409  	0.01523  	0.05928  	0.00626  	0.19591  	-0.0401  	-0.0029  	-0.0129  	0.02117  	0.32912  	0.47227  	293.370  	223.447  	
0.17445  	-0.0782  	-0.2016  	-0.3488  	0.62944  	-0.9654  	-0.4781  	0.22788  	-0.0820  	-0.4349  	0.01990  	0.80210  	-0.1879  	-0.2415  	-1.2336  	-0.0327  	0.41563  	-0.3264  	0.63678  	0.17857  	-0.1269  	0.77796  	0.13828  	0.60332  	0.43400  	0.16342  	0.35258  	-0.7133  	-0.4229  	-0.2239  	-0.1960  	-0.0335  	-0.0604  	-0.2009  	0.48359  	0.28364  	0.44840  	0.09477  	-0.5130  	-0.0790  	0.07991  	0.15322  	-0.1344  	0.24328  	0.11402  	-0.0320  	0.00987  	-0.0004  	0.03330  	-0.1402  	-0.0958  	-0.0744  	0.00748  	-0.0145  	0.00429  	-0.0031  	0.02302  	0.01431  	0.03308  	-0.0327  	-0.0454  	0.00798  	0.05986  	0.00363  	0.19591  	-0.0401  	-0.0029  	-0.0129  	0.02117  	0.32912  	0.47227  	293.370  	223.447  	
0.19379  	-0.0687  	-0.2237  	-0.3239  	0.63142  	-0.9301  	-0.4773  	0.25095  	-0.0796  	-0.4776  	-0.0277  	0.78186  	-0.1724  	-0.2030  	-1.0976  	-0.1043  	0.42197  	-0.3296  	0.63328  	0.18461  	-0.0921  	0.78621  	0.14390  	0.59379  	0.42313  	0.17447  	0.33194  	-0.7427  	-0.4401  	-0.2486  	-0.1822  	-0.0417  	-0.0570  	-0.2008  	0.49590  	0.24948  	0.44270  	0.10217  	-0.5192  	-0.0802  	0.08299  	0.14974  	-0.1338  	0.24610  	0.10959  	-0.0333  	0.01379  	-0.0144  	0.02192  	-0.1361  	-0.0974  	-0.0709  	0.00635  	-0.0162  	0.00106  	-0.0021  	0.02366  	0.01296  	0.03287  	-0.0353  	-0.0437  	0.01150  	0.05683  	0.00353  	0.19591  	-0.0401  	-0.0029  	-0.0129  	0.02117  	0.32912  	0.47227  	293.370  	223.447  	
0.24767  	-0.0538  	-0.2102  	-0.2759  	0.66305  	-0.9201  	-0.4824  	0.29261  	-0.0685  	-0.5229  	-0.0503  	0.78949  	-0.1719  	-0.1725  	-0.9596  	-0.1349  	0.41241  	-0.3449  	0.63300  	0.16966  	-0.0352  	0.80080  	0.14232  	0.59808  	0.40824  	0.17388  	0.34433  	-0.8018  	-0.4817  	-0.2502  	-0.1817  	-0.0241  	-0.0287  	-0.1929  	0.52809  	0.19517  	0.45800  	0.11534  	-0.5240  	-0.0872  	0.09125  	0.14795  	-0.1452  	0.24094  	0.10803  	-0.0339  	0.01280  	-0.0193  	0.01421  	-0.1399  	-0.1068  	-0.0673  	0.00852  	-0.0174  	-0.0017  	-0.0044  	0.02292  	0.01316  	0.02856  	-0.0375  	-0.0375  	0.01440  	0.05423  	0.00244  	0.19591  	-0.0401  	-0.0029  	-0.0129  	0.02117  	0.32912  	0.47227  	293.370  	223.447  	
0.36393  	0.00123  	-0.1257  	-0.1866  	0.67156  	-0.8817  	-0.4608  	0.37093  	-0.0161  	-0.5648  	-0.0555  	0.81019  	-0.1263  	-0.0494  	-0.7960  	-0.0938  	0.43552  	-0.3631  	0.61411  	0.11018  	0.05603  	0.79556  	0.16768  	0.65556  	0.38592  	0.16789  	0.39638  	-0.9255  	-0.5623  	-0.2659  	-0.1756  	-0.0085  	-0.0122  	-0.1924  	0.58534  	0.11230  	0.50856  	0.14864  	-0.5605  	-0.0873  	0.08036  	0.14172  	-0.1477  	0.24836  	0.09682  	-0.0277  	0.01428  	-0.0197  	0.01617  	-0.1295  	-0.1152  	-0.0627  	0.00918  	-0.0098  	-5.4628  	-0.0022  	0.00364  	0.00854  	0.03472  	-0.0345  	-0.0304  	0.01969  	0.04203  	-0.0054  	0.19591  	-0.0401  	-0.0029  	-0.0129  	0.02117  	0.32912  	0.47227  	293.370  	223.447  	
0.48345  	0.06947  	-0.0567  	-0.1008  	0.67013  	-0.7947  	-0.4591  	0.45059  	0.03985  	-0.6057  	-0.0246  	0.84081  	-0.0955  	0.06001  	-0.7479  	-0.0605  	0.45847  	-0.4185  	0.60097  	0.07623  	0.17405  	0.81564  	0.19791  	0.67272  	0.36141  	0.15487  	0.47296  	-0.9967  	-0.6696  	-0.2682  	-0.1913  	0.00260  	0.00072  	-0.2019  	0.63324  	0.05211  	0.58191  	0.16587  	-0.5889  	-0.1272  	0.04336  	0.13418  	-0.1458  	0.24534  	0.09381  	-0.0256  	0.00959  	-0.0116  	0.02049  	-0.1251  	-0.1146  	-0.0680  	0.00786  	-0.0101  	-0.0053  	0.01353  	0.00554  	0.00838  	0.03044  	-0.0342  	-0.0302  	0.02591  	0.03780  	-0.0058  	0.19591  	-0.0401  	-0.0029  	-0.0129  	0.02117  	0.32912  	0.47227  	293.370  	223.447  	
0.58007  	0.07824  	-0.0039  	-0.0414  	0.71067  	-0.7093  	-0.4437  	0.48894  	0.04595  	-0.6254  	-0.0920  	0.84930  	-0.0603  	0.12156  	-0.6887  	-0.0079  	0.47206  	-0.4392  	0.61307  	0.07695  	0.15207  	0.84731  	0.21781  	0.73937  	0.42322  	0.14977  	0.53386  	-1.0161  	-0.6540  	-0.2438  	-0.2025  	0.00020  	-0.0013  	-0.2047  	0.64700  	0.06348  	0.58001  	0.15333  	-0.5529  	-0.1251  	-0.0016  	0.14628  	-0.1420  	0.24564  	0.09580  	-0.0280  	0.00402  	0.00761  	0.03482  	-0.1303  	-0.1077  	-0.0663  	0.00734  	-0.0121  	-0.0035  	0.01671  	0.00720  	0.01022  	0.02630  	-0.0299  	-0.0339  	0.02193  	0.04906  	-0.0018  	0.19591  	-0.0401  	-0.0029  	-0.0129  	0.02117  	0.32912  	0.47227  	293.370  	223.447  	
0.63021  	0.06389  	0.06327  	0.02073  	0.78560  	-0.6752  	-0.4134  	0.47218  	0.04036  	-0.5316  	-0.2737  	0.76624  	0.02992  	0.17080  	-0.7687  	-0.0574  	0.45854  	-0.4069  	0.61676  	0.09505  	-0.0313  	0.88671  	0.11940  	0.63262  	0.57817  	0.12735  	0.49636  	-0.8776  	-0.4908  	-0.1805  	-0.2105  	-0.0250  	-0.0115  	-0.1928  	0.53653  	0.15320  	0.45660  	0.10056  	-0.4591  	-0.0748  	0.03228  	0.14465  	-0.1097  	0.26324  	0.10051  	-0.0308  	-0.0150  	0.04046  	0.05435  	-0.1372  	-0.0957  	-0.0723  	0.00651  	-0.0158  	-0.0011  	0.02848  	0.01308  	0.00391  	0.02973  	-0.0268  	-0.0333  	0.01653  	0.04932  	-0.0013  	0.19591  	-0.0401  	-0.0029  	-0.0129  	0.02117  	0.32912  	0.47227  	293.370  	223.447  	
0.56241  	0.04208  	-0.1017  	0.14271  	0.90821  	-0.7387  	-0.3682  	0.40692  	0.02486  	-0.4753  	-0.4148  	0.79272  	0.06757  	0.27446  	-0.6364  	-0.1728  	0.44359  	-0.4096  	0.58634  	0.16474  	-0.0863  	0.89326  	0.07963  	0.61373  	0.62415  	0.10314  	0.52299  	-0.8171  	-0.3744  	-0.1453  	-0.2248  	-0.0512  	-0.0246  	-0.1850  	0.55769  	0.18255  	0.38231  	0.06545  	-0.4487  	-0.0149  	0.02141  	0.16725  	-0.1379  	0.26276  	0.10850  	-0.0292  	-0.0045  	0.03137  	0.05237  	-0.1411  	-0.0944  	-0.0749  	0.00630  	-0.0203  	-0.0021  	0.02594  	0.02039  	0.00527  	0.03089  	-0.0266  	-0.0349  	0.02090  	0.04283  	-0.0031  	0.19591  	-0.0401  	-0.0029  	-0.0129  	0.02117  	0.32912  	0.47227  	293.370  	223.447  	
0.27918  	-0.0870  	-0.2304  	0.12055  	0.93803  	-0.8675  	-0.4447  	0.31328  	-0.0737  	-0.5427  	-0.3197  	0.94278  	-0.0677  	0.02797  	-0.6432  	-0.1165  	0.44624  	-0.3642  	0.62831  	0.16969  	-0.0830  	0.86661  	0.10352  	0.68945  	0.49511  	0.14489  	0.45876  	-0.7761  	-0.4298  	-0.1831  	-0.1997  	-0.0236  	-0.0483  	-0.2010  	0.54618  	0.12972  	0.43413  	0.08441  	-0.4957  	-0.0373  	0.01282  	0.15535  	-0.1526  	0.26152  	0.10871  	-0.0308  	-0.0007  	-0.0090  	0.03753  	-0.1464  	-0.0987  	-0.0758  	0.00284  	-0.0244  	-0.0015  	0.01324  	0.02258  	0.00317  	0.04675  	-0.0175  	-0.0422  	0.01931  	0.03575  	-0.0038  	0.19591  	-0.0401  	-0.0029  	-0.0129  	0.02117  	0.32912  	0.47227  	293.370  	223.447  	
0.39113  	-0.0146  	-0.1218  	-0.0661  	0.77357  	-0.7521  	-0.4638  	0.34668  	-0.0507  	-0.5743  	-0.1737  	0.84159  	-0.1037  	-0.0285  	-0.7296  	-0.1194  	0.48296  	-0.4292  	0.63280  	0.11528  	0.03780  	0.86879  	0.18376  	0.75330  	0.46989  	0.14946  	0.53473  	-0.9345  	-0.5629  	-0.2412  	-0.2228  	0.00763  	-0.0419  	-0.2043  	0.60519  	0.16363  	0.53409  	0.13257  	-0.5305  	-0.0734  	0.03990  	0.14676  	-0.1462  	0.26075  	0.09738  	-0.0349  	0.00602  	0.00173  	0.03556  	-0.1483  	-0.1113  	-0.0629  	0.00973  	-0.0159  	-0.0019  	0.00678  	0.00700  	0.01076  	0.03422  	-0.0248  	-0.0362  	0.00818  	0.05393  	0.00189  	0.19591  	-0.0401  	-0.0029  	-0.0129  	0.02117  	0.32912  	0.47227  	293.370  	223.447  	
0.45847  	-0.0168  	-0.0701  	-0.2094  	0.68118  	-0.8429  	-0.4651  	0.40809  	-0.0141  	-0.5254  	0.00597  	0.92656  	-0.1216  	-0.1762  	-1.0534  	0.04863  	0.41285  	-0.3431  	0.63840  	0.28854  	0.01375  	0.75984  	0.08124  	0.62262  	0.48576  	0.10908  	0.41360  	-0.7475  	-0.5186  	-0.2357  	-0.2043  	-0.0274  	-0.0009  	-0.1936  	0.57211  	0.19676  	0.50835  	0.11627  	-0.5323  	-0.0690  	0.05730  	0.13863  	-0.1591  	0.25783  	0.10572  	-0.0239  	0.00081  	0.00315  	0.03056  	-0.1430  	-0.0988  	-0.0728  	0.00700  	-0.0199  	-0.0010  	0.01495  	0.01852  	0.00771  	0.02186  	-0.0322  	-0.0380  	0.01343  	0.05949  	-0.0048  	0.19591  	-0.0401  	-0.0029  	-0.0129  	0.02117  	0.32912  	0.47227  	293.370  	223.447  	
0.49316  	0.00585  	-0.0066  	-0.2809  	0.65313  	-0.8171  	-0.4553  	0.45326  	0.02038  	-0.4797  	-0.0049  	0.90433  	-0.1175  	-0.0608  	-1.0930  	0.11004  	0.39143  	-0.3357  	0.64382  	0.28324  	0.07556  	0.77282  	0.04399  	0.58164  	0.50270  	0.10683  	0.41103  	-0.8174  	-0.5553  	-0.2491  	-0.1939  	-0.0064  	-0.0048  	-0.1961  	0.55706  	0.17373  	0.49493  	0.14223  	-0.4948  	-0.1133  	0.05238  	0.13378  	-0.1154  	0.23515  	0.09065  	-0.0309  	0.00694  	0.01339  	0.03729  	-0.1434  	-0.0978  	-0.0686  	0.00824  	-0.0063  	-0.0067  	0.01000  	0.01409  	0.00824  	0.03470  	-0.0206  	-0.0442  	0.01399  	0.06323  	-0.0025  	0.19591  	-0.0401  	-0.0029  	-0.0129  	0.02117  	0.32912  	0.47227  	293.370  	223.447  	
0.18336  	-0.0844  	-0.1123  	-0.2765  	0.66115  	-0.8727  	-0.5183  	0.36050  	-0.0473  	-0.4638  	-0.0346  	0.76412  	-0.1655  	-0.1360  	-1.0826  	-0.0302  	0.43215  	-0.3677  	0.65786  	0.18534  	0.02683  	0.80209  	0.12847  	0.68801  	0.50229  	0.11702  	0.48406  	-0.9333  	-0.5879  	-0.2540  	-0.2097  	0.01328  	-0.0349  	-0.2173  	0.53706  	0.20091  	0.51406  	0.15302  	-0.5516  	-0.0763  	0.04371  	0.13137  	-0.1403  	0.24418  	0.09710  	-0.0361  	0.00643  	-0.0041  	0.03388  	-0.1456  	-0.0918  	-0.0721  	0.00761  	-0.0096  	-0.0126  	0.00980  	0.01933  	0.00591  	0.03658  	-0.0297  	-0.0373  	0.00278  	0.05163  	-0.0058  	0.19591  	-0.0401  	-0.0029  	-0.0129  	0.02117  	0.32912  	0.47227  	293.370  	223.447  	
0.17798  	-0.0813  	-0.2281  	-0.3625  	0.66418  	-0.9261  	-0.5472  	0.21742  	-0.0915  	-0.5087  	-0.0288  	0.78710  	-0.2027  	-0.3158  	-1.1335  	-0.0461  	0.42511  	-0.3585  	0.68498  	0.13604  	-0.0762  	0.79366  	0.17256  	0.63623  	0.47294  	0.15552  	0.43794  	-0.8338  	-0.4952  	-0.2431  	-0.2164  	-0.0039  	-0.0628  	-0.2027  	0.50941  	0.25082  	0.49672  	0.11518  	-0.5255  	-0.0745  	0.06267  	0.15422  	-0.1473  	0.24472  	0.10644  	-0.0269  	0.00572  	-0.0054  	0.02121  	-0.1312  	-0.1076  	-0.0721  	0.00250  	-0.0123  	-0.0038  	0.00453  	0.01673  	0.01577  	0.04347  	-0.0430  	-0.0448  	0.01130  	0.04595  	-0.0068  	0.19591  	-0.0401  	-0.0029  	-0.0129  	0.02117  	0.32912  	0.47227  	293.370  	223.447  	
0.15873  	-0.1241  	-0.2228  	-0.3083  	0.66221  	-0.9515  	-0.5067  	0.22888  	-0.0895  	-0.3898  	-0.0023  	0.83738  	-0.1968  	-0.3200  	-1.2313  	0.00084  	0.41888  	-0.3143  	0.67489  	0.18340  	-0.1622  	0.78396  	0.11038  	0.63433  	0.47583  	0.14909  	0.39090  	-0.7289  	-0.4410  	-0.2354  	-0.2031  	-0.0106  	-0.0735  	-0.2083  	0.48980  	0.30007  	0.45196  	0.09109  	-0.5185  	-0.0608  	0.08738  	0.14398  	-0.1419  	0.25626  	0.10755  	-0.0304  	0.00829  	-0.0045  	0.03194  	-0.1441  	-0.0918  	-0.0746  	0.00850  	-0.0160  	0.00393  	-0.0002  	0.02304  	0.01428  	0.03723  	-0.0287  	-0.0405  	0.00132  	0.05270  	-0.0001  	0.19591  	-0.0401  	-0.0029  	-0.0129  	0.02117  	0.32912  	0.47227  	293.370  	223.447  	
0.13729  	-0.1062  	-0.1869  	-0.3504  	0.64939  	-0.9728  	-0.4895  	0.21603  	-0.0807  	-0.3585  	0.01515  	0.83853  	-0.2149  	-0.3605  	-1.3191  	0.04494  	0.41257  	-0.2695  	0.64647  	0.24397  	-0.2126  	0.77264  	0.02376  	0.58265  	0.48710  	0.16601  	0.31133  	-0.6610  	-0.3871  	-0.2374  	-0.2023  	-0.0159  	-0.0453  	-0.2002  	0.47117  	0.30143  	0.38954  	0.07310  	-0.4836  	-0.0502  	0.10223  	0.14985  	-0.1148  	0.25011  	0.11237  	-0.0321  	0.00477  	-0.0027  	0.03811  	-0.1445  	-0.0902  	-0.0772  	0.00422  	-0.0176  	0.01020  	0.00180  	0.02776  	0.01079  	0.02946  	-0.0331  	-0.0395  	0.00637  	0.05091  	0.00681  	0.19591  	-0.0401  	-0.0029  	-0.0129  	0.02117  	0.32912  	0.47227  	293.370  	223.447  	
0.04250  	-0.1183  	-0.2810  	-0.3824  	0.61156  	-1.0071  	-0.4799  	0.20025  	-0.1042  	-0.3461  	-0.0583  	0.81453  	-0.2175  	-0.3291  	-1.2233  	-0.0672  	0.42132  	-0.2698  	0.64021  	0.24825  	-0.2571  	0.78265  	0.08185  	0.55585  	0.49536  	0.18361  	0.29575  	-0.6078  	-0.3259  	-0.2390  	-0.1951  	-0.0343  	-0.0707  	-0.1966  	0.41698  	0.29595  	0.33157  	0.07793  	-0.4680  	-0.0382  	0.10651  	0.13902  	-0.1220  	0.26310  	0.10531  	-0.0354  	0.01286  	-0.0096  	0.02589  	-0.1396  	-0.0939  	-0.0728  	0.00775  	-0.0133  	0.00455  	-0.0059  	0.02584  	0.01336  	0.03621  	-0.0283  	-0.0386  	0.00780  	0.04871  	0.00468  	0.19591  	-0.0401  	-0.0029  	-0.0129  	0.02117  	0.32912  	0.47227  	293.370  	223.447  	
-0.1126  	-0.1212  	-0.3305  	-0.4414  	0.55477  	-1.0814  	-0.4989  	0.16584  	-0.1133  	-0.3771  	-0.0543  	0.77643  	-0.2388  	-0.3491  	-1.2444  	-0.1296  	0.47510  	-0.3276  	0.63866  	0.20485  	-0.1807  	0.75292  	0.13290  	0.61681  	0.48962  	0.18267  	0.36911  	-0.7390  	-0.3849  	-0.2426  	-0.1872  	-0.0378  	-0.0770  	-0.1934  	0.44041  	0.28561  	0.38039  	0.08116  	-0.5013  	-0.0696  	0.11492  	0.13780  	-0.1357  	0.24996  	0.11521  	-0.0280  	0.01478  	-0.0288  	0.01771  	-0.1306  	-0.0959  	-0.0716  	0.00493  	-0.0121  	-0.0015  	-0.0035  	0.02645  	0.01270  	0.03985  	-0.0361  	-0.0370  	0.00905  	0.05294  	-0.0008  	0.19591  	-0.0401  	-0.0029  	-0.0129  	0.02117  	0.32912  	0.47227  	293.370  	223.447  	
-0.2077  	-0.1310  	-0.3436  	-0.6084  	0.50734  	-1.0514  	-0.5008  	0.07762  	-0.1096  	-0.3390  	-0.0969  	0.72071  	-0.3048  	-0.4546  	-1.2725  	-0.1735  	0.46244  	-0.2782  	0.62035  	0.18452  	-0.2901  	0.74440  	0.20600  	0.54786  	0.49585  	0.22585  	0.27869  	-0.6999  	-0.3301  	-0.2343  	-0.1494  	-0.0472  	-0.0832  	-0.1899  	0.33673  	0.29571  	0.35602  	0.06693  	-0.4620  	-0.0594  	0.15551  	0.12125  	-0.1425  	0.26924  	0.11644  	-0.0370  	0.01173  	-0.0203  	-0.0008  	-0.1317  	-0.1062  	-0.0686  	0.01302  	-0.0222  	-0.0009  	-0.0071  	0.01421  	0.01400  	0.03389  	-0.0264  	-0.0363  	0.00783  	0.05317  	0.00605  	0.19591  	-0.0401  	-0.0029  	-0.0129  	0.02117  	0.32912  	0.47227  	293.370  	223.447  	
-0.3421  	-0.1955  	-0.4003  	-0.6880  	0.47144  	-1.2175  	-0.4931  	0.14469  	-0.1114  	-0.2745  	0.00892  	0.79152  	-0.1794  	-0.4066  	-1.3976  	-0.1745  	0.43474  	-0.2397  	0.62702  	0.20915  	-0.3314  	0.74227  	0.20715  	0.47615  	0.39694  	0.22563  	0.19070  	-0.6248  	-0.3027  	-0.2506  	-0.1284  	-0.0721  	-0.0531  	-0.1741  	0.28458  	0.29624  	0.27530  	0.06994  	-0.4399  	-0.0711  	0.17833  	0.12692  	-0.0987  	0.27037  	0.11097  	-0.0410  	0.00884  	-0.0051  	0.01426  	-0.1359  	-0.1116  	-0.0687  	-0.0001  	-0.0125  	0.00612  	-0.0029  	0.01913  	0.01264  	0.03155  	-0.0325  	-0.0286  	0.01996  	0.05594  	0.00482  	0.19591  	-0.0401  	-0.0029  	-0.0129  	0.02117  	0.32912  	0.47227  	293.370  	223.447  	
-0.3616  	-0.1762  	-0.4675  	-0.7067  	0.50716  	-1.3607  	-0.5074  	0.11917  	-0.1402  	-0.2661  	0.08688  	0.75917  	-0.1786  	-0.4147  	-1.3785  	-0.2199  	0.40541  	-0.2555  	0.62145  	0.24463  	-0.2639  	0.79873  	0.14958  	0.49738  	0.42733  	0.21615  	0.23247  	-0.6383  	-0.3281  	-0.2658  	-0.1192  	-0.0894  	-0.0493  	-0.1804  	0.32425  	0.29283  	0.28376  	0.06804  	-0.4412  	-0.0726  	0.15740  	0.13069  	-0.1276  	0.25595  	0.11384  	-0.0402  	0.01158  	-0.0027  	0.01017  	-0.1334  	-0.1055  	-0.0678  	0.00539  	-0.0168  	-0.0031  	-0.0068  	0.01702  	0.01274  	0.03433  	-0.0263  	-0.0361  	0.01746  	0.04974  	0.00189  	0.19591  	-0.0401  	-0.0029  	-0.0129  	0.02117  	0.32912  	0.47227  	293.370  	223.447  	
-0.2904  	-0.1428  	-0.3403  	-0.7763  	0.50477  	-1.3299  	-0.4500  	0.18481  	-0.1317  	-0.2893  	0.13493  	0.64764  	-0.2173  	-0.3285  	-1.3723  	-0.2413  	0.41468  	-0.3150  	0.59243  	0.26251  	-0.1980  	0.83726  	0.13325  	0.58840  	0.45339  	0.22228  	0.30278  	-0.7241  	-0.3939  	-0.2874  	-0.1419  	-0.0755  	-0.0279  	-0.1941  	0.35139  	0.25759  	0.36585  	0.07095  	-0.4648  	-0.1106  	0.14692  	0.14941  	-0.1592  	0.24641  	0.11249  	-0.0358  	0.01743  	0.00158  	0.01494  	-0.1339  	-0.1168  	-0.0657  	0.01086  	-0.0150  	-0.0075  	-0.0139  	0.01667  	0.00935  	0.03818  	-0.0302  	-0.0344  	0.02123  	0.04423  	0.00361  	0.19591  	-0.0401  	-0.0029  	-0.0129  	0.02117  	0.32912  	0.47227  	293.370  	223.447  	
-0.2207  	-0.1515  	-0.2901  	-0.5617  	0.55762  	-1.2133  	-0.4973  	0.25702  	-0.1295  	-0.4417  	0.00534  	0.73183  	-0.1728  	-0.4074  	-1.1935  	-0.2433  	0.54052  	-0.4875  	0.70792  	-0.0760  	-0.1528  	0.57260  	-0.0606  	0.58156  	0.38318  	0.32245  	0.33112  	-0.7973  	-0.2672  	-0.2598  	-0.0234  	-0.1125  	-0.1437  	-0.3647  	0.28599  	0.22735  	0.26767  	0.06651  	-0.5836  	-0.1538  	0.23372  	0.27442  	-0.2586  	0.35214  	0.05340  	-0.0161  	-0.0123  	0.00741  	-0.0025  	-0.1509  	-0.0998  	-0.0676  	0.00240  	0.00055  	0.00279  	-0.0060  	0.02059  	-0.0010  	0.03056  	-0.0267  	-0.0277  	0.01368  	0.03528  	0.00725  	0.19591  	-0.0401  	-0.0029  	-0.0129  	0.02117  	0.32912  	0.47227  	293.370  	223.447  	
0.13109  	-0.0873  	-0.2062  	-0.2375  	0.70994  	-1.0291  	-0.5713  	0.34528  	-0.1318  	-0.4607  	-0.1613  	0.86335  	-0.0773  	-0.4827  	-1.0716  	-0.1209  	0.61208  	-0.5594  	0.75855  	-0.2045  	-0.1516  	0.33390  	-0.3795  	0.54262  	0.33018  	0.36608  	0.27429  	-0.7689  	-0.1684  	-0.2794  	0.04421  	-0.1355  	-0.2139  	-0.4984  	0.26561  	0.23083  	0.11384  	0.04660  	-0.6393  	-0.1618  	0.24279  	0.35996  	-0.3314  	0.41695  	-0.0028  	0.00704  	-0.0267  	0.03732  	0.00083  	-0.1668  	-0.0796  	-0.0641  	0.01264  	0.01103  	0.01538  	-0.0077  	0.02243  	-0.0112  	0.03520  	-0.0164  	-0.0296  	0.00221  	0.02091  	0.01070  	0.19591  	-0.0401  	-0.0029  	-0.0129  	0.02117  	0.32912  	0.47227  	293.370  	223.447  	
0.13694  	-0.0542  	-0.0885  	-0.1895  	0.73741  	-1.0484  	-0.5415  	0.36012  	-0.1222  	-0.3965  	-0.0587  	0.85053  	-0.0943  	-0.4588  	-1.0761  	-0.0742  	0.60133  	-0.5928  	0.79840  	-0.2650  	-0.0949  	0.33632  	-0.4944  	0.57576  	0.43265  	0.36298  	0.34703  	-0.8144  	-0.1686  	-0.2489  	0.02181  	-0.1261  	-0.2666  	-0.5369  	0.29926  	0.27179  	0.16891  	0.07862  	-0.7066  	-0.2063  	0.22863  	0.40870  	-0.3658  	0.42596  	-0.0142  	0.01255  	-0.0449  	0.04228  	-0.0011  	-0.1663  	-0.0689  	-0.0665  	0.01013  	0.01292  	0.02220  	0.00023  	0.02332  	-0.0100  	0.03752  	-0.0115  	-0.0295  	-0.0096  	0.01682  	0.00500  	0.19591  	-0.0401  	-0.0029  	-0.0129  	0.02117  	0.32912  	0.47227  	293.370  	223.447  	
0.08255  	-0.1156  	-0.2290  	-0.2344  	0.70432  	-1.0040  	-0.5661  	0.27030  	-0.1724  	-0.5116  	-0.0947  	0.78214  	-0.1380  	-0.4823  	-1.0295  	-0.1632  	0.63972  	-0.6206  	0.77739  	-0.2981  	-0.0928  	0.37347  	-0.3924  	0.60979  	0.47689  	0.31799  	0.40822  	-0.8304  	-0.2114  	-0.2032  	-0.0106  	-0.0870  	-0.2732  	-0.4986  	0.31810  	0.30171  	0.22560  	0.09041  	-0.6809  	-0.2050  	0.21401  	0.36637  	-0.3509  	0.40744  	-0.0027  	0.00690  	-0.0436  	0.01646  	-0.0025  	-0.1568  	-0.0743  	-0.0584  	0.01323  	0.01408  	0.01666  	0.00281  	0.02080  	-0.0012  	0.03606  	-0.0150  	-0.0277  	-0.0141  	0.03259  	0.00330  	0.19591  	-0.0401  	-0.0029  	-0.0129  	0.02117  	0.32912  	0.47227  	293.370  	223.447  	
0.09980  	-0.1146  	-0.2657  	-0.2584  	0.66882  	-0.9526  	-0.5282  	0.23378  	-0.1357  	-0.5460  	-0.1349  	0.73885  	-0.1449  	-0.3888  	-0.9847  	-0.2035  	0.57803  	-0.5148  	0.71159  	-0.1195  	-0.0925  	0.57696  	-0.1297  	0.61277  	0.47322  	0.26757  	0.41404  	-0.8388  	-0.3239  	-0.2153  	-0.0843  	-0.0468  	-0.1953  	-0.3540  	0.39254  	0.25334  	0.33990  	0.10805  	-0.6172  	-0.1571  	0.16566  	0.26531  	-0.2561  	0.33534  	0.05088  	-0.0153  	-0.0150  	-0.0098  	0.00515  	-0.1565  	-0.0940  	-0.0618  	0.00882  	0.00534  	0.01381  	-0.0032  	0.02133  	0.00529  	0.03862  	-0.0316  	-0.0362  	-0.0034  	0.03534  	0.00178  	0.19591  	-0.0401  	-0.0029  	-0.0129  	0.02117  	0.32912  	0.47227  	293.370  	223.447  	
0.16431  	-0.1015  	-0.2664  	-0.2681  	0.69071  	-0.9136  	-0.4943  	0.22996  	-0.1015  	-0.5228  	-0.1350  	0.79019  	-0.1685  	-0.2236  	-1.0278  	-0.0770  	0.42614  	-0.3395  	0.63715  	0.16499  	-0.1385  	0.80204  	0.11134  	0.58316  	0.48323  	0.15265  	0.37279  	-0.7577  	-0.4208  	-0.2134  	-0.1945  	-0.0082  	-0.0647  	-0.1903  	0.48934  	0.26740  	0.42679  	0.11086  	-0.5100  	-0.0666  	0.07949  	0.14609  	-0.1404  	0.24303  	0.10312  	-0.0371  	0.01132  	-0.0146  	0.02479  	-0.1468  	-0.1031  	-0.0698  	0.00430  	-0.0102  	0.00483  	-0.0032  	0.02640  	0.01326  	0.03815  	-0.0339  	-0.0413  	0.00529  	0.05397  	0.00175  	0.19591  	-0.0401  	-0.0029  	-0.0129  	0.02117  	0.32912  	0.47227  	293.370  	223.447  	
0.17950  	-0.0920  	-0.2100  	-0.3030  	0.65709  	-0.9733  	-0.4747  	0.24452  	-0.0688  	-0.3931  	-0.0179  	0.86453  	-0.1608  	-0.2074  	-1.2183  	-0.0275  	0.39527  	-0.2662  	0.62212  	0.26072  	-0.2017  	0.78426  	0.05869  	0.55556  	0.45744  	0.15446  	0.28177  	-0.6455  	-0.3708  	-0.2360  	-0.1966  	-0.0397  	-0.0289  	-0.1923  	0.46273  	0.28016  	0.37597  	0.07434  	-0.4754  	-0.0549  	0.11115  	0.13903  	-0.1233  	0.24859  	0.10518  	-0.0313  	0.01403  	0.00967  	0.03343  	-0.1459  	-0.0967  	-0.0717  	0.00504  	-0.0180  	0.00279  	-0.0012  	0.02654  	0.01181  	0.03438  	-0.0315  	-0.0397  	0.00688  	0.05232  	0.00211  	0.19591  	-0.0401  	-0.0029  	-0.0129  	0.02117  	0.32912  	0.47227  	293.370  	223.447  	
0.15005  	-0.0783  	-0.2363  	-0.3875  	0.60022  	-0.9590  	-0.4848  	0.24546  	-0.0851  	-0.3904  	-0.0386  	0.84651  	-0.1814  	-0.2508  	-1.2094  	-0.0678  	0.41673  	-0.2758  	0.64341  	0.23998  	-0.2064  	0.78137  	0.09316  	0.54135  	0.46728  	0.16266  	0.30882  	-0.6479  	-0.3594  	-0.2397  	-0.1887  	-0.0376  	-0.0412  	-0.1985  	0.43297  	0.28545  	0.37341  	0.07403  	-0.4567  	-0.0567  	0.11111  	0.14305  	-0.1295  	0.25790  	0.09910  	-0.0286  	0.01194  	0.00436  	0.03067  	-0.1424  	-0.0924  	-0.0724  	0.00972  	-0.0105  	0.00520  	-0.0015  	0.02552  	0.01198  	0.03362  	-0.0268  	-0.0399  	0.01732  	0.05257  	0.00328  	0.19591  	-0.0401  	-0.0029  	-0.0129  	0.02117  	0.32912  	0.47227  	293.370  	223.447  	
-0.0135  	-0.1187  	-0.3217  	-0.4381  	0.59477  	-1.0495  	-0.4579  	0.20350  	-0.0906  	-0.3949  	-0.0377  	0.76987  	-0.2040  	-0.3271  	-1.2891  	-0.1314  	0.44127  	-0.2734  	0.63133  	0.25668  	-0.2208  	0.75161  	0.07905  	0.57854  	0.51592  	0.18241  	0.33724  	-0.6663  	-0.3262  	-0.2273  	-0.1947  	-0.0445  	-0.0622  	-0.1942  	0.41781  	0.30254  	0.36278  	0.08118  	-0.4670  	-0.0463  	0.11154  	0.14176  	-0.1240  	0.26053  	0.11401  	-0.0314  	0.00957  	-0.0134  	0.02183  	-0.1477  	-0.0982  	-0.0706  	0.00475  	-0.0190  	0.00550  	-0.0012  	0.02661  	0.01197  	0.03473  	-0.0338  	-0.0400  	0.00902  	0.04721  	0.00428  	0.19591  	-0.0401  	-0.0029  	-0.0129  	0.02117  	0.32912  	0.47227  	293.370  	223.447  	
-0.1291  	-0.1318  	-0.3404  	-0.5872  	0.51405  	-1.0926  	-0.4861  	0.14498  	-0.1151  	-0.4268  	-0.0162  	0.66976  	-0.2512  	-0.4422  	-1.2277  	-0.1845  	0.47222  	-0.2949  	0.63430  	0.20777  	-0.1782  	0.74368  	0.17816  	0.55754  	0.49388  	0.19888  	0.32868  	-0.7239  	-0.3934  	-0.2621  	-0.1707  	-0.0477  	-0.0840  	-0.1977  	0.37631  	0.26865  	0.39480  	0.08856  	-0.4895  	-0.0984  	0.14897  	0.14038  	-0.1307  	0.25695  	0.11614  	-0.0301  	0.00580  	-0.0271  	0.00512  	-0.1306  	-0.1040  	-0.0707  	0.01185  	-0.0145  	0.00209  	0.00416  	0.02032  	0.01233  	0.04260  	-0.0285  	-0.0375  	0.01219  	0.05463  	0.00526  	0.19591  	-0.0401  	-0.0029  	-0.0129  	0.02117  	0.32912  	0.47227  	293.370  	223.447  	
-0.1250  	-0.1312  	-0.3356  	-0.6121  	0.52338  	-1.1066  	-0.4967  	0.16125  	-0.1175  	-0.4212  	-0.0419  	0.67257  	-0.2566  	-0.4031  	-1.2070  	-0.1880  	0.46576  	-0.2805  	0.64313  	0.19533  	-0.1917  	0.75043  	0.20297  	0.53120  	0.46156  	0.20242  	0.30831  	-0.7229  	-0.3728  	-0.2519  	-0.1729  	-0.0468  	-0.0691  	-0.1871  	0.35622  	0.26156  	0.38150  	0.09841  	-0.4915  	-0.0833  	0.15351  	0.14147  	-0.1338  	0.26501  	0.10700  	-0.0358  	0.01478  	-0.0190  	0.01109  	-0.1386  	-0.1041  	-0.0661  	0.00934  	-0.0140  	-0.0046  	-0.0029  	0.02236  	0.01440  	0.03693  	-0.0359  	-0.0340  	0.00867  	0.05237  	0.00234  	0.19591  	-0.0401  	-0.0029  	-0.0129  	0.02117  	0.32912  	0.47227  	293.370  	223.447  	
-0.1777  	-0.1374  	-0.3681  	-0.5102  	0.57813  	-1.1539  	-0.5051  	0.20204  	-0.1030  	-0.4178  	-0.0299  	0.75180  	-0.2334  	-0.3770  	-1.1845  	-0.1815  	0.44045  	-0.2965  	0.64506  	0.18682  	-0.2351  	0.80203  	0.20957  	0.55338  	0.44845  	0.20187  	0.30438  	-0.6777  	-0.3248  	-0.2258  	-0.1671  	-0.0592  	-0.0588  	-0.1811  	0.33809  	0.25359  	0.34166  	0.08421  	-0.4698  	-0.0655  	0.15787  	0.13791  	-0.1299  	0.27273  	0.10479  	-0.0333  	0.01385  	-0.0185  	0.02136  	-0.1394  	-0.1080  	-0.0698  	0.00428  	-0.0126  	-0.0034  	-0.0090  	0.01913  	0.01075  	0.03729  	-0.0369  	-0.0334  	0.01325  	0.04895  	0.00384  	0.19591  	-0.0401  	-0.0029  	-0.0129  	0.02117  	0.32912  	0.47227  	293.370  	223.447  	
-0.0734  	-0.1423  	-0.3300  	-0.4079  	0.61183  	-1.0909  	-0.5040  	0.23351  	-0.0847  	-0.4432  	-0.0775  	0.77968  	-0.1960  	-0.3274  	-1.1744  	-0.1538  	0.45197  	-0.3083  	0.62781  	0.20483  	-0.2134  	0.79144  	0.17039  	0.58522  	0.43340  	0.20184  	0.31641  	-0.6375  	-0.3267  	-0.2305  	-0.1555  	-0.0429  	-0.0579  	-0.1980  	0.36718  	0.25017  	0.34476  	0.06554  	-0.4620  	-0.0731  	0.13421  	0.12454  	-0.1376  	0.26837  	0.10519  	-0.0388  	0.01098  	-0.0103  	0.02322  	-0.1365  	-0.1060  	-0.0749  	0.00609  	-0.0169  	0.00257  	-0.0087  	0.02935  	0.01458  	0.03092  	-0.0376  	-0.0364  	0.01442  	0.05586  	0.00586  	0.19591  	-0.0401  	-0.0029  	-0.0129  	0.02117  	0.32912  	0.47227  	293.370  	223.447  	
0.09342  	-0.0984  	-0.2299  	-0.3347  	0.64846  	-0.9503  	-0.5032  	0.27699  	-0.0647  	-0.4350  	-0.1079  	0.85137  	-0.1461  	-0.2512  	-1.1759  	-0.0534  	0.42200  	-0.2999  	0.62356  	0.25585  	-0.2280  	0.76382  	0.10296  	0.55163  	0.40839  	0.18336  	0.27006  	-0.6404  	-0.3494  	-0.2413  	-0.1604  	-0.0441  	-0.0307  	-0.1897  	0.41923  	0.25433  	0.34562  	0.06937  	-0.4557  	-0.0570  	0.11928  	0.13459  	-0.1299  	0.24981  	0.09534  	-0.0348  	0.00673  	0.00401  	0.02649  	-0.1456  	-0.1029  	-0.0690  	0.00319  	-0.0184  	0.00348  	0.00052  	0.02433  	0.00465  	0.02711  	-0.0397  	-0.0388  	0.01165  	0.05284  	0.00764  	0.19591  	-0.0401  	-0.0029  	-0.0129  	0.02117  	0.32912  	0.47227  	293.370  	223.447  	
0.44421  	-0.0841  	-0.1059  	-0.0738  	0.82815  	-0.7824  	-0.4980  	0.32949  	-0.0487  	-0.4686  	-0.0801  	0.91294  	-0.1097  	-0.1493  	-1.0220  	0.04760  	0.39154  	-0.3781  	0.63924  	0.25621  	-0.0304  	0.77406  	-0.0202  	0.67695  	0.40664  	0.16765  	0.40787  	-0.7816  	-0.5558  	-0.2500  	-0.2274  	0.00605  	-0.0175  	-0.1988  	0.60763  	0.20675  	0.45132  	0.10292  	-0.5389  	-0.0628  	0.02513  	0.16461  	-0.1555  	0.24660  	0.12184  	-0.0293  	0.01059  	-0.0037  	0.04123  	-0.1372  	-0.0977  	-0.0777  	0.00196  	-0.0185  	-0.0058  	0.00207  	0.02319  	0.01294  	0.02991  	-0.0364  	-0.0455  	0.00700  	0.04726  	-0.0037  	0.19591  	-0.0401  	-0.0029  	-0.0129  	0.02117  	0.32912  	0.47227  	293.370  	223.447  	
0.64761  	0.05870  	0.00984  	0.06261  	0.86647  	-0.7580  	-0.4357  	0.38921  	-0.0044  	-0.4850  	-0.2496  	0.86935  	-0.0158  	0.08337  	-0.6746  	-0.0264  	0.43436  	-0.3968  	0.64879  	0.17641  	-0.0528  	0.83330  	0.02957  	0.67094  	0.51299  	0.14963  	0.46661  	-0.8803  	-0.5022  	-0.2049  	-0.2072  	0.00365  	-0.0152  	-0.1862  	0.59953  	0.17508  	0.45443  	0.10555  	-0.4859  	-0.0516  	0.02982  	0.15752  	-0.1224  	0.25020  	0.10095  	-0.0341  	-0.0064  	0.04060  	0.04368  	-0.1303  	-0.0916  	-0.0745  	0.00621  	-0.0197  	-0.0007  	0.01527  	0.02088  	0.00634  	0.02935  	-0.0301  	-0.0449  	0.01290  	0.04723  	-0.0080  	0.19591  	-0.0401  	-0.0029  	-0.0129  	0.02117  	0.32912  	0.47227  	293.370  	223.447  	
0.56437  	0.04621  	-0.0970  	0.30021  	1.00858  	-0.7016  	-0.3727  	0.42278  	-0.0002  	-0.5222  	-0.4186  	0.87085  	0.06160  	0.29364  	-0.5524  	-0.0958  	0.45513  	-0.4139  	0.59811  	0.17513  	-0.0778  	0.89783  	0.03757  	0.60343  	0.65060  	0.10747  	0.52224  	-0.7775  	-0.3542  	-0.1355  	-0.2406  	-0.0455  	-0.0112  	-0.1738  	0.58373  	0.20651  	0.36005  	0.06933  	-0.4339  	-0.0095  	-3.2253  	0.16424  	-0.1347  	0.26445  	0.10936  	-0.0363  	-0.0024  	0.02525  	0.05477  	-0.1538  	-0.0977  	-0.0742  	0.01372  	-0.0189  	-0.0028  	0.02585  	0.02619  	0.00483  	0.03310  	-0.0276  	-0.0312  	0.01503  	0.04938  	-0.0042  	0.19591  	-0.0401  	-0.0029  	-0.0129  	0.02117  	0.32912  	0.47227  	293.370  	223.447  	
0.30542  	-0.1340  	-0.2988  	0.27729  	1.06248  	-0.9440  	-0.3877  	0.32456  	-0.0444  	-0.4264  	-0.2756  	1.00686  	0.01197  	0.20222  	-0.5538  	-0.0964  	0.37328  	-0.3558  	0.57591  	0.31048  	-0.1423  	0.86775  	-0.0286  	0.65954  	0.51808  	0.14305  	0.36382  	-0.7295  	-0.4117  	-0.1764  	-0.2086  	-0.0424  	0.00281  	-0.1589  	0.59426  	0.16017  	0.35215  	0.06409  	-0.4767  	-0.0230  	-0.0188  	0.16561  	-0.1658  	0.24289  	0.11973  	-0.0295  	0.00570  	0.01186  	0.03774  	-0.1344  	-0.1019  	-0.0739  	-0.0020  	-0.0254  	0.00213  	0.00625  	0.02450  	0.00461  	0.02801  	-0.0349  	-0.0355  	0.01718  	0.04641  	0.00800  	0.19591  	-0.0401  	-0.0029  	-0.0129  	0.02117  	0.32912  	0.47227  	293.370  	223.447  	
0.09323  	-0.1046  	-0.4342  	-0.0986  	0.89739  	-1.1653  	-0.3735  	0.19998  	-0.0612  	-0.3788  	-0.1370  	1.01737  	-0.0817  	-0.1018  	-0.8784  	-0.2271  	0.37245  	-0.2066  	0.56752  	0.34930  	-0.1962  	0.79193  	-0.0101  	0.62153  	0.43860  	0.16877  	0.24364  	-0.6037  	-0.3973  	-0.2185  	-0.1809  	-0.0867  	-0.0180  	-0.1567  	0.51435  	0.20962  	0.28171  	0.06895  	-0.4367  	-0.0295  	0.02156  	0.15248  	-0.1675  	0.22018  	0.10886  	-0.0385  	0.00386  	-0.0004  	0.02022  	-0.1334  	-0.0907  	-0.0724  	0.00220  	-0.0104  	-0.0078  	-0.0045  	0.03076  	0.00698  	0.01967  	-0.0395  	-0.0423  	0.01675  	0.04850  	-0.0063  	0.19591  	-0.0401  	-0.0029  	-0.0129  	0.02117  	0.32912  	0.47227  	293.370  	223.447  	
-0.0403  	-0.0907  	-0.4026  	-0.3302  	0.78930  	-1.1438  	-0.4391  	0.21522  	-0.0776  	-0.3840  	-0.0755  	0.87053  	-0.1562  	-0.2153  	-1.0542  	-0.2498  	0.38647  	-0.2569  	0.63441  	0.31003  	-0.1967  	0.76926  	0.02328  	0.59963  	0.46949  	0.16775  	0.30289  	-0.6097  	-0.3420  	-0.2276  	-0.1846  	-0.0739  	-0.0495  	-0.1642  	0.44932  	0.24780  	0.31186  	0.04815  	-0.4431  	-0.0247  	0.04767  	0.15390  	-0.1571  	0.23079  	0.11818  	-0.0282  	0.00019  	-0.0230  	0.02603  	-0.1409  	-0.0924  	-0.0715  	-0.0022  	-0.0128  	-0.0029  	0.00140  	0.02648  	0.01861  	0.03035  	-0.0366  	-0.0425  	0.00416  	0.03572  	-0.0086  	0.19591  	-0.0401  	-0.0029  	-0.0129  	0.02117  	0.32912  	0.47227  	293.370  	223.447  	
-0.1292  	-0.1236  	-0.3662  	-0.4608  	0.64227  	-1.1001  	-0.5023  	0.18474  	-0.1140  	-0.4246  	-0.0518  	0.72384  	-0.2114  	-0.3739  	-1.1271  	-0.2570  	0.45241  	-0.3007  	0.63314  	0.20442  	-0.1440  	0.77269  	0.15920  	0.58656  	0.51682  	0.17452  	0.35620  	-0.6883  	-0.3768  	-0.2404  	-0.2021  	-0.0435  	-0.0673  	-0.1884  	0.40745  	0.23598  	0.37822  	0.06585  	-0.4647  	-0.0358  	0.06281  	0.13274  	-0.1632  	0.24752  	0.12316  	-0.0262  	0.01255  	-0.0350  	0.00618  	-0.1258  	-0.1046  	-0.0725  	0.00663  	-0.0090  	-0.0038  	-0.0064  	0.02461  	0.01491  	0.03976  	-0.0277  	-0.0401  	0.00504  	0.04497  	0.00227  	0.19591  	-0.0401  	-0.0029  	-0.0129  	0.02117  	0.32912  	0.47227  	293.370  	223.447  	
-0.0819  	-0.1158  	-0.3188  	-0.5227  	0.54026  	-1.0286  	-0.4459  	0.19904  	-0.0678  	-0.4264  	-0.0986  	0.71565  	-0.2028  	-0.3508  	-1.1800  	-0.2050  	0.46146  	-0.2781  	0.62435  	0.24131  	-0.2314  	0.79774  	0.16163  	0.50990  	0.46562  	0.19908  	0.28159  	-0.6401  	-0.2855  	-0.2343  	-0.1627  	-0.0687  	-0.0652  	-0.1843  	0.28395  	0.26713  	0.31690  	0.07385  	-0.4273  	-0.0454  	0.16145  	0.12131  	-0.1128  	0.27509  	0.10693  	-0.0388  	0.01221  	-0.0036  	0.02929  	-0.1411  	-0.1082  	-0.0730  	0.00391  	-0.0126  	0.00511  	-0.0043  	0.02071  	0.01182  	0.03255  	-0.0317  	-0.0312  	0.01347  	0.04564  	0.00393  	0.19591  	-0.0401  	-0.0029  	-0.0129  	0.02117  	0.32912  	0.47227  	293.370  	223.447  	
-0.0338  	-0.1351  	-0.3305  	-0.3805  	0.66383  	-1.0646  	-0.4842  	0.24262  	-0.0952  	-0.4173  	-0.0431  	0.85747  	-0.1960  	-0.2676  	-1.1117  	-0.1427  	0.44664  	-0.2934  	0.63240  	0.23182  	-0.1981  	0.79757  	0.08398  	0.60100  	0.46555  	0.16865  	0.32782  	-0.6696  	-0.3646  	-0.2191  	-0.1542  	-0.0568  	-0.0515  	-0.1924  	0.40119  	0.25588  	0.35527  	0.06578  	-0.4700  	-0.0697  	0.11844  	0.12606  	-0.1303  	0.25916  	0.10275  	-0.0351  	0.02244  	-0.0017  	0.02824  	-0.1284  	-0.1057  	-0.0748  	0.00972  	-0.0101  	-0.0023  	-0.0078  	0.02130  	0.01226  	0.03135  	-0.0307  	-0.0375  	0.01019  	0.04532  	0.00107  	0.19591  	-0.0401  	-0.0029  	-0.0129  	0.02117  	0.32912  	0.47227  	293.370  	223.447  	
0.36597  	0.00380  	-0.1275  	-0.0278  	0.86359  	-0.8935  	-0.4815  	0.40366  	-0.0441  	-0.5720  	-0.1936  	0.91153  	-0.0375  	0.04326  	-0.7390  	-0.0452  	0.44259  	-0.3481  	0.61743  	0.20871  	-0.0254  	0.72840  	0.11731  	0.74550  	0.32805  	0.20627  	0.39358  	-0.7991  	-0.5195  	-0.2653  	-0.1626  	-0.0280  	0.03424  	-0.1950  	0.53325  	0.12277  	0.41543  	0.09748  	-0.4840  	-0.0702  	0.05292  	0.14586  	-0.1303  	0.26352  	0.09545  	-0.0278  	0.01144  	0.00420  	0.02325  	-0.1503  	-0.1127  	-0.0709  	-0.0046  	-0.0214  	-0.0098  	0.00076  	0.02237  	0.00774  	0.02981  	-0.0409  	-0.0261  	0.03023  	0.04685  	-0.0061  	0.19591  	-0.0401  	-0.0029  	-0.0129  	0.02117  	0.32912  	0.47227  	293.370  	223.447  	
0.64720  	0.08346  	0.04675  	-0.1774  	0.71771  	-0.7319  	-0.4459  	0.45534  	0.00655  	-0.5224  	-0.2890  	0.82587  	0.02441  	0.12132  	-0.6923  	-0.0937  	0.44690  	-0.3993  	0.66734  	0.06477  	-0.0299  	0.86231  	0.19768  	0.64259  	0.44751  	0.15191  	0.45899  	-0.8991  	-0.5046  	-0.2311  	-0.1742  	-0.0208  	-0.0021  	-0.2112  	0.54027  	0.13513  	0.48529  	0.11478  	-0.4755  	-0.0800  	0.04179  	0.11946  	-0.1135  	0.25971  	0.07868  	-0.0271  	-0.0023  	0.04406  	0.04109  	-0.1362  	-0.1036  	-0.0683  	0.01171  	-0.0208  	-0.0073  	0.01685  	0.00109  	0.00564  	0.02579  	-0.0275  	-0.0273  	0.01960  	0.04469  	-0.0082  	0.19591  	-0.0401  	-0.0029  	-0.0129  	0.02117  	0.32912  	0.47227  	293.370  	223.447  	
0.51654  	0.07362  	-0.0241  	-0.0922  	0.76409  	-0.8043  	-0.3833  	0.43266  	0.01839  	-0.4306  	-0.2199  	0.83266  	-0.0292  	0.16915  	-0.7676  	-0.1297  	0.42934  	-0.4466  	0.62332  	0.12597  	0.00453  	0.87631  	0.16102  	0.67062  	0.53503  	0.13276  	0.47433  	-0.9205  	-0.4921  	-0.2027  	-0.2043  	-0.0091  	0.00435  	-0.2153  	0.57592  	0.12775  	0.49870  	0.12233  	-0.4835  	-0.0182  	0.03362  	0.14352  	-0.1300  	0.29319  	0.08944  	-0.0201  	0.00014  	0.03094  	0.03420  	-0.1429  	-0.0900  	-0.0677  	0.00346  	-0.0204  	-0.0035  	0.01038  	0.00412  	0.00255  	0.03751  	-0.0277  	-0.0375  	0.02257  	0.03345  	-0.0021  	0.19591  	-0.0401  	-0.0029  	-0.0129  	0.02117  	0.32912  	0.47227  	293.370  	223.447  	
-0.1232  	-0.1182  	-0.3676  	-0.5381  	0.59981  	-1.0798  	-0.4693  	0.27199  	-0.0849  	-0.4016  	0.06257  	0.73536  	-0.1562  	-0.2360  	-1.0797  	-0.2028  	0.41205  	-0.3637  	0.59142  	0.21528  	-0.0056  	0.73316  	0.12105  	0.59891  	0.40213  	0.15993  	0.41761  	-0.8605  	-0.4647  	-0.2457  	-0.1895  	-0.0590  	-0.0466  	-0.1925  	0.52519  	0.18929  	0.47628  	0.11140  	-0.5297  	-0.0887  	0.08569  	0.14365  	-0.1677  	0.22901  	0.11622  	-0.0230  	0.01008  	-0.0265  	0.01246  	-0.1328  	-0.1127  	-0.0712  	-0.0034  	-0.0108  	-0.0058  	0.00614  	0.02103  	0.00915  	0.03089  	-0.0323  	-0.0311  	0.01695  	0.05103  	-0.0010  	0.19591  	-0.0401  	-0.0029  	-0.0129  	0.02117  	0.32912  	0.47227  	293.370  	223.447  	
-0.0959  	-0.1636  	-0.3090  	-0.5895  	0.53381  	-1.0823  	-0.4854  	0.17143  	-0.1188  	-0.4634  	0.07568  	0.66074  	-0.2342  	-0.3836  	-1.2132  	-0.1932  	0.48354  	-0.3249  	0.63849  	0.16543  	-0.0903  	0.79514  	0.18070  	0.62680  	0.49067  	0.19244  	0.39624  	-0.7664  	-0.4513  	-0.2399  	-0.1572  	-0.0499  	-0.0643  	-0.1972  	0.40186  	0.26187  	0.42978  	0.09210  	-0.5257  	-0.0851  	0.11382  	0.14406  	-0.1551  	0.24422  	0.11910  	-0.0340  	0.01031  	-0.0398  	0.00745  	-0.1333  	-0.1049  	-0.0738  	0.00214  	-0.0051  	-0.0024  	0.00135  	0.02220  	0.00908  	0.03155  	-0.0228  	-0.0397  	0.01004  	0.04594  	0.00271  	0.19591  	-0.0401  	-0.0029  	-0.0129  	0.02117  	0.32912  	0.47227  	293.370  	223.447  	
0.07728  	-0.1658  	-0.2914  	-0.2964  	0.69578  	-1.0488  	-0.4533  	0.18505  	-0.0932  	-0.4516  	-0.1731  	0.81034  	-0.1889  	-0.3974  	-1.1735  	-0.0412  	0.47625  	-0.2633  	0.61934  	0.22859  	-0.3083  	0.76058  	0.07413  	0.56351  	0.51138  	0.19591  	0.34815  	-0.5740  	-0.3287  	-0.2203  	-0.1795  	-0.0422  	-0.0614  	-0.1881  	0.39737  	0.30358  	0.30632  	0.06233  	-0.4613  	-0.0267  	0.11515  	0.12603  	-0.1295  	0.27234  	0.11446  	-0.0313  	0.01357  	-0.0034  	0.02791  	-0.1315  	-0.0907  	-0.0722  	0.00573  	-0.0165  	0.00944  	-0.0078  	0.02586  	0.01629  	0.02623  	-0.0351  	-0.0410  	0.01490  	0.05929  	0.00994  	0.19591  	-0.0401  	-0.0029  	-0.0129  	0.02117  	0.32912  	0.47227  	293.370  	223.447  	
0.18390  	-0.0913  	-0.1688  	-0.1813  	0.78939  	-1.0254  	-0.4481  	0.20181  	-0.0971  	-0.3290  	-0.0849  	0.88008  	-0.1786  	-0.3844  	-1.2127  	0.08349  	0.38950  	-0.2202  	0.61048  	0.30700  	-0.3331  	0.78014  	-0.0256  	0.53247  	0.52873  	0.18243  	0.25991  	-0.5665  	-0.3045  	-0.2275  	-0.2015  	-0.0456  	-0.0640  	-0.1848  	0.40522  	0.32980  	0.27315  	0.07036  	-0.4257  	-0.0235  	0.11471  	0.15238  	-0.1138  	0.25830  	0.10425  	-0.0258  	0.01321  	0.01882  	0.02639  	-0.1365  	-0.0875  	-0.0692  	0.01069  	-0.0185  	0.00827  	-0.0051  	0.02894  	0.00696  	0.03027  	-0.0321  	-0.0414  	-0.0001  	0.05000  	0.00362  	0.19591  	-0.0401  	-0.0029  	-0.0129  	0.02117  	0.32912  	0.47227  	293.370  	223.447  	
0.17219  	-0.1203  	-0.2133  	-0.2369  	0.76457  	-0.9658  	-0.4354  	0.18476  	-0.1090  	-0.3753  	-0.1072  	0.78387  	-0.1734  	-0.3863  	-1.2074  	0.06377  	0.39324  	-0.2579  	0.63866  	0.22538  	-0.2943  	0.79841  	-0.0121  	0.57117  	0.59507  	0.14786  	0.38805  	-0.5902  	-0.3184  	-0.1772  	-0.2238  	0.00272  	-0.0883  	-0.1895  	0.43545  	0.36607  	0.33390  	0.08563  	-0.4561  	-0.0355  	0.07730  	0.15038  	-0.1364  	0.26966  	0.11273  	-0.0352  	-0.0009  	0.00041  	0.03510  	-0.1468  	-0.0817  	-0.0679  	0.01161  	-0.0121  	0.00703  	0.00064  	0.02365  	0.00831  	0.03693  	-0.0320  	-0.0395  	-0.0029  	0.05207  	-0.0011  	0.19591  	-0.0401  	-0.0029  	-0.0129  	0.02117  	0.32912  	0.47227  	293.370  	223.447  	
0.03604  	-0.1697  	-0.3052  	-0.2453  	0.70101  	-0.9500  	-0.4744  	0.18649  	-0.1360  	-0.5334  	-0.2351  	0.70915  	-0.2164  	-0.3581  	-1.0558  	-0.1138  	0.50444  	-0.3321  	0.64733  	0.15346  	-0.2475  	0.76975  	0.08796  	0.67576  	0.60847  	0.15831  	0.49103  	-0.7008  	-0.3826  	-0.1953  	-0.2222  	0.01222  	-0.1022  	-0.2089  	0.45508  	0.32562  	0.39275  	0.10374  	-0.4943  	-0.0499  	0.07179  	0.15158  	-0.1406  	0.26841  	0.10372  	-0.0393  	0.00048  	-0.0220  	0.01931  	-0.1381  	-0.0906  	-0.0645  	0.00913  	-0.0155  	0.00561  	0.00025  	0.03203  	0.01305  	0.03624  	-0.0374  	-0.0405  	-0.0034  	0.05192  	0.00682  	0.19591  	-0.0401  	-0.0029  	-0.0129  	0.02117  	0.32912  	0.47227  	293.370  	223.447  	
0.18449  	-0.1176  	-0.2459  	-0.2609  	0.67188  	-0.8852  	-0.5002  	0.26735  	-0.0702  	-0.5335  	-0.2056  	0.73942  	-0.1452  	-0.2420  	-0.8931  	-0.1518  	0.48623  	-0.3690  	0.64376  	0.12425  	-0.0579  	0.83552  	0.17661  	0.65457  	0.48367  	0.18040  	0.47261  	-0.8857  	-0.5197  	-0.2292  	-0.1987  	0.00575  	-0.0516  	-0.2047  	0.52167  	0.20975  	0.47577  	0.12564  	-0.5380  	-0.0862  	0.05635  	0.16464  	-0.1480  	0.25470  	0.10301  	-0.0292  	0.01353  	-0.0195  	0.02366  	-0.1479  	-0.1121  	-0.0703  	0.00663  	-0.0122  	0.00049  	-0.0023  	0.01576  	0.00811  	0.03480  	-0.0350  	-0.0395  	0.00904  	0.05279  	0.00624  	0.19591  	-0.0401  	-0.0029  	-0.0129  	0.02117  	0.32912  	0.47227  	293.370  	223.447  	
0.35394  	0.00206  	-0.1597  	-0.1913  	0.67903  	-0.8278  	-0.4634  	0.39246  	-0.0111  	-0.5107  	-0.2184  	0.81488  	-0.0563  	-0.0249  	-0.8269  	-0.1343  	0.48455  	-0.3176  	0.64378  	0.14974  	-0.0759  	0.81205  	0.14083  	0.60024  	0.46588  	0.15497  	0.40189  	-0.7816  	-0.4358  	-0.2461  	-0.1834  	-0.0279  	-0.0040  	-0.2147  	0.50153  	0.17494  	0.39249  	0.08997  	-0.4756  	-0.0724  	0.07400  	0.13122  	-0.1235  	0.24084  	0.09497  	-0.0280  	0.00188  	-0.0038  	0.02624  	-0.1345  	-0.1050  	-0.0670  	0.00572  	-0.0142  	-0.0041  	0.00862  	0.01386  	0.01436  	0.03851  	-0.0270  	-0.0297  	0.02048  	0.04855  	-0.0058  	0.19591  	-0.0401  	-0.0029  	-0.0129  	0.02117  	0.32912  	0.47227  	293.370  	223.447  	
0.38706  	0.01620  	-0.1757  	-0.1857  	0.72739  	-0.8413  	-0.3987  	0.38223  	-0.0457  	-0.4924  	-0.2358  	0.74444  	-0.0396  	0.09351  	-0.7650  	-0.2314  	0.46131  	-0.3566  	0.59882  	0.13100  	-0.0731  	0.82850  	0.10647  	0.61318  	0.56148  	0.14117  	0.48038  	-0.8746  	-0.4615  	-0.2033  	-0.1949  	-0.0298  	-0.0167  	-0.2101  	0.53854  	0.16026  	0.43197  	0.09960  	-0.4803  	-0.0515  	0.06618  	0.13748  	-0.1308  	0.25800  	0.09311  	-0.0250  	-0.0037  	0.00616  	0.03903  	-0.1280  	-0.1063  	-0.0723  	0.00431  	-0.0119  	0.00423  	0.01128  	0.00929  	0.00965  	0.03664  	-0.0315  	-0.0329  	0.01924  	0.04158  	-0.0048  	0.19591  	-0.0401  	-0.0029  	-0.0129  	0.02117  	0.32912  	0.47227  	293.370  	223.447  	
0.09614  	-0.1082  	-0.2686  	-0.4056  	0.67195  	-0.9866  	-0.5043  	0.26758  	-0.0936  	-0.4957  	-0.0679  	0.71522  	-0.1394  	-0.2388  	-1.0396  	-0.1980  	0.46772  	-0.3595  	0.66378  	0.12025  	-0.0205  	0.80635  	0.15377  	0.64905  	0.44052  	0.17466  	0.46479  	-0.8476  	-0.5009  	-0.2535  	-0.1669  	-0.0171  	-0.0494  	-0.2280  	0.51832  	0.16027  	0.49726  	0.08358  	-0.5489  	-0.0681  	0.09098  	0.13859  	-0.1419  	0.25279  	0.11614  	-0.0328  	0.00314  	-0.0161  	0.01239  	-0.1417  	-0.1055  	-0.0726  	-0.0064  	-0.0170  	-0.0005  	0.01266  	0.02356  	0.00323  	0.03015  	-0.0222  	-0.0404  	0.01793  	0.04135  	-0.0008  	0.19591  	-0.0401  	-0.0029  	-0.0129  	0.02117  	0.32912  	0.47227  	293.370  	223.447  	
0.05438  	-0.1207  	-0.3009  	-0.4119  	0.60206  	-0.9312  	-0.4886  	0.20479  	-0.0992  	-0.4973  	-0.0525  	0.76992  	-0.2048  	-0.3378  	-1.1252  	-0.1454  	0.45403  	-0.3470  	0.63042  	0.15723  	-0.1470  	0.79890  	0.19922  	0.62114  	0.45740  	0.19307  	0.39875  	-0.7209  	-0.3890  	-0.2479  	-0.1868  	-0.0264  	-0.0440  	-0.1965  	0.42764  	0.25466  	0.39782  	0.07648  	-0.4930  	-0.0534  	0.12728  	0.15318  	-0.1296  	0.26628  	0.10975  	-0.0270  	0.01483  	-0.0180  	0.01620  	-0.1409  	-0.1106  	-0.0698  	0.00597  	-0.0157  	-0.0019  	-0.0056  	0.01838  	0.01535  	0.03645  	-0.0387  	-0.0366  	0.01390  	0.04693  	0.00137  	0.19591  	-0.0401  	-0.0029  	-0.0129  	0.02117  	0.32912  	0.47227  	293.370  	223.447  	
0.17514  	-0.0894  	-0.1947  	-0.3360  	0.67078  	-0.9622  	-0.4659  	0.25181  	-0.0646  	-0.3715  	-0.1061  	0.83335  	-0.1583  	-0.3245  	-1.2122  	0.00675  	0.39412  	-0.2765  	0.62098  	0.26402  	-0.2537  	0.77228  	0.06161  	0.55591  	0.43487  	0.18956  	0.29966  	-0.6234  	-0.3472  	-0.2447  	-0.1747  	-0.0373  	-0.0436  	-0.1892  	0.42811  	0.28875  	0.34702  	0.07101  	-0.4655  	-0.0287  	0.10734  	0.14220  	-0.1312  	0.26751  	0.10468  	-0.0297  	0.01128  	0.00746  	0.02982  	-0.1439  	-0.0926  	-0.0724  	0.01047  	-0.0218  	0.00339  	-0.0053  	0.02308  	0.00893  	0.03508  	-0.0355  	-0.0439  	0.00724  	0.04950  	0.00663  	0.19591  	-0.0401  	-0.0029  	-0.0129  	0.02117  	0.32912  	0.47227  	293.370  	223.447  	
0.35506  	-0.0647  	-0.1213  	-0.0823  	0.80398  	-0.8233  	-0.5102  	0.27119  	-0.0721  	-0.4543  	-0.1016  	0.87472  	-0.1342  	-0.1996  	-1.0861  	0.06084  	0.39761  	-0.3456  	0.64526  	0.26772  	-0.0917  	0.77904  	0.00449  	0.65750  	0.47967  	0.15315  	0.42662  	-0.7163  	-0.4627  	-0.2208  	-0.2299  	-0.0007  	-0.0432  	-0.2105  	0.55534  	0.24999  	0.41855  	0.09715  	-0.5072  	-0.0691  	0.03162  	0.16379  	-0.1409  	0.24556  	0.11187  	-0.0279  	0.00185  	0.00143  	0.03227  	-0.1433  	-0.0912  	-0.0753  	0.00803  	-0.0239  	-0.0047  	0.00820  	0.02051  	0.01474  	0.03344  	-0.0333  	-0.0422  	0.00354  	0.04840  	-0.0023  	0.19591  	-0.0401  	-0.0029  	-0.0129  	0.02117  	0.32912  	0.47227  	293.370  	223.447  	
0.38684  	0.02851  	-0.0785  	-0.0759  	0.72702  	-0.8083  	-0.4340  	0.36168  	-0.0265  	-0.4655  	-0.2457  	0.86131  	-0.0460  	0.00576  	-0.8438  	-0.0438  	0.44598  	-0.3459  	0.62713  	0.19385  	-0.1159  	0.83439  	0.07859  	0.60965  	0.54388  	0.14318  	0.40831  	-0.7813  	-0.4303  	-0.1859  	-0.1921  	-0.0237  	-0.0280  	-0.1995  	0.52367  	0.20362  	0.44598  	0.09913  	-0.4878  	-0.0874  	0.08312  	0.14711  	-0.1081  	0.24978  	0.09581  	-0.0345  	0.01245  	0.01654  	0.04006  	-0.1442  	-0.0993  	-0.0673  	0.00224  	-0.0119  	0.00049  	0.01255  	0.01154  	-0.0017  	0.03082  	-0.0294  	-0.0334  	0.01131  	0.04271  	-0.0082  	0.19591  	-0.0401  	-0.0029  	-0.0129  	0.02117  	0.32912  	0.47227  	293.370  	223.447  	
0.26725  	-0.0622  	-0.2175  	-0.0323  	0.87103  	-0.9151  	-0.4324  	0.33120  	-0.0638  	-0.5309  	-0.2089  	0.82522  	-0.0539  	0.04022  	-0.8556  	-0.1247  	0.43165  	-0.3957  	0.59958  	0.20731  	-0.0853  	0.83993  	0.02594  	0.72266  	0.64252  	0.13408  	0.50715  	-0.7619  	-0.4218  	-0.1666  	-0.2386  	-0.0396  	-0.0555  	-0.2072  	0.58488  	0.20814  	0.40653  	0.06940  	-0.4810  	-0.0414  	0.02266  	0.18131  	-0.1605  	0.24325  	0.10286  	-0.0333  	0.00414  	0.00520  	0.03521  	-0.1411  	-0.1012  	-0.0671  	0.00286  	-0.0126  	-0.0108  	0.00111  	0.02072  	0.00188  	0.03461  	-0.0341  	-0.0343  	0.01060  	0.04429  	-0.0074  	0.19591  	-0.0401  	-0.0029  	-0.0129  	0.02117  	0.32912  	0.47227  	293.370  	223.447  	
0.07173  	-0.1055  	-0.3378  	-0.2059  	0.77837  	-0.9999  	-0.4612  	0.24639  	-0.0828  	-0.5310  	-0.1742  	0.85955  	-0.1182  	-0.1661  	-0.9395  	-0.1623  	0.43236  	-0.3091  	0.60148  	0.23378  	-0.1670  	0.82287  	0.11839  	0.60196  	0.50424  	0.17733  	0.34648  	-0.6526  	-0.3193  	-0.1965  	-0.1992  	-0.0683  	-0.0235  	-0.1815  	0.43846  	0.21737  	0.33882  	0.06972  	-0.4559  	-0.0404  	0.07642  	0.14803  	-0.1602  	0.24847  	0.11264  	-0.0297  	0.01114  	-0.0022  	0.02035  	-0.1463  	-0.0929  	-0.0639  	0.00129  	-0.0180  	-0.0001  	0.00205  	0.02373  	0.00998  	0.04276  	-0.0286  	-0.0367  	0.00843  	0.04289  	-0.0012  	0.19591  	-0.0401  	-0.0029  	-0.0129  	0.02117  	0.32912  	0.47227  	293.370  	223.447  	
-0.0837  	-0.1284  	-0.3494  	-0.4110  	0.72424  	-1.1302  	-0.4497  	0.19539  	-0.1152  	-0.3936  	-0.2008  	0.83585  	-0.1077  	-0.1709  	-1.0938  	-0.2048  	0.39829  	-0.2278  	0.61223  	0.30364  	-0.3837  	0.80923  	0.06852  	0.53447  	0.51878  	0.18271  	0.25739  	-0.5015  	-0.2322  	-0.1972  	-0.1435  	-0.0926  	-0.0296  	-0.1762  	0.33778  	0.29124  	0.24173  	0.03139  	-0.4037  	-0.0173  	0.09625  	0.13794  	-0.1417  	0.26744  	0.10073  	-0.0398  	0.00890  	-0.0041  	0.02374  	-0.1385  	-0.1039  	-0.0689  	-0.0027  	-0.0170  	0.00011  	-0.0074  	0.02427  	0.01195  	0.04286  	-0.0248  	-0.0334  	0.01862  	0.04667  	0.00169  	0.19591  	-0.0401  	-0.0029  	-0.0129  	0.02117  	0.32912  	0.47227  	293.370  	223.447  	
-0.1924  	-0.2036  	-0.4508  	-0.4237  	0.67811  	-1.2669  	-0.4514  	0.17773  	-0.1147  	-0.3536  	-0.0248  	0.83011  	-0.0991  	-0.2024  	-1.1573  	-0.2901  	0.40411  	-0.2648  	0.56283  	0.33568  	-0.3011  	0.77099  	0.04261  	0.53584  	0.50034  	0.20811  	0.21875  	-0.5806  	-0.2817  	-0.2241  	-0.1329  	-0.1113  	-0.0251  	-0.1805  	0.40612  	0.28585  	0.24230  	0.04146  	-0.4076  	-0.0391  	0.08407  	0.15790  	-0.1324  	0.24283  	0.11359  	-0.0349  	0.01258  	-0.0030  	0.01718  	-0.1307  	-0.1052  	-0.0687  	-0.0040  	-0.0205  	-0.0016  	-0.0085  	0.02633  	0.01348  	0.02097  	-0.0338  	-0.0395  	0.00966  	0.05589  	0.00245  	0.19591  	-0.0401  	-0.0029  	-0.0129  	0.02117  	0.32912  	0.47227  	293.370  	223.447  	
-0.2133  	-0.1803  	-0.4791  	-0.4600  	0.62560  	-1.2540  	-0.5080  	0.24232  	-0.0950  	-0.3556  	0.01583  	0.84133  	-0.1346  	-0.2120  	-1.1081  	-0.2413  	0.47387  	-0.2910  	0.60523  	0.27207  	-0.1562  	0.79753  	0.11202  	0.53496  	0.42274  	0.19102  	0.27178  	-0.6438  	-0.3589  	-0.2248  	-0.1378  	-0.0786  	-0.0381  	-0.1789  	0.40033  	0.24828  	0.30546  	0.07423  	-0.4136  	-0.0703  	0.08518  	0.14877  	-0.1485  	0.21382  	0.10476  	-0.0233  	0.01593  	-0.0146  	0.01539  	-0.1306  	-0.1060  	-0.0709  	0.00294  	-0.0153  	-0.0025  	-0.0025  	0.01790  	0.01334  	0.03270  	-0.0333  	-0.0373  	0.01611  	0.04824  	0.00056  	0.19591  	-0.0401  	-0.0029  	-0.0129  	0.02117  	0.32912  	0.47227  	293.370  	223.447  	
-0.1980  	-0.1590  	-0.3897  	-0.6281  	0.55728  	-1.2305  	-0.4843  	0.26430  	-0.1103  	-0.3503  	0.05727  	0.74413  	-0.1785  	-0.2351  	-1.1926  	-0.2673  	0.46761  	-0.3047  	0.62858  	0.22738  	-0.1598  	0.79869  	0.12760  	0.57492  	0.46436  	0.18446  	0.29497  	-0.7192  	-0.3789  	-0.2570  	-0.1621  	-0.0758  	-0.0518  	-0.2040  	0.38005  	0.26013  	0.35095  	0.07479  	-0.4300  	-0.0900  	0.10616  	0.14614  	-0.1633  	0.23590  	0.10672  	-0.0231  	0.00902  	-0.0113  	0.01799  	-0.1338  	-0.1090  	-0.0700  	0.00648  	-0.0208  	-0.0028  	-0.0049  	0.01827  	0.01353  	0.03669  	-0.0357  	-0.0333  	0.01646  	0.04442  	0.00178  	0.19591  	-0.0401  	-0.0029  	-0.0129  	0.02117  	0.32912  	0.47227  	293.370  	223.447  	
-0.0062  	-0.1136  	-0.3334  	-0.4146  	0.63041  	-1.0742  	-0.4745  	0.28651  	-0.0616  	-0.4530  	-0.0640  	0.85208  	-0.0975  	-0.1523  	-1.0144  	-0.2349  	0.45280  	-0.3202  	0.59602  	0.26858  	-0.0911  	0.76932  	0.12630  	0.62845  	0.42824  	0.21269  	0.37386  	-0.7435  	-0.4520  	-0.2788  	-0.1513  	-0.0798  	-0.0105  	-0.2038  	0.43597  	0.18260  	0.35839  	0.06347  	-0.4532  	-0.0267  	0.08773  	0.14237  	-0.1408  	0.24420  	0.10715  	-0.0338  	0.01273  	-0.0107  	0.00465  	-0.1206  	-0.1004  	-0.0728  	-0.0034  	-0.0169  	-0.0134  	0.00181  	0.02108  	-0.0011  	0.03152  	-0.0310  	-0.0342  	0.01763  	0.04251  	-0.0017  	0.19591  	-0.0401  	-0.0029  	-0.0129  	0.02117  	0.32912  	0.47227  	293.370  	223.447  	
0.43105  	0.01482  	-0.0722  	-0.1575  	0.72298  	-0.7741  	-0.4615  	0.41073  	-0.0011  	-0.5106  	-0.3230  	0.80337  	0.01849  	0.05287  	-0.7216  	-0.1661  	0.48257  	-0.3756  	0.61193  	0.14464  	-0.0898  	0.84767  	0.17187  	0.61095  	0.43520  	0.16873  	0.39151  	-0.8219  	-0.4780  	-0.2215  	-0.1520  	-0.0477  	0.00663  	-0.1918  	0.48574  	0.12723  	0.44414  	0.08708  	-0.4701  	-0.0485  	0.07783  	0.12391  	-0.1059  	0.26473  	0.08641  	-0.0343  	0.00667  	0.00715  	0.03619  	-0.1437  	-0.1090  	-0.0693  	0.00199  	-0.0098  	-0.0038  	0.01608  	0.00136  	-0.0010  	0.03148  	-0.0254  	-0.0267  	0.02642  	0.04250  	0.00062  	0.19591  	-0.0401  	-0.0029  	-0.0129  	0.02117  	0.32912  	0.47227  	293.370  	223.447  	
0.40953  	-0.0075  	-0.0591  	-0.2614  	0.61556  	-0.8504  	-0.4474  	0.36307  	-0.0145  	-0.4435  	-0.2353  	0.79745  	-0.0535  	-0.0571  	-0.9588  	-0.0995  	0.42745  	-0.3290  	0.63155  	0.16596  	-0.1043  	0.84927  	0.14220  	0.59470  	0.48127  	0.15949  	0.31538  	-0.7709  	-0.4298  	-0.2273  	-0.1695  	-0.0330  	-0.0027  	-0.1972  	0.45106  	0.17384  	0.37994  	0.10119  	-0.4693  	-0.0538  	0.10778  	0.12775  	-0.0980  	0.26086  	0.09096  	-0.0282  	0.00578  	0.01946  	0.03232  	-0.1569  	-0.0953  	-0.0693  	0.00702  	-0.0201  	-0.0127  	0.00816  	0.01731  	0.00940  	0.03668  	-0.0353  	-0.0376  	0.01357  	0.05086  	-0.0012  	0.19591  	-0.0401  	-0.0029  	-0.0129  	0.02117  	0.32912  	0.47227  	293.370  	223.447  	
0.19609  	-0.0540  	-0.1838  	-0.2943  	0.71365  	-0.9575  	-0.4253  	0.33351  	-0.0750  	-0.4194  	-0.1318  	0.64116  	-0.0620  	-0.0359  	-0.9757  	-0.2126  	0.44888  	-0.4076  	0.64145  	0.13636  	-0.0435  	0.84447  	0.10078  	0.68852  	0.62673  	0.12996  	0.56933  	-0.9342  	-0.5199  	-0.2252  	-0.2027  	-0.0346  	-0.0446  	-0.1965  	0.55949  	0.20281  	0.47486  	0.12725  	-0.5390  	-0.0386  	0.05508  	0.15951  	-0.1443  	0.23749  	0.10224  	-0.0357  	0.01233  	0.00450  	0.02719  	-0.1491  	-0.1129  	-0.0663  	-0.0107  	-0.0138  	-0.0086  	-0.0057  	0.01587  	0.00417  	0.03000  	-0.0357  	-0.0286  	0.00414  	0.05172  	-0.0172  	0.19591  	-0.0401  	-0.0029  	-0.0129  	0.02117  	0.32912  	0.47227  	293.370  	223.447  	
-0.1284  	-0.1698  	-0.3921  	-0.4421  	0.66648  	-1.1028  	-0.4993  	0.24240  	-0.1137  	-0.4244  	-0.0098  	0.79170  	-0.1590  	-0.2519  	-1.0583  	-0.2115  	0.45361  	-0.3337  	0.63005  	0.16818  	-0.0958  	0.76670  	0.14362  	0.64495  	0.47054  	0.18208  	0.41861  	-0.7589  	-0.4121  	-0.2211  	-0.1870  	-0.0478  	-0.0420  	-0.1967  	0.47728  	0.20857  	0.35165  	0.05306  	-0.4883  	-0.0284  	0.03132  	0.16016  	-0.1831  	0.24147  	0.12622  	-0.0269  	0.00568  	-0.0327  	0.01106  	-0.1220  	-0.0993  	-0.0747  	0.00037  	-0.0140  	-0.0026  	-0.0049  	0.01943  	0.00670  	0.03807  	-0.0268  	-0.0345  	0.01111  	0.05305  	0.00298  	0.19591  	-0.0401  	-0.0029  	-0.0129  	0.02117  	0.32912  	0.47227  	293.370  	223.447  	
0.16113  	-0.0654  	-0.3064  	-0.1819  	0.78093  	-1.0015  	-0.4768  	0.26650  	-0.0573  	-0.5101  	-0.2440  	0.87973  	-0.1066  	-0.0926  	-0.8569  	-0.1954  	0.44542  	-0.3111  	0.61449  	0.20234  	-0.1972  	0.80655  	0.10847  	0.55889  	0.48594  	0.18431  	0.31551  	-0.6308  	-0.2901  	-0.1928  	-0.1795  	-0.0772  	-0.0402  	-0.1769  	0.44998  	0.19302  	0.31562  	0.06256  	-0.4667  	-0.0405  	0.07448  	0.12009  	-0.1330  	0.25427  	0.10083  	-0.0348  	0.02243  	-0.0096  	0.03132  	-0.1326  	-0.0944  	-0.0751  	0.00058  	-0.0190  	0.00266  	-0.0012  	0.02385  	0.00756  	0.03780  	-0.0320  	-0.0407  	0.01739  	0.04873  	0.00278  	0.19591  	-0.0401  	-0.0029  	-0.0129  	0.02117  	0.32912  	0.47227  	293.370  	223.447  	
0.14397  	-0.0470  	-0.2793  	-0.1886  	0.79195  	-1.0036  	-0.4732  	0.25671  	-0.0582  	-0.4761  	-0.2711  	0.87838  	-0.1161  	-0.1115  	-0.9474  	-0.1562  	0.43826  	-0.2755  	0.65567  	0.23161  	-0.2380  	0.77704  	0.06657  	0.52215  	0.49580  	0.18773  	0.29289  	-0.6333  	-0.2960  	-0.2031  	-0.2012  	-0.0774  	-0.0285  	-0.1719  	0.44324  	0.21184  	0.30847  	0.06687  	-0.4377  	-0.0356  	0.09433  	0.14023  	-0.1135  	0.25313  	0.11882  	-0.0358  	0.02008  	-0.0117  	0.03346  	-0.1370  	-0.1004  	-0.0750  	-0.0012  	-0.0189  	0.00050  	-0.0011  	0.02531  	0.01064  	0.03643  	-0.0358  	-0.0386  	0.01775  	0.04889  	0.00098  	0.19591  	-0.0401  	-0.0029  	-0.0129  	0.02117  	0.32912  	0.47227  	293.370  	223.447  	
0.08372  	-0.0735  	-0.2903  	-0.1994  	0.79844  	-0.9524  	-0.4825  	0.24920  	-0.0535  	-0.4408  	-0.1845  	0.88060  	-0.1641  	-0.2058  	-1.0255  	-0.1371  	0.41312  	-0.2877  	0.62806  	0.23106  	-0.1753  	0.79007  	0.07984  	0.54058  	0.45191  	0.18722  	0.26781  	-0.6410  	-0.3357  	-0.2166  	-0.1779  	-0.0674  	-0.0304  	-0.1712  	0.42717  	0.21482  	0.32211  	0.07937  	-0.4489  	-0.0349  	0.11776  	0.13273  	-0.1269  	0.26585  	0.09869  	-0.0353  	0.01193  	-0.0101  	0.02477  	-0.1498  	-0.0979  	-0.0714  	0.00463  	-0.0187  	-0.0032  	-0.0048  	0.02832  	0.01886  	0.03255  	-0.0379  	-0.0387  	0.01075  	0.05838  	0.00136  	0.19591  	-0.0401  	-0.0029  	-0.0129  	0.02117  	0.32912  	0.47227  	293.370  	223.447  	
-0.0119  	-0.1442  	-0.2808  	-0.4543  	0.57514  	-0.9906  	-0.4792  	0.20508  	-0.0681  	-0.4230  	-0.0867  	0.73806  	-0.1988  	-0.3474  	-1.2178  	-0.1678  	0.45215  	-0.2773  	0.63183  	0.21767  	-0.2008  	0.78757  	0.15302  	0.54593  	0.47676  	0.19721  	0.30870  	-0.6717  	-0.3492  	-0.2377  	-0.1673  	-0.0584  	-0.0781  	-0.1830  	0.34585  	0.27059  	0.34906  	0.09089  	-0.4564  	-0.0552  	0.15731  	0.12703  	-0.1124  	0.26667  	0.10236  	-0.0362  	0.01043  	-0.0036  	0.01848  	-0.1281  	-0.1015  	-0.0698  	0.01212  	-0.0141  	0.00082  	-0.0088  	0.02373  	0.01540  	0.03226  	-0.0377  	-0.0409  	0.01486  	0.05018  	0.00572  	0.19591  	-0.0401  	-0.0029  	-0.0129  	0.02117  	0.32912  	0.47227  	293.370  	223.447  	
-0.1000  	-0.1300  	-0.3015  	-0.5333  	0.53649  	-1.0715  	-0.4484  	0.16863  	-0.0832  	-0.4055  	-0.0412  	0.70126  	-0.2114  	-0.3718  	-1.2467  	-0.2038  	0.45888  	-0.2921  	0.62184  	0.20117  	-0.2371  	0.80000  	0.14488  	0.51220  	0.49264  	0.19228  	0.31479  	-0.6747  	-0.3294  	-0.2492  	-0.1649  	-0.0643  	-0.0705  	-0.1848  	0.32291  	0.28570  	0.35923  	0.09180  	-0.4541  	-0.0881  	0.18217  	0.12669  	-0.1082  	0.27177  	0.11202  	-0.0366  	0.00987  	-0.0093  	0.02015  	-0.1318  	-0.1005  	-0.0727  	0.00846  	-0.0106  	0.00379  	-0.0019  	0.02071  	0.01612  	0.03751  	-0.0288  	-0.0363  	0.01527  	0.04939  	0.00564  	0.19591  	-0.0401  	-0.0029  	-0.0129  	0.02117  	0.32912  	0.47227  	293.370  	223.447  	
-0.1958  	-0.1569  	-0.3616  	-0.6196  	0.49563  	-1.0978  	-0.4913  	0.13438  	-0.1031  	-0.3954  	-0.0153  	0.68954  	-0.2611  	-0.4523  	-1.2866  	-0.1992  	0.46432  	-0.2804  	0.63808  	0.19600  	-0.2514  	0.75129  	0.20120  	0.49844  	0.47724  	0.21057  	0.28980  	-0.6649  	-0.3243  	-0.2580  	-0.1586  	-0.0553  	-0.0810  	-0.1834  	0.30983  	0.29382  	0.36008  	0.09436  	-0.4576  	-0.0902  	0.17744  	0.12541  	-0.1194  	0.27912  	0.10656  	-0.0313  	0.01088  	-0.0130  	0.01517  	-0.1391  	-0.1062  	-0.0648  	0.00833  	-0.0115  	0.00337  	-0.0046  	0.02189  	0.01345  	0.03890  	-0.0329  	-0.0320  	0.01224  	0.05292  	0.00546  	0.19591  	-0.0401  	-0.0029  	-0.0129  	0.02117  	0.32912  	0.47227  	293.370  	223.447  	
-0.2320  	-0.1591  	-0.3820  	-0.6111  	0.50646  	-1.1313  	-0.4817  	0.15437  	-0.1083  	-0.3779  	-0.0207  	0.71203  	-0.2232  	-0.4467  	-1.2599  	-0.1945  	0.44309  	-0.2837  	0.63081  	0.20223  	-0.3048  	0.77659  	0.20557  	0.49185  	0.46025  	0.21898  	0.26393  	-0.6345  	-0.2914  	-0.2498  	-0.1492  	-0.0567  	-0.0640  	-0.1830  	0.29275  	0.28601  	0.33172  	0.08578  	-0.4450  	-0.0747  	0.17503  	0.12741  	-0.1124  	0.28810  	0.10608  	-0.0377  	0.01333  	-0.0086  	0.02050  	-0.1384  	-0.1065  	-0.0658  	0.00357  	-0.0157  	0.00711  	-0.0064  	0.02078  	0.01182  	0.03759  	-0.0342  	-0.0316  	0.01498  	0.05214  	0.00931  	0.19591  	-0.0401  	-0.0029  	-0.0129  	0.02117  	0.32912  	0.47227  	293.370  	223.447  	
-0.2155  	-0.1763  	-0.3796  	-0.5296  	0.55425  	-1.1208  	-0.4770  	0.15088  	-0.1055  	-0.3782  	-0.0884  	0.75380  	-0.1851  	-0.4286  	-1.2314  	-0.1861  	0.45483  	-0.2797  	0.61227  	0.21859  	-0.3564  	0.77964  	0.19383  	0.47357  	0.43666  	0.22356  	0.22603  	-0.5909  	-0.2541  	-0.2510  	-0.1394  	-0.0617  	-0.0607  	-0.1754  	0.27772  	0.27607  	0.26787  	0.07517  	-0.4208  	-0.0593  	0.18818  	0.12084  	-0.1020  	0.28740  	0.10445  	-0.0375  	0.01053  	0.00118  	0.02516  	-0.1413  	-0.1043  	-0.0654  	0.00144  	-0.0201  	0.00781  	-0.0087  	0.01883  	0.01248  	0.03514  	-0.0374  	-0.0306  	0.01652  	0.05119  	0.00920  	0.19591  	-0.0401  	-0.0029  	-0.0129  	0.02117  	0.32912  	0.47227  	293.370  	223.447  	
-0.1501  	-0.1622  	-0.3322  	-0.4708  	0.58539  	-1.1010  	-0.4807  	0.19492  	-0.0893  	-0.3815  	-0.1163  	0.78931  	-0.1599  	-0.3671  	-1.1873  	-0.1561  	0.45973  	-0.2740  	0.59590  	0.22408  	-0.3392  	0.78870  	0.19501  	0.48426  	0.39279  	0.23082  	0.19141  	-0.5917  	-0.2698  	-0.2723  	-0.1209  	-0.0648  	-0.0416  	-0.1678  	0.29319  	0.24061  	0.26544  	0.08081  	-0.4172  	-0.0628  	0.19769  	0.11720  	-0.1055  	0.28328  	0.09412  	-0.0363  	0.00779  	0.00458  	0.01950  	-0.1351  	-0.1104  	-0.0633  	0.00241  	-0.0204  	0.00450  	-0.0098  	0.01356  	0.00838  	0.03329  	-0.0394  	-0.0289  	0.02225  	0.05299  	0.00734  	0.19591  	-0.0401  	-0.0029  	-0.0129  	0.02117  	0.32912  	0.47227  	293.370  	223.447  	
0.09552  	-0.0667  	-0.2684  	-0.3109  	0.67037  	-1.0092  	-0.4699  	0.28741  	-0.0395  	-0.4326  	-0.1311  	0.85619  	-0.1181  	-0.2061  	-1.0408  	-0.1151  	0.44643  	-0.3265  	0.58824  	0.24086  	-0.2007  	0.80226  	0.18768  	0.53738  	0.36570  	0.21909  	0.22824  	-0.6850  	-0.3665  	-0.2743  	-0.1394  	-0.0705  	-0.0002  	-0.1750  	0.38414  	0.18934  	0.33528  	0.09282  	-0.4628  	-0.0590  	0.15577  	0.12041  	-0.1184  	0.26512  	0.09171  	-0.0309  	0.01867  	0.00668  	0.01210  	-0.1337  	-0.1215  	-0.0698  	0.00484  	-0.0173  	-0.0054  	-0.0051  	0.01134  	0.00442  	0.02444  	-0.0415  	-0.0289  	0.01978  	0.04900  	0.00261  	0.19591  	-0.0401  	-0.0029  	-0.0129  	0.02117  	0.32912  	0.47227  	293.370  	223.447  	
0.38605  	0.05241  	-0.0789  	-0.1794  	0.68210  	-0.8664  	-0.4551  	0.40694  	0.01205  	-0.5311  	-0.0512  	0.85227  	-0.0807  	0.00454  	-0.8895  	-0.0454  	0.44372  	-0.3637  	0.60747  	0.14834  	0.03714  	0.79657  	0.18061  	0.61656  	0.36110  	0.17606  	0.35152  	-0.8774  	-0.5391  	-0.2617  	-0.1643  	-0.0303  	0.00956  	-0.1855  	0.53349  	0.10329  	0.47608  	0.14593  	-0.5275  	-0.0944  	0.09500  	0.12720  	-0.1300  	0.24551  	0.09069  	-0.0266  	0.01466  	0.00213  	0.01908  	-0.1233  	-0.1114  	-0.0671  	0.00909  	-0.0135  	-0.0024  	0.00143  	0.00458  	0.01281  	0.03030  	-0.0407  	-0.0318  	0.02362  	0.04726  	-0.0033  	0.19591  	-0.0401  	-0.0029  	-0.0129  	0.02117  	0.32912  	0.47227  	293.370  	223.447  	
0.49389  	0.07961  	-0.0233  	-0.1075  	0.65729  	-0.7769  	-0.4593  	0.47574  	0.04588  	-0.5974  	-0.0284  	0.86179  	-0.0901  	0.06971  	-0.7660  	-0.0291  	0.44717  	-0.4239  	0.60579  	0.09547  	0.16336  	0.81913  	0.21934  	0.67269  	0.35614  	0.15761  	0.44885  	-0.9837  	-0.6520  	-0.2661  	-0.1886  	-0.0018  	0.01241  	-0.1978  	0.61022  	0.05334  	0.57133  	0.16693  	-0.5677  	-0.1409  	0.05931  	0.13087  	-0.1362  	0.24917  	0.09492  	-0.0287  	0.01008  	-0.0046  	0.02572  	-0.1265  	-0.1178  	-0.0687  	0.00994  	-0.0089  	-0.0057  	0.01079  	0.00641  	0.00944  	0.02809  	-0.0337  	-0.0293  	0.02394  	0.04167  	-0.0041  	0.19591  	-0.0401  	-0.0029  	-0.0129  	0.02117  	0.32912  	0.47227  	293.370  	223.447  	
0.56057  	0.07677  	0.00587  	-0.0844  	0.66268  	-0.7204  	-0.4513  	0.50525  	0.05960  	-0.6223  	-0.0292  	0.86933  	-0.0845  	0.09986  	-0.7052  	-0.0008  	0.47101  	-0.4485  	0.61252  	0.06758  	0.19042  	0.83714  	0.24062  	0.72219  	0.38190  	0.15039  	0.51560  	-1.0332  	-0.6959  	-0.2555  	-0.1933  	0.01173  	0.00579  	-0.2003  	0.63800  	0.04665  	0.62131  	0.17823  	-0.5687  	-0.1431  	0.02284  	0.14032  	-0.1360  	0.24606  	0.09432  	-0.0287  	0.00562  	0.00424  	0.03111  	-0.1333  	-0.1168  	-0.0648  	0.00885  	-0.0065  	-0.0041  	0.01629  	0.00572  	0.00959  	0.02797  	-0.0267  	-0.0301  	0.02041  	0.04551  	0.00030  	0.19591  	-0.0401  	-0.0029  	-0.0129  	0.02117  	0.32912  	0.47227  	293.370  	223.447  	
0.56021  	0.07378  	0.00331  	-0.0797  	0.66674  	-0.7166  	-0.4505  	0.50584  	0.05863  	-0.6208  	-0.0296  	0.86825  	-0.0844  	0.09603  	-0.7048  	-0.0006  	0.47372  	-0.4484  	0.61160  	0.07002  	0.18712  	0.83485  	0.24010  	0.72437  	0.38250  	0.15011  	0.51655  	-1.0320  	-0.6957  	-0.2549  	-0.1941  	0.01211  	0.00471  	-0.2004  	0.63722  	0.04709  	0.61942  	0.17881  	-0.5672  	-0.1437  	0.01994  	0.14022  	-0.1362  	0.24601  	0.09455  	-0.0280  	0.00523  	0.00377  	0.03084  	-0.1340  	-0.1166  	-0.0645  	0.00873  	-0.0071  	-0.0039  	0.01571  	0.00610  	0.00978  	0.02763  	-0.0275  	-0.0302  	0.02024  	0.04591  	0.00058  	0.19591  	-0.0401  	-0.0029  	-0.0129  	0.02117  	0.32912  	0.47227  	293.370  	223.447  	
0.56021  	0.07378  	0.00331  	-0.0797  	0.66674  	-0.7166  	-0.4505  	0.50584  	0.05863  	-0.6208  	-0.0296  	0.86825  	-0.0844  	0.09603  	-0.7048  	-0.0006  	0.47372  	-0.4484  	0.61160  	0.07002  	0.18712  	0.83485  	0.24010  	0.72437  	0.38250  	0.15011  	0.51655  	-1.0320  	-0.6957  	-0.2549  	-0.1941  	0.01211  	0.00471  	-0.2004  	0.63722  	0.04709  	0.61942  	0.17881  	-0.5672  	-0.1437  	0.01994  	0.14022  	-0.1362  	0.24601  	0.09455  	-0.0280  	0.00523  	0.00377  	0.03084  	-0.1340  	-0.1166  	-0.0645  	0.00873  	-0.0071  	-0.0039  	0.01571  	0.00610  	0.00978  	0.02763  	-0.0275  	-0.0302  	0.02024  	0.04591  	0.00058  	0.19591  	-0.0401  	-0.0029  	-0.0129  	0.02117  	0.32912  	0.47227  	293.370  	223.447  	
0.56307  	0.08966  	0.04403  	-0.0582  	0.67479  	-0.7445  	-0.4852  	0.56615  	0.03770  	-0.6473  	-0.0133  	0.88598  	-0.0354  	0.04371  	-0.6443  	-0.0615  	0.56729  	-0.6162  	0.68433  	-0.1958  	0.25956  	0.60553  	-0.0147  	0.72697  	0.31337  	0.25200  	0.51326  	-1.1261  	-0.6148  	-0.2754  	-0.0762  	-0.0371  	-0.0905  	-0.3656  	0.57188  	0.01851  	0.53147  	0.17692  	-0.6844  	-0.2284  	0.09574  	0.27265  	-0.2545  	0.32550  	0.03508  	-0.0075  	-0.0188  	0.02275  	0.01516  	-0.1461  	-0.1104  	-0.0596  	0.01005  	0.00971  	0.00229  	0.01428  	0.00354  	-0.0016  	0.02827  	-0.0187  	-0.0255  	0.01702  	0.02955  	0.00111  	0.19591  	-0.0401  	-0.0029  	-0.0129  	0.02117  	0.32912  	0.47227  	293.370  	223.447  	
0.56536  	0.10236  	0.07661  	-0.0410  	0.68123  	-0.7668  	-0.5129  	0.61440  	0.02097  	-0.6686  	-0.0003  	0.90017  	0.00382  	0.00185  	-0.5959  	-0.1103  	0.64214  	-0.7504  	0.74252  	-0.4085  	0.31751  	0.42208  	-0.2186  	0.72905  	0.25807  	0.33350  	0.51062  	-1.2014  	-0.5501  	-0.2918  	0.01807  	-0.0766  	-0.1667  	-0.4978  	0.51961  	-0.0043  	0.46112  	0.17540  	-0.7781  	-0.2961  	0.15637  	0.37860  	-0.3491  	0.38910  	-0.0124  	0.00891  	-0.0381  	0.03794  	0.00262  	-0.1557  	-0.1054  	-0.0557  	0.01110  	0.02318  	0.00730  	0.01315  	0.00150  	-0.0107  	0.02878  	-0.0116  	-0.0217  	0.01444  	0.01646  	0.00153  	0.19591  	-0.0401  	-0.0029  	-0.0129  	0.02117  	0.32912  	0.47227  	293.370  	223.447  	
0.56593  	0.10553  	0.08475  	-0.0367  	0.68284  	-0.7724  	-0.5198  	0.62646  	0.01678  	-0.6739  	0.00294  	0.90372  	0.01363  	-0.0086  	-0.5838  	-0.1225  	0.66085  	-0.7840  	0.75706  	-0.4617  	0.33200  	0.37622  	-0.2696  	0.72957  	0.24424  	0.35388  	0.50996  	-1.2202  	-0.5339  	-0.2958  	0.04165  	-0.0864  	-0.1857  	-0.5308  	0.50655  	-0.0100  	0.44353  	0.17503  	-0.8016  	-0.3130  	0.17153  	0.40509  	-0.3727  	0.40499  	-0.0243  	0.01302  	-0.0429  	0.04174  	-0.0005  	-0.1581  	-0.1042  	-0.0547  	0.01137  	0.02655  	0.00856  	0.01286  	0.00098  	-0.0130  	0.02890  	-0.0099  	-0.0208  	0.01379  	0.01319  	0.00164  	0.19591  	-0.0401  	-0.0029  	-0.0129  	0.02117  	0.32912  	0.47227  	293.370  	223.447  	
0.56536  	0.10236  	0.07661  	-0.0410  	0.68123  	-0.7668  	-0.5129  	0.61440  	0.02097  	-0.6686  	-0.0003  	0.90017  	0.00382  	0.00185  	-0.5959  	-0.1103  	0.64214  	-0.7504  	0.74252  	-0.4085  	0.31751  	0.42208  	-0.2186  	0.72905  	0.25807  	0.33350  	0.51062  	-1.2014  	-0.5501  	-0.2918  	0.01807  	-0.0766  	-0.1667  	-0.4978  	0.51961  	-0.0043  	0.46112  	0.17540  	-0.7781  	-0.2961  	0.15637  	0.37860  	-0.3491  	0.38910  	-0.0124  	0.00891  	-0.0381  	0.03794  	0.00262  	-0.1557  	-0.1054  	-0.0557  	0.01110  	0.02318  	0.00730  	0.01315  	0.00150  	-0.0107  	0.02878  	-0.0116  	-0.0217  	0.01444  	0.01646  	0.00153  	0.19591  	-0.0401  	-0.0029  	-0.0129  	0.02117  	0.32912  	0.47227  	293.370  	223.447  	
0.56307  	0.08966  	0.04403  	-0.0582  	0.67479  	-0.7445  	-0.4852  	0.56615  	0.03770  	-0.6473  	-0.0133  	0.88598  	-0.0354  	0.04371  	-0.6443  	-0.0615  	0.56729  	-0.6162  	0.68433  	-0.1958  	0.25956  	0.60553  	-0.0147  	0.72697  	0.31337  	0.25200  	0.51326  	-1.1261  	-0.6148  	-0.2754  	-0.0762  	-0.0371  	-0.0905  	-0.3656  	0.57188  	0.01851  	0.53147  	0.17692  	-0.6844  	-0.2284  	0.09574  	0.27265  	-0.2545  	0.32550  	0.03508  	-0.0075  	-0.0188  	0.02275  	0.01516  	-0.1461  	-0.1104  	-0.0596  	0.01005  	0.00971  	0.00229  	0.01428  	0.00354  	-0.0016  	0.02827  	-0.0187  	-0.0255  	0.01702  	0.02955  	0.00111  	0.19591  	-0.0401  	-0.0029  	-0.0129  	0.02117  	0.32912  	0.47227  	293.370  	223.447  	
0.56021  	0.07378  	0.00331  	-0.0797  	0.66674  	-0.7166  	-0.4505  	0.50584  	0.05863  	-0.6208  	-0.0296  	0.86825  	-0.0844  	0.09603  	-0.7048  	-0.0006  	0.47372  	-0.4484  	0.61160  	0.07002  	0.18712  	0.83485  	0.24010  	0.72437  	0.38250  	0.15011  	0.51655  	-1.0320  	-0.6957  	-0.2549  	-0.1941  	0.01211  	0.00471  	-0.2004  	0.63722  	0.04709  	0.61942  	0.17881  	-0.5672  	-0.1437  	0.01994  	0.14022  	-0.1362  	0.24601  	0.09455  	-0.0280  	0.00523  	0.00377  	0.03084  	-0.1340  	-0.1166  	-0.0645  	0.00873  	-0.0071  	-0.0039  	0.01571  	0.00610  	0.00978  	0.02763  	-0.0275  	-0.0302  	0.02024  	0.04591  	0.00058  	0.19591  	-0.0401  	-0.0029  	-0.0129  	0.02117  	0.32912  	0.47227  	293.370  	223.447  	
0.56021  	0.07378  	0.00331  	-0.0797  	0.66674  	-0.7166  	-0.4505  	0.50584  	0.05863  	-0.6208  	-0.0296  	0.86825  	-0.0844  	0.09603  	-0.7048  	-0.0006  	0.47372  	-0.4484  	0.61160  	0.07002  	0.18712  	0.83485  	0.24010  	0.72437  	0.38250  	0.15011  	0.51655  	-1.0320  	-0.6957  	-0.2549  	-0.1941  	0.01211  	0.00471  	-0.2004  	0.63722  	0.04709  	0.61942  	0.17881  	-0.5672  	-0.1437  	0.01994  	0.14022  	-0.1362  	0.24601  	0.09455  	-0.0280  	0.00523  	0.00377  	0.03084  	-0.1340  	-0.1166  	-0.0645  	0.00873  	-0.0071  	-0.0039  	0.01571  	0.00610  	0.00978  	0.02763  	-0.0275  	-0.0302  	0.02024  	0.04591  	0.00058  	0.19591  	-0.0401  	-0.0029  	-0.0129  	0.02117  	0.32912  	0.47227  	293.370  	223.447  	
0.56021  	0.07378  	0.00331  	-0.0797  	0.66674  	-0.7166  	-0.4505  	0.50584  	0.05863  	-0.6208  	-0.0296  	0.86825  	-0.0844  	0.09603  	-0.7048  	-0.0006  	0.47372  	-0.4484  	0.61160  	0.07002  	0.18712  	0.83485  	0.24010  	0.72437  	0.38250  	0.15011  	0.51655  	-1.0320  	-0.6957  	-0.2549  	-0.1941  	0.01211  	0.00471  	-0.2004  	0.63722  	0.04709  	0.61942  	0.17881  	-0.5672  	-0.1437  	0.01994  	0.14022  	-0.1362  	0.24601  	0.09455  	-0.0280  	0.00523  	0.00377  	0.03084  	-0.1340  	-0.1166  	-0.0645  	0.00873  	-0.0071  	-0.0039  	0.01571  	0.00610  	0.00978  	0.02763  	-0.0275  	-0.0302  	0.02024  	0.04591  	0.00058  	0.19591  	-0.0401  	-0.0029  	-0.0129  	0.02117  	0.32912  	0.47227  	293.370  	223.447  	
0.56021  	0.07378  	0.00331  	-0.0797  	0.66674  	-0.7166  	-0.4505  	0.50584  	0.05863  	-0.6208  	-0.0296  	0.86825  	-0.0844  	0.09603  	-0.7048  	-0.0006  	0.47372  	-0.4484  	0.61160  	0.07002  	0.18712  	0.83485  	0.24010  	0.72437  	0.38250  	0.15011  	0.51655  	-1.0320  	-0.6957  	-0.2549  	-0.1941  	0.01211  	0.00471  	-0.2004  	0.63722  	0.04709  	0.61942  	0.17881  	-0.5672  	-0.1437  	0.01994  	0.14022  	-0.1362  	0.24601  	0.09455  	-0.0280  	0.00523  	0.00377  	0.03084  	-0.1340  	-0.1166  	-0.0645  	0.00873  	-0.0071  	-0.0039  	0.01571  	0.00610  	0.00978  	0.02763  	-0.0275  	-0.0302  	0.02024  	0.04591  	0.00058  	0.19591  	-0.0401  	-0.0029  	-0.0129  	0.02117  	0.32912  	0.47227  	293.370  	223.447  	
0.56021  	0.07378  	0.00331  	-0.0797  	0.66674  	-0.7166  	-0.4505  	0.50584  	0.05863  	-0.6208  	-0.0296  	0.86825  	-0.0844  	0.09603  	-0.7048  	-0.0006  	0.47372  	-0.4484  	0.61160  	0.07002  	0.18712  	0.83485  	0.24010  	0.72437  	0.38250  	0.15011  	0.51655  	-1.0320  	-0.6957  	-0.2549  	-0.1941  	0.01211  	0.00471  	-0.2004  	0.63722  	0.04709  	0.61942  	0.17881  	-0.5672  	-0.1437  	0.01994  	0.14022  	-0.1362  	0.24601  	0.09455  	-0.0280  	0.00523  	0.00377  	0.03084  	-0.1340  	-0.1166  	-0.0645  	0.00873  	-0.0071  	-0.0039  	0.01571  	0.00610  	0.00978  	0.02763  	-0.0275  	-0.0302  	0.02024  	0.04591  	0.00058  	0.19591  	-0.0401  	-0.0029  	-0.0129  	0.02117  	0.32912  	0.47227  	293.370  	223.447  	
0.56021  	0.07378  	0.00331  	-0.0797  	0.66674  	-0.7166  	-0.4505  	0.50584  	0.05863  	-0.6208  	-0.0296  	0.86825  	-0.0844  	0.09603  	-0.7048  	-0.0006  	0.47372  	-0.4484  	0.61160  	0.07002  	0.18712  	0.83485  	0.24010  	0.72437  	0.38250  	0.15011  	0.51655  	-1.0320  	-0.6957  	-0.2549  	-0.1941  	0.01211  	0.00471  	-0.2004  	0.63722  	0.04709  	0.61942  	0.17881  	-0.5672  	-0.1437  	0.01994  	0.14022  	-0.1362  	0.24601  	0.09455  	-0.0280  	0.00523  	0.00377  	0.03084  	-0.1340  	-0.1166  	-0.0645  	0.00873  	-0.0071  	-0.0039  	0.01571  	0.00610  	0.00978  	0.02763  	-0.0275  	-0.0302  	0.02024  	0.04591  	0.00058  	0.19591  	-0.0401  	-0.0029  	-0.0129  	0.02117  	0.32912  	0.47227  	293.370  	223.447  	
0.56021  	0.07378  	0.00331  	-0.0797  	0.66674  	-0.7166  	-0.4505  	0.50584  	0.05863  	-0.6208  	-0.0296  	0.86825  	-0.0844  	0.09603  	-0.7048  	-0.0006  	0.47372  	-0.4484  	0.61160  	0.07002  	0.18712  	0.83485  	0.24010  	0.72437  	0.38250  	0.15011  	0.51655  	-1.0320  	-0.6957  	-0.2549  	-0.1941  	0.01211  	0.00471  	-0.2004  	0.63722  	0.04709  	0.61942  	0.17881  	-0.5672  	-0.1437  	0.01994  	0.14022  	-0.1362  	0.24601  	0.09455  	-0.0280  	0.00523  	0.00377  	0.03084  	-0.1340  	-0.1166  	-0.0645  	0.00873  	-0.0071  	-0.0039  	0.01571  	0.00610  	0.00978  	0.02763  	-0.0275  	-0.0302  	0.02024  	0.04591  	0.00058  	0.19591  	-0.0401  	-0.0029  	-0.0129  	0.02117  	0.32912  	0.47227  	293.370  	223.447  	
0.56021  	0.07378  	0.00331  	-0.0797  	0.66674  	-0.7166  	-0.4505  	0.50584  	0.05863  	-0.6208  	-0.0296  	0.86825  	-0.0844  	0.09603  	-0.7048  	-0.0006  	0.47372  	-0.4484  	0.61160  	0.07002  	0.18712  	0.83485  	0.24010  	0.72437  	0.38250  	0.15011  	0.51655  	-1.0320  	-0.6957  	-0.2549  	-0.1941  	0.01211  	0.00471  	-0.2004  	0.63722  	0.04709  	0.61942  	0.17881  	-0.5672  	-0.1437  	0.01994  	0.14022  	-0.1362  	0.24601  	0.09455  	-0.0280  	0.00523  	0.00377  	0.03084  	-0.1340  	-0.1166  	-0.0645  	0.00873  	-0.0071  	-0.0039  	0.01571  	0.00610  	0.00978  	0.02763  	-0.0275  	-0.0302  	0.02024  	0.04591  	0.00058  	0.19591  	-0.0401  	-0.0029  	-0.0129  	0.02117  	0.32912  	0.47227  	293.370  	223.447  	
0.56021  	0.07378  	0.00331  	-0.0797  	0.66674  	-0.7166  	-0.4505  	0.50584  	0.05863  	-0.6208  	-0.0296  	0.86825  	-0.0844  	0.09603  	-0.7048  	-0.0006  	0.47372  	-0.4484  	0.61160  	0.07002  	0.18712  	0.83485  	0.24010  	0.72437  	0.38250  	0.15011  	0.51655  	-1.0320  	-0.6957  	-0.2549  	-0.1941  	0.01211  	0.00471  	-0.2004  	0.63722  	0.04709  	0.61942  	0.17881  	-0.5672  	-0.1437  	0.01994  	0.14022  	-0.1362  	0.24601  	0.09455  	-0.0280  	0.00523  	0.00377  	0.03084  	-0.1340  	-0.1166  	-0.0645  	0.00873  	-0.0071  	-0.0039  	0.01571  	0.00610  	0.00978  	0.02763  	-0.0275  	-0.0302  	0.02024  	0.04591  	0.00058  	0.19591  	-0.0401  	-0.0029  	-0.0129  	0.02117  	0.32912  	0.47227  	293.370  	223.447  	
0.56021  	0.07378  	0.00331  	-0.0797  	0.66674  	-0.7166  	-0.4505  	0.50584  	0.05863  	-0.6208  	-0.0296  	0.86825  	-0.0844  	0.09603  	-0.7048  	-0.0006  	0.47372  	-0.4484  	0.61160  	0.07002  	0.18712  	0.83485  	0.24010  	0.72437  	0.38250  	0.15011  	0.51655  	-1.0320  	-0.6957  	-0.2549  	-0.1941  	0.01211  	0.00471  	-0.2004  	0.63722  	0.04709  	0.61942  	0.17881  	-0.5672  	-0.1437  	0.01994  	0.14022  	-0.1362  	0.24601  	0.09455  	-0.0280  	0.00523  	0.00377  	0.03084  	-0.1340  	-0.1166  	-0.0645  	0.00873  	-0.0071  	-0.0039  	0.01571  	0.00610  	0.00978  	0.02763  	-0.0275  	-0.0302  	0.02024  	0.04591  	0.00058  	0.19591  	-0.0401  	-0.0029  	-0.0129  	0.02117  	0.32912  	0.47227  	293.370  	223.447  	
0.56021  	0.07378  	0.00331  	-0.0797  	0.66674  	-0.7166  	-0.4505  	0.50584  	0.05863  	-0.6208  	-0.0296  	0.86825  	-0.0844  	0.09603  	-0.7048  	-0.0006  	0.47372  	-0.4484  	0.61160  	0.07002  	0.18712  	0.83485  	0.24010  	0.72437  	0.38250  	0.15011  	0.51655  	-1.0320  	-0.6957  	-0.2549  	-0.1941  	0.01211  	0.00471  	-0.2004  	0.63722  	0.04709  	0.61942  	0.17881  	-0.5672  	-0.1437  	0.01994  	0.14022  	-0.1362  	0.24601  	0.09455  	-0.0280  	0.00523  	0.00377  	0.03084  	-0.1340  	-0.1166  	-0.0645  	0.00873  	-0.0071  	-0.0039  	0.01571  	0.00610  	0.00978  	0.02763  	-0.0275  	-0.0302  	0.02024  	0.04591  	0.00058  	0.19591  	-0.0401  	-0.0029  	-0.0129  	0.02117  	0.32912  	0.47227  	293.370  	223.447  	
0.58976  	0.08526  	0.01496  	-0.0311  	0.72653  	-0.6988  	-0.4358  	0.49006  	0.04411  	-0.6089  	-0.1004  	0.84856  	-0.0571  	0.12840  	-0.7026  	0.00308  	0.46498  	-0.4349  	0.60999  	0.08888  	0.13949  	0.84759  	0.20790  	0.73553  	0.42878  	0.15285  	0.53424  	-1.0080  	-0.6411  	-0.2434  	-0.2030  	-0.0044  	0.00150  	-0.2039  	0.63649  	0.07264  	0.56967  	0.14841  	-0.5492  	-0.1210  	-0.0036  	0.14503  	-0.1379  	0.24805  	0.09746  	-0.0287  	0.00397  	0.00963  	0.03721  	-0.1310  	-0.1063  	-0.0674  	0.00836  	-0.0130  	-0.0030  	0.01555  	0.00657  	0.01004  	0.02703  	-0.0302  	-0.0335  	0.02189  	0.05111  	-0.0022  	0.19591  	-0.0401  	-0.0029  	-0.0129  	0.02117  	0.32912  	0.47227  	293.370  	223.447  	
0.65094  	0.08072  	0.04645  	0.10343  	0.82950  	-0.6620  	-0.4088  	0.48642  	0.05427  	-0.5574  	-0.3401  	0.74344  	0.05206  	0.21477  	-0.7009  	-0.0549  	0.46762  	-0.4114  	0.61958  	0.09744  	-0.0721  	0.89868  	0.08066  	0.64057  	0.60552  	0.12799  	0.51308  	-0.8699  	-0.4334  	-0.1478  	-0.2251  	-0.0259  	-0.0206  	-0.1913  	0.52221  	0.15524  	0.41765  	0.09560  	-0.4383  	-0.0658  	0.03671  	0.15270  	-0.1071  	0.25930  	0.09506  	-0.0295  	-0.0214  	0.05461  	0.06181  	-0.1412  	-0.0981  	-0.0715  	0.00779  	-0.0130  	0.00076  	0.03097  	0.01195  	0.00126  	0.03300  	-0.0261  	-0.0363  	0.01784  	0.04496  	-0.0017  	0.19591  	-0.0401  	-0.0029  	-0.0129  	0.02117  	0.32912  	0.47227  	293.370  	223.447  	
0.57461  	0.06230  	-0.1805  	0.34207  	1.01956  	-0.7417  	-0.3892  	0.44675  	0.00934  	-0.5015  	-0.5110  	0.79457  	0.13168  	0.37061  	-0.5046  	-0.1626  	0.43202  	-0.3952  	0.58721  	0.13045  	-0.1664  	0.91825  	0.03812  	0.60335  	0.68052  	0.10443  	0.54556  	-0.8046  	-0.2730  	-0.0767  	-0.2228  	-0.0477  	-0.0281  	-0.1777  	0.58414  	0.19697  	0.30054  	0.04429  	-0.4289  	-0.0097  	-0.0195  	0.16444  	-0.1376  	0.25683  	0.10797  	-0.0245  	-0.0094  	0.03206  	0.05478  	-0.1449  	-0.0959  	-0.0733  	0.00649  	-0.0227  	0.00153  	0.03438  	0.01489  	0.00524  	0.02890  	-0.0216  	-0.0335  	0.02591  	0.03663  	-0.0125  	0.19591  	-0.0401  	-0.0029  	-0.0129  	0.02117  	0.32912  	0.47227  	293.370  	223.447  	
0.18734  	-0.0655  	-0.3906  	0.30236  	1.05482  	-1.0114  	-0.3744  	0.36237  	-0.0640  	-0.3900  	-0.3137  	0.86347  	0.04163  	0.35230  	-0.4094  	-0.2352  	0.39200  	-0.4269  	0.58046  	0.19059  	-0.1348  	0.94213  	-0.0401  	0.73991  	0.58090  	0.13419  	0.49119  	-0.8478  	-0.4125  	-0.1461  	-0.1916  	-0.0738  	0.02475  	-0.1905  	0.69680  	0.15475  	0.37833  	0.00160  	-0.5196  	0.02859  	-0.1008  	0.23119  	-0.2026  	0.22712  	0.10324  	-0.0298  	0.01578  	-0.0087  	0.02861  	-0.1395  	-0.1004  	-0.0661  	-0.0196  	-0.0190  	-0.0212  	0.00654  	0.00173  	-0.0057  	0.03831  	-0.0303  	-0.0428  	0.03676  	0.01838  	-0.0138  	0.19591  	-0.0401  	-0.0029  	-0.0129  	0.02117  	0.32912  	0.47227  	293.370  	223.447  	
-0.1565  	-0.1410  	-0.3709  	-0.5085  	0.75411  	-1.2533  	-0.4483  	0.24124  	-0.0721  	-0.4019  	0.00580  	0.79302  	-0.1154  	-0.2918  	-1.0122  	-0.3219  	0.51178  	-0.4653  	0.65893  	-0.0249  	-0.1290  	0.52617  	-0.1873  	0.63127  	0.30838  	0.31567  	0.31640  	-0.7908  	-0.3797  	-0.2912  	-0.0242  	-0.1006  	-0.0896  	-0.3377  	0.47087  	0.19747  	0.29733  	0.09089  	-0.6237  	-0.1483  	0.13303  	0.29671  	-0.2985  	0.31074  	0.04832  	0.00405  	-0.0161  	-0.0068  	0.01336  	-0.1515  	-0.1079  	-0.0585  	-0.0029  	0.00111  	0.00330  	-0.0075  	0.01345  	0.00322  	0.03525  	-0.0240  	-0.0203  	0.02285  	0.02188  	9.49111  	0.19591  	-0.0401  	-0.0029  	-0.0129  	0.02117  	0.32912  	0.47227  	293.370  	223.447  	
-0.1287  	-0.1495  	-0.2573  	-0.5619  	0.52272  	-1.1798  	-0.5097  	0.23612  	-0.1334  	-0.4087  	0.01597  	0.72437  	-0.1099  	-0.4534  	-1.1615  	-0.3708  	0.64396  	-0.5658  	0.77019  	-0.2749  	-0.0814  	0.35149  	-0.3143  	0.56594  	0.38064  	0.38461  	0.27963  	-0.8731  	-0.2254  	-0.2755  	0.06698  	-0.1692  	-0.2556  	-0.4884  	0.19784  	0.22958  	0.20609  	0.08465  	-0.6600  	-0.2039  	0.28106  	0.37129  	-0.3478  	0.39171  	0.01146  	-0.0048  	-0.0367  	0.02229  	-0.0104  	-0.1468  	-0.0895  	-0.0648  	-0.0027  	0.01556  	0.01087  	-0.0042  	0.01603  	-0.0075  	0.02436  	-0.0133  	-0.0283  	0.00532  	0.02816  	0.00463  	0.19591  	-0.0401  	-0.0029  	-0.0129  	0.02117  	0.32912  	0.47227  	293.370  	223.447  	
-0.1286  	-0.1153  	-0.2653  	-0.4737  	0.55775  	-1.1142  	-0.5370  	0.26524  	-0.1248  	-0.4732  	-0.0219  	0.77219  	-0.1245  	-0.5428  	-1.0854  	-0.3205  	0.66080  	-0.6223  	0.76699  	-0.3313  	-0.0695  	0.32779  	-0.3427  	0.52264  	0.32577  	0.40453  	0.30886  	-0.8520  	-0.1427  	-0.2706  	0.08695  	-0.1544  	-0.2613  	-0.5174  	0.18191  	0.22434  	0.15878  	0.07421  	-0.6854  	-0.2340  	0.32226  	0.38909  	-0.3578  	0.42766  	-0.0042  	0.00506  	-0.0331  	0.02705  	-0.0112  	-0.1621  	-0.0887  	-0.0631  	0.00830  	0.01971  	0.01642  	-0.0058  	0.01090  	-0.0100  	0.03097  	-0.0133  	-0.0222  	0.00526  	0.01697  	0.00892  	0.19591  	-0.0401  	-0.0029  	-0.0129  	0.02117  	0.32912  	0.47227  	293.370  	223.447  	
0.02940  	-0.0950  	-0.2618  	-0.3342  	0.63157  	-1.0459  	-0.5983  	0.27762  	-0.1530  	-0.5035  	-0.0120  	0.84119  	-0.1453  	-0.5345  	-1.1030  	-0.2401  	0.62733  	-0.6174  	0.78610  	-0.2754  	-0.0406  	0.37155  	-0.2792  	0.59512  	0.35646  	0.37489  	0.36966  	-0.8577  	-0.2387  	-0.2557  	0.02620  	-0.1210  	-0.2495  	-0.4939  	0.28607  	0.21895  	0.23278  	0.08140  	-0.6927  	-0.2123  	0.24230  	0.37725  	-0.3467  	0.41115  	-0.0013  	0.00729  	-0.0346  	0.01844  	-0.0113  	-0.1622  	-0.0927  	-0.0614  	0.00733  	0.01649  	0.01288  	-0.0030  	0.02061  	-0.0014  	0.03803  	-0.0269  	-0.0314  	0.00365  	0.02007  	-0.0038  	0.19591  	-0.0401  	-0.0029  	-0.0129  	0.02117  	0.32912  	0.47227  	293.370  	223.447  	
0.09909  	-0.1210  	-0.2545  	-0.3066  	0.64437  	-0.9922  	-0.5592  	0.24994  	-0.1163  	-0.3905  	0.00415  	0.83503  	-0.1576  	-0.4949  	-1.2777  	-0.0468  	0.53736  	-0.4429  	0.71588  	-0.0451  	-0.1602  	0.51846  	-0.1529  	0.57355  	0.42554  	0.28159  	0.32257  	-0.7623  	-0.3127  	-0.2423  	-0.0616  	-0.0752  	-0.1618  	-0.3718  	0.35987  	0.27427  	0.29153  	0.07030  	-0.5875  	-0.1328  	0.16966  	0.26869  	-0.2412  	0.34362  	0.05619  	-0.0035  	-0.0117  	0.00908  	0.00800  	-0.1479  	-0.0868  	-0.0671  	0.01140  	-0.0020  	0.01089  	-0.0012  	0.01745  	0.00027  	0.03286  	-0.0221  	-0.0399  	-0.0040  	0.03055  	0.00825  	0.19591  	-0.0401  	-0.0029  	-0.0129  	0.02117  	0.32912  	0.47227  	293.370  	223.447  	
0.08601  	-0.1437  	-0.2814  	-0.2687  	0.70581  	-0.9768  	-0.4940  	0.18052  	-0.1064  	-0.3822  	-0.0656  	0.79230  	-0.1886  	-0.3913  	-1.2006  	-0.0090  	0.44546  	-0.3033  	0.64795  	0.19917  	-0.2053  	0.80297  	0.05584  	0.59603  	0.58864  	0.14576  	0.38746  	-0.6403  	-0.3545  	-0.1760  	-0.2101  	-0.0097  	-0.0959  	-0.2104  	0.43013  	0.33600  	0.37159  	0.07761  	-0.4823  	-0.0496  	0.06978  	0.13875  	-0.1407  	0.26557  	0.10712  	-0.0302  	0.00647  	-0.0088  	0.03044  	-0.1413  	-0.0843  	-0.0734  	0.01035  	-0.0168  	0.00672  	0.00481  	0.02679  	0.01730  	0.03339  	-0.0270  	-0.0362  	-0.0111  	0.05588  	0.00481  	0.19591  	-0.0401  	-0.0029  	-0.0129  	0.02117  	0.32912  	0.47227  	293.370  	223.447  	
0.06340  	-0.1524  	-0.3472  	-0.2356  	0.71302  	-0.9492  	-0.5009  	0.13489  	-0.1509  	-0.4561  	-0.0948  	0.75344  	-0.2218  	-0.3861  	-1.1516  	-0.0697  	0.46740  	-0.3427  	0.63587  	0.17849  	-0.2029  	0.78615  	0.07470  	0.62641  	0.58407  	0.14228  	0.42700  	-0.6713  	-0.3925  	-0.1549  	-0.2206  	0.00569  	-0.1074  	-0.1991  	0.47334  	0.34533  	0.39295  	0.08095  	-0.4908  	-0.0644  	0.05200  	0.13896  	-0.1534  	0.24496  	0.11225  	-0.0265  	0.00282  	-0.0249  	0.02404  	-0.1340  	-0.0828  	-0.0669  	0.00689  	-0.0145  	0.00643  	0.00655  	0.02646  	0.02162  	0.03703  	-0.0349  	-0.0443  	-0.0118  	0.05625  	-0.0021  	0.19591  	-0.0401  	-0.0029  	-0.0129  	0.02117  	0.32912  	0.47227  	293.370  	223.447  	
0.17618  	-0.1244  	-0.2457  	-0.1770  	0.78400  	-0.9672  	-0.4619  	0.17752  	-0.1332  	-0.3710  	-0.0972  	0.81409  	-0.1973  	-0.3942  	-1.1850  	0.06458  	0.42169  	-0.3129  	0.63823  	0.22295  	-0.2594  	0.78283  	0.01272  	0.60975  	0.58560  	0.13725  	0.42278  	-0.6488  	-0.4136  	-0.1799  	-0.2170  	0.00382  	-0.1049  	-0.2055  	0.46300  	0.35198  	0.37871  	0.08392  	-0.4743  	-0.0375  	0.04810  	0.16439  	-0.1518  	0.24903  	0.11774  	-0.0297  	0.00154  	-0.0093  	0.03124  	-0.1456  	-0.0905  	-0.0694  	0.01332  	-0.0136  	0.00433  	0.00212  	0.03097  	0.01317  	0.03468  	-0.0322  	-0.0437  	-0.0029  	0.05358  	0.00269  	0.19591  	-0.0401  	-0.0029  	-0.0129  	0.02117  	0.32912  	0.47227  	293.370  	223.447  	
0.22480  	-0.0886  	-0.2066  	-0.1088  	0.79434  	-0.9398  	-0.4562  	0.20871  	-0.1208  	-0.4027  	-0.1164  	0.86697  	-0.2074  	-0.3630  	-1.1583  	0.07299  	0.42695  	-0.3125  	0.65814  	0.23980  	-0.2309  	0.81143  	-0.0217  	0.63428  	0.60526  	0.13322  	0.46352  	-0.6592  	-0.3842  	-0.1765  	-0.2456  	0.01314  	-0.0952  	-0.2107  	0.47516  	0.36033  	0.37398  	0.09210  	-0.4648  	-0.0446  	0.03768  	0.16441  	-0.1516  	0.25449  	0.10809  	-0.0334  	-0.0045  	0.00414  	0.03795  	-0.1479  	-0.0877  	-0.0759  	0.01063  	-0.0138  	0.00366  	0.00152  	0.03056  	0.01452  	0.03478  	-0.0308  	-0.0433  	-0.0070  	0.05881  	0.00254  	0.19591  	-0.0401  	-0.0029  	-0.0129  	0.02117  	0.32912  	0.47227  	293.370  	223.447  	
0.23998  	-0.0672  	-0.2618  	-0.0044  	0.83133  	-0.8877  	-0.4993  	0.25725  	-0.1102  	-0.4728  	-0.2658  	0.86911  	-0.1801  	-0.1810  	-1.0327  	-0.0515  	0.45883  	-0.3630  	0.64459  	0.22657  	-0.2175  	0.81149  	0.02248  	0.66105  	0.63519  	0.14988  	0.49837  	-0.6441  	-0.2995  	-0.1454  	-0.2753  	-0.0053  	-0.0673  	-0.1958  	0.46544  	0.32512  	0.33853  	0.07508  	-0.4341  	-0.0574  	0.02363  	0.16229  	-0.1193  	0.25881  	0.11647  	-0.0241  	-0.0050  	0.01163  	0.03393  	-0.1630  	-0.0861  	-0.0724  	0.01115  	-0.0179  	-0.0038  	0.01077  	0.02587  	0.01263  	0.03967  	-0.0285  	-0.0421  	-0.0010  	0.03543  	0.00712  	0.19591  	-0.0401  	-0.0029  	-0.0129  	0.02117  	0.32912  	0.47227  	293.370  	223.447  	
0.26190  	-0.0657  	-0.2784  	0.07518  	0.94079  	-0.8950  	-0.4401  	0.30085  	-0.0751  	-0.5189  	-0.3120  	0.90921  	-0.0657  	0.00289  	-0.7757  	-0.1573  	0.44866  	-0.3345  	0.62388  	0.19035  	-0.2004  	0.84010  	0.01338  	0.59976  	0.64735  	0.15048  	0.45277  	-0.6537  	-0.2966  	-0.1330  	-0.2256  	-0.0584  	-0.0412  	-0.1862  	0.48735  	0.21985  	0.31229  	0.05614  	-0.4345  	-0.0334  	0.00022  	0.16976  	-0.1574  	0.25082  	0.11361  	-0.0332  	0.00884  	-8.6048  	0.03314  	-0.1537  	-0.0980  	-0.0758  	-0.0005  	-0.0221  	-0.0030  	0.00117  	0.03355  	0.00962  	0.03293  	-0.0303  	-0.0413  	0.00464  	0.05337  	0.00367  	0.19591  	-0.0401  	-0.0029  	-0.0129  	0.02117  	0.32912  	0.47227  	293.370  	223.447  	
0.27061  	-0.0357  	-0.2321  	-0.0290  	0.86722  	-0.8027  	-0.4557  	0.32004  	-0.0678  	-0.5530  	-0.2913  	0.89321  	-0.0779  	-0.0564  	-0.7781  	-0.1283  	0.46225  	-0.3502  	0.62801  	0.21791  	-0.1605  	0.84430  	0.07631  	0.56351  	0.58728  	0.17246  	0.42163  	-0.6483  	-0.3315  	-0.1678  	-0.2272  	-0.0619  	-0.0248  	-0.1784  	0.47071  	0.20173  	0.35269  	0.07489  	-0.4558  	-0.0453  	0.03735  	0.15755  	-0.1465  	0.25709  	0.10294  	-0.0344  	0.01387  	0.00526  	0.02860  	-0.1415  	-0.0988  	-0.0731  	-0.0025  	-0.0160  	-0.0082  	0.00919  	0.02860  	0.00813  	0.03389  	-0.0357  	-0.0387  	0.00502  	0.04341  	-0.0075  	0.19591  	-0.0401  	-0.0029  	-0.0129  	0.02117  	0.32912  	0.47227  	293.370  	223.447  	
0.01958  	-0.1228  	-0.2895  	-0.3300  	0.66622  	-0.9769  	-0.4537  	0.22634  	-0.0834  	-0.4827  	-0.1046  	0.74872  	-0.2160  	-0.3248  	-1.0693  	-0.1269  	0.43531  	-0.2892  	0.63294  	0.24331  	-0.1860  	0.81363  	0.09369  	0.58675  	0.53290  	0.17226  	0.38467  	-0.6995  	-0.3498  	-0.2146  	-0.2037  	-0.0358  	-0.0685  	-0.1925  	0.41875  	0.26384  	0.37288  	0.09189  	-0.4694  	-0.0421  	0.09313  	0.13688  	-0.1475  	0.26974  	0.10153  	-0.0376  	0.00965  	-0.0118  	0.02279  	-0.1451  	-0.0974  	-0.0653  	0.01028  	-0.0105  	0.00353  	-0.0007  	0.02220  	0.01525  	0.03376  	-0.0312  	-0.0396  	0.00160  	0.05215  	0.00236  	0.19591  	-0.0401  	-0.0029  	-0.0129  	0.02117  	0.32912  	0.47227  	293.370  	223.447  	
0.01533  	-0.1334  	-0.3234  	-0.2707  	0.70826  	-1.0087  	-0.4762  	0.19057  	-0.0901  	-0.4812  	-0.1146  	0.77594  	-0.1954  	-0.3681  	-1.0537  	-0.1174  	0.45614  	-0.2798  	0.63462  	0.25224  	-0.1915  	0.79145  	0.07400  	0.58061  	0.54065  	0.18007  	0.37944  	-0.6408  	-0.3522  	-0.1952  	-0.1917  	-0.0179  	-0.0646  	-0.1878  	0.41756  	0.27354  	0.35103  	0.08113  	-0.4705  	-0.0520  	0.08603  	0.15290  	-0.1619  	0.25065  	0.10645  	-0.0323  	0.00474  	-0.0028  	0.02115  	-0.1423  	-0.0981  	-0.0640  	0.01570  	-0.0125  	-0.0037  	-0.0014  	0.02430  	0.01370  	0.03743  	-0.0366  	-0.0389  	0.00030  	0.05429  	0.00207  	0.19591  	-0.0401  	-0.0029  	-0.0129  	0.02117  	0.32912  	0.47227  	293.370  	223.447  	
0.01699  	-0.1544  	-0.4105  	-0.1563  	0.76850  	-1.0236  	-0.5126  	0.24250  	-0.0775  	-0.5115  	-0.1402  	0.89952  	-0.1521  	-0.2362  	-0.9337  	-0.1558  	0.45638  	-0.2923  	0.63412  	0.23941  	-0.2030  	0.76721  	0.07351  	0.57031  	0.47770  	0.18955  	0.33386  	-0.6633  	-0.3379  	-0.1973  	-0.1876  	-0.0555  	-0.0433  	-0.1885  	0.44594  	0.22591  	0.32109  	0.05248  	-0.4559  	-0.0549  	0.06459  	0.14865  	-0.1569  	0.24801  	0.11868  	-0.0285  	0.00730  	-0.0129  	0.01683  	-0.1337  	-0.0937  	-0.0739  	-8.9484  	-0.0164  	-0.0041  	0.00735  	0.02879  	0.00562  	0.03868  	-0.0283  	-0.0374  	0.01220  	0.04471  	0.00457  	0.19591  	-0.0401  	-0.0029  	-0.0129  	0.02117  	0.32912  	0.47227  	293.370  	223.447  	
0.47264  	0.04642  	-0.0506  	-0.0145  	0.84291  	-0.7401  	-0.4376  	0.41742  	0.00525  	-0.5200  	-0.3878  	0.85005  	0.00493  	0.17453  	-0.5348  	-0.1165  	0.46302  	-0.3756  	0.61461  	0.15507  	-0.0444  	0.87650  	0.13702  	0.68538  	0.44005  	0.16667  	0.45744  	-0.8508  	-0.4852  	-0.2067  	-0.1622  	-0.0187  	0.00821  	-0.1901  	0.54725  	0.11995  	0.43804  	0.07960  	-0.4889  	-0.0333  	0.03789  	0.14362  	-0.1309  	0.25880  	0.09288  	-0.0284  	0.01076  	0.02309  	0.03899  	-0.1415  	-0.1068  	-0.0726  	0.00090  	-0.0192  	-0.0077  	0.01394  	0.01696  	-0.0013  	0.02760  	-0.0292  	-0.0301  	0.01885  	0.03782  	-0.0059  	0.19591  	-0.0401  	-0.0029  	-0.0129  	0.02117  	0.32912  	0.47227  	293.370  	223.447  	
0.63034  	0.05695  	0.04604  	-0.0112  	0.78284  	-0.6926  	-0.4440  	0.46537  	0.00778  	-0.5079  	-0.3610  	0.78513  	0.02933  	0.16191  	-0.6451  	-0.0944  	0.45281  	-0.3603  	0.61094  	0.09182  	-0.0517  	0.86561  	0.14417  	0.58766  	0.51031  	0.14916  	0.43649  	-0.8777  	-0.4239  	-0.1861  	-0.1842  	-0.0317  	-0.0071  	-0.1854  	0.53013  	0.15206  	0.41413  	0.08416  	-0.4580  	-0.0574  	0.04568  	0.13188  	-0.1109  	0.26147  	0.08762  	-0.0248  	-0.0018  	0.03277  	0.05480  	-0.1490  	-0.1048  	-0.0718  	0.00852  	-0.0218  	-0.0028  	0.01976  	0.01090  	0.00627  	0.02961  	-0.0317  	-0.0279  	0.01698  	0.04626  	-0.0104  	0.19591  	-0.0401  	-0.0029  	-0.0129  	0.02117  	0.32912  	0.47227  	293.370  	223.447  	
0.48319  	0.05537  	-0.0454  	-0.0783  	0.79860  	-0.8359  	-0.3870  	0.37180  	-0.0043  	-0.4183  	-0.3173  	0.70667  	0.01187  	0.19256  	-0.7033  	-0.1827  	0.44534  	-0.4242  	0.62284  	0.11683  	-0.0247  	0.86677  	0.10191  	0.64115  	0.60477  	0.11338  	0.55707  	-0.9386  	-0.4737  	-0.1844  	-0.1911  	-0.0237  	-0.0222  	-0.1961  	0.59739  	0.17324  	0.47667  	0.09578  	-0.4756  	-0.0383  	0.03414  	0.14200  	-0.1383  	0.27755  	0.09728  	-0.0331  	0.00388  	0.02464  	0.04359  	-0.1412  	-0.0983  	-0.0719  	0.00244  	-0.0183  	0.00564  	0.01636  	0.01035  	0.00310  	0.03130  	-0.0235  	-0.0320  	0.02148  	0.04132  	-0.0008  	0.19591  	-0.0401  	-0.0029  	-0.0129  	0.02117  	0.32912  	0.47227  	293.370  	223.447  	
0.03245  	-0.0766  	-0.3053  	-0.3400  	0.69129  	-0.9678  	-0.4810  	0.32688  	-0.0611  	-0.4833  	0.00420  	0.74939  	-0.1474  	-0.1588  	-0.9255  	-0.1708  	0.43111  	-0.3726  	0.63905  	0.19106  	0.04154  	0.82042  	0.11087  	0.69289  	0.46399  	0.13947  	0.47898  	-0.9019  	-0.5169  	-0.2455  	-0.1964  	-0.0259  	-0.0511  	-0.2108  	0.58319  	0.13949  	0.49688  	0.10685  	-0.5465  	-0.0614  	0.03988  	0.13441  	-0.1886  	0.24265  	0.11614  	-0.0204  	-0.0008  	-0.0133  	0.00663  	-0.1324  	-0.1030  	-0.0677  	0.00098  	-0.0202  	-9.0425  	0.00340  	0.01634  	0.00465  	0.03102  	-0.0283  	-0.0373  	0.00825  	0.03862  	0.00439  	0.19591  	-0.0401  	-0.0029  	-0.0129  	0.02117  	0.32912  	0.47227  	293.370  	223.447  	
0.03540  	-0.1603  	-0.3153  	-0.3849  	0.62947  	-0.9514  	-0.4653  	0.18554  	-0.0863  	-0.5095  	-0.0166  	0.72697  	-0.2105  	-0.3507  	-1.1353  	-0.1339  	0.46397  	-0.3321  	0.61218  	0.15462  	-0.1550  	0.78912  	0.18029  	0.61542  	0.49610  	0.18921  	0.39130  	-0.6914  	-0.4202  	-0.2311  	-0.1777  	-0.0210  	-0.0694  	-0.1946  	0.42822  	0.27771  	0.40578  	0.08104  	-0.4915  	-0.0628  	0.10277  	0.14260  	-0.1455  	0.25784  	0.12215  	-0.0304  	0.01159  	-0.0335  	0.01881  	-0.1308  	-0.1040  	-0.0696  	0.00704  	-0.0095  	0.00742  	0.00326  	0.01883  	0.01478  	0.03806  	-0.0296  	-0.0453  	0.01307  	0.04773  	0.00616  	0.19591  	-0.0401  	-0.0029  	-0.0129  	0.02117  	0.32912  	0.47227  	293.370  	223.447  	
0.19617  	-0.1252  	-0.2110  	-0.1672  	0.80564  	-1.0079  	-0.4451  	0.19532  	-0.0863  	-0.3579  	-0.0996  	0.85737  	-0.1808  	-0.4044  	-1.1955  	0.08491  	0.40109  	-0.2187  	0.61425  	0.28015  	-0.3170  	0.77612  	-0.0101  	0.55742  	0.56378  	0.17435  	0.30070  	-0.5625  	-0.3200  	-0.2052  	-0.2123  	-0.0368  	-0.0837  	-0.1918  	0.42502  	0.33645  	0.30630  	0.08034  	-0.4574  	-0.0204  	0.08974  	0.15614  	-0.1287  	0.26462  	0.10602  	-0.0286  	0.01037  	0.00741  	0.02815  	-0.1397  	-0.0834  	-0.0683  	0.00912  	-0.0170  	0.00847  	-0.0027  	0.02687  	0.00714  	0.03244  	-0.0291  	-0.0420  	-0.0025  	0.04677  	0.00120  	0.19591  	-0.0401  	-0.0029  	-0.0129  	0.02117  	0.32912  	0.47227  	293.370  	223.447  	
0.15911  	-0.1513  	-0.2863  	-0.1968  	0.77224  	-0.9496  	-0.4584  	0.16473  	-0.1179  	-0.3926  	-0.1365  	0.78746  	-0.1650  	-0.3815  	-1.1332  	0.00949  	0.41387  	-0.2746  	0.63086  	0.23427  	-0.2850  	0.80212  	-0.0070  	0.57951  	0.60769  	0.13811  	0.36949  	-0.5690  	-0.3186  	-0.1785  	-0.2252  	-0.0035  	-0.0939  	-0.1915  	0.44256  	0.36437  	0.32794  	0.07735  	-0.4568  	-0.0423  	0.06220  	0.14790  	-0.1393  	0.25527  	0.10638  	-0.0319  	0.00045  	-0.0061  	0.03041  	-0.1382  	-0.0776  	-0.0671  	0.01248  	-0.0144  	0.00482  	0.00470  	0.03019  	0.01324  	0.03733  	-0.0292  	-0.0371  	-0.0038  	0.05237  	-0.0017  	0.19591  	-0.0401  	-0.0029  	-0.0129  	0.02117  	0.32912  	0.47227  	293.370  	223.447  	
0.07363  	-0.1320  	-0.2843  	-0.2557  	0.69251  	-0.9294  	-0.4660  	0.19894  	-0.1077  	-0.4952  	-0.2241  	0.76373  	-0.1959  	-0.3474  	-1.1201  	-0.0646  	0.47214  	-0.2990  	0.63502  	0.22094  	-0.2664  	0.77337  	0.05712  	0.61119  	0.58474  	0.15988  	0.36788  	-0.6289  	-0.3171  	-0.1906  	-0.2252  	-0.0212  	-0.0983  	-0.1941  	0.42555  	0.33122  	0.35492  	0.08925  	-0.4658  	-0.0419  	0.09432  	0.14050  	-0.1378  	0.26030  	0.10032  	-0.0319  	-0.0016  	-0.0154  	0.01779  	-0.1440  	-0.0892  	-0.0689  	0.00525  	-0.0201  	0.00769  	6.82645  	0.03360  	0.01241  	0.03709  	-0.0395  	-0.0484  	-0.0010  	0.04873  	0.00994  	0.19591  	-0.0401  	-0.0029  	-0.0129  	0.02117  	0.32912  	0.47227  	293.370  	223.447  	
-0.0015  	-0.1309  	-0.3024  	-0.3978  	0.63525  	-1.0099  	-0.4797  	0.17498  	-0.1038  	-0.5124  	-0.1481  	0.69722  	-0.1853  	-0.3560  	-1.1000  	-0.1494  	0.48153  	-0.3078  	0.63014  	0.21923  	-0.2063  	0.77751  	0.12129  	0.58564  	0.55308  	0.17298  	0.36265  	-0.6574  	-0.3320  	-0.2182  	-0.1988  	-0.0329  	-0.0851  	-0.1872  	0.41664  	0.29017  	0.38406  	0.09272  	-0.4801  	-0.0668  	0.10933  	0.14212  	-0.1406  	0.24869  	0.10739  	-0.0382  	0.00824  	-0.0222  	0.01901  	-0.1386  	-0.0916  	-0.0720  	0.00615  	-0.0160  	0.00367  	0.00025  	0.03012  	0.01460  	0.04173  	-0.0318  	-0.0420  	0.00317  	0.05114  	0.00852  	0.19591  	-0.0401  	-0.0029  	-0.0129  	0.02117  	0.32912  	0.47227  	293.370  	223.447  	
-0.0458  	-0.1180  	-0.3349  	-0.3882  	0.62257  	-1.0388  	-0.5126  	0.21807  	-0.1029  	-0.4741  	-0.1390  	0.77489  	-0.2074  	-0.3113  	-1.0710  	-0.1831  	0.47928  	-0.3136  	0.63234  	0.15710  	-0.2189  	0.80429  	0.17599  	0.55533  	0.47518  	0.19412  	0.35809  	-0.7001  	-0.3556  	-0.2201  	-0.1746  	-0.0456  	-0.0636  	-0.1878  	0.37922  	0.23877  	0.35722  	0.08558  	-0.4637  	-0.0584  	0.12894  	0.14344  	-0.1290  	0.25943  	0.10469  	-0.0302  	0.01287  	-0.0171  	0.01812  	-0.1379  	-0.1028  	-0.0662  	0.00183  	-0.0125  	-0.0034  	-0.0054  	0.02318  	0.01071  	0.03885  	-0.0346  	-0.0362  	0.01609  	0.04555  	-0.0013  	0.19591  	-0.0401  	-0.0029  	-0.0129  	0.02117  	0.32912  	0.47227  	293.370  	223.447  	
0.12385  	-0.1143  	-0.2810  	-0.2313  	0.71703  	-0.9709  	-0.4963  	0.22065  	-0.0938  	-0.4363  	-0.1781  	0.83202  	-0.1490  	-0.2774  	-1.0928  	-0.0858  	0.43683  	-0.3077  	0.62552  	0.22084  	-0.2520  	0.79091  	0.07812  	0.56511  	0.48627  	0.18612  	0.33336  	-0.6416  	-0.3524  	-0.2131  	-0.1969  	-0.0373  	-0.0497  	-0.1890  	0.43044  	0.28335  	0.33662  	0.06687  	-0.4816  	-0.0451  	0.08583  	0.13981  	-0.1271  	0.26120  	0.09825  	-0.0361  	0.00984  	-0.0092  	0.02628  	-0.1432  	-0.0967  	-0.0730  	0.00411  	-0.0111  	0.00289  	0.00155  	0.02555  	0.01158  	0.03696  	-0.0366  	-0.0445  	0.00744  	0.04150  	0.00197  	0.19591  	-0.0401  	-0.0029  	-0.0129  	0.02117  	0.32912  	0.47227  	293.370  	223.447  	
0.21704  	-0.0841  	-0.2305  	-0.1465  	0.80170  	-0.9591  	-0.4521  	0.24892  	-0.1088  	-0.3629  	-0.1541  	0.87286  	-0.1489  	-0.3153  	-1.1762  	0.06979  	0.38805  	-0.2752  	0.62866  	0.26691  	-0.3052  	0.79234  	-0.0347  	0.59488  	0.55796  	0.14821  	0.36961  	-0.6006  	-0.3168  	-0.1967  	-0.2219  	-0.0216  	-0.0705  	-0.2004  	0.44919  	0.34022  	0.30835  	0.06796  	-0.4400  	-0.0138  	0.06178  	0.15458  	-0.1332  	0.25920  	0.11562  	-0.0316  	0.00389  	0.00623  	0.04154  	-0.1458  	-0.0860  	-0.0755  	0.01354  	-0.0239  	0.00465  	-0.0021  	0.03156  	0.01259  	0.03707  	-0.0326  	-0.0470  	-0.0017  	0.05415  	0.00489  	0.19591  	-0.0401  	-0.0029  	-0.0129  	0.02117  	0.32912  	0.47227  	293.370  	223.447  	
0.24658  	-0.0914  	-0.2144  	-0.0908  	0.78790  	-0.8543  	-0.4948  	0.24541  	-0.1100  	-0.4506  	-0.1083  	0.86737  	-0.1901  	-0.2807  	-1.0637  	0.05642  	0.43555  	-0.3166  	0.64990  	0.25883  	-0.1295  	0.79394  	-0.0033  	0.67532  	0.53351  	0.15077  	0.47250  	-0.7137  	-0.4490  	-0.2058  	-0.2310  	0.00462  	-0.0661  	-0.2232  	0.54170  	0.31717  	0.38970  	0.08893  	-0.5055  	-0.0460  	0.02044  	0.16411  	-0.1642  	0.26129  	0.10959  	-0.0283  	0.00114  	0.00071  	0.02355  	-0.1380  	-0.0846  	-0.0743  	0.00849  	-0.0248  	-0.0010  	0.00703  	0.02724  	0.01556  	0.03541  	-0.0290  	-0.0424  	-0.0044  	0.05452  	-0.0003  	0.19591  	-0.0401  	-0.0029  	-0.0129  	0.02117  	0.32912  	0.47227  	293.370  	223.447  	
0.43679  	-0.0346  	-0.1570  	0.06389  	0.86713  	-0.9074  	-0.4385  	0.29644  	-0.0752  	-0.4989  	-0.3555  	0.84309  	-0.0594  	0.00960  	-0.6870  	-0.1036  	0.44531  	-0.3828  	0.60267  	0.18491  	-0.0911  	0.82966  	0.04631  	0.71739  	0.50732  	0.15594  	0.46694  	-0.7980  	-0.4656  	-0.2086  	-0.2078  	0.00464  	-0.0425  	-0.1799  	0.60780  	0.22188  	0.42517  	0.07895  	-0.4892  	-0.0097  	0.02258  	0.17713  	-0.1506  	0.26196  	0.10030  	-0.0348  	0.00222  	0.00388  	0.03674  	-0.1348  	-0.0914  	-0.0672  	0.00068  	-0.0127  	-0.0018  	0.00675  	0.02000  	0.01078  	0.04240  	-0.0287  	-0.0445  	0.01635  	0.03452  	-0.0026  	0.19591  	-0.0401  	-0.0029  	-0.0129  	0.02117  	0.32912  	0.47227  	293.370  	223.447  	
0.52985  	0.07262  	-0.1023  	0.25921  	0.94545  	-0.6831  	-0.3924  	0.44243  	-0.0057  	-0.5376  	-0.4575  	0.88374  	0.05588  	0.21716  	-0.5499  	-0.1189  	0.42400  	-0.3607  	0.62127  	0.14821  	-0.1584  	0.89848  	0.03271  	0.59188  	0.57839  	0.13660  	0.47578  	-0.7662  	-0.3349  	-0.1647  	-0.2484  	-0.0648  	-0.0179  	-0.1856  	0.56181  	0.17363  	0.33029  	0.05765  	-0.4226  	-0.0168  	0.00070  	0.17810  	-0.1405  	0.25235  	0.10019  	-0.0369  	-0.0053  	0.03169  	0.05290  	-0.1565  	-0.0942  	-0.0695  	0.00322  	-0.0175  	0.00042  	0.01174  	0.02144  	0.00335  	0.03748  	-0.0329  	-0.0358  	0.01985  	0.04577  	-0.0054  	0.19591  	-0.0401  	-0.0029  	-0.0129  	0.02117  	0.32912  	0.47227  	293.370  	223.447  	
0.47923  	0.02731  	-0.1554  	0.32570  	0.98676  	-0.7388  	-0.4449  	0.41191  	-0.0337  	-0.5269  	-0.3665  	0.91967  	-0.0141  	0.18039  	-0.5177  	-0.0645  	0.45166  	-0.3888  	0.61543  	0.15143  	-0.0755  	0.89729  	0.05191  	0.65020  	0.53124  	0.13356  	0.46412  	-0.8261  	-0.4506  	-0.1676  	-0.2141  	-0.0245  	-0.0123  	-0.1889  	0.58741  	0.14935  	0.42630  	0.08483  	-0.4733  	-0.0319  	-0.0110  	0.14929  	-0.1481  	0.27763  	0.09455  	-0.0261  	0.00457  	0.02091  	0.04059  	-0.1474  	-0.0975  	-0.0703  	0.00013  	-0.0176  	0.00165  	0.00979  	0.01799  	0.00178  	0.03584  	-0.0278  	-0.0361  	0.01495  	0.03768  	-0.0058  	0.19591  	-0.0401  	-0.0029  	-0.0129  	0.02117  	0.32912  	0.47227  	293.370  	223.447  	
0.22228  	-0.0997  	-0.2899  	-0.0734  	0.85327  	-1.0032  	-0.3871  	0.26529  	-0.0482  	-0.4524  	-0.1128  	0.91457  	-0.0722  	-0.0934  	-0.8759  	-0.0991  	0.37644  	-0.2896  	0.58758  	0.28444  	-0.1192  	0.80632  	0.05762  	0.64526  	0.46527  	0.15758  	0.30576  	-0.7003  	-0.4324  	-0.2249  	-0.1776  	-0.0626  	-0.0064  	-0.1751  	0.51497  	0.19782  	0.39255  	0.08043  	-0.4615  	-0.0512  	0.07980  	0.13601  	-0.1557  	0.23738  	0.09303  	-0.0207  	0.00204  	0.00031  	0.03457  	-0.1536  	-0.1017  	-0.0793  	0.00250  	-0.0188  	-0.0063  	0.01092  	0.02719  	0.01577  	0.03828  	-0.0364  	-0.0384  	0.01208  	0.04340  	-0.0004  	0.19591  	-0.0401  	-0.0029  	-0.0129  	0.02117  	0.32912  	0.47227  	293.370  	223.447  	
-0.0883  	-0.1302  	-0.3415  	-0.5645  	0.62915  	-1.1296  	-0.4349  	0.13530  	-0.0755  	-0.3477  	-0.0445  	0.77661  	-0.1685  	-0.2769  	-1.2174  	-0.2567  	0.40801  	-0.2732  	0.61587  	0.26657  	-0.2007  	0.73664  	0.03567  	0.63247  	0.48773  	0.19383  	0.29751  	-0.6870  	-0.3963  	-0.2678  	-0.1513  	-0.0592  	-0.0327  	-0.1703  	0.40715  	0.25609  	0.31997  	0.07244  	-0.4592  	-0.0423  	0.07622  	0.14967  	-0.1544  	0.22945  	0.10461  	-0.0287  	-0.0082  	-0.0140  	0.02556  	-0.1400  	-0.0998  	-0.0690  	-0.0045  	-0.0143  	-0.0098  	-0.0013  	0.01743  	0.01299  	0.03269  	-0.0394  	-0.0361  	0.00739  	0.05062  	-0.0059  	0.19591  	-0.0401  	-0.0029  	-0.0129  	0.02117  	0.32912  	0.47227  	293.370  	223.447  	
-0.3956  	-0.2199  	-0.4632  	-0.7154  	0.50407  	-1.3058  	-0.4696  	0.11465  	-0.1548  	-0.3406  	0.16185  	0.69190  	-0.1932  	-0.2794  	-1.2874  	-0.3013  	0.46656  	-0.3263  	0.60192  	0.16879  	-0.1833  	0.82287  	0.16818  	0.62805  	0.45908  	0.19953  	0.31275  	-0.7602  	-0.4238  	-0.2633  	-0.1590  	-0.0698  	-0.0642  	-0.1906  	0.37844  	0.26824  	0.33792  	0.08687  	-0.4488  	-0.0667  	0.11221  	0.16105  	-0.1734  	0.21693  	0.11186  	-0.0299  	0.00777  	-0.0268  	0.01687  	-0.1310  	-0.1144  	-0.0677  	0.00490  	-0.0147  	-0.0039  	-0.0124  	0.00953  	0.00941  	0.03864  	-0.0364  	-0.0293  	0.02136  	0.05095  	0.00127  	0.19591  	-0.0401  	-0.0029  	-0.0129  	0.02117  	0.32912  	0.47227  	293.370  	223.447  	
-0.4031  	-0.2639  	-0.4823  	-0.7453  	0.51098  	-1.3653  	-0.4736  	0.17101  	-0.1221  	-0.3571  	0.21172  	0.72047  	-0.1965  	-0.3503  	-1.2335  	-0.2845  	0.47216  	-0.3584  	0.61537  	0.25238  	-0.1426  	0.77012  	0.18329  	0.62503  	0.38781  	0.20963  	0.30399  	-0.7448  	-0.4467  	-0.2786  	-0.1594  	-0.0566  	-0.0372  	-0.1918  	0.38965  	0.18140  	0.36497  	0.07730  	-0.4677  	-0.0928  	0.09885  	0.15160  	-0.1653  	0.24573  	0.11425  	-0.0296  	0.01165  	-0.0259  	0.02460  	-0.1311  	-0.1146  	-0.0728  	0.00116  	-0.0170  	-0.0031  	-0.0114  	0.00815  	0.01125  	0.03264  	-0.0380  	-0.0227  	0.02640  	0.04627  	0.00174  	0.19591  	-0.0401  	-0.0029  	-0.0129  	0.02117  	0.32912  	0.47227  	293.370  	223.447  	
-0.0234  	-0.0961  	-0.4035  	-0.4417  	0.61297  	-1.1221  	-0.5024  	0.31585  	-0.0699  	-0.3590  	-0.0622  	0.86388  	-0.1060  	-0.0787  	-1.0484  	-0.2517  	0.44384  	-0.2868  	0.64056  	0.24606  	-0.1630  	0.85505  	0.17224  	0.59307  	0.45882  	0.20013  	0.28341  	-0.6690  	-0.3461  	-0.2199  	-0.1330  	-0.0926  	-0.0574  	-0.1845  	0.38836  	0.20967  	0.31000  	0.05967  	-0.4422  	-0.0348  	0.10331  	0.12723  	-0.1220  	0.23677  	0.10404  	-0.0353  	0.00746  	-0.0049  	0.02722  	-0.1377  	-0.1027  	-0.0739  	0.00289  	-0.0185  	-0.0077  	-0.0037  	0.01284  	0.00695  	0.03013  	-0.0294  	-0.0345  	0.01928  	0.04191  	-0.0035  	0.19591  	-0.0401  	-0.0029  	-0.0129  	0.02117  	0.32912  	0.47227  	293.370  	223.447  	
0.12540  	-0.0428  	-0.2020  	-0.2297  	0.72072  	-1.0214  	-0.4999  	0.31905  	-0.0617  	-0.4521  	-0.1952  	0.92678  	-0.1395  	-0.0521  	-0.9518  	-0.1581  	0.44849  	-0.2765  	0.64869  	0.25031  	-0.1418  	0.79639  	0.13443  	0.56697  	0.46231  	0.18997  	0.24546  	-0.6678  	-0.3512  	-0.2337  	-0.1707  	-0.0911  	-0.0330  	-0.1969  	0.41187  	0.19239  	0.31164  	0.08922  	-0.4509  	-0.0413  	0.12329  	0.10967  	-0.1173  	0.26479  	0.08581  	-0.0292  	0.01536  	0.01057  	0.03291  	-0.1392  	-0.0961  	-0.0806  	0.00101  	-0.0126  	-0.0065  	-0.0010  	0.02624  	0.00640  	0.03756  	-0.0259  	-0.0408  	0.02241  	0.04649  	0.00028  	0.19591  	-0.0401  	-0.0029  	-0.0129  	0.02117  	0.32912  	0.47227  	293.370  	223.447  	
0.08503  	-0.0860  	-0.2457  	-0.2559  	0.71364  	-0.9867  	-0.5058  	0.27532  	-0.0377  	-0.4438  	-0.1539  	0.88847  	-0.1799  	-0.1774  	-1.0178  	-0.1722  	0.44298  	-0.2967  	0.64720  	0.24255  	-0.1641  	0.77526  	0.13336  	0.53997  	0.45650  	0.18860  	0.22134  	-0.6419  	-0.3748  	-0.2183  	-0.1627  	-0.0721  	-0.0272  	-0.1778  	0.40972  	0.19250  	0.32751  	0.08383  	-0.4435  	-0.0624  	0.14126  	0.10989  	-0.1177  	0.26720  	0.09804  	-0.0332  	0.01178  	-0.0054  	0.02863  	-0.1427  	-0.1005  	-0.0735  	0.00097  	-0.0194  	-0.0030  	-0.0059  	0.03082  	0.01606  	0.02794  	-0.0351  	-0.0359  	0.01452  	0.06108  	0.00272  	0.19591  	-0.0401  	-0.0029  	-0.0129  	0.02117  	0.32912  	0.47227  	293.370  	223.447  	
0.08209  	-0.0779  	-0.2275  	-0.3761  	0.64599  	-0.9901  	-0.5284  	0.31543  	-0.0779  	-0.4465  	-0.0856  	0.82066  	-0.1423  	-0.3386  	-1.1012  	-0.2120  	0.52790  	-0.4485  	0.71362  	-0.0286  	-0.0906  	0.52703  	-0.0957  	0.52211  	0.37736  	0.29444  	0.27737  	-0.7461  	-0.2694  	-0.2562  	-0.0429  	-0.1164  	-0.1296  	-0.3461  	0.29381  	0.19836  	0.24868  	0.08862  	-0.5553  	-0.1271  	0.21863  	0.25767  	-0.2233  	0.34629  	0.03424  	-0.0145  	-0.0193  	0.01946  	-0.0007  	-0.1465  	-0.0914  	-0.0661  	0.00725  	0.00244  	0.00324  	-0.0052  	0.02125  	-0.0002  	0.03422  	-0.0302  	-0.0340  	0.01383  	0.04221  	0.00515  	0.19591  	-0.0401  	-0.0029  	-0.0129  	0.02117  	0.32912  	0.47227  	293.370  	223.447  	
-0.0349  	-0.0660  	-0.2134  	-0.4268  	0.62105  	-1.1023  	-0.5377  	0.30778  	-0.1066  	-0.4386  	-0.0612  	0.78352  	-0.1181  	-0.4291  	-1.1048  	-0.2981  	0.62621  	-0.6042  	0.78260  	-0.2755  	-0.0738  	0.37562  	-0.3216  	0.51628  	0.36059  	0.37114  	0.32765  	-0.8575  	-0.1896  	-0.2724  	0.03495  	-0.1486  	-0.2237  	-0.4838  	0.22228  	0.20210  	0.19608  	0.08109  	-0.6465  	-0.2136  	0.30796  	0.36237  	-0.3130  	0.41674  	-0.0055  	0.00224  	-0.0367  	0.03634  	-0.0086  	-0.1625  	-0.0929  	-0.0609  	0.01030  	0.01588  	0.00830  	-0.0070  	0.01185  	-0.0071  	0.03459  	-0.0156  	-0.0249  	0.00905  	0.02272  	0.00415  	0.19591  	-0.0401  	-0.0029  	-0.0129  	0.02117  	0.32912  	0.47227  	293.370  	223.447  	
-0.2174  	-0.1217  	-0.2930  	-0.6023  	0.48704  	-1.1972  	-0.5680  	0.24984  	-0.1537  	-0.4193  	0.03766  	0.72785  	-0.1612  	-0.5623  	-1.1983  	-0.3350  	0.64991  	-0.6002  	0.79158  	-0.3240  	-0.1085  	0.28993  	-0.3213  	0.48925  	0.34125  	0.41819  	0.26534  	-0.8541  	-0.1647  	-0.3038  	0.08354  	-0.1580  	-0.2654  	-0.5152  	0.17789  	0.24208  	0.17311  	0.08073  	-0.6879  	-0.2613  	0.32360  	0.39219  	-0.3552  	0.43553  	-0.0065  	0.01256  	-0.0375  	0.02742  	-0.0178  	-0.1616  	-0.0933  	-0.0565  	0.01016  	0.02247  	0.01506  	-0.0066  	0.01930  	-0.0087  	0.03837  	-0.0138  	-0.0234  	0.00477  	0.01905  	0.00619  	0.19591  	-0.0401  	-0.0029  	-0.0129  	0.02117  	0.32912  	0.47227  	293.370  	223.447  	
-0.2617  	-0.1512  	-0.3368  	-0.6470  	0.49222  	-1.2448  	-0.5413  	0.20789  	-0.1686  	-0.3837  	0.05079  	0.72829  	-0.1526  	-0.5925  	-1.2207  	-0.3131  	0.61252  	-0.5785  	0.77515  	-0.2730  	-0.1758  	0.34267  	-0.2489  	0.47604  	0.33901  	0.40709  	0.24307  	-0.8085  	-0.1615  	-0.2860  	0.08652  	-0.1493  	-0.2394  	-0.4813  	0.17966  	0.25046  	0.18453  	0.07779  	-0.6670  	-0.2383  	0.31474  	0.36373  	-0.3282  	0.43260  	0.00922  	0.00036  	-0.0315  	0.02244  	-0.0177  	-0.1479  	-0.0938  	-0.0557  	0.00466  	0.01341  	0.01274  	-0.0092  	0.01645  	-0.0042  	0.03205  	-0.0183  	-0.0232  	0.00619  	0.02497  	0.00404  	0.19591  	-0.0401  	-0.0029  	-0.0129  	0.02117  	0.32912  	0.47227  	293.370  	223.447  	
-0.2875  	-0.1493  	-0.3410  	-0.6334  	0.51603  	-1.2007  	-0.5263  	0.19622  	-0.1218  	-0.3740  	0.00863  	0.74099  	-0.1703  	-0.5165  	-1.2579  	-0.2628  	0.54404  	-0.4540  	0.70296  	-0.0885  	-0.2392  	0.54248  	-0.0071  	0.48233  	0.33771  	0.33881  	0.23004  	-0.7220  	-0.2249  	-0.2832  	-0.0059  	-0.1151  	-0.1512  	-0.3445  	0.22290  	0.23746  	0.23030  	0.07301  	-0.5598  	-0.1727  	0.25453  	0.25304  	-0.2284  	0.37362  	0.05375  	-0.0198  	-0.0128  	0.01556  	0.00249  	-0.1422  	-0.1015  	-0.0609  	0.00430  	-0.0004  	0.00854  	-0.0085  	0.01418  	0.00316  	0.03429  	-0.0315  	-0.0268  	0.01354  	0.03989  	0.00560  	0.19591  	-0.0401  	-0.0029  	-0.0129  	0.02117  	0.32912  	0.47227  	293.370  	223.447  	
-0.1936  	-0.1240  	-0.3426  	-0.5233  	0.57413  	-1.1462  	-0.5056  	0.22189  	-0.0753  	-0.3677  	-0.0680  	0.79250  	-0.1813  	-0.3487  	-1.1944  	-0.1677  	0.46291  	-0.2842  	0.61426  	0.19921  	-0.2646  	0.80045  	0.24400  	0.51385  	0.36458  	0.23052  	0.21020  	-0.6383  	-0.3226  	-0.2778  	-0.1307  	-0.0730  	-0.0398  	-0.1758  	0.30803  	0.22031  	0.31044  	0.08125  	-0.4448  	-0.0752  	0.17650  	0.12467  	-0.1078  	0.27335  	0.09653  	-0.0370  	0.01563  	-0.0028  	0.02439  	-0.1347  	-0.1069  	-0.0668  	0.00080  	-0.0149  	0.00052  	-0.0112  	0.01506  	0.01091  	0.03676  	-0.0353  	-0.0306  	0.02277  	0.05398  	0.00742  	0.19591  	-0.0401  	-0.0029  	-0.0129  	0.02117  	0.32912  	0.47227  	293.370  	223.447  	
-0.0044  	-0.0673  	-0.2935  	-0.4000  	0.64501  	-1.0686  	-0.4970  	0.27959  	-0.0516  	-0.4187  	-0.0986  	0.86844  	-0.1365  	-0.2195  	-1.0744  	-0.1265  	0.46320  	-0.3263  	0.61368  	0.20629  	-0.2018  	0.80650  	0.22892  	0.52544  	0.35122  	0.22036  	0.20090  	-0.6850  	-0.3685  	-0.2704  	-0.1372  	-0.0726  	-0.0061  	-0.1667  	0.36999  	0.17381  	0.36049  	0.10385  	-0.4680  	-0.0815  	0.16285  	0.10725  	-0.1072  	0.27080  	0.09315  	-0.0228  	0.01710  	-0.0059  	0.01219  	-0.1404  	-0.1203  	-0.0721  	0.00175  	-0.0140  	-0.0037  	-0.0090  	0.00905  	0.00605  	0.02682  	-0.0406  	-0.0299  	0.01695  	0.04408  	0.00057  	0.19591  	-0.0401  	-0.0029  	-0.0129  	0.02117  	0.32912  	0.47227  	293.370  	223.447  	
0.27634  	0.01262  	-0.1681  	-0.1966  	0.67851  	-0.9228  	-0.4715  	0.37304  	-0.0182  	-0.5367  	-0.0675  	0.85533  	-0.0934  	-0.0191  	-0.8608  	-0.0893  	0.44012  	-0.3544  	0.60888  	0.16248  	0.00231  	0.79485  	0.17192  	0.58088  	0.36629  	0.17935  	0.32731  	-0.8173  	-0.4915  	-0.2633  	-0.1554  	-0.0434  	0.00650  	-0.1798  	0.51708  	0.10434  	0.44566  	0.13062  	-0.5249  	-0.0964  	0.10145  	0.13212  	-0.1322  	0.24637  	0.09754  	-0.0240  	0.01912  	-0.0124  	0.01452  	-0.1282  	-0.1157  	-0.0673  	0.00897  	-0.0163  	-0.0047  	-0.0036  	0.00463  	0.00445  	0.02813  	-0.0399  	-0.0300  	0.02653  	0.04720  	-0.0035  	0.19591  	-0.0401  	-0.0029  	-0.0129  	0.02117  	0.32912  	0.47227  	293.370  	223.447  	
0.48195  	0.08167  	-0.0380  	-0.1052  	0.67420  	-0.7853  	-0.4658  	0.46088  	0.03977  	-0.5936  	-0.0249  	0.85783  	-0.1007  	0.06631  	-0.7745  	-0.0401  	0.45508  	-0.4185  	0.59864  	0.09330  	0.16154  	0.81635  	0.20623  	0.66887  	0.35434  	0.15709  	0.45485  	-0.9680  	-0.6446  	-0.2669  	-0.1912  	-0.0018  	0.00953  	-0.1980  	0.61449  	0.05280  	0.57172  	0.16470  	-0.5739  	-0.1323  	0.05872  	0.12742  	-0.1388  	0.24878  	0.09089  	-0.0274  	0.01011  	-0.0046  	0.02204  	-0.1251  	-0.1120  	-0.0675  	0.00899  	-0.0104  	-0.0056  	0.01251  	0.00675  	0.00774  	0.03027  	-0.0328  	-0.0309  	0.02507  	0.04105  	-0.0047  	0.19591  	-0.0401  	-0.0029  	-0.0129  	0.02117  	0.32912  	0.47227  	293.370  	223.447  	
0.56026  	0.07384  	0.00339  	-0.0798  	0.66667  	-0.7167  	-0.4505  	0.50585  	0.05865  	-0.6209  	-0.0296  	0.86829  	-0.0844  	0.09612  	-0.7048  	-0.0006  	0.47366  	-0.4484  	0.61163  	0.06995  	0.18720  	0.83489  	0.24011  	0.72434  	0.38250  	0.15011  	0.51656  	-1.0321  	-0.6958  	-0.2549  	-0.1941  	0.01211  	0.00473  	-0.2004  	0.63724  	0.04709  	0.61946  	0.17881  	-0.5672  	-0.1437  	0.01998  	0.14024  	-0.1362  	0.24602  	0.09454  	-0.0280  	0.00523  	0.00378  	0.03085  	-0.1340  	-0.1166  	-0.0645  	0.00874  	-0.0071  	-0.0039  	0.01572  	0.00610  	0.00978  	0.02764  	-0.0275  	-0.0302  	0.02024  	0.04591  	0.00058  	0.19591  	-0.0401  	-0.0029  	-0.0129  	0.02117  	0.32912  	0.47227  	293.370  	223.447  	
0.56021  	0.07378  	0.00331  	-0.0797  	0.66674  	-0.7166  	-0.4505  	0.50584  	0.05863  	-0.6208  	-0.0296  	0.86825  	-0.0844  	0.09603  	-0.7048  	-0.0006  	0.47372  	-0.4484  	0.61160  	0.07002  	0.18712  	0.83485  	0.24010  	0.72437  	0.38250  	0.15011  	0.51655  	-1.0320  	-0.6957  	-0.2549  	-0.1941  	0.01211  	0.00471  	-0.2004  	0.63722  	0.04709  	0.61942  	0.17881  	-0.5672  	-0.1437  	0.01994  	0.14022  	-0.1362  	0.24601  	0.09455  	-0.0280  	0.00523  	0.00377  	0.03084  	-0.1340  	-0.1166  	-0.0645  	0.00873  	-0.0071  	-0.0039  	0.01571  	0.00610  	0.00978  	0.02763  	-0.0275  	-0.0302  	0.02024  	0.04591  	0.00058  	0.19591  	-0.0401  	-0.0029  	-0.0129  	0.02117  	0.32912  	0.47227  	293.370  	223.447  	
0.56021  	0.07378  	0.00331  	-0.0797  	0.66674  	-0.7166  	-0.4505  	0.50584  	0.05863  	-0.6208  	-0.0296  	0.86825  	-0.0844  	0.09603  	-0.7048  	-0.0006  	0.47372  	-0.4484  	0.61160  	0.07002  	0.18712  	0.83485  	0.24010  	0.72437  	0.38250  	0.15011  	0.51655  	-1.0320  	-0.6957  	-0.2549  	-0.1941  	0.01211  	0.00471  	-0.2004  	0.63722  	0.04709  	0.61942  	0.17881  	-0.5672  	-0.1437  	0.01994  	0.14022  	-0.1362  	0.24601  	0.09455  	-0.0280  	0.00523  	0.00377  	0.03084  	-0.1340  	-0.1166  	-0.0645  	0.00873  	-0.0071  	-0.0039  	0.01571  	0.00610  	0.00978  	0.02763  	-0.0275  	-0.0302  	0.02024  	0.04591  	0.00058  	0.19591  	-0.0401  	-0.0029  	-0.0129  	0.02117  	0.32912  	0.47227  	293.370  	223.447  	
0.56021  	0.07378  	0.00331  	-0.0797  	0.66674  	-0.7166  	-0.4505  	0.50584  	0.05863  	-0.6208  	-0.0296  	0.86825  	-0.0844  	0.09603  	-0.7048  	-0.0006  	0.47372  	-0.4484  	0.61160  	0.07002  	0.18712  	0.83485  	0.24010  	0.72437  	0.38250  	0.15011  	0.51655  	-1.0320  	-0.6957  	-0.2549  	-0.1941  	0.01211  	0.00471  	-0.2004  	0.63722  	0.04709  	0.61942  	0.17881  	-0.5672  	-0.1437  	0.01994  	0.14022  	-0.1362  	0.24601  	0.09455  	-0.0280  	0.00523  	0.00377  	0.03084  	-0.1340  	-0.1166  	-0.0645  	0.00873  	-0.0071  	-0.0039  	0.01571  	0.00610  	0.00978  	0.02763  	-0.0275  	-0.0302  	0.02024  	0.04591  	0.00058  	0.19591  	-0.0401  	-0.0029  	-0.0129  	0.02117  	0.32912  	0.47227  	293.370  	223.447  	
0.56021  	0.07378  	0.00331  	-0.0797  	0.66674  	-0.7166  	-0.4505  	0.50584  	0.05863  	-0.6208  	-0.0296  	0.86825  	-0.0844  	0.09603  	-0.7048  	-0.0006  	0.47372  	-0.4484  	0.61160  	0.07002  	0.18712  	0.83485  	0.24010  	0.72437  	0.38250  	0.15011  	0.51655  	-1.0320  	-0.6957  	-0.2549  	-0.1941  	0.01211  	0.00471  	-0.2004  	0.63722  	0.04709  	0.61942  	0.17881  	-0.5672  	-0.1437  	0.01994  	0.14022  	-0.1362  	0.24601  	0.09455  	-0.0280  	0.00523  	0.00377  	0.03084  	-0.1340  	-0.1166  	-0.0645  	0.00873  	-0.0071  	-0.0039  	0.01571  	0.00610  	0.00978  	0.02763  	-0.0275  	-0.0302  	0.02024  	0.04591  	0.00058  	0.19591  	-0.0401  	-0.0029  	-0.0129  	0.02117  	0.32912  	0.47227  	293.370  	223.447  	
0.56021  	0.07378  	0.00331  	-0.0797  	0.66674  	-0.7166  	-0.4505  	0.50584  	0.05863  	-0.6208  	-0.0296  	0.86825  	-0.0844  	0.09603  	-0.7048  	-0.0006  	0.47372  	-0.4484  	0.61160  	0.07002  	0.18712  	0.83485  	0.24010  	0.72437  	0.38250  	0.15011  	0.51655  	-1.0320  	-0.6957  	-0.2549  	-0.1941  	0.01211  	0.00471  	-0.2004  	0.63722  	0.04709  	0.61942  	0.17881  	-0.5672  	-0.1437  	0.01994  	0.14022  	-0.1362  	0.24601  	0.09455  	-0.0280  	0.00523  	0.00377  	0.03084  	-0.1340  	-0.1166  	-0.0645  	0.00873  	-0.0071  	-0.0039  	0.01571  	0.00610  	0.00978  	0.02763  	-0.0275  	-0.0302  	0.02024  	0.04591  	0.00058  	0.19591  	-0.0401  	-0.0029  	-0.0129  	0.02117  	0.32912  	0.47227  	293.370  	223.447  	
0.56021  	0.07378  	0.00331  	-0.0797  	0.66674  	-0.7166  	-0.4505  	0.50584  	0.05863  	-0.6208  	-0.0296  	0.86825  	-0.0844  	0.09603  	-0.7048  	-0.0006  	0.47372  	-0.4484  	0.61160  	0.07002  	0.18712  	0.83485  	0.24010  	0.72437  	0.38250  	0.15011  	0.51655  	-1.0320  	-0.6957  	-0.2549  	-0.1941  	0.01211  	0.00471  	-0.2004  	0.63722  	0.04709  	0.61942  	0.17881  	-0.5672  	-0.1437  	0.01994  	0.14022  	-0.1362  	0.24601  	0.09455  	-0.0280  	0.00523  	0.00377  	0.03084  	-0.1340  	-0.1166  	-0.0645  	0.00873  	-0.0071  	-0.0039  	0.01571  	0.00610  	0.00978  	0.02763  	-0.0275  	-0.0302  	0.02024  	0.04591  	0.00058  	0.19591  	-0.0401  	-0.0029  	-0.0129  	0.02117  	0.32912  	0.47227  	293.370  	223.447  	
0.56021  	0.07378  	0.00331  	-0.0797  	0.66674  	-0.7166  	-0.4505  	0.50584  	0.05863  	-0.6208  	-0.0296  	0.86825  	-0.0844  	0.09603  	-0.7048  	-0.0006  	0.47372  	-0.4484  	0.61160  	0.07002  	0.18712  	0.83485  	0.24010  	0.72437  	0.38250  	0.15011  	0.51655  	-1.0320  	-0.6957  	-0.2549  	-0.1941  	0.01211  	0.00471  	-0.2004  	0.63722  	0.04709  	0.61942  	0.17881  	-0.5672  	-0.1437  	0.01994  	0.14022  	-0.1362  	0.24601  	0.09455  	-0.0280  	0.00523  	0.00377  	0.03084  	-0.1340  	-0.1166  	-0.0645  	0.00873  	-0.0071  	-0.0039  	0.01571  	0.00610  	0.00978  	0.02763  	-0.0275  	-0.0302  	0.02024  	0.04591  	0.00058  	0.19591  	-0.0401  	-0.0029  	-0.0129  	0.02117  	0.32912  	0.47227  	293.370  	223.447  	
0.56021  	0.07378  	0.00331  	-0.0797  	0.66674  	-0.7166  	-0.4505  	0.50584  	0.05863  	-0.6208  	-0.0296  	0.86825  	-0.0844  	0.09603  	-0.7048  	-0.0006  	0.47372  	-0.4484  	0.61160  	0.07002  	0.18712  	0.83485  	0.24010  	0.72437  	0.38250  	0.15011  	0.51655  	-1.0320  	-0.6957  	-0.2549  	-0.1941  	0.01211  	0.00471  	-0.2004  	0.63722  	0.04709  	0.61942  	0.17881  	-0.5672  	-0.1437  	0.01994  	0.14022  	-0.1362  	0.24601  	0.09455  	-0.0280  	0.00523  	0.00377  	0.03084  	-0.1340  	-0.1166  	-0.0645  	0.00873  	-0.0071  	-0.0039  	0.01571  	0.00610  	0.00978  	0.02763  	-0.0275  	-0.0302  	0.02024  	0.04591  	0.00058  	0.19591  	-0.0401  	-0.0029  	-0.0129  	0.02117  	0.32912  	0.47227  	293.370  	223.447  	
0.56021  	0.07378  	0.00331  	-0.0797  	0.66674  	-0.7166  	-0.4505  	0.50584  	0.05863  	-0.6208  	-0.0296  	0.86825  	-0.0844  	0.09603  	-0.7048  	-0.0006  	0.47372  	-0.4484  	0.61160  	0.07002  	0.18712  	0.83485  	0.24010  	0.72437  	0.38250  	0.15011  	0.51655  	-1.0320  	-0.6957  	-0.2549  	-0.1941  	0.01211  	0.00471  	-0.2004  	0.63722  	0.04709  	0.61942  	0.17881  	-0.5672  	-0.1437  	0.01994  	0.14022  	-0.1362  	0.24601  	0.09455  	-0.0280  	0.00523  	0.00377  	0.03084  	-0.1340  	-0.1166  	-0.0645  	0.00873  	-0.0071  	-0.0039  	0.01571  	0.00610  	0.00978  	0.02763  	-0.0275  	-0.0302  	0.02024  	0.04591  	0.00058  	0.19591  	-0.0401  	-0.0029  	-0.0129  	0.02117  	0.32912  	0.47227  	293.370  	223.447  	
0.56021  	0.07378  	0.00331  	-0.0797  	0.66674  	-0.7166  	-0.4505  	0.50584  	0.05863  	-0.6208  	-0.0296  	0.86825  	-0.0844  	0.09603  	-0.7048  	-0.0006  	0.47372  	-0.4484  	0.61160  	0.07002  	0.18712  	0.83485  	0.24010  	0.72437  	0.38250  	0.15011  	0.51655  	-1.0320  	-0.6957  	-0.2549  	-0.1941  	0.01211  	0.00471  	-0.2004  	0.63722  	0.04709  	0.61942  	0.17881  	-0.5672  	-0.1437  	0.01994  	0.14022  	-0.1362  	0.24601  	0.09455  	-0.0280  	0.00523  	0.00377  	0.03084  	-0.1340  	-0.1166  	-0.0645  	0.00873  	-0.0071  	-0.0039  	0.01571  	0.00610  	0.00978  	0.02763  	-0.0275  	-0.0302  	0.02024  	0.04591  	0.00058  	0.19591  	-0.0401  	-0.0029  	-0.0129  	0.02117  	0.32912  	0.47227  	293.370  	223.447  	
0.56021  	0.07378  	0.00331  	-0.0797  	0.66674  	-0.7166  	-0.4505  	0.50584  	0.05863  	-0.6208  	-0.0296  	0.86825  	-0.0844  	0.09603  	-0.7048  	-0.0006  	0.47372  	-0.4484  	0.61160  	0.07002  	0.18712  	0.83485  	0.24010  	0.72437  	0.38250  	0.15011  	0.51655  	-1.0320  	-0.6957  	-0.2549  	-0.1941  	0.01211  	0.00471  	-0.2004  	0.63722  	0.04709  	0.61942  	0.17881  	-0.5672  	-0.1437  	0.01994  	0.14022  	-0.1362  	0.24601  	0.09455  	-0.0280  	0.00523  	0.00377  	0.03084  	-0.1340  	-0.1166  	-0.0645  	0.00873  	-0.0071  	-0.0039  	0.01571  	0.00610  	0.00978  	0.02763  	-0.0275  	-0.0302  	0.02024  	0.04591  	0.00058  	0.19591  	-0.0401  	-0.0029  	-0.0129  	0.02117  	0.32912  	0.47227  	293.370  	223.447  	
0.56021  	0.07378  	0.00331  	-0.0797  	0.66674  	-0.7166  	-0.4505  	0.50584  	0.05863  	-0.6208  	-0.0296  	0.86825  	-0.0844  	0.09603  	-0.7048  	-0.0006  	0.47372  	-0.4484  	0.61160  	0.07002  	0.18712  	0.83485  	0.24010  	0.72437  	0.38250  	0.15011  	0.51655  	-1.0320  	-0.6957  	-0.2549  	-0.1941  	0.01211  	0.00471  	-0.2004  	0.63722  	0.04709  	0.61942  	0.17881  	-0.5672  	-0.1437  	0.01994  	0.14022  	-0.1362  	0.24601  	0.09455  	-0.0280  	0.00523  	0.00377  	0.03084  	-0.1340  	-0.1166  	-0.0645  	0.00873  	-0.0071  	-0.0039  	0.01571  	0.00610  	0.00978  	0.02763  	-0.0275  	-0.0302  	0.02024  	0.04591  	0.00058  	0.19591  	-0.0401  	-0.0029  	-0.0129  	0.02117  	0.32912  	0.47227  	293.370  	223.447  	
0.56021  	0.07378  	0.00331  	-0.0797  	0.66674  	-0.7166  	-0.4505  	0.50584  	0.05863  	-0.6208  	-0.0296  	0.86825  	-0.0844  	0.09603  	-0.7048  	-0.0006  	0.47372  	-0.4484  	0.61160  	0.07002  	0.18712  	0.83485  	0.24010  	0.72437  	0.38250  	0.15011  	0.51655  	-1.0320  	-0.6957  	-0.2549  	-0.1941  	0.01211  	0.00471  	-0.2004  	0.63722  	0.04709  	0.61942  	0.17881  	-0.5672  	-0.1437  	0.01994  	0.14022  	-0.1362  	0.24601  	0.09455  	-0.0280  	0.00523  	0.00377  	0.03084  	-0.1340  	-0.1166  	-0.0645  	0.00873  	-0.0071  	-0.0039  	0.01571  	0.00610  	0.00978  	0.02763  	-0.0275  	-0.0302  	0.02024  	0.04591  	0.00058  	0.19591  	-0.0401  	-0.0029  	-0.0129  	0.02117  	0.32912  	0.47227  	293.370  	223.447  	
0.56021  	0.07378  	0.00331  	-0.0797  	0.66674  	-0.7166  	-0.4505  	0.50584  	0.05863  	-0.6208  	-0.0296  	0.86825  	-0.0844  	0.09603  	-0.7048  	-0.0006  	0.47372  	-0.4484  	0.61160  	0.07002  	0.18712  	0.83485  	0.24010  	0.72437  	0.38250  	0.15011  	0.51655  	-1.0320  	-0.6957  	-0.2549  	-0.1941  	0.01211  	0.00471  	-0.2004  	0.63722  	0.04709  	0.61942  	0.17881  	-0.5672  	-0.1437  	0.01994  	0.14022  	-0.1362  	0.24601  	0.09455  	-0.0280  	0.00523  	0.00377  	0.03084  	-0.1340  	-0.1166  	-0.0645  	0.00873  	-0.0071  	-0.0039  	0.01571  	0.00610  	0.00978  	0.02763  	-0.0275  	-0.0302  	0.02024  	0.04591  	0.00058  	0.19591  	-0.0401  	-0.0029  	-0.0129  	0.02117  	0.32912  	0.47227  	293.370  	223.447  	
0.56021  	0.07378  	0.00331  	-0.0797  	0.66674  	-0.7166  	-0.4505  	0.50584  	0.05863  	-0.6208  	-0.0296  	0.86825  	-0.0844  	0.09603  	-0.7048  	-0.0006  	0.47372  	-0.4484  	0.61160  	0.07002  	0.18712  	0.83485  	0.24010  	0.72437  	0.38250  	0.15011  	0.51655  	-1.0320  	-0.6957  	-0.2549  	-0.1941  	0.01211  	0.00471  	-0.2004  	0.63722  	0.04709  	0.61942  	0.17881  	-0.5672  	-0.1437  	0.01994  	0.14022  	-0.1362  	0.24601  	0.09455  	-0.0280  	0.00523  	0.00377  	0.03084  	-0.1340  	-0.1166  	-0.0645  	0.00873  	-0.0071  	-0.0039  	0.01571  	0.00610  	0.00978  	0.02763  	-0.0275  	-0.0302  	0.02024  	0.04591  	0.00058  	0.19591  	-0.0401  	-0.0029  	-0.0129  	0.02117  	0.32912  	0.47227  	293.370  	223.447  	
0.56021  	0.07378  	0.00331  	-0.0797  	0.66674  	-0.7166  	-0.4505  	0.50584  	0.05863  	-0.6208  	-0.0296  	0.86825  	-0.0844  	0.09603  	-0.7048  	-0.0006  	0.47372  	-0.4484  	0.61160  	0.07002  	0.18712  	0.83485  	0.24010  	0.72437  	0.38250  	0.15011  	0.51655  	-1.0320  	-0.6957  	-0.2549  	-0.1941  	0.01211  	0.00471  	-0.2004  	0.63722  	0.04709  	0.61942  	0.17881  	-0.5672  	-0.1437  	0.01994  	0.14022  	-0.1362  	0.24601  	0.09455  	-0.0280  	0.00523  	0.00377  	0.03084  	-0.1340  	-0.1166  	-0.0645  	0.00873  	-0.0071  	-0.0039  	0.01571  	0.00610  	0.00978  	0.02763  	-0.0275  	-0.0302  	0.02024  	0.04591  	0.00058  	0.19591  	-0.0401  	-0.0029  	-0.0129  	0.02117  	0.32912  	0.47227  	293.370  	223.447  	
0.56021  	0.07378  	0.00331  	-0.0797  	0.66674  	-0.7166  	-0.4505  	0.50584  	0.05863  	-0.6208  	-0.0296  	0.86825  	-0.0844  	0.09603  	-0.7048  	-0.0006  	0.47372  	-0.4484  	0.61160  	0.07002  	0.18712  	0.83485  	0.24010  	0.72437  	0.38250  	0.15011  	0.51655  	-1.0320  	-0.6957  	-0.2549  	-0.1941  	0.01211  	0.00471  	-0.2004  	0.63722  	0.04709  	0.61942  	0.17881  	-0.5672  	-0.1437  	0.01994  	0.14022  	-0.1362  	0.24601  	0.09455  	-0.0280  	0.00523  	0.00377  	0.03084  	-0.1340  	-0.1166  	-0.0645  	0.00873  	-0.0071  	-0.0039  	0.01571  	0.00610  	0.00978  	0.02763  	-0.0275  	-0.0302  	0.02024  	0.04591  	0.00058  	0.19591  	-0.0401  	-0.0029  	-0.0129  	0.02117  	0.32912  	0.47227  	293.370  	223.447  	
0.57930  	0.07817  	-0.0011  	-0.0479  	0.70227  	-0.7106  	-0.4435  	0.49259  	0.04858  	-0.6273  	-0.0813  	0.85027  	-0.0634  	0.11640  	-0.6934  	-0.0049  	0.47185  	-0.4403  	0.61402  	0.07694  	0.15803  	0.84605  	0.22114  	0.73660  	0.41383  	0.15003  	0.53172  	-1.0208  	-0.6604  	-0.2475  	-0.2006  	0.00194  	0.00084  	-0.2037  	0.64524  	0.06085  	0.58515  	0.15711  	-0.5534  	-0.1275  	0.00190  	0.14404  	-0.1410  	0.24618  	0.09586  	-0.0285  	0.00429  	0.00758  	0.03435  	-0.1314  	-0.1085  	-0.0661  	0.00782  	-0.0114  	-0.0036  	0.01630  	0.00764  	0.01019  	0.02625  	-0.0295  	-0.0334  	0.02156  	0.04952  	-0.0012  	0.19591  	-0.0401  	-0.0029  	-0.0129  	0.02117  	0.32912  	0.47227  	293.370  	223.447  	
0.62431  	0.05738  	0.06387  	0.02675  	0.78374  	-0.6638  	-0.4208  	0.47334  	0.03925  	-0.5282  	-0.2663  	0.78962  	0.02663  	0.16657  	-0.7826  	-0.0529  	0.45972  	-0.4011  	0.61379  	0.10607  	-0.0277  	0.86959  	0.13035  	0.63156  	0.55179  	0.12855  	0.48156  	-0.8692  	-0.4990  	-0.1913  	-0.2056  	-0.0213  	-0.0094  	-0.1929  	0.53104  	0.14132  	0.46063  	0.09976  	-0.4617  	-0.0797  	0.03699  	0.14069  	-0.1075  	0.26472  	0.10226  	-0.0291  	-0.0149  	0.03628  	0.05267  	-0.1365  	-0.0975  	-0.0731  	0.00547  	-0.0182  	-0.0020  	0.02656  	0.01237  	0.00465  	0.03004  	-0.0283  	-0.0316  	0.01582  	0.04899  	-0.0019  	0.19591  	-0.0401  	-0.0029  	-0.0129  	0.02117  	0.32912  	0.47227  	293.370  	223.447  	
0.55556  	0.03988  	-0.0930  	0.10805  	0.87470  	-0.7427  	-0.3843  	0.40216  	0.02814  	-0.4683  	-0.3615  	0.80006  	0.05648  	0.23983  	-0.6993  	-0.1544  	0.43958  	-0.3871  	0.59608  	0.17080  	-0.0793  	0.86969  	0.08471  	0.61393  	0.58987  	0.10442  	0.49296  	-0.8135  	-0.3958  	-0.1543  	-0.2209  	-0.0449  	-0.0208  	-0.1877  	0.55167  	0.17920  	0.39682  	0.07015  	-0.4522  	-0.0269  	0.03246  	0.15675  	-0.1329  	0.26779  	0.10900  	-0.0284  	-0.0036  	0.02833  	0.05025  	-0.1383  	-0.0961  	-0.0756  	0.00793  	-0.0210  	-0.0015  	0.02368  	0.01948  	0.00519  	0.03122  	-0.0264  	-0.0348  	0.01960  	0.04401  	-0.0016  	0.19591  	-0.0401  	-0.0029  	-0.0129  	0.02117  	0.32912  	0.47227  	293.370  	223.447  	
0.33037  	-0.0539  	-0.2668  	0.20801  	0.96401  	-0.8749  	-0.4020  	0.34973  	-0.0260  	-0.4947  	-0.3291  	0.93469  	0.00083  	0.19825  	-0.5838  	-0.1197  	0.41781  	-0.3714  	0.59507  	0.19348  	-0.0798  	0.90372  	0.06299  	0.67385  	0.52942  	0.14798  	0.48308  	-0.7431  	-0.4099  	-0.1610  	-0.2111  	-0.0370  	-0.0241  	-0.1801  	0.58135  	0.13167  	0.38826  	0.05773  	-0.4690  	-0.0157  	-0.0209  	0.16242  	-0.1599  	0.25706  	0.11349  	-0.0301  	0.00146  	-0.0021  	0.03719  	-0.1362  	-0.0959  	-0.0780  	0.00250  	-0.0211  	-0.0031  	0.01106  	0.01640  	0.00389  	0.04064  	-0.0258  	-0.0383  	0.02022  	0.03389  	0.00289  	0.19591  	-0.0401  	-0.0029  	-0.0129  	0.02117  	0.32912  	0.47227  	293.370  	223.447  	
0.20668  	-0.0636  	-0.2469  	-0.0588  	0.84418  	-0.8513  	-0.4587  	0.28106  	-0.0894  	-0.5787  	-0.1872  	0.86519  	-0.1395  	-0.0905  	-0.7508  	-0.1111  	0.45174  	-0.3748  	0.61540  	0.17463  	-0.0667  	0.86295  	0.13057  	0.70712  	0.49288  	0.16177  	0.44512  	-0.8064  	-0.4415  	-0.1872  	-0.2176  	-0.0265  	-0.0275  	-0.2018  	0.52629  	0.16573  	0.45402  	0.08236  	-0.5039  	-0.0514  	0.03375  	0.15236  	-0.1765  	0.26490  	0.11239  	-0.0259  	0.01687  	-0.0141  	0.01731  	-0.1413  	-0.1053  	-0.0723  	0.00492  	-0.0204  	-0.0077  	-0.0013  	0.02179  	0.00865  	0.03280  	-0.0277  	-0.0414  	0.00614  	0.04616  	-0.0048  	0.19591  	-0.0401  	-0.0029  	-0.0129  	0.02117  	0.32912  	0.47227  	293.370  	223.447  	
0.39444  	-0.0535  	-0.0861  	-0.2004  	0.71024  	-0.8636  	-0.4777  	0.32808  	-0.0340  	-0.4763  	-0.0514  	0.92879  	-0.1372  	-0.2193  	-1.0922  	0.03462  	0.42696  	-0.3161  	0.66110  	0.26483  	-0.0611  	0.75965  	0.08317  	0.62654  	0.47939  	0.13660  	0.39565  	-0.7228  	-0.4579  	-0.2354  	-0.2051  	-0.0253  	-0.0177  	-0.1935  	0.51381  	0.22195  	0.46784  	0.11730  	-0.5190  	-0.0585  	0.07604  	0.13641  	-0.1465  	0.25734  	0.11038  	-0.0221  	0.00742  	0.00629  	0.02705  	-0.1401  	-0.1022  	-0.0704  	0.00115  	-0.0224  	0.00012  	0.00551  	0.01474  	0.00719  	0.02211  	-0.0312  	-0.0395  	0.00549  	0.05344  	-0.0025  	0.19591  	-0.0401  	-0.0029  	-0.0129  	0.02117  	0.32912  	0.47227  	293.370  	223.447  	
0.44256  	0.00389  	-0.0742  	-0.2658  	0.67482  	-0.8168  	-0.4504  	0.44428  	-0.0005  	-0.4818  	-0.0011  	0.91392  	-0.1133  	-0.1352  	-1.1518  	0.08894  	0.36943  	-0.3062  	0.64949  	0.31143  	0.02925  	0.76530  	0.01006  	0.57699  	0.52842  	0.11555  	0.42375  	-0.7437  	-0.5150  	-0.2365  	-0.1953  	-0.0213  	0.01611  	-0.1854  	0.55181  	0.21153  	0.46730  	0.12840  	-0.5069  	-0.0975  	0.06290  	0.14634  	-0.1266  	0.24553  	0.10831  	-0.0374  	0.01261  	0.00743  	0.03285  	-0.1535  	-0.1026  	-0.0709  	0.00686  	-0.0104  	-0.0108  	0.00231  	0.01850  	0.01500  	0.03182  	-0.0330  	-0.0453  	0.01081  	0.06730  	-0.0053  	0.19591  	-0.0401  	-0.0029  	-0.0129  	0.02117  	0.32912  	0.47227  	293.370  	223.447  	
0.22717  	-0.0725  	-0.0836  	-0.2301  	0.67991  	-0.8454  	-0.5159  	0.37713  	-0.0452  	-0.4640  	-0.0446  	0.77455  	-0.1590  	-0.1235  	-1.0840  	0.01181  	0.42478  	-0.3850  	0.64485  	0.18269  	0.05159  	0.78724  	0.10282  	0.70089  	0.51626  	0.11255  	0.50421  	-0.9178  	-0.5988  	-0.2445  	-0.2194  	0.02574  	-0.0291  	-0.2135  	0.54964  	0.19650  	0.52760  	0.15240  	-0.5442  	-0.0760  	0.02702  	0.13652  	-0.1423  	0.24738  	0.09736  	-0.0346  	0.00657  	-0.0033  	0.03874  	-0.1531  	-0.0930  	-0.0745  	0.00801  	-0.0104  	-0.0161  	0.01197  	0.01598  	0.00722  	0.03909  	-0.0284  	-0.0389  	0.00681  	0.05251  	-0.0059  	0.19591  	-0.0401  	-0.0029  	-0.0129  	0.02117  	0.32912  	0.47227  	293.370  	223.447  	
0.04717  	-0.1033  	-0.2654  	-0.4472  	0.63510  	-0.9962  	-0.5150  	0.19130  	-0.0873  	-0.4776  	0.02786  	0.77349  	-0.2070  	-0.3274  	-1.1529  	-0.1199  	0.41235  	-0.3451  	0.66432  	0.15338  	-0.0661  	0.80198  	0.15696  	0.67658  	0.47128  	0.14412  	0.44454  	-0.8251  	-0.4682  	-0.2636  	-0.1992  	-0.0062  	-0.0618  	-0.2141  	0.48952  	0.25809  	0.47803  	0.09822  	-0.5175  	-0.0622  	0.06186  	0.15109  	-0.1518  	0.25442  	0.11149  	-0.0292  	0.00814  	-0.0115  	0.02742  	-0.1290  	-0.1072  	-0.0757  	0.00922  	-0.0076  	0.00101  	-0.0034  	0.01692  	0.02300  	0.04756  	-0.0401  	-0.0421  	0.01329  	0.04217  	-0.0070  	0.19591  	-0.0401  	-0.0029  	-0.0129  	0.02117  	0.32912  	0.47227  	293.370  	223.447  	
0.10539  	-0.1171  	-0.2279  	-0.3603  	0.59664  	-1.0008  	-0.5103  	0.24027  	-0.0940  	-0.4475  	-0.0248  	0.78672  	-0.2031  	-0.2738  	-1.2165  	-0.0677  	0.42361  	-0.3234  	0.65994  	0.14930  	-0.1635  	0.79276  	0.17176  	0.63438  	0.44044  	0.17482  	0.39963  	-0.7679  	-0.4310  	-0.2199  	-0.2053  	-0.0329  	-0.0597  	-0.2009  	0.46249  	0.25958  	0.44105  	0.08537  	-0.5089  	-0.0578  	0.11313  	0.16183  	-0.1482  	0.26410  	0.10656  	-0.0299  	0.00934  	-0.0006  	0.02956  	-0.1401  	-0.1082  	-0.0749  	0.00154  	-0.0168  	0.00160  	0.00327  	0.01873  	0.01251  	0.03102  	-0.0383  	-0.0412  	0.01462  	0.05224  	-0.0034  	0.19591  	-0.0401  	-0.0029  	-0.0129  	0.02117  	0.32912  	0.47227  	293.370  	223.447  	
0.14603  	-0.0848  	-0.1832  	-0.3885  	0.61194  	-1.0058  	-0.4975  	0.21694  	-0.0876  	-0.3563  	0.01942  	0.84052  	-0.2083  	-0.3447  	-1.3398  	0.01814  	0.41294  	-0.2595  	0.64338  	0.25293  	-0.2207  	0.76799  	0.04443  	0.56009  	0.45080  	0.17664  	0.27913  	-0.6498  	-0.3760  	-0.2429  	-0.1949  	-0.0191  	-0.0403  	-0.1985  	0.45548  	0.29727  	0.37956  	0.07112  	-0.4759  	-0.0571  	0.11009  	0.14290  	-0.1087  	0.25095  	0.11476  	-0.0345  	0.00750  	0.00269  	0.03977  	-0.1451  	-0.0904  	-0.0796  	0.00326  	-0.0194  	0.00944  	-0.0018  	0.02781  	0.01206  	0.02822  	-0.0346  	-0.0411  	0.01131  	0.04987  	0.00537  	0.19591  	-0.0401  	-0.0029  	-0.0129  	0.02117  	0.32912  	0.47227  	293.370  	223.447  	
0.03016  	-0.1053  	-0.2908  	-0.4159  	0.59674  	-1.0292  	-0.4793  	0.19691  	-0.1151  	-0.3163  	-0.0493  	0.81758  	-0.2189  	-0.3025  	-1.2683  	-0.0886  	0.42036  	-0.2657  	0.64077  	0.23930  	-0.2544  	0.78000  	0.08391  	0.55933  	0.49670  	0.18270  	0.31298  	-0.6165  	-0.3252  	-0.2498  	-0.1896  	-0.0351  	-0.0689  	-0.1979  	0.41267  	0.29890  	0.32670  	0.07562  	-0.4639  	-0.0450  	0.11830  	0.13815  	-0.1214  	0.26580  	0.11191  	-0.0387  	0.01231  	-0.0068  	0.02668  	-0.1476  	-0.0931  	-0.0737  	0.00621  	-0.0115  	0.00579  	-0.0083  	0.02897  	0.01149  	0.03454  	-0.0310  	-0.0378  	0.01129  	0.05212  	0.00347  	0.19591  	-0.0401  	-0.0029  	-0.0129  	0.02117  	0.32912  	0.47227  	293.370  	223.447  	
-0.1160  	-0.1205  	-0.3355  	-0.4926  	0.53098  	-1.0626  	-0.4962  	0.15271  	-0.1100  	-0.3793  	-0.0481  	0.75581  	-0.2478  	-0.3657  	-1.2342  	-0.1517  	0.47959  	-0.3291  	0.63805  	0.19687  	-0.1663  	0.75015  	0.15334  	0.61454  	0.48583  	0.18629  	0.38526  	-0.7450  	-0.3933  	-0.2460  	-0.1793  	-0.0388  	-0.0815  	-0.1906  	0.43685  	0.28352  	0.38235  	0.08234  	-0.5068  	-0.0804  	0.12039  	0.13904  	-0.1361  	0.25809  	0.11545  	-0.0254  	0.01213  	-0.0255  	0.01238  	-0.1297  	-0.0951  	-0.0715  	0.01019  	-0.0076  	-0.0028  	-0.0013  	0.02616  	0.01229  	0.04296  	-0.0351  	-0.0379  	0.01443  	0.05246  	-0.0003  	0.19591  	-0.0401  	-0.0029  	-0.0129  	0.02117  	0.32912  	0.47227  	293.370  	223.447  	
-0.1988  	-0.1327  	-0.3319  	-0.6236  	0.48851  	-1.0257  	-0.4954  	0.06185  	-0.1132  	-0.3563  	-0.0713  	0.69170  	-0.3198  	-0.4652  	-1.2871  	-0.1891  	0.46603  	-0.2962  	0.61975  	0.17177  	-0.2873  	0.74789  	0.20733  	0.55943  	0.51025  	0.22446  	0.29824  	-0.7008  	-0.3274  	-0.2420  	-0.1354  	-0.0557  	-0.0956  	-0.1876  	0.33525  	0.30110  	0.35915  	0.06664  	-0.4626  	-0.0683  	0.15940  	0.12151  	-0.1364  	0.27476  	0.11509  	-0.0366  	0.01042  	-0.0194  	0.00231  	-0.1307  	-0.1060  	-0.0677  	0.01169  	-0.0221  	-0.0021  	-0.0056  	0.01246  	0.01454  	0.03606  	-0.0310  	-0.0353  	0.00909  	0.05746  	0.00466  	0.19591  	-0.0401  	-0.0029  	-0.0129  	0.02117  	0.32912  	0.47227  	293.370  	223.447  	
-0.3010  	-0.1838  	-0.3738  	-0.6316  	0.48408  	-1.1680  	-0.4786  	0.12682  	-0.1174  	-0.2962  	-0.0029  	0.76802  	-0.2205  	-0.4248  	-1.3629  	-0.1804  	0.46369  	-0.2499  	0.62310  	0.18974  	-0.3084  	0.74491  	0.21008  	0.49961  	0.41173  	0.22669  	0.22180  	-0.6462  	-0.3151  	-0.2441  	-0.1392  	-0.0601  	-0.0711  	-0.1813  	0.29962  	0.29797  	0.30045  	0.07288  	-0.4518  	-0.0762  	0.16742  	0.13099  	-0.1015  	0.27455  	0.11355  	-0.0398  	0.01704  	-0.0091  	0.01685  	-0.1316  	-0.1018  	-0.0676  	-0.0006  	-0.0103  	0.00865  	-0.0012  	0.01976  	0.01271  	0.03421  	-0.0349  	-0.0318  	0.02106  	0.05294  	0.00453  	0.19591  	-0.0401  	-0.0029  	-0.0129  	0.02117  	0.32912  	0.47227  	293.370  	223.447  	
-0.3039  	-0.1773  	-0.4244  	-0.6621  	0.54745  	-1.3038  	-0.4786  	0.14405  	-0.1271  	-0.2861  	0.06852  	0.72135  	-0.1811  	-0.3899  	-1.3538  	-0.2188  	0.41359  	-0.2711  	0.61546  	0.25447  	-0.2457  	0.78631  	0.13214  	0.52550  	0.44246  	0.21964  	0.25061  	-0.6333  	-0.3481  	-0.2701  	-0.1341  	-0.0776  	-0.0486  	-0.1804  	0.34240  	0.27808  	0.30124  	0.06732  	-0.4531  	-0.0849  	0.15355  	0.13074  	-0.1346  	0.25803  	0.11223  	-0.0373  	0.01066  	-0.0036  	0.00998  	-0.1367  	-0.1058  	-0.0666  	0.00815  	-0.0170  	-0.0064  	-0.0070  	0.01771  	0.01106  	0.03560  	-0.0310  	-0.0307  	0.01595  	0.04898  	0.00120  	0.19591  	-0.0401  	-0.0029  	-0.0129  	0.02117  	0.32912  	0.47227  	293.370  	223.447  	
-0.2133  	-0.1542  	-0.3436  	-0.6299  	0.54298  	-1.2162  	-0.4574  	0.20442  	-0.1139  	-0.3810  	0.00431  	0.67765  	-0.2118  	-0.3292  	-1.2371  	-0.2238  	0.44700  	-0.3182  	0.63293  	0.21353  	-0.2105  	0.78791  	0.18167  	0.58293  	0.45671  	0.20665  	0.31823  	-0.7147  	-0.3649  	-0.2499  	-0.1528  	-0.0630  	-0.0475  	-0.1873  	0.37550  	0.24474  	0.37144  	0.07988  	-0.4766  	-0.0766  	0.14925  	0.13478  	-0.1364  	0.27421  	0.11046  	-0.0305  	0.01460  	-0.0175  	0.01800  	-0.1373  	-0.1117  	-0.0703  	0.00123  	-0.0155  	-0.0060  	-0.0085  	0.02267  	0.01345  	0.03265  	-0.0373  	-0.0309  	0.01617  	0.04993  	0.00038  	0.19591  	-0.0401  	-0.0029  	-0.0129  	0.02117  	0.32912  	0.47227  	293.370  	223.447  	
-0.0106  	-0.1523  	-0.3248  	-0.3685  	0.64579  	-1.0455  	-0.4818  	0.22888  	-0.0774  	-0.4499  	-0.1179  	0.81495  	-0.1910  	-0.3516  	-1.1572  	-0.1389  	0.46760  	-0.2971  	0.62640  	0.21662  	-0.2332  	0.77407  	0.13239  	0.60241  	0.44960  	0.20594  	0.35196  	-0.6386  	-0.3215  	-0.2307  	-0.1720  	-0.0443  	-0.0543  	-0.1892  	0.37344  	0.26108  	0.31895  	0.06315  	-0.4833  	-0.0524  	0.11964  	0.13002  	-0.1347  	0.27370  	0.10380  	-0.0400  	0.01419  	-0.0150  	0.02432  	-0.1421  	-0.1066  	-0.0717  	0.00682  	-0.0187  	0.00215  	-0.0118  	0.02588  	0.01573  	0.03151  	-0.0404  	-0.0378  	0.01758  	0.05308  	0.00234  	0.19591  	-0.0401  	-0.0029  	-0.0129  	0.02117  	0.32912  	0.47227  	293.370  	223.447  	
0.15253  	-0.0720  	-0.2177  	-0.2623  	0.71012  	-0.9755  	-0.4842  	0.23034  	-0.0858  	-0.3560  	-0.0937  	0.84259  	-0.1879  	-0.3729  	-1.2284  	0.03655  	0.42652  	-0.2472  	0.63840  	0.26334  	-0.2447  	0.76825  	0.05384  	0.56507  	0.48664  	0.16847  	0.30790  	-0.6174  	-0.3242  	-0.2242  	-0.1988  	-0.0374  	-0.0632  	-0.2013  	0.40790  	0.30181  	0.32362  	0.06724  	-0.4558  	-0.0233  	0.09797  	0.13365  	-0.1286  	0.27340  	0.10699  	-0.0246  	0.00873  	0.00041  	0.02984  	-0.1447  	-0.0919  	-0.0734  	0.01096  	-0.0234  	0.00602  	-0.0038  	0.02540  	0.00810  	0.03409  	-0.0334  	-0.0394  	0.00138  	0.04911  	0.00521  	0.19591  	-0.0401  	-0.0029  	-0.0129  	0.02117  	0.32912  	0.47227  	293.370  	223.447  	
0.12809  	-0.1233  	-0.2226  	-0.2324  	0.72678  	-0.9849  	-0.4859  	0.20502  	-0.1001  	-0.3662  	-0.0944  	0.78899  	-0.1898  	-0.3855  	-1.1776  	0.04134  	0.41589  	-0.2845  	0.66464  	0.22323  	-0.2286  	0.81044  	0.03152  	0.59170  	0.59401  	0.14492  	0.38387  	-0.6357  	-0.3384  	-0.1809  	-0.2219  	-0.0098  	-0.0893  	-0.2095  	0.43877  	0.34408  	0.36156  	0.08256  	-0.4757  	-0.0400  	0.06886  	0.14673  	-0.1395  	0.26600  	0.10529  	-0.0275  	0.00155  	-0.0029  	0.03021  	-0.1420  	-0.0809  	-0.0729  	0.00976  	-0.0198  	0.00876  	0.00352  	0.02700  	0.01510  	0.03630  	-0.0274  	-0.0365  	-0.0089  	0.05319  	0.00277  	0.19591  	-0.0401  	-0.0029  	-0.0129  	0.02117  	0.32912  	0.47227  	293.370  	223.447  	
0.06206  	-0.1294  	-0.3007  	-0.2665  	0.66990  	-0.9257  	-0.5095  	0.16118  	-0.1222  	-0.4965  	-0.1252  	0.73394  	-0.2042  	-0.3357  	-1.0909  	-0.1385  	0.49184  	-0.3642  	0.64836  	0.12932  	-0.1607  	0.81416  	0.12361  	0.64084  	0.55520  	0.15968  	0.44037  	-0.7507  	-0.4235  	-0.1834  	-0.2018  	0.00202  	-0.1027  	-0.1901  	0.46273  	0.30181  	0.44451  	0.09485  	-0.5016  	-0.0835  	0.07147  	0.13406  	-0.1484  	0.24940  	0.11185  	-0.0338  	0.00705  	-0.0265  	0.02478  	-0.1413  	-0.0964  	-0.0665  	0.00797  	-0.0110  	0.00409  	0.00103  	0.02291  	0.01906  	0.03759  	-0.0413  	-0.0402  	-0.0053  	0.05275  	0.00049  	0.19591  	-0.0401  	-0.0029  	-0.0129  	0.02117  	0.32912  	0.47227  	293.370  	223.447  	
0.14669  	-0.1131  	-0.2857  	-0.2359  	0.71044  	-0.9175  	-0.4883  	0.20661  	-0.1132  	-0.5240  	-0.1627  	0.75551  	-0.1737  	-0.2490  	-0.9954  	-0.1156  	0.44534  	-0.3401  	0.63317  	0.16267  	-0.1471  	0.81763  	0.09813  	0.59489  	0.53079  	0.15080  	0.40404  	-0.7509  	-0.4143  	-0.1903  	-0.2069  	-0.0004  	-0.0789  	-0.1854  	0.49590  	0.28610  	0.41956  	0.10719  	-0.5091  	-0.0718  	0.06900  	0.14300  	-0.1444  	0.24427  	0.10702  	-0.0388  	0.00893  	-0.0259  	0.02373  	-0.1473  	-0.0985  	-0.0693  	0.00813  	-0.0120  	0.00621  	-0.0007  	0.02647  	0.01623  	0.03878  	-0.0347  	-0.0433  	0.00265  	0.05247  	0.00091  	0.19591  	-0.0401  	-0.0029  	-0.0129  	0.02117  	0.32912  	0.47227  	293.370  	223.447  	
0.15957  	-0.1003  	-0.2471  	-0.3125  	0.64115  	-0.9396  	-0.4514  	0.25053  	-0.0685  	-0.4535  	-0.0842  	0.82328  	-0.1570  	-0.1901  	-1.0968  	-0.0893  	0.40479  	-0.2926  	0.62883  	0.24596  	-0.2119  	0.81477  	0.08483  	0.54913  	0.47161  	0.15421  	0.29055  	-0.6629  	-0.3630  	-0.2427  	-0.1814  	-0.0281  	-0.0395  	-0.1852  	0.44303  	0.26495  	0.37304  	0.09987  	-0.4686  	-0.0543  	0.11855  	0.13439  	-0.1193  	0.25228  	0.10199  	-0.0369  	0.01459  	0.00251  	0.02808  	-0.1457  	-0.1054  	-0.0694  	0.00663  	-0.0153  	0.00434  	-0.0040  	0.02397  	0.00972  	0.03510  	-0.0344  	-0.0344  	0.01059  	0.05593  	0.00290  	0.19591  	-0.0401  	-0.0029  	-0.0129  	0.02117  	0.32912  	0.47227  	293.370  	223.447  	
0.13713  	-0.0919  	-0.2431  	-0.3320  	0.61654  	-0.9574  	-0.4947  	0.24651  	-0.0855  	-0.4034  	-0.0426  	0.85644  	-0.1634  	-0.2023  	-1.1930  	-0.0670  	0.42186  	-0.2568  	0.62813  	0.26549  	-0.2096  	0.78801  	0.08149  	0.53547  	0.45425  	0.16224  	0.27212  	-0.6423  	-0.3601  	-0.2414  	-0.1826  	-0.0424  	-0.0212  	-0.1910  	0.42864  	0.27336  	0.35242  	0.08083  	-0.4520  	-0.0616  	0.12040  	0.13664  	-0.1304  	0.25106  	0.10048  	-0.0283  	0.01679  	0.01124  	0.02899  	-0.1447  	-0.0994  	-0.0704  	0.01187  	-0.0106  	0.00163  	-0.0045  	0.02226  	0.01112  	0.03534  	-0.0281  	-0.0375  	0.00931  	0.05577  	0.00185  	0.19591  	-0.0401  	-0.0029  	-0.0129  	0.02117  	0.32912  	0.47227  	293.370  	223.447  	
0.05733  	-0.1003  	-0.2786  	-0.3832  	0.58981  	-0.9927  	-0.4710  	0.21938  	-0.0945  	-0.4022  	-0.0467  	0.81925  	-0.2067  	-0.2704  	-1.2273  	-0.1060  	0.43951  	-0.2683  	0.62876  	0.26503  	-0.2418  	0.77330  	0.10838  	0.54369  	0.46903  	0.17686  	0.27756  	-0.6256  	-0.3326  	-0.2328  	-0.1886  	-0.0483  	-0.0572  	-0.1909  	0.40737  	0.28557  	0.35606  	0.07490  	-0.4541  	-0.0494  	0.11716  	0.14097  	-0.1225  	0.26489  	0.10685  	-0.0296  	0.01463  	0.00148  	0.02663  	-0.1510  	-0.0972  	-0.0697  	0.00637  	-0.0127  	0.00319  	-0.0035  	0.02380  	0.00940  	0.03036  	-0.0329  	-0.0389  	0.00822  	0.05202  	0.00596  	0.19591  	-0.0401  	-0.0029  	-0.0129  	0.02117  	0.32912  	0.47227  	293.370  	223.447  	
-0.1132  	-0.1242  	-0.3364  	-0.5203  	0.53819  	-1.1072  	-0.4840  	0.15293  	-0.0961  	-0.4016  	-0.0154  	0.73703  	-0.2386  	-0.4207  	-1.2610  	-0.1333  	0.47973  	-0.2973  	0.63457  	0.20697  	-0.1925  	0.74137  	0.15642  	0.59595  	0.48666  	0.19270  	0.34537  	-0.7058  	-0.3823  	-0.2571  	-0.1819  	-0.0446  	-0.0718  	-0.1998  	0.40416  	0.27153  	0.38522  	0.08891  	-0.5068  	-0.0796  	0.14001  	0.13856  	-0.1283  	0.25910  	0.11516  	-0.0303  	0.00994  	-0.0256  	0.01480  	-0.1303  	-0.0986  	-0.0708  	0.00951  	-0.0112  	0.00437  	0.00148  	0.02177  	0.01258  	0.04520  	-0.0301  	-0.0396  	0.01782  	0.05363  	0.00236  	0.19591  	-0.0401  	-0.0029  	-0.0129  	0.02117  	0.32912  	0.47227  	293.370  	223.447  	
-0.1189  	-0.1411  	-0.3539  	-0.5963  	0.53303  	-1.1027  	-0.4931  	0.14670  	-0.1152  	-0.4289  	-0.0352  	0.67443  	-0.2548  	-0.4526  	-1.2185  	-0.1826  	0.46712  	-0.2959  	0.62133  	0.18961  	-0.2025  	0.75281  	0.20131  	0.53025  	0.46140  	0.21427  	0.30682  	-0.6986  	-0.3806  	-0.2613  	-0.1644  	-0.0484  	-0.0694  	-0.1933  	0.36075  	0.26350  	0.37518  	0.09221  	-0.4807  	-0.0902  	0.15380  	0.14297  	-0.1239  	0.26226  	0.11191  	-0.0333  	0.00884  	-0.0205  	0.00609  	-0.1344  	-0.1044  	-0.0686  	0.00963  	-0.0176  	-0.0014  	-0.0018  	0.02021  	0.01450  	0.03885  	-0.0322  	-0.0354  	0.00771  	0.05133  	0.00713  	0.19591  	-0.0401  	-0.0029  	-0.0129  	0.02117  	0.32912  	0.47227  	293.370  	223.447  	
-0.1578  	-0.1332  	-0.3488  	-0.5207  	0.57586  	-1.1155  	-0.4824  	0.17927  	-0.0875  	-0.4081  	-0.0855  	0.75785  	-0.2254  	-0.4140  	-1.1947  	-0.1627  	0.46259  	-0.2663  	0.62730  	0.18552  	-0.2660  	0.77026  	0.20302  	0.49129  	0.42414  	0.21516  	0.25616  	-0.6649  	-0.3047  	-0.2448  	-0.1649  	-0.0562  	-0.0618  	-0.1841  	0.29907  	0.26405  	0.32640  	0.09810  	-0.4594  	-0.0555  	0.17004  	0.13404  	-0.1130  	0.27258  	0.10144  	-0.0374  	0.01800  	-0.0058  	0.01872  	-0.1416  	-0.1018  	-0.0681  	0.00556  	-0.0126  	-0.0008  	-0.0074  	0.02054  	0.01036  	0.03507  	-0.0326  	-0.0330  	0.01338  	0.05158  	0.00663  	0.19591  	-0.0401  	-0.0029  	-0.0129  	0.02117  	0.32912  	0.47227  	293.370  	223.447  	
-0.2412  	-0.1790  	-0.3754  	-0.6225  	0.52675  	-1.1912  	-0.4486  	0.14862  	-0.1120  	-0.3518  	-0.0530  	0.70210  	-0.1718  	-0.3843  	-1.3079  	-0.2179  	0.42188  	-0.2514  	0.61782  	0.24670  	-0.3443  	0.77208  	0.14309  	0.45731  	0.44128  	0.21361  	0.21819  	-0.5647  	-0.2619  	-0.2608  	-0.1275  	-0.0710  	-0.0588  	-0.1732  	0.28684  	0.29590  	0.27291  	0.06056  	-0.4290  	-0.0750  	0.17815  	0.12871  	-0.1138  	0.27596  	0.10633  	-0.0420  	0.01250  	0.00106  	0.02355  	-0.1393  	-0.1051  	-0.0688  	0.00217  	-0.0201  	0.00357  	-0.0078  	0.01746  	0.00877  	0.03157  	-0.0401  	-0.0283  	0.01565  	0.05133  	0.00765  	0.19591  	-0.0401  	-0.0029  	-0.0129  	0.02117  	0.32912  	0.47227  	293.370  	223.447  	
-0.3266  	-0.1899  	-0.4142  	-0.7555  	0.46011  	-1.2881  	-0.4768  	0.11835  	-0.1285  	-0.3286  	0.08880  	0.70769  	-0.2059  	-0.4094  	-1.4057  	-0.2166  	0.42525  	-0.2566  	0.61169  	0.24693  	-0.2916  	0.77506  	0.17422  	0.48888  	0.39139  	0.23026  	0.18622  	-0.5953  	-0.3137  	-0.2964  	-0.1023  	-0.0845  	-0.0589  	-0.1804  	0.29205  	0.27473  	0.28413  	0.05964  	-0.4363  	-0.0955  	0.18379  	0.13173  	-0.1137  	0.25952  	0.11381  	-0.0431  	0.00809  	-0.0101  	0.01504  	-0.1389  	-0.1146  	-0.0690  	0.00824  	-0.0194  	-0.0032  	-0.0047  	0.01636  	0.00944  	0.03545  	-0.0325  	-0.0277  	0.02534  	0.05318  	0.00394  	0.19591  	-0.0401  	-0.0029  	-0.0129  	0.02117  	0.32912  	0.47227  	293.370  	223.447  	
-0.2858  	-0.1544  	-0.4044  	-0.6895  	0.51483  	-1.3474  	-0.4825  	0.17917  	-0.1152  	-0.3464  	0.07374  	0.69653  	-0.2293  	-0.3528  	-1.2913  	-0.2213  	0.45016  	-0.3023  	0.61594  	0.21493  	-0.2095  	0.80680  	0.15129  	0.59393  	0.44460  	0.22703  	0.33309  	-0.7020  	-0.3895  	-0.2542  	-0.1321  	-0.0783  	-0.0480  	-0.1862  	0.37736  	0.27103  	0.32074  	0.05562  	-0.4610  	-0.0754  	0.14422  	0.14746  	-0.1461  	0.24615  	0.11402  	-0.0345  	0.01119  	-0.0159  	0.01393  	-0.1311  	-0.1078  	-0.0715  	0.00587  	-0.0121  	-0.0080  	-0.0075  	0.01901  	0.01042  	0.03464  	-0.0319  	-0.0331  	0.02642  	0.05065  	0.00494  	0.19591  	-0.0401  	-0.0029  	-0.0129  	0.02117  	0.32912  	0.47227  	293.370  	223.447  	
-0.0325  	-0.1556  	-0.3036  	-0.4356  	0.62458  	-1.0369  	-0.4634  	0.22412  	-0.0757  	-0.4494  	-0.1268  	0.77062  	-0.1573  	-0.2983  	-1.1758  	-0.1096  	0.50556  	-0.3037  	0.60467  	0.17401  	-0.2631  	0.76837  	0.10711  	0.60489  	0.45692  	0.21743  	0.33567  	-0.6611  	-0.3737  	-0.2486  	-0.1513  	-0.0343  	-0.0263  	-0.1888  	0.39783  	0.25497  	0.31232  	0.04341  	-0.4570  	-0.0545  	0.13531  	0.13243  	-0.1371  	0.26085  	0.11647  	-0.0298  	0.01572  	-0.0162  	0.01900  	-0.1274  	-0.1008  	-0.0729  	0.00445  	-0.0225  	-0.0007  	-0.0044  	0.01864  	0.01281  	0.02878  	-0.0327  	-0.0367  	0.02173  	0.05860  	0.00782  	0.19591  	-0.0401  	-0.0029  	-0.0129  	0.02117  	0.32912  	0.47227  	293.370  	223.447  	
0.21454  	-0.0987  	-0.1599  	-0.2241  	0.74435  	-0.9923  	-0.4381  	0.20680  	-0.0781  	-0.3932  	-0.1040  	0.86255  	-0.1402  	-0.3378  	-1.2527  	0.06990  	0.40968  	-0.2477  	0.62428  	0.32038  	-0.3174  	0.76696  	-0.0261  	0.56184  	0.46436  	0.19524  	0.24743  	-0.5933  	-0.3510  	-0.2545  	-0.1864  	-0.0391  	-0.0416  	-0.1761  	0.42623  	0.30056  	0.30244  	0.07227  	-0.4418  	-0.0431  	0.11354  	0.14883  	-0.1057  	0.24890  	0.10848  	-0.0257  	0.01464  	0.02121  	0.03390  	-0.1340  	-0.0800  	-0.0702  	0.00873  	-0.0222  	0.00592  	-0.0086  	0.02701  	0.00917  	0.03195  	-0.0349  	-0.0450  	0.00573  	0.05101  	0.00486  	0.19591  	-0.0401  	-0.0029  	-0.0129  	0.02117  	0.32912  	0.47227  	293.370  	223.447  	
0.22139  	-0.0887  	-0.1958  	-0.1993  	0.78092  	-0.9919  	-0.4383  	0.21117  	-0.0965  	-0.3616  	-0.0883  	0.86161  	-0.1626  	-0.3252  	-1.2220  	0.06673  	0.37941  	-0.2485  	0.62377  	0.30494  	-0.2977  	0.77226  	-0.0639  	0.57510  	0.55293  	0.14897  	0.34447  	-0.5910  	-0.3290  	-0.2115  	-0.2242  	-0.0139  	-0.0719  	-0.1859  	0.45122  	0.35253  	0.32186  	0.08221  	-0.4605  	-0.0340  	0.07612  	0.14741  	-0.1311  	0.24738  	0.11755  	-0.0357  	0.00406  	0.00657  	0.04106  	-0.1445  	-0.0851  	-0.0714  	0.01104  	-0.0143  	0.00903  	-0.0043  	0.03099  	0.01148  	0.03747  	-0.0331  	-0.0457  	0.00253  	0.05451  	0.00083  	0.19591  	-0.0401  	-0.0029  	-0.0129  	0.02117  	0.32912  	0.47227  	293.370  	223.447  	
0.13669  	-0.0991  	-0.2878  	-0.1398  	0.76810  	-0.9383  	-0.4640  	0.17611  	-0.1262  	-0.4722  	-0.1989  	0.80814  	-0.2174  	-0.2927  	-1.1554  	-0.0467  	0.46049  	-0.2904  	0.63282  	0.27433  	-0.2807  	0.78200  	-0.0177  	0.61920  	0.61316  	0.15158  	0.41728  	-0.5743  	-0.3003  	-0.1511  	-0.2481  	0.01435  	-0.0811  	-0.1927  	0.44014  	0.35983  	0.31686  	0.07642  	-0.4385  	-0.0381  	0.05816  	0.13777  	-0.1350  	0.26465  	0.10895  	-0.0382  	-0.0029  	0.00086  	0.03203  	-0.1491  	-0.0796  	-0.0686  	0.00814  	-0.0140  	0.00509  	0.00278  	0.03180  	0.01308  	0.03968  	-0.0303  	-0.0445  	-0.0038  	0.05123  	-0.0012  	0.19591  	-0.0401  	-0.0029  	-0.0129  	0.02117  	0.32912  	0.47227  	293.370  	223.447  	
0.13424  	-0.1230  	-0.3465  	0.06607  	0.92638  	-0.9460  	-0.4643  	0.25679  	-0.1124  	-0.5334  	-0.2561  	0.89717  	-0.1119  	-0.0828  	-0.8040  	-0.1669  	0.43064  	-0.3345  	0.59256  	0.26001  	-0.2044  	0.83274  	0.01531  	0.64498  	0.55059  	0.16518  	0.39450  	-0.6020  	-0.3171  	-0.1495  	-0.2330  	-0.0438  	-0.0464  	-0.1812  	0.50451  	0.25067  	0.31889  	0.04698  	-0.4625  	-0.0493  	0.01040  	0.15962  	-0.1677  	0.24200  	0.11769  	-0.0337  	0.00675  	-0.0104  	0.03022  	-0.1601  	-0.0940  	-0.0731  	0.00316  	-0.0218  	-0.0034  	-0.0036  	0.03167  	0.01552  	0.03843  	-0.0395  	-0.0443  	0.00683  	0.03842  	0.00100  	0.19591  	-0.0401  	-0.0029  	-0.0129  	0.02117  	0.32912  	0.47227  	293.370  	223.447  	
0.17138  	-0.1130  	-0.3935  	0.06554  	0.99580  	-0.9223  	-0.4484  	0.29175  	-0.0616  	-0.4706  	-0.2461  	0.97188  	-0.0359  	0.06138  	-0.8221  	-0.1552  	0.42681  	-0.3034  	0.56876  	0.29669  	-0.2379  	0.80491  	-0.0469  	0.55985  	0.54182  	0.16604  	0.31616  	-0.5020  	-0.2563  	-0.1664  	-0.2185  	-0.0774  	-0.0038  	-0.1707  	0.52220  	0.23231  	0.25483  	0.01446  	-0.4221  	-0.0312  	0.00170  	0.15511  	-0.1538  	0.23685  	0.12244  	-0.0348  	0.00592  	-0.0115  	0.03253  	-0.1355  	-0.0869  	-0.0732  	-0.0038  	-0.0155  	-0.0048  	-0.0055  	0.03161  	0.01086  	0.04240  	-0.0298  	-0.0453  	0.01079  	0.05794  	0.00713  	0.19591  	-0.0401  	-0.0029  	-0.0129  	0.02117  	0.32912  	0.47227  	293.370  	223.447  	
-0.0606  	-0.1746  	-0.5697  	0.07984  	1.05797  	-1.0560  	-0.4090  	0.28868  	-0.0843  	-0.4957  	-0.1404  	1.03257  	-0.0526  	-0.0154  	-0.8604  	-0.2032  	0.38348  	-0.2556  	0.54525  	0.38057  	-0.3191  	0.73557  	-0.0492  	0.57138  	0.51057  	0.18856  	0.19997  	-0.3893  	-0.1932  	-0.2240  	-0.2039  	-0.1082  	0.01934  	-0.1674  	0.47779  	0.22320  	0.13806  	-0.0073  	-0.4088  	-0.0249  	0.01977  	0.15985  	-0.2100  	0.20685  	0.12177  	-0.0367  	0.01250  	0.00010  	0.03291  	-0.1532  	-0.0937  	-0.0771  	-0.0156  	-0.0226  	-0.0052  	-0.0028  	0.03411  	0.01152  	0.03060  	-0.0332  	-0.0373  	0.01439  	0.05481  	-0.0008  	0.19591  	-0.0401  	-0.0029  	-0.0129  	0.02117  	0.32912  	0.47227  	293.370  	223.447  	
-0.0472  	-0.1851  	-0.6193  	0.11364  	1.03280  	-1.1608  	-0.3850  	0.29203  	-0.0776  	-0.4255  	-0.0729  	1.06999  	-0.0347  	-0.0162  	-0.8785  	-0.2105  	0.34253  	-0.2317  	0.54323  	0.40955  	-0.2952  	0.77883  	-0.0481  	0.53499  	0.48022  	0.19834  	0.15185  	-0.3541  	-0.1684  	-0.2125  	-0.2210  	-0.1356  	0.04715  	-0.1620  	0.47633  	0.22165  	0.14611  	-0.0088  	-0.4110  	-0.0028  	0.02231  	0.15311  	-0.2135  	0.22012  	0.12269  	-0.0345  	0.01731  	0.00898  	0.03339  	-0.1562  	-0.0960  	-0.0752  	-0.0056  	-0.0227  	-0.0024  	0.00150  	0.02827  	0.00955  	0.02698  	-0.0367  	-0.0399  	0.00803  	0.04273  	-0.0002  	0.19591  	-0.0401  	-0.0029  	-0.0129  	0.02117  	0.32912  	0.47227  	293.370  	223.447  	
0.01302  	-0.1201  	-0.5625  	0.16381  	1.04471  	-1.0574  	-0.4437  	0.33855  	-0.0773  	-0.4474  	-0.1807  	1.09847  	0.00106  	0.07662  	-0.7884  	-0.1810  	0.34209  	-0.2926  	0.57765  	0.41159  	-0.2793  	0.78685  	-0.1146  	0.54654  	0.50320  	0.21404  	0.21142  	-0.4146  	-0.2150  	-0.1839  	-0.2013  	-0.1087  	0.01798  	-0.1605  	0.52044  	0.22641  	0.16703  	-0.0031  	-0.4001  	0.00291  	-0.0077  	0.16738  	-0.2015  	0.24405  	0.12223  	-0.0329  	0.02304  	0.00121  	0.02178  	-0.1337  	-0.0848  	-0.0811  	-0.0067  	-0.0170  	-0.0053  	0.00130  	0.03401  	0.01391  	0.03628  	-0.0291  	-0.0527  	0.00636  	0.03850  	-0.0089  	0.19591  	-0.0401  	-0.0029  	-0.0129  	0.02117  	0.32912  	0.47227  	293.370  	223.447  	
0.28601  	-0.0779  	-0.2640  	-0.0434  	0.79981  	-0.8522  	-0.4619  	0.29593  	-0.0427  	-0.4981  	-0.3525  	0.85164  	-0.0804  	-0.1899  	-0.8510  	-0.0462  	0.44044  	-0.2544  	0.64524  	0.27280  	-0.2474  	0.81635  	0.05633  	0.56100  	0.55898  	0.16555  	0.29461  	-0.6075  	-0.3201  	-0.1746  	-0.2150  	-0.0379  	-0.0274  	-0.1827  	0.41584  	0.22976  	0.28973  	0.06845  	-0.4316  	-0.0420  	0.07426  	0.14439  	-0.1332  	0.25505  	0.10531  	-0.0282  	0.00380  	0.00663  	0.03925  	-0.1480  	-0.0960  	-0.0702  	0.00338  	-0.0166  	-0.0009  	0.00325  	0.02489  	0.01481  	0.03945  	-0.0420  	-0.0444  	0.00623  	0.03631  	-0.0057  	0.19591  	-0.0401  	-0.0029  	-0.0129  	0.02117  	0.32912  	0.47227  	293.370  	223.447  	
0.33204  	-0.0126  	-0.1229  	-0.0224  	0.85149  	-0.9053  	-0.5063  	0.27495  	-0.0826  	-0.4213  	-0.2140  	0.92890  	-0.0636  	-0.2936  	-1.0203  	-0.0634  	0.50946  	-0.4368  	0.71525  	0.01947  	-0.2052  	0.59076  	-0.2761  	0.58953  	0.46786  	0.24166  	0.32785  	-0.6959  	-0.2144  	-0.1905  	-0.1075  	-0.0906  	-0.1388  	-0.3609  	0.38447  	0.26704  	0.21038  	0.05369  	-0.5410  	-0.0922  	0.15962  	0.29238  	-0.2543  	0.33480  	0.05137  	-0.0026  	-0.0235  	0.03663  	0.02570  	-0.1584  	-0.0815  	-0.0640  	0.01444  	-0.0087  	0.00565  	0.00600  	0.02512  	-0.0016  	0.04133  	-0.0189  	-0.0334  	-0.0034  	0.03230  	-0.0024  	0.19591  	-0.0401  	-0.0029  	-0.0129  	0.02117  	0.32912  	0.47227  	293.370  	223.447  	
0.25037  	-0.0738  	-0.1312  	-0.0136  	0.82630  	-0.9260  	-0.5225  	0.30984  	-0.1518  	-0.5148  	-0.1363  	0.87703  	-0.0888  	-0.3772  	-0.9774  	-0.0953  	0.58974  	-0.6450  	0.76250  	-0.2502  	-0.0617  	0.38804  	-0.4604  	0.65607  	0.45678  	0.31024  	0.44903  	-0.8405  	-0.2207  	-0.1756  	-0.0238  	-0.0904  	-0.2370  	-0.5101  	0.38682  	0.27744  	0.20513  	0.07298  	-0.6860  	-0.1829  	0.17224  	0.39990  	-0.3655  	0.40373  	-0.0038  	0.01195  	-0.0453  	0.04129  	0.00628  	-0.1662  	-0.0692  	-0.0606  	0.00990  	0.00716  	0.01228  	0.00600  	0.02512  	-0.0054  	0.04071  	-0.0154  	-0.0361  	-0.0158  	0.02724  	-0.0068  	0.19591  	-0.0401  	-0.0029  	-0.0129  	0.02117  	0.32912  	0.47227  	293.370  	223.447  	
0.49186  	0.02030  	-0.0481  	0.12627  	0.89025  	-0.8915  	-0.4801  	0.44378  	-0.0841  	-0.5334  	-0.2988  	0.82869  	0.06826  	-0.0943  	-0.5651  	-0.2273  	0.65113  	-0.7237  	0.76785  	-0.4130  	0.03628  	0.41046  	-0.4127  	0.68404  	0.41715  	0.33540  	0.48950  	-1.0363  	-0.2848  	-0.2122  	0.02499  	-0.0992  	-0.2451  	-0.5289  	0.44915  	0.12843  	0.25526  	0.08092  	-0.7399  	-0.1830  	0.15722  	0.41693  	-0.3831  	0.40649  	-0.0261  	0.00878  	-0.0466  	0.04938  	0.01796  	-0.1651  	-0.0804  	-0.0585  	0.00574  	0.02003  	0.01367  	0.01252  	0.00971  	-0.0238  	0.04907  	-0.0075  	-0.0250  	0.00659  	0.00897  	-0.0095  	0.19591  	-0.0401  	-0.0029  	-0.0129  	0.02117  	0.32912  	0.47227  	293.370  	223.447  	
0.58185  	0.06698  	-0.0803  	0.32044  	1.04506  	-0.7409  	-0.4678  	0.51254  	-0.0827  	-0.5506  	-0.5275  	0.77906  	0.18215  	0.18238  	-0.3773  	-0.3493  	0.59794  	-0.7328  	0.74460  	-0.4033  	-0.0227  	0.53601  	-0.3661  	0.61189  	0.53816  	0.28751  	0.57487  	-1.0345  	-0.1571  	-0.1145  	0.01177  	-0.1595  	-0.2258  	-0.4640  	0.46490  	0.14400  	0.17565  	0.04004  	-0.6400  	-0.1458  	0.10942  	0.39897  	-0.3514  	0.41440  	-0.0061  	0.00758  	-0.0520  	0.07226  	0.02156  	-0.1682  	-0.0855  	-0.0621  	0.00761  	0.00699  	0.01246  	0.02057  	0.00503  	-0.0072  	0.02735  	-0.0110  	-0.0254  	0.01001  	0.01336  	-0.0072  	0.19591  	-0.0401  	-0.0029  	-0.0129  	0.02117  	0.32912  	0.47227  	293.370  	223.447  	
0.05799  	-0.1140  	-0.3817  	-0.2174  	0.80915  	-1.1517  	-0.4827  	0.31899  	-0.0698  	-0.4736  	-0.0872  	0.84310  	0.00442  	-0.1017  	-0.7811  	-0.3199  	0.49385  	-0.5258  	0.66970  	-0.0328  	-0.0055  	0.54544  	-0.2180  	0.68401  	0.35552  	0.28376  	0.42417  	-0.8963  	-0.4406  	-0.2461  	-0.0242  	-0.0693  	-0.1188  	-0.3502  	0.50750  	0.14288  	0.32840  	0.07074  	-0.6476  	-0.1316  	0.10695  	0.29098  	-0.3072  	0.31549  	0.05350  	-0.0084  	-0.0074  	-0.0039  	0.01701  	-0.1522  	-0.1003  	-0.0670  	-0.0036  	0.00691  	-0.0006  	-0.0070  	0.01599  	0.00235  	0.03884  	-0.0259  	-0.0347  	0.00706  	0.02717  	-0.0067  	0.19591  	-0.0401  	-0.0029  	-0.0129  	0.02117  	0.32912  	0.47227  	293.370  	223.447  	
-0.1660  	-0.1436  	-0.3117  	-0.7332  	0.49716  	-1.1007  	-0.4542  	0.17692  	-0.0815  	-0.3805  	0.10393  	0.67724  	-0.1985  	-0.3524  	-1.1355  	-0.2701  	0.44018  	-0.3369  	0.62773  	0.21831  	-0.0679  	0.77904  	0.14355  	0.63937  	0.41797  	0.19129  	0.40753  	-0.8013  	-0.4489  	-0.2680  	-0.1747  	-0.0518  	-0.0167  	-0.1897  	0.47552  	0.20743  	0.41836  	0.10399  	-0.5233  	-0.0576  	0.08931  	0.15130  	-0.1621  	0.23797  	0.12368  	-0.0256  	0.01748  	-0.0528  	0.00327  	-0.1321  	-0.1083  	-0.0690  	0.00762  	-0.0047  	-0.0039  	-0.0024  	0.01354  	0.00707  	0.03401  	-0.0219  	-0.0352  	0.02018  	0.04012  	0.00213  	0.19591  	-0.0401  	-0.0029  	-0.0129  	0.02117  	0.32912  	0.47227  	293.370  	223.447  	
-0.1552  	-0.2030  	-0.4008  	-0.6175  	0.47658  	-1.0402  	-0.4546  	0.09858  	-0.1128  	-0.3662  	-0.0276  	0.71313  	-0.2011  	-0.4786  	-1.3316  	-0.2086  	0.47955  	-0.2453  	0.61860  	0.23379  	-0.3114  	0.75795  	0.16993  	0.48546  	0.46902  	0.23374  	0.24486  	-0.5852  	-0.2717  	-0.2504  	-0.1330  	-0.0715  	-0.0684  	-0.1874  	0.24971  	0.31069  	0.29015  	0.07541  	-0.4385  	-0.0615  	0.17751  	0.13306  	-0.1056  	0.27425  	0.11853  	-0.0360  	0.01007  	-0.0093  	0.02001  	-0.1293  	-0.1037  	-0.0664  	0.00024  	-0.0194  	0.00581  	-0.0056  	0.01840  	0.00950  	0.03680  	-0.0316  	-0.0328  	0.01846  	0.04539  	0.00642  	0.19591  	-0.0401  	-0.0029  	-0.0129  	0.02117  	0.32912  	0.47227  	293.370  	223.447  	
-0.3518  	-0.2070  	-0.4353  	-0.6827  	0.48226  	-1.1953  	-0.5093  	0.09688  	-0.1164  	-0.2986  	-0.0552  	0.79812  	-0.1826  	-0.4853  	-1.4117  	-0.1403  	0.43658  	-0.1930  	0.61300  	0.24418  	-0.3856  	0.72727  	0.20686  	0.44003  	0.35167  	0.25121  	0.14181  	-0.5044  	-0.2506  	-0.2674  	-0.0843  	-0.0764  	-0.0545  	-0.1679  	0.25487  	0.30847  	0.21270  	0.03472  	-0.4281  	-0.0763  	0.18156  	0.11427  	-0.0941  	0.28286  	0.11284  	-0.0398  	0.01012  	-0.0102  	0.01187  	-0.1356  	-0.1086  	-0.0719  	0.00308  	-0.0207  	0.00878  	-0.0066  	0.02110  	0.01780  	0.03898  	-0.0343  	-0.0279  	0.03058  	0.05048  	0.00889  	0.19591  	-0.0401  	-0.0029  	-0.0129  	0.02117  	0.32912  	0.47227  	293.370  	223.447  	
-0.3094  	-0.1984  	-0.4384  	-0.6201  	0.54910  	-1.2715  	-0.4658  	0.13389  	-0.1311  	-0.3002  	-0.0110  	0.75326  	-0.1731  	-0.4455  	-1.3546  	-0.1828  	0.41770  	-0.2409  	0.60258  	0.25130  	-0.3291  	0.76183  	0.12790  	0.49719  	0.44432  	0.21445  	0.22259  	-0.5492  	-0.2805  	-0.2576  	-0.1439  	-0.0783  	-0.0521  	-0.1747  	0.33398  	0.29834  	0.25089  	0.04237  	-0.4389  	-0.0634  	0.16160  	0.12780  	-0.1102  	0.27850  	0.11110  	-0.0399  	0.01255  	0.00334  	0.01463  	-0.1389  	-0.0996  	-0.0674  	0.00097  	-0.0194  	0.00237  	-0.0027  	0.02093  	0.01218  	0.03132  	-0.0360  	-0.0312  	0.01456  	0.04996  	0.00860  	0.19591  	-0.0401  	-0.0029  	-0.0129  	0.02117  	0.32912  	0.47227  	293.370  	223.447  	
-0.1977  	-0.1397  	-0.3398  	-0.5276  	0.63014  	-1.1817  	-0.4404  	0.24582  	-0.1029  	-0.3742  	0.00774  	0.72021  	-0.1864  	-0.2710  	-1.1874  	-0.1896  	0.42201  	-0.3219  	0.61210  	0.24087  	-0.2241  	0.79321  	0.14407  	0.61393  	0.45056  	0.21425  	0.31686  	-0.6929  	-0.3645  	-0.2639  	-0.1627  	-0.0622  	-0.0280  	-0.1894  	0.38948  	0.22097  	0.36078  	0.07486  	-0.4699  	-0.0674  	0.13004  	0.14672  	-0.1486  	0.26697  	0.10611  	-0.0338  	0.01643  	-0.0025  	0.01814  	-0.1429  	-0.1033  	-0.0698  	0.00377  	-0.0168  	-0.0072  	-0.0083  	0.02142  	0.01194  	0.03388  	-0.0349  	-0.0301  	0.01844  	0.04209  	0.00416  	0.19591  	-0.0401  	-0.0029  	-0.0129  	0.02117  	0.32912  	0.47227  	293.370  	223.447  	
0.13554  	-0.0757  	-0.2542  	-0.2333  	0.73690  	-0.9405  	-0.4406  	0.37406  	-0.0284  	-0.4229  	-0.1946  	0.90626  	-0.0901  	-0.0703  	-0.9015  	-0.1683  	0.44207  	-0.3034  	0.59125  	0.25218  	-0.1687  	0.82219  	0.08639  	0.62814  	0.41433  	0.18311  	0.29963  	-0.7185  	-0.3962  	-0.2541  	-0.1544  	-0.0708  	-0.0050  	-0.1725  	0.42587  	0.16091  	0.33202  	0.07132  	-0.4415  	-0.0042  	0.08553  	0.13149  	-0.1440  	0.25059  	0.09799  	-0.0300  	0.00953  	0.00204  	0.01817  	-0.1315  	-0.0950  	-0.0700  	-0.0083  	-0.0201  	-0.0100  	-0.0015  	0.01350  	0.01205  	0.02547  	-0.0384  	-0.0358  	0.01921  	0.04689  	-0.0060  	0.19591  	-0.0401  	-0.0029  	-0.0129  	0.02117  	0.32912  	0.47227  	293.370  	223.447  	
0.38227  	-0.0245  	-0.1704  	-0.0196  	0.80407  	-0.8130  	-0.4412  	0.31829  	-0.0442  	-0.5148  	-0.2659  	0.89128  	-0.0511  	-0.0825  	-0.8248  	-0.0810  	0.41691  	-0.3233  	0.63063  	0.24130  	-0.0900  	0.83336  	0.08352  	0.61692  	0.50098  	0.14610  	0.35951  	-0.7489  	-0.4175  	-0.2188  	-0.2028  	-0.0164  	-0.0156  	-0.1884  	0.51628  	0.19230  	0.38227  	0.10020  	-0.4688  	-0.0419  	0.04644  	0.15194  	-0.1331  	0.25648  	0.10727  	-0.0300  	0.00082  	0.00692  	0.03189  	-0.1393  	-0.0929  	-0.0744  	0.00474  	-0.0190  	-0.0018  	0.01110  	0.01872  	0.01033  	0.04095  	-0.0349  	-0.0402  	0.00941  	0.03881  	-0.0040  	0.19591  	-0.0401  	-0.0029  	-0.0129  	0.02117  	0.32912  	0.47227  	293.370  	223.447  	
0.34376  	-0.0398  	-0.1864  	0.00890  	0.89942  	-0.8980  	-0.4048  	0.24061  	-0.0712  	-0.3353  	-0.2048  	0.87545  	-0.1063  	-0.1720  	-1.0446  	0.00834  	0.37536  	-0.2630  	0.61639  	0.32068  	-0.3536  	0.81271  	-0.0443  	0.56617  	0.56024  	0.12656  	0.34278  	-0.5645  	-0.2685  	-0.1870  	-0.2381  	-0.0276  	-0.0430  	-0.1798  	0.45751  	0.32673  	0.28525  	0.05837  	-0.4094  	0.00929  	0.08064  	0.14133  	-0.1256  	0.26091  	0.11412  	-0.0281  	0.00087  	0.02711  	0.04530  	-0.1429  	-0.0917  	-0.0731  	0.01054  	-0.0187  	0.00830  	0.00340  	0.02371  	0.00650  	0.03951  	-0.0275  	-0.0428  	0.00519  	0.04871  	-0.0002  	0.19591  	-0.0401  	-0.0029  	-0.0129  	0.02117  	0.32912  	0.47227  	293.370  	223.447  	
0.27014  	-0.0795  	-0.1918  	-0.0848  	0.80869  	-0.9414  	-0.4242  	0.23106  	-0.1076  	-0.3527  	-0.1644  	0.83232  	-0.1371  	-0.2703  	-1.1335  	0.03400  	0.38557  	-0.2707  	0.64744  	0.28016  	-0.3178  	0.83304  	-0.0326  	0.59550  	0.61719  	0.13335  	0.38163  	-0.6194  	-0.2983  	-0.1750  	-0.2213  	-0.0240  	-0.0792  	-0.1851  	0.46075  	0.37374  	0.30459  	0.07349  	-0.4284  	-0.0310  	0.06285  	0.15732  	-0.1359  	0.26000  	0.10962  	-0.0313  	0.00016  	0.02416  	0.04229  	-0.1476  	-0.0841  	-0.0694  	0.01520  	-0.0231  	0.00702  	-0.0009  	0.02571  	0.01048  	0.04002  	-0.0294  	-0.0419  	-0.0062  	0.05930  	0.00201  	0.19591  	-0.0401  	-0.0029  	-0.0129  	0.02117  	0.32912  	0.47227  	293.370  	223.447  	
-0.0041  	-0.1298  	-0.3363  	-0.2926  	0.67621  	-1.0004  	-0.4311  	0.18973  	-0.1249  	-0.4436  	-0.1990  	0.77232  	-0.2011  	-0.3309  	-1.1710  	-0.0961  	0.44478  	-0.2752  	0.60636  	0.27754  	-0.2944  	0.80118  	0.03679  	0.61335  	0.60777  	0.16674  	0.37653  	-0.6055  	-0.2735  	-0.1811  	-0.2194  	-0.0337  	-0.0924  	-0.1876  	0.41219  	0.36148  	0.30561  	0.08164  	-0.4326  	-0.0243  	0.09027  	0.15120  	-0.1343  	0.26525  	0.10269  	-0.0308  	0.00280  	-0.0136  	0.02381  	-0.1479  	-0.0902  	-0.0650  	0.00589  	-0.0179  	0.00794  	-0.0036  	0.03302  	0.01410  	0.03380  	-0.0369  	-0.0424  	-0.0025  	0.04885  	0.00511  	0.19591  	-0.0401  	-0.0029  	-0.0129  	0.02117  	0.32912  	0.47227  	293.370  	223.447  	
-0.0865  	-0.1597  	-0.3724  	-0.4120  	0.60673  	-1.0477  	-0.4694  	0.16065  	-0.1278  	-0.4813  	-0.0968  	0.72845  	-0.2210  	-0.3730  	-1.1139  	-0.1991  	0.45887  	-0.2866  	0.60659  	0.21710  	-0.2284  	0.78930  	0.12665  	0.56153  	0.54334  	0.18411  	0.34589  	-0.6440  	-0.3024  	-0.2334  	-0.1947  	-0.0338  	-0.0879  	-0.1860  	0.37252  	0.29977  	0.35582  	0.08459  	-0.4606  	-0.0773  	0.12640  	0.13947  	-0.1396  	0.25995  	0.11842  	-0.0327  	0.00895  	-0.0219  	0.01428  	-0.1455  	-0.0977  	-0.0687  	0.01041  	-0.0183  	0.00530  	-0.0034  	0.02838  	0.01263  	0.04078  	-0.0332  	-0.0380  	0.00187  	0.04356  	0.00571  	0.19591  	-0.0401  	-0.0029  	-0.0129  	0.02117  	0.32912  	0.47227  	293.370  	223.447  	
-0.0593  	-0.1520  	-0.3538  	-0.3605  	0.63360  	-1.0444  	-0.4868  	0.15644  	-0.1051  	-0.4774  	-0.1296  	0.75374  	-0.2106  	-0.3876  	-1.0546  	-0.1616  	0.45642  	-0.2987  	0.60667  	0.21386  	-0.2274  	0.79776  	0.17168  	0.49972  	0.48419  	0.19838  	0.28897  	-0.6328  	-0.3080  	-0.2259  	-0.1794  	-0.0427  	-0.0718  	-0.1689  	0.34947  	0.27246  	0.33594  	0.09673  	-0.4657  	-0.0839  	0.13579  	0.14025  	-0.1362  	0.25770  	0.10602  	-0.0377  	0.00693  	-0.0168  	0.01615  	-0.1447  	-0.1014  	-0.0673  	0.01206  	-0.0172  	0.00417  	-0.0048  	0.02512  	0.01048  	0.04032  	-0.0348  	-0.0355  	0.01170  	0.05148  	0.01021  	0.19591  	-0.0401  	-0.0029  	-0.0129  	0.02117  	0.32912  	0.47227  	293.370  	223.447  	
0.08109  	-0.1350  	-0.3259  	-0.2092  	0.71295  	-0.9968  	-0.4957  	0.18266  	-0.1140  	-0.4275  	-0.1229  	0.84497  	-0.1700  	-0.3567  	-1.0972  	-0.0725  	0.43877  	-0.3187  	0.61233  	0.23255  	-0.2550  	0.80267  	0.08604  	0.57050  	0.49693  	0.18950  	0.35375  	-0.6249  	-0.3687  	-0.1944  	-0.1986  	-0.0239  	-0.0633  	-0.1875  	0.42380  	0.28922  	0.33915  	0.07300  	-0.4815  	-0.0569  	0.07052  	0.14463  	-0.1400  	0.25310  	0.10246  	-0.0320  	0.00727  	-0.0142  	0.02221  	-0.1399  	-0.0963  	-0.0707  	0.01103  	-0.0153  	0.00415  	-0.0001  	0.02864  	0.01531  	0.03869  	-0.0407  	-0.0437  	0.00397  	0.05009  	0.00011  	0.19591  	-0.0401  	-0.0029  	-0.0129  	0.02117  	0.32912  	0.47227  	293.370  	223.447  	
0.16443  	-0.0820  	-0.2120  	-0.2255  	0.75282  	-0.9897  	-0.4493  	0.24605  	-0.0957  	-0.3574  	-0.0919  	0.85806  	-0.1625  	-0.3559  	-1.2655  	0.07941  	0.38775  	-0.2262  	0.62473  	0.25793  	-0.3063  	0.78449  	-0.0075  	0.56195  	0.55903  	0.15079  	0.34566  	-0.5898  	-0.3247  	-0.2075  	-0.2093  	-0.0230  	-0.0608  	-0.2005  	0.41881  	0.33348  	0.32333  	0.07787  	-0.4410  	-0.0334  	0.08698  	0.14256  	-0.1214  	0.26726  	0.11051  	-0.0269  	0.00192  	0.00672  	0.04097  	-0.1524  	-0.0943  	-0.0731  	0.01335  	-0.0205  	0.00878  	-0.0033  	0.02808  	0.00993  	0.03979  	-0.0369  	-0.0414  	0.00022  	0.04995  	0.00343  	0.19591  	-0.0401  	-0.0029  	-0.0129  	0.02117  	0.32912  	0.47227  	293.370  	223.447  	
0.05827  	-0.1104  	-0.2987  	-0.2550  	0.71053  	-0.9828  	-0.4806  	0.17847  	-0.1192  	-0.4265  	-0.1675  	0.81018  	-0.2345  	-0.3612  	-1.2201  	-0.0130  	0.45398  	-0.2937  	0.63964  	0.24472  	-0.2799  	0.76921  	0.04118  	0.60625  	0.61327  	0.14358  	0.43030  	-0.6149  	-0.3669  	-0.1632  	-0.2302  	0.01834  	-0.0954  	-0.1970  	0.42464  	0.35718  	0.34555  	0.07186  	-0.4339  	-0.0254  	0.06500  	0.14263  	-0.1471  	0.27584  	0.10405  	-0.0310  	-0.0021  	-0.0016  	0.02442  	-0.1418  	-0.0891  	-0.0648  	0.00422  	-0.0118  	-0.0025  	0.00108  	0.02400  	0.01250  	0.03118  	-0.0400  	-0.0403  	-0.0062  	0.05284  	-0.0009  	0.19591  	-0.0401  	-0.0029  	-0.0129  	0.02117  	0.32912  	0.47227  	293.370  	223.447  	
-0.0293  	-0.1519  	-0.4162  	-0.1688  	0.79285  	-1.0393  	-0.4623  	0.22183  	-0.1097  	-0.4801  	-0.1664  	0.84329  	-0.1939  	-0.2137  	-1.0099  	-0.1594  	0.44658  	-0.2969  	0.62517  	0.23358  	-0.2166  	0.80688  	0.04008  	0.60062  	0.56680  	0.16029  	0.41954  	-0.6183  	-0.3437  	-0.2005  	-0.2158  	-0.0312  	-0.0742  	-0.1987  	0.42637  	0.28418  	0.34752  	0.04590  	-0.4621  	-0.0721  	0.03697  	0.17065  	-0.1741  	0.25443  	0.12342  	-0.0282  	-0.0033  	-0.0149  	0.01885  	-0.1419  	-0.0990  	-0.0711  	0.00941  	-0.0128  	0.00511  	0.00025  	0.03701  	0.01444  	0.04335  	-0.0318  	-0.0441  	0.00098  	0.04874  	0.00482  	0.19591  	-0.0401  	-0.0029  	-0.0129  	0.02117  	0.32912  	0.47227  	293.370  	223.447  	
0.13134  	-0.0958  	-0.3367  	-0.1071  	0.84068  	-0.9267  	-0.4919  	0.27726  	-0.0597  	-0.5201  	-0.1744  	0.92101  	-0.1509  	-0.1353  	-0.8644  	-0.1527  	0.46959  	-0.3223  	0.62475  	0.21960  	-0.1155  	0.79845  	0.07883  	0.61548  	0.51814  	0.16672  	0.37767  	-0.6404  	-0.3228  	-0.1924  	-0.2122  	-0.0601  	-0.0447  	-0.1773  	0.46875  	0.20689  	0.36047  	0.05406  	-0.4470  	-0.0623  	0.05664  	0.15836  	-0.1667  	0.23559  	0.11313  	-0.0283  	-0.0036  	-0.0133  	0.01974  	-0.1423  	-0.0990  	-0.0722  	0.00933  	-0.0142  	-9.5493  	0.01330  	0.02794  	0.00691  	0.04293  	-0.0302  	-0.0413  	0.01219  	0.04009  	0.00492  	0.19591  	-0.0401  	-0.0029  	-0.0129  	0.02117  	0.32912  	0.47227  	293.370  	223.447  	
0.20525  	-0.0562  	-0.2785  	-0.0653  	0.82707  	-0.8831  	-0.4909  	0.33437  	-0.0356  	-0.5333  	-0.2393  	0.94442  	-0.1096  	-0.0700  	-0.7716  	-0.1447  	0.47647  	-0.2974  	0.61647  	0.22607  	-0.1052  	0.82121  	0.11013  	0.58502  	0.45630  	0.19018  	0.32904  	-0.6540  	-0.3394  	-0.2092  	-0.2123  	-0.0670  	-0.0203  	-0.1809  	0.47187  	0.16533  	0.34097  	0.07197  	-0.4390  	-0.0637  	0.06564  	0.14606  	-0.1448  	0.24226  	0.10480  	-0.0267  	0.01694  	-0.0031  	0.02187  	-0.1424  	-0.0990  	-0.0704  	0.00631  	-0.0241  	-0.0005  	0.00236  	0.01894  	0.01452  	0.03313  	-0.0364  	-0.0402  	0.00690  	0.03961  	-0.0015  	0.19591  	-0.0401  	-0.0029  	-0.0129  	0.02117  	0.32912  	0.47227  	293.370  	223.447  	
0.25142  	-0.0263  	-0.2337  	-0.0231  	0.80330  	-0.8638  	-0.5031  	0.33286  	-0.0303  	-0.5641  	-0.2633  	0.89142  	-0.1089  	-0.0776  	-0.7063  	-0.1903  	0.47101  	-0.3433  	0.59744  	0.20612  	-0.0992  	0.81444  	0.15391  	0.56771  	0.42541  	0.18357  	0.32206  	-0.6875  	-0.3923  	-0.2227  	-0.1950  	-0.0557  	-0.0195  	-0.1762  	0.48615  	0.13091  	0.39018  	0.09638  	-0.4597  	-0.0854  	0.07918  	0.12721  	-0.1311  	0.25409  	0.09604  	-0.0309  	0.01887  	0.00039  	0.02510  	-0.1360  	-0.1019  	-0.0688  	0.00603  	-0.0174  	0.00050  	0.00702  	0.01962  	0.01201  	0.03438  	-0.0317  	-0.0331  	0.01171  	0.04005  	-0.0023  	0.19591  	-0.0401  	-0.0029  	-0.0129  	0.02117  	0.32912  	0.47227  	293.370  	223.447  	
0.26403  	0.01587  	-0.1665  	-0.0731  	0.75394  	-0.8558  	-0.5212  	0.37114  	-0.0364  	-0.5470  	-0.2302  	0.87294  	-0.0922  	-0.0872  	-0.7606  	-0.1533  	0.46239  	-0.3458  	0.58386  	0.22549  	-0.0431  	0.80119  	0.16134  	0.56598  	0.39259  	0.19003  	0.29204  	-0.7220  	-0.4210  	-0.2570  	-0.1736  	-0.0505  	-0.0038  	-0.1769  	0.46705  	0.10160  	0.40233  	0.10234  	-0.4714  	-0.0691  	0.09849  	0.12416  	-0.1093  	0.25898  	0.09625  	-0.0371  	0.01705  	-0.0005  	0.02391  	-0.1303  	-0.1020  	-0.0688  	0.00645  	-0.0137  	0.00349  	0.00843  	0.01738  	0.00392  	0.02994  	-0.0295  	-0.0345  	0.02053  	0.03787  	0.00273  	0.19591  	-0.0401  	-0.0029  	-0.0129  	0.02117  	0.32912  	0.47227  	293.370  	223.447  	
0.38046  	0.04667  	-0.0941  	-0.0886  	0.71556  	-0.8133  	-0.5100  	0.40153  	-0.0189  	-0.5726  	-0.1641  	0.85205  	-0.0954  	-0.0381  	-0.7351  	-0.1135  	0.47037  	-0.3934  	0.59914  	0.17329  	0.06804  	0.81423  	0.17090  	0.62164  	0.40302  	0.16365  	0.39414  	-0.8466  	-0.5280  	-0.2502  	-0.1825  	-0.0255  	-0.0076  	-0.1879  	0.52619  	0.08494  	0.51370  	0.12896  	-0.5063  	-0.1014  	0.07624  	0.12755  	-0.1294  	0.25745  	0.09924  	-0.0260  	0.01285  	-0.0020  	0.02080  	-0.1314  	-0.1079  	-0.0698  	0.01035  	-0.0122  	-0.0027  	0.01307  	0.01748  	0.00750  	0.03210  	-0.0325  	-0.0359  	0.02308  	0.04287  	-0.0004  	0.19591  	-0.0401  	-0.0029  	-0.0129  	0.02117  	0.32912  	0.47227  	293.370  	223.447  	
0.47118  	0.06986  	-0.0339  	-0.0990  	0.68665  	-0.7820  	-0.4906  	0.44624  	0.01512  	-0.5822  	-0.0748  	0.83754  	-0.1020  	0.02204  	-0.7703  	-0.0445  	0.44928  	-0.3990  	0.60523  	0.12165  	0.15320  	0.81396  	0.18181  	0.65540  	0.38881  	0.14075  	0.45767  	-0.9559  	-0.6204  	-0.2621  	-0.1932  	0.00346  	-0.0010  	-0.1978  	0.59748  	0.07988  	0.57972  	0.16271  	-0.5506  	-0.1203  	0.06325  	0.12978  	-0.1320  	0.24940  	0.09576  	-0.0275  	0.00778  	0.00110  	0.02469  	-0.1225  	-0.1104  	-0.0694  	0.01056  	-0.0086  	-0.0032  	0.01795  	0.01232  	0.00683  	0.03213  	-0.0292  	-0.0336  	0.02076  	0.04097  	-0.0034  	0.19591  	-0.0401  	-0.0029  	-0.0129  	0.02117  	0.32912  	0.47227  	293.370  	223.447  	
0.45665  	0.05887  	-0.0598  	-0.0702  	0.70008  	-0.7834  	-0.4738  	0.45055  	0.02549  	-0.5949  	-0.0770  	0.84538  	-0.0903  	0.05187  	-0.7386  	-0.0719  	0.45235  	-0.4049  	0.59739  	0.11837  	0.13720  	0.81960  	0.17892  	0.63778  	0.37722  	0.15390  	0.43879  	-0.9298  	-0.5956  	-0.2619  	-0.1955  	-0.0080  	0.00155  	-0.1959  	0.59999  	0.06833  	0.55049  	0.15654  	-0.5559  	-0.1206  	0.05927  	0.12603  	-0.1396  	0.24914  	0.09644  	-0.0284  	0.01026  	-0.0060  	0.02257  	-0.1258  	-0.1099  	-0.0697  	0.00824  	-0.0126  	-0.0037  	0.01531  	0.01109  	0.00646  	0.03140  	-0.0326  	-0.0323  	0.02590  	0.03984  	-0.0035  	0.19591  	-0.0401  	-0.0029  	-0.0129  	0.02117  	0.32912  	0.47227  	293.370  	223.447  	
0.55148  	0.07880  	-0.0031  	-0.0824  	0.66873  	-0.7316  	-0.4519  	0.49571  	0.05250  	-0.6261  	-0.0365  	0.86125  	-0.0945  	0.08842  	-0.6974  	-0.0175  	0.47092  	-0.4431  	0.61509  	0.07770  	0.18608  	0.83252  	0.23166  	0.70953  	0.38658  	0.14923  	0.50991  	-1.0232  	-0.6831  	-0.2627  	-0.1966  	0.00985  	0.00426  	-0.2043  	0.63547  	0.04998  	0.61451  	0.17655  	-0.5703  	-0.1413  	0.02894  	0.13637  	-0.1348  	0.24774  	0.09613  	-0.0282  	0.00642  	0.00519  	0.02910  	-0.1297  	-0.1172  	-0.0654  	0.00719  	-0.0090  	-0.0036  	0.01577  	0.00935  	0.00892  	0.02737  	-0.0294  	-0.0313  	0.01890  	0.04244  	-0.0011  	0.19591  	-0.0401  	-0.0029  	-0.0129  	0.02117  	0.32912  	0.47227  	293.370  	223.447  	
0.56021  	0.07378  	0.00331  	-0.0797  	0.66674  	-0.7166  	-0.4505  	0.50584  	0.05863  	-0.6208  	-0.0296  	0.86825  	-0.0844  	0.09603  	-0.7048  	-0.0006  	0.47372  	-0.4484  	0.61160  	0.07002  	0.18712  	0.83485  	0.24010  	0.72437  	0.38250  	0.15011  	0.51655  	-1.0320  	-0.6957  	-0.2549  	-0.1941  	0.01211  	0.00471  	-0.2004  	0.63722  	0.04709  	0.61942  	0.17881  	-0.5672  	-0.1437  	0.01994  	0.14022  	-0.1362  	0.24601  	0.09455  	-0.0280  	0.00523  	0.00377  	0.03084  	-0.1340  	-0.1166  	-0.0645  	0.00873  	-0.0071  	-0.0039  	0.01571  	0.00610  	0.00978  	0.02763  	-0.0275  	-0.0302  	0.02024  	0.04591  	0.00058  	0.19591  	-0.0401  	-0.0029  	-0.0129  	0.02117  	0.32912  	0.47227  	293.370  	223.447  	
0.56021  	0.07378  	0.00331  	-0.0797  	0.66674  	-0.7166  	-0.4505  	0.50584  	0.05863  	-0.6208  	-0.0296  	0.86825  	-0.0844  	0.09603  	-0.7048  	-0.0006  	0.47372  	-0.4484  	0.61160  	0.07002  	0.18712  	0.83485  	0.24010  	0.72437  	0.38250  	0.15011  	0.51655  	-1.0320  	-0.6957  	-0.2549  	-0.1941  	0.01211  	0.00471  	-0.2004  	0.63722  	0.04709  	0.61942  	0.17881  	-0.5672  	-0.1437  	0.01994  	0.14022  	-0.1362  	0.24601  	0.09455  	-0.0280  	0.00523  	0.00377  	0.03084  	-0.1340  	-0.1166  	-0.0645  	0.00873  	-0.0071  	-0.0039  	0.01571  	0.00610  	0.00978  	0.02763  	-0.0275  	-0.0302  	0.02024  	0.04591  	0.00058  	0.19591  	-0.0401  	-0.0029  	-0.0129  	0.02117  	0.32912  	0.47227  	293.370  	223.447  	
0.56021  	0.07378  	0.00331  	-0.0797  	0.66674  	-0.7166  	-0.4505  	0.50584  	0.05863  	-0.6208  	-0.0296  	0.86825  	-0.0844  	0.09603  	-0.7048  	-0.0006  	0.47372  	-0.4484  	0.61160  	0.07002  	0.18712  	0.83485  	0.24010  	0.72437  	0.38250  	0.15011  	0.51655  	-1.0320  	-0.6957  	-0.2549  	-0.1941  	0.01211  	0.00471  	-0.2004  	0.63722  	0.04709  	0.61942  	0.17881  	-0.5672  	-0.1437  	0.01994  	0.14022  	-0.1362  	0.24601  	0.09455  	-0.0280  	0.00523  	0.00377  	0.03084  	-0.1340  	-0.1166  	-0.0645  	0.00873  	-0.0071  	-0.0039  	0.01571  	0.00610  	0.00978  	0.02763  	-0.0275  	-0.0302  	0.02024  	0.04591  	0.00058  	0.19591  	-0.0401  	-0.0029  	-0.0129  	0.02117  	0.32912  	0.47227  	293.370  	223.447  	
0.56021  	0.07378  	0.00331  	-0.0797  	0.66674  	-0.7166  	-0.4505  	0.50584  	0.05863  	-0.6208  	-0.0296  	0.86825  	-0.0844  	0.09603  	-0.7048  	-0.0006  	0.47372  	-0.4484  	0.61160  	0.07002  	0.18712  	0.83485  	0.24010  	0.72437  	0.38250  	0.15011  	0.51655  	-1.0320  	-0.6957  	-0.2549  	-0.1941  	0.01211  	0.00471  	-0.2004  	0.63722  	0.04709  	0.61942  	0.17881  	-0.5672  	-0.1437  	0.01994  	0.14022  	-0.1362  	0.24601  	0.09455  	-0.0280  	0.00523  	0.00377  	0.03084  	-0.1340  	-0.1166  	-0.0645  	0.00873  	-0.0071  	-0.0039  	0.01571  	0.00610  	0.00978  	0.02763  	-0.0275  	-0.0302  	0.02024  	0.04591  	0.00058  	0.19591  	-0.0401  	-0.0029  	-0.0129  	0.02117  	0.32912  	0.47227  	293.370  	223.447  	
0.56021  	0.07378  	0.00331  	-0.0797  	0.66674  	-0.7166  	-0.4505  	0.50584  	0.05863  	-0.6208  	-0.0296  	0.86825  	-0.0844  	0.09603  	-0.7048  	-0.0006  	0.47372  	-0.4484  	0.61160  	0.07002  	0.18712  	0.83485  	0.24010  	0.72437  	0.38250  	0.15011  	0.51655  	-1.0320  	-0.6957  	-0.2549  	-0.1941  	0.01211  	0.00471  	-0.2004  	0.63722  	0.04709  	0.61942  	0.17881  	-0.5672  	-0.1437  	0.01994  	0.14022  	-0.1362  	0.24601  	0.09455  	-0.0280  	0.00523  	0.00377  	0.03084  	-0.1340  	-0.1166  	-0.0645  	0.00873  	-0.0071  	-0.0039  	0.01571  	0.00610  	0.00978  	0.02763  	-0.0275  	-0.0302  	0.02024  	0.04591  	0.00058  	0.19591  	-0.0401  	-0.0029  	-0.0129  	0.02117  	0.32912  	0.47227  	293.370  	223.447  	
0.56021  	0.07378  	0.00331  	-0.0797  	0.66674  	-0.7166  	-0.4505  	0.50584  	0.05863  	-0.6208  	-0.0296  	0.86825  	-0.0844  	0.09603  	-0.7048  	-0.0006  	0.47372  	-0.4484  	0.61160  	0.07002  	0.18712  	0.83485  	0.24010  	0.72437  	0.38250  	0.15011  	0.51655  	-1.0320  	-0.6957  	-0.2549  	-0.1941  	0.01211  	0.00471  	-0.2004  	0.63722  	0.04709  	0.61942  	0.17881  	-0.5672  	-0.1437  	0.01994  	0.14022  	-0.1362  	0.24601  	0.09455  	-0.0280  	0.00523  	0.00377  	0.03084  	-0.1340  	-0.1166  	-0.0645  	0.00873  	-0.0071  	-0.0039  	0.01571  	0.00610  	0.00978  	0.02763  	-0.0275  	-0.0302  	0.02024  	0.04591  	0.00058  	0.19591  	-0.0401  	-0.0029  	-0.0129  	0.02117  	0.32912  	0.47227  	293.370  	223.447  	
0.56021  	0.07378  	0.00331  	-0.0797  	0.66674  	-0.7166  	-0.4505  	0.50584  	0.05863  	-0.6208  	-0.0296  	0.86825  	-0.0844  	0.09603  	-0.7048  	-0.0006  	0.47372  	-0.4484  	0.61160  	0.07002  	0.18712  	0.83485  	0.24010  	0.72437  	0.38250  	0.15011  	0.51655  	-1.0320  	-0.6957  	-0.2549  	-0.1941  	0.01211  	0.00471  	-0.2004  	0.63722  	0.04709  	0.61942  	0.17881  	-0.5672  	-0.1437  	0.01994  	0.14022  	-0.1362  	0.24601  	0.09455  	-0.0280  	0.00523  	0.00377  	0.03084  	-0.1340  	-0.1166  	-0.0645  	0.00873  	-0.0071  	-0.0039  	0.01571  	0.00610  	0.00978  	0.02763  	-0.0275  	-0.0302  	0.02024  	0.04591  	0.00058  	0.19591  	-0.0401  	-0.0029  	-0.0129  	0.02117  	0.32912  	0.47227  	293.370  	223.447  	
0.56021  	0.07378  	0.00331  	-0.0797  	0.66674  	-0.7166  	-0.4505  	0.50584  	0.05863  	-0.6208  	-0.0296  	0.86825  	-0.0844  	0.09603  	-0.7048  	-0.0006  	0.47372  	-0.4484  	0.61160  	0.07002  	0.18712  	0.83485  	0.24010  	0.72437  	0.38250  	0.15011  	0.51655  	-1.0320  	-0.6957  	-0.2549  	-0.1941  	0.01211  	0.00471  	-0.2004  	0.63722  	0.04709  	0.61942  	0.17881  	-0.5672  	-0.1437  	0.01994  	0.14022  	-0.1362  	0.24601  	0.09455  	-0.0280  	0.00523  	0.00377  	0.03084  	-0.1340  	-0.1166  	-0.0645  	0.00873  	-0.0071  	-0.0039  	0.01571  	0.00610  	0.00978  	0.02763  	-0.0275  	-0.0302  	0.02024  	0.04591  	0.00058  	0.19591  	-0.0401  	-0.0029  	-0.0129  	0.02117  	0.32912  	0.47227  	293.370  	223.447  	
0.56021  	0.07378  	0.00331  	-0.0797  	0.66674  	-0.7166  	-0.4505  	0.50584  	0.05863  	-0.6208  	-0.0296  	0.86825  	-0.0844  	0.09603  	-0.7048  	-0.0006  	0.47372  	-0.4484  	0.61160  	0.07002  	0.18712  	0.83485  	0.24010  	0.72437  	0.38250  	0.15011  	0.51655  	-1.0320  	-0.6957  	-0.2549  	-0.1941  	0.01211  	0.00471  	-0.2004  	0.63722  	0.04709  	0.61942  	0.17881  	-0.5672  	-0.1437  	0.01994  	0.14022  	-0.1362  	0.24601  	0.09455  	-0.0280  	0.00523  	0.00377  	0.03084  	-0.1340  	-0.1166  	-0.0645  	0.00873  	-0.0071  	-0.0039  	0.01571  	0.00610  	0.00978  	0.02763  	-0.0275  	-0.0302  	0.02024  	0.04591  	0.00058  	0.19591  	-0.0401  	-0.0029  	-0.0129  	0.02117  	0.32912  	0.47227  	293.370  	223.447  	
0.56021  	0.07378  	0.00331  	-0.0797  	0.66674  	-0.7166  	-0.4505  	0.50584  	0.05863  	-0.6208  	-0.0296  	0.86825  	-0.0844  	0.09603  	-0.7048  	-0.0006  	0.47372  	-0.4484  	0.61160  	0.07002  	0.18712  	0.83485  	0.24010  	0.72437  	0.38250  	0.15011  	0.51655  	-1.0320  	-0.6957  	-0.2549  	-0.1941  	0.01211  	0.00471  	-0.2004  	0.63722  	0.04709  	0.61942  	0.17881  	-0.5672  	-0.1437  	0.01994  	0.14022  	-0.1362  	0.24601  	0.09455  	-0.0280  	0.00523  	0.00377  	0.03084  	-0.1340  	-0.1166  	-0.0645  	0.00873  	-0.0071  	-0.0039  	0.01571  	0.00610  	0.00978  	0.02763  	-0.0275  	-0.0302  	0.02024  	0.04591  	0.00058  	0.19591  	-0.0401  	-0.0029  	-0.0129  	0.02117  	0.32912  	0.47227  	293.370  	223.447  	
0.56021  	0.07378  	0.00331  	-0.0797  	0.66674  	-0.7166  	-0.4505  	0.50584  	0.05863  	-0.6208  	-0.0296  	0.86825  	-0.0844  	0.09603  	-0.7048  	-0.0006  	0.47372  	-0.4484  	0.61160  	0.07002  	0.18712  	0.83485  	0.24010  	0.72437  	0.38250  	0.15011  	0.51655  	-1.0320  	-0.6957  	-0.2549  	-0.1941  	0.01211  	0.00471  	-0.2004  	0.63722  	0.04709  	0.61942  	0.17881  	-0.5672  	-0.1437  	0.01994  	0.14022  	-0.1362  	0.24601  	0.09455  	-0.0280  	0.00523  	0.00377  	0.03084  	-0.1340  	-0.1166  	-0.0645  	0.00873  	-0.0071  	-0.0039  	0.01571  	0.00610  	0.00978  	0.02763  	-0.0275  	-0.0302  	0.02024  	0.04591  	0.00058  	0.19591  	-0.0401  	-0.0029  	-0.0129  	0.02117  	0.32912  	0.47227  	293.370  	223.447  	
0.56021  	0.07378  	0.00331  	-0.0797  	0.66674  	-0.7166  	-0.4505  	0.50584  	0.05863  	-0.6208  	-0.0296  	0.86825  	-0.0844  	0.09603  	-0.7048  	-0.0006  	0.47372  	-0.4484  	0.61160  	0.07002  	0.18712  	0.83485  	0.24010  	0.72437  	0.38250  	0.15011  	0.51655  	-1.0320  	-0.6957  	-0.2549  	-0.1941  	0.01211  	0.00471  	-0.2004  	0.63722  	0.04709  	0.61942  	0.17881  	-0.5672  	-0.1437  	0.01994  	0.14022  	-0.1362  	0.24601  	0.09455  	-0.0280  	0.00523  	0.00377  	0.03084  	-0.1340  	-0.1166  	-0.0645  	0.00873  	-0.0071  	-0.0039  	0.01571  	0.00610  	0.00978  	0.02763  	-0.0275  	-0.0302  	0.02024  	0.04591  	0.00058  	0.19591  	-0.0401  	-0.0029  	-0.0129  	0.02117  	0.32912  	0.47227  	293.370  	223.447  	
0.56021  	0.07378  	0.00331  	-0.0797  	0.66674  	-0.7166  	-0.4505  	0.50584  	0.05863  	-0.6208  	-0.0296  	0.86825  	-0.0844  	0.09603  	-0.7048  	-0.0006  	0.47372  	-0.4484  	0.61160  	0.07002  	0.18712  	0.83485  	0.24010  	0.72437  	0.38250  	0.15011  	0.51655  	-1.0320  	-0.6957  	-0.2549  	-0.1941  	0.01211  	0.00471  	-0.2004  	0.63722  	0.04709  	0.61942  	0.17881  	-0.5672  	-0.1437  	0.01994  	0.14022  	-0.1362  	0.24601  	0.09455  	-0.0280  	0.00523  	0.00377  	0.03084  	-0.1340  	-0.1166  	-0.0645  	0.00873  	-0.0071  	-0.0039  	0.01571  	0.00610  	0.00978  	0.02763  	-0.0275  	-0.0302  	0.02024  	0.04591  	0.00058  	0.19591  	-0.0401  	-0.0029  	-0.0129  	0.02117  	0.32912  	0.47227  	293.370  	223.447  	
0.56021  	0.07378  	0.00331  	-0.0797  	0.66674  	-0.7166  	-0.4505  	0.50584  	0.05863  	-0.6208  	-0.0296  	0.86825  	-0.0844  	0.09603  	-0.7048  	-0.0006  	0.47372  	-0.4484  	0.61160  	0.07002  	0.18712  	0.83485  	0.24010  	0.72437  	0.38250  	0.15011  	0.51655  	-1.0320  	-0.6957  	-0.2549  	-0.1941  	0.01211  	0.00471  	-0.2004  	0.63722  	0.04709  	0.61942  	0.17881  	-0.5672  	-0.1437  	0.01994  	0.14022  	-0.1362  	0.24601  	0.09455  	-0.0280  	0.00523  	0.00377  	0.03084  	-0.1340  	-0.1166  	-0.0645  	0.00873  	-0.0071  	-0.0039  	0.01571  	0.00610  	0.00978  	0.02763  	-0.0275  	-0.0302  	0.02024  	0.04591  	0.00058  	0.19591  	-0.0401  	-0.0029  	-0.0129  	0.02117  	0.32912  	0.47227  	293.370  	223.447  	
0.56021  	0.07378  	0.00331  	-0.0797  	0.66674  	-0.7166  	-0.4505  	0.50584  	0.05863  	-0.6208  	-0.0296  	0.86825  	-0.0844  	0.09603  	-0.7048  	-0.0006  	0.47372  	-0.4484  	0.61160  	0.07002  	0.18712  	0.83485  	0.24010  	0.72437  	0.38250  	0.15011  	0.51655  	-1.0320  	-0.6957  	-0.2549  	-0.1941  	0.01211  	0.00471  	-0.2004  	0.63722  	0.04709  	0.61942  	0.17881  	-0.5672  	-0.1437  	0.01994  	0.14022  	-0.1362  	0.24601  	0.09455  	-0.0280  	0.00523  	0.00377  	0.03084  	-0.1340  	-0.1166  	-0.0645  	0.00873  	-0.0071  	-0.0039  	0.01571  	0.00610  	0.00978  	0.02763  	-0.0275  	-0.0302  	0.02024  	0.04591  	0.00058  	0.19591  	-0.0401  	-0.0029  	-0.0129  	0.02117  	0.32912  	0.47227  	293.370  	223.447  	
0.56021  	0.07378  	0.00331  	-0.0797  	0.66674  	-0.7166  	-0.4505  	0.50584  	0.05863  	-0.6208  	-0.0296  	0.86825  	-0.0844  	0.09603  	-0.7048  	-0.0006  	0.47372  	-0.4484  	0.61160  	0.07002  	0.18712  	0.83485  	0.24010  	0.72437  	0.38250  	0.15011  	0.51655  	-1.0320  	-0.6957  	-0.2549  	-0.1941  	0.01211  	0.00471  	-0.2004  	0.63722  	0.04709  	0.61942  	0.17881  	-0.5672  	-0.1437  	0.01994  	0.14022  	-0.1362  	0.24601  	0.09455  	-0.0280  	0.00523  	0.00377  	0.03084  	-0.1340  	-0.1166  	-0.0645  	0.00873  	-0.0071  	-0.0039  	0.01571  	0.00610  	0.00978  	0.02763  	-0.0275  	-0.0302  	0.02024  	0.04591  	0.00058  	0.19591  	-0.0401  	-0.0029  	-0.0129  	0.02117  	0.32912  	0.47227  	293.370  	223.447  	
0.56021  	0.07378  	0.00331  	-0.0797  	0.66674  	-0.7166  	-0.4505  	0.50584  	0.05863  	-0.6208  	-0.0296  	0.86825  	-0.0844  	0.09603  	-0.7048  	-0.0006  	0.47372  	-0.4484  	0.61160  	0.07002  	0.18712  	0.83485  	0.24010  	0.72437  	0.38250  	0.15011  	0.51655  	-1.0320  	-0.6957  	-0.2549  	-0.1941  	0.01211  	0.00471  	-0.2004  	0.63722  	0.04709  	0.61942  	0.17881  	-0.5672  	-0.1437  	0.01994  	0.14022  	-0.1362  	0.24601  	0.09455  	-0.0280  	0.00523  	0.00377  	0.03084  	-0.1340  	-0.1166  	-0.0645  	0.00873  	-0.0071  	-0.0039  	0.01571  	0.00610  	0.00978  	0.02763  	-0.0275  	-0.0302  	0.02024  	0.04591  	0.00058  	0.19591  	-0.0401  	-0.0029  	-0.0129  	0.02117  	0.32912  	0.47227  	293.370  	223.447  	
0.56021  	0.07378  	0.00331  	-0.0797  	0.66674  	-0.7166  	-0.4505  	0.50584  	0.05863  	-0.6208  	-0.0296  	0.86825  	-0.0844  	0.09603  	-0.7048  	-0.0006  	0.47372  	-0.4484  	0.61160  	0.07002  	0.18712  	0.83485  	0.24010  	0.72437  	0.38250  	0.15011  	0.51655  	-1.0320  	-0.6957  	-0.2549  	-0.1941  	0.01211  	0.00471  	-0.2004  	0.63722  	0.04709  	0.61942  	0.17881  	-0.5672  	-0.1437  	0.01994  	0.14022  	-0.1362  	0.24601  	0.09455  	-0.0280  	0.00523  	0.00377  	0.03084  	-0.1340  	-0.1166  	-0.0645  	0.00873  	-0.0071  	-0.0039  	0.01571  	0.00610  	0.00978  	0.02763  	-0.0275  	-0.0302  	0.02024  	0.04591  	0.00058  	0.19591  	-0.0401  	-0.0029  	-0.0129  	0.02117  	0.32912  	0.47227  	293.370  	223.447  	
0.58555  	0.07721  	0.00389  	0.01888  	0.77190  	-0.6934  	-0.4300  	0.47651  	0.02595  	-0.5991  	-0.1577  	0.83948  	-0.0404  	0.16627  	-0.6787  	-0.0064  	0.46085  	-0.4363  	0.61311  	0.09114  	0.10204  	0.84607  	0.17618  	0.73228  	0.47324  	0.14147  	0.54212  	-0.9683  	-0.6001  	-0.2213  	-0.2149  	-0.0063  	-0.0098  	-0.2035  	0.63754  	0.08441  	0.54278  	0.13295  	-0.5431  	-0.1037  	-0.0087  	0.15259  	-0.1415  	0.25432  	0.09941  	-0.0283  	0.00059  	0.01464  	0.03648  	-0.1286  	-0.1050  	-0.0680  	0.00615  	-0.0149  	-0.0022  	0.01628  	0.00708  	0.00819  	0.02552  	-0.0318  	-0.0345  	0.02154  	0.04822  	-0.0031  	0.19591  	-0.0401  	-0.0029  	-0.0129  	0.02117  	0.32912  	0.47227  	293.370  	223.447  	
0.65110  	0.05065  	0.05967  	0.08115  	0.81752  	-0.6492  	-0.4054  	0.49567  	0.03513  	-0.5500  	-0.3389  	0.76993  	0.03349  	0.20931  	-0.6986  	-0.0619  	0.46877  	-0.4084  	0.61496  	0.08464  	-0.0484  	0.89529  	0.11762  	0.64716  	0.58130  	0.13393  	0.52094  	-0.8891  	-0.4702  	-0.1777  	-0.2223  	-0.0176  	-0.0250  	-0.1929  	0.53112  	0.14022  	0.44309  	0.09942  	-0.4512  	-0.0727  	0.02310  	0.15287  	-0.1164  	0.26483  	0.09961  	-0.0320  	-0.0197  	0.04872  	0.05690  	-0.1378  	-0.0965  	-0.0713  	0.00843  	-0.0150  	-0.0012  	0.02930  	0.01157  	0.00299  	0.03184  	-0.0272  	-0.0333  	0.01640  	0.04928  	-0.0008  	0.19591  	-0.0401  	-0.0029  	-0.0129  	0.02117  	0.32912  	0.47227  	293.370  	223.447  	
0.57990  	0.04532  	-0.1080  	0.20772  	0.94446  	-0.6932  	-0.3615  	0.46981  	0.03547  	-0.5150  	-0.4371  	0.80368  	0.12556  	0.37291  	-0.6025  	-0.1037  	0.44149  	-0.3941  	0.58079  	0.14395  	-0.0852  	0.90202  	0.03489  	0.63099  	0.65135  	0.09327  	0.54643  	-0.8100  	-0.3731  	-0.1244  	-0.2040  	-0.0452  	-0.0150  	-0.1709  	0.58489  	0.17579  	0.33716  	0.06819  	-0.4631  	-0.0088  	-0.0070  	0.16445  	-0.1411  	0.26559  	0.10509  	-0.0396  	0.00172  	0.03033  	0.06368  	-0.1436  	-0.0943  	-0.0731  	0.00757  	-0.0176  	0.00191  	0.03595  	0.01832  	0.00429  	0.02566  	-0.0270  	-0.0280  	0.02684  	0.04736  	-0.0110  	0.19591  	-0.0401  	-0.0029  	-0.0129  	0.02117  	0.32912  	0.47227  	293.370  	223.447  	
0.14272  	-0.0855  	-0.3563  	0.14269  	0.97636  	-1.0873  	-0.3539  	0.37548  	-0.1020  	-0.4373  	-0.1238  	0.89760  	0.00752  	0.23785  	-0.5845  	-0.1939  	0.42423  	-0.3644  	0.61649  	0.27543  	-0.0900  	0.91187  	-0.0536  	0.74652  	0.52381  	0.14609  	0.47395  	-0.8427  	-0.4680  	-0.1796  	-0.1961  	-0.0549  	0.03295  	-0.2027  	0.64845  	0.18353  	0.41499  	0.04684  	-0.4996  	0.01746  	-0.0546  	0.22086  	-0.2134  	0.23110  	0.09453  	-0.0339  	0.02460  	0.01669  	0.02191  	-0.1400  	-0.1043  	-0.0586  	-0.0054  	-0.0217  	-0.0077  	0.00597  	0.00357  	-0.0001  	0.02779  	-0.0277  	-0.0317  	0.02561  	0.00908  	-0.0177  	0.19591  	-0.0401  	-0.0029  	-0.0129  	0.02117  	0.32912  	0.47227  	293.370  	223.447  	
-0.3033  	-0.2528  	-0.5438  	-0.2851  	0.82969  	-1.3437  	-0.4547  	0.16039  	-0.1108  	-0.4184  	0.04817  	0.89698  	-0.1489  	-0.1651  	-0.9611  	-0.2682  	0.43540  	-0.2483  	0.58136  	0.31104  	-0.1527  	0.73653  	0.05496  	0.68315  	0.36405  	0.19173  	0.27179  	-0.6771  	-0.4784  	-0.2691  	-0.1285  	-0.0407  	0.01925  	-0.2060  	0.56976  	0.16196  	0.37172  	0.06630  	-0.4871  	-0.0354  	0.01033  	0.17526  	-0.2092  	0.20640  	0.13086  	-0.0231  	0.00665  	-0.0320  	-0.0005  	-0.1368  	-0.1083  	-0.0656  	-0.0126  	-0.0180  	-0.0051  	-0.0069  	0.01526  	0.00351  	0.02440  	-0.0289  	-0.0288  	0.02735  	0.03356  	0.00546  	0.19591  	-0.0401  	-0.0029  	-0.0129  	0.02117  	0.32912  	0.47227  	293.370  	223.447  	
-0.0906  	-0.1813  	-0.3786  	-0.5002  	0.64541  	-1.1858  	-0.4699  	0.28194  	-0.0969  	-0.4339  	0.09469  	0.79459  	-0.1390  	-0.1736  	-0.9735  	-0.2775  	0.48602  	-0.3443  	0.61664  	0.20401  	-0.1199  	0.80172  	0.14322  	0.64506  	0.48337  	0.18227  	0.34636  	-0.7496  	-0.4737  	-0.2544  	-0.1428  	-0.0529  	-0.0191  	-0.2113  	0.44017  	0.18720  	0.38676  	0.08214  	-0.4733  	-0.0834  	0.05207  	0.14755  	-0.1803  	0.22798  	0.11891  	-0.0219  	0.01404  	-0.0389  	0.01716  	-0.1446  	-0.1040  	-0.0681  	-0.0077  	-0.0191  	-0.0024  	-0.0111  	0.01379  	0.00868  	0.04117  	-0.0244  	-0.0339  	0.01360  	0.04865  	0.00392  	0.19591  	-0.0401  	-0.0029  	-0.0129  	0.02117  	0.32912  	0.47227  	293.370  	223.447  	
0.14861  	-0.1068  	-0.1622  	-0.4250  	0.58809  	-0.9663  	-0.4865  	0.33047  	-0.0498  	-0.4680  	-0.1207  	0.75905  	-0.1315  	-0.2068  	-1.1714  	-0.0898  	0.45303  	-0.2844  	0.63823  	0.20378  	-0.1540  	0.75675  	0.11926  	0.58913  	0.46814  	0.17392  	0.33110  	-0.7732  	-0.4068  	-0.2357  	-0.1689  	-0.0391  	-0.0318  	-0.1995  	0.40793  	0.16502  	0.38400  	0.10351  	-0.4485  	-0.0551  	0.14284  	0.12688  	-0.1161  	0.25028  	0.09795  	-0.0290  	0.00875  	0.00149  	0.02138  	-0.1219  	-0.1009  	-0.0742  	-0.0008  	-0.0200  	-0.0030  	0.01056  	0.02099  	0.00411  	0.02886  	-0.0306  	-0.0386  	0.01993  	0.04307  	0.00608  	0.19591  	-0.0401  	-0.0029  	-0.0129  	0.02117  	0.32912  	0.47227  	293.370  	223.447  	
-0.0264  	-0.0815  	-0.2078  	-0.4458  	0.59642  	-1.1196  	-0.5271  	0.29984  	-0.0786  	-0.4152  	-0.0385  	0.78064  	-0.1208  	-0.3147  	-1.1965  	-0.2338  	0.55527  	-0.4356  	0.72633  	0.00838  	-0.1111  	0.53671  	-0.1388  	0.57872  	0.37354  	0.29334  	0.27439  	-0.7531  	-0.2434  	-0.2755  	-0.0591  	-0.1077  	-0.1361  	-0.3652  	0.28202  	0.19902  	0.22772  	0.08324  	-0.5540  	-0.1304  	0.23742  	0.27281  	-0.2295  	0.34024  	0.03408  	-0.0135  	-0.0170  	0.03469  	0.01023  	-0.1503  	-0.0952  	-0.0646  	0.00284  	0.00318  	0.00378  	-0.0019  	0.01811  	-0.0030  	0.03597  	-0.0292  	-0.0236  	0.01114  	0.02380  	0.00117  	0.19591  	-0.0401  	-0.0029  	-0.0129  	0.02117  	0.32912  	0.47227  	293.370  	223.447  	
-0.1181  	-0.1199  	-0.3407  	-0.4913  	0.60678  	-1.2082  	-0.5621  	0.34432  	-0.1131  	-0.4280  	0.01526  	0.83561  	-0.1035  	-0.3821  	-1.0520  	-0.3268  	0.63040  	-0.6073  	0.77507  	-0.3039  	-0.0422  	0.37249  	-0.3003  	0.60653  	0.33362  	0.39477  	0.34200  	-0.9025  	-0.2416  	-0.2793  	0.05607  	-0.1585  	-0.2229  	-0.4988  	0.27663  	0.16563  	0.19255  	0.07138  	-0.6753  	-0.1992  	0.26267  	0.38704  	-0.3349  	0.40563  	0.00267  	0.00582  	-0.0327  	0.01732  	-0.0068  	-0.1530  	-0.0982  	-0.0654  	0.00390  	0.01888  	0.00848  	-0.0063  	0.01227  	-0.0091  	0.03323  	-0.0182  	-0.0264  	0.01232  	0.00971  	0.00078  	0.19591  	-0.0401  	-0.0029  	-0.0129  	0.02117  	0.32912  	0.47227  	293.370  	223.447  	
0.15995  	-0.0331  	-0.1308  	-0.2907  	0.66991  	-1.0172  	-0.5648  	0.44239  	-0.0961  	-0.5381  	-0.0282  	0.88039  	-0.0461  	-0.2712  	-0.8926  	-0.2657  	0.66524  	-0.6947  	0.77109  	-0.3645  	0.06879  	0.31510  	-0.3102  	0.64793  	0.23519  	0.39254  	0.35074  	-0.9893  	-0.2979  	-0.3114  	0.07599  	-0.1306  	-0.2038  	-0.5490  	0.34278  	0.09782  	0.25295  	0.09091  	-0.7307  	-0.2312  	0.25459  	0.37855  	-0.3700  	0.41230  	-0.0140  	0.01019  	-0.0319  	0.03510  	-0.0106  	-0.1636  	-0.0853  	-0.0622  	-0.0001  	0.01151  	0.00708  	-0.0023  	0.01054  	-0.0201  	0.03161  	-0.0113  	-0.0250  	0.01279  	0.01886  	0.00546  	0.19591  	-0.0401  	-0.0029  	-0.0129  	0.02117  	0.32912  	0.47227  	293.370  	223.447  	
0.52550  	0.11085  	0.10616  	-0.1175  	0.71475  	-0.8227  	-0.5505  	0.57979  	-0.0091  	-0.5827  	-0.1258  	0.94535  	0.02574  	-0.0468  	-0.6781  	-0.1047  	0.61914  	-0.6991  	0.77804  	-0.3286  	0.22339  	0.40995  	-0.2601  	0.66637  	0.26089  	0.34362  	0.45317  	-1.1380  	-0.4802  	-0.2833  	0.04030  	-0.0945  	-0.1620  	-0.5051  	0.46559  	0.05038  	0.38497  	0.13537  	-0.7587  	-0.2488  	0.18327  	0.37656  	-0.3307  	0.41561  	-0.0088  	0.00997  	-0.0310  	0.03703  	0.01101  	-0.1508  	-0.1023  	-0.0633  	0.01266  	0.01959  	0.00846  	0.01437  	0.00576  	-0.0174  	0.02545  	-0.0117  	-0.0233  	0.01594  	0.01109  	-0.0056  	0.19591  	-0.0401  	-0.0029  	-0.0129  	0.02117  	0.32912  	0.47227  	293.370  	223.447  	
0.61129  	0.08253  	0.08476  	-0.1285  	0.69696  	-0.8142  	-0.4982  	0.53256  	-0.0066  	-0.5533  	0.02338  	0.94459  	-0.0496  	-0.0342  	-0.8401  	0.04387  	0.53339  	-0.5666  	0.73761  	-0.1035  	0.19788  	0.58075  	-0.1009  	0.69568  	0.36288  	0.25190  	0.47944  	-1.0832  	-0.5760  	-0.2568  	-0.0884  	-0.0582  	-0.1031  	-0.3567  	0.55264  	0.08266  	0.48608  	0.14999  	-0.6552  	-0.2127  	0.09755  	0.28855  	-0.2360  	0.33240  	0.03817  	-0.0039  	-0.0229  	0.03010  	0.02518  	-0.1456  	-0.1055  	-0.0636  	0.01121  	0.00436  	0.00392  	0.01365  	0.01110  	-0.0068  	0.02701  	-0.0216  	-0.0360  	0.01459  	0.03289  	-0.0047  	0.19591  	-0.0401  	-0.0029  	-0.0129  	0.02117  	0.32912  	0.47227  	293.370  	223.447  	
0.64469  	0.07228  	0.09609  	-0.3792  	0.59086  	-0.8224  	-0.3682  	0.55858  	0.07413  	-0.4321  	0.15114  	1.00021  	-0.1491  	0.00784  	-1.1071  	0.20449  	0.40000  	-0.3545  	0.68134  	0.17455  	0.19754  	0.78017  	0.12384  	0.61897  	0.48046  	0.10344  	0.45635  	-0.9513  	-0.5923  	-0.2977  	-0.2443  	0.01121  	0.03261  	-0.2103  	0.55582  	0.08996  	0.61205  	0.17125  	-0.4918  	-0.0698  	0.03890  	0.13094  	-0.1044  	0.29129  	0.10798  	-0.0280  	-0.0140  	0.02478  	0.04515  	-0.1377  	-0.1056  	-0.0698  	0.00561  	-0.0097  	-0.0077  	0.02499  	-0.0042  	0.00864  	0.03107  	-0.0232  	-0.0363  	0.01434  	0.04429  	-0.0035  	0.19591  	-0.0401  	-0.0029  	-0.0129  	0.02117  	0.32912  	0.47227  	293.370  	223.447  	
0.50727  	-0.0105  	0.04047  	-0.1913  	0.70759  	-0.8744  	-0.3767  	0.44055  	0.08296  	-0.3808  	0.03947  	1.01800  	-0.1155  	0.16473  	-1.0209  	0.18055  	0.43013  	-0.3988  	0.66621  	0.32864  	0.00286  	0.81952  	0.02534  	0.62912  	0.53895  	0.13698  	0.40402  	-0.8615  	-0.5138  	-0.2769  	-0.2161  	-0.0241  	0.05432  	-0.2100  	0.57019  	0.14272  	0.50118  	0.08863  	-0.4566  	-0.0178  	0.07429  	0.13098  	-0.1503  	0.29650  	0.13430  	-0.0219  	0.00542  	0.02597  	0.03253  	-0.1322  	-0.0796  	-0.0726  	0.00407  	-0.0119  	-0.0147  	0.01291  	0.01107  	8.91586  	0.03893  	-0.0224  	-0.0315  	0.01051  	0.06759  	-0.0025  	0.19591  	-0.0401  	-0.0029  	-0.0129  	0.02117  	0.32912  	0.47227  	293.370  	223.447  	
-0.1129  	-0.1676  	-0.3867  	-0.0808  	0.77273  	-1.0970  	-0.4247  	0.24176  	-0.1037  	-0.4127  	0.09470  	1.02053  	-0.1338  	-0.0711  	-1.0170  	-0.1739  	0.37009  	-0.3158  	0.58349  	0.35839  	-0.1523  	0.80825  	0.03186  	0.65565  	0.43649  	0.16629  	0.27555  	-0.7527  	-0.4319  	-0.2459  	-0.1663  	-0.0998  	-0.0158  	-0.1896  	0.47381  	0.19954  	0.37182  	0.08933  	-0.4661  	-0.1069  	0.05773  	0.14051  	-0.1944  	0.22326  	0.11521  	-0.0243  	0.00932  	0.00513  	0.00962  	-0.1200  	-0.1063  	-0.0693  	0.00480  	-0.0141  	-0.0199  	-0.0048  	0.02947  	0.00257  	0.03422  	-0.0266  	-0.0306  	-0.0003  	0.03674  	-0.0050  	0.19591  	-0.0401  	-0.0029  	-0.0129  	0.02117  	0.32912  	0.47227  	293.370  	223.447  	
-0.3539  	-0.1881  	-0.4631  	-0.5938  	0.65297  	-1.3163  	-0.4940  	0.22916  	-0.1119  	-0.3418  	0.18549  	0.81383  	-0.1968  	-0.2954  	-1.2388  	-0.3412  	0.39111  	-0.3125  	0.60240  	0.25759  	-0.0676  	0.77018  	0.12243  	0.62367  	0.35073  	0.18454  	0.32133  	-0.7218  	-0.4041  	-0.2672  	-0.1633  	-0.0986  	-0.0372  	-0.1794  	0.45835  	0.18751  	0.39131  	0.06194  	-0.4684  	-0.1047  	0.07934  	0.15042  	-0.1915  	0.22132  	0.11833  	-0.0263  	0.00341  	-0.0307  	0.01027  	-0.1357  	-0.1048  	-0.0731  	0.00357  	-0.0136  	-0.0124  	-0.0047  	0.01793  	0.00596  	0.03707  	-0.0359  	-0.0359  	0.01755  	0.03816  	-0.0051  	0.19591  	-0.0401  	-0.0029  	-0.0129  	0.02117  	0.32912  	0.47227  	293.370  	223.447  	
-0.2844  	-0.1872  	-0.4227  	-0.7275  	0.50523  	-1.3094  	-0.5065  	0.23080  	-0.1163  	-0.3149  	0.12686  	0.70542  	-0.1997  	-0.2887  	-1.3145  	-0.3018  	0.46672  	-0.2961  	0.62144  	0.22716  	-0.1441  	0.78226  	0.17528  	0.58438  	0.43852  	0.19972  	0.31552  	-0.7344  	-0.3976  	-0.2695  	-0.1537  	-0.0783  	-0.0392  	-0.2113  	0.38980  	0.24400  	0.37170  	0.07047  	-0.4432  	-0.0799  	0.08765  	0.15525  	-0.1668  	0.23720  	0.11156  	-0.0261  	0.01055  	-0.0166  	0.01882  	-0.1315  	-0.1082  	-0.0738  	0.00102  	-0.0184  	-0.0028  	-0.0043  	0.02042  	0.01541  	0.03804  	-0.0337  	-0.0333  	0.01458  	0.05091  	0.00161  	0.19591  	-0.0401  	-0.0029  	-0.0129  	0.02117  	0.32912  	0.47227  	293.370  	223.447  	
-0.2453  	-0.1905  	-0.3927  	-0.6575  	0.59687  	-1.2032  	-0.4384  	0.17769  	-0.0865  	-0.3419  	0.01946  	0.72295  	-0.1752  	-0.3150  	-1.2782  	-0.2402  	0.44363  	-0.2952  	0.60824  	0.24946  	-0.2472  	0.77923  	0.16232  	0.57246  	0.43952  	0.21531  	0.24369  	-0.6622  	-0.3311  	-0.2720  	-0.1385  	-0.0854  	-0.0318  	-0.1764  	0.33381  	0.23284  	0.29367  	0.05814  	-0.4287  	-0.0641  	0.13469  	0.14856  	-0.1262  	0.25146  	0.10153  	-0.0372  	0.01298  	-0.0051  	0.02272  	-0.1369  	-0.1126  	-0.0684  	0.00232  	-0.0133  	-0.0041  	-0.0060  	0.01664  	0.00845  	0.02840  	-0.0360  	-0.0307  	0.01521  	0.05062  	0.00350  	0.19591  	-0.0401  	-0.0029  	-0.0129  	0.02117  	0.32912  	0.47227  	293.370  	223.447  	
-0.1672  	-0.1635  	-0.4181  	-0.4958  	0.66712  	-1.1532  	-0.4390  	0.24416  	-0.0515  	-0.3720  	0.01120  	0.79818  	-0.1457  	-0.2336  	-1.1434  	-0.2165  	0.43352  	-0.2904  	0.60978  	0.25771  	-0.2273  	0.79436  	0.14621  	0.60352  	0.41122  	0.20891  	0.24692  	-0.6433  	-0.3170  	-0.2657  	-0.1641  	-0.0843  	-0.0369  	-0.1761  	0.37123  	0.21859  	0.29150  	0.06668  	-0.4395  	-0.0574  	0.12380  	0.14108  	-0.1203  	0.24668  	0.09199  	-0.0389  	0.01376  	-0.0094  	0.03001  	-0.1406  	-0.1011  	-0.0728  	0.00139  	-0.0133  	-0.0008  	-0.0038  	0.01745  	0.00496  	0.03328  	-0.0308  	-0.0324  	0.01305  	0.04920  	0.00412  	0.19591  	-0.0401  	-0.0029  	-0.0129  	0.02117  	0.32912  	0.47227  	293.370  	223.447  	
0.01976  	-0.0776  	-0.3445  	-0.2879  	0.70278  	-1.0736  	-0.4867  	0.34721  	-0.0339  	-0.4429  	-0.0334  	0.93986  	-0.1309  	-0.1821  	-0.9929  	-0.1490  	0.44634  	-0.2962  	0.62822  	0.26656  	-0.1101  	0.76725  	0.15624  	0.59251  	0.37476  	0.20866  	0.24682  	-0.6149  	-0.3100  	-0.2418  	-0.1733  	-0.0916  	-0.0252  	-0.1756  	0.39284  	0.19402  	0.30073  	0.04499  	-0.4408  	-0.0562  	0.12111  	0.11375  	-0.1220  	0.24140  	0.10044  	-0.0335  	0.01439  	-0.0126  	0.03061  	-0.1390  	-0.0929  	-0.0748  	0.00354  	-0.0136  	-0.0025  	0.00350  	0.02073  	-0.0008  	0.03684  	-0.0253  	-0.0397  	0.00899  	0.03382  	-0.0017  	0.19591  	-0.0401  	-0.0029  	-0.0129  	0.02117  	0.32912  	0.47227  	293.370  	223.447  	
0.14996  	-0.0573  	-0.2401  	-0.1836  	0.76629  	-0.9769  	-0.4950  	0.33264  	-0.0415  	-0.4919  	-0.1559  	0.98560  	-0.1103  	-0.1114  	-0.9012  	-0.1126  	0.45407  	-0.2753  	0.65118  	0.21368  	-0.0961  	0.79095  	0.16361  	0.56738  	0.39919  	0.20194  	0.27408  	-0.6767  	-0.3532  	-0.2338  	-0.1768  	-0.0995  	-0.0115  	-0.1770  	0.42312  	0.16302  	0.33019  	0.07940  	-0.4363  	-0.0561  	0.13724  	0.13505  	-0.1212  	0.24969  	0.10213  	-0.0280  	0.00912  	0.00435  	0.02339  	-0.1443  	-0.0988  	-0.0745  	-0.0008  	-0.0218  	-0.0038  	0.01410  	0.01825  	0.00549  	0.03292  	-0.0347  	-0.0365  	0.00760  	0.04262  	-0.0016  	0.19591  	-0.0401  	-0.0029  	-0.0129  	0.02117  	0.32912  	0.47227  	293.370  	223.447  	
0.16691  	-0.0457  	-0.2265  	-0.0869  	0.78926  	-0.9144  	-0.4876  	0.32396  	-0.0416  	-0.5047  	-0.2446  	0.93929  	-0.1071  	-0.1034  	-0.8345  	-0.1458  	0.45839  	-0.2865  	0.61445  	0.21080  	-0.1434  	0.81284  	0.14576  	0.53622  	0.40624  	0.20675  	0.25749  	-0.6556  	-0.3376  	-0.2246  	-0.1845  	-0.0785  	-0.0149  	-0.1814  	0.40882  	0.16914  	0.32567  	0.07643  	-0.4257  	-0.0631  	0.12799  	0.12270  	-0.1226  	0.25881  	0.09721  	-0.0289  	0.01754  	0.00980  	0.02432  	-0.1459  	-0.1005  	-0.0684  	0.00558  	-0.0255  	-0.0024  	-0.0008  	0.01984  	0.01551  	0.03176  	-0.0366  	-0.0350  	0.00192  	0.04475  	-0.0006  	0.19591  	-0.0401  	-0.0029  	-0.0129  	0.02117  	0.32912  	0.47227  	293.370  	223.447  	
0.19011  	-0.0279  	-0.2263  	-0.0612  	0.77735  	-0.8693  	-0.5105  	0.32957  	-0.0422  	-0.5313  	-0.2749  	0.89532  	-0.0985  	-0.1334  	-0.8070  	-0.1673  	0.45650  	-0.3085  	0.59499  	0.23489  	-0.1312  	0.80810  	0.14469  	0.54331  	0.41903  	0.19981  	0.26664  	-0.6640  	-0.3467  	-0.2387  	-0.1773  	-0.0674  	-0.0189  	-0.1628  	0.42592  	0.15114  	0.34280  	0.08593  	-0.4372  	-0.0482  	0.12372  	0.11753  	-0.1167  	0.26641  	0.09521  	-0.0358  	0.01945  	0.00097  	0.02352  	-0.1373  	-0.1053  	-0.0679  	0.00640  	-0.0196  	0.00137  	0.00092  	0.01598  	0.01098  	0.02911  	-0.0349  	-0.0345  	0.01123  	0.04045  	0.00068  	0.19591  	-0.0401  	-0.0029  	-0.0129  	0.02117  	0.32912  	0.47227  	293.370  	223.447  	
0.30570  	0.00852  	-0.1607  	-0.0267  	0.75981  	-0.8249  	-0.5065  	0.35443  	-0.0429  	-0.5663  	-0.2418  	0.88360  	-0.0936  	-0.0758  	-0.7266  	-0.1526  	0.46327  	-0.3555  	0.58841  	0.21130  	-0.0421  	0.80024  	0.15452  	0.59138  	0.42526  	0.18517  	0.33625  	-0.7396  	-0.4391  	-0.2404  	-0.1881  	-0.0483  	-0.0163  	-0.1787  	0.49087  	0.12332  	0.42091  	0.10122  	-0.4624  	-0.0646  	0.08521  	0.12888  	-0.1222  	0.25869  	0.09237  	-0.0305  	0.01573  	0.00771  	0.02202  	-0.1309  	-0.1031  	-0.0693  	0.00906  	-0.0125  	0.00307  	0.00618  	0.01545  	0.00676  	0.03196  	-0.0315  	-0.0378  	0.01912  	0.04130  	0.00260  	0.19591  	-0.0401  	-0.0029  	-0.0129  	0.02117  	0.32912  	0.47227  	293.370  	223.447  	
0.38730  	0.03061  	-0.0867  	-0.1006  	0.71022  	-0.8174  	-0.4957  	0.39398  	-0.0200  	-0.5794  	-0.1247  	0.83091  	-0.1161  	-0.0260  	-0.7439  	-0.1018  	0.46538  	-0.3953  	0.60529  	0.13800  	0.09242  	0.81702  	0.16281  	0.63592  	0.41363  	0.15111  	0.43571  	-0.8879  	-0.5507  	-0.2470  	-0.1935  	-0.0129  	-0.0171  	-0.1886  	0.56404  	0.10106  	0.53753  	0.14054  	-0.5267  	-0.1043  	0.06892  	0.13464  	-0.1403  	0.25334  	0.09853  	-0.0269  	0.01345  	-0.0039  	0.01732  	-0.1289  	-0.1094  	-0.0671  	0.01069  	-0.0121  	-0.0018  	0.01385  	0.01318  	0.00755  	0.03224  	-0.0315  	-0.0315  	0.01920  	0.04187  	-0.0022  	0.19591  	-0.0401  	-0.0029  	-0.0129  	0.02117  	0.32912  	0.47227  	293.370  	223.447  	
0.50051  	0.07324  	-0.0236  	-0.0752  	0.69649  	-0.7639  	-0.4796  	0.45960  	0.02960  	-0.6019  	-0.0694  	0.84983  	-0.0939  	0.05661  	-0.7378  	-0.0416  	0.44344  	-0.4146  	0.59841  	0.11222  	0.15921  	0.81912  	0.18581  	0.65664  	0.38083  	0.14666  	0.46044  	-0.9637  	-0.6264  	-0.2617  	-0.1942  	-0.0005  	0.00280  	-0.1957  	0.61473  	0.06988  	0.58288  	0.16431  	-0.5562  	-0.1266  	0.05479  	0.13196  	-0.1349  	0.24662  	0.09590  	-0.0277  	0.00921  	-0.0009  	0.02590  	-0.1259  	-0.1111  	-0.0689  	0.00884  	-0.0097  	-0.0026  	0.01834  	0.01121  	0.00702  	0.03013  	-0.0299  	-0.0315  	0.02077  	0.03895  	-0.0012  	0.19591  	-0.0401  	-0.0029  	-0.0129  	0.02117  	0.32912  	0.47227  	293.370  	223.447  	
0.52909  	0.07761  	-0.0101  	-0.0677  	0.67869  	-0.7426  	-0.4634  	0.48367  	0.04864  	-0.6186  	-0.0585  	0.85644  	-0.0974  	0.07643  	-0.7031  	-0.0301  	0.46053  	-0.4310  	0.60915  	0.09627  	0.18690  	0.83008  	0.21619  	0.68071  	0.38168  	0.15016  	0.48616  	-0.9956  	-0.6611  	-0.2682  	-0.1991  	0.00382  	0.00420  	-0.2050  	0.62244  	0.05353  	0.60165  	0.17040  	-0.5682  	-0.1365  	0.03866  	0.13200  	-0.1361  	0.25018  	0.09759  	-0.0272  	0.00797  	0.00031  	0.02643  	-0.1267  	-0.1146  	-0.0684  	0.00734  	-0.0104  	-0.0042  	0.01660  	0.00922  	0.00910  	0.02889  	-0.0305  	-0.0311  	0.02177  	0.03937  	-0.0019  	0.19591  	-0.0401  	-0.0029  	-0.0129  	0.02117  	0.32912  	0.47227  	293.370  	223.447  	
0.56021  	0.07378  	0.00331  	-0.0797  	0.66674  	-0.7166  	-0.4505  	0.50584  	0.05863  	-0.6208  	-0.0296  	0.86825  	-0.0844  	0.09603  	-0.7048  	-0.0006  	0.47372  	-0.4484  	0.61160  	0.07002  	0.18712  	0.83485  	0.24010  	0.72437  	0.38250  	0.15011  	0.51655  	-1.0320  	-0.6957  	-0.2549  	-0.1941  	0.01211  	0.00471  	-0.2004  	0.63722  	0.04709  	0.61942  	0.17881  	-0.5672  	-0.1437  	0.01994  	0.14022  	-0.1362  	0.24601  	0.09455  	-0.0280  	0.00523  	0.00377  	0.03084  	-0.1340  	-0.1166  	-0.0645  	0.00873  	-0.0071  	-0.0039  	0.01571  	0.00610  	0.00978  	0.02763  	-0.0275  	-0.0302  	0.02024  	0.04591  	0.00058  	0.19591  	-0.0401  	-0.0029  	-0.0129  	0.02117  	0.32912  	0.47227  	293.370  	223.447  	
0.56021  	0.07378  	0.00331  	-0.0797  	0.66674  	-0.7166  	-0.4505  	0.50584  	0.05863  	-0.6208  	-0.0296  	0.86825  	-0.0844  	0.09603  	-0.7048  	-0.0006  	0.47372  	-0.4484  	0.61160  	0.07002  	0.18712  	0.83485  	0.24010  	0.72437  	0.38250  	0.15011  	0.51655  	-1.0320  	-0.6957  	-0.2549  	-0.1941  	0.01211  	0.00471  	-0.2004  	0.63722  	0.04709  	0.61942  	0.17881  	-0.5672  	-0.1437  	0.01994  	0.14022  	-0.1362  	0.24601  	0.09455  	-0.0280  	0.00523  	0.00377  	0.03084  	-0.1340  	-0.1166  	-0.0645  	0.00873  	-0.0071  	-0.0039  	0.01571  	0.00610  	0.00978  	0.02763  	-0.0275  	-0.0302  	0.02024  	0.04591  	0.00058  	0.19591  	-0.0401  	-0.0029  	-0.0129  	0.02117  	0.32912  	0.47227  	293.370  	223.447  	
0.56021  	0.07378  	0.00331  	-0.0797  	0.66674  	-0.7166  	-0.4505  	0.50584  	0.05863  	-0.6208  	-0.0296  	0.86825  	-0.0844  	0.09603  	-0.7048  	-0.0006  	0.47372  	-0.4484  	0.61160  	0.07002  	0.18712  	0.83485  	0.24010  	0.72437  	0.38250  	0.15011  	0.51655  	-1.0320  	-0.6957  	-0.2549  	-0.1941  	0.01211  	0.00471  	-0.2004  	0.63722  	0.04709  	0.61942  	0.17881  	-0.5672  	-0.1437  	0.01994  	0.14022  	-0.1362  	0.24601  	0.09455  	-0.0280  	0.00523  	0.00377  	0.03084  	-0.1340  	-0.1166  	-0.0645  	0.00873  	-0.0071  	-0.0039  	0.01571  	0.00610  	0.00978  	0.02763  	-0.0275  	-0.0302  	0.02024  	0.04591  	0.00058  	0.19591  	-0.0401  	-0.0029  	-0.0129  	0.02117  	0.32912  	0.47227  	293.370  	223.447  	
0.56307  	0.08966  	0.04403  	-0.0582  	0.67479  	-0.7445  	-0.4852  	0.56615  	0.03770  	-0.6473  	-0.0133  	0.88598  	-0.0354  	0.04371  	-0.6443  	-0.0615  	0.56729  	-0.6162  	0.68433  	-0.1958  	0.25956  	0.60553  	-0.0147  	0.72697  	0.31337  	0.25200  	0.51326  	-1.1261  	-0.6148  	-0.2754  	-0.0762  	-0.0371  	-0.0905  	-0.3656  	0.57188  	0.01851  	0.53147  	0.17692  	-0.6844  	-0.2284  	0.09574  	0.27265  	-0.2545  	0.32550  	0.03508  	-0.0075  	-0.0188  	0.02275  	0.01516  	-0.1461  	-0.1104  	-0.0596  	0.01005  	0.00971  	0.00229  	0.01428  	0.00354  	-0.0016  	0.02827  	-0.0187  	-0.0255  	0.01702  	0.02955  	0.00111  	0.19591  	-0.0401  	-0.0029  	-0.0129  	0.02117  	0.32912  	0.47227  	293.370  	223.447  	
0.56536  	0.10236  	0.07661  	-0.0410  	0.68123  	-0.7668  	-0.5129  	0.61440  	0.02097  	-0.6686  	-0.0003  	0.90017  	0.00382  	0.00185  	-0.5959  	-0.1103  	0.64214  	-0.7504  	0.74252  	-0.4085  	0.31751  	0.42208  	-0.2186  	0.72905  	0.25807  	0.33350  	0.51062  	-1.2014  	-0.5501  	-0.2918  	0.01807  	-0.0766  	-0.1667  	-0.4978  	0.51961  	-0.0043  	0.46112  	0.17540  	-0.7781  	-0.2961  	0.15637  	0.37860  	-0.3491  	0.38910  	-0.0124  	0.00891  	-0.0381  	0.03794  	0.00262  	-0.1557  	-0.1054  	-0.0557  	0.01110  	0.02318  	0.00730  	0.01315  	0.00150  	-0.0107  	0.02878  	-0.0116  	-0.0217  	0.01444  	0.01646  	0.00153  	0.19591  	-0.0401  	-0.0029  	-0.0129  	0.02117  	0.32912  	0.47227  	293.370  	223.447  	
0.56593  	0.10553  	0.08475  	-0.0367  	0.68284  	-0.7724  	-0.5198  	0.62646  	0.01678  	-0.6739  	0.00294  	0.90372  	0.01363  	-0.0086  	-0.5838  	-0.1225  	0.66085  	-0.7840  	0.75706  	-0.4617  	0.33200  	0.37622  	-0.2696  	0.72957  	0.24424  	0.35388  	0.50996  	-1.2202  	-0.5339  	-0.2958  	0.04165  	-0.0864  	-0.1857  	-0.5308  	0.50655  	-0.0100  	0.44353  	0.17503  	-0.8016  	-0.3130  	0.17153  	0.40509  	-0.3727  	0.40499  	-0.0243  	0.01302  	-0.0429  	0.04174  	-0.0005  	-0.1581  	-0.1042  	-0.0547  	0.01137  	0.02655  	0.00856  	0.01286  	0.00098  	-0.0130  	0.02890  	-0.0099  	-0.0208  	0.01379  	0.01319  	0.00164  	0.19591  	-0.0401  	-0.0029  	-0.0129  	0.02117  	0.32912  	0.47227  	293.370  	223.447  	
0.56536  	0.10236  	0.07661  	-0.0410  	0.68123  	-0.7668  	-0.5129  	0.61440  	0.02097  	-0.6686  	-0.0003  	0.90017  	0.00382  	0.00185  	-0.5959  	-0.1103  	0.64214  	-0.7504  	0.74252  	-0.4085  	0.31751  	0.42208  	-0.2186  	0.72905  	0.25807  	0.33350  	0.51062  	-1.2014  	-0.5501  	-0.2918  	0.01807  	-0.0766  	-0.1667  	-0.4978  	0.51961  	-0.0043  	0.46112  	0.17540  	-0.7781  	-0.2961  	0.15637  	0.37860  	-0.3491  	0.38910  	-0.0124  	0.00891  	-0.0381  	0.03794  	0.00262  	-0.1557  	-0.1054  	-0.0557  	0.01110  	0.02318  	0.00730  	0.01315  	0.00150  	-0.0107  	0.02878  	-0.0116  	-0.0217  	0.01444  	0.01646  	0.00153  	0.19591  	-0.0401  	-0.0029  	-0.0129  	0.02117  	0.32912  	0.47227  	293.370  	223.447  	
0.56307  	0.08966  	0.04403  	-0.0582  	0.67479  	-0.7445  	-0.4852  	0.56615  	0.03770  	-0.6473  	-0.0133  	0.88598  	-0.0354  	0.04371  	-0.6443  	-0.0615  	0.56729  	-0.6162  	0.68433  	-0.1958  	0.25956  	0.60553  	-0.0147  	0.72697  	0.31337  	0.25200  	0.51326  	-1.1261  	-0.6148  	-0.2754  	-0.0762  	-0.0371  	-0.0905  	-0.3656  	0.57188  	0.01851  	0.53147  	0.17692  	-0.6844  	-0.2284  	0.09574  	0.27265  	-0.2545  	0.32550  	0.03508  	-0.0075  	-0.0188  	0.02275  	0.01516  	-0.1461  	-0.1104  	-0.0596  	0.01005  	0.00971  	0.00229  	0.01428  	0.00354  	-0.0016  	0.02827  	-0.0187  	-0.0255  	0.01702  	0.02955  	0.00111  	0.19591  	-0.0401  	-0.0029  	-0.0129  	0.02117  	0.32912  	0.47227  	293.370  	223.447  	
0.56021  	0.07378  	0.00331  	-0.0797  	0.66674  	-0.7166  	-0.4505  	0.50584  	0.05863  	-0.6208  	-0.0296  	0.86825  	-0.0844  	0.09603  	-0.7048  	-0.0006  	0.47372  	-0.4484  	0.61160  	0.07002  	0.18712  	0.83485  	0.24010  	0.72437  	0.38250  	0.15011  	0.51655  	-1.0320  	-0.6957  	-0.2549  	-0.1941  	0.01211  	0.00471  	-0.2004  	0.63722  	0.04709  	0.61942  	0.17881  	-0.5672  	-0.1437  	0.01994  	0.14022  	-0.1362  	0.24601  	0.09455  	-0.0280  	0.00523  	0.00377  	0.03084  	-0.1340  	-0.1166  	-0.0645  	0.00873  	-0.0071  	-0.0039  	0.01571  	0.00610  	0.00978  	0.02763  	-0.0275  	-0.0302  	0.02024  	0.04591  	0.00058  	0.19591  	-0.0401  	-0.0029  	-0.0129  	0.02117  	0.32912  	0.47227  	293.370  	223.447  	
0.56021  	0.07378  	0.00331  	-0.0797  	0.66674  	-0.7166  	-0.4505  	0.50584  	0.05863  	-0.6208  	-0.0296  	0.86825  	-0.0844  	0.09603  	-0.7048  	-0.0006  	0.47372  	-0.4484  	0.61160  	0.07002  	0.18712  	0.83485  	0.24010  	0.72437  	0.38250  	0.15011  	0.51655  	-1.0320  	-0.6957  	-0.2549  	-0.1941  	0.01211  	0.00471  	-0.2004  	0.63722  	0.04709  	0.61942  	0.17881  	-0.5672  	-0.1437  	0.01994  	0.14022  	-0.1362  	0.24601  	0.09455  	-0.0280  	0.00523  	0.00377  	0.03084  	-0.1340  	-0.1166  	-0.0645  	0.00873  	-0.0071  	-0.0039  	0.01571  	0.00610  	0.00978  	0.02763  	-0.0275  	-0.0302  	0.02024  	0.04591  	0.00058  	0.19591  	-0.0401  	-0.0029  	-0.0129  	0.02117  	0.32912  	0.47227  	293.370  	223.447  	
0.56021  	0.07378  	0.00331  	-0.0797  	0.66674  	-0.7166  	-0.4505  	0.50584  	0.05863  	-0.6208  	-0.0296  	0.86825  	-0.0844  	0.09603  	-0.7048  	-0.0006  	0.47372  	-0.4484  	0.61160  	0.07002  	0.18712  	0.83485  	0.24010  	0.72437  	0.38250  	0.15011  	0.51655  	-1.0320  	-0.6957  	-0.2549  	-0.1941  	0.01211  	0.00471  	-0.2004  	0.63722  	0.04709  	0.61942  	0.17881  	-0.5672  	-0.1437  	0.01994  	0.14022  	-0.1362  	0.24601  	0.09455  	-0.0280  	0.00523  	0.00377  	0.03084  	-0.1340  	-0.1166  	-0.0645  	0.00873  	-0.0071  	-0.0039  	0.01571  	0.00610  	0.00978  	0.02763  	-0.0275  	-0.0302  	0.02024  	0.04591  	0.00058  	0.19591  	-0.0401  	-0.0029  	-0.0129  	0.02117  	0.32912  	0.47227  	293.370  	223.447  	
0.56021  	0.07378  	0.00331  	-0.0797  	0.66674  	-0.7166  	-0.4505  	0.50584  	0.05863  	-0.6208  	-0.0296  	0.86825  	-0.0844  	0.09603  	-0.7048  	-0.0006  	0.47372  	-0.4484  	0.61160  	0.07002  	0.18712  	0.83485  	0.24010  	0.72437  	0.38250  	0.15011  	0.51655  	-1.0320  	-0.6957  	-0.2549  	-0.1941  	0.01211  	0.00471  	-0.2004  	0.63722  	0.04709  	0.61942  	0.17881  	-0.5672  	-0.1437  	0.01994  	0.14022  	-0.1362  	0.24601  	0.09455  	-0.0280  	0.00523  	0.00377  	0.03084  	-0.1340  	-0.1166  	-0.0645  	0.00873  	-0.0071  	-0.0039  	0.01571  	0.00610  	0.00978  	0.02763  	-0.0275  	-0.0302  	0.02024  	0.04591  	0.00058  	0.19591  	-0.0401  	-0.0029  	-0.0129  	0.02117  	0.32912  	0.47227  	293.370  	223.447  	
0.56021  	0.07378  	0.00331  	-0.0797  	0.66674  	-0.7166  	-0.4505  	0.50584  	0.05863  	-0.6208  	-0.0296  	0.86825  	-0.0844  	0.09603  	-0.7048  	-0.0006  	0.47372  	-0.4484  	0.61160  	0.07002  	0.18712  	0.83485  	0.24010  	0.72437  	0.38250  	0.15011  	0.51655  	-1.0320  	-0.6957  	-0.2549  	-0.1941  	0.01211  	0.00471  	-0.2004  	0.63722  	0.04709  	0.61942  	0.17881  	-0.5672  	-0.1437  	0.01994  	0.14022  	-0.1362  	0.24601  	0.09455  	-0.0280  	0.00523  	0.00377  	0.03084  	-0.1340  	-0.1166  	-0.0645  	0.00873  	-0.0071  	-0.0039  	0.01571  	0.00610  	0.00978  	0.02763  	-0.0275  	-0.0302  	0.02024  	0.04591  	0.00058  	0.19591  	-0.0401  	-0.0029  	-0.0129  	0.02117  	0.32912  	0.47227  	293.370  	223.447  	
0.56022  	0.07379  	0.00331  	-0.0797  	0.66673  	-0.7167  	-0.4505  	0.50583  	0.05862  	-0.6208  	-0.0296  	0.86825  	-0.0844  	0.09605  	-0.7048  	-0.0006  	0.47371  	-0.4484  	0.61160  	0.07001  	0.18713  	0.83485  	0.24010  	0.72438  	0.38251  	0.15011  	0.51656  	-1.0320  	-0.6957  	-0.2549  	-0.1941  	0.01211  	0.00471  	-0.2004  	0.63723  	0.04709  	0.61942  	0.17881  	-0.5672  	-0.1437  	0.01994  	0.14023  	-0.1362  	0.24601  	0.09455  	-0.0280  	0.00523  	0.00377  	0.03084  	-0.1340  	-0.1166  	-0.0645  	0.00873  	-0.0071  	-0.0039  	0.01571  	0.00610  	0.00978  	0.02763  	-0.0275  	-0.0302  	0.02024  	0.04591  	0.00058  	0.19591  	-0.0401  	-0.0029  	-0.0129  	0.02117  	0.32912  	0.47227  	293.370  	223.447  	
0.56022  	0.07379  	0.00331  	-0.0797  	0.66673  	-0.7167  	-0.4505  	0.50583  	0.05862  	-0.6208  	-0.0296  	0.86825  	-0.0844  	0.09605  	-0.7048  	-0.0006  	0.47371  	-0.4484  	0.61160  	0.07001  	0.18713  	0.83485  	0.24010  	0.72438  	0.38251  	0.15011  	0.51656  	-1.0320  	-0.6957  	-0.2549  	-0.1941  	0.01211  	0.00471  	-0.2004  	0.63723  	0.04709  	0.61942  	0.17881  	-0.5672  	-0.1437  	0.01994  	0.14023  	-0.1362  	0.24601  	0.09455  	-0.0280  	0.00523  	0.00377  	0.03084  	-0.1340  	-0.1166  	-0.0645  	0.00873  	-0.0071  	-0.0039  	0.01571  	0.00610  	0.00978  	0.02763  	-0.0275  	-0.0302  	0.02024  	0.04591  	0.00058  	0.19591  	-0.0401  	-0.0029  	-0.0129  	0.02117  	0.32912  	0.47227  	293.370  	223.447  	
0.56022  	0.07379  	0.00331  	-0.0797  	0.66673  	-0.7167  	-0.4505  	0.50583  	0.05862  	-0.6208  	-0.0296  	0.86825  	-0.0844  	0.09605  	-0.7048  	-0.0006  	0.47371  	-0.4484  	0.61160  	0.07001  	0.18713  	0.83485  	0.24010  	0.72438  	0.38251  	0.15011  	0.51656  	-1.0320  	-0.6957  	-0.2549  	-0.1941  	0.01211  	0.00471  	-0.2004  	0.63723  	0.04709  	0.61942  	0.17881  	-0.5672  	-0.1437  	0.01994  	0.14023  	-0.1362  	0.24601  	0.09455  	-0.0280  	0.00523  	0.00377  	0.03084  	-0.1340  	-0.1166  	-0.0645  	0.00873  	-0.0071  	-0.0039  	0.01571  	0.00610  	0.00978  	0.02763  	-0.0275  	-0.0302  	0.02024  	0.04591  	0.00058  	0.19591  	-0.0401  	-0.0029  	-0.0129  	0.02117  	0.32912  	0.47227  	293.370  	223.447  	
0.56022  	0.07379  	0.00331  	-0.0797  	0.66673  	-0.7167  	-0.4505  	0.50583  	0.05862  	-0.6208  	-0.0296  	0.86825  	-0.0844  	0.09605  	-0.7048  	-0.0006  	0.47371  	-0.4484  	0.61160  	0.07001  	0.18713  	0.83485  	0.24010  	0.72438  	0.38251  	0.15011  	0.51656  	-1.0320  	-0.6957  	-0.2549  	-0.1941  	0.01211  	0.00471  	-0.2004  	0.63723  	0.04709  	0.61942  	0.17881  	-0.5672  	-0.1437  	0.01994  	0.14023  	-0.1362  	0.24601  	0.09455  	-0.0280  	0.00523  	0.00377  	0.03084  	-0.1340  	-0.1166  	-0.0645  	0.00873  	-0.0071  	-0.0039  	0.01571  	0.00610  	0.00978  	0.02763  	-0.0275  	-0.0302  	0.02024  	0.04591  	0.00058  	0.19591  	-0.0401  	-0.0029  	-0.0129  	0.02117  	0.32912  	0.47227  	293.370  	223.447  	
0.56022  	0.07379  	0.00331  	-0.0797  	0.66673  	-0.7167  	-0.4505  	0.50583  	0.05862  	-0.6208  	-0.0296  	0.86825  	-0.0844  	0.09605  	-0.7048  	-0.0006  	0.47371  	-0.4484  	0.61160  	0.07001  	0.18713  	0.83485  	0.24010  	0.72438  	0.38251  	0.15011  	0.51656  	-1.0320  	-0.6957  	-0.2549  	-0.1941  	0.01211  	0.00471  	-0.2004  	0.63723  	0.04709  	0.61942  	0.17881  	-0.5672  	-0.1437  	0.01994  	0.14023  	-0.1362  	0.24601  	0.09455  	-0.0280  	0.00523  	0.00377  	0.03084  	-0.1340  	-0.1166  	-0.0645  	0.00873  	-0.0071  	-0.0039  	0.01571  	0.00610  	0.00978  	0.02763  	-0.0275  	-0.0302  	0.02024  	0.04591  	0.00058  	0.19591  	-0.0401  	-0.0029  	-0.0129  	0.02117  	0.32912  	0.47227  	293.370  	223.447  	
